TRK,2282278,0.53600,-0.81405,0.16840,-0.14720,-0.0177,-0.0048,-0.0046,0.000,0.000,0.000,1,450
STAT,404.0,401.0,2,4,0,0.0381,0.317,0.1076,0.1066,-0.0663,9.8222,0.63,0.004
TRK,2282300,0.53605,-0.81402,0.16844,-0.14713,-0.0177,-0.0048,-0.0046,0.000,0.000,0.000,1,450
TRK,2282318,0.53605,-0.81403,0.16853,-0.14700,-0.0177,-0.0048,-0.0046,0.000,0.000,0.000,1,450
TRK,2282340,0.53605,-0.81403,0.16860,-0.14690,-0.0177,-0.0048,-0.0046,0.000,0.000,0.000,1,450
TRK,2282359,0.53609,-0.81401,0.16860,-0.14689,-0.0177,-0.0048,-0.0046,0.000,0.000,0.000,1,450
TRK,2282377,0.53609,-0.81400,0.16854,-0.14698,-0.0177,-0.0048,-0.0046,0.000,0.000,0.000,1,450
TRK,2282399,0.53598,-0.81407,0.16849,-0.14705,-0.0177,-0.0048,-0.0046,0.000,0.000,0.000,1,450
TRK,2282418,0.53599,-0.81407,0.16849,-0.14706,-0.0177,-0.0048,-0.0046,0.000,0.000,0.000,1,450
TRK,2282437,0.53600,-0.81406,0.16852,-0.14701,-0.0177,-0.0048,-0.0046,0.000,0.000,0.000,1,450
TRK,2282458,0.53599,-0.81407,0.16861,-0.14687,-0.0177,-0.0048,-0.0046,0.000,0.000,0.000,1,450
TRK,2282479,0.53589,-0.81415,0.16872,-0.14670,-0.0177,-0.0048,-0.0046,0.000,0.000,0.000,1,450
TRK,2282500,0.53593,-0.81412,0.16872,-0.14670,-0.0177,-0.0048,-0.0046,0.000,0.000,0.000,1,450
TRK,2282518,0.53600,-0.81407,0.16867,-0.14679,-0.0177,-0.0048,-0.0046,0.000,0.000,0.000,1,450
TRK,2282539,0.53590,-0.81413,0.16856,-0.14695,-0.0177,-0.0048,-0.0046,0.000,0.000,0.000,1,450
TRK,2282559,0.53583,-0.81417,0.16848,-0.14706,-0.0177,-0.0048,-0.0046,0.000,0.000,0.000,1,450
TRK,2282580,0.53594,-0.81409,0.16845,-0.14711,-0.0177,-0.0048,-0.0046,0.000,0.000,0.000,1,450
TRK,2282599,0.53600,-0.81406,0.16850,-0.14704,-0.0177,-0.0048,-0.0046,0.000,0.000,0.000,1,450
TRK,2282620,0.53587,-0.81415,0.16859,-0.14690,-0.0177,-0.0048,-0.0046,0.000,0.000,0.000,1,450
TRK,2282639,0.53588,-0.81415,0.16863,-0.14684,-0.0177,-0.0048,-0.0046,0.000,0.000,0.000,1,450
TRK,2282658,0.53602,-0.81405,0.16861,-0.14687,-0.0177,-0.0048,-0.0046,0.000,0.000,0.000,1,450
TRK,2282678,0.53601,-0.81406,0.16856,-0.14695,-0.0177,-0.0048,-0.0046,0.000,0.000,0.000,1,450
TRK,2282699,0.53589,-0.81413,0.16849,-0.14704,-0.0177,-0.0048,-0.0046,0.000,0.000,0.000,1,450
TRK,2282719,0.53597,-0.81408,0.16845,-0.14711,-0.0177,-0.0048,-0.0046,0.000,0.000,0.000,1,450
TRK,2282738,0.53607,-0.81400,0.16843,-0.14714,-0.0177,-0.0048,-0.0046,0.000,0.000,0.000,1,450
TRK,2282757,0.53601,-0.81405,0.16848,-0.14707,-0.0177,-0.0048,-0.0046,0.000,0.000,0.000,1,450
TRK,2282780,0.53585,-0.81416,0.16857,-0.14693,-0.0177,-0.0048,-0.0046,0.000,0.000,0.000,1,450
TRK,2282799,0.53596,-0.81409,0.16860,-0.14689,-0.0177,-0.0048,-0.0046,0.000,0.000,0.000,1,450
TRK,2282817,0.53606,-0.81403,0.16858,-0.14692,-0.0177,-0.0048,-0.0046,0.000,0.000,0.000,1,450
TRK,2282839,0.53599,-0.81407,0.16853,-0.14700,-0.0177,-0.0048,-0.0046,0.000,0.000,0.000,1,450
TRK,2282860,0.53596,-0.81408,0.16846,-0.14710,-0.0177,-0.0048,-0.0046,0.000,0.000,0.000,1,450
TRK,2282879,0.53607,-0.81400,0.16842,-0.14717,-0.0177,-0.0048,-0.0046,0.000,0.000,0.000,1,450
TRK,2282897,0.53614,-0.81396,0.16844,-0.14714,-0.0177,-0.0048,-0.0046,0.000,0.000,0.000,1,450
TRK,2282918,0.53604,-0.81403,0.16854,-0.14698,-0.0177,-0.0048,-0.0046,0.000,0.000,0.000,1,450
TRK,2282939,0.53604,-0.81404,0.16864,-0.14683,-0.0177,-0.0048,-0.0046,0.000,0.000,0.000,1,450
TRK,2282958,0.53614,-0.81398,0.16868,-0.14678,-0.0177,-0.0048,-0.0046,0.000,0.000,0.000,1,450
TRK,2282980,0.53614,-0.81397,0.16866,-0.14681,-0.0177,-0.0048,-0.0046,0.000,0.000,0.000,1,450
TRK,2282998,0.53610,-0.81400,0.16861,-0.14688,-0.0177,-0.0048,-0.0046,0.000,0.000,0.000,1,450
TRK,2283020,0.53611,-0.81399,0.16851,-0.14703,-0.0177,-0.0048,-0.0046,0.000,0.000,0.000,1,450
TRK,2283039,0.53614,-0.81397,0.16850,-0.14705,-0.0177,-0.0048,-0.0046,0.000,0.000,0.000,1,450
TRK,2283057,0.53608,-0.81400,0.16852,-0.14702,-0.0177,-0.0048,-0.0046,0.000,0.000,0.000,1,450
TRK,2283079,0.53607,-0.81402,0.16859,-0.14692,-0.0177,-0.0048,-0.0046,0.000,0.000,0.000,1,450
TRK,2283100,0.53610,-0.81400,0.16864,-0.14684,-0.0177,-0.0048,-0.0046,0.000,0.000,0.000,1,450
TRK,2283119,0.53610,-0.81400,0.16867,-0.14679,-0.0177,-0.0048,-0.0046,0.000,0.000,0.000,1,450
TRK,2283137,0.53605,-0.81403,0.16864,-0.14684,-0.0177,-0.0048,-0.0046,0.000,0.000,0.000,1,450
TRK,2283159,0.53611,-0.81399,0.16861,-0.14688,-0.0177,-0.0048,-0.0046,0.000,0.000,0.000,1,450
TRK,2283178,0.53619,-0.81394,0.16861,-0.14689,-0.0177,-0.0048,-0.0046,0.000,0.000,0.000,1,450
TRK,2283200,0.53616,-0.81396,0.16863,-0.14686,-0.0177,-0.0048,-0.0046,0.000,0.000,0.000,1,450
TRK,2283218,0.53620,-0.81393,0.16869,-0.14678,-0.0177,-0.0048,-0.0046,0.000,0.000,0.000,1,450
TRK,2283240,0.53625,-0.81390,0.16875,-0.14669,-0.0177,-0.0048,-0.0046,0.000,0.000,0.000,1,450
TRK,2283260,0.53625,-0.81391,0.16875,-0.14668,-0.0177,-0.0048,-0.0046,0.000,0.000,0.000,1,450
TRK,2283279,0.53619,-0.81395,0.16872,-0.14673,-0.0177,-0.0048,-0.0046,0.000,0.000,0.000,1,450
STAT,404.0,401.0,2,4,0,0.0341,0.384,0.0995,0.0998,-0.0694,9.8195,0.63,0.004
TRK,2283299,0.53619,-0.81394,0.16866,-0.14681,-0.0177,-0.0048,-0.0046,0.000,0.000,0.000,1,450
TRK,2283317,0.53614,-0.81397,0.16860,-0.14690,-0.0177,-0.0048,-0.0046,0.000,0.000,0.000,1,450
TRK,2283339,0.53607,-0.81401,0.16855,-0.14698,-0.0177,-0.0048,-0.0046,0.000,0.000,0.000,1,450
TRK,2283357,0.53602,-0.81405,0.16857,-0.14694,-0.0177,-0.0048,-0.0046,0.000,0.000,0.000,1,450
TRK,2283378,0.53606,-0.81403,0.16861,-0.14688,-0.0177,-0.0048,-0.0046,0.000,0.000,0.000,1,450
TRK,2283399,0.53608,-0.81401,0.16863,-0.14685,-0.0177,-0.0048,-0.0046,0.000,0.000,0.000,1,450
TRK,2283418,0.53607,-0.81402,0.16864,-0.14683,-0.0177,-0.0048,-0.0046,0.000,0.000,0.000,1,450
TRK,2283438,0.53616,-0.81396,0.16862,-0.14687,-0.0177,-0.0048,-0.0046,0.000,0.000,0.000,1,450
TRK,2283458,0.53622,-0.81391,0.16857,-0.14695,-0.0177,-0.0048,-0.0046,0.000,0.000,0.000,1,450
TRK,2283478,0.53622,-0.81391,0.16855,-0.14698,-0.0177,-0.0048,-0.0046,0.000,0.000,0.000,1,450
TRK,2283498,0.53620,-0.81393,0.16861,-0.14690,-0.0177,-0.0048,-0.0046,0.000,0.000,0.000,1,450
TRK,2283518,0.53629,-0.81388,0.16864,-0.14686,-0.0177,-0.0048,-0.0046,0.000,0.000,0.000,1,450
TRK,2283539,0.53630,-0.81387,0.16869,-0.14678,-0.0177,-0.0048,-0.0046,0.000,0.000,0.000,1,450
TRK,2283559,0.53622,-0.81392,0.16872,-0.14673,-0.0177,-0.0048,-0.0046,0.000,0.000,0.000,1,450
TRK,2283579,0.53622,-0.81392,0.16869,-0.14677,-0.0177,-0.0048,-0.0046,0.000,0.000,0.000,1,450
TRK,2283599,0.53622,-0.81392,0.16863,-0.14687,-0.0177,-0.0048,-0.0046,0.000,0.000,0.000,1,450
TRK,2283617,0.53616,-0.81396,0.16856,-0.14696,-0.0177,-0.0048,-0.0046,0.000,0.000,0.000,1,450
TRK,2283640,0.53601,-0.81405,0.16853,-0.14700,-0.0177,-0.0048,-0.0046,0.000,0.000,0.000,1,450
TRK,2283660,0.53606,-0.81402,0.16859,-0.14691,-0.0177,-0.0048,-0.0046,0.000,0.000,0.000,1,450
TRK,2283680,0.53609,-0.81401,0.16867,-0.14680,-0.0177,-0.0048,-0.0046,0.000,0.000,0.000,1,450
TRK,2283700,0.53602,-0.81406,0.16873,-0.14670,-0.0177,-0.0048,-0.0046,0.000,0.000,0.000,1,450
TRK,2283720,0.53598,-0.81409,0.16877,-0.14664,-0.0177,-0.0048,-0.0046,0.000,0.000,0.000,1,450
TRK,2283740,0.53606,-0.81403,0.16874,-0.14669,-0.0177,-0.0048,-0.0046,0.000,0.000,0.000,1,450
TRK,2283758,0.53611,-0.81400,0.16868,-0.14677,-0.0177,-0.0048,-0.0046,0.000,0.000,0.000,1,450
TRK,2283780,0.53608,-0.81401,0.16865,-0.14683,-0.0177,-0.0048,-0.0046,0.000,0.000,0.000,1,450
TRK,2283800,0.53610,-0.81400,0.16861,-0.14689,-0.0177,-0.0048,-0.0046,0.000,0.000,0.000,1,450
TRK,2283820,0.53621,-0.81393,0.16865,-0.14683,-0.0177,-0.0048,-0.0046,0.000,0.000,0.000,1,450
TRK,2283839,0.53623,-0.81392,0.16871,-0.14674,-0.0177,-0.0048,-0.0046,0.000,0.000,0.000,1,450
TRK,2283858,0.53622,-0.81393,0.16875,-0.14668,-0.0177,-0.0048,-0.0046,0.000,0.000,0.000,1,450
TRK,2283878,0.53625,-0.81391,0.16873,-0.14671,-0.0177,-0.0048,-0.0046,0.000,0.000,0.000,1,450
TRK,2283898,0.53624,-0.81391,0.16870,-0.14675,-0.0177,-0.0048,-0.0046,0.000,0.000,0.000,1,450
TRK,2283918,0.53619,-0.81394,0.16861,-0.14689,-0.0177,-0.0048,-0.0046,0.000,0.000,0.000,1,450
TRK,2283940,0.53612,-0.81398,0.16851,-0.14704,-0.0177,-0.0048,-0.0046,0.000,0.000,0.000,1,450
TRK,2283960,0.53602,-0.81404,0.16847,-0.14709,-0.0177,-0.0048,-0.0046,0.000,0.000,0.000,1,450
TRK,2283980,0.53600,-0.81405,0.16849,-0.14705,-0.0177,-0.0048,-0.0046,0.000,0.000,0.000,1,450
TRK,2283998,0.53599,-0.81407,0.16855,-0.14696,-0.0177,-0.0048,-0.0046,0.000,0.000,0.000,1,450
TRK,2284020,0.53594,-0.81410,0.16861,-0.14687,-0.0177,-0.0048,-0.0046,0.000,0.000,0.000,1,450
TRK,2284039,0.53592,-0.81412,0.16862,-0.14685,-0.0177,-0.0048,-0.0046,0.000,0.000,0.000,1,450
TRK,2284057,0.53592,-0.81412,0.16857,-0.14693,-0.0177,-0.0048,-0.0046,0.000,0.000,0.000,1,450
TRK,2284077,0.53595,-0.81409,0.16855,-0.14696,-0.0177,-0.0048,-0.0046,0.000,0.000,0.000,1,450
TRK,2284097,0.53598,-0.81407,0.16851,-0.14703,-0.0177,-0.0048,-0.0046,0.000,0.000,0.000,1,450
TRK,2284119,0.53604,-0.81403,0.16847,-0.14710,-0.0177,-0.0048,-0.0046,0.000,0.000,0.000,1,450
TRK,2284138,0.53610,-0.81399,0.16848,-0.14708,-0.0177,-0.0048,-0.0046,0.000,0.000,0.000,1,450
TRK,2284159,0.53618,-0.81394,0.16852,-0.14703,-0.0177,-0.0048,-0.0046,0.000,0.000,0.000,1,450
TRK,2284178,0.53617,-0.81394,0.16850,-0.14706,-0.0177,-0.0048,-0.0046,0.000,0.000,0.000,1,450
TRK,2284197,0.53626,-0.81388,0.16847,-0.14710,-0.0177,-0.0048,-0.0046,0.000,0.000,0.000,1,450
TRK,2284220,0.53633,-0.81383,0.16839,-0.14723,-0.0177,-0.0048,-0.0046,0.000,0.000,0.000,1,450
TRK,2284239,0.53625,-0.81388,0.16838,-0.14724,-0.0177,-0.0048,-0.0046,0.000,0.000,0.000,1,450
TRK,2284257,0.53625,-0.81388,0.16840,-0.14720,-0.0177,-0.0048,-0.0046,0.000,0.000,0.000,1,450
TRK,2284279,0.53629,-0.81386,0.16843,-0.14717,-0.0177,-0.0048,-0.0046,0.000,0.000,0.000,1,450
STAT,404.3,400.3,2,4,0,0.0314,0.499,0.0995,0.1152,-0.0627,9.8201,0.63,0.004
TRK,2284300,0.53629,-0.81386,0.16848,-0.14709,-0.0177,-0.0048,-0.0046,0.000,0.000,0.000,1,450
TRK,2284319,0.53619,-0.81393,0.16855,-0.14697,-0.0177,-0.0048,-0.0046,0.000,0.000,0.000,1,450
TRK,2284337,0.53619,-0.81394,0.16858,-0.14693,-0.0177,-0.0048,-0.0046,0.000,0.000,0.000,1,450
TRK,2284358,0.53626,-0.81389,0.16859,-0.14692,-0.0177,-0.0048,-0.0046,0.000,0.000,0.000,1,450
TRK,2284378,0.53624,-0.81390,0.16859,-0.14692,-0.0177,-0.0048,-0.0046,0.000,0.000,0.000,1,450
TRK,2284398,0.53615,-0.81396,0.16860,-0.14690,-0.0177,-0.0048,-0.0046,0.000,0.000,0.000,1,450
TRK,2284420,0.53615,-0.81397,0.16859,-0.14691,-0.0177,-0.0048,-0.0046,0.000,0.000,0.000,1,450
TRK,2284440,0.53617,-0.81395,0.16863,-0.14687,-0.0177,-0.0048,-0.0046,0.000,0.000,0.000,1,450
TRK,2284458,0.53608,-0.81402,0.16866,-0.14681,-0.0177,-0.0048,-0.0046,0.000,0.000,0.000,1,450
TRK,2284477,0.53595,-0.81410,0.16866,-0.14680,-0.0177,-0.0048,-0.0046,0.000,0.000,0.000,1,450
TRK,2284499,0.53595,-0.81410,0.16859,-0.14691,-0.0177,-0.0048,-0.0046,0.000,0.000,0.000,1,450
TRK,2284517,0.53598,-0.81408,0.16855,-0.14697,-0.0177,-0.0048,-0.0046,0.000,0.000,0.000,1,450
TRK,2284539,0.53589,-0.81413,0.16848,-0.14707,-0.0177,-0.0048,-0.0046,0.000,0.000,0.000,1,450
TRK,2284557,0.53588,-0.81413,0.16846,-0.14710,-0.0177,-0.0048,-0.0046,0.000,0.000,0.000,1,450
TRK,2284579,0.53599,-0.81406,0.16846,-0.14710,-0.0177,-0.0048,-0.0046,0.000,0.000,0.000,1,450
TRK,2284598,0.53602,-0.81405,0.16852,-0.14701,-0.0177,-0.0048,-0.0046,0.000,0.000,0.000,1,450
TRK,2284619,0.53594,-0.81410,0.16856,-0.14695,-0.0177,-0.0048,-0.0046,0.000,0.000,0.000,1,450
TRK,2284638,0.53595,-0.81410,0.16857,-0.14694,-0.0177,-0.0048,-0.0046,0.000,0.000,0.000,1,450
TRK,2284660,0.53601,-0.81405,0.16856,-0.14695,-0.0177,-0.0048,-0.0046,0.000,0.000,0.000,1,450
TRK,2284678,0.53602,-0.81405,0.16856,-0.14696,-0.0177,-0.0048,-0.0046,0.000,0.000,0.000,1,450
TRK,2284700,0.53600,-0.81406,0.16855,-0.14697,-0.0177,-0.0048,-0.0046,0.000,0.000,0.000,1,450
TRK,2284719,0.53605,-0.81403,0.16854,-0.14699,-0.0177,-0.0048,-0.0046,0.000,0.000,0.000,1,450
TRK,2284737,0.53610,-0.81399,0.16856,-0.14696,-0.0177,-0.0048,-0.0046,0.000,0.000,0.000,1,450
TRK,2284759,0.53605,-0.81403,0.16860,-0.14690,-0.0177,-0.0048,-0.0046,0.000,0.000,0.000,1,450
TRK,2284780,0.53610,-0.81400,0.16860,-0.14690,-0.0177,-0.0048,-0.0046,0.000,0.000,0.000,1,450
TRK,2284798,0.53622,-0.81391,0.16858,-0.14694,-0.0177,-0.0048,-0.0046,0.000,0.000,0.000,1,450
TRK,2284819,0.53631,-0.81386,0.16858,-0.14694,-0.0177,-0.0048,-0.0046,0.000,0.000,0.000,1,450
TRK,2284838,0.53627,-0.81388,0.16859,-0.14693,-0.0177,-0.0048,-0.0046,0.000,0.000,0.000,1,450
TRK,2284858,0.53631,-0.81386,0.16863,-0.14686,-0.0177,-0.0048,-0.0046,0.000,0.000,0.000,1,450
TRK,2284878,0.53636,-0.81383,0.16867,-0.14681,-0.0177,-0.0048,-0.0046,0.000,0.000,0.000,1,450
TRK,2284898,0.53633,-0.81385,0.16871,-0.14675,-0.0177,-0.0048,-0.0046,0.000,0.000,0.000,1,450
TRK,2284920,0.53622,-0.81392,0.16876,-0.14668,-0.0177,-0.0048,-0.0046,0.000,0.000,0.000,1,450
TRK,2284938,0.53620,-0.81394,0.16873,-0.14671,-0.0177,-0.0048,-0.0046,0.000,0.000,0.000,1,450
TRK,2284960,0.53624,-0.81391,0.16865,-0.14683,-0.0177,-0.0048,-0.0046,0.000,0.000,0.000,1,450
TRK,2284978,0.53617,-0.81395,0.16859,-0.14692,-0.0177,-0.0048,-0.0046,0.000,0.000,0.000,1,450
TRK,2285000,0.53613,-0.81398,0.16857,-0.14695,-0.0177,-0.0048,-0.0046,0.000,0.000,0.000,1,450
TRK,2285019,0.53617,-0.81395,0.16858,-0.14694,-0.0177,-0.0048,-0.0046,0.000,0.000,0.000,1,450
TRK,2285040,0.53617,-0.81395,0.16858,-0.14694,-0.0177,-0.0048,-0.0046,0.000,0.000,0.000,1,450
TRK,2285058,0.53609,-0.81401,0.16860,-0.14691,-0.0177,-0.0048,-0.0046,0.000,0.000,0.000,1,450
TRK,2285077,0.53601,-0.81406,0.16862,-0.14686,-0.0177,-0.0048,-0.0046,0.000,0.000,0.000,1,450
TRK,2285099,0.53601,-0.81406,0.16862,-0.14686,-0.0177,-0.0048,-0.0046,0.000,0.000,0.000,1,450
TRK,2285118,0.53599,-0.81407,0.16859,-0.14690,-0.0177,-0.0048,-0.0046,0.000,0.000,0.000,1,450
TRK,2285138,0.53593,-0.81411,0.16860,-0.14689,-0.0177,-0.0048,-0.0046,0.000,0.000,0.000,1,450
TRK,2285160,0.53590,-0.81413,0.16860,-0.14689,-0.0177,-0.0048,-0.0046,0.000,0.000,0.000,1,450
TRK,2285180,0.53594,-0.81411,0.16861,-0.14688,-0.0177,-0.0048,-0.0046,0.000,0.000,0.000,1,450
TRK,2285198,0.53591,-0.81413,0.16865,-0.14681,-0.0177,-0.0048,-0.0046,0.000,0.000,0.000,1,450
TRK,2285220,0.53587,-0.81416,0.16870,-0.14674,-0.0177,-0.0048,-0.0046,0.000,0.000,0.000,1,450
TRK,2285240,0.53593,-0.81412,0.16872,-0.14671,-0.0177,-0.0048,-0.0046,0.000,0.000,0.000,1,450
TRK,2285260,0.53596,-0.81410,0.16876,-0.14666,-0.0177,-0.0048,-0.0046,0.000,0.000,0.000,1,450
TRK,2285279,0.53593,-0.81412,0.16877,-0.14663,-0.0177,-0.0048,-0.0046,0.000,0.000,0.000,1,450
STAT,404.3,400.3,2,4,0,0.0256,0.387,0.1025,0.1177,-0.0635,9.8219,0.63,0.004
TRK,2285298,0.53592,-0.81412,0.16873,-0.14670,-0.0177,-0.0048,-0.0046,0.000,0.000,0.000,1,450
TRK,2285318,0.53597,-0.81409,0.16869,-0.14676,-0.0177,-0.0048,-0.0046,0.000,0.000,0.000,1,450
TRK,2285338,0.53595,-0.81411,0.16870,-0.14674,-0.0177,-0.0048,-0.0046,0.000,0.000,0.000,1,450
TRK,2285358,0.53591,-0.81413,0.16871,-0.14673,-0.0177,-0.0048,-0.0046,0.000,0.000,0.000,1,450
TRK,2285380,0.53597,-0.81409,0.16870,-0.14674,-0.0177,-0.0048,-0.0046,0.000,0.000,0.000,1,450
TRK,2285400,0.53600,-0.81407,0.16868,-0.14678,-0.0177,-0.0048,-0.0046,0.000,0.000,0.000,1,450
TRK,2285417,0.53602,-0.81406,0.16867,-0.14679,-0.0177,-0.0048,-0.0046,0.000,0.000,0.000,1,450
TRK,2285438,0.53607,-0.81402,0.16859,-0.14691,-0.0177,-0.0048,-0.0046,0.000,0.000,0.000,1,450
TRK,2285460,0.53606,-0.81402,0.16856,-0.14696,-0.0177,-0.0048,-0.0046,0.000,0.000,0.000,1,450
TRK,2285478,0.53607,-0.81401,0.16853,-0.14700,-0.0177,-0.0048,-0.0046,0.000,0.000,0.000,1,450
TRK,2285499,0.53604,-0.81404,0.16859,-0.14692,-0.0177,-0.0048,-0.0046,0.000,0.000,0.000,1,450
TRK,2285517,0.53609,-0.81401,0.16861,-0.14689,-0.0177,-0.0048,-0.0046,0.000,0.000,0.000,1,450
TRK,2285539,0.53613,-0.81398,0.16861,-0.14688,-0.0177,-0.0048,-0.0046,0.000,0.000,0.000,1,450
TRK,2285557,0.53599,-0.81407,0.16861,-0.14688,-0.0177,-0.0048,-0.0046,0.000,0.000,0.000,1,450
TRK,2285578,0.53593,-0.81411,0.16858,-0.14693,-0.0177,-0.0048,-0.0046,0.000,0.000,0.000,1,450
TRK,2285600,0.53599,-0.81407,0.16854,-0.14698,-0.0177,-0.0048,-0.0046,0.000,0.000,0.000,1,450
TRK,2285620,0.53602,-0.81404,0.16852,-0.14701,-0.0177,-0.0048,-0.0046,0.000,0.000,0.000,1,450
TRK,2285640,0.53600,-0.81406,0.16857,-0.14694,-0.0177,-0.0048,-0.0046,0.000,0.000,0.000,1,450
TRK,2285658,0.53610,-0.81400,0.16858,-0.14694,-0.0177,-0.0048,-0.0046,0.000,0.000,0.000,1,450
TRK,2285679,0.53617,-0.81395,0.16859,-0.14692,-0.0177,-0.0048,-0.0046,0.000,0.000,0.000,1,450
TRK,2285699,0.53608,-0.81401,0.16859,-0.14692,-0.0177,-0.0048,-0.0046,0.000,0.000,0.000,1,450
TRK,2285719,0.53604,-0.81404,0.16855,-0.14698,-0.0177,-0.0048,-0.0046,0.000,0.000,0.000,1,450
TRK,2285739,0.53617,-0.81395,0.16851,-0.14704,-0.0177,-0.0048,-0.0046,0.000,0.000,0.000,1,450
TRK,2285759,0.53606,-0.81401,0.16850,-0.14704,-0.0177,-0.0048,-0.0046,0.000,0.000,0.000,1,450
TRK,2285778,0.53596,-0.81409,0.16854,-0.14698,-0.0177,-0.0048,-0.0046,0.000,0.000,0.000,1,450
TRK,2285798,0.53602,-0.81404,0.16853,-0.14700,-0.0177,-0.0048,-0.0046,0.000,0.000,0.000,1,450
TRK,2285818,0.53613,-0.81397,0.16855,-0.14697,-0.0177,-0.0048,-0.0046,0.000,0.000,0.000,1,450
TRK,2285838,0.53603,-0.81404,0.16856,-0.14696,-0.0177,-0.0048,-0.0046,0.000,0.000,0.000,1,450
TRK,2285859,0.53603,-0.81404,0.16854,-0.14698,-0.0177,-0.0048,-0.0046,0.000,0.000,0.000,1,450
TRK,2285877,0.53611,-0.81398,0.16850,-0.14705,-0.0177,-0.0048,-0.0046,0.000,0.000,0.000,1,450
TRK,2285899,0.53611,-0.81398,0.16849,-0.14708,-0.0177,-0.0048,-0.0046,0.000,0.000,0.000,1,450
TRK,2285920,0.53599,-0.81406,0.16850,-0.14705,-0.0177,-0.0048,-0.0046,0.000,0.000,0.000,1,450
TRK,2285938,0.53601,-0.81405,0.16854,-0.14698,-0.0177,-0.0048,-0.0046,0.000,0.000,0.000,1,450
TRK,2285960,0.53602,-0.81405,0.16857,-0.14694,-0.0177,-0.0048,-0.0046,0.000,0.000,0.000,1,450
TRK,2285979,0.53595,-0.81410,0.16861,-0.14688,-0.0177,-0.0048,-0.0046,0.000,0.000,0.000,1,450
TRK,2285999,0.53588,-0.81414,0.16859,-0.14690,-0.0177,-0.0048,-0.0046,0.000,0.000,0.000,1,450
TRK,2286019,0.53589,-0.81414,0.16855,-0.14697,-0.0177,-0.0048,-0.0046,0.000,0.000,0.000,1,450
TRK,2286039,0.53590,-0.81412,0.16844,-0.14712,-0.0177,-0.0048,-0.0046,0.000,0.000,0.000,1,450
TRK,2286060,0.53589,-0.81412,0.16839,-0.14720,-0.0177,-0.0048,-0.0046,0.000,0.000,0.000,1,450
TRK,2286078,0.53593,-0.81409,0.16837,-0.14724,-0.0177,-0.0048,-0.0046,0.000,0.000,0.000,1,450
TRK,2286097,0.53596,-0.81408,0.16838,-0.14722,-0.0177,-0.0048,-0.0046,0.000,0.000,0.000,1,450
TRK,2286117,0.53596,-0.81408,0.16840,-0.14719,-0.0177,-0.0048,-0.0046,0.000,0.000,0.000,1,450
TRK,2286140,0.53601,-0.81404,0.16843,-0.14715,-0.0177,-0.0048,-0.0046,0.000,0.000,0.000,1,450
TRK,2286159,0.53604,-0.81402,0.16845,-0.14713,-0.0177,-0.0048,-0.0046,0.000,0.000,0.000,1,450
TRK,2286177,0.53597,-0.81407,0.16842,-0.14716,-0.0177,-0.0048,-0.0046,0.000,0.000,0.000,1,450
TRK,2286199,0.53588,-0.81413,0.16840,-0.14719,-0.0177,-0.0048,-0.0046,0.000,0.000,0.000,1,450
TRK,2286220,0.53588,-0.81413,0.16842,-0.14715,-0.0177,-0.0048,-0.0046,0.000,0.000,0.000,1,450
TRK,2286238,0.53587,-0.81414,0.16846,-0.14710,-0.0177,-0.0048,-0.0046,0.000,0.000,0.000,1,450
TRK,2286259,0.53581,-0.81418,0.16851,-0.14702,-0.0177,-0.0048,-0.0046,0.000,0.000,0.000,1,450
TRK,2286278,0.53587,-0.81415,0.16859,-0.14690,-0.0177,-0.0048,-0.0046,0.000,0.000,0.000,1,450
STAT,404.5,401.0,2,4,0,0.0300,0.358,0.1002,0.1222,-0.0599,9.8208,0.63,0.004
TRK,2286299,0.53603,-0.81404,0.16866,-0.14682,-0.0177,-0.0048,-0.0046,0.000,0.000,0.000,1,450
TRK,2286320,0.53605,-0.81404,0.16868,-0.14677,-0.0177,-0.0048,-0.0046,0.000,0.000,0.000,1,450
TRK,2286338,0.53603,-0.81405,0.16873,-0.14671,-0.0177,-0.0048,-0.0046,0.000,0.000,0.000,1,450
TRK,2286360,0.53607,-0.81402,0.16871,-0.14673,-0.0177,-0.0048,-0.0046,0.000,0.000,0.000,1,450
TRK,2286378,0.53615,-0.81397,0.16868,-0.14678,-0.0177,-0.0048,-0.0046,0.000,0.000,0.000,1,450
TRK,2286400,0.53608,-0.81401,0.16868,-0.14678,-0.0177,-0.0048,-0.0046,0.000,0.000,0.000,1,450
TRK,2286419,0.53596,-0.81409,0.16870,-0.14675,-0.0177,-0.0048,-0.0046,0.000,0.000,0.000,1,450
TRK,2286437,0.53597,-0.81409,0.16869,-0.14677,-0.0177,-0.0048,-0.0046,0.000,0.000,0.000,1,450
TRK,2286459,0.53596,-0.81409,0.16863,-0.14686,-0.0177,-0.0048,-0.0046,0.000,0.000,0.000,1,450
TRK,2286477,0.53588,-0.81414,0.16859,-0.14691,-0.0177,-0.0048,-0.0046,0.000,0.000,0.000,1,450
TRK,2286499,0.53585,-0.81416,0.16855,-0.14697,-0.0177,-0.0048,-0.0046,0.000,0.000,0.000,1,450
TRK,2286518,0.53595,-0.81409,0.16851,-0.14703,-0.0177,-0.0048,-0.0046,0.000,0.000,0.000,1,450
TRK,2286538,0.53596,-0.81408,0.16847,-0.14708,-0.0177,-0.0048,-0.0046,0.000,0.000,0.000,1,450
TRK,2286558,0.53588,-0.81413,0.16848,-0.14706,-0.0177,-0.0048,-0.0046,0.000,0.000,0.000,1,450
TRK,2286578,0.53586,-0.81415,0.16851,-0.14702,-0.0177,-0.0048,-0.0046,0.000,0.000,0.000,1,450
TRK,2286598,0.53590,-0.81413,0.16854,-0.14698,-0.0177,-0.0048,-0.0046,0.000,0.000,0.000,1,450
TRK,2286618,0.53595,-0.81409,0.16855,-0.14697,-0.0177,-0.0048,-0.0046,0.000,0.000,0.000,1,450
TRK,2286638,0.53593,-0.81410,0.16851,-0.14703,-0.0177,-0.0048,-0.0046,0.000,0.000,0.000,1,450
TRK,2286659,0.53597,-0.81408,0.16849,-0.14706,-0.0177,-0.0048,-0.0046,0.000,0.000,0.000,1,450
TRK,2286679,0.53606,-0.81402,0.16849,-0.14706,-0.0177,-0.0048,-0.0046,0.000,0.000,0.000,1,450
TRK,2286699,0.53609,-0.81400,0.16850,-0.14706,-0.0177,-0.0048,-0.0046,0.000,0.000,0.000,1,450
TRK,2286719,0.53603,-0.81404,0.16852,-0.14702,-0.0177,-0.0048,-0.0046,0.000,0.000,0.000,1,450
TRK,2286737,0.53599,-0.81406,0.16853,-0.14701,-0.0177,-0.0048,-0.0046,0.000,0.000,0.000,1,450
TRK,2286760,0.53607,-0.81401,0.16854,-0.14699,-0.0177,-0.0048,-0.0046,0.000,0.000,0.000,1,450
TRK,2286780,0.53608,-0.81401,0.16856,-0.14697,-0.0177,-0.0048,-0.0046,0.000,0.000,0.000,1,450
TRK,2286800,0.53604,-0.81403,0.16856,-0.14697,-0.0177,-0.0048,-0.0046,0.000,0.000,0.000,1,450
TRK,2286820,0.53602,-0.81404,0.16855,-0.14697,-0.0177,-0.0048,-0.0046,0.000,0.000,0.000,1,450
TRK,2286840,0.53604,-0.81404,0.16857,-0.14694,-0.0177,-0.0048,-0.0046,0.000,0.000,0.000,1,450
TRK,2286860,0.53601,-0.81405,0.16860,-0.14690,-0.0177,-0.0048,-0.0046,0.000,0.000,0.000,1,450
TRK,2286878,0.53599,-0.81407,0.16863,-0.14686,-0.0177,-0.0048,-0.0046,0.000,0.000,0.000,1,450
TRK,2286900,0.53598,-0.81408,0.16864,-0.14684,-0.0177,-0.0048,-0.0046,0.000,0.000,0.000,1,450
TRK,2286919,0.53601,-0.81406,0.16865,-0.14682,-0.0177,-0.0048,-0.0046,0.000,0.000,0.000,1,450
TRK,2286937,0.53601,-0.81406,0.16865,-0.14683,-0.0177,-0.0048,-0.0046,0.000,0.000,0.000,1,450
TRK,2286959,0.53602,-0.81405,0.16861,-0.14688,-0.0177,-0.0048,-0.0046,0.000,0.000,0.000,1,450
TRK,2286977,0.53606,-0.81402,0.16860,-0.14691,-0.0177,-0.0048,-0.0046,0.000,0.000,0.000,1,450
TRK,2286998,0.53611,-0.81398,0.16856,-0.14697,-0.0177,-0.0048,-0.0046,0.000,0.000,0.000,1,450
TRK,2287018,0.53611,-0.81398,0.16856,-0.14696,-0.0177,-0.0048,-0.0046,0.000,0.000,0.000,1,450
TRK,2287038,0.53607,-0.81401,0.16855,-0.14698,-0.0177,-0.0048,-0.0046,0.000,0.000,0.000,1,450
TRK,2287058,0.53604,-0.81403,0.16855,-0.14697,-0.0177,-0.0048,-0.0046,0.000,0.000,0.000,1,450
TRK,2287080,0.53601,-0.81405,0.16856,-0.14695,-0.0177,-0.0048,-0.0046,0.000,0.000,0.000,1,450
TRK,2287100,0.53592,-0.81411,0.16857,-0.14693,-0.0177,-0.0048,-0.0046,0.000,0.000,0.000,1,450
TRK,2287120,0.53586,-0.81415,0.16857,-0.14693,-0.0177,-0.0048,-0.0046,0.000,0.000,0.000,1,450
TRK,2287139,0.53586,-0.81416,0.16861,-0.14688,-0.0177,-0.0048,-0.0046,0.000,0.000,0.000,1,450
TRK,2287160,0.53586,-0.81416,0.16867,-0.14679,-0.0177,-0.0048,-0.0046,0.000,0.000,0.000,1,450
TRK,2287179,0.53584,-0.81418,0.16870,-0.14674,-0.0177,-0.0048,-0.0046,0.000,0.000,0.000,1,450
TRK,2287198,0.53585,-0.81417,0.16872,-0.14671,-0.0177,-0.0048,-0.0046,0.000,0.000,0.000,1,450
TRK,2287218,0.53591,-0.81413,0.16871,-0.14673,-0.0177,-0.0048,-0.0046,0.000,0.000,0.000,1,450
TRK,2287238,0.53595,-0.81410,0.16870,-0.14675,-0.0177,-0.0048,-0.0046,0.000,0.000,0.000,1,450
TRK,2287258,0.53597,-0.81409,0.16867,-0.14679,-0.0177,-0.0048,-0.0046,0.000,0.000,0.000,1,450
TRK,2287278,0.53600,-0.81407,0.16867,-0.14680,-0.0177,-0.0048,-0.0046,0.000,0.000,0.000,1,450
STAT,404.5,401.0,2,4,0,0.0203,0.280,0.1017,0.1124,-0.0702,9.8197,0.63,0.004
TRK,2287300,0.53601,-0.81406,0.16866,-0.14681,-0.0177,-0.0048,-0.0046,0.000,0.000,0.000,1,450
TRK,2287320,0.53598,-0.81408,0.16868,-0.14678,-0.0177,-0.0048,-0.0046,0.000,0.000,0.000,1,450
TRK,2287337,0.53591,-0.81413,0.16870,-0.14674,-0.0177,-0.0048,-0.0046,0.000,0.000,0.000,1,450
TRK,2287359,0.53595,-0.81411,0.16871,-0.14673,-0.0177,-0.0048,-0.0046,0.000,0.000,0.000,1,450
TRK,2287380,0.53596,-0.81409,0.16869,-0.14677,-0.0177,-0.0048,-0.0046,0.000,0.000,0.000,1,450
TRK,2287399,0.53590,-0.81413,0.16866,-0.14680,-0.0177,-0.0048,-0.0046,0.000,0.000,0.000,1,450
TRK,2287420,0.53589,-0.81414,0.16864,-0.14682,-0.0177,-0.0048,-0.0046,0.000,0.000,0.000,1,450
TRK,2287439,0.53592,-0.81412,0.16860,-0.14689,-0.0177,-0.0048,-0.0046,0.000,0.000,0.000,1,450
TRK,2287457,0.53592,-0.81411,0.16856,-0.14696,-0.0177,-0.0048,-0.0046,0.000,0.000,0.000,1,450
TRK,2287479,0.53588,-0.81414,0.16850,-0.14705,-0.0177,-0.0048,-0.0046,0.000,0.000,0.000,1,450
TRK,2287498,0.53594,-0.81410,0.16847,-0.14709,-0.0177,-0.0048,-0.0046,0.000,0.000,0.000,1,450
TRK,2287517,0.53605,-0.81402,0.16846,-0.14711,-0.0177,-0.0048,-0.0046,0.000,0.000,0.000,1,450
TRK,2287537,0.53607,-0.81401,0.16846,-0.14711,-0.0177,-0.0048,-0.0046,0.000,0.000,0.000,1,450
TRK,2287557,0.53598,-0.81407,0.16846,-0.14711,-0.0177,-0.0048,-0.0046,0.000,0.000,0.000,1,450
TRK,2287580,0.53605,-0.81402,0.16848,-0.14709,-0.0177,-0.0048,-0.0046,0.000,0.000,0.000,1,450
TRK,2287599,0.53609,-0.81399,0.16850,-0.14706,-0.0177,-0.0048,-0.0046,0.000,0.000,0.000,1,450
TRK,2287619,0.53599,-0.81406,0.16853,-0.14700,-0.0177,-0.0048,-0.0046,0.000,0.000,0.000,1,450
TRK,2287637,0.53590,-0.81413,0.16856,-0.14695,-0.0177,-0.0048,-0.0046,0.000,0.000,0.000,1,450
TRK,2287659,0.53593,-0.81411,0.16857,-0.14694,-0.0177,-0.0048,-0.0046,0.000,0.000,0.000,1,450
TRK,2287677,0.53592,-0.81412,0.16857,-0.14694,-0.0177,-0.0048,-0.0046,0.000,0.000,0.000,1,450
TRK,2287699,0.53578,-0.81421,0.16860,-0.14689,-0.0177,-0.0048,-0.0046,0.000,0.000,0.000,1,450
TRK,2287718,0.53578,-0.81421,0.16859,-0.14690,-0.0177,-0.0048,-0.0046,0.000,0.000,0.000,1,450
TRK,2287739,0.53592,-0.81412,0.16857,-0.14694,-0.0177,-0.0048,-0.0046,0.000,0.000,0.000,1,450
TRK,2287758,0.53596,-0.81409,0.16860,-0.14689,-0.0177,-0.0048,-0.0046,0.000,0.000,0.000,1,450
TRK,2287780,0.53592,-0.81412,0.16869,-0.14676,-0.0177,-0.0048,-0.0046,0.000,0.000,0.000,1,450
TRK,2287798,0.53598,-0.81408,0.16872,-0.14671,-0.0177,-0.0048,-0.0046,0.000,0.000,0.000,1,450
TRK,2287820,0.53606,-0.81403,0.16873,-0.14670,-0.0177,-0.0048,-0.0046,0.000,0.000,0.000,1,450
TRK,2287839,0.53600,-0.81407,0.16875,-0.14667,-0.0177,-0.0048,-0.0046,0.000,0.000,0.000,1,450
TRK,2287857,0.53592,-0.81412,0.16872,-0.14671,-0.0177,-0.0048,-0.0046,0.000,0.000,0.000,1,450
TRK,2287879,0.53592,-0.81412,0.16866,-0.14680,-0.0177,-0.0048,-0.0046,0.000,0.000,0.000,1,450
TRK,2287900,0.53594,-0.81411,0.16863,-0.14685,-0.0177,-0.0048,-0.0046,0.000,0.000,0.000,1,450
TRK,2287918,0.53581,-0.81419,0.16863,-0.14683,-0.0177,-0.0048,-0.0046,0.000,0.000,0.000,1,450
TRK,2287939,0.53577,-0.81422,0.16864,-0.14683,-0.0177,-0.0048,-0.0046,0.000,0.000,0.000,1,450
TRK,2287958,0.53587,-0.81416,0.16867,-0.14679,-0.0177,-0.0048,-0.0046,0.000,0.000,0.000,1,450
TRK,2287978,0.53592,-0.81412,0.16869,-0.14676,-0.0177,-0.0048,-0.0046,0.000,0.000,0.000,1,450
TRK,2287999,0.53590,-0.81414,0.16868,-0.14677,-0.0177,-0.0048,-0.0046,0.000,0.000,0.000,1,450
TRK,2288018,0.53595,-0.81410,0.16868,-0.14677,-0.0177,-0.0048,-0.0046,0.000,0.000,0.000,1,450
TRK,2288040,0.53601,-0.81406,0.16867,-0.14680,-0.0177,-0.0048,-0.0046,0.000,0.000,0.000,1,450
TRK,2288058,0.53607,-0.81402,0.16867,-0.14679,-0.0177,-0.0048,-0.0046,0.000,0.000,0.000,1,450
TRK,2288080,0.53603,-0.81405,0.16868,-0.14677,-0.0177,-0.0048,-0.0046,0.000,0.000,0.000,1,450
TRK,2288099,0.53599,-0.81408,0.16872,-0.14671,-0.0177,-0.0048,-0.0046,0.000,0.000,0.000,1,450
TRK,2288119,0.53596,-0.81410,0.16873,-0.14670,-0.0177,-0.0048,-0.0046,0.000,0.000,0.000,1,450
TRK,2288139,0.53593,-0.81412,0.16873,-0.14671,-0.0177,-0.0048,-0.0046,0.000,0.000,0.000,1,450
TRK,2288160,0.53590,-0.81414,0.16874,-0.14668,-0.0177,-0.0048,-0.0046,0.000,0.000,0.000,1,450
TRK,2288178,0.53585,-0.81417,0.16871,-0.14673,-0.0177,-0.0048,-0.0046,0.000,0.000,0.000,1,450
TRK,2288200,0.53584,-0.81418,0.16869,-0.14676,-0.0177,-0.0048,-0.0046,0.000,0.000,0.000,1,450
TRK,2288218,0.53589,-0.81414,0.16871,-0.14673,-0.0177,-0.0048,-0.0046,0.000,0.000,0.000,1,450
TRK,2288239,0.53590,-0.81414,0.16870,-0.14674,-0.0177,-0.0048,-0.0046,0.000,0.000,0.000,1,450
TRK,2288258,0.53586,-0.81416,0.16869,-0.14676,-0.0177,-0.0048,-0.0046,0.000,0.000,0.000,1,450
TRK,2288280,0.53587,-0.81416,0.16865,-0.14682,-0.0177,-0.0048,-0.0046,0.000,0.000,0.000,1,450
STAT,404.1,400.6,2,4,0,0.0245,0.311,0.1024,0.1206,-0.0468,9.8212,0.63,0.004
TRK,2288298,0.53593,-0.81411,0.16864,-0.14684,-0.0177,-0.0048,-0.0046,0.000,0.000,0.000,1,450
TRK,2288320,0.53591,-0.81413,0.16861,-0.14687,-0.0177,-0.0048,-0.0046,0.000,0.000,0.000,1,450
TRK,2288339,0.53586,-0.81415,0.16859,-0.14690,-0.0177,-0.0048,-0.0046,0.000,0.000,0.000,1,450
TRK,2288360,0.53583,-0.81418,0.16860,-0.14688,-0.0177,-0.0048,-0.0046,0.000,0.000,0.000,1,450
TRK,2288379,0.53584,-0.81417,0.16862,-0.14687,-0.0177,-0.0048,-0.0046,0.000,0.000,0.000,1,450
TRK,2288398,0.53585,-0.81417,0.16865,-0.14682,-0.0177,-0.0048,-0.0046,0.000,0.000,0.000,1,450
TRK,2288418,0.53585,-0.81416,0.16864,-0.14683,-0.0177,-0.0048,-0.0046,0.000,0.000,0.000,1,450
TRK,2288438,0.53592,-0.81412,0.16865,-0.14683,-0.0177,-0.0048,-0.0046,0.000,0.000,0.000,1,450
TRK,2288458,0.53598,-0.81408,0.16863,-0.14685,-0.0177,-0.0048,-0.0046,0.000,0.000,0.000,1,450
TRK,2288478,0.53599,-0.81407,0.16858,-0.14692,-0.0177,-0.0048,-0.0046,0.000,0.000,0.000,1,450
TRK,2288500,0.53600,-0.81406,0.16858,-0.14693,-0.0177,-0.0048,-0.0046,0.000,0.000,0.000,1,450
TRK,2288520,0.53602,-0.81405,0.16856,-0.14696,-0.0177,-0.0048,-0.0046,0.000,0.000,0.000,1,450
TRK,2288537,0.53604,-0.81404,0.16858,-0.14693,-0.0177,-0.0048,-0.0046,0.000,0.000,0.000,1,450
TRK,2288558,0.53603,-0.81405,0.16863,-0.14686,-0.0177,-0.0048,-0.0046,0.000,0.000,0.000,1,450
TRK,2288580,0.53598,-0.81407,0.16862,-0.14687,-0.0177,-0.0048,-0.0046,0.000,0.000,0.000,1,450
TRK,2288599,0.53596,-0.81409,0.16859,-0.14691,-0.0177,-0.0048,-0.0046,0.000,0.000,0.000,1,450
TRK,2288617,0.53599,-0.81407,0.16859,-0.14692,-0.0177,-0.0048,-0.0046,0.000,0.000,0.000,1,450
TRK,2288637,0.53596,-0.81409,0.16855,-0.14698,-0.0177,-0.0048,-0.0046,0.000,0.000,0.000,1,450
TRK,2288657,0.53588,-0.81413,0.16850,-0.14704,-0.0177,-0.0048,-0.0046,0.000,0.000,0.000,1,450
TRK,2288678,0.53589,-0.81413,0.16849,-0.14705,-0.0177,-0.0048,-0.0046,0.000,0.000,0.000,1,450
TRK,2288698,0.53594,-0.81410,0.16851,-0.14703,-0.0177,-0.0048,-0.0046,0.000,0.000,0.000,1,450
TRK,2288718,0.53595,-0.81409,0.16855,-0.14698,-0.0177,-0.0048,-0.0046,0.000,0.000,0.000,1,450
TRK,2288740,0.53594,-0.81410,0.16860,-0.14690,-0.0177,-0.0048,-0.0046,0.000,0.000,0.000,1,450
TRK,2288759,0.53592,-0.81412,0.16861,-0.14688,-0.0177,-0.0048,-0.0046,0.000,0.000,0.000,1,450
TRK,2288779,0.53594,-0.81411,0.16862,-0.14687,-0.0177,-0.0048,-0.0046,0.000,0.000,0.000,1,450
TRK,2288799,0.53592,-0.81412,0.16863,-0.14684,-0.0177,-0.0048,-0.0046,0.000,0.000,0.000,1,450
TRK,2288819,0.53586,-0.81416,0.16864,-0.14683,-0.0177,-0.0048,-0.0046,0.000,0.000,0.000,1,450
TRK,2288839,0.53591,-0.81413,0.16867,-0.14678,-0.0177,-0.0048,-0.0046,0.000,0.000,0.000,1,450
TRK,2288859,0.53597,-0.81409,0.16873,-0.14670,-0.0177,-0.0048,-0.0046,0.000,0.000,0.000,1,450
TRK,2288877,0.53594,-0.81411,0.16875,-0.14667,-0.0177,-0.0048,-0.0046,0.000,0.000,0.000,1,450
TRK,2288899,0.53591,-0.81413,0.16871,-0.14673,-0.0177,-0.0048,-0.0046,0.000,0.000,0.000,1,450
TRK,2288919,0.53590,-0.81413,0.16863,-0.14686,-0.0177,-0.0048,-0.0046,0.000,0.000,0.000,1,450
TRK,2288939,0.53591,-0.81412,0.16857,-0.14694,-0.0177,-0.0048,-0.0046,0.000,0.000,0.000,1,450
TRK,2288959,0.53597,-0.81408,0.16853,-0.14700,-0.0177,-0.0048,-0.0046,0.000,0.000,0.000,1,450
TRK,2288978,0.53600,-0.81405,0.16851,-0.14704,-0.0177,-0.0048,-0.0046,0.000,0.000,0.000,1,450
TRK,2288997,0.53604,-0.81403,0.16851,-0.14703,-0.0177,-0.0048,-0.0046,0.000,0.000,0.000,1,450
TRK,2289020,0.53600,-0.81406,0.16850,-0.14706,-0.0177,-0.0048,-0.0046,0.000,0.000,0.000,1,450
TRK,2289039,0.53594,-0.81409,0.16848,-0.14708,-0.0177,-0.0048,-0.0046,0.000,0.000,0.000,1,450
TRK,2289059,0.53596,-0.81408,0.16848,-0.14708,-0.0177,-0.0048,-0.0046,0.000,0.000,0.000,1,450
TRK,2289079,0.53590,-0.81412,0.16847,-0.14709,-0.0177,-0.0048,-0.0046,0.000,0.000,0.000,1,450
TRK,2289099,0.53584,-0.81416,0.16844,-0.14713,-0.0177,-0.0048,-0.0046,0.000,0.000,0.000,1,450
TRK,2289117,0.53583,-0.81417,0.16844,-0.14713,-0.0177,-0.0048,-0.0046,0.000,0.000,0.000,1,450
TRK,2289139,0.53587,-0.81414,0.16844,-0.14714,-0.0177,-0.0048,-0.0046,0.000,0.000,0.000,1,450
TRK,2289160,0.53587,-0.81414,0.16847,-0.14708,-0.0177,-0.0048,-0.0046,0.000,0.000,0.000,1,450
TRK,2289178,0.53585,-0.81416,0.16852,-0.14701,-0.0177,-0.0048,-0.0046,0.000,0.000,0.000,1,450
TRK,2289200,0.53589,-0.81413,0.16852,-0.14702,-0.0177,-0.0048,-0.0046,0.000,0.000,0.000,1,450
TRK,2289218,0.53590,-0.81413,0.16852,-0.14701,-0.0177,-0.0048,-0.0046,0.000,0.000,0.000,1,450
TRK,2289240,0.53585,-0.81416,0.16849,-0.14706,-0.0177,-0.0048,-0.0046,0.000,0.000,0.000,1,450
TRK,2289260,0.53583,-0.81417,0.16848,-0.14707,-0.0177,-0.0048,-0.0046,0.000,0.000,0.000,1,450
TRK,2289278,0.53592,-0.81411,0.16846,-0.14711,-0.0177,-0.0048,-0.0046,0.000,0.000,0.000,1,450
STAT,404.1,400.6,2,4,0,0.0178,0.396,0.0986,0.1184,-0.0501,9.8213,0.63,0.004
TRK,2289300,0.53597,-0.81408,0.16847,-0.14710,-0.0177,-0.0048,-0.0046,0.000,0.000,0.000,1,450
TRK,2289318,0.53594,-0.81409,0.16850,-0.14705,-0.0177,-0.0048,-0.0046,0.000,0.000,0.000,1,450
TRK,2289340,0.53593,-0.81411,0.16853,-0.14701,-0.0177,-0.0048,-0.0046,0.000,0.000,0.000,1,450
TRK,2289358,0.53599,-0.81407,0.16853,-0.14701,-0.0177,-0.0048,-0.0046,0.000,0.000,0.000,1,450
TRK,2289378,0.53599,-0.81407,0.16855,-0.14697,-0.0177,-0.0048,-0.0046,0.000,0.000,0.000,1,450
TRK,2289398,0.53596,-0.81409,0.16858,-0.14693,-0.0177,-0.0048,-0.0046,0.000,0.000,0.000,1,450
TRK,2289418,0.53600,-0.81406,0.16860,-0.14690,-0.0177,-0.0048,-0.0046,0.000,0.000,0.000,1,450
TRK,2289438,0.53602,-0.81405,0.16862,-0.14688,-0.0177,-0.0048,-0.0046,0.000,0.000,0.000,1,450
TRK,2289460,0.53597,-0.81408,0.16866,-0.14682,-0.0177,-0.0048,-0.0046,0.000,0.000,0.000,1,450
TRK,2289478,0.53594,-0.81411,0.16869,-0.14676,-0.0177,-0.0048,-0.0046,0.000,0.000,0.000,1,450
TRK,2289500,0.53594,-0.81411,0.16869,-0.14676,-0.0177,-0.0048,-0.0046,0.000,0.000,0.000,1,450
TRK,2289518,0.53589,-0.81414,0.16866,-0.14680,-0.0177,-0.0048,-0.0046,0.000,0.000,0.000,1,450
TRK,2289540,0.53584,-0.81417,0.16866,-0.14680,-0.0177,-0.0048,-0.0046,0.000,0.000,0.000,1,450
TRK,2289559,0.53579,-0.81420,0.16865,-0.14681,-0.0177,-0.0048,-0.0046,0.000,0.000,0.000,1,450
TRK,2289579,0.53584,-0.81417,0.16865,-0.14682,-0.0177,-0.0048,-0.0046,0.000,0.000,0.000,1,450
TRK,2289597,0.53588,-0.81415,0.16864,-0.14683,-0.0177,-0.0048,-0.0046,0.000,0.000,0.000,1,450
TRK,2289619,0.53586,-0.81416,0.16865,-0.14681,-0.0177,-0.0048,-0.0046,0.000,0.000,0.000,1,450
TRK,2289638,0.53592,-0.81412,0.16865,-0.14683,-0.0177,-0.0048,-0.0046,0.000,0.000,0.000,1,450
TRK,2289658,0.53600,-0.81407,0.16862,-0.14688,-0.0177,-0.0048,-0.0046,0.000,0.000,0.000,1,450
TRK,2289678,0.53600,-0.81406,0.16858,-0.14693,-0.0177,-0.0048,-0.0046,0.000,0.000,0.000,1,450
TRK,2289700,0.53601,-0.81405,0.16856,-0.14696,-0.0177,-0.0048,-0.0046,0.000,0.000,0.000,1,450
TRK,2289720,0.53604,-0.81403,0.16853,-0.14701,-0.0177,-0.0048,-0.0046,0.000,0.000,0.000,1,450
TRK,2289737,0.53603,-0.81404,0.16851,-0.14704,-0.0177,-0.0048,-0.0046,0.000,0.000,0.000,1,450
TRK,2289758,0.53597,-0.81408,0.16852,-0.14703,-0.0177,-0.0048,-0.0046,0.000,0.000,0.000,1,450
TRK,2289779,0.53588,-0.81414,0.16849,-0.14706,-0.0177,-0.0048,-0.0046,0.000,0.000,0.000,1,450
TRK,2289800,0.53587,-0.81414,0.16849,-0.14706,-0.0177,-0.0048,-0.0046,0.000,0.000,0.000,1,450
TRK,2289819,0.53588,-0.81414,0.16847,-0.14709,-0.0177,-0.0048,-0.0046,0.000,0.000,0.000,1,450
TRK,2289837,0.53590,-0.81412,0.16848,-0.14707,-0.0177,-0.0048,-0.0046,0.000,0.000,0.000,1,450
TRK,2289859,0.53590,-0.81412,0.16848,-0.14707,-0.0177,-0.0048,-0.0046,0.000,0.000,0.000,1,450
TRK,2289880,0.53601,-0.81405,0.16851,-0.14704,-0.0177,-0.0048,-0.0046,0.000,0.000,0.000,1,450
TRK,2289900,0.53607,-0.81402,0.16854,-0.14699,-0.0177,-0.0048,-0.0046,0.000,0.000,0.000,1,450
TRK,2289919,0.53605,-0.81403,0.16858,-0.14694,-0.0177,-0.0048,-0.0046,0.000,0.000,0.000,1,450
TRK,2289940,0.53603,-0.81405,0.16861,-0.14689,-0.0177,-0.0048,-0.0046,0.000,0.000,0.000,1,450
TRK,2289960,0.53607,-0.81402,0.16859,-0.14692,-0.0177,-0.0048,-0.0046,0.000,0.000,0.000,1,450
TRK,2289979,0.53605,-0.81403,0.16858,-0.14694,-0.0177,-0.0048,-0.0046,0.000,0.000,0.000,1,450
TRK,2290000,0.53599,-0.81407,0.16857,-0.14695,-0.0177,-0.0048,-0.0046,0.000,0.000,0.000,1,450
TRK,2290019,0.53605,-0.81403,0.16857,-0.14696,-0.0177,-0.0048,-0.0046,0.000,0.000,0.000,1,450
TRK,2290037,0.53616,-0.81395,0.16854,-0.14700,-0.0177,-0.0048,-0.0046,0.000,0.000,0.000,1,450
TRK,2290059,0.53620,-0.81392,0.16849,-0.14709,-0.0177,-0.0048,-0.0046,0.000,0.000,0.000,1,450
TRK,2290077,0.53618,-0.81393,0.16847,-0.14710,-0.0177,-0.0048,-0.0046,0.000,0.000,0.000,1,450
TRK,2290099,0.53616,-0.81394,0.16845,-0.14713,-0.0177,-0.0048,-0.0046,0.000,0.000,0.000,1,450
TRK,2290120,0.53626,-0.81388,0.16842,-0.14719,-0.0177,-0.0048,-0.0046,0.000,0.000,0.000,1,450
TRK,2290138,0.53621,-0.81391,0.16843,-0.14717,-0.0177,-0.0048,-0.0046,0.000,0.000,0.000,1,450
TRK,2290158,0.53615,-0.81395,0.16846,-0.14712,-0.0177,-0.0048,-0.0046,0.000,0.000,0.000,1,450
TRK,2290178,0.53617,-0.81394,0.16849,-0.14708,-0.0177,-0.0048,-0.0046,0.000,0.000,0.000,1,450
TRK,2290200,0.53617,-0.81394,0.16848,-0.14710,-0.0177,-0.0048,-0.0046,0.000,0.000,0.000,1,450
TRK,2290218,0.53604,-0.81403,0.16848,-0.14708,-0.0177,-0.0048,-0.0046,0.000,0.000,0.000,1,450
TRK,2290240,0.53596,-0.81408,0.16850,-0.14705,-0.0177,-0.0048,-0.0046,0.000,0.000,0.000,1,450
TRK,2290259,0.53598,-0.81406,0.16847,-0.14710,-0.0177,-0.0048,-0.0046,0.000,0.000,0.000,1,450
TRK,2290279,0.53596,-0.81408,0.16846,-0.14711,-0.0177,-0.0048,-0.0046,0.000,0.000,0.000,1,450
STAT,404.1,400.6,2,4,0,0.0202,0.486,0.1064,0.1075,-0.0345,9.8221,0.63,0.004
TRK,2290297,0.53584,-0.81416,0.16846,-0.14710,-0.0177,-0.0048,-0.0046,0.000,0.000,0.000,1,450
TRK,2290319,0.53577,-0.81421,0.16847,-0.14708,-0.0177,-0.0048,-0.0046,0.000,0.000,0.000,1,450
TRK,2290338,0.53580,-0.81419,0.16848,-0.14707,-0.0177,-0.0048,-0.0046,0.000,0.000,0.000,1,450
TRK,2290359,0.53577,-0.81421,0.16851,-0.14703,-0.0177,-0.0048,-0.0046,0.000,0.000,0.000,1,450
TRK,2290378,0.53575,-0.81422,0.16852,-0.14700,-0.0177,-0.0048,-0.0046,0.000,0.000,0.000,1,450
TRK,2290398,0.53577,-0.81421,0.16855,-0.14697,-0.0177,-0.0048,-0.0046,0.000,0.000,0.000,1,450
TRK,2290420,0.53585,-0.81416,0.16852,-0.14701,-0.0177,-0.0048,-0.0046,0.000,0.000,0.000,1,450
TRK,2290440,0.53589,-0.81413,0.16851,-0.14704,-0.0177,-0.0048,-0.0046,0.000,0.000,0.000,1,450
TRK,2290460,0.53590,-0.81412,0.16849,-0.14706,-0.0177,-0.0048,-0.0046,0.000,0.000,0.000,1,450
TRK,2290478,0.53588,-0.81413,0.16851,-0.14704,-0.0177,-0.0048,-0.0046,0.000,0.000,0.000,1,450
TRK,2290500,0.53594,-0.81410,0.16854,-0.14699,-0.0177,-0.0048,-0.0046,0.000,0.000,0.000,1,450
TRK,2290520,0.53594,-0.81410,0.16858,-0.14693,-0.0177,-0.0048,-0.0046,0.000,0.000,0.000,1,450
TRK,2290538,0.53596,-0.81409,0.16859,-0.14691,-0.0177,-0.0048,-0.0046,0.000,0.000,0.000,1,450
TRK,2290560,0.53593,-0.81411,0.16858,-0.14693,-0.0177,-0.0048,-0.0046,0.000,0.000,0.000,1,450
TRK,2290578,0.53594,-0.81410,0.16858,-0.14693,-0.0177,-0.0048,-0.0046,0.000,0.000,0.000,1,450
TRK,2290598,0.53596,-0.81409,0.16855,-0.14698,-0.0177,-0.0048,-0.0046,0.000,0.000,0.000,1,450
TRK,2290619,0.53595,-0.81409,0.16854,-0.14699,-0.0177,-0.0048,-0.0046,0.000,0.000,0.000,1,450
TRK,2290638,0.53597,-0.81408,0.16855,-0.14697,-0.0177,-0.0048,-0.0046,0.000,0.000,0.000,1,450
TRK,2290660,0.53601,-0.81406,0.16859,-0.14692,-0.0177,-0.0048,-0.0046,0.000,0.000,0.000,1,450
TRK,2290678,0.53601,-0.81405,0.16861,-0.14689,-0.0177,-0.0048,-0.0046,0.000,0.000,0.000,1,450
TRK,2290699,0.53599,-0.81407,0.16866,-0.14681,-0.0177,-0.0048,-0.0046,0.000,0.000,0.000,1,450
TRK,2290719,0.53599,-0.81407,0.16869,-0.14677,-0.0177,-0.0048,-0.0046,0.000,0.000,0.000,1,450
TRK,2290739,0.53595,-0.81410,0.16867,-0.14680,-0.0177,-0.0048,-0.0046,0.000,0.000,0.000,1,450
TRK,2290759,0.53592,-0.81412,0.16865,-0.14682,-0.0177,-0.0048,-0.0046,0.000,0.000,0.000,1,450
TRK,2290779,0.53587,-0.81415,0.16863,-0.14686,-0.0177,-0.0048,-0.0046,0.000,0.000,0.000,1,450
TRK,2290797,0.53591,-0.81412,0.16861,-0.14689,-0.0177,-0.0048,-0.0046,0.000,0.000,0.000,1,450
TRK,2290819,0.53588,-0.81414,0.16861,-0.14688,-0.0177,-0.0048,-0.0046,0.000,0.000,0.000,1,450
TRK,2290838,0.53586,-0.81416,0.16864,-0.14684,-0.0177,-0.0048,-0.0046,0.000,0.000,0.000,1,450
TRK,2290858,0.53586,-0.81416,0.16868,-0.14678,-0.0177,-0.0048,-0.0046,0.000,0.000,0.000,1,450
TRK,2290878,0.53585,-0.81417,0.16865,-0.14682,-0.0177,-0.0048,-0.0046,0.000,0.000,0.000,1,450
TRK,2290900,0.53585,-0.81416,0.16862,-0.14686,-0.0177,-0.0048,-0.0046,0.000,0.000,0.000,1,450
TRK,2290919,0.53585,-0.81416,0.16859,-0.14690,-0.0177,-0.0048,-0.0046,0.000,0.000,0.000,1,450
TRK,2290937,0.53586,-0.81416,0.16859,-0.14691,-0.0177,-0.0048,-0.0046,0.000,0.000,0.000,1,450
TRK,2290957,0.53587,-0.81415,0.16858,-0.14693,-0.0177,-0.0048,-0.0046,0.000,0.000,0.000,1,450
TRK,2290979,0.53588,-0.81414,0.16857,-0.14694,-0.0177,-0.0048,-0.0046,0.000,0.000,0.000,1,450
TRK,2290999,0.53594,-0.81410,0.16856,-0.14696,-0.0177,-0.0048,-0.0046,0.000,0.000,0.000,1,450
TRK,2291020,0.53594,-0.81410,0.16857,-0.14695,-0.0177,-0.0048,-0.0046,0.000,0.000,0.000,1,450
TRK,2291038,0.53592,-0.81411,0.16856,-0.14696,-0.0177,-0.0048,-0.0046,0.000,0.000,0.000,1,450
TRK,2291059,0.53591,-0.81412,0.16856,-0.14696,-0.0177,-0.0048,-0.0046,0.000,0.000,0.000,1,450
TRK,2291080,0.53589,-0.81413,0.16855,-0.14698,-0.0177,-0.0048,-0.0046,0.000,0.000,0.000,1,450
TRK,2291098,0.53586,-0.81415,0.16855,-0.14697,-0.0177,-0.0048,-0.0046,0.000,0.000,0.000,1,450
TRK,2291118,0.53582,-0.81418,0.16853,-0.14700,-0.0177,-0.0048,-0.0046,0.000,0.000,0.000,1,450
TRK,2291140,0.53583,-0.81417,0.16852,-0.14702,-0.0177,-0.0048,-0.0046,0.000,0.000,0.000,1,450
TRK,2291160,0.53581,-0.81418,0.16850,-0.14704,-0.0177,-0.0048,-0.0046,0.000,0.000,0.000,1,450
TRK,2291178,0.53581,-0.81418,0.16849,-0.14705,-0.0177,-0.0048,-0.0046,0.000,0.000,0.000,1,450
TRK,2291200,0.53580,-0.81419,0.16848,-0.14707,-0.0177,-0.0048,-0.0046,0.000,0.000,0.000,1,450
TRK,2291220,0.53577,-0.81421,0.16845,-0.14711,-0.0177,-0.0048,-0.0046,0.000,0.000,0.000,1,450
TRK,2291240,0.53578,-0.81420,0.16844,-0.14713,-0.0177,-0.0048,-0.0046,0.000,0.000,0.000,1,450
TRK,2291260,0.53581,-0.81418,0.16843,-0.14714,-0.0177,-0.0048,-0.0046,0.000,0.000,0.000,1,450
TRK,2291279,0.53579,-0.81420,0.16845,-0.14711,-0.0177,-0.0048,-0.0046,0.000,0.000,0.000,1,450
STAT,404.1,400.6,2,4,0,0.0205,0.232,0.1083,0.1063,-0.0395,9.8224,0.63,0.004
TRK,2291298,0.53581,-0.81418,0.16848,-0.14708,-0.0177,-0.0048,-0.0046,0.000,0.000,0.000,1,450
TRK,2291318,0.53577,-0.81421,0.16848,-0.14707,-0.0177,-0.0048,-0.0046,0.000,0.000,0.000,1,450
TRK,2291338,0.53585,-0.81415,0.16851,-0.14703,-0.0177,-0.0048,-0.0046,0.000,0.000,0.000,1,450
TRK,2291359,0.53588,-0.81414,0.16854,-0.14698,-0.0177,-0.0048,-0.0046,0.000,0.000,0.000,1,450
TRK,2291380,0.53590,-0.81412,0.16857,-0.14695,-0.0177,-0.0048,-0.0046,0.000,0.000,0.000,1,450
TRK,2291400,0.53592,-0.81411,0.16856,-0.14696,-0.0177,-0.0048,-0.0046,0.000,0.000,0.000,1,450
TRK,2291418,0.53596,-0.81408,0.16854,-0.14699,-0.0177,-0.0048,-0.0046,0.000,0.000,0.000,1,450
TRK,2291440,0.53597,-0.81408,0.16855,-0.14698,-0.0177,-0.0048,-0.0046,0.000,0.000,0.000,1,450
TRK,2291459,0.53600,-0.81406,0.16857,-0.14695,-0.0177,-0.0048,-0.0046,0.000,0.000,0.000,1,450
TRK,2291480,0.53609,-0.81400,0.16857,-0.14695,-0.0177,-0.0048,-0.0046,0.000,0.000,0.000,1,450
TRK,2291499,0.53612,-0.81398,0.16858,-0.14694,-0.0177,-0.0048,-0.0046,0.000,0.000,0.000,1,450
TRK,2291517,0.53612,-0.81398,0.16855,-0.14699,-0.0177,-0.0048,-0.0046,0.000,0.000,0.000,1,450
TRK,2291539,0.53612,-0.81398,0.16852,-0.14703,-0.0177,-0.0048,-0.0046,0.000,0.000,0.000,1,450
TRK,2291560,0.53617,-0.81394,0.16848,-0.14710,-0.0177,-0.0048,-0.0046,0.000,0.000,0.000,1,450
TRK,2291580,0.53615,-0.81395,0.16845,-0.14715,-0.0177,-0.0048,-0.0046,0.000,0.000,0.000,1,450
TRK,2291600,0.53615,-0.81395,0.16841,-0.14720,-0.0177,-0.0048,-0.0046,0.000,0.000,0.000,1,450
TRK,2291620,0.53616,-0.81394,0.16840,-0.14721,-0.0177,-0.0048,-0.0046,0.000,0.000,0.000,1,450
TRK,2291640,0.53618,-0.81393,0.16843,-0.14717,-0.0177,-0.0048,-0.0046,0.000,0.000,0.000,1,450
TRK,2291658,0.53617,-0.81394,0.16850,-0.14707,-0.0177,-0.0048,-0.0046,0.000,0.000,0.000,1,450
TRK,2291678,0.53617,-0.81395,0.16854,-0.14701,-0.0177,-0.0048,-0.0046,0.000,0.000,0.000,1,450
TRK,2291698,0.53619,-0.81393,0.16860,-0.14692,-0.0177,-0.0048,-0.0046,0.000,0.000,0.000,1,450
TRK,2291719,0.53621,-0.81392,0.16861,-0.14691,-0.0177,-0.0048,-0.0046,0.000,0.000,0.000,1,450
TRK,2291740,0.53624,-0.81390,0.16862,-0.14688,-0.0177,-0.0048,-0.0046,0.000,0.000,0.000,1,450
TRK,2291759,0.53628,-0.81387,0.16860,-0.14692,-0.0177,-0.0048,-0.0046,0.000,0.000,0.000,1,450
TRK,2291778,0.53629,-0.81386,0.16858,-0.14696,-0.0177,-0.0048,-0.0046,0.000,0.000,0.000,1,450
TRK,2291798,0.53632,-0.81384,0.16857,-0.14696,-0.0177,-0.0048,-0.0046,0.000,0.000,0.000,1,450
TRK,2291819,0.53630,-0.81386,0.16860,-0.14693,-0.0177,-0.0048,-0.0046,0.000,0.000,0.000,1,450
TRK,2291840,0.53626,-0.81389,0.16861,-0.14691,-0.0177,-0.0048,-0.0046,0.000,0.000,0.000,1,450
TRK,2291858,0.53626,-0.81389,0.16861,-0.14691,-0.0177,-0.0048,-0.0046,0.000,0.000,0.000,1,450
TRK,2291877,0.53624,-0.81390,0.16859,-0.14693,-0.0177,-0.0048,-0.0046,0.000,0.000,0.000,1,450
TRK,2291900,0.53621,-0.81392,0.16857,-0.14696,-0.0177,-0.0048,-0.0046,0.000,0.000,0.000,1,450
TRK,2291919,0.53615,-0.81396,0.16857,-0.14696,-0.0177,-0.0048,-0.0046,0.000,0.000,0.000,1,450
TRK,2291939,0.53614,-0.81397,0.16856,-0.14697,-0.0177,-0.0048,-0.0046,0.000,0.000,0.000,1,450
TRK,2291959,0.53609,-0.81400,0.16855,-0.14698,-0.0177,-0.0048,-0.0046,0.000,0.000,0.000,1,450
TRK,2291980,0.53602,-0.81405,0.16856,-0.14696,-0.0177,-0.0048,-0.0046,0.000,0.000,0.000,1,450
TRK,2292000,0.53602,-0.81405,0.16857,-0.14695,-0.0177,-0.0048,-0.0046,0.000,0.000,0.000,1,450
TRK,2292018,0.53607,-0.81401,0.16857,-0.14695,-0.0177,-0.0048,-0.0046,0.000,0.000,0.000,1,450
TRK,2292038,0.53606,-0.81402,0.16853,-0.14701,-0.0177,-0.0048,-0.0046,0.000,0.000,0.000,1,450
TRK,2292060,0.53600,-0.81406,0.16851,-0.14704,-0.0177,-0.0048,-0.0046,0.000,0.000,0.000,1,450
TRK,2292078,0.53603,-0.81403,0.16851,-0.14704,-0.0177,-0.0048,-0.0046,0.000,0.000,0.000,1,450
TRK,2292100,0.53608,-0.81400,0.16849,-0.14707,-0.0177,-0.0048,-0.0046,0.000,0.000,0.000,1,450
TRK,2292118,0.53605,-0.81402,0.16849,-0.14707,-0.0177,-0.0048,-0.0046,0.000,0.000,0.000,1,450
TRK,2292140,0.53599,-0.81406,0.16851,-0.14704,-0.0177,-0.0048,-0.0046,0.000,0.000,0.000,1,450
TRK,2292158,0.53603,-0.81404,0.16853,-0.14700,-0.0177,-0.0048,-0.0046,0.000,0.000,0.000,1,450
TRK,2292180,0.53608,-0.81401,0.16857,-0.14696,-0.0177,-0.0048,-0.0046,0.000,0.000,0.000,1,450
TRK,2292200,0.53601,-0.81405,0.16859,-0.14692,-0.0177,-0.0048,-0.0046,0.000,0.000,0.000,1,450
TRK,2292218,0.53593,-0.81411,0.16862,-0.14686,-0.0177,-0.0048,-0.0046,0.000,0.000,0.000,1,450
TRK,2292240,0.53594,-0.81410,0.16864,-0.14685,-0.0177,-0.0048,-0.0046,0.000,0.000,0.000,1,450
TRK,2292258,0.53597,-0.81409,0.16865,-0.14682,-0.0177,-0.0048,-0.0046,0.000,0.000,0.000,1,450
TRK,2292278,0.53591,-0.81413,0.16864,-0.14684,-0.0177,-0.0048,-0.0046,0.000,0.000,0.000,1,450
STAT,404.0,400.5,2,4,0,0.0223,0.486,0.1120,0.1125,-0.0429,9.8180,0.63,0.004
TRK,2292297,0.53589,-0.81414,0.16862,-0.14687,-0.0177,-0.0048,-0.0046,0.000,0.000,0.000,1,450
TRK,2292320,0.53598,-0.81408,0.16863,-0.14685,-0.0177,-0.0048,-0.0046,0.000,0.000,0.000,1,450
TRK,2292338,0.53601,-0.81406,0.16860,-0.14690,-0.0177,-0.0048,-0.0046,0.000,0.000,0.000,1,450
TRK,2292360,0.53600,-0.81406,0.16861,-0.14690,-0.0177,-0.0048,-0.0046,0.000,0.000,0.000,1,450
TRK,2292378,0.53601,-0.81405,0.16858,-0.14693,-0.0177,-0.0048,-0.0046,0.000,0.000,0.000,1,450
TRK,2292400,0.53603,-0.81404,0.16856,-0.14697,-0.0177,-0.0048,-0.0046,0.000,0.000,0.000,1,450
TRK,2292418,0.53603,-0.81404,0.16854,-0.14700,-0.0177,-0.0048,-0.0046,0.000,0.000,0.000,1,450
TRK,2292440,0.53599,-0.81406,0.16851,-0.14704,-0.0177,-0.0048,-0.0046,0.000,0.000,0.000,1,450
TRK,2292458,0.53602,-0.81404,0.16849,-0.14707,-0.0177,-0.0048,-0.0046,0.000,0.000,0.000,1,450
TRK,2292478,0.53606,-0.81401,0.16846,-0.14712,-0.0177,-0.0048,-0.0046,0.000,0.000,0.000,1,450
TRK,2292498,0.53600,-0.81405,0.16845,-0.14713,-0.0177,-0.0048,-0.0046,0.000,0.000,0.000,1,450
TRK,2292518,0.53592,-0.81411,0.16843,-0.14716,-0.0177,-0.0048,-0.0046,0.000,0.000,0.000,1,450
TRK,2292538,0.53591,-0.81411,0.16844,-0.14714,-0.0177,-0.0048,-0.0046,0.000,0.000,0.000,1,450
TRK,2292559,0.53595,-0.81409,0.16844,-0.14714,-0.0177,-0.0048,-0.0046,0.000,0.000,0.000,1,450
TRK,2292579,0.53599,-0.81406,0.16847,-0.14710,-0.0177,-0.0048,-0.0046,0.000,0.000,0.000,1,450
TRK,2292597,0.53593,-0.81410,0.16849,-0.14707,-0.0177,-0.0048,-0.0046,0.000,0.000,0.000,1,450
TRK,2292617,0.53594,-0.81410,0.16853,-0.14701,-0.0177,-0.0048,-0.0046,0.000,0.000,0.000,1,450
TRK,2292639,0.53596,-0.81408,0.16849,-0.14708,-0.0177,-0.0048,-0.0046,0.000,0.000,0.000,1,450
TRK,2292660,0.53595,-0.81409,0.16846,-0.14712,-0.0177,-0.0048,-0.0046,0.000,0.000,0.000,1,450
TRK,2292679,0.53588,-0.81413,0.16846,-0.14711,-0.0177,-0.0048,-0.0046,0.000,0.000,0.000,1,450
TRK,2292697,0.53585,-0.81415,0.16846,-0.14711,-0.0177,-0.0048,-0.0046,0.000,0.000,0.000,1,450
TRK,2292719,0.53587,-0.81414,0.16845,-0.14713,-0.0177,-0.0048,-0.0046,0.000,0.000,0.000,1,450
TRK,2292737,0.53585,-0.81415,0.16846,-0.14711,-0.0177,-0.0048,-0.0046,0.000,0.000,0.000,1,450
TRK,2292759,0.53573,-0.81423,0.16846,-0.14711,-0.0177,-0.0048,-0.0046,0.000,0.000,0.000,1,450
TRK,2292779,0.53572,-0.81424,0.16846,-0.14709,-0.0177,-0.0048,-0.0046,0.000,0.000,0.000,1,450
TRK,2292800,0.53582,-0.81417,0.16845,-0.14712,-0.0177,-0.0048,-0.0046,0.000,0.000,0.000,1,450
TRK,2292820,0.53579,-0.81419,0.16846,-0.14710,-0.0177,-0.0048,-0.0046,0.000,0.000,0.000,1,450
TRK,2292838,0.53573,-0.81423,0.16846,-0.14709,-0.0177,-0.0048,-0.0046,0.000,0.000,0.000,1,450
TRK,2292857,0.53577,-0.81420,0.16846,-0.14710,-0.0177,-0.0048,-0.0046,0.000,0.000,0.000,1,450
TRK,2292879,0.53587,-0.81414,0.16846,-0.14710,-0.0177,-0.0048,-0.0046,0.000,0.000,0.000,1,450
TRK,2292900,0.53581,-0.81418,0.16846,-0.14710,-0.0177,-0.0048,-0.0046,0.000,0.000,0.000,1,450
TRK,2292919,0.53578,-0.81420,0.16845,-0.14712,-0.0177,-0.0048,-0.0046,0.000,0.000,0.000,1,450
TRK,2292937,0.53586,-0.81414,0.16841,-0.14718,-0.0177,-0.0048,-0.0046,0.000,0.000,0.000,1,450
TRK,2292959,0.53595,-0.81408,0.16839,-0.14721,-0.0177,-0.0048,-0.0046,0.000,0.000,0.000,1,450
TRK,2292977,0.53594,-0.81409,0.16836,-0.14726,-0.0177,-0.0048,-0.0046,0.000,0.000,0.000,1,450
TRK,2292999,0.53590,-0.81411,0.16840,-0.14720,-0.0177,-0.0048,-0.0046,0.000,0.000,0.000,1,450
TRK,2293019,0.53599,-0.81405,0.16838,-0.14723,-0.0177,-0.0048,-0.0046,0.000,0.000,0.000,1,450
TRK,2293037,0.53605,-0.81401,0.16839,-0.14723,-0.0177,-0.0048,-0.0046,0.000,0.000,0.000,1,450
TRK,2293057,0.53593,-0.81409,0.16835,-0.14727,-0.0177,-0.0048,-0.0046,0.000,0.000,0.000,1,450
TRK,2293080,0.53588,-0.81413,0.16836,-0.14725,-0.0177,-0.0048,-0.0046,0.000,0.000,0.000,1,450
TRK,2293099,0.53596,-0.81407,0.16833,-0.14730,-0.0177,-0.0048,-0.0046,0.000,0.000,0.000,1,450
TRK,2293117,0.53596,-0.81407,0.16833,-0.14730,-0.0177,-0.0048,-0.0046,0.000,0.000,0.000,1,450
TRK,2293139,0.53579,-0.81419,0.16837,-0.14724,-0.0177,-0.0048,-0.0046,0.000,0.000,0.000,1,450
TRK,2293157,0.53579,-0.81419,0.16842,-0.14717,-0.0177,-0.0048,-0.0046,0.000,0.000,0.000,1,450
TRK,2293179,0.53604,-0.81403,0.16844,-0.14715,-0.0177,-0.0048,-0.0046,0.000,0.000,0.000,1,450
TRK,2293197,0.53601,-0.81404,0.16846,-0.14712,-0.0177,-0.0048,-0.0046,0.000,0.000,0.000,1,450
TRK,2293218,0.53570,-0.81426,0.16848,-0.14706,-0.0177,-0.0048,-0.0046,0.000,0.000,0.000,1,450
TRK,2293238,0.53579,-0.81420,0.16853,-0.14700,-0.0177,-0.0048,-0.0046,0.000,0.000,0.000,1,450
TRK,2293258,0.53614,-0.81396,0.16850,-0.14706,-0.0177,-0.0048,-0.0046,0.000,0.000,0.000,1,450
TRK,2293280,0.53598,-0.81407,0.16856,-0.14697,-0.0177,-0.0048,-0.0046,0.000,0.000,0.000,1,450
STAT,404.0,400.5,2,4,0,0.0454,1.956,0.1099,0.1176,-0.0547,9.8198,0.63,0.004
TRK,2293298,0.53567,-0.81428,0.16861,-0.14687,-0.0177,-0.0048,-0.0046,0.000,0.000,0.000,1,450
TRK,2293319,0.53593,-0.81411,0.16865,-0.14683,-0.0177,-0.0048,-0.0046,0.000,0.000,0.000,1,450
TRK,2293339,0.53621,-0.81393,0.16867,-0.14682,-0.0177,-0.0048,-0.0046,0.000,0.000,0.000,1,450
TRK,2293359,0.53580,-0.81420,0.16874,-0.14669,-0.0177,-0.0048,-0.0046,0.000,0.000,0.000,1,450
TRK,2293379,0.53552,-0.81440,0.16875,-0.14665,-0.0177,-0.0048,-0.0046,0.000,0.000,0.000,1,450
TRK,2293399,0.53587,-0.81415,0.16872,-0.14672,-0.0177,-0.0048,-0.0046,0.000,0.000,0.000,1,450
TRK,2293419,0.53628,-0.81388,0.16867,-0.14682,-0.0177,-0.0048,-0.0046,0.000,0.000,0.000,1,450
TRK,2293440,0.53576,-0.81423,0.16866,-0.14680,-0.0177,-0.0048,-0.0046,0.000,0.000,0.000,1,450
TRK,2293458,0.53538,-0.81448,0.16868,-0.14675,-0.0177,-0.0048,-0.0046,0.000,0.000,0.000,1,450
TRK,2293479,0.53595,-0.81409,0.16860,-0.14690,-0.0177,-0.0048,-0.0046,0.000,0.000,0.000,1,450
TRK,2293498,0.53621,-0.81392,0.16858,-0.14696,-0.0177,-0.0048,-0.0046,0.000,0.000,0.000,1,450
TRK,2293517,0.53581,-0.81419,0.16860,-0.14690,-0.0177,-0.0048,-0.0046,0.000,0.000,0.000,1,450
TRK,2293537,0.53539,-0.81447,0.16860,-0.14687,-0.0177,-0.0048,-0.0046,0.000,0.000,0.000,1,450
TRK,2293560,0.53582,-0.81418,0.16857,-0.14694,-0.0177,-0.0048,-0.0046,0.000,0.000,0.000,1,450
TRK,2293579,0.53603,-0.81403,0.16855,-0.14699,-0.0177,-0.0048,-0.0046,0.000,0.000,0.000,1,450
TRK,2293597,0.53567,-0.81428,0.16856,-0.14695,-0.0177,-0.0048,-0.0046,0.000,0.000,0.000,1,450
TRK,2293619,0.53544,-0.81443,0.16857,-0.14692,-0.0177,-0.0048,-0.0046,0.000,0.000,0.000,1,450
TRK,2293640,0.53588,-0.81414,0.16849,-0.14706,-0.0177,-0.0048,-0.0046,0.000,0.000,0.000,1,450
TRK,2293659,0.53594,-0.81409,0.16851,-0.14705,-0.0177,-0.0048,-0.0046,0.000,0.000,0.000,1,450
TRK,2293677,0.53565,-0.81429,0.16851,-0.14701,-0.0177,-0.0048,-0.0046,0.000,0.000,0.000,1,450
TRK,2293699,0.53571,-0.81425,0.16852,-0.14702,-0.0177,-0.0048,-0.0046,0.000,0.000,0.000,1,450
TRK,2293718,0.53594,-0.81410,0.16852,-0.14702,-0.0177,-0.0048,-0.0046,0.000,0.000,0.000,1,450
TRK,2293740,0.53592,-0.81411,0.16853,-0.14701,-0.0177,-0.0048,-0.0046,0.000,0.000,0.000,1,450
TRK,2293758,0.53567,-0.81428,0.16856,-0.14695,-0.0177,-0.0048,-0.0046,0.000,0.000,0.000,1,450
TRK,2293777,0.53579,-0.81420,0.16853,-0.14699,-0.0177,-0.0048,-0.0046,0.000,0.000,0.000,1,450
TRK,2293800,0.53606,-0.81402,0.16854,-0.14701,-0.0177,-0.0048,-0.0046,0.000,0.000,0.000,1,450
TRK,2293819,0.53595,-0.81409,0.16856,-0.14696,-0.0177,-0.0048,-0.0046,0.000,0.000,0.000,1,450
TRK,2293837,0.53587,-0.81414,0.16858,-0.14693,-0.0177,-0.0048,-0.0046,0.000,0.000,0.000,1,450
TRK,2293859,0.53604,-0.81403,0.16855,-0.14698,-0.0177,-0.0048,-0.0046,0.000,0.000,0.000,1,450
TRK,2293880,0.53612,-0.81398,0.16858,-0.14694,-0.0177,-0.0048,-0.0046,0.000,0.000,0.000,1,450
TRK,2293898,0.53596,-0.81409,0.16862,-0.14687,-0.0177,-0.0048,-0.0046,0.000,0.000,0.000,1,450
TRK,2293919,0.53592,-0.81412,0.16864,-0.14684,-0.0177,-0.0048,-0.0046,0.000,0.000,0.000,1,450
TRK,2293938,0.53602,-0.81405,0.16868,-0.14679,-0.0177,-0.0048,-0.0046,0.000,0.000,0.000,1,450
TRK,2293958,0.53595,-0.81410,0.16870,-0.14676,-0.0177,-0.0048,-0.0046,0.000,0.000,0.000,1,450
TRK,2293978,0.53581,-0.81419,0.16867,-0.14679,-0.0177,-0.0048,-0.0046,0.000,0.000,0.000,1,450
TRK,2293999,0.53585,-0.81417,0.16863,-0.14685,-0.0177,-0.0048,-0.0046,0.000,0.000,0.000,1,450
TRK,2294018,0.53590,-0.81413,0.16862,-0.14688,-0.0177,-0.0048,-0.0046,0.000,0.000,0.000,1,450
TRK,2294040,0.53584,-0.81417,0.16863,-0.14685,-0.0177,-0.0048,-0.0046,0.000,0.000,0.000,1,450
TRK,2294058,0.53584,-0.81417,0.16869,-0.14676,-0.0177,-0.0048,-0.0046,0.000,0.000,0.000,1,450
TRK,2294080,0.53604,-0.81404,0.16872,-0.14673,-0.0177,-0.0048,-0.0046,0.000,0.000,0.000,1,450
TRK,2294100,0.53602,-0.81405,0.16874,-0.14671,-0.0177,-0.0048,-0.0046,0.000,0.000,0.000,1,450
TRK,2294120,0.53593,-0.81412,0.16873,-0.14670,-0.0177,-0.0048,-0.0046,0.000,0.000,0.000,1,450
TRK,2294138,0.53597,-0.81409,0.16869,-0.14677,-0.0177,-0.0048,-0.0046,0.000,0.000,0.000,1,450
TRK,2294160,0.53605,-0.81403,0.16867,-0.14681,-0.0177,-0.0048,-0.0046,0.000,0.000,0.000,1,450
TRK,2294178,0.53593,-0.81411,0.16867,-0.14680,-0.0177,-0.0048,-0.0046,0.000,0.000,0.000,1,450
TRK,2294199,0.53584,-0.81418,0.16869,-0.14677,-0.0177,-0.0048,-0.0046,0.000,0.000,0.000,1,450
TRK,2294218,0.53590,-0.81413,0.16868,-0.14679,-0.0177,-0.0048,-0.0046,0.000,0.000,0.000,1,450
TRK,2294240,0.53593,-0.81411,0.16868,-0.14678,-0.0177,-0.0048,-0.0046,0.000,0.000,0.000,1,450
TRK,2294258,0.53587,-0.81416,0.16871,-0.14674,-0.0177,-0.0048,-0.0046,0.000,0.000,0.000,1,450
TRK,2294278,0.53588,-0.81415,0.16870,-0.14675,-0.0177,-0.0048,-0.0046,0.000,0.000,0.000,1,450
STAT,404.4,400.9,2,4,0,0.0264,0.622,0.1072,0.1271,-0.0559,9.8217,0.63,0.004
TRK,2294300,0.53606,-0.81403,0.16869,-0.14677,-0.0177,-0.0048,-0.0046,0.000,0.000,0.000,1,450
TRK,2294319,0.53606,-0.81403,0.16872,-0.14673,-0.0177,-0.0048,-0.0046,0.000,0.000,0.000,1,450
TRK,2294340,0.53598,-0.81409,0.16877,-0.14665,-0.0177,-0.0048,-0.0046,0.000,0.000,0.000,1,450
TRK,2294360,0.53599,-0.81408,0.16880,-0.14662,-0.0177,-0.0048,-0.0046,0.000,0.000,0.000,1,450
TRK,2294379,0.53605,-0.81404,0.16883,-0.14657,-0.0177,-0.0048,-0.0046,0.000,0.000,0.000,1,450
TRK,2294398,0.53604,-0.81405,0.16881,-0.14660,-0.0177,-0.0048,-0.0046,0.000,0.000,0.000,1,450
TRK,2294418,0.53593,-0.81412,0.16874,-0.14669,-0.0177,-0.0048,-0.0046,0.000,0.000,0.000,1,450
TRK,2294438,0.53596,-0.81410,0.16868,-0.14679,-0.0177,-0.0048,-0.0046,0.000,0.000,0.000,1,450
TRK,2294458,0.53603,-0.81404,0.16862,-0.14689,-0.0177,-0.0048,-0.0046,0.000,0.000,0.000,1,450
TRK,2294480,0.53599,-0.81407,0.16862,-0.14689,-0.0177,-0.0048,-0.0046,0.000,0.000,0.000,1,450
TRK,2294500,0.53587,-0.81415,0.16865,-0.14683,-0.0177,-0.0048,-0.0046,0.000,0.000,0.000,1,450
TRK,2294518,0.53593,-0.81411,0.16873,-0.14672,-0.0177,-0.0048,-0.0046,0.000,0.000,0.000,1,450
TRK,2294540,0.53604,-0.81405,0.16878,-0.14665,-0.0177,-0.0048,-0.0046,0.000,0.000,0.000,1,450
TRK,2294559,0.53604,-0.81405,0.16878,-0.14664,-0.0177,-0.0048,-0.0046,0.000,0.000,0.000,1,450
TRK,2294580,0.53592,-0.81412,0.16876,-0.14667,-0.0177,-0.0048,-0.0046,0.000,0.000,0.000,1,450
TRK,2294599,0.53590,-0.81414,0.16873,-0.14671,-0.0177,-0.0048,-0.0046,0.000,0.000,0.000,1,450
TRK,2294617,0.53594,-0.81410,0.16867,-0.14680,-0.0177,-0.0048,-0.0046,0.000,0.000,0.000,1,450
TRK,2294639,0.53596,-0.81410,0.16869,-0.14677,-0.0177,-0.0048,-0.0046,0.000,0.000,0.000,1,450
TRK,2294660,0.53579,-0.81421,0.16875,-0.14667,-0.0177,-0.0048,-0.0046,0.000,0.000,0.000,1,450
TRK,2294680,0.53562,-0.81433,0.16885,-0.14651,-0.0177,-0.0048,-0.0046,0.000,0.000,0.000,1,450
TRK,2294700,0.53573,-0.81426,0.16890,-0.14645,-0.0177,-0.0048,-0.0046,0.000,0.000,0.000,1,450
TRK,2294718,0.53571,-0.81428,0.16892,-0.14641,-0.0177,-0.0048,-0.0046,0.000,0.000,0.000,1,450
TRK,2294737,0.53563,-0.81433,0.16891,-0.14643,-0.0177,-0.0048,-0.0046,0.000,0.000,0.000,1,450
TRK,2294760,0.53567,-0.81430,0.16880,-0.14659,-0.0177,-0.0048,-0.0046,0.000,0.000,0.000,1,450
TRK,2294779,0.53573,-0.81425,0.16877,-0.14664,-0.0177,-0.0048,-0.0046,0.000,0.000,0.000,1,450
TRK,2294797,0.53565,-0.81431,0.16878,-0.14662,-0.0177,-0.0048,-0.0046,0.000,0.000,0.000,1,450
TRK,2294819,0.53570,-0.81427,0.16878,-0.14663,-0.0177,-0.0048,-0.0046,0.000,0.000,0.000,1,450
TRK,2294837,0.53587,-0.81416,0.16879,-0.14662,-0.0177,-0.0048,-0.0046,0.000,0.000,0.000,1,450
TRK,2294859,0.53588,-0.81415,0.16878,-0.14663,-0.0177,-0.0048,-0.0046,0.000,0.000,0.000,1,450
TRK,2294878,0.53568,-0.81428,0.16873,-0.14669,-0.0177,-0.0048,-0.0046,0.000,0.000,0.000,1,450
TRK,2294898,0.53566,-0.81429,0.16866,-0.14680,-0.0177,-0.0048,-0.0046,0.000,0.000,0.000,1,450
TRK,2294918,0.53601,-0.81406,0.16858,-0.14694,-0.0177,-0.0048,-0.0046,0.000,0.000,0.000,1,450
TRK,2294938,0.53593,-0.81411,0.16858,-0.14694,-0.0177,-0.0048,-0.0046,0.000,0.000,0.000,1,450
TRK,2294960,0.53562,-0.81432,0.16865,-0.14681,-0.0177,-0.0048,-0.0046,0.000,0.000,0.000,1,450
TRK,2294980,0.53587,-0.81416,0.16872,-0.14672,-0.0177,-0.0048,-0.0046,0.000,0.000,0.000,1,450
TRK,2295000,0.53611,-0.81399,0.16872,-0.14673,-0.0177,-0.0048,-0.0046,0.000,0.000,0.000,1,450
TRK,2295019,0.53584,-0.81418,0.16875,-0.14667,-0.0177,-0.0048,-0.0046,0.000,0.000,0.000,1,450
TRK,2295039,0.53569,-0.81427,0.16870,-0.14675,-0.0177,-0.0048,-0.0046,0.000,0.000,0.000,1,450
TRK,2295059,0.53604,-0.81404,0.16860,-0.14692,-0.0177,-0.0048,-0.0046,0.000,0.000,0.000,1,450
TRK,2295079,0.53614,-0.81396,0.16854,-0.14700,-0.0177,-0.0048,-0.0046,0.000,0.000,0.000,1,450
TRK,2295097,0.53584,-0.81417,0.16858,-0.14693,-0.0177,-0.0048,-0.0046,0.000,0.000,0.000,1,450
TRK,2295117,0.53587,-0.81415,0.16861,-0.14688,-0.0177,-0.0048,-0.0046,0.000,0.000,0.000,1,450
TRK,2295137,0.53625,-0.81389,0.16863,-0.14689,-0.0177,-0.0048,-0.0046,0.000,0.000,0.000,1,450
TRK,2295157,0.53621,-0.81393,0.16865,-0.14685,-0.0177,-0.0048,-0.0046,0.000,0.000,0.000,1,450
TRK,2295177,0.53590,-0.81413,0.16864,-0.14684,-0.0177,-0.0048,-0.0046,0.000,0.000,0.000,1,450
TRK,2295197,0.53598,-0.81407,0.16856,-0.14697,-0.0177,-0.0048,-0.0046,0.000,0.000,0.000,1,450
TRK,2295217,0.53620,-0.81392,0.16847,-0.14711,-0.0177,-0.0048,-0.0046,0.000,0.000,0.000,1,450
TRK,2295240,0.53586,-0.81415,0.16847,-0.14709,-0.0177,-0.0048,-0.0046,0.000,0.000,0.000,1,450
TRK,2295259,0.53571,-0.81425,0.16853,-0.14700,-0.0177,-0.0048,-0.0046,0.000,0.000,0.000,1,450
TRK,2295277,0.53592,-0.81411,0.16857,-0.14694,-0.0177,-0.0048,-0.0046,0.000,0.000,0.000,1,450
STAT,404.4,400.9,2,4,0,0.0383,1.836,0.1051,0.1157,-0.0664,9.8214,0.63,0.004
TRK,2295297,0.53599,-0.81407,0.16863,-0.14686,-0.0177,-0.0048,-0.0046,0.000,0.000,0.000,1,450
TRK,2295319,0.53574,-0.81424,0.16868,-0.14678,-0.0177,-0.0048,-0.0046,0.000,0.000,0.000,1,450
TRK,2295337,0.53575,-0.81423,0.16860,-0.14689,-0.0177,-0.0048,-0.0046,0.000,0.000,0.000,1,450
TRK,2295359,0.53596,-0.81408,0.16853,-0.14702,-0.0177,-0.0048,-0.0046,0.000,0.000,0.000,1,450
TRK,2295378,0.53588,-0.81414,0.16850,-0.14705,-0.0177,-0.0048,-0.0046,0.000,0.000,0.000,1,450
TRK,2295400,0.53578,-0.81420,0.16852,-0.14702,-0.0177,-0.0048,-0.0046,0.000,0.000,0.000,1,450
TRK,2295418,0.53590,-0.81412,0.16853,-0.14701,-0.0177,-0.0048,-0.0046,0.000,0.000,0.000,1,450
TRK,2295440,0.53591,-0.81412,0.16855,-0.14697,-0.0177,-0.0048,-0.0046,0.000,0.000,0.000,1,450
TRK,2295458,0.53573,-0.81424,0.16859,-0.14691,-0.0177,-0.0048,-0.0046,0.000,0.000,0.000,1,450
TRK,2295480,0.53571,-0.81426,0.16859,-0.14691,-0.0177,-0.0048,-0.0046,0.000,0.000,0.000,1,450
TRK,2295499,0.53585,-0.81416,0.16855,-0.14697,-0.0177,-0.0048,-0.0046,0.000,0.000,0.000,1,450
TRK,2295517,0.53591,-0.81412,0.16853,-0.14700,-0.0177,-0.0048,-0.0046,0.000,0.000,0.000,1,450
TRK,2295539,0.53590,-0.81412,0.16850,-0.14705,-0.0177,-0.0048,-0.0046,0.000,0.000,0.000,1,450
TRK,2295557,0.53598,-0.81407,0.16849,-0.14707,-0.0177,-0.0048,-0.0046,0.000,0.000,0.000,1,450
TRK,2295579,0.53608,-0.81400,0.16852,-0.14703,-0.0177,-0.0048,-0.0046,0.000,0.000,0.000,1,450
TRK,2295598,0.53606,-0.81402,0.16858,-0.14694,-0.0177,-0.0048,-0.0046,0.000,0.000,0.000,1,450
TRK,2295618,0.53609,-0.81400,0.16858,-0.14694,-0.0177,-0.0048,-0.0046,0.000,0.000,0.000,1,450
TRK,2295638,0.53614,-0.81397,0.16858,-0.14694,-0.0177,-0.0048,-0.0046,0.000,0.000,0.000,1,450
TRK,2295658,0.53611,-0.81398,0.16857,-0.14697,-0.0177,-0.0048,-0.0046,0.000,0.000,0.000,1,450
TRK,2295680,0.53609,-0.81400,0.16854,-0.14700,-0.0177,-0.0048,-0.0046,0.000,0.000,0.000,1,450
TRK,2295700,0.53610,-0.81399,0.16852,-0.14703,-0.0177,-0.0048,-0.0046,0.000,0.000,0.000,1,450
TRK,2295718,0.53600,-0.81406,0.16855,-0.14698,-0.0177,-0.0048,-0.0046,0.000,0.000,0.000,1,450
TRK,2295740,0.53589,-0.81413,0.16861,-0.14689,-0.0177,-0.0048,-0.0046,0.000,0.000,0.000,1,450
TRK,2295760,0.53593,-0.81411,0.16862,-0.14688,-0.0177,-0.0048,-0.0046,0.000,0.000,0.000,1,450
TRK,2295780,0.53595,-0.81410,0.16863,-0.14686,-0.0177,-0.0048,-0.0046,0.000,0.000,0.000,1,450
TRK,2295800,0.53591,-0.81413,0.16862,-0.14687,-0.0177,-0.0048,-0.0046,0.000,0.000,0.000,1,450
TRK,2295819,0.53598,-0.81408,0.16862,-0.14688,-0.0177,-0.0048,-0.0046,0.000,0.000,0.000,1,450
TRK,2295838,0.53608,-0.81401,0.16861,-0.14690,-0.0177,-0.0048,-0.0046,0.000,0.000,0.000,1,450
TRK,2295858,0.53605,-0.81403,0.16860,-0.14691,-0.0177,-0.0048,-0.0046,0.000,0.000,0.000,1,450
TRK,2295878,0.53599,-0.81407,0.16864,-0.14685,-0.0177,-0.0048,-0.0046,0.000,0.000,0.000,1,450
TRK,2295899,0.53598,-0.81408,0.16867,-0.14681,-0.0177,-0.0048,-0.0046,0.000,0.000,0.000,1,450
TRK,2295920,0.53600,-0.81406,0.16868,-0.14679,-0.0177,-0.0048,-0.0046,0.000,0.000,0.000,1,450
TRK,2295940,0.53592,-0.81412,0.16869,-0.14677,-0.0177,-0.0048,-0.0046,0.000,0.000,0.000,1,450
TRK,2295958,0.53590,-0.81413,0.16867,-0.14680,-0.0177,-0.0048,-0.0046,0.000,0.000,0.000,1,450
TRK,2295980,0.53599,-0.81407,0.16865,-0.14683,-0.0177,-0.0048,-0.0046,0.000,0.000,0.000,1,450
TRK,2295999,0.53599,-0.81407,0.16864,-0.14685,-0.0177,-0.0048,-0.0046,0.000,0.000,0.000,1,450
TRK,2296020,0.53598,-0.81408,0.16868,-0.14678,-0.0177,-0.0048,-0.0046,0.000,0.000,0.000,1,450
TRK,2296039,0.53606,-0.81403,0.16872,-0.14673,-0.0177,-0.0048,-0.0046,0.000,0.000,0.000,1,450
TRK,2296057,0.53611,-0.81400,0.16875,-0.14669,-0.0177,-0.0048,-0.0046,0.000,0.000,0.000,1,450
TRK,2296079,0.53606,-0.81403,0.16876,-0.14667,-0.0177,-0.0048,-0.0046,0.000,0.000,0.000,1,450
TRK,2296100,0.53600,-0.81407,0.16874,-0.14670,-0.0177,-0.0048,-0.0046,0.000,0.000,0.000,1,450
TRK,2296120,0.53605,-0.81404,0.16872,-0.14674,-0.0177,-0.0048,-0.0046,0.000,0.000,0.000,1,450
TRK,2296140,0.53604,-0.81404,0.16872,-0.14673,-0.0177,-0.0048,-0.0046,0.000,0.000,0.000,1,450
TRK,2296160,0.53598,-0.81409,0.16876,-0.14667,-0.0177,-0.0048,-0.0046,0.000,0.000,0.000,1,450
TRK,2296180,0.53601,-0.81407,0.16880,-0.14661,-0.0177,-0.0048,-0.0046,0.000,0.000,0.000,1,450
TRK,2296198,0.53608,-0.81403,0.16886,-0.14652,-0.0177,-0.0048,-0.0046,0.000,0.000,0.000,1,450
TRK,2296220,0.53599,-0.81409,0.16888,-0.14649,-0.0177,-0.0048,-0.0046,0.000,0.000,0.000,1,450
TRK,2296239,0.53591,-0.81414,0.16884,-0.14654,-0.0177,-0.0048,-0.0046,0.000,0.000,0.000,1,450
TRK,2296257,0.53589,-0.81414,0.16879,-0.14662,-0.0177,-0.0048,-0.0046,0.000,0.000,0.000,1,450
TRK,2296279,0.53584,-0.81417,0.16874,-0.14669,-0.0177,-0.0048,-0.0046,0.000,0.000,0.000,1,450
STAT,404.1,400.6,2,4,0,0.0222,0.436,0.1156,0.1240,-0.0553,9.8225,0.63,0.004
TRK,2296298,0.53574,-0.81424,0.16872,-0.14671,-0.0177,-0.0048,-0.0046,0.000,0.000,0.000,1,450
TRK,2296318,0.53573,-0.81425,0.16872,-0.14671,-0.0177,-0.0048,-0.0046,0.000,0.000,0.000,1,450
TRK,2296338,0.53576,-0.81423,0.16873,-0.14670,-0.0177,-0.0048,-0.0046,0.000,0.000,0.000,1,450
TRK,2296358,0.53577,-0.81423,0.16878,-0.14663,-0.0177,-0.0048,-0.0046,0.000,0.000,0.000,1,450
TRK,2296378,0.53569,-0.81429,0.16881,-0.14657,-0.0177,-0.0048,-0.0046,0.000,0.000,0.000,1,450
TRK,2296400,0.53566,-0.81430,0.16875,-0.14667,-0.0177,-0.0048,-0.0046,0.000,0.000,0.000,1,450
TRK,2296420,0.53564,-0.81430,0.16868,-0.14677,-0.0177,-0.0048,-0.0046,0.000,0.000,0.000,1,450
TRK,2296440,0.53564,-0.81430,0.16862,-0.14686,-0.0177,-0.0048,-0.0046,0.000,0.000,0.000,1,450
TRK,2296460,0.53561,-0.81432,0.16855,-0.14697,-0.0177,-0.0048,-0.0046,0.000,0.000,0.000,1,450
TRK,2296480,0.53567,-0.81428,0.16861,-0.14688,-0.0177,-0.0048,-0.0046,0.000,0.000,0.000,1,450
TRK,2296498,0.53571,-0.81426,0.16859,-0.14691,-0.0177,-0.0048,-0.0046,0.000,0.000,0.000,1,450
TRK,2296519,0.53571,-0.81426,0.16867,-0.14678,-0.0177,-0.0048,-0.0046,0.000,0.000,0.000,1,450
TRK,2296537,0.53560,-0.81433,0.16866,-0.14680,-0.0177,-0.0048,-0.0046,0.000,0.000,0.000,1,450
TRK,2296558,0.53559,-0.81434,0.16866,-0.14679,-0.0177,-0.0048,-0.0046,0.000,0.000,0.000,1,450
TRK,2296577,0.53565,-0.81429,0.16857,-0.14693,-0.0177,-0.0048,-0.0046,0.000,0.000,0.000,1,450
TRK,2296598,0.53557,-0.81434,0.16854,-0.14697,-0.0177,-0.0048,-0.0046,0.000,0.000,0.000,1,450
TRK,2296620,0.53572,-0.81424,0.16847,-0.14709,-0.0177,-0.0048,-0.0046,0.000,0.000,0.000,1,450
TRK,2296640,0.53561,-0.81432,0.16853,-0.14699,-0.0177,-0.0048,-0.0046,0.000,0.000,0.000,1,450
TRK,2296660,0.53573,-0.81424,0.16853,-0.14700,-0.0177,-0.0048,-0.0046,0.000,0.000,0.000,1,450
TRK,2296678,0.53563,-0.81431,0.16860,-0.14689,-0.0177,-0.0048,-0.0046,0.000,0.000,0.000,1,450
TRK,2296700,0.53577,-0.81421,0.16859,-0.14692,-0.0177,-0.0048,-0.0046,0.000,0.000,0.000,1,450
TRK,2296719,0.53562,-0.81432,0.16859,-0.14690,-0.0177,-0.0048,-0.0046,0.000,0.000,0.000,1,450
TRK,2296740,0.53556,-0.81435,0.16850,-0.14703,-0.0177,-0.0048,-0.0046,0.000,0.000,0.000,1,450
TRK,2296759,0.53570,-0.81425,0.16847,-0.14709,-0.0177,-0.0048,-0.0046,0.000,0.000,0.000,1,450
TRK,2296777,0.53597,-0.81407,0.16843,-0.14716,-0.0177,-0.0048,-0.0046,0.000,0.000,0.000,1,450
TRK,2296800,0.53580,-0.81419,0.16850,-0.14705,-0.0177,-0.0048,-0.0046,0.000,0.000,0.000,1,450
TRK,2296818,0.53565,-0.81429,0.16857,-0.14693,-0.0177,-0.0048,-0.0046,0.000,0.000,0.000,1,450
TRK,2296839,0.53589,-0.81413,0.16859,-0.14693,-0.0177,-0.0048,-0.0046,0.000,0.000,0.000,1,450
TRK,2296859,0.53602,-0.81404,0.16858,-0.14694,-0.0177,-0.0048,-0.0046,0.000,0.000,0.000,1,450
TRK,2296879,0.53571,-0.81425,0.16853,-0.14700,-0.0177,-0.0048,-0.0046,0.000,0.000,0.000,1,450
TRK,2296897,0.53554,-0.81437,0.16854,-0.14697,-0.0177,-0.0048,-0.0046,0.000,0.000,0.000,1,450
TRK,2296917,0.53606,-0.81401,0.16842,-0.14719,-0.0177,-0.0048,-0.0046,0.000,0.000,0.000,1,450
TRK,2296937,0.53613,-0.81396,0.16840,-0.14723,-0.0177,-0.0048,-0.0046,0.000,0.000,0.000,1,450
TRK,2296957,0.53571,-0.81424,0.16841,-0.14718,-0.0177,-0.0048,-0.0046,0.000,0.000,0.000,1,450
TRK,2296978,0.53578,-0.81420,0.16844,-0.14714,-0.0177,-0.0048,-0.0046,0.000,0.000,0.000,1,450
TRK,2296999,0.53624,-0.81388,0.16839,-0.14724,-0.0177,-0.0048,-0.0046,0.000,0.000,0.000,1,450
TRK,2297020,0.53603,-0.81403,0.16838,-0.14724,-0.0177,-0.0048,-0.0046,0.000,0.000,0.000,1,450
TRK,2297037,0.53560,-0.81431,0.16841,-0.14717,-0.0177,-0.0048,-0.0046,0.000,0.000,0.000,1,450
TRK,2297059,0.53600,-0.81404,0.16834,-0.14731,-0.0177,-0.0048,-0.0046,0.000,0.000,0.000,1,450
TRK,2297079,0.53643,-0.81376,0.16832,-0.14737,-0.0177,-0.0048,-0.0046,0.000,0.000,0.000,1,450
TRK,2297098,0.53587,-0.81413,0.16840,-0.14721,-0.0177,-0.0048,-0.0046,0.000,0.000,0.000,1,450
TRK,2297118,0.53567,-0.81428,0.16850,-0.14704,-0.0177,-0.0048,-0.0046,0.000,0.000,0.000,1,450
TRK,2297138,0.53622,-0.81391,0.16854,-0.14702,-0.0177,-0.0048,-0.0046,0.000,0.000,0.000,1,450
TRK,2297158,0.53633,-0.81384,0.16861,-0.14691,-0.0177,-0.0048,-0.0046,0.000,0.000,0.000,1,450
TRK,2297178,0.53572,-0.81425,0.16868,-0.14677,-0.0177,-0.0048,-0.0046,0.000,0.000,0.000,1,450
TRK,2297199,0.53577,-0.81422,0.16866,-0.14681,-0.0177,-0.0048,-0.0046,0.000,0.000,0.000,1,450
TRK,2297219,0.53636,-0.81382,0.16859,-0.14695,-0.0177,-0.0048,-0.0046,0.000,0.000,0.000,1,450
TRK,2297239,0.53620,-0.81393,0.16856,-0.14699,-0.0177,-0.0048,-0.0046,0.000,0.000,0.000,1,450
TRK,2297257,0.53562,-0.81432,0.16863,-0.14685,-0.0177,-0.0048,-0.0046,0.000,0.000,0.000,1,450
TRK,2297280,0.53615,-0.81396,0.16864,-0.14686,-0.0177,-0.0048,-0.0046,0.000,0.000,0.000,1,450
STAT,404.1,400.6,2,4,0,0.0668,3.904,0.1113,0.1140,-0.0644,9.8191,0.63,0.004
TRK,2297298,0.53643,-0.81378,0.16868,-0.14683,-0.0177,-0.0048,-0.0046,0.000,0.000,0.000,1,450
TRK,2297320,0.53597,-0.81409,0.16872,-0.14673,-0.0177,-0.0048,-0.0046,0.000,0.000,0.000,1,450
TRK,2297340,0.53585,-0.81417,0.16877,-0.14665,-0.0177,-0.0048,-0.0046,0.000,0.000,0.000,1,450
TRK,2297360,0.53638,-0.81381,0.16871,-0.14677,-0.0177,-0.0048,-0.0046,0.000,0.000,0.000,1,450
TRK,2297380,0.53645,-0.81376,0.16866,-0.14685,-0.0177,-0.0048,-0.0046,0.000,0.000,0.000,1,450
TRK,2297400,0.53614,-0.81398,0.16880,-0.14662,-0.0177,-0.0048,-0.0046,0.000,0.000,0.000,1,450
TRK,2297418,0.53580,-0.81419,0.16863,-0.14686,-0.0177,-0.0048,-0.0046,0.000,0.000,0.000,1,450
TRK,2297439,0.53636,-0.81383,0.16867,-0.14683,-0.0177,-0.0048,-0.0046,0.000,0.000,0.000,1,450
TRK,2297460,0.53623,-0.81391,0.16868,-0.14681,-0.0177,-0.0048,-0.0046,0.000,0.000,0.000,1,450
TRK,2297479,0.53591,-0.81413,0.16871,-0.14674,-0.0177,-0.0048,-0.0046,0.000,0.000,0.000,1,450
TRK,2297498,0.53599,-0.81407,0.16868,-0.14680,-0.0177,-0.0048,-0.0046,0.000,0.000,0.000,1,450
TRK,2297518,0.53599,-0.81407,0.16862,-0.14688,-0.0177,-0.0048,-0.0046,0.000,0.000,0.000,1,450
TRK,2297538,0.53637,-0.81381,0.16856,-0.14700,-0.0177,-0.0048,-0.0046,0.000,0.000,0.000,1,450
TRK,2297558,0.53586,-0.81415,0.16860,-0.14690,-0.0177,-0.0048,-0.0046,0.000,0.000,0.000,1,450
TRK,2297580,0.53595,-0.81409,0.16853,-0.14702,-0.0177,-0.0048,-0.0046,0.000,0.000,0.000,1,450
TRK,2297598,0.53606,-0.81402,0.16864,-0.14686,-0.0177,-0.0048,-0.0046,0.000,0.000,0.000,1,450
TRK,2297620,0.53614,-0.81397,0.16861,-0.14691,-0.0177,-0.0048,-0.0046,0.000,0.000,0.000,1,450
TRK,2297638,0.53588,-0.81414,0.16863,-0.14685,-0.0177,-0.0048,-0.0046,0.000,0.000,0.000,1,450
TRK,2297658,0.53586,-0.81415,0.16856,-0.14696,-0.0177,-0.0048,-0.0046,0.000,0.000,0.000,1,450
TRK,2297679,0.53628,-0.81386,0.16846,-0.14714,-0.0177,-0.0048,-0.0046,0.000,0.000,0.000,1,450
TRK,2297700,0.53623,-0.81390,0.16855,-0.14701,-0.0177,-0.0048,-0.0046,0.000,0.000,0.000,1,450
TRK,2297719,0.53590,-0.81412,0.16851,-0.14705,-0.0177,-0.0048,-0.0046,0.000,0.000,0.000,1,450
TRK,2297737,0.53597,-0.81408,0.16870,-0.14676,-0.0177,-0.0048,-0.0046,0.000,0.000,0.000,1,450
TRK,2297759,0.53638,-0.81381,0.16865,-0.14686,-0.0177,-0.0048,-0.0046,0.000,0.000,0.000,1,450
TRK,2297779,0.53612,-0.81399,0.16878,-0.14665,-0.0177,-0.0048,-0.0046,0.000,0.000,0.000,1,450
TRK,2297799,0.53610,-0.81407,0.16817,-0.14696,-0.0179,-0.0048,-0.0046,-0.014,0.002,-0.001,2,450
TRK,2297819,0.53565,-0.81431,0.16949,-0.14578,-0.0184,-0.0048,-0.0046,-0.023,-0.009,-0.000,2,450
TRK,2297838,0.53728,-0.81280,0.17096,-0.14650,-0.0189,-0.0051,-0.0047,-0.029,-0.030,-0.002,2,450
TRK,2297857,0.53770,-0.81128,0.17517,-0.14839,-0.0194,-0.0060,-0.0047,-0.023,-0.053,-0.003,2,450
TRK,2297880,0.53890,-0.80884,0.18014,-0.15140,-0.0199,-0.0071,-0.0048,-0.026,-0.054,-0.004,2,450
TRK,2297898,0.53612,-0.80927,0.18468,-0.15345,-0.0204,-0.0082,-0.0049,-0.029,-0.051,-0.004,2,450
TRK,2297918,0.53762,-0.80684,0.18890,-0.15586,-0.0210,-0.0090,-0.0049,-0.025,-0.036,-0.002,2,450
TRK,2297938,0.53681,-0.80626,0.19266,-0.15704,-0.0215,-0.0097,-0.0050,-0.020,-0.030,-0.003,2,450
TRK,2297958,0.54043,-0.80340,0.19278,-0.15912,-0.0216,-0.0100,-0.0050,-0.001,-0.002,0.001,2,450
TRK,2297978,0.53867,-0.80481,0.19287,-0.15785,-0.0216,-0.0100,-0.0050,0.003,0.002,-0.004,2,450
TRK,2297998,0.53345,-0.80871,0.19323,-0.15519,-0.0215,-0.0100,-0.0051,-0.000,-0.003,-0.001,2,450
TRK,2298018,0.53448,-0.80785,0.19386,-0.15534,-0.0216,-0.0101,-0.0050,-0.003,-0.010,0.001,2,450
TRK,2298040,0.53853,-0.80459,0.19522,-0.15653,-0.0216,-0.0103,-0.0050,-0.002,-0.008,-0.001,2,450
TRK,2298060,0.53636,-0.80605,0.19584,-0.15572,-0.0216,-0.0105,-0.0051,0.000,-0.003,-0.002,2,450
TRK,2298078,0.53262,-0.80881,0.19593,-0.15413,-0.0216,-0.0105,-0.0051,-0.001,-0.006,-0.001,2,450
TRK,2298100,0.53341,-0.80838,0.19521,-0.15456,-0.0217,-0.0107,-0.0051,-0.003,-0.012,0.002,2,450
TRK,2298118,0.53645,-0.80613,0.19540,-0.15555,-0.0217,-0.0110,-0.0050,-0.002,-0.010,0.001,2,450
TRK,2298139,0.53578,-0.80679,0.19439,-0.15569,-0.0217,-0.0111,-0.0050,-0.000,-0.007,-0.001,2,450
TRK,2298159,0.53409,-0.80814,0.19375,-0.15531,-0.0217,-0.0113,-0.0050,-0.004,-0.015,0.002,2,450
TRK,2298179,0.54457,-0.80013,0.19153,-0.16296,-0.0220,-0.0117,-0.0049,-0.024,-0.028,0.007,2,450
TRK,2298199,0.52885,-0.80946,0.20069,-0.15756,-0.0232,-0.0131,-0.0052,-0.059,-0.091,-0.022,2,450
TRK,2298219,0.50741,-0.82259,0.20270,-0.15748,-0.0238,-0.0141,-0.0054,-0.021,-0.016,-0.003,2,450
TRK,2298239,0.50726,-0.82299,0.20214,-0.15658,-0.0243,-0.0145,-0.0054,-0.022,-0.025,0.002,2,450
TRK,2298259,0.52205,-0.81264,0.20284,-0.16107,-0.0245,-0.0151,-0.0053,-0.005,-0.032,0.003,2,450
TRK,2298279,0.53654,-0.80181,0.20485,-0.16514,-0.0246,-0.0157,-0.0053,-0.003,-0.025,0.002,2,450
STAT,404.0,400.5,2,4,0,2.3091,100.827,0.1113,0.1140,-0.0644,9.8220,0.63,0.004
TRK,2298300,0.53410,-0.80322,0.20582,-0.16497,-0.0247,-0.0162,-0.0054,-0.004,-0.023,-0.009,2,450
TRK,2298318,0.52386,-0.81005,0.20687,-0.16310,-0.0247,-0.0164,-0.0055,0.005,-0.008,-0.005,2,450
TRK,2298339,0.51574,-0.81624,0.20665,-0.15827,-0.0246,-0.0167,-0.0056,0.001,-0.011,-0.005,2,450
TRK,2298359,0.50783,-0.82129,0.20820,-0.15571,-0.0247,-0.0167,-0.0057,-0.015,0.000,-0.006,2,450
TRK,2298380,0.50365,-0.82354,0.21144,-0.15300,-0.0251,-0.0170,-0.0058,-0.020,-0.016,-0.011,2,450
TRK,2298398,0.49112,-0.83399,0.20951,-0.13916,-0.0251,-0.0168,-0.0061,0.019,0.045,-0.021,2,450
TRK,2298420,0.45129,-0.86237,0.19629,-0.11887,-0.0238,-0.0139,-0.0066,0.120,0.252,-0.006,2,450
TRK,2298438,0.45449,-0.87249,0.15025,-0.09810,-0.0212,-0.0089,-0.0063,0.114,0.175,0.025,2,450
TRK,2298459,0.47937,-0.86644,0.10992,-0.08602,-0.0207,-0.0080,-0.0061,-0.014,0.044,0.009,2,450
TRK,2298480,0.50867,-0.85110,0.09685,-0.08658,-0.0208,-0.0066,-0.0058,-0.000,0.090,0.010,2,450
TRK,2298498,0.55116,-0.82659,0.08352,-0.07746,-0.0209,-0.0048,-0.0056,-0.011,0.098,0.014,2,450
TRK,2298520,0.59336,-0.79718,0.08039,-0.07721,-0.0210,-0.0027,-0.0052,-0.003,0.103,0.022,2,450
TRK,2298538,0.65188,-0.75016,0.08488,-0.07149,-0.0210,-0.0004,-0.0048,0.011,0.167,0.026,2,450
TRK,2298559,0.72395,-0.68473,0.06557,-0.05239,-0.0202,0.0046,-0.0042,0.059,0.263,0.034,2,450
TRK,2298578,0.76843,-0.63858,0.02981,-0.02912,-0.0193,0.0084,-0.0036,0.057,0.141,0.026,2,450
TRK,2298600,0.78760,-0.61576,0.00323,-0.02261,-0.0180,0.0110,-0.0032,0.061,0.121,0.015,2,450
TRK,2298618,0.80021,-0.59944,-0.01163,-0.01413,-0.0167,0.0132,-0.0028,0.066,0.107,0.021,2,450
TRK,2298639,0.81538,-0.57821,-0.02858,0.00202,-0.0153,0.0159,-0.0023,0.078,0.191,0.041,2,450
TRK,2298658,0.84358,-0.53448,-0.04647,0.02325,-0.0139,0.0206,-0.0015,0.065,0.264,0.025,2,450
TRK,2298679,0.86746,-0.49297,-0.05732,0.03476,-0.0124,0.0258,-0.0014,0.080,0.247,-0.011,2,450
TRK,2298700,0.88349,-0.46282,-0.05694,0.04479,-0.0106,0.0309,-0.0019,0.099,0.208,-0.036,2,450
TRK,2298720,0.89343,-0.44088,-0.06748,0.05344,-0.0081,0.0349,-0.0027,0.147,0.201,-0.042,2,450
TRK,2298740,0.90846,-0.40382,-0.08883,0.06109,-0.0049,0.0392,-0.0026,0.172,0.242,0.047,2,450
TRK,2298760,0.92416,-0.35320,-0.12509,0.07431,-0.0016,0.0443,-0.0017,0.137,0.258,0.037,2,450
TRK,2298780,0.93436,-0.31502,-0.14184,0.08728,0.0007,0.0492,-0.0011,0.104,0.241,0.035,2,450
TRK,2298800,0.94228,-0.28412,-0.14664,0.09940,0.0025,0.0537,-0.0004,0.088,0.207,0.030,2,450
TRK,2298820,0.94948,-0.25872,-0.14086,0.10817,0.0043,0.0571,0.0002,0.088,0.134,0.029,2,450
TRK,2298840,0.95828,-0.23582,-0.11648,0.11192,0.0060,0.0591,0.0007,0.086,0.087,0.025,2,450
TRK,2298858,0.96404,-0.21254,-0.11482,0.11081,0.0075,0.0610,0.0017,0.058,0.075,0.064,2,450
TRK,2298880,0.96571,-0.20591,-0.11529,0.10819,0.0085,0.0627,0.0031,0.025,0.077,0.066,2,450
TRK,2298900,0.96697,-0.20550,-0.11161,0.10141,0.0087,0.0641,0.0044,0.003,0.067,0.071,2,450
TRK,2298920,0.96936,-0.20256,-0.10828,0.08715,0.0088,0.0652,0.0059,0.011,0.043,0.076,2,450
TRK,2298939,0.97455,-0.18901,-0.09694,0.07167,0.0087,0.0660,0.0070,-0.024,0.048,0.052,2,450
TRK,2298958,0.98316,-0.15516,-0.07331,0.06279,0.0083,0.0670,0.0080,-0.014,0.059,0.045,2,450
TRK,2298978,0.99626,-0.07161,-0.02233,0.04287,0.0082,0.0691,0.0081,0.004,0.175,0.008,2,450
TRK,2299001,0.99810,-0.03552,-0.03909,0.03180,0.0074,0.0714,0.0098,-0.048,0.070,0.077,2,450
TRK,2299018,0.99860,-0.03745,-0.03140,0.02010,0.0065,0.0729,0.0113,-0.049,0.099,0.086,2,450
TRK,2299038,0.99878,-0.03840,-0.02723,0.01479,0.0056,0.0749,0.0130,-0.042,0.098,0.094,2,450
TRK,2299059,0.99891,-0.03926,-0.02263,0.01088,0.0047,0.0771,0.0152,-0.039,0.102,0.100,2,450
TRK,2299080,0.99899,-0.03930,-0.02061,0.00698,0.0039,0.0792,0.0173,-0.043,0.112,0.108,2,450
TRK,2299097,0.99901,-0.03914,-0.02043,0.00621,0.0031,0.0812,0.0192,-0.041,0.100,0.112,2,450
TRK,2299118,0.99902,-0.03880,-0.02022,0.00696,0.0021,0.0836,0.0217,-0.065,0.132,0.118,2,450
TRK,2299140,0.99902,-0.03870,-0.02077,0.00608,0.0006,0.0864,0.0244,-0.068,0.130,0.125,2,450
TRK,2299158,0.99903,-0.03859,-0.02102,0.00049,-0.0004,0.0885,0.0266,-0.057,0.118,0.129,2,450
TRK,2299179,0.99902,-0.03857,-0.02093,-0.00557,-0.0016,0.0908,0.0293,-0.058,0.109,0.137,2,450
TRK,2299197,0.99901,-0.03872,-0.02064,-0.00692,-0.0029,0.0930,0.0320,-0.062,0.110,0.141,2,450
TRK,2299219,0.99902,-0.03871,-0.02070,-0.00597,-0.0039,0.0953,0.0353,-0.043,0.102,0.148,2,450
TRK,2299238,0.99904,-0.03883,-0.02019,0.00190,-0.0047,0.0971,0.0379,-0.043,0.105,0.157,2,450
TRK,2299259,0.99904,-0.03876,-0.01979,0.00409,-0.0056,0.0995,0.0415,-0.036,0.106,0.163,2,450
TRK,2299278,0.99905,-0.03862,-0.01965,0.00411,-0.0062,0.1013,0.0443,-0.040,0.107,0.167,2,450
STAT,404.0,400.5,2,4,0,0.7442,15.949,0.1113,0.1140,-0.0644,9.8220,0.63,0.004
TRK,2299297,0.99906,-0.03850,-0.01953,0.00414,-0.0071,0.1035,0.0477,-0.045,0.109,0.169,2,450
TRK,2299317,0.99902,-0.03851,-0.01979,0.00896,-0.0081,0.1057,0.0511,-0.056,0.112,0.174,2,450
TRK,2299340,0.99893,-0.03863,-0.02039,0.01531,-0.0094,0.1082,0.0550,-0.056,0.114,0.177,2,450
TRK,2299358,0.99887,-0.03870,-0.02071,0.01808,-0.0105,0.1105,0.0585,-0.059,0.115,0.181,2,450
TRK,2299378,0.99878,-0.03876,-0.02114,0.02232,-0.0117,0.1128,0.0621,-0.064,0.117,0.186,2,450
TRK,2299398,0.99870,-0.03871,-0.02144,0.02538,-0.0130,0.1151,0.0659,-0.061,0.118,0.189,2,450
TRK,2299418,0.99870,-0.03861,-0.02140,0.02532,-0.0142,0.1174,0.0697,-0.066,0.120,0.194,2,450
TRK,2299438,0.99871,-0.03854,-0.02132,0.02536,-0.0156,0.1199,0.0735,-0.069,0.122,0.198,2,450
TRK,2299458,0.99870,-0.03846,-0.02134,0.02563,-0.0170,0.1223,0.0775,-0.077,0.124,0.202,2,450
TRK,2299478,0.99856,-0.03855,-0.02181,0.03023,-0.0185,0.1248,0.0815,-0.080,0.126,0.206,2,450
TRK,2299498,0.99845,-0.03852,-0.02234,0.03353,-0.0201,0.1273,0.0857,-0.082,0.128,0.211,2,450
TRK,2299518,0.99836,-0.03854,-0.02274,0.03561,-0.0218,0.1298,0.0899,-0.082,0.130,0.216,2,450
TRK,2299540,0.99837,-0.03849,-0.02270,0.03553,-0.0236,0.1328,0.0948,-0.085,0.132,0.221,2,450
TRK,2299560,0.99837,-0.03847,-0.02260,0.03551,-0.0253,0.1354,0.0992,-0.088,0.134,0.225,2,450
TRK,2299578,0.99838,-0.03840,-0.02254,0.03553,-0.0271,0.1381,0.1037,-0.091,0.136,0.230,2,450
TRK,2299599,0.99838,-0.03830,-0.02256,0.03556,-0.0289,0.1408,0.1083,-0.094,0.139,0.235,2,450
TRK,2299619,0.99823,-0.03831,-0.02290,0.03918,-0.0309,0.1436,0.1129,-0.102,0.141,0.238,2,450
TRK,2299639,0.99813,-0.03825,-0.02320,0.04167,-0.0329,0.1464,0.1177,-0.101,0.143,0.243,2,450
TRK,2299660,0.99813,-0.03819,-0.02324,0.04160,-0.0352,0.1496,0.1232,-0.104,0.145,0.248,2,450
TRK,2299679,0.99814,-0.03818,-0.02324,0.04156,-0.0370,0.1521,0.1275,-0.106,0.147,0.253,2,450
TRK,2299699,0.99814,-0.03816,-0.02330,0.04154,-0.0391,0.1550,0.1326,-0.109,0.149,0.257,2,450
TRK,2299719,0.99814,-0.03814,-0.02327,0.04154,-0.0416,0.1584,0.1384,-0.112,0.151,0.262,2,450
TRK,2299739,0.99814,-0.03803,-0.02328,0.04152,-0.0438,0.1614,0.1436,-0.115,0.153,0.267,2,450
TRK,2299758,0.99814,-0.03797,-0.02330,0.04153,-0.0459,0.1641,0.1483,-0.118,0.155,0.271,2,450
TRK,2299780,0.99815,-0.03787,-0.02332,0.04153,-0.0485,0.1675,0.1544,-0.122,0.157,0.276,2,450
TRK,2299800,0.99815,-0.03786,-0.02336,0.04152,-0.0510,0.1707,0.1599,-0.125,0.160,0.281,2,450
TRK,2299819,0.99815,-0.03781,-0.02337,0.04149,-0.0535,0.1739,0.1655,-0.128,0.162,0.286,2,450
TRK,2299839,0.99815,-0.03772,-0.02331,0.04153,-0.0561,0.1771,0.1712,-0.131,0.164,0.291,2,450
TRK,2299860,0.99815,-0.03764,-0.02333,0.04155,-0.0590,0.1808,0.1777,-0.133,0.166,0.296,2,450
TRK,2299880,0.99816,-0.03759,-0.02336,0.04154,-0.0617,0.1841,0.1836,-0.136,0.169,0.301,2,450
TRK,2299898,0.99816,-0.03756,-0.02337,0.04153,-0.0640,0.1870,0.1889,-0.138,0.171,0.305,2,450
TRK,2299919,0.99816,-0.03754,-0.02339,0.04154,-0.0668,0.1904,0.1949,-0.142,0.173,0.309,2,450
TRK,2299940,0.99816,-0.03745,-0.02330,0.04159,-0.0700,0.1943,0.2019,-0.145,0.175,0.314,2,450
TRK,2299958,0.99816,-0.03734,-0.02325,0.04163,-0.0725,0.1973,0.2073,-0.147,0.177,0.318,2,450
TRK,2299978,0.99817,-0.03725,-0.02323,0.04167,-0.0755,0.2009,0.2137,-0.150,0.179,0.323,2,450
TRK,2299998,0.99817,-0.03716,-0.02317,0.04172,-0.0785,0.2045,0.2201,-0.152,0.181,0.327,2,450
TRK,2300018,0.99817,-0.03714,-0.02321,0.04169,-0.0815,0.2081,0.2266,-0.154,0.183,0.332,2,450
TRK,2300040,0.99817,-0.03710,-0.02325,0.04165,-0.0850,0.2122,0.2341,-0.158,0.186,0.338,2,450
TRK,2300058,0.99817,-0.03706,-0.02321,0.04168,-0.0881,0.2159,0.2408,-0.161,0.188,0.342,2,450
TRK,2300080,0.99818,-0.03700,-0.02314,0.04167,-0.0913,0.2196,0.2476,-0.164,0.190,0.347,2,450
TRK,2300098,0.99818,-0.03692,-0.02308,0.04170,-0.0946,0.2234,0.2546,-0.167,0.192,0.352,2,450
TRK,2300119,0.99818,-0.03693,-0.02308,0.04167,-0.0979,0.2273,0.2616,-0.170,0.195,0.356,2,450
TRK,2300140,0.99823,-0.03622,-0.02221,0.04170,0.1124,-0.0137,-0.1796,0.000,0.000,0.000,1,451
TRK,2300159,0.99827,-0.03544,-0.02129,0.04172,0.1124,-0.0137,-0.1796,0.000,0.000,0.000,1,451
TRK,2300179,0.99832,-0.03468,-0.02041,0.04173,0.1124,-0.0137,-0.1796,0.000,0.000,0.000,1,451
TRK,2300200,0.99836,-0.03403,-0.01962,0.04175,0.1124,-0.0137,-0.1796,0.000,0.000,0.000,1,451
TRK,2300220,0.99838,-0.03362,-0.01910,0.04176,0.1124,-0.0137,-0.1796,0.000,0.000,0.000,1,451
TRK,2300240,0.99840,-0.03326,-0.01863,0.04177,0.1124,-0.0137,-0.1796,0.000,0.000,0.000,1,451
TRK,2300259,0.99842,-0.03288,-0.01819,0.04178,0.1124,-0.0137,-0.1796,0.000,0.000,0.000,1,451
TRK,2300279,0.99844,-0.03261,-0.01782,0.04179,0.1124,-0.0137,-0.1796,0.000,0.000,0.000,1,451
STAT,404.1,400.6,2,4,0,0.0271,0.274,0.1172,0.1158,-0.0646,9.9227,2.48,0.443
TRK,2300300,0.99845,-0.03235,-0.01758,0.04179,0.1124,-0.0137,-0.1796,0.000,0.000,0.000,1,451
TRK,2300320,0.99846,-0.03213,-0.01736,0.04179,0.1124,-0.0137,-0.1796,0.000,0.000,0.000,1,451
TRK,2300339,0.99847,-0.03201,-0.01713,0.04180,0.1124,-0.0137,-0.1796,0.000,0.000,0.000,1,451
TRK,2300357,0.99847,-0.03191,-0.01700,0.04180,0.1124,-0.0137,-0.1796,0.000,0.000,0.000,1,451
TRK,2300379,0.99848,-0.03177,-0.01690,0.04180,0.1124,-0.0137,-0.1796,0.000,0.000,0.000,1,451
TRK,2300400,0.99848,-0.03166,-0.01686,0.04180,0.1124,-0.0137,-0.1796,0.000,0.000,0.000,1,451
TRK,2300418,0.99849,-0.03154,-0.01679,0.04180,0.1124,-0.0137,-0.1796,0.000,0.000,0.000,1,451
TRK,2300438,0.99849,-0.03141,-0.01676,0.04180,0.1124,-0.0137,-0.1796,0.000,0.000,0.000,1,451
TRK,2300459,0.99849,-0.03131,-0.01677,0.04180,0.1124,-0.0137,-0.1796,0.000,0.000,0.000,1,451
TRK,2300480,0.99850,-0.03124,-0.01679,0.04180,0.1124,-0.0137,-0.1796,0.000,0.000,0.000,1,451
TRK,2300500,0.99850,-0.03122,-0.01681,0.04180,0.1124,-0.0137,-0.1796,0.000,0.000,0.000,1,451
TRK,2300518,0.99850,-0.03119,-0.01682,0.04180,0.1124,-0.0137,-0.1796,0.000,0.000,0.000,1,451
TRK,2300538,0.99850,-0.03113,-0.01678,0.04180,0.1124,-0.0137,-0.1796,0.000,0.000,0.000,1,451
TRK,2300558,0.99850,-0.03106,-0.01672,0.04180,0.1124,-0.0137,-0.1796,0.000,0.000,0.000,1,451
TRK,2300578,0.99851,-0.03096,-0.01666,0.04180,0.1124,-0.0137,-0.1796,0.000,0.000,0.000,1,451
TRK,2300598,0.99851,-0.03095,-0.01664,0.04180,0.1124,-0.0137,-0.1796,0.000,0.000,0.000,1,451
TRK,2300618,0.99851,-0.03097,-0.01658,0.04180,0.1124,-0.0137,-0.1796,0.000,0.000,0.000,1,451
TRK,2300638,0.99851,-0.03098,-0.01659,0.04180,0.1124,-0.0137,-0.1796,0.000,0.000,0.000,1,451
TRK,2300659,0.99851,-0.03100,-0.01659,0.04180,0.1124,-0.0137,-0.1796,0.000,0.000,0.000,1,451
TRK,2300677,0.99851,-0.03101,-0.01659,0.04180,0.1124,-0.0137,-0.1796,0.000,0.000,0.000,1,451
TRK,2300699,0.99851,-0.03102,-0.01660,0.04180,0.1124,-0.0137,-0.1796,0.000,0.000,0.000,1,451
TRK,2300718,0.99851,-0.03105,-0.01658,0.04180,0.1124,-0.0137,-0.1796,0.000,0.000,0.000,1,451
TRK,2300738,0.99851,-0.03104,-0.01659,0.04180,0.1124,-0.0137,-0.1796,0.000,0.000,0.000,1,451
TRK,2300758,0.99850,-0.03110,-0.01660,0.04180,0.1124,-0.0137,-0.1796,0.000,0.000,0.000,1,451
TRK,2300780,0.99850,-0.03113,-0.01668,0.04180,0.1124,-0.0137,-0.1796,0.000,0.000,0.000,1,451
TRK,2300800,0.99850,-0.03114,-0.01676,0.04180,0.1124,-0.0137,-0.1796,0.000,0.000,0.000,1,451
TRK,2300818,0.99850,-0.03113,-0.01688,0.04180,0.1124,-0.0137,-0.1796,0.000,0.000,0.000,1,451
TRK,2300840,0.99850,-0.03112,-0.01698,0.04179,0.1124,-0.0137,-0.1796,0.000,0.000,0.000,1,451
TRK,2300858,0.99850,-0.03110,-0.01701,0.04179,0.1124,-0.0137,-0.1796,0.000,0.000,0.000,1,451
TRK,2300878,0.99850,-0.03108,-0.01701,0.04179,0.1124,-0.0137,-0.1796,0.000,0.000,0.000,1,451
TRK,2300898,0.99850,-0.03111,-0.01693,0.04179,0.1124,-0.0137,-0.1796,0.000,0.000,0.000,1,451
TRK,2300918,0.99850,-0.03118,-0.01688,0.04180,0.1124,-0.0137,-0.1796,0.000,0.000,0.000,1,451
TRK,2300939,0.99850,-0.03119,-0.01678,0.04180,0.1124,-0.0137,-0.1796,0.000,0.000,0.000,1,451
TRK,2300958,0.99850,-0.03122,-0.01674,0.04180,0.1124,-0.0137,-0.1796,0.000,0.000,0.000,1,451
TRK,2300978,0.99850,-0.03128,-0.01676,0.04180,0.1124,-0.0137,-0.1796,0.000,0.000,0.000,1,451
TRK,2300998,0.99849,-0.03135,-0.01676,0.04180,0.1124,-0.0137,-0.1796,0.000,0.000,0.000,1,451
TRK,2301019,0.99849,-0.03137,-0.01672,0.04180,0.1124,-0.0137,-0.1796,0.000,0.000,0.000,1,451
TRK,2301039,0.99849,-0.03141,-0.01661,0.04181,0.1124,-0.0137,-0.1796,0.000,0.000,0.000,1,451
TRK,2301059,0.99849,-0.03142,-0.01655,0.04181,0.1124,-0.0137,-0.1796,0.000,0.000,0.000,1,451
TRK,2301079,0.99850,-0.03141,-0.01649,0.04181,0.1124,-0.0137,-0.1796,0.000,0.000,0.000,1,451
TRK,2301098,0.99849,-0.03146,-0.01642,0.04181,0.1124,-0.0137,-0.1796,0.000,0.000,0.000,1,451
TRK,2301118,0.99849,-0.03152,-0.01634,0.04182,0.1124,-0.0137,-0.1796,0.000,0.000,0.000,1,451
TRK,2301138,0.99849,-0.03149,-0.01635,0.04182,0.1124,-0.0137,-0.1796,0.000,0.000,0.000,1,451
TRK,2301158,0.99850,-0.03145,-0.01634,0.04182,0.1124,-0.0137,-0.1796,0.000,0.000,0.000,1,451
TRK,2301178,0.99850,-0.03139,-0.01633,0.04182,0.1124,-0.0137,-0.1796,0.000,0.000,0.000,1,451
TRK,2301199,0.99850,-0.03136,-0.01632,0.04182,0.1124,-0.0137,-0.1796,0.000,0.000,0.000,1,451
TRK,2301219,0.99850,-0.03131,-0.01626,0.04182,0.1124,-0.0137,-0.1796,0.000,0.000,0.000,1,451
TRK,2301240,0.99850,-0.03132,-0.01620,0.04182,0.1124,-0.0137,-0.1796,0.000,0.000,0.000,1,451
TRK,2301260,0.99849,-0.03166,-0.01656,0.04181,0.1124,-0.0137,-0.1796,0.000,0.000,0.000,1,451
TRK,2301280,0.99846,-0.03216,-0.01703,0.04181,0.1124,-0.0137,-0.1796,0.000,0.000,0.000,1,451
STAT,404.1,400.6,2,4,0,0.1126,1.406,0.1404,0.1351,-0.0706,10.0641,2.48,0.443
TRK,2301297,0.99844,-0.03256,-0.01759,0.04179,0.1124,-0.0137,-0.1796,0.000,0.000,0.000,1,451
TRK,2301319,0.99842,-0.03296,-0.01810,0.04178,0.1124,-0.0137,-0.1796,0.000,0.000,0.000,1,451
TRK,2301339,0.99842,-0.03266,-0.01887,0.04175,0.1124,-0.0137,-0.1796,0.000,0.000,0.000,1,451
TRK,2301359,0.99842,-0.03213,-0.01971,0.04171,0.1124,-0.0137,-0.1796,0.000,0.000,0.000,1,451
TRK,2301380,0.99844,-0.03096,-0.02078,0.04166,0.1124,-0.0137,-0.1796,0.000,0.000,0.000,1,451
TRK,2301397,0.99844,-0.03028,-0.02185,0.04161,0.1137,-0.0128,-0.1793,0.021,0.022,0.004,2,451
TRK,2301419,0.99788,-0.03035,-0.02260,0.05288,0.1141,-0.0121,-0.1792,0.017,0.056,0.005,2,451
TRK,2301439,0.99735,-0.03116,-0.02323,0.06156,0.1144,-0.0104,-0.1791,0.006,0.103,0.008,2,451
TRK,2301457,0.99681,-0.03392,-0.02412,0.06803,0.1144,-0.0083,-0.1789,-0.003,0.136,0.009,2,451
TRK,2301479,0.99616,-0.03652,-0.02542,0.07537,0.1142,-0.0049,-0.1787,-0.007,0.165,0.008,2,451
TRK,2301498,0.99550,-0.03767,-0.02679,0.08270,0.1141,-0.0019,-0.1786,-0.008,0.183,0.010,2,451
TRK,2301519,0.99478,-0.03959,-0.02770,0.08986,0.1140,0.0025,-0.1784,-0.005,0.205,0.012,2,451
TRK,2301540,0.99410,-0.04482,-0.02837,0.09461,0.1140,0.0066,-0.1781,0.004,0.210,0.015,2,451
TRK,2301558,0.99345,-0.05245,-0.02952,0.09716,0.1141,0.0107,-0.1778,0.012,0.208,0.011,2,451
TRK,2301580,0.99294,-0.05458,-0.02988,0.10103,0.1146,0.0146,-0.1776,0.034,0.180,0.010,2,451
TRK,2301598,0.99297,-0.05281,-0.02973,0.10164,0.1154,0.0179,-0.1774,0.052,0.149,0.010,2,451
TRK,2301618,0.99316,-0.05071,-0.02903,0.10114,0.1166,0.0206,-0.1772,0.061,0.126,0.016,2,451
TRK,2301638,0.99325,-0.05057,-0.02889,0.10031,0.1178,0.0229,-0.1768,0.067,0.113,0.019,2,451
TRK,2301658,0.99328,-0.05102,-0.02827,0.09995,0.1192,0.0249,-0.1764,0.078,0.083,0.026,2,451
TRK,2301679,0.99340,-0.05477,-0.02802,0.09681,0.1210,0.0261,-0.1758,0.099,0.038,0.027,2,451
TRK,2301700,0.99402,-0.05623,-0.02614,0.08989,0.1235,0.0263,-0.1752,0.128,-0.021,0.027,2,451
TRK,2301720,0.99474,-0.05532,-0.02382,0.08284,0.1262,0.0256,-0.1747,0.143,-0.052,0.026,2,451
TRK,2301740,0.99527,-0.05120,-0.02204,0.07953,0.1291,0.0244,-0.1742,0.151,-0.068,0.024,2,451
TRK,2301760,0.99598,-0.04215,-0.02033,0.07639,0.1322,0.0229,-0.1738,0.162,-0.087,0.021,2,451
TRK,2301780,0.99614,-0.03152,-0.01896,0.07967,0.1357,0.0208,-0.1734,0.184,-0.134,0.029,2,451
TRK,2301800,0.99636,-0.03121,-0.01819,0.07720,0.1395,0.0177,-0.1728,0.201,-0.168,0.030,2,451
TRK,2301818,0.99679,-0.03083,-0.01771,0.07179,0.1439,0.0140,-0.1721,0.236,-0.208,0.033,2,451
TRK,2301840,0.99768,-0.03045,-0.01698,0.05845,0.1493,0.0093,-0.1713,0.248,-0.210,0.038,2,451
TRK,2301860,0.99817,-0.03036,-0.01657,0.04954,0.1541,0.0052,-0.1705,0.242,-0.196,0.043,2,451
TRK,2301880,0.99859,-0.03017,-0.01562,0.04085,0.1589,0.0014,-0.1696,0.242,-0.194,0.046,2,451
TRK,2301899,0.99889,-0.03033,-0.01572,0.03251,0.1630,-0.0019,-0.1688,0.232,-0.183,0.047,2,451
TRK,2301918,0.99917,-0.03045,-0.01633,0.02149,0.1675,-0.0055,-0.1679,0.223,-0.182,0.046,2,451
TRK,2301937,0.99937,-0.02977,-0.01413,0.01301,0.1719,-0.0091,-0.1670,0.218,-0.179,0.042,2,451
TRK,2301958,0.99943,-0.03048,-0.01398,0.00309,0.1761,-0.0124,-0.1662,0.204,-0.151,0.043,2,451
TRK,2301979,0.99943,-0.03045,-0.01434,0.00049,0.1804,-0.0153,-0.1652,0.188,-0.120,0.047,2,451
TRK,2302000,0.99943,-0.03042,-0.01456,0.00204,0.1842,-0.0176,-0.1642,0.197,-0.123,0.049,2,451
TRK,2302019,0.99943,-0.03013,-0.01433,0.00539,0.1882,-0.0201,-0.1633,0.199,-0.116,0.051,2,451
TRK,2302040,0.99942,-0.02937,-0.01424,0.00948,0.1921,-0.0223,-0.1622,0.202,-0.107,0.052,2,451
TRK,2302060,0.99941,-0.02873,-0.01369,0.01325,0.1961,-0.0243,-0.1612,0.201,-0.095,0.054,2,451
TRK,2302080,0.99935,-0.02850,-0.01398,0.01706,0.2001,-0.0260,-0.1601,0.204,-0.086,0.056,2,451
TRK,2302100,0.99930,-0.02894,-0.01490,0.01840,0.2048,-0.0280,-0.1588,0.217,-0.084,0.059,2,451
TRK,2302120,0.99923,-0.02947,-0.01631,0.02030,0.2091,-0.0295,-0.1576,0.213,-0.068,0.062,2,451
TRK,2302137,0.99917,-0.02968,-0.01722,0.02216,0.2128,-0.0306,-0.1565,0.213,-0.060,0.064,2,451
TRK,2302159,0.99915,-0.02976,-0.01709,0.02278,0.2169,-0.0317,-0.1552,0.207,-0.051,0.067,2,451
TRK,2302177,0.99909,-0.03012,-0.01820,0.02407,0.2210,-0.0327,-0.1539,0.198,-0.042,0.069,2,451
TRK,2302199,0.99905,-0.03036,-0.01887,0.02487,0.2253,-0.0335,-0.1523,0.187,-0.034,0.071,2,451
TRK,2302220,0.99907,-0.03068,-0.01921,0.02340,0.2289,-0.0341,-0.1509,0.181,-0.031,0.073,2,451
TRK,2302240,0.99900,-0.03093,-0.01889,0.02609,0.2326,-0.0349,-0.1495,0.193,-0.044,0.075,2,451
TRK,2302260,0.99883,-0.03131,-0.01870,0.03176,0.2365,-0.0358,-0.1480,0.199,-0.047,0.077,2,451
TRK,2302277,0.99865,-0.03158,-0.01887,0.03676,0.2399,-0.0366,-0.1466,0.196,-0.045,0.079,2,451
STAT,404.1,400.6,2,4,0,0.5546,22.882,0.1404,0.1351,-0.0706,10.0712,2.48,0.443
TRK,2302299,0.99841,-0.03202,-0.01952,0.04208,0.2442,-0.0375,-0.1448,0.186,-0.041,0.080,2,451
TRK,2302320,0.99821,-0.03216,-0.01912,0.04656,0.2478,-0.0383,-0.1432,0.179,-0.041,0.082,2,451
TRK,2302338,0.99802,-0.03265,-0.01981,0.04999,0.2513,-0.0391,-0.1416,0.176,-0.041,0.083,2,451
TRK,2302358,0.99787,-0.03320,-0.02055,0.05230,0.2547,-0.0400,-0.1399,0.165,-0.041,0.085,2,451
TRK,2302378,0.99769,-0.03311,-0.02007,0.05580,0.2578,-0.0407,-0.1382,0.143,-0.035,0.086,2,451
TRK,2302398,0.99746,-0.03293,-0.01958,0.06009,0.2604,-0.0414,-0.1365,0.120,-0.033,0.086,2,451
TRK,2302418,0.99732,-0.03307,-0.02011,0.06202,0.2625,-0.0420,-0.1348,0.098,-0.032,0.087,2,451
TRK,2302438,0.99736,-0.03324,-0.02070,0.06112,0.2643,-0.0427,-0.1331,0.083,-0.035,0.087,2,451
TRK,2302458,0.99736,-0.03330,-0.02101,0.06101,0.2658,-0.0435,-0.1314,0.074,-0.043,0.088,2,451
TRK,2302478,0.99735,-0.03330,-0.02113,0.06115,0.2672,-0.0444,-0.1296,0.072,-0.046,0.089,2,451
TRK,2302498,0.99734,-0.03343,-0.02160,0.06114,0.2687,-0.0453,-0.1279,0.074,-0.047,0.090,2,451
TRK,2302520,0.99721,-0.03355,-0.02209,0.06297,0.2703,-0.0463,-0.1258,0.073,-0.047,0.091,2,451
TRK,2302540,0.99717,-0.03359,-0.02224,0.06340,0.2718,-0.0472,-0.1240,0.076,-0.047,0.093,2,451
TRK,2302557,0.99718,-0.03355,-0.02210,0.06338,0.2731,-0.0481,-0.1224,0.078,-0.047,0.094,2,451
TRK,2302578,0.99719,-0.03350,-0.02199,0.06337,0.2749,-0.0491,-0.1203,0.079,-0.048,0.095,2,451
TRK,2302599,0.99718,-0.03349,-0.02198,0.06343,0.2764,-0.0501,-0.1184,0.080,-0.049,0.096,2,451
TRK,2302619,0.99718,-0.03351,-0.02203,0.06338,0.2780,-0.0511,-0.1165,0.082,-0.050,0.097,2,451
TRK,2302640,0.99718,-0.03352,-0.02216,0.06338,0.2799,-0.0522,-0.1143,0.082,-0.051,0.098,2,451
TRK,2302660,0.99718,-0.03354,-0.02225,0.06332,0.2815,-0.0532,-0.1123,0.083,-0.051,0.099,2,451
TRK,2302680,0.99718,-0.03352,-0.02229,0.06333,0.2832,-0.0542,-0.1104,0.085,-0.052,0.100,2,451
TRK,2302700,0.99717,-0.03356,-0.02241,0.06339,0.2225,-0.0168,-0.1818,0.000,0.000,0.000,1,452
TRK,2302720,0.99715,-0.03392,-0.02287,0.06338,0.2225,-0.0168,-0.1818,0.000,0.000,0.000,1,452
TRK,2302738,0.99713,-0.03414,-0.02325,0.06337,0.2225,-0.0168,-0.1818,0.000,0.000,0.000,1,452
TRK,2302760,0.99712,-0.03435,-0.02364,0.06336,0.2225,-0.0168,-0.1818,0.000,0.000,0.000,1,452
TRK,2302778,0.99711,-0.03449,-0.02392,0.06336,0.2225,-0.0168,-0.1818,0.000,0.000,0.000,1,452
TRK,2302799,0.99710,-0.03464,-0.02420,0.06335,0.2225,-0.0168,-0.1818,0.000,0.000,0.000,1,452
TRK,2302819,0.99709,-0.03481,-0.02441,0.06334,0.2225,-0.0168,-0.1818,0.000,0.000,0.000,1,452
TRK,2302838,0.99708,-0.03497,-0.02449,0.06335,0.2225,-0.0168,-0.1818,0.000,0.000,0.000,1,452
TRK,2302858,0.99707,-0.03517,-0.02447,0.06335,0.2225,-0.0168,-0.1818,0.000,0.000,0.000,1,452
TRK,2302878,0.99707,-0.03534,-0.02446,0.06335,0.2225,-0.0168,-0.1818,0.000,0.000,0.000,1,452
TRK,2302898,0.99706,-0.03550,-0.02442,0.06336,0.2225,-0.0168,-0.1818,0.000,0.000,0.000,1,452
TRK,2302918,0.99706,-0.03561,-0.02439,0.06336,0.2225,-0.0168,-0.1818,0.000,0.000,0.000,1,452
TRK,2302938,0.99705,-0.03568,-0.02445,0.06336,0.2225,-0.0168,-0.1818,0.000,0.000,0.000,1,452
TRK,2302958,0.99705,-0.03575,-0.02448,0.06336,0.2225,-0.0168,-0.1818,0.000,0.000,0.000,1,452
TRK,2302978,0.99705,-0.03574,-0.02446,0.06336,0.2225,-0.0168,-0.1818,0.000,0.000,0.000,1,452
TRK,2302999,0.99705,-0.03571,-0.02437,0.06337,0.2225,-0.0168,-0.1818,0.000,0.000,0.000,1,452
TRK,2303019,0.99706,-0.03572,-0.02427,0.06337,0.2225,-0.0168,-0.1818,0.000,0.000,0.000,1,452
TRK,2303040,0.99706,-0.03569,-0.02418,0.06337,0.2225,-0.0168,-0.1818,0.000,0.000,0.000,1,452
TRK,2303058,0.99706,-0.03563,-0.02415,0.06337,0.2225,-0.0168,-0.1818,0.000,0.000,0.000,1,452
TRK,2303080,0.99706,-0.03565,-0.02419,0.06337,0.2225,-0.0168,-0.1818,0.000,0.000,0.000,1,452
TRK,2303099,0.99706,-0.03563,-0.02425,0.06337,0.2225,-0.0168,-0.1818,0.000,0.000,0.000,1,452
TRK,2303119,0.99706,-0.03558,-0.02429,0.06337,0.2225,-0.0168,-0.1818,0.000,0.000,0.000,1,452
TRK,2303139,0.99706,-0.03556,-0.02432,0.06336,0.2225,-0.0168,-0.1818,0.000,0.000,0.000,1,452
TRK,2303157,0.99706,-0.03555,-0.02431,0.06336,0.2225,-0.0168,-0.1818,0.000,0.000,0.000,1,452
TRK,2303178,0.99706,-0.03553,-0.02426,0.06337,0.2225,-0.0168,-0.1818,0.000,0.000,0.000,1,452
TRK,2303200,0.99706,-0.03558,-0.02425,0.06337,0.2225,-0.0168,-0.1818,0.000,0.000,0.000,1,452
TRK,2303220,0.99706,-0.03564,-0.02422,0.06337,0.2225,-0.0168,-0.1818,0.000,0.000,0.000,1,452
TRK,2303238,0.99706,-0.03570,-0.02421,0.06337,0.2225,-0.0168,-0.1818,0.000,0.000,0.000,1,452
TRK,2303258,0.99705,-0.03576,-0.02425,0.06337,0.2225,-0.0168,-0.1818,0.000,0.000,0.000,1,452
TRK,2303280,0.99705,-0.03582,-0.02416,0.06338,0.2225,-0.0168,-0.1818,0.000,0.000,0.000,1,452
TRK,2303298,0.99705,-0.03587,-0.02411,0.06338,0.2225,-0.0168,-0.1818,0.000,0.000,0.000,1,452
STAT,404.1,400.6,2,4,0,0.0317,0.226,0.1408,0.1358,-0.0746,10.1016,1.45,0.142
TRK,2303319,0.99706,-0.03584,-0.02403,0.06338,0.2225,-0.0168,-0.1818,0.000,0.000,0.000,1,452
TRK,2303339,0.99706,-0.03583,-0.02391,0.06339,0.2225,-0.0168,-0.1818,0.000,0.000,0.000,1,452
TRK,2303359,0.99706,-0.03585,-0.02388,0.06339,0.2225,-0.0168,-0.1818,0.000,0.000,0.000,1,452
TRK,2303379,0.99706,-0.03587,-0.02391,0.06339,0.2225,-0.0168,-0.1818,0.000,0.000,0.000,1,452
TRK,2303400,0.99706,-0.03589,-0.02395,0.06339,0.2225,-0.0168,-0.1818,0.000,0.000,0.000,1,452
TRK,2303420,0.99706,-0.03590,-0.02393,0.06339,0.2225,-0.0168,-0.1818,0.000,0.000,0.000,1,452
TRK,2303438,0.99710,-0.03573,-0.02424,0.06270,0.2225,-0.0168,-0.1820,0.006,0.010,-0.001,2,452
TRK,2303458,0.99720,-0.03573,-0.02427,0.06107,0.2227,-0.0164,-0.1820,0.010,0.031,0.000,2,452
TRK,2303478,0.99722,-0.03567,-0.02434,0.06065,0.2229,-0.0155,-0.1820,0.016,0.056,0.001,2,452
TRK,2303499,0.99724,-0.03564,-0.02447,0.06033,0.2235,-0.0140,-0.1819,0.033,0.076,0.002,2,452
TRK,2303520,0.99731,-0.03543,-0.02442,0.05927,0.2243,-0.0124,-0.1819,0.055,0.087,0.004,2,452
TRK,2303540,0.99734,-0.03501,-0.02446,0.05899,0.2256,-0.0106,-0.1818,0.073,0.088,0.005,2,452
TRK,2303558,0.99739,-0.03465,-0.02436,0.05843,0.2273,-0.0089,-0.1816,0.098,0.082,0.007,2,452
TRK,2303579,0.99747,-0.03423,-0.02353,0.05764,0.2294,-0.0074,-0.1815,0.118,0.067,0.008,2,452
TRK,2303598,0.99754,-0.03395,-0.02341,0.05664,0.2319,-0.0063,-0.1814,0.132,0.046,0.006,2,452
TRK,2303618,0.99750,-0.03374,-0.02373,0.05734,0.2347,-0.0057,-0.1813,0.147,0.016,0.004,2,452
TRK,2303638,0.99745,-0.03341,-0.02347,0.05850,0.2377,-0.0057,-0.1812,0.160,-0.014,0.000,2,452
TRK,2303658,0.99753,-0.03289,-0.02204,0.05798,0.2411,-0.0063,-0.1813,0.173,-0.046,-0.003,2,452
TRK,2303678,0.99754,-0.03316,-0.02183,0.05785,0.2447,-0.0075,-0.1814,0.182,-0.077,-0.007,2,452
TRK,2303698,0.99740,-0.03402,-0.02182,0.05961,0.2481,-0.0092,-0.1815,0.172,-0.096,-0.009,2,452
TRK,2303718,0.99716,-0.03440,-0.02391,0.06261,0.2514,-0.0113,-0.1817,0.163,-0.118,-0.010,2,452
TRK,2303738,0.99687,-0.03443,-0.02574,0.06635,0.2545,-0.0138,-0.1820,0.148,-0.133,-0.014,2,452
TRK,2303759,0.99667,-0.03506,-0.02650,0.06865,0.2576,-0.0169,-0.1823,0.122,-0.146,-0.017,2,452
TRK,2303780,0.99655,-0.03550,-0.02777,0.06967,0.2596,-0.0199,-0.1827,0.086,-0.152,-0.020,2,452
TRK,2303797,0.99669,-0.03578,-0.02855,0.06713,0.2608,-0.0226,-0.1831,0.055,-0.168,-0.024,2,452
TRK,2303818,0.99749,-0.03627,-0.02729,0.05431,0.2616,-0.0265,-0.1836,0.019,-0.186,-0.026,2,452
TRK,2303840,0.99837,-0.03688,-0.02388,0.03651,0.2620,-0.0310,-0.1842,0.016,-0.215,-0.025,2,452
TRK,2303860,0.99893,-0.03691,-0.02128,0.01823,0.2622,-0.0353,-0.1847,0.004,-0.225,-0.025,2,452
TRK,2303879,0.99915,-0.03626,-0.01938,-0.00382,0.2621,-0.0393,-0.1851,-0.009,-0.236,-0.026,2,452
TRK,2303900,0.99888,-0.03516,-0.01800,-0.02619,0.2615,-0.0444,-0.1857,-0.046,-0.226,-0.025,2,452
TRK,2303918,0.99827,-0.03391,-0.01661,-0.04502,0.2605,-0.0483,-0.1861,-0.064,-0.221,-0.026,2,452
TRK,2303938,0.99836,-0.03233,-0.02234,-0.04174,0.2589,-0.0515,-0.1865,-0.099,-0.097,-0.019,2,452
TRK,2303958,0.99903,-0.03244,-0.02269,-0.01927,0.2574,-0.0546,-0.1870,-0.041,-0.208,-0.027,2,452
TRK,2303978,0.99867,-0.03219,-0.01635,-0.03678,0.2567,-0.0588,-0.1876,-0.042,-0.199,-0.025,2,452
TRK,2303999,0.99845,-0.03132,-0.01579,-0.04331,0.2556,-0.0628,-0.1881,-0.051,-0.165,-0.025,2,452
TRK,2304019,0.99846,-0.03094,-0.01571,-0.04318,0.2546,-0.0658,-0.1886,-0.051,-0.139,-0.025,2,452
TRK,2304039,0.99858,-0.03081,-0.01588,-0.04038,0.2537,-0.0683,-0.1891,-0.037,-0.117,-0.025,2,452
TRK,2304059,0.99867,-0.03070,-0.01595,-0.03833,0.2531,-0.0704,-0.1896,-0.026,-0.099,-0.027,2,452
TRK,2304078,0.99873,-0.03068,-0.01606,-0.03657,0.2526,-0.0722,-0.1902,-0.023,-0.087,-0.030,2,452
TRK,2304099,0.99875,-0.03065,-0.01615,-0.03591,0.2522,-0.0739,-0.1908,-0.020,-0.081,-0.031,2,452
TRK,2304118,0.99873,-0.03058,-0.01595,-0.03682,0.2519,-0.0755,-0.1914,-0.011,-0.080,-0.033,2,452
TRK,2304139,0.99872,-0.03059,-0.01583,-0.03694,0.2517,-0.0770,-0.1921,-0.005,-0.075,-0.034,2,452
TRK,2304160,0.99872,-0.03055,-0.01564,-0.03729,0.2516,-0.0786,-0.1929,-0.003,-0.068,-0.036,2,452
TRK,2304178,0.99873,-0.03067,-0.01590,-0.03676,0.2516,-0.0797,-0.1935,0.004,-0.064,-0.036,2,452
TRK,2304197,0.99874,-0.03071,-0.01583,-0.03643,0.2518,-0.0809,-0.1942,0.010,-0.059,-0.036,2,452
TRK,2304217,0.99880,-0.03078,-0.01610,-0.03462,0.2521,-0.0821,-0.1949,0.024,-0.062,-0.037,2,452
TRK,2304237,0.99887,-0.03089,-0.01627,-0.03239,0.2527,-0.0833,-0.1956,0.024,-0.059,-0.037,2,452
TRK,2304257,0.99893,-0.03098,-0.01622,-0.03040,0.2531,-0.0845,-0.1964,0.016,-0.058,-0.039,2,452
TRK,2304280,0.99896,-0.03103,-0.01624,-0.02903,0.2533,-0.0858,-0.1973,0.009,-0.058,-0.040,2,452
TRK,2304299,0.99901,-0.03110,-0.01620,-0.02720,0.2535,-0.0870,-0.1981,0.003,-0.060,-0.040,2,452
STAT,404.3,400.8,2,4,0,0.5024,10.397,0.1428,0.1338,-0.0754,10.0967,1.45,0.142
TRK,2304319,0.99906,-0.03120,-0.01615,-0.02525,0.2535,-0.0882,-0.1988,0.003,-0.065,-0.039,2,452
TRK,2304340,0.99909,-0.03122,-0.01636,-0.02414,0.2536,-0.0897,-0.1997,0.002,-0.069,-0.038,2,452
TRK,2304357,0.99911,-0.03123,-0.01632,-0.02304,0.2535,-0.0907,-0.2003,-0.007,-0.069,-0.038,2,452
TRK,2304378,0.99912,-0.03127,-0.01628,-0.02260,0.2532,-0.0923,-0.2011,-0.021,-0.073,-0.038,2,452
TRK,2304399,0.99912,-0.03130,-0.01638,-0.02245,0.2527,-0.0938,-0.2019,-0.031,-0.077,-0.037,2,452
TRK,2304419,0.99913,-0.03128,-0.01645,-0.02228,0.2520,-0.0954,-0.2026,-0.040,-0.082,-0.037,2,452
TRK,2304439,0.99911,-0.03125,-0.01641,-0.02300,0.2511,-0.0973,-0.2034,-0.042,-0.087,-0.035,2,452
TRK,2304459,0.99910,-0.03120,-0.01641,-0.02361,0.2502,-0.0990,-0.2041,-0.044,-0.090,-0.034,2,452
TRK,2304479,0.99909,-0.03116,-0.01643,-0.02390,0.2494,-0.1008,-0.2047,-0.044,-0.091,-0.032,2,452
TRK,2304499,0.99908,-0.03207,-0.01567,-0.02387,0.2752,-0.0469,-0.1858,0.000,0.000,0.000,1,453
TRK,2304520,0.99906,-0.03285,-0.01535,-0.02385,0.2752,-0.0469,-0.1858,0.000,0.000,0.000,1,453
TRK,2304538,0.99905,-0.03309,-0.01547,-0.02385,0.2752,-0.0469,-0.1858,0.000,0.000,0.000,1,453
TRK,2304560,0.99904,-0.03303,-0.01577,-0.02386,0.2752,-0.0469,-0.1858,0.000,0.000,0.000,1,453
TRK,2304578,0.99904,-0.03291,-0.01619,-0.02387,0.2752,-0.0469,-0.1858,0.000,0.000,0.000,1,453
TRK,2304598,0.99904,-0.03277,-0.01657,-0.02389,0.2752,-0.0469,-0.1858,0.000,0.000,0.000,1,453
TRK,2304618,0.99904,-0.03266,-0.01695,-0.02390,0.2752,-0.0469,-0.1858,0.000,0.000,0.000,1,453
TRK,2304638,0.99903,-0.03254,-0.01732,-0.02392,0.2752,-0.0469,-0.1858,0.000,0.000,0.000,1,453
TRK,2304658,0.99903,-0.03244,-0.01758,-0.02393,0.2752,-0.0469,-0.1858,0.000,0.000,0.000,1,453
TRK,2304678,0.99903,-0.03234,-0.01769,-0.02393,0.2752,-0.0469,-0.1858,0.000,0.000,0.000,1,453
TRK,2304698,0.99903,-0.03228,-0.01775,-0.02394,0.2752,-0.0469,-0.1858,0.000,0.000,0.000,1,453
TRK,2304718,0.99903,-0.03228,-0.01774,-0.02394,0.2752,-0.0469,-0.1858,0.000,0.000,0.000,1,453
TRK,2304739,0.99903,-0.03229,-0.01772,-0.02394,0.2752,-0.0469,-0.1858,0.000,0.000,0.000,1,453
TRK,2304759,0.99903,-0.03232,-0.01766,-0.02393,0.2752,-0.0469,-0.1858,0.000,0.000,0.000,1,453
TRK,2304780,0.99904,-0.03232,-0.01755,-0.02393,0.2752,-0.0469,-0.1858,0.000,0.000,0.000,1,453
TRK,2304798,0.99904,-0.03238,-0.01738,-0.02392,0.2752,-0.0469,-0.1858,0.000,0.000,0.000,1,453
TRK,2304820,0.99905,-0.03237,-0.01700,-0.02391,0.2752,-0.0469,-0.1858,0.000,0.000,0.000,1,453
TRK,2304840,0.99905,-0.03243,-0.01670,-0.02390,0.2752,-0.0469,-0.1858,0.000,0.000,0.000,1,453
TRK,2304860,0.99905,-0.03245,-0.01642,-0.02389,0.2752,-0.0469,-0.1858,0.000,0.000,0.000,1,453
TRK,2304879,0.99906,-0.03243,-0.01622,-0.02388,0.2752,-0.0469,-0.1858,0.000,0.000,0.000,1,453
TRK,2304898,0.99906,-0.03240,-0.01611,-0.02388,0.2752,-0.0469,-0.1858,0.000,0.000,0.000,1,453
TRK,2304918,0.99906,-0.03243,-0.01604,-0.02388,0.2752,-0.0469,-0.1858,0.000,0.000,0.000,1,453
TRK,2304938,0.99906,-0.03246,-0.01597,-0.02388,0.2752,-0.0469,-0.1858,0.000,0.000,0.000,1,453
TRK,2304960,0.99906,-0.03246,-0.01590,-0.02387,0.2752,-0.0469,-0.1858,0.000,0.000,0.000,1,453
TRK,2304978,0.99906,-0.03247,-0.01587,-0.02387,0.2752,-0.0469,-0.1858,0.000,0.000,0.000,1,453
TRK,2304999,0.99906,-0.03248,-0.01579,-0.02387,0.2752,-0.0469,-0.1858,0.000,0.000,0.000,1,453
TRK,2305019,0.99906,-0.03248,-0.01567,-0.02387,0.2752,-0.0469,-0.1858,0.000,0.000,0.000,1,453
TRK,2305039,0.99906,-0.03249,-0.01563,-0.02386,0.2752,-0.0469,-0.1858,0.000,0.000,0.000,1,453
TRK,2305059,0.99906,-0.03251,-0.01564,-0.02386,0.2752,-0.0469,-0.1858,0.000,0.000,0.000,1,453
TRK,2305080,0.99906,-0.03250,-0.01569,-0.02387,0.2752,-0.0469,-0.1858,0.000,0.000,0.000,1,453
TRK,2305098,0.99906,-0.03249,-0.01570,-0.02387,0.2752,-0.0469,-0.1858,0.000,0.000,0.000,1,453
TRK,2305119,0.99907,-0.03245,-0.01566,-0.02387,0.2752,-0.0469,-0.1858,0.000,0.000,0.000,1,453
TRK,2305137,0.99907,-0.03245,-0.01565,-0.02387,0.2752,-0.0469,-0.1858,0.000,0.000,0.000,1,453
TRK,2305159,0.99907,-0.03243,-0.01557,-0.02386,0.2752,-0.0469,-0.1858,0.000,0.000,0.000,1,453
TRK,2305180,0.99909,-0.03244,-0.01564,-0.02275,0.2752,-0.0466,-0.1858,-0.011,0.018,0.001,2,453
TRK,2305199,0.99909,-0.03248,-0.01559,-0.02281,0.2748,-0.0460,-0.1858,-0.036,0.043,0.000,2,453
TRK,2305220,0.99914,-0.03263,-0.01580,-0.02009,0.2735,-0.0449,-0.1858,-0.090,0.074,-0.001,2,453
TRK,2305240,0.99918,-0.03282,-0.01597,-0.01779,0.2714,-0.0432,-0.1858,-0.124,0.096,-0.002,2,453
TRK,2305260,0.99918,-0.03331,-0.01686,-0.01545,0.2687,-0.0411,-0.1859,-0.142,0.107,-0.003,2,453
TRK,2305278,0.99919,-0.03416,-0.01714,-0.01270,0.2656,-0.0389,-0.1859,-0.173,0.122,-0.004,2,453
TRK,2305298,0.99918,-0.03513,-0.01733,-0.01047,0.2617,-0.0362,-0.1861,-0.222,0.143,-0.008,2,453
STAT,404.3,400.8,2,4,0,0.8271,14.981,0.1484,0.1362,-0.0818,10.1515,1.20,0.106
TRK,2305318,0.99915,-0.03605,-0.01821,-0.00859,0.2567,-0.0332,-0.1862,-0.281,0.166,-0.010,2,453
TRK,2305338,0.99911,-0.03740,-0.01895,-0.00480,0.2505,-0.0296,-0.1865,-0.341,0.189,-0.012,2,453
TRK,2305358,0.99915,-0.03659,-0.01785,-0.00642,0.2436,-0.0260,-0.1868,-0.366,0.177,-0.018,2,453
TRK,2305378,0.99920,-0.03510,-0.01610,-0.01068,0.2360,-0.0226,-0.1871,-0.386,0.162,-0.020,2,453
TRK,2305398,0.99916,-0.03468,-0.01604,-0.01451,0.2283,-0.0196,-0.1875,-0.390,0.145,-0.017,2,453
TRK,2305418,0.99906,-0.03441,-0.01711,-0.02023,0.2207,-0.0170,-0.1878,-0.392,0.124,-0.016,2,453
TRK,2305438,0.99885,-0.03481,-0.01783,-0.02785,0.2126,-0.0145,-0.1882,-0.420,0.123,-0.017,2,453
TRK,2305458,0.99860,-0.03490,-0.01590,-0.03650,0.2042,-0.0122,-0.1885,-0.423,0.104,-0.014,2,453
TRK,2305478,0.99818,-0.03482,-0.01595,-0.04652,0.1958,-0.0103,-0.1888,-0.427,0.088,-0.015,2,453
TRK,2305500,0.99765,-0.03184,-0.01357,-0.05913,0.1864,-0.0088,-0.1891,-0.409,0.047,-0.013,2,453
TRK,2305520,0.99724,-0.03082,-0.01176,-0.06653,0.1787,-0.0084,-0.1893,-0.370,-0.006,-0.009,2,453
TRK,2305537,0.99689,-0.03046,-0.00951,-0.07208,0.1724,-0.0087,-0.1894,-0.364,-0.031,-0.007,2,453
TRK,2305558,0.99637,-0.03227,-0.00968,-0.07812,0.1641,-0.0096,-0.1896,-0.380,-0.049,-0.006,2,453
TRK,2305579,0.99573,-0.03252,-0.00984,-0.08584,0.1565,-0.0107,-0.1897,-0.392,-0.055,-0.009,2,453
TRK,2305599,0.99524,-0.03135,-0.01005,-0.09169,0.1486,-0.0119,-0.1899,-0.400,-0.067,-0.006,2,453
TRK,2305620,0.99468,-0.03150,-0.00969,-0.09755,0.1397,-0.0134,-0.1900,-0.398,-0.071,-0.004,2,453
TRK,2305639,0.99400,-0.03180,-0.00885,-0.10430,0.1329,-0.0147,-0.1900,-0.393,-0.076,-0.003,2,453
TRK,2305659,0.99336,-0.03075,-0.00856,-0.11056,0.1251,-0.0162,-0.1901,-0.391,-0.079,-0.002,2,453
TRK,2305679,0.99281,-0.03042,-0.00861,-0.11543,0.1163,-0.0179,-0.1901,-0.403,-0.067,-0.001,2,453
TRK,2305699,0.99210,-0.03135,-0.00921,-0.12110,0.1081,-0.0191,-0.1901,-0.423,-0.056,0.000,2,453
TRK,2305720,0.99138,-0.03117,-0.00977,-0.12685,0.0996,-0.0200,-0.1901,-0.439,-0.038,-0.003,2,453
TRK,2305738,0.99084,-0.02815,-0.01094,-0.13159,0.0919,-0.0206,-0.1902,-0.443,-0.030,-0.001,2,453
TRK,2305760,0.98967,-0.02729,-0.01176,-0.14023,0.0821,-0.0211,-0.1902,-0.431,-0.017,0.001,2,453
TRK,2305778,0.98879,-0.02606,-0.01184,-0.14652,0.0738,-0.0214,-0.1901,-0.416,-0.007,0.004,2,453
TRK,2305799,0.98778,-0.02720,-0.01134,-0.15304,0.0657,-0.0215,-0.1900,-0.394,-0.013,0.006,2,453
TRK,2305819,0.98706,-0.02709,-0.01128,-0.15761,0.0582,-0.0219,-0.1899,-0.368,-0.025,0.008,2,453
TRK,2305839,0.98641,-0.02661,-0.01123,-0.16172,0.0511,-0.0224,-0.1897,-0.355,-0.019,0.009,2,453
TRK,2305859,0.98566,-0.02648,-0.01142,-0.16624,0.0441,-0.0226,-0.1895,-0.345,-0.005,0.011,2,453
TRK,2305880,0.98473,-0.02668,-0.01119,-0.17167,0.0366,-0.0226,-0.1892,-0.326,0.002,0.014,2,453
TRK,2305900,0.98392,-0.02730,-0.01012,-0.17625,0.0304,-0.0226,-0.1889,-0.306,-0.003,0.016,2,453
TRK,2305918,0.98370,-0.02710,-0.00862,-0.17754,0.0253,-0.0228,-0.1886,-0.279,-0.021,0.020,2,453
TRK,2305940,0.98375,-0.02664,-0.00757,-0.17738,0.0196,-0.0235,-0.1881,-0.234,-0.042,0.024,2,453
TRK,2305959,0.98340,-0.02659,-0.00777,-0.17931,0.0153,-0.0244,-0.1876,-0.201,-0.047,0.026,2,453
TRK,2305979,0.98285,-0.02670,-0.00764,-0.18233,0.0115,-0.0253,-0.1871,-0.179,-0.042,0.028,2,453
TRK,2305999,0.98257,-0.02660,-0.00699,-0.18386,0.0081,-0.0260,-0.1865,-0.163,-0.031,0.030,2,453
TRK,2306017,0.98269,-0.02647,-0.00670,-0.18324,0.0055,-0.0265,-0.1860,-0.147,-0.022,0.031,2,453
TRK,2306037,0.98244,-0.02621,-0.00673,-0.18461,0.0028,-0.0269,-0.1854,-0.126,-0.021,0.033,2,453
TRK,2306057,0.98215,-0.02613,-0.00732,-0.18615,0.0006,-0.0274,-0.1847,-0.096,-0.038,0.035,2,453
TRK,2306078,0.98133,-0.02547,-0.00669,-0.19054,-0.0012,-0.0286,-0.1839,-0.060,-0.064,0.038,2,453
TRK,2306098,0.98072,-0.02507,-0.00613,-0.19369,-0.0021,-0.0300,-0.1831,-0.033,-0.078,0.040,2,453
TRK,2306118,0.98070,-0.02484,-0.00593,-0.19385,-0.0025,-0.0316,-0.1823,-0.008,-0.086,0.043,2,453
TRK,2306139,0.98062,-0.02480,-0.00592,-0.19425,-0.0024,-0.0334,-0.1814,0.020,-0.095,0.045,2,453
TRK,2306160,0.98068,-0.02481,-0.00632,-0.19392,-0.0015,-0.0357,-0.1804,0.055,-0.110,0.047,2,453
TRK,2306180,0.98090,-0.02488,-0.00641,-0.19281,-0.0002,-0.0380,-0.1795,0.083,-0.123,0.048,2,453
TRK,2306200,0.98136,-0.02503,-0.00691,-0.19042,0.0018,-0.0405,-0.1785,0.110,-0.128,0.050,2,453
TRK,2306220,0.98159,-0.02502,-0.00680,-0.18925,0.0040,-0.0431,-0.1775,0.116,-0.132,0.051,2,453
TRK,2306240,0.98161,-0.02485,-0.00641,-0.18919,0.0064,-0.0457,-0.1765,0.118,-0.136,0.052,2,453
TRK,2306258,0.98159,-0.02481,-0.00632,-0.18927,0.0088,-0.0484,-0.1754,0.125,-0.138,0.053,2,453
TRK,2306280,0.98120,-0.02487,-0.00664,-0.19128,0.0113,-0.0512,-0.1744,0.134,-0.138,0.055,2,453
TRK,2306299,0.98092,-0.02471,-0.00632,-0.19272,0.0140,-0.0539,-0.1733,0.135,-0.142,0.056,2,453
STAT,404.0,400.5,2,4,0,0.2911,6.520,0.1484,0.1362,-0.0818,10.1515,1.20,0.106
TRK,2306320,0.98070,-0.02470,-0.00634,-0.19386,0.0170,-0.0572,-0.1720,0.131,-0.150,0.056,2,453
TRK,2306339,0.98066,-0.02464,-0.00633,-0.19406,0.0192,-0.0598,-0.1710,0.127,-0.156,0.056,2,453
TRK,2306360,0.98067,-0.02463,-0.00640,-0.19402,0.0221,-0.0634,-0.1698,0.129,-0.160,0.057,2,453
TRK,2306379,0.98066,-0.02466,-0.00649,-0.19405,0.0243,-0.0662,-0.1688,0.130,-0.164,0.058,2,453
TRK,2306398,0.98066,-0.02467,-0.00654,-0.19405,0.0269,-0.0695,-0.1676,0.132,-0.168,0.059,2,453
TRK,2306418,0.98066,-0.02469,-0.00658,-0.19407,0.0295,-0.0728,-0.1665,0.134,-0.172,0.059,2,453
TRK,2306438,0.98066,-0.02491,-0.00674,-0.19401,-0.0647,0.0491,-0.2082,0.000,0.000,0.000,1,454
TRK,2306458,0.98061,-0.02647,-0.00788,-0.19402,-0.0647,0.0491,-0.2082,0.000,0.000,0.000,1,454
TRK,2306480,0.98056,-0.02786,-0.00880,-0.19402,-0.0647,0.0491,-0.2082,0.000,0.000,0.000,1,454
TRK,2306497,0.98053,-0.02871,-0.00932,-0.19402,-0.0647,0.0491,-0.2082,0.000,0.000,0.000,1,454
TRK,2306517,0.98051,-0.02949,-0.00973,-0.19402,-0.0647,0.0491,-0.2082,0.000,0.000,0.000,1,454
TRK,2306538,0.98048,-0.03025,-0.01013,-0.19402,-0.0647,0.0491,-0.2082,0.000,0.000,0.000,1,454
TRK,2306560,0.98046,-0.03087,-0.01050,-0.19402,-0.0647,0.0491,-0.2082,0.000,0.000,0.000,1,454
TRK,2306578,0.98044,-0.03122,-0.01077,-0.19402,-0.0647,0.0491,-0.2082,0.000,0.000,0.000,1,454
TRK,2306598,0.98043,-0.03153,-0.01095,-0.19402,-0.0647,0.0491,-0.2082,0.000,0.000,0.000,1,454
TRK,2306619,0.98042,-0.03177,-0.01107,-0.19402,-0.0647,0.0491,-0.2082,0.000,0.000,0.000,1,454
TRK,2306637,0.98041,-0.03199,-0.01114,-0.19402,-0.0647,0.0491,-0.2082,0.000,0.000,0.000,1,454
TRK,2306657,0.98040,-0.03219,-0.01126,-0.19402,-0.0647,0.0491,-0.2082,0.000,0.000,0.000,1,454
TRK,2306680,0.98040,-0.03238,-0.01134,-0.19402,-0.0647,0.0491,-0.2082,0.000,0.000,0.000,1,454
TRK,2306700,0.98039,-0.03253,-0.01143,-0.19402,-0.0647,0.0491,-0.2082,0.000,0.000,0.000,1,454
TRK,2306719,0.98039,-0.03264,-0.01148,-0.19402,-0.0647,0.0491,-0.2082,0.000,0.000,0.000,1,454
TRK,2306739,0.98038,-0.03275,-0.01153,-0.19402,-0.0647,0.0491,-0.2082,0.000,0.000,0.000,1,454
TRK,2306759,0.98038,-0.03283,-0.01159,-0.19402,-0.0647,0.0491,-0.2082,0.000,0.000,0.000,1,454
TRK,2306779,0.98038,-0.03285,-0.01168,-0.19402,-0.0647,0.0491,-0.2082,0.000,0.000,0.000,1,454
TRK,2306799,0.98037,-0.03291,-0.01174,-0.19402,-0.0647,0.0491,-0.2082,0.000,0.000,0.000,1,454
TRK,2306820,0.98037,-0.03294,-0.01177,-0.19402,-0.0647,0.0491,-0.2082,0.000,0.000,0.000,1,454
TRK,2306840,0.98037,-0.03297,-0.01178,-0.19402,-0.0647,0.0491,-0.2082,0.000,0.000,0.000,1,454
TRK,2306857,0.98037,-0.03304,-0.01180,-0.19402,-0.0647,0.0491,-0.2082,0.000,0.000,0.000,1,454
TRK,2306879,0.98037,-0.03309,-0.01179,-0.19402,-0.0647,0.0491,-0.2082,0.000,0.000,0.000,1,454
TRK,2306898,0.98036,-0.03317,-0.01186,-0.19402,-0.0647,0.0491,-0.2082,0.000,0.000,0.000,1,454
TRK,2306919,0.98029,-0.03307,-0.01180,-0.19441,-0.0643,0.0490,-0.2082,0.025,-0.004,0.002,2,454
TRK,2306939,0.98060,-0.03306,-0.01191,-0.19283,-0.0636,0.0488,-0.2082,0.048,-0.012,0.003,2,454
TRK,2306959,0.98118,-0.03312,-0.01192,-0.18986,-0.0623,0.0484,-0.2081,0.082,-0.033,0.004,2,454
TRK,2306978,0.98163,-0.03308,-0.01201,-0.18750,-0.0607,0.0477,-0.2080,0.109,-0.044,0.006,2,454
TRK,2306997,0.98232,-0.03340,-0.01235,-0.18379,-0.0582,0.0467,-0.2079,0.142,-0.051,0.007,2,454
TRK,2307020,0.98309,-0.03381,-0.01310,-0.17951,-0.0546,0.0455,-0.2077,0.181,-0.057,0.010,2,454
TRK,2307038,0.98344,-0.03443,-0.01336,-0.17744,-0.0506,0.0443,-0.2075,0.227,-0.067,0.012,2,454
TRK,2307058,0.98369,-0.03482,-0.01290,-0.17599,-0.0456,0.0429,-0.2072,0.270,-0.068,0.015,2,454
TRK,2307078,0.98365,-0.03583,-0.01301,-0.17599,-0.0400,0.0417,-0.2069,0.303,-0.057,0.017,2,454
TRK,2307098,0.98385,-0.03601,-0.01368,-0.17479,-0.0337,0.0407,-0.2065,0.331,-0.046,0.019,2,454
TRK,2307118,0.98423,-0.03507,-0.01348,-0.17286,-0.0268,0.0398,-0.2061,0.356,-0.035,0.020,2,454
TRK,2307138,0.98491,-0.03462,-0.01404,-0.16897,-0.0195,0.0392,-0.2057,0.383,-0.033,0.023,2,454
TRK,2307160,0.98582,-0.03611,-0.01582,-0.16310,-0.0106,0.0385,-0.2051,0.413,-0.028,0.025,2,454
TRK,2307180,0.98703,-0.03596,-0.01724,-0.15553,-0.0022,0.0381,-0.2046,0.436,-0.012,0.027,2,454
TRK,2307200,0.98836,-0.03633,-0.01808,-0.14661,0.0066,0.0379,-0.2041,0.458,-0.009,0.028,2,454
TRK,2307220,0.98964,-0.03739,-0.01794,-0.13748,0.0159,0.0378,-0.2035,0.476,-0.004,0.028,2,454
TRK,2307240,0.99076,-0.03884,-0.01763,-0.12876,0.0255,0.0378,-0.2029,0.488,0.008,0.030,2,454
TRK,2307258,0.99168,-0.03864,-0.01697,-0.12160,0.0352,0.0380,-0.2023,0.499,0.017,0.030,2,454
TRK,2307279,0.99289,-0.03960,-0.01767,-0.11084,0.0452,0.0383,-0.2017,0.513,0.014,0.032,2,454
TRK,2307299,0.99379,-0.04053,-0.01789,-0.10211,0.0555,0.0386,-0.2011,0.524,0.016,0.031,2,454
STAT,404.0,400.5,2,4,0,0.4168,52.091,0.1503,0.1378,-0.0829,10.1745,1.43,0.230
TRK,2307319,0.99458,-0.04116,-0.01750,-0.09384,0.0660,0.0389,-0.2005,0.538,0.010,0.032,2,454
TRK,2307339,0.99535,-0.04106,-0.01664,-0.08552,0.0767,0.0391,-0.1999,0.542,0.007,0.031,2,454
TRK,2307360,0.99599,-0.04173,-0.01527,-0.07768,0.0888,0.0392,-0.1992,0.544,0.003,0.029,2,454
TRK,2307379,0.99645,-0.04161,-0.01493,-0.07160,0.0982,0.0392,-0.1987,0.544,-0.001,0.029,2,454
TRK,2307399,0.99678,-0.04038,-0.01494,-0.06761,0.1089,0.0392,-0.1981,0.537,-0.002,0.030,2,454
TRK,2307419,0.99690,-0.04028,-0.01442,-0.06596,0.1209,0.0390,-0.1975,0.531,-0.011,0.031,2,454
TRK,2307440,0.99691,-0.03979,-0.01327,-0.06649,0.1313,0.0388,-0.1969,0.526,-0.019,0.029,2,454
TRK,2307458,0.99696,-0.03915,-0.01178,-0.06637,0.1404,0.0383,-0.1964,0.522,-0.028,0.027,2,454
TRK,2307480,0.99712,-0.03742,-0.01068,-0.06509,0.1518,0.0377,-0.1958,0.506,-0.034,0.026,2,454
TRK,2307498,0.99732,-0.03663,-0.01212,-0.06224,0.1618,0.0369,-0.1952,0.498,-0.042,0.030,2,454
TRK,2307520,0.99742,-0.03645,-0.01231,-0.06069,0.1713,0.0361,-0.1946,0.469,-0.037,0.032,2,454
TRK,2307538,0.99745,-0.03699,-0.01203,-0.05978,0.1803,0.0355,-0.1940,0.434,-0.029,0.030,2,454
TRK,2307560,0.99743,-0.03764,-0.01158,-0.05990,0.1896,0.0349,-0.1933,0.407,-0.029,0.030,2,454
TRK,2307579,0.99738,-0.03714,-0.01135,-0.06102,0.1965,0.0343,-0.1928,0.391,-0.031,0.028,2,454
TRK,2307599,0.99732,-0.03828,-0.01209,-0.06118,0.2041,0.0337,-0.1923,0.374,-0.037,0.025,2,454
TRK,2307620,0.99743,-0.03826,-0.01253,-0.05925,0.2121,0.0328,-0.1918,0.346,-0.034,0.024,2,454
TRK,2307637,0.99758,-0.03867,-0.01312,-0.05635,0.2180,0.0323,-0.1913,0.326,-0.029,0.024,2,454
TRK,2307659,0.99782,-0.03901,-0.01364,-0.05154,0.2247,0.0319,-0.1908,0.278,-0.007,0.023,2,454
TRK,2307680,0.99799,-0.03953,-0.01371,-0.04757,0.2299,0.0319,-0.1904,0.243,0.007,0.021,2,454
TRK,2307700,0.99809,-0.04018,-0.01448,-0.04467,0.2343,0.0322,-0.1900,0.212,0.017,0.019,2,454
TRK,2307720,0.99824,-0.04033,-0.01452,-0.04091,0.2382,0.0326,-0.1896,0.181,0.027,0.018,2,454
TRK,2307738,0.99836,-0.04077,-0.01522,-0.03721,0.2416,0.0332,-0.1893,0.155,0.034,0.016,2,454
TRK,2307759,0.99845,-0.04124,-0.01600,-0.03368,0.2443,0.0339,-0.1889,0.121,0.042,0.015,2,454
TRK,2307780,0.99852,-0.04120,-0.01642,-0.03158,0.2463,0.0349,-0.1887,0.086,0.054,0.013,2,454
TRK,2307799,0.99854,-0.04141,-0.01678,-0.03052,0.2477,0.0360,-0.1884,0.049,0.064,0.012,2,454
TRK,2307819,0.99851,-0.04193,-0.01781,-0.02993,0.2482,0.0374,-0.1882,0.010,0.074,0.010,2,454
TRK,2307839,0.99848,-0.04234,-0.01870,-0.02998,0.2484,0.0389,-0.1880,0.009,0.077,0.009,2,454
TRK,2307858,0.99844,-0.04287,-0.01985,-0.02972,0.2486,0.0405,-0.1878,0.008,0.080,0.010,2,454
TRK,2307878,0.99842,-0.04309,-0.02029,-0.02975,0.2487,0.0421,-0.1876,0.008,0.083,0.010,2,454
TRK,2307898,0.99842,-0.04315,-0.02046,-0.02975,0.2489,0.0438,-0.1874,0.008,0.086,0.010,2,454
TRK,2307918,0.99840,-0.04324,-0.02068,-0.02985,0.2490,0.0455,-0.1872,0.007,0.089,0.010,2,454
TRK,2307938,0.99840,-0.04328,-0.02080,-0.02990,0.2492,0.0473,-0.1870,0.007,0.092,0.010,2,454
TRK,2307958,0.99839,-0.04339,-0.02111,-0.02989,0.2493,0.0492,-0.1868,0.006,0.096,0.010,2,454
TRK,2307979,0.99838,-0.04342,-0.02128,-0.02987,0.2494,0.0514,-0.1866,0.006,0.099,0.010,2,454
TRK,2308000,0.99840,-0.04305,-0.02126,-0.02986,0.2464,-0.0103,-0.1927,0.000,0.000,0.000,1,455
TRK,2308019,0.99846,-0.04171,-0.02092,-0.02987,0.2464,-0.0103,-0.1927,0.000,0.000,0.000,1,455
TRK,2308039,0.99851,-0.04063,-0.02072,-0.02989,0.2464,-0.0103,-0.1927,0.000,0.000,0.000,1,455
TRK,2308059,0.99855,-0.03982,-0.02057,-0.02990,0.2464,-0.0103,-0.1927,0.000,0.000,0.000,1,455
TRK,2308077,0.99857,-0.03921,-0.02050,-0.02991,0.2464,-0.0103,-0.1927,0.000,0.000,0.000,1,455
TRK,2308099,0.99860,-0.03854,-0.02047,-0.02993,0.2464,-0.0103,-0.1927,0.000,0.000,0.000,1,455
TRK,2308117,0.99862,-0.03807,-0.02051,-0.02994,0.2464,-0.0103,-0.1927,0.000,0.000,0.000,1,455
TRK,2308139,0.99863,-0.03769,-0.02044,-0.02994,0.2464,-0.0103,-0.1927,0.000,0.000,0.000,1,455
TRK,2308160,0.99865,-0.03726,-0.02036,-0.02995,0.2464,-0.0103,-0.1927,0.000,0.000,0.000,1,455
TRK,2308180,0.99866,-0.03700,-0.02029,-0.02995,0.2464,-0.0103,-0.1927,0.000,0.000,0.000,1,455
TRK,2308198,0.99867,-0.03680,-0.02015,-0.02995,0.2464,-0.0103,-0.1927,0.000,0.000,0.000,1,455
TRK,2308218,0.99868,-0.03663,-0.01999,-0.02995,0.2464,-0.0103,-0.1927,0.000,0.000,0.000,1,455
TRK,2308238,0.99869,-0.03646,-0.01992,-0.02995,0.2464,-0.0103,-0.1927,0.000,0.000,0.000,1,455
TRK,2308258,0.99869,-0.03630,-0.01997,-0.02996,0.2464,-0.0103,-0.1927,0.000,0.000,0.000,1,455
TRK,2308278,0.99870,-0.03620,-0.01998,-0.02996,0.2464,-0.0103,-0.1927,0.000,0.000,0.000,1,455
TRK,2308298,0.99870,-0.03609,-0.02005,-0.02996,0.2464,-0.0103,-0.1927,0.000,0.000,0.000,1,455
STAT,403.8,400.8,2,4,0,0.0412,0.237,0.1503,0.1378,-0.0829,10.1714,1.24,0.102
TRK,2308319,0.99870,-0.03607,-0.02007,-0.02996,0.2464,-0.0103,-0.1927,0.000,0.000,0.000,1,455
TRK,2308337,0.99870,-0.03610,-0.02011,-0.02996,0.2464,-0.0103,-0.1927,0.000,0.000,0.000,1,455
TRK,2308359,0.99870,-0.03605,-0.01997,-0.02996,0.2464,-0.0103,-0.1927,0.000,0.000,0.000,1,455
TRK,2308378,0.99870,-0.03609,-0.01998,-0.02996,0.2464,-0.0103,-0.1927,0.000,0.000,0.000,1,455
TRK,2308398,0.99870,-0.03611,-0.01998,-0.02996,0.2464,-0.0103,-0.1927,0.000,0.000,0.000,1,455
TRK,2308418,0.99869,-0.03621,-0.02021,-0.02997,0.2464,-0.0103,-0.1927,0.000,0.000,0.000,1,455
TRK,2308438,0.99865,-0.03762,-0.01999,-0.02965,0.2463,-0.0104,-0.1927,-0.008,-0.003,0.004,2,455
TRK,2308460,0.99807,-0.05203,-0.01986,-0.02751,0.2460,-0.0105,-0.1925,-0.029,-0.008,0.015,2,455
TRK,2308480,0.99592,-0.08457,-0.01970,-0.02442,0.2453,-0.0107,-0.1921,-0.042,-0.019,0.024,2,455
TRK,2308500,0.99064,-0.13396,-0.01877,-0.01838,0.2441,-0.0112,-0.1915,-0.075,-0.030,0.032,2,455
TRK,2308517,0.98054,-0.19475,-0.01768,-0.01722,0.2428,-0.0120,-0.1909,-0.076,-0.064,0.040,2,455
TRK,2308538,0.95723,-0.28795,-0.01390,-0.02444,0.2408,-0.0138,-0.1900,-0.101,-0.109,0.042,2,455
TRK,2308560,0.89775,-0.43876,0.00695,-0.03865,0.2382,-0.0173,-0.1890,-0.128,-0.194,0.057,2,455
TRK,2308578,0.83126,-0.55267,0.02476,-0.05431,0.2362,-0.0206,-0.1871,-0.100,-0.207,0.157,2,455
TRK,2308598,0.71177,-0.69699,0.03718,-0.07882,0.2338,-0.0261,-0.1843,-0.139,-0.153,0.153,2,455
TRK,2308618,0.68939,-0.71886,0.03324,-0.08294,0.2306,-0.0271,-0.1798,-0.186,-0.103,0.249,2,455
TRK,2308639,0.68741,-0.72270,0.02240,-0.06831,0.2261,-0.0268,-0.1754,-0.210,0.056,0.168,2,455
TRK,2308658,0.69350,-0.71803,0.00715,-0.05872,0.2222,-0.0261,-0.1727,-0.238,0.053,0.146,2,455
TRK,2308680,0.70728,-0.70525,-0.01121,-0.04736,0.2163,-0.0249,-0.1693,-0.292,0.041,0.177,2,455
TRK,2308699,0.71078,-0.70189,-0.01857,-0.04246,0.2102,-0.0243,-0.1652,-0.322,0.024,0.243,2,455
TRK,2308718,0.71087,-0.70169,-0.02518,-0.04067,0.2046,-0.0239,-0.1605,-0.325,0.016,0.288,2,455
TRK,2308740,0.71639,-0.69408,-0.05074,-0.04970,0.1975,-0.0230,-0.1536,-0.315,0.079,0.331,2,455
TRK,2308758,0.73128,-0.67319,-0.09044,-0.06213,0.1908,-0.0211,-0.1468,-0.366,0.107,0.361,2,455
TRK,2308777,0.75062,-0.64179,-0.13588,-0.07883,0.1840,-0.0191,-0.1402,-0.429,0.115,0.390,2,455
TRK,2308800,0.76111,-0.62226,-0.15530,-0.09688,0.1725,-0.0170,-0.1306,-0.473,0.068,0.390,2,455
TRK,2308819,0.76327,-0.61579,-0.15974,-0.11269,0.1641,-0.0161,-0.1241,-0.502,0.040,0.368,2,455
TRK,2308837,0.76083,-0.61775,-0.15488,-0.12465,0.1538,-0.0153,-0.1169,-0.539,0.042,0.353,2,455
TRK,2308857,0.76386,-0.61222,-0.15305,-0.13519,0.1429,-0.0141,-0.1100,-0.558,0.086,0.350,2,455
TRK,2308879,0.77606,-0.58955,-0.17017,-0.14561,0.1316,-0.0121,-0.1028,-0.589,0.106,0.381,2,455
TRK,2308898,0.77910,-0.57244,-0.19628,-0.16366,0.1197,-0.0100,-0.0947,-0.608,0.106,0.430,2,455
TRK,2308920,0.77604,-0.55769,-0.22841,-0.18593,0.1059,-0.0078,-0.0852,-0.624,0.087,0.434,2,455
TRK,2308938,0.76949,-0.55180,-0.24912,-0.20331,0.0951,-0.0066,-0.0775,-0.624,0.056,0.445,2,455
TRK,2308960,0.75344,-0.55815,-0.25622,-0.23484,0.0808,-0.0054,-0.0680,-0.672,0.059,0.410,2,455
TRK,2308978,0.73087,-0.57511,-0.25442,-0.26525,0.0671,-0.0042,-0.0601,-0.706,0.065,0.387,2,455
TRK,2308999,0.69894,-0.60133,-0.24955,-0.29600,0.0529,-0.0028,-0.0526,-0.735,0.081,0.373,2,455
TRK,2309020,0.66043,-0.63138,-0.24407,-0.32499,0.0380,-0.0008,-0.0453,-0.763,0.113,0.371,2,455
TRK,2309039,0.61819,-0.66169,-0.24006,-0.34983,0.0227,0.0018,-0.0380,-0.787,0.165,0.362,2,455
TRK,2309058,0.58436,-0.68391,-0.23670,-0.36710,0.0069,0.0058,-0.0311,-0.802,0.225,0.327,2,455
TRK,2309077,0.56208,-0.69888,-0.23024,-0.37765,-0.0091,0.0107,-0.0249,-0.815,0.274,0.297,2,455
TRK,2309097,0.54193,-0.71180,-0.21981,-0.38901,-0.0252,0.0164,-0.0195,-0.804,0.296,0.256,2,455
TRK,2309117,0.52429,-0.72111,-0.21329,-0.39953,-0.0409,0.0223,-0.0148,-0.786,0.301,0.220,2,455
TRK,2309137,0.49958,-0.73221,-0.21321,-0.41088,-0.0564,0.0284,-0.0108,-0.780,0.325,0.182,2,455
TRK,2309157,0.46970,-0.74446,-0.21345,-0.42379,-0.0718,0.0353,-0.0077,-0.780,0.366,0.127,2,455
TRK,2309177,0.43633,-0.75552,-0.21044,-0.44105,-0.0871,0.0429,-0.0057,-0.766,0.396,0.072,2,455
TRK,2309197,0.40391,-0.76147,-0.20825,-0.46223,-0.1019,0.0507,-0.0049,-0.724,0.378,0.016,2,455
TRK,2309217,0.37385,-0.76220,-0.21564,-0.48248,-0.1156,0.0575,-0.0051,-0.658,0.311,-0.038,2,455
TRK,2309237,0.35094,-0.76191,-0.22726,-0.49467,-0.1280,0.0631,-0.0062,-0.597,0.272,-0.061,2,455
TRK,2309258,0.33463,-0.76043,-0.23676,-0.50371,-0.1406,0.0690,-0.0072,-0.531,0.254,-0.037,2,455
TRK,2309279,0.32679,-0.75911,-0.23895,-0.50976,-0.1505,0.0738,-0.0080,-0.476,0.231,-0.046,2,455
TRK,2309300,0.32419,-0.75731,-0.23729,-0.51485,-0.1605,0.0785,-0.0093,-0.425,0.183,-0.068,2,455
STAT,403.8,400.8,2,4,0,1.5626,108.621,0.1510,0.1383,-0.0822,10.1726,1.24,0.102
TRK,2309320,0.32263,-0.75658,-0.23219,-0.51921,-0.1685,0.0817,-0.0108,-0.384,0.139,-0.090,2,455
TRK,2309340,0.32198,-0.75783,-0.22441,-0.52121,-0.1758,0.0840,-0.0128,-0.347,0.094,-0.105,2,455
TRK,2309360,0.32308,-0.75999,-0.21526,-0.52124,-0.1822,0.0854,-0.0148,-0.308,0.058,-0.098,2,455
TRK,2309380,0.32391,-0.76546,-0.21026,-0.51472,-0.1881,0.0865,-0.0169,-0.286,0.049,-0.120,2,455
TRK,2309400,0.32736,-0.76910,-0.20532,-0.50909,-0.1936,0.0874,-0.0194,-0.271,0.043,-0.132,2,455
TRK,2309420,0.32899,-0.77398,-0.20254,-0.50170,-0.1989,0.0882,-0.0223,-0.267,0.041,-0.155,2,455
TRK,2309440,0.32984,-0.77957,-0.20125,-0.49292,-0.2041,0.0890,-0.0254,-0.258,0.034,-0.163,2,455
TRK,2309460,0.33242,-0.78242,-0.19931,-0.48744,-0.2091,0.0895,-0.0286,-0.250,0.018,-0.160,2,455
TRK,2309479,0.33574,-0.78343,-0.19549,-0.48507,-0.2140,0.0898,-0.0317,-0.243,0.016,-0.151,2,455
TRK,2309498,0.33894,-0.78369,-0.19038,-0.48446,-0.2188,0.0901,-0.0347,-0.238,0.015,-0.148,2,455
TRK,2309519,0.34368,-0.78105,-0.18497,-0.48747,-0.2234,0.0904,-0.0377,-0.235,0.022,-0.154,2,455
TRK,2309539,0.35060,-0.77543,-0.18024,-0.49325,-0.2281,0.0909,-0.0407,-0.231,0.025,-0.155,2,455
TRK,2309560,0.35830,-0.76923,-0.17810,-0.49819,-0.2332,0.0914,-0.0442,-0.226,0.016,-0.149,2,455
TRK,2309580,0.36738,-0.76151,-0.17913,-0.50304,-0.2375,0.0918,-0.0471,-0.216,0.027,-0.149,2,455
TRK,2309599,0.38219,-0.75010,-0.18448,-0.50720,-0.2412,0.0924,-0.0497,-0.199,0.048,-0.150,2,455
TRK,2309618,0.40451,-0.73213,-0.20234,-0.50932,-0.2451,0.0935,-0.0528,-0.208,0.051,-0.162,2,455
TRK,2309638,0.41877,-0.71575,-0.21960,-0.51391,-0.2494,0.0942,-0.0560,-0.226,0.022,-0.162,2,455
TRK,2309658,0.42576,-0.69847,-0.22884,-0.52773,-0.2541,0.0944,-0.0592,-0.242,0.006,-0.165,2,455
TRK,2309680,0.42906,-0.68331,-0.23322,-0.54277,-0.2595,0.0947,-0.0630,-0.251,0.029,-0.179,2,455
TRK,2309700,0.42967,-0.66893,-0.23669,-0.55848,-0.2646,0.0956,-0.0667,-0.256,0.059,-0.187,2,455
TRK,2309720,0.43616,-0.64858,-0.24322,-0.57441,-0.2696,0.0969,-0.0704,-0.248,0.069,-0.182,2,455
TRK,2309738,0.45104,-0.62197,-0.25402,-0.58753,-0.2744,0.0983,-0.0739,-0.240,0.063,-0.169,2,455
TRK,2309759,0.47225,-0.58727,-0.27185,-0.59849,-0.2792,0.0993,-0.0772,-0.260,0.027,-0.181,2,455
TRK,2309778,0.48457,-0.56482,-0.26893,-0.61143,-0.2847,0.0994,-0.0812,-0.286,0.002,-0.224,2,455
TRK,2309798,0.49342,-0.54740,-0.26329,-0.62255,-0.2905,0.0997,-0.0859,-0.298,0.025,-0.244,2,455
TRK,2309818,0.49872,-0.53249,-0.25313,-0.63533,-0.2965,0.1004,-0.0907,-0.309,0.041,-0.230,2,455
TRK,2309838,0.50673,-0.51094,-0.23414,-0.65372,-0.3026,0.1011,-0.0950,-0.308,0.039,-0.213,2,455
TRK,2309858,0.51802,-0.47522,-0.21371,-0.67834,-0.3087,0.1021,-0.0993,-0.310,0.051,-0.224,2,455
TRK,2309878,0.52560,-0.44386,-0.18697,-0.70127,-0.3149,0.1032,-0.1038,-0.316,0.059,-0.227,2,455
TRK,2309898,0.51133,-0.41336,-0.16396,-0.73539,-0.3213,0.1040,-0.1084,-0.327,0.036,-0.235,2,455
TRK,2309919,0.48606,-0.37719,-0.13530,-0.77664,-0.3285,0.1052,-0.1133,-0.312,0.064,-0.195,2,455
TRK,2309937,0.48103,-0.34902,-0.11189,-0.79641,-0.3338,0.1062,-0.1166,-0.308,0.042,-0.212,2,455
TRK,2309959,0.48849,-0.28368,-0.06998,-0.82220,-0.3407,0.1069,-0.1225,-0.309,0.034,-0.318,2,455
TRK,2309979,0.49696,-0.22624,-0.02793,-0.83730,-0.3469,0.1077,-0.1291,-0.320,0.048,-0.340,2,455
TRK,2309999,0.50385,-0.19385,0.00350,-0.84175,-0.3533,0.1089,-0.1363,-0.333,0.076,-0.393,2,455
TRK,2310019,0.50512,-0.17506,0.02634,-0.84470,-0.3601,0.1104,-0.1445,-0.347,0.070,-0.434,2,455
TRK,2310040,0.50799,-0.15776,0.05259,-0.84516,-0.3679,0.1115,-0.1543,-0.353,0.036,-0.440,2,455
TRK,2310059,0.51218,-0.13775,0.07887,-0.84408,-0.3740,0.1122,-0.1619,-0.352,0.044,-0.437,2,455
TRK,2310078,0.51253,-0.11724,0.10194,-0.84450,-0.3810,0.1131,-0.1705,-0.349,0.051,-0.434,2,455
TRK,2310098,0.50579,-0.10283,0.12166,-0.84782,-0.3879,0.1141,-0.1791,-0.350,0.042,-0.431,2,455
TRK,2310118,0.50377,-0.09216,0.13414,-0.84837,-0.3948,0.1148,-0.1876,-0.354,0.025,-0.427,2,455
TRK,2310138,0.50227,-0.08407,0.14061,-0.84905,-0.4019,0.1152,-0.1959,-0.360,0.017,-0.411,2,455
TRK,2310160,0.49955,-0.07944,0.14608,-0.85018,-0.4101,0.1155,-0.2047,-0.371,0.009,-0.377,2,455
TRK,2310179,0.49773,-0.07264,0.15433,-0.85039,-0.4175,0.1157,-0.2120,-0.380,0.010,-0.370,2,455
TRK,2310200,0.49631,-0.06145,0.16322,-0.85045,-0.4251,0.1158,-0.2194,-0.391,0.008,-0.367,2,455
TRK,2310218,0.49492,-0.05351,0.17007,-0.85045,-0.4330,0.1160,-0.2265,-0.407,0.005,-0.351,2,455
TRK,2310240,0.49380,-0.04338,0.17779,-0.85010,-0.4413,0.1158,-0.2333,-0.427,-0.026,-0.334,2,455
TRK,2310259,0.49341,-0.02950,0.18238,-0.84995,-0.4499,0.1151,-0.2397,-0.440,-0.040,-0.314,2,455
TRK,2310279,0.49391,-0.00927,0.18274,-0.85004,-0.4587,0.1143,-0.2458,-0.453,-0.048,-0.305,2,455
TRK,2310299,0.49480,0.00867,0.18067,-0.84997,-0.4679,0.1132,-0.2518,-0.469,-0.059,-0.306,2,455
STAT,404.1,400.6,2,4,0,0.9090,88.704,0.1510,0.1383,-0.0822,10.1726,1.24,0.102
TRK,2310318,0.49579,0.02241,0.17697,-0.84993,-0.4773,0.1119,-0.2580,-0.484,-0.081,-0.319,2,455
TRK,2310338,0.49828,0.03918,0.16960,-0.84937,-0.4871,0.1098,-0.2644,-0.508,-0.129,-0.325,2,455
TRK,2310358,0.50144,0.05153,0.16360,-0.84802,-0.4973,0.1069,-0.2709,-0.522,-0.158,-0.331,2,455
TRK,2310379,0.50268,0.05941,0.16100,-0.84727,-0.5090,0.1031,-0.2781,-0.525,-0.179,-0.319,2,455
TRK,2310398,0.50157,0.06384,0.15915,-0.84795,-0.5180,0.0999,-0.2835,-0.520,-0.189,-0.306,2,455
TRK,2310420,0.49863,0.06952,0.15258,-0.85045,-0.5295,0.0958,-0.2902,-0.518,-0.185,-0.297,2,455
TRK,2310438,0.49716,0.07137,0.14681,-0.85217,-0.5386,0.0926,-0.2953,-0.523,-0.185,-0.290,2,455
TRK,2310460,0.49634,0.07269,0.14092,-0.85353,-0.5503,0.0883,-0.3017,-0.531,-0.200,-0.279,2,455
TRK,2310478,0.49650,0.07454,0.13770,-0.85380,-0.5610,0.0842,-0.3072,-0.546,-0.214,-0.279,2,455
TRK,2310500,0.49668,0.07751,0.13289,-0.85419,-0.5733,0.0793,-0.3134,-0.564,-0.227,-0.278,2,455
TRK,2310520,0.49818,0.07661,0.12842,-0.85408,-0.5846,0.0747,-0.3188,-0.576,-0.231,-0.275,2,455
TRK,2310540,0.50069,0.07369,0.12155,-0.85388,-0.5961,0.0702,-0.3243,-0.583,-0.232,-0.275,2,455
TRK,2310559,0.50316,0.06958,0.11366,-0.85385,-0.6063,0.0661,-0.3291,-0.592,-0.233,-0.279,2,455
TRK,2310578,0.50465,0.06648,0.10677,-0.85411,-0.6181,0.0615,-0.3347,-0.605,-0.240,-0.287,2,455
TRK,2310600,0.50547,0.06494,0.10239,-0.85429,-0.6317,0.0561,-0.3412,-0.621,-0.243,-0.294,2,455
TRK,2310620,0.50576,0.06396,0.09990,-0.85448,-0.6442,0.0512,-0.3470,-0.633,-0.252,-0.295,2,455
TRK,2310640,0.50546,0.06506,0.09841,-0.85475,-0.6567,0.0461,-0.3528,-0.641,-0.259,-0.294,2,455
TRK,2310658,0.50484,0.06517,0.09703,-0.85526,-0.6679,0.0416,-0.3579,-0.649,-0.267,-0.293,2,455
TRK,2310680,0.50407,0.06422,0.09533,-0.85598,-0.6825,0.0355,-0.3644,-0.660,-0.278,-0.290,2,455
TRK,2310698,0.50392,0.06235,0.09315,-0.85645,-0.6957,0.0299,-0.3702,-0.671,-0.292,-0.293,2,455
TRK,2310720,0.50399,0.05970,0.09075,-0.85685,-0.7091,0.0240,-0.3760,-0.681,-0.306,-0.300,2,455
TRK,2310739,0.50418,0.05738,0.08869,-0.85711,-0.7226,0.0178,-0.3820,-0.692,-0.319,-0.307,2,455
TRK,2310759,0.50475,0.05441,0.08693,-0.85715,-0.7364,0.0113,-0.3882,-0.702,-0.331,-0.314,2,455
TRK,2310779,0.50517,0.05138,0.08552,-0.85723,-0.7504,0.0047,-0.3944,-0.709,-0.336,-0.314,2,455
TRK,2310797,0.50489,0.04925,0.08528,-0.85755,-0.7645,-0.0020,-0.4006,-0.716,-0.341,-0.313,2,455
TRK,2310817,0.50381,0.04920,0.08499,-0.85821,-0.7788,-0.0088,-0.4068,-0.722,-0.345,-0.316,2,455
TRK,2310837,0.50222,0.05029,0.08464,-0.85912,-0.7931,-0.0157,-0.4131,-0.730,-0.357,-0.320,2,455
TRK,2310859,0.50111,0.05151,0.08381,-0.85977,-0.8095,-0.0238,-0.4203,-0.741,-0.372,-0.324,2,455
TRK,2310878,0.50088,0.05083,0.08183,-0.86014,-0.8224,-0.0304,-0.4259,-0.750,-0.383,-0.328,2,455
TRK,2310897,0.50114,0.04905,0.07982,-0.86028,-0.8374,-0.0381,-0.4325,-0.763,-0.394,-0.335,2,455
TRK,2310917,0.50130,0.04583,0.07776,-0.86055,-0.8526,-0.0459,-0.4392,-0.773,-0.401,-0.340,2,455
TRK,2310940,0.50114,0.04212,0.07529,-0.86105,-0.8699,-0.0550,-0.4468,-0.784,-0.411,-0.345,2,455
TRK,2310959,0.50097,0.04062,0.07320,-0.86140,-0.8856,-0.0632,-0.4537,-0.793,-0.421,-0.347,2,455
TRK,2310977,0.50079,0.04000,0.07113,-0.86171,-0.8994,-0.0706,-0.4597,-0.802,-0.430,-0.352,2,455
TRK,2310999,0.50096,0.03920,0.06872,-0.86185,-0.9174,-0.0803,-0.4676,-0.813,-0.440,-0.357,2,455
TRK,2311020,0.50109,0.03861,0.06736,-0.86190,-0.9356,-0.0902,-0.4756,-0.825,-0.450,-0.362,2,455
TRK,2311040,0.50107,0.03793,0.06643,-0.86202,-0.9520,-0.0992,-0.4829,-0.835,-0.458,-0.371,2,455
TRK,2311060,0.50064,0.03741,0.06525,-0.86238,-0.9687,-0.1083,-0.4903,-0.845,-0.466,-0.378,2,455
TRK,2311080,0.49989,0.03727,0.06410,-0.86291,-0.9855,-0.1177,-0.4978,-0.855,-0.475,-0.382,2,455
TRK,2311100,0.49939,0.03690,0.06265,-0.86332,-1.0025,-0.1272,-0.5054,-0.865,-0.486,-0.384,2,455
TRK,2311116,0.49906,0.03717,0.06211,-0.86354,-1.0176,-0.1356,-0.5121,-0.874,-0.493,-0.385,2,455
TRK,2311137,0.49838,0.03766,0.06231,-0.86390,-1.0350,-0.1455,-0.5197,-0.885,-0.500,-0.387,2,455
TRK,2311157,0.49808,0.03720,0.06232,-0.86409,-1.0526,-0.1555,-0.5274,-0.896,-0.512,-0.391,2,455
TRK,2311177,0.49790,0.03613,0.06209,-0.86425,-1.0704,-0.1657,-0.5352,-0.907,-0.521,-0.396,2,455
TRK,2311197,0.49781,0.03450,0.06156,-0.86441,-1.0885,-0.1761,-0.5431,-0.917,-0.531,-0.400,2,455
TRK,2311218,0.49787,0.03336,0.06120,-0.86444,-1.1090,-0.1880,-0.5520,-0.927,-0.540,-0.402,2,455
TRK,2311240,0.49795,0.03285,0.06082,-0.86444,-1.1298,-0.2002,-0.5610,-0.936,-0.550,-0.408,2,455
TRK,2311260,0.49793,0.03360,0.06007,-0.86448,-1.1484,-0.2111,-0.5692,-0.942,-0.556,-0.416,2,455
TRK,2311279,0.49734,0.03522,0.05903,-0.86483,-1.1648,-0.2208,-0.5764,-0.951,-0.563,-0.420,2,455
TRK,2311297,0.49669,0.03624,0.05806,-0.86522,-1.1742,-0.2264,-0.5806,0.000,0.000,0.000,3,455
STAT,404.1,400.6,2,4,0,0.1796,7.637,0.1510,0.1383,-0.0822,10.1726,1.24,0.102
TRK,2311317,0.49628,0.03674,0.05727,-0.86549,-1.1742,-0.2264,-0.5806,0.000,0.000,0.000,3,455
TRK,2311339,0.49601,0.03684,0.05652,-0.86569,-1.1742,-0.2264,-0.5806,0.000,0.000,0.000,3,455
TRK,2311358,0.49589,0.03654,0.05550,-0.86584,-1.1742,-0.2264,-0.5806,0.000,0.000,0.000,3,455
TRK,2311378,0.49584,0.03633,0.05501,-0.86591,-1.1742,-0.2264,-0.5806,0.000,0.000,0.000,3,455
TRK,2311398,0.49583,0.03617,0.05488,-0.86593,-1.1742,-0.2264,-0.5806,0.000,0.000,0.000,3,455
TRK,2311418,0.49584,0.03597,0.05496,-0.86593,-1.1742,-0.2264,-0.5806,0.000,0.000,0.000,3,455
TRK,2311437,0.49565,0.03579,0.05503,-0.86604,-1.1742,-0.2264,-0.5806,0.000,0.000,0.000,3,455
TRK,2311457,0.49548,0.03578,0.05507,-0.86613,-1.1742,-0.2264,-0.5806,0.000,0.000,0.000,3,455
TRK,2311477,0.49541,0.03046,0.05353,-0.86648,-1.1742,-0.2264,-0.5806,0.000,0.000,0.000,1,456
TRK,2311497,0.49532,0.02518,0.05190,-0.86679,-1.1742,-0.2264,-0.5806,0.000,0.000,0.000,1,456
TRK,2311517,0.49523,0.02061,0.05054,-0.86705,-1.1742,-0.2264,-0.5806,0.000,0.000,0.000,1,456
TRK,2311539,0.49518,0.01779,0.04943,-0.86720,-1.1742,-0.2264,-0.5806,0.000,0.000,0.000,1,456
TRK,2311558,0.49511,0.01520,0.04883,-0.86732,-1.1742,-0.2264,-0.5806,0.000,0.000,0.000,1,456
TRK,2311579,0.49505,0.01253,0.04786,-0.86745,-1.1742,-0.2264,-0.5806,0.000,0.000,0.000,1,456
TRK,2311598,0.49502,0.01063,0.04694,-0.86755,-1.1742,-0.2264,-0.5806,0.000,0.000,0.000,1,456
TRK,2311619,0.49498,0.00881,0.04619,-0.86763,-1.1742,-0.2264,-0.5806,0.000,0.000,0.000,1,456
TRK,2311639,0.49494,0.00792,0.04622,-0.86766,-1.1742,-0.2264,-0.5806,0.000,0.000,0.000,1,456
TRK,2311659,0.49492,0.00723,0.04610,-0.86768,-1.1742,-0.2264,-0.5806,0.000,0.000,0.000,1,456
TRK,2311679,0.49490,0.00651,0.04584,-0.86771,-1.1742,-0.2264,-0.5806,0.000,0.000,0.000,1,456
TRK,2311699,0.49489,0.00588,0.04543,-0.86775,-1.1742,-0.2264,-0.5806,0.000,0.000,0.000,1,456
TRK,2311718,0.49489,0.00549,0.04487,-0.86778,-1.1742,-0.2264,-0.5806,0.000,0.000,0.000,1,456
TRK,2311738,0.49488,0.00470,0.04425,-0.86782,-1.1742,-0.2264,-0.5806,0.000,0.000,0.000,1,456
TRK,2311758,0.49487,0.00425,0.04389,-0.86785,-1.1742,-0.2264,-0.5806,0.000,0.000,0.000,1,456
TRK,2311778,0.49487,0.00394,0.04360,-0.86786,-1.1742,-0.2264,-0.5806,0.000,0.000,0.000,1,456
TRK,2311798,0.49487,0.00370,0.04338,-0.86788,-1.1742,-0.2264,-0.5806,0.000,0.000,0.000,1,456
TRK,2311818,0.49487,0.00365,0.04328,-0.86788,-1.1742,-0.2264,-0.5806,0.000,0.000,0.000,1,456
TRK,2311837,0.49487,0.00362,0.04325,-0.86788,-1.1742,-0.2264,-0.5806,0.000,0.000,0.000,1,456
TRK,2311857,0.49487,0.00355,0.04306,-0.86789,-1.1742,-0.2264,-0.5806,0.000,0.000,0.000,1,456
TRK,2311877,0.49487,0.00337,0.04266,-0.86791,-1.1742,-0.2264,-0.5806,0.000,0.000,0.000,1,456
TRK,2311897,0.49487,0.00329,0.04253,-0.86792,-1.1742,-0.2264,-0.5806,0.000,0.000,0.000,1,456
TRK,2311917,0.49487,0.00354,0.04291,-0.86790,-1.1742,-0.2264,-0.5806,0.000,0.000,0.000,1,456
TRK,2311937,0.49488,0.00398,0.04320,-0.86788,-1.1742,-0.2264,-0.5806,0.000,0.000,0.000,1,456
TRK,2311957,0.49491,0.00480,0.04333,-0.86785,-1.1742,-0.2264,-0.5806,0.000,0.000,0.000,1,456
TRK,2311977,0.49493,0.00582,0.04401,-0.86780,-1.1742,-0.2264,-0.5806,0.000,0.000,0.000,1,456
TRK,2311997,0.49492,0.00633,0.04474,-0.86776,-1.1742,-0.2264,-0.5806,0.000,0.000,0.000,1,456
TRK,2312017,0.49492,0.00614,0.04454,-0.86777,-1.1742,-0.2264,-0.5806,0.000,0.000,0.000,1,456
TRK,2312037,0.49493,0.00617,0.04434,-0.86778,-1.1742,-0.2264,-0.5806,0.000,0.000,0.000,1,456
TRK,2312057,0.49492,0.00608,0.04467,-0.86777,-1.1742,-0.2264,-0.5806,0.000,0.000,0.000,1,456
TRK,2312077,0.49491,0.00624,0.04506,-0.86775,-1.1742,-0.2264,-0.5806,0.000,0.000,0.000,1,456
TRK,2312097,0.49490,0.00584,0.04498,-0.86777,-1.1742,-0.2264,-0.5806,0.000,0.000,0.000,1,456
TRK,2312117,0.49487,0.00504,0.04484,-0.86779,-1.1742,-0.2264,-0.5806,0.000,0.000,0.000,1,456
TRK,2312137,0.49485,0.00411,0.04438,-0.86783,-1.1742,-0.2264,-0.5806,0.000,0.000,0.000,1,456
TRK,2312160,0.49481,0.00277,0.04405,-0.86788,-1.1742,-0.2264,-0.5806,0.000,0.000,0.000,1,456
TRK,2312179,0.49474,0.00094,0.04396,-0.86793,-1.1742,-0.2264,-0.5806,0.000,0.000,0.000,1,456
TRK,2312197,0.49672,-0.00121,0.04435,-0.86677,-1.1745,-0.2271,-0.5809,-0.004,-0.001,-0.008,2,456
TRK,2312219,0.49876,-0.00389,0.04483,-0.86557,-1.1746,-0.2271,-0.5811,-0.003,0.004,-0.013,2,456
TRK,2312238,0.49988,-0.00775,0.04551,-0.86486,-1.1747,-0.2270,-0.5814,-0.003,0.001,-0.016,2,456
TRK,2312258,0.50177,-0.01427,0.04638,-0.86364,-1.1747,-0.2270,-0.5818,-0.003,-0.000,-0.016,2,456
TRK,2312278,0.50394,-0.02424,0.04660,-0.86214,-1.1748,-0.2270,-0.5821,-0.005,-0.001,-0.013,2,456
TRK,2312298,0.50530,-0.03489,0.04607,-0.86100,-1.1749,-0.2270,-0.5823,-0.004,0.004,-0.007,2,456
STAT,404.4,400.9,2,4,0,0.6305,42.998,0.1510,0.1383,-0.0822,10.0106,3.17,0.000
TRK,2312318,0.50689,-0.04820,0.05101,-0.85915,-1.1750,-0.2269,-0.5821,-0.009,0.003,0.021,2,456
TRK,2312338,0.51035,-0.06349,0.05793,-0.85566,-1.1753,-0.2269,-0.5814,-0.010,0.001,0.041,2,456
TRK,2312358,0.51448,-0.06852,0.06083,-0.85259,-1.1753,-0.2269,-0.5807,0.001,-0.001,0.030,2,456
TRK,2312378,0.51910,-0.07174,0.06182,-0.84945,-1.1752,-0.2269,-0.5802,0.005,-0.000,0.028,2,456
TRK,2312398,0.52251,-0.07725,0.05878,-0.84709,-1.1751,-0.2268,-0.5797,0.005,0.005,0.012,2,456
TRK,2312418,0.52459,-0.08444,0.05136,-0.84560,-1.1751,-0.2266,-0.5796,0.001,0.025,-0.001,2,456
TRK,2312438,0.52522,-0.09511,0.04202,-0.84459,-1.1750,-0.2258,-0.5797,0.003,0.051,0.001,2,456
TRK,2312460,0.52394,-0.09888,0.03487,-0.84528,-1.1748,-0.2245,-0.5795,0.012,0.065,0.014,2,456
TRK,2312479,0.52226,-0.09344,0.03299,-0.84701,-1.1746,-0.2234,-0.5791,0.015,0.058,0.035,2,456
TRK,2312499,0.52014,-0.08497,0.03377,-0.84917,-1.1743,-0.2223,-0.5783,0.021,0.054,0.044,2,456
TRK,2312520,0.51529,-0.07563,0.03455,-0.85298,-1.1737,-0.2211,-0.5772,0.030,0.050,0.060,2,456
TRK,2312540,0.51050,-0.06757,0.03195,-0.85663,-1.1730,-0.2201,-0.5759,0.037,0.054,0.064,2,456
TRK,2312560,0.50780,-0.06909,0.02221,-0.85842,-1.1723,-0.2191,-0.5746,0.031,0.037,0.065,2,456
TRK,2312580,0.50837,-0.07905,0.01020,-0.85744,-1.1718,-0.2186,-0.5735,0.023,0.018,0.039,2,456
TRK,2312600,0.51224,-0.09034,0.00228,-0.85407,-1.1715,-0.2184,-0.5729,0.013,0.003,0.029,2,456
TRK,2312620,0.51649,-0.09981,-0.00708,-0.85043,-1.1711,-0.2182,-0.5722,0.032,0.022,0.043,2,456
TRK,2312640,0.52160,-0.09172,-0.01646,-0.84808,-1.1703,-0.2176,-0.5712,0.040,0.045,0.063,2,456
TRK,2312658,0.52381,-0.08267,-0.02003,-0.84758,-1.1696,-0.2166,-0.5700,0.041,0.063,0.069,2,456
TRK,2312677,0.52437,-0.07362,-0.01828,-0.84811,-1.1688,-0.2153,-0.5686,0.040,0.063,0.072,2,456
TRK,2312697,0.52447,-0.07318,-0.01719,-0.84810,-1.1681,-0.2142,-0.5671,0.035,0.054,0.075,2,456
TRK,2312717,0.52405,-0.08001,-0.01608,-0.84777,-1.1674,-0.2132,-0.5656,0.032,0.048,0.078,2,456
TRK,2312737,0.52380,-0.09145,-0.01376,-0.84681,-1.1668,-0.2122,-0.5640,0.029,0.046,0.084,2,456
TRK,2312757,0.52373,-0.10334,-0.01098,-0.84552,-1.1661,-0.2112,-0.5621,0.034,0.050,0.090,2,456
TRK,2312779,0.52538,-0.11349,-0.00881,-0.84322,-1.1653,-0.2101,-0.5602,0.047,0.062,0.109,2,456
TRK,2312798,0.52895,-0.11458,-0.01149,-0.84081,-1.1642,-0.2087,-0.5577,0.069,0.081,0.139,2,456
TRK,2312818,0.53399,-0.11139,-0.01702,-0.83795,-1.1627,-0.2069,-0.5548,0.084,0.097,0.150,2,456
TRK,2312840,0.53935,-0.10629,-0.02248,-0.83505,-1.1608,-0.2048,-0.5512,0.085,0.094,0.166,2,456
TRK,2312860,0.54475,-0.10538,-0.02503,-0.83157,-1.1591,-0.2028,-0.5479,0.086,0.106,0.173,2,456
TRK,2312880,0.54523,-0.11025,-0.02185,-0.83072,-1.1574,-0.2008,-0.5443,0.081,0.095,0.184,2,456
TRK,2312900,0.54211,-0.12450,-0.01895,-0.83082,-1.1558,-0.1990,-0.5405,0.078,0.074,0.203,2,456
TRK,2312920,0.53930,-0.14507,-0.01421,-0.82940,-1.1543,-0.1978,-0.5362,0.078,0.059,0.237,2,456
TRK,2312937,0.54133,-0.16523,-0.01244,-0.82432,-1.1529,-0.1968,-0.5318,0.079,0.048,0.267,2,456
TRK,2312958,0.55020,-0.18391,-0.01581,-0.81437,-1.1513,-0.1962,-0.5258,0.066,0.010,0.268,2,456
TRK,2312980,0.55915,-0.19703,-0.00891,-0.80527,-1.1502,-0.1962,-0.5200,0.019,-0.001,0.250,2,456
TRK,2312998,0.54430,-0.20780,0.05439,-0.81092,-1.1515,-0.1955,-0.5161,-0.171,0.080,0.232,2,456
TRK,2313018,0.52378,-0.21692,0.10003,-0.81767,-1.1521,-0.1947,-0.5083,0.046,0.026,0.478,2,456
TRK,2313038,0.52216,-0.22423,0.10951,-0.81552,-1.1514,-0.1940,-0.4988,0.049,0.042,0.500,2,456
TRK,2313059,0.51664,-0.23982,0.11634,-0.81365,-1.1507,-0.1936,-0.4868,0.036,0.007,0.552,2,456
TRK,2313078,0.51121,-0.22439,0.12277,-0.82051,-1.1499,-0.1931,-0.4781,0.049,0.014,0.520,2,456
TRK,2313098,0.50104,-0.22720,0.12244,-0.82604,-1.1489,-0.1932,-0.4667,0.046,-0.008,0.603,2,456
TRK,2313118,0.48933,-0.22909,0.11949,-0.83294,-1.1480,-0.1934,-0.4540,0.047,-0.017,0.687,2,456
TRK,2313140,0.47919,-0.23835,0.10475,-0.83821,-1.1471,-0.1941,-0.4373,0.031,-0.045,0.806,2,456
TRK,2313160,0.47092,-0.24564,0.08461,-0.84305,-1.1468,-0.1951,-0.4206,0.003,-0.057,0.871,2,456
TRK,2313178,0.46357,-0.24470,0.06951,-0.84876,-1.1471,-0.1965,-0.4030,-0.042,-0.081,0.911,2,456
TRK,2313198,0.45477,-0.23800,0.05351,-0.85655,-1.1484,-0.1983,-0.3846,-0.085,-0.099,0.942,2,456
TRK,2313220,0.44495,-0.22985,0.03090,-0.86501,-1.1508,-0.2006,-0.3637,-0.138,-0.113,0.931,2,456
TRK,2313240,0.43359,-0.22008,0.00812,-0.87378,-1.1542,-0.2030,-0.3453,-0.204,-0.131,0.918,2,456
TRK,2313259,0.41815,-0.21205,-0.01741,-0.88311,-1.1581,-0.2053,-0.3298,-0.246,-0.122,0.875,2,456
TRK,2313278,0.40499,-0.20104,-0.03753,-0.89116,-1.1630,-0.2073,-0.3136,-0.241,-0.080,0.746,2,456
TRK,2313298,0.39674,-0.17786,-0.04962,-0.89917,-1.1674,-0.2086,-0.3003,-0.197,-0.052,0.604,2,456
STAT,404.4,400.9,2,4,0,3.9681,167.510,0.1510,0.1383,-0.0822,10.0106,3.17,0.000
TRK,2313317,0.39670,-0.15555,-0.05501,-0.90300,-1.1708,-0.2096,-0.2896,-0.157,-0.062,0.481,2,456
TRK,2313339,0.39599,-0.13752,-0.05758,-0.90607,-1.1743,-0.2116,-0.2801,-0.163,-0.117,0.381,2,456
TRK,2313358,0.39086,-0.12738,-0.05869,-0.90970,-1.1773,-0.2139,-0.2740,-0.172,-0.141,0.315,2,456
TRK,2313380,0.38297,-0.11656,-0.05959,-0.91444,-1.1809,-0.2169,-0.2681,-0.157,-0.126,0.227,2,456
TRK,2313398,0.37837,-0.11323,-0.06160,-0.91664,-1.1835,-0.2188,-0.2645,-0.137,-0.090,0.178,2,456
TRK,2313417,0.37528,-0.11098,-0.06512,-0.91794,-1.1858,-0.2201,-0.2617,-0.096,-0.046,0.110,2,456
TRK,2313437,0.37429,-0.10763,-0.06604,-0.91867,-1.1876,-0.2209,-0.2600,-0.088,-0.039,0.068,2,456
TRK,2313459,0.37108,-0.10965,-0.06642,-0.91971,-1.1896,-0.2218,-0.2588,-0.094,-0.041,0.039,2,456
TRK,2313479,0.36828,-0.11259,-0.06487,-0.92059,-1.1914,-0.2226,-0.2583,-0.088,-0.040,0.017,2,456
TRK,2313500,0.36644,-0.11567,-0.06267,-0.92110,-1.1933,-0.2235,-0.2580,-0.083,-0.035,0.009,2,456
TRK,2313520,0.36516,-0.11908,-0.06158,-0.92124,-1.1948,-0.2241,-0.2576,-0.063,-0.029,0.041,2,456
TRK,2313536,0.36548,-0.12448,-0.05952,-0.92054,-1.1955,-0.2245,-0.2565,-0.019,-0.033,0.119,2,456
TRK,2313559,0.36808,-0.14367,-0.05328,-0.91708,-1.1952,-0.2254,-0.2530,0.017,-0.033,0.144,2,456
TRK,2313579,0.36688,-0.16929,-0.04918,-0.91341,-1.1952,-0.2260,-0.2499,-0.015,-0.032,0.166,2,456
TRK,2313598,0.36057,-0.19570,-0.04623,-0.91080,-1.1957,-0.2264,-0.2468,-0.047,-0.014,0.194,2,456
TRK,2313617,0.35480,-0.21584,-0.04537,-0.90856,-1.1970,-0.2264,-0.2428,-0.081,0.019,0.213,2,456
TRK,2313637,0.35200,-0.22910,-0.04251,-0.90653,-1.1989,-0.2256,-0.2384,-0.112,0.065,0.230,2,456
TRK,2313660,0.35129,-0.23081,-0.03877,-0.90654,-1.2016,-0.2236,-0.2333,-0.118,0.110,0.223,2,456
TRK,2313679,0.35345,-0.22800,-0.03585,-0.90653,-1.2038,-0.2212,-0.2290,-0.107,0.129,0.211,2,456
TRK,2313697,0.35536,-0.22758,-0.03418,-0.90596,-1.2056,-0.2190,-0.2254,-0.098,0.122,0.209,2,456
TRK,2313719,0.35633,-0.22959,-0.03002,-0.90522,-1.2076,-0.2165,-0.2205,-0.093,0.107,0.241,2,456
TRK,2313738,0.35503,-0.23188,-0.02636,-0.90526,-1.2097,-0.2142,-0.2152,-0.117,0.122,0.289,2,456
TRK,2313758,0.35171,-0.23265,-0.02804,-0.90631,-1.2123,-0.2115,-0.2091,-0.140,0.151,0.327,2,456
TRK,2313778,0.35073,-0.23112,-0.03248,-0.90693,-1.2151,-0.2084,-0.2024,-0.144,0.162,0.345,2,456
TRK,2313798,0.35314,-0.22896,-0.03601,-0.90641,-1.2180,-0.2053,-0.1956,-0.145,0.151,0.333,2,456
TRK,2313818,0.35753,-0.22290,-0.03481,-0.90624,-1.2208,-0.2025,-0.1892,-0.145,0.131,0.314,2,456
TRK,2313839,0.36028,-0.21816,-0.03260,-0.90639,-1.2241,-0.1997,-0.1823,-0.146,0.119,0.308,2,456
TRK,2313859,0.36233,-0.21516,-0.03093,-0.90635,-1.2269,-0.1974,-0.1762,-0.138,0.118,0.312,2,456
TRK,2313879,0.36470,-0.21364,-0.02987,-0.90579,-1.2296,-0.1951,-0.1700,-0.135,0.119,0.310,2,456
TRK,2313899,0.36678,-0.21137,-0.02830,-0.90554,-1.2323,-0.1927,-0.1639,-0.139,0.121,0.311,2,456
TRK,2313919,0.36724,-0.20907,-0.02675,-0.90593,-1.2350,-0.1902,-0.1577,-0.138,0.129,0.319,2,456
TRK,2313938,0.36772,-0.20760,-0.02603,-0.90609,-1.2378,-0.1875,-0.1512,-0.138,0.144,0.338,2,456
TRK,2313960,0.36951,-0.20519,-0.02691,-0.90589,-1.2408,-0.1842,-0.1435,-0.133,0.157,0.352,2,456
TRK,2313980,0.37280,-0.20243,-0.02707,-0.90516,-1.2434,-0.1810,-0.1365,-0.125,0.161,0.353,2,456
TRK,2314000,0.37447,-0.20149,-0.02750,-0.90466,-1.2458,-0.1778,-0.1294,-0.119,0.158,0.355,2,456
TRK,2314019,0.37384,-0.20236,-0.02804,-0.90471,-1.2478,-0.1751,-0.1233,-0.108,0.161,0.352,2,456
TRK,2314038,0.37258,-0.20376,-0.02787,-0.90493,-1.2498,-0.1718,-0.1163,-0.094,0.169,0.353,2,456
TRK,2314058,0.37033,-0.20656,-0.02801,-0.90521,-1.2515,-0.1683,-0.1093,-0.081,0.181,0.355,2,456
TRK,2314078,0.36880,-0.20852,-0.02822,-0.90538,-1.2530,-0.1646,-0.1022,-0.072,0.197,0.367,2,456
TRK,2314098,0.36872,-0.20945,-0.02882,-0.90518,-1.2544,-0.1605,-0.0948,-0.067,0.212,0.377,2,456
TRK,2314117,0.36904,-0.20926,-0.02971,-0.90506,-1.2557,-0.1562,-0.0873,-0.067,0.221,0.387,2,456
TRK,2314137,0.36990,-0.20795,-0.03023,-0.90499,-1.2570,-0.1517,-0.0795,-0.064,0.234,0.396,2,456
TRK,2314157,0.37087,-0.20605,-0.03073,-0.90501,-1.2582,-0.1470,-0.0716,-0.063,0.239,0.401,2,456
TRK,2314177,0.37072,-0.20446,-0.03068,-0.90544,-1.2595,-0.1424,-0.0637,-0.062,0.235,0.398,2,456
TRK,2314199,0.37001,-0.20311,-0.02994,-0.90606,-1.2608,-0.1371,-0.0548,-0.058,0.235,0.399,2,456
TRK,2314219,0.36911,-0.20319,-0.02960,-0.90642,-1.2620,-0.1324,-0.0469,-0.058,0.241,0.408,2,456
TRK,2314239,0.36849,-0.20367,-0.02977,-0.90656,-1.2631,-0.1276,-0.0387,-0.062,0.252,0.420,2,456
TRK,2314257,0.36895,-0.20364,-0.03014,-0.90636,-1.2644,-0.1224,-0.0302,-0.064,0.266,0.434,2,456
TRK,2314279,0.36991,-0.20374,-0.03146,-0.90590,-1.2657,-0.1170,-0.0215,-0.069,0.277,0.447,2,456
TRK,2314297,0.37097,-0.20318,-0.03267,-0.90556,-1.2671,-0.1115,-0.0126,-0.068,0.283,0.449,2,456
STAT,404.0,400.5,2,4,0,0.3859,7.494,0.1510,0.1383,-0.0822,10.0106,3.17,0.000
TRK,2314318,0.37198,-0.20190,-0.03314,-0.90541,-1.2684,-0.1058,-0.0037,-0.064,0.287,0.450,2,456
TRK,2314338,0.37232,-0.20109,-0.03392,-0.90542,-1.2696,-0.1001,0.0053,-0.060,0.291,0.452,2,456
TRK,2314358,0.37218,-0.20015,-0.03491,-0.90565,-1.2707,-0.0943,0.0142,-0.057,0.294,0.456,2,456
TRK,2314378,0.37177,-0.19962,-0.03607,-0.90589,-1.2719,-0.0885,0.0233,-0.058,0.295,0.462,2,456
TRK,2314398,0.37155,-0.19934,-0.03741,-0.90599,-1.2732,-0.0818,0.0337,-0.062,0.302,0.473,2,456
TRK,2314418,0.37205,-0.19894,-0.03898,-0.90581,-1.2745,-0.0758,0.0432,-0.067,0.305,0.484,2,456
TRK,2314438,0.37302,-0.19826,-0.04087,-0.90547,-1.2758,-0.0698,0.0528,-0.069,0.302,0.486,2,456
TRK,2314460,0.37476,-0.19672,-0.04180,-0.90505,-1.2774,-0.0632,0.0636,-0.071,0.289,0.480,2,456
TRK,2314479,0.37539,-0.19608,-0.04180,-0.90493,-1.2787,-0.0583,0.0719,-0.073,0.280,0.478,2,456
TRK,2314499,0.37561,-0.19601,-0.04151,-0.90486,-1.2801,-0.0528,0.0813,-0.074,0.274,0.480,2,456
TRK,2314518,0.37587,-0.19658,-0.04152,-0.90463,-1.2816,-0.0474,0.0909,-0.079,0.272,0.488,2,456
TRK,2314538,0.37623,-0.19617,-0.04132,-0.90458,-1.2832,-0.0420,0.1006,-0.085,0.271,0.496,2,456
TRK,2314558,0.37669,-0.19524,-0.04094,-0.90461,-1.2849,-0.0367,0.1105,-0.087,0.272,0.501,2,456
TRK,2314578,0.37684,-0.19466,-0.04076,-0.90468,-1.2867,-0.0312,0.1205,-0.089,0.274,0.507,2,456
TRK,2314598,0.37690,-0.19379,-0.04052,-0.90485,-1.2885,-0.0258,0.1306,-0.089,0.280,0.512,2,456
TRK,2314620,0.37781,-0.19241,-0.03998,-0.90478,-1.2904,-0.0195,0.1421,-0.087,0.285,0.518,2,456
TRK,2314638,0.37834,-0.19173,-0.03964,-0.90473,-1.2919,-0.0145,0.1511,-0.088,0.286,0.523,2,456
TRK,2314658,0.37853,-0.19155,-0.03940,-0.90469,-1.2939,-0.0081,0.1628,-0.085,0.289,0.525,2,456
TRK,2314678,0.37929,-0.19051,-0.03837,-0.90464,-1.2955,-0.0023,0.1732,-0.083,0.291,0.527,2,456
TRK,2314698,0.38000,-0.19019,-0.03772,-0.90444,-1.2972,0.0034,0.1837,-0.088,0.291,0.536,2,456
TRK,2314718,0.38009,-0.19039,-0.03772,-0.90436,-1.2990,0.0092,0.1944,-0.094,0.292,0.546,2,456
TRK,2314738,0.37962,-0.19037,-0.03834,-0.90453,-1.3009,0.0150,0.2053,-0.098,0.295,0.555,2,456
TRK,2314758,0.37954,-0.18979,-0.03891,-0.90466,-1.3029,0.0208,0.2164,-0.096,0.298,0.559,2,456
TRK,2314778,0.38022,-0.18894,-0.03885,-0.90456,-1.3048,0.0268,0.2274,-0.096,0.298,0.561,2,456
TRK,2314798,0.38074,-0.18827,-0.03840,-0.90449,-1.3067,0.0326,0.2386,-0.098,0.294,0.563,2,456
TRK,2314818,0.38048,-0.18799,-0.03781,-0.90469,-1.3086,0.0384,0.2497,-0.098,0.294,0.568,2,456
TRK,2314840,0.37947,-0.18828,-0.03799,-0.90505,-1.3108,0.0450,0.2625,-0.098,0.299,0.576,2,456
TRK,2314858,0.37882,-0.18859,-0.03845,-0.90523,-1.3125,0.0502,0.2725,-0.099,0.307,0.584,2,456
TRK,2314880,0.37832,-0.18865,-0.03937,-0.90539,-1.3147,0.0572,0.2856,-0.100,0.314,0.594,2,456
TRK,2314898,0.37809,-0.18940,-0.04039,-0.90529,-1.3165,0.0627,0.2960,-0.101,0.319,0.599,2,456
TRK,2314917,0.37811,-0.18941,-0.04085,-0.90526,-1.3184,0.0690,0.3079,-0.098,0.324,0.600,2,456
TRK,2314937,0.37795,-0.18925,-0.04108,-0.90534,-1.3204,0.0755,0.3198,-0.097,0.329,0.605,2,456
TRK,2314957,0.37779,-0.18897,-0.04114,-0.90547,-1.3223,0.0820,0.3319,-0.099,0.332,0.611,2,456
TRK,2314977,0.37735,-0.18913,-0.04125,-0.90561,-1.3243,0.0886,0.3440,-0.101,0.334,0.618,2,456
TRK,2314997,0.37703,-0.18940,-0.04133,-0.90568,-1.3265,0.0961,0.3579,-0.099,0.342,0.625,2,456
TRK,2315017,0.37718,-0.18947,-0.04176,-0.90559,-1.3285,0.1030,0.3703,-0.098,0.349,0.633,2,456
TRK,2315037,0.37763,-0.18919,-0.04215,-0.90544,-1.3299,0.1082,0.3798,0.000,0.000,0.000,1,457
TRK,2315060,0.37799,-0.18771,-0.04054,-0.90567,-1.3299,0.1082,0.3798,0.000,0.000,0.000,1,457
TRK,2315080,0.37820,-0.18649,-0.03971,-0.90588,-1.3299,0.1082,0.3798,0.000,0.000,0.000,1,457
TRK,2315100,0.37829,-0.18555,-0.03942,-0.90604,-1.3299,0.1082,0.3798,0.000,0.000,0.000,1,457
TRK,2315118,0.37826,-0.18562,-0.03956,-0.90604,-1.3299,0.1082,0.3798,0.000,0.000,0.000,1,457
TRK,2315137,0.37816,-0.18651,-0.04025,-0.90587,-1.3295,0.1108,0.3832,0.003,0.024,0.042,2,457
TRK,2315160,0.37854,-0.18729,-0.04122,-0.90550,-1.3295,0.1113,0.3842,0.003,0.022,0.043,2,457
TRK,2315179,0.37866,-0.18775,-0.04150,-0.90534,-1.3294,0.1117,0.3850,0.000,0.018,0.045,2,457
TRK,2315197,0.37870,-0.18782,-0.04135,-0.90532,-1.3294,0.1120,0.3858,-0.000,0.018,0.049,2,457
TRK,2315217,0.37880,-0.18734,-0.04143,-0.90537,-1.3294,0.1124,0.3868,0.000,0.019,0.052,2,457
TRK,2315237,0.37899,-0.18683,-0.04181,-0.90538,-1.3294,0.1128,0.3879,0.000,0.017,0.054,2,457
TRK,2315257,0.37897,-0.18669,-0.04213,-0.90540,-1.3294,0.1131,0.3891,-0.002,0.013,0.057,2,457
TRK,2315277,0.37886,-0.18709,-0.04232,-0.90536,-1.3292,0.1115,0.3813,0.000,0.000,0.000,1,458
TRK,2315300,0.37872,-0.18779,-0.04289,-0.90524,-1.3292,0.1115,0.3813,0.000,0.000,0.000,1,458
STAT,404.0,400.5,2,4,0,0.1431,2.965,0.1510,0.1383,-0.0822,10.1143,0.28,0.060
TRK,2315320,0.37862,-0.18837,-0.04333,-0.90515,-1.3292,0.1115,0.3813,0.000,0.000,0.000,1,458
TRK,2315340,0.37853,-0.18867,-0.04374,-0.90510,-1.3292,0.1115,0.3813,0.000,0.000,0.000,1,458
TRK,2315360,0.37845,-0.18882,-0.04411,-0.90508,-1.3292,0.1115,0.3813,0.000,0.000,0.000,1,458
TRK,2315380,0.37846,-0.18829,-0.04417,-0.90519,-1.3292,0.1115,0.3813,0.000,0.000,0.000,1,458
TRK,2315399,0.37835,-0.18828,-0.04473,-0.90521,-1.3292,0.1115,0.3813,0.000,0.000,0.000,1,458
TRK,2315418,0.37812,-0.18883,-0.04581,-0.90514,-1.3292,0.1115,0.3813,0.000,0.000,0.000,1,458
TRK,2315438,0.37785,-0.18967,-0.04704,-0.90501,-1.3292,0.1115,0.3813,0.000,0.000,0.000,1,458
TRK,2315460,0.37775,-0.19038,-0.04744,-0.90488,-1.3292,0.1115,0.3813,0.000,0.000,0.000,1,458
TRK,2315479,0.37777,-0.19059,-0.04732,-0.90484,-1.3292,0.1115,0.3813,0.000,0.000,0.000,1,458
TRK,2315500,0.37787,-0.19049,-0.04681,-0.90484,-1.3292,0.1115,0.3813,0.000,0.000,0.000,1,458
TRK,2315520,0.37793,-0.19081,-0.04646,-0.90476,-1.3292,0.1115,0.3813,0.000,0.000,0.000,1,458
TRK,2315540,0.37806,-0.19090,-0.04580,-0.90473,-1.3292,0.1115,0.3813,0.000,0.000,0.000,1,458
TRK,2315560,0.37817,-0.19104,-0.04524,-0.90468,-1.3292,0.1115,0.3813,0.000,0.000,0.000,1,458
TRK,2315580,0.37821,-0.19154,-0.04493,-0.90457,-1.3292,0.1115,0.3813,0.000,0.000,0.000,1,458
TRK,2315600,0.37815,-0.19283,-0.04503,-0.90432,-1.3292,0.1115,0.3813,0.000,0.000,0.000,1,458
TRK,2315620,0.37760,-0.19528,-0.04620,-0.90396,-1.3301,0.1121,0.3829,-0.015,0.004,0.021,2,458
TRK,2315640,0.37737,-0.19603,-0.04679,-0.90387,-1.3304,0.1122,0.3833,-0.016,0.003,0.022,2,458
TRK,2315660,0.37715,-0.19673,-0.04754,-0.90377,-1.3308,0.1122,0.3838,-0.019,0.001,0.025,2,458
TRK,2315680,0.37699,-0.19716,-0.04806,-0.90372,-1.3311,0.1123,0.3842,-0.019,0.000,0.024,2,458
TRK,2315700,0.37643,-0.19848,-0.04895,-0.90361,-1.3316,0.1122,0.3848,-0.022,-0.004,0.027,2,458
TRK,2315720,0.37562,-0.20023,-0.05018,-0.90349,-1.3320,0.1121,0.3854,-0.020,-0.006,0.027,2,458
TRK,2315740,0.37474,-0.20207,-0.05145,-0.90338,-1.3324,0.1120,0.3859,-0.019,-0.008,0.026,2,458
TRK,2315759,0.37368,-0.20506,-0.05298,-0.90305,-1.3327,0.1118,0.3863,-0.017,-0.010,0.027,2,458
TRK,2315778,0.37201,-0.20963,-0.05492,-0.90258,-1.3330,0.1116,0.3868,-0.014,-0.013,0.025,2,458
TRK,2315798,0.37004,-0.21410,-0.05714,-0.90220,-1.3332,0.1113,0.3873,-0.003,-0.010,0.019,2,458
TRK,2315818,0.36962,-0.21720,-0.05896,-0.90152,-1.3331,0.1112,0.3876,0.016,-0.003,0.006,2,458
TRK,2315840,0.36984,-0.22093,-0.06001,-0.90045,-1.3325,0.1111,0.3875,0.033,-0.008,-0.009,2,458
TRK,2315860,0.37022,-0.22388,-0.05922,-0.89962,-1.3318,0.1109,0.3872,0.041,-0.017,-0.019,2,458
TRK,2315878,0.37099,-0.22661,-0.05742,-0.89873,-1.3310,0.1105,0.3868,0.054,-0.018,-0.029,2,458
TRK,2315898,0.37262,-0.23110,-0.05632,-0.89698,-1.3297,0.1101,0.3862,0.062,-0.021,-0.027,2,458
TRK,2315917,0.37397,-0.23596,-0.05555,-0.89520,-1.3286,0.1097,0.3857,0.063,-0.021,-0.030,2,458
TRK,2315937,0.37532,-0.24025,-0.05423,-0.89357,-1.3273,0.1093,0.3851,0.065,-0.020,-0.027,2,458
TRK,2315958,0.37645,-0.24449,-0.05346,-0.89200,-1.3259,0.1089,0.3846,0.059,-0.022,-0.020,2,458
TRK,2315979,0.37768,-0.24630,-0.05029,-0.89116,-1.3248,0.1084,0.3842,0.051,-0.022,-0.013,2,458
TRK,2315997,0.37795,-0.24922,-0.04923,-0.89029,-1.3239,0.1080,0.3840,0.043,-0.026,-0.010,2,458
TRK,2316019,0.37860,-0.25025,-0.04649,-0.88987,-1.3231,0.1075,0.3838,0.040,-0.024,-0.008,2,458
TRK,2316037,0.37922,-0.24986,-0.04384,-0.88985,-1.3223,0.1070,0.3837,0.034,-0.021,-0.008,2,458
TRK,2316059,0.37980,-0.24658,-0.03984,-0.89071,-1.3216,0.1066,0.3835,0.030,-0.017,-0.001,2,458
TRK,2316079,0.38025,-0.24461,-0.03811,-0.89114,-1.3211,0.1063,0.3836,0.021,-0.011,0.007,2,458
TRK,2316099,0.37926,-0.24371,-0.03626,-0.89188,-1.3208,0.1061,0.3839,0.007,-0.012,0.025,2,458
TRK,2316118,0.37703,-0.24524,-0.03623,-0.89241,-1.3208,0.1059,0.3845,-0.003,-0.007,0.039,2,458
TRK,2316137,0.37253,-0.24634,-0.03791,-0.89392,-1.3211,0.1058,0.3856,-0.029,-0.002,0.076,2,458
TRK,2316157,0.36121,-0.24408,-0.04365,-0.89891,-1.3223,0.1057,0.3878,-0.102,-0.008,0.161,2,458
TRK,2316180,0.33640,-0.23722,-0.05563,-0.90965,-1.3257,0.1058,0.3927,-0.203,0.031,0.281,2,458
TRK,2316199,0.30851,-0.22916,-0.07771,-0.91993,-1.3305,0.1075,0.3995,-0.279,0.145,0.395,2,458
TRK,2316217,0.28570,-0.22215,-0.10398,-0.92640,-1.3360,0.1108,0.4069,-0.353,0.242,0.458,2,458
TRK,2316237,0.25636,-0.21830,-0.13990,-0.93116,-1.3437,0.1166,0.4163,-0.427,0.334,0.480,2,458
TRK,2316257,0.22535,-0.21490,-0.17498,-0.93403,-1.3540,0.1250,0.4267,-0.496,0.419,0.436,2,458
TRK,2316279,0.19309,-0.19604,-0.20609,-0.93905,-1.3642,0.1335,0.4340,-0.518,0.426,0.309,2,458
TRK,2316298,0.17490,-0.17168,-0.22055,-0.94408,-1.3742,0.1416,0.4395,-0.501,0.382,0.247,2,458
STAT,403.6,400.6,2,4,0,5.3886,244.972,0.1510,0.1383,-0.0822,10.2191,0.28,0.060
TRK,2316320,0.15456,-0.14897,-0.23275,-0.94855,-1.3854,0.1491,0.4442,-0.492,0.300,0.183,2,458
TRK,2316339,0.13865,-0.13718,-0.23418,-0.95243,-1.3950,0.1544,0.4474,-0.475,0.231,0.135,2,458
TRK,2316358,0.12641,-0.13078,-0.22937,-0.95619,-1.4030,0.1578,0.4493,-0.461,0.167,0.086,2,458
TRK,2316380,0.11197,-0.12163,-0.21480,-0.96256,-1.4133,0.1606,0.4504,-0.457,0.082,0.015,2,458
TRK,2316398,0.10034,-0.11622,-0.19844,-0.96801,-1.4211,0.1615,0.4502,-0.436,0.022,-0.046,2,458
TRK,2316420,0.08398,-0.11250,-0.17375,-0.97473,-1.4304,0.1612,0.4482,-0.409,-0.040,-0.136,2,458
TRK,2316439,0.06730,-0.11233,-0.14901,-0.98013,-1.4383,0.1602,0.4448,-0.383,-0.056,-0.202,2,458
TRK,2316459,0.04960,-0.11885,-0.12409,-0.98388,-1.4457,0.1592,0.4402,-0.370,-0.045,-0.260,2,458
TRK,2316479,0.03189,-0.13057,-0.09990,-0.98588,-1.4531,0.1585,0.4345,-0.380,-0.021,-0.320,2,458
TRK,2316497,0.01663,-0.13798,-0.07862,-0.98717,-1.4609,0.1584,0.4273,-0.414,0.012,-0.402,2,458
TRK,2316517,-0.00434,-0.14149,-0.05615,-0.98834,-1.4695,0.1592,0.4188,-0.445,0.064,-0.462,2,458
TRK,2316537,-0.02603,-0.14248,-0.03714,-0.98876,-1.4782,0.1609,0.4091,-0.429,0.117,-0.510,2,458
TRK,2316559,-0.04586,-0.14009,-0.01882,-0.98890,-1.4864,0.1637,0.3988,-0.400,0.159,-0.531,2,458
TRK,2316579,-0.05985,-0.13531,-0.00577,-0.98898,-1.4953,0.1677,0.3867,-0.409,0.200,-0.551,2,458
TRK,2316599,-0.07496,-0.12611,0.00375,-0.98917,-1.5036,0.1719,0.3755,-0.428,0.224,-0.580,2,458
TRK,2316618,-0.09334,-0.12270,0.00927,-0.98800,-1.5109,0.1759,0.3654,-0.413,0.240,-0.596,2,458
TRK,2316637,-0.10920,-0.11690,0.01415,-0.98702,-1.5187,0.1808,0.3533,-0.372,0.251,-0.618,2,458
TRK,2316660,-0.12749,-0.10482,0.01990,-0.98608,-1.5264,0.1864,0.3393,-0.312,0.243,-0.644,2,458
TRK,2316678,-0.13961,-0.08791,0.02464,-0.98599,-1.5321,0.1910,0.3261,-0.265,0.227,-0.695,2,458
TRK,2316700,-0.14761,-0.06631,0.03273,-0.98628,-1.5367,0.1953,0.3117,-0.203,0.201,-0.753,2,458
TRK,2316719,-0.15235,-0.04805,0.04644,-0.98606,-1.5401,0.1991,0.2964,-0.143,0.181,-0.790,2,458
TRK,2316740,-0.15471,-0.02860,0.06185,-0.98561,-1.5428,0.2029,0.2787,-0.102,0.167,-0.788,2,458
TRK,2316760,-0.15667,-0.00694,0.07736,-0.98459,-1.5449,0.2062,0.2633,-0.116,0.162,-0.765,2,458
TRK,2316778,-0.16172,0.00968,0.09342,-0.98236,-1.5471,0.2088,0.2504,-0.132,0.138,-0.728,2,458
TRK,2316800,-0.16513,0.01586,0.11006,-0.97998,-1.5498,0.2115,0.2348,-0.103,0.103,-0.674,2,458
TRK,2316817,-0.16434,0.02153,0.12475,-0.97825,-1.5512,0.2132,0.2234,-0.063,0.097,-0.639,2,458
TRK,2316839,-0.16069,0.03655,0.14071,-0.97624,-1.5518,0.2154,0.2096,0.005,0.105,-0.593,2,458
TRK,2316859,-0.16190,0.04774,0.15217,-0.97384,-1.5516,0.2178,0.1983,0.007,0.143,-0.554,2,458
TRK,2316879,-0.17386,0.06094,0.16341,-0.96920,-1.5519,0.2210,0.1881,-0.036,0.177,-0.471,2,458
TRK,2316899,-0.19164,0.07301,0.16875,-0.96409,-1.5528,0.2247,0.1795,-0.046,0.193,-0.411,2,458
TRK,2316920,-0.20507,0.08105,0.17586,-0.95940,-1.5538,0.2285,0.1717,-0.062,0.181,-0.379,2,458
TRK,2316938,-0.21088,0.08208,0.18060,-0.95717,-1.5552,0.2319,0.1643,-0.080,0.168,-0.374,2,458
TRK,2316958,-0.21620,0.11514,0.18507,-0.95171,-1.5569,0.2355,0.1569,-0.070,0.181,-0.356,2,458
TRK,2316980,-0.20703,0.12994,0.19899,-0.94903,-1.5586,0.2391,0.1494,-0.095,0.155,-0.325,2,458
TRK,2316999,-0.20063,0.13888,0.20432,-0.94801,-1.5604,0.2418,0.1440,-0.107,0.151,-0.301,2,458
TRK,2317019,-0.19153,0.14218,0.20817,-0.94856,-1.5625,0.2447,0.1382,-0.106,0.151,-0.283,2,458
TRK,2317040,-0.18056,0.14900,0.20918,-0.94944,-1.5649,0.2481,0.1322,-0.113,0.154,-0.252,2,458
TRK,2317060,-0.17106,0.15115,0.20831,-0.95105,-1.5673,0.2513,0.1274,-0.132,0.169,-0.237,2,458
TRK,2317078,-0.16467,0.15053,0.20674,-0.95262,-1.5699,0.2543,0.1233,-0.160,0.180,-0.240,2,458
TRK,2317098,-0.15976,0.15554,0.20622,-0.95276,-1.5733,0.2581,0.1185,-0.184,0.199,-0.240,2,458
TRK,2317118,-0.15548,0.15980,0.20618,-0.95277,-1.5773,0.2621,0.1142,-0.225,0.207,-0.197,2,458
TRK,2317139,-0.15115,0.16970,0.20465,-0.95209,-1.5824,0.2671,0.1101,-0.224,0.234,-0.172,2,458
TRK,2317160,-0.14470,0.18149,0.20470,-0.95091,-1.5869,0.2718,0.1069,-0.239,0.248,-0.158,2,458
TRK,2317178,-0.14109,0.18784,0.20504,-0.95014,-1.5919,0.2768,0.1037,-0.267,0.260,-0.164,2,458
TRK,2317200,-0.14056,0.18994,0.20704,-0.94937,-1.5974,0.2821,0.1002,-0.282,0.273,-0.191,2,458
TRK,2317218,-0.14044,0.18891,0.21390,-0.94807,-1.6029,0.2876,0.0966,-0.268,0.275,-0.157,2,458
TRK,2317239,-0.13513,0.18403,0.22386,-0.94750,-1.6081,0.2931,0.0941,-0.268,0.284,-0.097,2,458
TRK,2317257,-0.13335,0.18439,0.22672,-0.94700,-1.6129,0.2981,0.0925,-0.285,0.297,-0.102,2,458
TRK,2317279,-0.13360,0.17945,0.22931,-0.94729,-1.6195,0.3048,0.0897,-0.309,0.298,-0.146,2,458
TRK,2317297,-0.13484,0.17067,0.23143,-0.94823,-1.6257,0.3106,0.0865,-0.316,0.294,-0.184,2,458
STAT,403.6,400.6,2,4,0,2.5164,44.250,0.1510,0.1383,-0.0822,10.2191,0.28,0.060
TRK,2317320,-0.13386,0.16400,0.23439,-0.94881,-1.6323,0.3171,0.0818,-0.262,0.283,-0.249,2,458
TRK,2317340,-0.12786,0.15904,0.24546,-0.94769,-1.6373,0.3227,0.0764,-0.226,0.292,-0.301,2,458
TRK,2317360,-0.11962,0.16950,0.24975,-0.94582,-1.6408,0.3292,0.0690,-0.229,0.364,-0.338,2,458
TRK,2317379,-0.11015,0.11797,0.26179,-0.95153,-1.6450,0.3371,0.0630,-0.202,0.424,-0.299,2,458
TRK,2317399,-0.10833,0.10350,0.26740,-0.95187,-1.6491,0.3456,0.0571,-0.211,0.431,-0.298,2,458
TRK,2317419,-0.10718,0.09133,0.27209,-0.95191,-1.6536,0.3541,0.0510,-0.238,0.426,-0.316,2,458
TRK,2317439,-0.10648,0.06639,0.27482,-0.95327,-1.6583,0.3625,0.0447,-0.241,0.429,-0.326,2,458
TRK,2317459,-0.10596,0.03617,0.27488,-0.95494,-1.6631,0.3711,0.0382,-0.241,0.435,-0.324,2,458
TRK,2317480,-0.10792,0.02547,0.26484,-0.95790,-1.6685,0.3808,0.0312,-0.248,0.433,-0.313,2,458
TRK,2317500,-0.11035,0.02206,0.23437,-0.96561,-1.6736,0.3891,0.0247,-0.263,0.413,-0.338,2,458
TRK,2317517,-0.10871,0.01359,0.15939,-0.98112,-1.6783,0.3963,0.0184,-0.278,0.436,-0.395,2,458
TRK,2317539,-0.10366,0.00174,0.05531,-0.99307,-1.6838,0.4048,0.0109,-0.287,0.409,-0.353,2,458
TRK,2317560,-0.10085,0.00008,0.04321,-0.99396,-1.6900,0.4146,0.0038,-0.273,0.459,-0.318,2,458
TRK,2317580,-0.10076,0.00008,0.04309,-0.99398,-1.6954,0.4237,-0.0025,-0.279,0.460,-0.321,2,458
TRK,2317598,-0.10075,0.00002,0.04308,-0.99398,-1.7003,0.4317,-0.0081,-0.283,0.466,-0.324,2,458
TRK,2317619,-0.10070,0.00002,0.04304,-0.99399,-1.7067,0.4422,-0.0154,-0.290,0.471,-0.328,2,458
TRK,2317638,-0.10065,0.00002,0.04302,-0.99399,-1.7118,0.4504,-0.0211,-0.295,0.475,-0.330,2,458
TRK,2317657,-0.10033,-0.00002,0.04302,-0.99402,-1.7177,0.4598,-0.0277,-0.302,0.480,-0.333,2,458
TRK,2317680,-0.09969,-0.00020,0.04306,-0.99409,-1.7245,0.4706,-0.0351,-0.308,0.486,-0.337,2,458
TRK,2317698,-0.09970,-0.00042,0.04308,-0.99408,-1.7306,0.4803,-0.0418,-0.314,0.491,-0.339,2,458
TRK,2317718,-0.09969,-0.00060,0.04306,-0.99409,-1.7369,0.4900,-0.0485,-0.319,0.496,-0.342,2,458
TRK,2317738,-0.09971,-0.00080,0.04309,-0.99408,-1.7432,0.4999,-0.0553,-0.324,0.501,-0.344,2,458
TRK,2317758,-0.09973,-0.00114,0.04310,-0.99408,-1.7497,0.5099,-0.0622,-0.330,0.506,-0.348,2,458
TRK,2317778,-0.09970,-0.00109,0.04314,-0.99408,-1.7563,0.5199,-0.0691,-0.336,0.511,-0.351,2,458
TRK,2317798,-0.09965,-0.00090,0.04315,-0.99409,-1.7631,0.5301,-0.0761,-0.342,0.516,-0.353,2,458
TRK,2317818,-0.09958,-0.00073,0.04312,-0.99409,-1.7699,0.5404,-0.0831,-0.348,0.522,-0.357,2,458
TRK,2317838,-0.09956,-0.00063,0.04312,-0.99410,-1.7768,0.5508,-0.0902,-0.354,0.527,-0.359,2,458
TRK,2317858,-0.09956,-0.00066,0.04315,-0.99410,-1.7839,0.5613,-0.0974,-0.360,0.532,-0.362,2,458
TRK,2317880,-0.09956,-0.00073,0.04317,-0.99409,-1.7920,0.5732,-0.1055,-0.365,0.538,-0.366,2,458
TRK,2317898,-0.09955,-0.00077,0.04320,-0.99409,-1.7984,0.5826,-0.1118,-0.370,0.542,-0.369,2,458
TRK,2317920,-0.09956,-0.00084,0.04323,-0.99409,-1.8067,0.5947,-0.1201,-0.376,0.548,-0.372,2,458
TRK,2317938,-0.09954,-0.00086,0.04326,-0.99409,-1.8142,0.6056,-0.1275,-0.382,0.553,-0.376,2,458
TRK,2317959,-0.09951,-0.00081,0.04328,-0.99409,-1.8218,0.6166,-0.1350,-0.388,0.558,-0.379,2,458
TRK,2317979,-0.09953,-0.00075,0.04333,-0.99409,-1.8295,0.6277,-0.1425,-0.394,0.563,-0.382,2,458
TRK,2317999,-0.09973,-0.00069,0.04334,-0.99407,-1.8374,0.6389,-0.1501,-0.401,0.568,-0.384,2,458
TRK,2318019,-0.10029,-0.00065,0.04335,-0.99401,-1.8454,0.6502,-0.1577,-0.404,0.572,-0.387,2,458
TRK,2318039,-0.10030,-0.00066,0.04339,-0.99401,-1.8534,0.6616,-0.1654,-0.409,0.577,-0.390,2,458
TRK,2318059,-0.10029,-0.00101,0.04365,-0.99400,-1.3233,-0.0832,0.3383,0.000,0.000,0.000,1,459
TRK,2318078,-0.10039,-0.00354,0.04555,-0.99390,-1.3233,-0.0832,0.3383,0.000,0.000,0.000,1,459
TRK,2318099,-0.10047,-0.00576,0.04730,-0.99380,-1.3233,-0.0832,0.3383,0.000,0.000,0.000,1,459
TRK,2318120,-0.10054,-0.00741,0.04856,-0.99372,-1.3233,-0.0832,0.3383,0.000,0.000,0.000,1,459
TRK,2318140,-0.10060,-0.00895,0.04958,-0.99365,-1.3233,-0.0832,0.3383,0.000,0.000,0.000,1,459
TRK,2318160,-0.10065,-0.01028,0.05046,-0.99359,-1.3233,-0.0832,0.3383,0.000,0.000,0.000,1,459
TRK,2318178,-0.10069,-0.01120,0.05111,-0.99354,-1.3233,-0.0832,0.3383,0.000,0.000,0.000,1,459
TRK,2318200,-0.10072,-0.01204,0.05172,-0.99350,-1.3233,-0.0832,0.3383,0.000,0.000,0.000,1,459
TRK,2318218,-0.10074,-0.01261,0.05215,-0.99347,-1.3233,-0.0832,0.3383,0.000,0.000,0.000,1,459
TRK,2318240,-0.10075,-0.01307,0.05251,-0.99344,-1.3233,-0.0832,0.3383,0.000,0.000,0.000,1,459
TRK,2318259,-0.10077,-0.01345,0.05277,-0.99342,-1.3233,-0.0832,0.3383,0.000,0.000,0.000,1,459
TRK,2318279,-0.10079,-0.01396,0.05303,-0.99340,-1.3233,-0.0832,0.3383,0.000,0.000,0.000,1,459
TRK,2318297,-0.10081,-0.01448,0.05333,-0.99337,-1.3233,-0.0832,0.3383,0.000,0.000,0.000,1,459
STAT,404.1,400.6,2,4,0,0.0237,0.267,0.1462,0.1322,-0.0808,10.1375,2.60,0.815
TRK,2318318,-0.10083,-0.01487,0.05352,-0.99335,-1.3233,-0.0832,0.3383,0.000,0.000,0.000,1,459
TRK,2318338,-0.10084,-0.01513,0.05369,-0.99334,-1.3233,-0.0832,0.3383,0.000,0.000,0.000,1,459
TRK,2318358,-0.10084,-0.01523,0.05379,-0.99333,-1.3233,-0.0832,0.3383,0.000,0.000,0.000,1,459
TRK,2318379,-0.10084,-0.01527,0.05388,-0.99333,-1.3233,-0.0832,0.3383,0.000,0.000,0.000,1,459
TRK,2318399,-0.10084,-0.01534,0.05397,-0.99332,-1.3233,-0.0832,0.3383,0.000,0.000,0.000,1,459
TRK,2318419,-0.10085,-0.01546,0.05404,-0.99331,-1.3233,-0.0832,0.3383,0.000,0.000,0.000,1,459
TRK,2318440,-0.10085,-0.01558,0.05403,-0.99331,-1.3233,-0.0832,0.3383,0.000,0.000,0.000,1,459
TRK,2318458,-0.10086,-0.01573,0.05405,-0.99331,-1.3233,-0.0832,0.3383,0.000,0.000,0.000,1,459
TRK,2318479,-0.10086,-0.01578,0.05406,-0.99330,-1.3233,-0.0832,0.3383,0.000,0.000,0.000,1,459
TRK,2318498,-0.10086,-0.01569,0.05406,-0.99331,-1.3233,-0.0832,0.3383,0.000,0.000,0.000,1,459
TRK,2318519,-0.10085,-0.01550,0.05412,-0.99331,-1.3233,-0.0832,0.3383,0.000,0.000,0.000,1,459
TRK,2318540,-0.10038,-0.01462,0.06051,-0.99300,-1.3234,-0.0832,0.3377,-0.001,-0.001,-0.003,2,459
TRK,2318559,-0.10376,-0.01243,0.06608,-0.99233,-1.3234,-0.0833,0.3377,0.010,-0.007,0.004,2,459
TRK,2318578,-0.10994,-0.00764,0.07975,-0.99070,-1.3233,-0.0834,0.3377,0.002,-0.003,0.002,2,459
TRK,2318598,-0.11248,-0.00267,0.09242,-0.98934,-1.3233,-0.0834,0.3378,-0.000,-0.001,0.003,2,459
TRK,2318618,-0.11282,0.00160,0.11936,-0.98642,-1.3232,-0.0835,0.3380,0.002,-0.006,0.018,2,459
TRK,2318639,-0.10806,0.02264,0.17535,-0.97830,-1.3233,-0.0837,0.3389,0.005,-0.008,0.057,2,459
TRK,2318659,-0.09009,0.01174,0.36739,-0.92562,-1.3227,-0.0827,0.3402,0.068,0.148,0.068,2,459
TRK,2318679,-0.11420,0.05427,0.60192,-0.78848,-1.3210,-0.0769,0.3405,0.055,0.195,-0.028,2,459
TRK,2318699,-0.11213,0.06120,0.62014,-0.77402,-1.3208,-0.0766,0.3397,0.015,-0.004,-0.038,2,459
TRK,2318719,-0.12391,0.07384,0.64122,-0.75368,-1.3205,-0.0765,0.3389,0.023,0.009,-0.041,2,459
TRK,2318739,-0.11885,0.06804,0.63411,-0.76102,-1.3198,-0.0760,0.3381,0.026,0.027,-0.041,2,459
TRK,2318759,-0.12646,0.07755,0.61928,-0.77103,-1.3195,-0.0756,0.3373,0.022,0.018,-0.037,2,459
TRK,2318779,-0.13107,0.08555,0.61120,-0.77585,-1.3192,-0.0754,0.3365,0.007,0.003,-0.049,2,459
TRK,2318797,-0.13500,0.08670,0.60679,-0.77850,-1.3191,-0.0754,0.3355,0.008,0.000,-0.051,2,459
TRK,2318819,-0.14391,0.09477,0.59860,-0.78230,-1.3189,-0.0754,0.3345,0.006,-0.009,-0.048,2,459
TRK,2318837,-0.14836,0.10092,0.58564,-0.79046,-1.3188,-0.0759,0.3340,0.010,-0.040,0.006,2,459
TRK,2318858,-0.14555,0.10214,0.56790,-0.80366,-1.3187,-0.0768,0.3349,0.000,-0.056,0.085,2,459
TRK,2318878,-0.13803,0.10384,0.54854,-0.81809,-1.3186,-0.0782,0.3373,0.010,-0.082,0.153,2,459
TRK,2318898,-0.12152,0.10169,0.52943,-0.83342,-1.3182,-0.0799,0.3406,0.031,-0.086,0.180,2,459
TRK,2318918,-0.11257,0.10274,0.50918,-0.84706,-1.3173,-0.0816,0.3444,0.064,-0.082,0.206,2,459
TRK,2318938,-0.10715,0.10562,0.49163,-0.85771,-1.3154,-0.0832,0.3491,0.127,-0.090,0.273,2,459
TRK,2318958,-0.09175,0.10713,0.47523,-0.86848,-1.3117,-0.0853,0.3562,0.201,-0.098,0.366,2,459
TRK,2318978,-0.07353,0.09977,0.45626,-0.88117,-1.3073,-0.0873,0.3641,0.246,-0.098,0.426,2,459
TRK,2318999,-0.05834,0.08770,0.43671,-0.89341,-1.3019,-0.0892,0.3729,0.302,-0.091,0.459,2,459
TRK,2319020,-0.04280,0.07676,0.41750,-0.90442,-1.2943,-0.0912,0.3834,0.383,-0.089,0.484,2,459
TRK,2319037,-0.02971,0.07340,0.40364,-0.91148,-1.2872,-0.0927,0.3918,0.441,-0.084,0.484,2,459
TRK,2319057,-0.01727,0.07769,0.38913,-0.91774,-1.2779,-0.0943,0.4014,0.499,-0.073,0.486,2,459
TRK,2319080,-0.01143,0.08849,0.36963,-0.92489,-1.2658,-0.0956,0.4121,0.582,-0.048,0.458,2,459
TRK,2319098,-0.01217,0.10465,0.35284,-0.92973,-1.2552,-0.0964,0.4195,0.639,-0.041,0.406,2,459
TRK,2319119,-0.00976,0.11477,0.33418,-0.93544,-1.2405,-0.0974,0.4281,0.670,-0.059,0.373,2,459
TRK,2319139,-0.00040,0.11041,0.31476,-0.94273,-1.2272,-0.0988,0.4352,0.677,-0.073,0.341,2,459
TRK,2319158,0.01064,0.10266,0.29603,-0.94959,-1.2153,-0.1000,0.4409,0.695,-0.073,0.308,2,459
TRK,2319177,0.02496,0.09151,0.27381,-0.95710,-1.2015,-0.1015,0.4466,0.693,-0.072,0.270,2,459
TRK,2319197,0.04327,0.08142,0.25202,-0.96332,-1.1878,-0.1029,0.4516,0.696,-0.066,0.239,2,459
TRK,2319220,0.07559,0.06939,0.23090,-0.96755,-1.1721,-0.1042,0.4563,0.709,-0.058,0.178,2,459
TRK,2319238,0.10123,0.05666,0.21658,-0.96935,-1.1582,-0.1054,0.4593,0.688,-0.053,0.130,2,459
TRK,2319257,0.12319,0.04523,0.20202,-0.97055,-1.1465,-0.1061,0.4614,0.673,-0.035,0.109,2,459
TRK,2319278,0.14452,0.03665,0.18820,-0.97075,-1.1316,-0.1065,0.4635,0.659,0.001,0.074,2,459
TRK,2319300,0.16416,0.02921,0.17505,-0.97034,-1.1173,-0.1064,0.4645,0.628,0.002,0.011,2,459
STAT,404.1,400.6,2,4,0,1.2828,158.829,0.1420,0.1440,-0.0696,10.1025,2.60,0.815
TRK,2319317,0.17209,0.01731,0.16835,-0.97043,-1.1066,-0.1064,0.4642,0.604,0.004,-0.034,2,459
TRK,2319338,0.17751,0.00427,0.15752,-0.97142,-1.0951,-0.1062,0.4632,0.551,0.013,-0.071,2,459
TRK,2319359,0.18173,-0.00450,0.14642,-0.97238,-1.0836,-0.1059,0.4612,0.485,0.014,-0.110,2,459
TRK,2319378,0.18901,-0.01023,0.14000,-0.97189,-1.0755,-0.1057,0.4589,0.454,0.006,-0.157,2,459
TRK,2319400,0.20207,-0.01550,0.13941,-0.96927,-1.0661,-0.1060,0.4544,0.380,-0.042,-0.250,2,459
TRK,2319420,0.20899,-0.02166,0.14433,-0.96697,-1.0593,-0.1074,0.4486,0.309,-0.094,-0.334,2,459
TRK,2319440,0.21328,-0.02827,0.15378,-0.96440,-1.0539,-0.1097,0.4413,0.235,-0.137,-0.399,2,459
TRK,2319459,0.21812,-0.03269,0.16441,-0.96142,-1.0498,-0.1125,0.4327,0.181,-0.146,-0.468,2,459
TRK,2319480,0.22456,-0.03570,0.17498,-0.95796,-1.0468,-0.1155,0.4229,0.118,-0.154,-0.516,2,459
TRK,2319498,0.23095,-0.04218,0.17975,-0.95529,-1.0452,-0.1186,0.4124,0.051,-0.157,-0.547,2,459
TRK,2319520,0.23899,-0.05225,0.18459,-0.95188,-1.0447,-0.1221,0.3997,-0.002,-0.166,-0.596,2,459
TRK,2319538,0.24332,-0.06659,0.18966,-0.94889,-1.0450,-0.1251,0.3889,-0.029,-0.179,-0.648,2,459
TRK,2319559,0.24782,-0.09774,0.19375,-0.94419,-1.0458,-0.1288,0.3757,-0.058,-0.192,-0.687,2,459
TRK,2319580,0.25098,-0.13256,0.19076,-0.93971,-1.0477,-0.1334,0.3605,-0.114,-0.219,-0.668,2,459
TRK,2319600,0.25463,-0.16396,0.17847,-0.93618,-1.0501,-0.1376,0.3473,-0.121,-0.198,-0.666,2,459
TRK,2319620,0.26176,-0.18550,0.16797,-0.93213,-1.0525,-0.1410,0.3341,-0.114,-0.154,-0.653,2,459
TRK,2319640,0.27688,-0.17603,0.17006,-0.92921,-1.0547,-0.1435,0.3217,-0.118,-0.075,-0.606,2,459
TRK,2319660,0.28162,-0.14670,0.19829,-0.92728,-1.0568,-0.1445,0.3102,-0.103,-0.045,-0.566,2,459
TRK,2319680,0.27945,-0.12445,0.22417,-0.92529,-1.0590,-0.1454,0.2990,-0.113,-0.048,-0.565,2,459
TRK,2319697,0.27313,-0.09874,0.25070,-0.92347,-1.0610,-0.1462,0.2894,-0.111,-0.046,-0.525,2,459
TRK,2319719,0.26748,-0.07841,0.27827,-0.91917,-1.0632,-0.1475,0.2788,-0.097,-0.069,-0.423,2,459
TRK,2319740,0.26380,-0.07392,0.28809,-0.91758,-1.0653,-0.1492,0.2714,-0.110,-0.107,-0.337,2,459
TRK,2319758,0.25879,-0.07253,0.28613,-0.91973,-1.0674,-0.1515,0.2652,-0.103,-0.125,-0.291,2,459
TRK,2319778,0.25952,-0.07122,0.28027,-0.92143,-1.0692,-0.1540,0.2595,-0.075,-0.121,-0.295,2,459
TRK,2319798,0.25994,-0.06579,0.28172,-0.92127,-1.0705,-0.1564,0.2533,-0.058,-0.118,-0.338,2,459
TRK,2319818,0.25667,-0.06197,0.29028,-0.91979,-1.0717,-0.1588,0.2460,-0.071,-0.130,-0.395,2,459
TRK,2319838,0.24909,-0.06090,0.30422,-0.91744,-1.0734,-0.1614,0.2377,-0.099,-0.135,-0.437,2,459
TRK,2319859,0.24074,-0.06146,0.32037,-0.91413,-1.0757,-0.1647,0.2283,-0.101,-0.160,-0.400,2,459
TRK,2319879,0.23295,-0.06215,0.33225,-0.91185,-1.0778,-0.1680,0.2207,-0.109,-0.169,-0.363,2,459
TRK,2319899,0.22458,-0.06372,0.34213,-0.91019,-1.0800,-0.1714,0.2137,-0.115,-0.169,-0.346,2,459
TRK,2319919,0.21746,-0.06570,0.35266,-0.90776,-1.0822,-0.1746,0.2069,-0.106,-0.160,-0.352,2,459
TRK,2319939,0.21151,-0.06533,0.36906,-0.90266,-1.0844,-0.1776,0.1997,-0.112,-0.149,-0.375,2,459
TRK,2319960,0.20624,-0.06218,0.39345,-0.89376,-1.0865,-0.1805,0.1920,-0.100,-0.136,-0.412,2,459
TRK,2319978,0.20617,-0.04719,0.42714,-0.87910,-1.0879,-0.1834,0.1842,0.007,-0.182,-0.313,2,459
TRK,2319999,0.21917,-0.03403,0.43514,-0.87261,-1.0872,-0.1876,0.1804,0.014,-0.201,-0.161,2,459
TRK,2320019,0.22751,-0.03748,0.43705,-0.86938,-1.0873,-0.1916,0.1770,-0.023,-0.210,-0.173,2,459
TRK,2320039,0.22984,-0.03453,0.43108,-0.87186,-1.0879,-0.1958,0.1735,-0.034,-0.210,-0.176,2,459
TRK,2320058,0.22838,-0.03041,0.42753,-0.87415,-1.0883,-0.1999,0.1700,-0.004,-0.201,-0.182,2,459
TRK,2320078,0.22779,-0.03638,0.42212,-0.87670,-1.0883,-0.2039,0.1663,0.002,-0.206,-0.194,2,459
TRK,2320098,0.22681,-0.04805,0.41319,-0.88064,-1.0881,-0.2080,0.1624,0.014,-0.212,-0.197,2,459
TRK,2320118,0.22654,-0.06555,0.40587,-0.88298,-1.0878,-0.2122,0.1584,0.017,-0.214,-0.205,2,459
TRK,2320138,0.22855,-0.08753,0.39981,-0.88332,-1.0874,-0.2166,0.1543,0.029,-0.238,-0.207,2,459
TRK,2320158,0.22832,-0.10007,0.37523,-0.89278,-1.0866,-0.2217,0.1501,0.046,-0.264,-0.220,2,459
TRK,2320179,0.23059,-0.09566,0.32948,-0.91056,-1.0853,-0.2276,0.1452,0.068,-0.272,-0.223,2,459
TRK,2320200,0.24662,-0.08362,0.27003,-0.92697,-1.0840,-0.2328,0.1407,0.069,-0.249,-0.227,2,459
TRK,2320218,0.25744,-0.07392,0.22675,-0.93640,-1.0825,-0.2376,0.1362,0.078,-0.242,-0.222,2,459
TRK,2320240,0.26484,-0.06676,0.19628,-0.94174,-1.0806,-0.2431,0.1315,0.088,-0.253,-0.212,2,459
TRK,2320260,0.26871,-0.06152,0.17675,-0.94487,-1.0790,-0.2482,0.1272,0.083,-0.257,-0.214,2,459
TRK,2320280,0.27871,-0.05438,0.14998,-0.94703,-1.0774,-0.2533,0.1229,0.077,-0.258,-0.224,2,459
TRK,2320300,0.29528,-0.04212,0.11109,-0.94799,-1.0759,-0.2584,0.1184,0.069,-0.260,-0.228,2,459
STAT,403.9,400.9,2,4,0,0.9164,196.171,0.1420,0.1440,-0.0696,10.1025,2.60,0.815
TRK,2320319,0.31330,-0.02766,0.07523,-0.94627,-1.0747,-0.2629,0.1145,0.071,-0.260,-0.222,2,459
TRK,2320338,0.32693,-0.02460,0.06097,-0.94276,-1.0737,-0.2680,0.1104,0.027,-0.254,-0.198,2,459
TRK,2320358,0.32895,-0.02751,0.06130,-0.94195,-1.0732,-0.2731,0.1065,0.019,-0.261,-0.197,2,459
TRK,2320378,0.33034,-0.02852,0.06133,-0.94144,-1.0726,-0.2784,0.1026,0.034,-0.268,-0.198,2,459
TRK,2320398,0.33261,-0.02889,0.06129,-0.94063,-1.0716,-0.2839,0.0986,0.051,-0.281,-0.200,2,459
TRK,2320419,0.33857,-0.02923,0.06124,-0.93849,-1.0699,-0.2904,0.0941,0.080,-0.294,-0.202,2,459
TRK,2320440,0.34128,-0.02997,0.06119,-0.93749,-1.0681,-0.2964,0.0901,0.113,-0.311,-0.203,2,459
TRK,2320460,0.34549,-0.02945,0.06128,-0.93596,-1.0659,-0.3026,0.0861,0.106,-0.317,-0.204,2,459
TRK,2320477,0.35385,-0.02885,0.06145,-0.93283,-1.0640,-0.3082,0.0825,0.114,-0.324,-0.204,2,459
TRK,2320498,0.35701,-0.02773,0.06147,-0.93166,-1.0613,-0.3155,0.0780,0.121,-0.331,-0.205,2,459
TRK,2320520,0.36004,-0.02643,0.06147,-0.93053,-1.0586,-0.3229,0.0734,0.119,-0.329,-0.205,2,459
TRK,2320538,0.36166,-0.02440,0.06146,-0.92996,-1.0567,-0.3286,0.0699,0.104,-0.328,-0.205,2,459
TRK,2320559,0.35959,-0.02355,0.06129,-0.93080,-1.0548,-0.3351,0.0658,0.095,-0.334,-0.206,2,459
TRK,2320577,0.35788,-0.02428,0.06134,-0.93143,-1.0529,-0.3418,0.0617,0.090,-0.346,-0.206,2,459
TRK,2320598,0.35603,-0.02555,0.06139,-0.93210,-1.0511,-0.3487,0.0576,0.102,-0.351,-0.208,2,459
TRK,2320618,0.35759,-0.02747,0.06141,-0.93145,-1.0490,-0.3556,0.0535,0.108,-0.348,-0.208,2,459
TRK,2320640,0.35742,-0.02814,0.06132,-0.93150,-1.0466,-0.3634,0.0489,0.102,-0.352,-0.207,2,459
TRK,2320659,0.35539,-0.02844,0.06114,-0.93228,-1.0445,-0.3705,0.0448,0.110,-0.362,-0.207,2,459
TRK,2320679,0.35435,-0.02902,0.06115,-0.93266,-1.0423,-0.3777,0.0407,0.117,-0.371,-0.208,2,459
TRK,2320699,0.35404,-0.02981,0.06114,-0.93275,-1.0399,-0.3852,0.0365,0.127,-0.382,-0.209,2,459
TRK,2320719,0.35404,-0.03003,0.06111,-0.93275,-1.0373,-0.3928,0.0324,0.133,-0.391,-0.209,2,459
TRK,2320739,0.35443,-0.03023,0.06111,-0.93259,-1.0346,-0.4007,0.0282,0.143,-0.398,-0.210,2,459
TRK,2320759,0.35390,-0.03009,0.06103,-0.93281,-1.0318,-0.4086,0.0241,0.146,-0.403,-0.211,2,459
TRK,2320779,0.35159,-0.03022,0.06106,-0.93367,-1.0290,-0.4165,0.0199,0.136,-0.400,-0.211,2,459
TRK,2320799,0.34807,-0.02977,0.06100,-0.93501,-1.0263,-0.4245,0.0157,0.139,-0.404,-0.211,2,459
TRK,2320819,0.34474,-0.02957,0.06098,-0.93625,-1.0235,-0.4326,0.0115,0.150,-0.411,-0.212,2,459
TRK,2320838,0.34310,-0.02995,0.06097,-0.93684,-1.0204,-0.4408,0.0073,0.155,-0.418,-0.213,2,459
TRK,2320858,0.34167,-0.03022,0.06094,-0.93735,-1.0172,-0.4492,0.0031,0.166,-0.430,-0.213,2,459
TRK,2320878,0.34201,-0.03015,0.06092,-0.93723,-1.0138,-0.4578,-0.0012,0.176,-0.440,-0.215,2,459
TRK,2320898,0.34263,-0.03031,0.06095,-0.93700,-1.0103,-0.4666,-0.0054,0.180,-0.447,-0.215,2,459
TRK,2320920,0.34322,-0.03046,0.06096,-0.93678,-1.0062,-0.4766,-0.0102,0.182,-0.453,-0.216,2,459
TRK,2320940,0.34359,-0.03047,0.06101,-0.93664,-1.0026,-0.4856,-0.0145,0.183,-0.457,-0.216,2,459
TRK,2320960,0.34295,-0.03031,0.06100,-0.93688,-0.9989,-0.4948,-0.0188,0.189,-0.463,-0.217,2,459
TRK,2320978,0.34241,-0.03007,0.06100,-0.93709,-0.9952,-0.5040,-0.0231,0.186,-0.468,-0.217,2,459
TRK,2320999,0.34242,-0.02931,0.06101,-0.93711,-0.9915,-0.5133,-0.0274,0.192,-0.474,-0.217,2,459
TRK,2321019,0.34281,-0.02899,0.06109,-0.93697,-0.9877,-0.5227,-0.0317,0.192,-0.477,-0.218,2,459
TRK,2321039,0.34341,-0.02880,0.06108,-0.93675,-0.9838,-0.5322,-0.0360,0.201,-0.487,-0.218,2,459
TRK,2321058,0.34386,-0.02845,0.06105,-0.93660,-0.9798,-0.5419,-0.0403,0.205,-0.493,-0.219,2,459
TRK,2321078,0.34389,-0.02810,0.06106,-0.93660,-0.9757,-0.5517,-0.0447,0.209,-0.499,-0.220,2,459
TRK,2321099,0.34388,-0.02775,0.06108,-0.93661,-0.9710,-0.5629,-0.0496,0.213,-0.505,-0.220,2,459
TRK,2321119,0.34245,-0.02750,0.06106,-0.93714,-0.9669,-0.5729,-0.0539,0.213,-0.509,-0.220,2,459
TRK,2321140,0.34254,-0.02737,0.06105,-0.93712,-0.9627,-0.5830,-0.0583,0.214,-0.513,-0.220,2,459
TRK,2321158,0.34189,-0.02731,0.06107,-0.93736,-0.9589,-0.5920,-0.0621,0.221,-0.521,-0.221,2,459
TRK,2321180,0.34189,-0.02747,0.06110,-0.93735,-0.9539,-0.6037,-0.0670,0.226,-0.529,-0.222,2,459
TRK,2321200,0.34186,-0.02800,0.06114,-0.93734,-0.9494,-0.6143,-0.0714,0.230,-0.535,-0.222,2,459
TRK,2321218,0.34115,-0.02831,0.06115,-0.93759,-0.9448,-0.6249,-0.0758,0.233,-0.542,-0.223,2,459
TRK,2321240,0.34090,-0.02865,0.06117,-0.93767,-0.9402,-0.6357,-0.0803,0.236,-0.548,-0.223,2,459
TRK,2321258,0.34083,-0.02884,0.06118,-0.93769,-0.9355,-0.6466,-0.0847,0.239,-0.554,-0.224,2,459
TRK,2321280,0.34082,-0.02897,0.06120,-0.93769,-0.9301,-0.6591,-0.0897,0.243,-0.561,-0.224,2,459
TRK,2321298,0.34081,-0.02893,0.06118,-0.93769,-0.9259,-0.6688,-0.0936,0.246,-0.566,-0.224,2,459
STAT,403.9,400.9,2,4,0,0.0470,1.344,0.1420,0.1440,-0.0696,10.1025,2.60,0.815
TRK,2321320,0.34081,-0.02867,0.06118,-0.93770,-0.9204,-0.6815,-0.0986,0.250,-0.573,-0.225,2,459
TRK,2321338,0.34087,-0.02828,0.06116,-0.93769,-0.9160,-0.6914,-0.1024,0.253,-0.578,-0.225,2,459
TRK,2321359,0.34096,-0.02788,0.06114,-0.93767,-0.9103,-0.7044,-0.1075,0.257,-0.585,-0.226,2,459
TRK,2321380,0.34110,-0.02749,0.06075,-0.93766,-0.9065,-0.7131,-0.1108,0.000,0.000,0.000,1,460
TRK,2321400,0.34113,-0.02693,0.05781,-0.93785,-0.9065,-0.7131,-0.1108,0.000,0.000,0.000,1,460
TRK,2321418,0.34113,-0.02664,0.05562,-0.93799,-0.9065,-0.7131,-0.1108,0.000,0.000,0.000,1,460
TRK,2321440,0.34112,-0.02658,0.05331,-0.93813,-0.9065,-0.7131,-0.1108,0.000,0.000,0.000,1,460
TRK,2321458,0.34110,-0.02664,0.05164,-0.93823,-0.9065,-0.7131,-0.1108,0.000,0.000,0.000,1,460
TRK,2321478,0.34110,-0.02644,0.05019,-0.93831,-0.9065,-0.7131,-0.1108,0.000,0.000,0.000,1,460
TRK,2321498,0.34112,-0.02607,0.04902,-0.93838,-0.9065,-0.7131,-0.1108,0.000,0.000,0.000,1,460
TRK,2321518,0.34113,-0.02574,0.04812,-0.93843,-0.9065,-0.7131,-0.1108,0.000,0.000,0.000,1,460
TRK,2321539,0.34114,-0.02548,0.04739,-0.93847,-0.9065,-0.7131,-0.1108,0.000,0.000,0.000,1,460
TRK,2321560,0.34114,-0.02523,0.04668,-0.93851,-0.9065,-0.7131,-0.1108,0.000,0.000,0.000,1,460
TRK,2321579,0.34114,-0.02515,0.04625,-0.93854,-0.9065,-0.7131,-0.1108,0.000,0.000,0.000,1,460
TRK,2321598,0.34114,-0.02514,0.04582,-0.93856,-0.9065,-0.7131,-0.1108,0.000,0.000,0.000,1,460
TRK,2321618,0.34113,-0.02525,0.04546,-0.93858,-0.9065,-0.7131,-0.1108,0.000,0.000,0.000,1,460
TRK,2321638,0.34112,-0.02534,0.04517,-0.93859,-0.9065,-0.7131,-0.1108,0.000,0.000,0.000,1,460
TRK,2321658,0.34112,-0.02538,0.04497,-0.93860,-0.9065,-0.7131,-0.1108,0.000,0.000,0.000,1,460
TRK,2321680,0.34113,-0.02512,0.04477,-0.93861,-0.9065,-0.7131,-0.1108,0.000,0.000,0.000,1,460
TRK,2321700,0.34112,-0.02534,0.04476,-0.93861,-0.9065,-0.7131,-0.1108,0.000,0.000,0.000,1,460
TRK,2321718,0.34111,-0.02564,0.04473,-0.93861,-0.9065,-0.7131,-0.1108,0.000,0.000,0.000,1,460
TRK,2321739,0.34109,-0.02597,0.04478,-0.93860,-0.9065,-0.7131,-0.1108,0.000,0.000,0.000,1,460
TRK,2321760,0.34019,-0.02586,0.04477,-0.93893,-0.9067,-0.7133,-0.1108,-0.026,0.006,0.000,2,460
TRK,2321779,0.32932,-0.02674,0.04476,-0.94278,-0.9072,-0.7132,-0.1108,-0.006,-0.003,0.001,2,460
TRK,2321800,0.32595,-0.02412,0.04480,-0.94402,-0.9074,-0.7133,-0.1108,-0.020,0.000,0.001,2,460
TRK,2321820,0.32341,-0.02127,0.04454,-0.94497,-0.9075,-0.7133,-0.1107,-0.001,-0.002,0.002,2,460
TRK,2321837,0.32207,-0.01801,0.04422,-0.94551,-0.9076,-0.7133,-0.1107,-0.006,-0.000,0.003,2,460
TRK,2321860,0.32216,-0.01531,0.04734,-0.94538,-0.9080,-0.7133,-0.1106,-0.033,-0.005,0.010,2,460
TRK,2321880,0.31883,-0.01677,0.07047,-0.94504,-0.9083,-0.7136,-0.1102,0.005,-0.014,0.031,2,460
TRK,2321899,0.31445,-0.02084,0.10759,-0.94293,-0.9081,-0.7138,-0.1095,0.009,-0.003,0.037,2,460
TRK,2321919,0.30738,-0.02631,0.15761,-0.93807,-0.9078,-0.7138,-0.1087,0.016,0.003,0.036,2,460
TRK,2321939,0.30094,-0.03738,0.20846,-0.92983,-0.9076,-0.7136,-0.1081,-0.000,0.018,0.021,2,460
TRK,2321959,0.29399,-0.04784,0.24455,-0.92276,-0.9077,-0.7131,-0.1078,-0.002,0.028,0.012,2,460
TRK,2321979,0.29430,-0.05289,0.26990,-0.91528,-0.9077,-0.7127,-0.1076,0.000,0.023,0.013,2,460
TRK,2322000,0.29411,-0.05780,0.30672,-0.90337,-0.9076,-0.7120,-0.1073,0.010,0.034,0.016,2,460
TRK,2322020,0.29641,-0.06541,0.34922,-0.88652,-0.9073,-0.7113,-0.1070,0.018,0.036,0.014,2,460
TRK,2322039,0.30095,-0.07485,0.39151,-0.86634,-0.9070,-0.7107,-0.1068,0.008,0.038,0.012,2,460
TRK,2322057,0.29833,-0.09289,0.44457,-0.83948,-0.9070,-0.7100,-0.1067,0.012,0.043,-0.004,2,460
TRK,2322079,0.28343,-0.09416,0.49198,-0.81777,-0.9065,-0.7088,-0.1067,0.039,0.063,0.005,2,460
TRK,2322098,0.27017,-0.07715,0.52921,-0.80062,-0.9056,-0.7078,-0.1067,0.044,0.035,-0.016,2,460
TRK,2322118,0.26343,-0.07876,0.53983,-0.79560,-0.9048,-0.7075,-0.1073,0.043,0.000,-0.034,2,460
TRK,2322138,0.26206,-0.09002,0.53853,-0.79574,-0.9039,-0.7077,-0.1080,0.039,-0.022,-0.037,2,460
TRK,2322160,0.26373,-0.10424,0.53410,-0.79644,-0.9032,-0.7086,-0.1089,0.031,-0.062,-0.039,2,460
TRK,2322180,0.26639,-0.11974,0.52742,-0.79782,-0.9026,-0.7100,-0.1096,0.035,-0.079,-0.034,2,460
TRK,2322197,0.26713,-0.12834,0.52320,-0.79902,-0.9018,-0.7115,-0.1101,0.051,-0.077,-0.025,2,460
TRK,2322219,0.26279,-0.13191,0.52762,-0.79697,-0.9003,-0.7129,-0.1106,0.090,-0.057,-0.014,2,460
TRK,2322239,0.26142,-0.12666,0.53563,-0.79291,-0.8983,-0.7137,-0.1108,0.090,-0.013,-0.013,2,460
TRK,2322259,0.26097,-0.14361,0.54354,-0.78475,-0.8969,-0.7138,-0.1115,0.083,0.000,-0.052,2,460
TRK,2322279,0.27024,-0.15142,0.54084,-0.78200,-0.8949,-0.7136,-0.1126,0.099,0.024,-0.058,2,460
TRK,2322300,0.27978,-0.15875,0.53738,-0.77958,-0.8929,-0.7131,-0.1137,0.086,0.019,-0.036,2,460
TRK,2322319,0.28994,-0.16413,0.53139,-0.77886,-0.8914,-0.7128,-0.1141,0.096,0.013,-0.008,2,460
STAT,404.1,400.6,2,4,0,2.2534,81.061,0.1420,0.1440,-0.0696,10.0876,3.00,0.000
TRK,2322338,0.30015,-0.16841,0.52406,-0.77904,-0.8895,-0.7127,-0.1140,0.084,-0.007,0.022,2,460
TRK,2322358,0.31059,-0.16935,0.51550,-0.78046,-0.8880,-0.7128,-0.1133,0.070,0.004,0.043,2,460
TRK,2322378,0.32046,-0.16635,0.50647,-0.78302,-0.8868,-0.7127,-0.1126,0.046,0.006,0.024,2,460
TRK,2322398,0.32893,-0.16584,0.49812,-0.78497,-0.8861,-0.7126,-0.1122,0.037,0.000,0.016,2,460
TRK,2322419,0.33662,-0.16569,0.48528,-0.78977,-0.8850,-0.7127,-0.1116,0.068,-0.021,0.040,2,460
TRK,2322439,0.33454,-0.15216,0.47363,-0.80038,-0.8834,-0.7135,-0.1105,0.088,-0.051,0.082,2,460
TRK,2322459,0.33476,-0.13330,0.46200,-0.81039,-0.8815,-0.7147,-0.1083,0.092,-0.071,0.126,2,460
TRK,2322479,0.33655,-0.11838,0.44742,-0.82008,-0.8800,-0.7162,-0.1058,0.070,-0.080,0.123,2,460
TRK,2322498,0.33628,-0.10650,0.43395,-0.82901,-0.8788,-0.7178,-0.1036,0.055,-0.079,0.112,2,460
TRK,2322518,0.33144,-0.09408,0.41130,-0.84388,-0.8775,-0.7194,-0.1009,0.079,-0.081,0.157,2,460
TRK,2322538,0.33264,-0.08959,0.38528,-0.85609,-0.8760,-0.7209,-0.0975,0.057,-0.080,0.188,2,460
TRK,2322558,0.32454,-0.06897,0.36381,-0.87038,-0.8752,-0.7224,-0.0939,0.037,-0.070,0.180,2,460
TRK,2322578,0.32183,-0.05490,0.34977,-0.87811,-0.8745,-0.7238,-0.0903,0.035,-0.070,0.182,2,460
TRK,2322599,0.32615,-0.05765,0.33199,-0.88322,-0.8738,-0.7253,-0.0862,0.018,-0.070,0.190,2,460
TRK,2322619,0.32847,-0.05962,0.31529,-0.88834,-0.8738,-0.7269,-0.0821,-0.025,-0.086,0.228,2,460
TRK,2322640,0.32695,-0.05506,0.29716,-0.89542,-0.8748,-0.7287,-0.0771,-0.068,-0.094,0.278,2,460
TRK,2322660,0.32378,-0.04773,0.27747,-0.90327,-0.8764,-0.7305,-0.0713,-0.094,-0.086,0.304,2,460
TRK,2322680,0.31995,-0.04415,0.25733,-0.91075,-0.8787,-0.7322,-0.0651,-0.141,-0.089,0.316,2,460
TRK,2322700,0.31467,-0.04670,0.23594,-0.91822,-0.8821,-0.7341,-0.0585,-0.203,-0.103,0.354,2,460
TRK,2322718,0.31188,-0.05231,0.21697,-0.92354,-0.8867,-0.7362,-0.0511,-0.262,-0.111,0.392,2,460
TRK,2322738,0.30739,-0.06202,0.19424,-0.92948,-0.8926,-0.7385,-0.0430,-0.332,-0.112,0.430,2,460
TRK,2322760,0.30052,-0.06991,0.16936,-0.93601,-0.9007,-0.7408,-0.0331,-0.389,-0.100,0.449,2,460
TRK,2322780,0.28931,-0.08987,0.14189,-0.94239,-0.9088,-0.7427,-0.0246,-0.436,-0.086,0.395,2,460
TRK,2322799,0.27231,-0.07750,0.12635,-0.95072,-0.9167,-0.7441,-0.0182,-0.479,-0.076,0.355,2,460
TRK,2322818,0.25428,-0.06606,0.11012,-0.95857,-0.9268,-0.7456,-0.0111,-0.534,-0.076,0.367,2,460
TRK,2322838,0.23366,-0.06815,0.08971,-0.96577,-0.9378,-0.7471,-0.0040,-0.575,-0.070,0.339,2,460
TRK,2322858,0.21146,-0.07773,0.07256,-0.97159,-0.9493,-0.7484,0.0022,-0.583,-0.062,0.284,2,460
TRK,2322878,0.19009,-0.09065,0.06058,-0.97569,-0.9610,-0.7495,0.0071,-0.600,-0.056,0.213,2,460
TRK,2322899,0.16701,-0.09899,0.05299,-0.97954,-0.9747,-0.7507,0.0112,-0.634,-0.050,0.149,2,460
TRK,2322919,0.14446,-0.10008,0.04819,-0.98326,-0.9874,-0.7516,0.0133,-0.633,-0.045,0.065,2,460
TRK,2322937,0.12632,-0.09743,0.04594,-0.98612,-0.9981,-0.7524,0.0138,-0.611,-0.040,-0.008,2,460
TRK,2322957,0.10719,-0.09433,0.04556,-0.98870,-1.0100,-0.7531,0.0128,-0.590,-0.034,-0.088,2,460
TRK,2322977,0.08746,-0.09264,0.04774,-0.99070,-1.0215,-0.7537,0.0103,-0.565,-0.030,-0.174,2,460
TRK,2322999,0.06493,-0.09272,0.05496,-0.99205,-1.0337,-0.7543,0.0054,-0.540,-0.015,-0.247,2,460
TRK,2323020,0.04616,-0.09652,0.06275,-0.99228,-1.0452,-0.7544,-0.0007,-0.485,0.003,-0.316,2,460
TRK,2323039,0.03158,-0.09559,0.07197,-0.99231,-1.0532,-0.7543,-0.0069,-0.443,0.004,-0.393,2,460
TRK,2323057,0.01995,-0.09191,0.08079,-0.99228,-1.0617,-0.7543,-0.0157,-0.411,-0.006,-0.509,2,460
TRK,2323079,0.00506,-0.07980,0.09998,-0.99177,-1.0696,-0.7545,-0.0270,-0.386,-0.014,-0.627,2,460
TRK,2323098,-0.00789,-0.06749,0.12364,-0.99000,-1.0770,-0.7548,-0.0401,-0.355,-0.016,-0.667,2,460
TRK,2323119,-0.01383,-0.06833,0.14145,-0.98749,-1.0841,-0.7549,-0.0548,-0.284,0.014,-0.653,2,460
TRK,2323138,-0.01822,-0.06397,0.15687,-0.98538,-1.0885,-0.7545,-0.0659,-0.227,0.023,-0.630,2,460
TRK,2323157,-0.01974,-0.06505,0.16683,-0.98364,-1.0925,-0.7539,-0.0781,-0.175,0.041,-0.614,2,460
TRK,2323177,-0.02177,-0.06431,0.18053,-0.98122,-1.0955,-0.7530,-0.0902,-0.130,0.053,-0.600,2,460
TRK,2323200,-0.02318,-0.05257,0.19571,-0.97898,-1.0980,-0.7517,-0.1032,-0.101,0.069,-0.564,2,460
TRK,2323219,-0.02558,-0.03627,0.20631,-0.97748,-1.0997,-0.7503,-0.1139,-0.061,0.064,-0.508,2,460
TRK,2323237,-0.02533,-0.01989,0.21452,-0.97619,-1.1004,-0.7493,-0.1221,-0.027,0.057,-0.445,2,460
TRK,2323259,-0.02267,-0.00769,0.21980,-0.97525,-1.1004,-0.7480,-0.1312,0.020,0.053,-0.381,2,460
TRK,2323280,-0.02118,-0.00127,0.22215,-0.97478,-1.0998,-0.7467,-0.1394,0.040,0.070,-0.366,2,460
TRK,2323298,-0.02610,0.01376,0.22509,-0.97389,-1.0989,-0.7454,-0.1457,0.056,0.078,-0.359,2,460
TRK,2323318,-0.03098,0.03050,0.22741,-0.97283,-1.0977,-0.7439,-0.1526,0.067,0.078,-0.335,2,460
STAT,404.1,400.6,2,4,0,1.5160,84.219,0.1420,0.1440,-0.0696,10.0876,3.00,0.000
TRK,2323339,-0.03718,0.04825,0.22859,-0.97161,-1.0964,-0.7423,-0.1590,0.067,0.075,-0.313,2,460
TRK,2323360,-0.04043,0.05991,0.22999,-0.97051,-1.0949,-0.7409,-0.1657,0.061,0.058,-0.289,2,460
TRK,2323380,-0.03844,0.05728,0.23099,-0.97051,-1.0940,-0.7398,-0.1713,0.034,0.050,-0.281,2,460
TRK,2323398,-0.03544,0.04880,0.23347,-0.97049,-1.0935,-0.7389,-0.1764,0.017,0.052,-0.306,2,460
TRK,2323418,-0.03497,0.05119,0.24368,-0.96787,-1.0935,-0.7377,-0.1828,-0.015,0.064,-0.334,2,460
TRK,2323438,-0.03207,0.04682,0.25670,-0.96482,-1.0942,-0.7366,-0.1892,-0.057,0.060,-0.308,2,460
TRK,2323460,-0.03336,0.04498,0.26653,-0.96220,-1.0958,-0.7352,-0.1955,-0.086,0.058,-0.264,2,460
TRK,2323480,-0.03516,0.04551,0.27065,-0.96096,-1.0976,-0.7340,-0.2006,-0.090,0.067,-0.251,2,460
TRK,2323500,-0.03834,0.05358,0.27607,-0.95888,-1.0996,-0.7324,-0.2062,-0.087,0.083,-0.259,2,460
TRK,2323520,-0.04064,0.05826,0.28515,-0.95585,-1.1015,-0.7306,-0.2114,-0.114,0.097,-0.268,2,460
TRK,2323537,-0.04195,0.05081,0.29570,-0.95301,-1.1037,-0.7289,-0.2159,-0.133,0.089,-0.225,2,460
TRK,2323559,-0.03653,0.00805,0.30482,-0.95167,-1.1061,-0.7271,-0.2192,-0.093,0.104,-0.119,2,460
TRK,2323578,-0.03424,0.00205,0.30559,-0.95155,-1.1072,-0.7249,-0.2212,-0.037,0.116,-0.103,2,460
TRK,2323598,-0.03040,0.00075,0.31159,-0.94973,-1.1079,-0.7226,-0.2236,-0.038,0.120,-0.125,2,460
TRK,2323617,-0.02897,0.00450,0.32478,-0.94533,-1.1090,-0.7200,-0.2262,-0.075,0.145,-0.151,2,460
TRK,2323637,-0.02939,0.00866,0.35020,-0.93618,-1.1109,-0.7172,-0.2295,-0.111,0.122,-0.172,2,460
TRK,2323657,-0.03058,-0.00333,0.34053,-0.93973,-1.1137,-0.7151,-0.2320,-0.139,0.099,-0.117,2,460
TRK,2323679,-0.03640,-0.00298,0.28571,-0.95762,-1.1167,-0.7132,-0.2350,-0.139,0.080,-0.143,2,460
TRK,2323699,-0.03358,-0.00585,0.21607,-0.97578,-1.1193,-0.7116,-0.2380,-0.118,0.088,-0.174,2,460
TRK,2323719,-0.02885,-0.00088,0.04216,-0.99869,-1.1211,-0.7089,-0.2422,-0.066,0.163,-0.212,2,460
TRK,2323739,-0.02295,-0.01071,0.03966,-0.99889,-1.1227,-0.7064,-0.2450,-0.095,0.121,-0.122,2,460
TRK,2323760,-0.02289,-0.01077,0.03935,-0.99891,-1.1250,-0.7036,-0.2477,-0.107,0.121,-0.113,2,460
TRK,2323779,-0.02292,-0.01094,0.03937,-0.99890,-1.1269,-0.7015,-0.2495,-0.117,0.121,-0.104,2,460
TRK,2323798,-0.02273,-0.01210,0.03922,-0.99890,-1.1293,-0.6991,-0.2515,-0.124,0.125,-0.094,2,460
TRK,2323819,-0.01897,-0.01770,0.03816,-0.99893,-1.1319,-0.6966,-0.2533,-0.135,0.140,-0.085,2,460
TRK,2323838,-0.01721,-0.02054,0.03752,-0.99894,-1.1347,-0.6937,-0.2549,-0.151,0.134,-0.078,2,460
TRK,2323859,-0.01722,-0.01887,0.03796,-0.99895,-1.1381,-0.6910,-0.2565,-0.160,0.121,-0.071,2,460
TRK,2323879,-0.01705,-0.01674,0.03845,-0.99897,-1.1414,-0.6886,-0.2578,-0.171,0.123,-0.061,2,460
TRK,2323899,-0.01693,-0.01512,0.03880,-0.99899,-1.1449,-0.6861,-0.2590,-0.182,0.125,-0.054,2,460
TRK,2323918,-0.01693,-0.01487,0.03886,-0.99899,-1.1481,-0.6839,-0.2599,-0.189,0.128,-0.049,2,460
TRK,2323937,-0.01689,-0.01491,0.03886,-0.99899,-1.1519,-0.6814,-0.2608,-0.196,0.131,-0.047,2,460
TRK,2323957,-0.01679,-0.01543,0.03877,-0.99899,-1.1559,-0.6787,-0.2617,-0.202,0.136,-0.045,2,460
TRK,2323980,-0.01627,-0.01647,0.03854,-0.99899,-1.1604,-0.6757,-0.2627,-0.208,0.140,-0.043,2,460
TRK,2323999,-0.01629,-0.01705,0.03845,-0.99898,-1.1646,-0.6728,-0.2636,-0.213,0.144,-0.042,2,460
TRK,2324019,-0.01637,-0.01829,0.03818,-0.99897,-1.1689,-0.6700,-0.2644,-0.218,0.148,-0.040,2,460
TRK,2324039,-0.01640,-0.01959,0.03788,-0.99896,-1.1732,-0.6670,-0.2652,-0.223,0.151,-0.040,2,460
TRK,2324059,-0.01643,-0.01998,0.03781,-0.99895,-1.1777,-0.6640,-0.2659,-0.227,0.155,-0.039,2,460
TRK,2324077,-0.01640,-0.01949,0.03794,-0.99896,-1.1822,-0.6609,-0.2667,-0.231,0.158,-0.039,2,460
TRK,2324099,-0.01635,-0.01829,0.03822,-0.99897,-1.1874,-0.6573,-0.2676,-0.235,0.163,-0.037,2,460
TRK,2324120,-0.01634,-0.01780,0.03838,-0.99897,-1.1921,-0.6540,-0.2683,-0.239,0.166,-0.036,2,460
TRK,2324138,-0.01636,-0.01811,0.03833,-0.99897,-1.1963,-0.6511,-0.2689,-0.242,0.169,-0.035,2,460
TRK,2324160,-0.01643,-0.01870,0.03826,-0.99896,-1.2017,-0.6473,-0.2697,-0.244,0.174,-0.037,2,460
TRK,2324178,-0.01648,-0.01906,0.03821,-0.99895,-1.2059,-0.6443,-0.2704,-0.243,0.177,-0.039,2,460
TRK,2324200,-0.01655,-0.01988,0.03805,-0.99894,-1.2113,-0.6403,-0.2713,-0.240,0.182,-0.042,2,460
TRK,2324218,-0.01658,-0.02061,0.03783,-0.99893,-1.2160,-0.6366,-0.2721,-0.235,0.186,-0.046,2,460
TRK,2324239,-0.01660,-0.02194,0.03748,-0.99892,-1.2206,-0.6329,-0.2731,-0.228,0.191,-0.052,2,460
TRK,2324259,-0.01368,-0.02354,0.03713,-0.99894,-1.2250,-0.6291,-0.2742,-0.220,0.196,-0.058,2,460
TRK,2324279,-0.01381,-0.02409,0.03700,-0.99893,-1.2293,-0.6252,-0.2754,-0.211,0.200,-0.065,2,460
TRK,2324300,-0.01382,-0.02485,0.03682,-0.99892,-1.2339,-0.6207,-0.2770,-0.200,0.205,-0.074,2,460
TRK,2324318,-0.01384,-0.02555,0.03666,-0.99891,-1.2372,-0.6171,-0.2783,-0.191,0.209,-0.080,2,460
STAT,403.8,400.8,2,4,0,0.2802,7.852,0.1420,0.1440,-0.0696,10.0876,3.00,0.000
TRK,2324340,-0.01390,-0.02632,0.03648,-0.99889,-1.2414,-0.6124,-0.2802,-0.180,0.215,-0.089,2,460
TRK,2324358,-0.01389,-0.02646,0.03645,-0.99889,-1.2444,-0.6086,-0.2818,-0.171,0.219,-0.096,2,460
TRK,2324378,-0.01382,-0.02591,0.03657,-0.99890,-1.2477,-0.6042,-0.2838,-0.161,0.223,-0.104,2,460
TRK,2324398,-0.01214,-0.02532,0.03676,-0.99893,-1.2508,-0.5998,-0.2859,-0.150,0.228,-0.112,2,460
TRK,2324420,-0.01116,-0.02508,0.03685,-0.99894,-1.2540,-0.5946,-0.2885,-0.138,0.233,-0.121,2,460
TRK,2324438,-0.01000,-0.02522,0.03683,-0.99895,-1.2566,-0.5899,-0.2910,-0.128,0.238,-0.128,2,460
TRK,2324460,-0.00924,-0.02558,0.03676,-0.99895,-1.2590,-0.5852,-0.2936,-0.117,0.243,-0.135,2,460
TRK,2324478,-0.00748,-0.02634,0.03663,-0.99895,-1.2613,-0.5803,-0.2964,-0.110,0.248,-0.143,2,460
TRK,2324500,-0.00701,-0.02630,0.03669,-0.99896,-1.2636,-0.5747,-0.2996,-0.097,0.253,-0.152,2,460
TRK,2324518,-0.00690,-0.02609,0.03674,-0.99896,-1.2652,-0.5703,-0.3023,-0.089,0.257,-0.158,2,460
TRK,2324538,-0.00688,-0.02596,0.03679,-0.99896,-1.2668,-0.5652,-0.3055,-0.079,0.262,-0.166,2,460
TRK,2324558,-0.00570,-0.02600,0.03684,-0.99897,-1.2683,-0.5600,-0.3089,-0.068,0.267,-0.173,2,460
TRK,2324578,-0.00567,-0.02599,0.03685,-0.99897,-1.2695,-0.5546,-0.3124,-0.058,0.272,-0.181,2,460
TRK,2324598,-0.00548,-0.02599,0.03690,-0.99897,-1.2706,-0.5492,-0.3161,-0.048,0.277,-0.189,2,460
TRK,2324618,-0.00547,-0.02601,0.03693,-0.99896,-1.2710,-0.5464,-0.3180,0.000,0.000,0.000,3,460
TRK,2324638,-0.00545,-0.02621,0.03693,-0.99896,-1.2710,-0.5464,-0.3180,0.000,0.000,0.000,3,460
TRK,2324660,-0.00528,-0.02395,0.03809,-0.99897,-1.2710,-0.5464,-0.3180,0.000,0.000,0.000,1,461
TRK,2324680,-0.00508,-0.01978,0.04017,-0.99898,-1.2710,-0.5464,-0.3180,0.000,0.000,0.000,1,461
TRK,2324700,-0.00490,-0.01624,0.04192,-0.99898,-1.2710,-0.5464,-0.3180,0.000,0.000,0.000,1,461
TRK,2324718,-0.00475,-0.01329,0.04336,-0.99896,-1.2710,-0.5464,-0.3180,0.000,0.000,0.000,1,461
TRK,2324740,-0.00460,-0.01026,0.04469,-0.99894,-1.2710,-0.5464,-0.3180,0.000,0.000,0.000,1,461
TRK,2324760,-0.00450,-0.00816,0.04564,-0.99891,-1.2710,-0.5464,-0.3180,0.000,0.000,0.000,1,461
TRK,2324780,-0.00443,-0.00674,0.04630,-0.99890,-1.2710,-0.5464,-0.3180,0.000,0.000,0.000,1,461
TRK,2324800,-0.00438,-0.00584,0.04689,-0.99887,-1.2710,-0.5464,-0.3180,0.000,0.000,0.000,1,461
TRK,2324819,-0.00434,-0.00498,0.04740,-0.99885,-1.2710,-0.5464,-0.3180,0.000,0.000,0.000,1,461
TRK,2324838,-0.00429,-0.00389,0.04787,-0.99884,-1.2710,-0.5464,-0.3180,0.000,0.000,0.000,1,461
TRK,2324858,-0.00424,-0.00302,0.04824,-0.99882,-1.2710,-0.5464,-0.3180,0.000,0.000,0.000,1,461
TRK,2324880,-0.00420,-0.00220,0.04857,-0.99881,-1.2710,-0.5464,-0.3180,0.000,0.000,0.000,1,461
TRK,2324898,-0.00418,-0.00186,0.04876,-0.99880,-1.2710,-0.5464,-0.3180,0.000,0.000,0.000,1,461
TRK,2324918,-0.00417,-0.00151,0.04884,-0.99880,-1.2710,-0.5464,-0.3180,0.000,0.000,0.000,1,461
TRK,2324939,-0.00415,-0.00118,0.04893,-0.99879,-1.2710,-0.5464,-0.3180,0.000,0.000,0.000,1,461
TRK,2324960,-0.00413,-0.00084,0.04903,-0.99879,-1.2710,-0.5464,-0.3180,0.000,0.000,0.000,1,461
TRK,2324978,-0.00412,-0.00053,0.04909,-0.99879,-1.2710,-0.5464,-0.3180,0.000,0.000,0.000,1,461
TRK,2325000,-0.00411,-0.00027,0.04911,-0.99879,-1.2710,-0.5464,-0.3180,0.000,0.000,0.000,1,461
TRK,2325019,-0.00411,-0.00031,0.04910,-0.99879,-1.2710,-0.5464,-0.3180,0.000,0.000,0.000,1,461
TRK,2325037,-0.00411,-0.00028,0.04905,-0.99879,-1.2710,-0.5464,-0.3180,0.000,0.000,0.000,1,461
TRK,2325059,-0.00410,-0.00007,0.04904,-0.99879,-1.2710,-0.5464,-0.3180,0.000,0.000,0.000,1,461
TRK,2325077,-0.00406,0.00059,0.04914,-0.99878,-1.2710,-0.5464,-0.3180,0.000,0.000,0.000,1,461
TRK,2325099,-0.00400,0.00181,0.04943,-0.99877,-1.2710,-0.5464,-0.3180,0.000,0.000,0.000,1,461
TRK,2325118,-0.00391,0.00367,0.04993,-0.99874,-1.2710,-0.5464,-0.3180,0.000,0.000,0.000,1,461
TRK,2325138,0.00004,0.00727,0.05085,-0.99868,-1.2708,-0.5465,-0.3194,-0.012,-0.006,-0.005,2,461
TRK,2325158,0.00688,0.01276,0.05212,-0.99854,-1.2712,-0.5468,-0.3194,-0.020,-0.026,0.007,2,461
TRK,2325179,0.02078,0.02438,0.04730,-0.99837,-1.2718,-0.5475,-0.3189,-0.037,-0.033,0.032,2,461
TRK,2325200,0.03550,0.05109,0.05634,-0.99647,-1.2727,-0.5481,-0.3181,-0.039,-0.038,0.057,2,461
TRK,2325217,0.05095,0.07663,0.07578,-0.99287,-1.2734,-0.5488,-0.3168,-0.060,-0.034,0.102,2,461
TRK,2325238,0.06116,0.08760,0.08167,-0.99092,-1.2756,-0.5496,-0.3134,-0.129,-0.040,0.201,2,461
TRK,2325260,0.07102,0.08615,0.07715,-0.99075,-1.2786,-0.5504,-0.3081,-0.129,-0.035,0.272,2,461
TRK,2325278,0.07719,0.08363,0.06771,-0.99119,-1.2807,-0.5509,-0.3030,-0.116,-0.027,0.321,2,461
TRK,2325298,0.08602,0.08033,0.05433,-0.99156,-1.2831,-0.5514,-0.2961,-0.143,-0.022,0.370,2,461
TRK,2325318,0.08990,0.07374,0.03523,-0.99259,-1.2870,-0.5519,-0.2880,-0.258,-0.034,0.464,2,461
STAT,403.8,400.8,2,4,0,2.8248,88.038,0.1420,0.1440,-0.0696,9.7980,3.04,0.000
TRK,2325339,0.08325,0.06362,0.00548,-0.99448,-1.2937,-0.5528,-0.2765,-0.328,-0.041,0.559,2,461
TRK,2325358,0.07627,0.05411,-0.01805,-0.99545,-1.2996,-0.5535,-0.2664,-0.353,-0.036,0.598,2,461
TRK,2325378,0.06785,0.04618,-0.04162,-0.99576,-1.3069,-0.5541,-0.2542,-0.387,-0.025,0.629,2,461
TRK,2325398,0.05941,0.04041,-0.06335,-0.99540,-1.3148,-0.5545,-0.2416,-0.411,-0.018,0.640,2,461
TRK,2325419,0.05518,0.03168,-0.08516,-0.99433,-1.3243,-0.5548,-0.2273,-0.442,-0.010,0.642,2,461
TRK,2325439,0.05530,0.02205,-0.10273,-0.99293,-1.3333,-0.5549,-0.2147,-0.468,-0.001,0.632,2,461
TRK,2325459,0.05677,0.01165,-0.11932,-0.99116,-1.3429,-0.5548,-0.2024,-0.497,0.008,0.602,2,461
TRK,2325479,0.05758,0.00173,-0.13154,-0.98964,-1.3530,-0.5546,-0.1910,-0.531,0.013,0.555,2,461
TRK,2325499,0.05459,-0.00648,-0.14098,-0.98849,-1.3640,-0.5543,-0.1804,-0.571,0.016,0.520,2,461
TRK,2325518,0.04904,-0.01166,-0.14816,-0.98768,-1.3756,-0.5540,-0.1703,-0.610,0.019,0.496,2,461
TRK,2325538,0.04099,-0.01875,-0.15597,-0.98673,-1.3882,-0.5536,-0.1608,-0.654,0.025,0.469,2,461
TRK,2325559,0.03093,-0.02675,-0.16571,-0.98533,-1.4014,-0.5530,-0.1517,-0.686,0.030,0.441,2,461
TRK,2325580,0.02449,-0.03188,-0.17513,-0.98372,-1.4171,-0.5523,-0.1423,-0.726,0.034,0.406,2,461
TRK,2325598,0.01868,-0.03614,-0.18186,-0.98248,-1.4301,-0.5517,-0.1356,-0.766,0.038,0.375,2,461
TRK,2325617,0.01179,-0.04165,-0.18568,-0.98166,-1.4457,-0.5509,-0.1285,-0.810,0.044,0.335,2,461
TRK,2325637,0.00473,-0.04688,-0.18780,-0.98108,-1.4621,-0.5500,-0.1223,-0.850,0.049,0.287,2,461
TRK,2325659,-0.00656,-0.05010,-0.18842,-0.98079,-1.4815,-0.5488,-0.1165,-0.886,0.057,0.232,2,461
TRK,2325678,-0.01705,-0.05127,-0.18738,-0.98080,-1.4971,-0.5477,-0.1130,-0.915,0.065,0.179,2,461
TRK,2325700,-0.03182,-0.04971,-0.18577,-0.98082,-1.5178,-0.5462,-0.1099,-0.936,0.073,0.098,2,461
TRK,2325718,-0.04152,-0.04753,-0.18432,-0.98084,-1.5363,-0.5447,-0.1086,-0.930,0.073,0.032,2,461
TRK,2325739,-0.05194,-0.04385,-0.17875,-0.98154,-1.5546,-0.5432,-0.1087,-0.927,0.079,-0.040,2,461
TRK,2325759,-0.06052,-0.04016,-0.16939,-0.98287,-1.5729,-0.5416,-0.1101,-0.912,0.088,-0.110,2,461
TRK,2325779,-0.06917,-0.03425,-0.15698,-0.98458,-1.5908,-0.5397,-0.1129,-0.899,0.099,-0.166,2,461
TRK,2325799,-0.07872,-0.02671,-0.14378,-0.98611,-1.6084,-0.5377,-0.1166,-0.872,0.106,-0.201,2,461
TRK,2325819,-0.08470,-0.02038,-0.13271,-0.98732,-1.6252,-0.5356,-0.1207,-0.829,0.102,-0.215,2,461
TRK,2325839,-0.08864,-0.01474,-0.12294,-0.98834,-1.6414,-0.5335,-0.1251,-0.812,0.117,-0.231,2,461
TRK,2325859,-0.09437,-0.01019,-0.11150,-0.98922,-1.6594,-0.5306,-0.1303,-0.797,0.141,-0.231,2,461
TRK,2325879,-0.10137,-0.00387,-0.09936,-0.98987,-1.6749,-0.5277,-0.1348,-0.760,0.143,-0.215,2,461
TRK,2325898,-0.10634,0.00282,-0.08776,-0.99045,-1.6877,-0.5253,-0.1383,-0.726,0.136,-0.182,2,461
TRK,2325920,-0.10984,0.00741,-0.07920,-0.99076,-1.7038,-0.5223,-0.1416,-0.726,0.142,-0.121,2,461
TRK,2325938,-0.11426,0.01095,-0.07305,-0.99070,-1.7164,-0.5198,-0.1434,-0.722,0.143,-0.088,2,461
TRK,2325960,-0.11865,0.01413,-0.06879,-0.99045,-1.7324,-0.5166,-0.1451,-0.714,0.143,-0.065,2,461
TRK,2325978,-0.12214,0.01744,-0.06474,-0.99025,-1.7465,-0.5138,-0.1462,-0.710,0.136,-0.047,2,461
TRK,2326000,-0.12456,0.02107,-0.05946,-0.99020,-1.7606,-0.5112,-0.1469,-0.713,0.131,-0.030,2,461
TRK,2326019,-0.12755,0.02539,-0.05226,-0.99013,-1.7747,-0.5085,-0.1475,-0.710,0.134,-0.025,2,461
TRK,2326039,-0.13018,0.02940,-0.04316,-0.99011,-1.7886,-0.5060,-0.1478,-0.695,0.125,-0.012,2,461
TRK,2326059,-0.13113,0.03384,-0.03388,-0.99021,-1.8023,-0.5036,-0.1480,-0.686,0.114,-0.002,2,461
TRK,2326080,-0.13476,0.04484,-0.02723,-0.98949,-1.8176,-0.5011,-0.1478,-0.693,0.110,0.014,2,461
TRK,2326097,-0.14130,0.05835,-0.02636,-0.98789,-1.8298,-0.4992,-0.1475,-0.713,0.109,0.029,2,461
TRK,2326118,-0.14803,0.07780,-0.03187,-0.98540,-1.8442,-0.4969,-0.1467,-0.740,0.115,0.054,2,461
TRK,2326139,-0.15023,0.09095,-0.03082,-0.98398,-1.8606,-0.4946,-0.1451,-0.732,0.095,0.085,2,461
TRK,2326158,-0.15065,0.10600,-0.03065,-0.98241,-1.8733,-0.4931,-0.1434,-0.730,0.082,0.115,2,461
TRK,2326179,-0.15522,0.11538,-0.05591,-0.97952,-1.8899,-0.4914,-0.1395,-0.768,0.069,0.263,2,461
TRK,2326199,-0.16347,0.11444,-0.10027,-0.97475,-1.9051,-0.4900,-0.1341,-0.764,0.074,0.272,2,461
TRK,2326219,-0.16734,0.11226,-0.11003,-0.97329,-1.9203,-0.4885,-0.1286,-0.770,0.075,0.291,2,461
TRK,2326239,-0.16484,0.11337,-0.10980,-0.97361,-1.9357,-0.4870,-0.1228,-0.785,0.080,0.296,2,461
TRK,2326260,-0.16281,0.11487,-0.10882,-0.97389,-1.9533,-0.4852,-0.1161,-0.799,0.082,0.297,2,461
TRK,2326279,-0.16276,0.11490,-0.10948,-0.97382,-1.9673,-0.4838,-0.1110,-0.814,0.084,0.297,2,461
TRK,2326299,-0.16261,0.11191,-0.11292,-0.97380,-1.9835,-0.4821,-0.1051,-0.826,0.088,0.293,2,461
TRK,2326318,-0.16215,0.09998,-0.11737,-0.97465,-2.0000,-0.4803,-0.0994,-0.840,0.090,0.288,2,461
STAT,404.3,400.3,2,4,0,0.2895,29.952,0.1420,0.1440,-0.0696,9.7980,3.04,0.000
TRK,2326339,-0.15971,0.08418,-0.12116,-0.97608,-2.0169,-0.4785,-0.0936,-0.857,0.096,0.297,2,461
TRK,2326360,-0.15906,0.07815,-0.12743,-0.97589,-2.0362,-0.4763,-0.0868,-0.875,0.099,0.310,2,461
TRK,2326380,-0.15701,0.07404,-0.13952,-0.97488,-2.0536,-0.4743,-0.0807,-0.891,0.105,0.309,2,461
TRK,2326400,-0.15406,0.07264,-0.15373,-0.97332,-2.0715,-0.4721,-0.0745,-0.908,0.110,0.317,2,461
TRK,2326420,-0.15078,0.06894,-0.16323,-0.97256,-2.0896,-0.4699,-0.0682,-0.923,0.113,0.318,2,461
TRK,2326440,-0.14650,0.06079,-0.16539,-0.97339,-2.1080,-0.4677,-0.0619,-0.936,0.115,0.324,2,461
TRK,2326460,-0.14476,0.05720,-0.16770,-0.97347,-2.1267,-0.4653,-0.0553,-0.947,0.124,0.332,2,461
TRK,2326478,-0.14327,0.05779,-0.17510,-0.97235,-2.1456,-0.4628,-0.0487,-0.962,0.126,0.336,2,461
TRK,2326499,-0.14223,0.05591,-0.17692,-0.97229,-2.1647,-0.4603,-0.0421,-0.974,0.129,0.340,2,461
TRK,2326518,-0.14103,0.05605,-0.17539,-0.97273,-2.1842,-0.4577,-0.0352,-0.992,0.134,0.350,2,461
TRK,2326538,-0.13939,0.05767,-0.17465,-0.97301,-2.2039,-0.4550,-0.0283,-1.007,0.137,0.353,2,461
TRK,2326558,-0.13774,0.05929,-0.17425,-0.97322,-2.2240,-0.4523,-0.0212,-1.019,0.142,0.356,2,461
TRK,2326578,-0.13564,0.05892,-0.17235,-0.97387,-2.2443,-0.4494,-0.0142,-1.027,0.151,0.358,2,461
TRK,2326598,-0.13539,0.05841,-0.16881,-0.97456,-2.2647,-0.4463,-0.0071,-1.035,0.170,0.345,2,461
TRK,2326618,-0.13871,0.06938,-0.14048,-0.97786,-2.2853,-0.4430,-0.0008,-1.060,0.153,0.360,2,461
TRK,2326638,-0.13381,0.07380,-0.13552,-0.97892,-2.3063,-0.4398,0.0065,-1.056,0.164,0.343,2,461
TRK,2326658,-0.11530,0.09585,-0.08871,-0.98471,-2.3269,-0.4369,0.0123,-1.043,0.146,0.303,2,461
TRK,2326679,-0.10651,0.09934,-0.05502,-0.98781,-2.3510,-0.4331,0.0199,-1.105,0.182,0.366,2,461
TRK,2326700,-0.10338,0.10090,-0.04367,-0.98855,-2.3730,-0.4295,0.0272,-1.112,0.188,0.370,2,461
TRK,2326720,-0.10053,0.09870,-0.03000,-0.98957,-2.3951,-0.4256,0.0345,-1.126,0.209,0.357,2,461
TRK,2326737,-0.10163,0.09304,-0.01070,-0.99040,-2.4147,-0.4218,0.0406,-1.143,0.230,0.353,2,461
TRK,2326758,-0.10468,0.08340,0.01085,-0.99094,-2.4404,-0.4166,0.0485,-1.158,0.236,0.362,2,461
TRK,2326780,-0.10691,0.07820,0.01722,-0.99104,-2.4664,-0.4117,0.0572,-1.168,0.204,0.396,2,461
TRK,2326798,-0.10652,0.07747,0.01762,-0.99113,-2.4867,-0.4083,0.0639,-1.177,0.190,0.388,2,461
TRK,2326818,-0.10667,0.07632,0.01784,-0.99120,-2.5099,-0.4046,0.0715,-1.176,0.182,0.376,2,461
TRK,2326838,-0.10767,0.07427,0.01842,-0.99124,-2.5332,-0.4010,0.0789,-1.171,0.185,0.368,2,461
TRK,2326859,-0.10846,0.07003,0.02080,-0.99141,-2.5591,-0.3969,0.0870,-1.162,0.184,0.362,2,461
TRK,2326878,-0.10855,0.06696,0.02263,-0.99158,-2.5792,-0.3937,0.0932,-1.159,0.185,0.358,2,461
TRK,2326898,-0.10856,0.06484,0.02379,-0.99169,-2.6022,-0.3901,0.1003,-1.154,0.185,0.352,2,461
TRK,2326920,-0.10858,0.06240,0.02525,-0.99181,-2.6278,-0.3859,0.1080,-1.148,0.184,0.344,2,461
TRK,2326939,-0.10870,0.05989,0.02685,-0.99191,-2.6505,-0.3823,0.1147,-1.144,0.185,0.337,2,461
TRK,2326959,-0.10878,0.05756,0.02831,-0.99199,-2.6731,-0.3786,0.1214,-1.139,0.185,0.331,2,461
TRK,2326979,-0.10886,0.05536,0.02966,-0.99207,-2.6956,-0.3750,0.1278,-1.134,0.185,0.324,2,461
TRK,2326999,-0.10895,0.05349,0.03075,-0.99213,-2.7180,-0.3713,0.1342,-1.130,0.185,0.318,2,461
TRK,2327019,-0.10911,0.05045,0.03263,-0.99221,-2.7403,-0.3677,0.1404,-1.125,0.184,0.311,2,461
TRK,2327039,-0.10931,0.04633,0.03531,-0.99230,-2.7626,-0.3640,0.1465,-1.121,0.184,0.305,2,461
TRK,2327059,-0.10949,0.04235,0.03775,-0.99237,-2.7848,-0.3604,0.1525,-1.118,0.185,0.299,2,461
TRK,2327080,-0.10958,0.03945,0.03940,-0.99241,-2.8096,-0.3562,0.1591,-1.114,0.185,0.293,2,461
TRK,2327100,-0.10971,0.03738,0.04052,-0.99243,-2.8316,-0.3526,0.1649,-1.110,0.186,0.287,2,461
TRK,2327118,-0.10975,0.03611,0.04121,-0.99245,-2.8508,-0.3494,0.1698,-1.107,0.186,0.282,2,461
TRK,2327137,-0.10979,0.03536,0.04165,-0.99245,-2.8727,-0.3457,0.1753,-1.104,0.186,0.276,2,461
TRK,2327157,-0.10982,0.03511,0.04178,-0.99245,-2.8946,-0.3420,0.1807,-1.100,0.186,0.269,2,461
TRK,2327177,-0.10980,0.03513,0.04175,-0.99245,-2.9163,-0.3383,0.1860,-1.097,0.186,0.264,2,461
TRK,2327197,-0.10981,0.03551,0.04153,-0.99245,-2.9380,-0.3346,0.1911,-1.094,0.187,0.258,2,461
TRK,2327220,-0.10984,0.03595,0.04124,-0.99244,-2.9623,-0.3304,0.1968,-1.090,0.187,0.251,2,461
TRK,2327239,-0.10982,0.03603,0.04114,-0.99245,-2.9839,-0.3267,0.2017,-1.087,0.187,0.244,2,461
TRK,2327260,-0.10981,0.03563,0.04129,-0.99246,-3.0080,-0.3226,0.2071,-1.083,0.187,0.238,2,461
TRK,2327280,-0.10981,0.03516,0.04149,-0.99246,-3.0294,-0.3189,0.2117,-1.079,0.187,0.233,2,461
TRK,2327300,-0.10982,0.03484,0.04165,-0.99247,-3.0507,-0.3152,0.2163,-1.076,0.188,0.227,2,461
TRK,2327320,-0.10982,0.03454,0.04180,-0.99247,-3.0719,-0.3114,0.2207,-1.072,0.188,0.222,2,461
STAT,404.3,400.3,2,4,0,0.0338,2.120,0.1420,0.1440,-0.0696,9.7980,3.04,0.000
TRK,2327337,-0.10987,0.03431,0.04189,-0.99247,-3.0905,-0.3082,0.2245,-1.070,0.188,0.217,2,461
TRK,2327359,-0.10994,0.03414,0.04200,-0.99246,-3.1143,-0.3040,0.2293,-1.066,0.187,0.211,2,461
TRK,2327380,-0.10991,0.03401,0.04202,-0.99247,-3.1353,-0.3003,0.2334,-1.063,0.187,0.205,2,461
TRK,2327400,-0.10993,0.03380,0.04212,-0.99247,-3.1564,-0.2966,0.2374,-1.060,0.187,0.199,2,461
TRK,2327420,-0.10991,0.03359,0.04216,-0.99248,-3.1773,-0.2929,0.2413,-1.057,0.187,0.193,2,461
TRK,2327440,-0.10993,0.03321,0.04228,-0.99248,-3.1982,-0.2892,0.2451,-1.054,0.187,0.188,2,461
TRK,2327458,-0.10995,0.03290,0.04239,-0.99249,-3.2191,-0.2855,0.2487,-1.051,0.187,0.183,2,461
TRK,2327480,-0.10996,0.03253,0.04252,-0.99249,-3.2398,-0.2818,0.2523,-1.048,0.187,0.178,2,461
TRK,2327498,-0.10995,0.03241,0.04259,-0.99249,-3.2606,-0.2781,0.2558,-1.045,0.187,0.173,2,461
TRK,2327518,-0.10997,0.03236,0.04263,-0.99249,-3.2813,-0.2744,0.2591,-1.042,0.187,0.167,2,461
TRK,2327538,-0.10992,0.03231,0.04265,-0.99250,-3.3019,-0.2707,0.2624,-1.039,0.187,0.162,2,461
TRK,2327558,-0.10996,0.03210,0.04274,-0.99250,-3.3224,-0.2670,0.2655,-1.037,0.187,0.156,2,461
TRK,2327578,-0.10995,0.03175,0.04289,-0.99250,-3.3429,-0.2633,0.2686,-1.034,0.187,0.151,2,461
TRK,2327598,-0.10991,0.03255,0.04306,-0.99247,-1.9980,-0.5065,0.0741,0.000,0.000,0.000,1,462
TRK,2327618,-0.10987,0.03361,0.04316,-0.99244,-1.9980,-0.5065,0.0741,0.000,0.000,0.000,1,462
TRK,2327638,-0.10983,0.03457,0.04325,-0.99241,-1.9980,-0.5065,0.0741,0.000,0.000,0.000,1,462
TRK,2327658,-0.10979,0.03534,0.04334,-0.99238,-1.9980,-0.5065,0.0741,0.000,0.000,0.000,1,462
TRK,2327679,-0.10977,0.03591,0.04349,-0.99236,-1.9980,-0.5065,0.0741,0.000,0.000,0.000,1,462
TRK,2327699,-0.10976,0.03626,0.04357,-0.99234,-1.9980,-0.5065,0.0741,0.000,0.000,0.000,1,462
TRK,2327720,-0.10975,0.03648,0.04367,-0.99233,-1.9980,-0.5065,0.0741,0.000,0.000,0.000,1,462
TRK,2327738,-0.10975,0.03656,0.04379,-0.99232,-1.9980,-0.5065,0.0741,0.000,0.000,0.000,1,462
TRK,2327760,-0.10975,0.03666,0.04387,-0.99231,-1.9980,-0.5065,0.0741,0.000,0.000,0.000,1,462
TRK,2327780,-0.10974,0.03675,0.04394,-0.99231,-1.9980,-0.5065,0.0741,0.000,0.000,0.000,1,462
TRK,2327800,-0.10974,0.03690,0.04397,-0.99230,-1.9980,-0.5065,0.0741,0.000,0.000,0.000,1,462
TRK,2327819,-0.10973,0.03703,0.04398,-0.99230,-1.9980,-0.5065,0.0741,0.000,0.000,0.000,1,462
TRK,2327838,-0.10973,0.03703,0.04401,-0.99230,-1.9980,-0.5065,0.0741,0.000,0.000,0.000,1,462
TRK,2327858,-0.10974,0.03695,0.04406,-0.99230,-1.9980,-0.5065,0.0741,0.000,0.000,0.000,1,462
TRK,2327878,-0.10974,0.03688,0.04409,-0.99230,-1.9980,-0.5065,0.0741,0.000,0.000,0.000,1,462
TRK,2327898,-0.10974,0.03690,0.04407,-0.99230,-1.9980,-0.5065,0.0741,0.000,0.000,0.000,1,462
TRK,2327918,-0.10973,0.03700,0.04398,-0.99230,-1.9980,-0.5065,0.0741,0.000,0.000,0.000,1,462
TRK,2327940,-0.10973,0.03713,0.04391,-0.99230,-1.9980,-0.5065,0.0741,0.000,0.000,0.000,1,462
TRK,2327960,-0.10971,0.03734,0.04380,-0.99230,-1.9980,-0.5065,0.0741,0.000,0.000,0.000,1,462
TRK,2327978,-0.10970,0.03757,0.04372,-0.99229,-1.9980,-0.5065,0.0741,0.000,0.000,0.000,1,462
TRK,2327999,-0.10968,0.03794,0.04356,-0.99229,-1.9980,-0.5065,0.0741,0.000,0.000,0.000,1,462
TRK,2328019,-0.10969,0.03773,0.04378,-0.99228,-1.9980,-0.5065,0.0741,0.000,0.000,0.000,1,462
TRK,2328040,-0.10974,0.03717,0.04436,-0.99227,-1.9980,-0.5065,0.0741,0.000,0.000,0.000,1,462
TRK,2328059,-0.10974,0.03745,0.04479,-0.99224,-1.9980,-0.5065,0.0741,0.000,0.000,0.000,1,462
TRK,2328079,-0.11120,0.04736,0.04011,-0.99186,-1.9972,-0.5067,0.0738,0.074,-0.018,0.012,2,462
TRK,2328097,-0.11059,0.08251,0.01850,-0.99026,-1.9953,-0.5072,0.0743,0.106,-0.026,0.041,2,462
TRK,2328120,-0.10529,0.10288,0.00784,-0.98907,-1.9933,-0.5078,0.0763,0.076,-0.027,0.141,2,462
TRK,2328140,-0.09793,0.12223,0.00560,-0.98764,-1.9912,-0.5086,0.0795,0.146,-0.067,0.182,2,462
TRK,2328160,-0.08658,0.13545,0.00276,-0.98699,-1.9884,-0.5098,0.0842,0.134,-0.069,0.288,2,462
TRK,2328179,-0.07595,0.13579,-0.00101,-0.98782,-1.9856,-0.5114,0.0904,0.151,-0.094,0.330,2,462
TRK,2328200,-0.06036,0.13306,-0.00777,-0.98924,-1.9824,-0.5136,0.0971,0.167,-0.126,0.345,2,462
TRK,2328219,-0.04701,0.12786,-0.01544,-0.99056,-1.9790,-0.5165,0.1039,0.174,-0.159,0.337,2,462
TRK,2328239,-0.03354,0.11960,-0.02699,-0.99189,-1.9756,-0.5199,0.1103,0.167,-0.187,0.307,2,462
TRK,2328260,-0.02240,0.10784,-0.03475,-0.99331,-1.9724,-0.5239,0.1159,0.159,-0.213,0.260,2,462
TRK,2328280,-0.01541,0.09534,-0.03544,-0.99469,-1.9689,-0.5290,0.1212,0.159,-0.248,0.211,2,462
TRK,2328300,-0.00818,0.08326,-0.03280,-0.99595,-1.9657,-0.5342,0.1251,0.162,-0.284,0.185,2,462
TRK,2328317,-0.00188,0.07208,-0.02946,-0.99696,-1.9630,-0.5394,0.1281,0.149,-0.314,0.167,2,462
STAT,404.1,400.6,2,4,0,0.8040,91.284,0.1460,0.1262,-0.0701,9.6113,2.61,1.060
TRK,2328339,0.00693,0.05660,-0.02506,-0.99806,-1.9602,-0.5459,0.1312,0.130,-0.342,0.141,2,462
TRK,2328358,0.01561,0.04553,-0.01687,-0.99870,-1.9578,-0.5529,0.1336,0.116,-0.361,0.108,2,462
TRK,2328378,0.02724,0.02721,-0.00281,-0.99925,-1.9558,-0.5601,0.1356,0.076,-0.370,0.088,2,462
TRK,2328398,0.03675,0.00634,0.01122,-0.99924,-1.9549,-0.5675,0.1372,0.016,-0.376,0.074,2,462
TRK,2328418,0.04444,-0.01836,0.02925,-0.99842,-1.9548,-0.5751,0.1386,-0.001,-0.389,0.069,2,462
TRK,2328440,0.05494,-0.05013,0.05994,-0.99543,-1.9549,-0.5839,0.1400,-0.007,-0.393,0.046,2,462
TRK,2328460,0.06135,-0.07784,0.11382,-0.98855,-1.9554,-0.5915,0.1404,-0.065,-0.377,-0.047,2,462
TRK,2328477,0.01297,-0.13949,0.29404,-0.94547,-1.9584,-0.5968,0.1363,-0.273,-0.217,-0.330,2,462
TRK,2328498,-0.02568,-0.15158,0.36339,-0.91887,-1.9622,-0.6027,0.1278,-0.166,-0.285,-0.607,2,462
TRK,2328519,-0.00781,-0.10738,0.51969,-0.84754,-1.9691,-0.6086,0.1151,-0.431,-0.318,-0.687,2,462
TRK,2328539,0.03407,-0.03856,0.58972,-0.80597,-1.9737,-0.6170,0.0990,-0.094,-0.546,-0.910,2,462
TRK,2328560,0.06976,-0.08519,0.66059,-0.74263,-1.9728,-0.6288,0.0812,0.323,-0.465,-0.720,2,462
TRK,2328580,0.15479,-0.06945,0.61239,-0.77214,-1.9647,-0.6434,0.0674,0.336,-0.817,-0.643,2,462
TRK,2328600,0.18777,-0.11741,0.62672,-0.74711,-1.9599,-0.6547,0.0521,0.209,-0.478,-0.854,2,462
TRK,2328620,0.20987,-0.15778,0.65117,-0.71207,-1.9554,-0.6653,0.0358,0.219,-0.522,-0.740,2,462
TRK,2328638,0.20279,-0.12596,0.63924,-0.73102,-1.9534,-0.6707,0.0231,-0.038,-0.227,-0.761,2,462
TRK,2328660,0.17947,-0.14805,0.67950,-0.69581,-1.9544,-0.6775,0.0063,0.016,-0.289,-0.745,2,462
TRK,2328680,0.18197,-0.15268,0.69802,-0.67553,-1.9541,-0.6845,-0.0083,-0.002,-0.384,-0.730,2,462
TRK,2328700,0.18270,-0.15570,0.70980,-0.66224,-1.9543,-0.6921,-0.0228,-0.017,-0.390,-0.732,2,462
TRK,2328719,0.18283,-0.15578,0.72157,-0.64934,-1.9550,-0.6990,-0.0372,-0.053,-0.340,-0.721,2,462
TRK,2328739,0.18686,-0.15736,0.72222,-0.64708,-1.9561,-0.7062,-0.0514,-0.067,-0.370,-0.715,2,462
TRK,2328759,0.18405,-0.15669,0.72194,-0.64837,-1.9578,-0.7137,-0.0656,-0.104,-0.393,-0.719,2,462
TRK,2328779,0.18041,-0.15939,0.72294,-0.64762,-1.9598,-0.7215,-0.0797,-0.096,-0.395,-0.706,2,462
TRK,2328799,0.18105,-0.15749,0.72033,-0.65080,-1.9619,-0.7294,-0.0936,-0.118,-0.404,-0.701,2,462
TRK,2328820,0.18201,-0.15768,0.72303,-0.64749,-1.9647,-0.7386,-0.1092,-0.132,-0.415,-0.699,2,462
TRK,2328840,0.18110,-0.16010,0.72831,-0.64120,-1.9675,-0.7469,-0.1230,-0.151,-0.421,-0.693,2,462
TRK,2328858,0.18121,-0.16018,0.72985,-0.63939,-1.9703,-0.7542,-0.1349,-0.170,-0.423,-0.687,2,462
TRK,2328877,0.18263,-0.15861,0.72813,-0.64134,-1.9738,-0.7626,-0.1485,-0.188,-0.429,-0.684,2,462
TRK,2328900,0.18294,-0.15893,0.72789,-0.64145,-1.9783,-0.7723,-0.1637,-0.211,-0.440,-0.682,2,462
TRK,2328919,0.18208,-0.16055,0.73018,-0.63868,-1.9825,-0.7810,-0.1771,-0.223,-0.446,-0.676,2,462
TRK,2328940,0.18208,-0.16068,0.73083,-0.63790,-1.9871,-0.7899,-0.1905,-0.243,-0.450,-0.670,2,462
TRK,2328958,0.18272,-0.15980,0.72945,-0.63951,-1.9921,-0.7989,-0.2037,-0.259,-0.457,-0.666,2,462
TRK,2328980,0.18271,-0.15979,0.72880,-0.64027,-1.9974,-0.8080,-0.2169,-0.275,-0.465,-0.663,2,462
TRK,2328998,0.18209,-0.16059,0.72940,-0.63956,-2.0031,-0.8173,-0.2300,-0.293,-0.471,-0.658,2,462
TRK,2329020,0.18192,-0.16078,0.72912,-0.63987,-2.0098,-0.8279,-0.2446,-0.315,-0.477,-0.652,2,462
TRK,2329038,0.18217,-0.16027,0.72767,-0.64158,-2.0154,-0.8362,-0.2558,-0.330,-0.483,-0.648,2,462
TRK,2329058,0.18211,-0.16019,0.72682,-0.64258,-2.0221,-0.8458,-0.2686,-0.347,-0.490,-0.644,2,462
TRK,2329078,0.18176,-0.16064,0.72700,-0.64236,-2.0292,-0.8556,-0.2813,-0.364,-0.497,-0.639,2,462
TRK,2329098,0.18169,-0.16074,0.72689,-0.64249,-2.0366,-0.8655,-0.2939,-0.382,-0.503,-0.634,2,462
TRK,2329120,0.18196,-0.16055,0.72629,-0.64313,-2.0453,-0.8767,-0.3080,-0.401,-0.510,-0.630,2,462
TRK,2329140,0.18132,-0.16443,0.71961,-0.64981,-2.0533,-0.8867,-0.3203,-0.407,-0.487,-0.613,2,462
TRK,2329158,0.17819,-0.15635,0.70609,-0.66726,-2.0605,-0.8947,-0.3309,-0.430,-0.453,-0.617,2,462
TRK,2329178,0.17339,-0.14617,0.69536,-0.68194,-2.0695,-0.9040,-0.3432,-0.472,-0.462,-0.616,2,462
TRK,2329199,0.16555,-0.14047,0.69560,-0.68484,-2.0801,-0.9146,-0.3568,-0.478,-0.490,-0.609,2,462
TRK,2329220,0.16253,-0.13743,0.69231,-0.68950,-2.0897,-0.9246,-0.3688,-0.495,-0.517,-0.604,2,462
TRK,2329238,0.16120,-0.13636,0.69272,-0.68961,-2.0997,-0.9347,-0.3807,-0.512,-0.517,-0.598,2,462
TRK,2329260,0.16292,-0.13155,0.68697,-0.69586,-2.1113,-0.9468,-0.3940,-0.534,-0.551,-0.595,2,462
TRK,2329280,0.15851,-0.13347,0.69434,-0.68917,-2.1221,-0.9576,-0.4057,-0.549,-0.564,-0.587,2,462
TRK,2329300,0.16034,-0.13334,0.69302,-0.69010,-2.1332,-0.9689,-0.4173,-0.567,-0.571,-0.582,2,462
TRK,2329320,0.16011,-0.13274,0.69200,-0.69129,-2.1446,-0.9804,-0.4288,-0.585,-0.584,-0.579,2,462
STAT,404.1,400.6,2,4,0,1.5412,35.804,0.1460,0.1262,-0.0701,9.6113,2.61,1.060
TRK,2329339,0.16003,-0.13326,0.69267,-0.69053,-2.1548,-0.9905,-0.4388,-0.598,-0.590,-0.572,2,462
TRK,2329358,0.16128,-0.13669,0.69166,-0.69059,-2.1669,-1.0023,-0.4501,-0.618,-0.591,-0.568,2,462
TRK,2329378,0.16410,-0.13335,0.68942,-0.69282,-2.1794,-1.0140,-0.4613,-0.641,-0.596,-0.567,2,462
TRK,2329398,0.16502,-0.13186,0.69531,-0.68697,-2.1923,-1.0257,-0.4725,-0.658,-0.599,-0.559,2,462
TRK,2329419,0.16607,-0.13084,0.69414,-0.68809,-2.2071,-1.0392,-0.4849,-0.676,-0.611,-0.552,2,462
TRK,2329439,0.16525,-0.13070,0.69269,-0.68977,-2.2207,-1.0514,-0.4958,-0.693,-0.620,-0.547,2,462
TRK,2329459,0.16509,-0.13068,0.69115,-0.69136,-2.2346,-1.0638,-0.5066,-0.713,-0.629,-0.543,2,462
TRK,2329479,0.16503,-0.13068,0.69111,-0.69142,-2.2489,-1.0763,-0.5173,-0.730,-0.637,-0.538,2,462
TRK,2329499,0.16462,-0.13098,0.69172,-0.69084,-2.2636,-1.0890,-0.5279,-0.749,-0.644,-0.533,2,462
TRK,2329517,0.16437,-0.13062,0.69136,-0.69133,-2.2767,-1.1002,-0.5371,-0.766,-0.648,-0.529,2,462
TRK,2329538,0.16457,-0.12972,0.69024,-0.69257,-2.2940,-1.1147,-0.5488,-0.785,-0.656,-0.523,2,462
TRK,2329557,0.16465,-0.12971,0.68989,-0.69291,-2.3097,-1.1278,-0.5591,-0.803,-0.665,-0.518,2,462
TRK,2329579,0.16475,-0.13010,0.69045,-0.69225,-2.3257,-1.1410,-0.5693,-0.821,-0.671,-0.513,2,462
TRK,2329597,0.16495,-0.12991,0.69055,-0.69214,-2.3422,-1.1543,-0.5794,-0.841,-0.677,-0.508,2,462
TRK,2329620,0.16528,-0.12906,0.69006,-0.69271,-2.3611,-1.1695,-0.5907,-0.862,-0.684,-0.502,2,462
TRK,2329640,0.16521,-0.12879,0.68993,-0.69290,-2.3784,-1.1831,-0.6006,-0.880,-0.692,-0.497,2,462
TRK,2329659,0.16497,-0.12842,0.69023,-0.69273,-2.3960,-1.1969,-0.6104,-0.899,-0.698,-0.492,2,462
TRK,2329679,0.16482,-0.12788,0.69024,-0.69285,-2.4139,-1.2107,-0.6200,-0.916,-0.705,-0.486,2,462
TRK,2329699,0.16472,-0.12787,0.68968,-0.69344,-2.4322,-1.2248,-0.6296,-0.934,-0.712,-0.482,2,462
TRK,2329719,0.16481,-0.12831,0.68934,-0.69368,-2.4509,-1.2389,-0.6391,-0.951,-0.720,-0.477,2,462
TRK,2329739,0.16502,-0.12875,0.68954,-0.69334,-2.4699,-1.2532,-0.6485,-0.970,-0.727,-0.472,2,462
TRK,2329760,0.16471,-0.12892,0.68942,-0.69351,-2.4917,-1.2695,-0.6589,-0.992,-0.732,-0.465,2,462
TRK,2329780,0.16265,-0.12649,0.68826,-0.69559,-2.5116,-1.2840,-0.6681,-1.013,-0.736,-0.463,2,462
TRK,2329797,0.16148,-0.12123,0.68859,-0.69647,-2.5292,-1.2968,-0.6761,-1.028,-0.745,-0.460,2,462
TRK,2329819,0.16125,-0.12047,0.69167,-0.69360,-2.5497,-1.3117,-0.6851,-1.041,-0.755,-0.453,2,462
TRK,2329837,0.16062,-0.12072,0.69334,-0.69203,-2.5705,-1.3267,-0.6941,-1.061,-0.759,-0.446,2,462
TRK,2329859,0.16012,-0.11958,0.69076,-0.69492,-2.5944,-1.3437,-0.7039,-1.085,-0.764,-0.443,2,462
TRK,2329879,0.16003,-0.11858,0.68934,-0.69652,-2.6161,-1.3589,-0.7127,-1.099,-0.776,-0.439,2,462
TRK,2329899,0.15967,-0.12007,0.69094,-0.69476,-2.6380,-1.3744,-0.7213,-1.116,-0.785,-0.431,2,462
TRK,2329918,0.15917,-0.12165,0.69220,-0.69335,-2.6575,-1.3880,-0.7287,-1.137,-0.787,-0.428,2,462
TRK,2329937,0.16004,-0.11949,0.69056,-0.69515,-2.6803,-1.4036,-0.7372,-1.158,-0.792,-0.424,2,462
TRK,2329957,0.15990,-0.11879,0.68955,-0.69631,-2.7034,-1.4194,-0.7455,-1.173,-0.801,-0.419,2,462
TRK,2329980,0.15914,-0.11957,0.69058,-0.69533,-2.7297,-1.4374,-0.7548,-1.192,-0.811,-0.413,2,462
TRK,2329998,0.15922,-0.11949,0.69080,-0.69510,-2.7535,-1.4535,-0.7629,-1.210,-0.816,-0.409,2,462
TRK,2330018,0.15925,-0.11868,0.68999,-0.69603,-2.7776,-1.4697,-0.7710,-1.229,-0.824,-0.404,2,462
TRK,2330038,0.15908,-0.11876,0.69013,-0.69592,-2.8021,-1.4861,-0.7789,-1.245,-0.833,-0.398,2,462
TRK,2330058,0.15893,-0.11924,0.69138,-0.69463,-2.8270,-1.5027,-0.7868,-1.266,-0.840,-0.393,2,462
TRK,2330078,0.15858,-0.11899,0.69166,-0.69448,-2.8523,-1.5194,-0.7945,-1.287,-0.844,-0.389,2,462
TRK,2330098,0.15848,-0.11850,0.69087,-0.69537,-2.8780,-1.5362,-0.8022,-1.305,-0.851,-0.383,2,462
TRK,2330118,0.15841,-0.11872,0.69031,-0.69590,-2.9040,-1.5531,-0.8097,-1.323,-0.859,-0.378,2,462
TRK,2330140,0.15833,-0.11939,0.69049,-0.69563,-2.9337,-1.5724,-0.8181,-1.342,-0.868,-0.372,2,462
TRK,2330158,0.15854,-0.11987,0.69042,-0.69557,-2.9571,-1.5874,-0.8245,-1.358,-0.873,-0.368,2,462
TRK,2330180,0.15857,-0.12044,0.68972,-0.69616,-2.9876,-1.6070,-0.8326,-1.379,-0.880,-0.362,2,462
TRK,2330198,0.15856,-0.12046,0.68936,-0.69651,-3.0116,-1.6223,-0.8388,-1.396,-0.886,-0.358,2,462
TRK,2330219,0.15861,-0.12027,0.68964,-0.69626,-3.0429,-1.6421,-0.8468,-1.417,-0.895,-0.354,2,462
TRK,2330239,0.15848,-0.12070,0.68980,-0.69606,-3.0711,-1.6599,-0.8537,-1.436,-0.902,-0.349,2,462
TRK,2330259,0.15854,-0.12085,0.68932,-0.69649,-3.0998,-1.6778,-0.8606,-1.455,-0.908,-0.343,2,462
TRK,2330279,0.15857,-0.12057,0.68867,-0.69717,-3.1287,-1.6959,-0.8673,-1.473,-0.915,-0.338,2,462
TRK,2330299,0.15835,-0.11989,0.68914,-0.69687,-3.1581,-1.7141,-0.8740,-1.491,-0.924,-0.334,2,462
TRK,2330319,0.15806,-0.11994,0.69045,-0.69564,-3.1878,-1.7325,-0.8805,-1.507,-0.931,-0.329,2,462
STAT,404.0,401.0,2,4,0,0.1303,6.353,0.1460,0.1262,-0.0701,9.6113,2.61,1.060
TRK,2330338,0.15782,-0.12028,0.69112,-0.69497,-3.2179,-1.7510,-0.8870,-1.527,-0.937,-0.324,2,462
TRK,2330359,0.15797,-0.12008,0.69040,-0.69568,-3.2521,-1.7719,-0.8941,-1.549,-0.944,-0.318,2,462
TRK,2330379,0.15814,-0.11987,0.68970,-0.69638,-3.2829,-1.7906,-0.9004,-1.568,-0.952,-0.314,2,462
TRK,2330400,0.15807,-0.12012,0.69002,-0.69603,-3.3140,-1.8095,-0.9065,-1.586,-0.959,-0.309,2,462
TRK,2330420,0.15796,-0.12041,0.69041,-0.69562,-3.3456,-1.8286,-0.9126,-1.604,-0.966,-0.304,2,462
TRK,2330438,0.15805,-0.12025,0.69003,-0.69600,-3.3736,-1.8454,-0.9178,-1.621,-0.971,-0.300,2,462
TRK,2330460,0.15820,-0.11952,0.68961,-0.69651,-3.4099,-1.8671,-0.9244,-1.640,-0.980,-0.294,2,462
TRK,2330478,0.15804,-0.11964,0.69028,-0.69586,-3.4426,-1.8866,-0.9302,-1.657,-0.989,-0.289,2,462
TRK,2330500,0.15803,-0.12013,0.69090,-0.69516,-3.4797,-1.9087,-0.9366,-1.680,-0.995,-0.283,2,462
TRK,2330519,0.15806,-0.12015,0.69036,-0.69569,-3.5089,-1.9260,-0.9414,-1.697,-1.000,-0.279,2,462
TRK,2330539,0.15825,-0.11981,0.68958,-0.69648,-3.5427,-1.9459,-0.9469,-1.716,-1.008,-0.273,2,462
TRK,2330559,0.15819,-0.11986,0.68985,-0.69621,-3.5770,-1.9660,-0.9523,-1.735,-1.016,-0.268,2,462
TRK,2330580,0.15810,-0.12003,0.69055,-0.69551,-3.6159,-1.9887,-0.9582,-1.755,-1.023,-0.262,2,462
TRK,2330597,0.15807,-0.11985,0.69053,-0.69557,-3.6464,-2.0065,-0.9627,-1.772,-1.029,-0.258,2,462
TRK,2330619,0.15804,-0.11943,0.69001,-0.69617,-3.6861,-2.0295,-0.9684,-1.791,-1.038,-0.252,2,462
TRK,2330640,0.15807,-0.11970,0.68998,-0.69614,-3.7217,-2.0501,-0.9733,-1.809,-1.045,-0.247,2,462
TRK,2330660,0.15807,-0.12010,0.69026,-0.69580,-3.7577,-2.0708,-0.9781,-1.829,-1.052,-0.242,2,462
TRK,2330680,0.15802,-0.12008,0.69029,-0.69578,-3.7941,-2.0917,-0.9829,-1.848,-1.058,-0.237,2,462
TRK,2330700,0.15808,-0.11988,0.69005,-0.69604,-3.8309,-2.1127,-0.9875,-1.868,-1.065,-0.231,2,462
TRK,2330718,0.15812,-0.11987,0.69000,-0.69608,-3.8681,-2.1339,-0.9921,-1.887,-1.073,-0.227,2,462
TRK,2330739,0.15808,-0.12004,0.69009,-0.69597,-3.9056,-2.1552,-0.9965,-1.905,-1.080,-0.222,2,462
TRK,2330760,0.15811,-0.12010,0.68999,-0.69605,-3.9483,-2.1794,-1.0014,-1.926,-1.088,-0.216,2,462
TRK,2330779,0.15815,-0.12009,0.68975,-0.69628,-3.9817,-2.1983,-1.0051,-1.942,-1.095,-0.212,2,462
TRK,2330799,0.15816,-0.12008,0.68971,-0.69632,-4.0204,-2.2201,-1.0093,-1.960,-1.103,-0.207,2,462
TRK,2330819,0.15637,-0.12195,0.68964,-0.69648,-1.1895,-0.6308,-0.7175,0.000,0.000,0.000,1,463
TRK,2330840,0.14969,-0.12880,0.68855,-0.69778,-1.1895,-0.6308,-0.7175,0.000,0.000,0.000,1,463
TRK,2330860,0.14479,-0.13380,0.68748,-0.69893,-1.1895,-0.6308,-0.7175,0.000,0.000,0.000,1,463
TRK,2330878,0.14132,-0.13735,0.68682,-0.69960,-1.1895,-0.6308,-0.7175,0.000,0.000,0.000,1,463
TRK,2330898,0.13786,-0.14088,0.68647,-0.69993,-1.1895,-0.6308,-0.7175,0.000,0.000,0.000,1,463
TRK,2330918,0.13485,-0.14393,0.68603,-0.70033,-1.1895,-0.6308,-0.7175,0.000,0.000,0.000,1,463
TRK,2330939,0.13249,-0.14631,0.68535,-0.70095,-1.1895,-0.6308,-0.7175,0.000,0.000,0.000,1,463
TRK,2330960,0.13080,-0.14803,0.68503,-0.70123,-1.1895,-0.6308,-0.7175,0.000,0.000,0.000,1,463
TRK,2330978,0.12930,-0.14956,0.68507,-0.70114,-1.1895,-0.6308,-0.7175,0.000,0.000,0.000,1,463
TRK,2331000,0.12793,-0.15095,0.68492,-0.70123,-1.1895,-0.6308,-0.7175,0.000,0.000,0.000,1,463
TRK,2331019,0.12707,-0.15180,0.68446,-0.70165,-1.1895,-0.6308,-0.7175,0.000,0.000,0.000,1,463
TRK,2331039,0.12619,-0.15269,0.68400,-0.70207,-1.1895,-0.6308,-0.7175,0.000,0.000,0.000,1,463
TRK,2331057,0.12539,-0.15350,0.68392,-0.70212,-1.1895,-0.6308,-0.7175,0.000,0.000,0.000,1,463
TRK,2331079,0.12500,-0.15390,0.68412,-0.70191,-1.1895,-0.6308,-0.7175,0.000,0.000,0.000,1,463
TRK,2331097,0.12445,-0.15446,0.68413,-0.70187,-1.1895,-0.6308,-0.7175,0.000,0.000,0.000,1,463
TRK,2331119,0.12415,-0.15476,0.68394,-0.70204,-1.1895,-0.6308,-0.7175,0.000,0.000,0.000,1,463
TRK,2331140,0.12391,-0.15500,0.68398,-0.70199,-1.1895,-0.6308,-0.7175,0.000,0.000,0.000,1,463
TRK,2331160,0.12364,-0.15529,0.68425,-0.70172,-1.1895,-0.6308,-0.7175,0.000,0.000,0.000,1,463
TRK,2331178,0.12352,-0.15542,0.68429,-0.70166,-1.1895,-0.6308,-0.7175,0.000,0.000,0.000,1,463
TRK,2331198,0.12333,-0.15560,0.68418,-0.70176,-1.1895,-0.6308,-0.7175,0.000,0.000,0.000,1,463
TRK,2331218,0.12320,-0.15574,0.68413,-0.70181,-1.1895,-0.6308,-0.7175,0.000,0.000,0.000,1,463
TRK,2331238,0.12306,-0.15588,0.68423,-0.70171,-1.1895,-0.6308,-0.7175,0.000,0.000,0.000,1,463
TRK,2331258,0.12294,-0.15600,0.68422,-0.70170,-1.1895,-0.6308,-0.7175,0.000,0.000,0.000,1,463
TRK,2331278,0.12277,-0.15616,0.68396,-0.70196,-1.1895,-0.6308,-0.7175,0.000,0.000,0.000,1,463
TRK,2331299,0.12279,-0.15613,0.68373,-0.70218,-1.1895,-0.6308,-0.7175,0.000,0.000,0.000,1,463
TRK,2331317,0.12282,-0.15610,0.68387,-0.70204,-1.1895,-0.6308,-0.7175,0.000,0.000,0.000,1,463
STAT,404.0,401.0,2,4,0,0.0477,1.821,0.1460,0.1262,-0.0701,9.8594,2.90,2.272
TRK,2331339,0.12270,-0.15624,0.68421,-0.70170,-1.1895,-0.6308,-0.7175,0.000,0.000,0.000,1,463
TRK,2331358,0.12256,-0.15639,0.68423,-0.70168,-1.1895,-0.6308,-0.7175,0.000,0.000,0.000,1,463
TRK,2331378,0.12241,-0.15652,0.68391,-0.70199,-1.1895,-0.6308,-0.7175,0.000,0.000,0.000,1,463
TRK,2331398,0.12239,-0.15653,0.68369,-0.70220,-1.1895,-0.6308,-0.7175,0.000,0.000,0.000,1,463
