TRK,207471,-0.14891,0.76245,0.20970,0.59374,0.6208,2.0515,-0.6956,0.000,0.000,0.000,3,1
STAT,404.8,400.8,0,0,0,2.3637,101.260,0.4774,0.8404,1.7612,9.8104,3.18,0.000
INIT,-0.1489057,0.7624500,0.2096969,0.5937375,0.0083316,0.0146674,0.0307389,0.62085,2.05148,-0.69560,9.81040,2,9.47971,-1.99265,-1.55195,0.000000,0.00000,0.00000,0.00000
A,207474431,9.6247,0.2658,-5.0422
G,207474443,0.735032,-1.602158,-0.547546
A,207476902,9.2943,0.2765,-5.6671
G,207476939,0.873517,-1.472195,-0.490022
A,207479380,9.0752,0.2909,-6.2704
G,207479440,0.962999,-1.307079,-0.418649
A,207481851,9.0106,0.3053,-6.7696
G,207481935,0.987500,-1.107875,-0.333428
A,207484314,9.1255,0.3232,-7.0820
G,207484421,0.957673,-0.894822,-0.254598
A,207486807,9.3302,0.3519,-7.1862
G,207486937,0.905475,-0.678573,-0.190682
A,207489279,9.5996,0.3807,-7.1575
G,207489432,0.864995,-0.469782,-0.149137
A,207491733,9.7683,0.4202,-7.0282
G,207491908,0.857538,-0.273773,-0.113983
A,207494210,9.9335,0.4453,-6.9025
G,207494406,0.882039,-0.089482,-0.076699
A,207496681,9.9192,0.4345,-6.7660
G,207496901,0.920388,0.089482,-0.026632
TRK,207492,-0.15153,0.76623,0.21899,0.58479,0.6208,2.0515,-0.6956,0.000,0.000,0.000,3,1
A,207499147,10.1239,0.3412,-6.6798
G,207499388,0.947020,0.267381,0.034088
A,207501635,10.3106,0.2514,-6.7696
G,207501894,0.949151,0.441019,0.074569
A,207504129,10.3645,0.2478,-6.9599
G,207504408,0.890561,0.602940,0.015979
A,207506600,10.7488,0.2622,-7.1790
G,207506903,0.702009,0.743555,-0.116114
A,207509068,10.5477,0.4345,-7.0964
G,207509390,0.348341,0.879908,-0.264186
A,207511540,10.3430,0.6428,-6.5577
G,207511906,-0.105461,1.016262,-0.353668
A,207513989,10.1095,0.8080,-5.4803
G,207514402,-0.501740,1.127050,-0.353668
A,207516469,9.5996,1.0127,-4.1946
G,207516898,-0.680704,1.187770,-0.276969
A,207518940,9.3194,1.1564,-3.1244
G,207519394,-0.560329,1.225054,-0.125701
TRK,207514,-0.15666,0.76128,0.22292,0.58841,0.6208,2.0515,-0.6956,0.000,0.000,0.000,3,1
A,207521421,8.9459,1.2605,-2.5426
G,207521890,-0.200270,1.258077,0.036219
A,207523892,8.6945,1.2857,-2.5929
G,207524386,0.216249,1.290035,0.199204
A,207526354,8.4647,1.2641,-3.0849
G,207526862,0.486826,1.314536,0.357929
A,207528826,8.3857,1.1815,-3.6667
G,207529369,0.511327,1.360343,0.504935
A,207531269,8.4396,1.0882,-4.0043
G,207531865,0.309992,1.428519,0.613592
A,207533744,8.5796,1.0235,-3.9073
G,207534352,-0.018109,1.490305,0.684965
A,207536215,8.7269,1.0020,-3.3794
G,207536857,-0.331297,1.523328,0.740359
A,207538659,8.9100,1.0127,-2.5857
G,207539353,-0.501740,1.535046,0.802144
TRK,207539,-0.16197,0.75234,0.21659,0.60071,0.6208,2.0515,-0.6956,0.000,0.000,0.000,3,1
A,207541145,9.1111,1.0127,-1.7921
G,207541850,-0.472977,1.532915,0.880974
A,207543617,9.3302,0.9876,-1.2462
G,207544346,-0.278034,1.519067,0.975782
A,207546084,9.4918,0.9194,-1.0918
G,207546823,-0.012783,1.494566,1.071656
A,207548556,9.4379,0.7829,-1.3072
G,207549331,0.200270,1.457282,1.157942
A,207551005,9.1937,0.6069,-1.7166
G,207551827,0.273773,1.412541,1.235707
A,207553484,8.7340,0.3663,-2.0758
G,207554315,0.188552,1.374191,1.308145
A,207555956,8.2528,0.1006,-2.2051
TRK,207551,-0.16751,0.74824,0.21000,0.60661,0.6208,2.0515,-0.6956,0.000,0.000,0.000,3,1
G,207556832,0.004261,1.357147,1.369930
A,207558416,7.6495,-0.1760,-2.0255
G,207559328,-0.181095,1.366734,1.405084
A,207560908,6.9456,-0.3519,-1.5909
G,207561826,-0.284426,1.425324,1.411475
A,207563379,6.6511,-0.5243,-0.8942
G,207564321,-0.273773,1.571265,1.473261
A,207565851,6.6834,-0.6680,-0.0934
G,207566799,-0.168312,1.751295,1.624528
A,207568323,7.2042,-0.7793,0.6572
G,207569308,0.020240,1.892975,1.809884
A,207570776,8.1774,-0.9625,1.2641
G,207571803,0.256729,1.930259,1.929194
A,207573261,9.1650,-1.1420,1.5838
G,207574291,0.479369,1.889779,1.968608
A,207575732,9.9623,-1.3539,1.6987
G,207576810,0.596548,1.774730,1.977131
A,207578197,10.5297,-1.6305,1.7274
G,207579305,0.566721,1.575526,1.960086
A,207580669,10.7524,-1.9501,1.7921
G,207581803,0.430367,1.327320,1.903627
A,207583115,10.6518,-2.2913,1.9070
G,207584299,0.262055,1.080178,1.822667
TRK,207583,-0.19069,0.73772,0.18692,0.62006,0.6208,2.0515,-0.6956,0.000,0.000,0.000,3,1
A,207585592,10.3430,-2.6217,2.0614
G,207586777,0.131028,0.869256,1.724663
A,207588064,9.9910,-2.9090,2.1620
G,207589273,0.052198,0.681769,1.596831
A,207590509,9.6822,-3.1352,2.1763
G,207591769,-0.001065,0.494283,1.442368
A,207592999,9.4487,-3.3040,2.1081
G,207594258,-0.070307,0.300405,1.284709
A,207595471,9.3302,-3.4081,1.9968
TRK,207591,-0.19491,0.73721,0.18227,0.62073,0.6208,2.0515,-0.6956,0.000,0.000,0.000,3,1
G,207596777,-0.177899,0.100135,1.147290
A,207597941,9.3338,-3.4836,1.9142
G,207599272,-0.304666,-0.095874,1.027980
A,207600412,9.4451,-3.5482,1.8783
G,207601763,-0.409062,-0.282295,0.926780
A,207602856,9.6031,-3.5877,1.8172
G,207604259,-0.455933,-0.454868,0.842624
A,207605336,9.7504,-3.6308,1.6987
G,207606736,-0.432497,-0.613592,0.766990
A,207607808,9.8904,-3.6631,1.4257
G,207609245,-0.357929,-0.755272,0.694552
A,207610271,9.8797,-3.6883,1.0235
G,207611741,-0.280165,-0.884169,0.621049
A,207612756,9.7863,-3.7098,0.5854
G,207614220,-0.233293,-0.988565,0.572047
A,207615227,9.7288,-3.8032,0.2227
G,207616716,-0.213053,-1.064199,0.567786
TRK,207610,-0.19741,0.74157,0.17448,0.61698,0.6208,2.0515,-0.6956,0.000,0.000,0.000,3,1
A,207617703,9.7396,-3.9504,-0.0790
G,207619186,-0.171508,-1.114267,0.593352
A,207620174,9.8043,-4.1372,-0.4166
G,207621676,-0.066046,-1.137702,0.576308
A,207622620,9.8904,-4.3203,-0.9158
G,207624172,0.078830,-1.138768,0.478304
A,207625108,9.8797,-4.4317,-1.6053
G,207626653,0.173638,-1.122789,0.329167
A,207627579,9.8222,-4.4712,-2.3415
G,207629164,0.131028,-1.108940,0.191748
A,207630047,9.8330,-4.4712,-2.9090
G,207631660,-0.042611,-1.097222,0.076699
A,207632533,9.9192,-4.4388,-3.1927
G,207634137,-0.259925,-1.076982,-0.029827
A,207635004,10.0197,-4.3814,-3.1963
G,207636639,-0.416518,-1.036502,-0.147006
A,207637464,10.0987,-4.2988,-3.0490
G,207639134,-0.449542,-0.967260,-0.254598
TRK,207634,-0.19698,0.75000,0.17356,0.60710,0.6208,2.0515,-0.6956,0.000,0.000,0.000,3,1
A,207639954,10.1203,-4.1875,-2.8802
G,207641616,-0.365386,-0.876713,-0.337689
A,207642426,10.1347,-4.0725,-2.8120
G,207644128,-0.210922,-0.770186,-0.383495
A,207644897,10.1490,-3.9756,-2.8659
G,207646623,-0.044741,-0.658333,-0.402670
A,207647368,10.1742,-3.9037,-3.0490
G,207649105,0.088417,-0.544350,-0.416518
A,207649810,10.1670,-3.8535,-3.3004
G,207651615,0.164051,-0.432497,-0.439954
A,207652282,10.1562,-3.8140,-3.5554
G,207654111,0.175769,-0.331297,-0.479369
A,207654777,10.1454,-3.7709,-3.7385
G,207656593,0.134223,-0.242880,-0.537959
A,207657248,10.1670,-3.7098,-3.8176
G,207659096,0.062851,-0.169377,-0.618919
A,207659713,10.2316,-3.6164,-3.7960
G,207661591,-0.014914,-0.109722,-0.722249
A,207662184,10.2927,-3.4836,-3.6990
TRK,207656,-0.19197,0.75397,0.17771,0.60258,0.6208,2.0515,-0.6956,0.000,0.000,0.000,3,1
G,207664084,-0.087352,-0.061785,-0.834102
A,207664641,10.3286,-3.3148,-3.5554
G,207666596,-0.152333,-0.020240,-0.940628
A,207667118,10.2999,-3.1173,-3.3722
G,207669092,-0.208792,0.018109,-1.024784
A,207669611,10.2137,-2.9054,-3.1424
G,207671570,-0.243946,0.054328,-1.080178
A,207672082,10.0844,-2.6935,-2.8874
G,207674083,-0.241815,0.095874,-1.113201
A,207674561,9.9192,-2.4888,-2.6504
G,207676579,-0.193878,0.143811,-1.131311
A,207677032,9.7396,-2.2913,-2.4780
TRK,207672,-0.18716,0.75320,0.18236,0.60366,0.6208,2.0515,-0.6956,0.000,0.000,0.000,3,1
G,207679072,-0.113983,0.197074,-1.140898
A,207679491,9.5600,-2.1081,-2.4026
G,207681586,-0.030893,0.252468,-1.146224
A,207681973,9.4200,-1.9285,-2.3990
G,207684082,0.022371,0.303600,-1.148355
A,207684444,9.3230,-1.7633,-2.4205
G,207686560,0.029827,0.349407,-1.147290
A,207686891,9.2871,-1.5945,-2.3954
G,207689074,-0.002131,0.385626,-1.146224
A,207689374,9.2979,-1.4150,-2.2841
G,207691569,-0.046872,0.413323,-1.148355
A,207691845,9.3302,-1.2390,-2.0865
G,207694062,-0.079895,0.432497,-1.152616
A,207694308,9.3697,-1.0523,-1.8387
G,207696558,-0.084156,0.442085,-1.153681
A,207696796,9.3913,-0.8655,-1.5909
G,207699025,-0.061785,0.443150,-1.144094
A,207699267,9.3913,-0.6823,-1.3827
TRK,207699,-0.17733,0.74788,0.19304,0.60989,0.6208,2.0515,-0.6956,0.000,0.000,0.000,3,1
G,207701529,-0.028762,0.431432,-1.122789
A,207701742,9.3733,-0.5028,-1.2282
G,207704024,-0.004261,0.407996,-1.086570
A,207704213,9.3338,-0.3376,-1.1241
G,207706508,0.004261,0.378169,-1.045024
A,207706668,9.2799,-0.1867,-1.0523
G,207709004,-0.001065,0.345146,-1.001348
A,207709140,9.2045,-0.0575,-0.9912
G,207711488,-0.010653,0.309992,-0.959803
A,207711597,9.1219,0.0611,-0.9445
G,207714003,-0.019175,0.276969,-0.918258
A,207714085,9.0357,0.1832,-0.8942
G,207716498,-0.024501,0.246076,-0.874582
A,207716556,8.9531,0.2981,-0.8404
G,207718972,-0.029827,0.215183,-0.824515
A,207719005,8.8921,0.4166,-0.7721
G,207721474,-0.034088,0.183225,-0.760599
A,207721481,8.8454,0.5315,-0.6967
TRK,207722,-0.17100,0.74372,0.20054,0.61434,0.6208,2.0515,-0.6956,0.000,0.000,0.000,3,1
A,207723971,8.8346,0.6321,-0.6213
G,207723988,-0.034088,0.148072,-0.691357
A,207726443,8.8382,0.7075,-0.5567
G,207726484,-0.024501,0.113983,-0.616788
A,207728894,8.8562,0.7793,-0.5207
G,207728959,-0.004261,0.077764,-0.546481
A,207731365,8.8921,0.8224,-0.5136
G,207731454,0.020240,0.039415,-0.472977
A,207733818,8.9316,0.8619,-0.5459
G,207733930,0.045806,-0.003196,-0.398409
A,207736301,8.9783,0.8763,-0.6105
G,207736435,0.063916,-0.049002,-0.322775
TRK,207734,-0.16883,0.74277,0.20311,0.61525,0.6208,2.0515,-0.6956,0.000,0.000,0.000,3,1
A,207738795,9.0178,0.8763,-0.6859
G,207738951,0.071373,-0.098004,-0.248207
A,207741266,9.0429,0.8619,-0.7685
G,207741446,0.068177,-0.145941,-0.173638
A,207743741,9.0537,0.8332,-0.8511
G,207743942,0.062851,-0.192813,-0.100135
A,207746212,9.0573,0.7973,-0.9266
G,207746437,0.059655,-0.236489,-0.029827
A,207748668,9.0465,0.7506,-1.0199
G,207748913,0.063916,-0.273773,0.037284
A,207751139,9.0393,0.6895,-1.1313
G,207751409,0.076699,-0.302535,0.109722
A,207753597,9.0357,0.6141,-1.2570
G,207753885,0.094809,-0.322775,0.185356
A,207756079,9.0465,0.5351,-1.3934
G,207756385,0.112918,-0.334493,0.259925
A,207758550,9.0824,0.4453,-1.5407
G,207758881,0.124636,-0.340885,0.335558
A,207761018,9.1291,0.3484,-1.6700
G,207761367,0.127832,-0.340885,0.404800
A,207763489,9.1866,0.2370,-1.8028
TRK,207758,-0.16867,0.74443,0.20441,0.61285,0.6208,2.0515,-0.6956,0.000,0.000,0.000,3,1
G,207763884,0.123571,-0.338754,0.467651
A,207765940,9.2440,0.1293,-1.9249
G,207766380,0.117179,-0.336624,0.520914
A,207768421,9.2979,0.0072,-2.0435
G,207768876,0.108657,-0.333428,0.564590
A,207770892,9.3553,-0.1113,-2.1548
G,207771392,0.102265,-0.325971,0.605070
A,207773343,9.4092,-0.2370,-2.2589
G,207773887,0.093743,-0.315318,0.643420
TRK,207774,-0.17104,0.74666,0.20251,0.61011,0.6208,2.0515,-0.6956,0.000,0.000,0.000,3,1
A,207775836,9.4595,-0.3699,-2.3559
G,207776394,0.085221,-0.301470,0.678573
A,207778307,9.5026,-0.4992,-2.4421
G,207778889,0.075634,-0.286556,0.710531
A,207780768,9.5385,-0.6357,-2.5211
G,207781363,0.070307,-0.264186,0.739293
A,207783239,9.5565,-0.7649,-2.5965
G,207783869,0.064981,-0.236489,0.764860
A,207785684,9.5672,-0.8942,-2.6683
G,207786365,0.060720,-0.206661,0.782969
A,207788170,9.5780,-1.0199,-2.7294
G,207788862,0.055394,-0.173638,0.795752
A,207790641,9.5924,-1.1492,-2.7761
G,207791377,0.049002,-0.137419,0.807470
A,207793097,9.6103,-1.2785,-2.8048
G,207793873,0.040480,-0.098004,0.817058
A,207795568,9.6426,-1.4114,-2.8156
TRK,207789,-0.17424,0.74884,0.19912,0.60765,0.6208,2.0515,-0.6956,0.000,0.000,0.000,3,1
G,207796380,0.030893,-0.057524,0.824515
A,207798017,9.6714,-1.5407,-2.8192
G,207798876,0.025566,-0.018109,0.823449
A,207800490,9.7001,-1.6628,-2.8156
G,207801357,0.022371,0.024501,0.818123
A,207802962,9.7288,-1.7741,-2.8048
G,207803873,0.019175,0.067112,0.808536
A,207805422,9.7612,-1.8890,-2.7940
G,207806369,0.010653,0.110787,0.796818
A,207807913,9.7899,-1.9932,-2.7617
G,207808866,0.001065,0.150202,0.779773
A,207810385,9.8222,-2.0973,-2.7222
G,207811361,-0.007457,0.188552,0.760599
A,207812855,9.8474,-2.1907,-2.6683
G,207813837,-0.012783,0.226901,0.738228
A,207815326,9.8581,-2.2805,-2.6109
G,207816333,-0.015979,0.267381,0.714792
TRK,207810,-0.17965,0.75044,0.19266,0.60617,0.6208,2.0515,-0.6956,0.000,0.000,0.000,3,1
A,207817800,9.8617,-2.3631,-2.5391
G,207818810,-0.023436,0.303600,0.687096
A,207820271,9.8653,-2.4385,-2.4565
G,207821318,-0.034088,0.335558,0.655138
A,207822725,9.8617,-2.4995,-2.3595
G,207823814,-0.044741,0.360059,0.619984
A,207825211,9.8653,-2.5534,-2.2482
G,207826302,-0.054328,0.380299,0.584830
A,207827682,9.8545,-2.6001,-2.1368
G,207828820,-0.059655,0.400539,0.547546
A,207830148,9.8509,-2.6396,-2.0255
G,207831316,-0.063916,0.418649,0.507066
A,207832620,9.8258,-2.6755,-1.9178
G,207833813,-0.067112,0.434628,0.464455
A,207835067,9.7935,-2.7114,-1.8064
G,207836309,-0.071373,0.444215,0.421845
TRK,207836,-0.18422,0.74930,0.18621,0.60822,0.6208,2.0515,-0.6956,0.000,0.000,0.000,3,1
A,207837566,9.5672,-2.7402,-1.6915
G,207838807,-0.068177,0.443150,0.382430
A,207840037,9.4523,-2.7653,-1.5371
G,207841303,-0.052198,0.469782,0.357929
A,207842509,9.3122,-2.8120,-1.3467
G,207843774,-0.026632,0.508131,0.353668
A,207844980,9.2692,-2.8264,-1.1492
G,207846280,0.011718,0.553937,0.345146
A,207847438,9.4236,-2.8515,-0.9625
G,207848776,0.053263,0.566721,0.315318
A,207849929,9.5924,-2.8551,-0.8332
G,207851264,0.085221,0.556068,0.259925
A,207852400,9.7683,-2.8228,-0.7434
G,207853783,0.083091,0.523045,0.199204
A,207854872,9.9335,-2.8012,-0.6464
G,207856279,0.038350,0.465521,0.140615
A,207857343,10.0018,-2.7617,-0.5171
TRK,207857,-0.18679,0.74675,0.18337,0.61143,0.6208,2.0515,-0.6956,0.000,0.000,0.000,3,1
G,207858798,-0.027697,0.393083,0.079895
A,207859816,9.9946,-2.7222,-0.3519
G,207861293,-0.090547,0.315318,0.018109
A,207862288,9.9264,-2.6791,-0.1724
G,207863782,-0.122505,0.237554,-0.040480
A,207864732,9.8258,-2.6288,-0.0180
G,207866277,-0.116114,0.161920,-0.094809
A,207867217,9.7540,-2.5821,0.0682
G,207868756,-0.079895,0.089482,-0.141680
A,207869689,9.7001,-2.5391,0.0539
G,207871265,-0.034088,0.015979,-0.185356
A,207872155,9.6822,-2.4960,-0.0539
G,207873761,-0.004261,-0.059655,-0.224771
A,207874626,9.6857,-2.4529,-0.2298
G,207876249,-0.005326,-0.133158,-0.263120
A,207877072,9.7001,-2.4098,-0.4166
G,207878745,-0.033023,-0.203465,-0.304666
TRK,207878,-0.18531,0.74604,0.18409,0.61254,0.6208,2.0515,-0.6956,0.000,0.000,0.000,3,1
A,207879571,9.7109,-2.3559,-0.5674
G,207881234,-0.073503,-0.267381,-0.346211
A,207882042,9.7001,-2.3020,-0.6895
G,207883730,-0.105461,-0.324906,-0.387756
A,207884521,9.6714,-2.2302,-0.7793
G,207886199,-0.112918,-0.376038,-0.421845
A,207886992,9.6498,-2.1727,-0.8763
G,207888700,-0.092678,-0.413323,-0.442085
A,207889453,9.6355,-2.1153,-0.9948
G,207891195,-0.051133,-0.438889,-0.449542
A,207891934,9.6355,-2.0830,-1.1600
G,207893666,-0.001065,-0.451672,-0.450607
A,207894405,9.6283,-2.0542,-1.3683
G,207896157,0.040480,-0.454868,-0.451672
A,207896857,9.5924,-2.0399,-1.6017
G,207898653,0.062851,-0.449542,-0.455933
A,207899340,9.5241,-2.0219,-1.8280
G,207901124,0.061785,-0.434628,-0.467651
A,207901811,9.4451,-1.9932,-2.0219
TRK,207897,-0.18140,0.74779,0.18793,0.61040,0.6208,2.0515,-0.6956,0.000,0.000,0.000,3,1
G,207903626,0.039415,-0.411192,-0.485761
A,207904275,9.3661,-1.9429,-2.1440
G,207906122,0.004261,-0.378169,-0.500674
A,207906746,9.3158,-1.8783,-2.2015
G,207908603,-0.027697,-0.340885,-0.509196
A,207909191,9.3266,-1.7992,-2.1979
G,207911116,-0.040480,-0.302535,-0.512392
A,207911667,9.3877,-1.7059,-2.1620
G,207913611,-0.030893,-0.266316,-0.512392
A,207914139,9.5026,-1.6089,-2.1261
TRK,207909,-0.17947,0.74852,0.19027,0.60935,0.6208,2.0515,-0.6956,0.000,0.000,0.000,3,1
G,207916103,-0.003196,-0.236489,-0.515588
A,207916596,9.6355,-1.5155,-2.1117
G,207918615,0.026632,-0.213053,-0.515588
A,207919074,9.7576,-1.4293,-2.1296
G,207921111,0.047937,-0.196009,-0.514523
A,207921545,9.8366,-1.3575,-2.1763
G,207923609,0.052198,-0.181095,-0.511327
A,207924010,9.8617,-1.3001,-2.2302
G,207926105,0.042611,-0.174703,-0.512392
A,207926481,9.8330,-1.2462,-2.2733
G,207928587,0.022371,-0.168312,-0.515588
A,207928931,9.7576,-1.1851,-2.3128
G,207931091,0.001065,-0.160855,-0.523045
A,207931405,9.6606,-1.1169,-2.3272
G,207933587,-0.021305,-0.147006,-0.528371
A,207933876,9.5457,-1.0415,-2.3379
TRK,207929,-0.17576,0.74887,0.19480,0.60856,0.6208,2.0515,-0.6956,0.000,0.000,0.000,3,1
G,207936079,-0.041545,-0.127832,-0.530502
A,207936338,9.4487,-0.9517,-2.3200
G,207938595,-0.056459,-0.104396,-0.520914
A,207938824,9.3661,-0.8583,-2.2805
G,207941091,-0.066046,-0.075634,-0.498544
A,207941295,9.3158,-0.7721,-2.2194
G,207943593,-0.061785,-0.045806,-0.464455
A,207943770,9.2907,-0.6931,-2.1404
G,207946089,-0.045806,-0.015979,-0.423975
A,207946241,9.3015,-0.6357,-2.0722
G,207948572,-0.014914,0.009587,-0.382430
A,207948696,9.3302,-0.5890,-2.0219
G,207951084,0.019175,0.029827,-0.346211
A,207951182,9.3697,-0.5567,-2.0004
G,207953580,0.047937,0.043676,-0.317449
A,207953653,9.4128,-0.5243,-2.0111
G,207956059,0.060720,0.055394,-0.290817
A,207956106,9.4487,-0.4884,-2.0291
TRK,207956,-0.17141,0.74819,0.19957,0.60909,0.6208,2.0515,-0.6956,0.000,0.000,0.000,3,1
G,207958562,0.053263,0.063916,-0.263120
A,207958584,9.4703,-0.4633,-2.0399
A,207961072,9.4739,-0.4345,-2.0327
G,207961075,0.027697,0.067112,-0.235423
A,207963544,9.4631,-0.4130,-1.9932
G,207963570,-0.004261,0.067112,-0.211988
A,207966022,9.4344,-0.3843,-1.9357
G,207966072,-0.030893,0.067112,-0.188552
A,207968493,9.3948,-0.3591,-1.8639
G,207968568,-0.043676,0.070307,-0.161920
A,207970943,9.3553,-0.3412,-1.8028
G,207971041,-0.039415,0.073503,-0.131028
A,207973424,9.3194,-0.3340,-1.7561
G,207973545,-0.024501,0.076699,-0.096939
A,207975916,9.2979,-0.3376,-1.7310
G,207976058,-0.008522,0.082025,-0.058590
A,207978387,9.2871,-0.3555,-1.7131
G,207978554,0.004261,0.091613,-0.015979
A,207980859,9.2907,-0.3735,-1.7023
G,207981047,0.013848,0.100135,0.026632
A,207983330,9.3051,-0.3950,-1.6807
G,207983542,0.019175,0.107592,0.069242
TRK,207978,-0.17016,0.74741,0.20089,0.60997,0.6208,2.0515,-0.6956,0.000,0.000,0.000,3,1
A,207985783,9.3266,-0.4238,-1.6592
G,207986016,0.022371,0.108657,0.106526
A,207988263,9.3482,-0.4561,-1.6305
G,207988515,0.023436,0.106526,0.139550
A,207990734,9.3733,-0.4920,-1.6125
G,207991011,0.023436,0.101200,0.166181
A,207993200,9.3913,-0.5243,-1.5945
G,207993495,0.022371,0.093743,0.189617
TRK,207994,-0.17075,0.74712,0.20035,0.61034,0.6208,2.0515,-0.6956,0.000,0.000,0.000,3,1
A,207995696,9.4056,-0.5495,-1.5802
G,207996009,0.021305,0.084156,0.215183
A,207998167,9.4020,-0.5782,-1.5730
G,207998505,0.022371,0.074569,0.243946
A,208000624,9.3913,-0.6177,-1.5658
G,208000979,0.025566,0.066046,0.272708
A,208003111,9.3841,-0.6644,-1.5766
G,208003484,0.029827,0.056459,0.298274
A,208005583,9.3877,-0.7254,-1.5909
G,208005980,0.036219,0.050067,0.321710
A,208008051,9.4020,-0.7973,-1.6125
G,208008465,0.043676,0.045806,0.344080
A,208010523,9.4200,-0.8799,-1.6448
G,208010960,0.050067,0.044741,0.366451
A,208012992,9.4415,-0.9589,-1.6628
G,208013445,0.052198,0.043676,0.385626
A,208015463,9.4631,-1.0307,-1.6915
G,208015961,0.050067,0.044741,0.401605
A,208017914,9.4846,-1.1061,-1.7023
G,208018456,0.044741,0.043676,0.411192
TRK,208018,-0.17338,0.74748,0.19773,0.61001,0.6208,2.0515,-0.6956,0.000,0.000,0.000,3,1
A,208020395,9.5170,-1.1779,-1.7202
G,208020951,0.039415,0.042611,0.418649
A,208022867,9.5457,-1.2570,-1.7310
G,208023463,0.034088,0.041545,0.423975
A,208025316,9.5780,-1.3324,-1.7490
G,208025959,0.031958,0.040480,0.430367
A,208027809,9.6031,-1.4078,-1.7597
G,208028464,0.029827,0.037284,0.433563
A,208030281,9.6247,-1.4760,-1.7777
G,208030960,0.025566,0.036219,0.434628
A,208032775,9.6355,-1.5479,-1.7849
G,208033465,0.020240,0.035154,0.435693
A,208035246,9.6426,-1.6161,-1.7921
G,208035960,0.012783,0.036219,0.429302
A,208037711,9.6391,-1.6843,-1.7849
G,208038435,0.007457,0.040480,0.420779
A,208040182,9.6355,-1.7490,-1.7849
TRK,208039,-0.17597,0.74809,0.19482,0.60946,0.6208,2.0515,-0.6956,0.000,0.000,0.000,3,1
G,208040951,0.001065,0.046872,0.409062
A,208042638,9.6283,-1.8064,-1.7849
G,208043446,-0.002131,0.055394,0.400539
A,208045112,9.6283,-1.8639,-1.7921
G,208045928,-0.003196,0.063916,0.390952
A,208047584,9.6283,-1.9142,-1.7992
G,208048424,-0.001065,0.070307,0.377104
A,208050045,9.6426,-1.9680,-1.8028
G,208050893,0.001065,0.072438,0.362190
A,208052516,9.6678,-2.0147,-1.7957
G,208053389,0.004261,0.074569,0.345146
A,208054986,9.6929,-2.0614,-1.7813
G,208055865,0.005326,0.077764,0.328101
A,208057478,9.7181,-2.0937,-1.7705
G,208058364,0.004261,0.079895,0.306796
A,208059950,9.7288,-2.1261,-1.7526
G,208060860,0.001065,0.080960,0.284426
A,208062419,9.7360,-2.1584,-1.7382
G,208063335,-0.004261,0.085221,0.262055
TRK,208059,-0.17825,0.74843,0.19194,0.60929,0.6208,2.0515,-0.6956,0.000,0.000,0.000,3,1
A,208064910,9.7288,-2.1907,-1.7202
G,208065833,-0.009587,0.088417,0.238619
A,208067382,9.7145,-2.2194,-1.7023
G,208068329,-0.013848,0.089482,0.214118
A,208069854,9.6822,-2.2374,-1.6843
G,208070806,-0.015979,0.090547,0.190682
A,208072325,9.6426,-2.2589,-1.6556
G,208073302,-0.015979,0.093743,0.169377
A,208074799,9.6139,-2.2697,-1.6017
G,208075780,-0.014914,0.099070,0.148072
A,208077270,9.6031,-2.2769,-1.5371
TRK,208076,-0.17903,0.74836,0.19078,0.60952,0.6208,2.0515,-0.6956,0.000,0.000,0.000,3,1
G,208078289,-0.010653,0.102265,0.125701
A,208079725,9.6283,-2.2805,-1.4724
G,208080785,-0.002131,0.105461,0.104396
A,208082201,9.6642,-2.2733,-1.4329
G,208083264,0.011718,0.105461,0.078830
A,208084672,9.7145,-2.2661,-1.4222
G,208085778,0.019175,0.103331,0.049002
A,208087134,9.7468,-2.2482,-1.4329
G,208088274,0.010653,0.090547,0.013848
A,208089631,9.7648,-2.2230,-1.4293
G,208090772,-0.014914,0.073503,-0.021305
A,208092102,9.7576,-2.1907,-1.4006
G,208093268,-0.049002,0.051133,-0.056459
A,208094573,9.7360,-2.1548,-1.3360
G,208095740,-0.073503,0.029827,-0.086286
A,208097044,9.7073,-2.1081,-1.2570
TRK,208096,-0.17897,0.74798,0.19056,0.61007,0.6208,2.0515,-0.6956,0.000,0.000,0.000,3,1
G,208098249,-0.077764,0.014914,-0.110787
A,208099503,9.6786,-2.0722,-1.1887
G,208100745,-0.059655,0.003196,-0.128897
A,208101993,9.6570,-2.0363,-1.1600
G,208103234,-0.028762,-0.008522,-0.143811
A,208104464,9.6498,-2.0183,-1.1779
G,208105746,0.001065,-0.023436,-0.156594
A,208106927,9.6534,-2.0075,-1.2318
G,208108242,0.020240,-0.041545,-0.168312
A,208109399,9.6606,-1.9932,-1.3108
G,208110741,0.022371,-0.060720,-0.182160
A,208111850,9.6606,-1.9752,-1.3898
G,208113262,0.009587,-0.077764,-0.201335
A,208114324,9.6498,-1.9501,-1.4653
G,208115757,-0.011718,-0.091613,-0.225836
A,208116796,9.6283,-1.9106,-1.5263
TRK,208111,-0.17794,0.74791,0.19147,0.61016,0.6208,2.0515,-0.6956,0.000,0.000,0.000,3,1
G,208118266,-0.034088,-0.101200,-0.250337
A,208119259,9.6067,-1.8603,-1.5694
G,208120762,-0.049002,-0.107592,-0.269512
A,208121754,9.5888,-1.8028,-1.5909
G,208123251,-0.054328,-0.110787,-0.281230
A,208124225,9.5780,-1.7418,-1.6053
G,208125760,-0.047937,-0.107592,-0.283360
A,208126690,9.5708,-1.6843,-1.6233
G,208128256,-0.030893,-0.104396,-0.285491
A,208129162,9.5600,-1.6376,-1.6520
G,208130755,-0.010653,-0.098004,-0.291882
A,208131618,9.5529,-1.5909,-1.6879
G,208133250,0.005326,-0.091613,-0.296144
A,208134096,9.5349,-1.5514,-1.7166
G,208135720,0.011718,-0.084156,-0.295078
A,208136568,9.5349,-1.5083,-1.7418
TRK,208131,-0.17539,0.74812,0.19396,0.60987,0.6208,2.0515,-0.6956,0.000,0.000,0.000,3,1
G,208138230,0.009587,-0.076699,-0.289752
A,208139036,9.5421,-1.4688,-1.7561
G,208140725,0.003196,-0.070307,-0.289752
A,208141529,9.5529,-1.4545,-1.7777
G,208143209,-0.005326,-0.067112,-0.292948
A,208144000,9.5134,-1.3791,-1.9537
G,208145705,-0.034088,-0.099070,-0.306796
A,208146480,9.3302,-1.3827,-1.9932
G,208148175,-0.127832,-0.159790,-0.314253
A,208148952,9.4739,-1.4832,-1.8854
G,208150676,-0.285491,-0.204531,-0.286556
A,208151412,9.8150,-1.6197,-1.8316
G,208153171,-0.446346,-0.234358,-0.286556
A,208153897,9.9228,-1.7023,-1.7454
G,208155645,-0.548611,-0.208792,-0.385626
A,208156368,10.2568,-1.7526,-1.7957
TRK,208152,-0.17226,0.74853,0.19592,0.60962,0.6208,2.0515,-0.6956,0.000,0.000,0.000,3,1
G,208158156,-0.642354,-0.148072,-0.546481
A,208158840,10.1813,-1.6484,-1.8818
G,208160652,-0.837298,-0.062851,-0.670051
A,208161331,9.8150,-1.5299,-1.7023
G,208163130,-1.182443,-0.096939,-0.716923
A,208163802,9.5277,-1.5191,-1.1349
G,208165632,-1.588309,-0.308927,-0.746750
A,208166266,8.9531,-1.5012,-0.4022
G,208168127,-1.876996,-0.589091,-0.789361
A,208168760,8.2492,-1.4868,0.3412
G,208170609,-1.925998,-0.769121,-0.810666
A,208171232,7.7249,-1.4904,0.9230
G,208173121,-1.754490,-0.814927,-0.780839
A,208173707,7.4986,-1.4760,1.2354
G,208175617,-1.491370,-0.810666,-0.696683
A,208176178,7.6926,-1.4832,1.2857
G,208178102,-1.247425,-0.820254,-0.596548
A,208178628,8.1235,-1.5155,1.1277
TRK,208179,-0.15341,0.75313,0.19343,0.60979,0.6208,2.0515,-0.6956,0.000,0.000,0.000,3,1
G,208180624,-1.080178,-0.841559,-0.531567
A,208181115,8.6550,-1.5550,0.8871
G,208183120,-1.018393,-0.857538,-0.494283
A,208183586,9.0680,-1.5945,0.6823
G,208185621,-1.065264,-0.896953,-0.469782
A,208186055,9.4056,-1.6700,0.6393
G,208188117,-1.178182,-0.982174,-0.450607
A,208188526,9.6606,-1.7957,0.8045
G,208190599,-1.272991,-1.102549,-0.470847
A,208190975,9.8150,-1.9106,0.9804
G,208193102,-1.293231,-1.230380,-0.550742
A,208193446,9.8581,-2.0111,1.1025
G,208195598,-1.252751,-1.346494,-0.679639
A,208195917,9.7468,-2.0578,1.0738
TRK,208190,-0.14497,0.75718,0.19244,0.60715,0.6208,2.0515,-0.6956,0.000,0.000,0.000,3,1
G,208198090,-1.228250,-1.465804,-0.817058
A,208198379,9.6211,-2.0614,0.9661
G,208200585,-1.275122,-1.588309,-0.927845
A,208200870,9.4128,-2.0255,0.8799
G,208203057,-1.376322,-1.711880,-1.012001
A,208203342,9.2512,-1.9860,0.9086
G,208205560,-1.473261,-1.834385,-1.082309
A,208205815,9.0968,-1.9321,1.0092
G,208208056,-1.509480,-1.961152,-1.140898
A,208208286,8.9136,-1.8639,1.1133
G,208210550,-1.466869,-2.082592,-1.170726
A,208210751,8.7700,-1.8208,1.1492
G,208213063,-1.357147,-2.194445,-1.173921
A,208213236,8.6479,-1.7849,1.0594
G,208215559,-1.214401,-2.299906,-1.151551
A,208215707,8.6443,-1.7921,0.8260
G,208218052,-1.083374,-2.406432,-1.117462
A,208218173,8.7233,-1.8316,0.4920
G,208220547,-0.988565,-2.506567,-1.081243
TRK,208219,-0.11537,0.77383,0.19613,0.59111,0.6208,2.0515,-0.6956,0.000,0.000,0.000,3,1
A,208220669,8.9100,-1.9070,0.0898
G,208223021,-0.933172,-2.591788,-1.066330
A,208223141,9.1075,-1.9896,-0.3232
G,208225517,-0.906540,-2.662096,-1.091896
A,208225611,9.2081,-2.0686,-0.7183
G,208228013,-0.901214,-2.720685,-1.149420
A,208228082,9.3553,-2.2122,-0.9373
G,208230495,-0.911866,-2.800580,-1.223989
A,208230538,9.6355,-2.4062,-1.1672
G,208232991,-0.899083,-2.914563,-1.356082
A,208233009,9.8833,-2.5426,-1.4868
A,208235469,10.2675,-2.5929,-2.0435
G,208235475,-0.847950,-2.993393,-1.603223
A,208237959,10.4471,-2.4062,-2.6468
G,208237990,-0.818123,-2.943325,-1.951564
A,208240431,10.5297,-2.0614,-2.8982
G,208240485,-0.942759,-2.761165,-2.267948
A,208242902,10.5010,-1.6771,-2.3990
G,208242980,-1.253816,-2.569418,-2.445847
A,208245373,10.7272,-1.3647,-1.1995
TRK,208244,-0.09040,0.78946,0.20733,0.57061,0.6208,2.0515,-0.6956,0.000,0.000,0.000,3,1
G,208245504,-1.562743,-2.476740,-2.477805
A,208247825,10.9822,-1.1456,0.1903
G,208248000,-1.567004,-2.434129,-2.453304
A,208250309,11.4024,-0.9804,1.0487
G,208250504,-1.124919,-2.371279,-2.454369
A,208252780,11.5927,-0.8368,1.0989
G,208253000,-0.412257,-2.281796,-2.516155
A,208255265,11.5712,-0.7614,0.3915
G,208255504,0.200270,-2.275405,-2.597115
A,208257736,11.2659,-0.7147,-0.6177
G,208258000,0.458064,-2.370213,-2.661031
TRK,208253,-0.07608,0.79414,0.21493,0.56335,0.6208,2.0515,-0.6956,0.000,0.000,0.000,3,1
A,208260201,10.8457,-0.7219,-1.4653
G,208260484,0.374973,-2.476740,-2.717489
A,208262691,10.3358,-0.7219,-1.9142
G,208262993,0.127832,-2.521481,-2.808037
A,208265163,9.9623,-0.6895,-1.9896
G,208265489,-0.103331,-2.515089,-2.930542
A,208267635,9.4523,-0.5854,-1.8603
G,208267979,-0.216249,-2.498045,-3.060504
A,208270106,8.9926,-0.4094,-1.7095
G,208270474,-0.189617,-2.486327,-3.178749
A,208272564,8.5904,-0.1760,-1.6305
G,208272949,-0.064981,-2.463957,-3.259709
A,208275052,8.2959,0.0790,-1.5874
G,208275454,0.092678,-2.437325,-3.270361
A,208277523,8.1918,0.3160,-1.5730
G,208277950,0.266316,-2.390453,-3.192597
A,208279993,8.1487,0.5351,-1.6269
G,208280435,0.467651,-2.352104,-3.078614
A,208282464,8.2564,0.6823,-1.7633
TRK,208281,-0.04686,0.80294,0.25090,0.53865,0.6208,2.0515,-0.6956,0.000,0.000,0.000,3,1
G,208282951,0.703074,-2.344647,-2.969957
A,208284915,8.4001,0.8080,-2.1548
G,208285446,0.957673,-2.349973,-2.870887
A,208287396,8.5222,0.9014,-2.7797
G,208287941,1.187770,-2.360626,-2.783536
A,208289868,8.4036,1.0020,-3.5662
G,208290437,1.337972,-2.374475,-2.723881
A,208292330,8.4647,1.0415,-4.3922
G,208292913,1.351821,-2.430933,-2.689793
A,208294802,8.2959,1.1313,-5.1858
G,208295409,1.248490,-2.465022,-2.647182
A,208297265,8.1343,1.2210,-5.8430
G,208297885,1.076982,-2.463957,-2.614159
TRK,208294,-0.03773,0.80663,0.27305,0.52285,0.6208,2.0515,-0.6956,0.000,0.000,0.000,3,1
A,208299760,7.9799,1.2713,-6.4356
G,208300391,0.863929,-2.469283,-2.586462
A,208302231,6.9779,1.4329,-6.9456
G,208302887,0.613592,-2.556635,-2.579005
A,208304706,5.7138,1.5083,-7.3263
G,208305373,0.368581,-2.656770,-2.506567
A,208307178,4.0654,1.5550,-7.5453
G,208307890,0.205596,-2.696184,-2.324407
A,208309634,2.3882,1.4545,-7.3909
G,208310386,0.168312,-2.650378,-2.035720
A,208312121,1.9860,1.1277,-7.1036
G,208312882,0.258859,-2.623746,-1.683118
A,208314593,1.7095,0.7829,-6.7768
G,208315378,0.477238,-2.630138,-1.445564
A,208317061,2.4457,0.4238,-6.8558
G,208317855,0.760599,-2.700445,-1.399758
A,208319556,3.4692,0.2478,-7.2975
G,208320358,0.962999,-2.798450,-1.553155
A,208322027,4.9775,0.3160,-8.3606
TRK,208321,-0.02058,0.81568,0.29884,0.49491,0.6208,2.0515,-0.6956,0.000,0.000,0.000,3,1
G,208322875,0.899083,-2.974218,-1.771535
A,208324486,5.7604,0.6895,-9.3446
G,208325371,0.507066,-3.234143,-2.022937
A,208326976,6.9923,1.1636,-10.0305
G,208327868,-0.052198,-3.442934,-2.207228
A,208329448,7.9906,1.6951,-10.1347
G,208330363,-0.494283,-3.450391,-2.230664
A,208331919,8.6838,2.1584,-9.8689
G,208332841,-0.586961,-3.236273,-2.093245
A,208334390,9.5780,2.4493,-9.7073
TRK,208329,-0.01134,0.82051,0.30818,0.48131,0.6208,2.0515,-0.6956,0.000,0.000,0.000,3,1
G,208335348,-0.315318,-2.988066,-1.951564
A,208336842,9.7468,2.6863,-10.1023
G,208337844,0.144876,-2.799515,-1.915345
A,208339320,9.1614,2.8515,-11.1043
G,208340325,0.540089,-2.642921,-1.903627
A,208341791,8.2420,2.9664,-12.3936
G,208342836,0.690291,-2.431999,-1.836516
A,208344248,7.4627,3.0598,-13.5895
G,208345331,0.559264,-2.139051,-1.727859
A,208346719,7.0928,3.1783,-14.3473
G,208347829,0.227967,-1.778991,-1.634115
A,208349164,7.1826,3.3651,-14.5555
G,208350324,-0.189617,-1.398692,-1.588309
A,208351634,7.5058,3.6559,-14.2682
G,208352796,-0.591222,-1.019458,-1.579787
A,208354106,7.8542,4.0546,-13.5967
TRK,208349,0.00404,0.82613,0.32415,0.46089,0.6208,2.0515,-0.6956,0.000,0.000,0.000,3,1
G,208355304,-0.898018,-0.624245,-1.573395
A,208356563,8.1594,4.4963,-12.6486
G,208357800,-1.075917,-0.220510,-1.543568
A,208359052,8.5868,4.9668,-11.6143
G,208360288,-1.120658,0.191748,-1.470065
A,208361523,9.2512,5.4408,-10.6051
G,208362784,-1.055677,0.613592,-1.360343
A,208363993,10.1311,5.8897,-9.7468
G,208365252,-0.931041,1.039698,-1.248490
A,208366464,11.1079,6.3171,-9.0573
G,208367751,-0.835167,1.422128,-1.153681
A,208368915,11.6861,6.7157,-8.4791
G,208370247,-0.854342,1.691640,-1.068460
A,208371390,11.7651,7.0785,-7.8829
G,208372720,-0.999218,1.841842,-0.944889
A,208373861,11.3880,7.3298,-7.0318
G,208375230,-1.178182,1.925998,-0.757403
A,208376324,10.6159,7.5417,-5.9975
G,208377726,-1.241033,2.021872,-0.511327
TRK,208377,0.01937,0.81530,0.33196,0.47405,0.6208,2.0515,-0.6956,0.000,0.000,0.000,3,1
A,208378817,9.7217,7.6207,-4.7728
G,208380215,-1.076982,2.145442,-0.232228
A,208381289,9.0896,7.6172,-3.6703
G,208382711,-0.663660,2.307363,0.063916
A,208383763,8.2456,7.6028,-2.9485
G,208385181,-0.095874,2.449043,0.339819
A,208386234,8.0266,7.5274,-2.6755
G,208387674,0.478304,2.602441,0.607201
A,208388682,8.1128,7.4376,-2.6899
G,208390170,0.918258,2.790993,0.868190
A,208391168,8.4432,7.3765,-2.8587
G,208392650,1.159008,3.024286,1.121723
A,208393639,9.0249,7.2580,-2.7509
G,208395152,1.205879,3.217098,1.348625
A,208396096,9.3015,7.0785,-2.4134
G,208397648,1.140898,3.273557,1.548894
A,208398568,9.2009,6.8630,-2.0111
TRK,208392,0.01088,0.80722,0.33010,0.48918,0.6208,2.0515,-0.6956,0.000,0.000,0.000,3,1
G,208400139,1.062069,3.141464,1.735316
A,208401016,8.4001,6.5577,-1.4222
G,208402634,1.055677,2.920955,1.919606
A,208403488,7.6243,6.1124,-1.0810
G,208405126,1.148355,2.661031,2.126268
A,208405938,6.4751,5.6563,-0.7506
G,208407635,1.351821,2.501241,2.353169
A,208408406,5.9508,5.0925,-0.6177
G,208410130,1.654356,2.443717,2.576875
A,208410897,5.6419,4.5645,-0.4884
G,208412612,2.022937,2.535329,2.730273
A,208413369,6.2022,3.9935,-0.5243
G,208415121,2.404302,2.713228,2.832538
A,208415838,7.0390,3.4836,-0.6895
G,208417616,2.714294,2.931607,2.845321
A,208418309,8.0230,3.0562,-1.0594
TRK,208413,-0.01894,0.79965,0.32054,0.50741,0.6208,2.0515,-0.6956,0.000,0.000,0.000,3,1
G,208420108,2.806972,3.047721,2.762231
A,208420763,8.9459,2.6252,-1.3108
G,208422620,2.547047,2.957174,2.646117
A,208423237,9.7288,2.1691,-1.3072
G,208425116,1.985653,2.647182,2.569418
A,208425709,9.9120,1.7777,-0.8511
G,208427598,1.362473,2.206162,2.502306
A,208428155,9.6103,1.2821,0.0539
G,208430110,0.947020,1.743838,2.422411
A,208430631,8.8957,0.7901,0.8009
G,208432606,0.826645,1.233576,2.398975
A,208433103,7.3801,0.2622,1.3360
G,208435098,0.922519,0.686030,2.518285
A,208435561,5.8287,-0.4381,1.3934
G,208437594,1.113201,0.121440,2.755839
A,208438049,4.1982,-1.3503,0.9912
G,208440066,1.318797,-0.428236,2.988066
A,208440521,2.5139,-2.3703,0.2514
TRK,208440,-0.06407,0.79734,0.30299,0.51801,0.6208,2.0515,-0.6956,0.000,0.000,0.000,3,1
G,208442569,1.524393,-0.947020,3.130812
A,208442990,1.0056,-3.4333,-0.8260
G,208445065,1.736381,-1.426389,3.140399
A,208445480,-0.0431,-4.4676,-2.2338
G,208447538,1.959021,-1.786448,3.026416
A,208447951,-0.4561,-5.2864,-3.8104
G,208450047,2.147573,-1.998436,2.806972
A,208450428,0.1401,-5.8969,-5.4731
G,208452543,2.223207,-2.077266,2.492719
A,208452900,1.9178,-6.2130,-7.0066
TRK,208452,-0.07977,0.80716,0.29540,0.50484,0.6208,2.0515,-0.6956,0.000,0.000,0.000,3,1
G,208455036,2.136920,-2.034655,2.100701
A,208455361,4.4317,-6.1734,-8.1774
G,208457532,1.895105,-1.891909,1.676726
A,208457833,7.5920,-5.8754,-8.8562
G,208460005,1.570200,-1.699097,1.287905
A,208460276,10.6303,-5.4193,-8.9280
G,208462503,1.275122,-1.535046,0.997087
A,208462744,13.1334,-4.9883,-8.5868
G,208465017,1.131311,-1.474326,0.817058
A,208465229,14.6920,-4.7333,-8.1163
G,208467513,1.230380,-1.489240,0.698813
A,208467700,15.0009,-4.7190,-7.9619
G,208470027,1.548894,-1.519067,0.574178
A,208470186,13.9522,-4.8590,-8.3677
G,208472523,1.940912,-1.490305,0.418649
A,208472658,12.2284,-5.1571,-9.3446
G,208475016,2.218946,-1.366734,0.257794
A,208475124,10.2280,-5.4696,-10.6267
G,208477512,2.276470,-1.101483,0.091613
A,208477596,8.7736,-5.7353,-11.8800
G,208479986,2.116680,-0.691357,-0.116114
A,208480043,8.1594,-5.8502,-12.8138
TRK,208476,-0.09672,0.81813,0.29894,0.48161,0.6208,2.0515,-0.6956,0.000,0.000,0.000,3,1
STAT,404.8,400.8,0,0,0,7.3503,190.553,0.4774,0.8404,1.7612,9.8104,3.18,0.000
G,208482491,1.766208,-0.233293,-0.394148
A,208482522,8.3031,-5.7569,-13.1765
G,208484986,1.266599,0.141680,-0.713727
A,208484994,8.9818,-5.4875,-12.7886
A,208487454,9.9802,-5.1320,-11.7400
G,208487471,0.736098,0.396278,-0.992826
A,208489925,10.9319,-4.7549,-10.3178
G,208489966,0.371777,0.580569,-1.241033
A,208492379,11.7831,-4.3993,-9.1255
G,208492444,0.329167,0.756338,-1.496696
TRK,208493,-0.10064,0.81486,0.30795,0.48067,0.6208,2.0515,-0.6956,0.000,0.000,0.000,3,1
A,208494872,12.1637,-3.9648,-8.6155
G,208494959,0.567786,0.933172,-1.821602
A,208497343,12.1602,-3.4872,-8.8705
G,208497455,0.838363,1.103614,-2.195510
A,208499796,11.9016,-2.9341,-9.5026
G,208499930,0.838363,1.239968,-2.557700
A,208502280,11.3629,-2.3092,-9.9084
G,208502436,0.427171,1.340103,-2.869822
A,208504751,10.7703,-1.6376,-9.6247
G,208504932,-0.283360,1.433846,-3.129747
A,208507203,10.1167,-0.9301,-8.5473
G,208507404,-1.016262,1.545699,-3.337473
A,208509699,9.3051,-0.1616,-6.9348
G,208509920,-1.494566,1.668204,-3.479153
A,208512170,8.6371,0.5890,-5.1679
G,208512416,-1.575526,1.766208,-3.516438
A,208514647,8.2887,1.1923,-3.6272
G,208514912,-1.261273,1.840777,-3.437608
A,208517118,8.0589,1.7813,-2.7258
G,208517408,-0.640224,1.945173,-3.275688
A,208519575,8.3282,2.1979,-2.6217
G,208519884,0.142745,2.114550,-3.112702
TRK,208520,-0.08366,0.79162,0.33692,0.50282,0.6208,2.0515,-0.6956,0.000,0.000,0.000,3,1
A,208522064,8.5258,2.5929,-3.2932
G,208522390,0.864995,2.318015,-3.015763
A,208524535,8.3857,3.0490,-4.4748
G,208524903,1.272991,2.484197,-2.993393
A,208526980,7.9547,3.5123,-5.5773
G,208527398,1.189900,2.531068,-2.993393
A,208529457,7.1036,4.0007,-6.0190
G,208529892,0.633832,2.410693,-2.930542
A,208531929,6.1699,4.4173,-5.4875
G,208532406,-0.180030,2.091114,-2.764361
A,208534378,5.5665,4.7226,-4.2880
G,208534901,-0.898018,1.643703,-2.503371
A,208536850,5.0853,5.0027,-2.9808
G,208537388,-1.208010,1.189900,-2.256230
A,208539322,4.8411,5.2828,-2.2553
G,208539904,-1.023719,0.871386,-2.073004
A,208541775,4.6723,5.6563,-2.4600
G,208542400,-0.568851,0.729706,-1.905758
TRK,208542,-0.07557,0.77093,0.35836,0.52109,0.6208,2.0515,-0.6956,0.000,0.000,0.000,3,1
A,208544259,4.4927,6.0729,-3.2070
G,208544896,-0.200270,0.752077,-1.663943
A,208546731,4.6471,6.4248,-3.9540
G,208547392,-0.153398,0.875647,-1.292166
A,208549196,4.9344,6.6798,-4.0905
G,208549868,-0.385626,1.050351,-0.834102
A,208551680,5.4803,6.7840,-3.5733
G,208552363,-0.647681,1.230380,-0.361125
A,208554152,6.0082,6.8019,-2.6252
G,208554859,-0.700944,1.380583,0.044741
TRK,208549,-0.07349,0.76755,0.36134,0.52431,0.6208,2.0515,-0.6956,0.000,0.000,0.000,3,1
A,208556628,6.6547,6.7732,-1.7561
G,208557346,-0.466586,1.504153,0.371777
A,208559100,7.3011,6.7265,-1.2426
G,208559863,-0.060720,1.592570,0.642354
A,208561558,8.0768,6.6403,-1.1564
G,208562359,0.312122,1.618137,0.902279
A,208564036,8.8059,6.4895,-1.3647
G,208564845,0.485761,1.540372,1.150486
A,208566507,9.3122,6.2596,-1.7023
G,208567353,0.420779,1.357147,1.355016
A,208568957,9.4164,5.9616,-2.0111
G,208569849,0.180030,1.110005,1.482848
A,208571438,9.0824,5.6419,-2.2122
G,208572336,-0.129962,0.854342,1.545699
A,208573909,8.4467,5.3331,-2.2948
G,208574853,-0.422910,0.634898,1.582983
A,208576370,7.7069,5.0566,-2.2446
G,208577349,-0.644485,0.463390,1.628789
A,208578842,7.1646,4.8088,-2.1296
G,208579846,-0.773382,0.341950,1.705488
A,208581285,6.8235,4.6112,-2.0291
G,208582342,-0.811731,0.269512,1.818406
TRK,208577,-0.08435,0.76345,0.34938,0.53662,0.6208,2.0515,-0.6956,0.000,0.000,0.000,3,1
A,208583779,6.6726,4.4353,-1.9321
G,208584839,-0.782969,0.235423,1.969674
A,208586250,6.7481,4.2306,-1.8423
G,208587335,-0.716923,0.224771,2.167813
A,208588725,6.8450,3.9684,-1.6951
G,208589812,-0.613592,0.225836,2.403237
A,208591196,7.1575,3.5877,-1.5191
G,208592321,-0.439954,0.247141,2.656770
A,208593653,7.4950,3.1208,-1.4473
G,208594816,-0.172573,0.287621,2.869822
TRK,208594,-0.09124,0.76928,0.33156,0.53847,0.6208,2.0515,-0.6956,0.000,0.000,0.000,3,1
A,208596139,7.8757,2.6073,-1.6376
G,208597304,0.148072,0.331297,3.007241
A,208598611,8.1846,2.0937,-2.1045
G,208599812,0.410127,0.347276,3.066896
A,208601068,8.4216,1.6125,-2.7366
G,208602308,0.503870,0.320645,3.081810
A,208603539,8.6084,1.1564,-3.2789
G,208604804,0.396278,0.256729,3.085006
A,208605987,8.8202,0.7183,-3.5733
G,208607300,0.161920,0.171508,3.074353
A,208608459,8.9854,0.3124,-3.5733
G,208609771,-0.071373,0.085221,3.039199
A,208610950,9.1291,-0.0611,-3.3866
G,208612259,-0.205596,0.004261,2.975283
A,208613421,9.1937,-0.4058,-3.2070
G,208614755,-0.211988,-0.068177,2.903911
A,208615893,9.1794,-0.7290,-3.1496
G,208617224,-0.119310,-0.122505,2.842125
A,208618364,9.1255,-1.0630,-3.3040
TRK,208617,-0.11056,0.77903,0.30623,0.53584,0.6208,2.0515,-0.6956,0.000,0.000,0.000,3,1
G,208619724,0.012783,-0.154463,2.801646
A,208620817,9.0465,-1.4006,-3.6272
G,208622220,0.119310,-0.154463,2.785666
A,208623294,8.9783,-1.7597,-4.0151
G,208624693,0.161920,-0.128897,2.787797
A,208625765,8.9531,-2.1332,-4.3275
G,208627203,0.149137,-0.078830,2.793123
A,208628230,9.0178,-2.5067,-4.5035
G,208629699,0.132093,-0.001065,2.772883
A,208630725,9.1363,-2.8515,-4.5681
G,208632189,0.162985,0.100135,2.719620
A,208633196,9.2943,-3.1424,-4.6364
G,208634703,0.252468,0.197074,2.637595
A,208635665,9.5170,-3.3758,-4.8052
G,208637198,0.366451,0.257794,2.550243
A,208638137,9.7683,-3.5733,-5.1320
TRK,208633,-0.12202,0.78539,0.29068,0.53270,0.6208,2.0515,-0.6956,0.000,0.000,0.000,3,1
G,208639699,0.459129,0.271642,2.476740
A,208640594,10.1095,-3.7601,-5.6024
G,208642194,0.502805,0.268447,2.417085
A,208643082,10.5225,-3.9540,-6.1878
G,208644675,0.496413,0.286556,2.345712
A,208645553,10.6518,-4.1228,-6.8881
G,208647170,0.434628,0.355798,2.229598
A,208648042,10.7631,-4.3383,-7.4771
G,208649651,0.303600,0.503870,2.083657
A,208650513,10.7775,-4.5538,-7.9727
G,208652162,0.092678,0.695618,1.910019
A,208652983,10.6338,-4.7333,-8.2169
G,208654658,-0.187487,0.890561,1.682052
A,208655473,10.2532,-4.8411,-8.2959
G,208657139,-0.524110,1.007740,1.377387
A,208657944,9.6606,-4.8123,-8.0445
G,208659635,-0.893757,1.122789,1.076982
TRK,208658,-0.14006,0.78930,0.26844,0.53417,0.6208,2.0515,-0.6956,0.000,0.000,0.000,3,1
A,208660425,9.2943,-4.7477,-7.3083
G,208662106,-1.255947,1.281513,0.899083
A,208662896,9.1578,-4.6902,-6.0908
G,208664601,-1.504153,1.463673,0.812797
A,208665351,9.4092,-4.6400,-4.5394
G,208667097,-1.515871,1.600027,0.692422
A,208667844,10.0808,-4.6148,-2.9377
G,208669579,-1.235707,1.694836,0.490022
A,208670316,10.1706,-4.4712,-1.9285
G,208672092,-0.732902,1.767274,0.224771
A,208672789,10.1167,-4.1803,-1.4473
G,208674588,-0.155529,1.905758,0.001065
A,208675280,10.1023,-3.8678,-1.4940
G,208677067,0.289752,2.010154,-0.124636
A,208677751,10.0197,-3.5087,-1.6340
G,208679570,0.484695,2.038916,-0.118244
A,208680216,10.4830,-3.3112,-1.6125
G,208682065,0.459129,1.871669,-0.051133
TRK,208681,-0.14166,0.78055,0.25975,0.55064,0.6208,2.0515,-0.6956,0.000,0.000,0.000,3,1
A,208682711,11.0540,-3.1927,-1.4222
G,208684548,0.414388,1.605353,-0.064981
A,208685183,11.2480,-3.1747,-1.1600
G,208687061,0.490022,1.349690,-0.208792
A,208687659,11.6861,-3.2968,-1.3396
G,208689557,0.681769,1.174987,-0.458064
A,208690130,10.3106,-3.2537,-1.9896
G,208692071,0.875647,1.237837,-0.853277
A,208692608,9.6498,-3.1532,-3.0634
G,208694566,0.849016,1.612810,-1.250620
A,208695079,8.6371,-2.9413,-3.8894
TRK,208690,-0.14394,0.77719,0.26090,0.55425,0.6208,2.0515,-0.6956,0.000,0.000,0.000,3,1
G,208697079,0.301470,1.972870,-1.600027
A,208697557,7.6998,-2.4960,-3.6559
G,208699575,-0.806405,1.962217,-1.796036
A,208700028,8.0194,-2.1153,-1.9644
G,208702068,-2.018676,1.530785,-1.895105
A,208702488,8.2420,-1.7274,1.0343
G,208704583,-2.608833,1.111071,-1.965413
A,208704970,9.1004,-1.3503,4.2234
G,208707078,-2.212554,0.985370,-2.012284
A,208707441,10.3250,-0.9912,6.3997
G,208709581,-1.152616,0.986435,-2.101767
A,208709912,10.8816,-0.5746,7.0390
G,208712077,-0.160855,0.785100,-2.214685
A,208712383,11.3521,-0.2837,6.2991
G,208714556,0.216249,0.240750,-2.260491
A,208714832,10.7344,-0.0970,5.1032
TRK,208715,-0.12861,0.76365,0.27144,0.57150,0.6208,2.0515,-0.6956,0.000,0.000,0.000,3,1
G,208717069,-0.058590,-0.484695,-2.248773
A,208717315,10.0126,-0.1724,4.1192
G,208719565,-0.619984,-1.147290,-2.220011
A,208719786,9.0860,-0.4094,3.6200
G,208722038,-1.105744,-1.692705,-2.329733
A,208722231,8.0266,-0.6572,3.2896
G,208724541,-1.375256,-2.150769,-2.598180
A,208724706,6.6655,-0.7614,2.8910
G,208727037,-1.516936,-2.536395,-2.952913
A,208727177,5.3187,-0.6357,2.3236
G,208729521,-1.694836,-2.815494,-3.220294
A,208729634,4.1049,-0.2837,2.0039
G,208732035,-1.949434,-2.958239,-3.287406
A,208732121,3.6488,0.2227,2.1691
G,208734530,-2.147573,-2.984871,-3.153183
A,208734592,3.8535,0.8188,3.0382
G,208737022,-2.065548,-2.942260,-2.869822
A,208737058,4.7728,1.3791,4.1839
G,208739533,-1.562743,-2.881540,-2.478870
A,208739544,5.8610,1.8603,5.2325
A,208742016,7.0928,2.1656,5.5450
G,208742029,-0.674312,-2.814428,-2.003762
TRK,208737,-0.09175,0.77055,0.28930,0.56048,0.6208,2.0515,-0.6956,0.000,0.000,0.000,3,1
A,208744475,8.0194,2.2446,5.0996
G,208744513,0.385626,-2.767557,-1.486044
A,208746965,8.7915,2.0794,3.9504
G,208747027,1.336907,-2.757970,-0.965129
A,208749437,9.1614,1.6412,2.4960
G,208749522,1.971804,-2.821885,-0.481499
A,208751908,9.2907,1.0199,0.9337
G,208752016,2.242382,-2.977414,-0.089482
A,208754379,9.0680,0.2729,-0.4812
G,208754512,2.239186,-3.211772,0.124636
TRK,208749,-0.08268,0.77744,0.29906,0.54710,0.6208,2.0515,-0.6956,0.000,0.000,0.000,3,1
A,208756831,8.8921,-0.4848,-1.7597
G,208756986,2.078331,-3.465305,0.144876
A,208759312,8.7269,-1.0953,-2.9305
G,208759488,1.835451,-3.663444,-0.006392
A,208761783,8.6443,-1.4760,-3.8894
G,208761983,1.523328,-3.781688,-0.282295
A,208764247,8.9208,-1.6484,-4.5789
G,208764468,1.118528,-3.864779,-0.616788
A,208766742,9.0285,-1.6161,-4.8985
G,208766982,0.610397,-3.993676,-0.929976
A,208769213,9.2117,-1.5514,-4.8339
G,208769478,0.076699,-4.214186,-1.144094
A,208771669,9.3015,-1.5263,-4.5466
G,208771953,-0.314253,-4.473045,-1.270860
A,208774150,9.0932,-1.5622,-4.4460
G,208774453,-0.406931,-4.697816,-1.361408
A,208776622,8.6012,-1.6089,-4.7764
G,208776949,-0.180030,-4.852280,-1.449825
TRK,208772,-0.07800,0.79676,0.31446,0.51011,0.6208,2.0515,-0.6956,0.000,0.000,0.000,3,1
A,208779089,7.9188,-1.7095,-5.6276
G,208779434,0.256729,-4.900217,-1.513741
A,208781560,7.4735,-1.8352,-7.0318
G,208781950,0.754207,-4.770254,-1.514806
A,208784009,7.1036,-1.9178,-8.8023
G,208784446,1.176052,-4.432565,-1.497762
A,208786482,7.2437,-1.9537,-10.6734
G,208786935,1.355016,-4.028830,-1.522263
A,208788964,7.6818,-1.9106,-12.3074
G,208789432,1.134507,-3.749731,-1.597896
A,208791435,8.1523,-1.8136,-13.2663
G,208791927,0.524110,-3.663444,-1.670334
A,208793907,8.7340,-1.7131,-13.4099
G,208794413,-0.215183,-3.632551,-1.741707
A,208796378,9.1183,-1.5479,-12.9431
G,208796926,-0.727576,-3.514307,-1.851429
A,208798827,9.2656,-1.2965,-12.1781
G,208799422,-0.808536,-3.242665,-1.998436
TRK,208795,-0.05806,0.81448,0.33459,0.47043,0.6208,2.0515,-0.6956,0.000,0.000,0.000,3,1
A,208801311,9.8078,-1.0953,-11.6861
G,208801918,-0.475108,-2.835734,-2.088983
A,208803782,10.1742,-0.8116,-11.8477
G,208804431,0.121440,-2.275405,-2.134790
A,208806233,10.9499,-0.6321,-12.8102
G,208806927,0.687096,-1.672465,-2.226403
A,208808705,11.2120,-0.3771,-14.3077
G,208809427,0.857538,-1.211206,-2.426672
A,208811145,10.9319,-0.0395,-15.6293
G,208811923,0.381365,-1.018393,-2.700445
A,208813622,10.7488,0.2263,-16.0567
G,208814408,-0.604005,-0.935302,-2.907106
A,208816093,10.0556,0.7075,-15.3672
G,208816923,-1.622398,-0.680704,-3.079679
A,208818549,9.9479,1.2139,-13.6577
G,208819419,-2.249839,-0.174703,-3.230947
TRK,208819,-0.03158,0.81411,0.35855,0.45571,0.6208,2.0515,-0.6956,0.000,0.000,0.000,3,1
A,208821038,9.9192,1.9070,-11.6394
G,208821914,-2.356365,0.441019,-3.349191
A,208823510,9.7468,2.7725,-9.7288
G,208824410,-2.065548,1.003479,-3.368366
A,208825979,9.8438,3.5159,-8.2528
G,208826886,-1.560612,1.460477,-3.247991
A,208828450,9.8725,4.1587,-7.2939
G,208829401,-0.985370,1.879126,-3.042395
A,208830909,10.0377,4.6687,-6.8235
G,208831896,-0.464455,2.339321,-2.808037
A,208833381,10.1634,5.1104,-6.7121
G,208834403,-0.108657,2.859169,-2.607767
A,208835833,10.1023,5.5414,-6.6690
G,208836898,-0.049002,3.298059,-2.445847
A,208838316,9.6822,5.9580,-6.3961
G,208839385,-0.377104,3.417368,-2.254100
A,208840787,8.5796,6.3063,-5.6671
G,208841890,-1.036502,3.043460,-1.997371
A,208843240,7.2365,6.4715,-4.3778
G,208844385,-1.736381,2.313754,-1.665008
TRK,208839,-0.01760,0.79398,0.37704,0.47658,0.6208,2.0515,-0.6956,0.000,0.000,0.000,3,1
A,208845715,5.3941,6.4967,-2.8156
G,208846862,-2.088983,1.530785,-1.306014
A,208848207,3.4010,6.3458,-1.4581
G,208849356,-1.852495,0.943824,-0.954477
A,208850679,1.9070,6.0873,-0.9697
G,208851873,-1.076982,0.621049,-0.623180
A,208853145,0.4130,5.8323,-1.6161
G,208854369,-0.089482,0.514523,-0.370712
A,208855616,-0.2981,5.6204,-3.2825
G,208856866,0.690291,0.589091,-0.188552
A,208858064,-0.4669,5.5234,-5.3510
G,208859362,0.907605,0.743555,-0.061785
TRK,208854,-0.00972,0.78541,0.37909,0.48921,0.6208,2.0515,-0.6956,0.000,0.000,0.000,3,1
A,208860542,0.0790,5.5665,-6.9564
G,208861839,0.464455,0.845820,0.069242
A,208863014,1.5550,5.6922,-7.4017
G,208864346,-0.428236,0.828776,0.193878
A,208865473,3.8535,5.9472,-6.6044
G,208866842,-1.352886,0.715858,0.256729
A,208867952,6.3171,6.3351,-4.9273
G,208869317,-1.932389,0.544350,0.255663
A,208870423,8.4934,6.8271,-3.0239
G,208871835,-2.006958,0.340885,0.287621
A,208872894,10.0090,7.1934,-1.4688
G,208874331,-1.647964,0.138484,0.480434
A,208875383,10.5620,7.3155,-0.6572
G,208876815,-1.030111,-0.021305,0.854342
A,208877855,10.3896,7.0425,-0.7470
G,208879311,-0.335558,-0.139550,1.271926
TRK,208873,-0.00730,0.78314,0.37467,0.49625,0.6208,2.0515,-0.6956,0.000,0.000,0.000,3,1
A,208880337,9.5457,6.5146,-1.7705
G,208881789,0.259925,-0.215183,1.547829
A,208882808,8.1810,5.9113,-3.4656
G,208884287,0.556068,-0.252468,1.636246
A,208885262,6.7409,5.3834,-5.2325
G,208886783,0.411192,-0.242880,1.641572
A,208887751,5.6599,4.9632,-6.3710
G,208889266,-0.125701,-0.199204,1.683118
A,208890222,5.3439,4.6220,-6.4643
G,208891761,-0.778708,-0.137419,1.784318
A,208892697,5.7569,4.3778,-5.6455
G,208894231,-1.203749,-0.068177,1.871669
A,208895169,6.6403,4.2270,-4.4460
G,208896730,-1.223989,-0.024501,1.908954
A,208897625,7.6854,4.1372,-3.4764
G,208899226,-0.901214,-0.025566,1.948369
TRK,208894,-0.01183,0.78954,0.36149,0.49579,0.6208,2.0515,-0.6956,0.000,0.000,0.000,3,1
A,208900112,8.4288,4.0725,-3.1388
G,208901706,-0.448476,-0.076699,2.047438
A,208902584,8.7700,3.9145,-3.3938
G,208904211,-0.066046,-0.154463,2.208293
A,208905047,8.8382,3.5949,-4.0618
G,208906707,0.136354,-0.235423,2.400041
A,208907519,8.5473,3.1496,-4.8734
G,208909197,0.168312,-0.291882,2.573679
A,208909968,8.1163,2.6109,-5.6024
G,208911693,0.106526,-0.304666,2.682336
A,208912440,7.8326,2.0435,-6.2165
G,208914183,0.023436,-0.271642,2.697249
A,208914891,7.5776,1.5443,-6.6798
G,208916696,-0.052198,-0.198139,2.632268
A,208917365,7.5633,1.1600,-7.0425
G,208919192,-0.136354,-0.108657,2.533199
A,208919836,7.8003,0.8655,-7.2221
TRK,208915,-0.02021,0.79848,0.34207,0.49498,0.6208,2.0515,-0.6956,0.000,0.000,0.000,3,1
G,208921692,-0.242880,-0.008522,2.444782
A,208922299,8.2241,0.6393,-7.2185
G,208924188,-0.363255,0.088417,2.396845
A,208924771,8.7161,0.4705,-7.0425
G,208926668,-0.456998,0.176834,2.378736
A,208927215,9.1399,0.3053,-6.7983
G,208929180,-0.484695,0.258859,2.369148
A,208929691,9.3015,0.1437,-6.5649
G,208931675,-0.435693,0.348341,2.371279
A,208932162,9.2692,-0.0287,-6.4572
G,208934166,-0.324906,0.460194,2.403237
A,208934619,8.9926,-0.2298,-6.4823
TRK,208931,-0.02861,0.80531,0.32373,0.49584,0.6208,2.0515,-0.6956,0.000,0.000,0.000,3,1
G,208936687,-0.191748,0.610397,2.449043
A,208937106,8.6910,-0.4812,-6.6008
G,208939183,-0.078830,0.788296,2.487392
A,208939578,8.4791,-0.7721,-6.7445
G,208941671,-0.014914,0.976847,2.504437
A,208942034,8.3606,-1.0738,-6.8486
G,208944167,-0.011718,1.150486,2.483131
A,208944505,8.4072,-1.3611,-6.8342
G,208946648,-0.058590,1.287905,2.405367
A,208946955,8.5940,-1.6053,-6.6978
G,208949160,-0.148072,1.365669,2.271144
A,208949436,8.8166,-1.7705,-6.4356
G,208951655,-0.260990,1.373126,2.109223
A,208951927,9.0824,-1.8998,-6.0657
G,208954126,-0.370712,1.320928,1.949434
A,208954398,9.4774,-2.0111,-5.6527
G,208956622,-0.439954,1.234641,1.785383
A,208956890,9.6678,-2.0901,-5.2361
G,208959094,-0.448476,1.163269,1.602158
A,208959361,9.8797,-2.1691,-4.9165
TRK,208959,-0.04564,0.80755,0.29737,0.50730,0.6208,2.0515,-0.6956,0.000,0.000,0.000,3,1
G,208961596,-0.400539,1.130246,1.425324
A,208961834,9.8294,-2.2410,-4.6651
G,208964092,-0.330232,1.151551,1.281513
A,208964305,9.5816,-2.3020,-4.4784
G,208966574,-0.266316,1.201618,1.197357
A,208966759,9.3805,-2.4062,-4.2952
G,208969087,-0.224771,1.272991,1.137702
A,208969244,9.1614,-2.5067,-4.0869
G,208971583,-0.201335,1.353951,1.055677
A,208971715,8.9172,-2.5642,-3.8607
G,208974075,-0.203465,1.440237,0.924649
A,208974180,8.7161,-2.5786,-3.5338
G,208976571,-0.249272,1.507349,0.773382
A,208976672,8.6048,-2.5534,-3.0131
G,208979040,-0.329167,1.520132,0.660464
A,208979144,8.7340,-2.5498,-2.3092
G,208981534,-0.374973,1.473261,0.585895
A,208981612,9.0788,-2.5570,-1.5550
TRK,208978,-0.05239,0.80400,0.28702,0.51814,0.6208,2.0515,-0.6956,0.000,0.000,0.000,3,1
G,208984048,-0.323840,1.369930,0.488956
A,208984099,9.5385,-2.5642,-0.9697
G,208986544,-0.194943,1.222924,0.334493
A,208986571,9.9515,-2.5391,-0.7398
G,208989025,-0.095874,1.040763,0.148072
A,208989027,10.0521,-2.4493,-0.8619
A,208991498,9.9623,-2.3236,-1.1169
G,208991520,-0.133158,0.846885,-0.028762
A,208993948,9.6750,-2.1907,-1.2534
G,208993994,-0.341950,0.656203,-0.187487
A,208996429,9.2512,-2.0399,-1.1025
G,208996499,-0.662594,0.472977,-0.325971
A,208998900,8.8849,-1.8926,-0.6428
G,208998995,-0.978978,0.299339,-0.446346
TRK,208994,-0.05395,0.80027,0.28444,0.52512,0.6208,2.0515,-0.6956,0.000,0.000,0.000,3,1
A,209001362,8.6119,-1.7382,-0.0036
G,209001479,-1.164334,0.142745,-0.545415
A,209003855,8.4827,-1.5766,0.5890
G,209003994,-1.154747,0.002131,-0.630637
A,209006326,8.5222,-1.4078,0.9481
G,209006489,-0.973652,-0.134223,-0.697748
A,209008788,8.5437,-1.2462,1.0379
G,209008972,-0.717988,-0.285491,-0.744620
A,209011272,8.6119,-1.1313,0.8835
G,209011477,-0.484695,-0.456998,-0.762729
A,209013743,8.6048,-1.0738,0.6069
G,209013973,-0.328101,-0.645550,-0.759533
TRK,209009,-0.04606,0.79909,0.28422,0.52778,0.6208,2.0515,-0.6956,0.000,0.000,0.000,3,1
A,209016208,8.5868,-1.0630,0.2693
G,209016458,-0.234358,-0.826645,-0.760599
A,209018704,8.5114,-1.0882,-0.0790
G,209018973,-0.166181,-0.989631,-0.791491
A,209021175,8.4683,-1.1097,-0.4525
G,209021469,-0.107592,-1.137702,-0.864995
A,209023647,8.4360,-1.1169,-0.8368
G,209023984,-0.061785,-1.295362,-0.969391
A,209026094,8.4503,-1.0882,-1.2282
G,209026479,-0.038350,-1.465804,-1.098288
A,209028565,8.5581,-1.0235,-1.6233
G,209028994,-0.043676,-1.639442,-1.243164
A,209031014,8.7269,-0.9086,-1.9644
G,209031490,-0.071373,-1.800297,-1.392301
A,209033493,8.9280,-0.7793,-2.2841
G,209033984,-0.104396,-1.938781,-1.521197
A,209035965,9.0106,-0.6285,-2.6001
G,209036480,-0.112918,-2.053830,-1.626659
TRK,209031,-0.03485,0.80277,0.29261,0.51839,0.6208,2.0515,-0.6956,0.000,0.000,0.000,3,1
A,209038425,8.8992,-0.4848,-2.9413
G,209038955,-0.085221,-2.147573,-1.710815
A,209040916,8.6048,-0.3519,-3.3255
G,209041460,-0.029827,-2.221076,-1.775796
A,209043388,8.2349,-0.2334,-3.7278
G,209043956,0.036219,-2.259426,-1.808819
A,209045853,7.9009,-0.1185,-4.1156
G,209046434,0.110787,-2.244512,-1.818406
A,209048324,7.7033,0.0000,-4.5035
G,209048949,0.196009,-2.183792,-1.826928
A,209050778,7.6423,0.1329,-4.8662
G,209051445,0.281230,-2.102832,-1.838646
A,209053248,7.7141,0.2873,-5.2038
G,209053927,0.344080,-2.020807,-1.843973
A,209055720,7.8829,0.4417,-5.4947
G,209056423,0.377104,-1.936651,-1.834385
TRK,209050,-0.01961,0.80845,0.30757,0.50142,0.6208,2.0515,-0.6956,0.000,0.000,0.000,3,1
A,209058185,8.1235,0.5890,-5.7245
G,209058899,0.389887,-1.849299,-1.824798
A,209060681,8.2959,0.7434,-5.8969
G,209061405,0.387756,-1.769404,-1.826928
A,209063153,8.3462,0.8871,-6.0226
G,209063900,0.372843,-1.708684,-1.838646
A,209065618,8.2923,1.0343,-6.0944
G,209066376,0.345146,-1.668204,-1.849299
A,209068090,8.1523,1.1779,-6.1375
G,209068892,0.318514,-1.627724,-1.851429
A,209070548,7.9583,1.3431,-6.1555
G,209071388,0.305731,-1.576591,-1.855690
A,209073026,7.9547,1.4976,-6.1699
G,209073875,0.303600,-1.513741,-1.857821
A,209075498,7.9835,1.6771,-6.1734
G,209076370,0.301470,-1.463673,-1.855690
TRK,209070,-0.00759,0.81128,0.32464,0.48617,0.6208,2.0515,-0.6956,0.000,0.000,0.000,3,1
A,209077968,8.1128,1.8567,-6.1734
G,209078847,0.297209,-1.434911,-1.846103
A,209080439,8.2313,2.0255,-6.1806
G,209081354,0.304666,-1.426389,-1.839712
A,209082890,8.2349,2.1979,-6.2345
G,209083850,0.337689,-1.418932,-1.836516
A,209085361,8.1523,2.3559,-6.3710
G,209086326,0.399474,-1.405084,-1.831189
A,209087832,8.0445,2.5103,-6.6295
G,209088844,0.472977,-1.379517,-1.826928
A,209090295,7.9835,2.6647,-6.9815
G,209091340,0.521980,-1.343298,-1.823733
A,209092789,7.9332,2.8371,-7.3801
G,209093837,0.508131,-1.293231,-1.822667
A,209095261,7.9080,3.0239,-7.7177
G,209096354,0.417584,-1.238903,-1.819471
A,209097724,7.8829,3.2322,-7.9045
G,209098849,0.272708,-1.178182,-1.808819
TRK,209094,0.00438,0.81193,0.34370,0.47182,0.6208,2.0515,-0.6956,0.000,0.000,0.000,3,1
A,209100210,7.8039,3.4405,-7.9009
G,209101337,0.122505,-1.108940,-1.772600
A,209102681,7.7141,3.6416,-7.7249
G,209103842,0.024501,-1.026915,-1.707619
A,209105135,7.5920,3.8283,-7.4663
G,209106337,0.017044,-0.936367,-1.621332
A,209107612,7.4591,4.0043,-7.2544
G,209108815,0.105461,-0.836232,-1.526524
A,209110083,7.3298,4.1587,-7.1718
G,209111323,0.247141,-0.735032,-1.425324
A,209112542,7.2688,4.2916,-7.2472
G,209113819,0.370712,-0.649811,-1.310275
A,209115031,7.3263,4.3814,-7.3945
G,209116307,0.427171,-0.593352,-1.182443
A,209117502,7.5346,4.4101,-7.5920
G,209118803,0.406931,-0.566721,-1.056742
A,209119972,7.7285,4.4173,-7.7931
G,209121271,0.328101,-0.558199,-0.959803
A,209122443,7.8003,4.4209,-7.9619
TRK,209121,0.01553,0.81028,0.36185,0.46073,0.6208,2.0515,-0.6956,0.000,0.000,0.000,3,1
G,209123770,0.209857,-0.562460,-0.899083
A,209124894,7.7213,4.4245,-8.0553
G,209126290,0.059655,-0.574178,-0.837298
A,209127367,7.5453,4.4137,-7.9942
G,209128785,-0.091613,-0.595483,-0.732902
A,209129838,7.3658,4.3742,-7.7895
G,209131291,-0.182160,-0.625310,-0.592287
A,209132298,7.2868,4.2665,-7.5094
G,209133786,-0.141680,-0.642354,-0.447411
A,209134779,7.0066,4.1875,-7.3442
G,209136262,0.040480,-0.639159,-0.329167
A,209137250,6.8594,4.0438,-7.4196
TRK,209132,0.01922,0.81037,0.36539,0.45762,0.6208,2.0515,-0.6956,0.000,0.000,0.000,3,1
G,209138761,0.311057,-0.625310,-0.196009
A,209139705,6.5505,3.9504,-7.8506
G,209141256,0.593352,-0.580569,-0.034088
A,209142191,6.5362,3.7816,-8.5509
G,209143736,0.811731,-0.470847,0.156594
A,209144662,6.9492,3.5554,-9.4020
G,209146234,0.918258,-0.235423,0.339819
A,209147118,7.3981,3.3543,-10.1347
G,209148730,0.869256,0.116114,0.463390
A,209149615,7.3298,3.2501,-10.4471
G,209151220,0.623180,0.427171,0.512392
A,209152087,7.2724,3.0777,-9.9407
G,209153726,0.249272,0.560329,0.577373
A,209154551,7.3298,2.8802,-8.8490
G,209156222,0.008522,0.578439,0.696683
A,209157023,7.3909,2.7258,-7.6279
TRK,209151,0.01563,0.81199,0.36696,0.45363,0.6208,2.0515,-0.6956,0.000,0.000,0.000,3,1
G,209158722,0.174703,0.689226,0.736098
A,209159482,8.0409,2.5678,-6.9851
G,209161217,0.691357,0.907605,0.608266
A,209161953,8.2815,2.5893,-7.1934
G,209163717,1.123854,1.023719,0.416518
A,209164414,8.2887,2.6683,-7.8470
G,209166213,1.110005,0.971521,0.384560
A,209166893,8.1702,2.6791,-8.3426
G,209168680,0.691357,0.879908,0.479369
A,209169364,8.1056,2.5929,-8.1379
G,209171191,0.206661,0.875647,0.556068
A,209171837,8.2492,2.4385,-7.3514
G,209173686,-0.040480,0.953412,0.531567
A,209174308,8.2420,2.3810,-6.4248
G,209176172,0.037284,1.072721,0.435693
A,209176756,8.1558,2.3703,-5.6814
TRK,209177,0.00469,0.80961,0.36425,0.46026,0.6208,2.0515,-0.6956,0.000,0.000,0.000,3,1
G,209178693,0.317449,1.192031,0.358994
A,209179241,8.2025,2.3846,-5.3079
G,209181188,0.605070,1.269795,0.350472
A,209181712,7.9045,2.4349,-5.1320
G,209183689,0.765925,1.294296,0.415453
A,209184178,7.8721,2.3774,-4.9775
G,209186184,0.800014,1.292166,0.537959
A,209186668,7.7752,2.2733,-4.7190
G,209188659,0.793622,1.292166,0.661529
A,209189140,7.6243,2.1261,-4.3311
G,209191170,0.827710,1.284709,0.756338
A,209191617,7.6423,1.9249,-3.8930
G,209193666,0.929976,1.271926,0.810666
A,209194088,7.6782,1.7166,-3.5015
G,209196157,1.074852,1.254882,0.839428
A,209196546,7.8865,1.4976,-3.2286
G,209198666,1.222924,1.246359,0.847950
A,209199023,8.2995,1.2929,-3.2070
G,209201162,1.310275,1.228250,0.791491
TRK,209196,-0.00856,0.80581,0.36322,0.46762,0.6208,2.0515,-0.6956,0.000,0.000,0.000,3,1
A,209201522,8.4324,1.1923,-3.4369
G,209203643,1.239968,1.147290,0.664725
A,209203993,8.3821,1.1420,-3.7278
G,209206144,0.942759,0.970456,0.553937
A,209206463,8.1774,1.0953,-3.8571
G,209208640,0.488956,0.747816,0.512392
A,209208935,7.6064,1.1061,-3.6164
G,209211127,0.069242,0.584830,0.501740
A,209211392,7.2293,1.0702,-2.9521
TRK,209212,-0.01862,0.80398,0.36248,0.47105,0.6208,2.0515,-0.6956,0.000,0.000,0.000,3,1
G,209213649,-0.139550,0.539024,0.475108
A,209213884,6.9420,1.0666,-2.1045
G,209216144,-0.084156,0.579504,0.435693
A,209216355,6.6295,1.1492,-1.2713
G,209218626,0.166181,0.627441,0.434628
A,209218808,6.5577,1.2390,-0.5997
G,209221137,0.494283,0.615723,0.482565
A,209221291,6.7445,1.2785,-0.1832
G,209223633,0.802144,0.516653,0.567786
A,209223763,7.0713,1.2965,-0.0287
G,209226125,1.040763,0.360059,0.649811
A,209226227,7.4843,1.2641,-0.1041
G,209228621,1.190966,0.192813,0.676443
A,209228699,8.2708,1.1672,-0.3879
G,209231112,1.228250,0.037284,0.633832
A,209231164,8.8095,1.1313,-0.7649
G,209233608,1.123854,-0.121440,0.548611
A,209233636,9.4631,1.0738,-1.1313
G,209236080,0.889496,-0.311057,0.453803
A,209236083,9.6965,1.0415,-1.3611
TRK,209236,-0.02954,0.80433,0.36124,0.47083,0.6208,2.0515,-0.6956,0.000,0.000,0.000,3,1
A,209238561,9.5493,1.0020,-1.3647
G,209238583,0.578439,-0.546481,0.355798
A,209241049,9.0824,0.9301,-1.2067
G,209241095,0.299339,-0.796818,0.287621
A,209243521,8.5150,0.8332,-1.0163
G,209243591,0.158724,-1.010936,0.259925
A,209245991,7.9799,0.7254,-0.9768
G,209246084,0.214118,-1.151551,0.260990
A,209248462,7.6279,0.6069,-1.2426
G,209248579,0.407996,-1.244229,0.270577
A,209250933,7.0390,0.5243,-1.7597
G,209251072,0.619984,-1.344364,0.272708
A,209253404,6.3638,0.4130,-2.3487
G,209253568,0.742489,-1.491370,0.303600
A,209255856,5.5522,0.2083,-2.7366
G,209256041,0.775512,-1.683118,0.421845
A,209258329,4.8375,-0.1077,-2.9305
G,209258535,0.840494,-1.866343,0.637028
A,209260813,4.6328,-0.5890,-3.1280
G,209261040,1.100418,-1.983522,0.893757
A,209263285,4.9057,-1.1133,-3.6919
G,209263535,1.624528,-1.972870,1.096157
TRK,209258,-0.03068,0.81194,0.36149,0.45732,0.6208,2.0515,-0.6956,0.000,0.000,0.000,3,1
A,209265739,5.6240,-1.5945,-4.7872
G,209266009,2.266883,-1.857821,1.168595
A,209268224,6.8199,-2.0004,-6.2560
G,209268513,2.722816,-1.712945,1.111071
A,209270695,8.1379,-2.2553,-7.6207
G,209271009,2.723881,-1.650095,0.948085
A,209273149,9.5493,-2.4600,-8.3857
G,209273481,2.227468,-1.701227,0.702009
TRK,209274,-0.04178,0.82009,0.36317,0.44023,0.6208,2.0515,-0.6956,0.000,0.000,0.000,3,1
A,209275646,10.8314,-2.6109,-8.4252
G,209275996,1.433846,-1.879126,0.394148
A,209278117,11.4778,-2.6540,-7.9476
G,209278491,0.664725,-2.118811,0.001065
A,209280575,11.6717,-2.6252,-7.3011
G,209280966,0.151268,-2.368083,-0.453803
A,209283063,11.1761,-2.4529,-6.8702
G,209283471,-0.060720,-2.552374,-0.925715
A,209285535,10.2963,-2.1727,-6.7732
G,209285966,-0.087352,-2.669553,-1.327320
A,209288004,9.1040,-1.8352,-6.9492
G,209288452,-0.058590,-2.736664,-1.607484
A,209290504,7.6926,-1.5191,-7.2329
G,209290967,-0.052198,-2.794188,-1.753425
A,209292975,6.2956,-1.2390,-7.4771
G,209293462,-0.057524,-2.837864,-1.789644
A,209295455,5.2792,-1.0379,-7.5776
G,209295957,0.007457,-2.798450,-1.748099
A,209297927,4.6759,-0.8188,-7.5812
G,209298473,0.236489,-2.591788,-1.694836
A,209300378,4.7082,-0.6213,-7.6172
G,209300969,0.607201,-2.280731,-1.666073
A,209302858,5.0709,-0.3843,-7.6998
G,209303461,0.996022,-2.010154,-1.642638
A,209305330,5.5773,-0.1437,-7.8362
TRK,209300,-0.02493,0.82873,0.37918,0.41086,0.6208,2.0515,-0.6956,0.000,0.000,0.000,3,1
G,209305976,1.282578,-1.853560,-1.605353
A,209307783,6.3961,0.0467,-7.9691
G,209308472,1.445564,-1.768339,-1.554221
A,209310267,7.2437,0.2478,-8.0625
G,209310967,1.515871,-1.691640,-1.537176
A,209312738,8.1630,0.4310,-8.1918
G,209313463,1.496696,-1.657551,-1.589374
A,209315204,8.7915,0.6788,-8.4108
G,209315938,1.370995,-1.689509,-1.737446
A,209317675,8.9459,1.0307,-8.5976
G,209318434,1.128115,-1.758751,-1.962217
TRK,209312,-0.02342,0.82922,0.39120,0.39850,0.6208,2.0515,-0.6956,0.000,0.000,0.000,3,1
A,209320141,8.7305,1.4832,-8.5940
G,209320909,0.796818,-1.807754,-2.185922
A,209322613,8.1954,1.9896,-8.2313
G,209323415,0.442085,-1.819471,-2.330799
A,209325060,7.6459,2.4888,-7.4950
G,209325911,0.170442,-1.831189,-2.347843
A,209327533,7.0425,2.9413,-6.5721
G,209328391,0.096939,-1.857821,-2.280731
A,209330004,6.2453,3.3507,-5.8107
G,209330908,0.287621,-1.865278,-2.172074
A,209332464,5.4229,3.7026,-5.3618
G,209333403,0.675378,-1.836516,-2.028263
A,209334954,4.5969,3.9935,-5.2792
G,209335899,1.123854,-1.771535,-1.818406
A,209337426,4.0438,4.1767,-5.4444
G,209338395,1.509480,-1.692705,-1.553155
TRK,209333,-0.01278,0.82752,0.41179,0.38141,0.6208,2.0515,-0.6956,0.000,0.000,0.000,3,1
A,209339917,3.8894,4.2737,-5.6850
G,209340891,1.791775,-1.607484,-1.290035
A,209342388,3.9756,4.3275,-5.9723
G,209343387,1.968608,-1.553155,-1.078048
A,209344860,4.2198,4.3598,-6.2309
G,209345864,2.033590,-1.574461,-0.925715
A,209347332,4.4568,4.3922,-6.4212
G,209348371,1.988849,-1.672465,-0.812797
A,209349785,4.6974,4.4317,-6.5146
G,209350867,1.864213,-1.825863,-0.728641
A,209352269,4.8411,4.4748,-6.5182
G,209353353,1.711880,-2.000566,-0.679639
A,209354740,4.9524,4.5215,-6.4931
G,209355860,1.562743,-2.190184,-0.661529
A,209357195,4.8842,4.5933,-6.5290
G,209358356,1.428519,-2.378736,-0.664725
TRK,209358,-0.01565,0.83015,0.43074,0.35365,0.6208,2.0515,-0.6956,0.000,0.000,0.000,3,1
A,209359691,4.6543,4.6902,-6.6583
G,209360853,1.293231,-2.553439,-0.670051
A,209362162,4.2593,4.8195,-6.8091
G,209363349,1.138768,-2.708967,-0.660464
A,209364639,3.7601,4.9596,-6.9204
G,209365826,0.959803,-2.854908,-0.601874
A,209367110,3.3004,5.0961,-6.8809
G,209368334,0.795752,-2.988066,-0.478304
A,209369568,3.0203,5.1751,-6.7445
G,209370830,0.706270,-3.105246,-0.301470
A,209372056,2.9413,5.2038,-6.5936
G,209373317,0.735032,-3.189401,-0.112918
A,209374528,3.0311,5.1751,-6.5972
TRK,209370,-0.01172,0.83465,0.43606,0.33625,0.6208,2.0515,-0.6956,0.000,0.000,0.000,3,1
G,209375835,0.866060,-3.251187,0.058590
A,209376997,3.2358,5.1032,-6.8378
G,209378331,1.029045,-3.294863,0.207727
A,209379468,3.4405,5.0063,-7.2975
G,209380828,1.137702,-3.327886,0.340885
A,209381919,3.6308,4.8949,-7.8470
G,209383324,1.135572,-3.354517,0.462325
A,209384400,3.7960,4.7836,-8.3606
G,209385802,1.022654,-3.374758,0.590156
A,209386872,3.9289,4.6795,-8.6945
G,209388310,0.844755,-3.390736,0.733967
A,209389334,4.0797,4.5610,-8.8095
G,209390806,0.671117,-3.396063,0.898018
A,209391827,4.2916,4.4245,-8.7736
G,209393294,0.565655,-3.391802,1.058873
A,209394298,4.4640,4.2737,-8.6874
G,209395812,0.557133,-3.388606,1.185639
A,209396772,4.6436,4.1013,-8.6945
G,209398308,0.637028,-3.392867,1.275122
A,209399244,4.7477,3.9253,-8.8992
TRK,209394,-0.00516,0.84868,0.43536,0.30029,0.6208,2.0515,-0.6956,0.000,0.000,0.000,3,1
G,209400826,0.746750,-3.404585,1.341168
A,209401718,4.8088,3.7457,-9.2835
G,209403322,0.822384,-3.414172,1.404018
A,209404211,4.9201,3.5446,-9.8114
G,209405807,0.820254,-3.421629,1.470065
A,209406682,5.0099,3.3327,-10.3573
G,209408310,0.730771,-3.416303,1.525459
A,209409144,5.1176,3.1137,-10.8565
G,209410806,0.576308,-3.400324,1.561678
A,209411621,5.1607,2.9018,-11.2551
G,209413274,0.387756,-3.369431,1.578722
A,209414092,5.1104,2.7186,-11.5101
TRK,209413,0.00004,0.86433,0.42544,0.26822,0.6208,2.0515,-0.6956,0.000,0.000,0.000,3,1
G,209415773,0.205596,-3.332147,1.591505
A,209416550,4.9847,2.5426,-11.6466
G,209418269,0.069242,-3.288471,1.617071
A,209419034,4.8662,2.3631,-11.7256
G,209420743,0.006392,-3.234143,1.654356
A,209421505,4.7585,2.1799,-11.8226
G,209423252,0.017044,-3.162770,1.692705
A,209423975,4.7082,1.9932,-12.0560
G,209425748,0.064981,-3.079679,1.712945
A,209426463,4.6938,1.8208,-12.4475
G,209428225,0.091613,-2.996588,1.718271
A,209428935,4.7010,1.6592,-12.9466
G,209430725,0.044741,-2.917759,1.723598
A,209431396,4.7441,1.5227,-13.4243
G,209433220,-0.091613,-2.834668,1.739577
A,209433888,4.8590,1.3934,-13.7547
G,209435700,-0.282295,-2.730273,1.763013
A,209436359,5.0422,1.2713,-13.8588
TRK,209432,0.00852,0.87914,0.41106,0.24099,0.6208,2.0515,-0.6956,0.000,0.000,0.000,3,1
G,209438210,-0.465521,-2.591788,1.782187
A,209438831,5.2792,1.1636,-13.7834
G,209440706,-0.592287,-2.431999,1.790709
A,209441303,5.5665,1.0594,-13.6146
G,209443196,-0.648746,-2.277535,1.793905
A,209443756,5.8035,0.9804,-13.4710
G,209445692,-0.653007,-2.150769,1.789644
A,209446228,6.0837,0.9014,-13.4422
G,209448182,-0.629571,-2.033590,1.786448
A,209448683,6.2991,0.8583,-13.5356
G,209450703,-0.614658,-1.903627,1.785383
A,209451169,6.5074,0.8188,-13.7008
G,209453199,-0.642354,-1.754490,1.797101
A,209453641,6.7265,0.7901,-13.8373
G,209455679,-0.724380,-1.600027,1.825863
A,209456088,6.9168,0.7398,-13.8193
G,209458181,-0.829841,-1.444498,1.878061
A,209458557,7.1467,0.6680,-13.6254
TRK,209459,0.02084,0.89392,0.38935,0.22110,0.6208,2.0515,-0.6956,0.000,0.000,0.000,3,1
G,209460701,-0.904409,-1.294296,1.936651
A,209461045,7.4268,0.5423,-13.2914
G,209463197,-0.908670,-1.161138,1.986718
A,209463517,7.7931,0.3807,-12.9754
G,209465676,-0.847950,-1.063134,2.005893
A,209465965,8.1558,0.2047,-12.8030
G,209468172,-0.768056,-0.991761,1.982457
A,209468437,8.4934,0.0251,-12.8245
G,209470653,-0.737163,-0.936367,1.915345
A,209470888,7.6459,-0.0970,-12.5013
G,209473165,-0.766990,-0.828776,1.859952
A,209473370,6.8378,-0.2801,-11.7184
G,209475660,-0.691357,-0.464455,2.086853
A,209475842,6.0837,-0.7290,-10.0413
G,209478151,-0.303600,0.143811,2.667422
A,209478305,5.8754,-1.4293,-8.0445
G,209480647,0.555003,0.801079,3.358778
TRK,209475,0.02678,0.90206,0.37240,0.21654,0.6208,2.0515,-0.6956,0.000,0.000,0.000,3,1
A,209480798,6.5110,-2.3200,-6.6547
G,209483118,1.769404,1.194161,3.746535
A,209483270,7.2616,-3.3255,-6.5541
G,209485620,2.984871,1.249555,3.702859
A,209485744,7.6567,-4.2018,-8.0373
G,209488116,3.730556,1.112136,3.410976
A,209488215,7.8614,-4.9775,-10.5010
G,209490618,3.651726,0.900148,3.012568
A,209490691,8.1092,-5.7102,-12.9826
G,209493114,2.722816,0.677508,2.526807
A,209493163,8.2061,-6.3279,-14.5232
STAT,404.7,400.7,0,0,0,3.2696,187.014,0.4774,0.8404,1.7612,9.8104,3.18,0.000
G,209495596,1.248490,0.442085,1.950499
A,209495619,8.0553,-6.8127,-14.6058
A,209498099,7.7105,-7.1431,-13.3561
G,209498100,-0.270577,0.218379,1.325189
A,209500570,7.1970,-7.3442,-11.3054
G,209500596,-1.357147,0.036219,0.723314
A,209503039,6.8989,-7.4484,-9.3769
G,209503089,-1.775796,-0.123571,0.191748
A,209505510,6.7481,-7.4412,-8.3282
G,209505584,-1.598962,-0.278034,-0.294013
TRK,209504,0.00423,0.91223,0.34623,0.21895,0.6208,2.0515,-0.6956,0.000,0.000,0.000,3,1
A,209507960,6.6080,-7.3334,-8.4396
G,209508057,-1.141963,-0.409062,-0.771251
A,209510431,6.4248,-7.0928,-9.4200
G,209510553,-0.786165,-0.490022,-1.243164
A,209512882,6.1375,-6.7409,-10.6303
G,209513026,-0.805340,-0.502805,-1.676726
A,209515352,5.8251,-6.3279,-11.3126
G,209515517,-1.247425,-0.468716,-2.045308
A,209517845,5.5270,-5.8682,-11.0361
G,209518031,-1.929194,-0.404800,-2.342516
A,209520316,5.3367,-5.4229,-9.8833
G,209520527,-2.541721,-0.356864,-2.586462
TRK,209516,0.01120,0.91018,0.35175,0.21844,0.6208,2.0515,-0.6956,0.000,0.000,0.000,3,1
A,209522790,5.2577,-4.9775,-8.3282
G,209523021,-2.793123,-0.325971,-2.770753
A,209525261,5.2218,-4.5610,-6.9671
G,209525540,-2.566222,-0.302535,-2.923085
A,209527711,5.4588,-4.1156,-6.3925
G,209528036,-1.957956,-0.232228,-3.054113
A,209530197,5.4372,-3.5805,-6.6008
G,209530539,-1.255947,-0.109722,-3.209641
A,209532668,5.4085,-3.0059,-7.2868
G,209533035,-0.786165,-0.008522,-3.368366
TRK,209533,0.03344,0.90106,0.37107,0.22197,0.6208,2.0515,-0.6956,0.000,0.000,0.000,3,1
A,209535154,5.4911,-2.4205,-7.8973
G,209535539,-0.726510,0.046872,-3.463174
A,209537626,5.3977,-1.9357,-7.8721
G,209538034,-1.017327,0.023436,-3.455718
A,209540085,5.9077,-1.5766,-7.1395
G,209540510,-1.370995,0.018109,-3.391802
A,209542556,6.2417,-1.2462,-6.0082
G,209543022,-1.494566,0.055394,-3.377953
A,209545003,6.4608,-0.9014,-4.9668
G,209545518,-1.276187,0.094809,-3.456783
A,209547483,6.6978,-0.4956,-4.4496
G,209548011,-0.825580,0.059655,-3.562244
A,209549954,6.7193,-0.0790,-4.5610
G,209550507,-0.365386,-0.046872,-3.605920
A,209552413,6.7768,0.3340,-5.1032
G,209552979,-0.089482,-0.171508,-3.573962
A,209554884,6.8630,0.6823,-5.6814
TRK,209549,0.04818,0.88891,0.39649,0.22429,0.6208,2.0515,-0.6956,0.000,0.000,0.000,3,1
G,209555504,-0.086286,-0.280165,-3.515372
A,209557346,6.4284,0.9625,-5.9221
G,209558000,-0.322775,-0.435693,-3.493002
A,209559839,5.6922,1.0918,-5.6491
G,209560504,-0.619984,-0.641289,-3.478088
A,209562311,4.6184,1.0702,-5.0781
G,209563000,-0.739293,-0.890561,-3.453587
A,209564784,3.5446,0.9158,-4.6795
G,209565484,-0.508131,-1.133441,-3.413107
A,209567256,2.5678,0.7470,-4.9919
G,209567999,0.035154,-1.341168,-3.393932
A,209569710,1.8316,0.6428,-6.1447
G,209570494,0.646616,-1.488174,-3.409911
A,209572185,1.3683,0.6249,-7.8901
G,209572977,1.019458,-1.561678,-3.432282
A,209574656,1.2462,0.7039,-9.6355
G,209575473,0.983239,-1.535046,-3.424825
TRK,209569,0.06123,0.87621,0.42638,0.21612,0.6208,2.0515,-0.6956,0.000,0.000,0.000,3,1
A,209577123,1.2713,0.8942,-10.8170
G,209577948,0.582700,-1.386974,-3.408846
A,209579612,1.2354,1.1600,-11.0289
G,209580445,-0.002131,-1.162203,-3.421629
A,209582084,1.2641,1.5335,-10.2855
G,209582941,-0.541154,-0.922519,-3.425890
A,209584560,0.9122,1.9537,-8.7700
G,209585425,-0.838363,-0.735032,-3.375823
A,209587031,0.7362,2.3487,-6.9599
G,209587940,-0.772317,-0.622114,-3.260774
A,209589490,0.5710,2.6827,-5.3726
G,209590436,-0.358994,-0.617853,-3.125486
A,209591974,0.5171,2.9377,-4.4209
G,209592926,0.281230,-0.733967,-2.982740
A,209594446,0.5890,3.1101,-4.3060
G,209595422,0.964064,-0.945955,-2.835734
A,209596937,0.8152,3.2250,-4.9452
G,209597917,1.526524,-1.177117,-2.700445
A,209599408,1.1815,3.3471,-6.0873
G,209600413,1.837581,-1.332646,-2.606702
TRK,209595,0.07415,0.86073,0.46159,0.20147,0.6208,2.0515,-0.6956,0.000,0.000,0.000,3,1
A,209601880,1.5550,3.5410,-7.3191
G,209602889,1.796036,-1.431715,-2.574744
A,209604351,1.8998,3.7637,-8.1128
G,209605396,1.366734,-1.555286,-2.601376
A,209606804,2.1368,4.0223,-8.0804
G,209607891,0.656203,-1.774730,-2.648247
A,209609276,2.3523,4.2126,-7.0390
G,209610366,-0.046872,-2.039981,-2.677010
A,209611771,2.4888,4.3347,-5.2792
G,209612863,-0.413323,-2.288188,-2.670618
A,209614242,2.5391,4.4137,-3.3615
G,209615359,-0.271642,-2.522546,-2.632268
TRK,209614,0.08083,0.85206,0.48461,0.18058,0.6208,2.0515,-0.6956,0.000,0.000,0.000,3,1
A,209616717,2.4098,4.4568,-2.0865
G,209617836,0.321710,-2.819755,-2.558765
A,209619188,1.9824,4.5143,-2.0183
G,209620343,1.153681,-3.181945,-2.447978
A,209621644,1.3539,4.5502,-3.3148
G,209622839,1.932389,-3.538808,-2.304167
A,209624131,0.6069,4.6005,-5.6455
G,209625327,2.342516,-3.796602,-2.146508
A,209626602,-0.3196,4.6723,-8.1307
G,209627845,2.140116,-3.975567,-1.995240
A,209629070,-1.1492,4.6651,-9.8366
G,209630340,1.363539,-4.174771,-1.838646
A,209631569,-1.8136,4.5538,-10.1849
G,209632838,0.410127,-4.419782,-1.675661
A,209634040,-2.1476,4.3167,-9.4774
G,209635333,-0.171508,-4.622182,-1.535046
A,209636514,-2.0255,4.1120,-8.5724
G,209637806,-0.090547,-4.659467,-1.486044
A,209638985,-2.0291,4.0977,-8.3749
G,209640301,0.426106,-4.582767,-1.557416
TRK,209634,0.09316,0.84886,0.50102,0.14046,0.6208,2.0515,-0.6956,0.000,0.000,0.000,3,1
A,209641465,-2.0973,4.2772,-9.0285
G,209642780,0.804275,-4.543353,-1.642638
A,209643936,-2.1189,4.4999,-10.0126
G,209645288,0.618919,-4.682902,-1.582983
A,209646397,-1.8603,4.6759,-10.6410
G,209647784,-0.043676,-4.926848,-1.361408
A,209648869,-1.2821,4.7764,-10.5225
G,209650273,-0.739293,-5.074920,-1.159008
A,209651311,-0.4597,4.9093,-9.8474
G,209652778,-1.125985,-5.045092,-1.112136
A,209653771,-0.0646,5.1140,-9.0788
G,209655274,-1.171791,-4.938566,-1.147290
A,209656256,-0.0251,5.3331,-8.3713
G,209657752,-1.007740,-4.899151,-1.055677
A,209658727,-0.1580,5.3618,-7.8757
G,209660255,-0.651942,-4.934305,-0.747816
A,209661186,0.0359,5.2253,-7.7428
G,209662751,-0.038350,-4.854410,-0.318514
TRK,209662,0.13202,0.84727,0.50754,0.08430,0.6208,2.0515,-0.6956,0.000,0.000,0.000,3,1
A,209663682,0.3196,5.0422,-8.1954
G,209665240,0.735032,-4.636031,0.036219
A,209666153,0.6823,4.9165,-9.2656
G,209667759,1.346494,-4.344148,0.224771
A,209668630,0.9625,4.8914,-10.6015
G,209670255,1.433846,-4.188620,0.316384
A,209671101,1.0523,4.8159,-11.5137
G,209672752,0.947020,-4.244013,0.430367
A,209673557,1.3719,4.5358,-11.5460
G,209675248,0.233293,-4.435761,0.562460
TRK,209674,0.14081,0.85090,0.50273,0.05834,0.6208,2.0515,-0.6956,0.000,0.000,0.000,3,1
A,209676046,1.6592,4.0115,-10.7560
G,209677727,-0.232228,-4.627509,0.600809
A,209678517,1.9070,3.2896,-9.7540
G,209680232,-0.202400,-4.744688,0.519849
A,209680981,1.9321,2.5426,-9.2189
G,209682727,0.202400,-4.839496,0.403735
A,209683453,1.6412,1.8136,-9.5026
G,209685237,0.674312,-4.941761,0.340885
A,209685924,1.4545,1.1133,-10.5405
G,209687733,0.961934,-5.016330,0.348341
A,209688395,1.1349,0.4741,-11.9626
G,209690223,0.959803,-5.018461,0.354733
A,209690847,0.9373,-0.1185,-13.2950
G,209692737,0.682835,-4.983307,0.329167
A,209693324,0.6931,-0.6393,-14.2467
G,209695233,0.240750,-4.955610,0.241815
A,209695796,0.2658,-1.0199,-14.8429
TRK,209691,0.15642,0.85440,0.49483,0.02620,0.6208,2.0515,-0.6956,0.000,0.000,0.000,3,1
G,209697732,-0.220510,-4.976915,0.074569
A,209698259,-0.2981,-1.2929,-15.1625
G,209700228,-0.580569,-5.012069,-0.175769
A,209700731,-1.1205,-1.4760,-15.4606
G,209702708,-0.811731,-5.021657,-0.471912
A,209703176,-1.9896,-1.5909,-15.8412
G,209705225,-0.958738,-4.956676,-0.731837
A,209705660,-2.6504,-1.6484,-16.3404
G,209707721,-1.081243,-4.799016,-0.938498
A,209708131,-3.1316,-1.6125,-16.8827
G,209710211,-1.228250,-4.552940,-1.120658
A,209710588,-3.1891,-1.4437,-17.4178
G,209712731,-1.431715,-4.220577,-1.299623
A,209713076,-3.1316,-1.1420,-17.7015
G,209715226,-1.710815,-3.822169,-1.451955
A,209715548,-2.7653,-0.7793,-17.5974
G,209717706,-2.028263,-3.394997,-1.532915
A,209717996,-2.0901,-0.4453,-16.9007
G,209720216,-2.295645,-2.977414,-1.553155
A,209720476,-1.0523,-0.1724,-15.7874
G,209722712,-2.398975,-2.605637,-1.551025
A,209722947,0.2478,0.0754,-14.4694
TRK,209718,0.19727,0.84771,0.49182,-0.02412,0.6208,2.0515,-0.6956,0.000,0.000,0.000,3,1
G,209725202,-2.300971,-2.290318,-1.553155
A,209725408,1.7238,0.3124,-13.2627
G,209727719,-2.071939,-2.059156,-1.559547
A,209727897,3.1675,0.6428,-12.3433
G,209730215,-1.841842,-1.912150,-1.567004
A,209730368,4.5286,0.9912,-11.5317
G,209732715,-1.702292,-1.859952,-1.584048
A,209732841,5.7928,1.4257,-10.8996
G,209735210,-1.627724,-1.876996,-1.631985
A,209735312,6.5757,1.9249,-10.3789
TRK,209734,0.22162,0.83644,0.50005,-0.03474,0.6208,2.0515,-0.6956,0.000,0.000,0.000,3,1
G,209737690,-1.565939,-1.960086,-1.717206
A,209737766,6.9420,2.3954,-9.9659
G,209740201,-1.486044,-2.107093,-1.801362
A,209740250,6.7445,2.7904,-9.8689
G,209742697,-1.385909,-2.273274,-1.837581
A,209742721,6.1088,3.0023,-10.0952
G,209745176,-1.277252,-2.398975,-1.801362
A,209745176,5.3870,2.9772,-10.5548
A,209747652,4.6507,2.7869,-11.2336
G,209747677,-1.194161,-2.439456,-1.735316
A,209750123,4.0977,2.5103,-11.8872
G,209750172,-1.209075,-2.428803,-1.692705
A,209752589,3.6452,2.3092,-12.2212
G,209752661,-1.364604,-2.400041,-1.700162
A,209755060,3.1819,2.1871,-12.2392
G,209755157,-1.645833,-2.386192,-1.772600
TRK,209749,0.23816,0.82664,0.50769,-0.04690,0.6208,2.0515,-0.6956,0.000,0.000,0.000,3,1
A,209757519,2.6432,2.1943,-11.9339
G,209757638,-1.986718,-2.413889,-1.906823
A,209759996,1.8495,2.2266,-11.5424
G,209760137,-2.318015,-2.522546,-2.090049
A,209762467,0.7937,2.1656,-11.3485
G,209762633,-2.596049,-2.733469,-2.293514
A,209764918,-0.3519,1.9968,-11.4527
G,209765104,-2.811233,-3.022155,-2.461826
A,209767399,-1.6161,1.6807,-11.8298
G,209767607,-2.967826,-3.315103,-2.558765
A,209769871,-2.7653,1.2677,-12.4331
G,209770103,-3.064765,-3.522829,-2.584332
A,209772333,-3.8211,0.8619,-13.0580
G,209772585,-3.087136,-3.573962,-2.564091
A,209774826,-4.6364,0.5207,-13.7475
G,209775097,-3.032808,-3.447196,-2.520416
A,209777297,-5.2972,0.3340,-14.4119
G,209777593,-2.932673,-3.180879,-2.453304
TRK,209773,0.27567,0.80483,0.52148,-0.06573,0.6208,2.0515,-0.6956,0.000,0.000,0.000,3,1
A,209779771,-5.7102,0.2693,-14.9219
G,209780085,-2.869822,-2.813363,-2.372344
A,209782243,-5.9292,0.2622,-15.1373
G,209782581,-2.896454,-2.384062,-2.277535
A,209784698,-6.0370,0.1975,-14.7818
G,209785054,-2.978479,-1.914280,-2.167813
A,209787174,-5.9652,0.0251,-13.9199
G,209787548,-2.997654,-1.426389,-2.054895
A,209789646,-5.6383,-0.2550,-12.7383
G,209790043,-2.812298,-0.937433,-1.961152
A,209792112,-5.1140,-0.3735,-11.8441
G,209792527,-2.349973,-0.425040,-1.917476
A,209794584,-4.4460,-0.2227,-11.5173
G,209795022,-1.712945,0.092678,-1.934520
A,209797052,-3.5482,0.1867,-11.5604
G,209797506,-1.217597,0.542220,-2.001632
TRK,209798,0.30979,0.77940,0.53971,-0.07271,0.6208,2.0515,-0.6956,0.000,0.000,0.000,3,1
A,209799551,-2.6791,0.7721,-11.5604
G,209800020,-1.163269,0.849016,-2.093245
A,209802022,-1.8064,1.2570,-11.1474
G,209802516,-1.555286,0.992826,-2.194445
A,209804478,-0.9876,1.6125,-10.2999
G,209804987,-2.103897,1.001348,-2.304167
A,209806969,-0.2801,1.9106,-9.3446
G,209807491,-2.522546,0.916127,-2.444782
A,209809440,0.3591,2.3703,-8.4539
G,209810006,-2.775014,0.777643,-2.628007
A,209811891,1.0307,3.3686,-7.5776
G,209812502,-2.991262,0.634898,-2.871953
A,209814370,1.3036,5.4049,-6.7840
G,209814993,-3.269296,0.483630,-3.138269
A,209816841,1.3611,7.3801,-5.7712
TRK,209812,0.31773,0.76460,0.55702,-0.06452,0.6208,2.0515,-0.6956,0.000,0.000,0.000,3,1
G,209817517,-3.689010,0.229032,-3.268231
A,209819304,0.7649,9.2009,-4.8842
G,209820013,-4.153466,-0.164051,-3.112702
A,209821789,-0.1185,10.0305,-4.6364
G,209822508,-4.366518,-0.562460,-2.704706
A,209824260,-1.0127,9.6534,-4.9057
G,209825003,-4.087420,-0.737163,-2.231729
A,209826723,-1.8028,8.6658,-5.6348
G,209827476,-3.507915,-0.640224,-1.857821
A,209829194,-2.3164,7.5058,-6.6008
G,209829991,-3.043460,-0.386691,-1.582983
A,209831650,-2.7581,6.3997,-7.0390
G,209832486,-2.892193,-0.104396,-1.360343
A,209834126,-3.1891,5.4696,-6.8019
G,209834969,-2.918824,0.172573,-1.137702
A,209836597,-3.6308,4.8698,-6.0226
G,209837465,-2.948652,0.410127,-0.889496
TRK,209831,0.34497,0.73862,0.57666,-0.05375,0.6208,2.0515,-0.6956,0.000,0.000,0.000,3,1
A,209839065,-4.1372,4.6579,-4.9021
G,209839940,-2.850647,0.582700,-0.623180
A,209841536,-4.6364,4.6292,-3.8894
G,209842436,-2.547047,0.690291,-0.369647
A,209844005,-5.0494,4.6687,-3.1388
G,209844911,-2.079396,0.736098,-0.127832
A,209846477,-5.3115,4.5466,-2.7617
G,209847418,-1.576591,0.719053,0.105461
A,209848927,-5.3151,4.1300,-2.7186
G,209849913,-1.110005,0.661529,0.322775
A,209851408,-5.2577,3.4836,-2.8874
G,209852399,-0.682835,0.605070,0.471912
A,209853880,-5.2218,2.7689,-3.3866
G,209854909,-0.285491,0.583765,0.541154
A,209856335,-5.2936,2.0614,-4.0366
G,209857405,0.009587,0.594418,0.565655
TRK,209853,0.35689,0.72974,0.58190,-0.03865,0.6208,2.0515,-0.6956,0.000,0.000,0.000,3,1
A,209858828,-5.3941,1.4653,-4.7513
G,209859901,0.140615,0.623180,0.601874
A,209861300,-5.4336,1.0199,-5.2792
G,209862397,0.117179,0.664725,0.664725
A,209863774,-5.2900,0.7434,-5.4839
G,209864873,0.011718,0.715858,0.727576
A,209866268,-5.1032,0.7290,-5.5270
G,209867370,-0.101200,0.764860,0.758468
A,209868739,-4.8231,0.8871,-5.4157
G,209869866,-0.201335,0.796818,0.744620
A,209871224,-4.5215,1.2067,-5.2648
G,209872352,-0.296144,0.829841,0.695618
A,209873696,-4.1444,1.5694,-5.0422
G,209874859,-0.390952,0.891626,0.615723
A,209876151,-3.6667,1.9321,-4.7441
G,209877355,-0.464455,1.003479,0.517718
A,209878623,-3.1137,2.3128,-4.3742
TRK,209872,0.35378,0.73334,0.57974,-0.03095,0.6208,2.0515,-0.6956,0.000,0.000,0.000,3,1
G,209879852,-0.520914,1.128115,0.407996
A,209881070,-2.5965,2.7545,-3.8786
G,209882348,-0.598679,1.194161,0.299339
A,209883541,-2.1476,3.2286,-3.2537
G,209884845,-0.717988,1.138768,0.218379
A,209885990,-1.9178,3.7421,-2.3882
G,209887341,-0.822384,0.954477,0.189617
A,209888470,-1.8531,4.1875,-1.3539
G,209889818,-0.794687,0.682835,0.225836
A,209890942,-1.9178,4.4568,-0.4776
G,209892326,-0.524110,0.389887,0.307861
A,209893403,-2.1691,4.5861,-0.1077
G,209894822,-0.021305,0.118244,0.397344
A,209895884,-2.5929,4.5394,-0.2873
G,209897300,0.570982,-0.099070,0.494283
A,209898355,-3.0742,4.3491,-0.8655
TRK,209893,0.35305,0.73351,0.58047,-0.01935,0.6208,2.0515,-0.6956,0.000,0.000,0.000,3,1
G,209899818,1.079113,-0.254598,0.619984
A,209900828,-3.6380,4.0833,-1.3719
G,209902313,1.448759,-0.357929,0.789361
A,209903318,-3.9756,3.6272,-1.5083
G,209904798,1.751295,-0.470847,0.978978
A,209905789,-4.1731,3.0490,-1.7274
G,209907307,2.043177,-0.695618,1.136637
A,209908254,-4.3958,2.3667,-2.4062
G,209909803,2.260491,-1.074852,1.220793
A,209910749,-4.6759,1.6664,-3.6595
G,209912291,2.256230,-1.521197,1.225054
A,209913220,-5.0242,1.1205,-5.0817
TRK,209913,0.34606,0.74281,0.57239,-0.02902,0.6208,2.0515,-0.6956,0.000,0.000,0.000,3,1
G,209914809,1.941977,-1.898301,1.170726
A,209915695,-5.3044,0.7111,-5.9364
G,209917305,1.422128,-2.152899,1.087635
A,209918167,-5.4552,0.4812,-5.8287
G,209919795,0.967260,-2.338255,0.976847
A,209920615,-5.4731,0.3843,-5.0099
G,209922291,0.824515,-2.527873,0.845820
A,209923099,-5.5198,0.3771,-4.1587
G,209924765,1.036502,-2.770753,0.709466
A,209925570,-5.7245,0.4417,-3.8499
G,209927261,1.444498,-3.066896,0.572047
A,209928058,-6.0549,0.5567,-4.2916
G,209929740,1.826928,-3.386475,0.417584
A,209930530,-6.4895,0.6823,-5.3044
G,209932242,2.037851,-3.671966,0.226901
A,209932992,-6.7624,1.1708,-6.5685
G,209934738,2.058091,-3.866910,0.005326
A,209935463,-6.5685,2.0901,-7.6100
TRK,209930,0.35039,0.74993,0.55885,-0.05022,0.6208,2.0515,-0.6956,0.000,0.000,0.000,3,1
G,209937228,1.919606,-3.948935,-0.185356
A,209937914,-6.0908,3.2070,-8.3210
G,209939723,1.662878,-3.957457,-0.266316
A,209940385,-5.5988,4.5215,-8.6084
G,209942213,1.397627,-3.923369,-0.240750
A,209942837,-5.3115,5.4624,-8.6586
G,209944709,1.292166,-3.809385,-0.159790
A,209945320,-5.5522,6.2596,-8.5868
G,209947179,1.423193,-3.582484,-0.064981
A,209947792,-5.9544,6.7696,-8.5940
G,209949694,1.692705,-3.287406,0.094809
A,209950270,-6.2560,7.1970,-8.7305
G,209952190,1.978196,-2.987001,0.337689
A,209952741,-6.2165,7.4160,-9.0896
G,209954690,2.257295,-2.668487,0.654072
A,209955206,-5.8359,7.3514,-9.6426
G,209957186,2.530003,-2.292449,1.013066
TRK,209956,0.35779,0.75604,0.53900,-0.09934,0.6208,2.0515,-0.6956,0.000,0.000,0.000,3,1
A,209957702,-5.0889,7.0461,-10.1957
G,209959666,2.748382,-1.871669,1.386974
A,209960173,-4.1120,6.5362,-10.5548
G,209962177,2.869822,-1.471130,1.720402
A,209962650,-3.1280,5.8682,-10.4543
G,209964673,2.933738,-1.134507,1.945173
A,209965121,-2.3595,5.1715,-10.0377
G,209967164,3.043460,-0.866060,2.021872
A,209967579,-1.8711,4.5717,-9.5565
G,209969660,3.235208,-0.659399,1.975000
A,209970050,-1.8783,4.2737,-9.4092
G,209972151,3.437608,-0.515588,1.869539
A,209972509,-2.1296,4.1623,-9.5241
G,209974665,3.507915,-0.435693,1.777926
A,209974991,-2.4313,4.2126,-9.8761
G,209977161,3.399259,-0.404800,1.715076
A,209977463,-2.6899,4.2557,-10.1239
TRK,209977,0.34067,0.77538,0.51874,-0.11681,0.6208,2.0515,-0.6956,0.000,0.000,0.000,3,1
G,209979662,3.158509,-0.409062,1.654356
A,209979933,-2.8766,4.2234,-10.1347
G,209982158,2.877279,-0.467651,1.581918
A,209982405,-2.9556,4.0474,-9.8940
G,209984639,2.620550,-0.594418,1.523328
A,209984856,-3.0347,3.7206,-9.4918
G,209987146,2.444782,-0.778708,1.507349
A,209987334,-2.9808,3.2106,-9.1327
G,209989641,2.398975,-0.978978,1.502023
A,209989806,-2.7402,2.5534,-9.1219
G,209992133,2.449043,-1.154747,1.447694
A,209992269,-2.2805,1.8172,-9.7468
G,209994651,2.466087,-1.266599,1.313471
A,209994761,-1.8280,1.1815,-10.9894
G,209997147,2.295645,-1.242098,1.118528
A,209997232,-1.1600,0.7003,-12.4008
TRK,209993,0.32939,0.78710,0.50566,-0.12757,0.6208,2.0515,-0.6956,0.000,0.000,0.000,3,1
G,209999648,1.822667,-1.075917,0.929976
A,209999707,-0.4310,0.4525,-13.3022
G,210002144,1.073786,-0.833037,0.782969
A,210002178,0.3448,0.4561,-13.0400
G,210004625,0.268447,-0.613592,0.667921
A,210004634,1.2426,0.7506,-11.5784
A,210007113,1.9501,1.2821,-9.4631
G,210007128,-0.271642,-0.487891,0.548611
A,210009584,2.3846,1.9070,-7.5812
G,210009624,-0.340885,-0.500674,0.432497
A,210012052,2.5391,2.4708,-6.6260
G,210012116,-0.033023,-0.705205,0.372843
A,210014551,2.3020,2.6827,-6.7840
G,210014637,0.373908,-1.070591,0.398409
A,210017022,1.8423,2.5247,-7.8039
G,210017133,0.630637,-1.490305,0.495348
A,210019502,0.9732,2.0111,-9.1399
G,210019635,0.644485,-1.855690,0.580569
A,210021973,-0.1867,1.2929,-10.3825
G,210022130,0.463390,-2.122007,0.580569
TRK,210017,0.32829,0.79310,0.49377,-0.13930,0.6208,2.0515,-0.6956,0.000,0.000,0.000,3,1
A,210024433,-1.6664,0.5674,-11.2946
G,210024612,0.218379,-2.269013,0.471912
A,210026905,-3.3651,-0.0251,-11.8728
G,210027108,0.058590,-2.282862,0.302535
A,210029366,-4.9775,-0.4633,-12.2823
G,210029590,0.072438,-2.166748,0.125701
A,210031859,-6.5469,-0.6572,-12.7383
G,210032102,0.250337,-1.957956,-0.042611
A,210034330,-7.5561,-0.6177,-13.4387
G,210034598,0.496413,-1.696966,-0.202400
A,210036811,-8.2133,-0.3017,-14.3221
G,210037098,0.707336,-1.348625,-0.350472
A,210039282,-8.2313,0.3448,-15.1517
G,210039593,0.800014,-0.849016,-0.465521
TRK,210034,0.33527,0.79233,0.48582,-0.15425,0.6208,2.0515,-0.6956,0.000,0.000,0.000,3,1
A,210041756,-7.5920,1.2390,-15.5683
G,210042086,0.732902,-0.204531,-0.509196
A,210044228,-6.5326,2.2051,-15.2415
G,210044581,0.543285,0.509196,-0.454868
A,210046683,-5.1679,3.1244,-14.1282
G,210047054,0.372843,1.203749,-0.298274
A,210049158,-3.8104,3.8463,-12.3684
G,210049546,0.374973,1.822667,-0.074569
A,210051630,-2.5462,4.3455,-10.3034
G,210052042,0.607201,2.296710,0.183225
A,210054097,-1.4329,4.6148,-8.4791
G,210054525,1.036502,2.551308,0.443150
A,210056593,-0.5423,4.7010,-7.3981
G,210057037,1.589374,2.567287,0.640224
A,210059064,0.1041,4.5789,-7.4843
G,210059533,2.144377,2.378736,0.706270
TRK,210055,0.32632,0.79450,0.48896,-0.15232,0.6208,2.0515,-0.6956,0.000,0.000,0.000,3,1
A,210061543,0.2909,4.3383,-8.7664
G,210062027,2.500176,2.067678,0.623180
A,210064014,-0.2514,4.0366,-10.6841
G,210064540,2.460761,1.729989,0.461259
A,210066464,-1.1959,3.7170,-12.4510
G,210067036,1.951564,1.421063,0.318514
A,210068950,-2.4169,3.3758,-13.4351
G,210069536,1.110005,1.150486,0.249272
A,210071422,-3.6667,3.1244,-13.6254
G,210072032,0.265251,0.967260,0.208792
A,210073893,-4.6507,2.9987,-13.2770
G,210074515,-0.281230,0.958738,0.123571
A,210076364,-5.2325,3.0203,-12.7814
G,210077029,-0.454868,1.173921,-0.020240
A,210078817,-5.2182,3.2250,-12.3828
G,210079525,-0.395213,1.552090,-0.145941
A,210081288,-4.5286,3.5841,-12.0883
G,210082006,-0.226901,2.036785,-0.194943
TRK,210078,0.30638,0.80347,0.49032,-0.14196,0.6208,2.0515,-0.6956,0.000,0.000,0.000,3,1
A,210083782,-3.2070,4.0438,-11.8908
G,210084511,0.015979,2.614159,-0.181095
A,210086254,-1.5945,4.6184,-11.7795
G,210087006,0.294013,3.250122,-0.134223
A,210088728,0.0072,5.2038,-11.6538
G,210089490,0.518784,3.858387,-0.040480
A,210091200,1.4473,5.6922,-11.3701
G,210092005,0.618919,4.330300,0.132093
A,210093656,2.5750,5.9759,-10.9032
G,210094501,0.613592,4.613660,0.363255
TRK,210090,0.29851,0.80526,0.49531,-0.13085,0.6208,2.0515,-0.6956,0.000,0.000,0.000,3,1
A,210096142,3.1639,6.0442,-10.3968
G,210096995,0.569916,4.714860,0.582700
A,210098614,3.2717,5.8646,-10.0916
G,210099515,0.527306,4.666924,0.725445
A,210101077,2.5175,5.3726,-9.8007
G,210102011,0.448476,4.516721,0.800014
A,210103548,2.5786,4.7154,-10.6338
G,210104515,0.290817,4.237622,0.833037
A,210105998,1.1636,3.9720,-11.9590
G,210107011,0.008522,3.742274,0.629571
A,210108477,0.1796,3.7493,-13.8337
G,210109495,-0.517718,3.350256,0.128897
A,210110949,-2.0039,3.7745,-14.7423
G,210112009,-1.482848,3.240534,-0.419714
A,210113410,-3.4333,3.5805,-13.3848
G,210114505,-2.720685,3.517503,-0.508131
A,210115895,-4.7872,3.3184,-10.1095
G,210116993,-3.592071,3.891411,-0.219444
A,210118366,-5.0458,2.6073,-6.3422
TRK,210118,0.27635,0.81122,0.50888,-0.08124,0.6208,2.0515,-0.6956,0.000,0.000,0.000,3,1
G,210119517,-3.497263,4.115116,-0.058590
A,210120838,-5.0530,2.2410,-3.8930
G,210122013,-2.534264,4.125769,-0.263120
A,210123310,-4.9488,2.3308,-3.4153
G,210124517,-1.469000,3.829625,-0.510262
A,210125763,-4.4855,2.4960,-4.1659
G,210127012,-0.900148,3.373692,-0.405866
A,210128248,-3.2537,2.4062,-5.1643
G,210129497,-0.868190,2.893258,-0.063916
A,210130719,-2.2122,1.7992,-6.0406
G,210131998,-1.075917,2.421346,0.116114
A,210133172,-1.6484,0.9517,-7.0030
G,210134494,-1.388040,1.923867,-0.106526
A,210135649,-1.8208,0.1365,-8.2456
G,210136969,-1.949434,1.323058,-0.637028
A,210138120,-3.6057,-0.5243,-9.1219
G,210139465,-2.877279,0.687096,-1.230380
A,210140569,-5.2325,-1.1492,-9.1578
G,210141960,-3.990480,0.129962,-1.665008
TRK,210136,0.27474,0.80702,0.52042,-0.04897,0.6208,2.0515,-0.6956,0.000,0.000,0.000,3,1
A,210143057,-7.8793,-1.6592,-8.1271
G,210144445,-4.849084,-0.303600,-1.970739
A,210145528,-10.2244,-1.9680,-6.8127
G,210146961,-5.023787,-0.633832,-2.190184
A,210147998,-13.8696,-1.5191,-6.2560
G,210149456,-4.392085,-0.813862,-2.396845
A,210150469,-15.9705,-0.9589,-6.6295
G,210151952,-3.244795,-0.677508,-2.289253
A,210152920,-18.6317,-0.0646,-7.8111
G,210154447,-2.049569,-0.216249,-1.812015
TRK,210153,0.30171,0.78833,0.53481,-0.03843,0.6208,2.0515,-0.6956,0.000,0.000,0.000,3,1
A,210155401,-19.2637,0.9194,-9.7181
G,210156923,-1.119593,0.426106,-1.071656
A,210157872,-19.6444,2.0470,-11.0540
G,210159418,-0.541154,1.155812,-0.386691
A,210160324,-18.8077,3.0742,-11.4778
G,210161913,-0.256729,1.954760,0.323840
A,210162815,-17.2813,4.1767,-10.3932
G,210164397,-0.074569,2.830407,1.111071
A,210165286,-14.0815,4.5717,-7.6136
G,210166901,0.290817,3.589941,1.874865
A,210167748,-9.5600,4.5538,-4.3275
G,210169397,0.981108,4.098072,2.326538
A,210170233,-5.3439,4.3634,-1.5443
G,210171873,1.676726,4.115116,2.403237
A,210172704,-1.8316,4.1228,0.0395
G,210174366,1.864213,3.511111,2.300971
A,210175156,-0.3843,3.9289,0.5531
TRK,210175,0.28480,0.79578,0.53419,-0.01590,0.6208,2.0515,-0.6956,0.000,0.000,0.000,3,1
G,210176883,1.304949,2.302037,2.237055
A,210177633,-1.0774,3.4943,0.7649
G,210179379,0.272708,0.732902,2.258361
A,210180128,-3.3722,2.8156,0.8116
G,210181864,-0.641289,-0.824515,2.237055
A,210182600,-7.2006,1.9178,0.5854
G,210184359,-0.966195,-2.050634,2.077266
A,210185082,-11.2228,1.0558,-0.3771
G,210186831,-0.631702,-2.737730,1.829059
A,210187554,-14.3796,0.4633,-2.1835
G,210189339,0.000000,-2.863431,1.553155
A,210190022,-15.5037,0.3304,-4.5789
G,210191835,0.343015,-2.599245,1.272991
A,210192494,-14.0707,0.7183,-6.6152
G,210194321,-0.062851,-2.253034,0.967260
A,210194943,-10.4579,1.4832,-7.3011
TRK,210195,0.29221,0.80475,0.51629,-0.02099,0.6208,2.0515,-0.6956,0.000,0.000,0.000,3,1
G,210196839,-1.255947,-2.125202,0.640224
A,210197423,-5.5737,2.4062,-5.9759
G,210199335,-2.782471,-2.327603,0.328101
A,210199912,-0.7326,3.2896,-2.7904
G,210201809,-3.914846,-2.789927,0.041545
A,210202383,3.0813,4.0438,1.2067
G,210204313,-4.052266,-3.336408,-0.211988
A,210204851,5.1356,4.6687,4.5574
G,210206839,-3.058374,-3.830691,-0.396278
A,210207342,5.4624,5.1571,6.0190
G,210209335,-1.301753,-4.205664,-0.435693
A,210209813,4.5035,5.4696,5.1284
G,210211832,0.582700,-4.451740,-0.292948
A,210212276,2.8084,5.5486,2.2948
G,210214328,2.031459,-4.584898,-0.021305
A,210214748,0.8547,5.3546,-1.4904
G,210216825,2.761165,-4.641357,0.281230
A,210217213,-0.9122,4.8878,-5.1787
G,210219321,2.811233,-4.673315,0.532632
TRK,210218,0.32417,0.80037,0.50154,-0.05267,0.6208,2.0515,-0.6956,0.000,0.000,0.000,3,1
A,210219708,-2.4565,4.2413,-8.0445
G,210221799,2.463957,-4.696751,0.688161
A,210222179,-3.6344,3.5590,-9.9300
G,210224302,2.054895,-4.693555,0.735032
A,210224650,-4.3922,2.9305,-11.0468
G,210226798,1.807754,-4.642422,0.699879
A,210227122,-4.8518,2.4672,-11.8441
G,210229286,1.771535,-4.523113,0.638093
A,210229579,-5.0817,2.1907,-12.6737
G,210231805,1.862082,-4.311125,0.594418
A,210232068,-5.0996,2.0578,-13.6218
G,210234300,1.933455,-4.006459,0.573112
A,210234539,-4.9165,2.0865,-14.6381
G,210236799,1.842907,-3.660248,0.548611
A,210237008,-4.7262,2.2230,-15.4318
G,210239294,1.522263,-3.337473,0.503870
A,210239479,-4.3347,2.4098,-15.7622
TRK,210234,0.32924,0.80518,0.48577,-0.08546,0.6208,2.0515,-0.6956,0.000,0.000,0.000,3,1
G,210241773,1.019458,-3.094593,0.458064
A,210241929,-3.8822,2.5498,-15.5001
G,210244269,0.508131,-2.950782,0.433563
A,210244398,-3.3938,2.5965,-14.7064
G,210246788,0.222640,-2.868757,0.438889
A,210246890,-2.8802,2.4708,-13.8768
G,210249284,0.334493,-2.779275,0.435693
A,210249362,-2.6288,2.2877,-13.4674
G,210251783,0.806405,-2.634399,0.406931
A,210251834,-2.5750,2.0291,-13.9055
G,210254278,1.391235,-2.433064,0.367516
A,210254306,-2.7725,1.7849,-15.0907
G,210256757,1.775796,-2.188053,0.354733
A,210256759,-2.9880,1.5407,-16.5846
A,210259231,-3.0777,1.3396,-17.7554
G,210259253,1.778991,-1.918541,0.382430
A,210261686,-3.0095,1.2210,-18.1864
G,210261732,1.446629,-1.641572,0.418649
TRK,210262,0.33484,0.80922,0.46736,-0.12092,0.6208,2.0515,-0.6956,0.000,0.000,0.000,3,1
A,210264172,-2.8659,1.2067,-17.7231
G,210264241,0.996022,-1.365669,0.414388
A,210266643,-2.6935,1.2318,-16.6170
G,210266737,0.654072,-1.100418,0.357929
A,210269110,-2.5570,1.2821,-15.3708
G,210269227,0.561394,-0.866060,0.272708
A,210271599,-2.3703,1.2426,-14.4765
G,210271738,0.744620,-0.690291,0.201335
A,210274070,-2.1404,1.1205,-14.2431
G,210274233,1.138768,-0.562460,0.155529
TRK,210269,0.33474,0.81017,0.46465,-0.12521,0.6208,2.0515,-0.6956,0.000,0.000,0.000,3,1
A,210276549,-1.9501,0.9804,-14.7818
G,210276733,1.621332,-0.414388,0.131028
A,210279020,-1.7777,0.8511,-15.7586
G,210279229,2.037851,-0.192813,0.104396
A,210281479,-1.9213,0.6931,-16.7319
G,210281708,2.257295,0.105461,0.075634
A,210283970,-1.9644,0.4920,-17.4322
G,210284218,2.221076,0.436758,0.045806
A,210286441,-2.0686,0.2693,-17.6010
G,210286714,1.994175,0.755272,0.011718
A,210288912,-2.1225,0.1580,-17.3532
G,210289204,1.714010,1.088700,-0.079895
A,210291383,-2.1907,0.3053,-16.7929
G,210291724,1.469000,1.426389,-0.254598
A,210293836,-2.4636,0.7183,-15.9633
G,210294220,1.249555,1.760882,-0.482565
A,210296317,-2.6971,1.3108,-14.9470
G,210296718,1.013066,2.027198,-0.678573
A,210298788,-2.9772,2.0147,-13.8229
G,210299214,0.813862,2.235990,-0.795752
A,210301252,-3.3255,2.7402,-12.7743
G,210301694,0.747816,2.446912,-0.867125
TRK,210302,0.30912,0.81788,0.46845,-0.12681,0.6208,2.0515,-0.6956,0.000,0.000,0.000,3,1
A,210303747,-3.5841,3.4297,-11.9842
G,210304204,0.810666,2.661031,-0.924649
A,210306218,-3.8966,4.0079,-11.4850
G,210306724,0.877778,2.831473,-0.934237
A,210308674,-4.2270,4.5107,-11.0397
G,210309220,0.849016,2.937999,-0.863929
A,210311160,-4.6866,4.8770,-10.4579
G,210311720,0.740359,3.053048,-0.775512
A,210313631,-5.0889,5.2218,-9.5600
G,210314215,0.615723,3.184075,-0.727576
A,210316099,-5.6671,5.6276,-8.4611
G,210316696,0.543285,3.289536,-0.705205
TRK,210313,0.29585,0.81896,0.47787,-0.11580,0.6208,2.0515,-0.6956,0.000,0.000,0.000,3,1
A,210318597,-6.1375,6.0513,-7.4555
G,210319206,0.584830,3.330016,-0.648746
A,210321068,-6.4212,6.4033,-6.7157
G,210321702,0.721184,3.316168,-0.536893
A,210323546,-6.9133,6.7193,-6.4572
G,210324192,0.823449,3.216033,-0.407996
A,210326018,-7.8254,6.8630,-6.6547
G,210326688,0.748881,3.000850,-0.295078
A,210328497,-8.5473,6.9528,-7.4232
G,210329178,0.434628,2.672749,-0.184291
A,210330969,-9.3948,7.2077,-7.7500
G,210331699,-0.116114,2.370213,-0.113983
A,210333429,-9.5062,7.7105,-7.3191
G,210334195,-0.762729,2.294580,-0.035154
A,210335911,-8.8346,8.5293,-5.9831
G,210336686,-1.280448,2.445847,0.136354
A,210338382,-7.7105,9.0249,-2.9341
G,210339182,-1.565939,2.510828,0.465521
TRK,210333,0.27833,0.82120,0.48907,-0.09475,0.6208,2.0515,-0.6956,0.000,0.000,0.000,3,1
A,210340855,-6.4284,9.7576,0.6788
G,210341662,-1.556351,2.195510,0.868190
A,210343326,-4.9596,9.0249,4.3886
G,210344173,-1.051416,1.546764,1.282578
A,210345779,-4.3850,7.9440,6.4643
G,210346669,0.123571,0.801079,1.798166
A,210348250,-4.6400,6.2884,5.6527
G,210349180,1.768339,0.066046,2.369148
A,210350705,-5.9580,4.6902,2.0470
G,210351676,3.238404,-0.506001,2.817624
A,210353191,-7.9080,3.7170,-2.5570
G,210354166,3.895672,-0.773382,3.011502
A,210355662,-9.8043,3.4405,-6.1411
G,210356677,3.583549,-0.700944,3.047721
A,210358119,-10.9930,3.6703,-7.3945
G,210359173,2.703641,-0.483630,3.010437
A,210360590,-11.2659,4.2557,-6.6834
TRK,210359,0.26577,0.83641,0.47138,-0.08714,0.6208,2.0515,-0.6956,0.000,0.000,0.000,3,1
G,210361674,1.906823,-0.308927,2.915628
A,210363038,-10.8673,5.0853,-5.1104
G,210364169,1.528654,-0.263120,2.795254
A,210365508,-9.7504,5.9292,-3.6236
G,210366641,1.481783,-0.355798,2.748382
A,210367979,-7.6351,6.3889,-2.6827
G,210369152,1.561678,-0.557133,2.800580
A,210370439,-5.1032,6.3925,-2.2697
G,210371647,1.656486,-0.760599,2.879410
A,210372930,-1.9968,5.9185,-2.4134
G,210374139,1.687379,-0.921454,2.881540
A,210375401,0.5531,5.3008,-2.8982
G,210376634,1.554221,-1.110005,2.768622
A,210377872,2.0830,4.6507,-3.2429
G,210379105,1.201618,-1.466869,2.612028
TRK,210379,0.25838,0.85248,0.44477,-0.09326,0.6208,2.0515,-0.6956,0.000,0.000,0.000,3,1
A,210380374,2.3056,4.2054,-3.4656
G,210381607,0.700944,-2.024002,2.506567
A,210382845,1.4293,3.8463,-3.3974
G,210384115,0.204531,-2.687662,2.505502
A,210385305,-0.3950,3.4764,-3.2214
G,210386611,-0.124636,-3.290601,2.596049
A,210387795,-2.6360,3.0921,-3.0526
G,210389099,-0.214118,-3.716707,2.717489
A,210390266,-4.8231,2.4888,-3.0167
G,210391595,-0.077764,-3.955327,2.849582
A,210392761,-6.7840,1.7957,-3.2789
G,210394087,0.196009,-4.037352,2.967826
A,210395232,-8.1343,1.0451,-4.0438
G,210396600,0.469782,-4.043744,3.047721
A,210397698,-8.8777,0.3843,-5.2720
G,210399096,0.576308,-4.005394,3.063700
A,210400169,-9.0142,-0.1113,-6.5038
TRK,210399,0.27435,0.86117,0.41170,-0.11669,0.6208,2.0515,-0.6956,0.000,0.000,0.000,3,1
G,210401598,0.350472,-3.987284,3.044525
A,210402625,-8.4575,-0.4310,-7.3478
G,210404094,-0.199204,-4.007524,3.018959
A,210405101,-7.2903,-0.6393,-7.3945
G,210406565,-0.841559,-4.021373,2.959304
A,210407572,-6.1986,-0.6823,-6.4823
G,210409071,-1.259143,-3.973436,2.792058
A,210410034,-5.3726,-0.4920,-5.2541
G,210411567,-1.278317,-3.908455,2.552374
A,210412506,-5.2325,-0.1006,-3.8571
G,210414060,-0.925715,-3.908455,2.367018
A,210414955,-4.9488,0.3448,-2.9377
G,210416556,-0.308927,-3.985154,2.357430
A,210417435,-3.3866,-0.1149,-2.5355
G,210419028,0.460194,-4.016047,2.427738
A,210419906,-2.0075,-0.9661,-3.1316
G,210421532,1.237837,-3.942543,2.243447
A,210422368,-0.1580,-2.4780,-4.9309
G,210424027,1.698031,-3.953196,1.672465
TRK,210423,0.29906,0.86652,0.37043,-0.14997,0.6208,2.0515,-0.6956,0.000,0.000,0.000,3,1
A,210424860,0.3017,-3.8355,-7.0461
G,210426511,1.528654,-4.144944,0.873517
A,210427332,-0.5782,-4.5645,-8.9244
G,210429025,0.711597,-4.470915,0.187487
A,210429805,-2.0506,-4.7549,-9.7540
G,210431521,-0.348341,-4.750014,-0.211988
A,210432276,-3.5446,-4.3814,-9.4631
G,210434034,-1.097222,-4.892759,-0.350472
A,210434751,-4.3491,-3.3794,-8.7700
G,210436530,-1.220793,-4.852280,-0.337689
A,210437222,-4.3814,-1.8962,-8.7448
TRK,210432,0.30333,0.86492,0.36422,-0.16505,0.6208,2.0515,-0.6956,0.000,0.000,0.000,3,1
G,210439024,-0.790426,-4.555071,-0.344080
A,210439677,-3.5195,-0.5351,-9.2440
G,210441540,-0.156594,-4.004329,-0.490022
A,210442156,-2.2338,0.5890,-10.4794
G,210444036,0.281230,-3.372627,-0.859668
A,210444627,-2.0147,1.8711,-11.8010
G,210446535,0.108657,-3.085006,-1.443433
A,210447090,-2.9161,2.9880,-12.7886
G,210449056,-0.863929,-3.537743,-1.881257
A,210449575,-4.1659,4.0510,-12.9718
G,210451551,-2.270078,-4.498611,-1.780057
A,210452047,-5.8754,4.9344,-11.9195
G,210454045,-3.263970,-5.327387,-1.136637
A,210454505,-6.5469,4.7872,-10.8134
G,210456555,-3.106311,-5.531918,-0.350472
A,210456982,-6.2094,3.9720,-10.0772
TRK,210457,0.33419,0.84541,0.35982,-0.21007,0.6208,2.0515,-0.6956,0.000,0.000,0.000,3,1
G,210459075,-1.845038,-5.197425,0.215183
A,210459469,-5.6635,2.8479,-10.7129
G,210461571,-0.149137,-4.609399,0.533697
A,210461941,-4.7082,1.5730,-12.8533
G,210464064,1.234641,-3.979828,0.659399
A,210464402,-3.5626,0.5602,-15.8556
G,210466559,1.905758,-3.428021,0.627441
A,210466894,-2.4098,-0.2191,-18.6389
G,210469032,1.837581,-2.995523,0.483630
A,210469365,-1.3755,-0.4417,-20.9193
G,210471530,1.253816,-2.654639,0.255663
A,210471832,-0.7506,-0.3160,-22.1547
G,210474026,0.483630,-2.351039,-0.007457
A,210474303,-0.5423,0.1257,-22.6324
G,210476530,-0.161920,-2.026133,-0.230097
A,210476777,-0.7614,0.8009,-22.6396
G,210479026,-0.551807,-1.579787,-0.366451
A,210479248,-1.0235,1.4545,-22.3559
TRK,210474,0.34121,0.84146,0.34504,-0.23763,0.6208,2.0515,-0.6956,0.000,0.000,0.000,3,1
G,210481509,-0.740359,-0.992826,-0.414388
A,210481703,-1.3108,1.9788,-21.8890
G,210484023,-0.843689,-0.328101,-0.398409
A,210484189,-1.5119,2.2877,-21.0486
G,210486519,-0.929976,0.294013,-0.353668
A,210486660,-1.7597,2.4349,-19.9066
G,210489001,-1.001348,0.792557,-0.306796
A,210489115,-2.1332,2.4780,-18.5634
G,210491497,-1.045024,1.164334,-0.270577
STAT,404.7,400.7,0,0,0,7.2904,237.679,0.4774,0.8404,1.7612,9.8104,3.18,0.000
A,210491612,-2.7294,2.5606,-17.1987
G,210493971,-1.061003,1.458347,-0.247141
A,210494084,-3.5087,2.6217,-15.7766
G,210496476,-1.059938,1.724663,-0.231162
A,210496562,-4.3670,2.6612,-14.3903
G,210498971,-1.050351,1.971804,-0.224771
A,210499033,-5.2577,2.6971,-12.9969
G,210501450,-1.045024,2.176335,-0.229032
A,210501486,-6.0944,2.7473,-11.6358
G,210503966,-1.046090,2.342516,-0.243946
A,210503976,-6.8091,2.9125,-10.3825
A,210506448,-7.3909,3.1747,-9.1937
G,210506461,-1.066330,2.483131,-0.268447
TRK,210502,0.34815,0.83705,0.35363,-0.23039,0.6208,2.0515,-0.6956,0.000,0.000,0.000,3,1
A,210508918,-7.7572,3.5303,-7.9368
G,210508956,-1.101483,2.634399,-0.294013
A,210511390,-7.7788,3.9253,-6.5793
G,210511452,-1.139833,2.825081,-0.307861
A,210513835,-7.4950,4.2988,-5.2253
G,210513920,-1.150486,3.027481,-0.292948
A,210516318,-6.8773,4.6507,-3.6380
G,210516426,-1.130246,3.183010,-0.246076
A,210518789,-6.1304,4.9991,-2.2697
G,210518922,-1.087635,3.229882,-0.182160
A,210521253,-5.3295,5.2433,-0.8440
G,210521408,-1.019458,3.179814,-0.122505
TRK,210518,0.34690,0.83811,0.36641,-0.20728,0.6208,2.0515,-0.6956,0.000,0.000,0.000,3,1
A,210523748,-4.7549,5.4336,0.4633
G,210523924,-0.901214,3.049852,-0.057524
A,210526219,-4.3958,5.5091,1.8136
G,210526420,-0.716923,2.821885,0.031958
A,210528695,-4.2629,5.4839,3.0275
G,210528915,-0.444215,2.490588,0.165116
A,210531188,-4.3527,5.4193,4.0582
G,210531429,0.022371,2.113484,0.312122
A,210533660,-4.7154,5.3762,4.2413
G,210533925,0.760599,1.786448,0.420779
TRK,210533,0.34238,0.84117,0.37305,-0.18985,0.6208,2.0515,-0.6956,0.000,0.000,0.000,3,1
A,210536126,-5.2541,5.4947,3.3076
G,210536410,1.691640,1.548894,0.464455
A,210538624,-5.4624,5.5665,2.1512
G,210538926,2.500176,1.393366,0.476173
A,210541095,-5.6814,5.5737,0.8942
G,210541422,2.749448,1.199488,0.501740
A,210543565,-5.4372,5.3295,0.2909
G,210543910,2.377670,0.791491,0.517718
A,210546054,-5.1930,4.7262,0.1832
G,210546416,1.717206,0.168312,0.498544
A,210548525,-5.1535,3.8463,-0.0898
G,210548912,1.206945,-0.563525,0.437824
A,210550994,-5.3403,2.9090,-0.8511
G,210551398,0.970456,-1.209075,0.387756
A,210553465,-5.6707,1.9573,-1.7238
G,210553912,0.862864,-1.725728,0.363255
A,210555914,-6.1483,1.3216,-2.7294
G,210556408,0.771251,-2.096440,0.346211
TRK,210556,0.32792,0.84887,0.36543,-0.19586,0.6208,2.0515,-0.6956,0.000,0.000,0.000,3,1
A,210558396,-6.6403,0.9409,-3.6595
G,210558904,0.694552,-2.342516,0.307861
A,210560867,-7.0928,0.8224,-4.4245
G,210561400,0.653007,-2.505502,0.257794
A,210563329,-7.4807,0.8942,-5.2684
G,210563876,0.671117,-2.607767,0.209857
A,210565801,-7.7105,0.9732,-6.1375
G,210566372,0.741424,-2.640790,0.175769
A,210568265,-7.8578,1.0810,-6.8917
G,210568849,0.837298,-2.625877,0.166181
A,210570759,-7.3909,0.9373,-7.8254
G,210571356,0.935302,-2.593919,0.204531
A,210573230,-6.6044,0.6716,-8.8095
G,210573873,1.035437,-2.506567,0.283360
A,210575686,-5.3905,0.1544,-9.5744
G,210576369,1.087635,-2.353169,0.321710
A,210578169,-4.1049,-0.3124,-10.2208
G,210578863,1.038633,-2.208293,0.278034
A,210580641,-3.2825,-0.5926,-10.4399
G,210581359,0.893757,-2.157160,0.161920
TRK,210576,0.33048,0.84708,0.35359,-0.21958,0.6208,2.0515,-0.6956,0.000,0.000,0.000,3,1
A,210583108,-2.9844,-0.5423,-10.4722
G,210583836,0.780839,-2.180596,0.066046
A,210585579,-3.3830,-0.0575,-10.6015
G,210586332,0.807470,-2.174205,0.069242
A,210588047,-3.1424,0.5962,-10.6913
G,210588809,0.955542,-2.064482,0.213053
A,210590519,-3.1927,1.3611,-10.9463
G,210591318,1.152616,-1.847168,0.411192
A,210592968,-3.0023,2.0650,-11.1546
G,210593813,1.335842,-1.581918,0.518784
TRK,210593,0.32986,0.84650,0.34413,-0.23706,0.6208,2.0515,-0.6956,0.000,0.000,0.000,3,1
A,210595449,-2.4995,2.4744,-11.0325
G,210596301,1.460477,-1.328385,0.513457
A,210597920,-2.3703,2.8407,-10.9642
G,210598813,1.537176,-1.104679,0.466586
A,210600375,-2.0722,3.0813,-10.8637
G,210601309,1.611745,-0.888430,0.381365
A,210602867,-1.7382,3.1568,-10.7236
G,210603807,1.665008,-0.708401,0.211988
A,210605339,-1.6771,2.9987,-10.7919
G,210606303,1.651160,-0.607201,-0.026632
A,210607832,-2.0004,2.6181,-10.8206
G,210608801,1.535046,-0.562460,-0.221575
A,210610303,-2.5462,2.0722,-10.7847
G,210611297,1.353951,-0.517718,-0.325971
A,210612773,-3.0993,1.6089,-10.5728
G,210613771,1.120658,-0.427171,-0.356864
A,210615244,-3.6667,1.4078,-10.3034
TRK,210614,0.32007,0.84961,0.33756,-0.24855,0.6208,2.0515,-0.6956,0.000,0.000,0.000,3,1
G,210616280,0.825580,-0.321710,-0.328101
A,210617699,-4.0689,1.4365,-9.8869
G,210618775,0.491087,-0.242880,-0.263120
A,210620185,-4.2557,1.6161,-9.4128
G,210621264,0.151268,-0.205596,-0.178964
A,210622656,-4.3275,1.8890,-9.0142
G,210623760,-0.172573,-0.172573,-0.111853
A,210625123,-4.1049,2.1691,-8.6730
G,210626229,-0.485761,-0.092678,-0.079895
A,210627594,-3.8391,2.4960,-8.3570
G,210628749,-0.821319,0.046872,-0.101200
A,210630062,-3.3866,2.7689,-7.8721
G,210631244,-1.211206,0.223706,-0.148072
A,210632533,-2.7833,2.9736,-7.4376
G,210633744,-1.642638,0.370712,-0.190682
A,210634982,-2.1404,3.0813,-7.1108
G,210636239,-2.094310,0.430367,-0.229032
A,210637453,-1.8603,3.2034,-6.6295
G,210638709,-2.598180,0.385626,-0.304666
A,210639924,-1.5263,3.2753,-5.6850
TRK,210639,0.32730,0.84567,0.34241,-0.24592,0.6208,2.0515,-0.6956,0.000,0.000,0.000,3,1
G,210641219,-3.142530,0.331297,-0.362190
A,210642385,-1.5550,3.5159,-3.9504
G,210643715,-3.542004,0.373908,-0.339819
A,210644865,-1.5155,3.8140,-1.4904
G,210646192,-3.471697,0.533697,-0.202400
A,210647336,-1.3467,4.0689,0.8978
G,210648688,-2.761165,0.728641,-0.009587
A,210649810,-1.2318,4.2234,2.3846
G,210651159,-1.582983,0.831971,0.205596
A,210652281,-1.0918,4.0977,2.5319
G,210653660,-0.350472,0.793622,0.438889
A,210654735,-0.8583,3.5733,1.3431
G,210656155,0.517718,0.615723,0.640224
A,210657220,-0.5890,2.8156,-0.6069
G,210658636,0.739293,0.322775,0.721184
A,210659691,-0.3950,1.9573,-2.5391
TRK,210655,0.34067,0.84097,0.34832,-0.23535,0.6208,2.0515,-0.6956,0.000,0.000,0.000,3,1
G,210661147,0.237554,-0.083091,0.610397
A,210662157,-0.5890,1.0953,-3.5949
G,210663643,-0.807470,-0.592287,0.316384
A,210664628,-1.1815,0.4274,-3.3543
G,210666134,-1.968608,-1.133441,-0.076699
A,210667075,-2.2374,-0.0790,-1.9285
G,210668630,-2.737730,-1.607484,-0.481499
A,210669547,-3.4872,-0.3017,-0.0682
G,210671122,-2.796319,-1.950499,-0.820254
A,210671996,-4.7513,-0.2981,1.5119
G,210673644,-2.144377,-2.145442,-1.032241
A,210674476,-5.7712,-0.1365,2.1440
G,210676139,-1.064199,-2.215750,-1.068460
A,210676966,-6.3961,0.0215,1.7346
G,210678621,0.058590,-2.239186,-0.938498
A,210679437,-6.4679,-0.0036,0.5602
G,210681130,0.928910,-2.281796,-0.720119
A,210681906,-6.0693,-0.2658,-1.1097
G,210683626,1.442368,-2.388323,-0.528371
A,210684377,-5.5701,-0.7003,-2.8730
TRK,210679,0.35593,0.83153,0.34946,-0.24442,0.6208,2.0515,-0.6956,0.000,0.000,0.000,3,1
G,210686118,1.647964,-2.533199,-0.460194
A,210686829,-5.1212,-1.1708,-4.5933
G,210688614,1.628789,-2.685532,-0.540089
A,210689301,-5.0637,-1.6053,-5.5055
G,210691106,1.446629,-2.752643,-0.732902
A,210691755,-5.4911,-1.6735,-6.0011
G,210693602,1.138768,-2.806972,-0.986435
A,210694240,-6.3135,-1.5407,-5.6240
G,210696074,0.780839,-2.914563,-1.255947
A,210696711,-7.5310,-1.1384,-5.0350
TRK,210696,0.35288,0.82723,0.34408,-0.26978,0.6208,2.0515,-0.6956,0.000,0.000,0.000,3,1
G,210698577,0.501740,-3.138269,-1.498827
A,210699177,-8.7843,-0.6788,-4.8267
G,210701073,0.426106,-3.392867,-1.672465
A,210701665,-9.8581,-0.3304,-5.2361
G,210703548,0.601874,-3.523895,-1.786448
A,210704137,-10.5764,-0.1113,-6.5182
G,210706060,0.911866,-3.520699,-1.885518
A,210706613,-10.8601,0.0575,-8.2528
G,210708556,1.144094,-3.380084,-1.999501
A,210709084,-10.8170,0.2478,-10.1670
G,210711069,1.097222,-3.254383,-2.124137
A,210711562,-10.6805,0.5279,-11.6538
G,210713565,0.744620,-3.171292,-2.258361
A,210714034,-10.5405,0.9050,-12.7599
G,210716058,0.202400,-3.158509,-2.409628
A,210716493,-10.5297,1.3827,-13.1980
G,210718577,-0.350472,-3.116963,-2.580070
A,210718978,-10.6985,1.8352,-13.1190
G,210721072,-0.776578,-3.005111,-2.733469
A,210721449,-10.9032,2.4385,-12.5696
TRK,210717,0.35291,0.81326,0.34657,-0.30650,0.6208,2.0515,-0.6956,0.000,0.000,0.000,3,1
G,210723555,-0.987500,-2.757970,-2.832538
A,210723900,-10.8781,3.6380,-12.3397
G,210726058,-1.049285,-2.494849,-2.863431
A,210726371,-10.4651,5.7461,-12.5767
G,210728554,-1.307079,-2.349973,-2.802711
A,210728864,-9.9695,7.5633,-12.1027
G,210731027,-2.047438,-2.443717,-2.647182
A,210731335,-9.6606,9.3984,-11.0899
G,210733531,-2.904976,-2.551308,-2.515089
A,210733809,-10.4866,10.4758,-9.6139
G,210736027,-3.237338,-2.522546,-2.502306
A,210736280,-11.8800,10.3753,-7.8793
TRK,210731,0.36001,0.79660,0.35869,-0.32735,0.6208,2.0515,-0.6956,0.000,0.000,0.000,3,1
G,210738510,-2.829342,-2.270078,-2.494849
A,210738734,-13.5284,9.9587,-7.3981
G,210741021,-2.129463,-1.910019,-2.286057
A,210741215,-14.4550,9.0824,-8.0625
G,210743516,-1.610680,-1.482848,-1.808819
A,210743687,-13.9881,7.8434,-9.0752
G,210746009,-1.388040,-1.020523,-1.247425
A,210746152,-12.4546,6.7516,-9.9156
G,210748505,-1.441303,-0.591222,-0.772317
A,210748648,-10.1598,5.9903,-10.2208
G,210750979,-1.723598,-0.263120,-0.443150
A,210751120,-7.6207,5.5414,-9.7073
G,210753471,-2.141181,-0.096939,-0.245011
A,210753585,-5.2505,5.3044,-8.4575
G,210755967,-2.556635,-0.117179,-0.139550
A,210756056,-3.2106,5.1499,-6.8558
TRK,210750,0.37685,0.77680,0.37413,-0.33851,0.6208,2.0515,-0.6956,0.000,0.000,0.000,3,1
G,210758452,-2.837864,-0.285491,-0.098004
A,210758515,-1.6987,4.9847,-5.2972
G,210760959,-2.918824,-0.518784,-0.094809
A,210760996,-0.7721,4.7872,-4.1372
G,210763455,-2.826146,-0.765925,-0.096939
A,210763468,-0.5243,4.4963,-3.4728
A,210765937,-0.9122,4.1408,-3.2429
G,210765949,-2.635464,-0.990696,-0.074569
A,210768408,-1.7274,3.7457,-3.3327
G,210768445,-2.412824,-1.171791,-0.013848
A,210770860,-2.8264,3.3399,-3.4728
G,210770920,-2.188053,-1.294296,0.096939
A,210773342,-3.8463,2.9305,-3.6416
G,210773425,-1.944107,-1.349690,0.250337
A,210775813,-4.7944,2.4924,-3.6703
G,210775921,-1.621332,-1.356082,0.431432
TRK,210771,0.39878,0.76420,0.38100,-0.33437,0.6208,2.0515,-0.6956,0.000,0.000,0.000,3,1
A,210778297,-5.5055,1.9968,-3.7816
G,210778427,-1.153681,-1.292166,0.612527
A,210780768,-5.9616,1.4365,-4.1336
G,210780923,-0.537959,-1.194161,0.779773
A,210783232,-6.2022,0.8116,-4.8483
G,210783409,0.145941,-1.081243,0.922519
A,210785728,-6.1591,0.1257,-6.0154
G,210785925,0.776578,-0.983239,1.023719
A,210788199,-5.9113,-0.6069,-7.4232
G,210788421,1.249555,-0.896953,1.062069
A,210790675,-5.6312,-1.3252,-8.8131
G,210790917,1.496696,-0.807470,1.007740
A,210793171,-5.4085,-1.9357,-9.8725
G,210793432,1.493501,-0.721184,0.842624
A,210795642,-5.2577,-2.3810,-10.5225
G,210795928,1.255947,-0.651942,0.562460
TRK,210796,0.40573,0.76375,0.36836,-0.34115,0.6208,2.0515,-0.6956,0.000,0.000,0.000,3,1
A,210798129,-5.2792,-2.6396,-10.6626
G,210798434,0.846885,-0.643420,0.198139
A,210800600,-5.3726,-2.7043,-10.5153
G,210800929,0.384560,-0.684965,-0.209857
A,210803068,-5.7138,-2.6576,-10.1957
G,210803415,0.000000,-0.738228,-0.616788
A,210805561,-5.8718,-2.6109,-9.8474
G,210805926,-0.218379,-0.742489,-0.958738
A,210808033,-6.4715,-2.5426,-9.4703
G,210808422,-0.248207,-0.713727,-1.209075
A,210810512,-7.0856,-2.5067,-9.2692
G,210810918,-0.120375,-0.628506,-1.432781
A,210812983,-7.9224,-2.4924,-9.2871
G,210813413,0.072438,-0.540089,-1.695901
A,210815443,-8.7197,-2.4816,-9.6570
G,210815889,0.206661,-0.499609,-2.004827
A,210817915,-9.4020,-2.3882,-10.3789
G,210818385,0.197074,-0.509196,-2.319081
TRK,210812,0.40465,0.75919,0.37149,-0.34912,0.6208,2.0515,-0.6956,0.000,0.000,0.000,3,1
A,210820376,-9.9982,-2.1584,-11.1546
G,210820862,0.034088,-0.464455,-2.673814
A,210822856,-10.3968,-1.7561,-11.7436
G,210823356,-0.284426,-0.291882,-3.065831
A,210825327,-10.7129,-1.1779,-11.7974
G,210825875,-0.770186,-0.078830,-3.428021
A,210827782,-10.8350,-0.5028,-11.2085
G,210828371,-1.352886,0.090547,-3.687945
A,210830266,-10.6051,0.2227,-10.1490
G,210830867,-1.851429,0.203465,-3.840278
A,210832737,-10.3250,0.9768,-8.8131
G,210833363,-2.074070,0.307861,-3.912716
A,210835203,-9.7899,1.7526,-7.6962
G,210835840,-1.948369,0.459129,-3.908455
A,210837693,-9.0644,2.4780,-7.0282
G,210838342,-1.569134,0.615723,-3.806190
A,210840164,-7.3729,3.2717,-6.8845
G,210840838,-1.099353,0.764860,-3.594202
TRK,210836,0.39947,0.74086,0.40182,-0.36067,0.6208,2.0515,-0.6956,0.000,0.000,0.000,3,1
A,210842641,-4.9237,3.9828,-6.6331
G,210843326,-0.682835,0.947020,-3.284210
A,210845112,-1.0307,4.5215,-6.3710
G,210845822,-0.345146,1.148355,-2.864496
A,210847570,2.9305,4.8088,-5.8897
G,210848289,-0.015979,1.203749,-2.416020
A,210850059,5.1858,4.5897,-5.7281
G,210850788,0.407996,0.985370,-2.096440
A,210852530,4.5681,3.8642,-6.3674
G,210853284,0.940628,0.557133,-1.970739
A,210854999,1.3431,2.6863,-8.2420
G,210855763,1.462608,0.177899,-1.932389
A,210857470,-3.9756,1.3934,-10.9571
G,210858272,1.736381,0.027697,-1.944107
A,210859921,-8.4396,0.1508,-14.1677
G,210860768,1.530785,0.129962,-2.078331
A,210862392,-11.2551,-0.5423,-17.0443
TRK,210856,0.38712,0.73171,0.42569,-0.36542,0.6208,2.0515,-0.6956,0.000,0.000,0.000,3,1
G,210863276,0.777643,0.435693,-2.391519
A,210864844,-12.2858,-0.6213,-18.6748
G,210865772,-0.354733,0.877778,-2.714294
A,210867327,-11.6897,-0.2514,-18.5168
G,210868261,-1.480717,1.470065,-2.848517
A,210869799,-10.3645,0.3555,-16.5990
G,210870781,-2.146508,2.210423,-2.737730
A,210872263,-8.7484,0.9553,-13.7044
G,210873276,-2.033590,3.027481,-2.455435
TRK,210873,0.37649,0.72507,0.44630,-0.36516,0.6208,2.0515,-0.6956,0.000,0.000,0.000,3,1
A,210874757,-7.3334,1.4653,-10.8781
G,210875775,-1.160073,3.813646,-2.184857
A,210877229,-6.1375,1.8998,-9.1147
G,210878291,0.084156,4.456001,-2.018676
A,210879691,-5.0063,2.2733,-8.7807
G,210880787,1.132376,4.874650,-1.932389
A,210882162,-4.4748,2.6001,-9.2548
G,210883289,1.552090,5.056810,-1.875931
A,210884612,-4.1946,2.7904,-9.8186
G,210885784,1.263404,5.034440,-1.805623
A,210887100,-4.5466,2.8551,-9.7037
G,210888273,0.551807,4.866128,-1.705488
A,210889571,-5.8933,2.8120,-8.7664
G,210890782,-0.104396,4.629639,-1.574461
A,210892029,-7.7177,2.6719,-7.6028
G,210893277,-0.308927,4.425108,-1.429585
A,210894501,-9.4774,2.5211,-6.9923
TRK,210888,0.35216,0.73235,0.46825,-0.34699,0.6208,2.0515,-0.6956,0.000,0.000,0.000,3,1
G,210895776,0.018109,4.349474,-1.294296
A,210896950,-10.9283,2.4098,-7.3981
G,210898272,0.607201,4.426173,-1.168595
A,210899426,-11.2120,2.3415,-8.9998
G,210900745,1.025850,4.566789,-1.066330
A,210901897,-10.8386,2.3595,-11.2516
G,210903255,0.942759,4.677576,-1.013066
A,210904359,-9.9551,2.4888,-13.6003
G,210905751,0.269512,4.694620,-1.001348
A,210906852,-9.9659,2.7330,-14.8249
G,210908240,-0.826645,4.692490,-0.998153
A,210909323,-9.6750,2.9485,-14.8752
G,210910757,-1.959021,4.730839,-0.892692
A,210911794,-9.0968,3.0813,-13.9773
G,210913253,-2.682336,4.796885,-0.710531
A,210914265,-8.3821,3.1388,-13.3453
TRK,210909,0.32484,0.74225,0.49195,-0.31864,0.6208,2.0515,-0.6956,0.000,0.000,0.000,3,1
G,210915752,-2.776079,4.797951,-0.648746
A,210916720,-7.5058,3.1137,-14.0851
G,210918248,-2.478870,4.746818,-0.856473
A,210919205,-7.1036,3.1424,-16.1788
G,210920727,-2.354234,4.784102,-1.210140
A,210921677,-7.2903,3.1603,-18.7861
G,210923223,-2.848517,4.984372,-1.411475
A,210924163,-7.5022,3.0742,-20.4992
G,210925703,-3.946805,5.269863,-1.359277
A,210926635,-7.6746,2.9413,-20.5530
G,210928213,-5.186772,5.544702,-1.185639
A,210929102,-8.0302,2.8084,-19.1273
G,210930709,-6.001699,5.820604,-1.020523
A,210931573,-9.0860,2.7976,-16.9150
G,210933195,-6.070941,6.168946,-0.883104
A,210934017,-10.5189,2.9556,-14.7746
G,210935702,-5.446697,6.620618,-0.703074
A,210936484,-12.0057,3.2034,-13.2986
G,210938198,-4.446414,7.148989,-0.447411
TRK,210937,0.32134,0.73879,0.54473,-0.23280,0.6208,2.0515,-0.6956,0.000,0.000,0.000,3,1
A,210938974,-13.1190,3.4512,-12.5408
G,210940679,-3.433347,7.714644,-0.118244
A,210941445,-13.7331,3.6452,-12.2212
G,210943177,-2.655704,8.239820,0.258859
A,210943904,-14.0887,3.7601,-11.8944
G,210945673,-2.176335,8.652077,0.643420
A,210946375,-14.1677,3.7098,-11.1510
G,210948162,-1.876996,8.941830,1.025850
A,210948826,-14.5089,3.4943,-10.0485
G,210950683,-1.559547,9.122925,1.392301
A,210951309,-15.1840,3.1029,-8.6514
G,210953179,-1.088700,9.268866,1.701227
A,210953803,-16.1680,2.5355,-7.4412
G,210955660,-0.492152,9.362609,1.896170
A,210956274,-17.6153,1.8747,-6.5577
G,210958171,0.068177,9.383914,1.959021
A,210958749,-19.3284,1.1492,-6.0765
G,210960667,0.434628,9.295497,1.947303
A,210961220,-21.3826,0.4776,-5.8610
TRK,210956,0.29267,0.75329,0.56562,-0.16423,0.6208,2.0515,-0.6956,0.000,0.000,0.000,3,1
G,210963158,0.535828,9.134643,1.890844
A,210963676,-23.5123,-0.0575,-5.5773
G,210965654,0.396278,8.995092,1.826928
A,210966162,-25.3546,-0.3807,-4.9309
G,210968125,0.079895,8.913067,1.798166
A,210968633,-26.4751,-0.4633,-3.6057
G,210970621,-0.315318,8.850216,1.847168
A,210971121,-26.6654,-0.3484,-1.5299
G,210973093,-0.657268,8.708536,1.965413
A,210973592,-25.8107,-0.1077,1.0810
TRK,210973,0.24950,0.77317,0.57440,-0.10010,0.6208,2.0515,-0.6956,0.000,0.000,0.000,3,1
G,210975595,-0.823449,8.404936,2.094310
A,210976060,-24.2269,0.2442,3.7996
G,210978091,-0.785100,7.911718,2.183792
A,210978548,-22.1224,0.6859,6.2237
G,210980563,-0.647681,7.237406,2.223207
A,210981020,-19.8384,1.1923,8.1523
G,210983071,-0.577373,6.411826,2.230664
A,210983494,-17.4645,1.6664,9.7217
G,210985567,-0.692422,5.432848,2.238121
A,210985965,-15.2092,2.0722,11.0899
G,210988060,-0.977913,4.273840,2.228533
A,210988426,-13.1514,2.3954,12.3972
G,210990556,-1.310275,2.966761,2.171009
A,210990917,-11.4275,2.7043,13.6290
G,210993029,-1.551025,1.600027,2.052764
A,210993389,-9.7899,3.0203,14.6669
TRK,210989,0.22607,0.78636,0.57274,-0.05011,0.6208,2.0515,-0.6956,0.000,0.000,0.000,3,1
G,210995533,-1.624528,0.302535,1.931324
A,210995861,-8.5401,3.3830,15.5467
G,210998029,-1.529720,-0.880974,1.841842
A,210998332,-7.5166,3.7673,16.1357
G,211000512,-1.296427,-2.018676,1.816276
A,211000785,-6.6116,4.0546,16.5810
G,211003026,-0.943824,-3.204315,1.881257
A,211003269,-5.8323,4.1695,16.7534
G,211005522,-0.454868,-4.479437,2.051699
A,211005741,-5.1176,4.0330,16.4410
G,211008016,0.188552,-5.799299,2.249839
A,211008206,-4.7657,3.6057,15.4246
G,211010512,0.942759,-7.124488,2.363822
A,211010677,-5.1607,2.8910,13.4853
G,211013006,1.680987,-8.416654,2.364887
A,211013144,-7.7536,1.5299,10.8242
G,211015502,2.281796,-9.547965,2.235990
A,211015615,-10.9930,0.4489,7.5884
G,211017976,2.661031,-10.238256,2.067678
A,211018063,-13.7260,-0.8045,4.4891
TRK,211018,0.26155,0.79818,0.53469,-0.09277,0.6208,2.0515,-0.6956,0.000,0.000,0.000,3,1
G,211020481,2.683401,-10.757040,2.006958
A,211020541,-14.8931,-1.8280,2.0794
G,211022977,2.423476,-11.366370,2.048503
A,211023013,-14.2108,-2.5678,0.0682
G,211025449,2.177400,-12.287824,1.933455
A,211025459,-13.0257,-3.1532,-1.8854
A,211027950,-12.9395,-3.6416,-4.4496
G,211027964,2.255165,-13.208213,1.456216
A,211030421,-13.8265,-3.8319,-7.8614
G,211030460,2.577940,-13.908092,0.826645
A,211032882,-15.2523,-3.9181,-11.8657
G,211032944,2.806972,-14.365089,0.369647
A,211035364,-16.5667,-3.9325,-15.8161
G,211035450,2.759035,-14.539793,0.132093
A,211037836,-17.4968,-3.8714,-19.2637
G,211037946,2.491653,-14.398113,-0.059655
A,211040296,-17.8667,-3.6667,-21.9536
G,211040428,2.128398,-13.965615,-0.276969
TRK,211041,0.31563,0.78814,0.47942,-0.22220,0.6208,2.0515,-0.6956,0.000,0.000,0.000,3,1
A,211042789,-17.5830,-3.3112,-23.7349
G,211042944,1.759817,-13.342436,-0.431432
A,211045261,-16.5703,-2.9018,-24.7584
G,211045439,1.494566,-12.635100,-0.480434
A,211047713,-15.1409,-2.4349,-25.4336
G,211047913,1.453021,-11.906460,-0.482565
A,211050197,-13.7260,-1.9142,-26.0908
G,211050417,1.678857,-11.155449,-0.506001
A,211052668,-12.2787,-1.3862,-27.0102
G,211052912,2.075135,-10.339457,-0.501740
A,211055124,-10.8350,-0.8942,-28.1594
G,211055388,2.478870,-9.440373,-0.402670
TRK,211051,0.34131,0.77127,0.45478,-0.28606,0.6208,2.0515,-0.6956,0.000,0.000,0.000,3,1
A,211057601,-9.3158,-0.4812,-29.4523
G,211057884,2.766492,-8.477374,-0.238619
A,211060072,-7.8757,-0.1221,-30.7416
G,211060380,2.866626,-7.518636,-0.116114
A,211062531,-6.7660,0.2478,-31.8513
G,211062857,2.747317,-6.593987,-0.083091
A,211065010,-6.1052,0.6644,-32.5444
G,211065354,2.404302,-5.695968,-0.095874
A,211067481,-5.7784,1.1420,-32.5803
G,211067850,1.906823,-4.787298,-0.089482
A,211069945,-5.6348,1.6807,-31.8584
G,211070331,1.396562,-3.828560,-0.039415
A,211072426,-5.5055,2.2805,-30.5225
G,211072828,1.026915,-2.813363,0.058590
A,211074897,-5.3474,2.9305,-28.8310
G,211075349,0.889496,-1.761947,0.200270
A,211077353,-5.0996,3.6093,-27.1179
G,211077845,0.968325,-0.717988,0.382430
TRK,211078,0.35106,0.75887,0.42541,-0.34626,0.6208,2.0515,-0.6956,0.000,0.000,0.000,3,1
A,211079845,-4.8159,4.3096,-25.5342
G,211080352,1.156877,0.289752,0.583765
A,211082317,-5.1571,4.8339,-23.6595
G,211082848,1.308145,1.252751,0.802144
A,211084790,-5.0242,5.0422,-20.9014
G,211085336,1.301753,2.257295,1.102549
A,211087262,-3.7673,4.9560,-17.3999
G,211087853,1.089765,3.181945,1.558482
A,211089716,-2.1943,4.7872,-13.4351
G,211090349,0.807470,3.823234,1.949434
A,211092199,-0.1185,4.7405,-10.0054
G,211092844,0.653007,4.003263,2.046373
TRK,211093,0.34065,0.77199,0.42154,-0.33210,0.6208,2.0515,-0.6956,0.000,0.000,0.000,3,1
A,211094695,0.5243,4.9309,-7.9547
G,211095351,0.722249,3.824299,1.823733
A,211097167,-0.6608,5.3905,-7.4807
G,211097847,0.925715,3.561179,1.588309
A,211099642,-3.4046,5.9041,-8.1163
G,211100333,1.090831,3.444000,1.570200
A,211102113,-6.4428,6.3817,-9.1111
G,211102851,1.088700,3.597398,1.810949
A,211104571,-8.9818,6.6978,-9.5062
G,211105347,0.847950,3.959588,2.306298
A,211107048,-10.4830,6.6978,-8.7412
G,211107833,0.451672,4.365453,2.992327
A,211109519,-10.8637,6.3853,-6.8522
G,211110341,0.133158,4.677576,3.692206
A,211111969,-10.7631,5.7748,-4.3060
G,211112837,0.115049,4.855475,4.213120
A,211114441,-10.7919,4.9775,-1.5479
G,211115315,0.396278,4.931109,4.533765
A,211116912,-10.8457,4.1372,0.6788
TRK,211111,0.32635,0.79718,0.41337,-0.29518,0.6208,2.0515,-0.6956,0.000,0.000,0.000,3,1
G,211117833,0.758468,4.820322,4.777711
A,211119373,-11.7795,3.2573,2.5786
G,211120329,1.018393,4.525243,4.983307
A,211121866,-12.4080,2.5462,3.8822
G,211122827,1.125985,4.105529,5.145227
A,211124337,-13.0005,2.0758,4.7154
G,211125323,1.140898,3.657053,5.256015
A,211126811,-13.3920,1.8926,5.2684
G,211127801,1.132376,3.253317,5.363606
A,211129282,-13.2016,1.9249,5.5988
G,211130309,1.141963,2.843190,5.482916
A,211131736,-12.6701,1.9178,6.0765
G,211132805,1.190966,2.438390,5.610747
A,211134210,-11.7220,1.7274,6.7014
G,211135282,1.266599,2.014415,5.781189
A,211136681,-0.8368,-4.0043,7.1970
G,211137801,1.389105,1.519067,5.968676
A,211139148,4.0905,-8.5150,6.6295
G,211140296,1.618137,0.384560,5.958024
TRK,211140,0.31610,0.84217,0.36316,-0.24280,0.6208,2.0515,-0.6956,0.000,0.000,0.000,3,1
A,211141644,10.1742,-15.6186,4.2449
G,211142795,2.075135,-1.228250,5.266667
A,211144116,6.8307,-18.8867,0.0000
G,211145291,2.655704,-2.473544,3.885019
A,211146593,-3.6129,-17.8703,-7.5669
G,211147769,2.835734,-2.423476,2.474609
A,211149065,-6.9851,-14.7890,-15.6329
G,211150277,1.631985,-1.530785,1.751295
A,211151522,-8.2780,-10.1993,-17.7769
G,211152773,-1.585113,-0.796818,1.304949
TRK,211152,0.31628,0.84893,0.34216,-0.24942,0.6208,2.0515,-0.6956,0.000,0.000,0.000,3,1
A,211154011,-2.6612,-5.5162,-18.6640
G,211155262,-5.456285,-1.080178,0.604005
A,211156483,2.2122,-2.4493,-11.8657
G,211157781,-7.844607,-1.918541,-0.241815
A,211158953,2.8766,-0.5926,-6.3961
G,211160277,-7.047789,-2.631203,-0.608266
A,211161424,1.5945,-0.9337,-3.6990
G,211162791,-3.753992,-2.404302,-0.421845
A,211163892,-0.3591,-2.6719,-4.9991
G,211165287,0.200270,-1.360343,-0.091613
A,211166363,-2.3164,-4.1659,-8.9711
G,211167785,2.985936,-0.103331,0.101200
A,211168816,-3.4297,-4.7082,-13.4710
G,211170281,3.758253,0.904409,0.041545
A,211171299,-3.5554,-4.3203,-16.8504
G,211172760,2.769687,1.406149,-0.222640
A,211173770,-2.7222,-3.6164,-18.0750
G,211175257,0.861799,1.437042,-0.590156
A,211176223,-1.5048,-2.7904,-17.4106
TRK,211172,0.33449,0.84031,0.34469,-0.25135,0.6208,2.0515,-0.6956,0.000,0.000,0.000,3,1
G,211177776,-1.007740,1.230380,-1.033306
A,211178698,-0.2837,-1.9429,-15.6473
G,211180272,-2.147573,1.079113,-1.602158
A,211181170,0.3555,-1.0630,-13.7906
G,211182771,-2.375540,1.082309,-2.211489
A,211183626,0.4992,-0.1688,-12.3577
G,211185267,-2.027198,1.165399,-2.640790
A,211186114,-0.2334,0.3484,-11.7831
G,211187746,-1.556351,1.282578,-2.801646
A,211188585,-1.6771,0.1796,-11.7256
G,211190256,-1.211206,1.471130,-2.835734
A,211191053,-2.8730,-0.2550,-11.2946
G,211192751,-1.001348,1.798166,-2.884736
A,211193541,-3.4046,-0.5926,-10.0413
G,211195230,-0.780839,2.223207,-3.032808
A,211196013,-3.8283,-0.2370,-8.9280
TRK,211196,0.33456,0.83051,0.37419,-0.24146,0.6208,2.0515,-0.6956,0.000,0.000,0.000,3,1
G,211197750,-0.337689,2.619485,-3.278884
A,211198492,-3.4836,0.5315,-7.2149
G,211200245,0.272708,2.843190,-3.501524
A,211200964,-3.6344,1.5586,-6.4715
G,211202745,0.820254,2.829342,-3.582484
A,211203424,-4.1982,2.4098,-6.2453
G,211205241,1.036502,2.696184,-3.550526
A,211205896,-5.1356,2.8443,-6.2560
G,211207740,0.928910,2.559830,-3.589941
A,211208358,-5.9364,3.0526,-6.0693
G,211210236,0.607201,2.455435,-3.702859
A,211210850,-6.5936,3.4046,-5.5952
G,211212716,0.239684,2.346777,-3.762514
A,211213322,-7.0390,3.5985,-4.9524
G,211215220,0.008522,2.228533,-3.717772
A,211215789,-7.0246,4.1336,-4.2377
G,211217716,-0.029827,2.116680,-3.611246
A,211218261,-6.8199,4.6795,-3.6811
TRK,211213,0.31459,0.82505,0.40660,-0.23452,0.6208,2.0515,-0.6956,0.000,0.000,0.000,3,1
G,211220206,0.031958,1.986718,-3.483414
A,211220715,-6.6008,4.9021,-3.4225
G,211222702,0.095874,1.803493,-3.324690
A,211223201,-6.3746,4.8698,-3.3507
G,211225172,0.153398,1.585113,-3.147856
A,211225672,-6.1950,4.3778,-3.5231
G,211227668,0.231162,1.390170,-2.977414
A,211228159,-6.2704,3.2717,-4.1587
G,211230139,0.257794,1.222924,-2.796319
A,211230630,-6.2022,1.9788,-4.7872
G,211232640,0.096939,1.068460,-2.603506
A,211233098,-6.2417,0.1544,-5.3870
G,211235136,-0.289752,0.924649,-2.454369
A,211235585,-5.9544,-1.7561,-5.4049
G,211237607,-0.784035,0.833037,-2.419215
A,211238056,-5.4660,-3.9002,-4.9021
G,211240120,-1.147290,0.811731,-2.553439
A,211240535,-4.6292,-5.6527,-3.5626
G,211242615,-1.185639,0.846885,-2.842125
A,211243006,-3.9720,-6.0154,-2.3308
TRK,211238,0.29806,0.81295,0.44389,-0.23074,0.6208,2.0515,-0.6956,0.000,0.000,0.000,3,1
G,211245107,-0.835167,0.875647,-3.227751
A,211245466,-3.3938,-6.3458,-1.1636
G,211247626,-0.329167,0.770186,-3.526025
A,211247953,-3.7996,-6.2776,0.9948
G,211250122,0.022371,0.527306,-3.591006
A,211250424,-5.1068,-6.2884,9.9623
G,211252624,0.892692,0.539024,-3.462109
A,211252896,-14.5807,-4.5753,20.7865
G,211255120,4.083158,1.171791,-3.030677
A,211255390,-20.9624,-1.9680,33.1226
G,211257594,10.313890,2.540656,-1.473261
A,211257861,-25.1571,2.7043,39.3248
TRK,211254,0.28707,0.80217,0.46811,-0.23446,0.6208,2.0515,-0.6956,0.000,0.000,0.000,3,1
G,211260086,17.592840,3.720968,0.809601
A,211260324,-22.3056,8.4001,34.3400
G,211262600,21.897575,3.265035,2.478870
A,211262809,-12.6593,13.5033,21.7920
G,211265096,20.307137,0.147006,2.369148
A,211265280,-3.5159,17.3173,8.4288
G,211267579,13.067597,-5.111139,1.279383
A,211267735,0.2909,19.2207,0.7003
G,211270075,3.614442,-10.550379,0.421845
A,211270206,-1.4006,18.9154,1.3755
G,211272551,-3.414172,-14.284130,-0.049002
A,211272656,-5.0422,17.0300,7.6315
G,211275065,-5.112204,-15.675365,-0.372843
A,211275143,-9.4523,14.9542,13.9809
G,211277561,-1.900432,-15.435680,-0.400539
A,211277614,-12.8784,12.8784,15.7335
G,211280046,3.554787,-14.727280,0.256729
A,211280074,-13.9307,10.5872,10.5441
G,211282542,8.410262,-14.268150,1.370995
A,211282545,-14.8716,8.2672,-0.0646
TRK,211277,0.23811,0.80793,0.42639,-0.32975,0.6208,2.0515,-0.6956,0.000,0.000,0.000,3,1
A,211284994,-14.9326,5.6276,-13.3417
G,211285015,10.902982,-14.095578,2.324407
A,211287474,-13.9702,3.2609,-25.8215
G,211287519,10.475810,-14.039119,2.812298
A,211289945,-11.4203,1.6879,-34.9865
G,211290015,7.642207,-13.864415,2.870887
A,211292393,-8.7807,0.7398,-39.2817
G,211292486,3.674097,-13.473463,2.558765
TRK,211293,0.24169,0.78695,0.36806,-0.43223,0.6208,2.0515,-0.6956,0.000,0.000,0.000,3,1
A,211294885,-4.5071,0.6608,-39.6228
G,211295000,-0.022371,-12.954679,1.803493
A,211297356,-1.5945,1.3288,-37.4716
G,211297496,-2.441586,-12.352805,0.933172
A,211299809,-0.1903,2.0363,-35.2702
G,211299970,-3.185140,-11.759453,0.364320
A,211302293,-6.3817,3.9612,-38.9944
G,211302475,-2.322276,-10.954114,0.259925
A,211304764,-6.3853,3.5446,-42.4420
G,211304971,-0.983239,-9.398829,0.918258
A,211307229,-11.2767,3.1244,-51.7650
G,211307456,-1.366734,-6.854976,2.648247
A,211309724,-7.9727,3.0849,-56.5917
G,211309972,-3.530286,-2.799515,4.338822
A,211312196,-0.6788,3.1855,-60.0933
G,211312468,-5.503156,1.653290,4.443218
A,211314666,7.0210,5.6168,-58.9728
G,211314957,-5.129248,5.479720,2.944391
A,211317137,14.9578,8.3677,-57.2777
G,211317452,-2.515089,7.472829,1.374191
TRK,211312,0.29853,0.74925,0.34347,-0.48117,0.6208,2.0515,-0.6956,0.000,0.000,0.000,3,1
A,211319594,20.1939,9.5852,-53.8336
G,211319928,0.527306,7.911718,0.992826
A,211322071,22.4025,8.6048,-50.2854
G,211322422,2.878344,7.590009,1.230380
A,211324542,19.0303,5.5629,-46.5253
G,211324938,3.767840,7.216101,1.329450
A,211326992,10.7308,1.5874,-43.5553
G,211327434,3.293797,7.309844,0.869256
A,211329472,-0.9768,-2.5642,-40.9013
G,211329930,1.842907,8.136489,0.238619
A,211331943,-12.8461,-6.0190,-38.5383
G,211332426,-0.242880,9.669405,0.011718
A,211334404,-21.5909,-8.4934,-35.0547
G,211334902,-2.650378,11.543204,0.358994
A,211336876,-25.8969,-9.9587,-29.7755
G,211337398,-4.778776,13.268932,0.852211
A,211339338,-26.8665,-10.4507,-23.3830
G,211339874,-5.918609,14.507835,1.031176
TRK,211340,0.26925,0.80449,0.37261,-0.37610,0.6208,2.0515,-0.6956,0.000,0.000,0.000,3,1
A,211341831,-26.1411,-11.3342,-4.6759
G,211342381,-5.473329,15.335546,0.861799
A,211344302,-26.8917,-11.2264,2.0219
G,211344877,-0.475108,16.342220,0.418649
A,211346776,-26.1950,-12.1278,12.3182
G,211347363,8.923719,17.256218,0.224771
A,211349247,-25.8825,-13.0364,7.8685
G,211349876,18.683672,17.605623,0.509196
A,211351698,-24.5537,-13.2699,-2.8551
G,211352372,21.765482,16.404005,0.771251
TRK,211352,0.18520,0.85225,0.37795,-0.31068,0.6208,2.0515,-0.6956,0.000,0.000,0.000,3,1
A,211354184,-24.4999,-12.9179,-12.3218
G,211354869,15.696671,13.896374,-0.049002
A,211356656,-24.3526,-12.1530,-15.7658
G,211357365,3.585680,10.362892,-1.776861
A,211359120,-25.2361,-11.1007,-13.1298
G,211359840,-9.577792,6.556702,-3.188336
A,211361618,-25.7460,-10.4471,-4.4604
G,211362347,-19.677565,3.198989,-3.555852
A,211364089,-26.0226,-9.9335,7.8290
G,211364843,-24.386030,1.115332,-3.424825
A,211366566,-27.0102,-8.9352,16.3368
G,211367330,-22.891464,0.621049,-3.363039
A,211369038,-29.0070,-7.2652,21.6771
G,211369847,-16.584036,1.407214,-3.173423
A,211371497,-31.2910,-5.0601,18.2654
G,211372343,-8.311193,2.794188,-2.610963
A,211373975,-32.3900,-3.2717,10.6805
G,211374829,-1.646899,4.102333,-1.735316
A,211376446,-31.9841,-2.1584,2.8228
TRK,211371,0.24630,0.83481,0.43499,-0.23070,0.6208,2.0515,-0.6956,0.000,0.000,0.000,3,1
G,211377337,1.573395,4.949219,-0.812797
A,211378897,-30.1705,-1.5012,-2.7150
G,211379832,1.786448,5.168663,-0.057524
A,211381375,-26.9491,-1.2713,-3.8678
G,211382316,0.388821,4.852280,0.458064
A,211383846,-23.2573,-0.9050,-3.1496
G,211384834,-1.306014,4.182228,0.710531
A,211386310,-19.5295,-0.2478,-0.9158
G,211387330,-2.831473,3.331082,0.826645
A,211388803,-16.3045,0.8224,1.4006
G,211389828,-4.060788,2.422411,0.925715
A,211391274,-13.3848,2.0399,4.0582
G,211392324,-5.000351,1.495631,1.102549
A,211393749,-11.1366,3.2896,6.7229
G,211394802,-5.561746,0.610397,1.374191
A,211396244,-9.2907,4.3814,9.5600
G,211397300,-5.475459,-0.170442,1.710815
A,211398716,-7.8219,5.1858,11.9554
TRK,211394,0.24727,0.83955,0.44560,-0.18828,0.6208,2.0515,-0.6956,0.000,0.000,0.000,3,1
G,211399819,-4.506069,-0.803209,2.076200
A,211401181,-6.9528,5.6383,12.9718
G,211402314,-2.748382,-1.316667,2.452239
A,211403652,-6.5541,5.7533,12.0309
G,211404812,-0.708401,-1.804558,2.825081
A,211406099,-6.8414,5.4049,9.2763
G,211407308,0.956607,-2.352104,3.169161
A,211408577,-7.8362,4.7190,5.5881
G,211409787,1.802427,-2.955043,3.449326
A,211411049,-8.8202,3.8319,2.1045
G,211412295,1.791775,-3.554787,3.650661
A,211413508,-9.3661,2.9233,-0.3232
G,211414791,1.238903,-4.123638,3.760383
A,211415987,-9.2943,2.1368,-1.5838
G,211417269,0.595483,-4.711665,3.759318
A,211418458,-8.8202,1.5550,-2.2266
TRK,211418,0.27265,0.84649,0.41201,-0.19840,0.6208,2.0515,-0.6956,0.000,0.000,0.000,3,1
G,211419788,0.225836,-5.371063,3.631486
A,211420929,-8.6155,1.1779,-3.0347
G,211422284,0.248207,-6.059224,3.399259
A,211423420,-8.8454,0.9732,-4.4999
G,211424772,0.500674,-6.648315,3.162770
A,211425891,-9.4164,0.9014,-6.6367
G,211427268,0.705205,-7.063768,3.024286
A,211428373,-9.9730,0.8942,-9.0285
G,211429747,0.693487,-7.305583,3.002980
A,211430845,-10.2568,0.8440,-11.1690
G,211432256,0.512392,-7.407848,3.045591
A,211433308,-10.3681,0.6967,-12.8784
G,211434752,0.338754,-7.388673,3.087136
A,211435779,-10.5010,0.4705,-14.2180
G,211437241,0.335558,-7.199057,3.086071
A,211438223,-10.4291,0.2298,-15.3385
G,211439751,0.530502,-6.797452,3.054113
A,211440689,-10.0952,-0.0215,-16.3692
G,211442247,0.794687,-6.250971,3.029612
TRK,211437,0.30231,0.84478,0.36482,-0.24871,0.6208,2.0515,-0.6956,0.000,0.000,0.000,3,1
A,211443175,-9.2943,-0.1903,-17.2562
G,211444727,0.954477,-5.705556,3.033873
A,211445647,-8.0768,-0.3268,-17.9278
G,211447224,0.940628,-5.285842,3.033873
A,211448101,-6.7624,-0.4525,-18.3408
G,211449720,0.829841,-4.969459,2.993393
A,211450572,-5.7353,-0.5746,-18.5491
G,211452210,0.752077,-4.669054,2.912433
A,211453021,-5.1715,-0.7254,-18.6748
G,211454730,0.776578,-4.298342,2.819755
A,211455500,-5.0494,-0.9194,-18.8148
G,211457225,0.891626,-3.830691,2.732403
A,211457971,-5.2361,-1.1456,-18.9657
TRK,211453,0.31792,0.84325,0.33135,-0.27939,0.6208,2.0515,-0.6956,0.000,0.000,0.000,3,1
G,211459725,1.021589,-3.286340,2.655704
A,211460432,-5.6132,-1.4186,-19.0770
G,211462221,1.083374,-2.713228,2.586462
A,211462912,-6.0549,-1.7166,-18.9980
G,211464690,1.023719,-2.153965,2.516155
A,211465384,-6.4536,-2.0039,-18.6173
G,211467181,0.849016,-1.625593,2.442651
A,211467836,-6.7516,-2.2446,-17.8667
G,211469702,0.614658,-1.133441,2.361691
A,211470319,-6.8845,-2.4062,-16.7606
G,211472198,0.376038,-0.677508,2.273274
A,211472791,-6.7912,-2.4529,-15.3277
TRK,211472,0.32618,0.84668,0.29975,-0.29477,0.6208,2.0515,-0.6956,0.000,0.000,0.000,3,1
G,211474698,0.172573,-0.263120,2.177400
A,211475255,-6.5362,-2.3918,-13.7044
G,211477194,0.039415,0.103331,2.074070
A,211477726,-6.1627,-2.2266,-11.9950
G,211479674,0.002131,0.427171,1.972870
A,211480171,-5.7174,-2.0004,-10.3394
G,211482185,0.059655,0.711597,1.884453
A,211482648,-5.2289,-1.7274,-8.8849
G,211484681,0.164051,0.949151,1.817341
A,211485119,-4.7118,-1.4257,-7.6243
G,211487172,0.241815,1.119593,1.766208
A,211487577,-4.1803,-1.1349,-6.5038
G,211489668,0.243946,1.198422,1.714010
A,211490066,-3.7529,-0.8727,-5.4121
G,211492139,0.172573,1.173921,1.647964
A,211492537,-3.5482,-0.6608,-4.3311
G,211494634,0.078830,1.047155,1.544633
A,211494999,-3.1855,-0.3232,-3.4405
G,211497130,0.006392,0.851146,1.394431
A,211497471,-2.9305,0.0072,-2.7222
TRK,211492,0.32854,0.85440,0.28586,-0.28346,0.6208,2.0515,-0.6956,0.000,0.000,0.000,3,1
STAT,404.6,400.6,0,0,0,10.3792,279.131,0.4774,0.8404,1.7612,9.8104,3.18,0.000
G,211499612,-0.070307,0.557133,1.202684
A,211499921,-3.0347,0.4274,-2.4888
G,211502124,-0.210922,0.133158,0.938498
A,211502403,-3.9792,0.8799,-2.6217
G,211504619,-0.455933,-0.389887,0.604005
A,211504874,-6.0011,1.2605,-3.0023
G,211507112,-0.786165,-0.878843,0.260990
A,211507337,-8.4108,1.7561,-3.3579
G,211509622,-1.145159,-1.179248,0.018109
A,211509818,-10.1634,2.3846,-3.3830
G,211512117,-1.461543,-1.317732,-0.088417
A,211512289,-10.7524,3.1927,-3.0239
G,211514599,-1.650095,-1.426389,-0.129962
A,211514743,-10.3250,4.1803,-2.4565
G,211517099,-1.676726,-1.630920,-0.180030
A,211517216,-9.4846,5.2720,-1.9968
G,211519595,-1.573395,-1.929194,-0.222640
A,211519687,-8.7807,6.3997,-1.8280
TRK,211519,0.34213,0.85016,0.28101,-0.28499,0.6208,2.0515,-0.6956,0.000,0.000,0.000,3,1
G,211522088,-1.427454,-2.241316,-0.183225
A,211522153,-8.1666,7.5346,-2.0039
G,211524599,-1.312406,-2.507632,-0.012783
A,211524639,-7.7213,8.5617,-2.3020
G,211527095,-1.249555,-2.713228,0.259925
A,211527110,-7.4017,9.4523,-2.6252
A,211529568,-7.3263,10.1706,-2.8192
G,211529578,-1.213336,-2.888997,0.588026
A,211532057,-7.3478,10.6877,-2.9197
G,211532091,-1.143029,-3.061570,0.955542
A,211534528,-7.4017,11.0073,-3.0777
G,211534587,-0.961934,-3.228816,1.365669
TRK,211530,0.35149,0.84431,0.27784,-0.29393,0.6208,2.0515,-0.6956,0.000,0.000,0.000,3,1
A,211536984,-7.3406,11.1690,-3.5123
G,211537066,-0.615723,-3.342799,1.793905
A,211539473,-7.1826,11.1546,-4.3742
G,211539577,-0.134223,-3.381149,2.208293
A,211541944,-7.0605,10.9714,-5.6455
G,211542073,0.355798,-3.368366,2.591788
A,211544417,-6.9671,10.6662,-7.1575
G,211544568,0.712662,-3.330016,2.952913
A,211546888,-6.8378,10.2352,-8.6622
G,211547063,0.866060,-3.278884,3.281014
A,211549350,-6.8307,9.7217,-9.9946
G,211549546,0.840494,-3.214968,3.564374
A,211551843,-6.8378,9.2153,-11.1151
G,211552060,0.714792,-3.145725,3.795537
A,211554315,-6.7409,8.6838,-11.9698
G,211554556,0.561394,-3.065831,4.009655
A,211556788,-6.7732,8.1702,-12.7060
G,211557049,0.427171,-2.961435,4.201403
A,211559259,-6.6906,7.6890,-13.3453
TRK,211554,0.37103,0.84078,0.23511,-0.31646,0.6208,2.0515,-0.6956,0.000,0.000,0.000,3,1
G,211559572,0.340885,-2.814428,4.352670
A,211561714,-6.5038,7.2544,-13.9594
G,211562068,0.299339,-2.598180,4.451740
A,211564187,-6.1699,6.8666,-14.5160
G,211564558,0.264186,-2.321211,4.524178
A,211566684,-5.4696,6.5649,-14.9614
G,211567072,0.186421,-2.006958,4.597681
A,211569155,-4.4676,6.2489,-15.3025
G,211569568,0.055394,-1.714010,4.661597
A,211571632,-3.5123,5.9795,-15.6581
G,211572061,-0.098004,-1.449825,4.671185
A,211574103,-2.8982,5.7497,-16.1573
G,211574557,-0.273773,-1.217597,4.591290
A,211576561,-2.5175,5.5162,-16.6026
G,211577030,-0.542220,-1.012001,4.465588
A,211579038,-2.4313,5.3654,-16.8827
G,211579522,-0.970456,-0.824515,4.352670
TRK,211580,0.39421,0.84442,0.17935,-0.31525,0.6208,2.0515,-0.6956,0.000,0.000,0.000,3,1
A,211581537,-2.3236,5.2110,-16.7139
G,211582036,-1.529720,-0.648746,4.272775
A,211584009,-2.2913,5.1212,-16.0675
G,211584532,-2.082592,-0.468716,4.170510
A,211586481,-2.4744,5.0925,-15.1337
G,211587018,-2.475675,-0.279099,4.001133
A,211588952,-2.8730,5.1068,-14.1425
G,211589514,-2.637595,-0.062851,3.812581
A,211591411,-3.4225,5.1571,-13.2268
G,211591986,-2.583266,0.202400,3.673032
A,211593902,-3.8499,5.1643,-12.5229
G,211594490,-2.387258,0.501740,3.618703
A,211596374,-4.1264,5.1284,-12.0488
TRK,211592,0.41408,0.84238,0.16227,-0.30432,0.6208,2.0515,-0.6956,0.000,0.000,0.000,3,1
G,211597005,-2.143312,0.801079,3.618703
A,211598826,-4.2126,5.0206,-11.7579
G,211599501,-1.932389,1.061003,3.624029
A,211601309,-4.2413,4.8590,-11.5784
G,211601995,-1.801362,1.268730,3.605920
A,211603781,-4.1911,4.6400,-11.4024
G,211604491,-1.755556,1.425324,3.561179
A,211606245,-4.1264,4.3706,-11.1259
G,211606965,-1.765143,1.541438,3.501524
A,211608716,-4.0438,4.0725,-10.7775
G,211609461,-1.776861,1.624528,3.424825
A,211611182,-3.9899,3.7565,-10.4435
G,211611936,-1.748099,1.678857,3.318298
A,211613665,-3.9576,3.4620,-10.2316
G,211614429,-1.675661,1.711880,3.171292
TRK,211614,0.44112,0.84326,0.14186,-0.27239,0.6208,2.0515,-0.6956,0.000,0.000,0.000,3,1
A,211616159,-3.8678,3.2286,-10.1957
G,211616932,-1.598962,1.731055,2.989132
A,211618631,-3.6739,3.0490,-10.2639
G,211619428,-1.580852,1.738511,2.792058
A,211621098,-3.3686,2.9269,-10.3896
G,211621904,-1.658617,1.715076,2.584332
A,211623569,-2.9880,2.8659,-10.4543
G,211624410,-1.829059,1.644768,2.360626
A,211626018,-2.5678,2.8048,-10.4112
G,211626906,-2.059156,1.525459,2.119876
A,211628497,-2.1979,2.7797,-10.2639
G,211629392,-2.308428,1.370995,1.868474
A,211630969,-1.8531,2.7330,-10.0664
G,211631888,-2.530003,1.198422,1.607484
A,211633449,-1.5371,2.6612,-9.9120
G,211634375,-2.685532,1.019458,1.325189
A,211635921,-1.3001,2.5857,-9.9551
G,211636881,-2.776079,0.843689,1.010936
A,211638372,-1.0702,2.5067,-10.2424
G,211639377,-2.860235,0.675378,0.668986
TRK,211639,0.46807,0.83834,0.13634,-0.24396,0.6208,2.0515,-0.6956,0.000,0.000,0.000,3,1
A,211640864,-0.8799,2.4672,-10.7380
G,211641874,-3.005111,0.514523,0.298274
A,211643336,-0.6931,2.4924,-11.3054
G,211644391,-3.257578,0.357929,-0.100135
A,211645799,-0.5674,2.5929,-11.8118
G,211646887,-3.614442,0.202400,-0.526241
A,211648270,-0.5423,2.7869,-12.1566
G,211649393,-4.037352,0.051133,-0.974717
A,211650725,-0.6428,3.0885,-12.3074
G,211651889,-4.467719,-0.091613,-1.419997
A,211653210,-0.8224,3.4620,-12.2715
G,211654376,-4.855475,-0.216249,-1.834385
A,211655682,-1.0415,3.8966,-12.0919
TRK,211655,0.49071,0.82375,0.14870,-0.24193,0.6208,2.0515,-0.6956,0.000,0.000,0.000,3,1
G,211656893,-5.171859,-0.320645,-2.188053
A,211658148,-1.2929,4.3562,-11.8333
G,211659388,-5.401956,-0.406931,-2.476740
A,211660619,-1.5945,4.8159,-11.5963
G,211661885,-5.551093,-0.479369,-2.705772
A,211663067,-1.8603,5.2792,-11.3808
G,211664381,-5.637379,-0.542220,-2.865561
A,211665546,-2.1153,5.7317,-11.3054
G,211666858,-5.690642,-0.630637,-2.956109
A,211668017,-2.4888,6.1519,-11.3988
G,211669365,-5.722600,-0.759533,-2.998719
A,211670477,-2.9844,6.5434,-11.7184
G,211671861,-5.740709,-0.900148,-3.024286
A,211672967,-3.6775,6.8989,-12.2787
G,211674348,-5.777994,-0.997087,-3.032808
A,211675438,-4.5035,7.2437,-12.9287
G,211676858,-5.891977,-1.023719,-3.022155
A,211677902,-5.2972,7.5633,-13.5644
G,211679353,-6.117813,-1.002414,-2.999784
A,211680373,-6.0765,7.9009,-13.9917
TRK,211675,0.52995,0.78898,0.18179,-0.25222,0.6208,2.0515,-0.6956,0.000,0.000,0.000,3,1
G,211681851,-6.443784,-0.952346,-2.984871
A,211682825,-6.8163,8.2528,-14.0959
G,211684346,-6.832605,-0.883104,-2.980610
A,211685309,-7.6387,8.6514,-13.9019
G,211686824,-7.234210,-0.815992,-2.981675
A,211687780,-8.4898,9.1399,-13.3884
G,211689319,-7.590009,-0.737163,-2.972087
A,211690231,-9.3374,9.6929,-12.6953
G,211691815,-7.854194,-0.647681,-2.926281
A,211692715,-10.0952,10.3178,-11.8441
G,211694291,-8.025702,-0.526241,-2.818689
A,211695186,-10.6769,10.9499,-10.9140
G,211696790,-8.137554,-0.410127,-2.639725
A,211697642,-11.0971,11.5891,-9.8976
G,211699285,-8.202536,-0.315318,-2.410693
A,211700129,-11.0217,12.1961,-8.8454
G,211701764,-8.216384,-0.249272,-2.128398
A,211702601,-10.6841,12.7922,-7.6531
G,211704273,-8.182296,-0.197074,-1.788579
A,211705069,-10.1957,13.2519,-6.3279
G,211706769,-8.102401,-0.233293,-1.361408
TRK,211706,0.61140,0.70842,0.23981,-0.25850,0.6208,2.0515,-0.6956,0.000,0.000,0.000,3,1
A,211707567,-9.8761,13.4961,-4.8375
G,211709258,-7.907457,-0.396278,-0.851146
A,211710038,-9.9766,13.4602,-3.4620
G,211711754,-7.462177,-0.633832,-0.290817
A,211712517,-10.3537,13.2160,-2.6001
G,211714223,-6.694121,-0.769121,0.272708
A,211714989,-10.7739,12.8174,-2.5139
G,211716715,-5.744970,-0.729706,0.809601
A,211717441,-10.9032,12.4008,-3.2860
G,211719236,-4.927913,-0.634898,1.304949
A,211719923,-10.9427,12.0632,-4.6005
G,211721731,-4.492220,-0.613592,1.743838
A,211722394,-10.8242,11.7220,-5.9077
TRK,211717,0.63625,0.68596,0.24683,-0.25241,0.6208,2.0515,-0.6956,0.000,0.000,0.000,3,1
G,211724221,-4.493285,-0.702009,2.156095
A,211724846,-10.3968,11.3665,-6.7337
G,211726730,-4.757471,-0.827710,2.571548
A,211727318,-10.1167,11.1151,-7.0354
G,211729226,-5.018461,-0.935302,2.957174
A,211729812,-9.5744,10.7883,-6.8845
G,211731706,-5.070659,-1.000283,3.301254
A,211732283,-9.1506,10.4974,-6.6655
G,211734216,-4.885303,-1.021589,3.621899
A,211734757,-8.7951,10.1526,-6.6690
G,211736712,-4.574245,-1.003479,3.962783
A,211737229,-8.5617,9.7324,-7.0030
TRK,211732,0.66624,0.66529,0.24009,-0.23636,0.6208,2.0515,-0.6956,0.000,0.000,0.000,3,1
G,211739202,-4.257862,-0.948085,4.273840
A,211739684,-8.3641,9.1937,-7.5848
G,211741722,-4.006459,-0.845820,4.509264
A,211742170,-8.2780,8.6191,-8.3390
G,211744218,-3.848800,-0.697748,4.673315
A,211744642,-8.2492,8.0086,-9.1111
G,211746706,-3.782754,-0.524110,4.800082
A,211747097,-8.2061,7.3837,-9.7827
G,211749217,-3.771036,-0.341950,4.905543
A,211749575,-8.1594,6.7624,-10.3214
G,211751712,-3.759318,-0.149137,4.995025
A,211752046,-8.0912,6.1842,-10.7811
G,211754202,-3.710316,0.068177,5.079181
A,211754505,-8.1128,5.6599,-11.1869
TRK,211751,0.70458,0.64557,0.21536,-0.20107,0.6208,2.0515,-0.6956,0.000,0.000,0.000,3,1
G,211756723,-3.634682,0.325971,5.171859
A,211756995,-7.9547,5.1966,-11.4886
G,211759218,-3.559048,0.624245,5.294364
A,211759466,-7.6279,4.7513,-11.5748
G,211761707,-3.489806,0.966195,5.458415
A,211761925,-6.9599,4.3024,-11.3988
G,211764202,-3.386475,1.316667,5.626726
A,211764396,-6.0082,3.8176,-11.0181
G,211766683,-3.202185,1.655421,5.751362
A,211766848,-4.9775,3.3291,-10.6590
G,211769183,-2.944391,1.935585,5.796103
A,211769320,-4.1444,2.8695,-10.5117
G,211771703,-2.682336,2.157160,5.783320
A,211771814,-3.6057,2.3739,-10.5405
G,211774199,-2.495914,2.335060,5.769472
A,211774285,-3.2286,1.8747,-10.6985
G,211776700,-2.411759,2.488458,5.769472
A,211776759,-3.1855,1.3503,-10.8134
G,211779195,-2.381931,2.639725,5.754558
A,211779231,-3.2214,0.7614,-10.7631
TRK,211774,0.73569,0.63410,0.19251,-0.14008,0.6208,2.0515,-0.6956,0.000,0.000,0.000,3,1
G,211781676,-2.341451,2.803776,5.707686
A,211781686,-3.2394,0.1401,-10.6159
A,211784159,-3.5231,-0.4597,-10.5333
G,211784174,-2.246643,2.998719,5.603291
A,211786631,-3.8355,-1.0020,-10.5979
G,211786670,-2.104962,3.226686,5.410478
A,211789098,-4.2808,-1.4150,-10.8350
G,211789161,-1.989914,3.468501,5.102617
A,211791569,-4.8339,-1.6843,-11.0720
G,211791657,-2.012284,3.724164,4.734035
A,211794018,-5.2792,-1.8423,-11.0397
G,211794128,-2.239186,3.989415,4.372910
TRK,211790,0.74835,0.63147,0.18452,-0.08462,0.6208,2.0515,-0.6956,0.000,0.000,0.000,3,1
A,211796498,-5.4947,-1.8854,-10.5153
G,211796630,-2.638660,4.262123,4.033091
A,211798969,-5.3762,-1.8352,-9.4056
G,211799150,-3.106311,4.530570,3.684749
A,211801418,-4.9955,-1.6700,-7.8614
G,211801645,-3.530286,4.775580,3.321494
A,211803889,-4.4927,-1.4114,-6.0154
G,211804137,-3.824299,4.977981,2.949717
A,211806389,-3.9109,-1.0738,-4.2198
G,211806657,-3.958522,5.127118,2.576875
A,211808861,-3.4872,-0.6895,-2.6217
G,211809153,-3.970240,5.202752,2.206162
A,211811343,-3.2214,-0.3124,-1.2785
G,211811654,-3.945739,5.204882,1.862082
A,211813815,-3.0706,0.0575,-0.1544
G,211814150,-3.967044,5.126052,1.558482
A,211816266,-3.1388,0.4310,1.0271
G,211816618,-4.059722,4.998221,1.285774
TRK,211817,0.76593,0.60739,0.21039,-0.01278,0.6208,2.0515,-0.6956,0.000,0.000,0.000,3,1
A,211818760,-2.9772,1.0235,2.1763
G,211819130,-4.170510,4.856541,1.041829
A,211821232,-2.8048,1.5802,3.7385
G,211821626,-4.217381,4.762797,0.905475
A,211823683,-2.0111,1.7382,5.4265
G,211824094,-4.143878,4.628574,1.014132
A,211826166,-1.8818,1.8567,6.8558
G,211826593,-3.841343,4.355866,1.208010
A,211828638,-1.7777,1.6951,7.4735
G,211829089,-3.236273,4.038417,1.169660
A,211831105,-2.1009,1.6305,7.2149
G,211831572,-2.481001,3.794472,0.821319
A,211833601,-2.3308,1.8639,6.2848
G,211834084,-1.957956,3.669836,0.406931
A,211836073,-2.2374,2.1835,5.4588
G,211836579,-1.973935,3.482349,0.134223
TRK,211832,0.77514,0.58767,0.23120,0.01866,0.6208,2.0515,-0.6956,0.000,0.000,0.000,3,1
A,211838551,-1.6987,2.4780,5.2505
G,211839072,-2.445847,3.174488,-0.074569
A,211841022,-1.2713,2.8120,5.8035
G,211841586,-3.054113,2.793123,-0.317449
A,211843473,-0.9194,3.1675,6.7696
G,211844082,-3.501524,2.404302,-0.558199
A,211845958,-0.6321,3.5267,7.8326
G,211846580,-3.634682,2.061286,-0.757403
A,211848430,-0.3519,3.8930,8.5904
G,211849076,-3.458913,1.766208,-0.912932
A,211850901,-0.0826,4.2880,8.8238
G,211851558,-3.107376,1.500957,-1.034372
A,211853372,0.2945,4.7082,8.4898
G,211854072,-2.769687,1.237837,-1.123854
A,211855825,0.5997,5.0889,7.9260
G,211856568,-2.581136,0.967260,-1.180313
A,211858316,1.0127,5.4336,7.3298
G,211859068,-2.565157,0.696683,-1.194161
A,211860787,1.4078,5.7281,6.9025
G,211861564,-2.634399,0.427171,-1.189900
TRK,211856,0.78891,0.55715,0.25640,0.03837,0.6208,2.0515,-0.6956,0.000,0.000,0.000,3,1
A,211863251,1.9465,5.9472,6.6870
G,211864037,-2.673814,0.164051,-1.171791
A,211865746,2.5498,6.2058,6.4751
G,211866540,-2.613094,-0.109722,-1.153681
A,211868217,3.1999,6.4033,6.2237
G,211869036,-2.454369,-0.395213,-1.132376
A,211870693,3.7421,6.5505,5.8251
G,211871520,-2.238121,-0.704140,-1.102549
A,211873190,4.1623,6.5182,5.2469
G,211874025,-1.997371,-1.031176,-1.054612
A,211875662,4.3167,6.3566,4.3778
G,211876521,-1.744903,-1.377387,-0.998153
TRK,211871,0.79966,0.53977,0.26053,0.03625,0.6208,2.0515,-0.6956,0.000,0.000,0.000,3,1
A,211878128,3.8642,6.0190,3.2429
G,211878995,-1.492435,-1.712945,-0.997087
A,211880600,3.3651,5.5414,1.7633
G,211881491,-1.281513,-2.011219,-1.043959
A,211883068,2.2984,5.1140,0.0826
G,211883965,-1.161138,-2.227468,-1.140898
A,211885539,1.3647,4.7226,-1.5514
G,211886470,-1.160073,-2.342516,-1.260208
A,211887988,0.5962,4.4137,-2.8695
G,211888966,-1.248490,-2.352104,-1.386974
A,211890468,0.2406,4.2234,-3.8319
G,211891451,-1.334776,-2.263687,-1.475391
A,211892940,0.1544,4.0294,-4.5071
G,211893967,-1.314536,-2.109223,-1.540372
A,211895401,0.2047,3.8786,-5.1679
G,211896462,-1.160073,-1.904693,-1.647964
TRK,211895,0.81552,0.52225,0.24890,0.01488,0.6208,2.0515,-0.6956,0.000,0.000,0.000,3,1
A,211897880,0.2119,3.7421,-6.0118
G,211898945,-0.958738,-1.670334,-1.821602
A,211900352,-0.0323,3.6524,-6.9994
G,211901441,-0.842624,-1.402953,-2.017611
A,211902819,-0.3699,3.5733,-7.9942
G,211903911,-0.882039,-1.100418,-2.218946
A,211905290,-0.8511,3.5554,-8.8669
G,211906417,-1.055677,-0.775512,-2.451174
A,211907745,-1.5802,3.6344,-9.5205
G,211908913,-1.294296,-0.433563,-2.739860
A,211910230,-2.3236,3.7278,-9.9551
G,211911399,-1.549960,-0.070307,-3.023220
A,211912701,-3.3615,3.9935,-10.2604
G,211913909,-1.789644,0.315318,-3.279949
A,211915161,-4.4604,4.3311,-10.3932
G,211916405,-2.008023,0.741424,-3.501524
TRK,211912,0.82161,0.51107,0.25252,-0.00138,0.6208,2.0515,-0.6956,0.000,0.000,0.000,3,1
A,211917657,-5.3008,4.7082,-10.3465
G,211918901,-2.216815,1.203749,-3.673032
A,211920129,-6.1304,5.1966,-10.1059
G,211921397,-2.422411,1.710815,-3.775297
A,211922606,-6.5864,5.6850,-9.6642
G,211923874,-2.613094,2.234925,-3.823234
A,211925077,-6.9815,6.2417,-9.0716
G,211926381,-2.770753,2.756904,-3.896737
A,211927536,-7.2329,6.8666,-8.3893
G,211928877,-2.910302,3.265035,-3.977697
A,211930012,-7.5956,7.5525,-7.5956
G,211931351,-3.070092,3.740143,-4.017112
A,211932484,-7.8685,8.2456,-6.6403
G,211933848,-3.260774,4.172640,-3.974501
A,211934934,-8.1271,8.8957,-5.4516
G,211936344,-3.461044,4.545483,-3.890345
A,211937415,-8.4396,9.5565,-4.0761
G,211938821,-3.626160,4.853345,-3.793406
A,211939886,-8.7089,10.1885,-2.5283
TRK,211935,0.82875,0.47108,0.30163,-0.01664,0.6208,2.0515,-0.6956,0.000,0.000,0.000,3,1
G,211941329,-3.729491,5.101552,-3.660248
A,211942348,-8.9316,10.8134,-0.8799
G,211943825,-3.757187,5.297560,-3.439739
A,211944831,-8.9028,11.3772,0.8116
G,211946303,-3.694337,5.447762,-3.114833
A,211947303,-8.5581,11.8441,2.4852
G,211948821,-3.537743,5.555354,-2.719620
A,211949777,-7.8614,12.1278,4.0618
G,211951317,-3.304450,5.607552,-2.292449
A,211952248,-7.0677,12.2715,5.4085
G,211953813,-3.034938,5.542571,-1.888714
A,211954701,-6.2740,12.3002,6.4177
G,211956309,-2.762231,5.345497,-1.554221
TRK,211951,0.82788,0.44150,0.34583,-0.00967,0.6208,2.0515,-0.6956,0.000,0.000,0.000,3,1
A,211957187,-5.5162,12.2463,7.0390
G,211958787,-2.523612,5.060006,-1.287905
A,211959658,-4.8375,12.1602,7.2975
G,211961292,-2.362756,4.747883,-1.042894
A,211962121,-4.2341,12.0165,7.2975
G,211963788,-2.304167,4.408064,-0.793622
A,211964593,-3.7852,11.8154,7.1108
G,211966276,-2.303102,4.037352,-0.562460
A,211967041,-3.5231,11.5712,6.7157
G,211968772,-2.293514,3.676227,-0.365386
A,211969540,-3.3830,11.2875,6.0585
G,211971261,-2.247708,3.349191,-0.182160
A,211972011,-3.2789,11.0289,5.0673
G,211973780,-2.194445,3.053048,0.005326
A,211974491,-2.9772,10.7416,3.7781
G,211976276,-2.171009,2.812298,0.190682
A,211976962,-2.6145,10.4651,2.3092
G,211978762,-2.208293,2.677010,0.350472
A,211979410,-2.2661,10.1993,0.8440
TRK,211975,0.82142,0.41294,0.39305,0.01592,0.6208,2.0515,-0.6956,0.000,0.000,0.000,3,1
G,211981271,-2.326538,2.652508,0.495348
A,211981882,-1.9644,9.9156,-0.3771
G,211983767,-2.501241,2.691923,0.661529
A,211984353,-1.8962,9.5888,-1.1923
G,211986256,-2.638660,2.751578,0.874582
A,211986806,-1.9429,9.1758,-1.6664
G,211988766,-2.604572,2.815494,1.128115
A,211989281,-2.0722,8.6910,-2.0183
G,211991262,-2.308428,2.906041,1.391235
A,211991752,-2.3308,8.1307,-2.5319
G,211993749,-1.764078,3.054113,1.658617
A,211994204,-2.6037,7.5202,-3.4369
G,211996258,-1.089765,3.287406,1.938781
A,211996680,-2.8695,6.8378,-4.6902
G,211998754,-0.437824,3.622964,2.250904
A,211999152,-3.0598,6.0406,-6.0621
G,212001243,0.085221,4.046939,2.586462
A,212001608,-3.0454,5.1104,-7.2903
TRK,212002,0.81445,0.39995,0.41696,0.05347,0.6208,2.0515,-0.6956,0.000,0.000,0.000,3,1
G,212003763,0.467651,4.529504,2.914563
A,212004096,-2.8443,4.0546,-8.2133
G,212006259,0.771251,5.020591,3.170227
A,212006567,-2.6001,2.9233,-8.8813
G,212008758,1.069525,5.488242,3.293797
A,212009036,-2.4672,1.7669,-9.4667
G,212011254,1.380583,5.931392,3.270361
A,212011525,-2.5283,0.6500,-10.1454
G,212013723,1.650095,6.405435,3.120159
A,212013997,-2.9125,-0.4238,-10.8816
TRK,212014,0.79594,0.41126,0.43695,0.08016,0.6208,2.0515,-0.6956,0.000,0.000,0.000,3,1
G,212016233,1.790709,6.923153,2.876214
A,212016476,-3.4872,-1.4509,-11.5460
G,212018729,1.735316,7.448328,2.538525
A,212018948,-4.1515,-2.4600,-11.9375
G,212021216,1.489240,7.915979,2.094310
A,212021407,-4.9596,-3.4297,-11.9698
G,212023737,1.121723,8.293083,1.510545
A,212023899,-5.8000,-4.3239,-11.7723
G,212026232,0.705205,8.565791,0.774447
A,212026370,-6.8881,-5.0961,-11.5460
G,212028721,0.246076,8.714928,-0.117179
A,212028831,-8.4072,-5.6132,-11.4922
G,212031231,-0.315318,8.780974,-1.110005
A,212031315,-10.2604,-5.8754,-11.5748
G,212033727,-1.058873,8.839563,-2.101767
A,212033786,-12.3541,-5.8538,-11.4994
G,212036204,-2.008023,8.923719,-3.002980
A,212036237,-14.4011,-5.5845,-10.9247
TRK,212037,0.75026,0.40682,0.50710,0.12025,0.6208,2.0515,-0.6956,0.000,0.000,0.000,3,1
G,212038724,-3.059439,9.019594,-3.778493
A,212038732,-16.1537,-5.0996,-9.6498
A,212041204,-17.4753,-4.3993,-7.7177
G,212041220,-4.008590,9.132512,-4.456001
A,212043656,-18.4737,-3.4943,-5.4480
G,212043697,-4.664793,9.295497,-5.049354
A,212046141,-19.0842,-2.4277,-3.1891
G,212046205,-4.968393,9.504290,-5.559615
A,212048613,-19.5834,-1.2139,-1.1636
G,212048701,-5.012069,9.691775,-5.976133
A,212051080,-20.1113,0.1724,0.4597
G,212051191,-4.957741,9.782323,-6.318083
A,212053572,-20.9660,1.8028,2.1009
G,212053705,-4.952415,9.752496,-6.549245
A,212056043,-21.6448,3.5662,4.2018
G,212056201,-5.036570,9.713081,-6.531136
TRK,212052,0.73011,0.35195,0.56967,0.13618,0.6208,2.0515,-0.6956,0.000,0.000,0.000,3,1
A,212058522,-21.7489,5.2541,7.2652
G,212058701,-5.067463,9.750365,-6.033657
A,212060993,-20.7218,6.6906,11.1618
G,212061197,-4.723382,9.903764,-4.985437
A,212063473,-18.2007,7.7069,15.3349
G,212063697,-3.646400,10.127469,-3.580353
A,212065945,-12.9826,8.3103,18.8903
G,212066193,-1.707619,10.408699,-2.102832
A,212068399,-5.7784,8.4216,21.0917
G,212068667,0.843689,10.650514,-0.710531
A,212070891,3.9828,7.7752,21.2928
G,212071178,3.479153,10.465158,0.460194
A,212073362,15.2487,6.3674,18.5922
G,212073674,5.650162,9.507485,1.197357
A,212075831,23.7206,4.6328,12.6414
G,212076160,6.843258,7.654990,0.944889
A,212078302,28.0588,3.1424,3.8858
TRK,212073,0.67241,0.29962,0.65866,0.15579,0.6208,2.0515,-0.6956,0.000,0.000,0.000,3,1
G,212078681,6.521548,5.317800,-0.601874
A,212080756,26.7768,2.0542,-5.2505
G,212081177,4.181163,2.949717,-3.004045
A,212083240,20.8547,1.3791,-11.7795
G,212083678,-0.142745,0.955542,-5.246428
A,212085712,13.0795,0.7398,-13.4925
G,212086174,-5.457350,-0.469782,-6.629140
A,212088178,5.2864,-0.0072,-10.5153
G,212088655,-10.030530,-1.323058,-7.274690
A,212090674,-1.9213,-0.6680,-5.2541
G,212091166,-12.322978,-1.755556,-7.581486
A,212093145,-8.5976,-1.0307,-1.0953
G,212093662,-11.824434,-1.956891,-7.710383
A,212095602,-14.6561,-1.1241,-0.3879
G,212096133,-9.196427,-1.922802,-7.601727
A,212098087,-20.1652,-1.1492,-3.5123
G,212098631,-5.795038,-1.498827,-7.131945
TRK,212099,0.68676,0.22272,0.67599,0.14764,0.6208,2.0515,-0.6956,0.000,0.000,0.000,3,1
A,212100585,-24.4891,-1.3216,-8.9818
G,212101143,-2.963565,-0.569916,-6.209426
A,212103056,-27.5058,-1.9357,-14.3796
G,212103639,-1.419997,0.787230,-4.863997
A,212105533,-28.9136,-3.0813,-17.8308
G,212106129,-1.005610,2.452239,-3.338538
A,212108005,-28.8884,-4.6256,-18.6999
G,212108625,-0.973652,4.294081,-2.019741
A,212110465,-28.0086,-6.2884,-17.6656
G,212111097,-0.584830,6.174272,-1.238903
A,212112944,-26.5505,-7.7608,-16.1249
G,212113588,0.403735,7.875499,-1.083374
A,212115415,-24.6866,-8.8238,-15.2199
TRK,212110,0.68070,0.19931,0.69057,0.14154,0.6208,2.0515,-0.6956,0.000,0.000,0.000,3,1
G,212116100,1.683118,9.223060,-1.433846
A,212117867,-22.6719,-9.4092,-15.3241
G,212118596,2.643986,10.106164,-2.144377
A,212120341,-20.1616,-9.5636,-16.1501
G,212121080,2.757970,10.508834,-3.109507
A,212122812,-17.8380,-9.2225,-16.8504
G,212123576,1.840777,10.538661,-4.284493
A,212125273,-15.8520,-8.4647,-16.6852
G,212126046,0.090547,10.325608,-5.603291
A,212127744,-14.3042,-7.3370,-15.1840
G,212128542,-2.039981,9.996442,-6.917827
A,212130209,-13.3776,-5.8897,-12.4259
G,212131015,-4.036287,9.610816,-8.083226
A,212132705,-12.9359,-4.2198,-8.9567
G,212133519,-5.464807,9.240104,-9.014268
A,212135176,-12.8748,-2.4026,-5.5162
G,212136015,-6.116748,8.933307,-9.698168
A,212137651,-13.3022,-0.4741,-2.7330
G,212138497,-6.059224,8.696818,-10.116817
A,212140123,-14.0169,1.4401,-0.8799
TRK,212135,0.60238,0.12898,0.77672,0.13121,0.6208,2.0515,-0.6956,0.000,0.000,0.000,3,1
G,212141012,-5.542571,8.531702,-10.213756
A,212142580,-14.7495,3.1999,0.1688
G,212143508,-4.824583,8.427306,-9.976201
A,212145068,-15.4031,4.6866,0.6572
G,212146002,-4.056527,8.366587,-9.468070
A,212147540,-15.9526,5.8215,0.7578
G,212148498,-3.268231,8.334628,-8.811867
A,212150029,-16.3153,6.5829,0.5674
G,212150992,-2.452239,8.339954,-8.105597
A,212152500,-16.8432,7.0354,0.0503
G,212153488,-1.645833,8.366587,-7.424892
A,212154970,-17.5040,7.2221,-0.6859
G,212155963,-0.942759,8.364456,-6.794256
A,212157460,-18.1540,7.1287,-1.5694
G,212158457,-0.456998,8.252603,-6.220078
A,212159931,-19.0411,6.8738,-2.4672
G,212160972,-0.231162,8.002266,-5.727926
A,212162392,-19.8815,6.4356,-3.2932
G,212163468,-0.240750,7.629423,-5.357215
TRK,212163,0.52677,0.00426,0.84358,0.10429,0.6208,2.0515,-0.6956,0.000,0.000,0.000,3,1
A,212164884,-20.8224,5.9508,-4.0618
G,212165963,-0.430367,7.163903,-5.156945
A,212167356,-21.9967,5.4911,-4.7657
G,212168459,-0.756338,6.628075,-5.104747
A,212169828,-23.1926,5.1104,-5.4229
G,212170934,-1.195227,6.067746,-5.131379
A,212172300,-24.5358,4.8411,-6.0226
G,212173430,-1.717206,5.545767,-5.185707
A,212174774,-25.9292,4.7154,-6.4895
G,212175906,-2.291384,5.103682,-5.233644
A,212177245,-27.1969,4.7046,-6.6906
TRK,212176,0.49750,-0.03109,0.86178,0.09418,0.6208,2.0515,-0.6956,0.000,0.000,0.000,3,1
G,212178412,-2.867692,4.769189,-5.248558
A,212179700,-28.2025,4.7980,-6.5110
G,212180908,-3.379019,4.576376,-5.185707
A,212182184,-28.7987,5.0242,-6.0011
G,212183392,-3.728425,4.564658,-5.040831
A,212184656,-29.2619,5.4408,-5.1858
G,212185909,-3.877562,4.687163,-4.848019
A,212187123,-29.4451,5.9867,-4.1695
G,212188405,-3.869040,4.822452,-4.556136
A,212189607,-29.4451,6.6116,-2.8838
G,212190888,-3.751861,4.898086,-4.063983
A,212192078,-28.8489,7.1072,-1.3431
G,212193395,-3.481284,4.920456,-3.360909
A,212194537,-27.6063,7.4735,0.1257
G,212195890,-2.936934,4.995025,-2.635464
A,212197026,-25.9831,7.7500,1.1815
G,212198377,-2.133724,5.142031,-2.079396
A,212199497,-24.4388,8.1199,1.5766
TRK,212195,0.45807,-0.09059,0.87857,0.10043,0.6208,2.0515,-0.6956,0.000,0.000,0.000,3,1
G,212200894,-1.295362,5.330583,-1.692705
A,212201967,-23.0274,8.5222,1.5838
G,212203390,-0.746750,5.427522,-1.313471
A,212204439,-21.4724,8.8705,1.7490
G,212205886,-0.589091,5.388107,-0.831971
A,212206890,-19.8060,9.1470,2.3667
G,212208382,-0.633832,5.242166,-0.357929
A,212209372,-18.0643,9.3805,3.4189
G,212210859,-0.596548,5.050419,-0.020240
A,212211843,-16.5415,9.6786,4.5179
G,212213366,-0.370712,4.792624,0.196009
A,212214306,-15.5180,10.0952,5.3439
G,212215862,-0.057524,4.408064,0.441019
A,212216796,-14.7854,10.5010,5.8646
G,212218344,0.202400,3.872236,0.826645
A,212219267,-14.2108,10.7775,6.1124
TRK,212219,0.40853,-0.10525,0.90126,0.09883,0.6208,2.0515,-0.6956,0.000,0.000,0.000,3,1
G,212220862,0.374973,3.202185,1.333711
A,212221741,-13.8301,10.8996,6.1411
G,212223358,0.531567,2.472479,1.895105
A,212224213,-13.5823,10.8350,5.8969
G,212225855,0.746750,1.756621,2.459696
A,212226668,-13.6110,10.6482,5.3223
G,212228351,1.027980,1.096157,3.017894
A,212229153,-13.8265,10.3322,4.3778
G,212230826,1.318797,0.488956,3.598463
A,212231624,-14.1569,9.8833,3.1460
G,212233333,1.564873,-0.066046,4.215251
A,212234091,-14.5807,9.3266,1.7166
G,212235829,1.742772,-0.546481,4.832039
A,212236563,-15.0296,8.6981,0.1903
G,212238317,1.848234,-0.929976,5.411543
A,212239011,-15.4821,8.0194,-1.2785
G,212240824,1.882322,-1.220793,5.952697
A,212241480,-15.9274,7.3155,-2.5965
G,212243320,1.852495,-1.451955,6.488525
TRK,212238,0.39792,-0.07164,0.90905,0.10075,0.6208,2.0515,-0.6956,0.000,0.000,0.000,3,1
A,212243970,-16.2937,6.5757,-3.6883
G,212245798,1.786448,-1.666073,7.026484
A,212246442,-16.4123,5.7604,-4.5286
G,212248306,1.727859,-1.879126,7.541007
A,212248913,-16.3297,4.9129,-5.2469
G,212250802,1.715076,-2.064482,7.983091
A,212251384,-15.9741,4.0510,-5.9759
G,212253291,1.736381,-2.196575,8.329302
A,212253837,-15.4139,3.2250,-6.7696
TRK,212254,0.40484,-0.01601,0.90750,0.11083,0.6208,2.0515,-0.6956,0.000,0.000,0.000,3,1
G,212255809,1.723598,-2.272209,8.564726
A,212256320,-14.7315,2.4672,-7.5956
G,212258305,1.603223,-2.295645,8.707471
A,212258791,-13.9630,1.8028,-8.1954
G,212260795,1.377387,-2.228533,8.776713
A,212261247,-13.0903,1.2498,-8.3893
G,212263291,1.132376,-2.025068,8.798018
A,212263742,-12.0416,0.7649,-8.1092
G,212265770,0.961934,-1.712945,8.791627
A,212266214,-10.9176,0.3555,-7.4448
G,212268279,0.901214,-1.397627,8.744755
A,212268689,-9.8330,-0.0108,-6.6439
G,212270775,0.922519,-1.184574,8.655272
A,212271161,-8.9711,-0.3663,-5.8754
G,212273263,0.964064,-1.124919,8.545550
A,212273617,-8.2780,-0.7829,-5.2720
G,212275782,0.968325,-1.232511,8.465656
A,212276104,-7.8829,-1.2749,-4.8267
G,212278278,0.909736,-1.497762,8.410262
A,212278576,-7.5453,-1.9213,-4.6184
TRK,212274,0.41021,0.06921,0.89927,0.13510,0.6208,2.0515,-0.6956,0.000,0.000,0.000,3,1
G,212280777,0.809601,-1.879126,8.334628
A,212281044,-7.4843,-2.6899,-4.6436
G,212283292,0.711597,-2.312689,8.183361
A,212283530,-7.7069,-3.5374,-5.0027
G,212285788,0.632767,-2.727077,7.949003
A,212286001,-8.1487,-4.4245,-5.7138
G,212288265,0.557133,-3.056243,7.640076
A,212288450,-8.8131,-5.2828,-6.7265
G,212290765,0.442085,-3.258644,7.268299
A,212290921,-8.8418,-6.0226,-7.9978
G,212293260,0.254598,-3.282079,6.837932
A,212293392,-8.1630,-6.5864,-8.6443
TRK,212292,0.41954,0.14560,0.88178,0.15889,0.6208,2.0515,-0.6956,0.000,0.000,0.000,3,1
G,212295740,0.023436,-2.941195,6.354302
A,212295844,-5.5665,-6.8450,-9.2404
G,212298248,-0.187487,-2.288188,5.907956
A,212298326,-0.9697,-6.6188,-9.1578
G,212300744,-0.435693,-1.274056,5.591573
A,212300798,4.0402,-6.2991,-7.6459
G,212303234,-0.899083,-0.583765,5.542571
A,212303262,8.9316,-6.3889,-4.8195
G,212305730,-1.357147,-0.667921,5.740709
A,212305733,11.5137,-7.2724,-0.7721
A,212308198,10.2999,-9.0142,2.2625
G,212308219,-1.045024,-1.644768,5.755623
A,212310694,5.9616,-10.9140,1.4006
G,212310739,0.703074,-2.768622,5.060006
A,212313166,-1.3360,-12.2140,-4.4388
G,212313235,3.339604,-3.343865,3.501524
A,212315630,-9.2943,-12.6378,-13.7188
G,212315723,5.128183,-3.321494,1.645833
TRK,212316,0.42923,0.20131,0.86335,0.17281,0.6208,2.0515,-0.6956,0.000,0.000,0.000,3,1
A,212318118,-15.7515,-12.4403,-22.4959
G,212318233,4.404868,-3.060504,0.196009
A,212320589,-19.2099,-12.0273,-26.8665
G,212320752,0.969391,-2.828277,-0.613592
A,212323037,-19.3966,-11.4994,-25.2971
G,212323248,-3.686880,-2.613094,-1.076982
A,212325516,-17.2957,-10.6698,-19.1345
G,212325748,-7.417436,-2.274339,-1.645833
A,212327988,-14.2395,-9.2548,-11.5604
G,212328244,-8.766061,-1.734250,-2.470348
A,212330468,-11.4742,-7.2365,-5.5270
G,212330743,-7.658185,-1.061003,-3.338538
A,212332939,-8.9854,-4.9596,-2.5893
G,212333239,-5.140966,-0.383495,-3.876497
A,212335392,-6.7337,-2.8192,-2.4565
G,212335710,-2.561961,0.202400,-3.877562
TRK,212336,0.45505,0.16949,0.85290,0.19173,0.6208,2.0515,-0.6956,0.000,0.000,0.000,3,1
A,212337884,-4.4065,-1.1133,-3.7852
G,212338220,-0.830906,0.657268,-3.468501
A,212340355,-1.9142,0.0862,-5.3044
G,212340738,-0.147006,0.990696,-2.978479
A,212342806,0.3699,0.9445,-6.2309
G,212343234,-0.200270,1.148355,-2.690858
A,212345286,1.8208,1.6520,-6.4967
G,212345730,-0.532632,1.119593,-2.685532
A,212347757,2.3092,2.3774,-6.4284
G,212348225,-0.839428,0.926780,-2.886866
A,212350222,1.7023,3.1747,-6.2920
G,212350705,-1.026915,0.681769,-3.149987
A,212352714,0.2263,4.0187,-6.1986
G,212353212,-1.141963,0.461259,-3.319364
A,212355185,-1.7059,4.8806,-6.1447
G,212355708,-1.227185,0.337689,-3.318298
TRK,212351,0.45420,0.14686,0.85871,0.18643,0.6208,2.0515,-0.6956,0.000,0.000,0.000,3,1
A,212357661,-3.6847,5.6922,-6.0370
G,212358198,-1.267665,0.350472,-3.154248
A,212360133,-5.4013,6.4284,-5.8754
G,212360694,-1.216532,0.502805,-2.879410
A,212362590,-6.6726,7.0928,-5.7066
G,212363164,-1.037567,0.759533,-2.537460
A,212365078,-7.4448,7.6962,-5.6312
G,212365665,-0.743555,1.068460,-2.173139
A,212367549,-7.7716,8.2349,-5.7138
G,212368161,-0.400539,1.378452,-1.812015
A,212370018,-7.8147,8.7269,-5.9508
G,212370642,-0.104396,1.646899,-1.458347
A,212372490,-7.7680,9.1614,-6.2489
G,212373154,0.063916,1.851429,-1.103614
A,212374940,-7.7788,9.5205,-6.4931
G,212375650,0.090547,1.988849,-0.745685
A,212377417,-7.9619,9.8114,-6.6260
G,212378137,0.019175,2.080461,-0.396278
A,212379888,-8.3929,10.0628,-6.6367
G,212380633,-0.073503,2.155030,-0.051133
TRK,212375,0.44966,0.11601,0.86660,0.18263,0.6208,2.0515,-0.6956,0.000,0.000,0.000,3,1
A,212382350,-9.0824,10.2783,-6.6008
G,212383104,-0.136354,2.239186,0.301470
A,212384836,-9.9443,10.4651,-6.5469
G,212385600,-0.142745,2.351039,0.680704
A,212387308,-10.8350,10.5943,-6.4823
G,212388096,-0.093743,2.501241,1.102549
A,212389780,-11.5748,10.6374,-6.4428
G,212390577,0.007457,2.698315,1.563808
A,212392252,-11.8800,10.5979,-6.4428
G,212393090,0.144876,2.946521,2.030394
A,212394706,-11.8333,10.5082,-6.4500
G,212395586,0.280165,3.252252,2.452239
A,212397189,-11.4060,10.4291,-6.4105
G,212398076,0.338754,3.569701,2.802711
A,212399661,-10.7524,10.3358,-6.1339
G,212400571,0.259925,3.824299,3.108441
A,212402127,-10.0090,10.2316,-5.5126
G,212403044,0.051133,3.947870,3.394997
TRK,212403,0.41144,0.12714,0.88111,0.19545,0.6208,2.0515,-0.6956,0.000,0.000,0.000,3,1
A,212404625,-9.2979,10.0736,-4.5897
G,212405548,-0.188552,3.934021,3.665575
A,212407096,-8.7125,9.8509,-3.5877
G,212408061,-0.336624,3.823234,3.895672
A,212409554,-8.4036,9.5924,-2.7545
G,212410557,-0.335558,3.681554,4.079963
A,212412043,-8.3713,9.3338,-2.2589
G,212413050,-0.226901,3.580353,4.244013
A,212414514,-8.5114,9.0573,-2.0111
G,212415546,-0.123571,3.523895,4.421912
TRK,212414,0.38612,0.14411,0.88659,0.20998,0.6208,2.0515,-0.6956,0.000,0.000,0.000,3,1
A,212416984,-8.5940,8.7340,-1.8172
G,212418020,-0.109722,3.464240,4.647748
A,212419456,-8.5222,8.3246,-1.4688
G,212420539,-0.174703,3.364105,4.907673
A,212421922,-8.1128,7.8147,-0.9984
G,212423035,-0.225836,3.213902,5.152684
A,212424411,-7.5705,7.2472,-0.5207
G,212425526,-0.189617,3.017894,5.323126
A,212426882,-6.9887,6.6511,-0.3089
G,212428040,-0.084156,2.739860,5.393434
A,212429344,-6.6044,6.0801,-0.4561
G,212430536,0.001065,2.370213,5.384912
A,212431837,-6.3422,5.5198,-0.9373
G,212433029,-0.023436,1.943042,5.348693
A,212434309,-6.2309,4.9919,-1.5730
G,212435525,-0.174703,1.535046,5.301821
A,212436779,-6.1339,4.5071,-2.1332
G,212437996,-0.399474,1.220793,5.244297
A,212439251,-5.9364,4.0905,-2.4924
TRK,212434,0.35099,0.18341,0.88784,0.23433,0.6208,2.0515,-0.6956,0.000,0.000,0.000,3,1
G,212440500,-0.609331,1.027980,5.178250
A,212441705,-5.6707,3.7565,-2.5642
G,212442996,-0.726510,0.942759,5.128183
A,212444178,-5.2289,3.4548,-2.3990
G,212445468,-0.704140,0.923584,5.117530
A,212446650,-4.6292,3.1532,-2.1225
G,212447963,-0.526241,0.916127,5.139901
A,212449097,-3.9612,2.7976,-1.9357
G,212450459,-0.213053,0.891626,5.158010
A,212451575,-3.3722,2.3810,-2.0327
G,212452934,0.177899,0.837298,5.123922
A,212454046,-2.8874,1.9213,-2.5319
G,212455440,0.547546,0.764860,5.018461
A,212456505,-2.5714,1.4581,-3.3686
G,212457935,0.788296,0.688161,4.849084
A,212458995,-2.2841,1.0199,-4.3706
G,212460421,0.825580,0.615723,4.631770
A,212461466,-1.9213,0.6393,-5.2577
TRK,212457,0.32841,0.23040,0.87903,0.25763,0.6208,2.0515,-0.6956,0.000,0.000,0.000,3,1
G,212462937,0.654072,0.555003,4.364388
A,212463937,-1.4688,0.3484,-5.8323
G,212465433,0.343015,0.503870,4.050135
A,212466426,-0.9158,0.1580,-5.9975
G,212467917,0.005326,0.459129,3.697533
A,212468898,-0.3304,0.0754,-5.7856
G,212470436,-0.249272,0.429302,3.328951
A,212471373,0.2334,0.0862,-5.3403
G,212472932,-0.360059,0.403735,2.976349
A,212473852,0.6788,0.1544,-4.8339
G,212475404,-0.314253,0.374973,2.661031
A,212476323,0.9984,0.2550,-4.4317
TRK,212476,0.31631,0.25758,0.87282,0.26793,0.6208,2.0515,-0.6956,0.000,0.000,0.000,3,1
G,212477921,-0.147006,0.323840,2.382997
A,212478797,1.3216,0.3915,-4.2737
G,212480416,0.087352,0.248207,2.128398
A,212481268,1.5586,0.4920,-4.7190
G,212482912,0.331297,0.283360,1.892975
A,212483723,2.3739,0.8404,-5.7389
G,212485425,0.372843,0.438889,1.640507
A,212486195,1.8747,1.2031,-6.5003
G,212487921,-0.036219,0.534763,1.337972
A,212488681,2.0004,1.5407,-6.5577
G,212490398,-0.802144,0.478304,1.103614
A,212491153,0.9481,1.8352,-5.2038
G,212492914,-1.373126,0.361125,0.952346
A,212493629,0.0682,1.9070,-3.2681
G,212495410,-1.131311,0.415453,0.850081
A,212496101,-0.7973,2.0039,-1.7813
G,212497899,-0.056459,0.626375,0.671117
A,212498552,-1.4832,2.1548,-1.7741
G,212500395,1.281513,0.870321,0.500674
TRK,212495,0.30993,0.26863,0.86905,0.27664,0.6208,2.0515,-0.6956,0.000,0.000,0.000,3,1
STAT,404.6,400.6,0,0,0,5.6315,251.372,0.4774,0.8404,1.7612,9.8104,3.18,0.000
A,212501041,-1.9609,2.3415,-3.1388
G,212502871,2.180596,1.063134,0.436758
A,212503512,-1.9932,2.4708,-5.1068
G,212505378,2.288188,1.151551,0.429302
A,212505982,-1.5909,2.5319,-6.7193
G,212507874,1.724663,1.150486,0.333428
A,212508453,-0.9768,2.6217,-7.4340
G,212510361,0.866060,1.092961,0.082025
A,212510904,-0.3376,2.8730,-7.1395
G,212512857,0.076699,1.014132,-0.256729
A,212513376,0.3017,3.2825,-6.0549
G,212515344,-0.411192,0.935302,-0.558199
A,212515828,0.7721,3.6272,-4.4245
TRK,212512,0.29898,0.27159,0.87382,0.27070,0.6208,2.0515,-0.6956,0.000,0.000,0.000,3,1
G,212517862,-0.490022,0.856473,-0.766990
A,212518312,1.6520,3.9289,-3.2860
G,212520358,-0.151268,0.801079,-1.007740
A,212520783,1.4904,4.3993,-2.8766
G,212522844,0.387756,0.784035,-1.391235
A,212523236,1.6771,4.9344,-3.6595
G,212525340,0.730771,0.784035,-1.760882
A,212525725,1.3467,5.7604,-4.7908
G,212527811,0.568851,0.794687,-1.898301
A,212528196,1.2749,6.5864,-5.3941
G,212530319,0.013848,0.772317,-1.726794
A,212530672,1.4940,7.2006,-4.8123
G,212532815,-0.444215,0.702009,-1.465804
A,212533144,1.6340,7.6387,-3.3722
G,212535303,-0.324906,0.536893,-1.274056
A,212535601,1.3108,7.9583,-2.0399
TRK,212536,0.29566,0.25595,0.88027,0.26870,0.6208,2.0515,-0.6956,0.000,0.000,0.000,3,1
G,212537821,0.502805,0.354733,-1.153681
A,212538088,0.5531,8.2708,-1.7346
G,212540317,1.755556,0.294013,-1.019458
A,212540560,-0.2693,8.5796,-2.7330
G,212542815,2.955043,0.471912,-0.782969
A,212543028,-0.6536,8.8346,-4.5969
G,212545311,3.713511,0.869256,-0.469782
A,212545500,-0.3160,9.0034,-6.5757
G,212547789,3.912716,1.356082,-0.193878
A,212547950,0.7470,9.0788,-7.9871
G,212550284,3.674097,1.770469,-0.075634
A,212550417,2.1261,9.1327,-8.5796
G,212552803,3.227751,1.996305,-0.145941
A,212552909,3.2573,9.2261,-8.4539
G,212555299,2.770753,1.999501,-0.330232
A,212555380,3.8247,9.3877,-7.9368
G,212557790,2.410693,1.813080,-0.525175
A,212557845,3.7278,9.5744,-7.3370
G,212560286,2.189118,1.547829,-0.649811
A,212560317,3.0921,9.7396,-6.9025
TRK,212555,0.27998,0.25633,0.89208,0.24512,0.6208,2.0515,-0.6956,0.000,0.000,0.000,3,1
G,212562764,2.111354,1.328385,-0.696683
A,212562770,2.1943,9.8474,-6.7732
A,212565252,1.2857,9.8761,-6.9635
G,212565271,2.159291,1.230380,-0.686030
A,212567723,0.3484,9.8330,-7.3658
G,212567767,2.274339,1.265534,-0.657268
A,212570189,-0.5171,9.7540,-7.8147
G,212570256,2.377670,1.398692,-0.623180
A,212572661,-1.4042,9.6462,-8.1020
G,212572752,2.414954,1.568069,-0.599744
A,212575127,-2.1691,9.5241,-8.1558
G,212575241,2.387258,1.691640,-0.584830
TRK,212572,0.26508,0.25355,0.90167,0.22898,0.6208,2.0515,-0.6956,0.000,0.000,0.000,3,1
A,212577624,-2.8012,9.4020,-8.0481
G,212577761,2.342516,1.719337,-0.572047
A,212580096,-3.1783,9.3015,-7.9691
G,212580256,2.327603,1.656486,-0.572047
A,212582574,-3.3722,9.2404,-8.0768
G,212582756,2.349973,1.542503,-0.599744
A,212585045,-3.4943,9.2368,-8.3965
G,212585251,2.356365,1.414671,-0.655138
A,212587497,-3.6093,9.2727,-8.8310
G,212587723,2.278601,1.292166,-0.719053
A,212589987,-3.7206,9.3158,-9.2153
G,212590233,2.093245,1.173921,-0.762729
A,212592458,-3.8571,9.3482,-9.4774
G,212592753,1.845038,1.063134,-0.790426
A,212594909,-4.0510,9.3661,-9.6714
G,212595249,1.620267,0.955542,-0.820254
TRK,212595,0.24664,0.24917,0.91297,0.20872,0.6208,2.0515,-0.6956,0.000,0.000,0.000,3,1
A,212597390,-4.3311,9.4092,-9.9300
G,212597748,1.472195,0.867125,-0.875647
A,212599862,-4.7226,9.4882,-10.3537
G,212600244,1.376322,0.796818,-0.935302
A,212602344,-5.3187,9.6642,-10.9176
G,212602743,1.270860,0.762729,-0.964064
A,212604816,-6.2381,9.9407,-11.3306
G,212605239,1.105744,0.810666,-0.923584
A,212607270,-6.9420,10.1957,-11.3018
G,212607710,0.905475,0.990696,-0.755272
A,212609742,-7.2221,10.3789,-10.6374
G,212610220,0.778708,1.293231,-0.417584
A,212612187,-6.7552,10.4256,-9.6534
G,212612716,0.889496,1.656486,0.012783
TRK,212612,0.23746,0.24393,0.91865,0.20050,0.6208,2.0515,-0.6956,0.000,0.000,0.000,3,1
A,212614663,-5.6240,10.4184,-8.9100
G,212615206,1.320928,2.001632,0.357929
A,212617134,-4.4784,10.4902,-8.9818
G,212617726,1.935585,2.261556,0.518784
A,212619591,-3.9935,10.6769,-9.7109
G,212620221,2.393649,2.410693,0.585895
A,212622062,-3.8894,10.8529,-10.4184
G,212622717,2.419215,2.499110,0.770186
A,212624521,-3.9792,10.8206,-10.3860
G,212625188,2.058091,2.583266,1.162203
A,212626993,-3.8535,10.5872,-9.4810
G,212627708,1.690575,2.730273,1.645833
A,212629453,-3.7385,10.2424,-8.3641
G,212630204,1.699097,2.884736,1.989914
A,212631936,-3.7493,9.9335,-7.7608
G,212632696,2.132659,2.991262,2.112419
A,212634407,-4.1300,9.7252,-8.0266
G,212635192,2.674879,2.987001,2.153965
TRK,212630,0.21177,0.25136,0.92468,0.19221,0.6208,2.0515,-0.6956,0.000,0.000,0.000,3,1
A,212636879,-4.6866,9.5600,-8.8741
G,212637673,2.945456,2.908172,2.261556
A,212639372,-5.1176,9.3661,-9.6678
G,212640175,2.790993,2.820820,2.446912
A,212641844,-5.2182,9.1255,-9.9335
G,212642671,2.325472,2.773949,2.614159
A,212644327,-5.0494,8.9352,-9.6067
G,212645162,1.793905,2.790993,2.718555
A,212646798,-4.8447,8.8741,-8.7987
G,212647683,1.383778,2.848517,2.752643
A,212649262,-4.5681,8.9064,-7.7536
G,212650179,1.149420,2.896454,2.787797
A,212651748,-4.3455,8.9711,-6.5398
G,212652671,1.063134,2.901780,2.913498
A,212654219,-3.9828,8.9495,-5.2828
G,212655167,1.128115,2.903911,3.193662
TRK,212649,0.17514,0.27288,0.92779,0.18459,0.6208,2.0515,-0.6956,0.000,0.000,0.000,3,1
A,212656695,-3.5123,8.7664,-4.1228
G,212657648,1.379517,2.913498,3.556918
A,212659166,-2.8587,8.4252,-3.2896
G,212660159,1.819471,2.930542,3.882889
A,212661623,-2.2266,7.9799,-3.0742
G,212662655,2.344647,2.896454,4.103398
A,212664094,-1.7705,7.4699,-3.4405
G,212665166,2.780340,2.805906,4.226969
A,212666552,-1.2821,6.8845,-4.2377
G,212667662,2.965696,2.646117,4.281298
A,212669041,-0.8296,6.2991,-5.1643
G,212670153,2.846386,2.423476,4.254666
A,212671512,-0.4202,5.7748,-5.9687
G,212672670,2.475675,2.174205,4.118312
A,212673978,-0.0790,5.3941,-6.4428
G,212675166,1.954760,1.939846,3.877562
A,212676471,0.1724,5.1499,-6.3889
G,212677659,1.389105,1.752360,3.614442
A,212678942,0.4022,4.9847,-5.7461
TRK,212675,0.12827,0.31476,0.92358,0.17740,0.6208,2.0515,-0.6956,0.000,0.000,0.000,3,1
G,212680170,0.895887,1.600027,3.410976
A,212681403,0.7147,4.8231,-4.6543
G,212682665,0.622114,1.482848,3.288471
A,212683886,1.0415,4.6292,-3.4764
G,212685146,0.672182,1.377387,3.189401
A,212686357,1.2749,4.4209,-2.6647
G,212687641,1.016262,1.259143,3.091397
A,212688830,1.2965,4.1946,-2.4672
G,212690113,1.480717,1.092961,3.013633
A,212691302,1.1420,3.8894,-2.8587
G,212692608,1.865278,0.877778,2.998719
A,212693776,0.9122,3.4872,-3.5733
G,212695080,2.057025,0.646616,3.029612
A,212696247,0.6572,2.9628,-4.3670
G,212697575,2.071939,0.430367,3.046656
A,212698695,0.4022,2.3990,-5.0745
G,212700070,1.992044,0.250337,2.987001
TRK,212695,0.10715,0.34307,0.91685,0.17381,0.6208,2.0515,-0.6956,0.000,0.000,0.000,3,1
A,212701181,0.0862,1.8459,-5.6276
G,212702553,1.887648,0.110787,2.837864
A,212703653,-0.1508,1.3683,-6.0406
G,212705053,1.782187,0.007457,2.630138
A,212706107,-0.3735,1.0020,-6.3422
G,212707548,1.667139,-0.077764,2.391519
A,212708585,-0.5459,0.7793,-6.5469
G,212710022,1.525459,-0.161920,2.133724
A,212711057,-0.6428,0.6859,-6.6475
G,212712523,1.345429,-0.250337,1.887648
A,212713514,-0.8655,0.7075,-6.5936
G,212715019,1.135572,-0.343015,1.687379
A,212716004,-1.0271,0.7721,-6.2956
G,212717502,0.949151,-0.415453,1.576591
A,212718475,-1.2031,0.8188,-5.7497
G,212720016,0.870321,-0.455933,1.537176
A,212720946,-1.3180,0.8260,-5.0889
G,212722512,0.978978,-0.459129,1.536111
A,212723417,-1.3970,0.8080,-4.5179
TRK,212718,0.09712,0.36878,0.91049,0.15991,0.6208,2.0515,-0.6956,0.000,0.000,0.000,3,1
G,212725005,1.280448,-0.441019,1.529720
A,212725869,-1.3036,0.7111,-4.1264
G,212727518,1.692705,-0.415453,1.516936
A,212728340,-0.8763,0.5423,-4.0366
G,212730013,2.085788,-0.446346,1.465804
A,212730834,-0.0215,0.3089,-4.2772
G,212732497,2.348908,-0.591222,1.299623
A,212733305,1.0415,0.1221,-4.9380
G,212734999,2.391519,-0.888430,0.931041
A,212735767,2.0219,0.0934,-5.9149
G,212737494,2.125202,-1.296427,0.383495
TRK,212732,0.09440,0.38033,0.90785,0.14916,0.6208,2.0515,-0.6956,0.000,0.000,0.000,3,1
A,212738252,2.5893,0.2981,-6.9312
G,212739968,1.494566,-1.764078,-0.215183
A,212740723,2.6145,0.6931,-7.4915
G,212742473,0.593352,-2.224272,-0.720119
A,212743189,2.2338,1.1959,-7.2437
G,212744968,-0.298274,-2.617355,-1.074852
A,212745660,1.5694,1.6987,-6.2201
G,212747453,-0.839428,-2.900715,-1.293231
A,212748107,0.7398,2.1799,-4.8554
G,212749949,-0.819188,-3.061570,-1.412541
A,212750605,-0.1508,2.6181,-3.7529
G,212752433,-0.272708,-3.114833,-1.443433
A,212753077,-0.9230,2.9951,-3.3507
G,212754937,0.561394,-3.090332,-1.382713
A,212755544,-1.4545,3.2789,-3.7421
G,212757433,1.372061,-3.030677,-1.247425
A,212758016,-1.6484,3.4620,-4.6974
TRK,212752,0.11355,0.37816,0.90877,0.13506,0.6208,2.0515,-0.6956,0.000,0.000,0.000,3,1
G,212759928,1.927063,-2.967826,-1.081243
A,212760475,-1.4724,3.5338,-5.8143
G,212762424,2.143312,-2.939064,-0.943824
A,212762966,-1.0235,3.5482,-6.7265
G,212764899,2.084722,-2.962500,-0.886300
A,212765438,-0.4453,3.5482,-7.2544
G,212767396,1.887648,-3.049852,-0.927845
A,212767900,0.1508,3.5877,-7.4196
G,212769891,1.675661,-3.195793,-1.057808
A,212770371,0.6141,3.7026,-7.3801
G,212772377,1.512675,-3.383280,-1.233576
A,212772824,0.9230,3.8786,-7.3119
G,212774893,1.396562,-3.599528,-1.407214
A,212775307,1.0558,4.1084,-7.3622
G,212777388,1.296427,-3.832821,-1.545699
A,212777778,1.0918,4.3491,-7.5776
G,212779872,1.185639,-4.069310,-1.635181
A,212780230,1.0271,4.5753,-7.9224
TRK,212780,0.14880,0.37058,0.91170,0.09663,0.6208,2.0515,-0.6956,0.000,0.000,0.000,3,1
G,212782378,1.064199,-4.289820,-1.683118
A,212782705,0.9266,4.7513,-8.3965
G,212784874,0.954477,-4.478372,-1.695901
A,212785177,0.8009,4.8518,-8.9423
G,212787360,0.890561,-4.614726,-1.687379
A,212787633,0.5495,4.9093,-9.5636
G,212789870,0.892692,-4.690359,-1.669269
A,212790114,0.2622,4.9057,-10.2963
G,212792366,0.960868,-4.690359,-1.644768
A,212792586,-0.1006,4.8806,-11.1294
G,212794862,1.071656,-4.610465,-1.614941
A,212795054,-0.4776,4.8447,-12.0596
G,212797358,1.192031,-4.456001,-1.588309
A,212797525,-0.7829,4.8159,-13.0364
G,212799834,1.275122,-4.240818,-1.572330
A,212799975,-0.9732,4.8159,-13.9702
G,212802331,1.287905,-3.991545,-1.565939
A,212802445,-1.0056,4.8518,-14.7567
TRK,212799,0.18759,0.36080,0.91105,0.06795,0.6208,2.0515,-0.6956,0.000,0.000,0.000,3,1
G,212804848,1.222924,-3.738013,-1.560612
A,212804936,-0.8619,4.9201,-15.3636
G,212807344,1.113201,-3.503654,-1.562743
A,212807408,-0.5459,5.0099,-15.8017
G,212809841,0.997087,-3.288471,-1.584048
A,212809879,-0.1903,5.1284,-16.1788
G,212812336,0.886300,-3.092462,-1.634115
A,212812351,0.1041,5.2720,-16.5810
A,212814804,0.2442,5.4516,-17.0407
G,212814814,0.754207,-2.906041,-1.705488
A,212817276,0.1688,5.6707,-17.4968
G,212817309,0.565655,-2.733469,-1.778991
TRK,212811,0.20588,0.35429,0.91072,0.05182,0.6208,2.0515,-0.6956,0.000,0.000,0.000,3,1
A,212819730,-0.0467,5.9185,-17.8488
G,212819787,0.315318,-2.560896,-1.833320
A,212822211,-0.4166,6.1986,-18.0068
G,212822290,0.042611,-2.369148,-1.856756
A,212824683,-0.7865,6.4823,-18.0068
G,212824786,-0.188552,-2.141181,-1.848234
A,212827149,-1.1779,6.7804,-17.9026
G,212827274,-0.316384,-1.862082,-1.799232
A,212829646,-1.5263,7.0820,-17.8344
G,212829793,-0.322775,-1.528654,-1.715076
A,212832118,-1.8028,7.4053,-17.8344
G,212832288,-0.249272,-1.156877,-1.600027
A,212834575,-1.9285,7.7213,-17.8631
G,212834766,-0.165116,-0.764860,-1.444498
A,212837054,-1.9429,8.0158,-17.8129
G,212837264,-0.125701,-0.363255,-1.237837
A,212839525,-1.6771,8.2456,-17.6405
TRK,212834,0.22719,0.33736,0.91271,0.03926,0.6208,2.0515,-0.6956,0.000,0.000,0.000,3,1
G,212839783,-0.128897,0.033023,-0.984304
A,212841975,-1.0738,8.3965,-17.2347
G,212842279,-0.141680,0.411192,-0.720119
A,212844455,0.3304,8.4898,-17.1197
G,212844777,-0.107592,0.811731,-0.453803
A,212846927,0.6608,8.7592,-17.1126
G,212847294,-0.080960,1.095092,-0.303600
A,212849378,1.5407,8.9495,-17.2993
G,212849790,-0.139550,1.284709,-0.200270
A,212851870,1.0307,9.2404,-17.3604
G,212852298,-0.336624,1.366734,-0.050067
A,212854342,0.4489,9.4020,-17.0623
G,212854793,-0.526241,1.562743,0.270577
A,212856807,-0.0467,9.4164,-16.5056
G,212857273,-0.517718,1.902562,0.688161
A,212859278,-0.3879,9.3374,-15.9310
TRK,212854,0.22110,0.33210,0.91598,0.04256,0.6208,2.0515,-0.6956,0.000,0.000,0.000,3,1
G,212859792,-0.214118,2.358495,1.075917
A,212861733,-0.3519,9.1399,-15.6689
G,212862287,0.298274,2.839995,1.418932
A,212864208,-0.2263,8.8741,-15.8161
G,212864775,0.825580,3.249056,1.703358
A,212866680,-0.0718,8.5365,-16.2901
G,212867271,1.185639,3.556918,1.910019
A,212869135,0.0108,8.1451,-16.9079
G,212869739,1.265534,3.777427,2.038916
A,212871633,-0.0826,7.7500,-17.3316
G,212872248,1.034372,3.967044,2.114550
A,212874104,-0.0539,7.3011,-17.2921
G,212874767,0.549676,4.138552,2.165683
A,212876562,0.1508,6.8666,-16.6385
G,212877262,-0.067112,4.291950,2.173139
A,212879051,0.4992,6.4608,-15.4857
G,212879761,-0.670051,4.401672,2.107093
A,212881523,0.8691,6.1304,-14.0169
TRK,212880,0.17920,0.35046,0.91749,0.05733,0.6208,2.0515,-0.6956,0.000,0.000,0.000,3,1
G,212882279,-1.160073,4.453870,1.975000
A,212883981,1.0738,5.8861,-12.4906
G,212884774,-1.503088,4.434696,1.822667
A,212886453,1.0199,5.6922,-11.0468
G,212887282,-1.716141,4.359062,1.721467
A,212888904,0.7398,5.4911,-9.7360
G,212889778,-1.812015,4.262123,1.718271
A,212891386,0.3268,5.2289,-8.5868
G,212892267,-1.787514,4.182228,1.816276
A,212893858,-0.1652,4.8806,-7.6028
G,212894762,-1.633050,4.149205,1.990979
A,212896321,-0.5997,4.4281,-6.8378
G,212897231,-1.358212,4.155596,2.196575
TRK,212893,0.15300,0.35869,0.91717,0.08208,0.6208,2.0515,-0.6956,0.000,0.000,0.000,3,1
A,212898814,-0.9697,3.8966,-6.3027
G,212899730,-1.006675,4.175836,2.397910
A,212901286,-1.2641,3.3004,-5.9903
G,212902226,-0.645550,4.176901,2.568352
A,212903751,-1.3934,2.6504,-5.8610
G,212904696,-0.335558,4.147074,2.695119
A,212906222,-1.4617,1.9968,-5.8502
G,212907203,-0.121440,4.083158,2.763296
A,212908675,-1.4868,1.3791,-5.9149
G,212909698,-0.026632,3.975567,2.752643
A,212911162,-1.4940,0.8763,-5.9544
G,212912188,-0.064981,3.817907,2.659965
A,212913633,-1.7561,0.4956,-5.7389
G,212914709,-0.227967,3.614442,2.523612
A,212916101,-1.9106,0.1472,-5.2038
G,212917204,-0.451672,3.366235,2.436260
TRK,212913,0.12015,0.37505,0.91349,0.10217,0.6208,2.0515,-0.6956,0.000,0.000,0.000,3,1
A,212918599,-2.1189,-0.1760,-4.4388
G,212919704,-0.599744,3.085006,2.423476
A,212921070,-2.5103,-0.4453,-3.7278
G,212922199,-0.543285,2.800580,2.411759
A,212923549,-3.0993,-0.6393,-3.1029
G,212924679,-0.286556,2.572613,2.351039
A,212926020,-3.5267,-0.8080,-2.8048
G,212927175,0.066046,2.429868,2.339321
A,212928500,-5.1715,-0.8009,-2.8479
G,212929655,0.430367,2.169944,2.419215
A,212930972,-6.6978,-0.7649,-2.9880
G,212932166,0.907605,2.016546,2.620550
A,212933432,-8.5114,-0.7290,-3.1999
G,212934662,1.538242,2.110289,2.969957
A,212935914,-9.8797,-0.7254,-3.0957
G,212937143,2.288188,2.594984,3.524960
A,212938386,-10.3896,-0.8332,-2.5642
TRK,212938,0.08480,0.40083,0.90496,0.11483,0.6208,2.0515,-0.6956,0.000,0.000,0.000,3,1
G,212939664,3.060504,3.163835,4.154531
A,212940858,-10.0377,-1.0343,-1.7346
G,212942159,3.864779,3.636812,4.650945
A,212943348,-9.0896,-1.2749,-0.8655
G,212944647,4.681837,3.986219,4.965198
A,212945819,-7.6782,-1.4976,-0.2514
G,212947142,5.360411,4.144944,5.156945
A,212948299,-5.6455,-1.7310,0.1293
G,212949619,5.703425,4.002198,5.219796
A,212950770,-3.1388,-1.9465,0.3376
G,212952130,5.625661,3.530286,5.053615
A,212953235,-0.6716,-2.0650,0.3807
G,212954626,5.148423,2.769687,4.580637
A,212955706,1.5479,-2.0004,0.3448
G,212957116,4.324973,1.796036,3.846670
A,212958151,3.1639,-1.7597,0.3304
G,212959611,3.219229,0.675378,2.974218
TRK,212958,0.02701,0.44514,0.89089,0.08623,0.6208,2.0515,-0.6956,0.000,0.000,0.000,3,1
A,212960628,4.2054,-1.3683,0.4597
G,212962083,1.943042,-0.474043,2.091114
A,212963099,4.6902,-0.8583,0.7434
G,212964585,0.658333,-1.572330,1.266599
A,212965557,4.4784,-0.2334,1.2641
G,212967080,-0.484695,-2.558765,0.546481
A,212968029,3.6883,0.4741,1.9716
G,212969583,-1.394431,-3.458913,0.025566
A,212970489,2.5103,1.1564,2.8874
G,212972078,-1.977131,-4.286624,-0.191748
A,212972979,1.0810,1.6843,3.9002
G,212974561,-2.081527,-5.015265,-0.084156
A,212975450,-0.3232,1.9357,4.6938
G,212977064,-1.561678,-5.557485,0.268447
A,212977912,-1.7382,1.9285,4.7585
G,212979559,-0.420779,-5.815278,0.761664
A,212980383,-3.1747,1.6843,3.8283
G,212982052,1.117462,-5.770537,1.358212
A,212982836,-4.6651,1.2498,1.9178
G,212984548,2.706837,-5.482916,2.051699
TRK,212979,0.06157,0.45260,0.88632,0.07617,0.6208,2.0515,-0.6956,0.000,0.000,0.000,3,1
A,212985319,-5.8933,0.6069,-0.5459
G,212987021,4.071440,-5.016330,2.830407
A,212987791,-6.6690,-0.2370,-2.9987
G,212989524,5.113269,-4.418716,3.620834
A,212990255,-5.4552,-1.1492,-5.5773
G,212992019,5.883455,-3.738013,4.300472
A,212992726,-2.2015,-1.7166,-9.7899
G,212994500,6.282929,-3.762514,4.666924
A,212995168,5.4085,-2.1979,-14.9362
TRK,212995,0.07683,0.47746,0.87462,0.03411,0.6208,2.0515,-0.6956,0.000,0.000,0.000,3,1
G,212997013,6.056028,-5.302886,4.557201
A,212997645,13.0616,-2.2625,-20.4776
G,212999509,6.314887,-8.355933,3.371562
A,213000132,15.5791,-2.1117,-33.5248
G,213001983,8.818258,-9.929330,0.969391
A,213002604,15.7119,-1.5335,-47.6638
G,213004487,12.269714,-8.845955,-1.480717
A,213005072,9.5205,-0.9553,-66.9598
G,213006982,13.312609,-5.374259,-2.640790
A,213007543,2.3487,-0.1832,-83.3182
G,213009467,8.734102,-2.253034,-1.906823
A,213009993,-2.7078,-0.5602,-89.9298
G,213011962,-0.207727,-0.023436,-0.060720
A,213012464,-6.0765,-1.9142,-82.7616
G,213014447,-10.218017,1.835451,2.032524
A,213014915,-8.1128,-3.9037,-62.4312
G,213016960,-17.526794,4.014981,3.621899
A,213017395,-6.9061,-5.8969,-33.7654
G,213019456,-19.429358,6.353237,4.214186
A,213019867,-4.4353,-6.9204,-5.2936
TRK,213015,0.09065,0.48747,0.86761,-0.03758,0.6208,2.0515,-0.6956,0.000,0.000,0.000,3,1
G,213021951,-15.235411,8.192948,3.763579
A,213022329,-1.6664,-6.5505,15.0296
G,213024446,-6.689860,9.106946,2.657835
A,213024823,0.2801,-5.0063,22.2409
G,213026921,2.748382,9.233712,1.481783
A,213027294,0.7362,-2.8766,17.1700
G,213029427,9.430786,8.852346,0.939563
A,213029769,0.8045,-0.8871,4.9309
G,213031922,11.263040,8.160991,1.323058
A,213032240,1.5371,0.2155,-7.4053
G,213034428,8.575378,7.302387,2.199771
A,213034716,3.2322,0.2765,-14.4514
G,213036923,3.586745,6.445915,2.789927
A,213037187,5.0278,-0.3699,-14.4011
G,213039399,-1.065264,5.633118,2.668487
A,213039633,5.9867,-1.1815,-8.7376
TRK,213040,0.02593,0.50753,0.86046,0.03672,0.6208,2.0515,-0.6956,0.000,0.000,0.000,3,1
G,213041914,-3.603789,4.871454,2.004827
A,213042121,5.8071,-1.7885,-0.8188
G,213044410,-3.621899,4.059722,1.225054
A,213044592,4.9632,-2.0937,5.7964
G,213046895,-1.824798,3.156378,0.597613
A,213047050,3.8535,-2.1045,8.7879
G,213049391,0.533697,2.209358,0.145941
A,213049522,2.6863,-1.9142,7.6172
G,213051863,2.222142,1.344364,-0.166181
A,213051967,1.3575,-1.6017,3.5626
G,213054358,2.523612,0.689226,-0.332363
A,213054439,0.0251,-1.2929,-1.1313
TRK,213053,0.01078,0.50994,0.85861,0.05131,0.6208,2.0515,-0.6956,0.000,0.000,0.000,3,1
G,213056835,1.479652,0.269512,-0.329167
A,213056890,-1.1277,-1.1564,-4.3383
G,213059340,-0.205596,0.071373,-0.214118
A,213059371,-1.8244,-1.1815,-5.0566
G,213061836,-1.603223,0.019175,-0.101200
A,213061842,-2.0399,-1.3180,-3.6955
A,213064306,-1.8136,-1.4006,-1.5838
G,213064323,-2.050634,0.027697,-0.107592
A,213066788,-1.2462,-1.3431,-0.2514
G,213066829,-1.444498,0.017044,-0.258859
A,213069260,-0.4166,-1.1133,-0.5926
G,213069325,-0.223706,-0.105461,-0.500674
A,213071715,0.6859,-0.7147,-2.6109
G,213071803,0.925715,-0.351537,-0.756338
A,213074186,1.9680,-0.2334,-5.4660
G,213074298,1.409345,-0.711597,-0.988565
A,213076643,3.2789,0.2801,-8.0337
G,213076776,0.998153,-1.135572,-1.200553
TRK,213077,0.01379,0.50500,0.86151,0.05083,0.6208,2.0515,-0.6956,0.000,0.000,0.000,3,1
A,213079130,4.4640,0.7721,-9.3948
G,213079284,-0.108657,-1.586179,-1.412541
A,213081627,5.3115,1.2390,-9.3015
G,213081803,-1.410410,-2.016546,-1.633050
A,213084099,5.8179,1.7023,-8.1774
G,213084298,-2.374475,-2.386192,-1.855690
A,213086575,5.8143,2.1943,-6.8307
G,213086794,-2.681271,-2.670618,-2.066613
A,213089047,5.4660,2.7366,-6.0513
G,213089290,-2.344647,-2.877279,-2.222142
A,213091506,4.7764,3.2681,-6.1160
G,213091768,-1.656486,-3.030677,-2.259426
A,213093978,4.1049,3.7206,-6.8989
G,213094264,-0.983239,-3.153183,-2.119876
A,213096438,3.6559,3.9971,-7.9906
G,213096742,-0.550742,-3.249056,-1.818406
A,213098922,3.2932,4.0761,-8.9423
G,213099244,-0.356864,-3.296993,-1.460477
A,213101394,3.1424,4.0187,-9.6929
G,213101739,-0.269512,-3.275688,-1.160073
A,213103866,2.8156,3.8463,-10.1921
G,213104228,-0.175769,-3.207511,-0.974717
TRK,213105,0.05652,0.48559,0.87120,0.04505,0.6208,2.0515,-0.6956,0.000,0.000,0.000,3,1
A,213106368,2.4744,3.6667,-10.5405
G,213106748,-0.049002,-3.129747,-0.873517
A,213108840,2.2266,3.5051,-10.8745
G,213109243,0.077764,-3.064765,-0.820254
A,213111303,2.3451,3.2573,-11.0217
G,213111722,0.148072,-3.013633,-0.784035
A,213113797,2.2589,3.0957,-11.3126
G,213114232,0.132093,-3.004045,-0.785100
A,213116269,1.9968,2.9880,-11.6538
G,213116727,0.038350,-3.015763,-0.852211
A,213118744,1.2605,2.9880,-12.0991
G,213119217,-0.120375,-3.006176,-0.938498
A,213121215,0.3879,3.0849,-12.4582
TRK,213116,0.07323,0.48173,0.87255,0.03512,0.6208,2.0515,-0.6956,0.000,0.000,0.000,3,1
G,213121737,-0.329167,-2.887932,-0.947020
A,213123671,-0.1688,3.1568,-12.5480
G,213124232,-0.537959,-2.666357,-0.807470
A,213126145,-0.2550,3.1999,-12.4690
G,213126718,-0.614658,-2.377670,-0.599744
A,213128642,-0.0611,3.2429,-12.4367
G,213129228,-0.468716,-2.067678,-0.450607
A,213131114,0.1975,3.3363,-12.7312
G,213131724,-0.162985,-1.761947,-0.398409
A,213133592,0.3627,3.4943,-13.2375
G,213134213,0.109722,-1.481783,-0.383495
A,213136063,0.6680,3.6380,-13.7152
TRK,213131,0.09098,0.47735,0.87353,0.02827,0.6208,2.0515,-0.6956,0.000,0.000,0.000,3,1
G,213136733,0.189617,-1.243164,-0.344080
A,213138522,0.9230,3.7421,-13.8552
G,213139228,0.079895,-1.043959,-0.297209
A,213141011,1.1061,3.7996,-13.5679
G,213141727,-0.102265,-0.862864,-0.280165
A,213143482,1.0702,3.8571,-12.9287
G,213144222,-0.240750,-0.683900,-0.288687
A,213145950,0.7937,3.9109,-12.0919
G,213146699,-0.286556,-0.509196,-0.283360
A,213148421,0.4345,3.9720,-11.2264
G,213149209,-0.242880,-0.338754,-0.238619
A,213150873,0.1329,4.0151,-10.4722
G,213151704,-0.138484,-0.182160,-0.162985
A,213153346,-0.0611,4.0402,-9.9084
G,213154184,-0.011718,-0.045806,-0.059655
A,213155817,-0.1437,4.0438,-9.5349
TRK,213150,0.09853,0.47472,0.87425,0.02488,0.6208,2.0515,-0.6956,0.000,0.000,0.000,3,1
G,213156704,0.100135,0.066046,0.066046
A,213158281,-0.0934,3.9971,-9.3194
G,213159200,0.184291,0.154463,0.210922
A,213160767,0.0503,3.9002,-9.2368
G,213161691,0.257794,0.219444,0.347276
A,213163238,0.2191,3.7601,-9.2799
G,213164186,0.334493,0.260990,0.452737
A,213165710,0.3412,3.5733,-9.4739
G,213166663,0.416518,0.282295,0.521980
A,213168204,0.4202,3.3722,-9.8043
G,213169162,0.479369,0.287621,0.574178
A,213170676,0.4561,3.1460,-10.1993
G,213171683,0.498544,0.286556,0.624245
A,213173142,0.4633,2.9018,-10.5979
G,213174178,0.472977,0.292948,0.672182
A,213175614,0.4741,2.6468,-10.9463
G,213176679,0.421845,0.319579,0.711597
A,213178062,0.4561,2.3882,-11.2300
G,213179174,0.373908,0.378169,0.740359
TRK,213174,0.09502,0.47841,0.87267,0.02336,0.6208,2.0515,-0.6956,0.000,0.000,0.000,3,1
A,213180540,0.4489,2.1476,-11.4598
G,213181655,0.346211,0.470847,0.764860
A,213183012,0.4489,1.9178,-11.6646
G,213184154,0.339819,0.590156,0.787230
A,213185461,0.4812,1.7202,-11.8621
G,213186650,0.347276,0.731837,0.800014
A,213187947,0.5243,1.5550,-12.0524
G,213189136,0.355798,0.886300,0.797883
A,213190438,0.5746,1.4186,-12.2320
G,213191628,0.348341,1.049285,0.776578
A,213192910,0.6213,1.3180,-12.3325
G,213194123,0.317449,1.217597,0.745685
TRK,213188,0.09005,0.48336,0.87046,0.02352,0.6208,2.0515,-0.6956,0.000,0.000,0.000,3,1
A,213195392,0.6823,1.2462,-12.3325
G,213196604,0.263120,1.385909,0.708401
A,213197863,0.7398,1.2067,-12.1961
G,213199112,0.196009,1.544633,0.670051
A,213200321,0.8116,1.1959,-11.9519
G,213201607,0.131028,1.683118,0.627441
A,213202813,0.8655,1.2210,-11.6574
G,213204097,0.083091,1.801362,0.584830
A,213205284,0.9158,1.2713,-11.3557
G,213206592,0.055394,1.903627,0.550742
A,213207779,0.9661,1.3467,-11.0756
G,213209084,0.042611,1.996305,0.524110
A,213210250,1.0199,1.4329,-10.8134
G,213211597,0.031958,2.078331,0.500674
A,213212716,1.0882,1.5191,-10.5656
G,213214093,0.015979,2.145442,0.477238
A,213215188,1.1744,1.5909,-10.3142
TRK,213209,0.07555,0.48845,0.86879,0.03011,0.6208,2.0515,-0.6956,0.000,0.000,0.000,3,1
G,213216595,-0.007457,2.196575,0.454868
A,213217644,1.2246,1.6700,-10.0808
G,213219090,-0.034088,2.229598,0.438889
A,213220124,0.8296,1.8136,-9.7109
G,213221565,-0.074569,2.213619,0.427171
A,213222596,0.4274,1.8854,-9.0537
G,213224076,-0.103331,2.148638,0.471912
A,213225062,-0.0036,1.8890,-8.0840
G,213226572,-0.042611,2.052764,0.574178
A,213227534,-0.1832,1.8495,-7.1036
G,213229084,0.187487,1.963282,0.667921
A,213230003,0.1939,1.7490,-6.4141
G,213231580,0.535828,1.864213,0.658333
A,213232493,0.7470,1.7669,-6.2489
G,213234062,0.801079,1.722532,0.555003
A,213234965,1.3503,1.8136,-6.3315
G,213236572,0.790426,1.524393,0.471912
A,213237433,1.9788,1.8603,-6.2237
G,213239067,0.508131,1.301753,0.463390
TRK,213234,0.05237,0.49294,0.86749,0.04171,0.6208,2.0515,-0.6956,0.000,0.000,0.000,3,1
A,213239924,2.5031,1.8280,-5.6994
G,213241550,0.149137,1.069525,0.486826
A,213242396,2.9341,1.7274,-4.8123
G,213244063,-0.070307,0.821319,0.476173
A,213244868,3.2106,1.6197,-3.9361
G,213246558,-0.072438,0.534763,0.418649
A,213247339,3.3651,1.5155,-3.3830
G,213249071,0.077764,0.207727,0.352602
A,213249813,3.4333,1.3970,-3.2717
G,213251567,0.266316,-0.136354,0.292948
A,213252284,3.6129,1.2282,-3.7170
G,213254059,0.400539,-0.471912,0.223706
A,213254739,3.5841,1.0774,-4.6723
G,213256574,0.414388,-0.784035,0.113983
A,213257216,3.2645,0.9697,-5.9077
G,213259070,0.257794,-1.066330,-0.003196
A,213259688,2.7653,0.8583,-7.0605
TRK,213259,0.04748,0.49618,0.86596,0.04079,0.6208,2.0515,-0.6956,0.000,0.000,0.000,3,1
G,213261572,-0.041545,-1.298557,-0.061785
A,213262154,2.1763,0.7470,-7.8147
G,213264068,-0.338754,-1.447694,-0.041545
A,213264638,1.8890,0.5602,-8.1451
G,213266538,-0.443150,-1.508414,-0.012783
A,213267110,1.9465,0.3484,-8.3713
G,213269047,-0.284426,-1.511610,-0.066046
A,213269584,2.1225,0.1903,-8.8992
G,213271543,0.013848,-1.503088,-0.211988
A,213272056,2.2841,0.1365,-9.8689
G,213274036,0.227967,-1.492435,-0.379234
A,213274514,2.3774,0.1760,-11.0935
G,213276531,0.203465,-1.467934,-0.504935
A,213277000,2.3092,0.2406,-12.1637
G,213279000,-0.046872,-1.412541,-0.575243
A,213279472,2.2087,0.3124,-12.8389
TRK,213279,0.06074,0.49443,0.86642,0.03421,0.6208,2.0515,-0.6956,0.000,0.000,0.000,3,1
G,213281504,-0.367516,-1.313471,-0.623180
A,213281942,1.9680,0.3915,-13.0652
G,213284000,-0.586961,-1.163269,-0.681769
A,213284414,1.6448,0.4956,-13.0221
G,213286484,-0.624245,-0.965129,-0.751011
A,213286866,1.2965,0.6680,-12.9251
G,213288979,-0.515588,-0.738228,-0.815992
A,213289359,1.0343,0.8906,-12.9036
G,213291454,-0.371777,-0.500674,-0.858603
A,213291831,0.8691,1.1708,-12.9502
G,213293949,-0.297209,-0.269512,-0.885235
A,213294294,0.8080,1.4796,-12.9359
G,213296445,-0.335558,-0.063916,-0.900148
TRK,213295,0.06845,0.48819,0.86938,0.03401,0.6208,2.0515,-0.6956,0.000,0.000,0.000,3,1
A,213296788,0.8260,1.8064,-12.7348
G,213298920,-0.458064,0.110787,-0.908670
A,213299260,0.8871,2.1368,-12.2823
G,213301422,-0.586961,0.256729,-0.910801
A,213301731,0.9445,2.4529,-11.6215
G,213303917,-0.645550,0.379234,-0.907605
A,213304203,0.9840,2.7689,-10.8960
G,213306399,-0.601874,0.481499,-0.896953
A,213306655,0.9912,3.0777,-10.2568
G,213308915,-0.485761,0.558199,-0.871386
A,213309142,0.8906,3.4010,-9.7827
G,213311410,-0.366451,0.601874,-0.812797
A,213311614,0.8188,3.7098,-9.4272
G,213313898,-0.295078,0.612527,-0.707336
A,213314073,0.8080,3.9792,-9.0896
G,213316393,-0.272708,0.593352,-0.564590
A,213316545,0.8906,4.1911,-8.6945
TRK,213315,0.06726,0.48029,0.87363,0.03963,0.6208,2.0515,-0.6956,0.000,0.000,0.000,3,1
G,213318869,-0.258859,0.553937,-0.421845
A,213318994,1.0630,4.3347,-8.2851
G,213321369,-0.216249,0.493217,-0.319579
A,213321467,1.1887,4.4460,-7.9511
G,213323864,-0.147006,0.416518,-0.249272
A,213323939,1.2318,4.5250,-7.7428
G,213326349,-0.080960,0.328101,-0.175769
A,213326398,1.1851,4.5789,-7.6351
G,213328866,-0.036219,0.234358,-0.066046
A,213328890,1.1313,4.5717,-7.5525
G,213331362,0.003196,0.141680,0.071373
A,213331362,1.1169,4.4927,-7.4771
A,213333815,1.1420,4.3275,-7.4699
G,213333838,0.076699,0.055394,0.211988
A,213336286,1.1851,4.1156,-7.6315
G,213336334,0.202400,-0.021305,0.332363
TRK,213330,0.06553,0.47865,0.87457,0.04161,0.6208,2.0515,-0.6956,0.000,0.000,0.000,3,1
A,213338741,1.2139,3.8678,-7.9906
G,213338811,0.352602,-0.090547,0.427171
A,213341223,1.2139,3.6021,-8.5042
G,213341316,0.471912,-0.152333,0.504935
A,213343694,1.1887,3.3184,-9.0537
G,213343811,0.519849,-0.203465,0.574178
A,213346161,1.1744,3.0239,-9.5349
G,213346299,0.493217,-0.241815,0.644485
A,213348646,1.1744,2.7186,-9.8725
G,213348806,0.426106,-0.264186,0.709466
A,213351118,1.1995,2.4169,-10.0772
G,213351301,0.367516,-0.264186,0.762729
A,213353576,1.2534,2.1296,-10.2173
G,213353779,0.352602,-0.239684,0.792557
A,213356047,1.2929,1.8675,-10.3573
G,213356275,0.387756,-0.191748,0.795752
A,213358506,1.3288,1.6305,-10.5477
G,213358753,0.443150,-0.127832,0.786165
TRK,213359,0.06490,0.48581,0.87088,0.03662,0.6208,2.0515,-0.6956,0.000,0.000,0.000,3,1
A,213360996,1.3611,1.4186,-10.7595
G,213361262,0.478304,-0.057524,0.768056
A,213363468,1.3898,1.2318,-10.9463
G,213363758,0.466586,0.014914,0.748881
A,213365939,1.4329,1.0594,-11.0325
G,213366246,0.406931,0.085221,0.724380
A,213368431,1.4868,0.9050,-10.9894
G,213368756,0.323840,0.153398,0.688161
A,213370902,1.5371,0.7721,-10.8314
G,213371252,0.249272,0.218379,0.640224
A,213373384,1.5945,0.6608,-10.5979
G,213373751,0.202400,0.278034,0.581634
A,213375856,1.6484,0.5818,-10.3394
G,213376246,0.184291,0.330232,0.517718
A,213378319,1.7023,0.5351,-10.1023
G,213378725,0.176834,0.367516,0.450607
A,213380801,1.7597,0.5279,-9.8869
G,213381223,0.157659,0.389887,0.383495
A,213383273,1.8100,0.5423,-9.6750
TRK,213378,0.06183,0.49124,0.86811,0.03516,0.6208,2.0515,-0.6956,0.000,0.000,0.000,3,1
G,213383743,0.112918,0.395213,0.317449
A,213385727,1.8567,0.5818,-9.4451
G,213386238,0.046872,0.385626,0.249272
A,213388213,1.8890,0.6321,-9.2045
G,213388737,-0.020240,0.362190,0.178964
A,213390684,1.9178,0.6895,-8.9531
G,213391233,-0.068177,0.329167,0.107592
A,213393151,1.9285,0.7542,-8.7340
G,213393712,-0.087352,0.289752,0.038350
A,213395623,1.9321,0.8368,-8.5653
G,213396222,-0.086286,0.246076,-0.023436
A,213398071,1.9249,0.9230,-8.4539
G,213398718,-0.082025,0.196009,-0.077764
A,213400542,1.9142,1.0092,-8.3929
TRK,213394,0.05948,0.49234,0.86760,0.03641,0.6208,2.0515,-0.6956,0.000,0.000,0.000,3,1
G,213401227,-0.088417,0.141680,-0.124636
A,213402991,1.8962,1.0989,-8.3570
G,213403723,-0.108657,0.082025,-0.166181
A,213405462,1.8747,1.1851,-8.3426
G,213406202,-0.137419,0.017044,-0.205596
A,213407933,1.8639,1.2713,-8.3354
G,213408710,-0.161920,-0.051133,-0.243946
A,213410383,1.8423,1.3467,-8.3677
G,213411206,-0.171508,-0.120375,-0.282295
A,213412875,1.8244,1.4222,-8.4467
G,213413706,-0.165116,-0.183225,-0.316384
A,213415347,1.7885,1.5048,-8.5976
G,213416222,-0.150202,-0.239684,-0.347276
A,213417806,1.7454,1.5981,-8.8131
G,213418717,-0.140615,-0.290817,-0.373908
A,213420278,1.6915,1.7023,-9.0680
TRK,213419,0.06082,0.48958,0.86903,0.03750,0.6208,2.0515,-0.6956,0.000,0.000,0.000,3,1
G,213421227,-0.148072,-0.334493,-0.400539
A,213422732,1.6197,1.8064,-9.3266
G,213423722,-0.171508,-0.369647,-0.423975
A,213425205,1.5443,1.8962,-9.5457
G,213426199,-0.203465,-0.390952,-0.441019
A,213427701,1.4653,1.9716,-9.7181
G,213428699,-0.226901,-0.396278,-0.448476
A,213430173,1.3970,2.0399,-9.8509
G,213431195,-0.230097,-0.387756,-0.450607
A,213432646,1.3431,2.1009,-9.9695
G,213433671,-0.210922,-0.366451,-0.447411
A,213435117,1.2929,2.1799,-10.1023
G,213436182,-0.181095,-0.333428,-0.441019
A,213437575,1.2534,2.2661,-10.2352
G,213438677,-0.156594,-0.291882,-0.430367
A,213440064,1.2139,2.3595,-10.3681
G,213441167,-0.150202,-0.245011,-0.414388
A,213442535,1.1779,2.4565,-10.4399
G,213443663,-0.160855,-0.196009,-0.394148
TRK,213438,0.06521,0.48554,0.87099,0.03712,0.6208,2.0515,-0.6956,0.000,0.000,0.000,3,1
A,213445024,1.1528,2.5462,-10.4471
G,213446154,-0.177899,-0.147006,-0.368581
A,213447496,1.1384,2.6288,-10.3896
G,213448649,-0.186421,-0.096939,-0.335558
A,213449966,1.1277,2.7114,-10.2819
G,213451120,-0.177899,-0.047937,-0.298274
A,213452438,1.1277,2.7904,-10.1634
G,213453622,-0.150202,0.000000,-0.258859
A,213454889,1.1205,2.8695,-10.0341
G,213456117,-0.113983,0.044741,-0.217314
TRK,213455,0.06689,0.48277,0.87238,0.03772,0.6208,2.0515,-0.6956,0.000,0.000,0.000,3,1
A,213457371,1.1205,2.9377,-9.9120
G,213458599,-0.083091,0.084156,-0.169377
A,213459843,1.1277,2.9916,-9.7791
G,213461100,-0.062851,0.115049,-0.120375
A,213462295,1.1420,3.0311,-9.6426
G,213463595,-0.049002,0.136354,-0.068177
A,213464785,1.1744,3.0490,-9.4954
G,213466083,-0.029827,0.149137,-0.017044
A,213467257,1.2067,3.0454,-9.3625
G,213468593,-0.001065,0.154463,0.034088
A,213469719,1.2354,3.0203,-9.2440
G,213471089,0.039415,0.155529,0.084156
A,213472205,1.2570,2.9664,-9.1722
G,213473571,0.082025,0.151268,0.129962
A,213474677,1.2713,2.8982,-9.1399
G,213476083,0.120375,0.139550,0.172573
A,213477143,1.2965,2.8012,-9.1327
G,213478579,0.150202,0.124636,0.213053
A,213479629,1.3216,2.6935,-9.1506
G,213481060,0.169377,0.107592,0.246076
A,213482101,1.3575,2.5714,-9.1758
TRK,213477,0.06566,0.48270,0.87248,0.03826,0.6208,2.0515,-0.6956,0.000,0.000,0.000,3,1
G,213483557,0.185356,0.090547,0.274838
A,213484554,1.3862,2.4457,-9.2153
G,213486053,0.199204,0.075634,0.297209
A,213487033,1.4150,2.3164,-9.2763
G,213488526,0.213053,0.063916,0.315318
A,213489504,1.4401,2.1943,-9.3518
G,213491031,0.222640,0.055394,0.328101
A,213491966,1.4617,2.0722,-9.4523
G,213493527,0.224771,0.051133,0.338754
A,213494438,1.4760,1.9537,-9.5421
G,213496020,0.219444,0.049002,0.345146
A,213496889,1.4976,1.8387,-9.6211
TRK,213493,0.06450,0.48454,0.87159,0.03734,0.6208,2.0515,-0.6956,0.000,0.000,0.000,3,1
G,213498544,0.206661,0.046872,0.343015
A,213499372,1.5155,1.7382,-9.6750
G,213501039,0.188552,0.045806,0.331297
A,213501843,1.5299,1.6305,-9.7073
G,213503543,0.171508,0.046872,0.315318
A,213504307,1.5443,1.5335,-9.7181
G,213506038,0.157659,0.052198,0.298274
A,213506778,1.5586,1.4437,-9.7217
G,213508541,0.147006,0.060720,0.283360
A,213509243,1.5838,1.3719,-9.7145
G,213511037,0.135289,0.068177,0.263120
STAT,404.5,401.0,0,0,0,0.7791,22.352,0.4774,0.8404,1.7612,9.8104,3.18,0.000
A,213511738,1.6089,1.3144,-9.6965
G,213513520,0.121440,0.073503,0.236489
A,213514210,1.6484,1.2677,-9.6678
G,213516028,0.104396,0.077764,0.204531
A,213516680,1.6807,1.2462,-9.6319
G,213518524,0.083091,0.080960,0.170442
A,213519152,1.7023,1.2210,-9.5852
G,213521017,0.057524,0.079895,0.132093
A,213521609,1.7095,1.2175,-9.5313
G,213523513,0.028762,0.074569,0.087352
A,213524097,1.7059,1.2246,-9.4739
G,213525987,-0.001065,0.066046,0.041545
A,213526568,1.6915,1.2498,-9.4056
TRK,213526,0.06277,0.48752,0.87010,0.03629,0.6208,2.0515,-0.6956,0.000,0.000,0.000,3,1
G,213528491,-0.025566,0.055394,-0.001065
A,213529037,1.6700,1.2785,-9.3482
G,213530986,-0.045806,0.042611,-0.037284
A,213531530,1.6520,1.3216,-9.2943
G,213533464,-0.061785,0.028762,-0.069242
A,213534002,1.6376,1.3683,-9.2584
G,213535972,-0.075634,0.011718,-0.096939
A,213536475,1.6305,1.4401,-9.2332
G,213538467,-0.088417,-0.006392,-0.121440
A,213538946,1.6269,1.5155,-9.2225
TRK,213534,0.06279,0.48728,0.87022,0.03650,0.6208,2.0515,-0.6956,0.000,0.000,0.000,3,1
G,213540962,-0.100135,-0.028762,-0.144876
A,213541407,1.6197,1.6089,-9.2117
G,213543477,-0.109722,-0.052198,-0.164051
A,213543890,1.6125,1.6915,-9.2189
G,213545972,-0.117179,-0.072438,-0.178964
A,213546361,1.5909,1.7777,-9.2332
G,213548471,-0.119310,-0.088417,-0.188552
A,213548828,1.5694,1.8531,-9.2727
G,213550966,-0.116114,-0.102265,-0.199204
A,213551300,1.5335,1.9249,-9.3230
G,213553471,-0.111853,-0.111853,-0.209857
A,213553774,1.5048,1.9896,-9.3913
G,213555966,-0.109722,-0.117179,-0.215183
A,213556245,1.4760,2.0470,-9.4595
G,213558441,-0.110787,-0.119310,-0.214118
A,213558691,1.4473,2.0937,-9.5241
TRK,213559,0.06448,0.48501,0.87134,0.03707,0.6208,2.0515,-0.6956,0.000,0.000,0.000,3,1
G,213560956,-0.112918,-0.119310,-0.209857
A,213561177,1.4222,2.1368,-9.5744
G,213563452,-0.111853,-0.116114,-0.205596
A,213563649,1.3934,2.1727,-9.6175
G,213565947,-0.106526,-0.108657,-0.199204
A,213566116,1.3719,2.2158,-9.6498
G,213568442,-0.096939,-0.098004,-0.187487
A,213568587,1.3575,2.2553,-9.6678
G,213570910,-0.086286,-0.085221,-0.174703
A,213571029,1.3431,2.3092,-9.6893
G,213573406,-0.079895,-0.072438,-0.159790
A,213573500,1.3360,2.3523,-9.7001
G,213575882,-0.075634,-0.062851,-0.145941
A,213575950,1.3324,2.3990,-9.7109
G,213578385,-0.069242,-0.053263,-0.124636
A,213578428,1.3252,2.4385,-9.7109
G,213580880,-0.058590,-0.042611,-0.101200
A,213580900,1.3252,2.4708,-9.7073
TRK,213576,0.06582,0.48336,0.87215,0.03728,0.6208,2.0515,-0.6956,0.000,0.000,0.000,3,1
A,213583362,1.3144,2.4888,-9.7001
G,213583367,-0.043676,-0.026632,-0.073503
A,213585854,1.3108,2.5031,-9.6822
G,213585883,-0.027697,-0.011718,-0.047937
A,213588326,1.3036,2.5031,-9.6642
G,213588379,-0.011718,0.005326,-0.026632
A,213590792,1.3072,2.4960,-9.6391
G,213590867,0.001065,0.021305,-0.006392
A,213593263,1.3180,2.4816,-9.6139
G,213593362,0.012783,0.036219,0.014914
TRK,213593,0.06619,0.48272,0.87247,0.03740,0.6208,2.0515,-0.6956,0.000,0.000,0.000,3,1
A,213595738,1.3324,2.4600,-9.5852
G,213595859,0.024501,0.050067,0.039415
A,213598209,1.3503,2.4313,-9.5493
G,213598377,0.038350,0.059655,0.066046
A,213600657,1.3647,2.3882,-9.5170
G,213600873,0.054328,0.066046,0.090547
A,213603144,1.3934,2.3415,-9.4846
G,213603379,0.069242,0.069242,0.111853
A,213605616,1.4114,2.2805,-9.4595
G,213605875,0.082025,0.070307,0.126766
A,213608078,1.4293,2.2230,-9.4451
G,213608356,0.092678,0.070307,0.140615
A,213610556,1.4473,2.1620,-9.4379
G,213610853,0.101200,0.067112,0.149137
A,213613028,1.4688,2.1009,-9.4379
G,213613348,0.105461,0.063916,0.155529
A,213615487,1.4832,2.0327,-9.4523
G,213615825,0.108657,0.057524,0.160855
TRK,213616,0.06531,0.48358,0.87207,0.03708,0.6208,2.0515,-0.6956,0.000,0.000,0.000,3,1
A,213617978,1.5048,1.9716,-9.4739
G,213618333,0.109722,0.052198,0.164051
A,213620449,1.5119,1.9070,-9.4954
G,213620828,0.110787,0.049002,0.166181
A,213622920,1.5191,1.8495,-9.5241
G,213623315,0.107592,0.049002,0.160855
A,213625410,1.5263,1.7992,-9.5349
G,213625821,0.101200,0.050067,0.154463
A,213627882,1.5371,1.7490,-9.5421
G,213628317,0.092678,0.047937,0.143811
A,213630344,1.5443,1.7059,-9.5385
G,213630794,0.080960,0.044741,0.131028
A,213632837,1.5622,1.6664,-9.5277
G,213633302,0.069242,0.040480,0.117179
A,213635309,1.5658,1.6340,-9.5134
G,213635798,0.056459,0.038350,0.103331
A,213637774,1.5730,1.6089,-9.4954
G,213638277,0.045806,0.036219,0.086286
TRK,213634,0.06459,0.48459,0.87158,0.03659,0.6208,2.0515,-0.6956,0.000,0.000,0.000,3,1
A,213640259,1.5730,1.5838,-9.4810
G,213640776,0.036219,0.033023,0.069242
A,213642730,1.5802,1.5694,-9.4667
G,213643271,0.026632,0.029827,0.049002
A,213645196,1.5838,1.5658,-9.4595
G,213645750,0.015979,0.025566,0.031958
A,213647667,1.5874,1.5802,-9.4487
G,213648259,0.003196,0.018109,0.013848
A,213650114,1.5945,1.6017,-9.4379
G,213650754,-0.011718,0.010653,-0.004261
A,213652592,1.5874,1.6340,-9.4272
G,213653243,-0.024501,0.002131,-0.023436
A,213655064,1.5838,1.6664,-9.4164
G,213655752,-0.036219,-0.005326,-0.041545
A,213657512,1.5730,1.7059,-9.4164
G,213658247,-0.045806,-0.013848,-0.057524
TRK,213658,0.06464,0.48442,0.87167,0.03665,0.6208,2.0515,-0.6956,0.000,0.000,0.000,3,1
A,213660002,1.5586,1.7454,-9.4200
G,213660746,-0.053263,-0.022371,-0.075634
A,213662473,1.5479,1.7957,-9.4272
G,213663265,-0.059655,-0.028762,-0.090547
A,213664934,1.5371,1.8423,-9.4308
G,213665760,-0.063916,-0.034088,-0.102265
A,213667405,1.5299,1.8890,-9.4379
G,213668265,-0.067112,-0.037284,-0.108657
A,213669853,1.5263,1.9393,-9.4379
G,213670761,-0.068177,-0.041545,-0.116114
A,213672336,1.5155,1.9680,-9.4523
G,213673249,-0.069242,-0.044741,-0.117179
A,213674808,1.4940,2.0111,-9.4703
G,213675769,-0.070307,-0.047937,-0.118244
A,213677272,1.4688,2.0363,-9.4990
G,213678264,-0.070307,-0.049002,-0.115049
A,213679744,1.4473,2.0650,-9.5241
TRK,213674,0.06526,0.48353,0.87211,0.03687,0.6208,2.0515,-0.6956,0.000,0.000,0.000,3,1
G,213680783,-0.068177,-0.050067,-0.113983
A,213682209,1.4329,2.0937,-9.5457
G,213683278,-0.064981,-0.049002,-0.110787
A,213684680,1.4186,2.1189,-9.5529
G,213685776,-0.059655,-0.046872,-0.105461
A,213687127,1.4114,2.1476,-9.5565
G,213688272,-0.054328,-0.044741,-0.099070
A,213689604,1.4042,2.1727,-9.5636
G,213690751,-0.046872,-0.042611,-0.089482
A,213692076,1.4006,2.2051,-9.5708
G,213693260,-0.039415,-0.038350,-0.079895
A,213694535,1.3970,2.2338,-9.5816
G,213695755,-0.033023,-0.033023,-0.069242
A,213697021,1.3862,2.2589,-9.5888
G,213698241,-0.027697,-0.026632,-0.057524
A,213699493,1.3862,2.2805,-9.5888
G,213700736,-0.022371,-0.018109,-0.043676
TRK,213695,0.06625,0.48222,0.87275,0.03709,0.6208,2.0515,-0.6956,0.000,0.000,0.000,3,1
A,213701983,1.3827,2.2913,-9.5852
G,213703226,-0.014914,-0.009587,-0.030893
A,213704454,1.3862,2.2913,-9.5816
G,213705740,-0.006392,-0.003196,-0.018109
A,213706920,1.3970,2.2913,-9.5780
G,213708235,0.002131,0.002131,-0.004261
A,213709392,1.3970,2.2805,-9.5852
G,213710735,0.009587,0.008522,0.010653
A,213711844,1.4006,2.2589,-9.5816
G,213713230,0.018109,0.015979,0.023436
TRK,213712,0.06647,0.48186,0.87294,0.03709,0.6208,2.0515,-0.6956,0.000,0.000,0.000,3,1
A,213714327,1.4042,2.2338,-9.5852
G,213715710,0.026632,0.022371,0.037284
A,213716799,1.4042,2.2051,-9.5780
G,213718219,0.035154,0.027697,0.049002
A,213719263,1.4114,2.1727,-9.5744
G,213720715,0.042611,0.031958,0.061785
A,213721735,1.4150,2.1476,-9.5636
G,213723225,0.047937,0.035154,0.070307
A,213724200,1.4222,2.1189,-9.5565
G,213725720,0.052198,0.037284,0.074569
A,213726672,1.4293,2.0865,-9.5313
G,213728230,0.055394,0.039415,0.079895
A,213729138,1.4437,2.0506,-9.5098
G,213730725,0.056459,0.041545,0.083091
A,213731630,1.4581,2.0147,-9.4882
G,213733209,0.057524,0.045806,0.089482
A,213734102,1.4724,1.9752,-9.4703
TRK,213734,0.06609,0.48220,0.87279,0.03688,0.6208,2.0515,-0.6956,0.000,0.000,0.000,3,1
G,213735729,0.057524,0.049002,0.093743
A,213736580,1.4868,1.9429,-9.4667
G,213738224,0.059655,0.051133,0.094809
A,213739051,1.5012,1.9106,-9.4667
G,213740724,0.058590,0.047937,0.092678
A,213741510,1.5191,1.8890,-9.4739
G,213743219,0.057524,0.040480,0.088417
A,213743982,1.5263,1.8603,-9.4774
G,213745719,0.055394,0.031958,0.084156
A,213746443,1.5299,1.8387,-9.4774
G,213748214,0.051133,0.023436,0.079895
A,213748934,1.5299,1.8100,-9.4774
G,213750694,0.045806,0.020240,0.072438
A,213751405,1.5371,1.7849,-9.4810
G,213753195,0.039415,0.017044,0.062851
A,213753868,1.5407,1.7705,-9.4846
G,213755690,0.034088,0.014914,0.051133
A,213756339,1.5514,1.7597,-9.4954
TRK,213750,0.06570,0.48265,0.87258,0.03665,0.6208,2.0515,-0.6956,0.000,0.000,0.000,3,1
G,213758180,0.025566,0.010653,0.037284
A,213758793,1.5586,1.7597,-9.5026
G,213760687,0.015979,0.006392,0.026632
A,213761264,1.5550,1.7597,-9.5098
G,213763183,0.005326,0.003196,0.014914
A,213763735,1.5443,1.7597,-9.5098
G,213765683,-0.003196,0.000000,0.004261
A,213766201,1.5407,1.7561,-9.5098
G,213768179,-0.010653,-0.004261,-0.009587
A,213768697,1.5335,1.7633,-9.5098
G,213770659,-0.014914,-0.008522,-0.022371
A,213771169,1.5335,1.7777,-9.5062
G,213773169,-0.021305,-0.011718,-0.031958
A,213773644,1.5227,1.7957,-9.5098
G,213775664,-0.027697,-0.014914,-0.042611
A,213776115,1.5155,1.8172,-9.5062
TRK,213771,0.06577,0.48256,0.87262,0.03657,0.6208,2.0515,-0.6956,0.000,0.000,0.000,3,1
G,213778155,-0.035154,-0.017044,-0.052198
A,213778573,1.5083,1.8459,-9.5026
G,213780650,-0.042611,-0.018109,-0.060720
A,213781062,1.5012,1.8711,-9.4954
G,213783121,-0.045806,-0.020240,-0.068177
A,213783533,1.5012,1.9034,-9.4846
G,213785617,-0.045806,-0.022371,-0.073503
A,213786023,1.4940,1.9393,-9.4846
G,213788088,-0.042611,-0.024501,-0.076699
A,213788495,1.4868,1.9752,-9.4846
G,213790591,-0.040480,-0.024501,-0.076699
A,213790965,1.4760,2.0075,-9.4954
G,213793086,-0.040480,-0.024501,-0.076699
A,213793458,1.4545,2.0399,-9.4990
G,213795561,-0.041545,-0.022371,-0.074569
A,213795929,1.4401,2.0686,-9.4990
TRK,213796,0.06647,0.48152,0.87314,0.03679,0.6208,2.0515,-0.6956,0.000,0.000,0.000,3,1
G,213798073,-0.039415,-0.020240,-0.070307
A,213798411,1.4186,2.0973,-9.5026
G,213800569,-0.037284,-0.017044,-0.064981
A,213800882,1.4114,2.1189,-9.4954
G,213803052,-0.034088,-0.014914,-0.060720
A,213803335,1.4150,2.1332,-9.4990
G,213805547,-0.030893,-0.014914,-0.053263
A,213805807,1.4150,2.1476,-9.4954
G,213808020,-0.025566,-0.013848,-0.044741
A,213808251,1.4222,2.1584,-9.5026
G,213810524,-0.019175,-0.011718,-0.034088
A,213810726,1.4257,2.1727,-9.5062
G,213813020,-0.014914,-0.008522,-0.022371
A,213813198,1.4257,2.1763,-9.5205
G,213815503,-0.008522,-0.007457,-0.013848
A,213815654,1.4293,2.1727,-9.5349
G,213818017,-0.003196,-0.006392,-0.006392
A,213818141,1.4293,2.1691,-9.5565
G,213820512,0.004261,-0.003196,0.001065
A,213820612,1.4329,2.1584,-9.5744
G,213823006,0.009587,0.002131,0.009587
A,213823080,1.4329,2.1548,-9.5888
G,213825502,0.014914,0.008522,0.018109
A,213825552,1.4329,2.1440,-9.5960
TRK,213820,0.05185,0.48279,0.87260,0.05288,0.6208,2.0515,-0.6956,0.000,0.000,0.000,1,2
G,213827995,0.019175,0.013848,0.023436
A,213828021,1.4365,2.1296,-9.5924
G,213830510,0.023436,0.015979,0.028762
A,213830511,1.4401,2.1117,-9.5816
A,213832983,1.4437,2.0865,-9.5708
G,213833006,0.027697,0.015979,0.033023
A,213835462,1.4437,2.0650,-9.5565
G,213835509,0.031958,0.015979,0.039415
A,213837934,1.4545,2.0435,-9.5421
G,213838004,0.033023,0.017044,0.043676
TRK,213833,0.04374,0.48351,0.87209,0.06134,0.6208,2.0515,-0.6956,0.000,0.000,0.000,1,2
A,213840395,1.4545,2.0183,-9.5349
G,213840488,0.033023,0.018109,0.049002
A,213842880,1.4688,2.0039,-9.5205
G,213842995,0.034088,0.019175,0.050067
A,213845352,1.4832,1.9896,-9.5170
G,213845491,0.035154,0.022371,0.053263
A,213847825,1.4976,1.9680,-9.5062
G,213847985,0.036219,0.024501,0.052198
A,213850297,1.5155,1.9537,-9.4990
G,213850481,0.034088,0.026632,0.051133
A,213852751,1.5227,1.9393,-9.4882
G,213852955,0.033023,0.025566,0.050067
A,213855236,1.5299,1.9249,-9.4882
G,213855460,0.029827,0.022371,0.049002
TRK,213853,0.03269,0.48437,0.87121,0.07288,0.6208,2.0515,-0.6956,0.000,0.000,0.000,1,2
A,213857731,1.5299,1.9178,-9.4882
G,213857975,0.028762,0.019175,0.045806
A,213860203,1.5227,1.9106,-9.4954
G,213860470,0.026632,0.017044,0.039415
A,213862679,1.5155,1.9034,-9.4990
G,213862965,0.026632,0.013848,0.031958
A,213865151,1.5083,1.8962,-9.5062
G,213865460,0.023436,0.010653,0.024501
A,213867608,1.5119,1.8890,-9.5026
G,213867935,0.020240,0.006392,0.019175
A,213870080,1.5191,1.8854,-9.4990
G,213870431,0.013848,0.001065,0.013848
A,213872538,1.5263,1.8747,-9.5026
G,213872906,0.007457,-0.003196,0.006392
A,213875027,1.5299,1.8711,-9.5026
G,213875412,0.001065,-0.005326,-0.001065
A,213877499,1.5191,1.8639,-9.5134
G,213877907,-0.003196,-0.006392,-0.006392
A,213879961,1.5083,1.8639,-9.5241
G,213880385,-0.006392,-0.006392,-0.010653
TRK,213880,0.02128,0.48512,0.86997,0.08580,0.6208,2.0515,-0.6956,0.000,0.000,0.000,1,2
A,213882442,1.4976,1.8711,-9.5277
G,213882882,-0.011718,-0.007457,-0.014914
A,213884933,1.4796,1.8890,-9.5349
G,213885388,-0.017044,-0.009587,-0.022371
A,213887405,1.4724,1.9106,-9.5349
G,213887883,-0.022371,-0.011718,-0.029827
A,213889877,1.4545,1.9321,-9.5313
G,213890370,-0.025566,-0.012783,-0.034088
A,213892349,1.4437,1.9501,-9.5313
G,213892866,-0.025566,-0.010653,-0.034088
A,213894820,1.4437,1.9680,-9.5170
G,213895350,-0.023436,-0.006392,-0.034088
A,213897291,1.4437,1.9860,-9.5098
TRK,213892,0.01729,0.48534,0.86944,0.09073,0.6208,2.0515,-0.6956,0.000,0.000,0.000,1,2
G,213897867,-0.021305,-0.003196,-0.034088
A,213899746,1.4473,2.0039,-9.4990
G,213900362,-0.021305,0.000000,-0.033023
A,213902231,1.4509,2.0291,-9.4954
G,213902859,-0.021305,0.001065,-0.029827
A,213904703,1.4509,2.0399,-9.4918
G,213905373,-0.021305,-0.001065,-0.027697
A,213907156,1.4509,2.0578,-9.4918
G,213907869,-0.020240,-0.005326,-0.026632
A,213909633,1.4473,2.0614,-9.4882
G,213910355,-0.020240,-0.007457,-0.024501
A,213912104,1.4437,2.0686,-9.4882
G,213912872,-0.017044,-0.007457,-0.021305
A,213914562,1.4437,2.0722,-9.4882
G,213915368,-0.013848,-0.004261,-0.020240
A,213917051,1.4473,2.0758,-9.4954
G,213917864,-0.010653,-0.002131,-0.019175
A,213919523,1.4545,2.0758,-9.5098
G,213920378,-0.007457,0.000000,-0.018109
A,213921980,1.4581,2.0830,-9.5241
G,213922874,-0.004261,-0.001065,-0.013848
TRK,213918,0.00982,0.48571,0.86839,0.09942,0.6208,2.0515,-0.6956,0.000,0.000,0.000,1,2
A,213924460,1.4688,2.0830,-9.5313
G,213925360,-0.001065,-0.002131,-0.006392
A,213926932,1.4724,2.0830,-9.5313
G,213927868,0.004261,-0.003196,-0.001065
A,213929384,1.4760,2.0722,-9.5277
G,213930363,0.010653,0.000000,0.006392
A,213931876,1.4724,2.0614,-9.5313
G,213932860,0.013848,0.002131,0.011718
A,213934348,1.4617,2.0435,-9.5313
G,213935355,0.014914,0.005326,0.017044
TRK,213930,0.00749,0.48582,0.86807,0.10191,0.6208,2.0515,-0.6956,0.000,0.000,0.000,1,2
A,213936821,1.4581,2.0219,-9.5349
G,213937832,0.014914,0.007457,0.019175
A,213939293,1.4545,2.0075,-9.5349
G,213940338,0.015979,0.009587,0.018109
A,213941746,1.4581,1.9932,-9.5313
G,213942834,0.017044,0.012783,0.017044
A,213944231,1.4545,1.9860,-9.5349
G,213945321,0.017044,0.013848,0.017044
A,213946703,1.4617,1.9788,-9.5313
G,213947839,0.015979,0.015979,0.019175
A,213949169,1.4653,1.9680,-9.5349
G,213950334,0.014914,0.015979,0.023436
A,213951640,1.4760,1.9609,-9.5241
G,213952832,0.012783,0.014914,0.024501
A,213954088,1.4832,1.9573,-9.5098
G,213955327,0.012783,0.013848,0.025566
A,213956560,1.4832,1.9573,-9.4954
G,213957798,0.011718,0.012783,0.023436
A,213959031,1.4832,1.9573,-9.4810
TRK,213958,0.00136,0.48611,0.86720,0.10798,0.6208,2.0515,-0.6956,0.000,0.000,0.000,1,2
G,213960298,0.011718,0.010653,0.020240
A,213961483,1.4724,1.9537,-9.4739
G,213962794,0.010653,0.009587,0.015979
A,213963960,1.4688,1.9465,-9.4739
G,213965269,0.009587,0.008522,0.012783
A,213966432,1.4688,1.9393,-9.4774
G,213967785,0.008522,0.006392,0.009587
A,213968901,1.4760,1.9321,-9.4882
G,213970281,0.006392,0.004261,0.007457
A,213971390,1.4796,1.9285,-9.4918
G,213972766,0.005326,0.003196,0.004261
A,213973862,1.4940,1.9249,-9.4990
G,213975275,0.005326,0.005326,0.002131
A,213976325,1.5012,1.9285,-9.4990
G,213977770,0.003196,0.004261,0.001065
A,213978808,1.5083,1.9285,-9.5026
G,213980248,0.000000,0.001065,-0.001065
A,213981279,1.5119,1.9357,-9.4990
TRK,213976,-0.00126,0.48621,0.86679,0.11081,0.6208,2.0515,-0.6956,0.000,0.000,0.000,1,2
G,213982767,-0.005326,-0.003196,-0.006392
A,213983754,1.5083,1.9429,-9.4954
G,213985263,-0.008522,-0.003196,-0.012783
A,213986225,1.5048,1.9537,-9.4918
G,213987756,-0.009587,-0.003196,-0.015979
A,213988676,1.5012,1.9644,-9.4882
G,213990252,-0.008522,-0.002131,-0.015979
A,213991162,1.4940,1.9716,-9.4918
G,213992731,-0.007457,-0.003196,-0.014914
A,213993634,1.4904,1.9752,-9.4954
G,213995236,-0.007457,-0.004261,-0.014914
A,213996097,1.4868,1.9788,-9.5026
TRK,213993,-0.00332,0.48626,0.86643,0.11331,0.6208,2.0515,-0.6956,0.000,0.000,0.000,1,2
G,213997756,-0.008522,-0.003196,-0.014914
A,213998576,1.4832,1.9824,-9.5170
G,214000251,-0.008522,-0.002131,-0.014914
A,214001047,1.4904,1.9968,-9.5241
G,214002740,-0.009587,-0.001065,-0.014914
A,214003496,1.4832,2.0075,-9.5385
G,214005236,-0.009587,-0.002131,-0.018109
A,214005987,1.4796,2.0255,-9.5349
G,214007715,-0.009587,-0.004261,-0.021305
A,214008458,1.4653,2.0399,-9.5349
G,214010225,-0.008522,-0.006392,-0.020240
A,214010929,1.4581,2.0506,-9.5277
G,214012720,-0.006392,-0.005326,-0.015979
A,214013401,1.4581,2.0542,-9.5241
G,214015210,-0.003196,-0.002131,-0.010653
A,214015853,1.4617,2.0506,-9.5277
TRK,214012,-0.00526,0.48631,0.86607,0.11573,0.6208,2.0515,-0.6956,0.000,0.000,0.000,1,2
G,214017729,-0.002131,0.000000,-0.010653
A,214018336,1.4688,2.0435,-9.5241
G,214020225,0.000000,0.001065,-0.008522
A,214020807,1.4724,2.0399,-9.5277
G,214022724,0.002131,0.000000,-0.008522
A,214023271,1.4724,2.0399,-9.5277
G,214025240,0.005326,0.000000,-0.004261
A,214025753,1.4688,2.0399,-9.5313
G,214027736,0.006392,-0.001065,-0.001065
A,214028224,1.4688,2.0435,-9.5277
G,214030245,0.005326,0.000000,0.002131
A,214030700,1.4724,2.0363,-9.5313
G,214032740,0.003196,0.000000,0.002131
A,214033171,1.4724,2.0327,-9.5313
G,214035230,0.003196,0.002131,0.003196
A,214035628,1.4760,2.0219,-9.5277
G,214037745,0.003196,0.005326,0.008522
A,214038111,1.4724,2.0111,-9.5277
G,214040240,0.005326,0.008522,0.012783
TRK,214039,-0.00738,0.48638,0.86571,0.11800,0.6208,2.0515,-0.6956,0.000,0.000,0.000,1,2
A,214040609,1.4688,2.0039,-9.5205
G,214042719,0.006392,0.008522,0.011718
A,214043081,1.4617,1.9968,-9.5170
G,214045229,0.008522,0.007457,0.008522
A,214045559,1.4617,1.9896,-9.5098
G,214047724,0.009587,0.005326,0.006392
A,214048031,1.4617,1.9788,-9.5026
G,214050201,0.011718,0.006392,0.007457
A,214050477,1.4617,1.9716,-9.5026
G,214052721,0.011718,0.007457,0.008522
A,214052967,1.4581,1.9609,-9.4990
G,214055216,0.010653,0.008522,0.009587
A,214055439,1.4617,1.9573,-9.5062
G,214057707,0.009587,0.008522,0.011718
A,214057901,1.4688,1.9501,-9.5062
G,214060202,0.008522,0.008522,0.012783
A,214060373,1.4796,1.9429,-9.5134
TRK,214054,-0.00871,0.48643,0.86550,0.11927,0.6208,2.0515,-0.6956,0.000,0.000,0.000,1,2
G,214062682,0.008522,0.008522,0.009587
A,214062826,1.4904,1.9357,-9.5170
G,214065180,0.007457,0.006392,0.004261
A,214065296,1.5012,1.9357,-9.5241
G,214067694,0.006392,0.004261,0.001065
A,214067785,1.5048,1.9429,-9.5241
G,214070190,0.002131,0.004261,-0.001065
A,214070277,1.5048,1.9537,-9.5241
G,214072657,-0.001065,0.005326,0.000000
A,214072748,1.4976,1.9644,-9.5170
TRK,214068,-0.00948,0.48645,0.86537,0.12005,0.6208,2.0515,-0.6956,0.000,0.000,0.000,1,2
G,214075168,-0.003196,0.008522,0.000000
A,214075233,1.4940,1.9716,-9.4990
G,214077663,-0.001065,0.007457,0.000000
A,214077705,1.4904,1.9752,-9.4882
G,214080152,0.000000,0.003196,-0.002131
A,214080169,1.4940,1.9752,-9.4810
A,214082654,1.4976,1.9788,-9.4810
G,214082661,-0.001065,0.000000,-0.007457
A,214085125,1.4940,1.9788,-9.4954
G,214085157,-0.003196,-0.002131,-0.013848
A,214087583,1.4940,1.9716,-9.5098
G,214087638,-0.005326,-0.003196,-0.017044
A,214090071,1.4832,1.9680,-9.5241
G,214090149,-0.003196,-0.002131,-0.013848
A,214092543,1.4832,1.9609,-9.5277
G,214092644,0.000000,0.003196,-0.008522
A,214094992,1.4796,1.9644,-9.5349
G,214095115,0.000000,0.005326,-0.008522
A,214097463,1.4724,1.9680,-9.5313
G,214097607,-0.003196,0.006392,-0.010653
A,214099961,1.4688,1.9788,-9.5349
G,214100127,-0.005326,0.003196,-0.012783
A,214102433,1.4688,1.9896,-9.5349
G,214102622,-0.007457,0.000000,-0.012783
TRK,214098,-0.01086,0.48648,0.86511,0.12169,0.6208,2.0515,-0.6956,0.000,0.000,0.000,1,2
A,214104904,1.4617,1.9968,-9.5313
G,214105114,-0.007457,-0.002131,-0.012783
A,214107376,1.4653,2.0111,-9.5241
G,214107609,-0.006392,-0.003196,-0.011718
A,214109848,1.4581,2.0255,-9.5205
G,214110101,-0.003196,-0.001065,-0.010653
A,214112320,1.4617,2.0363,-9.5134
G,214112616,0.000000,0.000000,-0.008522
A,214114767,1.4545,2.0470,-9.5134
G,214115112,0.002131,0.001065,-0.006392
TRK,214115,-0.01144,0.48649,0.86499,0.12242,0.6208,2.0515,-0.6956,0.000,0.000,0.000,1,2
A,214117252,1.4581,2.0470,-9.5134
G,214117614,0.001065,0.001065,-0.003196
A,214119723,1.4545,2.0435,-9.5205
G,214120109,-0.001065,0.000000,-0.002131
A,214122187,1.4545,2.0363,-9.5241
G,214122589,-0.002131,-0.001065,-0.002131
A,214124659,1.4581,2.0327,-9.5277
G,214125085,-0.001065,0.001065,-0.001065
A,214127114,1.4617,2.0291,-9.5241
G,214127555,-0.001065,0.004261,0.001065
A,214129612,1.4688,2.0219,-9.5134
G,214130068,0.000000,0.007457,0.002131
A,214132083,1.4724,2.0147,-9.5062
G,214132563,0.001065,0.008522,0.002131
A,214134541,1.4832,2.0075,-9.4954
G,214135036,0.002131,0.008522,0.002131
A,214137022,1.4796,2.0004,-9.4918
G,214137531,0.004261,0.006392,0.005326
A,214139494,1.4796,2.0004,-9.4882
G,214140026,0.005326,0.004261,0.009587
TRK,214135,-0.01205,0.48650,0.86488,0.12309,0.6208,2.0515,-0.6956,0.000,0.000,0.000,1,2
A,214141964,1.4832,2.0039,-9.4846
G,214142510,0.008522,0.004261,0.011718
A,214144458,1.4904,2.0039,-9.4810
G,214145017,0.009587,0.005326,0.013848
A,214146930,1.4976,2.0004,-9.4846
G,214147512,0.010653,0.005326,0.010653
A,214149411,1.5048,2.0004,-9.4810
G,214150006,0.009587,0.006392,0.008522
A,214151883,1.5048,2.0004,-9.4810
G,214152502,0.008522,0.007457,0.004261
A,214154365,1.5048,2.0075,-9.4810
G,214154995,0.006392,0.008522,0.001065
A,214156837,1.5012,2.0111,-9.4882
G,214157491,0.003196,0.007457,-0.001065
A,214159298,1.4940,2.0111,-9.4954
G,214159962,0.002131,0.003196,-0.002131
TRK,214159,-0.01277,0.48653,0.86476,0.12374,0.6208,2.0515,-0.6956,0.000,0.000,0.000,1,2
A,214161782,1.4868,2.0111,-9.5098
G,214162457,0.001065,-0.002131,-0.004261
A,214164253,1.4832,2.0004,-9.5170
G,214164952,0.000000,-0.005326,-0.007457
A,214166728,1.4796,1.9932,-9.5205
G,214167437,0.001065,-0.004261,-0.007457
A,214169200,1.4688,1.9824,-9.5170
G,214169933,0.002131,0.000000,-0.003196
A,214171676,1.4724,1.9716,-9.5170
G,214172418,0.003196,0.004261,0.001065
A,214174148,1.4688,1.9644,-9.5134
G,214174914,0.003196,0.006392,0.002131
A,214176625,1.4653,1.9644,-9.5134
G,214177400,0.003196,0.006392,0.002131
A,214179096,1.4653,1.9644,-9.5098
G,214179905,0.002131,0.003196,-0.003196
A,214181544,1.4653,1.9716,-9.5026
G,214182401,-0.001065,-0.002131,-0.008522
TRK,214182,-0.01314,0.48652,0.86468,0.12432,0.6208,2.0515,-0.6956,0.000,0.000,0.000,1,2
A,214184033,1.4617,1.9788,-9.4990
G,214184897,-0.003196,-0.004261,-0.011718
A,214186505,1.4581,1.9824,-9.5026
G,214187392,-0.004261,-0.004261,-0.010653
A,214188968,1.4581,1.9896,-9.5062
G,214189862,-0.003196,-0.001065,-0.008522
A,214191440,1.4509,1.9896,-9.5170
G,214192369,-0.001065,0.000000,-0.008522
A,214193892,1.4437,1.9932,-9.5277
G,214194864,0.000000,0.002131,-0.007457
TRK,214194,-0.01325,0.48651,0.86464,0.12459,0.6208,2.0515,-0.6956,0.000,0.000,0.000,1,2
A,214196374,1.4437,1.9860,-9.5313
G,214197351,0.000000,0.003196,-0.005326
A,214198845,1.4473,1.9896,-9.5349
G,214199860,-0.001065,0.003196,0.000000
A,214201301,1.4581,1.9860,-9.5313
G,214202355,-0.002131,0.002131,0.001065
A,214203783,1.4653,1.9860,-9.5241
G,214204841,-0.001065,0.000000,-0.001065
A,214206255,1.4760,1.9968,-9.5170
G,214207348,0.000000,0.001065,-0.002131
A,214208710,1.4796,2.0075,-9.5098
G,214209843,0.002131,0.003196,-0.002131
A,214211182,1.4796,2.0111,-9.5062
G,214212351,0.005326,0.005326,0.003196
A,214213638,1.4724,2.0183,-9.5062
G,214214846,0.007457,0.004261,0.005326
A,214216125,1.4688,2.0147,-9.5134
G,214217333,0.007457,0.002131,0.005326
A,214218597,1.4724,2.0147,-9.5205
G,214219850,0.006392,0.002131,0.003196
A,214221065,1.4832,2.0039,-9.5277
G,214222346,0.007457,0.004261,0.001065
A,214223537,1.4904,1.9968,-9.5349
TRK,214218,-0.01353,0.48651,0.86458,0.12501,0.6208,2.0515,-0.6956,0.000,0.000,0.000,1,2
G,214224843,0.008522,0.007457,0.002131
A,214225986,1.4940,1.9896,-9.5349
G,214227338,0.009587,0.008522,0.006392
A,214228466,1.4904,1.9860,-9.5313
G,214229815,0.008522,0.007457,0.009587
A,214230938,1.4796,1.9788,-9.5277
G,214232311,0.008522,0.004261,0.011718
A,214233419,1.4760,1.9788,-9.5170
G,214234789,0.008522,0.002131,0.009587
A,214235891,1.4724,1.9752,-9.5134
G,214237284,0.009587,0.000000,0.006392
TRK,214231,-0.01369,0.48652,0.86455,0.12514,0.6208,2.0515,-0.6956,0.000,0.000,0.000,1,2
A,214238373,1.4760,1.9716,-9.5062
G,214239762,0.008522,0.001065,0.006392
A,214240845,1.4760,1.9680,-9.5026
G,214242261,0.008522,0.003196,0.008522
A,214243298,1.4796,1.9680,-9.5062
G,214244756,0.007457,0.004261,0.011718
A,214245785,1.4796,1.9644,-9.5134
G,214247238,0.006392,0.003196,0.009587
A,214248256,1.4832,1.9609,-9.5205
G,214249757,0.005326,0.002131,0.004261
A,214250731,1.4796,1.9573,-9.5277
G,214252253,0.003196,0.003196,0.000000
A,214253203,1.4760,1.9537,-9.5313
G,214254750,0.002131,0.004261,0.000000
A,214255657,1.4617,1.9501,-9.5349
G,214257246,0.002131,0.006392,0.002131
TRK,214256,-0.01398,0.48654,0.86452,0.12530,0.6208,2.0515,-0.6956,0.000,0.000,0.000,1,2
A,214258144,1.4581,1.9573,-9.5313
G,214259725,0.003196,0.006392,0.002131
A,214260616,1.4545,1.9573,-9.5241
G,214262232,0.003196,0.005326,0.001065
A,214263081,1.4581,1.9644,-9.5205
G,214264727,0.001065,0.002131,-0.003196
A,214265553,1.4688,1.9752,-9.5170
G,214267216,-0.002131,-0.001065,-0.006392
A,214268001,1.4724,1.9860,-9.5170
G,214269712,-0.002131,-0.004261,-0.009587
A,214270473,1.4796,2.0004,-9.5134
G,214272201,-0.001065,-0.004261,-0.010653
A,214272923,1.4868,2.0111,-9.5134
G,214274721,0.000000,-0.002131,-0.011718
A,214275405,1.4904,2.0147,-9.5062
G,214277217,0.000000,0.000000,-0.011718
A,214277876,1.4940,2.0183,-9.4990
G,214279716,-0.001065,0.002131,-0.009587
A,214280339,1.5012,2.0183,-9.4918
G,214282212,0.000000,0.004261,-0.005326
TRK,214281,-0.01411,0.48655,0.86450,0.12537,0.6208,2.0515,-0.6956,0.000,0.000,0.000,1,2
A,214282832,1.4976,2.0183,-9.4882
G,214284691,0.001065,0.006392,-0.002131
A,214285304,1.4976,2.0183,-9.4918
G,214287201,0.002131,0.005326,-0.003196
A,214287778,1.4904,2.0183,-9.4954
G,214289697,0.002131,0.003196,-0.005326
A,214290249,1.4796,2.0219,-9.5026
G,214292174,0.001065,0.003196,-0.007457
A,214292692,1.4688,2.0219,-9.5062
TRK,214293,-0.01422,0.48655,0.86448,0.12544,0.6208,2.0515,-0.6956,0.000,0.000,0.000,1,2
G,214294695,0.001065,0.002131,-0.007457
A,214295178,1.4617,2.0255,-9.5026
G,214297190,0.000000,0.001065,-0.008522
A,214297650,1.4581,2.0291,-9.5026
G,214299683,0.001065,0.000000,-0.006392
A,214300109,1.4653,2.0291,-9.5062
G,214302178,0.003196,-0.001065,-0.004261
A,214302581,1.4688,2.0255,-9.5026
G,214304659,0.006392,0.002131,0.001065
A,214305030,1.4796,2.0219,-9.5026
G,214307170,0.006392,0.003196,0.003196
A,214307509,1.4868,2.0183,-9.4954
G,214309690,0.006392,0.005326,0.006392
A,214309999,1.4904,2.0147,-9.4882
G,214312186,0.004261,0.005326,0.006392
A,214312470,1.4976,2.0219,-9.4846
G,214314666,0.003196,0.005326,0.006392
A,214314921,1.4976,2.0147,-9.4918
G,214317169,0.002131,0.004261,0.004261
A,214317395,1.4976,2.0111,-9.4990
G,214319664,0.002131,0.003196,0.001065
A,214319866,1.4940,2.0004,-9.5134
TRK,214315,-0.01435,0.48655,0.86446,0.12560,0.6208,2.0515,-0.6956,0.000,0.000,0.000,1,2
G,214322155,0.001065,0.002131,-0.001065
A,214322329,1.4904,1.9896,-9.5277
G,214324670,0.001065,0.002131,-0.002131
A,214324817,1.4868,1.9896,-9.5349
G,214327165,-0.001065,0.002131,-0.001065
A,214327289,1.4868,1.9824,-9.5349
G,214329666,-0.001065,0.001065,0.001065
A,214329763,1.4904,1.9824,-9.5277
G,214332162,-0.001065,0.001065,0.000000
A,214332235,1.4904,1.9860,-9.5205
G,214334642,0.000000,0.004261,0.000000
A,214334690,1.4832,1.9860,-9.5098
G,214337148,0.001065,0.005326,-0.003196
A,214337170,1.4760,1.9860,-9.5098
A,214339642,1.4653,1.9896,-9.5062
G,214339643,0.002131,0.005326,-0.001065
A,214342101,1.4653,1.9824,-9.5098
G,214342126,0.001065,0.004261,0.003196
TRK,214342,-0.01448,0.48655,0.86442,0.12583,0.6208,2.0515,-0.6956,0.000,0.000,0.000,1,2
A,214344579,1.4617,1.9860,-9.5098
G,214344628,0.002131,0.004261,0.008522
A,214347068,1.4653,1.9824,-9.5170
G,214347139,0.003196,0.004261,0.011718
A,214349539,1.4724,1.9896,-9.5170
G,214349634,0.002131,0.003196,0.006392
A,214352009,1.4760,1.9896,-9.5277
G,214352126,0.000000,0.001065,0.000000
A,214354480,1.4796,1.9896,-9.5313
G,214354647,-0.002131,0.000000,-0.006392
A,214356931,1.4832,1.9932,-9.5421
G,214357143,-0.002131,-0.001065,-0.006392
TRK,214353,-0.01455,0.48655,0.86441,0.12591,0.6208,2.0515,-0.6956,0.000,0.000,0.000,1,2
A,214359412,1.4796,1.9968,-9.5385
G,214359644,0.000000,-0.001065,-0.004261
A,214361884,1.4760,1.9968,-9.5313
G,214362139,0.001065,-0.001065,-0.002131
A,214364366,1.4760,2.0004,-9.5170
G,214364640,0.002131,-0.001065,0.000000
A,214366838,1.4796,1.9968,-9.5062
G,214367136,0.001065,0.000000,0.002131
A,214369301,1.4796,1.9896,-9.4918
G,214369617,0.001065,0.001065,0.003196
A,214371773,1.4832,1.9824,-9.4918
G,214372113,0.001065,0.002131,0.002131
A,214374237,1.4724,1.9752,-9.4918
G,214374594,0.002131,0.003196,0.003196
A,214376722,1.4724,1.9680,-9.5026
G,214377096,0.003196,0.003196,0.002131
A,214379194,1.4724,1.9609,-9.5134
G,214379592,0.002131,0.002131,0.002131
TRK,214374,-0.01454,0.48654,0.86439,0.12608,0.6208,2.0515,-0.6956,0.000,0.000,0.000,1,2
A,214381670,1.4653,1.9609,-9.5170
G,214382084,0.001065,0.000000,-0.002131
A,214384142,1.4724,1.9680,-9.5134
G,214384579,0.001065,-0.002131,-0.003196
A,214386619,1.4688,1.9824,-9.5026
G,214387071,0.001065,-0.002131,-0.003196
A,214389090,1.4688,1.9932,-9.4918
G,214389582,0.002131,0.000000,0.000000
A,214391537,1.4688,1.9968,-9.4954
G,214392077,0.001065,0.001065,-0.001065
TRK,214392,-0.01456,0.48653,0.86439,0.12613,0.6208,2.0515,-0.6956,0.000,0.000,0.000,1,2
A,214394026,1.4617,1.9968,-9.4954
G,214394580,0.000000,0.002131,-0.004261
A,214396497,1.4688,1.9896,-9.5062
G,214397075,-0.001065,0.002131,-0.008522
A,214398968,1.4724,1.9824,-9.5062
G,214399558,0.000000,0.002131,-0.006392
A,214401439,1.4796,1.9752,-9.5098
G,214402053,0.001065,0.000000,-0.004261
A,214403908,1.4796,1.9644,-9.5098
G,214404533,0.004261,0.000000,-0.001065
A,214406379,1.4796,1.9644,-9.5134
G,214407029,0.006392,0.000000,0.002131
A,214408852,1.4688,1.9609,-9.5170
G,214409512,0.006392,0.001065,0.003196
A,214411323,1.4653,1.9716,-9.5170
G,214412026,0.005326,0.003196,0.003196
A,214413777,1.4581,1.9788,-9.5205
G,214414521,0.003196,0.004261,0.002131
A,214416261,1.4581,1.9860,-9.5205
G,214417015,0.002131,0.005326,0.004261
A,214418733,1.4581,1.9896,-9.5205
G,214419510,0.000000,0.006392,0.004261
TRK,214414,-0.01463,0.48654,0.86438,0.12611,0.6208,2.0515,-0.6956,0.000,0.000,0.000,1,2
A,214421198,1.4545,1.9932,-9.5170
G,214421984,0.000000,0.007457,0.002131
A,214423684,1.4617,1.9932,-9.5134
G,214424478,0.000000,0.006392,0.000000
A,214426156,1.4688,1.9968,-9.5170
G,214426974,0.001065,0.005326,-0.001065
A,214428628,1.4868,1.9896,-9.5170
G,214429454,0.002131,0.005326,0.000000
A,214431124,1.4940,1.9860,-9.5170
G,214431957,0.002131,0.006392,0.001065
A,214433596,1.5012,1.9788,-9.5098
G,214434452,0.001065,0.007457,0.002131
A,214436064,1.5048,1.9752,-9.4990
G,214436927,0.000000,0.007457,0.001065
A,214438552,1.5048,1.9752,-9.4990
G,214439422,0.000000,0.003196,-0.002131
A,214441024,1.5083,1.9860,-9.4990
G,214441917,0.000000,0.001065,-0.003196
TRK,214436,-0.01471,0.48656,0.86438,0.12606,0.6208,2.0515,-0.6956,0.000,0.000,0.000,1,2
A,214443503,1.4940,1.9896,-9.5062
G,214444403,0.001065,0.000000,-0.003196
A,214445975,1.4868,1.9896,-9.5098
G,214446914,0.000000,0.000000,-0.003196
A,214448430,1.4688,1.9896,-9.5205
G,214449409,-0.001065,0.001065,-0.006392
A,214450902,1.4617,1.9860,-9.5241
G,214451925,-0.002131,0.001065,-0.009587
A,214453364,1.4581,1.9896,-9.5277
G,214454421,-0.001065,0.003196,-0.010653
A,214455836,1.4581,1.9932,-9.5205
TRK,214450,-0.01475,0.48656,0.86438,0.12603,0.6208,2.0515,-0.6956,0.000,0.000,0.000,1,2
G,214456924,0.000000,0.004261,-0.009587
A,214458287,1.4581,1.9932,-9.5134
G,214459419,0.001065,0.005326,-0.009587
A,214460758,1.4653,2.0004,-9.5098
G,214461915,0.002131,0.005326,-0.008522
A,214463203,1.4688,2.0039,-9.5026
G,214464410,0.003196,0.005326,-0.008522
A,214465675,1.4796,2.0075,-9.4990
G,214466906,0.002131,0.006392,-0.005326
A,214468122,1.4832,2.0147,-9.5026
G,214469402,0.000000,0.004261,-0.002131
A,214470599,1.4868,2.0183,-9.4990
G,214471878,0.000000,0.003196,0.002131
A,214473071,1.4868,2.0147,-9.4990
G,214474373,0.001065,0.002131,0.003196
A,214475550,1.4796,2.0111,-9.4954
G,214476850,0.004261,0.002131,0.002131
A,214478021,1.4760,2.0111,-9.4918
TRK,214477,-0.01479,0.48657,0.86438,0.12601,0.6208,2.0515,-0.6956,0.000,0.000,0.000,1,2
G,214479357,0.004261,0.003196,0.000000
A,214480481,1.4724,2.0039,-9.4918
G,214481852,0.003196,0.003196,-0.002131
A,214482969,1.4760,2.0004,-9.4918
G,214484337,0.001065,0.003196,-0.002131
A,214485441,1.4796,1.9968,-9.4918
G,214486854,0.001065,0.003196,0.000000
A,214487912,1.4796,1.9932,-9.4846
G,214489350,0.001065,0.003196,0.003196
A,214490383,1.4832,1.9896,-9.4810
G,214491847,0.001065,0.001065,0.007457
A,214492836,1.4832,1.9932,-9.4810
G,214494342,0.002131,0.000000,0.007457
A,214495320,1.4832,1.9932,-9.4882
G,214496820,0.002131,0.000000,0.006392
A,214497791,1.4832,2.0004,-9.4990
G,214499320,0.003196,0.002131,0.005326
A,214500248,1.4796,2.0004,-9.5098
G,214501815,0.005326,0.003196,0.005326
TRK,214501,-0.01478,0.48657,0.86438,0.12604,0.6208,2.0515,-0.6956,0.000,0.000,0.000,1,2
A,214502743,1.4796,2.0039,-9.5134
G,214504303,0.006392,0.004261,0.004261
A,214505215,1.4796,2.0004,-9.5134
G,214506821,0.005326,0.001065,0.002131
A,214507690,1.4796,1.9968,-9.5062
G,214509316,0.002131,-0.001065,0.000000
A,214510184,1.4760,1.9824,-9.5062
G,214511801,0.001065,-0.001065,-0.001065
A,214512655,1.4760,1.9716,-9.5062
G,214514309,0.001065,0.002131,-0.001065
A,214515123,1.4760,1.9680,-9.5134
G,214516804,0.002131,0.003196,-0.003196
A,214517594,1.4724,1.9680,-9.5170
TRK,214512,-0.01481,0.48657,0.86437,0.12607,0.6208,2.0515,-0.6956,0.000,0.000,0.000,1,2
STAT,404.5,401.0,0,0,0,0.0211,1.187,0.4774,0.8404,1.7612,9.8274,10.75,0.000
G,214519312,0.003196,0.003196,-0.004261
A,214520062,1.4760,1.9716,-9.5205
G,214521808,0.002131,0.003196,-0.002131
A,214522534,1.4760,1.9896,-9.5241
G,214524296,0.002131,0.004261,0.000000
A,214524983,1.4832,1.9932,-9.5205
G,214526814,0.002131,0.005326,0.001065
A,214527464,1.4832,1.9932,-9.5205
G,214529309,0.003196,0.005326,0.001065
A,214529936,1.4868,1.9932,-9.5134
G,214531807,0.005326,0.006392,0.003196
A,214532397,1.4832,1.9860,-9.5098
G,214534303,0.006392,0.008522,0.003196
A,214534886,1.4760,1.9860,-9.5062
G,214536777,0.006392,0.006392,0.000000
A,214537358,1.4688,1.9932,-9.4990
TRK,214533,-0.01483,0.48656,0.86437,0.12613,0.6208,2.0515,-0.6956,0.000,0.000,0.000,1,2
G,214539286,0.004261,0.004261,-0.004261
A,214539831,1.4653,2.0004,-9.4990
G,214541781,0.001065,0.001065,-0.006392
A,214542302,1.4688,2.0039,-9.4882
G,214544268,0.000000,0.002131,-0.005326
A,214544755,1.4760,2.0075,-9.4918
G,214546787,0.000000,0.002131,-0.003196
A,214547240,1.4832,2.0075,-9.4954
G,214549283,0.000000,0.002131,-0.002131
A,214549712,1.4868,2.0075,-9.5062
G,214551781,-0.001065,0.001065,-0.002131
A,214552177,1.4868,1.9968,-9.5205
G,214554276,-0.003196,0.003196,-0.005326
A,214554649,1.4868,1.9824,-9.5241
G,214556755,-0.003196,0.004261,-0.006392
A,214557096,1.4796,1.9716,-9.5313
G,214559250,-0.002131,0.005326,-0.007457
A,214559568,1.4760,1.9644,-9.5313
G,214561729,0.002131,0.005326,-0.004261
A,214562016,1.4724,1.9609,-9.5277
TRK,214562,-0.01483,0.48656,0.86435,0.12623,0.6208,2.0515,-0.6956,0.000,0.000,0.000,1,2
G,214564239,0.004261,0.003196,-0.002131
A,214564496,1.4760,1.9609,-9.5277
G,214566755,0.004261,0.002131,-0.002131
A,214566984,1.4868,1.9573,-9.5241
G,214569251,0.003196,0.000000,-0.001065
A,214569455,1.4868,1.9573,-9.5277
G,214571743,0.002131,0.000000,-0.001065
A,214571920,1.4904,1.9609,-9.5205
G,214574239,0.002131,0.002131,-0.001065
A,214574391,1.4832,1.9644,-9.5241
TRK,214573,-0.01485,0.48656,0.86435,0.12622,0.6208,2.0515,-0.6956,0.000,0.000,0.000,1,2
G,214576718,0.003196,0.005326,0.001065
A,214576844,1.4760,1.9716,-9.5205
G,214579214,0.004261,0.007457,0.003196
A,214579316,1.4724,1.9788,-9.5134
G,214581692,0.005326,0.007457,0.003196
A,214581768,1.4724,1.9824,-9.5098
G,214584188,0.004261,0.006392,0.000000
A,214584240,1.4724,1.9860,-9.5026
G,214586668,0.002131,0.004261,-0.007457
A,214586696,1.4688,1.9896,-9.5026
G,214589164,0.001065,0.003196,-0.009587
A,214589167,1.4688,1.9896,-9.4990
A,214591624,1.4688,1.9896,-9.4990
G,214591644,-0.001065,0.002131,-0.009587
A,214594112,1.4724,1.9860,-9.5026
G,214594156,-0.001065,0.002131,-0.006392
A,214596583,1.4760,1.9896,-9.5062
G,214596651,0.000000,0.000000,-0.007457
TRK,214596,-0.01490,0.48657,0.86436,0.12617,0.6208,2.0515,-0.6956,0.000,0.000,0.000,1,2
A,214599052,1.4796,1.9896,-9.5134
G,214599142,0.002131,0.000000,-0.007457
A,214601523,1.4796,1.9896,-9.5170
G,214601637,0.002131,0.001065,-0.006392
A,214603993,1.4796,1.9860,-9.5134
G,214604129,0.002131,0.005326,-0.004261
A,214606464,1.4796,1.9860,-9.5098
G,214606624,0.000000,0.007457,-0.002131
A,214608915,1.4832,1.9788,-9.5026
G,214609096,0.000000,0.008522,-0.001065
A,214611397,1.4868,1.9788,-9.5062
G,214611598,0.000000,0.005326,0.002131
A,214613896,1.4904,1.9752,-9.5098
G,214614116,0.002131,0.002131,0.002131
A,214616367,1.4868,1.9824,-9.5098
G,214616612,0.003196,0.001065,0.000000
TRK,214612,-0.01493,0.48657,0.86436,0.12614,0.6208,2.0515,-0.6956,0.000,0.000,0.000,1,2
A,214618840,1.4832,1.9932,-9.5098
G,214619104,0.003196,0.002131,-0.004261
A,214621312,1.4724,1.9968,-9.5026
G,214621599,0.002131,0.004261,-0.005326
A,214623766,1.4724,2.0075,-9.4990
G,214624071,0.002131,0.006392,-0.004261
A,214626237,1.4724,2.0075,-9.4918
G,214626567,0.003196,0.008522,-0.001065
A,214628693,1.4832,2.0075,-9.4954
G,214629039,0.003196,0.007457,-0.002131
A,214631179,1.4832,2.0111,-9.4954
G,214631543,0.002131,0.006392,-0.004261
A,214633650,1.4940,2.0039,-9.4990
G,214634038,0.001065,0.002131,-0.006392
A,214636118,1.4904,2.0004,-9.5026
G,214636521,-0.001065,-0.001065,-0.006392
A,214638611,1.4832,2.0004,-9.5062
G,214639030,-0.002131,-0.002131,-0.004261
A,214641083,1.4760,2.0004,-9.5062
G,214641526,-0.001065,-0.001065,0.000000
TRK,214637,-0.01497,0.48658,0.86436,0.12611,0.6208,2.0515,-0.6956,0.000,0.000,0.000,1,2
A,214643561,1.4688,2.0039,-9.5026
G,214644019,0.001065,0.003196,0.002131
A,214646032,1.4724,2.0075,-9.5026
G,214646515,0.004261,0.007457,0.005326
A,214648512,1.4724,2.0147,-9.4990
G,214649008,0.004261,0.007457,0.006392
A,214650983,1.4796,2.0219,-9.5062
G,214651521,0.005326,0.007457,0.005326
A,214653433,1.4796,2.0219,-9.5062
G,214654016,0.006392,0.007457,0.003196
TRK,214654,-0.01501,0.48658,0.86436,0.12610,0.6208,2.0515,-0.6956,0.000,0.000,0.000,1,2
A,214655924,1.4832,2.0147,-9.5170
G,214656520,0.008522,0.007457,0.001065
A,214658396,1.4832,2.0039,-9.5205
G,214659015,0.008522,0.007457,-0.003196
A,214660868,1.4868,1.9896,-9.5205
G,214661499,0.006392,0.008522,-0.005326
A,214663339,1.4868,1.9824,-9.5205
G,214663994,0.004261,0.008522,-0.005326
A,214665811,1.4832,1.9824,-9.5134
G,214666477,0.002131,0.006392,-0.003196
A,214668283,1.4760,1.9788,-9.5098
G,214668973,0.000000,0.002131,-0.003196
A,214670757,1.4724,1.9824,-9.5062
G,214671457,-0.001065,0.000000,-0.002131
A,214673229,1.4724,1.9896,-9.5062
G,214673972,-0.002131,-0.001065,0.000000
A,214675684,1.4724,1.9968,-9.5026
G,214676468,-0.001065,0.001065,0.002131
TRK,214676,-0.01500,0.48658,0.86435,0.12614,0.6208,2.0515,-0.6956,0.000,0.000,0.000,1,2
A,214678171,1.4724,2.0039,-9.5026
G,214678962,0.001065,0.002131,0.001065
A,214680642,1.4688,2.0075,-9.4990
G,214681458,0.002131,0.002131,-0.001065
A,214683109,1.4688,2.0004,-9.5026
G,214683932,0.004261,0.001065,-0.004261
A,214685581,1.4653,1.9932,-9.5062
G,214686438,0.003196,0.000000,-0.006392
A,214688029,1.4688,1.9788,-9.5134
G,214688933,0.002131,-0.001065,-0.005326
A,214690528,1.4688,1.9752,-9.5205
G,214691439,0.002131,0.000000,-0.001065
A,214693000,1.4724,1.9716,-9.5241
G,214693934,0.003196,0.002131,0.003196
A,214695470,1.4724,1.9680,-9.5277
G,214696409,0.004261,0.002131,0.004261
A,214697941,1.4724,1.9644,-9.5313
TRK,214697,-0.01498,0.48657,0.86435,0.12619,0.6208,2.0515,-0.6956,0.000,0.000,0.000,1,2
G,214698925,0.004261,0.003196,0.003196
A,214700402,1.4724,1.9680,-9.5313
G,214701420,0.004261,0.005326,0.001065
A,214702883,1.4832,1.9716,-9.5313
G,214703905,0.003196,0.007457,0.000000
A,214705354,1.4868,1.9752,-9.5313
G,214706401,0.001065,0.008522,0.000000
A,214707825,1.4904,1.9788,-9.5277
G,214708875,0.000000,0.008522,0.001065
A,214710297,1.4940,1.9860,-9.5277
G,214711370,0.000000,0.009587,0.002131
A,214712771,1.4868,1.9860,-9.5241
G,214713847,0.000000,0.008522,0.001065
A,214715242,1.4832,1.9896,-9.5170
G,214716351,0.000000,0.008522,-0.002131
A,214717695,1.4688,1.9860,-9.5134
G,214718846,0.001065,0.007457,-0.003196
TRK,214718,-0.01497,0.48657,0.86434,0.12624,0.6208,2.0515,-0.6956,0.000,0.000,0.000,1,2
A,214720180,1.4653,1.9752,-9.5062
G,214721333,0.001065,0.007457,-0.002131
A,214722652,1.4688,1.9716,-9.5098
G,214723838,0.002131,0.006392,0.001065
A,214725106,1.4760,1.9716,-9.5062
G,214726333,0.001065,0.005326,0.001065
A,214727578,1.4868,1.9752,-9.5062
G,214728831,0.001065,0.005326,0.001065
A,214730026,1.4940,1.9788,-9.5062
G,214731327,0.001065,0.004261,0.000000
A,214732526,1.4940,1.9752,-9.5098
G,214733824,0.002131,0.004261,-0.001065
A,214734997,1.4868,1.9716,-9.5134
G,214736342,0.001065,0.003196,-0.004261
A,214737467,1.4832,1.9716,-9.5170
G,214738837,0.000000,0.001065,-0.005326
A,214739939,1.4760,1.9788,-9.5170
TRK,214734,-0.01501,0.48657,0.86434,0.12623,0.6208,2.0515,-0.6956,0.000,0.000,0.000,1,2
G,214741344,-0.001065,0.000000,-0.006392
A,214742400,1.4724,1.9896,-9.5134
G,214743840,-0.001065,-0.002131,-0.004261
A,214744890,1.4653,1.9932,-9.5062
G,214746325,0.000000,0.000000,-0.002131
A,214747361,1.4617,1.9968,-9.4990
G,214748843,0.003196,0.004261,0.001065
A,214749834,1.4581,1.9896,-9.4954
G,214751338,0.005326,0.008522,0.002131
A,214752306,1.4581,1.9860,-9.5026
G,214753855,0.004261,0.009587,0.001065
A,214754779,1.4581,1.9788,-9.5170
G,214756351,0.002131,0.006392,-0.001065
A,214757251,1.4653,1.9788,-9.5277
G,214758848,-0.001065,0.002131,-0.001065
A,214759706,1.4724,1.9752,-9.5349
G,214761368,-0.003196,0.000000,0.000000
A,214762184,1.4724,1.9788,-9.5313
G,214763863,-0.003196,0.001065,0.003196
A,214764656,1.4653,1.9860,-9.5277
TRK,214760,-0.01501,0.48658,0.86435,0.12616,0.6208,2.0515,-0.6956,0.000,0.000,0.000,1,2
G,214766350,-0.002131,0.001065,0.005326
A,214767103,1.4581,1.9896,-9.5241
G,214768867,0.000000,0.002131,0.005326
A,214769581,1.4473,1.9968,-9.5205
G,214771362,0.002131,0.002131,0.002131
A,214772052,1.4509,1.9932,-9.5170
G,214773859,0.003196,0.002131,-0.002131
A,214774511,1.4509,1.9968,-9.5134
G,214776355,0.003196,0.002131,-0.006392
A,214776982,1.4545,1.9860,-9.5062
TRK,214771,-0.01499,0.48658,0.86436,0.12611,0.6208,2.0515,-0.6956,0.000,0.000,0.000,1,2
G,214778851,0.001065,0.003196,-0.008522
A,214779443,1.4581,1.9860,-9.5026
G,214781347,0.000000,0.003196,-0.007457
A,214781927,1.4653,1.9788,-9.5062
G,214783817,-0.001065,0.002131,-0.006392
A,214784398,1.4688,1.9788,-9.5062
G,214786317,-0.002131,0.000000,-0.007457
A,214786863,1.4724,1.9788,-9.5170
G,214788824,-0.001065,0.000000,-0.008522
A,214789335,1.4760,1.9824,-9.5241
G,214791320,0.001065,0.001065,-0.007457
A,214791806,1.4724,1.9860,-9.5313
G,214793817,0.004261,0.001065,-0.005326
A,214794270,1.4760,1.9968,-9.5313
G,214796313,0.003196,0.001065,-0.003196
A,214796761,1.4724,2.0111,-9.5277
G,214798787,0.003196,0.000000,-0.002131
A,214799232,1.4760,2.0183,-9.5277
G,214801282,0.003196,0.002131,-0.001065
TRK,214795,-0.01491,0.48658,0.86437,0.12600,0.6208,2.0515,-0.6956,0.000,0.000,0.000,1,2
A,214801727,1.4796,2.0255,-9.5205
G,214803760,0.004261,0.003196,0.001065
A,214804199,1.4832,2.0291,-9.5170
G,214806266,0.004261,0.005326,0.002131
A,214806672,1.4940,2.0255,-9.5098
G,214808761,0.004261,0.005326,0.003196
A,214809143,1.4976,2.0327,-9.4990
G,214811251,0.004261,0.005326,0.001065
A,214811601,1.5012,2.0327,-9.4990
G,214813760,0.004261,0.004261,-0.001065
A,214814079,1.5012,2.0291,-9.4954
G,214816256,0.001065,0.003196,-0.004261
A,214816551,1.4904,2.0219,-9.5062
TRK,214811,-0.01492,0.48658,0.86438,0.12596,0.6208,2.0515,-0.6956,0.000,0.000,0.000,1,2
G,214818735,-0.002131,0.000000,-0.005326
A,214819000,1.4904,2.0147,-9.5134
G,214821252,-0.003196,-0.002131,-0.003196
A,214821488,1.4832,2.0039,-9.5098
G,214823747,-0.002131,-0.002131,-0.001065
A,214823959,1.4760,2.0004,-9.5026
G,214826236,-0.001065,0.000000,0.000000
A,214826420,1.4760,1.9968,-9.4990
G,214828732,0.000000,0.002131,0.001065
A,214828912,1.4760,2.0004,-9.4990
G,214831201,0.001065,0.003196,0.003196
A,214831383,1.4796,2.0039,-9.4990
G,214833701,0.000000,0.004261,0.003196
A,214833855,1.4832,2.0075,-9.5098
G,214836197,0.000000,0.004261,0.000000
A,214836327,1.4832,2.0075,-9.5062
G,214838677,0.000000,0.004261,-0.001065
A,214838780,1.4832,2.0004,-9.5098
G,214841194,0.000000,0.003196,-0.001065
A,214841271,1.4796,1.9932,-9.5062
G,214843689,0.001065,0.001065,0.000000
A,214843742,1.4796,1.9896,-9.5134
TRK,214839,-0.01482,0.48657,0.86437,0.12605,0.6208,2.0515,-0.6956,0.000,0.000,0.000,1,2
G,214846179,0.001065,0.002131,-0.001065
A,214846207,1.4796,1.9824,-9.5205
A,214848679,1.4796,1.9752,-9.5277
G,214848700,0.001065,0.003196,-0.001065
A,214851125,1.4832,1.9716,-9.5277
G,214851195,0.002131,0.004261,-0.003196
A,214853603,1.4832,1.9609,-9.5241
G,214853695,0.002131,0.004261,-0.005326
A,214856074,1.4832,1.9609,-9.5241
G,214856191,0.003196,0.003196,-0.006392
TRK,214851,-0.01479,0.48656,0.86437,0.12610,0.6208,2.0515,-0.6956,0.000,0.000,0.000,1,2
A,214858532,1.4832,1.9573,-9.5241
G,214858671,0.003196,0.001065,-0.005326
A,214861014,1.4868,1.9609,-9.5277
G,214861174,0.002131,0.000000,-0.004261
A,214863486,1.4904,1.9644,-9.5313
G,214863669,0.002131,0.000000,-0.003196
A,214865955,1.4940,1.9752,-9.5277
G,214866159,0.003196,0.002131,-0.004261
A,214868427,1.4976,1.9824,-9.5205
G,214868655,0.003196,0.002131,-0.004261
A,214870898,1.4976,1.9860,-9.5205
G,214871146,0.003196,0.000000,-0.003196
A,214873394,1.5012,1.9860,-9.5098
G,214873660,0.003196,-0.001065,-0.002131
A,214875865,1.4976,1.9788,-9.5134
G,214876156,0.003196,0.000000,0.000000
TRK,214872,-0.01477,0.48656,0.86437,0.12614,0.6208,2.0515,-0.6956,0.000,0.000,0.000,1,2
A,214878348,1.4976,1.9788,-9.5134
G,214878657,0.004261,0.005326,-0.001065
A,214880819,1.4904,1.9752,-9.5098
G,214881152,0.004261,0.008522,-0.002131
A,214883283,1.4904,1.9824,-9.5062
G,214883633,0.003196,0.009587,-0.003196
A,214885777,1.4796,1.9824,-9.5062
G,214886145,0.002131,0.006392,-0.003196
A,214888249,1.4832,1.9752,-9.4990
G,214888640,0.002131,0.004261,-0.005326
A,214890724,1.4796,1.9788,-9.5062
G,214891131,0.002131,0.001065,-0.008522
A,214893195,1.4832,1.9716,-9.5062
G,214893652,0.003196,0.000000,-0.008522
A,214895651,1.4940,1.9788,-9.5098
G,214896148,0.004261,0.000000,-0.006392
A,214898138,1.4940,1.9824,-9.5170
G,214898649,0.003196,0.002131,-0.004261
A,214900610,1.4976,1.9896,-9.5205
G,214901145,0.002131,0.004261,-0.001065
TRK,214896,-0.01485,0.48656,0.86436,0.12620,0.6208,2.0515,-0.6956,0.000,0.000,0.000,1,2
A,214903077,1.4904,1.9932,-9.5241
G,214903626,0.001065,0.004261,0.001065
A,214905549,1.4868,1.9932,-9.5277
G,214906137,0.001065,0.004261,0.001065
A,214907998,1.4832,1.9968,-9.5277
G,214908632,0.001065,0.003196,0.001065
A,214910478,1.4724,2.0039,-9.5241
G,214911124,0.000000,0.003196,0.000000
A,214912949,1.4760,2.0183,-9.5205
G,214913620,0.001065,0.005326,0.001065
TRK,214908,-0.01492,0.48657,0.86435,0.12622,0.6208,2.0515,-0.6956,0.000,0.000,0.000,1,2
A,214915430,1.4724,2.0291,-9.5277
G,214916111,0.003196,0.009587,0.002131
A,214917902,1.4832,2.0327,-9.5313
G,214918628,0.006392,0.011718,0.003196
A,214920359,1.4868,2.0327,-9.5313
G,214921123,0.008522,0.011718,0.003196
A,214922830,1.4940,2.0111,-9.5277
G,214923625,0.008522,0.008522,0.001065
A,214925274,1.4940,2.0004,-9.5241
G,214926121,0.006392,0.006392,-0.002131
A,214927759,1.4904,1.9860,-9.5205
G,214928613,0.002131,0.004261,-0.006392
A,214930231,1.4868,1.9788,-9.5241
G,214931125,0.000000,0.002131,-0.006392
A,214932686,1.4868,1.9752,-9.5277
G,214933620,-0.002131,0.002131,-0.004261
A,214935157,1.4868,1.9824,-9.5205
G,214936132,-0.002131,0.003196,0.000000
A,214937614,1.4868,1.9824,-9.5134
G,214938627,-0.002131,0.004261,0.002131
TRK,214938,-0.01506,0.48658,0.86434,0.12622,0.6208,2.0515,-0.6956,0.000,0.000,0.000,1,2
A,214940102,1.4832,1.9860,-9.5134
G,214941119,-0.003196,0.003196,-0.001065
A,214942573,1.4832,1.9824,-9.5098
G,214943636,-0.002131,0.003196,-0.003196
A,214945037,1.4760,1.9752,-9.5134
G,214946132,-0.001065,0.003196,-0.006392
A,214947509,1.4688,1.9680,-9.5134
G,214948633,0.000000,0.006392,-0.004261
A,214949959,1.4724,1.9680,-9.5134
G,214951129,0.000000,0.004261,-0.004261
A,214952439,1.4688,1.9752,-9.5170
G,214953610,-0.001065,0.002131,-0.005326
A,214954911,1.4724,1.9824,-9.5205
G,214956122,-0.002131,0.000000,-0.006392
A,214957372,1.4796,1.9860,-9.5241
G,214958617,-0.002131,-0.001065,-0.005326
A,214959865,1.4796,1.9896,-9.5241
G,214961109,-0.001065,0.000000,-0.001065
A,214962336,1.4796,1.9932,-9.5205
TRK,214962,-0.01513,0.48659,0.86433,0.12622,0.6208,2.0515,-0.6956,0.000,0.000,0.000,1,2
G,214963630,-0.001065,0.001065,0.001065
A,214964809,1.4760,2.0004,-9.5170
G,214966126,0.001065,0.001065,0.002131
A,214967281,1.4724,2.0111,-9.5134
G,214968627,0.001065,0.002131,0.002131
A,214969735,1.4724,2.0183,-9.5134
G,214971123,0.002131,0.003196,0.001065
A,214972209,1.4688,2.0219,-9.5170
G,214973592,0.002131,0.002131,0.001065
A,214974680,1.4724,2.0219,-9.5241
TRK,214969,-0.01511,0.48658,0.86434,0.12622,0.6208,2.0515,-0.6956,0.000,0.000,0.000,1,2
G,214976104,0.000000,0.001065,0.000000
A,214977146,1.4760,2.0147,-9.5277
G,214978600,-0.001065,-0.001065,0.000000
A,214979639,1.4832,2.0147,-9.5277
G,214981088,-0.002131,-0.002131,-0.003196
A,214982111,1.4904,2.0039,-9.5313
G,214983584,-0.002131,-0.002131,-0.003196
A,214984589,1.4940,2.0039,-9.5277
G,214986056,0.000000,-0.001065,-0.003196
A,214987060,1.4868,2.0004,-9.5241
G,214988556,0.002131,0.001065,0.001065
A,214989516,1.4760,2.0039,-9.5205
G,214991052,0.004261,0.002131,0.003196
A,214992006,1.4724,1.9896,-9.5205
G,214993535,0.004261,0.003196,0.006392
A,214994477,1.4724,1.9860,-9.5205
G,214996039,0.004261,0.002131,0.006392
A,214996939,1.4724,1.9716,-9.5241
G,214998534,0.003196,0.000000,0.002131
A,214999410,1.4796,1.9644,-9.5313
TRK,214993,-0.01508,0.48658,0.86433,0.12624,0.6208,2.0515,-0.6956,0.000,0.000,0.000,1,2
G,215001028,0.002131,-0.002131,-0.002131
A,215001862,1.4760,1.9680,-9.5277
G,215003523,0.002131,-0.003196,-0.003196
A,215004333,1.4688,1.9752,-9.5241
G,215006016,0.004261,-0.002131,0.000000
A,215006786,1.4688,1.9896,-9.5134
G,215008512,0.005326,0.000000,0.002131
A,215009258,1.4617,1.9896,-9.5134
G,215011006,0.005326,0.002131,0.002131
A,215011713,1.4653,1.9860,-9.5134
G,215013501,0.004261,0.004261,0.002131
TRK,215012,-0.01501,0.48657,0.86434,0.12622,0.6208,2.0515,-0.6956,0.000,0.000,0.000,1,2
A,215014198,1.4617,1.9788,-9.5170
G,215015975,0.003196,0.005326,0.002131
A,215016670,1.4653,1.9752,-9.5277
G,215018480,0.003196,0.007457,0.003196
A,215019136,1.4724,1.9752,-9.5277
G,215020975,0.004261,0.006392,0.002131
A,215021631,1.4760,1.9752,-9.5277
G,215023457,0.003196,0.003196,0.000000
A,215024102,1.4760,1.9680,-9.5241
G,215025972,0.002131,0.002131,-0.002131
A,215026581,1.4796,1.9644,-9.5170
G,215028467,0.001065,0.002131,-0.002131
A,215029079,1.4796,1.9501,-9.5098
G,215030952,0.000000,0.003196,-0.002131
A,215031550,1.4832,1.9537,-9.5062
G,215033457,0.000000,0.005326,-0.003196
A,215034019,1.4832,1.9573,-9.5098
G,215035952,-0.001065,0.007457,-0.002131
A,215036490,1.4832,1.9644,-9.5134
G,215038432,0.000000,0.007457,0.000000
A,215038935,1.4760,1.9680,-9.5170
TRK,215039,-0.01503,0.48658,0.86435,0.12616,0.6208,2.0515,-0.6956,0.000,0.000,0.000,1,2
G,215040947,0.001065,0.007457,0.001065
A,215041416,1.4653,1.9716,-9.5205
G,215043442,0.002131,0.006392,-0.001065
A,215043904,1.4581,1.9752,-9.5170
G,215045914,0.004261,0.005326,-0.003196
A,215046376,1.4473,1.9752,-9.5170
G,215048409,0.005326,0.005326,-0.003196
A,215048868,1.4473,1.9860,-9.5134
G,215050885,0.006392,0.006392,-0.002131
A,215051340,1.4545,1.9896,-9.5134
G,215053391,0.006392,0.005326,-0.003196
A,215053813,1.4688,1.9932,-9.5098
G,215055887,0.004261,0.003196,-0.006392
A,215056284,1.4868,1.9896,-9.5062
G,215058365,0.002131,0.002131,-0.008522
A,215058730,1.4976,1.9860,-9.4990
TRK,215059,-0.01502,0.48659,0.86436,0.12608,0.6208,2.0515,-0.6956,0.000,0.000,0.000,1,2
G,215060882,0.001065,0.001065,-0.007457
A,215061216,1.5048,1.9788,-9.4954
G,215063377,0.000000,0.001065,-0.006392
A,215063687,1.5083,1.9860,-9.4990
G,215065865,-0.001065,0.001065,-0.006392
A,215066145,1.5048,1.9896,-9.5062
G,215068361,0.000000,0.001065,-0.006392
A,215068616,1.5048,1.9968,-9.5062
G,215070845,0.000000,0.002131,-0.007457
A,215071071,1.4976,1.9896,-9.5098
G,215073340,0.000000,0.003196,-0.006392
TRK,215072,-0.01497,0.48658,0.86436,0.12605,0.6208,2.0515,-0.6956,0.000,0.000,0.000,1,2
A,215073570,1.4940,1.9932,-9.4990
G,215075817,0.000000,0.006392,-0.003196
A,215076041,1.4868,1.9896,-9.4990
G,215078325,0.000000,0.009587,0.000000
A,215078520,1.4796,1.9968,-9.4954
G,215080820,0.000000,0.009587,-0.002131
A,215080991,1.4724,2.0004,-9.4918
G,215083308,0.000000,0.008522,-0.005326
A,215083451,1.4653,2.0039,-9.5026
G,215085803,0.001065,0.007457,-0.006392
A,215085923,1.4653,1.9932,-9.5026
G,215088271,0.002131,0.007457,-0.006392
A,215088365,1.4653,1.9860,-9.5134
G,215090790,0.003196,0.007457,-0.004261
A,215090857,1.4724,1.9824,-9.5098
G,215093285,0.004261,0.005326,-0.003196
A,215093329,1.4760,1.9680,-9.5170
G,215095783,0.005326,0.002131,-0.003196
A,215095802,1.4796,1.9788,-9.5170
A,215098273,1.4832,1.9788,-9.5277
G,215098279,0.005326,-0.001065,-0.004261
TRK,215093,-0.01505,0.48660,0.86436,0.12601,0.6208,2.0515,-0.6956,0.000,0.000,0.000,1,2
A,215100727,1.4832,1.9896,-9.5313
G,215100757,0.005326,-0.002131,-0.003196
A,215103200,1.4832,1.9968,-9.5349
G,215103253,0.004261,0.000000,-0.002131
A,215105696,1.4832,2.0004,-9.5349
G,215105772,0.003196,0.002131,-0.003196
A,215108167,1.4832,2.0039,-9.5277
G,215108268,0.003196,0.003196,-0.003196
A,215110644,1.4904,2.0004,-9.5241
G,215110766,0.004261,0.003196,-0.001065
A,215113115,1.4832,2.0004,-9.5205
G,215113262,0.006392,0.002131,0.003196
A,215115573,1.4796,1.9968,-9.5134
G,215115740,0.006392,0.001065,0.004261
A,215118053,1.4617,1.9968,-9.5134
G,215118241,0.004261,0.001065,0.002131
A,215120524,1.4545,1.9968,-9.5170
G,215120736,0.002131,0.001065,0.000000
TRK,215115,-0.01506,0.48660,0.86437,0.12593,0.6208,2.0515,-0.6956,0.000,0.000,0.000,1,2
A,215122993,1.4473,1.9968,-9.5170
G,215123225,0.001065,0.002131,-0.001065
A,215125465,1.4365,1.9932,-9.5205
G,215125742,0.000000,0.003196,-0.002131
A,215127912,1.4401,1.9896,-9.5170
G,215128237,-0.001065,0.002131,-0.002131
A,215130394,1.4401,1.9824,-9.5170
G,215130736,-0.002131,0.003196,-0.002131
A,215132866,1.4509,1.9824,-9.5134
G,215133232,-0.002131,0.003196,-0.001065
A,215135348,1.4617,1.9824,-9.5134
G,215135731,0.000000,0.003196,-0.001065
A,215137820,1.4796,1.9860,-9.5134
G,215138227,0.001065,0.002131,0.000000
TRK,215133,-0.01504,0.48660,0.86437,0.12594,0.6208,2.0515,-0.6956,0.000,0.000,0.000,1,2
A,215140284,1.4832,1.9896,-9.5062
G,215140706,0.002131,0.001065,0.000000
A,215142778,1.4904,1.9968,-9.5098
G,215143216,0.001065,0.000000,0.000000
A,215145249,1.4976,2.0075,-9.5026
G,215145712,0.002131,0.000000,0.000000
A,215147724,1.4976,2.0147,-9.5062
G,215148202,0.003196,0.001065,0.002131
A,215150196,1.5012,2.0183,-9.5062
G,215150722,0.004261,0.004261,0.004261
A,215152652,1.5012,2.0183,-9.5062
G,215153217,0.003196,0.006392,0.004261
A,215155139,1.4940,2.0111,-9.5026
G,215155717,0.002131,0.006392,0.002131
A,215157611,1.4976,2.0004,-9.4990
G,215158213,0.003196,0.004261,0.000000
A,215160071,1.4976,1.9968,-9.4990
G,215160685,0.005326,0.002131,0.000000
TRK,215161,-0.01500,0.48659,0.86437,0.12600,0.6208,2.0515,-0.6956,0.000,0.000,0.000,1,2
A,215162569,1.4976,1.9824,-9.4954
G,215163195,0.005326,0.001065,-0.002131
A,215165041,1.5012,1.9788,-9.4990
G,215165712,0.005326,0.001065,-0.002131
A,215167497,1.4904,1.9788,-9.4990
G,215168208,0.004261,0.000000,-0.002131
A,215169987,1.4832,1.9752,-9.4990
G,215170708,0.003196,-0.001065,-0.002131
A,215172458,1.4688,1.9788,-9.4990
G,215173203,0.003196,-0.001065,-0.002131
A,215174928,1.4617,1.9824,-9.4918
G,215175681,0.004261,0.000000,-0.001065
A,215177399,1.4617,1.9860,-9.4954
TRK,215172,-0.01497,0.48659,0.86437,0.12602,0.6208,2.0515,-0.6956,0.000,0.000,0.000,1,2
G,215178192,0.005326,0.003196,0.003196
A,215179851,1.4653,1.9860,-9.4990
G,215180687,0.004261,0.006392,0.005326
A,215182325,1.4724,1.9860,-9.5026
G,215183169,0.004261,0.008522,0.005326
A,215184797,1.4760,1.9860,-9.5062
G,215185664,0.003196,0.008522,0.003196
A,215187258,1.4796,1.9896,-9.5026
G,215188132,0.003196,0.005326,0.000000
A,215189753,1.4832,2.0004,-9.5062
G,215190634,0.000000,0.004261,-0.003196
A,215192224,1.4760,2.0004,-9.5098
G,215193145,-0.002131,0.003196,-0.004261
A,215194680,1.4760,2.0039,-9.5170
G,215195640,-0.001065,0.002131,-0.002131
A,215197166,1.4653,1.9968,-9.5170
G,215198131,0.001065,0.002131,0.000000
A,215199637,1.4617,1.9896,-9.5170
G,215200627,0.003196,0.003196,0.000000
TRK,215200,-0.01495,0.48658,0.86436,0.12608,0.6208,2.0515,-0.6956,0.000,0.000,0.000,1,2
A,215202125,1.4617,1.9932,-9.5170
G,215203118,0.002131,0.005326,-0.003196
A,215204596,1.4653,1.9896,-9.5134
G,215205630,0.000000,0.006392,-0.007457
A,215207054,1.4688,1.9932,-9.5134
G,215208125,0.000000,0.007457,-0.009587
A,215209525,1.4724,1.9932,-9.5134
G,215210625,0.000000,0.006392,-0.010653
A,215211973,1.4760,1.9932,-9.5062
G,215213120,0.001065,0.003196,-0.009587
TRK,215212,-0.01492,0.48657,0.86436,0.12612,0.6208,2.0515,-0.6956,0.000,0.000,0.000,1,2
A,215214453,1.4796,1.9932,-9.5062
G,215215602,0.000000,-0.001065,-0.009587
A,215216925,1.4796,1.9968,-9.4990
G,215218114,0.000000,-0.002131,-0.005326
A,215219386,1.4796,2.0004,-9.4954
G,215220609,0.000000,-0.001065,-0.003196
A,215221858,1.4760,2.0004,-9.4990
G,215223121,0.001065,0.000000,-0.002131
A,215224320,1.4760,2.0039,-9.5062
G,215225617,0.001065,0.001065,-0.002131
A,215226814,1.4796,2.0039,-9.5170
G,215228108,0.000000,0.001065,0.000000
A,215229286,1.4796,1.9968,-9.5349
G,215230604,0.000000,0.002131,0.000000
A,215231760,1.4796,1.9932,-9.5457
G,215233076,0.001065,0.006392,0.000000
A,215234231,1.4832,1.9824,-9.5565
G,215235592,0.003196,0.009587,-0.003196
A,215236701,1.4724,1.9716,-9.5493
G,215238088,0.004261,0.008522,-0.003196
A,215239172,1.4760,1.9680,-9.5457
TRK,215234,-0.01490,0.48657,0.86436,0.12617,0.6208,2.0515,-0.6956,0.000,0.000,0.000,1,2
G,215240590,0.003196,0.006392,-0.001065
A,215241629,1.4724,1.9716,-9.5277
G,215243085,0.000000,0.006392,0.001065
A,215244107,1.4796,1.9788,-9.5134
G,215245559,-0.002131,0.008522,0.001065
A,215246579,1.4832,1.9968,-9.5026
G,215248064,-0.002131,0.008522,0.001065
A,215249039,1.4868,2.0075,-9.5026
G,215250559,-0.001065,0.006392,0.002131
A,215251511,1.4832,2.0183,-9.5026
G,215253052,0.001065,0.002131,0.002131
A,215253960,1.4796,2.0183,-9.5062
G,215255548,0.000000,-0.001065,0.000000
A,215256441,1.4724,2.0111,-9.5026
G,215258021,0.000000,-0.001065,-0.002131
A,215258912,1.4724,2.0039,-9.4954
G,215260524,0.000000,0.000000,-0.003196
A,215261374,1.4688,1.9896,-9.4918
G,215263020,0.000000,0.002131,-0.003196
A,215263846,1.4724,1.9860,-9.4882
TRK,215258,-0.01492,0.48657,0.86435,0.12622,0.6208,2.0515,-0.6956,0.000,0.000,0.000,1,2
G,215265523,-0.001065,0.001065,-0.007457
A,215266309,1.4760,1.9752,-9.4918
G,215268019,-0.002131,-0.002131,-0.009587
A,215268802,1.4760,1.9716,-9.5062
G,215270502,-0.003196,-0.003196,-0.008522
A,215271274,1.4724,1.9788,-9.5170
G,215273003,-0.005326,-0.005326,-0.006392
A,215273735,1.4688,1.9824,-9.5277
G,215275498,-0.006392,-0.006392,-0.004261
A,215276206,1.4688,1.9860,-9.5313
TRK,215270,-0.01487,0.48656,0.86435,0.12622,0.6208,2.0515,-0.6956,0.000,0.000,0.000,1,2
G,215277992,-0.005326,-0.005326,-0.003196
A,215278662,1.4760,1.9896,-9.5313
G,215280509,-0.004261,-0.002131,-0.003196
A,215281142,1.4796,1.9932,-9.5277
G,215283005,-0.001065,0.000000,-0.004261
A,215283613,1.4832,1.9968,-9.5277
G,215285509,0.002131,0.002131,-0.004261
A,215286081,1.4832,2.0075,-9.5170
G,215288005,0.002131,0.003196,-0.002131
A,215288553,1.4760,2.0075,-9.5098
G,215290508,0.002131,0.003196,-0.001065
A,215291022,1.4724,2.0075,-9.4990
G,215293004,0.001065,0.002131,0.002131
A,215293514,1.4724,2.0004,-9.4954
G,215295481,0.001065,0.002131,0.005326
A,215295985,1.4724,2.0004,-9.4954
TRK,215296,-0.01480,0.48655,0.86436,0.12622,0.6208,2.0515,-0.6956,0.000,0.000,0.000,1,2
G,215297995,0.000000,0.002131,0.007457
A,215298466,1.4760,2.0004,-9.5026
G,215300490,0.001065,0.002131,0.006392
A,215300937,1.4832,2.0039,-9.5098
G,215302974,0.002131,0.002131,0.003196
A,215303388,1.4832,2.0039,-9.5170
G,215305470,0.004261,0.001065,0.001065
A,215305859,1.4796,1.9968,-9.5170
G,215307965,0.005326,-0.001065,-0.001065
A,215308322,1.4832,1.9824,-9.5170
G,215310460,0.004261,-0.002131,-0.003196
A,215310794,1.4724,1.9752,-9.5134
G,215312955,0.002131,-0.001065,-0.004261
A,215313258,1.4653,1.9680,-9.5062
G,215315450,0.000000,0.002131,-0.003196
A,215315729,1.4581,1.9644,-9.4990
G,215317932,-0.001065,0.003196,-0.004261
A,215318181,1.4545,1.9716,-9.4990
G,215320427,0.000000,0.004261,-0.005326
TRK,215319,-0.01476,0.48655,0.86436,0.12622,0.6208,2.0515,-0.6956,0.000,0.000,0.000,1,2
A,215320677,1.4545,1.9824,-9.4990
G,215322903,0.002131,0.003196,-0.006392
A,215323149,1.4581,2.0004,-9.5134
G,215325409,0.003196,0.003196,-0.005326
A,215325626,1.4653,2.0147,-9.5205
G,215327904,0.002131,0.003196,-0.003196
A,215328097,1.4688,2.0363,-9.5313
G,215330410,0.002131,0.001065,0.000000
A,215330575,1.4724,2.0363,-9.5349
G,215332906,0.003196,0.000000,0.003196
A,215333047,1.4796,2.0399,-9.5385
TRK,215333,-0.01477,0.48655,0.86436,0.12620,0.6208,2.0515,-0.6956,0.000,0.000,0.000,1,2
G,215335411,0.003196,-0.002131,0.004261
A,215335526,1.4868,2.0327,-9.5313
G,215337907,0.003196,-0.002131,0.004261
A,215337997,1.4904,2.0219,-9.5313
G,215340390,0.001065,0.000000,0.001065
A,215340455,1.4976,2.0147,-9.5241
G,215342906,0.000000,0.001065,-0.003196
A,215342946,1.4940,1.9968,-9.5241
G,215345402,0.001065,0.001065,-0.007457
A,215345417,1.4904,1.9824,-9.5241
A,215347889,1.4868,1.9716,-9.5313
G,215347898,0.004261,0.000000,-0.008522
A,215350360,1.4832,1.9752,-9.5349
G,215350394,0.005326,-0.001065,-0.008522
A,215352833,1.4832,1.9788,-9.5385
G,215352890,0.004261,-0.001065,-0.006392
A,215355304,1.4796,1.9860,-9.5313
G,215355385,0.003196,-0.002131,-0.005326
A,215357754,1.4760,1.9932,-9.5349
G,215357857,0.002131,-0.003196,-0.001065
TRK,215358,-0.01470,0.48654,0.86437,0.12621,0.6208,2.0515,-0.6956,0.000,0.000,0.000,1,2
A,215360238,1.4688,1.9860,-9.5277
G,215360364,0.001065,-0.002131,-0.001065
A,215362710,1.4617,1.9824,-9.5277
G,215362859,0.000000,-0.001065,-0.002131
A,215365164,1.4509,1.9824,-9.5205
G,215365334,-0.001065,0.000000,-0.005326
A,215367636,1.4473,1.9824,-9.5098
G,215367851,-0.001065,0.001065,-0.006392
A,215370083,1.4437,1.9968,-9.4990
G,215370347,-0.001065,0.002131,-0.005326
A,215372581,1.4509,2.0039,-9.4954
G,215372864,0.000000,0.002131,-0.003196
A,215375052,1.4581,2.0111,-9.4882
G,215375359,0.002131,0.001065,-0.003196
A,215377531,1.4724,2.0111,-9.4918
G,215377856,0.002131,0.000000,-0.003196
A,215380002,1.4832,2.0039,-9.4918
G,215380375,0.001065,0.000000,-0.007457
A,215382455,1.4940,1.9896,-9.4918
G,215382871,-0.001065,0.001065,-0.010653
TRK,215379,-0.01467,0.48654,0.86437,0.12622,0.6208,2.0515,-0.6956,0.000,0.000,0.000,1,2
A,215384926,1.4940,1.9788,-9.4918
G,215385357,-0.001065,0.004261,-0.009587
A,215387397,1.4904,1.9716,-9.4918
G,215387874,-0.001065,0.007457,-0.007457
A,215389849,1.4832,1.9752,-9.4990
G,215390370,0.000000,0.007457,-0.004261
A,215392320,1.4724,1.9824,-9.5026
G,215392886,0.000000,0.005326,-0.003196
A,215394774,1.4653,1.9860,-9.5098
G,215395382,0.001065,0.003196,-0.003196
TRK,215395,-0.01463,0.48653,0.86437,0.12625,0.6208,2.0515,-0.6956,0.000,0.000,0.000,1,2
A,215397259,1.4653,1.9860,-9.5134
G,215397878,0.000000,0.000000,-0.004261
A,215399730,1.4617,1.9860,-9.5134
G,215400394,-0.001065,0.000000,-0.004261
A,215402185,1.4688,1.9860,-9.5062
G,215402890,-0.002131,0.000000,-0.002131
A,215404676,1.4724,1.9860,-9.5026
G,215405390,-0.002131,0.003196,0.000000
A,215407147,1.4760,1.9896,-9.4990
G,215407886,-0.002131,0.004261,0.002131
A,215409624,1.4796,1.9932,-9.5062
G,215410372,-0.001065,0.004261,0.002131
A,215412096,1.4724,1.9968,-9.5170
G,215412886,-0.001065,0.004261,0.001065
A,215414551,1.4688,2.0039,-9.5277
G,215415381,0.001065,0.004261,0.002131
TRK,215415,-0.01461,0.48653,0.86437,0.12625,0.6208,2.0515,-0.6956,0.000,0.000,0.000,1,2
A,215417040,1.4688,2.0111,-9.5313
G,215417878,0.003196,0.004261,0.001065
A,215419511,1.4688,2.0147,-9.5349
G,215420394,0.005326,0.004261,-0.002131
A,215421971,1.4760,2.0183,-9.5277
G,215422889,0.004261,0.003196,-0.002131
A,215424442,1.4868,2.0147,-9.5170
G,215425394,0.003196,0.003196,0.000000
A,215426892,1.4904,2.0075,-9.5098
G,215427889,0.003196,0.002131,0.001065
A,215429374,1.4940,2.0004,-9.5098
G,215430376,0.004261,0.002131,-0.001065
A,215431845,1.4940,1.9968,-9.5134
G,215432892,0.004261,0.002131,-0.004261
A,215434308,1.4868,2.0004,-9.5205
G,215435387,0.003196,0.001065,-0.006392
A,215436780,1.4796,2.0039,-9.5277
G,215437904,0.002131,0.000000,-0.002131
A,215439244,1.4724,2.0039,-9.5241
G,215440399,0.001065,0.001065,0.000000
TRK,215440,-0.01462,0.48653,0.86437,0.12624,0.6208,2.0515,-0.6956,0.000,0.000,0.000,1,2
A,215441739,1.4653,2.0039,-9.5241
G,215442895,0.001065,0.002131,0.002131
A,215444210,1.4688,2.0039,-9.5170
G,215445409,0.001065,0.003196,0.000000
A,215446674,1.4724,2.0039,-9.5170
G,215447905,0.002131,0.005326,0.000000
A,215449146,1.4832,2.0004,-9.5205
G,215450410,0.002131,0.006392,0.001065
A,215451602,1.4940,2.0004,-9.5205
G,215452906,0.000000,0.007457,0.001065
A,215454077,1.5012,2.0004,-9.5205
G,215455378,-0.002131,0.007457,0.002131
TRK,215451,-0.01463,0.48653,0.86437,0.12625,0.6208,2.0515,-0.6956,0.000,0.000,0.000,1,2
A,215456575,1.5083,1.9968,-9.5205
G,215457875,-0.002131,0.007457,0.003196
A,215459047,1.5119,1.9932,-9.5170
G,215460388,-0.002131,0.006392,0.004261
A,215461512,1.5048,1.9824,-9.5205
G,215462883,-0.002131,0.004261,0.002131
A,215463984,1.4976,1.9788,-9.5205
G,215465383,-0.001065,0.002131,-0.001065
A,215466438,1.4832,1.9752,-9.5205
G,215467878,-0.001065,0.001065,-0.002131
A,215468929,1.4724,1.9860,-9.5205
G,215470365,0.000000,0.000000,-0.003196
A,215471400,1.4653,1.9968,-9.5170
G,215472876,0.000000,-0.002131,-0.004261
A,215473866,1.4617,2.0004,-9.5134
G,215475371,0.001065,-0.002131,-0.004261
A,215476338,1.4617,2.0039,-9.5098
TRK,215471,-0.01468,0.48654,0.86436,0.12630,0.6208,2.0515,-0.6956,0.000,0.000,0.000,1,2
G,215477868,0.003196,-0.001065,-0.004261
A,215478791,1.4653,1.9896,-9.5062
G,215480363,0.004261,0.001065,-0.003196
A,215481262,1.4688,1.9896,-9.5098
G,215482860,0.004261,0.003196,-0.003196
A,215483717,1.4724,1.9752,-9.5098
G,215485355,0.003196,0.003196,-0.003196
A,215486188,1.4760,1.9752,-9.5170
G,215487852,0.002131,0.000000,-0.004261
A,215488645,1.4796,1.9716,-9.5134
G,215490348,0.000000,-0.001065,-0.004261
A,215491132,1.4832,1.9788,-9.5170
G,215492825,-0.001065,-0.001065,-0.004261
A,215493603,1.4940,1.9896,-9.5062
G,215495325,-0.001065,-0.001065,-0.004261
A,215496063,1.4940,2.0039,-9.5098
G,215497820,-0.001065,0.000000,-0.004261
TRK,215493,-0.01469,0.48654,0.86436,0.12630,0.6208,2.0515,-0.6956,0.000,0.000,0.000,1,2
A,215498562,1.4976,2.0219,-9.5062
G,215500308,0.001065,0.002131,-0.004261
A,215501033,1.4868,2.0291,-9.5026
G,215502812,0.002131,0.005326,-0.005326
A,215503499,1.4796,2.0291,-9.5026
G,215505308,0.003196,0.007457,-0.005326
A,215505971,1.4760,2.0183,-9.4990
G,215507793,0.003196,0.008522,-0.004261
A,215508419,1.4724,2.0004,-9.4990
G,215510288,0.003196,0.006392,-0.001065
A,215510910,1.4653,1.9788,-9.5026
G,215512766,0.002131,0.004261,0.000000
A,215513382,1.4617,1.9716,-9.5062
G,215515266,0.001065,0.004261,0.000000
A,215515845,1.4545,1.9573,-9.5205
G,215517761,0.001065,0.003196,0.000000
A,215518316,1.4545,1.9609,-9.5241
TRK,215512,-0.01473,0.48654,0.86435,0.12635,0.6208,2.0515,-0.6956,0.000,0.000,0.000,1,2
STAT,404.7,400.7,0,0,0,0.0221,1.231,0.4774,0.8404,1.7612,9.8318,10.75,0.000
G,215520250,0.001065,0.004261,0.000000
A,215520769,1.4581,1.9716,-9.5277
G,215522745,0.003196,0.004261,0.002131
A,215523241,1.4653,1.9896,-9.5277
G,215525234,0.005326,0.004261,0.003196
A,215525696,1.4796,2.0075,-9.5277
G,215527730,0.006392,0.003196,0.004261
A,215528182,1.4832,2.0147,-9.5313
G,215530199,0.004261,0.001065,0.004261
A,215530654,1.4904,2.0183,-9.5349
G,215532699,0.002131,0.001065,0.004261
A,215533120,1.4904,2.0075,-9.5421
G,215535195,0.000000,-0.001065,0.003196
A,215535611,1.4940,2.0004,-9.5421
G,215537668,0.000000,-0.001065,0.004261
A,215538083,1.5012,1.9896,-9.5349
TRK,215538,-0.01477,0.48654,0.86435,0.12633,0.6208,2.0515,-0.6956,0.000,0.000,0.000,1,2
G,215540179,-0.001065,-0.002131,0.001065
A,215540561,1.5012,1.9824,-9.5205
G,215542674,-0.002131,-0.001065,-0.002131
A,215543032,1.5012,1.9788,-9.5134
G,215545185,-0.001065,0.001065,-0.005326
A,215545512,1.4976,1.9860,-9.5026
G,215547680,0.000000,0.001065,-0.006392
A,215547983,1.4904,1.9860,-9.4990
G,215550190,-0.001065,-0.001065,-0.007457
A,215550463,1.4904,1.9932,-9.4990
G,215552686,-0.002131,-0.003196,-0.008522
A,215552935,1.4904,1.9932,-9.5026
G,215555196,0.000000,-0.001065,-0.007457
A,215555416,1.4904,1.9968,-9.5098
G,215557692,0.003196,0.002131,-0.004261
A,215557887,1.4904,2.0075,-9.5170
TRK,215553,-0.01477,0.48654,0.86435,0.12633,0.6208,2.0515,-0.6956,0.000,0.000,0.000,1,2
G,215560182,0.004261,0.004261,-0.002131
A,215560350,1.4904,2.0039,-9.5241
G,215562677,0.003196,0.003196,-0.001065
A,215562842,1.4868,2.0075,-9.5277
G,215565148,0.002131,0.002131,0.002131
A,215565314,1.4868,2.0004,-9.5313
G,215567643,0.002131,0.002131,0.003196
A,215567785,1.4904,1.9968,-9.5313
G,215570115,0.003196,0.002131,0.002131
A,215570230,1.4976,2.0004,-9.5277
G,215572610,0.002131,0.001065,-0.001065
A,215572725,1.4976,2.0004,-9.5277
G,215575082,0.001065,0.001065,-0.004261
A,215575197,1.5012,2.0111,-9.5241
G,215577584,0.000000,0.000000,-0.005326
A,215577673,1.4904,2.0075,-9.5205
G,215580080,0.000000,0.003196,-0.002131
A,215580144,1.4868,2.0039,-9.5134
TRK,215575,-0.01481,0.48655,0.86435,0.12633,0.6208,2.0515,-0.6956,0.000,0.000,0.000,1,2
G,215582562,0.001065,0.005326,-0.001065
A,215582601,1.4796,2.0004,-9.5062
G,215585075,0.002131,0.005326,0.001065
A,215585089,1.4832,1.9968,-9.5098
A,215587561,1.4832,1.9968,-9.5170
G,215587570,0.002131,0.003196,-0.001065
A,215590050,1.4832,2.0004,-9.5241
G,215590083,0.001065,0.000000,-0.002131
A,215592521,1.4796,1.9968,-9.5205
G,215592578,0.000000,-0.001065,-0.001065
TRK,215588,-0.01484,0.48655,0.86434,0.12635,0.6208,2.0515,-0.6956,0.000,0.000,0.000,1,2
A,215595010,1.4760,1.9968,-9.5170
G,215595091,0.001065,-0.001065,0.001065
A,215597482,1.4832,1.9896,-9.5062
G,215597586,0.001065,0.000000,0.000000
A,215599944,1.4832,1.9860,-9.5062
G,215600071,0.002131,0.001065,-0.002131
A,215602416,1.4832,1.9824,-9.5026
G,215602566,0.002131,0.002131,-0.003196
A,215604867,1.4796,1.9788,-9.4990
G,215605038,0.002131,0.002131,-0.003196
A,215607338,1.4688,1.9752,-9.4918
G,215607534,0.001065,0.003196,-0.005326
A,215609791,1.4653,1.9752,-9.4882
G,215610007,0.002131,0.003196,-0.003196
A,215612275,1.4653,1.9824,-9.4882
G,215612511,0.001065,0.003196,-0.002131
A,215614747,1.4617,1.9932,-9.4918
G,215615006,0.000000,0.004261,0.000000
A,215617203,1.4581,2.0004,-9.4954
G,215617482,-0.001065,0.005326,-0.001065
TRK,215613,-0.01488,0.48655,0.86434,0.12637,0.6208,2.0515,-0.6956,0.000,0.000,0.000,1,2
A,215619679,1.4545,2.0004,-9.4990
G,215619976,0.000000,0.005326,-0.002131
A,215622151,1.4509,2.0004,-9.5026
G,215622471,0.001065,0.005326,-0.003196
A,215624608,1.4509,1.9932,-9.5026
G,215624946,0.002131,0.002131,-0.004261
A,215627089,1.4545,1.9896,-9.5098
G,215627444,0.002131,0.000000,-0.003196
A,215629560,1.4545,1.9932,-9.5062
G,215629940,0.002131,0.001065,0.003196
A,215632029,1.4545,1.9932,-9.5026
G,215632425,0.003196,0.003196,0.006392
A,215634500,1.4545,1.9932,-9.4954
G,215634920,0.005326,0.006392,0.007457
A,215636964,1.4545,1.9896,-9.4954
G,215637400,0.006392,0.007457,0.003196
TRK,215638,-0.01491,0.48655,0.86433,0.12639,0.6208,2.0515,-0.6956,0.000,0.000,0.000,1,2
A,215639465,1.4617,1.9788,-9.4954
G,215639916,0.006392,0.007457,0.001065
A,215641936,1.4653,1.9752,-9.5062
G,215642412,0.005326,0.007457,0.000000
A,215644414,1.4688,1.9716,-9.5134
G,215644903,0.002131,0.006392,0.000000
A,215646885,1.4724,1.9644,-9.5241
G,215647399,0.001065,0.003196,0.000000
A,215649368,1.4724,1.9573,-9.5313
G,215649895,0.001065,0.000000,0.001065
A,215651839,1.4724,1.9501,-9.5385
G,215652416,0.002131,0.000000,0.002131
A,215654297,1.4760,1.9501,-9.5385
G,215654911,0.002131,0.002131,0.003196
A,215656789,1.4760,1.9537,-9.5385
G,215657415,0.001065,0.003196,0.000000
A,215659260,1.4796,1.9609,-9.5349
G,215659911,0.000000,0.003196,-0.003196
TRK,215655,-0.01490,0.48655,0.86434,0.12636,0.6208,2.0515,-0.6956,0.000,0.000,0.000,1,2
A,215661735,1.4760,1.9716,-9.5277
G,215662396,0.001065,0.003196,-0.002131
A,215664206,1.4724,1.9824,-9.5205
G,215664903,0.003196,0.003196,0.002131
A,215666653,1.4688,1.9860,-9.5170
G,215667399,0.003196,0.003196,0.005326
A,215669141,1.4688,1.9860,-9.5170
G,215669896,0.002131,0.003196,0.005326
A,215671612,1.4724,1.9824,-9.5098
G,215672412,0.001065,0.003196,0.003196
A,215674070,1.4724,1.9860,-9.5134
G,215674907,0.001065,0.002131,0.001065
TRK,215674,-0.01488,0.48656,0.86435,0.12627,0.6208,2.0515,-0.6956,0.000,0.000,0.000,1,2
A,215676549,1.4724,1.9788,-9.5170
G,215677393,0.002131,0.002131,0.000000
A,215679020,1.4760,1.9860,-9.5170
G,215679909,0.002131,0.003196,0.000000
A,215681480,1.4688,1.9860,-9.5170
G,215682405,0.003196,0.004261,-0.003196
A,215683970,1.4653,1.9932,-9.5098
G,215684901,0.002131,0.003196,-0.004261
A,215686442,1.4688,1.9968,-9.5062
G,215687396,0.003196,0.003196,-0.005326
A,215688913,1.4724,2.0004,-9.5026
G,215689873,0.002131,0.003196,-0.004261
A,215691385,1.4760,2.0004,-9.5098
G,215692379,0.002131,0.003196,-0.003196
A,215693837,1.4796,1.9968,-9.5134
G,215694875,0.000000,0.003196,0.000000
A,215696315,1.4796,2.0004,-9.5205
G,215697356,-0.002131,0.004261,0.002131
A,215698787,1.4796,2.0004,-9.5205
TRK,215694,-0.01485,0.48656,0.86436,0.12615,0.6208,2.0515,-0.6956,0.000,0.000,0.000,1,2
G,215699873,-0.003196,0.005326,0.001065
A,215701251,1.4796,1.9968,-9.5170
G,215702369,-0.004261,0.006392,-0.002131
A,215703746,1.4796,1.9932,-9.5170
G,215704865,-0.002131,0.006392,-0.005326
A,215706217,1.4760,1.9824,-9.5170
G,215707361,-0.001065,0.005326,-0.005326
A,215708682,1.4724,1.9752,-9.5134
G,215709827,0.001065,0.003196,-0.005326
A,215711154,1.4688,1.9752,-9.5170
G,215712334,0.000000,0.000000,-0.004261
A,215713611,1.4617,1.9716,-9.5134
G,215714830,-0.001065,-0.001065,-0.003196
A,215716089,1.4653,1.9716,-9.5170
G,215717308,-0.001065,0.000000,0.000000
A,215718561,1.4617,1.9788,-9.5134
TRK,215718,-0.01482,0.48657,0.86437,0.12607,0.6208,2.0515,-0.6956,0.000,0.000,0.000,1,2
G,215719826,0.001065,0.003196,0.003196
A,215721029,1.4688,1.9860,-9.5170
G,215722321,0.004261,0.004261,0.002131
A,215723522,1.4724,2.0004,-9.5062
G,215724812,0.005326,0.002131,0.001065
A,215725994,1.4760,2.0147,-9.5026
G,215727308,0.005326,0.002131,-0.001065
A,215728474,1.4760,2.0183,-9.4990
G,215729786,0.003196,0.003196,-0.001065
A,215730945,1.4724,2.0183,-9.4954
G,215732294,0.003196,0.006392,-0.002131
A,215733406,1.4724,2.0111,-9.5062
G,215734789,0.002131,0.007457,-0.004261
A,215735895,1.4688,1.9968,-9.5134
G,215737275,0.001065,0.008522,-0.003196
A,215738367,1.4724,1.9932,-9.5205
G,215739787,0.001065,0.008522,-0.002131
A,215740833,1.4688,1.9860,-9.5313
G,215742282,0.001065,0.007457,0.001065
TRK,215741,-0.01482,0.48657,0.86438,0.12600,0.6208,2.0515,-0.6956,0.000,0.000,0.000,1,2
A,215743316,1.4653,1.9860,-9.5349
G,215744760,0.002131,0.005326,0.001065
A,215745787,1.4581,1.9932,-9.5385
G,215747269,0.004261,0.003196,0.000000
A,215748252,1.4617,1.9968,-9.5385
G,215749765,0.006392,0.003196,-0.001065
A,215750723,1.4617,2.0039,-9.5277
G,215752254,0.006392,0.002131,-0.001065
A,215753169,1.4688,2.0075,-9.5241
G,215754749,0.007457,0.001065,0.000000
A,215755645,1.4832,2.0004,-9.5170
G,215757218,0.004261,-0.001065,0.002131
A,215758117,1.4832,2.0004,-9.5134
TRK,215757,-0.01483,0.48658,0.86438,0.12596,0.6208,2.0515,-0.6956,0.000,0.000,0.000,1,2
G,215759718,0.002131,-0.002131,0.004261
A,215760574,1.4904,1.9896,-9.5170
G,215762213,0.000000,-0.001065,0.004261
A,215763060,1.4904,1.9788,-9.5134
G,215764690,-0.001065,0.000000,0.000000
A,215765532,1.4976,1.9752,-9.5134
G,215767201,0.001065,0.001065,-0.002131
A,215768001,1.4976,1.9752,-9.5062
G,215769696,0.003196,0.003196,-0.002131
A,215770473,1.4976,1.9788,-9.4990
G,215772206,0.005326,0.005326,0.001065
A,215772943,1.4940,1.9860,-9.4954
G,215774702,0.007457,0.005326,0.002131
A,215775435,1.4868,1.9896,-9.4954
G,215777182,0.008522,0.005326,0.002131
A,215777906,1.4868,1.9896,-9.5026
TRK,215778,-0.01482,0.48657,0.86438,0.12597,0.6208,2.0515,-0.6956,0.000,0.000,0.000,1,2
G,215779702,0.006392,0.003196,-0.001065
A,215780388,1.4868,1.9932,-9.5026
G,215782198,0.003196,0.004261,-0.004261
A,215782859,1.4868,1.9932,-9.5062
G,215784690,0.000000,0.005326,-0.005326
A,215785314,1.4868,1.9968,-9.5026
G,215787186,-0.001065,0.004261,-0.001065
A,215787808,1.4796,2.0004,-9.4990
G,215789666,-0.002131,0.003196,-0.001065
A,215790280,1.4760,2.0004,-9.4990
G,215792162,-0.003196,0.003196,-0.002131
A,215792774,1.4760,2.0004,-9.4954
G,215794642,-0.002131,0.005326,-0.003196
A,215795245,1.4724,2.0004,-9.4954
G,215797153,0.001065,0.005326,-0.001065
A,215797720,1.4760,2.0004,-9.4990
G,215799649,0.004261,0.004261,0.001065
A,215800192,1.4760,2.0004,-9.5062
G,215802132,0.004261,0.003196,0.001065
A,215802640,1.4724,1.9968,-9.5170
TRK,215802,-0.01483,0.48657,0.86437,0.12604,0.6208,2.0515,-0.6956,0.000,0.000,0.000,1,2
G,215804633,0.005326,0.005326,0.001065
A,215805107,1.4724,1.9968,-9.5205
G,215807144,0.006392,0.008522,0.003196
A,215807585,1.4724,1.9896,-9.5241
G,215809640,0.006392,0.009587,0.004261
A,215810056,1.4724,1.9860,-9.5170
G,215812131,0.005326,0.007457,0.004261
A,215812515,1.4760,1.9824,-9.5098
G,215814627,0.004261,0.006392,0.002131
A,215814987,1.4796,1.9752,-9.5026
G,215817118,0.003196,0.004261,0.001065
A,215817447,1.4832,1.9752,-9.4990
TRK,215818,-0.01486,0.48657,0.86437,0.12607,0.6208,2.0515,-0.6956,0.000,0.000,0.000,1,2
G,215819640,0.000000,0.002131,0.000000
A,215819938,1.4796,1.9680,-9.4954
G,215822135,-0.002131,0.002131,0.002131
A,215822409,1.4724,1.9716,-9.4954
G,215824617,-0.002131,0.002131,0.003196
A,215824861,1.4617,1.9716,-9.4918
G,215827128,0.001065,0.004261,0.004261
A,215827344,1.4581,1.9752,-9.4918
G,215829624,0.004261,0.005326,0.002131
A,215829815,1.4581,1.9788,-9.4954
G,215832115,0.006392,0.007457,-0.001065
A,215832279,1.4617,1.9788,-9.4990
G,215834611,0.006392,0.006392,-0.002131
A,215834750,1.4653,1.9752,-9.5098
TRK,215829,-0.01487,0.48657,0.86437,0.12610,0.6208,2.0515,-0.6956,0.000,0.000,0.000,1,2
G,215837102,0.002131,0.004261,-0.003196
A,215837215,1.4688,1.9716,-9.5170
G,215839598,-0.001065,0.002131,-0.002131
A,215839687,1.4688,1.9788,-9.5241
G,215842070,-0.001065,0.002131,0.000000
A,215842133,1.4724,1.9860,-9.5313
G,215844572,0.000000,0.002131,0.001065
A,215844610,1.4724,1.9932,-9.5241
G,215847068,0.002131,0.002131,0.002131
A,215847081,1.4688,2.0004,-9.5241
A,215849540,1.4653,1.9932,-9.5170
G,215849551,0.003196,0.002131,0.002131
A,215852011,1.4688,1.9860,-9.5170
G,215852046,0.002131,0.001065,0.000000
A,215854467,1.4724,1.9752,-9.5134
G,215854525,0.003196,0.001065,-0.001065
TRK,215851,-0.01489,0.48657,0.86436,0.12609,0.6208,2.0515,-0.6956,0.000,0.000,0.000,1,2
A,215856957,1.4796,1.9680,-9.5205
G,215857038,0.003196,0.001065,-0.003196
A,215859429,1.4832,1.9680,-9.5205
G,215859534,0.003196,0.003196,-0.003196
A,215861900,1.4868,1.9716,-9.5170
G,215862027,0.002131,0.005326,-0.004261
A,215864372,1.4868,1.9788,-9.5134
G,215864522,0.001065,0.006392,-0.006392
A,215866824,1.4868,1.9824,-9.5026
G,215866996,-0.001065,0.005326,-0.007457
A,215869308,1.4832,1.9824,-9.4990
G,215869500,-0.001065,0.002131,-0.007457
A,215871779,1.4832,1.9824,-9.4882
G,215871996,0.000000,-0.001065,-0.007457
A,215874243,1.4832,1.9824,-9.4882
G,215874480,0.002131,-0.001065,-0.007457
A,215876738,1.4940,1.9824,-9.4882
G,215876994,0.003196,-0.001065,-0.004261
A,215879210,1.4976,1.9896,-9.4954
G,215879489,0.001065,-0.001065,-0.003196
A,215881678,1.4976,1.9896,-9.5026
G,215881976,0.000000,0.001065,0.000000
TRK,215882,-0.01489,0.48658,0.86437,0.12606,0.6208,2.0515,-0.6956,0.000,0.000,0.000,1,2
A,215884164,1.4904,1.9968,-9.4990
G,215884480,0.001065,0.003196,0.000000
A,215886661,1.4760,1.9896,-9.4954
G,215886995,0.003196,0.005326,0.001065
A,215889132,1.4617,1.9860,-9.4918
G,215889490,0.003196,0.006392,0.000000
A,215891602,1.4581,1.9824,-9.4918
G,215891977,0.003196,0.006392,-0.001065
A,215894073,1.4617,1.9824,-9.4990
G,215894472,0.001065,0.005326,-0.005326
A,215896532,1.4688,1.9896,-9.5062
G,215896947,-0.001065,0.003196,-0.009587
TRK,215893,-0.01491,0.48658,0.86437,0.12604,0.6208,2.0515,-0.6956,0.000,0.000,0.000,1,2
A,215899022,1.4724,1.9932,-9.5062
G,215899452,-0.002131,0.002131,-0.010653
A,215901493,1.4724,2.0004,-9.5098
G,215901948,-0.001065,0.003196,-0.007457
A,215903983,1.4688,1.9932,-9.5134
G,215904453,0.000000,0.006392,-0.003196
A,215906455,1.4688,1.9860,-9.5134
G,215906948,0.002131,0.008522,0.001065
A,215908915,1.4760,1.9788,-9.5134
G,215909423,0.002131,0.008522,0.003196
A,215911386,1.4832,1.9788,-9.5062
G,215911938,0.004261,0.007457,0.004261
A,215913839,1.4904,1.9824,-9.5062
G,215914434,0.003196,0.006392,0.002131
A,215916318,1.4940,1.9896,-9.5134
G,215916925,0.002131,0.005326,0.002131
A,215918790,1.4868,2.0039,-9.5205
G,215919421,0.001065,0.004261,0.000000
TRK,215914,-0.01494,0.48658,0.86437,0.12603,0.6208,2.0515,-0.6956,0.000,0.000,0.000,1,2
A,215921254,1.4760,2.0147,-9.5349
G,215921896,0.001065,0.003196,-0.003196
A,215923740,1.4617,2.0183,-9.5385
G,215924394,0.001065,0.004261,-0.005326
A,215926211,1.4509,2.0183,-9.5385
G,215926889,0.000000,0.005326,-0.006392
A,215928679,1.4509,2.0075,-9.5349
G,215929368,-0.001065,0.004261,-0.006392
A,215931151,1.4581,2.0004,-9.5277
G,215931884,-0.003196,0.002131,-0.007457
A,215933607,1.4724,2.0004,-9.5241
G,215934380,-0.004261,0.000000,-0.008522
A,215936084,1.4868,1.9968,-9.5241
G,215936865,-0.003196,0.000000,-0.008522
A,215938555,1.5048,2.0004,-9.5134
G,215939360,-0.001065,0.001065,-0.005326
TRK,215933,-0.01492,0.48658,0.86437,0.12604,0.6208,2.0515,-0.6956,0.000,0.000,0.000,1,2
A,215941024,1.5083,2.0039,-9.5134
G,215941837,0.002131,0.003196,-0.001065
A,215943496,1.5048,1.9932,-9.5098
G,215944332,0.004261,0.005326,-0.001065
A,215945966,1.4940,1.9860,-9.5134
G,215946810,0.005326,0.004261,-0.001065
A,215948437,1.4796,1.9788,-9.5134
G,215949318,0.003196,0.001065,-0.002131
A,215950888,1.4617,1.9824,-9.5241
G,215951813,0.002131,-0.002131,-0.003196
A,215953370,1.4617,1.9896,-9.5313
G,215954301,0.001065,-0.003196,-0.002131
A,215955842,1.4581,1.9968,-9.5349
TRK,215951,-0.01491,0.48658,0.86437,0.12605,0.6208,2.0515,-0.6956,0.000,0.000,0.000,1,2
G,215956819,0.002131,-0.003196,-0.001065
A,215958305,1.4653,2.0004,-9.5313
G,215959314,0.003196,-0.002131,-0.002131
A,215960799,1.4724,1.9968,-9.5205
G,215961812,0.005326,0.000000,-0.004261
A,215963270,1.4760,1.9932,-9.5098
G,215964307,0.005326,0.002131,-0.004261
A,215965765,1.4832,1.9932,-9.4990
G,215966805,0.005326,0.003196,-0.002131
A,215968236,1.4868,1.9896,-9.4954
G,215969301,0.003196,0.003196,0.001065
A,215970711,1.4868,1.9968,-9.4990
G,215971779,0.003196,0.003196,0.002131
A,215973183,1.4832,1.9932,-9.5098
G,215974287,0.002131,0.003196,0.003196
A,215975639,1.4760,1.9968,-9.5241
G,215976782,0.003196,0.004261,0.000000
A,215978125,1.4688,1.9968,-9.5241
G,215979269,0.005326,0.004261,-0.002131
A,215980596,1.4617,1.9896,-9.5241
TRK,215980,-0.01491,0.48658,0.86436,0.12608,0.6208,2.0515,-0.6956,0.000,0.000,0.000,1,2
G,215981788,0.006392,0.003196,-0.004261
A,215983064,1.4617,1.9824,-9.5205
G,215984283,0.005326,0.003196,-0.003196
A,215985535,1.4653,1.9788,-9.5170
G,215986776,0.003196,0.002131,-0.001065
A,215987979,1.4688,1.9716,-9.5205
G,215989272,0.003196,0.000000,0.002131
A,215990460,1.4760,1.9788,-9.5205
G,215991750,0.004261,-0.001065,0.003196
A,215992931,1.4760,1.9788,-9.5205
TRK,215992,-0.01489,0.48658,0.86437,0.12607,0.6208,2.0515,-0.6956,0.000,0.000,0.000,1,2
G,215994259,0.005326,0.000000,0.002131
A,215995393,1.4796,1.9788,-9.5170
G,215996755,0.003196,0.002131,0.000000
A,215997885,1.4832,1.9752,-9.5170
G,215999244,0.003196,0.002131,-0.002131
A,216000356,1.4832,1.9716,-9.5134
G,216001763,0.002131,0.003196,-0.003196
A,216002829,1.4832,1.9716,-9.5134
G,216004258,0.002131,0.002131,-0.001065
A,216005301,1.4868,1.9752,-9.5098
G,216006770,0.002131,0.001065,0.001065
A,216007767,1.4868,1.9860,-9.5062
G,216009292,0.003196,0.000000,0.005326
A,216010245,1.4832,1.9896,-9.5026
G,216011787,0.003196,0.000000,0.006392
A,216012717,1.4796,1.9932,-9.5026
G,216014276,0.002131,0.000000,0.005326
A,216015162,1.4760,1.9932,-9.5026
G,216016785,0.003196,0.000000,0.001065
A,216017630,1.4760,1.9932,-9.4990
G,216019281,0.003196,-0.002131,-0.003196
TRK,216014,-0.01488,0.48657,0.86437,0.12606,0.6208,2.0515,-0.6956,0.000,0.000,0.000,1,2
A,216020117,1.4796,1.9896,-9.5026
G,216021759,0.004261,-0.002131,-0.006392
A,216022589,1.4796,1.9896,-9.4990
G,216024268,0.003196,-0.003196,-0.006392
A,216025057,1.4832,1.9860,-9.4990
G,216026763,0.002131,-0.001065,-0.006392
A,216027528,1.4832,1.9860,-9.5026
G,216029272,0.002131,0.000000,-0.006392
A,216029998,1.4832,1.9932,-9.5026
G,216031768,0.001065,-0.001065,-0.005326
A,216032470,1.4868,1.9968,-9.5062
G,216034276,0.001065,-0.001065,-0.004261
A,216034940,1.4832,2.0039,-9.5062
G,216036772,-0.001065,-0.001065,0.000000
A,216037411,1.4832,2.0004,-9.5062
G,216039255,0.000000,0.001065,0.002131
A,216039858,1.4868,1.9968,-9.5062
TRK,216040,-0.01486,0.48657,0.86437,0.12604,0.6208,2.0515,-0.6956,0.000,0.000,0.000,1,2
G,216041774,-0.001065,0.004261,0.001065
A,216042341,1.4868,1.9860,-9.5026
G,216044269,0.000000,0.006392,-0.002131
A,216044812,1.4868,1.9824,-9.5026
G,216046757,0.001065,0.007457,-0.004261
A,216047265,1.4832,1.9824,-9.4990
G,216049252,0.001065,0.007457,-0.002131
A,216049736,1.4760,1.9896,-9.4990
G,216051751,0.002131,0.007457,0.000000
A,216052202,1.4653,1.9932,-9.4990
G,216054247,0.001065,0.005326,0.000000
A,216054673,1.4653,2.0004,-9.5026
TRK,216049,-0.01488,0.48657,0.86437,0.12606,0.6208,2.0515,-0.6956,0.000,0.000,0.000,1,2
G,216056746,-0.001065,0.004261,-0.002131
A,216057139,1.4581,2.0039,-9.5026
G,216059241,-0.003196,0.004261,-0.004261
A,216059611,1.4581,2.0039,-9.5098
G,216061718,-0.004261,0.005326,-0.004261
A,216062056,1.4581,2.0039,-9.5134
G,216064228,-0.002131,0.004261,-0.002131
A,216064535,1.4581,2.0111,-9.5098
G,216066724,-0.001065,0.004261,0.000000
A,216067007,1.4581,2.0111,-9.5062
G,216069211,0.000000,0.003196,0.000000
A,216069464,1.4617,2.0147,-9.5026
G,216071730,0.001065,0.004261,0.001065
A,216071955,1.4724,2.0183,-9.5026
G,216074226,0.002131,0.005326,0.003196
A,216074426,1.4796,2.0183,-9.5062
G,216076714,0.003196,0.007457,0.005326
A,216076887,1.4904,2.0183,-9.5026
G,216079210,0.003196,0.006392,0.004261
A,216079358,1.5012,2.0075,-9.5026
TRK,216073,-0.01489,0.48657,0.86436,0.12612,0.6208,2.0515,-0.6956,0.000,0.000,0.000,1,2
G,216081689,0.004261,0.006392,0.003196
A,216081811,1.5083,2.0004,-9.4918
G,216084200,0.006392,0.007457,0.001065
A,216084294,1.5083,1.9932,-9.4918
G,216086695,0.006392,0.007457,0.000000
A,216086766,1.5012,1.9896,-9.4846
G,216089172,0.004261,0.004261,-0.002131
A,216089218,1.4940,1.9896,-9.4918
G,216091693,0.002131,0.002131,-0.004261
A,216091713,1.4832,1.9896,-9.4990
A,216094184,1.4760,1.9896,-9.5062
G,216094188,0.001065,-0.001065,-0.005326
A,216096650,1.4724,1.9932,-9.5134
G,216096677,0.002131,-0.001065,-0.003196
A,216099121,1.4688,1.9896,-9.5170
G,216099173,0.003196,0.001065,0.001065
TRK,216093,-0.01492,0.48657,0.86435,0.12616,0.6208,2.0515,-0.6956,0.000,0.000,0.000,1,2
A,216101578,1.4724,1.9896,-9.5170
G,216101653,0.003196,0.001065,0.006392
A,216104063,1.4760,1.9824,-9.5134
G,216104160,0.003196,0.001065,0.006392
A,216106534,1.4796,1.9788,-9.5098
G,216106656,0.002131,0.000000,0.002131
A,216109004,1.4832,1.9824,-9.5026
G,216109146,0.001065,0.001065,-0.001065
A,216111495,1.4868,1.9824,-9.5026
G,216111659,0.000000,0.002131,-0.002131
A,216113967,1.4832,1.9932,-9.5026
G,216114155,-0.001065,0.002131,-0.003196
TRK,216110,-0.01490,0.48657,0.86435,0.12620,0.6208,2.0515,-0.6956,0.000,0.000,0.000,1,2
A,216116427,1.4868,1.9968,-9.5134
G,216116635,-0.002131,0.002131,-0.004261
A,216118918,1.4832,2.0039,-9.5205
G,216119147,-0.001065,0.002131,-0.003196
A,216121390,1.4868,2.0111,-9.5205
G,216121642,0.002131,0.003196,0.001065
A,216123862,1.4832,2.0111,-9.5098
G,216124133,0.005326,0.004261,0.003196
A,216126334,1.4796,2.0111,-9.5062
G,216126629,0.007457,0.006392,0.003196
A,216128787,1.4724,2.0075,-9.4990
G,216129101,0.007457,0.008522,0.002131
A,216131265,1.4653,1.9932,-9.5062
G,216131596,0.005326,0.007457,0.000000
A,216133760,1.4688,1.9860,-9.5170
G,216134108,0.003196,0.005326,-0.001065
A,216136231,1.4653,1.9752,-9.5241
G,216136604,0.003196,0.002131,-0.003196
A,216138697,1.4688,1.9752,-9.5349
G,216139086,0.004261,0.002131,-0.002131
A,216141168,1.4653,1.9752,-9.5385
G,216141581,0.004261,0.003196,0.000000
TRK,216135,-0.01491,0.48656,0.86434,0.12629,0.6208,2.0515,-0.6956,0.000,0.000,0.000,1,2
A,216143625,1.4581,1.9788,-9.5457
G,216144054,0.002131,0.004261,0.003196
A,216146112,1.4545,1.9788,-9.5457
G,216146557,0.001065,0.005326,0.006392
A,216148584,1.4509,1.9824,-9.5421
G,216149052,0.001065,0.006392,0.008522
A,216151052,1.4437,1.9752,-9.5421
G,216151535,0.002131,0.007457,0.007457
A,216153524,1.4545,1.9716,-9.5349
G,216154031,0.002131,0.007457,0.005326
TRK,216153,-0.01490,0.48656,0.86434,0.12631,0.6208,2.0515,-0.6956,0.000,0.000,0.000,1,2
A,216155993,1.4545,1.9716,-9.5241
G,216156514,0.002131,0.005326,0.003196
A,216158489,1.4653,1.9680,-9.5062
G,216159023,0.004261,0.005326,0.003196
A,216160960,1.4688,1.9824,-9.4882
G,216161519,0.006392,0.007457,0.003196
A,216163432,1.4724,1.9896,-9.4810
G,216164027,0.006392,0.006392,0.003196
A,216165878,1.4760,2.0004,-9.4810
G,216166523,0.004261,0.004261,0.001065
A,216168349,1.4760,2.0004,-9.4882
G,216169036,0.002131,0.001065,-0.001065
A,216170802,1.4688,2.0004,-9.4990
G,216171532,0.001065,0.001065,-0.002131
A,216173281,1.4581,2.0039,-9.5098
G,216174020,0.001065,0.002131,-0.003196
A,216175752,1.4473,2.0004,-9.5134
G,216176515,0.001065,0.003196,-0.006392
TRK,216171,-0.01490,0.48656,0.86434,0.12628,0.6208,2.0515,-0.6956,0.000,0.000,0.000,1,2
A,216178217,1.4473,1.9932,-9.5098
G,216178989,0.000000,0.003196,-0.009587
A,216180708,1.4473,1.9932,-9.5062
G,216181489,0.001065,0.004261,-0.008522
A,216183180,1.4581,1.9896,-9.4990
G,216183984,0.002131,0.006392,-0.006392
A,216185656,1.4653,1.9896,-9.5026
G,216186469,0.003196,0.007457,-0.002131
A,216188154,1.4688,1.9860,-9.5026
G,216188974,0.001065,0.006392,-0.002131
A,216190625,1.4760,1.9860,-9.5134
G,216191469,-0.001065,0.005326,-0.002131
A,216193092,1.4832,1.9896,-9.5170
G,216193944,0.000000,0.005326,-0.004261
A,216195583,1.4868,1.9896,-9.5241
G,216196442,0.000000,0.004261,-0.003196
A,216198055,1.4940,1.9932,-9.5170
G,216198937,0.001065,0.002131,-0.002131
TRK,216194,-0.01484,0.48656,0.86435,0.12623,0.6208,2.0515,-0.6956,0.000,0.000,0.000,1,2
A,216200533,1.4904,1.9896,-9.5170
G,216201422,-0.001065,0.001065,-0.002131
A,216203005,1.4832,1.9860,-9.5098
G,216203938,-0.003196,0.001065,-0.003196
A,216205464,1.4760,1.9824,-9.5098
G,216206433,-0.004261,0.003196,-0.003196
A,216207936,1.4653,1.9824,-9.5062
G,216208949,-0.003196,0.004261,-0.002131
A,216210397,1.4653,1.9824,-9.5026
G,216211444,0.000000,0.007457,-0.002131
A,216212869,1.4617,1.9788,-9.5062
G,216213959,0.002131,0.009587,-0.001065
A,216215331,1.4724,1.9824,-9.5098
G,216216455,0.005326,0.010653,-0.001065
A,216217813,1.4796,1.9860,-9.5205
G,216218938,0.005326,0.009587,0.001065
A,216220285,1.4904,1.9896,-9.5241
G,216221434,0.004261,0.007457,0.000000
TRK,216220,-0.01479,0.48656,0.86436,0.12618,0.6208,2.0515,-0.6956,0.000,0.000,0.000,1,2
A,216222759,1.4976,2.0075,-9.5241
G,216223909,0.002131,0.005326,0.000000
A,216225254,1.4940,2.0183,-9.5205
G,216226405,0.000000,0.006392,0.000000
A,216227725,1.4904,2.0255,-9.5098
G,216228900,0.001065,0.006392,0.003196
A,216230211,1.4868,2.0219,-9.4990
G,216231386,0.002131,0.006392,0.005326
A,216232682,1.4832,2.0183,-9.4882
G,216233890,0.003196,0.005326,0.006392
A,216235136,1.4832,2.0039,-9.4918
G,216236385,0.003196,0.005326,0.004261
TRK,216231,-0.01481,0.48656,0.86436,0.12615,0.6208,2.0515,-0.6956,0.000,0.000,0.000,1,2
A,216237613,1.4832,1.9932,-9.4918
G,216238861,0.002131,0.005326,0.002131
A,216240084,1.4868,1.9788,-9.5026
G,216241357,0.002131,0.006392,0.002131
A,216242531,1.4868,1.9788,-9.4990
G,216243852,0.003196,0.008522,0.006392
A,216245017,1.4904,1.9788,-9.5026
G,216246336,0.003196,0.008522,0.005326
A,216247489,1.4940,1.9860,-9.5062
G,216248853,0.002131,0.008522,0.003196
A,216249959,1.4940,1.9896,-9.5098
G,216251349,0.002131,0.006392,-0.002131
A,216252430,1.4868,1.9932,-9.5205
G,216253846,0.003196,0.005326,-0.005326
A,216254882,1.4760,1.9860,-9.5205
G,216256341,0.004261,0.003196,-0.006392
A,216257353,1.4688,1.9896,-9.5205
G,216258838,0.003196,0.002131,-0.005326
A,216259806,1.4688,1.9896,-9.5241
G,216261334,0.003196,0.003196,-0.003196
TRK,216260,-0.01481,0.48656,0.86436,0.12616,0.6208,2.0515,-0.6956,0.000,0.000,0.000,1,2
A,216262289,1.4724,1.9860,-9.5277
G,216263811,0.003196,0.004261,-0.004261
A,216264761,1.4796,1.9896,-9.5277
G,216266309,0.002131,0.004261,-0.004261
A,216267216,1.4796,1.9896,-9.5277
G,216268804,0.001065,0.004261,-0.003196
A,216269706,1.4868,1.9968,-9.5170
G,216271287,0.002131,0.003196,0.000000
A,216272178,1.4904,2.0039,-9.5134
G,216273782,0.004261,0.003196,0.001065
TRK,216268,-0.01481,0.48656,0.86436,0.12617,0.6208,2.0515,-0.6956,0.000,0.000,0.000,1,2
A,216274674,1.5012,2.0039,-9.5062
G,216276270,0.005326,0.002131,0.000000
A,216277145,1.5012,2.0004,-9.5026
G,216278781,0.004261,-0.001065,-0.003196
A,216279614,1.5012,1.9932,-9.5026
G,216281276,0.003196,-0.002131,-0.005326
A,216282086,1.4940,1.9824,-9.5026
G,216283774,0.002131,0.000000,-0.003196
A,216284543,1.4868,1.9716,-9.5026
G,216286270,0.003196,0.004261,0.003196
A,216287015,1.4796,1.9680,-9.5026
G,216288768,0.006392,0.007457,0.007457
A,216289474,1.4724,1.9680,-9.5062
G,216291264,0.006392,0.007457,0.006392
A,216291959,1.4653,1.9716,-9.5098
G,216293737,0.006392,0.005326,0.003196
A,216294430,1.4617,1.9824,-9.5098
G,216296232,0.004261,0.002131,0.000000
TRK,216290,-0.01487,0.48656,0.86436,0.12618,0.6208,2.0515,-0.6956,0.000,0.000,0.000,1,2
A,216296922,1.4581,1.9896,-9.5098
G,216298711,0.004261,0.001065,-0.002131
A,216299393,1.4581,1.9968,-9.5062
G,216301210,0.003196,0.002131,-0.004261
A,216301854,1.4617,1.9968,-9.5098
G,216303705,0.003196,0.003196,-0.002131
A,216304325,1.4581,2.0004,-9.5098
G,216306195,0.005326,0.004261,0.002131
A,216306779,1.4617,2.0004,-9.5134
G,216308715,0.006392,0.004261,0.004261
A,216309262,1.4581,1.9896,-9.5134
G,216311210,0.006392,0.004261,0.003196
A,216311757,1.4545,1.9824,-9.5170
G,216313690,0.005326,0.003196,0.000000
A,216314228,1.4509,1.9680,-9.5205
G,216316200,0.003196,0.002131,-0.003196
A,216316704,1.4473,1.9609,-9.5170
G,216318695,0.004261,0.002131,-0.003196
A,216319197,1.4473,1.9680,-9.5134
G,216321173,0.003196,0.002131,-0.002131
A,216321669,1.4581,1.9788,-9.5062
TRK,216317,-0.01493,0.48657,0.86435,0.12618,0.6208,2.0515,-0.6956,0.000,0.000,0.000,1,2
G,216323674,0.003196,0.001065,-0.002131
A,216324135,1.4688,1.9824,-9.5062
G,216326169,0.001065,0.000000,-0.003196
A,216326607,1.4760,1.9860,-9.5026
G,216328650,0.002131,-0.001065,-0.004261
A,216329054,1.4796,1.9788,-9.5026
G,216331147,0.002131,-0.001065,-0.003196
A,216331520,1.4796,1.9788,-9.5026
G,216333643,0.001065,0.000000,-0.001065
A,216333992,1.4760,1.9716,-9.5098
TRK,216328,-0.01494,0.48657,0.86435,0.12616,0.6208,2.0515,-0.6956,0.000,0.000,0.000,1,2
G,216336134,0.000000,0.001065,0.000000
A,216336452,1.4724,1.9752,-9.5205
G,216338629,0.000000,0.002131,0.001065
A,216338943,1.4688,1.9788,-9.5349
G,216341101,0.000000,0.004261,0.000000
A,216341414,1.4617,1.9788,-9.5421
G,216343603,0.000000,0.007457,-0.002131
A,216343886,1.4581,1.9860,-9.5421
G,216346098,0.000000,0.009587,-0.007457
A,216346357,1.4581,1.9932,-9.5349
G,216348581,0.000000,0.011718,-0.009587
A,216348810,1.4581,1.9968,-9.5313
G,216351093,-0.001065,0.008522,-0.010653
A,216351294,1.4617,2.0039,-9.5277
G,216353615,-0.002131,0.006392,-0.008522
A,216353788,1.4617,2.0075,-9.5277
G,216356110,-0.002131,0.005326,-0.005326
A,216356259,1.4653,2.0075,-9.5205
G,216358612,-0.001065,0.005326,-0.002131
A,216358734,1.4653,2.0183,-9.5170
G,216361108,-0.001065,0.005326,0.000000
A,216361205,1.4653,2.0183,-9.5134
TRK,216356,-0.01491,0.48657,0.86436,0.12611,0.6208,2.0515,-0.6956,0.000,0.000,0.000,1,2
G,216363609,-0.002131,0.002131,0.001065
A,216363681,1.4653,2.0147,-9.5170
G,216366128,-0.002131,0.000000,0.001065
A,216366175,1.4724,2.0075,-9.5170
G,216368624,-0.002131,-0.001065,0.000000
A,216368646,1.4724,2.0039,-9.5205
A,216371133,1.4796,1.9968,-9.5170
G,216371136,-0.002131,-0.001065,0.001065
A,216373605,1.4832,1.9932,-9.5134
G,216373631,-0.002131,-0.002131,0.000000
TRK,216373,-0.01484,0.48657,0.86437,0.12608,0.6208,2.0515,-0.6956,0.000,0.000,0.000,1,2
A,216376073,1.4832,1.9896,-9.5062
G,216376122,-0.001065,-0.001065,-0.002131
A,216378544,1.4868,1.9860,-9.4990
G,216378644,-0.001065,0.000000,-0.004261
A,216380993,1.4796,1.9860,-9.4918
G,216381139,0.000000,0.000000,-0.004261
A,216383482,1.4796,1.9860,-9.4954
G,216383649,0.001065,0.001065,-0.002131
A,216385953,1.4760,1.9860,-9.4954
G,216386145,0.000000,0.000000,-0.002131
A,216388414,1.4832,1.9860,-9.5026
G,216388626,-0.001065,-0.001065,-0.003196
A,216390906,1.4868,1.9788,-9.5098
G,216391137,0.000000,-0.002131,-0.003196
A,216393377,1.4904,1.9788,-9.5170
G,216393633,0.001065,-0.002131,-0.003196
A,216395830,1.4868,1.9788,-9.5205
G,216396104,0.002131,-0.001065,-0.002131
A,216398313,1.4796,1.9716,-9.5241
G,216398606,0.002131,0.000000,-0.002131
A,216400784,1.4760,1.9788,-9.5134
G,216401101,0.003196,0.001065,0.000000
TRK,216396,-0.01472,0.48656,0.86438,0.12603,0.6208,2.0515,-0.6956,0.000,0.000,0.000,1,2
A,216403249,1.4796,1.9860,-9.5134
G,216403583,0.003196,0.002131,0.001065
A,216405732,1.4796,2.0004,-9.5134
G,216406084,0.003196,0.003196,0.001065
A,216408204,1.4868,2.0147,-9.5134
G,216408580,0.001065,0.003196,0.000000
A,216410669,1.4868,2.0183,-9.5134
G,216411061,0.000000,0.003196,0.002131
A,216413140,1.4904,2.0147,-9.5170
TRK,216412,-0.01473,0.48656,0.86439,0.12600,0.6208,2.0515,-0.6956,0.000,0.000,0.000,1,2
G,216413584,0.000000,0.004261,0.005326
A,216415597,1.4940,2.0039,-9.5170
G,216416079,0.001065,0.005326,0.007457
A,216418073,1.4940,2.0004,-9.5170
G,216418569,0.004261,0.004261,0.007457
A,216420544,1.4940,2.0004,-9.5241
G,216421065,0.004261,0.003196,0.005326
A,216423009,1.4904,2.0039,-9.5170
G,216423543,0.004261,0.001065,0.001065
A,216425509,1.4868,2.0075,-9.5205
G,216426056,0.003196,0.001065,-0.002131
A,216427980,1.4796,2.0039,-9.5205
G,216428552,0.003196,0.003196,-0.002131
A,216430453,1.4724,2.0004,-9.5205
G,216431037,0.003196,0.004261,-0.002131
A,216432924,1.4724,1.9932,-9.5205
G,216433532,0.001065,0.001065,-0.005326
A,216435386,1.4653,1.9824,-9.5170
G,216436006,0.000000,-0.002131,-0.007457
A,216437877,1.4653,1.9752,-9.5170
G,216438509,0.001065,-0.004261,-0.008522
A,216440349,1.4617,1.9752,-9.5170
G,216441004,0.003196,-0.003196,-0.005326
TRK,216436,-0.01472,0.48656,0.86438,0.12604,0.6208,2.0515,-0.6956,0.000,0.000,0.000,1,2
A,216442821,1.4617,1.9752,-9.5205
G,216443488,0.004261,-0.001065,-0.001065
A,216445293,1.4617,1.9788,-9.5170
G,216446002,0.004261,0.000000,0.002131
A,216447747,1.4653,1.9788,-9.5170
G,216448498,0.003196,0.000000,0.004261
A,216450218,1.4760,1.9788,-9.5134
G,216451012,0.003196,0.000000,0.002131
A,216452674,1.4868,1.9716,-9.5134
G,216453507,0.003196,0.000000,-0.001065
A,216455145,1.4940,1.9680,-9.5134
TRK,216449,-0.01473,0.48656,0.86438,0.12606,0.6208,2.0515,-0.6956,0.000,0.000,0.000,1,2
G,216456021,0.003196,0.000000,-0.004261
A,216457602,1.4976,1.9680,-9.5170
G,216458517,0.003196,0.002131,-0.001065
A,216460084,1.4940,1.9680,-9.5134
G,216461004,0.003196,0.004261,0.004261
A,216462555,1.4904,1.9680,-9.5134
G,216463499,0.002131,0.005326,0.006392
A,216465024,1.4796,1.9680,-9.5098
G,216465973,0.000000,0.004261,0.003196
A,216467511,1.4724,1.9680,-9.5098
G,216468465,-0.001065,0.001065,-0.002131
A,216469982,1.4617,1.9680,-9.5134
G,216470960,0.001065,0.001065,-0.003196
A,216472462,1.4581,1.9644,-9.5205
G,216473445,0.002131,0.002131,-0.002131
A,216474934,1.4617,1.9716,-9.5241
G,216475959,0.002131,0.006392,0.001065
A,216477394,1.4653,1.9609,-9.5277
G,216478454,0.001065,0.007457,0.001065
TRK,216478,-0.01479,0.48657,0.86437,0.12607,0.6208,2.0515,-0.6956,0.000,0.000,0.000,1,2
A,216479886,1.4724,1.9680,-9.5205
G,216480949,0.000000,0.006392,-0.001065
A,216482357,1.4760,1.9716,-9.5134
G,216483445,0.001065,0.003196,-0.003196
A,216484824,1.4832,1.9824,-9.5098
G,216485914,0.001065,0.000000,-0.004261
A,216487296,1.4796,1.9824,-9.5134
G,216488420,0.001065,0.000000,-0.004261
A,216489750,1.4724,1.9896,-9.5134
G,216490915,0.002131,0.003196,-0.003196
A,216492222,1.4724,1.9860,-9.5170
G,216493421,0.002131,0.006392,0.000000
A,216494677,1.4653,1.9824,-9.5134
G,216495917,0.002131,0.006392,0.004261
A,216497164,1.4688,1.9788,-9.5098
G,216498402,0.002131,0.005326,0.005326
A,216499635,1.4724,1.9752,-9.5026
TRK,216499,-0.01489,0.48658,0.86437,0.12602,0.6208,2.0515,-0.6956,0.000,0.000,0.000,1,2
G,216500918,0.001065,0.005326,0.005326
A,216502102,1.4724,1.9752,-9.5062
G,216503414,0.002131,0.004261,0.003196
A,216504573,1.4724,1.9788,-9.5062
G,216505909,0.001065,0.002131,0.000000
A,216507022,1.4653,1.9896,-9.5170
G,216508422,0.000000,0.001065,-0.003196
A,216509489,1.4653,1.9932,-9.5205
G,216510918,0.000000,0.001065,-0.004261
A,216511960,1.4617,1.9932,-9.5241
G,216513423,0.000000,0.003196,-0.003196
A,216514421,1.4545,1.9896,-9.5277
G,216515919,0.002131,0.005326,-0.001065
A,216516904,1.4617,1.9860,-9.5205
G,216518396,0.003196,0.006392,0.000000
A,216519375,1.4581,1.9860,-9.5205
TRK,216519,-0.01491,0.48659,0.86438,0.12597,0.6208,2.0515,-0.6956,0.000,0.000,0.000,1,2
STAT,404.7,400.7,0,0,0,0.0169,1.219,0.4774,0.8404,1.7612,9.8301,10.75,0.000
G,216520912,0.004261,0.005326,0.000000
A,216521847,1.4617,1.9896,-9.5134
G,216523407,0.007457,0.004261,0.000000
A,216524338,1.4617,1.9968,-9.5170
G,216525891,0.007457,0.003196,0.001065
A,216526810,1.4617,2.0039,-9.5205
G,216528386,0.008522,0.002131,0.002131
A,216529294,1.4688,1.9968,-9.5277
G,216530863,0.007457,0.000000,0.002131
A,216531765,1.4760,2.0004,-9.5313
G,216533383,0.006392,0.001065,0.003196
A,216534243,1.4796,1.9932,-9.5313
G,216535878,0.005326,0.001065,0.003196
A,216536714,1.4796,1.9860,-9.5277
TRK,216532,-0.01493,0.48659,0.86438,0.12588,0.6208,2.0515,-0.6956,0.000,0.000,0.000,1,2
G,216538365,0.004261,0.002131,0.004261
A,216539160,1.4724,1.9824,-9.5170
G,216540880,0.003196,0.001065,0.002131
A,216541635,1.4653,1.9788,-9.5098
G,216543375,0.003196,0.001065,0.000000
A,216544107,1.4653,1.9824,-9.4954
G,216545872,0.003196,0.001065,-0.002131
A,216546565,1.4724,1.9824,-9.4918
G,216548388,0.003196,0.003196,-0.002131
A,216549043,1.4868,1.9860,-9.4990
G,216550884,0.002131,0.004261,0.000000
A,216551538,1.4940,1.9896,-9.5026
G,216553366,0.002131,0.006392,0.002131
A,216554009,1.4976,1.9824,-9.5170
G,216555881,0.001065,0.006392,0.005326
A,216556488,1.4868,1.9860,-9.5205
G,216558376,0.000000,0.006392,0.002131
A,216558959,1.4868,1.9788,-9.5241
G,216560861,-0.002131,0.003196,-0.002131
A,216561408,1.4796,1.9752,-9.5241
TRK,216557,-0.01494,0.48660,0.86439,0.12580,0.6208,2.0515,-0.6956,0.000,0.000,0.000,1,2
G,216563368,-0.002131,0.002131,-0.006392
A,216563880,1.4832,1.9788,-9.5170
G,216565864,0.001065,0.003196,-0.005326
A,216566351,1.4832,1.9788,-9.5098
G,216568349,0.002131,0.004261,-0.004261
A,216568804,1.4832,1.9860,-9.5062
G,216570867,0.002131,0.003196,-0.005326
A,216571288,1.4832,1.9932,-9.4990
G,216573362,0.004261,0.003196,-0.004261
A,216573759,1.4796,1.9932,-9.4954
TRK,216573,-0.01492,0.48660,0.86439,0.12579,0.6208,2.0515,-0.6956,0.000,0.000,0.000,1,2
G,216575859,0.004261,0.004261,-0.001065
A,216576224,1.4760,2.0004,-9.4954
G,216578355,0.005326,0.003196,0.004261
A,216578696,1.4760,2.0004,-9.4990
G,216580852,0.003196,0.001065,0.005326
A,216581162,1.4796,2.0004,-9.4990
G,216583347,0.002131,0.000000,0.004261
A,216583633,1.4796,1.9968,-9.5026
G,216585844,0.000000,0.001065,0.003196
A,216586101,1.4832,1.9860,-9.5062
G,216588340,0.001065,0.003196,0.001065
A,216588572,1.4832,1.9788,-9.5062
G,216590817,0.001065,0.005326,-0.002131
A,216591021,1.4832,1.9788,-9.5062
G,216593325,0.001065,0.005326,-0.003196
A,216593500,1.4796,1.9752,-9.5098
G,216595820,0.001065,0.002131,-0.001065
A,216595972,1.4688,1.9824,-9.5062
G,216598308,0.000000,-0.001065,0.000000
A,216598432,1.4653,1.9896,-9.5026
G,216600803,0.000000,-0.002131,-0.002131
A,216600904,1.4617,1.9896,-9.5026
TRK,216595,-0.01491,0.48660,0.86439,0.12582,0.6208,2.0515,-0.6956,0.000,0.000,0.000,1,2
G,216603291,-0.001065,-0.002131,-0.005326
A,216603365,1.4617,1.9968,-9.4954
G,216605809,0.000000,0.000000,-0.005326
A,216605858,1.4653,1.9968,-9.4954
G,216608305,0.000000,0.001065,-0.003196
A,216608329,1.4724,2.0004,-9.5026
G,216610790,0.001065,0.002131,-0.001065
A,216610791,1.4832,2.0039,-9.5098
A,216613262,1.4904,2.0039,-9.5205
G,216613286,0.002131,0.003196,0.001065
A,216615717,1.4976,2.0004,-9.5277
G,216615764,0.002131,0.005326,0.001065
A,216618194,1.5048,2.0004,-9.5349
G,216618265,0.002131,0.006392,-0.002131
A,216620666,1.5012,1.9896,-9.5313
G,216620760,0.001065,0.006392,-0.004261
TRK,216616,-0.01488,0.48659,0.86439,0.12586,0.6208,2.0515,-0.6956,0.000,0.000,0.000,1,2
A,216623132,1.4940,1.9824,-9.5205
G,216623249,0.001065,0.005326,-0.007457
A,216625616,1.4904,1.9788,-9.5134
G,216625754,0.000000,0.002131,-0.008522
A,216628088,1.4868,1.9752,-9.5026
G,216628250,0.000000,0.001065,-0.007457
A,216630546,1.4796,1.9824,-9.5026
G,216630729,0.000000,0.000000,-0.005326
A,216633035,1.4724,1.9860,-9.5062
G,216633239,0.002131,0.002131,-0.001065
A,216635507,1.4653,1.9824,-9.5062
G,216635734,0.004261,0.002131,0.002131
TRK,216631,-0.01489,0.48659,0.86438,0.12591,0.6208,2.0515,-0.6956,0.000,0.000,0.000,1,2
A,216637977,1.4581,1.9824,-9.5098
G,216638224,0.004261,0.002131,0.002131
A,216640471,1.4545,1.9824,-9.5098
G,216640738,0.004261,0.002131,-0.001065
A,216642943,1.4581,1.9716,-9.5170
G,216643233,0.001065,0.002131,-0.007457
A,216645424,1.4653,1.9680,-9.5170
G,216645733,0.001065,0.003196,-0.009587
A,216647896,1.4724,1.9609,-9.5241
G,216648228,0.001065,0.003196,-0.011718
A,216650354,1.4796,1.9501,-9.5277
G,216650704,0.002131,0.003196,-0.009587
A,216652847,1.4868,1.9501,-9.5277
G,216653214,0.002131,0.004261,-0.006392
A,216655319,1.4832,1.9609,-9.5241
G,216655709,0.002131,0.004261,-0.003196
A,216657791,1.4832,1.9716,-9.5170
G,216658198,0.003196,0.003196,-0.002131
A,216660284,1.4832,1.9824,-9.5134
G,216660707,0.003196,0.002131,-0.001065
A,216662755,1.4868,1.9932,-9.5098
G,216663202,0.002131,0.000000,0.000000
TRK,216658,-0.01493,0.48659,0.86438,0.12594,0.6208,2.0515,-0.6956,0.000,0.000,0.000,1,2
A,216665220,1.4868,1.9932,-9.5134
G,216665682,0.002131,0.001065,0.002131
A,216667691,1.4868,1.9932,-9.5134
G,216668177,0.002131,0.001065,0.001065
A,216670148,1.4868,1.9896,-9.5134
G,216670648,0.002131,0.000000,-0.002131
A,216672645,1.4832,1.9788,-9.5134
G,216673160,0.001065,-0.001065,-0.006392
A,216675116,1.4832,1.9788,-9.5134
G,216675655,0.000000,0.000000,-0.007457
TRK,216675,-0.01494,0.48659,0.86438,0.12594,0.6208,2.0515,-0.6956,0.000,0.000,0.000,1,2
A,216677586,1.4832,1.9752,-9.5170
G,216678138,0.001065,0.003196,-0.003196
A,216680058,1.4868,1.9788,-9.5205
G,216680634,0.001065,0.005326,0.000000
A,216682516,1.4832,1.9896,-9.5205
G,216683105,0.000000,0.004261,-0.001065
A,216684987,1.4796,1.9932,-9.5205
G,216685600,-0.002131,0.001065,-0.006392
A,216687447,1.4760,1.9932,-9.5098
G,216688072,-0.005326,0.000000,-0.009587
A,216689938,1.4688,1.9896,-9.5062
G,216690574,-0.007457,-0.001065,-0.008522
A,216692409,1.4688,1.9752,-9.5026
G,216693070,-0.006392,-0.001065,-0.005326
A,216694881,1.4688,1.9680,-9.4990
G,216695552,-0.003196,0.000000,0.000000
TRK,216692,-0.01494,0.48659,0.86437,0.12596,0.6208,2.0515,-0.6956,0.000,0.000,0.000,1,2
A,216697369,1.4688,1.9644,-9.5062
G,216698051,0.001065,0.001065,0.001065
A,216699840,1.4760,1.9644,-9.5134
G,216700546,0.002131,0.001065,0.000000
A,216702316,1.4832,1.9716,-9.5205
G,216703032,0.003196,0.001065,-0.002131
A,216704787,1.4868,1.9752,-9.5277
G,216705527,0.002131,0.002131,-0.004261
A,216707251,1.4760,1.9752,-9.5277
G,216708000,0.002131,0.002131,-0.005326
A,216709722,1.4653,1.9788,-9.5170
G,216710496,0.001065,0.003196,-0.006392
A,216712187,1.4509,1.9788,-9.5062
G,216712969,0.001065,0.003196,-0.004261
TRK,216713,-0.01497,0.48659,0.86438,0.12592,0.6208,2.0515,-0.6956,0.000,0.000,0.000,1,2
A,216714683,1.4437,1.9860,-9.5026
G,216715474,0.001065,0.003196,-0.002131
A,216717154,1.4437,1.9860,-9.4990
G,216717985,0.001065,0.001065,-0.003196
A,216719607,1.4437,1.9932,-9.5062
G,216720480,0.002131,-0.001065,-0.006392
A,216722095,1.4437,1.9932,-9.5134
G,216722974,0.003196,-0.002131,-0.009587
A,216724566,1.4437,1.9932,-9.5170
G,216725486,0.003196,-0.001065,-0.008522
A,216727022,1.4437,2.0004,-9.5205
G,216727981,0.002131,-0.001065,-0.007457
A,216729501,1.4437,2.0039,-9.5241
G,216730465,0.001065,0.001065,-0.004261
A,216731997,1.4473,2.0111,-9.5241
G,216732966,0.001065,0.003196,-0.002131
A,216734468,1.4509,2.0219,-9.5170
G,216735461,0.003196,0.004261,-0.002131
TRK,216730,-0.01494,0.48660,0.86439,0.12585,0.6208,2.0515,-0.6956,0.000,0.000,0.000,1,2
A,216736938,1.4617,2.0255,-9.5170
G,216737936,0.004261,0.004261,-0.001065
A,216739409,1.4688,2.0291,-9.5062
G,216740441,0.003196,0.003196,0.001065
A,216741861,1.4796,2.0255,-9.4990
G,216742936,0.002131,0.003196,0.002131
A,216744343,1.4904,2.0147,-9.4954
G,216745421,0.001065,0.005326,0.001065
A,216746814,1.4976,2.0075,-9.5026
G,216747937,0.002131,0.006392,0.000000
A,216749277,1.5012,1.9932,-9.5170
G,216750432,0.003196,0.006392,-0.001065
TRK,216750,-0.01492,0.48660,0.86439,0.12583,0.6208,2.0515,-0.6956,0.000,0.000,0.000,1,2
A,216751771,1.5012,1.9860,-9.5277
G,216752927,0.004261,0.005326,0.000000
A,216754242,1.5012,1.9788,-9.5349
G,216755422,0.004261,0.004261,-0.001065
A,216756713,1.4976,1.9716,-9.5385
G,216757917,0.005326,0.003196,0.001065
A,216759159,1.4904,1.9716,-9.5385
G,216760429,0.003196,0.003196,0.001065
A,216761622,1.4868,1.9716,-9.5385
G,216762925,0.002131,0.003196,0.002131
A,216764109,1.4796,1.9752,-9.5421
G,216765410,0.002131,0.004261,0.000000
A,216766580,1.4796,1.9824,-9.5349
G,216767925,0.004261,0.005326,0.000000
A,216769048,1.4760,1.9896,-9.5313
G,216770421,0.004261,0.005326,0.002131
A,216771519,1.4760,2.0039,-9.5170
G,216772916,0.004261,0.005326,0.003196
A,216773968,1.4724,2.0147,-9.5098
G,216775431,0.004261,0.003196,0.001065
A,216776439,1.4724,2.0183,-9.5062
G,216777927,0.001065,-0.003196,-0.004261
TRK,216777,-0.01488,0.48659,0.86439,0.12584,0.6208,2.0515,-0.6956,0.000,0.000,0.000,1,2
A,216778929,1.4724,2.0147,-9.4990
G,216780412,-0.004261,-0.018109,-0.004261
A,216781400,1.5155,1.9896,-9.4882
G,216782925,-0.007457,-0.039415,-0.005326
A,216783870,1.5730,1.9357,-9.4703
G,216785421,0.001065,-0.074569,-0.013848
A,216786341,1.6556,1.8639,-9.4810
G,216787916,0.030893,-0.118244,-0.047937
A,216788794,1.7885,1.7705,-9.5708
G,216790411,0.078830,-0.169377,-0.110787
A,216791278,1.3216,1.7490,-9.7288
G,216792887,0.138484,-0.202400,-0.197074
A,216793749,0.4956,1.7274,-9.7791
TRK,216792,-0.01428,0.48657,0.86450,0.12525,0.6206,2.0516,-0.6956,-0.004,-0.001,0.001,2,2
G,216795381,0.184291,-0.186421,-0.248207
A,216796202,-0.5243,1.6664,-9.5888
G,216797876,0.203465,-0.154463,-0.223706
A,216798673,-1.3611,1.5335,-9.1147
G,216800363,0.267381,-0.112918,-0.182160
A,216801119,-0.9086,1.3934,-8.8921
G,216802879,0.482565,-0.053263,-0.262055
A,216803596,0.2119,1.4437,-9.0429
G,216805374,0.814927,0.067112,-0.542220
A,216806067,2.2553,1.6915,-9.6678
G,216807870,1.065264,0.217314,-0.870321
A,216808525,4.8734,2.0901,-10.4435
G,216810366,1.062069,0.364320,-1.084439
TRK,216809,-0.01620,0.48257,0.86731,0.12100,0.6206,2.0514,-0.6956,-0.003,-0.011,-0.002,2,2
A,216811014,7.5597,2.5534,-10.8888
G,216812842,0.833037,0.498544,-1.200553
A,216813486,10.2065,2.9377,-10.9247
G,216815349,0.507066,0.609331,-1.379517
A,216815955,11.8585,3.3686,-10.7488
G,216817844,0.142745,0.667921,-1.708684
A,216818446,11.6538,3.8822,-10.2999
G,216820321,-0.297209,0.650877,-2.062352
A,216820917,10.2891,4.3024,-9.3733
G,216822818,-0.787230,0.601874,-2.237055
A,216823378,8.0948,4.5825,-7.9080
G,216825314,-1.139833,0.548611,-2.204032
A,216825870,5.7784,4.7010,-6.0729
G,216827791,-1.112136,0.512392,-2.106028
A,216828341,4.1013,4.6687,-4.4999
G,216830299,-0.634898,0.476173,-2.088983
A,216830814,2.8048,4.6400,-3.7601
G,216832794,0.080960,0.429302,-2.155030
A,216833285,2.1009,4.6902,-4.1875
G,216835282,0.679639,0.351537,-2.242382
A,216835739,1.8352,4.8088,-5.4085
TRK,216832,-0.01737,0.46295,0.87707,0.12696,0.6197,2.0533,-0.6953,-0.038,0.148,-0.010,2,2
G,216837800,0.868190,0.234358,-2.352104
A,216838224,2.0363,4.9955,-6.9348
G,216840295,0.545415,0.069242,-2.486327
A,216840695,2.0470,5.3008,-8.0373
G,216842793,-0.169377,-0.137419,-2.615224
A,216843161,2.1368,5.5737,-8.1415
G,216845289,-0.975782,-0.366451,-2.682336
A,216845632,2.1979,5.8071,-7.3837
G,216847767,-1.511610,-0.583765,-2.705772
A,216848079,2.0722,6.0621,-6.1734
G,216850275,-1.559547,-0.777643,-2.730273
A,216850557,1.9106,6.2704,-5.1535
G,216852770,-1.173921,-0.941694,-2.741991
A,216853028,1.6340,6.4823,-4.8626
G,216855258,-0.622114,-1.102549,-2.667422
A,216855487,1.2965,6.6475,-5.3690
TRK,216852,-0.00973,0.44043,0.88829,0.12985,0.6195,2.0568,-0.6958,0.017,0.212,-0.051,2,2
G,216857777,-0.157659,-1.248490,-2.474609
A,216857977,1.0523,6.6547,-6.4823
G,216860272,0.094809,-1.368865,-2.242382
A,216860448,0.8332,6.6116,-7.9547
G,216862771,0.127832,-1.441303,-2.046373
A,216862919,0.3950,6.4931,-9.3158
G,216865266,-0.005326,-1.469000,-1.856756
A,216865390,0.2334,6.2668,-10.3896
G,216867744,-0.171508,-1.435976,-1.642638
A,216867841,-0.0611,6.0513,-11.1151
G,216870253,-0.246076,-1.337972,-1.476456
A,216870324,-0.3735,5.8215,-11.5173
G,216872748,-0.200270,-1.186705,-1.374191
A,216872795,-0.2945,5.5522,-11.8836
G,216875237,-0.117179,-1.016262,-1.280448
A,216875259,-0.7649,5.4408,-12.2894
TRK,216872,0.00545,0.42428,0.89677,0.12553,0.6205,2.0615,-0.6969,0.088,0.250,-0.039,2,2
A,216877753,-1.2713,5.3403,-12.5336
G,216877756,-0.095874,-0.853277,-1.140898
A,216880224,-1.3791,5.1320,-12.5372
G,216880251,-0.157659,-0.702009,-0.921454
A,216882700,-1.5658,4.8985,-12.3254
G,216882750,-0.224771,-0.556068,-0.637028
A,216885171,-1.7059,4.6579,-12.0668
G,216885245,-0.169377,-0.388821,-0.338754
A,216887627,-1.6269,4.3239,-11.9124
G,216887724,0.060720,-0.188552,-0.115049
A,216890114,-1.5443,3.9828,-11.9734
G,216890233,0.371777,0.010653,0.058590
A,216892585,-1.4006,3.6524,-12.3289
G,216892729,0.635963,0.202400,0.255663
A,216895053,-1.3719,3.3471,-12.7276
G,216895218,0.776578,0.382430,0.432497
TRK,216892,0.01006,0.41995,0.89907,0.12332,0.6229,2.0663,-0.6971,0.146,0.233,0.021,2,2
A,216897551,-1.1528,3.0131,-12.9933
G,216897737,0.748881,0.550742,0.527306
A,216900022,-1.1600,2.7653,-12.9682
G,216900232,0.549676,0.675378,0.617853
A,216902502,-1.3611,2.5283,-12.4690
G,216902732,0.265251,0.752077,0.752077
A,216904973,-1.3180,2.2194,-11.5820
G,216905227,0.054328,0.789361,0.892692
A,216907433,-1.1349,1.8890,-10.6805
G,216907706,0.030893,0.803209,0.988565
A,216909924,-1.0953,1.6125,-10.1131
G,216910216,0.194943,0.794687,1.051416
A,216912395,-0.9266,1.3431,-10.0018
G,216912711,0.435693,0.773382,1.065264
A,216914867,-0.8080,1.1025,-10.2496
G,216915200,0.585895,0.741424,1.030111
A,216917338,-0.8727,0.9373,-10.5836
TRK,216912,0.00150,0.42597,0.89636,0.12285,0.6261,2.0706,-0.6962,0.170,0.194,0.059,2,2
G,216917720,0.516653,0.691357,1.002414
A,216919791,-0.8188,0.7183,-10.6374
G,216920215,0.242880,0.639159,1.029045
A,216922261,-0.6500,0.4956,-10.4220
G,216922701,-0.092678,0.591222,1.078048
A,216924755,-0.6177,0.3053,-10.0341
G,216925211,-0.339819,0.557133,1.079113
A,216927226,-0.5423,0.1221,-9.6247
G,216927706,-0.437824,0.523045,1.038633
A,216929689,-0.5136,-0.0287,-9.3733
G,216930184,-0.418649,0.474043,1.000283
TRK,216930,-0.00418,0.43320,0.89257,0.12503,0.6290,2.0736,-0.6951,0.167,0.152,0.059,2,2
A,216932175,-0.4812,-0.1688,-9.3015
G,216932684,-0.349407,0.402670,0.982174
A,216934646,-0.2729,-0.3304,-9.3805
G,216935179,-0.285491,0.323840,0.967260
A,216937113,0.0395,-0.4812,-9.6319
G,216937659,-0.270577,0.258859,0.921454
A,216939584,0.0790,-0.5638,-9.9371
G,216940170,-0.333428,0.211988,0.856473
A,216942032,0.1975,-0.5997,-10.1742
G,216942665,-0.482565,0.177899,0.801079
A,216944504,-0.0072,-0.5746,-10.0449
G,216945148,-0.691357,0.144876,0.796818
A,216946993,0.0790,-0.6285,-9.4631
G,216947649,-0.861799,0.106526,0.899083
A,216949487,0.3340,-0.7398,-8.5760
G,216950154,-0.829841,0.092678,1.097222
A,216951958,0.8763,-0.9876,-7.7321
TRK,216951,-0.00480,0.44084,0.88804,0.13049,0.6324,2.0763,-0.6940,0.134,0.098,0.039,2,2
G,216952674,-0.462325,0.120375,1.323058
A,216954418,1.5514,-1.3252,-7.4950
G,216955170,0.208792,0.202400,1.498827
A,216956909,2.0865,-1.6987,-8.0517
G,216957670,0.955542,0.304666,1.606419
A,216959381,2.3595,-2.1189,-9.2584
G,216960165,1.482848,0.394148,1.665008
A,216961853,2.3631,-2.5570,-10.6590
G,216962646,1.598962,0.451672,1.685248
A,216964324,2.2984,-3.0275,-11.6933
G,216965141,1.310275,0.478304,1.662878
A,216966797,2.2589,-3.4907,-12.0955
G,216967622,0.798948,0.488956,1.573395
A,216969268,2.3092,-3.8607,-11.9303
G,216970133,0.305731,0.523045,1.372061
A,216971722,2.2482,-4.0402,-11.4383
G,216972628,-0.023436,0.556068,1.039698
A,216974196,2.1763,-4.0546,-10.8529
G,216975109,-0.197074,0.563525,0.658333
TRK,216971,-0.01405,0.45476,0.88161,0.12553,0.6343,2.0779,-0.6934,0.045,0.053,0.037,2,2
A,216976692,1.9142,-3.9002,-10.2783
G,216977610,-0.303600,0.514523,0.341950
A,216979163,1.7992,-3.7350,-9.7217
G,216980105,-0.377104,0.432497,0.142745
A,216981629,1.7454,-3.5877,-9.2261
G,216982576,-0.380299,0.353668,0.008522
A,216984100,1.8100,-3.4692,-8.9280
G,216985089,-0.283360,0.305731,-0.133158
A,216986557,1.7849,-3.3363,-8.8921
G,216987584,-0.134223,0.297209,-0.297209
A,216989046,1.7561,-3.1927,-9.0357
G,216990076,-0.028762,0.311057,-0.460194
A,216991517,1.8280,-3.0562,-9.1542
G,216992571,-0.025566,0.331297,-0.597613
A,216993986,1.9680,-2.9054,-9.1794
G,216995043,-0.094809,0.361125,-0.733967
A,216996457,2.1404,-2.7186,-9.0429
TRK,216991,-0.01621,0.45367,0.88160,0.12922,0.6342,2.0784,-0.6928,-0.050,-0.001,0.015,2,2
G,216997546,-0.167247,0.401605,-0.898018
A,216998907,2.3559,-2.5031,-8.7951
G,217000041,-0.209857,0.432497,-1.075917
A,217001389,2.5211,-2.2266,-8.4970
G,217002524,-0.224771,0.443150,-1.234641
A,217003860,2.7186,-1.9429,-8.1702
G,217005038,-0.203465,0.444215,-1.364604
A,217006323,2.9592,-1.6520,-7.8829
G,217007533,-0.131028,0.450607,-1.489240
A,217008803,3.0957,-1.3575,-7.7177
G,217010013,-0.023436,0.448476,-1.619202
A,217011274,3.0957,-1.0523,-7.6818
G,217012516,0.076699,0.431432,-1.737446
A,217013728,2.9808,-0.7793,-7.7357
G,217015012,0.144876,0.401605,-1.824798
TRK,217014,-0.01776,0.43957,0.88820,0.13253,0.6321,2.0780,-0.6929,-0.135,-0.024,-0.026,2,2
A,217016213,2.8084,-0.5387,-7.7931
G,217017495,0.196009,0.383495,-1.880192
A,217018684,2.6145,-0.3304,-7.8254
G,217020009,0.268447,0.392017,-1.931324
A,217021150,2.4277,-0.1472,-7.8650
G,217022504,0.383495,0.430367,-1.993110
A,217023621,2.2230,0.0611,-7.9332
G,217024998,0.528371,0.488956,-2.060221
A,217026068,2.0219,0.2729,-8.0553
G,217027493,0.671117,0.550742,-2.111354
A,217028546,2.1907,0.4992,-8.3498
G,217029967,0.787230,0.607201,-2.142247
A,217031018,2.4205,0.7578,-8.7915
G,217032460,0.846885,0.634898,-2.194445
A,217033466,2.8156,1.0415,-9.4487
TRK,217033,-0.02107,0.42277,0.89652,0.13066,0.6290,2.0775,-0.6938,-0.175,-0.026,-0.055,2,2
G,217034975,0.818123,0.627441,-2.294580
A,217035936,3.1639,1.3396,-10.2424
G,217037493,0.673247,0.576308,-2.439456
A,217038410,3.0706,1.6771,-10.9786
G,217039988,0.412257,0.484695,-2.606702
A,217040889,2.8156,2.0004,-11.5532
G,217042460,0.068177,0.349407,-2.755839
A,217043360,2.3559,2.3164,-11.8405
G,217044954,-0.292948,0.173638,-2.876214
A,217045813,1.7490,2.6468,-11.9088
G,217047449,-0.580569,-0.001065,-2.962500
A,217048296,1.1779,2.9844,-11.8764
G,217049924,-0.735032,-0.121440,-3.027481
A,217050767,0.5531,3.3722,-11.8728
G,217052416,-0.760599,-0.145941,-3.066896
A,217053218,-0.0431,3.7924,-11.9590
TRK,217053,-0.01931,0.39742,0.90778,0.13274,0.6253,2.0770,-0.6945,-0.178,-0.025,-0.013,2,2
G,217054932,-0.721184,-0.071373,-3.042395
A,217055694,-0.5531,4.2593,-12.0847
G,217057427,-0.680704,0.079895,-2.945456
A,217058165,-0.9768,4.7297,-12.1135
G,217059922,-0.662594,0.288687,-2.778210
A,217060621,-1.1564,5.1822,-11.9447
G,217062417,-0.630637,0.535828,-2.550243
A,217063108,-1.0882,5.5917,-11.5712
G,217064893,-0.525175,0.796818,-2.284992
A,217065579,-0.7937,5.9472,-11.1187
G,217067386,-0.312122,1.033306,-2.011219
A,217068035,-0.3268,6.2345,-10.7560
G,217069902,-0.014914,1.216532,-1.755556
A,217070513,0.2191,6.4679,-10.6482
G,217072397,0.287621,1.336907,-1.519067
TRK,217071,-0.02027,0.37482,0.91634,0.13937,0.6228,2.0765,-0.6943,-0.117,-0.022,0.028,2,2
A,217073009,0.6752,6.6511,-10.8134
G,217074880,0.506001,1.407214,-1.302818
A,217075481,1.1133,6.7732,-11.1582
G,217077386,0.583765,1.448759,-1.105744
A,217077950,1.3827,6.8558,-11.5101
G,217079881,0.513457,1.476456,-0.924649
A,217080438,1.4904,6.8989,-11.6789
G,217082354,0.347276,1.496696,-0.743555
A,217082909,1.4293,6.8881,-11.5317
G,217084847,0.183225,1.524393,-0.551807
A,217085367,1.2354,6.8091,-11.1187
G,217087342,0.124636,1.573395,-0.350472
A,217087859,0.9589,6.6798,-10.6518
G,217089819,0.220510,1.655421,-0.148072
A,217090330,0.5854,6.5110,-10.3070
G,217092326,0.422910,1.754490,0.057524
A,217092803,0.2442,6.3135,-10.1957
G,217094822,0.624245,1.853560,0.283360
A,217095274,-0.0826,6.1052,-10.2460
TRK,217090,-0.03243,0.36681,0.91888,0.14159,0.6211,2.0765,-0.6932,-0.053,0.024,0.080,2,2
G,217097309,0.748881,1.941977,0.535828
A,217097728,-0.2263,5.8143,-10.2783
G,217099827,0.797883,2.016546,0.793622
A,217100213,-0.1832,5.4947,-10.2639
G,217102322,0.829841,2.090049,1.004544
A,217102684,-0.0072,5.1607,-10.2208
G,217104819,0.867125,2.162487,1.154747
A,217105150,0.2622,4.8339,-10.1957
G,217107335,0.883104,2.226403,1.263404
A,217107635,0.4812,4.5430,-10.1885
G,217109830,0.823449,2.261556,1.364604
A,217110106,0.6967,4.2665,-10.0808
G,217112317,0.686030,2.261556,1.478587
A,217112564,0.9014,3.9720,-9.7935
TRK,217113,-0.05797,0.37195,0.91549,0.14203,0.6207,2.0773,-0.6912,0.017,0.040,0.104,2,2
G,217114834,0.526241,2.226403,1.600027
A,217115052,1.0953,3.6667,-9.3087
G,217117330,0.432497,2.176335,1.718271
A,217117523,1.3970,3.3291,-8.7843
G,217119827,0.467651,2.114550,1.809884
A,217119992,1.6269,2.9916,-8.3857
G,217122322,0.618919,2.059156,1.855690
A,217122464,1.8531,2.6576,-8.2636
G,217124800,0.794687,2.011219,1.868474
A,217124914,1.9393,2.3308,-8.4036
G,217127307,0.880974,1.970739,1.864213
A,217127395,1.9680,2.0004,-8.6514
G,217129803,0.823449,1.929194,1.869539
A,217129866,1.8711,1.6807,-8.8059
G,217132290,0.654072,1.876996,1.873800
A,217132329,1.8208,1.3324,-8.7089
TRK,217129,-0.07869,0.38308,0.90923,0.14264,0.6212,2.0781,-0.6894,0.033,0.044,0.093,2,2
G,217134808,0.465521,1.819471,1.878061
A,217134821,1.8531,0.9948,-8.3821
A,217137293,1.8962,0.6859,-7.9691
G,217137303,0.354733,1.760882,1.858886
A,217139767,2.0039,0.4058,-7.5992
G,217139801,0.357929,1.703358,1.806688
A,217142238,2.1727,0.1652,-7.4232
G,217142297,0.428236,1.633050,1.719337
A,217144692,2.2984,-0.0180,-7.4520
G,217144774,0.484695,1.540372,1.620267
A,217147178,2.4493,-0.1652,-7.5776
G,217147282,0.468716,1.430650,1.518002
A,217149649,2.5606,-0.3017,-7.6674
G,217149778,0.360059,1.308145,1.408279
A,217152116,2.6073,-0.3950,-7.6459
G,217152266,0.177899,1.179248,1.292166
TRK,217149,-0.09745,0.39558,0.90190,0.14349,0.6218,2.0788,-0.6879,0.017,0.026,0.058,2,2
A,217154613,2.6145,-0.4920,-7.4304
G,217154784,-0.027697,1.036502,1.181378
A,217157084,2.6647,-0.5818,-7.1000
G,217157279,-0.190682,0.884169,1.076982
A,217159562,2.8048,-0.6500,-6.8055
G,217159778,-0.268447,0.715858,0.965129
A,217162033,3.0957,-0.6716,-6.6619
G,217162273,-0.260990,0.545415,0.829841
A,217164492,3.3076,-0.6572,-6.7014
G,217164751,-0.213053,0.374973,0.678573
A,217166982,3.4872,-0.6249,-6.8630
G,217167260,-0.187487,0.207727,0.527306
A,217169453,3.4441,-0.5674,-7.0282
G,217169755,-0.211988,0.041545,0.399474
A,217171923,3.3112,-0.5531,-7.1144
G,217172244,-0.259925,-0.105461,0.305731
A,217174394,3.1137,-0.5423,-7.1287
TRK,217169,-0.10351,0.40239,0.89773,0.14647,0.6218,2.0791,-0.6872,-0.021,0.012,0.009,2,2
G,217174763,-0.266316,-0.217314,0.249272
A,217176846,3.0347,-0.5890,-7.1718
G,217177258,-0.198139,-0.291882,0.215183
A,217179329,3.0059,-0.6033,-7.3622
G,217179756,-0.070307,-0.331297,0.168312
A,217181800,3.0203,-0.5782,-7.7357
G,217182252,0.050067,-0.353668,0.071373
A,217184264,2.9377,-0.4920,-8.1271
G,217184731,0.067112,-0.390952,-0.063916
A,217186758,2.8551,-0.3843,-8.3318
G,217187240,-0.070307,-0.480434,-0.193878
A,217189229,2.7689,-0.2801,-8.2456
G,217189735,-0.295078,-0.610397,-0.294013
A,217191704,2.5786,-0.1832,-7.9799
G,217192224,-0.451672,-0.744620,-0.393083
A,217194175,2.4672,-0.0970,-7.7464
TRK,217189,-0.09974,0.40330,0.89778,0.14623,0.6210,2.0792,-0.6875,-0.058,-0.005,-0.027,2,2
G,217194743,-0.447411,-0.857538,-0.512392
A,217196631,2.3236,0.0251,-7.7464
G,217197238,-0.317449,-0.951281,-0.631702
A,217199105,2.3415,0.1616,-8.0302
G,217199724,-0.168312,-1.020523,-0.721184
A,217201576,2.4924,0.3196,-8.5006
G,217202233,-0.072438,-1.042894,-0.786165
A,217204024,2.7007,0.5136,-9.0070
G,217204729,-0.067112,-1.023719,-0.854342
A,217206494,2.8479,0.7434,-9.3769
G,217207208,-0.177899,-1.000283,-0.915062
A,217208984,2.7833,0.9732,-9.4487
G,217209708,-0.378169,-1.005610,-0.943824
A,217211455,2.6468,1.1887,-9.2153
G,217212203,-0.566721,-1.037567,-0.940628
A,217213925,2.5570,1.3467,-8.8490
G,217214683,-0.621049,-1.079113,-0.932106
A,217216396,2.5570,1.5155,-8.6191
TRK,217211,-0.08721,0.39740,0.90180,0.14568,0.6194,2.0788,-0.6884,-0.079,-0.024,-0.049,2,2
G,217217193,-0.498544,-1.112136,-0.952346
A,217218848,2.6252,1.7023,-8.7484
G,217219688,-0.272708,-1.127050,-1.008805
A,217221332,2.6468,1.9393,-9.2045
G,217222180,-0.085221,-1.122789,-1.080178
A,217223803,2.5067,2.2087,-9.7504
G,217224675,-0.061785,-1.113201,-1.128115
A,217226267,2.3882,2.4421,-10.0808
G,217227145,-0.226901,-1.120658,-1.113201
A,217228761,2.2984,2.6324,-10.0521
G,217229646,-0.466586,-1.134507,-1.046090
A,217231232,2.2553,2.7761,-9.7504
G,217232141,-0.608266,-1.127050,-0.977913
A,217233707,2.2015,2.9305,-9.3948
G,217234622,-0.561394,-1.081243,-0.944889
A,217236178,2.0578,3.0885,-9.1722
TRK,217231,-0.07404,0.38977,0.90634,0.14537,0.6178,2.0784,-0.6894,-0.076,-0.024,-0.047,2,2
G,217237133,-0.380299,-1.033306,-0.919323
A,217238634,1.9357,3.2358,-9.1758
G,217239628,-0.177899,-1.008805,-0.853277
A,217241107,1.8064,3.3722,-9.3805
G,217242106,-0.022371,-0.998153,-0.753142
A,217243578,1.8890,3.4584,-9.7001
G,217244608,0.069242,-0.973652,-0.659399
A,217246026,2.0542,3.5410,-10.0413
G,217247103,0.082025,-0.928910,-0.588026
A,217248496,2.1943,3.6380,-10.2963
G,217249575,0.007457,-0.890561,-0.532632
TRK,217249,-0.06461,0.38496,0.90940,0.14364,0.6167,2.0780,-0.6902,-0.057,-0.015,-0.039,2,2
A,217250986,2.4241,3.7062,-10.3430
G,217252068,-0.121440,-0.868190,-0.479369
A,217253457,2.6324,3.7781,-10.2244
G,217254563,-0.230097,-0.846885,-0.434628
A,217255927,2.6935,3.8571,-10.0054
G,217257035,-0.264186,-0.813862,-0.403735
A,217258398,2.7725,3.9253,-9.7935
G,217259538,-0.230097,-0.775512,-0.381365
A,217260850,2.6899,4.0330,-9.6965
G,217262034,-0.171508,-0.747816,-0.351537
A,217263326,2.6683,4.1120,-9.6642
G,217264510,-0.128897,-0.731837,-0.295078
A,217265819,2.7150,4.1803,-9.7217
G,217267003,-0.102265,-0.699879,-0.215183
A,217268316,2.8156,4.2341,-9.8114
G,217269501,-0.076699,-0.642354,-0.124636
A,217270787,3.0023,4.2413,-9.9084
TRK,217270,-0.05635,0.38285,0.91102,0.14245,0.6156,2.0780,-0.6908,-0.036,0.018,-0.016,2,2
G,217272014,-0.042611,-0.563525,-0.030893
A,217273250,2.9772,4.2377,-9.9730
G,217274509,0.000000,-0.480434,0.067112
A,217275722,2.8695,4.1659,-9.9802
G,217277003,0.046872,-0.406931,0.171508
A,217278167,2.5786,4.0761,-9.9695
G,217279498,0.102265,-0.333428,0.266316
A,217280643,2.2410,3.9217,-9.9479
G,217281972,0.159790,-0.274838,0.340885
A,217283114,1.9285,3.7745,-9.9695
G,217284472,0.213053,-0.225836,0.397344
A,217285567,1.7238,3.5949,-10.0485
G,217286967,0.252468,-0.188552,0.453803
A,217288055,1.6089,3.4189,-10.1418
G,217289452,0.276969,-0.145941,0.514523
A,217290526,1.6233,3.2178,-10.2496
G,217291966,0.290817,-0.099070,0.578439
A,217292995,1.6700,3.0239,-10.3860
G,217294461,0.306796,-0.042611,0.628506
A,217295466,1.7274,2.8371,-10.5405
TRK,217290,-0.05403,0.38546,0.91045,0.13995,0.6151,2.0786,-0.6909,-0.014,0.038,0.004,2,2
G,217296956,0.328101,0.029827,0.666856
A,217297917,1.7346,2.6647,-10.6877
G,217299451,0.339819,0.115049,0.705205
A,217300398,1.7705,2.4816,-10.7955
G,217301926,0.329167,0.193878,0.761664
A,217302869,1.8244,2.2841,-10.8457
G,217304431,0.311057,0.258859,0.823449
A,217305332,1.9106,2.0830,-10.8709
G,217306927,0.314253,0.321710,0.856473
A,217307824,2.0506,1.8675,-10.9247
G,217309412,0.335558,0.385626,0.853277
A,217310295,2.1404,1.6807,-11.0325
TRK,217310,-0.05738,0.39150,0.90808,0.13724,0.6150,2.0794,-0.6905,-0.007,0.032,0.031,2,2
G,217311927,0.348341,0.444215,0.830906
A,217312769,2.2446,1.4976,-11.2085
G,217314422,0.335558,0.498544,0.802144
A,217315240,2.2841,1.3539,-11.3988
G,217316918,0.297209,0.564590,0.755272
A,217317695,2.2374,1.2462,-11.5173
G,217319413,0.231162,0.650877,0.695618
A,217320181,2.1691,1.1708,-11.4527
G,217321889,0.147006,0.752077,0.651942
A,217322652,2.0506,1.1241,-11.1546
G,217324381,0.084156,0.859668,0.645550
A,217325105,2.0470,1.0738,-10.6554
G,217326876,0.092678,0.973652,0.671117
A,217327576,2.1296,1.0235,-10.0952
G,217329363,0.175769,1.073786,0.693487
A,217330024,2.3056,0.9804,-9.6391
TRK,217330,-0.06557,0.39662,0.90521,0.13776,0.6147,2.0798,-0.6896,-0.018,0.014,0.056,2,2
G,217331879,0.278034,1.132376,0.694552
A,217332503,2.5067,0.9589,-9.3302
G,217334374,0.323840,1.139833,0.661529
A,217334974,2.6863,0.9876,-9.1435
G,217336870,0.270577,1.113201,0.608266
A,217337434,2.8048,1.0630,-8.9711
G,217339366,0.102265,1.045024,0.547546
A,217339925,2.8192,1.1779,-8.6191
G,217341842,-0.152333,0.917193,0.502805
A,217342396,2.6971,1.3036,-8.0697
G,217344336,-0.410127,0.719053,0.479369
A,217344855,2.2446,1.4078,-7.2903
G,217346831,-0.559264,0.475108,0.468716
A,217347326,1.6592,1.4473,-6.4536
G,217349319,-0.526241,0.210922,0.477238
A,217349779,0.9014,1.4293,-5.7820
TRK,217350,-0.07342,0.40028,0.90242,0.14152,0.6142,2.0801,-0.6887,-0.028,0.012,0.027,2,2
G,217351836,-0.317449,-0.049002,0.503870
A,217352263,0.2155,1.3360,-5.4731
G,217354331,0.010653,-0.258859,0.547546
A,217354734,-0.1832,1.1959,-5.6455
G,217356828,0.352602,-0.368581,0.581634
A,217357199,-0.2550,1.0666,-6.2022
G,217359323,0.572047,-0.377104,0.597613
A,217359670,0.1365,0.9481,-6.8989
G,217361801,0.559264,-0.354733,0.592287
A,217362117,0.9804,0.8763,-7.4520
G,217364300,0.319579,-0.368581,0.551807
A,217364586,2.0075,0.8763,-7.6602
G,217366796,-0.026632,-0.426106,0.459129
A,217367057,3.0454,0.9481,-7.5058
G,217369283,-0.345146,-0.519849,0.329167
A,217369515,3.7888,1.0882,-7.0749
G,217371801,-0.567786,-0.674312,0.218379
A,217372004,4.1767,1.2282,-6.5182
G,217374297,-0.663660,-0.903344,0.158724
A,217374476,4.1803,1.3324,-6.0801
G,217376772,-0.609331,-1.167530,0.131028
A,217376923,3.8283,1.3755,-5.9616
TRK,217373,-0.06905,0.40583,0.90066,0.13912,0.6136,2.0801,-0.6890,-0.035,0.010,-0.044,2,2
G,217379280,-0.422910,-1.399758,0.103331
A,217379404,3.1783,1.3862,-6.2991
G,217381775,-0.216249,-1.564873,0.087352
A,217381875,2.2769,1.3719,-6.9923
G,217384264,-0.119310,-1.687379,0.115049
A,217384338,1.4150,1.3144,-7.7824
G,217386782,-0.170442,-1.788579,0.190682
A,217386830,0.7973,1.2067,-8.4611
G,217389277,-0.280165,-1.855690,0.262055
A,217389301,0.3591,1.0953,-8.9172
A,217391775,0.3089,0.9697,-9.2153
G,217391776,-0.344080,-1.873800,0.287621
A,217394246,0.3627,0.9158,-9.4415
G,217394271,-0.336624,-1.867408,0.273773
TRK,217389,-0.05748,0.40842,0.90073,0.13630,0.6130,2.0804,-0.6899,-0.040,0.010,-0.074,2,2
A,217396701,0.6393,0.8691,-9.6570
G,217396749,-0.294013,-1.868474,0.247141
A,217399187,1.0523,0.8727,-9.9623
G,217399259,-0.258859,-1.898301,0.219444
A,217401658,1.4868,0.9409,-10.3681
G,217401754,-0.247141,-1.918541,0.159790
A,217404125,1.8280,1.0846,-10.7883
G,217404243,-0.297209,-1.922802,0.074569
A,217406610,2.0794,1.2534,-11.0145
G,217406750,-0.441019,-1.911084,-0.011718
A,217409081,2.1153,1.4222,-10.8745
G,217409245,-0.653007,-1.902562,-0.057524
A,217411539,2.1943,1.5443,-10.4256
G,217411724,-0.818123,-1.887648,-0.059655
A,217414010,2.2158,1.6305,-9.9192
G,217414219,-0.815992,-1.863147,-0.053263
TRK,217408,-0.03896,0.41221,0.90068,0.13171,0.6122,2.0803,-0.6914,-0.045,-0.015,-0.067,2,2
A,217416469,2.3128,1.7274,-9.6534
G,217416698,-0.628506,-1.832255,-0.063916
A,217418961,2.3990,1.8423,-9.8114
G,217419210,-0.350472,-1.799232,-0.088417
A,217421432,2.4744,1.9609,-10.2963
G,217421705,-0.128897,-1.756621,-0.101200
A,217423903,2.5067,2.0830,-10.8206
G,217424195,-0.073503,-1.696966,-0.088417
A,217426393,2.4816,2.1620,-11.0864
G,217426703,-0.202400,-1.637311,-0.049002
A,217428864,2.4421,2.1943,-10.9607
G,217429198,-0.425040,-1.590440,0.002131
A,217431326,2.3056,2.1620,-10.4794
G,217431678,-0.584830,-1.551025,0.042611
A,217433797,2.0686,2.1296,-9.9371
G,217434173,-0.560329,-1.505219,0.068177
TRK,217428,-0.02110,0.41381,0.90102,0.12837,0.6112,2.0800,-0.6926,-0.060,-0.010,-0.048,2,2
A,217436261,1.8854,2.0542,-9.6355
G,217436653,-0.348341,-1.448759,0.079895
A,217438757,1.6017,2.0758,-9.7217
G,217439165,-0.058590,-1.388040,0.085221
A,217441228,1.5227,2.0506,-10.0521
G,217441660,0.152333,-1.331581,0.088417
A,217443703,1.4724,2.0614,-10.4220
G,217444151,0.185356,-1.284709,0.093743
A,217446196,1.4617,2.0650,-10.6159
G,217446660,0.052198,-1.251686,0.093743
A,217448667,1.5083,2.0399,-10.4866
G,217449155,-0.143811,-1.219728,0.084156
A,217451134,1.4868,2.0291,-10.1167
G,217451636,-0.294013,-1.187770,0.069242
A,217453605,1.5335,2.0255,-9.6426
G,217454131,-0.341950,-1.161138,0.058590
TRK,217448,-0.00799,0.41604,0.90079,0.12416,0.6099,2.0799,-0.6934,-0.068,-0.007,-0.034,2,2
A,217456072,1.7669,1.9716,-9.1937
G,217456612,-0.281230,-1.147290,0.052198
A,217458543,2.0578,1.9285,-9.1040
G,217459124,-0.142745,-1.137702,0.030893
A,217460993,2.3415,1.9573,-9.6031
G,217461620,0.005326,-1.129180,-0.046872
A,217463473,2.4169,2.0901,-10.6482
G,217464111,0.047937,-1.094026,-0.170442
A,217465969,2.2446,2.3308,-11.9159
G,217466619,-0.121440,-1.008805,-0.281230
A,217468441,1.7813,2.6432,-12.8317
G,217469114,-0.516653,-0.855407,-0.290817
A,217470911,1.0774,2.9161,-12.8748
G,217471596,-0.984304,-0.681769,-0.188552
A,217473382,0.3699,3.0167,-11.9195
G,217474091,-1.254882,-0.529436,-0.009587
TRK,217468,0.00296,0.41647,0.90099,0.12149,0.6085,2.0798,-0.6940,-0.082,0.003,-0.016,2,2
A,217475854,-0.0539,2.8946,-10.5010
G,217476573,-1.072721,-0.413323,0.198139
A,217478343,-0.1329,2.6504,-9.5780
G,217479072,-0.357929,-0.298274,0.344080
A,217480814,0.0682,2.3954,-9.9084
G,217481594,0.654072,-0.167247,0.330232
A,217483278,0.2622,2.3020,-11.5640
G,217484089,1.455151,-0.013848,0.165116
A,217485762,0.3304,2.4062,-13.7152
G,217486581,1.549960,0.166181,0.001065
A,217488233,0.2801,2.5893,-15.0476
G,217489093,0.826645,0.360059,-0.020240
A,217490688,0.4956,2.7043,-14.6453
G,217491589,-0.318514,0.546481,0.106526
A,217493174,0.8978,2.7545,-12.6342
G,217494081,-1.222924,0.704140,0.263120
A,217495645,1.3791,2.7833,-9.9623
TRK,217491,0.00392,0.41740,0.90071,0.12040,0.6068,2.0797,-0.6939,-0.072,-0.014,0.042,2,2
G,217496603,-1.388040,0.831971,0.339819
A,217498111,1.7274,2.8730,-7.8039
G,217499098,-0.778708,0.935302,0.315318
A,217500583,1.8747,3.0131,-6.8881
G,217501599,0.200270,0.996022,0.262055
A,217503030,1.9070,3.1603,-7.2365
G,217504094,1.009871,1.001348,0.256729
A,217505509,1.9357,3.2178,-8.2672
G,217506576,1.299623,0.942759,0.321710
A,217507980,2.0147,3.1819,-9.2512
G,217509088,1.047155,0.843689,0.410127
A,217510440,2.0901,3.0562,-9.6247
G,217511583,0.485761,0.737163,0.471912
A,217512931,2.1656,2.8838,-9.2584
G,217514075,-0.057524,0.645550,0.481499
A,217515402,2.1512,2.7186,-8.4036
G,217516587,-0.333428,0.570982,0.446346
A,217517862,2.0435,2.5965,-7.5525
G,217519082,-0.271642,0.502805,0.381365
TRK,217514,-0.00523,0.41941,0.89931,0.12375,0.6051,2.0797,-0.6928,-0.069,0.016,0.034,2,2
A,217520344,1.8603,2.5283,-7.1144
G,217521564,0.005326,0.428236,0.312122
A,217522815,1.6376,2.5103,-7.2221
STAT,404.9,400.9,0,0,0,2.1106,69.838,0.4774,0.8404,1.7612,9.8300,10.75,0.000
G,217524071,0.279099,0.344080,0.266316
A,217525273,1.4724,2.4960,-7.7105
G,217526566,0.386691,0.252468,0.262055
A,217527767,1.4365,2.4672,-8.2851
G,217529058,0.305731,0.169377,0.285491
A,217530238,1.4832,2.4026,-8.6981
G,217531553,0.125701,0.101200,0.315318
A,217532713,1.5838,2.3020,-8.8526
G,217534026,-0.028762,0.050067,0.332363
A,217535184,1.6556,2.1584,-8.8131
TRK,217530,-0.00832,0.42136,0.89828,0.12443,0.6040,2.0801,-0.6925,-0.067,0.031,0.011,2,2
G,217536529,-0.071373,0.008522,0.337689
A,217537640,1.6807,2.0004,-8.7700
G,217539051,0.022371,-0.022371,0.320645
A,217540115,1.6735,1.8459,-8.8957
G,217541546,0.197074,-0.041545,0.279099
A,217542586,1.6089,1.7274,-9.2656
G,217544039,0.347276,-0.049002,0.221575
A,217545034,1.4904,1.6412,-9.7504
G,217546549,0.373908,-0.046872,0.174703
A,217547501,1.3862,1.5694,-10.1311
G,217549045,0.257794,-0.036219,0.157659
A,217947904,1.2498,1.8926,-9.5565
G,217948293,-0.021305,-0.001065,-0.020240
TRK,217952,-0.00404,0.41733,0.90044,0.12255,0.6602,2.0599,-0.6954,0.000,0.000,0.000,1,3
A,218197517,1.2498,2.0614,-9.4846
G,218197980,-0.010653,0.004261,-0.011718
A,218199988,1.2426,2.0650,-9.4918
G,218200476,-0.005326,0.001065,-0.009587
A,218202466,1.2354,2.0794,-9.5062
G,218202968,0.002131,-0.001065,-0.009587
A,218204938,1.2318,2.0901,-9.5277
G,218205463,0.006392,-0.006392,-0.012783
A,218207399,1.2282,2.0973,-9.5457
G,218207938,0.004261,-0.009587,-0.011718
A,218209891,1.2282,2.1009,-9.5529
G,218210443,0.001065,-0.008522,-0.009587
A,218212362,1.2282,2.0937,-9.5529
G,218212958,0.001065,-0.003196,-0.003196
A,218214814,1.2282,2.0901,-9.5529
G,218215453,0.006392,0.003196,0.002131
A,218217297,1.2318,2.0830,-9.5565
G,218217948,0.013848,0.007457,0.004261
A,218219768,1.2318,2.0865,-9.5672
G,218220443,0.019175,0.008522,0.005326
TRK,218215,-0.01179,0.41824,0.90011,0.12139,0.6602,2.0599,-0.6954,0.000,0.000,0.000,1,3
A,218222232,1.2282,2.0901,-9.5780
G,218222918,0.020240,0.009587,0.007457
A,218224703,1.2246,2.0865,-9.5780
G,218225413,0.018109,0.012783,0.011718
A,218227169,1.2210,2.0794,-9.5708
G,218227889,0.014914,0.015979,0.015979
A,218229665,1.2246,2.0542,-9.5565
G,218230395,0.012783,0.017044,0.019175
A,218232136,1.2246,2.0399,-9.5385
G,218232910,0.014914,0.014914,0.017044
A,218234593,1.2282,2.0183,-9.5313
G,218235406,0.018109,0.010653,0.015979
A,218237076,1.2318,2.0147,-9.5313
G,218237896,0.020240,0.008522,0.014914
A,218239547,1.2318,2.0147,-9.5349
G,218240391,0.019175,0.009587,0.013848
A,218242015,1.2462,2.0147,-9.5385
G,218242867,0.014914,0.008522,0.011718
A,218244486,1.2498,2.0183,-9.5385
G,218245374,0.009587,0.007457,0.008522
A,218246936,1.2534,2.0147,-9.5313
G,218247869,0.007457,0.007457,0.007457
A,218249409,1.2570,2.0111,-9.5349
G,218250347,0.010653,0.010653,0.007457
TRK,218243,-0.01224,0.41830,0.90010,0.12125,0.6602,2.0599,-0.6954,0.000,0.000,0.000,1,3
A,218251900,1.2570,2.0039,-9.5421
G,218252844,0.012783,0.011718,0.007457
A,218254371,1.2570,1.9968,-9.5493
G,218255339,0.011718,0.009587,0.006392
A,218256843,1.2570,1.9932,-9.5565
G,218257816,0.008522,0.006392,0.002131
A,218259314,1.2498,1.9896,-9.5529
G,218260323,0.005326,0.002131,0.000000
A,218261768,1.2498,1.9968,-9.5385
G,218262818,0.003196,0.001065,-0.001065
A,218264252,1.2462,2.0004,-9.5313
G,218265306,0.003196,0.001065,-0.001065
A,218266723,1.2390,2.0075,-9.5205
G,218267818,0.003196,0.004261,-0.003196
A,218269182,1.2318,2.0111,-9.5170
G,218270313,0.003196,0.005326,-0.003196
A,218271654,1.2246,2.0075,-9.5134
TRK,218266,-0.01233,0.41831,0.90009,0.12126,0.6602,2.0599,-0.6954,0.000,0.000,0.000,1,3
G,218272810,0.002131,0.003196,-0.005326
A,218274100,1.2210,2.0147,-9.5098
G,218275306,0.001065,0.000000,-0.005326
A,218276578,1.2210,2.0219,-9.5026
G,218277783,-0.001065,-0.002131,-0.006392
A,218279049,1.2246,2.0255,-9.4990
G,218280291,-0.003196,0.000000,-0.004261
A,218281507,1.2246,2.0291,-9.5062
G,218282787,-0.007457,0.002131,-0.006392
A,218283997,1.2282,2.0291,-9.5170
G,218285275,-0.008522,0.004261,-0.008522
A,218286468,1.2282,2.0327,-9.5313
G,218287782,-0.007457,0.003196,-0.010653
A,218288927,1.2246,2.0327,-9.5421
G,218290277,-0.007457,0.002131,-0.011718
A,218291398,1.2210,2.0470,-9.5421
G,218292775,-0.009587,0.000000,-0.012783
A,218293850,1.2210,2.0506,-9.5421
G,218295271,-0.010653,0.000000,-0.011718
TRK,218290,-0.01229,0.41829,0.90008,0.12138,0.6602,2.0599,-0.6954,0.000,0.000,0.000,1,3
A,218296333,1.2210,2.0542,-9.5313
G,218297749,-0.009587,0.001065,-0.011718
A,218298804,1.2210,2.0506,-9.5277
G,218300258,-0.006392,0.003196,-0.011718
A,218301267,1.2246,2.0470,-9.5277
G,218302753,-0.004261,0.004261,-0.012783
A,218303738,1.2246,2.0470,-9.5277
G,218305242,-0.004261,0.003196,-0.012783
A,218306183,1.2318,2.0506,-9.5313
G,218307737,-0.006392,0.003196,-0.008522
A,218308669,1.2354,2.0578,-9.5313
G,218310216,-0.005326,0.004261,-0.003196
A,218311140,1.2354,2.0578,-9.5313
TRK,218306,-0.01221,0.41828,0.90008,0.12146,0.6602,2.0599,-0.6954,0.000,0.000,0.000,1,3
G,218312709,-0.002131,0.005326,0.002131
A,218313591,1.2426,2.0650,-9.5349
G,218315205,0.000000,0.005326,0.003196
A,218316070,1.2426,2.0614,-9.5385
G,218317675,0.003196,0.003196,0.005326
A,218318541,1.2462,2.0614,-9.5421
G,218320185,0.005326,0.002131,0.006392
A,218321009,1.2462,2.0614,-9.5457
G,218322680,0.007457,0.003196,0.009587
A,218323480,1.2426,2.0542,-9.5493
TRK,218322,-0.01228,0.41829,0.90008,0.12143,0.6602,2.0599,-0.6954,0.000,0.000,0.000,1,3
G,218325170,0.008522,0.004261,0.007457
A,218325930,1.2390,2.0542,-9.5457
G,218327665,0.007457,0.004261,0.004261
A,218328410,1.2390,2.0506,-9.5457
G,218330135,0.006392,0.002131,0.002131
A,218330881,1.2462,2.0470,-9.5385
G,218332646,0.007457,0.002131,0.002131
A,218333353,1.2534,2.0327,-9.5421
G,218335142,0.009587,0.003196,0.004261
A,218335825,1.2605,2.0255,-9.5421
TRK,218335,-0.01234,0.41830,0.90008,0.12137,0.6602,2.0599,-0.6954,0.000,0.000,0.000,1,3
G,218337642,0.011718,0.005326,0.008522
A,218338288,1.2677,2.0147,-9.5457
G,218340138,0.012783,0.007457,0.008522
A,218340781,1.2713,2.0183,-9.5493
G,218342619,0.011718,0.008522,0.008522
A,218343252,1.2713,2.0183,-9.5565
G,218345130,0.009587,0.006392,0.006392
A,218345727,1.2677,2.0183,-9.5529
G,218347625,0.007457,0.003196,0.006392
A,218348198,1.2605,2.0147,-9.5529
G,218350117,0.005326,0.003196,0.007457
A,218350654,1.2534,2.0075,-9.5457
G,218352612,0.004261,0.004261,0.007457
A,218353125,1.2498,2.0075,-9.5421
G,218355099,0.003196,0.006392,0.006392
A,218355578,1.2498,2.0075,-9.5457
G,218357613,0.003196,0.006392,0.004261
A,218358058,1.2570,2.0111,-9.5421
G,218360108,0.004261,0.006392,0.003196
A,218360529,1.2534,2.0111,-9.5385
TRK,218356,-0.01247,0.41832,0.90008,0.12132,0.6602,2.0599,-0.6954,0.000,0.000,0.000,1,3
G,218362590,0.004261,0.007457,0.002131
A,218362978,1.2462,2.0075,-9.5313
G,218365102,0.003196,0.007457,0.001065
A,218365458,1.2318,2.0039,-9.5277
G,218367597,0.001065,0.005326,-0.001065
A,218367929,1.2175,2.0039,-9.5170
G,218370077,-0.001065,0.002131,-0.004261
A,218370379,1.2139,2.0075,-9.5170
G,218372599,-0.003196,0.001065,-0.004261
A,218372870,1.2210,2.0147,-9.5134
G,218375095,-0.003196,0.002131,-0.005326
A,218375342,1.2354,2.0255,-9.5098
G,218377586,-0.002131,0.003196,-0.006392
A,218377804,1.2498,2.0327,-9.5134
G,218380081,-0.001065,0.002131,-0.006392
A,218380275,1.2641,2.0363,-9.5098
TRK,218374,-0.01252,0.41832,0.90007,0.12134,0.6602,2.0599,-0.6954,0.000,0.000,0.000,1,3
G,218382563,0.000000,0.000000,-0.006392
A,218382729,1.2641,2.0435,-9.5134
G,218385073,-0.001065,-0.001065,-0.006392
A,218385211,1.2677,2.0470,-9.5134
G,218387568,0.000000,0.000000,-0.007457
A,218387682,1.2605,2.0542,-9.5205
G,218390061,0.001065,0.000000,-0.006392
A,218390148,1.2534,2.0614,-9.5313
G,218392556,0.002131,0.000000,-0.004261
A,218392645,1.2534,2.0578,-9.5385
G,218395029,0.002131,-0.002131,-0.003196
A,218395116,1.2426,2.0650,-9.5529
TRK,218391,-0.01250,0.41832,0.90007,0.12137,0.6602,2.0599,-0.6954,0.000,0.000,0.000,1,3
G,218397532,0.000000,-0.003196,-0.003196
A,218397593,1.2354,2.0650,-9.5672
G,218400027,-0.002131,-0.006392,-0.004261
A,218400065,1.2282,2.0686,-9.5744
G,218402498,-0.004261,-0.006392,-0.004261
A,218402511,1.2246,2.0686,-9.5816
A,218404990,1.2282,2.0722,-9.5816
G,218405002,-0.005326,-0.004261,-0.002131
A,218407462,1.2282,2.0686,-9.5816
G,218407497,-0.005326,-0.002131,0.002131
A,218409932,1.2318,2.0758,-9.5924
G,218409991,-0.005326,-0.001065,0.004261
A,218412403,1.2246,2.0794,-9.5996
G,218412486,-0.006392,-0.003196,0.007457
A,218414855,1.2210,2.0901,-9.6031
G,218414961,-0.010653,-0.004261,0.010653
A,218417326,1.2175,2.0865,-9.5996
G,218417456,-0.015979,-0.004261,0.013848
A,218419779,1.2175,2.0865,-9.5996
G,218419930,-0.017044,-0.004261,0.019175
TRK,218420,-0.01251,0.41831,0.90006,0.12150,0.6602,2.0599,-0.6954,0.000,0.000,0.000,1,3
A,218422263,1.2175,2.0830,-9.6067
G,218422435,-0.015979,-0.004261,0.021305
A,218424755,1.2210,2.0865,-9.6139
G,218424948,-0.013848,-0.001065,0.021305
A,218427226,1.2246,2.0937,-9.6211
G,218427443,-0.014914,0.003196,0.022371
A,218429701,1.2354,2.1045,-9.6139
G,218429939,-0.020240,0.008522,0.026632
A,218432172,1.2498,2.1081,-9.5888
G,218432434,-0.024501,0.012783,0.033023
A,218434648,1.2605,2.1117,-9.5672
G,218434929,-0.022371,0.011718,0.036219
A,218437120,1.2677,2.1117,-9.5493
G,218437424,-0.012783,0.014914,0.039415
A,218439575,1.2570,2.1153,-9.5457
G,218439898,-0.001065,0.018109,0.042611
TRK,218440,-0.01255,0.41830,0.90003,0.12171,0.6602,2.0599,-0.6954,0.000,0.000,0.000,1,3
A,218442063,1.2462,2.1117,-9.5385
G,218442404,0.005326,0.021305,0.046872
A,218444534,1.1708,2.1009,-9.5241
G,218444899,0.006392,0.021305,0.049002
A,218446995,0.9409,2.0830,-9.4595
G,218447376,0.003196,0.020240,0.052198
A,218449466,0.6500,2.0470,-9.3697
G,218449893,0.001065,0.017044,0.056459
A,218451917,0.2658,2.0004,-9.2584
G,218452388,0.008522,0.010653,0.066046
A,218454385,-0.0144,1.9357,-9.1937
G,218454871,0.034088,-0.001065,0.079895
TRK,218451,-0.01257,0.41830,0.90002,0.12175,0.6602,2.0599,-0.6954,0.000,0.000,0.000,1,3
A,218456877,-0.0718,1.8747,-9.2296
G,218457378,0.078830,-0.012783,0.098004
A,218459348,0.0682,1.8172,-9.3769
G,218459873,0.129962,-0.019175,0.115049
A,218461816,0.3340,1.7777,-9.6103
G,218462355,0.156594,-0.020240,0.122505
A,218464287,0.6141,1.7597,-9.8438
G,218464872,0.133158,-0.024501,0.124636
A,218466742,0.8009,1.7526,-9.9802
G,218467367,0.053263,-0.036219,0.118244
A,218469226,0.8942,1.7597,-9.9766
G,218469863,-0.052198,-0.052198,0.110787
A,218471697,0.9122,1.7741,-9.8474
G,218472359,-0.133158,-0.067112,0.103331
A,218474163,0.9050,1.7957,-9.6822
G,218474835,-0.151268,-0.074569,0.094809
A,218476651,0.9337,1.8352,-9.5924
G,218477334,-0.108657,-0.071373,0.083091
A,218479123,0.9589,1.8818,-9.5852
TRK,218475,-0.01227,0.41914,0.89970,0.12131,0.6601,2.0599,-0.6953,0.008,-0.016,0.000,2,3
G,218479851,-0.041545,-0.057524,0.070307
A,218481580,1.0343,1.9285,-9.6606
G,218482347,0.000000,-0.039415,0.063916
A,218484055,1.1133,1.9788,-9.7252
G,218484830,-0.004261,-0.022371,0.071373
A,218486553,1.2067,2.0147,-9.7288
G,218487338,-0.047937,-0.009587,0.087352
A,218489024,1.3288,2.0542,-9.6534
G,218489833,-0.092678,0.001065,0.102265
A,218491504,1.4545,2.0865,-9.5349
G,218492320,-0.111853,0.007457,0.104396
A,218493975,1.6735,2.1296,-9.4595
TRK,218493,-0.01176,0.41960,0.89944,0.12168,0.6602,2.0595,-0.6953,0.007,-0.017,0.001,2,3
G,218494837,-0.094809,0.008522,0.093743
A,218496435,1.8962,2.2122,-9.4379
G,218497333,-0.057524,0.005326,0.073503
A,218498918,2.2302,2.2877,-9.4667
G,218499822,-0.026632,0.004261,0.054328
A,218501390,2.5893,2.3810,-9.4954
G,218502318,-0.021305,0.005326,0.047937
A,218503860,2.8515,2.4134,-9.4236
G,218504794,-0.030893,0.012783,0.062851
A,218506331,2.8982,2.3990,-9.2943
G,218507289,-0.028762,0.021305,0.085221
A,218508804,2.7150,2.3343,-9.1578
G,218509767,0.003196,0.034088,0.095874
A,218511275,2.2661,2.2661,-9.0716
G,218512276,0.052198,0.042611,0.079895
A,218513729,1.7921,2.2122,-9.0788
G,218514771,0.083091,0.039415,0.053263
A,218516214,1.3898,2.1835,-9.1183
G,218517259,0.072438,0.023436,0.037284
A,218518686,1.1600,2.1584,-9.1399
TRK,218518,-0.01180,0.42002,0.89922,0.12185,0.6602,2.0594,-0.6953,-0.004,0.005,-0.001,2,3
G,218519778,0.031958,-0.003196,0.040480
A,218521151,1.0846,2.1332,-9.1219
G,218522273,-0.001065,-0.029827,0.047937
A,218523623,1.1061,2.1189,-9.1040
G,218524771,0.002131,-0.057524,0.042611
A,218526070,1.1420,2.1189,-9.1614
G,218527266,0.037284,-0.078830,0.027697
A,218528541,1.1492,2.1225,-9.2907
G,218529765,0.075634,-0.093743,0.018109
A,218530990,1.1420,2.1117,-9.4739
G,218532260,0.091613,-0.104396,0.027697
STAT,404.9,400.9,0,0,739,0.7781,4.545,0.4774,0.8404,1.7612,9.8310,1.27,0.170
A,218533469,1.1420,2.0758,-9.6498
G,218534739,0.077764,-0.115049,0.053263
A,218535941,1.1600,1.9968,-9.7899
G,218537248,0.059655,-0.120375,0.080960
A,218538401,1.1959,1.9070,-9.8940
G,218539743,0.060720,-0.112918,0.094809
A,218540885,1.2103,1.8172,-10.0126
G,218542224,0.083091,-0.087352,0.092678
A,218543356,1.2175,1.7454,-10.1311
G,218544723,0.101200,-0.054328,0.075634
A,218545809,1.2139,1.7023,-10.2280
G,218547219,0.088417,-0.021305,0.057524
A,218548280,1.2246,1.6843,-10.2532
TRK,218542,-0.01100,0.42040,0.89919,0.12086,0.6602,2.0595,-0.6954,-0.004,0.004,-0.001,2,3
G,218549718,0.044741,0.009587,0.040480
A,218550734,1.2462,1.6879,-10.1813
G,218552213,-0.008522,0.041545,0.023436
A,218553214,1.2821,1.7202,-10.0233
G,218554688,-0.047937,0.073503,0.002131
A,218555685,1.3001,1.7669,-9.8258
G,218557198,-0.062851,0.099070,-0.020240
A,218558151,1.3036,1.8423,-9.6283
G,218559693,-0.059655,0.115049,-0.036219
A,218560635,1.2857,1.9249,-9.4559
G,218562171,-0.049002,0.120375,-0.042611
A,218563107,1.2713,2.0111,-9.3087
TRK,218558,-0.01116,0.42030,0.89922,0.12094,0.6601,2.0596,-0.6953,-0.009,0.000,0.005,2,3
G,218564672,-0.044741,0.112918,-0.043676
A,218565564,1.2641,2.0830,-9.1830
G,218567167,-0.044741,0.093743,-0.042611
A,218568053,1.2677,2.1404,-9.0932
G,218569647,-0.044741,0.067112,-0.041545
A,218570524,1.2785,2.1727,-9.0429
G,218572158,-0.036219,0.039415,-0.038350
A,218572993,1.2821,2.1907,-9.0393
G,218574654,-0.021305,0.013848,-0.030893
A,218575464,1.2821,2.1979,-9.0860
G,218577145,-0.004261,-0.011718,-0.022371
A,218577915,1.2749,2.1907,-9.1614
TRK,218574,-0.01135,0.41977,0.89939,0.12146,0.6599,2.0596,-0.6953,-0.008,0.003,-0.000,2,3
G,218579666,0.008522,-0.033023,-0.014914
A,218580396,1.2641,2.1871,-9.2584
G,218582161,0.015979,-0.049002,-0.010653
A,218582868,1.2426,2.1799,-9.3589
G,218584661,0.018109,-0.057524,-0.010653
A,218585330,1.2210,2.1727,-9.4559
G,218587157,0.015979,-0.059655,-0.009587
A,218587818,1.1923,2.1691,-9.5313
G,218589632,0.013848,-0.058590,-0.005326
A,218590289,1.1672,2.1620,-9.5924
G,218592127,0.013848,-0.055394,0.002131
A,218592782,1.1528,2.1584,-9.6391
G,218594609,0.018109,-0.052198,0.006392
A,218595254,1.1420,2.1440,-9.6786
G,218597119,0.025566,-0.049002,0.011718
A,218597727,1.1349,2.1296,-9.7181
G,218599614,0.037284,-0.042611,0.022371
A,218600198,1.1349,2.1009,-9.7719
TRK,218595,-0.01077,0.41950,0.89957,0.12117,0.6598,2.0597,-0.6953,-0.007,0.005,-0.002,2,3
G,218602106,0.045806,-0.035154,0.035154
A,218602654,1.1313,2.0794,-9.8258
G,218604601,0.050067,-0.026632,0.046872
A,218605140,1.1349,2.0399,-9.8653
G,218607073,0.050067,-0.013848,0.055394
A,218607611,1.1456,2.0111,-9.8869
G,218609572,0.050067,0.002131,0.059655
A,218610075,1.1636,1.9680,-9.8725
G,218612067,0.049002,0.022371,0.060720
A,218612547,1.1815,1.9321,-9.8366
G,218614570,0.046872,0.039415,0.058590
A,218615015,1.2067,1.8890,-9.7935
G,218617065,0.041545,0.056459,0.053263
A,218617486,1.2210,1.8675,-9.7252
TRK,218612,-0.01063,0.41962,0.89957,0.12076,0.6596,2.0598,-0.6953,-0.007,0.003,0.003,2,3
G,218619547,0.033023,0.070307,0.045806
A,218619936,1.2390,1.8495,-9.6642
G,218622052,0.022371,0.080960,0.037284
A,218622409,1.2570,1.8495,-9.5780
G,218624547,0.009587,0.083091,0.028762
A,218624880,1.2857,1.8639,-9.4882
G,218627040,-0.001065,0.078830,0.018109
A,218627342,1.3144,1.8926,-9.3841
G,218629563,-0.009587,0.069242,0.011718
A,218629835,1.3396,1.9249,-9.2907
G,218632058,-0.010653,0.058590,0.005326
A,218632306,1.3539,1.9537,-9.2189
G,218634561,-0.008522,0.043676,0.000000
A,218634780,1.3611,1.9752,-9.1866
G,218637056,-0.003196,0.025566,-0.004261
A,218637274,1.3539,1.9860,-9.2009
G,218639529,0.002131,0.005326,-0.008522
A,218639745,1.3360,1.9860,-9.2440
TRK,218640,-0.01114,0.41945,0.89962,0.12097,0.6594,2.0598,-0.6952,-0.011,0.004,-0.000,2,3
G,218642042,0.005326,-0.014914,-0.010653
A,218642229,1.3108,1.9788,-9.3051
G,218644537,0.006392,-0.035154,-0.012783
A,218644701,1.2821,1.9680,-9.3805
G,218647023,0.005326,-0.046872,-0.012783
A,218647159,1.2641,1.9680,-9.4595
G,218649546,0.003196,-0.053263,-0.014914
A,218649656,1.2462,1.9609,-9.5421
G,218652042,-0.001065,-0.054328,-0.017044
A,218652127,1.2390,1.9573,-9.6211
TRK,218652,-0.01078,0.41924,0.89973,0.12085,0.6593,2.0599,-0.6952,-0.012,0.004,-0.001,2,3
G,218654545,-0.006392,-0.054328,-0.023436
A,218654604,1.2390,1.9644,-9.6822
G,218657040,-0.014914,-0.049002,-0.026632
A,218657075,1.2390,1.9644,-9.7360
G,218659523,-0.022371,-0.040480,-0.033023
A,218659533,1.2426,1.9752,-9.7612
A,218662022,1.2390,1.9896,-9.7719
G,218662036,-0.027697,-0.029827,-0.034088
A,218664493,1.2354,2.0039,-9.7576
G,218664532,-0.030893,-0.015979,-0.036219
A,218666963,1.2246,2.0255,-9.7252
G,218667025,-0.031958,-0.003196,-0.036219
A,218669434,1.2175,2.0435,-9.6786
G,218669520,-0.031958,0.007457,-0.035154
A,218671885,1.2067,2.0686,-9.6247
G,218671994,-0.033023,0.013848,-0.033023
A,218674362,1.2103,2.0865,-9.5708
G,218674492,-0.031958,0.019175,-0.029827
A,218676833,1.2175,2.1009,-9.5241
G,218676988,-0.028762,0.023436,-0.026632
TRK,218672,-0.01024,0.41872,0.89996,0.12100,0.6590,2.0600,-0.6952,-0.014,0.004,0.002,2,3
A,218679296,1.2318,2.1225,-9.4774
G,218679472,-0.024501,0.026632,-0.022371
A,218681790,1.2498,2.1404,-9.4344
G,218681986,-0.015979,0.027697,-0.014914
A,218684262,1.2641,2.1548,-9.4020
G,218684482,-0.008522,0.027697,-0.007457
A,218686724,1.2641,2.1656,-9.3805
G,218686965,-0.002131,0.023436,-0.001065
A,218689217,1.2605,2.1656,-9.3805
G,218689477,0.003196,0.017044,0.003196
A,218691689,1.2498,2.1620,-9.3841
G,218691973,0.009587,0.009587,0.007457
A,218694155,1.2426,2.1440,-9.4020
G,218694458,0.015979,0.004261,0.013848
A,218696639,1.2354,2.1296,-9.4200
G,218696960,0.021305,-0.001065,0.019175
A,218699111,1.2354,2.1045,-9.4451
G,218699456,0.024501,-0.006392,0.020240
TRK,218699,-0.01013,0.41830,0.90014,0.12116,0.6586,2.0601,-0.6952,-0.013,0.007,0.000,2,3
A,218701589,1.2354,2.0794,-9.4810
G,218701951,0.027697,-0.011718,0.017044
A,218704060,1.2390,2.0578,-9.5241
G,218704447,0.029827,-0.013848,0.017044
A,218706519,1.2462,2.0327,-9.5708
G,218706922,0.033023,-0.015979,0.020240
A,218709009,1.2498,2.0147,-9.6175
G,218709429,0.034088,-0.014914,0.024501
A,218711481,1.2534,1.9932,-9.6570
G,218711925,0.033023,-0.011718,0.028762
A,218713951,1.2462,1.9716,-9.6857
G,218714411,0.031958,-0.006392,0.029827
A,218716423,1.2426,1.9465,-9.7001
G,218716927,0.029827,0.001065,0.028762
A,218718874,1.2426,1.9321,-9.6929
G,218719422,0.026632,0.008522,0.024501
A,218721346,1.2354,1.9249,-9.6786
G,218721938,0.020240,0.014914,0.019175
A,218723799,1.2390,1.9285,-9.6462
G,218724434,0.011718,0.022371,0.013848
TRK,218724,-0.01002,0.41823,0.90021,0.12085,0.6583,2.0603,-0.6952,-0.016,0.007,0.002,2,3
A,218726283,1.2426,1.9285,-9.6103
G,218726930,0.004261,0.026632,0.010653
A,218728755,1.2534,1.9285,-9.5636
G,218729442,0.000000,0.030893,0.007457
A,218731207,1.2605,1.9213,-9.5170
G,218731938,-0.001065,0.031958,0.003196
A,218733694,1.2677,1.9213,-9.4631
G,218734435,-0.004261,0.030893,-0.001065
A,218736166,1.2749,1.9321,-9.4308
G,218736931,-0.006392,0.026632,-0.003196
TRK,218732,-0.01026,0.41825,0.90019,0.12092,0.6617,2.0589,-0.6956,0.000,0.000,0.000,1,4
A,218738643,1.2713,1.9537,-9.4092
G,218739417,-0.008522,0.018109,-0.007457
A,218741114,1.2713,1.9716,-9.4092
G,218741931,-0.008522,0.007457,-0.012783
A,218743570,1.2713,1.9932,-9.4308
G,218744427,-0.010653,-0.002131,-0.018109
A,218746059,1.2749,2.0075,-9.4487
G,218746923,-0.011718,-0.010653,-0.020240
A,218748531,1.2713,2.0147,-9.4739
G,218749419,-0.012783,-0.015979,-0.020240
A,218751000,1.2677,2.0255,-9.4954
G,218751895,-0.011718,-0.017044,-0.019175
A,218753500,1.2570,2.0255,-9.5241
G,218754401,-0.010653,-0.019175,-0.018109
A,218755972,1.2534,2.0291,-9.5529
TRK,218752,-0.01072,0.41829,0.90015,0.12099,0.6617,2.0589,-0.6956,0.000,0.000,0.000,1,4
G,218756917,-0.009587,-0.020240,-0.015979
A,218758432,1.2426,2.0363,-9.5816
G,218759413,-0.008522,-0.020240,-0.015979
A,218760912,1.2390,2.0435,-9.6067
G,218761898,-0.007457,-0.018109,-0.018109
A,218763384,1.2282,2.0542,-9.6247
G,218764394,-0.008522,-0.014914,-0.020240
A,218765856,1.2210,2.0614,-9.6319
G,218766870,-0.008522,-0.012783,-0.021305
A,218768328,1.2139,2.0650,-9.6355
G,218769366,-0.009587,-0.009587,-0.019175
A,218770801,1.2031,2.0686,-9.6355
G,218771843,-0.008522,-0.006392,-0.015979
A,218773273,1.1923,2.0650,-9.6211
G,218774348,-0.006392,0.000000,-0.010653
A,218775725,1.1851,2.0614,-9.5996
G,218776844,-0.004261,0.005326,-0.006392
TRK,218776,-0.01101,0.41831,0.90012,0.12113,0.6617,2.0589,-0.6956,0.000,0.000,0.000,1,4
A,218778210,1.1851,2.0650,-9.5744
G,218779331,-0.002131,0.009587,-0.002131
A,218780682,1.1923,2.0686,-9.5457
G,218781849,-0.001065,0.011718,0.002131
A,218783148,1.2067,2.0758,-9.5241
G,218784345,0.001065,0.012783,0.006392
A,218785620,1.2175,2.0758,-9.5026
G,218786862,0.003196,0.015979,0.011718
A,218788088,1.2210,2.0722,-9.4918
G,218789358,0.006392,0.018109,0.010653
A,218790559,1.2282,2.0686,-9.4739
G,218791875,0.010653,0.019175,0.010653
A,218793028,1.2318,2.0614,-9.4739
G,218794371,0.014914,0.015979,0.010653
A,218795517,1.2426,2.0578,-9.4667
G,218796857,0.017044,0.012783,0.011718
A,218797988,1.2498,2.0470,-9.4703
G,218799353,0.020240,0.009587,0.013848
TRK,218798,-0.01154,0.41838,0.90010,0.12105,0.6617,2.0589,-0.6956,0.000,0.000,0.000,1,4
A,218800469,1.2605,2.0363,-9.4774
G,218801830,0.022371,0.006392,0.015979
A,218802940,1.2534,2.0291,-9.4990
G,218804327,0.024501,0.003196,0.018109
A,218805391,1.2498,2.0147,-9.5170
G,218806823,0.024501,-0.001065,0.017044
A,218807882,1.2426,2.0039,-9.5349
G,218809310,0.023436,-0.002131,0.017044
A,218810354,1.2354,1.9824,-9.5529
G,218811828,0.021305,-0.001065,0.017044
A,218812826,1.2354,1.9680,-9.5600
G,218814324,0.018109,0.000000,0.019175
A,218815298,1.2390,1.9537,-9.5708
G,218816820,0.013848,0.000000,0.015979
A,218817750,1.2462,1.9429,-9.5744
G,218819315,0.010653,-0.001065,0.010653
A,218820244,1.2534,1.9357,-9.5852
G,218821802,0.006392,0.000000,0.005326
A,218822715,1.2570,1.9357,-9.5888
TRK,218818,-0.01190,0.41843,0.90011,0.12076,0.6617,2.0589,-0.6956,0.000,0.000,0.000,1,4
G,218824310,0.003196,0.002131,0.002131
A,218825181,1.2677,1.9357,-9.5924
G,218826806,-0.001065,0.005326,-0.001065
A,218827653,1.2677,1.9429,-9.5888
G,218829314,-0.005326,0.007457,-0.005326
A,218830120,1.2677,1.9573,-9.5636
G,218831810,-0.008522,0.009587,-0.008522
A,218832610,1.2677,1.9824,-9.5529
G,218834291,-0.008522,0.011718,-0.009587
A,218835082,1.2641,1.9968,-9.5277
TRK,218835,-0.01212,0.41845,0.90009,0.12076,0.6617,2.0589,-0.6956,0.000,0.000,0.000,1,4
G,218836809,-0.008522,0.012783,-0.010653
A,218837560,1.2677,2.0111,-9.5205
G,218839305,-0.008522,0.009587,-0.011718
A,218840032,1.2641,2.0219,-9.5098
G,218841794,-0.010653,0.004261,-0.014914
A,218842481,1.2641,2.0255,-9.5026
G,218844290,-0.011718,0.000000,-0.019175
A,218844968,1.2605,2.0327,-9.5062
G,218846765,-0.013848,-0.005326,-0.023436
A,218847440,1.2570,2.0363,-9.5134
G,218849261,-0.014914,-0.006392,-0.026632
A,218849931,1.2534,2.0399,-9.5170
G,218851740,-0.014914,-0.005326,-0.028762
A,218852403,1.2462,2.0435,-9.5277
G,218854245,-0.014914,-0.003196,-0.027697
A,218854871,1.2426,2.0506,-9.5349
G,218856741,-0.012783,-0.004261,-0.026632
A,218857342,1.2354,2.0614,-9.5385
TRK,218852,-0.01216,0.41845,0.90008,0.12085,0.6617,2.0589,-0.6956,0.000,0.000,0.000,1,4
G,218859231,-0.011718,-0.006392,-0.024501
A,218859796,1.2318,2.0686,-9.5529
G,218861748,-0.009587,-0.007457,-0.018109
A,218862277,1.2246,2.0758,-9.5565
G,218864244,-0.006392,-0.004261,-0.011718
A,218864749,1.2246,2.0794,-9.5672
G,218866743,-0.004261,0.000000,-0.007457
A,218867214,1.2175,2.0794,-9.5708
G,218869239,-0.002131,0.004261,-0.006392
A,218869686,1.2139,2.0722,-9.5780
G,218871739,0.001065,0.006392,-0.004261
A,218872152,1.2067,2.0650,-9.5816
G,218874234,0.003196,0.005326,-0.002131
A,218874623,1.2031,2.0650,-9.5852
G,218876714,0.005326,0.005326,0.002131
A,218877071,1.2067,2.0542,-9.5888
G,218879222,0.005326,0.005326,0.004261
A,218879547,1.2175,2.0578,-9.5780
TRK,218880,-0.01224,0.41846,0.90007,0.12093,0.6617,2.0589,-0.6956,0.000,0.000,0.000,1,4
G,218881741,0.005326,0.008522,0.004261
A,218882036,1.2246,2.0542,-9.5636
G,218884237,0.006392,0.010653,0.005326
A,218884508,1.2318,2.0542,-9.5421
G,218886717,0.008522,0.013848,0.008522
A,218886958,1.2390,2.0506,-9.5205
G,218889213,0.011718,0.013848,0.012783
A,218889450,1.2390,2.0470,-9.4954
G,218891684,0.013848,0.012783,0.014914
A,218891921,1.2426,2.0363,-9.4774
TRK,218892,-0.01240,0.41847,0.90006,0.12091,0.6617,2.0589,-0.6956,0.000,0.000,0.000,1,4
G,218894194,0.017044,0.011718,0.015979
A,218894403,1.2354,2.0255,-9.4667
G,218896690,0.018109,0.011718,0.017044
A,218896874,1.2354,2.0039,-9.4667
G,218899172,0.020240,0.011718,0.017044
A,218899329,1.2426,1.9932,-9.4918
G,218901668,0.020240,0.010653,0.017044
A,218901800,1.2462,1.9788,-9.5170
G,218904139,0.020240,0.008522,0.013848
A,218904244,1.2534,1.9752,-9.5385
G,218906628,0.019175,0.006392,0.010653
A,218906707,1.2570,1.9752,-9.5600
G,218909140,0.015979,0.004261,0.007457
A,218909193,1.2534,1.9824,-9.5565
G,218911636,0.013848,0.003196,0.008522
A,218911665,1.2498,1.9860,-9.5565
G,218914117,0.011718,0.002131,0.009587
A,218914121,1.2462,1.9932,-9.5457
TRK,218915,-0.01267,0.41851,0.90006,0.12074,0.6617,2.0589,-0.6956,0.000,0.000,0.000,1,4
A,218916618,1.2390,1.9932,-9.5457
G,218916639,0.010653,0.000000,0.006392
A,218919090,1.2390,1.9932,-9.5457
G,218919135,0.008522,-0.002131,0.002131
A,218921564,1.2390,1.9860,-9.5529
G,218921632,0.005326,-0.003196,-0.002131
A,218924036,1.2390,1.9824,-9.5529
G,218924128,-0.001065,-0.002131,-0.003196
A,218926508,1.2390,1.9788,-9.5529
G,218926623,-0.004261,-0.001065,-0.004261
A,218928980,1.2462,1.9824,-9.5457
G,218929119,-0.006392,0.001065,-0.005326
A,218931440,1.2426,1.9932,-9.5421
G,218931601,-0.006392,0.002131,-0.008522
A,218933912,1.2426,2.0004,-9.5385
G,218934097,-0.008522,0.001065,-0.012783
A,218936374,1.2426,2.0147,-9.5385
G,218936579,-0.011718,0.001065,-0.017044
A,218938846,1.2426,2.0255,-9.5385
G,218939075,-0.015979,0.002131,-0.020240
A,218941301,1.2390,2.0327,-9.5385
G,218941550,-0.018109,0.002131,-0.021305
TRK,218942,-0.01263,0.41850,0.90005,0.12085,0.6617,2.0589,-0.6956,0.000,0.000,0.000,1,4
A,218943795,1.2318,2.0435,-9.5385
G,218944064,-0.018109,0.005326,-0.021305
A,218946267,1.2318,2.0506,-9.5313
G,218946559,-0.015979,0.006392,-0.017044
A,218948719,1.2246,2.0614,-9.5277
G,218949030,-0.011718,0.005326,-0.011718
A,218951191,1.2282,2.0758,-9.5170
G,218951526,-0.006392,0.002131,-0.003196
A,218953647,1.2282,2.0794,-9.5134
G,218954000,-0.002131,0.000000,0.001065
A,218956119,1.2282,2.0722,-9.5098
TRK,218950,-0.01259,0.41849,0.90005,0.12093,0.6617,2.0589,-0.6956,0.000,0.000,0.000,1,4
G,218956524,0.000000,-0.001065,0.002131
A,218958576,1.2282,2.0578,-9.5205
G,218959020,0.000000,-0.001065,-0.003196
A,218961064,1.2318,2.0435,-9.5349
G,218961523,0.000000,-0.002131,-0.009587
A,218963536,1.2318,2.0363,-9.5493
G,218964019,0.001065,-0.004261,-0.012783
A,218966005,1.2390,2.0435,-9.5636
G,218966503,0.003196,-0.005326,-0.011718
A,218968477,1.2354,2.0506,-9.5780
G,218968999,0.004261,-0.005326,-0.006392
A,218970947,1.2354,2.0542,-9.5816
G,218971484,0.004261,-0.003196,-0.004261
A,218973443,1.2282,2.0506,-9.5780
G,218973993,0.005326,0.000000,-0.002131
A,218975915,1.2282,2.0435,-9.5780
G,218976489,0.007457,0.004261,0.001065
TRK,218972,-0.01252,0.41849,0.90005,0.12091,0.6617,2.0589,-0.6956,0.000,0.000,0.000,1,4
A,218978397,1.2354,2.0363,-9.5708
G,218978983,0.009587,0.006392,0.007457
A,218980868,1.2426,2.0291,-9.5672
G,218981479,0.009587,0.008522,0.011718
A,218983351,1.2498,2.0219,-9.5600
G,218983974,0.009587,0.008522,0.014914
A,218985822,1.2498,2.0183,-9.5529
G,218986470,0.010653,0.007457,0.014914
A,218988286,1.2498,2.0075,-9.5421
G,218988945,0.012783,0.007457,0.013848
A,218990781,1.2534,2.0039,-9.5277
G,218991450,0.012783,0.008522,0.012783
A,218993252,1.2570,1.9968,-9.5134
G,218993966,0.012783,0.010653,0.012783
A,218995707,1.2570,1.9932,-9.5062
G,218996461,0.012783,0.010653,0.012783
A,218998193,1.2641,1.9896,-9.4990
G,218998956,0.012783,0.011718,0.013848
A,219000665,1.2605,1.9932,-9.4954
G,219001452,0.011718,0.011718,0.013848
TRK,218996,-0.01271,0.41851,0.90005,0.12082,0.6617,2.0589,-0.6956,0.000,0.000,0.000,1,4
A,219003131,1.2641,1.9860,-9.5026
G,219003927,0.010653,0.009587,0.009587
A,219005619,1.2677,1.9860,-9.5062
G,219006424,0.007457,0.005326,0.003196
A,219008091,1.2605,1.9824,-9.5170
G,219008920,0.004261,0.002131,-0.003196
A,219010563,1.2570,1.9788,-9.5205
G,219011400,0.001065,0.000000,-0.006392
A,219013035,1.2534,1.9752,-9.5313
TRK,219012,-0.01283,0.41853,0.90005,0.12077,0.6617,2.0589,-0.6956,0.000,0.000,0.000,1,4
G,219013916,-0.001065,0.000000,-0.008522
A,219015494,1.2462,1.9788,-9.5349
G,219016412,-0.003196,0.000000,-0.008522
A,219017974,1.2462,1.9752,-9.5385
G,219018898,-0.004261,-0.002131,-0.008522
A,219020446,1.2462,1.9824,-9.5529
G,219021394,-0.005326,-0.004261,-0.007457
A,219022917,1.2498,1.9860,-9.5600
G,219023870,-0.004261,-0.005326,-0.006392
A,219025406,1.2462,1.9968,-9.5672
G,219026364,-0.004261,-0.007457,-0.006392
A,219027878,1.2462,2.0004,-9.5672
G,219028860,-0.007457,-0.006392,-0.009587
A,219030360,1.2390,2.0075,-9.5600
G,219031347,-0.010653,-0.004261,-0.015979
A,219032832,1.2354,2.0111,-9.5457
G,219033863,-0.012783,-0.002131,-0.020240
A,219035294,1.2354,2.0183,-9.5349
G,219036359,-0.012783,0.000000,-0.022371
TRK,219036,-0.01274,0.41852,0.90005,0.12083,0.6617,2.0589,-0.6956,0.000,0.000,0.000,1,4
A,219037788,1.2354,2.0255,-9.5205
G,219038856,-0.011718,0.002131,-0.023436
A,219040259,1.2318,2.0291,-9.5134
G,219041372,-0.009587,0.006392,-0.019175
A,219042723,1.2318,2.0363,-9.5098
G,219043868,-0.006392,0.008522,-0.013848
A,219045195,1.2318,2.0435,-9.5026
G,219046373,-0.004261,0.011718,-0.007457
A,219047649,1.2282,2.0506,-9.5098
G,219048869,-0.004261,0.010653,-0.004261
A,219050121,1.2282,2.0578,-9.5026
G,219051376,-0.003196,0.008522,-0.002131
A,219052578,1.2282,2.0614,-9.5026
G,219053872,-0.002131,0.006392,-0.002131
A,219055064,1.2282,2.0578,-9.4990
G,219056356,0.002131,0.005326,-0.002131
A,219057535,1.2318,2.0578,-9.4990
TRK,219057,-0.01283,0.41852,0.90003,0.12089,0.6617,2.0589,-0.6956,0.000,0.000,0.000,1,4
G,219058873,0.006392,0.005326,-0.001065
A,219060005,1.2354,2.0614,-9.5026
G,219061369,0.009587,0.005326,0.003196
A,219062476,1.2318,2.0578,-9.5062
G,219063866,0.009587,0.005326,0.006392
A,219064927,1.2318,2.0578,-9.5134
G,219066361,0.009587,0.003196,0.010653
A,219067400,1.2282,2.0470,-9.5277
G,219068830,0.011718,0.002131,0.012783
A,219069872,1.2318,2.0363,-9.5421
G,219071338,0.012783,0.002131,0.012783
A,219072334,1.2282,2.0255,-9.5636
G,219073834,0.012783,0.002131,0.009587
A,219074818,1.2354,2.0111,-9.5708
G,219076311,0.010653,0.003196,0.006392
A,219077289,1.2318,2.0004,-9.5708
TRK,219077,-0.01294,0.41854,0.90004,0.12081,0.6617,2.0589,-0.6956,0.000,0.000,0.000,1,4
G,219078830,0.007457,0.004261,0.004261
A,219079763,1.2282,1.9968,-9.5636
G,219081325,0.006392,0.006392,0.005326
A,219082255,1.2282,2.0004,-9.5529
G,219083810,0.006392,0.009587,0.006392
A,219084726,1.2175,2.0004,-9.5421
G,219086306,0.008522,0.012783,0.009587
A,219087208,1.2139,2.0039,-9.5385
G,219088780,0.008522,0.013848,0.008522
A,219089679,1.2103,2.0039,-9.5277
G,219091275,0.009587,0.010653,0.008522
A,219092166,1.2031,1.9968,-9.5205
G,219093754,0.009587,0.007457,0.006392
A,219094637,1.2103,2.0039,-9.5098
G,219096263,0.008522,0.006392,0.004261
A,219097105,1.2175,2.0039,-9.5026
G,219098759,0.006392,0.004261,0.005326
A,219099595,1.2390,2.0004,-9.5098
G,219101241,0.004261,0.004261,0.006392
A,219102066,1.2605,1.9968,-9.5062
TRK,219101,-0.01305,0.41855,0.90004,0.12072,0.6617,2.0589,-0.6956,0.000,0.000,0.000,1,4
G,219103740,0.004261,0.002131,0.005326
A,219104525,1.2749,1.9896,-9.5170
G,219106236,0.005326,0.000000,0.003196
A,219107014,1.2821,1.9824,-9.5241
G,219108715,0.006392,-0.002131,0.000000
A,219109486,1.2749,1.9716,-9.5241
G,219111211,0.004261,-0.003196,0.000000
A,219111976,1.2713,1.9752,-9.5313
G,219113692,0.000000,-0.001065,0.001065
A,219114448,1.2605,1.9752,-9.5313
G,219116187,-0.004261,-0.001065,-0.002131
TRK,219110,-0.01300,0.41855,0.90004,0.12069,0.6617,2.0589,-0.6956,0.000,0.000,0.000,1,4
A,219116939,1.2534,1.9824,-9.5349
G,219118668,-0.006392,0.000000,-0.006392
A,219119411,1.2426,1.9968,-9.5421
G,219121172,-0.009587,0.000000,-0.010653
A,219121876,1.2318,2.0147,-9.5493
G,219123668,-0.011718,-0.001065,-0.010653
A,219124347,1.2210,2.0327,-9.5600
G,219126159,-0.009587,0.000000,-0.008522
A,219126801,1.2175,2.0470,-9.5565
G,219128655,-0.005326,0.000000,-0.007457
A,219129285,1.2175,2.0542,-9.5565
G,219131126,-0.001065,0.002131,-0.007457
A,219131756,1.2175,2.0578,-9.5457
TRK,219132,-0.01292,0.41854,0.90004,0.12073,0.6617,2.0589,-0.6956,0.000,0.000,0.000,1,4
G,219133648,0.000000,0.003196,-0.007457
A,219134241,1.2246,2.0542,-9.5385
G,219136144,0.001065,0.006392,-0.005326
A,219136713,1.2318,2.0506,-9.5313
G,219138641,0.000000,0.007457,-0.002131
A,219139174,1.2354,2.0470,-9.5277
G,219141137,-0.001065,0.008522,0.000000
A,219141646,1.2426,2.0435,-9.5277
G,219143618,-0.002131,0.007457,0.000000
A,219144093,1.2498,2.0470,-9.5313
G,219146128,-0.002131,0.005326,-0.001065
A,219146569,1.2534,2.0470,-9.5313
G,219148650,-0.001065,0.004261,0.000000
A,219149058,1.2605,2.0506,-9.5313
G,219151146,0.000000,0.004261,0.001065
A,219151529,1.2641,2.0506,-9.5277
G,219153627,0.002131,0.004261,0.001065
A,219153979,1.2641,2.0506,-9.5241
G,219156123,0.003196,0.004261,0.002131
A,219156474,1.2605,2.0470,-9.5277
G,219158600,0.005326,0.004261,0.002131
A,219158946,1.2570,2.0542,-9.5241
TRK,219158,-0.01290,0.41853,0.90004,0.12079,0.6617,2.0589,-0.6956,0.000,0.000,0.000,1,4
G,219161092,0.006392,0.003196,0.004261
A,219161407,1.2498,2.0506,-9.5313
G,219163603,0.006392,0.002131,0.005326
A,219163887,1.2426,2.0470,-9.5385
G,219166099,0.006392,0.001065,0.004261
A,219166359,1.2426,2.0327,-9.5457
G,219168599,0.006392,0.000000,0.001065
A,219168829,1.2354,2.0147,-9.5529
G,219171094,0.006392,0.000000,-0.003196
A,219171301,1.2282,2.0039,-9.5600
G,219173577,0.005326,0.001065,-0.006392
A,219173755,1.2210,2.0004,-9.5636
G,219176089,0.005326,0.003196,-0.006392
A,219176240,1.2139,2.0075,-9.5600
G,219178585,0.005326,0.006392,-0.004261
A,219178711,1.2067,2.0111,-9.5636
G,219181076,0.005326,0.007457,0.000000
A,219181175,1.2103,2.0147,-9.5636
TRK,219178,-0.01291,0.41854,0.90004,0.12075,0.6617,2.0589,-0.6956,0.000,0.000,0.000,1,4
G,219183599,0.003196,0.008522,0.003196
A,219183672,1.2139,2.0147,-9.5600
G,219186095,0.002131,0.008522,0.004261
A,219186143,1.2210,2.0111,-9.5565
G,219188597,0.001065,0.009587,0.003196
A,219188621,1.2282,2.0039,-9.5493
A,219191092,1.2318,2.0004,-9.5493
G,219191093,0.001065,0.010653,0.003196
A,219193540,1.2354,2.0004,-9.5421
G,219193565,0.001065,0.009587,0.000000
TRK,219194,-0.01295,0.41854,0.90004,0.12077,0.6617,2.0589,-0.6956,0.000,0.000,0.000,1,4
A,219196029,1.2390,2.0004,-9.5493
G,219196078,0.000000,0.005326,-0.005326
A,219198501,1.2390,2.0004,-9.5457
G,219198574,-0.001065,0.003196,-0.009587
A,219200966,1.2426,2.0004,-9.5457
G,219201062,-0.001065,0.003196,-0.009587
A,219203437,1.2498,1.9968,-9.5421
G,219203557,0.002131,0.004261,-0.005326
A,219205889,1.2534,1.9968,-9.5421
G,219206031,0.003196,0.004261,-0.003196
A,219208368,1.2498,2.0004,-9.5385
G,219208532,0.004261,0.002131,-0.002131
A,219210861,1.2498,2.0111,-9.5421
G,219211045,0.003196,-0.001065,-0.002131
A,219213332,1.2390,2.0147,-9.5493
G,219213569,0.002131,-0.002131,-0.002131
A,219215786,1.2354,2.0147,-9.5565
G,219216065,0.001065,-0.001065,0.000000
A,219218270,1.2318,2.0183,-9.5565
G,219218568,0.000000,0.000000,-0.001065
A,219220742,1.2282,2.0075,-9.5600
G,219221063,-0.001065,0.000000,-0.004261
TRK,219216,-0.01290,0.41854,0.90004,0.12077,0.6617,2.0589,-0.6956,0.000,0.000,0.000,1,4
A,219223227,1.2354,2.0039,-9.5493
G,219223566,-0.003196,0.000000,-0.009587
A,219225698,1.2462,1.9968,-9.5457
G,219226062,-0.004261,-0.001065,-0.011718
A,219228156,1.2498,2.0004,-9.5385
G,219228536,-0.004261,0.000000,-0.008522
A,219230627,1.2534,2.0075,-9.5349
G,219231050,-0.001065,0.002131,-0.002131
A,219233075,1.2426,2.0183,-9.5349
G,219233546,0.000000,0.006392,0.004261
TRK,219233,-0.01285,0.41853,0.90004,0.12080,0.6617,2.0589,-0.6956,0.000,0.000,0.000,1,4
A,219235554,1.2390,2.0291,-9.5385
G,219236040,0.001065,0.007457,0.005326
A,219238025,1.2318,2.0363,-9.5385
G,219238556,0.001065,0.006392,0.003196
A,219240477,1.2318,2.0435,-9.5421
G,219241052,0.001065,0.005326,0.000000
A,219242968,1.2318,2.0435,-9.5385
G,219243555,0.000000,0.005326,-0.002131
A,219245440,1.2318,2.0399,-9.5313
G,219246076,0.001065,0.005326,0.000000
A,219247898,1.2354,2.0363,-9.5170
G,219248572,0.001065,0.005326,0.001065
A,219250380,1.2390,2.0327,-9.5062
G,219251064,0.002131,0.004261,0.002131
A,219252852,1.2426,2.0327,-9.5026
G,219253560,0.003196,0.003196,0.001065
A,219255315,1.2426,2.0291,-9.4990
G,219256033,0.003196,0.001065,0.002131
TRK,219256,-0.01287,0.41853,0.90004,0.12076,0.6617,2.0589,-0.6956,0.000,0.000,0.000,1,4
A,219257809,1.2462,2.0219,-9.5134
G,219258537,0.004261,-0.001065,0.002131
A,219260280,1.2426,2.0147,-9.5241
G,219261046,0.006392,0.000000,0.003196
A,219262730,1.2462,2.0075,-9.5421
G,219263542,0.006392,0.002131,0.004261
A,219265216,1.2426,2.0111,-9.5565
G,219266036,0.005326,0.004261,0.004261
A,219267688,1.2390,2.0111,-9.5636
G,219268547,0.005326,0.005326,0.004261
A,219270141,1.2390,2.0183,-9.5708
G,219271042,0.006392,0.005326,0.004261
A,219272618,1.2354,2.0183,-9.5744
G,219273526,0.007457,0.004261,0.003196
A,219275090,1.2426,2.0327,-9.5744
TRK,219270,-0.01289,0.41854,0.90005,0.12068,0.6617,2.0589,-0.6956,0.000,0.000,0.000,1,4
G,219276039,0.006392,0.004261,0.004261
A,219277548,1.2426,2.0363,-9.5708
G,219278535,0.004261,0.004261,0.002131
A,219280036,1.2462,2.0435,-9.5636
G,219281028,0.003196,0.005326,0.002131
A,219282508,1.2534,2.0435,-9.5385
G,219283524,0.002131,0.005326,0.000000
A,219284978,1.2498,2.0363,-9.5241
G,219285998,0.002131,0.004261,0.001065
A,219287449,1.2605,2.0255,-9.5062
G,219288494,0.004261,0.003196,0.001065
A,219289920,1.2605,2.0219,-9.5026
G,219290968,0.004261,0.003196,0.003196
A,219292392,1.2534,2.0147,-9.5098
G,219293473,0.004261,0.005326,0.003196
A,219294844,1.2534,2.0147,-9.5241
G,219295969,0.003196,0.007457,0.001065
TRK,219295,-0.01295,0.41855,0.90005,0.12065,0.6617,2.0589,-0.6956,0.000,0.000,0.000,1,4
A,219297327,1.2498,2.0147,-9.5349
G,219298454,0.002131,0.008522,-0.003196
A,219299799,1.2498,2.0147,-9.5457
G,219300968,0.001065,0.006392,-0.004261
A,219302262,1.2462,2.0147,-9.5493
G,219303464,0.000000,0.002131,-0.005326
A,219304734,1.2390,2.0147,-9.5457
G,219305959,-0.001065,0.000000,-0.004261
A,219307179,1.2282,2.0111,-9.5457
G,219308455,-0.001065,-0.002131,-0.005326
A,219309676,1.2210,2.0111,-9.5457
G,219310950,-0.001065,0.000000,-0.005326
A,219312147,1.2246,2.0039,-9.5385
G,219313464,0.000000,0.002131,-0.004261
A,219314613,1.2390,2.0075,-9.5241
G,219315960,0.000000,0.005326,-0.003196
TRK,219311,-0.01297,0.41855,0.90005,0.12069,0.6617,2.0589,-0.6956,0.000,0.000,0.000,1,4
A,219317101,1.2498,2.0075,-9.5170
G,219318445,0.000000,0.007457,-0.003196
A,219319573,1.2534,2.0147,-9.5134
G,219320957,-0.002131,0.007457,-0.005326
A,219322037,1.2534,2.0147,-9.5241
G,219323453,-0.002131,0.008522,-0.005326
A,219324509,1.2390,2.0219,-9.5385
G,219325948,-0.002131,0.006392,-0.005326
A,219326959,1.2354,2.0291,-9.5493
G,219328444,0.001065,0.003196,-0.004261
A,219329430,1.2318,2.0363,-9.5493
G,219330939,0.001065,0.000000,-0.003196
A,219331882,1.2282,2.0399,-9.5349
G,219333452,0.000000,-0.002131,-0.004261
A,219334351,1.2282,2.0363,-9.5277
G,219335948,-0.003196,-0.002131,-0.005326
TRK,219335,-0.01294,0.41854,0.90004,0.12077,0.6617,2.0589,-0.6956,0.000,0.000,0.000,1,4
A,219336844,1.2246,2.0291,-9.5170
G,219338433,-0.004261,0.000000,-0.005326
A,219339316,1.2246,2.0111,-9.5205
G,219340946,-0.005326,0.002131,-0.004261
A,219341787,1.2282,2.0039,-9.5277
G,219343442,-0.003196,0.002131,-0.003196
A,219344259,1.2282,1.9932,-9.5385
G,219345937,-0.001065,0.000000,-0.003196
A,219346714,1.2354,1.9932,-9.5493
G,219348433,0.000000,-0.001065,-0.001065
A,219349185,1.2354,1.9896,-9.5600
G,219350929,0.003196,0.000000,0.003196
A,219351641,1.2390,1.9932,-9.5600
G,219353442,0.003196,0.003196,0.005326
A,219354116,1.2354,1.9896,-9.5600
G,219355938,0.005326,0.006392,0.006392
TRK,219355,-0.01293,0.41854,0.90004,0.12079,0.6617,2.0589,-0.6956,0.000,0.000,0.000,1,4
A,219356614,1.2390,1.9932,-9.5457
G,219358423,0.005326,0.006392,0.002131
A,219359085,1.2426,1.9968,-9.5349
G,219360937,0.004261,0.005326,-0.002131
A,219361561,1.2462,2.0039,-9.5313
G,219363433,0.003196,0.004261,-0.005326
A,219364033,1.2534,2.0111,-9.5313
G,219365928,0.004261,0.003196,-0.004261
A,219366492,1.2498,2.0147,-9.5385
G,219368424,0.005326,0.004261,-0.003196
A,219368964,1.2498,2.0219,-9.5457
G,219370920,0.005326,0.005326,-0.002131
A,219371425,1.2462,2.0219,-9.5529
G,219373434,0.004261,0.004261,-0.001065
A,219373904,1.2426,2.0219,-9.5565
G,219375930,0.001065,0.002131,0.000000
A,219376376,1.2462,2.0183,-9.5565
TRK,219371,-0.01299,0.41855,0.90004,0.12074,0.6617,2.0589,-0.6956,0.000,0.000,0.000,1,4
G,219378415,0.000000,0.002131,0.002131
A,219378828,1.2462,2.0147,-9.5529
G,219380932,0.001065,0.003196,0.002131
A,219381312,1.2570,2.0183,-9.5421
G,219383427,0.002131,0.004261,0.001065
A,219383784,1.2641,2.0183,-9.5385
G,219385923,0.000000,0.004261,-0.001065
A,219386248,1.2677,2.0255,-9.5313
G,219388419,-0.002131,0.004261,-0.001065
A,219388719,1.2677,2.0255,-9.5349
G,219390915,-0.003196,0.004261,-0.002131
A,219391185,1.2641,2.0291,-9.5349
G,219393427,-0.001065,0.004261,-0.002131
A,219393668,1.2641,2.0327,-9.5313
G,219395923,0.003196,0.003196,-0.001065
A,219396139,1.2534,2.0399,-9.5277
TRK,219391,-0.01302,0.41855,0.90004,0.12072,0.6617,2.0589,-0.6956,0.000,0.000,0.000,1,4
G,219398409,0.005326,0.002131,0.001065
A,219398597,1.2462,2.0506,-9.5277
G,219400925,0.006392,0.002131,0.002131
A,219401085,1.2318,2.0506,-9.5349
G,219403421,0.006392,0.002131,0.004261
A,219403556,1.2246,2.0506,-9.5493
G,219405917,0.003196,0.002131,0.003196
A,219406025,1.2210,2.0399,-9.5636
G,219408431,0.000000,0.003196,0.003196
A,219408513,1.2210,2.0291,-9.5672
G,219410927,-0.002131,0.002131,-0.001065
A,219410985,1.2282,2.0219,-9.5672
G,219413433,-0.002131,0.002131,-0.004261
A,219413465,1.2318,2.0219,-9.5636
G,219415929,-0.001065,0.002131,-0.007457
A,219415937,1.2354,2.0219,-9.5600
TRK,219411,-0.01305,0.41856,0.90004,0.12070,0.6617,2.0589,-0.6956,0.000,0.000,0.000,1,4
A,219418398,1.2354,2.0291,-9.5600
G,219418414,0.001065,0.001065,-0.007457
A,219420890,1.2354,2.0291,-9.5600
G,219420931,0.003196,0.001065,-0.007457
A,219423362,1.2318,2.0291,-9.5565
G,219423426,0.003196,0.002131,-0.003196
A,219425835,1.2354,2.0291,-9.5493
G,219425922,0.002131,0.002131,0.001065
A,219428327,1.2354,2.0327,-9.5349
G,219428437,0.001065,0.001065,0.004261
A,219430798,1.2354,2.0291,-9.5241
G,219430933,0.001065,0.002131,0.002131
TRK,219430,-0.01301,0.41855,0.90004,0.12071,0.6617,2.0589,-0.6956,0.000,0.000,0.000,1,4
A,219433269,1.2354,2.0291,-9.5170
G,219433425,0.002131,0.003196,0.000000
A,219435741,1.2318,2.0183,-9.5134
G,219435921,0.001065,0.002131,-0.003196
A,219438206,1.2318,2.0147,-9.5277
G,219438407,0.000000,0.000000,-0.003196
A,219440702,1.2390,2.0147,-9.5349
G,219440923,0.000000,0.000000,-0.003196
A,219443174,1.2462,2.0147,-9.5457
G,219443419,0.001065,0.002131,0.001065
A,219445640,1.2570,2.0219,-9.5457
G,219445905,0.002131,0.003196,0.002131
A,219448134,1.2641,2.0291,-9.5385
G,219448418,0.003196,0.003196,0.002131
A,219450606,1.2713,2.0291,-9.5349
G,219450914,0.003196,0.003196,0.000000
A,219453074,1.2749,2.0291,-9.5277
G,219453400,0.004261,0.004261,0.001065
A,219455545,1.2749,2.0291,-9.5277
G,219455896,0.004261,0.004261,0.001065
TRK,219450,-0.01300,0.41855,0.90004,0.12072,0.6617,2.0589,-0.6956,0.000,0.000,0.000,1,4
A,219458014,1.2785,2.0255,-9.5277
G,219458382,0.005326,0.003196,0.000000
A,219460486,1.2749,2.0291,-9.5241
G,219460899,0.003196,0.001065,-0.001065
A,219462936,1.2785,2.0255,-9.5241
G,219463395,0.001065,-0.001065,-0.003196
A,219465418,1.2677,2.0291,-9.5241
G,219465891,0.000000,-0.002131,-0.005326
A,219467889,1.2605,2.0219,-9.5313
G,219468404,0.000000,-0.001065,-0.005326
A,219470338,1.2462,2.0183,-9.5385
G,219470900,0.001065,0.002131,-0.003196
TRK,219470,-0.01301,0.41855,0.90003,0.12079,0.6617,2.0589,-0.6956,0.000,0.000,0.000,1,4
A,219472811,1.2426,2.0075,-9.5421
G,219473386,0.002131,0.003196,0.000000
A,219475283,1.2390,1.9968,-9.5421
G,219475882,0.002131,0.002131,0.001065
A,219477757,1.2390,2.0004,-9.5385
G,219478369,0.001065,-0.001065,0.003196
A,219480249,1.2426,1.9968,-9.5313
G,219480872,0.001065,-0.001065,0.004261
A,219482721,1.2426,2.0111,-9.5241
G,219483368,0.001065,0.001065,0.004261
A,219485186,1.2462,2.0183,-9.5170
G,219485845,0.002131,0.003196,0.001065
A,219487669,1.2534,2.0255,-9.5170
G,219488339,0.002131,0.004261,-0.001065
A,219490141,1.2534,2.0255,-9.5134
G,219490857,0.003196,0.005326,-0.002131
A,219492598,1.2534,2.0219,-9.5134
G,219493353,0.003196,0.006392,-0.002131
TRK,219489,-0.01306,0.41855,0.90002,0.12085,0.6617,2.0589,-0.6956,0.000,0.000,0.000,1,4
A,219495086,1.2498,2.0111,-9.5062
G,219495850,0.002131,0.005326,-0.002131
A,219497558,1.2390,2.0039,-9.5062
G,219498346,0.002131,0.004261,-0.004261
A,219500027,1.2354,2.0039,-9.5098
G,219500823,0.000000,0.001065,-0.006392
A,219502526,1.2318,2.0075,-9.5062
G,219503331,-0.002131,-0.001065,-0.007457
A,219504998,1.2390,2.0111,-9.5098
G,219505847,-0.002131,-0.003196,-0.008522
A,219507456,1.2498,2.0147,-9.5134
G,219508343,-0.001065,-0.002131,-0.007457
A,219509947,1.2605,2.0075,-9.5241
G,219510840,0.000000,-0.002131,-0.006392
A,219512419,1.2677,2.0075,-9.5313
G,219513336,0.000000,-0.003196,-0.006392
A,219514890,1.2605,2.0039,-9.5421
G,219515814,-0.001065,-0.003196,-0.006392
A,219517362,1.2534,2.0075,-9.5421
TRK,219512,-0.01303,0.41854,0.90002,0.12089,0.6617,2.0589,-0.6956,0.000,0.000,0.000,1,4
G,219518322,-0.003196,-0.002131,-0.006392
A,219519815,1.2426,2.0075,-9.5313
G,219520817,-0.003196,0.001065,-0.003196
A,219522285,1.2390,2.0039,-9.5277
G,219523292,-0.001065,0.004261,-0.002131
A,219524780,1.2354,2.0075,-9.5170
G,219525791,0.002131,0.006392,-0.002131
A,219527251,1.2390,2.0111,-9.5134
G,219528306,0.003196,0.005326,-0.002131
A,219529713,1.2390,2.0147,-9.5170
G,219530802,0.004261,0.003196,-0.003196
A,219532199,1.2426,2.0147,-9.5170
G,219533290,0.003196,0.002131,-0.003196
A,219534671,1.2390,2.0075,-9.5205
G,219535796,0.002131,0.002131,-0.003196
A,219537124,1.2426,2.0039,-9.5170
G,219538291,0.002131,0.002131,0.001065
TRK,219533,-0.01314,0.41855,0.90001,0.12091,0.6617,2.0589,-0.6956,0.000,0.000,0.000,1,4
STAT,404.3,400.3,0,0,739,0.0204,1.283,0.4774,0.8404,1.7612,9.8283,0.42,0.018
A,219539602,1.2426,2.0075,-9.5205
G,219540770,0.002131,0.003196,0.002131
A,219542073,1.2426,2.0147,-9.5098
G,219543266,0.002131,0.004261,0.003196
A,219544549,1.2426,2.0291,-9.5170
G,219545742,0.001065,0.004261,0.002131
A,219547021,1.2390,2.0399,-9.5170
G,219548252,0.001065,0.003196,0.001065
A,219549480,1.2390,2.0399,-9.5170
G,219550747,0.001065,0.001065,0.000000
A,219551952,1.2390,2.0363,-9.5241
G,219553237,0.003196,-0.001065,-0.004261
A,219554393,1.2426,2.0327,-9.5241
G,219555733,0.004261,-0.002131,-0.007457
A,219556865,1.2426,2.0183,-9.5313
G,219558203,0.004261,-0.001065,-0.009587
A,219559337,1.2426,2.0183,-9.5349
TRK,219554,-0.01318,0.41856,0.90001,0.12090,0.6617,2.0589,-0.6956,0.000,0.000,0.000,1,4
G,219560703,0.002131,-0.001065,-0.006392
A,219561790,1.2390,2.0075,-9.5349
G,219563199,0.002131,-0.003196,-0.004261
A,219564262,1.2354,2.0075,-9.5349
G,219565667,0.002131,-0.003196,-0.004261
A,219566757,1.2354,2.0004,-9.5385
G,219568158,0.002131,-0.002131,-0.007457
A,219569229,1.2462,1.9968,-9.5349
G,219570668,0.002131,-0.001065,-0.009587
A,219571693,1.2498,1.9932,-9.5385
G,219573164,0.001065,0.001065,-0.008522
A,219574179,1.2570,1.9968,-9.5421
G,219575645,0.000000,0.002131,-0.006392
A,219576651,1.2605,2.0004,-9.5421
TRK,219576,-0.01319,0.41856,0.90002,0.12085,0.6617,2.0589,-0.6956,0.000,0.000,0.000,1,4
G,219578156,0.001065,0.004261,-0.004261
A,219579118,1.2534,2.0111,-9.5493
G,219580652,0.002131,0.006392,-0.002131
A,219581589,1.2462,2.0219,-9.5493
G,219583142,0.002131,0.005326,-0.004261
A,219584037,1.2246,2.0219,-9.5529
G,219585638,0.001065,0.005326,-0.006392
A,219586523,1.2139,2.0219,-9.5493
G,219588117,-0.001065,0.003196,-0.009587
A,219588995,1.2031,2.0147,-9.5421
G,219590619,-0.001065,0.001065,-0.011718
A,219591455,1.2175,2.0075,-9.5313
G,219593115,-0.001065,0.000000,-0.013848
A,219593946,1.2354,2.0111,-9.5205
G,219595597,0.000000,-0.001065,-0.015979
A,219596417,1.2498,2.0075,-9.5205
G,219598095,0.000000,0.000000,-0.013848
A,219598876,1.2605,2.0183,-9.5205
G,219600591,0.000000,0.001065,-0.009587
TRK,219595,-0.01318,0.41856,0.90002,0.12083,0.6617,2.0589,-0.6956,0.000,0.000,0.000,1,4
A,219601358,1.2570,2.0183,-9.5313
G,219603064,0.001065,0.001065,-0.004261
A,219603830,1.2534,2.0255,-9.5421
G,219605562,0.002131,0.001065,-0.002131
A,219606288,1.2426,2.0219,-9.5493
G,219608058,0.002131,0.000000,-0.002131
A,219608760,1.2318,2.0219,-9.5529
G,219610541,0.001065,-0.001065,-0.004261
A,219611205,1.2282,2.0291,-9.5493
TRK,219611,-0.01316,0.41856,0.90002,0.12080,0.6617,2.0589,-0.6956,0.000,0.000,0.000,1,4
G,219613054,-0.001065,-0.002131,-0.004261
A,219613680,1.2354,2.0363,-9.5421
G,219615550,-0.002131,-0.003196,-0.005326
A,219616152,1.2390,2.0435,-9.5421
G,219618043,-0.003196,-0.003196,-0.007457
A,219618609,1.2426,2.0399,-9.5493
G,219620539,-0.001065,-0.003196,-0.006392
A,219621097,1.2390,2.0327,-9.5565
G,219623013,0.001065,-0.002131,-0.003196
A,219623568,1.2354,2.0219,-9.5600
G,219625506,0.002131,0.000000,0.000000
A,219626027,1.2318,2.0147,-9.5565
G,219628021,0.002131,0.001065,0.002131
A,219628506,1.2282,2.0111,-9.5493
G,219630516,0.003196,0.003196,0.005326
A,219630978,1.2282,2.0075,-9.5493
G,219632997,0.003196,0.004261,0.006392
A,219633425,1.2246,2.0039,-9.5457
TRK,219633,-0.01309,0.41856,0.90003,0.12077,0.6617,2.0589,-0.6956,0.000,0.000,0.000,1,4
G,219635502,0.002131,0.005326,0.006392
A,219635897,1.2175,2.0075,-9.5457
G,219637997,0.004261,0.004261,0.004261
A,219638368,1.2175,2.0111,-9.5421
G,219640482,0.005326,0.004261,0.003196
A,219640821,1.2175,2.0183,-9.5313
G,219642983,0.008522,0.005326,0.003196
A,219643291,1.2282,2.0255,-9.5241
G,219645479,0.008522,0.006392,0.003196
A,219645763,1.2462,2.0255,-9.5170
G,219647954,0.006392,0.005326,0.003196
A,219648208,1.2498,2.0183,-9.5134
G,219650469,0.004261,0.003196,0.002131
A,219650694,1.2570,2.0111,-9.5205
G,219652965,0.002131,0.002131,0.000000
A,219653165,1.2462,2.0039,-9.5241
TRK,219648,-0.01310,0.41856,0.90003,0.12073,0.6617,2.0589,-0.6956,0.000,0.000,0.000,1,4
G,219655470,0.002131,0.002131,-0.003196
A,219655642,1.2390,1.9932,-9.5385
G,219657966,0.001065,0.001065,-0.004261
A,219658113,1.2318,1.9824,-9.5457
G,219660451,0.001065,-0.001065,-0.003196
A,219660571,1.2318,1.9788,-9.5493
G,219662966,0.002131,-0.004261,-0.001065
A,219663060,1.2318,1.9752,-9.5493
G,219665462,0.003196,-0.005326,0.000000
A,219665532,1.2318,1.9824,-9.5457
G,219667957,0.004261,-0.004261,-0.001065
A,219668001,1.2318,1.9932,-9.5349
G,219670453,0.002131,-0.002131,-0.001065
A,219670473,1.2354,2.0004,-9.5313
A,219672923,1.2390,2.0147,-9.5277
G,219672928,0.001065,-0.001065,-0.003196
A,219675398,1.2498,2.0147,-9.5241
G,219675427,0.000000,-0.001065,-0.002131
TRK,219676,-0.01302,0.41856,0.90005,0.12062,0.6617,2.0589,-0.6956,0.000,0.000,0.000,1,4
A,219677890,1.2570,2.0183,-9.5277
G,219677942,-0.001065,-0.001065,-0.005326
A,219680384,1.2570,2.0075,-9.5277
G,219680460,-0.002131,0.000000,-0.007457
A,219682856,1.2534,2.0004,-9.5277
G,219682956,-0.002131,0.002131,-0.010653
A,219685339,1.2462,1.9932,-9.5349
G,219685461,-0.001065,0.004261,-0.010653
A,219687811,1.2354,1.9896,-9.5421
G,219687957,-0.001065,0.006392,-0.008522
A,219690264,1.2354,1.9932,-9.5493
G,219690432,0.000000,0.007457,-0.005326
A,219692759,1.2354,2.0039,-9.5565
G,219692948,-0.001065,0.006392,-0.006392
A,219695231,1.2390,2.0039,-9.5565
G,219695444,-0.002131,0.004261,-0.008522
A,219697693,1.2426,2.0111,-9.5565
G,219697926,-0.003196,0.002131,-0.011718
TRK,219694,-0.01299,0.41856,0.90005,0.12060,0.6617,2.0589,-0.6956,0.000,0.000,0.000,1,4
A,219700179,1.2390,2.0183,-9.5493
G,219700432,-0.003196,0.000000,-0.009587
A,219702650,1.2390,2.0291,-9.5457
G,219702927,-0.001065,-0.001065,-0.006392
A,219705112,1.2390,2.0363,-9.5385
G,219705408,-0.001065,0.000000,-0.005326
A,219707610,1.2426,2.0399,-9.5421
G,219707924,0.000000,0.001065,-0.005326
A,219710082,1.2426,2.0363,-9.5421
G,219710420,0.002131,0.003196,-0.006392
A,219712560,1.2390,2.0363,-9.5457
G,219712916,0.004261,0.003196,-0.005326
A,219715032,1.2318,2.0327,-9.5385
G,219715412,0.006392,0.002131,-0.004261
TRK,219710,-0.01297,0.41856,0.90006,0.12057,0.6617,2.0589,-0.6956,0.000,0.000,0.000,1,4
A,219717491,1.2282,2.0363,-9.5349
G,219717888,0.008522,0.001065,-0.002131
A,219719974,1.2246,2.0291,-9.5277
G,219720387,0.008522,-0.001065,-0.003196
A,219722461,1.2282,2.0291,-9.5277
G,219722890,0.005326,0.001065,-0.002131
A,219724933,1.2354,2.0219,-9.5277
G,219725386,0.003196,0.002131,0.000000
A,219727394,1.2390,2.0255,-9.5313
G,219727863,0.001065,0.004261,0.001065
A,219729873,1.2462,2.0219,-9.5385
G,219730356,0.001065,0.002131,0.000000
A,219732344,1.2462,2.0255,-9.5385
G,219732874,0.002131,0.000000,-0.001065
A,219734798,1.2498,2.0255,-9.5385
G,219735369,0.003196,0.000000,0.001065
TRK,219735,-0.01297,0.41856,0.90007,0.12048,0.6617,2.0589,-0.6956,0.000,0.000,0.000,1,4
A,219737282,1.2498,2.0255,-9.5277
G,219737866,0.003196,0.002131,0.002131
A,219739753,1.2498,2.0291,-9.5205
G,219740362,0.002131,0.006392,0.003196
A,219742234,1.2605,2.0327,-9.5098
G,219742855,0.002131,0.008522,0.002131
A,219744705,1.2641,2.0399,-9.5098
G,219745351,0.002131,0.009587,0.001065
A,219747171,1.2677,2.0435,-9.5098
G,219747828,0.003196,0.008522,-0.001065
A,219749655,1.2641,2.0470,-9.5098
G,219750323,0.004261,0.006392,0.000000
A,219752127,1.2570,2.0399,-9.5170
G,219752841,0.005326,0.006392,0.000000
A,219754584,1.2426,2.0327,-9.5241
G,219755336,0.006392,0.006392,0.001065
TRK,219751,-0.01305,0.41857,0.90006,0.12050,0.6617,2.0589,-0.6956,0.000,0.000,0.000,1,4
A,219757072,1.2354,2.0183,-9.5313
G,219757834,0.006392,0.006392,0.001065
A,219759544,1.2318,2.0111,-9.5385
G,219760350,0.005326,0.003196,0.002131
A,219762001,1.2318,2.0111,-9.5349
G,219762846,0.003196,0.000000,0.002131
A,219764481,1.2318,2.0183,-9.5385
G,219765333,0.001065,-0.003196,0.002131
A,219766953,1.2282,2.0255,-9.5385
G,219767839,0.001065,-0.002131,0.003196
A,219769402,1.2282,2.0327,-9.5421
G,219770335,0.002131,0.001065,0.004261
TRK,219769,-0.01303,0.41856,0.90006,0.12055,0.6617,2.0589,-0.6956,0.000,0.000,0.000,1,4
A,219771874,1.2246,2.0255,-9.5493
G,219772812,0.003196,0.001065,0.003196
A,219774346,1.2282,2.0219,-9.5600
G,219775320,0.004261,0.000000,0.001065
A,219776799,1.2318,2.0183,-9.5529
G,219777816,0.002131,-0.002131,-0.003196
A,219779283,1.2354,2.0219,-9.5457
G,219780304,0.000000,-0.001065,-0.007457
A,219781754,1.2318,2.0255,-9.5349
G,219782800,-0.002131,0.002131,-0.008522
A,219784239,1.2390,2.0255,-9.5241
G,219785288,-0.002131,0.005326,-0.005326
A,219786711,1.2390,2.0219,-9.5205
G,219787807,0.000000,0.007457,0.000000
A,219789177,1.2426,2.0183,-9.5205
G,219790302,0.003196,0.008522,0.003196
A,219791660,1.2462,2.0075,-9.5205
G,219792787,0.005326,0.007457,0.003196
A,219794131,1.2462,2.0039,-9.5134
G,219795296,0.006392,0.005326,0.002131
A,219796589,1.2426,2.0004,-9.5098
G,219797792,0.005326,0.005326,0.001065
TRK,219797,-0.01300,0.41855,0.90005,0.12066,0.6617,2.0589,-0.6956,0.000,0.000,0.000,1,4
A,219799077,1.2354,2.0004,-9.5062
G,219800280,0.004261,0.005326,0.000000
A,219801548,1.2246,2.0075,-9.5098
G,219802776,0.003196,0.005326,0.002131
A,219804018,1.2175,2.0075,-9.5205
G,219805245,0.003196,0.005326,0.002131
A,219806489,1.2175,2.0075,-9.5170
G,219807752,0.002131,0.003196,0.003196
A,219808947,1.2210,2.0183,-9.5170
G,219810248,0.003196,0.002131,0.003196
A,219811428,1.2282,2.0219,-9.5026
G,219812727,0.005326,0.003196,0.004261
A,219813900,1.2246,2.0219,-9.4918
TRK,219813,-0.01302,0.41855,0.90004,0.12071,0.6617,2.0589,-0.6956,0.000,0.000,0.000,1,4
G,219815237,0.007457,0.004261,0.005326
A,219816362,1.2246,2.0111,-9.4954
G,219817733,0.008522,0.004261,0.003196
A,219818855,1.2175,2.0075,-9.4990
G,219820222,0.007457,0.002131,0.001065
A,219821326,1.2210,1.9968,-9.5170
G,219822718,0.004261,0.001065,-0.001065
A,219823800,1.2210,2.0075,-9.5277
G,219825188,0.002131,0.001065,-0.003196
A,219826290,1.2318,2.0111,-9.5421
G,219827675,0.000000,0.001065,-0.003196
A,219828762,1.2390,2.0183,-9.5457
G,219830186,-0.002131,0.001065,-0.004261
A,219831227,1.2498,2.0183,-9.5565
G,219832682,-0.002131,0.002131,-0.003196
A,219833698,1.2498,2.0255,-9.5600
G,219835172,-0.001065,0.005326,-0.001065
A,219836144,1.2498,2.0255,-9.5600
G,219837679,0.000000,0.006392,-0.002131
A,219838608,1.2462,2.0291,-9.5600
G,219840175,0.000000,0.005326,-0.003196
TRK,219839,-0.01295,0.41854,0.90004,0.12075,0.6617,2.0589,-0.6956,0.000,0.000,0.000,1,4
A,219841096,1.2426,2.0291,-9.5529
G,219842656,-0.003196,0.004261,-0.004261
A,219843567,1.2426,2.0363,-9.5457
G,219845165,-0.003196,0.005326,-0.003196
A,219846033,1.2390,2.0435,-9.5277
G,219847661,-0.003196,0.005326,-0.003196
A,219848505,1.2354,2.0435,-9.5170
G,219850152,-0.002131,0.006392,-0.003196
A,219850955,1.2354,2.0435,-9.5026
G,219852648,-0.001065,0.004261,-0.004261
A,219853427,1.2318,2.0363,-9.4990
G,219855139,0.000000,0.002131,-0.003196
A,219855878,1.2318,2.0291,-9.5026
G,219857648,0.001065,0.000000,-0.002131
A,219858348,1.2282,2.0219,-9.5134
G,219860144,0.003196,0.000000,0.002131
TRK,219859,-0.01290,0.41853,0.90004,0.12077,0.6617,2.0589,-0.6956,0.000,0.000,0.000,1,4
A,219860841,1.2282,2.0255,-9.5205
G,219862626,0.004261,0.002131,0.006392
A,219863313,1.2210,2.0327,-9.5205
G,219865135,0.005326,0.004261,0.007457
A,219865784,1.2210,2.0399,-9.5205
G,219867631,0.007457,0.005326,0.003196
A,219868256,1.2210,2.0435,-9.5170
G,219870122,0.006392,0.003196,-0.002131
A,219870711,1.2175,2.0435,-9.5170
G,219872618,0.004261,0.001065,-0.007457
A,219873182,1.2282,2.0327,-9.5241
G,219875110,0.001065,0.000000,-0.007457
A,219875639,1.2282,2.0327,-9.5349
G,219877620,0.000000,0.001065,-0.006392
A,219878114,1.2354,2.0255,-9.5421
G,219880116,0.001065,0.002131,-0.005326
A,219880585,1.2426,2.0255,-9.5529
TRK,219875,-0.01288,0.41853,0.90005,0.12076,0.6617,2.0589,-0.6956,0.000,0.000,0.000,1,4
G,219882598,0.001065,0.002131,-0.004261
A,219883033,1.2426,2.0219,-9.5529
G,219885110,0.002131,0.002131,-0.002131
A,219885513,1.2534,2.0219,-9.5385
G,219887606,0.001065,0.002131,0.000000
A,219887985,1.2534,2.0291,-9.5277
G,219890098,0.000000,0.003196,0.001065
A,219890445,1.2605,2.0291,-9.5170
G,219892594,-0.001065,0.003196,0.000000
A,219892917,1.2570,2.0291,-9.5098
G,219895086,0.000000,0.002131,-0.001065
A,219895378,1.2570,2.0255,-9.5134
G,219897596,0.001065,-0.001065,-0.002131
A,219897857,1.2498,2.0147,-9.5205
G,219900092,0.002131,-0.003196,-0.002131
A,219900329,1.2498,2.0039,-9.5313
TRK,219895,-0.01281,0.41852,0.90005,0.12080,0.6617,2.0589,-0.6956,0.000,0.000,0.000,1,4
G,219902574,0.001065,-0.004261,-0.002131
A,219902782,1.2390,1.9968,-9.5385
G,219905087,0.000000,-0.002131,0.001065
A,219905267,1.2318,1.9932,-9.5457
G,219907583,0.001065,0.001065,0.002131
A,219907739,1.2210,1.9968,-9.5421
G,219910076,0.001065,0.001065,0.002131
A,219910204,1.2210,2.0039,-9.5385
G,219912571,0.002131,0.002131,0.001065
A,219912675,1.2282,2.0111,-9.5313
G,219915064,0.002131,0.002131,0.000000
A,219915142,1.2354,2.0219,-9.5421
G,219917574,0.003196,0.004261,-0.001065
A,219917626,1.2426,2.0255,-9.5493
G,219920070,0.005326,0.007457,-0.001065
A,219920098,1.2390,2.0255,-9.5636
TRK,219915,-0.01277,0.41852,0.90005,0.12082,0.6617,2.0589,-0.6956,0.000,0.000,0.000,1,4
G,219922553,0.006392,0.009587,0.000000
A,219922556,1.2318,2.0255,-9.5672
A,219925045,1.2318,2.0219,-9.5600
G,219925066,0.007457,0.009587,0.002131
A,219927517,1.2354,2.0183,-9.5421
G,219927562,0.007457,0.007457,0.003196
A,219929986,1.2390,2.0183,-9.5313
G,219930055,0.007457,0.005326,0.005326
A,219932458,1.2462,2.0147,-9.5205
G,219932551,0.008522,0.005326,0.007457
TRK,219931,-0.01281,0.41852,0.90004,0.12082,0.6617,2.0589,-0.6956,0.000,0.000,0.000,1,4
A,219934909,1.2426,2.0183,-9.5170
G,219935024,0.008522,0.007457,0.007457
A,219937380,1.2426,2.0183,-9.5062
G,219937520,0.008522,0.009587,0.009587
A,219939833,1.2390,2.0183,-9.4990
G,219939994,0.006392,0.009587,0.008522
A,219942316,1.2390,2.0147,-9.4882
G,219942499,0.006392,0.007457,0.006392
A,219944788,1.2354,2.0147,-9.4882
G,219944994,0.005326,0.004261,0.003196
A,219947244,1.2390,2.0075,-9.4990
G,219947470,0.005326,0.003196,-0.001065
A,219949739,1.2354,2.0075,-9.5062
G,219949985,0.005326,0.004261,-0.003196
A,219952210,1.2390,2.0004,-9.5170
G,219952481,0.006392,0.005326,-0.003196
TRK,219952,-0.01285,0.41853,0.90004,0.12082,0.6617,2.0589,-0.6956,0.000,0.000,0.000,1,4
A,219954686,1.2426,2.0039,-9.5277
G,219954976,0.007457,0.007457,0.001065
A,219957158,1.2498,2.0039,-9.5349
G,219957471,0.007457,0.006392,0.005326
A,219959634,1.2498,2.0004,-9.5385
G,219959966,0.006392,0.002131,0.005326
A,219962132,1.2498,1.9968,-9.5457
G,219962482,0.004261,-0.001065,0.004261
A,219964604,1.2462,1.9860,-9.5457
G,219964978,0.002131,-0.001065,0.002131
A,219967072,1.2426,1.9860,-9.5385
G,219967462,0.001065,0.000000,0.001065
A,219969558,1.2354,1.9896,-9.5313
G,219969965,0.000000,0.002131,-0.001065
A,219972029,1.2354,2.0004,-9.5241
G,219972461,-0.001065,0.004261,-0.002131
A,219974489,1.2354,2.0039,-9.5241
G,219974936,-0.002131,0.004261,-0.001065
TRK,219975,-0.01289,0.41853,0.90004,0.12078,0.6617,2.0589,-0.6956,0.000,0.000,0.000,1,4
A,219976979,1.2318,2.0075,-9.5277
G,219977441,-0.001065,0.004261,-0.001065
A,219979450,1.2318,2.0147,-9.5277
G,219979937,0.000000,0.002131,0.000000
A,219981922,1.2390,2.0111,-9.5313
G,219982423,0.000000,0.001065,0.000000
A,219984393,1.2390,2.0075,-9.5385
G,219984939,-0.001065,0.000000,0.003196
A,219986845,1.2498,2.0039,-9.5457
G,219987434,-0.001065,0.001065,0.002131
A,219989329,1.2498,1.9932,-9.5457
G,219989930,-0.001065,0.003196,0.002131
A,219991800,1.2498,1.9932,-9.5421
G,219992426,-0.001065,0.004261,-0.001065
A,219994264,1.2426,1.9896,-9.5421
G,219994902,-0.003196,0.003196,-0.005326
TRK,219991,-0.01293,0.41854,0.90004,0.12074,0.6617,2.0589,-0.6956,0.000,0.000,0.000,1,4
A,219996759,1.2354,1.9932,-9.5421
G,219997408,-0.004261,0.002131,-0.005326
A,219999230,1.2282,2.0004,-9.5457
G,219999904,-0.004261,0.003196,-0.002131
A,220001706,1.2246,2.0075,-9.5421
G,220002390,-0.002131,0.006392,0.001065
A,220004178,1.2282,2.0147,-9.5313
G,220004907,-0.001065,0.007457,0.001065
A,220006634,1.2282,2.0183,-9.5277
G,220007402,-0.001065,0.007457,-0.001065
A,220009121,1.2354,2.0183,-9.5241
G,220009899,-0.001065,0.006392,-0.003196
A,220011593,1.2390,2.0183,-9.5313
G,220012394,0.001065,0.007457,-0.002131
A,220014061,1.2426,2.0219,-9.5349
G,220014871,0.003196,0.008522,-0.001065
TRK,220011,-0.01297,0.41855,0.90005,0.12069,0.6617,2.0589,-0.6956,0.000,0.000,0.000,1,4
A,220016560,1.2462,2.0291,-9.5385
G,220017378,0.004261,0.009587,-0.001065
A,220019031,1.2462,2.0327,-9.5349
G,220019873,0.005326,0.009587,0.002131
A,220021511,1.2354,2.0327,-9.5313
G,220022360,0.005326,0.009587,0.006392
A,220023983,1.2246,2.0255,-9.5313
G,220024878,0.005326,0.010653,0.008522
A,220026443,1.2103,2.0183,-9.5349
G,220027373,0.004261,0.010653,0.008522
A,220028934,1.2067,2.0111,-9.5349
G,220029870,0.003196,0.009587,0.006392
A,220031406,1.2031,2.0147,-9.5421
G,220032366,0.001065,0.006392,0.005326
A,220033878,1.2139,2.0147,-9.5457
G,220034843,0.001065,0.003196,0.003196
A,220036349,1.2210,2.0183,-9.5493
TRK,220031,-0.01307,0.41856,0.90005,0.12063,0.6617,2.0589,-0.6956,0.000,0.000,0.000,1,4
G,220037350,0.000000,0.001065,0.001065
A,220038802,1.2282,2.0147,-9.5493
G,220039846,0.001065,0.001065,0.001065
A,220041276,1.2354,2.0147,-9.5421
G,220042323,0.003196,0.004261,0.002131
A,220043770,1.2390,2.0219,-9.5349
G,220044821,0.004261,0.006392,0.004261
A,220046242,1.2462,2.0255,-9.5277
G,220047317,0.004261,0.007457,0.005326
A,220048708,1.2498,2.0327,-9.5241
G,220049786,0.002131,0.006392,0.004261
A,220051201,1.2498,2.0327,-9.5241
G,220052281,0.001065,0.005326,0.001065
A,220053672,1.2426,2.0327,-9.5205
G,220054800,0.002131,0.005326,-0.001065
A,220056139,1.2390,2.0291,-9.5241
G,220057296,0.004261,0.005326,-0.003196
A,220058611,1.2354,2.0291,-9.5205
TRK,220053,-0.01309,0.41857,0.90005,0.12055,0.6617,2.0589,-0.6956,0.000,0.000,0.000,1,4
G,220059794,0.005326,0.006392,-0.003196
A,220061058,1.2318,2.0147,-9.5241
G,220062290,0.006392,0.007457,-0.002131
A,220063551,1.2318,2.0075,-9.5241
G,220064783,0.006392,0.008522,0.000000
A,220066023,1.2318,1.9968,-9.5277
G,220067278,0.005326,0.007457,0.001065
A,220068502,1.2390,1.9968,-9.5313
G,220069757,0.004261,0.007457,-0.001065
A,220070974,1.2462,2.0075,-9.5313
G,220072266,0.003196,0.007457,-0.006392
A,220073435,1.2570,2.0219,-9.5313
G,220074762,0.001065,0.007457,-0.008522
TRK,220073,-0.01307,0.41857,0.90006,0.12053,0.6617,2.0589,-0.6956,0.000,0.000,0.000,1,4
A,220075912,1.2641,2.0291,-9.5385
G,220077238,0.000000,0.004261,-0.009587
A,220078384,1.2641,2.0327,-9.5385
G,220079737,-0.001065,0.002131,-0.007457
A,220080836,1.2570,2.0291,-9.5493
G,220082233,0.001065,0.000000,-0.004261
A,220083308,1.2426,2.0219,-9.5529
G,220084733,0.004261,0.001065,-0.001065
A,220085762,1.2390,2.0219,-9.5565
G,220087229,0.005326,0.002131,-0.001065
A,220088239,1.2390,2.0183,-9.5565
G,220089701,0.004261,0.004261,0.000000
A,220090711,1.2390,2.0147,-9.5565
G,220092211,0.003196,0.005326,0.000000
A,220093177,1.2462,2.0183,-9.5529
G,220094707,0.002131,0.006392,0.001065
A,220095648,1.2498,2.0183,-9.5421
TRK,220090,-0.01305,0.41857,0.90006,0.12053,0.6617,2.0589,-0.6956,0.000,0.000,0.000,1,4
G,220097197,0.002131,0.006392,0.000000
A,220098095,1.2534,2.0219,-9.5349
G,220099704,0.002131,0.005326,0.000000
A,220100560,1.2498,2.0255,-9.5241
G,220102200,0.002131,0.003196,0.002131
A,220103032,1.2426,2.0255,-9.5349
G,220112206,0.004261,0.005326,0.003196
A,220112894,1.2390,2.0255,-9.5349
TRK,220460,-0.01293,0.41853,0.90003,0.12085,0.6617,2.0589,-0.6956,0.000,0.000,0.000,1,4
A,222277991,0.5207,2.1907,-8.4072
G,222278304,-0.058590,-0.419714,-0.536893
A,222280462,0.8045,1.8675,-9.8474
G,222280799,0.929976,-0.177899,-0.541154
A,222282932,0.9481,1.8495,-12.1099
G,222283287,1.462608,-0.003196,-0.624245
A,222285403,1.0271,1.9213,-14.0097
G,222285805,1.200553,0.068177,-0.674312
A,222287855,1.3180,1.9178,-14.5843
G,222288301,0.353668,0.082025,-0.615723
A,222290337,1.5443,1.8136,-13.6469
G,222290799,-0.523045,0.151268,-0.529436
A,222292808,1.6520,1.6628,-11.7687
G,222293294,-0.943824,0.316384,-0.498544
A,222295264,1.3934,1.6771,-9.8330
G,222295765,-0.803209,0.541154,-0.555003
A,222297758,1.0092,1.8747,-8.4539
G,222298273,-0.371777,0.713727,-0.630637
A,222300230,0.7506,2.2841,-7.8254
G,222300769,-0.008522,0.760599,-0.644485
A,222302704,0.5351,2.7581,-7.6926
G,222303257,0.076699,0.665790,-0.629571
A,222305176,0.6680,3.2178,-7.7393
G,222305776,-0.094809,0.474043,-0.629571
A,222307632,0.6500,3.5626,-7.6746
G,222308271,-0.362190,0.245011,-0.676443
A,222310118,0.7685,3.7098,-7.4555
G,222310770,-0.552872,0.029827,-0.715858
A,222312590,0.8332,3.7026,-7.1970
G,222313265,-0.561394,-0.151268,-0.709466
TRK,222308,0.00394,0.44005,0.88877,0.12815,0.6640,2.0598,-0.6961,-0.045,-0.016,0.002,2,4
A,222315057,1.0199,3.5913,-7.1575
G,222315743,-0.367516,-0.288687,-0.651942
A,222317548,1.0738,3.4405,-7.4807
G,222318245,-0.034088,-0.383495,-0.558199
A,222320020,1.1564,3.2932,-8.2923
G,222320741,0.334493,-0.423975,-0.438889
A,222322499,1.1133,3.1244,-9.4020
G,222323230,0.633832,-0.400539,-0.306796
A,222324970,1.1779,2.9664,-10.6338
G,222325749,0.795752,-0.313188,-0.172573
A,222327430,0.8332,2.7940,-11.6215
G,222328245,0.787230,-0.181095,-0.073503
A,222329901,0.6788,2.6324,-12.1925
G,222330744,0.632767,-0.037284,-0.021305
A,222332343,0.2909,2.5462,-12.2428
G,222333239,0.409062,0.102265,-0.010653
A,222334836,0.1006,2.5103,-11.8800
G,222335739,0.194943,0.226901,-0.023436
A,222337307,0.0862,2.5355,-11.2623
G,222338234,0.027697,0.318514,-0.055394
A,222339780,0.2442,2.5678,-10.4974
G,222340713,-0.085221,0.354733,-0.088417
A,222342251,0.5423,2.4960,-9.7971
G,222343223,-0.107592,0.320645,-0.087352
A,222344706,0.8871,2.3954,-9.3518
G,222345718,0.041545,0.287621,-0.061785
TRK,222337,0.00527,0.43579,0.89135,0.12475,0.6631,2.0596,-0.6962,-0.023,-0.009,0.013,2,4
A,222347191,1.3431,2.2015,-9.3482
G,222348208,0.348341,0.304666,-0.045806
A,222349662,1.7023,2.0399,-9.7648
G,222350703,0.676443,0.402670,-0.041545
A,222352129,1.9752,1.9788,-10.4363
G,222353173,0.819188,0.531567,-0.028762
A,222354626,1.8531,1.8854,-10.8457
G,222355673,0.660464,0.626375,-0.007457
A,222357097,1.6879,1.8136,-10.6949
G,222358184,0.278034,0.641289,0.029827
A,222359554,1.5479,1.6879,-10.0772
G,222360679,-0.069242,0.593352,0.064981
A,222362043,1.1313,1.6305,-9.2692
G,222363170,-0.137419,0.581634,0.051133
A,222364514,1.0415,1.6125,-8.7053
G,222365690,0.057524,0.616788,-0.038350
A,222366983,0.7685,1.6879,-8.4288
G,222368186,0.271642,0.610397,-0.139550
A,222369454,0.7614,1.6879,-8.3534
G,222370686,0.334493,0.495348,-0.168312
A,222371905,0.8835,1.6484,-8.4180
G,222373181,0.327036,0.349407,-0.153398
TRK,222364,-0.00092,0.43452,0.89200,0.12459,0.6625,2.0593,-0.6957,-0.032,-0.009,0.023,2,4
A,222374386,1.1600,1.5658,-8.5976
G,222375661,0.382430,0.287621,-0.169377
A,222376857,1.3503,1.5299,-8.9639
G,222378172,0.456998,0.300405,-0.222640
A,222379320,1.4437,1.5694,-9.4056
G,222380667,0.402670,0.302535,-0.268447
A,222381813,1.4222,1.6197,-9.6247
G,222383158,0.185356,0.259925,-0.282295
A,222384284,1.3575,1.6448,-9.4918
G,222385653,-0.066046,0.214118,-0.284426
A,222386758,1.2713,1.6700,-9.0824
G,222388124,-0.205596,0.186421,-0.288687
A,222389229,1.2282,1.6807,-8.6514
G,222390646,-0.178964,0.159790,-0.295078
A,222391704,1.2103,1.7310,-8.4503
G,222393141,-0.035154,0.121440,-0.318514
A,222394175,1.2031,1.8028,-8.5509
TRK,222389,-0.00556,0.43139,0.89356,0.12418,0.6616,2.0591,-0.6954,-0.041,-0.013,0.005,2,4
G,222395642,0.121440,0.084156,-0.360059
A,222396631,1.1815,1.8818,-8.8705
G,222398138,0.187487,0.045806,-0.410127
A,222399118,1.1815,1.9609,-9.2225
G,222400619,0.119310,0.000000,-0.436758
A,222401589,1.1851,2.0363,-9.4559
G,222403130,-0.031958,-0.045806,-0.445280
A,222404057,1.2246,2.1153,-9.5205
G,222405626,-0.173638,-0.074569,-0.458064
A,222406528,1.2390,2.2194,-9.4523
G,222408118,-0.255663,-0.088417,-0.487891
A,222408977,1.2641,2.3523,-9.3625
G,222410613,-0.274838,-0.101200,-0.518784
A,222411449,1.2246,2.5139,-9.2871
TRK,222410,-0.00458,0.42692,0.89561,0.12486,0.6606,2.0588,-0.6955,-0.042,-0.010,-0.004,2,4
G,222413104,-0.256729,-0.117179,-0.534763
A,222413899,1.1744,2.6683,-9.2440
G,222415600,-0.223706,-0.129962,-0.529436
A,222416381,1.0882,2.8156,-9.2332
G,222418072,-0.190682,-0.138484,-0.507066
A,222418852,1.0163,2.9269,-9.2404
G,222420575,-0.161920,-0.142745,-0.467651
A,222421315,0.9409,2.9987,-9.2656
G,222423070,-0.128897,-0.140615,-0.417584
A,222423786,0.9086,3.0418,-9.3230
G,222425553,-0.084156,-0.128897,-0.368581
A,222426230,0.8727,3.0742,-9.4128
TRK,222426,-0.00255,0.42371,0.89704,0.12563,0.6601,2.0587,-0.6955,-0.032,-0.004,-0.005,2,4
G,222428066,-0.038350,-0.111853,-0.324906
A,222428705,0.8547,3.1029,-9.5421
G,222430561,-0.009587,-0.092678,-0.285491
A,222431176,0.8296,3.1316,-9.6678
G,222433051,-0.007457,-0.078830,-0.245011
A,222433629,0.8440,3.1675,-9.7648
G,222435547,-0.028762,-0.068177,-0.205596
A,222436117,0.8583,3.1927,-9.8186
G,222438020,-0.057524,-0.066046,-0.172573
A,222438588,0.8906,3.2178,-9.8078
TRK,222438,-0.00168,0.42224,0.89774,0.12558,0.6598,2.0587,-0.6956,-0.022,0.000,0.000,2,4
G,222440523,-0.080960,-0.063916,-0.139550
A,222441055,0.8835,3.2358,-9.7360
G,222443019,-0.079895,-0.058590,-0.099070
A,222443546,0.8763,3.2250,-9.6498
G,222445494,-0.045806,-0.043676,-0.051133
A,222446017,0.8619,3.2034,-9.5744
G,222448007,0.018109,-0.023436,0.003196
A,222448495,0.8404,3.1460,-9.5636
G,222450503,0.092678,0.003196,0.061785
A,222450967,0.8332,3.0742,-9.5996
TRK,222446,-0.00127,0.42184,0.89791,0.12573,0.6596,2.0587,-0.6955,-0.015,0.004,0.003,2,4
G,222452997,0.154463,0.034088,0.125701
A,222453427,0.8404,2.9736,-9.6750
G,222455492,0.189617,0.064981,0.183225
A,222455918,0.8655,2.8587,-9.7217
G,222457966,0.203465,0.091613,0.234358
A,222458389,0.9122,2.7294,-9.7396
G,222460471,0.208792,0.110787,0.271642
A,222460861,0.9768,2.5929,-9.7145
G,222462966,0.221575,0.122505,0.299339
A,222463332,1.0379,2.4708,-9.7109
G,222465451,0.236489,0.125701,0.312122
A,222465785,1.0882,2.3559,-9.7217
TRK,222462,-0.00230,0.42287,0.89756,0.12473,0.6595,2.0588,-0.6955,-0.005,0.008,0.007,2,4
G,222467966,0.243946,0.124636,0.318514
A,222468269,1.1277,2.2553,-9.7468
G,222470461,0.229032,0.120375,0.318514
A,222470740,1.1528,2.1656,-9.7612
G,222472956,0.198139,0.119310,0.321710
A,222473205,1.1672,2.0722,-9.7288
G,222475451,0.169377,0.122505,0.325971
A,222475676,1.1887,1.9752,-9.6570
G,222477946,0.158724,0.129962,0.328101
A,222478142,1.1995,1.8818,-9.5744
G,222480442,0.167247,0.139550,0.323840
TRK,222479,-0.00420,0.42503,0.89669,0.12363,0.6594,2.0589,-0.6953,-0.007,0.007,0.010,2,4
A,222480639,1.2175,1.7885,-9.5241
G,222482917,0.182160,0.151268,0.317449
A,222483110,1.2498,1.7023,-9.4918
G,222485414,0.187487,0.160855,0.306796
A,222485578,1.2893,1.6340,-9.4882
G,222487909,0.178964,0.165116,0.294013
A,222488050,1.3324,1.5766,-9.4918
G,222490395,0.153398,0.160855,0.270577
A,222490508,1.3719,1.5263,-9.4774
G,222492891,0.121440,0.148072,0.240750
A,222492979,1.4078,1.4904,-9.4451
G,222495377,0.087352,0.127832,0.203465
A,222495439,1.4257,1.4581,-9.3841
G,222497893,0.062851,0.103331,0.167247
A,222497930,1.4365,1.4365,-9.3087
G,222500388,0.049002,0.078830,0.131028
A,222500401,1.5012,1.4365,-9.2727
A,222502862,0.9948,1.5443,-9.1291
G,222502874,0.043676,0.056459,0.096939
TRK,222503,-0.00613,0.42682,0.89590,0.12306,0.6591,2.0590,-0.6951,-0.020,0.003,0.004,2,4
A,222505344,0.2801,1.6771,-8.6838
G,222505380,0.049002,-0.007457,0.120375
A,222507837,-0.2729,1.6664,-8.0373
G,222507897,0.168312,-0.113983,0.370712
A,222510308,-0.5207,1.2534,-7.3586
G,222510392,0.633832,-0.216249,0.948085
A,222512772,0.0467,0.4561,-7.6531
G,222512879,1.670334,-0.183225,1.698031
A,222515257,0.6752,-0.6213,-9.5205
G,222515385,3.179814,0.050067,2.227468
A,222517728,1.0918,-1.6951,-13.0077
G,222517881,4.612595,0.416518,2.325472
TRK,222513,-0.00727,0.43025,0.89467,0.11995,0.6589,2.0590,-0.6952,-0.017,-0.008,-0.014,2,4
A,222520213,0.8475,-2.4780,-17.1880
G,222520387,5.233644,0.804275,2.090049
A,222522684,0.2837,-3.0203,-20.3447
G,222522882,4.620052,1.102549,1.776861
A,222525150,-0.0431,-3.4943,-21.1276
G,222525369,2.998719,1.323058,1.568069
A,222527621,0.2047,-3.9828,-19.3535
G,222527887,1.161138,1.495631,1.491370
A,222530069,0.8511,-4.3527,-16.3225
G,222530382,-0.003196,1.731055,1.378452
A,222532537,1.7023,-4.3491,-13.7224
G,222532868,-0.125701,2.095375,0.976847
A,222535026,2.4493,-3.7816,-12.6629
G,222535375,0.323840,2.551308,0.207727
A,222537497,2.7940,-2.7222,-12.8030
G,222537870,0.383495,2.865561,-0.691357
A,222539965,2.5426,-1.2175,-12.7599
G,222540355,-0.610397,2.898584,-1.508414
A,222542436,2.2517,0.3555,-11.0504
TRK,222541,-0.03973,0.44052,0.89070,0.10500,0.6568,2.0570,-0.6934,-0.122,-0.115,0.122,2,4
STAT,405.0,401.0,0,0,3222,4.1067,71.204,0.4747,0.8360,1.7463,9.8285,0.42,0.018
G,222542872,-2.524677,2.672749,-2.146508
A,222544887,1.8531,1.9896,-7.2221
G,222545367,-4.545483,2.344647,-2.511894
A,222547369,1.3467,3.6559,-1.9860
G,222547864,-5.767341,2.046373,-2.552374
A,222549840,1.7741,5.3187,3.0239
G,222550359,-5.715143,1.802427,-2.308428
A,222552302,1.7274,7.0785,6.4859
G,222552835,-4.575311,1.509480,-2.048503
A,222554773,2.6827,8.7520,7.4484
G,222555330,-3.005111,1.056742,-1.813080
TRK,222549,-0.03807,0.42942,0.89274,0.13099,0.6560,2.0562,-0.6926,-0.108,-0.093,0.071,2,4
A,222557237,2.2517,10.3214,6.7157
G,222557808,-1.760882,0.334493,-1.607484
A,222559732,2.3020,11.4706,5.1140
G,222560316,-1.249555,-0.576308,-1.278317
A,222562203,1.1205,12.1566,3.9002
G,222562811,-1.358212,-1.585113,-0.831971
A,222564679,0.7111,12.1386,3.0706
G,222565299,-1.589374,-2.587527,-0.324906
A,222567150,-0.1221,11.7615,2.1476
G,222567817,-1.376322,-3.429086,0.155529
A,222569607,-0.1221,10.9930,0.2837
G,222570312,-0.526241,-4.048005,0.564590
A,222572094,-0.1544,9.8940,-3.0382
G,222572810,0.764860,-4.415521,1.006675
A,222574565,-0.2442,8.6048,-7.7680
G,222575305,2.073004,-4.562528,1.477522
A,222577033,-0.9086,7.3442,-13.4925
G,222577783,3.027481,-4.442153,1.876996
A,222579504,-1.6269,6.2668,-19.3284
G,222580300,3.339604,-4.007524,2.082592
A,222581962,-2.6252,5.4983,-23.9360
G,222582795,2.829342,-3.353452,2.165683
TRK,222578,-0.00684,0.43054,0.89315,0.12991,0.6558,2.0570,-0.6952,0.095,0.093,-0.128,2,4
A,222584443,-3.1208,4.8770,-26.2847
G,222585283,1.637311,-2.615224,2.335060
A,222586914,-2.9233,4.2234,-25.9364
G,222587802,0.308927,-1.846103,2.645051
A,222589375,-2.1153,3.4046,-23.4871
G,222590297,-0.509196,-1.023719,2.975283
A,222591861,-1.5048,2.7689,-20.2837
G,222592789,-0.529436,-0.153398,3.160639
A,222594332,-0.4166,2.4134,-17.3783
G,222595284,-0.041545,0.665790,3.177684
TRK,222594,0.00058,0.45275,0.88415,0.11531,0.6575,2.0579,-0.6955,0.124,0.032,0.065,2,4
A,222596805,0.3304,2.2661,-15.0116
G,222597763,0.399474,1.296427,3.176618
A,222599276,1.2570,2.1440,-12.8210
G,222600271,0.438889,1.646899,3.251187
A,222601730,2.0686,1.8028,-10.4256
G,222602767,0.190682,1.737446,3.408846
A,222604201,2.5462,1.4042,-8.1307
G,222605263,0.052198,1.686314,3.503654
A,222606644,2.5642,1.0846,-6.4212
G,222607758,0.243946,1.588309,3.482349
A,222609131,2.2266,1.0199,-5.7138
G,222610247,0.594418,1.456216,3.385410
A,222611602,1.7849,1.2103,-5.6778
G,222612766,0.722249,1.250620,3.296993
A,222614070,1.5766,1.2318,-5.5593
G,222615261,0.465521,0.957673,3.266100
A,222616541,1.6484,0.9840,-4.9237
G,222617754,0.072438,0.610397,3.257578
A,222618983,2.0004,0.3555,-4.0546
G,222620249,-0.013848,0.282295,3.203250
TRK,222615,-0.01768,0.48006,0.86903,0.11838,0.6602,2.0587,-0.6939,0.111,0.043,0.037,2,4
A,222621463,2.3703,-0.3627,-3.6955
G,222622728,0.418649,0.042611,3.057309
A,222623934,2.5929,-0.8942,-4.2126
G,222625224,1.114267,-0.108657,2.845321
A,222626382,2.5893,-0.9768,-5.5522
G,222627720,1.593635,-0.241815,2.635464
A,222628862,2.4995,-0.6859,-7.0964
G,222630198,1.574461,-0.418649,2.474609
A,222631333,2.2625,-0.1975,-8.2313
G,222632717,1.136637,-0.639159,2.367018
A,222633806,2.1943,0.2227,-8.7412
G,222635213,0.543285,-0.888430,2.312689
A,222636296,2.2230,0.4381,-8.6981
G,222637699,0.053263,-1.125985,2.296710
A,222638768,2.4241,0.4130,-8.4324
G,222640195,-0.166181,-1.313471,2.296710
TRK,222634,-0.02321,0.50365,0.85656,0.11002,0.6618,2.0595,-0.6940,0.077,0.052,-0.027,2,4
A,222641252,2.7473,0.2406,-8.4001
G,222642675,-0.076699,-1.413606,2.257295
A,222643723,2.8802,0.0215,-8.8992
G,222645170,0.183225,-1.426389,2.163552
A,222646208,2.8623,-0.1760,-9.9551
G,222647650,0.382430,-1.381648,2.031459
A,222648679,2.6288,-0.4094,-11.2731
G,222650154,0.346211,-1.300688,1.903627
A,222651137,2.3451,-0.6608,-12.4151
G,222652649,0.057524,-1.204814,1.797101
TRK,222652,-0.01578,0.52029,0.84761,0.10299,0.6629,2.0605,-0.6946,0.043,0.057,-0.027,2,4
A,222653634,1.9501,-0.9194,-12.9790
G,222655140,-0.361125,-1.084439,1.706553
A,222656105,1.6053,-1.0307,-12.9036
G,222657661,-0.741424,-0.943824,1.613876
A,222658583,1.2857,-0.8727,-12.4115
G,222660157,-0.956607,-0.801079,1.511610
A,222661054,0.9409,-0.3376,-11.7507
G,222662649,-0.996022,-0.675378,1.402953
A,222663504,0.6500,0.4992,-11.1510
G,222665145,-0.973652,-0.583765,1.320928
A,222665994,0.3807,1.4832,-10.5728
G,222667626,-1.042894,-0.532632,1.297492
A,222668465,0.1975,2.3810,-9.8509
G,222670138,-1.252751,-0.549676,1.360343
A,222670935,0.1903,3.0562,-8.7987
G,222672633,-1.484978,-0.638093,1.483913
A,222673407,0.3950,3.4297,-7.5848
G,222675124,-1.541438,-0.775512,1.630920
A,222675858,0.7290,3.6057,-6.5326
G,222677637,-1.294296,-0.918258,1.768339
A,222678332,0.9876,3.6129,-6.0118
G,222680133,-0.785100,-1.036502,1.891909
TRK,222676,-0.00419,0.53501,0.83786,0.10830,0.6635,2.0616,-0.6947,0.035,0.038,-0.009,2,4
A,222680825,1.2785,3.4512,-6.3386
G,222682614,-0.223706,-1.135572,2.019741
A,222683296,1.2246,3.0418,-7.2113
G,222685126,0.139550,-1.236772,2.151834
A,222685770,0.8691,2.4134,-8.3570
G,222687622,0.189617,-1.350755,2.258361
A,222688241,0.5279,1.6664,-9.2799
G,222690134,0.020240,-1.443433,2.290318
A,222690717,0.1006,0.9732,-9.8258
G,222692630,-0.142745,-1.461543,2.243447
A,222693188,0.1293,0.5638,-10.1849
G,222695121,-0.165116,-1.391235,2.147573
A,222695644,0.7111,0.4920,-10.3825
G,222697637,-0.098004,-1.282578,2.068743
A,222698125,1.4545,0.4884,-10.4291
G,222700133,-0.051133,-1.200553,2.076200
A,222700596,1.6628,0.4525,-10.2711
TRK,222696,0.00566,0.55355,0.82629,0.10389,0.6644,2.0624,-0.6953,0.045,0.038,-0.032,2,4
G,222702634,-0.027697,-1.166465,2.143312
A,222703064,1.8854,0.1796,-10.0161
G,222705130,0.076699,-1.133441,2.175270
A,222705536,1.7238,-0.2478,-9.9766
G,222707606,0.263120,-1.071656,2.092179
A,222707979,1.7166,-0.7901,-10.2280
G,222710102,0.374973,-1.008805,1.939846
A,222710470,1.9644,-1.3252,-10.7093
G,222712575,0.262055,-0.990696,1.783252
A,222712942,2.4169,-1.7705,-11.2049
G,222715068,-0.063916,-1.026915,1.620267
A,222715403,2.8766,-2.2087,-11.4203
G,222717591,-0.449542,-1.088700,1.460477
A,222717895,3.2358,-2.4457,-11.5029
G,222720087,-0.744620,-1.135572,1.297492
A,222720366,3.4728,-2.5175,-11.6753
TRK,222716,0.01243,0.57072,0.81529,0.09709,0.6649,2.0632,-0.6958,-0.008,0.038,-0.021,2,4
G,222722569,-0.910801,-1.156877,1.139833
A,222722819,3.4117,-2.3990,-11.9878
G,222725078,-1.020523,-1.123854,0.934237
A,222725298,3.0993,-2.1009,-12.3972
G,222727574,-1.181378,-1.056742,0.698813
A,222727770,2.9090,-1.6771,-12.6629
G,222730067,-1.415736,-0.964064,0.484695
A,222730234,2.8695,-1.2031,-12.4044
G,222732563,-1.608549,-0.837298,0.346211
A,222732706,3.0490,-0.7578,-11.6502
G,222735056,-1.594701,-0.689226,0.253533
A,222735172,3.0203,-0.3950,-10.6338
G,222737570,-1.288970,-0.536893,0.140615
A,222737659,2.5642,0.0287,-9.7576
G,222740066,-0.763795,-0.426106,-0.012783
A,222740131,2.0614,0.4597,-9.3122
TRK,222735,0.02641,0.57796,0.80943,0.10046,0.6638,2.0640,-0.6959,-0.094,0.053,0.014,2,4
G,222742569,-0.221575,-0.357929,-0.159790
A,222742608,1.0846,0.9912,-9.2620
G,222745065,0.134223,-0.349407,-0.255663
A,222745079,0.7434,1.5083,-9.4846
A,222747538,-0.0287,1.9465,-9.3553
G,222747548,0.219444,-0.401605,-0.289752
A,222750017,-0.1077,2.2877,-8.8921
G,222750051,0.118244,-0.498544,-0.300405
A,222752488,-0.1472,2.6576,-8.2744
G,222752547,0.058590,-0.573112,-0.292948
A,222754958,0.1221,3.0921,-7.8793
G,222755040,0.224771,-0.628506,-0.296144
A,222757450,0.3771,3.6811,-8.2815
G,222757555,0.626375,-0.706270,-0.324906
A,222759921,0.4381,4.3742,-9.6067
G,222760051,1.071656,-0.817058,-0.354733
TRK,222755,0.03171,0.57667,0.81031,0.09920,0.6618,2.0652,-0.6957,-0.098,0.055,0.002,2,4
A,222762403,0.1652,5.0386,-11.3988
G,222762554,1.325189,-0.918258,-0.330232
A,222764874,-0.2801,5.5629,-13.1729
G,222765050,1.263404,-0.957673,-0.202400
A,222767337,-0.5926,5.8574,-14.4729
G,222767533,0.928910,-0.948085,0.002131
A,222769830,-0.7685,5.8933,-15.1481
G,222770047,0.500674,-0.891626,0.229032
A,222772301,-0.8188,5.7102,-15.3313
G,222772543,0.176834,-0.771251,0.439954
A,222774775,-0.6931,5.3798,-15.2451
G,222775036,0.051133,-0.582700,0.616788
A,222777247,-0.4310,4.9237,-15.0547
G,222777532,0.089482,-0.340885,0.756338
TRK,222772,0.03380,0.57685,0.81130,0.08885,0.6605,2.0661,-0.6953,-0.049,0.056,0.060,2,4
A,222779702,-0.0539,4.3778,-14.8249
G,222780006,0.194943,-0.074569,0.867125
A,222782187,0.2298,3.7709,-14.4622
G,222782509,0.272708,0.183225,0.958738
A,222784658,0.6069,3.1316,-13.9378
G,222785005,0.276969,0.401605,1.037567
A,222787126,0.7865,2.5031,-13.2304
G,222787490,0.232228,0.562460,1.090831
A,222789614,0.9625,1.8962,-12.4475
G,222789996,0.201335,0.668986,1.110005
A,222792086,1.1384,1.3252,-11.7112
G,222792491,0.230097,0.738228,1.089765
A,222794544,1.3001,0.7362,-11.1151
G,222794966,0.307861,0.784035,1.040763
A,222797016,1.4904,0.1365,-10.7272
G,222797462,0.397344,0.819188,0.971521
A,222799475,1.6053,-0.4597,-10.4830
G,222799937,0.460194,0.859668,0.889496
TRK,222800,0.02692,0.58668,0.80441,0.08943,0.6596,2.0676,-0.6920,-0.045,0.056,0.154,2,4
A,222801965,1.5945,-0.9840,-10.3537
G,222802442,0.461259,0.899083,0.780839
A,222804437,1.4437,-1.3503,-10.2532
G,222804957,0.380299,0.922519,0.645550
A,222806887,1.2498,-1.4832,-10.0987
G,222807452,0.217314,0.915062,0.498544
A,222809369,1.0343,-1.3503,-9.9048
G,222809948,0.024501,0.877778,0.355798
A,222811841,0.8511,-0.9517,-9.7324
G,222812444,-0.134223,0.829841,0.226901
A,222814304,0.6967,-0.3232,-9.7109
G,222814919,-0.219444,0.781904,0.108657
TRK,222815,0.02099,0.58857,0.80285,0.09259,0.6586,2.0684,-0.6897,-0.086,0.050,0.153,2,4
A,222816798,0.5387,0.4633,-9.8976
G,222817425,-0.250337,0.738228,0.010653
A,222819269,0.3843,1.3252,-10.2532
G,222819921,-0.283360,0.698813,-0.055394
A,222821742,0.2550,2.1548,-10.6698
G,222822405,-0.353668,0.663660,-0.079895
A,222824213,0.1724,2.8946,-11.0217
G,222824921,-0.454868,0.644485,-0.067112
A,222826669,0.1508,3.4764,-11.2659
G,222827417,-0.548611,0.645550,-0.025566
A,222829150,0.2083,3.9145,-11.4060
G,222829907,-0.609331,0.665790,0.034088
A,222831647,0.3627,4.2234,-11.5173
G,222832414,-0.638093,0.691357,0.101200
A,222834118,0.6500,4.4496,-11.6717
G,222834909,-0.650877,0.710531,0.171508
A,222836596,0.9984,4.6328,-11.9698
G,222837395,-0.662594,0.713727,0.237554
A,222839067,1.3827,4.8016,-12.4618
TRK,222834,0.01848,0.58768,0.80263,0.10038,0.6569,2.0693,-0.6865,-0.067,0.044,0.182,2,4
G,222839912,-0.679639,0.711597,0.298274
A,222841525,1.6915,4.9452,-13.1621
G,222842408,-0.709466,0.716923,0.352602
A,222844013,1.9213,5.0673,-14.0025
G,222844902,-0.771251,0.753142,0.412257
A,222846485,2.0758,5.1248,-14.8680
G,222847398,-0.878843,0.820254,0.480434
A,222848955,2.1835,5.1140,-15.6689
G,222849875,-1.030111,0.920388,0.555003
A,222851447,2.2517,5.0422,-16.3907
G,222852372,-1.201618,1.048220,0.623180
A,222853918,2.2661,4.9524,-17.0587
G,222854889,-1.375256,1.202684,0.682835
A,222856380,2.2015,4.8518,-17.6297
G,222857385,-1.568069,1.373126,0.732902
A,222858851,2.0830,4.7333,-18.0032
G,222859882,-1.813080,1.560612,0.788296
A,222861294,1.9393,4.5789,-17.9924
G,222862377,-2.106028,1.761947,0.862864
TRK,222857,0.01638,0.59050,0.79858,0.11539,0.6559,2.0707,-0.6805,-0.025,0.066,0.332,2,4
A,222863768,1.8316,4.3706,-17.5220
G,222864854,-2.377670,1.982457,0.953412
A,222866259,1.7705,4.1228,-16.6565
G,222867348,-2.542786,2.212554,1.045024
A,222868731,1.7597,3.8391,-15.6150
G,222869866,-2.570483,2.436260,1.123854
A,222871196,1.7921,3.5303,-14.5807
G,222872361,-2.507632,2.625877,1.181378
A,222873668,1.8244,3.1963,-13.6541
G,222874859,-2.435194,2.760100,1.218663
A,222876114,1.8890,2.8120,-12.7886
G,222877355,-2.420281,2.822950,1.234641
TRK,222876,0.01109,0.59527,0.78978,0.14758,0.6555,2.0718,-0.6737,-0.021,0.062,0.440,2,4
A,222878592,2.1081,2.4636,-11.9770
G,222879832,-2.467152,2.810167,1.220793
A,222881063,2.3092,2.1943,-11.2875
G,222882333,-2.536395,2.719620,1.162203
A,222883516,2.4995,2.1189,-10.8960
G,222884829,-2.567287,2.576875,1.058873
A,222886006,2.4924,2.2661,-10.9283
G,222887317,-2.545982,2.423476,0.937433
A,222888478,2.2230,2.5965,-11.3557
G,222889813,-2.520416,2.292449,0.830906
A,222890968,1.7346,3.0203,-11.9950
G,222892301,-2.577940,2.185922,0.761664
A,222893439,1.1349,3.4548,-12.5696
G,222894817,-2.754774,2.083657,0.728641
A,222895908,0.5100,3.8283,-12.9323
G,222897313,-2.997654,1.989914,0.727576
A,222898380,-0.0646,4.1228,-13.0257
TRK,222893,0.00668,0.59781,0.78257,0.17368,0.6550,2.0729,-0.6658,-0.031,0.056,0.478,2,4
G,222899811,-3.212837,1.919606,0.745685
A,222900832,-0.5423,4.3275,-12.9143
G,222902307,-3.340669,1.883387,0.776578
A,222903315,-0.9122,4.4281,-12.7132
G,222904785,-3.389671,1.871669,0.812797
A,222905787,-1.1384,4.4460,-12.5336
G,222907294,-3.400324,1.872735,0.856473
A,222908251,-1.2749,4.3993,-12.4151
G,222909790,-3.435477,1.868474,0.898018
A,222910722,-1.2246,4.2988,-12.5193
G,222912298,-3.555852,1.831189,0.941694
A,222913188,-1.1205,4.2126,-12.6055
G,222914794,-3.829625,1.738511,0.980043
A,222915659,-0.8152,4.1623,-12.6342
G,222917282,-4.256796,1.588309,1.005610
A,222918106,-0.3484,4.2090,-12.4151
G,222919801,-4.737231,1.413606,1.006675
A,222920584,0.3268,4.3311,-11.7543
G,222922297,-5.079181,1.260208,0.983239
A,222923055,1.0846,4.5286,-11.0145
TRK,222918,0.01235,0.60083,0.76819,0.22079,0.6546,2.0733,-0.6530,-0.009,-0.032,0.552,2,4
G,222924795,-5.085572,1.187770,0.920388
A,222925514,1.5658,4.8878,-10.6841
G,222927291,-4.726578,1.196292,0.820254
A,222927992,1.7597,5.3582,-11.0935
G,222929758,-4.242948,1.237837,0.723314
A,222930464,1.5945,5.8897,-12.1566
G,222932263,-4.045874,1.226119,0.692422
A,222932930,1.3683,6.3386,-13.2806
G,222934759,-4.377171,1.127050,0.755272
A,222935402,1.3719,6.5685,-13.8876
TRK,222930,0.02313,0.60258,0.75809,0.24833,0.6545,2.0727,-0.6460,-0.001,-0.056,0.583,2,4
G,222937248,-5.079181,0.967260,0.878843
A,222937854,1.6843,6.5146,-13.7439
G,222939761,-5.748166,0.812797,1.009871
A,222940330,2.2374,6.2812,-13.1334
G,222942257,-6.062419,0.740359,1.104679
A,222942801,2.8695,5.9975,-12.7096
G,222944756,-5.984655,0.770186,1.149420
A,222945265,3.4189,5.7174,-12.7635
G,222947252,-5.716208,0.888430,1.155812
A,222947737,3.9037,5.3834,-13.3561
G,222949751,-5.558550,1.041829,1.166465
A,222950202,4.2521,5.0314,-14.1569
G,222952247,-5.718339,1.154747,1.193096
A,222952695,4.6866,4.6256,-14.7531
G,222954724,-6.155097,1.215467,1.213336
A,222955166,5.0745,4.2485,-14.8429
TRK,222955,0.05164,0.60597,0.73207,0.30693,0.6544,2.0707,-0.6301,-0.032,-0.095,0.709,2,4
G,222957233,-6.623814,1.247425,1.181378
A,222957643,5.3439,4.0474,-14.6346
G,222959729,-6.868824,1.323058,1.078048
A,222960114,5.3008,4.0833,-14.4909
G,222962206,-6.858172,1.445564,0.925715
A,222962559,4.8303,4.3347,-14.6130
G,222964702,-6.792125,1.594701,0.779773
A,222965045,4.2341,4.6579,-14.9434
G,222967170,-6.896522,1.740642,0.693487
A,222967517,3.4907,4.9632,-15.1086
G,222969671,-7.215035,1.882322,0.668986
A,222969986,2.9125,5.1535,-14.9003
G,222972167,-7.599596,2.024002,0.657268
A,222972458,2.4888,5.2792,-14.3257
G,222974648,-7.882956,2.174205,0.609331
A,222974909,2.0578,5.4193,-13.6182
G,222977150,-8.024636,2.322276,0.525175
A,222977381,1.6987,5.6312,-12.9179
G,222979645,-8.090683,2.453304,0.429302
TRK,222974,0.07989,0.60137,0.70453,0.36825,0.6528,2.0686,-0.6150,-0.122,-0.139,0.811,2,4
A,222979873,1.3467,5.8897,-12.1781
G,222982117,-8.140750,2.559830,0.353668
A,222982345,1.0451,6.1483,-11.3737
G,222984619,-8.162056,2.643986,0.307861
A,222984818,0.7326,6.4212,-10.4507
G,222987115,-8.103466,2.716424,0.285491
A,222987289,0.4310,6.6798,-9.5349
G,222989597,-7.945807,2.773949,0.278034
A,222989743,0.0754,6.9707,-8.7951
G,222992093,-7.748733,2.803776,0.282295
A,222992215,-0.2801,7.2616,-8.1846
G,222994575,-7.595335,2.787797,0.313188
A,222994670,-0.5782,7.5274,-7.6064
G,222997088,-7.512244,2.722816,0.366451
A,222997157,-0.7901,7.7177,-6.9348
G,222999584,-7.419566,2.636529,0.438889
A,222999629,-0.8978,7.8398,-6.2309
TRK,222995,0.10794,0.58548,0.67303,0.43885,0.6500,2.0650,-0.5986,-0.153,-0.224,0.839,2,4
G,223002077,-7.208644,2.555569,0.500674
A,223002096,-1.0451,7.9547,-5.6455
A,223004583,-1.1708,8.0625,-5.3259
G,223004588,-6.880542,2.485262,0.544350
A,223007054,-1.3180,8.1846,-5.1858
G,223007084,-6.556702,2.412824,0.588026
A,223009533,-1.3862,8.2815,-5.0242
G,223009587,-6.373477,2.297775,0.646616
A,223012005,-1.2139,8.2995,-4.6436
G,223012083,-6.328735,2.139051,0.723314
A,223014464,-0.9122,8.2600,-4.1120
G,223014565,-6.298908,1.950499,0.793622
A,223016955,-0.4489,8.1738,-3.6272
G,223017078,-6.136988,1.775796,0.829841
A,223019426,0.0000,8.1056,-3.4548
G,223019574,-5.805691,1.631985,0.825580
A,223021898,0.3771,8.0661,-3.6847
G,223022067,-5.389173,1.513741,0.790426
A,223024369,0.6752,8.0553,-4.2629
TRK,223023,0.13606,0.56567,0.62885,0.51580,0.6462,2.0564,-0.5742,-0.101,-0.342,0.797,2,4
G,223024590,-5.037635,1.397627,0.752077
A,223026822,0.9086,8.0050,-4.9668
G,223027086,-4.867193,1.274056,0.728641
A,223029305,1.1205,7.8757,-5.5557
G,223029588,-4.904478,1.146224,0.720119
A,223031777,1.3683,7.6243,-5.8646
G,223032084,-5.082376,1.020523,0.713727
A,223034228,1.6089,7.2975,-5.8682
G,223034553,-5.295430,0.907605,0.687096
TRK,223035,0.14711,0.56015,0.61079,0.53993,0.6452,2.0529,-0.5664,-0.106,-0.374,0.789,2,4
A,223036723,1.8567,6.9707,-5.6671
G,223037067,-5.445632,0.808536,0.629571
A,223039194,2.1261,6.7086,-5.4336
G,223039562,-5.491438,0.729706,0.539024
A,223041662,2.3703,6.5721,-5.3008
G,223042047,-5.452024,0.667921,0.429302
A,223044133,2.6504,6.5469,-5.3223
G,223044543,-5.394499,0.619984,0.319579
A,223046589,2.9628,6.6044,-5.4300
G,223047014,-5.384912,0.583765,0.229032
A,223049064,3.2465,6.7301,-5.5162
G,223049506,-5.460546,0.542220,0.154463
A,223051563,3.5626,6.8953,-5.4947
G,223052020,-5.605422,0.491087,0.088417
A,223054034,3.8571,7.1144,-5.3044
G,223054516,-5.762015,0.435693,0.022371
A,223056513,4.1192,7.3837,-4.9955
G,223057010,-5.867476,0.389887,-0.031958
A,223058985,4.3598,7.6782,-4.6615
G,223059505,-5.895173,0.360059,-0.074569
A,223061445,4.5610,7.9691,-4.3958
G,223061980,-5.864280,0.336624,-0.106526
TRK,223062,0.18410,0.54483,0.56714,0.58959,0.6415,2.0420,-0.5454,-0.164,-0.418,0.765,2,4
A,223063936,4.7262,8.2492,-4.2234
G,223064484,-5.832322,0.307861,-0.132093
A,223066407,4.7513,8.5258,-4.0869
G,223066999,-5.847236,0.259925,-0.156594
A,223068859,4.7908,8.7736,-3.9468
G,223069495,-5.912217,0.198139,-0.181095
A,223071342,4.6902,9.0680,-3.7816
G,223071989,-5.983590,0.140615,-0.210922
A,223073813,4.5538,9.3518,-3.6308
G,223074485,-6.029396,0.096939,-0.240750
A,223076277,4.3060,9.6750,-3.4836
G,223076960,-6.070941,0.060720,-0.267381
A,223078748,3.9792,9.9946,-3.2358
G,223079456,-6.143379,0.014914,-0.278034
TRK,223073,0.20429,0.53619,0.54584,0.61060,0.6394,2.0368,-0.5359,-0.187,-0.425,0.774,2,4
A,223081213,3.6057,10.2819,-2.8335
G,223081931,-6.237123,-0.044741,-0.258859
A,223083709,3.2537,10.5225,-2.2625
G,223084436,-6.288255,-0.105461,-0.207727
A,223086180,2.9951,10.6410,-1.6412
G,223086932,-6.240318,-0.166181,-0.138484
A,223088657,2.8228,10.6087,-1.0918
G,223089418,-6.095442,-0.229032,-0.058590
A,223091128,2.7114,10.4076,-0.6931
G,223091934,-5.905826,-0.313188,0.017044
A,223093586,2.6181,10.0377,-0.4274
G,223094430,-5.721535,-0.420779,0.084156
TRK,223094,0.23836,0.52288,0.50828,0.64144,0.6356,2.0281,-0.5203,-0.187,-0.458,0.795,2,4
A,223096074,2.5391,9.5205,-0.3268
G,223096926,-5.548963,-0.546481,0.128897
A,223098545,2.4277,8.8885,-0.3950
G,223099422,-5.375324,-0.665790,0.148072
A,223101009,2.3810,8.0984,-0.6213
G,223101892,-5.192099,-0.758468,0.148072
A,223103480,2.4098,7.2113,-1.0056
G,223104398,-5.020591,-0.817058,0.128897
A,223105931,2.3595,6.3135,-1.4617
G,223106894,-4.889564,-0.851146,0.063916
A,223108402,2.5067,5.4265,-1.9142
G,223109401,-4.814995,-0.868190,-0.055394
A,223110854,2.6001,4.7513,-2.2733
G,223111897,-4.805408,-0.869256,-0.240750
A,223113334,2.7689,4.2665,-2.4780
G,223114380,-4.859736,-0.850081,-0.471912
A,223115805,3.0418,4.0582,-2.4565
TRK,223115,0.26882,0.51502,0.47352,0.66202,0.6313,2.0176,-0.5031,-0.210,-0.478,0.731,2,4
G,223116897,-4.974785,-0.821319,-0.746750
A,223118269,3.1747,4.1408,-2.1691
G,223119392,-5.145227,-0.800014,-1.039698
A,223120751,3.2358,4.4819,-1.5874
G,223121876,-5.351889,-0.804275,-1.321993
A,223123222,3.0957,5.0350,-0.7685
G,223124372,-5.550028,-0.839428,-1.572330
A,223125698,2.8766,5.7030,0.2191
G,223126849,-5.675728,-0.899083,-1.778991
A,223128170,2.5750,6.4069,1.2354
G,223129345,-5.685316,-0.980043,-1.943042
A,223130641,2.3631,7.0713,2.1404
G,223131817,-5.570268,-1.074852,-2.066613
A,223133112,2.1584,7.6782,2.8335
G,223134325,-5.357215,-1.174987,-2.169944
A,223135570,2.0794,8.1594,3.2753
G,223136821,-5.102617,-1.284709,-2.249839
A,223138054,2.0039,8.5437,3.4907
G,223139304,-4.863997,-1.412541,-2.315885
TRK,223139,0.32286,0.49419,0.43603,0.67928,0.6265,2.0070,-0.4878,-0.201,-0.481,0.668,2,4
A,223140553,1.9680,8.8274,3.5267
G,223141803,-4.686098,-1.575526,-2.371279
A,223143024,1.9573,9.0178,3.4117
G,223144311,-4.574245,-1.774730,-2.419215
A,223145484,1.9393,9.1327,3.2070
G,223146807,-4.508199,-2.000566,-2.452239
A,223147974,1.9034,9.2045,2.8982
G,223149295,-4.449609,-2.222142,-2.463957
A,223150446,1.8603,9.2261,2.4888
G,223151791,-4.359062,-2.408563,-2.457565
A,223152929,1.7238,9.2045,2.0542
G,223154272,-4.221642,-2.538525,-2.433064
A,223155401,1.5909,9.1686,1.5514
G,223156771,-4.040548,-2.612028,-2.392584
A,223157853,1.3791,9.1255,1.0056
G,223159287,-3.832821,-2.638660,-2.341451
A,223160322,1.2354,9.0716,0.4202
G,223161782,-3.622964,-2.632268,-2.287123
TRK,223161,0.37560,0.48339,0.40778,0.67748,0.6225,1.9960,-0.4730,-0.176,-0.515,0.657,2,4
A,223162816,1.0989,9.0249,-0.2011
G,223164271,-3.435477,-2.603506,-2.228533
A,223165287,1.1025,8.9459,-0.8116
G,223166778,-3.286340,-2.556635,-2.171009
A,223167749,1.1492,8.8597,-1.3791
G,223169274,-3.174488,-2.484197,-2.123072
A,223170220,1.2821,8.7771,-1.9178
G,223171769,-3.090332,-2.379801,-2.092179
A,223172673,1.3970,8.7520,-2.3774
G,223174265,-3.042395,-2.246643,-2.065548
A,223175144,1.5479,8.7736,-2.7186
TRK,223174,0.40058,0.48059,0.39477,0.67285,0.6196,1.9880,-0.4634,-0.221,-0.551,0.633,2,4
G,223176764,-3.049852,-2.097506,-2.028263
A,223177601,1.6412,8.8166,-2.8335
G,223179260,-3.111637,-1.943042,-1.965413
A,223180089,1.7705,8.8023,-2.6468
G,223181739,-3.177684,-1.789644,-1.883387
A,223182560,1.8352,8.7340,-2.1799
G,223184249,-3.185140,-1.636246,-1.794970
A,223185029,1.9609,8.5724,-1.5371
G,223186744,-3.087136,-1.482848,-1.712945
A,223187501,2.0470,8.3570,-0.9301
G,223189234,-2.893258,-1.339037,-1.656486
A,223189951,2.1763,8.1523,-0.6428
G,223191754,-2.677010,-1.203749,-1.630920
A,223192432,2.2410,7.9942,-0.6428
G,223194250,-2.585397,-1.094026,-1.642638
A,223194903,2.3056,7.9188,-0.8009
G,223196749,-2.757970,-1.025850,-1.672465
A,223197365,2.3559,7.9368,-0.7290
G,223199245,-3.203250,-1.016262,-1.711880
TRK,223198,0.44045,0.46865,0.37278,0.66888,0.6137,1.9754,-0.4498,-0.298,-0.578,0.591,2,4
A,223199858,2.3487,8.0194,-0.0898
G,223201724,-3.753992,-1.055677,-1.758751
A,223202329,2.3703,8.1594,1.1169
G,223204234,-4.166249,-1.115332,-1.817341
A,223204802,2.1979,8.3606,2.5929
G,223206730,-4.285559,-1.180313,-1.885518
A,223207274,1.8926,8.5760,3.9325
G,223209209,-4.119377,-1.247425,-1.938781
A,223209718,1.4329,8.7161,4.9021
G,223211729,-3.808320,-1.332646,-1.954760
A,223212203,0.9948,8.6802,5.5917
G,223214225,-3.485545,-1.446629,-1.908954
A,223214675,0.4022,8.3426,6.5326
G,223216705,-3.161705,-1.628789,-1.853560
A,223217121,-2.0542,7.5453,8.8741
G,223219200,-2.574744,-1.783252,-1.661812
A,223219618,-3.9253,5.8000,12.1206
G,223221681,-1.227185,-1.895105,-1.018393
A,223222090,-2.3451,2.7797,14.5484
TRK,223222,0.47720,0.45461,0.34905,0.66617,0.6066,1.9608,-0.4355,-0.212,-0.623,0.567,2,4
G,223224191,1.092961,-2.150769,-0.104396
A,223224568,0.4238,-0.2873,13.7475
G,223226687,3.857322,-2.592854,0.083091
A,223227039,5.4408,-2.8946,7.7033
G,223229165,5.512743,-3.111637,-1.070591
A,223229486,8.4755,-3.8427,-1.8316
G,223231686,4.373975,-3.419498,-3.016829
A,223231976,8.2097,-3.3471,-10.2137
G,223234182,-0.104396,-3.610181,-4.519917
A,223234447,6.4033,-2.2194,-12.7312
TRK,223233,0.48245,0.47172,0.35736,0.64577,0.6044,1.9535,-0.4291,-0.219,-0.545,0.436,2,4
G,223236670,-6.367085,-3.818973,-5.232579
A,223236906,4.5071,-1.0487,-7.2365
G,223239166,-11.436678,-4.022438,-5.593704
A,223239377,2.9700,0.0575,3.9109
G,223241647,-12.821522,-4.055461,-6.028331
A,223241829,1.3539,1.4006,15.3492
G,223244158,-10.123208,-3.842408,-6.525809
A,223244313,-0.3304,3.0382,21.8603
G,223246654,-5.155880,-3.563309,-6.874151
A,223246784,-1.7561,4.8052,21.1779
G,223249145,-0.689226,-3.504720,-6.992395
A,223249249,-2.6612,6.4428,14.7315
G,223251667,1.150486,-3.825364,-6.944458
A,223251744,-3.1532,7.7752,6.5218
G,223254163,-0.074569,-4.401672,-6.831540
A,223254215,-3.3543,8.7412,0.7649
G,223256654,-3.151052,-4.979046,-6.714361
A,223256681,-3.2968,9.4128,-0.2514
G,223259149,-6.083724,-5.356150,-6.654706
A,223259152,-3.1065,9.9802,2.9413
TRK,223253,0.56222,0.44598,0.32937,0.61361,0.6014,1.9428,-0.4213,-0.076,-0.577,0.386,2,4
A,223261609,-3.0562,10.6482,7.7357
G,223261631,-7.256581,-5.481851,-6.683468
A,223264096,-3.3435,11.5029,11.0576
G,223264142,-6.228601,-5.404087,-6.747385
A,223266568,-3.9756,12.5121,11.0935
G,223266638,-3.794472,-5.237905,-6.733536
A,223269037,-4.7154,13.5356,8.0158
G,223269130,-1.359277,-5.112204,-6.562028
A,223271508,-5.3439,14.4370,3.5554
G,223271626,-0.099070,-5.103682,-6.246710
A,223273978,-5.7174,15.1553,-0.1580
G,223274118,-0.378169,-5.202752,-5.857889
A,223276471,-5.8502,15.6940,-1.7238
G,223276632,-1.698031,-5.326322,-5.469068
A,223278942,-5.8323,16.1249,-1.0630
G,223279128,-3.096723,-5.368933,-5.112204
TRK,223279,0.64699,0.43494,0.29921,0.55018,0.5993,1.9269,-0.4111,-0.143,-0.715,0.459,2,4
A,223281423,-5.7209,16.5164,0.7757
G,223281630,-3.729491,-5.263472,-4.775580
A,223283895,-5.7461,16.9079,2.3451
G,223284126,-3.293797,-5.011004,-4.422977
A,223286346,-5.8646,17.2885,2.5965
G,223286597,-2.102832,-4.688229,-4.026699
A,223288838,-5.8861,17.6477,1.3503
G,223289108,-0.815992,-4.371845,-3.573962
A,223291309,-5.7748,17.9242,-0.6859
G,223291604,-0.045806,-4.107659,-3.075418
A,223293783,-5.4803,18.1002,-2.4600
G,223294096,-0.066046,-3.918042,-2.553439
A,223296254,-5.0853,18.1325,-3.1352
G,223296592,-0.705205,-3.797668,-2.038916
A,223298709,-4.7800,18.0176,-2.5283
G,223299064,-1.488174,-3.703924,-1.554221
A,223301181,-4.7262,17.7769,-1.1600
G,223301560,-1.927063,-3.570766,-1.107875
TRK,223295,0.68056,0.43796,0.27933,0.51673,0.5955,1.9137,-0.4024,-0.307,-0.791,0.550,2,4
A,223303637,-4.6759,17.4753,0.1472
G,223304033,-1.806688,-3.374758,-0.689226
A,223306124,-4.6651,17.1161,0.7865
G,223306536,-1.278317,-3.137203,-0.285491
A,223308595,-4.5538,16.7139,0.6357
G,223309032,-0.715858,-2.918824,0.117179
A,223311063,-4.2377,16.2363,0.1221
G,223311516,-0.460194,-2.755839,0.526241
TRK,223312,0.69336,0.44268,0.25942,0.50596,0.5898,1.9017,-0.3937,-0.453,-0.829,0.622,2,4
A,223313562,-3.7816,15.6437,-0.1832
G,223314030,-0.615723,-2.666357,0.927845
A,223316033,-3.1855,14.9362,0.0826
G,223316526,-1.017327,-2.622681,1.295362
A,223318513,-2.6252,14.1425,0.8835
G,223319020,-1.372061,-2.585397,1.604288
A,223320984,-2.1368,13.3022,1.8316
G,223321515,-1.464738,-2.541721,1.847168
A,223323456,-1.8639,12.4546,2.5355
G,223324001,-1.278317,-2.481001,2.041047
A,223325928,-1.7454,11.6250,2.7581
G,223326497,-0.973652,-2.422411,2.209358
A,223328389,-1.6556,10.8026,2.6360
G,223328972,-0.762729,-2.376605,2.362756
TRK,223329,0.69542,0.45105,0.23250,0.50881,0.5809,1.8871,-0.3825,-0.559,-0.858,0.660,2,4
A,223330881,-1.5909,9.9802,2.4529
G,223331476,-0.771251,-2.362756,2.496980
A,223333353,-1.4365,9.1578,2.5103
G,223333972,-0.976847,-2.380866,2.599245
A,223335825,-1.2175,8.3462,2.9197
G,223336457,-1.244229,-2.418150,2.656770
A,223338297,-1.0523,7.5705,3.5949
G,223338972,-1.424258,-2.459696,2.657835
A,223340751,-0.9086,6.8414,4.3203
G,223341468,-1.441303,-2.492719,2.607767
A,223343222,-0.8871,6.1986,4.9093
G,223343983,-1.329450,-2.525742,2.514024
A,223345678,-0.9625,5.6563,5.2684
G,223346479,-1.182443,-2.569418,2.382997
A,223348164,-1.0415,5.2433,5.4480
G,223348974,-1.105744,-2.639725,2.220011
A,223350635,-1.1133,4.9919,5.5881
G,223351469,-1.152616,-2.744121,2.033590
A,223353102,-1.1420,4.8878,5.8323
G,223353944,-1.315602,-2.890062,1.838646
TRK,223354,0.69380,0.46337,0.18904,0.51788,0.5666,1.8653,-0.3667,-0.578,-0.919,0.609,2,4
A,223355600,-1.1384,4.9452,6.2884
G,223356450,-1.514806,-3.066896,1.641572
A,223358072,-1.0882,5.1248,6.8845
G,223358960,-1.654356,-3.259709,1.456216
A,223360525,-1.0630,5.4157,7.4735
G,223361455,-1.665008,-3.452522,1.287905
A,223363014,-1.0630,5.7748,7.8865
G,223363951,-1.544633,-3.646400,1.144094
A,223365486,-1.1097,6.1699,7.9871
G,223366468,-1.357147,-3.846670,1.025850
A,223367948,-1.2031,6.5649,7.7824
G,223368963,-1.179248,-4.057592,0.937433
A,223370429,-1.3144,6.9312,7.3478
G,223371448,-1.065264,-4.274906,0.878843
A,223372900,-1.4078,7.2544,6.8091
G,223373964,-1.018393,-4.490089,0.845820
A,223375362,-1.4868,7.5310,6.2417
G,223376460,-1.009871,-4.691424,0.831971
TRK,223372,0.69990,0.47298,0.15540,0.51213,0.5555,1.8463,-0.3550,-0.550,-1.005,0.580,2,4
A,223377854,-1.5335,7.7608,5.6743
G,223378955,-1.001348,-4.867193,0.830906
A,223380326,-1.5514,7.9476,5.0781
G,223381450,-0.973652,-5.012069,0.838363
A,223382798,-1.5227,8.1020,4.4568
G,223383925,-0.933172,-5.127118,0.858603
A,223385270,-1.4724,8.2241,3.8140
G,223386430,-0.893757,-5.212339,0.887365
A,223387724,-1.4293,8.2959,3.1460
G,223388926,-0.856473,-5.267733,0.928910
A,223390197,-1.4186,8.3210,2.4600
G,223391400,-0.814927,-5.293299,0.975782
TRK,223391,0.70686,0.49264,0.11141,0.49521,0.5457,1.8283,-0.3451,-0.591,-1.064,0.554,2,4
A,223392693,-1.4329,8.3139,1.7561
G,223393896,-0.775512,-5.285842,1.025850
A,223395164,-1.4724,8.2780,1.0451
G,223396392,-0.761664,-5.248558,1.074852
A,223397641,-1.5012,8.2456,0.3986
G,223398868,-0.787230,-5.182511,1.127050
A,223400112,-1.4688,8.2169,-0.1257
G,223401375,-0.841559,-5.094094,1.182443
A,223402570,-1.3898,8.2169,-0.5064
G,223403871,-0.896953,-4.985437,1.241033
A,223405046,-1.1672,8.2061,-0.7506
G,223406346,-0.932106,-4.870389,1.311340
A,223407518,-0.9337,8.2277,-0.8871
G,223408843,-0.940628,-4.745753,1.384844
A,223409967,-0.6895,8.2672,-0.9697
G,223411339,-0.935302,-4.615791,1.458347
A,223412448,-0.4453,8.3175,-0.9912
G,223413816,-0.942759,-4.477306,1.536111
A,223414919,-0.2693,8.4072,-0.9086
TRK,223410,0.70988,0.51191,0.06576,0.47927,0.5330,1.8070,-0.3348,-0.702,-1.080,0.481,2,4
G,223416324,-0.980043,-4.342018,1.623463
A,223417381,-0.0898,8.4862,-0.6859
G,223418820,-1.039698,-4.219512,1.724663
A,223419873,-0.0215,8.5581,-0.2945
G,223421308,-1.078048,-4.123638,1.827994
A,223422345,-0.0646,8.5509,0.2263
G,223423827,-1.061003,-4.102333,1.947303
A,223424818,0.0251,8.4216,0.7183
G,223426322,-0.966195,-4.197142,2.099636
A,223427289,0.0467,8.1056,0.9445
G,223428820,-0.766990,-4.299407,2.243447
A,223429743,0.1508,7.7967,0.7219
G,223431316,-0.508131,-4.252535,2.316950
A,223432215,0.3986,7.2401,0.1221
G,223433814,-0.366451,-4.061853,2.379801
A,223434670,0.4310,6.6152,-0.6716
G,223436310,-0.546481,-3.883954,2.465022
TRK,223435,0.70558,0.53032,0.01061,0.46991,0.5140,1.7804,-0.3240,-0.828,-1.077,0.391,2,4
A,223437157,0.2298,5.9328,-1.0235
G,223438788,-1.101483,-3.821103,2.535329
A,223439628,0.0826,5.1715,-0.4741
G,223441297,-1.804558,-3.792341,2.515089
A,223442096,0.2119,4.5574,0.9912
G,223443793,-2.283927,-3.723099,2.424542
A,223444567,0.6644,4.2341,2.8659
G,223446281,-2.256230,-3.632551,2.302037
A,223447016,1.3934,4.1839,4.2916
G,223448800,-1.759817,-3.589941,2.129463
A,223449495,1.9896,4.3814,4.6543
G,223451295,-1.147290,-3.636812,1.934520
A,223451967,2.0219,4.7692,3.9720
G,223453783,-0.830906,-3.788080,1.796036
A,223454417,1.6843,5.1248,2.8515
G,223456279,-0.976847,-3.994741,1.748099
TRK,223450,0.70431,0.53409,-0.02417,0.46702,0.4992,1.7617,-0.3181,-0.856,-1.096,0.307,2,4
A,223456908,1.2965,5.3762,1.9680
G,223458758,-1.432781,-4.197142,1.756621
A,223459380,0.9553,5.4516,1.5730
G,223461263,-1.883387,-4.376106,1.791775
A,223461848,0.8009,5.4085,1.4760
G,223463759,-2.103897,-4.503938,1.809884
A,223464319,0.5997,5.2864,1.3791
G,223466248,-2.079396,-4.579572,1.774730
A,223466773,0.3950,5.1356,1.0235
G,223468767,-1.924933,-4.536961,1.689509
A,223469257,0.4381,4.9775,0.4453
G,223471263,-1.774730,-4.380367,1.605353
A,223471729,0.7901,4.7872,-0.2478
G,223473749,-1.720402,-4.188620,1.555286
A,223474181,1.4365,4.5681,-0.8835
TRK,223474,0.70307,0.54240,-0.07685,0.45342,0.4796,1.7372,-0.3124,-0.914,-1.103,0.191,2,4
G,223476258,-1.806688,-4.056527,1.521197
A,223476657,2.1799,4.3060,-1.3431
G,223478773,-2.016546,-4.021373,1.481783
A,223479140,2.7509,3.9899,-1.5263
G,223481269,-2.270078,-4.019242,1.448759
A,223481612,3.1029,3.6057,-1.4042
G,223483768,-2.473544,-4.004329,1.437042
A,223484079,3.3184,3.1819,-1.0630
G,223486284,-2.574744,-3.970240,1.427454
A,223486565,3.4907,2.7473,-0.5638
G,223488780,-2.576875,-3.924434,1.388040
A,223489036,3.6452,2.2984,-0.0539
G,223491269,-2.508698,-3.879693,1.312406
A,223491495,3.7134,1.8890,0.3807
G,223493775,-2.404302,-3.833886,1.198422
A,223493973,3.7206,1.5299,0.7003
G,223496271,-2.314820,-3.797668,1.051416
A,223496444,3.7206,1.1995,0.9050
TRK,223491,0.70525,0.54254,-0.11726,0.44104,0.4636,1.7185,-0.3100,-0.927,-1.062,0.087,2,4
G,223498750,-2.303102,-3.783819,0.885235
A,223498895,3.7134,0.9337,1.1169
G,223501259,-2.392584,-3.815777,0.717988
A,223501377,3.7709,0.6895,1.4437
G,223503755,-2.534264,-3.898868,0.553937
A,223503849,3.8786,0.4525,1.9178
G,223506244,-2.643986,-4.013916,0.370712
A,223506312,4.0402,0.1760,2.5103
G,223508751,-2.656770,-4.152400,0.159790
A,223508793,4.2090,-0.0826,2.9987
G,223511247,-2.543851,-4.305799,-0.088417
A,223511264,4.2844,-0.3268,3.1999
A,223513719,4.4676,-0.5567,2.9628
G,223513726,-2.330799,-4.447479,-0.341950
A,223516190,4.5179,-0.6859,2.2769
G,223516222,-2.111354,-4.556136,-0.586961
TRK,223510,0.71068,0.54134,-0.15911,0.42020,0.4457,1.6976,-0.3095,-0.881,-1.059,-0.035,2,4
A,223518646,4.6651,-0.7649,1.4078
G,223518702,-2.027198,-4.617921,-0.821319
A,223521120,4.8123,-0.7649,0.7326
G,223521199,-2.192314,-4.681837,-1.063134
A,223523592,4.8949,-0.7003,0.5351
G,223523695,-2.576875,-4.779841,-1.320928
A,223526040,4.9093,-0.6105,0.8404
G,223526166,-3.002980,-4.915130,-1.586179
A,223528517,4.7441,-0.4956,1.3647
G,223528664,-3.246926,-5.045092,-1.853560
A,223530988,4.4029,-0.3663,1.6915
G,223531160,-3.185140,-5.129248,-2.115615
A,223533448,3.9576,-0.2334,1.5335
G,223533641,-2.887932,-5.158010,-2.353169
A,223535927,3.5195,-0.1113,0.9230
G,223536140,-2.550243,-5.152684,-2.558765
A,223538398,3.1639,-0.0359,0.1185
TRK,223537,0.72454,0.54544,-0.20527,0.36796,0.4231,1.6690,-0.3128,-0.791,-1.050,-0.215,2,4
G,223538662,-2.368083,-5.140966,-2.724946
A,223540850,2.9341,0.0180,-0.5351
G,223541157,-2.408563,-5.134574,-2.871953
STAT,404.4,400.4,0,0,3222,3.1350,291.465,0.4747,0.8360,1.7463,9.8285,0.42,0.018
A,223543332,2.8299,0.0395,-0.8045
G,223543658,-2.601376,-5.131379,-3.021090
A,223545803,2.8048,0.0754,-0.6895
G,223546154,-2.792058,-5.118596,-3.180879
A,223548267,2.8192,0.1580,-0.3484
G,223548635,-2.852778,-5.084507,-3.349191
A,223550751,2.8192,0.2945,-0.0395
G,223551136,-2.739860,-5.038701,-3.516438
A,223553223,2.7653,0.5064,0.1041
G,223553632,-2.511894,-4.987568,-3.683684
TRK,223552,0.73699,0.55023,-0.23030,0.31788,0.4115,1.6535,-0.3169,-0.765,-1.034,-0.332,2,4
A,223555678,2.6504,0.7793,0.0287
G,223556104,-2.277535,-4.948153,-3.846670
A,223558150,2.5175,1.0953,-0.1257
G,223558599,-2.132659,-4.925783,-3.995807
A,223560607,2.3954,1.4293,-0.2119
G,223561072,-2.106028,-4.925783,-4.124703
A,223563094,2.3020,1.7885,-0.1293
G,223563575,-2.153965,-4.944957,-4.239752
A,223565566,2.2517,2.1620,0.1149
G,223566070,-2.197640,-4.971589,-4.355866
A,223568025,2.2553,2.5606,0.4202
G,223568544,-2.168878,-4.993959,-4.474111
A,223570497,2.2733,2.9880,0.6428
G,223571057,-2.051699,-5.014200,-4.583833
A,223572947,2.2877,3.4333,0.6608
G,223573553,-1.879126,-5.047223,-4.672250
TRK,223569,0.74639,0.55654,-0.24521,0.27027,0.3984,1.6358,-0.3237,-0.758,-1.022,-0.451,2,4
A,223575427,2.2446,3.8678,0.4525
G,223576046,-1.723598,-5.104747,-4.737231
A,223577899,2.1368,4.3060,0.1006
G,223578542,-1.658617,-5.194229,-4.777711
A,223580362,2.0506,4.7082,-0.1867
G,223581017,-1.719337,-5.308213,-4.794755
A,223582855,2.0794,5.0781,-0.2227
G,223583521,-1.859952,-5.433914,-4.789429
A,223585326,2.2482,5.3870,0.0287
G,223586033,-1.952630,-5.544702,-4.765993
A,223587777,2.5031,5.6312,0.3196
G,223588529,-1.852495,-5.618204,-4.731905
A,223590262,2.6971,5.8107,0.3196
G,223591022,-1.502023,-5.643770,-4.709534
A,223592733,2.7330,5.9472,-0.2550
G,223593518,-1.008805,-5.638444,-4.709534
A,223595198,2.5821,6.0585,-1.3862
G,223595992,-0.586961,-5.627791,-4.722317
TRK,223595,0.75443,0.57291,-0.26915,0.17370,0.3794,1.6109,-0.3364,-0.788,-0.986,-0.565,2,4
A,223597685,2.2877,6.1555,-2.7438
G,223598487,-0.427171,-5.633118,-4.729774
A,223600156,1.9465,6.2525,-3.8930
G,223600983,-0.566721,-5.657619,-4.726578
A,223602622,1.6161,6.3782,-4.4748
G,223603456,-0.864995,-5.661880,-4.729774
A,223605093,1.4293,6.5074,-4.4748
G,223605971,-1.091896,-5.608617,-4.731905
A,223607551,1.3216,6.7086,-4.1049
G,223608467,-1.069525,-5.487177,-4.725513
A,223610029,1.3791,6.9635,-3.7278
G,223610951,-0.768056,-5.323126,-4.698882
A,223612528,1.5191,7.2544,-3.6057
G,223613456,-0.301470,-5.147358,-4.655206
A,223615000,1.6987,7.6100,-3.7960
TRK,223614,0.75079,0.58643,-0.28230,0.11280,0.3635,1.5924,-0.3484,-0.813,-0.879,-0.647,2,4
G,223615965,0.168312,-4.970524,-4.590224
A,223617453,1.8783,7.9655,-4.1911
G,223618461,0.514523,-4.808604,-4.502873
A,223619944,2.0255,8.3354,-4.6005
G,223620956,0.693487,-4.664793,-4.408064
A,223622415,2.0901,8.6910,-4.8626
G,223623452,0.728641,-4.546548,-4.313255
A,223624885,2.0399,9.0321,-4.9309
G,223625925,0.682835,-4.457066,-4.221642
A,223627356,1.9213,9.3410,-4.8195
G,223628431,0.615723,-4.396346,-4.128964
A,223629809,1.7813,9.6247,-4.6112
G,223630953,0.557133,-4.365453,-4.034156
A,223632280,1.7166,9.8869,-4.3886
G,223633449,0.516653,-4.355866,-3.928695
TRK,223633,0.73797,0.60667,-0.29037,0.05505,0.3493,1.5781,-0.3599,-0.830,-0.770,-0.678,2,4
A,223634774,1.7741,10.1239,-4.1982
G,223635944,0.488956,-4.365453,-3.813646
A,223637245,1.9968,10.3609,-4.0761
G,223638440,0.477238,-4.386759,-3.698598
A,223639719,2.2733,10.6159,-4.0654
G,223640914,0.494283,-4.415521,-3.594202
A,223642191,2.5642,10.8745,-4.2413
G,223643421,0.552872,-4.444283,-3.499393
A,223644647,2.7653,11.1366,-4.6507
G,223645916,0.642354,-4.462392,-3.399259
A,223647123,2.8551,11.3988,-5.3044
G,223648391,0.727576,-4.460262,-3.289536
A,223649620,2.8982,11.6394,-6.1232
G,223650888,0.768056,-4.427238,-3.162770
A,223652091,2.8623,11.8621,-6.9923
G,223653384,0.740359,-4.367584,-3.031742
A,223654569,2.7976,12.0704,-7.7895
G,223655860,0.654072,-4.293015,-2.895388
A,223657041,2.6827,12.2499,-8.4503
TRK,223652,0.72227,0.62254,-0.30124,0.00443,0.3327,1.5641,-0.3733,-0.838,-0.644,-0.664,2,4
G,223658367,0.551807,-4.187554,-2.753709
A,223659500,2.5319,12.4259,-8.9783
G,223660863,0.475108,-4.025634,-2.602441
A,223661990,2.3810,12.5839,-9.4128
G,223663350,0.439954,-3.797668,-2.439456
A,223664462,2.2661,12.7563,-9.7648
G,223665868,0.426106,-3.520699,-2.266883
A,223666932,2.1835,12.9287,-10.0377
G,223668363,0.401605,-3.218163,-2.083657
A,223669404,2.1656,13.1083,-10.1562
G,223670880,0.350472,-2.903911,-1.894040
A,223671875,2.2015,13.2950,-10.0628
G,223673376,0.280165,-2.586462,-1.702292
A,223674347,2.2625,13.4817,-9.7540
TRK,223669,0.71098,0.63063,-0.31006,-0.02618,0.3184,1.5543,-0.3845,-0.811,-0.473,-0.623,2,4
G,223675873,0.227967,-2.276470,-1.510545
A,223676800,2.3379,13.6649,-9.2799
G,223678369,0.219444,-1.984588,-1.319863
A,223679284,2.3882,13.8481,-8.7125
G,223680846,0.253533,-1.717206,-1.129180
A,223681756,2.3918,14.0025,-8.1235
G,223683354,0.307861,-1.478587,-0.936367
A,223684221,2.3774,14.1318,-7.5489
G,223685850,0.351537,-1.269795,-0.736098
A,223686703,2.3667,14.2216,-6.9779
G,223688323,0.364320,-1.092961,-0.527306
A,223689174,2.3810,14.2790,-6.3746
G,223690841,0.343015,-0.950216,-0.312122
A,223691650,2.4493,14.2934,-5.6886
G,223693337,0.312122,-0.839428,-0.099070
A,223694122,2.5139,14.2790,-4.9129
TRK,223689,0.70269,0.63585,-0.31589,-0.04631,0.3027,1.5469,-0.3961,-0.786,-0.297,-0.547,2,4
G,223695835,0.316384,-0.754207,0.105461
A,223696579,2.5462,14.2072,-4.1156
G,223698330,0.406931,-0.676443,0.302535
A,223699068,2.5247,14.0887,-3.4369
G,223700808,0.590156,-0.600809,0.488956
A,223701539,2.4672,13.9522,-3.0059
G,223703317,0.812797,-0.530502,0.668986
A,223704008,2.4385,13.7942,-2.8156
G,223705812,0.974717,-0.488956,0.844755
A,223706480,2.5319,13.6326,-2.7366
G,223708300,1.019458,-0.483630,1.026915
A,223708930,2.7402,13.4387,-2.5462
G,223710796,0.974717,-0.508131,1.213336
A,223711402,3.0311,13.2124,-2.1691
G,223713285,0.953412,-0.544350,1.393366
A,223713854,3.2860,12.9431,-1.6771
TRK,223714,0.69513,0.63909,-0.32621,-0.04422,0.2831,1.5410,-0.4083,-0.809,-0.196,-0.449,2,4
G,223715803,1.059938,-0.573112,1.552090
A,223716336,3.4297,12.6522,-1.2893
G,223718299,1.314536,-0.590156,1.685248
A,223718808,3.4153,12.3756,-1.2031
G,223720798,1.623463,-0.604005,1.805623
A,223721272,3.2860,12.1135,-1.4437
G,223723294,1.848234,-0.631702,1.927063
A,223723743,3.1280,11.8836,-1.8423
G,223725772,1.894040,-0.680704,2.059156
A,223726188,3.0347,11.6610,-2.1225
G,223728268,1.775796,-0.749946,2.198706
A,223728651,3.0885,11.4311,-2.0722
TRK,223729,0.68647,0.64247,-0.33888,-0.03390,0.2710,1.5383,-0.4147,-0.826,-0.167,-0.412,2,4
G,223730787,1.612810,-0.820254,2.339321
A,223731138,3.2717,11.1833,-1.6879
G,223733282,1.554221,-0.889496,2.471413
A,223733610,3.5087,10.9140,-1.1636
G,223735781,1.696966,-0.938498,2.591788
A,223736077,3.7421,10.6195,-0.8080
G,223738277,2.015480,-0.955542,2.695119
A,223738549,3.9037,10.3106,-0.8475
G,223740756,2.379801,-0.948085,2.792058
A,223740998,4.0007,9.9838,-1.2965
G,223743256,2.628007,-0.952346,2.883671
A,223743469,4.0725,9.6462,-1.9716
G,223745775,2.672749,-0.996022,2.973153
A,223745959,4.1444,9.2835,-2.6073
G,223748271,2.549178,-1.075917,3.059439
A,223748452,4.2162,8.8992,-2.9987
G,223750742,2.384062,-1.152616,3.140399
A,223750924,4.3024,8.4970,-3.1496
G,223753252,2.313754,-1.198422,3.211772
A,223753405,4.3850,8.0840,-3.2070
G,223755748,2.394714,-1.197357,3.271427
A,223755877,4.4676,7.6818,-3.3794
TRK,223751,0.66764,0.64776,-0.36678,-0.01159,0.2524,1.5349,-0.4235,-0.834,-0.137,-0.391,2,4
G,223758237,2.582201,-1.164334,3.318298
A,223758339,4.5143,7.2939,-3.7888
G,223760757,2.769687,-1.112136,3.359844
A,223760833,4.5645,6.9097,-4.4101
G,223763253,2.861300,-1.050351,3.399259
A,223763304,4.6400,6.5362,-5.0889
G,223765752,2.827212,-0.987500,3.439739
A,223765778,4.7657,6.1483,-5.6563
G,223768270,2.707902,-0.922519,3.474892
A,223768271,4.9416,5.7569,-5.9867
A,223770742,5.1607,5.3690,-6.0980
G,223770766,2.580070,-0.849016,3.499393
A,223773208,5.3654,4.9955,-6.0765
G,223773255,2.516155,-0.754207,3.504720
A,223775679,5.5557,4.6400,-6.0478
G,223775751,2.536395,-0.632767,3.488741
TRK,223770,0.64647,0.65223,-0.39559,0.01341,0.2362,1.5326,-0.4314,-0.789,-0.083,-0.412,2,4
A,223778145,5.7030,4.3311,-6.0262
G,223778240,2.603506,-0.496413,3.458913
A,223780617,5.8502,4.0438,-5.9867
G,223780736,2.655704,-0.358994,3.416303
A,223783065,6.0047,3.8068,-5.8287
G,223783206,2.658900,-0.233293,3.372627
A,223785543,6.1196,3.5805,-5.4911
G,223785706,2.635464,-0.115049,3.323625
A,223788031,6.0980,3.3938,-5.1320
G,223788215,2.649313,0.011718,3.267166
A,223790502,6.0047,3.2358,-4.8231
G,223790710,2.728142,0.144876,3.193662
A,223792972,5.8861,3.0921,-4.6292
G,223793200,2.820820,0.268447,3.111637
TRK,223793,0.62489,0.65585,-0.42087,0.04732,0.2197,1.5315,-0.4411,-0.693,-0.029,-0.464,2,4
A,223795459,5.9149,2.9844,-4.4891
G,223795707,2.825081,0.347276,3.036003
A,223797930,6.1555,2.8695,-4.1767
G,223798203,2.690858,0.365386,2.965696
A,223800392,6.5685,2.7438,-3.5913
G,223800684,2.465022,0.323840,2.886866
A,223802884,7.0066,2.6109,-2.7940
G,223803194,2.264752,0.243946,2.782471
A,223805355,7.3298,2.4852,-1.9932
G,223805690,2.193379,0.152333,2.648247
A,223807815,7.5166,2.3774,-1.4868
G,223808167,2.266883,0.053263,2.481001
A,223810298,7.5489,2.2841,-1.3683
G,223810668,2.394714,-0.059655,2.298841
A,223812788,7.4950,2.1979,-1.5479
G,223813175,2.436260,-0.204531,2.114550
A,223815260,7.4879,2.0722,-1.7921
G,223815671,2.302037,-0.385626,1.938781
TRK,223811,0.61020,0.65883,-0.43406,0.07205,0.2083,1.5310,-0.4496,-0.626,-0.039,-0.516,2,4
A,223817734,7.5166,1.9213,-1.8603
G,223818162,2.020807,-0.589091,1.755556
A,223820227,7.6207,1.7490,-1.7274
G,223820670,1.710815,-0.790426,1.547829
A,223822698,7.7249,1.6017,-1.5155
G,223823166,1.484978,-0.972586,1.302818
A,223825164,7.8003,1.5155,-1.4006
G,223825647,1.379517,-1.133441,1.027980
A,223827651,7.8434,1.5119,-1.4976
G,223828149,1.335842,-1.281513,0.743555
A,223830123,7.8434,1.5874,-1.7490
G,223830670,1.252751,-1.433846,0.459129
A,223832580,7.8362,1.7274,-2.0219
G,223833166,1.070591,-1.603223,0.180030
TRK,223832,0.59209,0.66499,-0.44788,0.08134,0.1954,1.5296,-0.4619,-0.535,-0.086,-0.587,2,4
A,223835056,7.8362,1.9142,-2.1656
G,223835655,0.806405,-1.783252,-0.094809
A,223837528,7.8398,2.1440,-2.1691
G,223838166,0.548611,-1.961152,-0.366451
A,223839977,7.8254,2.4349,-2.1153
G,223840662,0.383495,-2.120941,-0.637028
A,223842451,7.8039,2.7869,-2.1620
G,223843147,0.344080,-2.258361,-0.901214
A,223844923,7.7357,3.2106,-2.3990
G,223845655,0.388821,-2.373409,-1.148355
A,223847371,7.6602,3.6847,-2.8299
G,223848150,0.438889,-2.474609,-1.364604
A,223849843,7.5741,4.1946,-3.3471
G,223850632,0.428236,-2.576875,-1.556351
A,223852315,7.4771,4.7154,-3.8463
G,223853143,0.348341,-2.678075,-1.725728
A,223854768,7.3729,5.2397,-4.2413
G,223855639,0.243946,-2.768622,-1.875931
TRK,223855,0.57780,0.67531,-0.45461,0.05860,0.1844,1.5273,-0.4755,-0.460,-0.115,-0.626,2,4
A,223857253,7.2652,5.7569,-4.5681
G,223858131,0.176834,-2.831473,-2.003762
A,223859724,7.1575,6.2632,-4.8914
G,223860626,0.174703,-2.867692,-2.112419
A,223862188,7.0749,6.7660,-5.3044
G,223863097,0.223706,-2.880475,-2.199771
A,223864660,7.0066,7.2616,-5.8143
G,223865593,0.279099,-2.878344,-2.266883
A,223867126,6.9492,7.7500,-6.3782
G,223868065,0.301470,-2.863431,-2.308428
A,223869624,6.8953,8.2205,-6.9348
G,223870568,0.276969,-2.836799,-2.326538
A,223872095,6.8378,8.6730,-7.4160
TRK,223871,0.56764,0.68489,-0.45549,0.03525,0.1767,1.5255,-0.4861,-0.426,-0.092,-0.597,2,4
G,223873076,0.222640,-2.797385,-2.320146
A,223874548,6.7732,9.0932,-7.7931
G,223875572,0.175769,-2.738795,-2.290318
A,223877037,6.7050,9.4703,-8.0768
G,223878065,0.165116,-2.659965,-2.237055
A,223879508,6.6008,9.7971,-8.3246
G,223880574,0.210922,-2.559830,-2.162487
A,223881965,6.4500,10.0521,-8.6012
G,223883070,0.306796,-2.439456,-2.066613
A,223884441,6.2165,10.2316,-8.9675
G,223885549,0.425040,-2.304167,-1.960086
A,223886913,5.9508,10.3501,-9.4092
G,223888062,0.516653,-2.158226,-1.836516
A,223889374,5.6743,10.3932,-9.8402
G,223890558,0.536893,-2.004827,-1.695901
A,223891867,5.4444,10.3825,-10.1454
G,223893051,0.479369,-1.842907,-1.535046
A,223894338,5.2900,10.2999,-10.2208
G,223895561,0.377104,-1.670334,-1.365669
A,223896798,5.2146,10.1706,-10.0341
G,223898057,0.291882,-1.488174,-1.203749
TRK,223893,0.55323,0.69795,-0.45472,0.00538,0.1676,1.5242,-0.4984,-0.393,-0.009,-0.499,2,4
A,223899282,5.1966,10.0054,-9.6426
G,223900540,0.269512,-1.300688,-1.057808
A,223901753,5.2361,9.8366,-9.1506
G,223903048,0.313188,-1.112136,-0.928910
A,223904213,5.3115,9.6822,-8.6263
G,223905544,0.383495,-0.936367,-0.813862
A,223906684,5.4229,9.5421,-8.1056
G,223908038,0.428236,-0.789361,-0.710531
A,223909131,5.5845,9.4056,-7.5597
G,223910533,0.420779,-0.682835,-0.616788
A,223911602,5.7748,9.2692,-6.9456
G,223913027,0.376038,-0.616788,-0.532632
A,223914050,5.9867,9.1004,-6.2776
G,223915541,0.339819,-0.586961,-0.461259
A,223916519,6.1770,8.8992,-5.6168
G,223918037,0.362190,-0.582700,-0.401605
TRK,223913,0.54583,0.70411,-0.45417,-0.00579,0.1602,1.5248,-0.5075,-0.368,0.051,-0.428,2,4
A,223919009,6.3135,8.6658,-5.0494
G,223920521,0.456998,-0.601874,-0.360059
A,223921480,6.3638,8.3857,-4.6795
G,223923030,0.602940,-0.639159,-0.333428
A,223923946,6.3171,8.0732,-4.5250
G,223925526,0.755272,-0.693487,-0.317449
A,223926417,6.1878,7.7285,-4.5574
G,223928019,0.872451,-0.757403,-0.299339
A,223928869,6.0082,7.3550,-4.6938
G,223930515,0.942759,-0.826645,-0.276969
A,223931340,5.7784,6.9564,-4.8411
G,223933009,0.985370,-0.889496,-0.248207
A,223933793,5.6348,6.5362,-4.9955
TRK,223933,0.53793,0.70927,-0.45548,-0.00983,0.1531,1.5257,-0.5156,-0.347,0.045,-0.404,2,4
G,223935524,1.033306,-0.949151,-0.210922
A,223936268,5.4983,6.1052,-5.1535
G,223938020,1.115332,-0.990696,-0.180030
A,223938762,5.4803,5.6886,-5.3905
G,223940504,1.228250,-1.012001,-0.172573
A,223941234,5.5414,5.2972,-5.7281
G,223943018,1.336907,-1.010936,-0.198139
A,223943709,5.6383,4.9596,-6.1375
G,223945514,1.388040,-1.003479,-0.251402
A,223946203,5.7820,4.6759,-6.5541
G,223947996,1.356082,-0.996022,-0.323840
A,223948674,5.9616,4.4317,-6.9097
G,223950500,1.248490,-0.988565,-0.414388
A,223951140,6.1196,4.2485,-7.1539
G,223952996,1.100418,-0.983239,-0.525175
TRK,223951,0.52462,0.71706,-0.45872,-0.01311,0.1475,1.5266,-0.5227,-0.292,0.057,-0.414,2,4
A,223953627,6.2165,4.1156,-7.2832
G,223955470,0.948085,-0.975782,-0.657268
A,223956098,6.2956,4.0510,-7.3514
G,223957964,0.818123,-0.967260,-0.806405
A,223958556,6.2165,4.1084,-7.3945
G,223960477,0.712662,-0.950216,-0.971521
A,223961032,6.2632,4.2593,-7.3622
G,223962973,0.626375,-0.932106,-1.135572
A,223963504,6.2560,4.4819,-7.3442
G,223965457,0.582700,-0.911866,-1.296427
A,223965954,6.1806,4.7872,-7.3945
G,223967959,0.628506,-0.866060,-1.448759
A,223968421,5.9041,5.0961,-7.5633
G,223970455,0.761664,-0.791491,-1.584048
A,223970912,5.5414,5.3403,-7.8865
G,223972930,0.898018,-0.740359,-1.700162
A,223973384,4.7944,5.7533,-8.6012
TRK,223973,0.51496,0.72634,-0.45469,-0.02262,0.1421,1.5281,-0.5320,-0.197,0.086,-0.416,2,4
G,223975436,0.924649,-0.798948,-1.800297
A,223975856,4.4999,6.0873,-9.2943
G,223977932,0.745685,-0.875647,-1.863147
A,223978328,4.3814,6.5326,-9.8509
G,223980417,0.370712,-0.821319,-1.892975
A,223980780,4.6184,6.9671,-9.9084
G,223982933,-0.094809,-0.607201,-1.895105
A,223983265,4.8842,7.3442,-9.2261
G,223985429,-0.443150,-0.364320,-1.919606
A,223985736,4.7872,7.7428,-8.1128
G,223987924,-0.518784,-0.241815,-1.947303
A,223988201,4.4604,8.1271,-6.9635
G,223990420,-0.280165,-0.174703,-1.951564
A,223990697,3.9863,8.5940,-6.2740
G,223992896,0.145941,-0.107592,-1.922802
A,223993168,3.7350,9.0680,-6.2273
TRK,223989,0.51165,0.73421,-0.44494,-0.03450,0.1395,1.5298,-0.5380,-0.157,0.127,-0.389,2,4
G,223995402,0.531567,-0.010653,-1.879126
A,223995645,3.7888,9.5708,-6.7050
G,223997898,0.664725,0.055394,-1.837581
A,223998116,4.0007,10.0521,-7.3191
G,224000385,0.481499,0.059655,-1.796036
A,224000574,4.2629,10.4830,-7.6638
G,224002901,0.105461,0.029827,-1.744903
A,224003063,4.5645,10.8314,-7.5489
G,224005397,-0.236489,0.002131,-1.688444
A,224005534,4.7944,11.1079,-7.0749
G,224007894,-0.350472,0.005326,-1.636246
A,224008003,4.9596,11.3198,-6.6116
G,224010389,-0.201335,0.042611,-1.603223
A,224010475,5.0566,11.5101,-6.5326
G,224012866,0.086286,0.103331,-1.579787
A,224012925,5.0458,11.7005,-6.9779
G,224015362,0.307861,0.181095,-1.552090
A,224015396,5.0494,11.8764,-7.8254
TRK,224012,0.50984,0.74366,-0.43024,-0.04397,0.1356,1.5333,-0.5467,-0.160,0.150,-0.305,2,4
G,224017879,0.315318,0.269512,-1.511610
A,224017888,5.1284,12.0416,-8.7628
A,224020359,5.3115,12.1817,-9.4882
G,224020375,0.093743,0.382430,-1.471130
A,224022828,5.3905,12.3110,-9.8007
G,224022868,-0.254598,0.560329,-1.442368
A,224025299,5.2756,12.4331,-9.6139
G,224025364,-0.601874,0.817058,-1.421063
A,224027753,4.8878,12.5444,-8.9747
G,224027841,-0.863929,1.108940,-1.389105
A,224030238,4.3922,12.6414,-8.0589
G,224030348,-0.991761,1.367800,-1.335842
A,224032710,3.9576,12.7635,-7.2257
G,224032844,-0.950216,1.572330,-1.258077
A,224035175,3.6883,12.8748,-6.6367
G,224035332,-0.754207,1.729989,-1.168595
TRK,224036,0.51673,0.74847,-0.41304,-0.04679,0.1322,1.5370,-0.5520,-0.158,0.181,-0.174,2,4
A,224037672,3.5231,12.9969,-6.4284
G,224037849,-0.513457,1.849299,-1.062069
A,224040143,3.3830,13.0867,-6.3925
G,224040345,-0.368581,1.924933,-0.943824
A,224042597,3.3148,13.0939,-6.2920
G,224042819,-0.385626,1.963282,-0.807470
A,224045068,3.3758,13.0292,-5.9975
G,224045315,-0.503870,1.980326,-0.665790
A,224047527,3.4225,12.9466,-5.6312
G,224047793,-0.599744,1.981392,-0.540089
A,224050008,3.6308,12.7779,-5.2361
G,224050293,-0.597613,1.968608,-0.434628
A,224052508,3.6883,12.6234,-4.9847
G,224052812,-0.494283,1.962217,-0.337689
A,224054979,3.7601,12.4044,-4.8770
G,224055308,-0.336624,1.982457,-0.229032
A,224057433,3.7924,12.1566,-4.8770
G,224057779,-0.162985,2.034655,-0.112918
TRK,224054,0.52789,0.74945,-0.39780,-0.03767,0.1287,1.5407,-0.5545,-0.199,0.188,-0.084,2,4
A,224059924,3.8068,11.8728,-4.9811
G,224060288,-0.004261,2.081527,0.000000
A,224062395,3.8355,11.5604,-5.2038
G,224062783,0.118244,2.100701,0.109722
A,224064860,3.8391,11.2372,-5.5306
G,224065265,0.198139,2.098571,0.215183
A,224067352,3.9971,10.8960,-5.9113
G,224067773,0.226901,2.092179,0.308927
A,224069824,4.1192,10.5512,-6.0801
G,224070269,0.200270,2.107093,0.390952
A,224072287,4.5502,10.2388,-6.4141
G,224072748,0.153398,2.126268,0.462325
TRK,224073,0.53442,0.74989,-0.38929,-0.02300,0.1250,1.5439,-0.5555,-0.215,0.196,-0.027,2,4
A,224074781,4.1013,10.1562,-6.5541
G,224075257,0.157659,2.133724,0.463390
A,224077253,3.8247,10.2065,-6.7265
G,224077753,0.252468,2.173139,0.422910
A,224079723,3.2394,10.4579,-6.7876
G,224080237,0.419714,2.267948,0.437824
A,224082194,2.8874,10.7883,-6.6224
G,224082757,0.654072,2.455435,0.570982
A,224084650,3.1244,11.0325,-6.3602
G,224085253,0.998153,2.688727,0.766990
A,224087137,3.5877,11.2192,-6.2273
G,224087752,1.475391,2.957174,0.923584
A,224089608,3.9648,11.3952,-6.3889
G,224090269,1.995240,3.247991,1.038633
A,224092064,3.9433,11.6035,-6.6044
G,224092765,2.370213,3.555852,1.135572
A,224094542,3.8104,11.7543,-6.5254
G,224095254,2.429868,3.822169,1.275122
A,224097014,3.5446,11.8046,-5.7389
TRK,224092,0.53699,0.75305,-0.38017,0.00474,0.1207,1.5482,-0.5554,-0.231,0.230,0.036,2,4
G,224097773,2.176335,3.971306,1.511610
A,224099473,3.4225,11.6933,-4.2198
G,224100269,1.846103,3.976632,1.831189
A,224101964,3.4979,11.4168,-2.3487
G,224102768,1.751295,3.888215,2.149704
A,224104435,3.6631,11.0612,-0.7434
G,224105264,2.057025,3.771036,2.406432
A,224106907,3.7385,10.6805,0.1544
G,224107743,2.662096,3.658118,2.621616
A,224109378,3.7852,10.2855,0.2047
G,224110252,3.302320,3.566505,2.829342
A,224111830,3.8642,9.8833,-0.3412
G,224112748,3.718838,3.516438,3.031742
A,224114303,3.9504,9.4990,-1.0523
G,224115226,3.794472,3.522829,3.205380
TRK,224115,0.52953,0.75788,-0.37612,0.06121,0.1148,1.5531,-0.5541,-0.299,0.193,0.066,2,4
A,224116796,4.1695,9.1040,-1.5443
G,224117726,3.584615,3.573962,3.347061
A,224119268,4.5358,8.7448,-1.6556
G,224120229,3.258644,3.616572,3.464240
A,224121716,4.8878,8.3857,-1.4293
G,224122725,3.000850,3.542004,3.569701
A,224124201,5.3115,8.0625,-1.1887
G,224125215,2.914563,3.252252,3.659183
A,224126673,5.3690,7.8183,-1.1564
G,224127726,3.000850,2.795254,3.720968
A,224129130,5.2325,7.6279,-1.6520
G,224130222,3.180879,2.308428,3.769971
A,224131608,4.7297,7.5417,-2.5714
G,224132702,3.356648,1.959021,3.825364
A,224134079,4.2126,7.5525,-3.9181
TRK,224133,0.51567,0.75834,-0.38385,0.10798,0.1086,1.5564,-0.5529,-0.330,0.152,0.055,2,4
G,224135212,3.421629,1.778991,3.889280
A,224136537,3.6452,7.6710,-5.2397
G,224137708,3.302320,1.716141,3.940413
A,224139027,2.7402,7.9224,-6.1591
G,224140198,3.007241,1.717206,3.974501
A,224141498,2.4421,8.0194,-6.6690
G,224142694,2.666357,1.773665,4.099137
A,224143968,2.2482,8.1666,-6.8738
G,224145164,2.454369,1.929194,4.329235
A,224146440,2.0075,8.2492,-7.0785
G,224147665,2.379801,2.132659,4.530570
A,224148891,1.8603,8.3354,-7.2113
TRK,224152,0.49745,0.75273,-0.40247,0.15476,0.1025,1.5595,-0.5519,-0.384,0.207,0.054,2,4
TRK,224472,0.16673,0.84694,-0.49796,0.08326,0.0532,1.5578,-0.5929,0.032,-0.146,0.272,2,4
A,224485027,-5.6276,0.3591,5.3905
G,224487007,0.059655,2.234925,2.665292
A,224487498,-2.8910,-1.8459,7.7393
G,224489511,4.843757,1.495631,3.417368
A,224489968,1.5802,-4.1264,2.6791
G,224492007,9.672601,1.667139,2.630138
TRK,226496,0.29522,0.81551,-0.34804,0.35590,-0.0039,1.6093,-0.5074,0.000,0.000,0.000,1,5
G,226503489,0.003196,0.003196,-0.008522
A,226503921,7.8003,2.2194,-5.6383
G,226506001,0.006392,0.001065,-0.009587
A,226506399,7.8003,2.2158,-5.6527
G,226508496,0.005326,-0.002131,-0.009587
A,226508870,7.8003,2.2230,-5.6671
G,226510990,0.002131,-0.004261,-0.008522
A,226511333,7.8003,2.2230,-5.6671
G,226513486,-0.005326,-0.004261,-0.009587
A,226513825,7.8039,2.2266,-5.6671
G,226515960,-0.008522,-0.003196,-0.014914
A,226516297,7.8075,2.2230,-5.6527
G,226518456,-0.009587,-0.001065,-0.022371
A,226518762,7.8039,2.2266,-5.6491
G,226520952,-0.006392,0.000000,-0.028762
A,226521233,7.7967,2.2338,-5.6455
G,226523437,-0.003196,-0.003196,-0.028762
A,226523688,7.7895,2.2410,-5.6455
G,226525933,-0.001065,-0.005326,-0.027697
A,226526159,7.7752,2.2553,-5.6527
G,226528418,-0.001065,-0.007457,-0.023436
A,226528615,7.7716,2.2625,-5.6527
G,226530934,-0.002131,-0.007457,-0.022371
A,226531103,7.7644,2.2697,-5.6527
G,226533429,-0.005326,-0.007457,-0.022371
A,226533574,7.7752,2.2697,-5.6527
G,226535911,-0.006392,-0.006392,-0.021305
A,226536029,7.7788,2.2625,-5.6491
G,226538417,-0.005326,-0.004261,-0.023436
A,226538508,7.7895,2.2625,-5.6491
G,226540913,-0.002131,-0.003196,-0.023436
A,226540979,7.7931,2.2553,-5.6527
TRK,226532,0.29508,0.81539,-0.34815,0.35617,-0.0039,1.6093,-0.5074,0.000,0.000,0.000,1,5
G,226543398,0.001065,-0.002131,-0.023436
A,226543439,7.7859,2.2661,-5.6563
G,226545911,0.002131,-0.002131,-0.022371
A,226545926,7.7752,2.2661,-5.6563
A,226548397,7.7644,2.2769,-5.6635
G,226548406,0.000000,-0.002131,-0.022371
A,226550868,7.7536,2.2805,-5.6671
G,226550902,-0.004261,-0.002131,-0.023436
A,226553340,7.7500,2.2877,-5.6635
G,226553398,-0.006392,-0.002131,-0.023436
A,226555792,7.7572,2.2877,-5.6599
G,226555874,-0.007457,-0.002131,-0.022371
A,226558265,7.7644,2.3056,-5.6491
G,226558369,-0.005326,-0.001065,-0.018109
A,226560736,7.7716,2.3128,-5.6383
G,226560865,-0.001065,0.001065,-0.017044
A,226563188,7.7752,2.3200,-5.6348
G,226563339,0.003196,0.003196,-0.019175
TRK,226559,0.29494,0.81537,-0.34823,0.35625,-0.0039,1.6093,-0.5074,0.000,0.000,0.000,1,5
STAT,404.9,400.9,0,0,5916,0.0395,2.407,0.4747,0.8360,1.7463,9.8634,3.87,0.000
A,226565684,7.7788,2.3272,-5.6312
G,226565856,0.005326,0.004261,-0.022371
A,226568155,7.7788,2.3200,-5.6312
G,226568351,0.005326,0.004261,-0.021305
A,226570632,7.7788,2.3128,-5.6312
G,226570849,0.003196,0.003196,-0.018109
A,226573103,7.7716,2.3092,-5.6348
G,226573344,0.000000,0.001065,-0.013848
TRK,226568,0.29493,0.81537,-0.34824,0.35626,-0.0039,1.6093,-0.5074,0.000,0.000,0.000,1,5
A,226575560,7.7716,2.3020,-5.6312
G,226575821,-0.002131,-0.002131,-0.011718
A,226578049,7.7680,2.2984,-5.6348
G,226578329,-0.002131,-0.004261,-0.012783
A,226580520,7.7716,2.2984,-5.6312
G,226580825,-0.001065,-0.004261,-0.014914
A,226582989,7.7680,2.3020,-5.6383
G,226583312,0.000000,-0.004261,-0.018109
A,226585489,7.7644,2.3092,-5.6419
G,226585830,0.000000,-0.004261,-0.015979
A,226587960,7.7536,2.3164,-5.6491
G,226588326,0.000000,-0.005326,-0.014914
A,226590421,7.7464,2.3236,-5.6527
G,226590803,-0.002131,-0.002131,-0.011718
A,226592892,7.7464,2.3272,-5.6455
G,226593299,-0.003196,0.003196,-0.009587
A,226595353,7.7572,2.3308,-5.6348
G,226595777,-0.005326,0.008522,-0.006392
A,226597846,7.7680,2.3343,-5.6240
G,226598285,-0.005326,0.011718,-0.005326
A,226600317,7.7752,2.3379,-5.6168
TRK,226596,0.29494,0.81541,-0.34822,0.35618,-0.0039,1.6093,-0.5074,0.000,0.000,0.000,1,5
G,226600804,-0.005326,0.012783,-0.003196
A,226602770,7.7752,2.3379,-5.6168
G,226603299,0.000000,0.009587,-0.002131
A,226605252,7.7680,2.3415,-5.6276
G,226605795,0.005326,0.007457,0.000000
A,226607723,7.7572,2.3379,-5.6455
G,226608290,0.009587,0.006392,0.001065
A,226610207,7.7536,2.3379,-5.6635
G,226610788,0.007457,0.006392,-0.001065
A,226612678,7.7572,2.3308,-5.6814
G,226613283,0.002131,0.007457,-0.005326
A,226615145,7.7680,2.3236,-5.6814
G,226615762,-0.006392,0.006392,-0.008522
A,226617616,7.7788,2.3200,-5.6778
G,226618257,-0.011718,0.006392,-0.005326
A,226620083,7.7824,2.3128,-5.6599
G,226620736,-0.009587,0.005326,0.001065
TRK,226617,0.29511,0.81543,-0.34812,0.35608,-0.0039,1.6093,-0.5074,0.000,0.000,0.000,1,5
A,226622581,7.7788,2.3128,-5.6455
G,226623245,0.000000,0.005326,0.007457
A,226625052,7.7608,2.3092,-5.6383
G,226625741,0.011718,0.004261,0.011718
A,226627530,7.7536,2.3164,-5.6455
G,226628230,0.018109,0.004261,0.011718
A,226630002,7.7500,2.3128,-5.6563
G,226630726,0.014914,0.003196,0.006392
A,226632481,7.7608,2.3164,-5.6599
G,226633215,0.005326,0.002131,0.002131
A,226634952,7.7788,2.3056,-5.6563
TRK,226630,0.29518,0.81546,-0.34808,0.35600,-0.0039,1.6093,-0.5074,0.000,0.000,0.000,1,5
G,226635735,-0.007457,0.002131,0.000000
A,226637413,7.7895,2.3092,-5.6348
G,226638231,-0.015979,0.002131,0.002131
A,226639896,7.8003,2.3056,-5.6132
G,226640721,-0.015979,0.001065,0.003196
A,226642367,7.7967,2.3020,-5.6024
G,226643217,-0.007457,0.002131,0.006392
A,226644838,7.7859,2.3020,-5.6132
G,226645696,0.005326,0.004261,0.010653
A,226647309,7.7680,2.2984,-5.6348
G,226648191,0.014914,0.008522,0.015979
TRK,226647,0.29536,0.81550,-0.34797,0.35587,-0.0039,1.6093,-0.5074,0.000,0.000,0.000,1,5
A,226649783,7.7536,2.2913,-5.6635
G,226650671,0.015979,0.010653,0.019175
A,226652254,7.7464,2.2948,-5.6814
G,226653167,0.010653,0.011718,0.022371
A,226654728,7.7464,2.2913,-5.6814
G,226655647,0.001065,0.010653,0.020240
A,226657199,7.7608,2.2913,-5.6635
G,226658143,-0.004261,0.012783,0.017044
A,226659668,7.7752,2.2841,-5.6383
G,226660618,-0.004261,0.014914,0.013848
A,226662139,7.7895,2.2805,-5.6168
TRK,226661,0.29545,0.81549,-0.34792,0.35587,-0.0039,1.6093,-0.5074,0.000,0.000,0.000,1,5
G,226663129,0.001065,0.015979,0.012783
A,226664596,7.7931,2.2697,-5.6132
G,226665625,0.007457,0.014914,0.011718
A,226667084,7.7788,2.2589,-5.6204
G,226668116,0.011718,0.011718,0.012783
A,226669555,7.7608,2.2482,-5.6419
G,226670612,0.010653,0.009587,0.013848
A,226672024,7.7464,2.2446,-5.6527
G,226673084,0.005326,0.009587,0.013848
A,226674495,7.7357,2.2374,-5.6635
G,226675602,-0.001065,0.008522,0.012783
A,226676961,7.7500,2.2374,-5.6599
G,226678098,-0.005326,0.008522,0.012783
TRK,226674,0.29551,0.81548,-0.34789,0.35586,-0.0039,1.6093,-0.5074,0.000,0.000,0.000,1,5
A,226679441,7.7608,2.2338,-5.6491
G,226680580,-0.005326,0.007457,0.012783
A,226681912,7.7752,2.2338,-5.6455
G,226683093,-0.001065,0.006392,0.014914
A,226684373,7.7859,2.2410,-5.6419
G,226685588,0.005326,0.003196,0.015979
A,226686857,7.7895,2.2374,-5.6527
G,226688072,0.008522,0.001065,0.014914
A,226689328,7.7895,2.2374,-5.6599
G,226690575,0.008522,0.000000,0.010653
A,226691781,7.7859,2.2302,-5.6635
G,226693070,0.002131,0.002131,0.008522
TRK,226692,0.29551,0.81551,-0.34788,0.35581,-0.0039,1.6093,-0.5074,0.000,0.000,0.000,1,5
A,226694266,7.7895,2.2230,-5.6599
G,226695553,-0.004261,0.005326,0.006392
A,226696737,7.7931,2.2158,-5.6491
G,226698066,-0.008522,0.007457,0.006392
A,226699202,7.7967,2.2158,-5.6312
G,226700562,-0.008522,0.006392,0.004261
A,226701673,7.7931,2.2158,-5.6204
G,226703055,-0.003196,0.005326,0.004261
A,226704119,7.7859,2.2122,-5.6132
G,226705551,0.003196,0.004261,0.001065
A,226706596,7.7752,2.2158,-5.6240
G,226708024,0.008522,0.006392,0.000000
A,226709068,7.7644,2.2194,-5.6348
G,226710527,0.007457,0.010653,-0.002131
A,226711526,7.7572,2.2230,-5.6563
G,226713023,0.003196,0.010653,-0.001065
A,226714015,7.7644,2.2266,-5.6563
G,226715507,-0.003196,0.007457,-0.002131
A,226716486,7.7752,2.2266,-5.6599
G,226718021,-0.006392,0.002131,-0.005326
A,226718956,7.7931,2.2302,-5.6491
G,226720517,-0.007457,0.001065,-0.009587
A,226721427,7.8003,2.2302,-5.6348
TRK,226716,0.29539,0.81548,-0.34796,0.35590,-0.0039,1.6093,-0.5074,0.000,0.000,0.000,1,5
G,226723030,-0.003196,0.002131,-0.011718
A,226723898,7.7967,2.2302,-5.6276
G,226725526,0.002131,0.004261,-0.007457
A,226726370,7.7788,2.2338,-5.6240
G,226728020,0.006392,0.007457,-0.005326
A,226728822,7.7716,2.2374,-5.6312
G,226730532,0.006392,0.008522,-0.006392
A,226731294,7.7644,2.2410,-5.6348
G,226733027,0.002131,0.009587,-0.010653
A,226733765,7.7680,2.2446,-5.6348
TRK,226728,0.29530,0.81547,-0.34801,0.35594,-0.0039,1.6093,-0.5074,0.000,0.000,0.000,1,5
G,226735531,-0.004261,0.008522,-0.014914
A,226736229,7.7752,2.2517,-5.6312
G,226738027,-0.008522,0.006392,-0.017044
A,226738718,7.7788,2.2625,-5.6168
G,226740504,-0.010653,0.004261,-0.017044
A,226741189,7.7824,2.2805,-5.6024
G,226743014,-0.007457,0.002131,-0.015979
A,226743660,7.7824,2.2877,-5.6024
G,226745509,-0.002131,0.003196,-0.013848
A,226746132,7.7824,2.2841,-5.5952
G,226748003,0.001065,0.002131,-0.017044
A,226748589,7.7824,2.2769,-5.5952
G,226750499,0.000000,0.000000,-0.019175
A,226751077,7.7824,2.2625,-5.5952
G,226752973,-0.002131,-0.001065,-0.023436
A,226753548,7.7752,2.2625,-5.5952
G,226755472,-0.006392,0.000000,-0.024501
A,226756011,7.7752,2.2661,-5.5988
TRK,226756,0.29514,0.81543,-0.34810,0.35607,-0.0039,1.6093,-0.5074,0.000,0.000,0.000,1,5
G,226757987,-0.010653,0.000000,-0.025566
A,226758490,7.7716,2.2769,-5.6060
G,226760482,-0.011718,-0.001065,-0.025566
A,226760979,7.7716,2.2877,-5.6096
G,226762956,-0.008522,-0.004261,-0.025566
A,226763451,7.7644,2.2948,-5.6168
G,226765474,-0.005326,-0.005326,-0.025566
A,226765934,7.7572,2.2984,-5.6204
G,226767969,-0.003196,-0.005326,-0.025566
A,226768405,7.7500,2.3056,-5.6240
G,226770474,-0.001065,-0.005326,-0.024501
A,226770876,7.7464,2.3092,-5.6240
G,226772970,-0.001065,-0.008522,-0.025566
A,226773348,7.7536,2.3056,-5.6168
G,226775455,-0.002131,-0.011718,-0.027697
A,226775800,7.7644,2.3056,-5.6168
G,226777961,-0.003196,-0.013848,-0.031958
A,226778275,7.7788,2.2984,-5.6132
G,226780456,-0.003196,-0.012783,-0.033023
TRK,226775,0.29511,0.81543,-0.34812,0.35609,-0.0039,1.6093,-0.5074,0.000,0.000,0.000,1,5
A,226780769,7.7931,2.2948,-5.6168
G,226782931,-0.004261,-0.010653,-0.030893
A,226783240,7.7931,2.2913,-5.6240
G,226785427,-0.002131,-0.009587,-0.026632
A,226785711,7.7895,2.2913,-5.6312
G,226787903,-0.002131,-0.010653,-0.025566
A,226788157,7.7788,2.2984,-5.6419
G,226790398,0.000000,-0.011718,-0.024501
A,226790628,7.7680,2.3020,-5.6563
G,226792875,0.001065,-0.012783,-0.025566
A,226793075,7.7572,2.3164,-5.6671
G,226795370,0.001065,-0.011718,-0.023436
A,226795547,7.7500,2.3200,-5.6814
G,226797847,0.000000,-0.012783,-0.024501
A,226797995,7.7500,2.3272,-5.6922
G,226800349,0.000000,-0.011718,-0.021305
A,226800470,7.7500,2.3272,-5.6922
G,226802845,0.001065,-0.006392,-0.014914
A,226802941,7.7536,2.3236,-5.6958
TRK,226798,0.29517,0.81545,-0.34809,0.35602,-0.0039,1.6093,-0.5074,0.000,0.000,0.000,1,5
G,226805332,0.001065,-0.001065,-0.009587
A,226805402,7.7500,2.3200,-5.6886
G,226807828,0.002131,0.001065,-0.007457
A,226807873,7.7500,2.3200,-5.6778
G,226810316,0.002131,0.000000,-0.007457
A,226810336,7.7500,2.3200,-5.6671
A,226812807,7.7572,2.3236,-5.6599
G,226812811,0.003196,0.000000,-0.006392
A,226815269,7.7572,2.3343,-5.6635
G,226815297,0.004261,0.001065,-0.004261
A,226817763,7.7608,2.3343,-5.6671
G,226817816,0.004261,0.003196,-0.003196
A,226820234,7.7608,2.3343,-5.6743
G,226820312,0.003196,0.005326,-0.002131
TRK,226816,0.29523,0.81547,-0.34805,0.35598,-0.0039,1.6093,-0.5074,0.000,0.000,0.000,1,5
A,226822709,7.7608,2.3343,-5.6707
G,226822810,0.001065,0.005326,-0.004261
A,226825181,7.7608,2.3236,-5.6635
G,226825305,0.001065,0.003196,-0.005326
A,226827637,7.7644,2.3236,-5.6599
G,226827783,0.003196,0.001065,-0.001065
A,226830108,7.7608,2.3236,-5.6527
G,226830279,0.005326,0.001065,0.006392
A,226832558,7.7608,2.3200,-5.6635
G,226832750,0.008522,0.003196,0.014914
A,226835046,7.7608,2.3164,-5.6671
G,226835259,0.009587,0.004261,0.017044
A,226837517,7.7572,2.3128,-5.6743
TRK,226833,0.29533,0.81548,-0.34799,0.35591,-0.0039,1.6093,-0.5074,0.000,0.000,0.000,1,5
G,226837778,0.006392,0.005326,0.014914
A,226839967,7.7608,2.3092,-5.6707
G,226840274,0.003196,0.005326,0.012783
A,226842436,7.7608,2.3128,-5.6671
G,226842761,-0.001065,0.007457,0.011718
A,226844907,7.7572,2.3164,-5.6635
G,226845257,-0.002131,0.010653,0.012783
A,226847365,7.7500,2.3128,-5.6527
G,226847732,-0.001065,0.013848,0.013848
A,226849857,7.7464,2.3200,-5.6455
G,226850242,0.002131,0.017044,0.017044
A,226852328,7.7464,2.3164,-5.6455
G,226852737,0.005326,0.018109,0.018109
A,226854795,7.7500,2.3200,-5.6383
G,226855220,0.006392,0.017044,0.017044
A,226857266,7.7572,2.3200,-5.6383
TRK,226856,0.29544,0.81550,-0.34792,0.35584,-0.0039,1.6093,-0.5074,0.000,0.000,0.000,1,5
G,226857740,0.005326,0.015979,0.014914
A,226859720,7.7680,2.3128,-5.6419
G,226860236,0.004261,0.015979,0.014914
A,226862203,7.7752,2.3092,-5.6419
G,226862732,0.001065,0.015979,0.014914
A,226864674,7.7824,2.2984,-5.6455
G,226865228,0.000000,0.018109,0.019175
A,226867141,7.7895,2.2877,-5.6419
G,226867708,0.001065,0.017044,0.018109
A,226869612,7.7895,2.2733,-5.6419
G,226870204,0.004261,0.015979,0.017044
A,226872080,7.7824,2.2661,-5.6419
G,226872684,0.005326,0.013848,0.015979
A,226874578,7.7716,2.2625,-5.6383
G,226875194,0.005326,0.012783,0.018109
A,226877049,7.7644,2.2625,-5.6383
G,226877690,0.004261,0.012783,0.020240
A,226879528,7.7572,2.2589,-5.6419
G,226880180,0.003196,0.012783,0.020240
A,226881999,7.7536,2.2553,-5.6348
TRK,226881,0.29551,0.81554,-0.34787,0.35574,-0.0039,1.6093,-0.5074,0.000,0.000,0.000,1,5
G,226882701,0.000000,0.010653,0.018109
A,226884458,7.7572,2.2482,-5.6383
G,226885197,-0.002131,0.008522,0.015979
A,226886949,7.7572,2.2446,-5.6312
G,226887697,-0.001065,0.007457,0.015979
A,226889420,7.7608,2.2374,-5.6240
G,226890215,0.002131,0.007457,0.015979
A,226891880,7.7644,2.2302,-5.6204
G,226892711,0.004261,0.007457,0.013848
A,226894351,7.7716,2.2266,-5.6240
TRK,226888,0.29551,0.81556,-0.34787,0.35570,-0.0039,1.6093,-0.5074,0.000,0.000,0.000,1,5
G,226895221,0.005326,0.008522,0.011718
A,226896804,7.7752,2.2266,-5.6312
G,226897717,0.004261,0.008522,0.010653
A,226899285,7.7788,2.2302,-5.6348
G,226900205,0.003196,0.007457,0.011718
A,226901757,7.7824,2.2338,-5.6348
G,226902725,0.000000,0.005326,0.010653
A,226904221,7.7859,2.2374,-5.6276
G,226905221,-0.002131,0.004261,0.008522
A,226906717,7.7967,2.2410,-5.6168
G,226907721,-0.001065,0.004261,0.005326
A,226909188,7.8003,2.2517,-5.6132
G,226910243,0.002131,0.004261,0.000000
A,226911656,7.8003,2.2625,-5.6132
G,226912738,0.006392,0.004261,-0.002131
A,226914143,7.8039,2.2697,-5.6240
G,226915228,0.009587,0.004261,-0.002131
A,226916614,7.7931,2.2661,-5.6240
G,226917743,0.008522,0.005326,-0.001065
A,226919077,7.7895,2.2661,-5.6276
G,226920238,0.004261,0.005326,-0.003196
A,226921548,7.7788,2.2589,-5.6168
TRK,226916,0.29545,0.81559,-0.34789,0.35567,-0.0039,1.6093,-0.5074,0.000,0.000,0.000,1,5
G,226922758,-0.001065,0.002131,-0.008522
A,226924017,7.7752,2.2517,-5.6096
G,226925253,-0.004261,-0.001065,-0.010653
A,226926504,7.7644,2.2517,-5.6060
G,226927740,-0.004261,-0.002131,-0.013848
A,226928975,7.7608,2.2517,-5.6096
G,226930236,-0.002131,-0.002131,-0.015979
A,226931453,7.7536,2.2482,-5.6204
G,226932714,-0.001065,-0.002131,-0.017044
A,226933924,7.7536,2.2517,-5.6312
TRK,226933,0.29544,0.81558,-0.34790,0.35569,-0.0039,1.6093,-0.5074,0.000,0.000,0.000,1,5
G,226935223,0.000000,-0.003196,-0.018109
A,226936386,7.7608,2.2482,-5.6455
G,226937719,-0.001065,-0.004261,-0.019175
A,226938878,7.7572,2.2589,-5.6527
G,226940209,-0.002131,-0.007457,-0.024501
A,226941349,7.7716,2.2589,-5.6563
G,226942705,-0.002131,-0.007457,-0.026632
A,226943842,7.7752,2.2661,-5.6527
G,226945195,-0.002131,-0.005326,-0.024501
A,226946313,7.7788,2.2697,-5.6348
G,226947715,-0.001065,-0.002131,-0.019175
A,226948786,7.7824,2.2697,-5.6240
G,226950211,0.000000,0.001065,-0.015979
A,226951257,7.7824,2.2697,-5.6132
G,226952711,0.003196,0.003196,-0.013848
A,226953712,7.7824,2.2697,-5.6168
G,226955206,0.004261,0.002131,-0.014914
A,226956196,7.7824,2.2769,-5.6204
G,226957685,0.003196,-0.001065,-0.017044
A,226958667,7.7824,2.2841,-5.6276
TRK,226954,0.29545,0.81558,-0.34789,0.35568,-0.0039,1.6093,-0.5074,0.000,0.000,0.000,1,5
G,226960196,0.000000,-0.004261,-0.021305
A,226961134,7.7788,2.2948,-5.6276
G,226962691,-0.003196,-0.005326,-0.025566
A,226963625,7.7752,2.3020,-5.6240
G,226965176,-0.004261,-0.005326,-0.026632
A,226966096,7.7680,2.3020,-5.6204
G,226967694,-0.004261,-0.004261,-0.022371
A,226968571,7.7572,2.2984,-5.6204
G,226970189,-0.001065,-0.003196,-0.019175
A,226971042,7.7500,2.2948,-5.6276
G,226972690,0.002131,-0.003196,-0.017044
A,226973501,7.7464,2.2841,-5.6419
G,226975185,0.005326,-0.004261,-0.018109
A,226975984,7.7500,2.2877,-5.6491
G,226977659,0.005326,-0.005326,-0.019175
A,226978455,7.7536,2.2841,-5.6527
TRK,226978,0.29537,0.81553,-0.34795,0.35581,-0.0039,1.6093,-0.5074,0.000,0.000,0.000,1,5
G,226980170,0.004261,-0.004261,-0.019175
A,226980926,7.7572,2.2913,-5.6563
G,226982666,0.002131,-0.003196,-0.020240
A,226983397,7.7572,2.3020,-5.6455
G,226985152,0.001065,0.000000,-0.020240
A,226985844,7.7572,2.3128,-5.6419
G,226987648,-0.002131,0.002131,-0.022371
A,226988327,7.7608,2.3272,-5.6348
G,226990119,-0.003196,0.003196,-0.021305
A,226990798,7.7608,2.3308,-5.6383
G,226992621,-0.003196,0.003196,-0.021305
A,226993262,7.7608,2.3308,-5.6419
G,226995117,-0.001065,0.002131,-0.019175
A,226995733,7.7644,2.3272,-5.6491
G,226997596,0.001065,0.001065,-0.018109
A,226998176,7.7680,2.3272,-5.6563
G,227000092,0.003196,0.002131,-0.012783
TRK,226994,0.29542,0.81551,-0.34793,0.35584,-0.0039,1.6093,-0.5074,0.000,0.000,0.000,1,5
A,227000672,7.7644,2.3236,-5.6599
G,227002574,0.002131,0.000000,-0.010653
A,227003143,7.7644,2.3308,-5.6599
G,227005077,0.001065,-0.001065,-0.009587
A,227005610,7.7608,2.3308,-5.6635
G,227007572,0.000000,-0.002131,-0.012783
A,227008081,7.7644,2.3308,-5.6671
G,227010062,0.000000,-0.001065,-0.013848
A,227010536,7.7680,2.3236,-5.6707
G,227012558,0.000000,-0.001065,-0.013848
A,227013008,7.7788,2.3164,-5.6743
TRK,227012,0.29549,0.81552,-0.34789,0.35579,-0.0039,1.6093,-0.5074,0.000,0.000,0.000,1,5
G,227015046,-0.002131,-0.002131,-0.012783
A,227015462,7.7788,2.3164,-5.6814
G,227017542,-0.002131,-0.002131,-0.010653
A,227017949,7.7752,2.3164,-5.6743
G,227020011,-0.002131,0.000000,-0.007457
A,227020420,7.7716,2.3200,-5.6743
G,227022515,-0.002131,0.002131,-0.005326
A,227022891,7.7608,2.3200,-5.6635
G,227025011,-0.004261,0.001065,-0.003196
A,227025363,7.7536,2.3128,-5.6599
G,227027509,-0.004261,0.001065,0.000000
A,227027829,7.7536,2.3056,-5.6599
G,227030023,-0.002131,0.003196,0.002131
A,227030312,7.7644,2.3020,-5.6563
G,227032519,0.002131,0.007457,0.004261
A,227032783,7.7644,2.2984,-5.6563
G,227034999,0.004261,0.010653,0.005326
A,227035234,7.7752,2.3056,-5.6527
G,227037495,0.004261,0.011718,0.006392
TRK,227036,0.29558,0.81557,-0.34782,0.35567,-0.0039,1.6093,-0.5074,0.000,0.000,0.000,1,5
A,227037729,7.7716,2.3092,-5.6491
G,227039969,0.002131,0.010653,0.007457
A,227040201,7.7752,2.3128,-5.6491
G,227042474,0.001065,0.008522,0.007457
A,227042676,7.7716,2.3092,-5.6491
G,227044970,0.000000,0.007457,0.009587
A,227045147,7.7752,2.3164,-5.6491
G,227047451,0.001065,0.006392,0.010653
A,227047601,7.7752,2.3164,-5.6491
G,227049947,0.002131,0.004261,0.012783
A,227050072,7.7788,2.3236,-5.6455
G,227052432,0.002131,0.004261,0.012783
A,227052531,7.7716,2.3200,-5.6455
G,227054945,0.003196,0.005326,0.012783
A,227055017,7.7680,2.3164,-5.6455
G,227057441,0.004261,0.005326,0.011718
A,227057488,7.7608,2.3164,-5.6455
TRK,227053,0.29562,0.81557,-0.34780,0.35564,-0.0039,1.6093,-0.5074,0.000,0.000,0.000,1,5
G,227059936,0.005326,0.005326,0.011718
A,227059958,7.7608,2.3128,-5.6491
A,227062429,7.7644,2.3128,-5.6419
G,227062432,0.005326,0.006392,0.014914
A,227064880,7.7680,2.3128,-5.6348
G,227064907,0.005326,0.008522,0.017044
A,227067350,7.7752,2.3020,-5.6204
G,227067401,0.005326,0.007457,0.019175
A,227069821,7.7752,2.2913,-5.6132
G,227069897,0.004261,0.007457,0.017044
A,227072284,7.7752,2.2769,-5.6096
G,227072383,0.004261,0.004261,0.014914
A,227074770,7.7680,2.2733,-5.6096
G,227074891,0.005326,0.004261,0.009587
A,227077241,7.7644,2.2733,-5.6132
G,227077387,0.005326,0.004261,0.005326
TRK,227073,0.29564,0.81561,-0.34778,0.35557,-0.0039,1.6093,-0.5074,0.000,0.000,0.000,1,5
A,227079716,7.7572,2.2733,-5.6168
G,227079883,0.004261,0.006392,0.003196
A,227082187,7.7536,2.2697,-5.6204
G,227082379,0.002131,0.006392,0.003196
A,227084638,7.7572,2.2661,-5.6168
G,227084850,0.001065,0.006392,0.006392
A,227087125,7.7572,2.2589,-5.6168
G,227087357,0.000000,0.005326,0.008522
A,227089596,7.7572,2.2589,-5.6276
G,227089853,0.001065,0.004261,0.010653
A,227092084,7.7608,2.2553,-5.6348
G,227092360,0.004261,0.005326,0.011718
A,227094555,7.7644,2.2553,-5.6491
G,227094856,0.008522,0.007457,0.011718
A,227097023,7.7680,2.2589,-5.6599
G,227097343,0.009587,0.008522,0.010653
A,227099520,7.7752,2.2625,-5.6563
G,227099858,0.008522,0.006392,0.008522
A,227101992,7.7788,2.2625,-5.6455
G,227102353,0.004261,0.004261,0.005326
TRK,227098,0.29570,0.81562,-0.34774,0.35552,-0.0039,1.6093,-0.5074,0.000,0.000,0.000,1,5
A,227104451,7.7824,2.2625,-5.6383
G,227104830,-0.001065,0.003196,0.003196
A,227106933,7.7824,2.2589,-5.6312
G,227107329,-0.002131,0.004261,-0.001065
A,227109404,7.7788,2.2553,-5.6312
G,227109825,-0.001065,0.004261,-0.002131
A,227111873,7.7752,2.2625,-5.6383
G,227112310,0.001065,0.004261,0.000000
A,227114345,7.7752,2.2625,-5.6383
G,227114806,0.001065,0.004261,0.001065
A,227116817,7.7824,2.2733,-5.6312
G,227117294,-0.001065,0.004261,0.002131
A,227119288,7.7859,2.2733,-5.6276
TRK,227114,0.29570,0.81562,-0.34774,0.35552,-0.0039,1.6093,-0.5074,0.000,0.000,0.000,1,5
G,227119812,-0.001065,0.005326,0.001065
A,227121742,7.7859,2.2697,-5.6276
G,227122308,-0.002131,0.004261,0.000000
A,227124219,7.7788,2.2661,-5.6276
G,227124797,-0.002131,0.003196,-0.001065
A,227126690,7.7680,2.2589,-5.6348
G,227127293,0.000000,-0.002131,-0.004261
A,227129154,7.7644,2.2517,-5.6419
G,227129769,0.002131,-0.003196,-0.006392
A,227131650,7.7644,2.2517,-5.6599
G,227132278,0.003196,-0.002131,-0.009587
A,227134121,7.7680,2.2517,-5.6671
G,227134773,0.001065,0.002131,-0.009587
A,227136591,7.7716,2.2517,-5.6743
G,227137254,-0.002131,0.005326,-0.008522
A,227139062,7.7716,2.2517,-5.6707
TRK,227138,0.29565,0.81559,-0.34778,0.35561,-0.0039,1.6093,-0.5074,0.000,0.000,0.000,1,5
G,227139773,-0.004261,0.007457,-0.005326
A,227141520,7.7752,2.2482,-5.6563
G,227142269,-0.002131,0.008522,-0.003196
A,227144004,7.7824,2.2517,-5.6455
G,227144762,0.001065,0.007457,-0.004261
A,227146476,7.7824,2.2589,-5.6383
G,227147258,0.006392,0.004261,-0.006392
A,227148946,7.7859,2.2661,-5.6348
G,227149737,0.007457,0.001065,-0.011718
A,227151447,7.7824,2.2697,-5.6383
G,227152247,0.006392,-0.001065,-0.017044
A,227153918,7.7824,2.2733,-5.6312
G,227154766,0.000000,0.000000,-0.019175
A,227156379,7.7752,2.2769,-5.6276
G,227157262,-0.006392,0.002131,-0.018109
A,227158850,7.7752,2.2841,-5.6096
G,227159757,-0.009587,0.003196,-0.015979
A,227161313,7.7680,2.2841,-5.6024
G,227162226,-0.006392,0.005326,-0.014914
TRK,227162,0.29563,0.81557,-0.34780,0.35565,-0.0039,1.6093,-0.5074,0.000,0.000,0.000,1,5
A,227163806,7.7680,2.2841,-5.6024
G,227164726,-0.001065,0.006392,-0.014914
A,227166278,7.7680,2.2805,-5.6096
G,227167234,0.005326,0.006392,-0.014914
A,227168730,7.7644,2.2733,-5.6276
G,227169729,0.007457,0.004261,-0.017044
A,227171201,7.7644,2.2697,-5.6383
G,227172239,0.007457,0.003196,-0.019175
A,227173657,7.7644,2.2697,-5.6455
G,227174735,0.002131,0.002131,-0.020240
A,227176128,7.7572,2.2769,-5.6455
TRK,227170,0.29557,0.81553,-0.34784,0.35574,-0.0039,1.6093,-0.5074,0.000,0.000,0.000,1,5
G,227177244,-0.003196,0.003196,-0.020240
A,227178585,7.7644,2.2841,-5.6348
G,227179740,-0.008522,0.002131,-0.020240
A,227181073,7.7572,2.2948,-5.6240
G,227182229,-0.009587,0.001065,-0.023436
A,227183545,7.7680,2.2984,-5.6132
G,227184749,-0.007457,-0.001065,-0.023436
A,227186014,7.7644,2.3056,-5.6024
G,227187245,-0.004261,-0.002131,-0.020240
A,227188485,7.7752,2.3092,-5.5952
G,227189744,-0.001065,-0.004261,-0.015979
A,227190935,7.7716,2.3128,-5.5952
G,227192240,0.000000,-0.005326,-0.013848
A,227193416,7.7859,2.3128,-5.5952
G,227194719,0.000000,-0.005326,-0.011718
A,227195887,7.7895,2.3092,-5.6024
G,227197222,0.000000,-0.004261,-0.010653
A,227198342,7.7931,2.3128,-5.6024
G,227199718,0.000000,-0.004261,-0.010653
TRK,227199,0.29557,0.81554,-0.34784,0.35572,-0.0039,1.6093,-0.5074,0.000,0.000,0.000,1,5
A,227200835,7.7859,2.3164,-5.6060
G,227202208,-0.001065,-0.003196,-0.013848
A,227203306,7.7788,2.3236,-5.6204
G,227204720,-0.001065,-0.004261,-0.015979
A,227205772,7.7644,2.3272,-5.6312
G,227207216,0.000000,-0.005326,-0.017044
A,227208243,7.7536,2.3308,-5.6491
G,227209716,0.003196,-0.005326,-0.017044
A,227210698,7.7464,2.3272,-5.6527
G,227212211,0.007457,-0.005326,-0.017044
A,227213184,7.7428,2.3200,-5.6563
G,227214691,0.011718,-0.004261,-0.013848
A,227215655,7.7464,2.3200,-5.6491
TRK,227215,0.29558,0.81553,-0.34784,0.35575,-0.0039,1.6093,-0.5074,0.000,0.000,0.000,1,5
G,227217202,0.013848,-0.004261,-0.011718
A,227218122,7.7572,2.3200,-5.6527
G,227219697,0.011718,-0.004261,-0.008522
A,227220593,7.7752,2.3200,-5.6527
G,227222184,0.007457,-0.007457,-0.008522
A,227223037,7.7931,2.3200,-5.6599
G,227224704,0.005326,-0.008522,-0.006392
A,227225516,7.8147,2.3164,-5.6671
G,227227200,0.004261,-0.009587,-0.004261
A,227227987,7.8219,2.3128,-5.6743
G,227229701,0.004261,-0.011718,-0.004261
A,227230447,7.8254,2.3092,-5.6850
G,227232217,0.005326,-0.013848,-0.005326
A,227232925,7.8075,2.3020,-5.6958
G,227234713,0.007457,-0.012783,-0.005326
A,227235396,7.7895,2.2913,-5.6994
G,227237202,0.009587,-0.009587,-0.002131
A,227237846,7.7644,2.2841,-5.6994
G,227239697,0.009587,-0.006392,0.000000
A,227240318,7.7500,2.2877,-5.6922
TRK,227234,0.29558,0.81556,-0.34783,0.35568,-0.0039,1.6093,-0.5074,0.000,0.000,0.000,1,5
G,227242188,0.007457,-0.004261,0.000000
A,227242771,7.7393,2.2913,-5.6958
G,227244683,0.006392,-0.004261,0.000000
A,227245255,7.7393,2.2948,-5.7030
G,227247154,0.008522,-0.003196,0.002131
A,227247726,7.7393,2.2984,-5.7174
G,227249642,0.010653,-0.001065,0.005326
A,227250179,7.7428,2.2877,-5.7209
G,227252137,0.011718,0.003196,0.009587
A,227252675,7.7393,2.2769,-5.7174
G,227254619,0.010653,0.007457,0.013848
A,227255146,7.7428,2.2697,-5.7030
G,227257118,0.008522,0.010653,0.017044
A,227257610,7.7357,2.2697,-5.6922
G,227259614,0.005326,0.011718,0.018109
A,227260082,7.7428,2.2769,-5.6814
TRK,227259,0.29555,0.81558,-0.34784,0.35565,-0.0039,1.6093,-0.5074,0.000,0.000,0.000,1,5
G,227262106,0.001065,0.012783,0.013848
A,227262540,7.7464,2.2877,-5.6671
G,227264620,-0.001065,0.013848,0.009587
A,227265020,7.7500,2.3020,-5.6599
G,227267116,0.000000,0.017044,0.008522
A,227267492,7.7464,2.3056,-5.6563
G,227269618,0.002131,0.018109,0.012783
A,227269962,7.7500,2.3128,-5.6527
G,227272113,0.003196,0.019175,0.014914
A,227272433,7.7464,2.3128,-5.6599
TRK,227272,0.29556,0.81558,-0.34783,0.35565,-0.0039,1.6093,-0.5074,0.000,0.000,0.000,1,5
G,227274615,0.003196,0.017044,0.015979
A,227274904,7.7536,2.3092,-5.6635
G,227277111,0.002131,0.017044,0.017044
A,227277375,7.7608,2.2984,-5.6743
G,227279589,0.003196,0.015979,0.019175
A,227279823,7.7680,2.2877,-5.6707
G,227282101,0.002131,0.015979,0.020240
A,227282306,7.7752,2.2733,-5.6635
G,227284597,0.000000,0.015979,0.018109
A,227284777,7.7824,2.2661,-5.6491
G,227287089,-0.002131,0.018109,0.019175
A,227287241,7.7824,2.2661,-5.6348
G,227289584,-0.002131,0.019175,0.021305
A,227289736,7.7824,2.2733,-5.6204
G,227292057,-0.001065,0.019175,0.023436
A,227292207,7.7752,2.2769,-5.6132
TRK,227293,0.29553,0.81558,-0.34785,0.35566,-0.0039,1.6093,-0.5074,0.000,0.000,0.000,1,5
G,227294580,0.000000,0.018109,0.021305
A,227294703,7.7752,2.2805,-5.6096
G,227297076,0.002131,0.015979,0.015979
A,227297174,7.7752,2.2733,-5.6060
G,227299578,0.003196,0.014914,0.011718
A,227299650,7.7859,2.2697,-5.5988
G,227302074,0.001065,0.012783,0.007457
A,227302121,7.7859,2.2553,-5.5988
G,227304548,-0.001065,0.010653,0.003196
A,227304570,7.7931,2.2517,-5.5952
A,227307058,7.7931,2.2482,-5.5917
G,227307061,-0.002131,0.009587,-0.001065
A,227309529,7.7895,2.2482,-5.5952
G,227309557,-0.001065,0.008522,-0.004261
A,227311978,7.7824,2.2446,-5.5952
G,227312030,-0.001065,0.007457,-0.006392
A,227314471,7.7788,2.2446,-5.5988
G,227314546,-0.001065,0.007457,-0.007457
A,227316943,7.7752,2.2446,-5.6024
G,227317042,0.000000,0.007457,-0.009587
TRK,227313,0.29549,0.81561,-0.34786,0.35560,-0.0039,1.6093,-0.5074,0.000,0.000,0.000,1,5
A,227319403,7.7824,2.2374,-5.5952
G,227319525,-0.001065,0.006392,-0.011718
A,227321895,7.7824,2.2446,-5.5988
G,227322039,-0.001065,0.004261,-0.012783
A,227324366,7.7859,2.2553,-5.5988
G,227324534,-0.002131,0.000000,-0.013848
A,227326828,7.7859,2.2697,-5.5952
G,227327017,-0.004261,0.000000,-0.015979
A,227329311,7.7859,2.2841,-5.5917
G,227329521,-0.006392,0.000000,-0.018109
A,227331782,7.7824,2.2984,-5.5881
G,227332017,-0.006392,-0.001065,-0.019175
A,227334246,7.7788,2.3020,-5.5809
G,227334501,-0.005326,-0.003196,-0.017044
A,227336741,7.7680,2.2984,-5.5809
G,227337015,-0.003196,-0.004261,-0.015979
A,227339213,7.7500,2.3020,-5.5917
G,227339511,-0.002131,-0.005326,-0.014914
A,227341678,7.7428,2.2948,-5.5988
G,227341995,0.000000,-0.005326,-0.014914
TRK,227342,0.29550,0.81566,-0.34784,0.35551,-0.0039,1.6093,-0.5074,0.000,0.000,0.000,1,5
A,227344164,7.7393,2.2948,-5.6096
G,227344499,0.000000,-0.007457,-0.015979
A,227346661,7.7428,2.2913,-5.6132
G,227347013,-0.001065,-0.009587,-0.017044
A,227349132,7.7393,2.2841,-5.6276
G,227349509,-0.002131,-0.010653,-0.020240
A,227351609,7.7285,2.2805,-5.6383
G,227352003,0.000000,-0.010653,-0.024501
A,227354080,7.7357,2.2841,-5.6491
G,227354499,0.001065,-0.009587,-0.026632
A,227356539,7.7608,2.2877,-5.6419
G,227356973,-0.002131,-0.008522,-0.025566
TRK,227353,0.29554,0.81566,-0.34782,0.35549,-0.0039,1.6093,-0.5074,0.000,0.000,0.000,1,5
A,227359028,7.8219,2.2948,-5.6204
G,227359478,-0.006392,-0.007457,-0.020240
A,227361499,7.8937,2.2948,-5.5845
G,227361974,-0.004261,-0.007457,-0.015979
A,227363955,7.9332,2.2948,-5.5737
G,227364445,0.004261,-0.011718,-0.014914
A,227366444,7.9116,2.2948,-5.5845
G,227366949,0.017044,-0.021305,-0.018109
A,227368916,7.8290,2.2877,-5.6419
G,227369445,0.025566,-0.030893,-0.021305
A,227371397,7.7105,2.2841,-5.7209
G,227371940,0.024501,-0.034088,-0.025566
A,227373868,7.6172,2.2841,-5.7856
G,227374436,0.009587,-0.031958,-0.030893
A,227376323,7.5884,2.2877,-5.8035
G,227376903,-0.014914,-0.023436,-0.031958
TRK,227377,0.29558,0.81567,-0.34780,0.35547,-0.0039,1.6093,-0.5074,0.000,0.000,0.000,1,5
A,227378816,7.6423,2.2948,-5.7497
G,227379409,-0.038350,-0.009587,-0.024501
A,227381287,7.7536,2.3020,-5.6491
G,227381905,-0.043676,0.004261,-0.009587
A,227383759,7.8542,2.3056,-5.5593
G,227384389,-0.022371,0.011718,0.003196
A,227386231,7.9080,2.3020,-5.5306
G,227386885,0.019175,0.011718,0.009587
A,227388694,7.8937,2.2913,-5.5881
G,227389360,0.061785,0.005326,0.007457
A,227391165,7.8219,2.2841,-5.7102
G,227391877,0.080960,-0.003196,-0.002131
A,227393622,7.7393,2.2805,-5.8430
G,227394373,0.062851,-0.009587,-0.014914
A,227396109,7.6926,2.2913,-5.9149
G,227396869,0.010653,-0.012783,-0.026632
A,227398580,7.6890,2.3020,-5.8826
TRK,227397,0.29551,0.81557,-0.34786,0.35567,-0.0039,1.6093,-0.5074,0.000,0.000,0.000,1,5
G,227399387,-0.054328,-0.010653,-0.028762
A,227401039,7.7393,2.3200,-5.7569
G,227401883,-0.094809,-0.005326,-0.023436
A,227403510,7.7859,2.3308,-5.6096
G,227404389,-0.087352,0.003196,-0.012783
A,227405960,7.8039,2.3343,-5.5126
G,227406885,-0.031958,0.010653,-0.002131
A,227408431,7.7752,2.3343,-5.5270
G,227409392,0.041545,0.015979,0.006392
A,227410882,7.7141,2.3200,-5.6276
G,227411887,0.092678,0.019175,0.012783
A,227413353,7.6674,2.3092,-5.7497
G,227414394,0.094809,0.020240,0.013848
A,227415806,7.6495,2.2913,-5.8287
G,227416889,0.049002,0.021305,0.010653
A,227418285,7.7033,2.2805,-5.8035
G,227419371,-0.018109,0.020240,0.005326
A,227420756,7.7824,2.2877,-5.6958
G,227421888,-0.070307,0.018109,0.003196
A,227423221,7.8721,2.2841,-5.5593
G,227424384,-0.078830,0.015979,0.005326
TRK,227420,0.29553,0.81556,-0.34785,0.35569,-0.0039,1.6093,-0.5074,0.000,0.000,0.000,1,5
A,227425716,7.9045,2.2913,-5.4767
G,227426880,-0.041545,0.010653,0.005326
A,227428187,7.8650,2.2913,-5.4875
G,227429376,0.018109,0.006392,0.003196
A,227430663,7.7644,2.2913,-5.5952
G,227431852,0.062851,0.002131,-0.002131
A,227433134,7.6602,2.2948,-5.7174
G,227434357,0.066046,0.004261,0.000000
A,227435588,7.5992,2.3020,-5.7892
G,227436852,0.028762,0.010653,0.003196
TRK,227436,0.29556,0.81559,-0.34783,0.35562,-0.0039,1.6093,-0.5074,0.000,0.000,0.000,1,5
A,227438076,7.6136,2.3092,-5.7712
G,227439339,-0.022371,0.020240,0.009587
A,227440548,7.6818,2.3164,-5.6778
G,227441857,-0.057524,0.028762,0.014914
A,227443016,7.7788,2.3128,-5.5486
G,227444352,-0.055394,0.033023,0.021305
A,227445509,7.8506,2.3056,-5.4624
G,227446843,-0.015979,0.033023,0.027697
A,227447981,7.8829,2.2948,-5.4588
G,227449339,0.038350,0.028762,0.026632
A,227450461,7.8506,2.2841,-5.5378
G,227451817,0.076699,0.021305,0.021305
A,227452932,7.8003,2.2733,-5.6527
G,227454325,0.074569,0.011718,0.012783
A,227455393,7.7464,2.2697,-5.7389
G,227456821,0.030893,0.002131,0.005326
A,227457885,7.7321,2.2661,-5.7425
G,227459308,-0.027697,-0.002131,-0.001065
A,227460356,7.7464,2.2697,-5.6707
TRK,227460,0.29547,0.81559,-0.34788,0.35566,-0.0039,1.6093,-0.5074,0.000,0.000,0.000,1,5
G,227461825,-0.068177,-0.003196,-0.006392
A,227462828,7.7895,2.2733,-5.5593
G,227464321,-0.069242,0.001065,-0.006392
A,227465299,7.8147,2.2805,-5.4731
G,227466819,-0.033023,0.004261,-0.002131
A,227467753,7.8254,2.2805,-5.4624
G,227469315,0.018109,0.004261,0.001065
A,227470224,7.7967,2.2769,-5.5198
G,227471813,0.059655,0.002131,0.001065
A,227472680,7.7644,2.2625,-5.6240
G,227474308,0.071373,0.002131,0.001065
A,227475151,7.7285,2.2517,-5.7102
TRK,227469,0.29556,0.81563,-0.34782,0.35554,-0.0039,1.6093,-0.5074,0.000,0.000,0.000,1,5
G,227476806,0.050067,0.004261,0.000000
A,227477608,7.7393,2.2517,-5.7389
G,227479302,0.007457,0.005326,-0.001065
A,227480091,7.7752,2.2553,-5.6958
G,227481776,-0.030893,0.003196,-0.003196
A,227482563,7.8362,2.2697,-5.6132
G,227484285,-0.043676,-0.001065,-0.007457
A,227485031,7.8721,2.2769,-5.5270
G,227486781,-0.024501,-0.006392,-0.007457
A,227487502,7.8793,2.2841,-5.4911
G,227489269,0.009587,-0.011718,-0.009587
A,227489952,7.8362,2.2841,-5.5198
G,227491788,0.040480,-0.015979,-0.010653
A,227492433,7.7716,2.2841,-5.5988
G,227494284,0.050067,-0.018109,-0.013848
A,227494904,7.7105,2.2841,-5.6886
G,227496770,0.036219,-0.017044,-0.019175
A,227497353,7.6710,2.2769,-5.7389
G,227499265,0.005326,-0.011718,-0.021305
TRK,227498,0.29549,0.81570,-0.34784,0.35543,-0.0039,1.6093,-0.5074,0.000,0.000,0.000,1,5
A,227499845,7.6818,2.2805,-5.7353
G,227501744,-0.025566,-0.007457,-0.020240
A,227502316,7.7249,2.2733,-5.6778
G,227504245,-0.038350,-0.007457,-0.018109
A,227504782,7.7752,2.2805,-5.6168
G,227506741,-0.026632,-0.010653,-0.019175
A,227507253,7.8075,2.2877,-5.5809
G,227509231,0.001065,-0.012783,-0.023436
A,227509708,7.8003,2.2984,-5.6024
G,227511726,0.029827,-0.010653,-0.023436
A,227512179,7.7680,2.3092,-5.6491
G,227514216,0.040480,-0.007457,-0.020240
A,227514635,7.7249,2.3164,-5.7174
G,227516736,0.030893,-0.004261,-0.017044
A,227517122,7.6998,2.3236,-5.7425
G,227519231,0.004261,-0.003196,-0.019175
A,227519593,7.7033,2.3236,-5.7353
G,227521731,-0.024501,-0.003196,-0.020240
A,227522061,7.7321,2.3200,-5.6814
G,227524227,-0.037284,-0.002131,-0.018109
TRK,227523,0.29567,0.81568,-0.34774,0.35541,-0.0039,1.6093,-0.5074,0.000,0.000,0.000,1,5
A,227524559,7.7716,2.3236,-5.6168
G,227526706,-0.028762,-0.002131,-0.017044
A,227527031,7.7967,2.3164,-5.5737
G,227529216,-0.004261,-0.004261,-0.015979
A,227529510,7.8003,2.3236,-5.5737
G,227531712,0.022371,-0.007457,-0.014914
A,227531981,7.7788,2.3236,-5.6240
G,227534222,0.034088,-0.009587,-0.012783
A,227534461,7.7536,2.3200,-5.6814
G,227536718,0.025566,-0.009587,-0.011718
A,227536932,7.7285,2.3092,-5.7353
TRK,227532,0.29570,0.81567,-0.34773,0.35543,-0.0039,1.6093,-0.5074,0.000,0.000,0.000,1,5
G,227539208,0.002131,-0.008522,-0.012783
A,227539393,7.7285,2.3092,-5.7389
G,227541728,-0.022371,-0.005326,-0.011718
A,227541885,7.7393,2.3128,-5.7174
G,227544223,-0.035154,-0.001065,-0.008522
A,227544356,7.7644,2.3236,-5.6671
G,227546723,-0.027697,0.002131,-0.002131
A,227546829,7.7752,2.3343,-5.6276
G,227549242,-0.006392,0.003196,0.003196
A,227549322,7.7788,2.3308,-5.6240
G,227551738,0.018109,0.003196,0.005326
A,227551793,7.7608,2.3272,-5.6455
G,227554247,0.033023,0.005326,0.007457
A,227554277,7.7357,2.3200,-5.6886
G,227556743,0.030893,0.006392,0.009587
A,227556748,7.7213,2.3164,-5.7245
TRK,227552,0.29574,0.81566,-0.34771,0.35544,-0.0039,1.6093,-0.5074,0.000,0.000,0.000,1,5
A,227559213,7.7285,2.3164,-5.7353
G,227559233,0.012783,0.008522,0.010653
A,227561695,7.7464,2.3164,-5.7102
G,227561739,-0.009587,0.007457,0.007457
A,227564167,7.7716,2.3164,-5.6743
G,227564235,-0.023436,0.006392,0.005326
STAT,404.6,400.6,0,0,5916,0.0967,2.700,0.4747,0.8360,1.7463,9.8694,3.87,0.000
A,227566623,7.7895,2.3128,-5.6348
G,227566714,-0.020240,0.004261,0.002131
A,227569100,7.7895,2.3128,-5.6240
G,227569214,-0.005326,0.003196,0.001065
A,227571571,7.7752,2.2984,-5.6383
G,227571710,0.012783,0.004261,0.001065
TRK,227570,0.29572,0.81567,-0.34772,0.35541,-0.0039,1.6093,-0.5074,0.000,0.000,0.000,1,5
A,227574019,7.7572,2.2841,-5.6707
G,227574180,0.023436,0.006392,0.003196
A,227576491,7.7428,2.2661,-5.6958
G,227576675,0.022371,0.009587,0.007457
A,227578940,7.7393,2.2589,-5.7030
G,227579146,0.010653,0.011718,0.012783
A,227581421,7.7500,2.2553,-5.6886
G,227581647,-0.004261,0.012783,0.015979
A,227583893,7.7716,2.2625,-5.6599
G,227584143,-0.013848,0.013848,0.017044
A,227586346,7.7788,2.2769,-5.6348
G,227586616,-0.011718,0.014914,0.015979
A,227588839,7.7859,2.2805,-5.6276
G,227589128,0.000000,0.014914,0.015979
A,227591310,7.7752,2.2841,-5.6348
G,227591624,0.013848,0.014914,0.014914
TRK,227591,0.29565,0.81571,-0.34775,0.35537,-0.0039,1.6093,-0.5074,0.000,0.000,0.000,1,5
A,227593784,7.7644,2.2841,-5.6527
G,227594115,0.020240,0.013848,0.015979
A,227596255,7.7500,2.2769,-5.6671
G,227596611,0.014914,0.010653,0.015979
A,227598729,7.7357,2.2805,-5.6743
G,227599103,0.003196,0.008522,0.013848
A,227601225,7.7357,2.2733,-5.6671
G,227601615,-0.008522,0.007457,0.011718
A,227603696,7.7428,2.2733,-5.6527
G,227604111,-0.014914,0.008522,0.010653
A,227606162,7.7536,2.2769,-5.6276
G,227606593,-0.012783,0.011718,0.010653
A,227608645,7.7716,2.2733,-5.6240
G,227609092,-0.002131,0.012783,0.009587
A,227611117,7.7716,2.2733,-5.6276
G,227611588,0.011718,0.014914,0.010653
A,227613574,7.7680,2.2733,-5.6455
G,227614060,0.021305,0.015979,0.010653
TRK,227614,0.29556,0.81576,-0.34778,0.35528,-0.0039,1.6093,-0.5074,0.000,0.000,0.000,1,5
A,227616062,7.7572,2.2661,-5.6671
G,227616563,0.020240,0.013848,0.008522
A,227618533,7.7500,2.2661,-5.6635
G,227619083,0.009587,0.011718,0.004261
A,227620989,7.7572,2.2625,-5.6527
G,227621578,-0.004261,0.010653,0.000000
A,227623469,7.7716,2.2625,-5.6204
G,227624071,-0.011718,0.010653,-0.002131
A,227625940,7.7895,2.2589,-5.5881
G,227626567,-0.013848,0.009587,-0.005326
A,227628401,7.7967,2.2625,-5.5665
G,227629040,-0.009587,0.006392,-0.008522
A,227630880,7.8003,2.2625,-5.5665
G,227631530,-0.002131,0.002131,-0.011718
A,227633382,7.7931,2.2697,-5.5773
G,227634044,0.006392,-0.001065,-0.010653
A,227635853,7.7859,2.2769,-5.5988
G,227636559,0.008522,-0.002131,-0.010653
A,227638307,7.7752,2.2805,-5.6168
G,227639054,0.004261,0.000000,-0.010653
TRK,227635,0.29552,0.81579,-0.34779,0.35524,-0.0039,1.6093,-0.5074,0.000,0.000,0.000,1,5
A,227640801,7.7824,2.2877,-5.6240
G,227641557,-0.002131,0.003196,-0.013848
A,227643272,7.7859,2.2877,-5.6096
G,227644053,-0.009587,0.003196,-0.018109
A,227645742,7.7967,2.2948,-5.5917
G,227646532,-0.011718,0.001065,-0.023436
A,227648213,7.7967,2.2913,-5.5737
G,227649045,-0.009587,-0.002131,-0.025566
A,227650668,7.7967,2.2913,-5.5701
G,227651541,-0.002131,-0.004261,-0.025566
A,227653146,7.7752,2.2913,-5.5809
G,227654026,0.004261,-0.006392,-0.024501
A,227655617,7.7608,2.2877,-5.5952
TRK,227650,0.29560,0.81582,-0.34774,0.35516,-0.0039,1.6093,-0.5074,0.000,0.000,0.000,1,5
G,227656543,0.007457,-0.007457,-0.023436
A,227658079,7.7500,2.2948,-5.6096
G,227659039,0.003196,-0.008522,-0.023436
A,227660550,7.7500,2.2948,-5.6168
G,227661543,-0.004261,-0.008522,-0.025566
A,227662999,7.7536,2.3092,-5.6168
G,227664039,-0.012783,-0.010653,-0.027697
A,227665479,7.7608,2.3200,-5.6132
G,227666522,-0.013848,-0.012783,-0.029827
A,227667950,7.7644,2.3236,-5.6060
G,227669036,-0.008522,-0.015979,-0.027697
A,227670410,7.7608,2.3272,-5.6096
G,227671531,0.002131,-0.018109,-0.026632
TRK,227671,0.29568,0.81583,-0.34770,0.35512,-0.0039,1.6093,-0.5074,0.000,0.000,0.000,1,5
A,227672902,7.7536,2.3272,-5.6240
G,227674025,0.009587,-0.018109,-0.023436
A,227675373,7.7500,2.3272,-5.6455
G,227676520,0.012783,-0.017044,-0.022371
A,227677845,7.7393,2.3236,-5.6707
G,227678994,0.009587,-0.015979,-0.019175
A,227680316,7.7393,2.3236,-5.6886
G,227681490,0.003196,-0.013848,-0.019175
A,227682790,7.7464,2.3164,-5.6886
G,227683964,-0.002131,-0.012783,-0.020240
A,227685287,7.7536,2.3128,-5.6850
G,227686463,-0.005326,-0.010653,-0.021305
A,227687759,7.7644,2.3164,-5.6671
G,227688978,-0.002131,-0.011718,-0.021305
A,227690223,7.7680,2.3200,-5.6635
G,227691473,0.004261,-0.012783,-0.020240
TRK,227691,0.29574,0.81583,-0.34766,0.35509,-0.0039,1.6093,-0.5074,0.000,0.000,0.000,1,5
A,227692713,7.7644,2.3308,-5.6671
G,227693963,0.010653,-0.014914,-0.022371
A,227695185,7.7608,2.3343,-5.6778
G,227696459,0.010653,-0.015979,-0.021305
A,227697661,7.7572,2.3308,-5.6922
G,227698934,0.005326,-0.014914,-0.022371
A,227700132,7.7572,2.3308,-5.6994
G,227701430,-0.002131,-0.010653,-0.018109
A,227702609,7.7608,2.3272,-5.7066
G,227703905,-0.008522,-0.007457,-0.013848
A,227705080,7.7644,2.3236,-5.7030
G,227706406,-0.008522,-0.003196,-0.006392
A,227707533,7.7680,2.3236,-5.6994
G,227708902,-0.004261,-0.002131,-0.002131
A,227710022,7.7752,2.3236,-5.6994
G,227711388,0.002131,0.000000,0.002131
A,227712494,7.7752,2.3200,-5.7030
TRK,227712,0.29581,0.81581,-0.34763,0.35511,-0.0039,1.6093,-0.5074,0.000,0.000,0.000,1,5
G,227713905,0.007457,0.001065,0.002131
A,227714963,7.7824,2.3164,-5.7138
G,227716400,0.011718,0.003196,0.006392
A,227717435,7.7824,2.3164,-5.7209
G,227718896,0.010653,0.004261,0.007457
A,227719886,7.7824,2.3128,-5.7317
G,227721392,0.007457,0.005326,0.008522
A,227722357,7.7824,2.3092,-5.7317
G,227723889,0.002131,0.006392,0.005326
A,227724809,7.7788,2.3128,-5.7281
G,227726384,-0.002131,0.006392,0.003196
A,227727281,7.7824,2.3092,-5.7138
G,227728873,-0.002131,0.007457,0.005326
A,227729727,7.7824,2.3020,-5.6958
G,227731369,0.002131,0.007457,0.008522
A,227732212,7.7859,2.3020,-5.6850
G,227733845,0.007457,0.007457,0.012783
A,227734683,7.7788,2.2948,-5.6850
TRK,227734,0.29582,0.81579,-0.34763,0.35514,-0.0039,1.6093,-0.5074,0.000,0.000,0.000,1,5
G,227736353,0.009587,0.009587,0.012783
A,227737149,7.7752,2.2913,-5.6922
G,227738848,0.008522,0.012783,0.015979
A,227739620,7.7608,2.2913,-5.6994
G,227741335,0.004261,0.017044,0.019175
A,227742067,7.7572,2.2877,-5.6922
G,227743831,-0.002131,0.017044,0.018109
A,227744553,7.7572,2.2769,-5.6778
G,227746306,-0.007457,0.017044,0.014914
A,227747024,7.7536,2.2661,-5.6563
G,227748804,-0.008522,0.015979,0.012783
A,227749484,7.7572,2.2625,-5.6419
G,227751300,-0.002131,0.017044,0.013848
A,227751974,7.7500,2.2589,-5.6383
G,227753778,0.005326,0.018109,0.013848
A,227754445,7.7500,2.2661,-5.6383
G,227756274,0.010653,0.019175,0.012783
A,227756903,7.7500,2.2661,-5.6419
TRK,227753,0.29578,0.81580,-0.34765,0.35514,-0.0039,1.6093,-0.5074,0.000,0.000,0.000,1,5
G,227758792,0.009587,0.017044,0.010653
A,227759384,7.7536,2.2697,-5.6419
G,227761288,0.003196,0.017044,0.010653
A,227761855,7.7608,2.2661,-5.6348
G,227763778,-0.004261,0.015979,0.011718
A,227764310,7.7608,2.2625,-5.6240
G,227766297,-0.008522,0.014914,0.013848
A,227766794,7.7644,2.2589,-5.6168
G,227768793,-0.006392,0.012783,0.013848
A,227769265,7.7644,2.2625,-5.6132
G,227771281,0.000000,0.010653,0.012783
A,227771719,7.7680,2.2697,-5.6204
TRK,227771,0.29569,0.81583,-0.34769,0.35510,-0.0039,1.6093,-0.5074,0.000,0.000,0.000,1,5
G,227773787,0.006392,0.009587,0.009587
A,227774192,7.7680,2.2769,-5.6276
G,227776282,0.009587,0.010653,0.010653
A,227776687,7.7608,2.2805,-5.6419
G,227778761,0.009587,0.010653,0.010653
A,227779159,7.7536,2.2769,-5.6455
G,227781270,0.004261,0.010653,0.013848
A,227781635,7.7464,2.2697,-5.6383
G,227783766,-0.001065,0.008522,0.011718
A,227784131,7.7464,2.2697,-5.6168
G,227786243,-0.005326,0.007457,0.008522
A,227786602,7.7500,2.2625,-5.5988
G,227788763,-0.004261,0.008522,0.005326
A,227789090,7.7572,2.2661,-5.5809
G,227791258,-0.001065,0.006392,0.000000
A,227791561,7.7644,2.2625,-5.5809
G,227793757,0.002131,0.004261,-0.006392
A,227794030,7.7716,2.2589,-5.5881
G,227796253,0.004261,0.001065,-0.011718
A,227796501,7.7752,2.2553,-5.6024
TRK,227791,0.29555,0.81586,-0.34776,0.35508,-0.0039,1.6093,-0.5074,0.000,0.000,0.000,1,5
G,227798732,0.004261,0.001065,-0.009587
A,227798950,7.7752,2.2517,-5.6132
G,227801242,0.000000,0.001065,-0.007457
A,227801431,7.7788,2.2517,-5.6168
G,227803737,-0.006392,0.000000,-0.006392
A,227803902,7.7824,2.2553,-5.6132
G,227806227,-0.009587,0.001065,-0.006392
A,227806364,7.7895,2.2553,-5.6024
G,227808736,-0.007457,0.002131,-0.006392
A,227808846,7.7931,2.2625,-5.5988
G,227811232,-0.003196,0.001065,-0.008522
A,227811317,7.7931,2.2553,-5.5952
G,227813711,0.002131,-0.002131,-0.013848
A,227813770,7.7895,2.2553,-5.6060
TRK,227813,0.29548,0.81587,-0.34779,0.35509,-0.0039,1.6093,-0.5074,0.000,0.000,0.000,1,5
G,227816208,0.004261,-0.005326,-0.015979
A,227816241,7.7895,2.2517,-5.6168
G,227818703,0.005326,-0.004261,-0.015979
A,227818736,7.7824,2.2553,-5.6312
G,227821174,0.004261,-0.002131,-0.012783
A,227821208,7.7931,2.2625,-5.6383
G,227823663,0.000000,-0.003196,-0.012783
A,227823672,7.7967,2.2769,-5.6312
A,227826158,7.8039,2.2913,-5.6168
G,227826174,-0.005326,-0.004261,-0.014914
A,227828629,7.8039,2.2984,-5.6096
G,227828670,-0.008522,-0.007457,-0.020240
A,227831116,7.7931,2.3056,-5.6060
G,227831180,-0.007457,-0.010653,-0.023436
A,227833587,7.7752,2.3056,-5.6204
G,227833676,-0.003196,-0.011718,-0.025566
TRK,227829,0.29545,0.81584,-0.34782,0.35516,-0.0039,1.6093,-0.5074,0.000,0.000,0.000,1,5
A,227836055,7.7608,2.2984,-5.6348
G,227836167,0.000000,-0.011718,-0.025566
A,227838527,7.7464,2.2913,-5.6491
G,227838662,-0.001065,-0.010653,-0.024501
A,227840976,7.7428,2.2841,-5.6527
G,227841133,-0.006392,-0.010653,-0.024501
A,227843456,7.7393,2.2841,-5.6527
G,227843635,-0.010653,-0.011718,-0.024501
A,227845927,7.7357,2.2913,-5.6455
G,227846131,-0.012783,-0.011718,-0.024501
A,227848388,7.7321,2.2984,-5.6419
G,227848612,-0.010653,-0.011718,-0.026632
A,227850860,7.7393,2.3092,-5.6455
G,227851108,-0.006392,-0.009587,-0.024501
A,227853322,7.7536,2.3164,-5.6563
G,227853590,0.001065,-0.006392,-0.021305
TRK,227854,0.29554,0.81580,-0.34778,0.35522,-0.0039,1.6093,-0.5074,0.000,0.000,0.000,1,5
A,227855815,7.7680,2.3308,-5.6599
G,227856102,0.007457,-0.002131,-0.017044
A,227858287,7.7859,2.3379,-5.6671
G,227858598,0.009587,0.000000,-0.013848
A,227860761,7.7931,2.3415,-5.6599
G,227861090,0.005326,-0.002131,-0.008522
A,227863232,7.7895,2.3487,-5.6491
G,227863586,-0.001065,-0.006392,-0.006392
A,227865687,7.7859,2.3379,-5.6455
G,227866059,-0.004261,-0.007457,-0.007457
A,227868160,7.7788,2.3343,-5.6383
G,227868548,-0.003196,-0.007457,-0.011718
A,227870631,7.7752,2.3272,-5.6491
G,227871044,0.001065,-0.004261,-0.013848
A,227873098,7.7716,2.3272,-5.6599
G,227873527,0.006392,-0.003196,-0.012783
TRK,227874,0.29559,0.81574,-0.34777,0.35532,-0.0039,1.6093,-0.5074,0.000,0.000,0.000,1,5
A,227875596,7.7680,2.3200,-5.6743
G,227876041,0.010653,0.000000,-0.011718
A,227878067,7.7680,2.3128,-5.6886
G,227878560,0.010653,-0.001065,-0.011718
A,227880521,7.7644,2.3056,-5.6886
G,227881055,0.007457,0.001065,-0.009587
A,227883010,7.7572,2.2984,-5.6850
G,227883558,0.003196,0.001065,-0.005326
A,227885481,7.7572,2.3020,-5.6707
G,227886054,0.001065,0.002131,-0.002131
A,227887939,7.7464,2.3092,-5.6563
G,227888525,0.000000,0.000000,-0.002131
A,227890420,7.7500,2.3164,-5.6491
G,227891019,0.002131,-0.002131,-0.003196
A,227892891,7.7500,2.3272,-5.6491
G,227893530,0.004261,-0.001065,-0.001065
A,227895341,7.7608,2.3272,-5.6455
G,227896026,0.006392,0.002131,0.002131
TRK,227891,0.29563,0.81569,-0.34777,0.35541,-0.0039,1.6093,-0.5074,0.000,0.000,0.000,1,5
A,227897814,7.7716,2.3343,-5.6491
G,227898509,0.007457,0.004261,0.005326
A,227900285,7.7716,2.3379,-5.6563
G,227901019,0.007457,0.002131,0.005326
A,227902734,7.7716,2.3415,-5.6635
G,227903515,0.006392,-0.002131,0.004261
A,227905219,7.7680,2.3451,-5.6671
G,227906008,0.002131,-0.005326,0.000000
A,227907690,7.7644,2.3451,-5.6671
G,227908504,-0.001065,-0.007457,-0.002131
A,227910156,7.7644,2.3415,-5.6563
G,227910978,-0.002131,-0.005326,0.002131
A,227912653,7.7608,2.3343,-5.6527
G,227913483,0.000000,-0.003196,0.007457
A,227915124,7.7536,2.3272,-5.6491
G,227915978,0.002131,0.002131,0.009587
A,227917588,7.7500,2.3164,-5.6599
G,227918450,0.005326,0.006392,0.007457
TRK,227914,0.29569,0.81573,-0.34772,0.35532,-0.0039,1.6093,-0.5074,0.000,0.000,0.000,1,5
A,227920076,7.7500,2.3092,-5.6635
G,227920945,0.005326,0.007457,0.006392
A,227922547,7.7572,2.3020,-5.6814
G,227923441,0.005326,0.007457,0.008522
A,227925011,7.7716,2.2913,-5.6850
G,227925911,0.004261,0.008522,0.013848
A,227927482,7.7716,2.2877,-5.6850
G,227928417,0.004261,0.011718,0.015979
A,227929932,7.7716,2.2841,-5.6778
G,227930913,0.004261,0.013848,0.013848
A,227932413,7.7644,2.2841,-5.6635
G,227933399,0.005326,0.014914,0.008522
A,227934885,7.7536,2.2877,-5.6563
TRK,227930,0.29574,0.81574,-0.34769,0.35528,-0.0039,1.6093,-0.5074,0.000,0.000,0.000,1,5
G,227935915,0.007457,0.014914,0.006392
A,227937347,7.7536,2.2948,-5.6419
G,227938411,0.008522,0.013848,0.006392
A,227939818,7.7500,2.2948,-5.6383
G,227940914,0.006392,0.012783,0.010653
A,227942268,7.7572,2.3020,-5.6383
G,227943409,0.004261,0.012783,0.012783
A,227944749,7.7716,2.2984,-5.6383
G,227945892,0.002131,0.011718,0.012783
A,227947220,7.7788,2.2948,-5.6383
G,227948398,0.001065,0.009587,0.009587
A,227949675,7.7931,2.2913,-5.6383
G,227950894,0.001065,0.007457,0.007457
A,227952162,7.7967,2.2913,-5.6383
G,227953380,0.003196,0.006392,0.007457
A,227954633,7.7967,2.2913,-5.6383
G,227955883,0.005326,0.006392,0.006392
A,227957087,7.7895,2.2877,-5.6383
G,227958379,0.006392,0.008522,0.008522
TRK,227953,0.29578,0.81576,-0.34766,0.35522,-0.0039,1.6093,-0.5074,0.000,0.000,0.000,1,5
A,227959565,7.7824,2.2805,-5.6383
G,227960856,0.004261,0.007457,0.008522
A,227962036,7.7752,2.2841,-5.6383
G,227963351,0.001065,0.006392,0.011718
A,227964515,7.7752,2.2769,-5.6240
G,227965829,-0.002131,0.005326,0.011718
A,227966986,7.7788,2.2841,-5.6168
G,227968336,0.000000,0.007457,0.012783
A,227969446,7.7824,2.2769,-5.6132
G,227970832,0.001065,0.008522,0.009587
A,227971924,7.7931,2.2697,-5.6168
G,227973307,0.003196,0.008522,0.005326
A,227974395,7.7931,2.2589,-5.6312
G,227975805,0.003196,0.006392,0.001065
A,227976847,7.8003,2.2482,-5.6383
G,227978301,0.004261,0.002131,-0.003196
TRK,227977,0.29580,0.81577,-0.34765,0.35519,-0.0039,1.6093,-0.5074,0.000,0.000,0.000,1,5
A,227979330,7.8003,2.2482,-5.6419
G,227980779,0.002131,-0.003196,-0.004261
A,227981801,7.7967,2.2517,-5.6419
G,227983287,0.001065,-0.006392,-0.007457
A,227984264,7.7895,2.2589,-5.6383
G,227985783,0.001065,-0.007457,-0.008522
A,227986759,7.7824,2.2661,-5.6383
G,227988271,0.002131,-0.005326,-0.009587
A,227989230,7.7788,2.2733,-5.6383
TRK,227989,0.29578,0.81578,-0.34766,0.35518,-0.0039,1.6093,-0.5074,0.000,0.000,0.000,1,5
G,227990790,0.003196,-0.002131,-0.010653
A,227991705,7.7824,2.2769,-5.6383
G,227993286,0.005326,0.000000,-0.009587
A,227994176,7.7895,2.2805,-5.6419
G,227995784,0.005326,-0.001065,-0.009587
A,227996632,7.7967,2.2769,-5.6491
G,227998280,0.004261,-0.003196,-0.007457
A,227999119,7.8039,2.2805,-5.6563
G,228000758,0.001065,-0.005326,-0.006392
A,228001591,7.8003,2.2769,-5.6599
G,228003257,0.000000,-0.003196,-0.003196
A,228004048,7.8039,2.2805,-5.6563
G,228005776,-0.002131,-0.003196,-0.004261
A,228006527,7.7967,2.2769,-5.6563
G,228008271,-0.002131,-0.004261,-0.005326
A,228009023,7.7931,2.2697,-5.6527
G,228010757,-0.002131,-0.006392,-0.007457
A,228011494,7.7859,2.2661,-5.6491
G,228013266,-0.001065,-0.004261,-0.007457
A,228013964,7.7716,2.2625,-5.6491
G,228015762,0.001065,-0.004261,-0.006392
A,228016435,7.7608,2.2661,-5.6563
TRK,228011,0.29573,0.81577,-0.34769,0.35522,-0.0039,1.6093,-0.5074,0.000,0.000,0.000,1,5
G,228018251,0.002131,-0.002131,-0.005326
A,228018886,7.7536,2.2697,-5.6563
G,228020756,0.001065,-0.001065,-0.005326
A,228021354,7.7536,2.2805,-5.6635
G,228023252,-0.001065,0.001065,-0.005326
A,228023847,7.7572,2.2841,-5.6599
G,228025731,-0.003196,0.001065,-0.007457
A,228026318,7.7680,2.2877,-5.6455
G,228028227,-0.004261,-0.001065,-0.010653
A,228028778,7.7752,2.2877,-5.6383
G,228030723,-0.003196,-0.002131,-0.012783
A,228031249,7.7788,2.2877,-5.6312
G,228033213,0.001065,-0.001065,-0.012783
A,228033704,7.7788,2.2948,-5.6383
TRK,228033,0.29566,0.81572,-0.34774,0.35533,-0.0039,1.6093,-0.5074,0.000,0.000,0.000,1,5
G,228035721,0.004261,0.001065,-0.010653
A,228036178,7.7716,2.3020,-5.6455
G,228038216,0.004261,0.003196,-0.009587
A,228038674,7.7680,2.3092,-5.6599
G,228040696,0.002131,0.004261,-0.008522
A,228041145,7.7608,2.3092,-5.6635
G,228043207,0.000000,0.004261,-0.009587
A,228043622,7.7572,2.3092,-5.6635
G,228045702,-0.001065,0.004261,-0.009587
A,228046093,7.7500,2.3092,-5.6599
G,228048182,-0.001065,0.003196,-0.009587
A,228048540,7.7572,2.3092,-5.6527
G,228050702,-0.001065,0.003196,-0.009587
A,228051029,7.7572,2.3092,-5.6455
G,228053198,0.001065,0.003196,-0.009587
A,228053500,7.7644,2.3128,-5.6419
G,228055685,0.003196,0.002131,-0.009587
A,228055957,7.7644,2.3128,-5.6455
TRK,228052,0.29563,0.81567,-0.34777,0.35544,-0.0039,1.6093,-0.5074,0.000,0.000,0.000,1,5
G,228058195,0.004261,0.003196,-0.009587
A,228058437,7.7680,2.3200,-5.6419
G,228060691,0.004261,0.002131,-0.011718
A,228060909,7.7752,2.3272,-5.6491
G,228063176,0.003196,0.001065,-0.014914
A,228063364,7.7824,2.3308,-5.6455
G,228065683,0.002131,0.000000,-0.015979
A,228065844,7.7859,2.3236,-5.6527
G,228068179,0.003196,-0.001065,-0.013848
A,228068315,7.7895,2.3128,-5.6455
G,228070659,0.005326,0.001065,-0.009587
A,228070768,7.7788,2.3056,-5.6383
TRK,228070,0.29562,0.81567,-0.34778,0.35546,-0.0039,1.6093,-0.5074,0.000,0.000,0.000,1,5
G,228073157,0.004261,0.001065,-0.006392
A,228073239,7.7752,2.3128,-5.6240
G,228075653,0.003196,0.000000,-0.006392
A,228075710,7.7680,2.3200,-5.6204
G,228078144,0.001065,-0.004261,-0.009587
A,228078176,7.7644,2.3308,-5.6240
G,228080640,0.000000,-0.008522,-0.010653
A,228080672,7.7644,2.3415,-5.6348
G,228083111,-0.001065,-0.008522,-0.009587
A,228083143,7.7644,2.3379,-5.6455
G,228085602,0.001065,-0.007457,-0.007457
A,228085609,7.7608,2.3415,-5.6455
A,228088097,7.7680,2.3379,-5.6419
G,228088114,0.002131,-0.003196,-0.003196
A,228090588,7.7680,2.3343,-5.6491
G,228090630,0.002131,0.000000,-0.001065
A,228093059,7.7752,2.3308,-5.6491
G,228093125,0.003196,0.002131,0.000000
A,228095518,7.7824,2.3236,-5.6635
G,228095607,0.005326,0.001065,0.002131
A,228097995,7.7752,2.3128,-5.6635
G,228098107,0.007457,0.000000,0.002131
TRK,228099,0.29566,0.81570,-0.34774,0.35538,-0.0039,1.6093,-0.5074,0.000,0.000,0.000,1,5
A,228100494,7.7788,2.3092,-5.6671
G,228100629,0.007457,-0.001065,0.003196
A,228102966,7.7680,2.3020,-5.6707
G,228103124,0.006392,-0.001065,0.004261
A,228105418,7.7716,2.3020,-5.6671
G,228105598,0.003196,0.001065,0.003196
A,228107909,7.7644,2.2984,-5.6707
G,228108110,0.003196,0.005326,0.002131
A,228110381,7.7716,2.3056,-5.6743
G,228110606,0.003196,0.008522,-0.001065
A,228112844,7.7680,2.3164,-5.6778
G,228113089,0.005326,0.008522,-0.001065
TRK,228113,0.29571,0.81571,-0.34772,0.35534,-0.0039,1.6093,-0.5074,0.000,0.000,0.000,1,5
A,228115334,7.7680,2.3272,-5.6778
G,228115599,0.006392,0.006392,0.002131
A,228117805,7.7644,2.3272,-5.6778
G,228118095,0.007457,0.006392,0.005326
A,228120285,7.7608,2.3308,-5.6707
G,228120594,0.007457,0.006392,0.006392
A,228122757,7.7608,2.3164,-5.6635
G,228123089,0.006392,0.005326,0.004261
A,228125221,7.7680,2.3020,-5.6563
G,228125572,0.004261,0.004261,0.001065
A,228127703,7.7788,2.2877,-5.6491
G,228128071,0.005326,0.003196,0.002131
A,228130175,7.7788,2.2769,-5.6455
G,228130594,0.004261,0.004261,0.003196
A,228132631,7.7788,2.2697,-5.6348
G,228133090,0.004261,0.005326,0.005326
TRK,228133,0.29578,0.81573,-0.34767,0.35527,-0.0039,1.6093,-0.5074,0.000,0.000,0.000,1,5
A,228135118,7.7680,2.2697,-5.6348
G,228135592,0.003196,0.006392,0.006392
A,228137589,7.7536,2.2733,-5.6348
G,228138088,0.003196,0.006392,0.005326
A,228140057,7.7393,2.2769,-5.6383
G,228140570,0.002131,0.004261,0.002131
A,228142528,7.7321,2.2805,-5.6455
G,228143091,0.002131,0.004261,0.000000
A,228144986,7.7321,2.2841,-5.6455
G,228145587,0.001065,0.006392,0.001065
A,228147466,7.7393,2.2913,-5.6455
G,228148079,0.001065,0.008522,0.004261
A,228149937,7.7428,2.2948,-5.6419
G,228150575,0.002131,0.009587,0.004261
A,228152398,7.7500,2.3056,-5.6419
G,228153048,0.004261,0.010653,0.002131
TRK,228153,0.29585,0.81574,-0.34763,0.35523,-0.0039,1.6093,-0.5074,0.000,0.000,0.000,1,5
A,228154889,7.7500,2.3128,-5.6348
G,228155551,0.005326,0.009587,0.000000
A,228157387,7.7536,2.3164,-5.6348
G,228158060,0.003196,0.007457,0.000000
A,228159858,7.7608,2.3128,-5.6276
G,228160556,0.000000,0.005326,0.002131
A,228162341,7.7680,2.3056,-5.6240
G,228163049,-0.003196,0.003196,0.000000
A,228164812,7.7752,2.2948,-5.6168
G,228165544,-0.004261,0.003196,-0.002131
A,228167296,7.7788,2.2948,-5.6096
G,228168038,-0.003196,0.004261,-0.001065
A,228169767,7.7716,2.2913,-5.6168
G,228170533,-0.001065,0.003196,0.001065
A,228172231,7.7680,2.2984,-5.6204
G,228173007,0.000000,0.002131,0.002131
TRK,228172,0.29592,0.81576,-0.34759,0.35519,-0.0039,1.6093,-0.5074,0.000,0.000,0.000,1,5
A,228174715,7.7680,2.2948,-5.6312
G,228175500,0.000000,0.002131,0.002131
A,228177186,7.7680,2.2913,-5.6419
G,228178014,-0.003196,0.003196,0.002131
A,228179642,7.7752,2.2805,-5.6491
G,228180510,-0.005326,0.004261,0.001065
A,228182129,7.7788,2.2805,-5.6527
G,228183004,-0.005326,0.005326,0.000000
A,228184600,7.7788,2.2733,-5.6527
G,228185500,-0.003196,0.005326,0.000000
A,228187088,7.7824,2.2733,-5.6491
G,228187994,-0.001065,0.005326,0.000000
A,228189559,7.7788,2.2733,-5.6455
G,228190489,0.001065,0.004261,-0.001065
A,228192028,7.7788,2.2733,-5.6455
G,228192964,0.004261,0.003196,0.000000
TRK,228192,0.29592,0.81576,-0.34758,0.35517,-0.0039,1.6093,-0.5074,0.000,0.000,0.000,1,5
A,228194516,7.7752,2.2769,-5.6455
G,228195458,0.005326,0.003196,0.001065
A,228196988,7.7680,2.2841,-5.6455
G,228197973,0.005326,0.003196,0.002131
A,228199447,7.7644,2.2877,-5.6383
G,228200469,0.003196,0.003196,0.001065
A,228201938,7.7608,2.2877,-5.6312
G,228202964,0.001065,0.003196,0.000000
A,228204409,7.7536,2.2877,-5.6240
G,228205459,0.000000,0.002131,-0.003196
A,228206901,7.7500,2.2877,-5.6240
G,228207954,-0.001065,0.002131,-0.004261
A,228209372,7.7500,2.2877,-5.6276
G,228210450,-0.001065,0.003196,-0.005326
A,228211844,7.7500,2.2877,-5.6383
G,228212925,0.000000,0.005326,-0.006392
TRK,228212,0.29588,0.81576,-0.34761,0.35520,-0.0039,1.6093,-0.5074,0.000,0.000,0.000,1,5
A,228214337,7.7500,2.2913,-5.6491
G,228215420,0.000000,0.006392,-0.007457
A,228216808,7.7500,2.2913,-5.6563
G,228217936,-0.002131,0.006392,-0.009587
A,228219271,7.7572,2.2877,-5.6527
G,228220432,-0.002131,0.003196,-0.008522
A,228221743,7.7536,2.2948,-5.6491
G,228222927,-0.002131,0.001065,-0.009587
A,228224188,7.7608,2.2948,-5.6455
G,228225423,-0.001065,-0.001065,-0.007457
A,228226659,7.7572,2.3020,-5.6383
G,228227919,-0.001065,0.000000,-0.006392
A,228229105,7.7608,2.3020,-5.6348
G,228230414,-0.001065,0.001065,-0.005326
A,228231583,7.7608,2.2984,-5.6348
G,228232890,0.000000,0.001065,-0.005326
A,228234054,7.7680,2.2984,-5.6348
TRK,228233,0.29585,0.81573,-0.34763,0.35525,-0.0039,1.6093,-0.5074,0.000,0.000,0.000,1,5
G,228235396,0.000000,-0.001065,-0.006392
A,228236512,7.7788,2.2913,-5.6419
G,228237892,0.001065,-0.004261,-0.009587
A,228238990,7.7859,2.2877,-5.6455
G,228240367,0.000000,-0.005326,-0.014914
A,228241462,7.7895,2.2841,-5.6491
G,228242864,0.001065,-0.004261,-0.017044
A,228243912,7.7788,2.2805,-5.6455
G,228245360,0.001065,-0.002131,-0.015979
A,228246383,7.7644,2.2841,-5.6419
G,228247856,0.000000,0.001065,-0.014914
A,228248835,7.7536,2.2877,-5.6348
G,228250352,-0.001065,0.003196,-0.012783
A,228251318,7.7464,2.3020,-5.6276
G,228252829,-0.002131,0.002131,-0.010653
A,228253789,7.7500,2.3128,-5.6240
G,228255323,0.000000,0.001065,-0.008522
A,228256240,7.7536,2.3236,-5.6276
TRK,228252,0.29588,0.81574,-0.34761,0.35523,-0.0039,1.6093,-0.5074,0.000,0.000,0.000,1,5
G,228257841,0.003196,-0.001065,-0.009587
A,228258715,7.7680,2.3272,-5.6276
G,228260337,0.005326,0.001065,-0.008522
A,228261186,7.7680,2.3236,-5.6348
G,228262825,0.005326,0.003196,-0.007457
A,228263633,7.7752,2.3200,-5.6312
G,228265342,0.003196,0.004261,-0.007457
A,228266109,7.7752,2.3164,-5.6312
G,228267838,0.001065,0.001065,-0.010653
A,228268581,7.7716,2.3200,-5.6312
G,228270345,-0.001065,-0.004261,-0.013848
A,228271049,7.7680,2.3128,-5.6348
G,228272841,-0.001065,-0.007457,-0.014914
A,228273520,7.7608,2.3200,-5.6312
G,228275328,0.000000,-0.006392,-0.011718
A,228275969,7.7500,2.3164,-5.6419
TRK,228275,0.29589,0.81574,-0.34760,0.35522,-0.0039,1.6093,-0.5074,0.000,0.000,0.000,1,5
G,228277836,0.000000,-0.003196,-0.009587
A,228278439,7.7357,2.3164,-5.6419
G,228280331,0.001065,-0.001065,-0.006392
A,228280930,7.7321,2.3200,-5.6491
G,228282809,0.003196,0.003196,-0.005326
A,228283401,7.7213,2.3200,-5.6455
G,228285317,0.003196,0.005326,-0.004261
A,228285873,7.7249,2.3200,-5.6383
G,228287813,0.003196,0.006392,-0.004261
A,228288364,7.7321,2.3200,-5.6312
G,228290290,0.001065,0.006392,-0.003196
A,228290835,7.7500,2.3236,-5.6240
TRK,228291,0.29592,0.81574,-0.34759,0.35522,-0.0039,1.6093,-0.5074,0.000,0.000,0.000,1,5
G,228292808,0.001065,0.004261,0.000000
A,228293318,7.7608,2.3272,-5.6276
G,228295304,0.002131,0.002131,0.000000
A,228295790,7.7752,2.3308,-5.6312
G,228297802,0.004261,0.000000,-0.002131
A,228298253,7.7752,2.3308,-5.6383
G,228300317,0.005326,-0.001065,-0.004261
A,228300735,7.7752,2.3272,-5.6455
G,228302812,0.006392,-0.002131,-0.003196
A,228303206,7.7644,2.3092,-5.6563
G,228305300,0.006392,-0.002131,-0.002131
A,228305662,7.7536,2.3056,-5.6599
G,228307809,0.005326,-0.003196,-0.003196
A,228308138,7.7464,2.3056,-5.6743
G,228310304,0.002131,-0.002131,-0.003196
A,228310610,7.7500,2.3164,-5.6778
G,228312782,-0.001065,-0.001065,0.000000
A,228313057,7.7572,2.3272,-5.6850
G,228315278,-0.001065,0.001065,0.003196
TRK,228314,0.29598,0.81578,-0.34754,0.35512,-0.0039,1.6093,-0.5074,0.000,0.000,0.000,1,5
A,228315555,7.7608,2.3379,-5.6814
G,228317757,0.001065,0.001065,0.005326
A,228318027,7.7680,2.3379,-5.6778
G,228320266,0.005326,0.001065,0.004261
A,228320506,7.7680,2.3379,-5.6707
G,228322762,0.007457,0.001065,0.002131
A,228322977,7.7716,2.3379,-5.6635
G,228325251,0.007457,0.000000,0.001065
A,228325437,7.7788,2.3379,-5.6599
G,228327770,0.004261,0.000000,0.001065
A,228327928,7.7824,2.3343,-5.6635
G,228330265,0.001065,-0.001065,0.002131
A,228330400,7.7895,2.3308,-5.6671
TRK,228330,0.29600,0.81579,-0.34753,0.35509,-0.0039,1.6093,-0.5074,0.000,0.000,0.000,1,5
G,228332764,0.001065,-0.002131,0.003196
A,228332871,7.7895,2.3236,-5.6707
G,228335260,0.001065,-0.003196,0.002131
A,228335342,7.7824,2.3128,-5.6707
G,228337759,0.002131,-0.001065,0.004261
A,228337815,7.7752,2.3092,-5.6671
G,228340255,0.003196,0.000000,0.006392
A,228340286,7.7572,2.3020,-5.6707
G,228342732,0.006392,0.001065,0.008522
A,228342739,7.7393,2.3020,-5.6707
A,228345224,7.7177,2.3056,-5.6814
G,228345242,0.006392,0.003196,0.007457
A,228347695,7.7069,2.3092,-5.6886
G,228347738,0.005326,0.007457,0.007457
A,228350149,7.7249,2.3092,-5.6922
G,228350215,0.002131,0.012783,0.008522
A,228352625,7.7752,2.3020,-5.6778
G,228352714,0.000000,0.018109,0.013848
TRK,228353,0.29605,0.81582,-0.34750,0.35502,-0.0039,1.6093,-0.5074,0.000,0.000,0.000,1,5
A,228355119,7.8434,2.2948,-5.6563
G,228355231,0.000000,0.019175,0.018109
A,228357590,7.8973,2.2841,-5.6312
G,228357726,0.006392,0.015979,0.020240
A,228360058,7.9009,2.2733,-5.6348
G,228360216,0.017044,0.008522,0.019175
A,228362529,7.8542,2.2661,-5.6635
G,228362736,0.027697,0.001065,0.015979
A,228364979,7.7644,2.2589,-5.7174
G,228365232,0.031958,-0.003196,0.010653
A,228367459,7.6854,2.2697,-5.7604
G,228367731,0.020240,-0.006392,0.001065
A,228369930,7.6531,2.2769,-5.7604
G,228370227,-0.005326,-0.006392,-0.007457
A,228372391,7.6746,2.2913,-5.7138
G,228372707,-0.034088,0.000000,-0.010653
TRK,228373,0.29599,0.81586,-0.34752,0.35496,-0.0039,1.6093,-0.5074,0.000,0.000,0.000,1,5
A,228374883,7.7393,2.3020,-5.6204
G,228375217,-0.047937,0.007457,-0.005326
A,228377354,7.8039,2.3020,-5.5450
G,228377712,-0.036219,0.012783,0.002131
A,228379827,7.8398,2.2913,-5.5162
G,228380202,-0.001065,0.011718,0.008522
A,228382298,7.8254,2.2769,-5.5593
G,228382722,0.041545,0.008522,0.010653
A,228384752,7.7859,2.2625,-5.6563
G,228385218,0.068177,0.005326,0.009587
A,228387236,7.7428,2.2482,-5.7569
G,228387718,0.062851,0.003196,0.004261
A,228389707,7.7177,2.2446,-5.7964
G,228390214,0.024501,0.000000,-0.004261
A,228392173,7.7321,2.2446,-5.7640
G,228392693,-0.027697,-0.003196,-0.010653
TRK,228389,0.29588,0.81588,-0.34757,0.35495,-0.0039,1.6093,-0.5074,0.000,0.000,0.000,1,5
A,228404546,7.7321,2.3020,-5.5845
G,228405156,0.056459,0.008522,-0.006392
A,228414423,7.7752,2.3200,-5.6204
G,228415142,-0.043676,0.009587,-0.003196
A,228416895,7.8183,2.3164,-5.5378
TRK,228415,0.29585,0.81591,-0.34758,0.35490,-0.0039,1.6093,-0.5074,0.000,0.000,0.000,1,5
A,229197797,7.7536,2.3164,-5.6527
G,229198823,0.004261,0.000000,0.000000
A,229200269,7.7536,2.3092,-5.6491
G,229201319,0.004261,0.000000,-0.002131
A,229202743,7.7464,2.3056,-5.6455
G,229203797,0.002131,0.000000,-0.005326
A,229205215,7.7428,2.3020,-5.6527
G,229206292,0.000000,0.000000,-0.006392
A,229207690,7.7393,2.3020,-5.6491
G,229208771,0.001065,0.002131,-0.003196
A,229210161,7.7357,2.3056,-5.6563
G,229211280,0.002131,0.004261,0.001065
A,229212618,7.7357,2.3056,-5.6527
G,229213775,0.002131,0.005326,0.002131
A,229215106,7.7357,2.3128,-5.6527
G,229216265,0.001065,0.003196,0.000000
A,229217577,7.7357,2.3128,-5.6527
G,229218784,0.000000,0.000000,-0.003196
A,229220045,7.7393,2.3164,-5.6491
G,229221279,-0.001065,-0.002131,-0.004261
A,229222516,7.7428,2.3128,-5.6491
G,229223778,-0.002131,-0.002131,-0.002131
A,229224966,7.7536,2.3092,-5.6491
G,229226274,-0.002131,0.000000,0.001065
A,229227446,7.7644,2.3020,-5.6491
G,229228753,-0.001065,0.001065,0.001065
A,229229918,7.7716,2.2948,-5.6563
TRK,229221,0.29603,0.81596,-0.34747,0.35475,-0.0039,1.6093,-0.5074,0.000,0.000,0.000,1,5
G,229231262,0.001065,0.003196,0.002131
A,229232379,7.7752,2.2913,-5.6635
G,229233758,0.004261,0.004261,0.002131
A,229234871,7.7680,2.2877,-5.6635
G,229236247,0.005326,0.003196,0.004261
A,229237342,7.7608,2.2913,-5.6599
G,229238743,0.004261,0.001065,0.001065
A,229239835,7.7572,2.2948,-5.6491
G,229241232,0.002131,0.000000,-0.003196
A,229242307,7.7536,2.3056,-5.6419
G,229243728,0.001065,0.002131,-0.007457
A,229244780,7.7536,2.3056,-5.6491
G,229246198,0.001065,0.004261,-0.006392
A,229247252,7.7536,2.3092,-5.6563
G,229248698,0.001065,0.007457,-0.006392
A,229249706,7.7536,2.3092,-5.6635
G,229251194,0.001065,0.008522,-0.004261
TRK,229250,0.29604,0.81601,-0.34745,0.35463,-0.0039,1.6093,-0.5074,0.000,0.000,0.000,1,5
A,229252192,7.7500,2.2984,-5.6707
G,229253674,-0.001065,0.007457,-0.003196
A,229254663,7.7428,2.2984,-5.6671
G,229256185,-0.001065,0.005326,-0.001065
A,229257130,7.7393,2.2877,-5.6599
G,229258681,0.000000,0.002131,-0.003196
A,229259601,7.7357,2.2877,-5.6491
G,229261191,0.001065,0.000000,-0.004261
A,229262069,7.7464,2.2913,-5.6383
G,229263687,0.002131,-0.002131,-0.005326
A,229264567,7.7572,2.2948,-5.6348
G,229266178,0.002131,-0.001065,-0.003196
A,229267038,7.7716,2.3056,-5.6312
G,229268698,0.002131,0.000000,-0.003196
A,229269517,7.7788,2.3092,-5.6348
G,229271194,0.002131,0.002131,-0.003196
A,229271989,7.7752,2.3092,-5.6348
G,229273683,0.001065,0.003196,-0.005326
A,229274437,7.7716,2.3092,-5.6383
G,229276179,0.000000,0.002131,-0.004261
A,229276928,7.7608,2.3056,-5.6312
G,229278659,-0.001065,0.001065,-0.003196
A,229279399,7.7500,2.3056,-5.6348
G,229281170,-0.003196,0.000000,-0.001065
A,229281871,7.7357,2.3092,-5.6312
G,229283666,-0.004261,-0.002131,-0.004261
A,229284342,7.7321,2.2984,-5.6383
G,229286153,-0.003196,-0.004261,-0.007457
A,229286791,7.7249,2.3020,-5.6455
G,229288649,-0.001065,-0.004261,-0.008522
TRK,229283,0.29599,0.81604,-0.34746,0.35459,-0.0039,1.6093,-0.5074,0.000,0.000,0.000,1,5
A,229289275,7.7249,2.2913,-5.6455
G,229291120,0.001065,-0.004261,-0.006392
A,229291746,7.7321,2.2948,-5.6455
G,229293622,0.003196,0.000000,-0.002131
A,229294211,7.7357,2.2948,-5.6455
G,229296118,0.004261,0.004261,0.002131
A,229296707,7.7428,2.2984,-5.6419
G,229298600,0.004261,0.006392,0.003196
A,229299178,7.7536,2.3092,-5.6383
G,229301112,0.002131,0.003196,0.001065
A,229301654,7.7572,2.3164,-5.6348
G,229303608,0.001065,0.001065,-0.001065
A,229304125,7.7680,2.3236,-5.6276
G,229306100,0.000000,-0.001065,-0.003196
A,229306583,7.7752,2.3236,-5.6240
G,229308596,0.000000,0.001065,-0.003196
A,229309054,7.7788,2.3200,-5.6276
TRK,229303,0.29595,0.81606,-0.34748,0.35457,-0.0039,1.6093,-0.5074,0.000,0.000,0.000,1,5
G,229311088,0.001065,0.002131,-0.003196
A,229311513,7.7788,2.3200,-5.6240
G,229313584,0.000000,0.002131,-0.005326
A,229314002,7.7788,2.3200,-5.6312
G,229316057,-0.002131,0.002131,-0.005326
A,229316474,7.7752,2.3200,-5.6312
G,229318553,-0.003196,0.003196,-0.004261
A,229318937,7.7752,2.3200,-5.6383
G,229321066,-0.002131,0.003196,-0.001065
A,229321418,7.7788,2.3128,-5.6491
G,229323562,-0.001065,0.001065,-0.001065
A,229323889,7.7752,2.3128,-5.6563
TRK,229319,0.29597,0.81605,-0.34747,0.35459,-0.0039,1.6093,-0.5074,0.000,0.000,0.000,1,5
G,229326075,0.001065,0.000000,0.000000
A,229326371,7.7824,2.3164,-5.6599
G,229328571,0.001065,-0.001065,-0.001065
A,229328842,7.7716,2.3236,-5.6599
G,229331060,0.000000,-0.001065,-0.002131
A,229331302,7.7644,2.3308,-5.6527
G,229333556,-0.001065,-0.001065,-0.002131
A,229333773,7.7572,2.3343,-5.6491
G,229336029,-0.001065,0.000000,-0.002131
A,229336218,7.7500,2.3272,-5.6491
TRK,229337,0.29600,0.81603,-0.34747,0.35462,-0.0039,1.6093,-0.5074,0.000,0.000,0.000,1,5
G,229338553,0.001065,0.002131,-0.001065
A,229338713,7.7464,2.3200,-5.6491
G,229341049,0.003196,0.002131,-0.001065
A,229341184,7.7464,2.3164,-5.6527
G,229343532,0.003196,0.001065,-0.001065
A,229343640,7.7464,2.3128,-5.6599
G,229346028,0.003196,0.002131,-0.003196
A,229346112,7.7393,2.3128,-5.6671
G,229348512,0.003196,0.004261,-0.002131
A,229348569,7.7464,2.3092,-5.6778
G,229351026,0.004261,0.004261,0.001065
A,229351058,7.7464,2.3092,-5.6850
G,229353522,0.005326,0.005326,0.005326
A,229353529,7.7500,2.3056,-5.6814
TRK,229349,0.29602,0.81602,-0.34746,0.35463,-0.0039,1.6093,-0.5074,0.000,0.000,0.000,1,5
A,229355998,7.7500,2.3056,-5.6743
G,229356016,0.005326,0.005326,0.007457
A,229358470,7.7500,2.3056,-5.6635
G,229358511,0.004261,0.006392,0.005326
A,229360919,7.7572,2.3128,-5.6527
G,229360985,0.004261,0.006392,0.002131
A,229363401,7.7680,2.3128,-5.6527
G,229363490,0.003196,0.006392,0.001065
A,229365873,7.7716,2.3092,-5.6563
G,229365986,0.001065,0.003196,0.001065
A,229368355,7.7716,2.3056,-5.6563
G,229368490,0.001065,0.002131,0.001065
A,229370826,7.7572,2.2948,-5.6563
G,229370986,0.003196,0.001065,0.002131
TRK,229366,0.29604,0.81599,-0.34745,0.35467,-0.0039,1.6093,-0.5074,0.000,0.000,0.000,1,5
A,229373289,7.7428,2.2877,-5.6563
G,229373471,0.005326,0.002131,0.004261
A,229375783,7.7285,2.2841,-5.6491
G,229375986,0.005326,0.003196,0.005326
A,229378255,7.7213,2.2769,-5.6491
G,229378481,0.004261,0.005326,0.008522
A,229380730,7.7213,2.2805,-5.6527
G,229380976,0.003196,0.006392,0.006392
A,229383201,7.7249,2.2805,-5.6599
G,229383472,0.003196,0.007457,0.002131
TRK,229382,0.29602,0.81599,-0.34746,0.35468,-0.0039,1.6093,-0.5074,0.000,0.000,0.000,1,5
A,229385657,7.7321,2.2805,-5.6599
G,229385947,0.002131,0.009587,-0.004261
A,229388128,7.7357,2.2841,-5.6599
G,229388443,0.003196,0.010653,-0.005326
A,229390582,7.7464,2.2805,-5.6599
G,229390915,0.003196,0.008522,-0.006392
A,229393053,7.7536,2.2841,-5.6491
G,229393411,0.004261,0.005326,-0.005326
A,229395512,7.7608,2.2841,-5.6527
G,229395887,0.002131,0.001065,-0.005326
A,229397983,7.7644,2.2948,-5.6563
G,229398383,0.000000,0.000000,-0.004261
TRK,229392,0.29604,0.81599,-0.34745,0.35468,-0.0039,1.6093,-0.5074,0.000,0.000,0.000,1,5
A,229400443,7.7572,2.3056,-5.6599
G,229400859,-0.001065,0.001065,-0.002131
A,229402930,7.7572,2.3200,-5.6671
G,229403362,0.000000,0.005326,0.000000
A,229405401,7.7572,2.3236,-5.6599
G,229405858,0.001065,0.008522,-0.001065
A,229407873,7.7644,2.3236,-5.6563
G,229408345,0.003196,0.010653,-0.002131
A,229410344,7.7644,2.3164,-5.6491
G,229410841,0.003196,0.008522,-0.004261
A,229412808,7.7644,2.3020,-5.6419
G,229413319,0.001065,0.005326,-0.001065
A,229415291,7.7500,2.2913,-5.6419
G,229415817,0.000000,0.003196,0.001065
A,229417763,7.7464,2.2841,-5.6383
G,229418331,-0.001065,0.001065,0.001065
A,229420214,7.7464,2.2769,-5.6383
G,229420827,-0.002131,0.000000,-0.002131
TRK,229421,0.29600,0.81602,-0.34746,0.35463,-0.0039,1.6093,-0.5074,0.000,0.000,0.000,1,5
A,229422709,7.7500,2.2841,-5.6276
G,229423335,-0.002131,0.000000,-0.003196
A,229425181,7.7536,2.2841,-5.6276
G,229425831,-0.003196,0.000000,-0.004261
A,229427644,7.7608,2.2948,-5.6240
G,229428306,-0.002131,0.002131,-0.005326
A,229430116,7.7644,2.2948,-5.6276
G,229430819,-0.001065,0.003196,-0.007457
A,229432568,7.7716,2.3020,-5.6276
G,229433315,-0.001065,0.004261,-0.008522
A,229435039,7.7752,2.3020,-5.6312
TRK,229434,0.29596,0.81603,-0.34749,0.35463,-0.0039,1.6093,-0.5074,0.000,0.000,0.000,1,5
G,229435833,-0.001065,0.006392,-0.009587
A,229437498,7.7788,2.3056,-5.6348
G,229438329,0.001065,0.004261,-0.011718
A,229439985,7.7824,2.3092,-5.6455
G,229440823,0.004261,0.004261,-0.011718
A,229442456,7.7716,2.3128,-5.6527
G,229443319,0.005326,0.001065,-0.010653
A,229444927,7.7680,2.3236,-5.6527
G,229445797,0.002131,0.000000,-0.007457
A,229447420,7.7608,2.3272,-5.6419
G,229448297,0.001065,-0.001065,-0.005326
A,229449891,7.7608,2.3343,-5.6240
G,229450815,0.001065,0.000000,-0.005326
A,229452353,7.7608,2.3379,-5.6024
G,229453311,0.003196,0.001065,-0.007457
A,229454846,7.7644,2.3379,-5.5917
G,229455809,0.004261,0.002131,-0.007457
A,229457317,7.7608,2.3451,-5.5917
G,229458325,0.004261,0.002131,-0.008522
A,229459778,7.7608,2.3559,-5.6060
G,229460821,0.003196,0.002131,-0.008522
TRK,229456,0.29594,0.81603,-0.34749,0.35462,-0.0039,1.6093,-0.5074,0.000,0.000,0.000,1,5
A,229462262,7.7572,2.3487,-5.6204
G,229463309,0.002131,0.003196,-0.008522
A,229464733,7.7500,2.3487,-5.6348
G,229465804,0.000000,0.004261,-0.009587
A,229467199,7.7428,2.3308,-5.6419
G,229468273,0.000000,0.003196,-0.011718
A,229469688,7.7393,2.3200,-5.6455
G,229470765,0.001065,0.002131,-0.011718
A,229472160,7.7428,2.3164,-5.6527
G,229473263,0.003196,0.000000,-0.009587
A,229474605,7.7428,2.3164,-5.6599
G,229475759,0.006392,-0.002131,-0.006392
TRK,229475,0.29603,0.81603,-0.34745,0.35460,-0.0039,1.6093,-0.5074,0.000,0.000,0.000,1,5
A,229477093,7.7500,2.3200,-5.6635
G,229478248,0.008522,-0.003196,-0.007457
A,229479564,7.7500,2.3200,-5.6635
G,229480762,0.007457,-0.002131,-0.008522
A,229482027,7.7500,2.3236,-5.6635
G,229483258,0.003196,-0.002131,-0.008522
A,229484498,7.7428,2.3236,-5.6599
G,229485757,-0.001065,-0.001065,-0.007457
A,229486948,7.7428,2.3272,-5.6635
G,229488280,-0.001065,-0.002131,-0.006392
A,229489423,7.7393,2.3272,-5.6635
G,229490776,0.001065,-0.001065,-0.005326
A,229491914,7.7500,2.3343,-5.6671
G,229493265,0.006392,-0.002131,-0.002131
A,229494386,7.7572,2.3379,-5.6707
G,229495773,0.009587,-0.001065,0.001065
A,229496847,7.7680,2.3415,-5.6778
G,229498269,0.009587,-0.002131,0.004261
A,229499319,7.7680,2.3379,-5.6778
TRK,229498,0.29608,0.81602,-0.34742,0.35461,-0.0039,1.6093,-0.5074,0.000,0.000,0.000,1,5
G,229500768,0.005326,-0.003196,0.005326
A,229501772,7.7716,2.3272,-5.6778
G,229503286,0.002131,-0.004261,0.002131
A,229504245,7.7572,2.3164,-5.6671
G,229505782,0.001065,-0.003196,0.000000
A,229506717,7.7572,2.3056,-5.6599
G,229508289,0.002131,0.002131,0.002131
A,229509181,7.7500,2.3020,-5.6599
G,229510785,0.005326,0.004261,0.005326
A,229511652,7.7572,2.3056,-5.6599
G,229513293,0.008522,0.005326,0.006392
A,229514119,7.7608,2.3056,-5.6671
G,229515789,0.010653,0.005326,0.005326
A,229516590,7.7536,2.3092,-5.6743
G,229518278,0.011718,0.006392,0.003196
A,229519038,7.7536,2.3164,-5.6743
G,229520773,0.009587,0.006392,0.003196
TRK,229520,0.29614,0.81602,-0.34739,0.35459,-0.0039,1.6093,-0.5074,0.000,0.000,0.000,1,5
A,229521537,7.7464,2.3164,-5.6814
G,229523262,0.005326,0.004261,0.003196
A,229524008,7.7393,2.3200,-5.6814
G,229525758,0.002131,0.001065,0.002131
A,229526488,7.7393,2.3164,-5.6743
G,229528227,-0.001065,0.001065,0.003196
A,229528959,7.7393,2.3128,-5.6778
G,229530718,-0.001065,0.002131,0.002131
A,229531410,7.7428,2.3092,-5.6707
G,229533214,0.000000,0.005326,0.002131
A,229533902,7.7500,2.3128,-5.6707
G,229535693,0.001065,0.007457,0.004261
A,229536373,7.7500,2.3128,-5.6671
G,229538193,0.002131,0.008522,0.007457
A,229538835,7.7536,2.3128,-5.6671
G,229540689,0.002131,0.009587,0.009587
A,229541306,7.7536,2.3128,-5.6635
TRK,229540,0.29618,0.81602,-0.34737,0.35457,-0.0039,1.6093,-0.5074,0.000,0.000,0.000,1,5
G,229543180,0.003196,0.010653,0.010653
A,229543760,7.7608,2.3056,-5.6635
G,229545691,0.003196,0.010653,0.009587
A,229546235,7.7716,2.3020,-5.6635
G,229548187,0.003196,0.010653,0.008522
A,229548707,7.7752,2.2948,-5.6635
G,229550688,0.001065,0.008522,0.008522
A,229551173,7.7788,2.2913,-5.6635
G,229553184,0.001065,0.006392,0.007457
A,229553644,7.7752,2.2913,-5.6563
TRK,229553,0.29618,0.81603,-0.34737,0.35456,-0.0039,1.6093,-0.5074,0.000,0.000,0.000,1,5
G,229555685,-0.001065,0.004261,0.005326
A,229556111,7.7680,2.2877,-5.6563
G,229558181,-0.002131,0.004261,0.003196
A,229558604,7.7644,2.2913,-5.6527
G,229560657,-0.002131,0.005326,0.002131
A,229561075,7.7608,2.2841,-5.6527
G,229563152,-0.002131,0.006392,0.004261
A,229563563,7.7500,2.2841,-5.6527
G,229565623,0.001065,0.007457,0.006392
A,229566035,7.7464,2.2841,-5.6455
STAT,404.6,400.6,0,0,6830,0.0207,1.743,0.4747,0.8360,1.7463,9.8689,3.87,0.000
G,229568135,0.003196,0.009587,0.006392
A,229568514,7.7393,2.2913,-5.6348
G,229570631,0.006392,0.010653,0.006392
A,229570985,7.7393,2.2948,-5.6348
G,229573122,0.009587,0.011718,0.006392
A,229573445,7.7428,2.3020,-5.6312
G,229575618,0.010653,0.010653,0.007457
A,229575936,7.7428,2.3056,-5.6383
G,229578090,0.010653,0.010653,0.008522
A,229578407,7.7500,2.3092,-5.6419
G,229580593,0.008522,0.008522,0.006392
A,229580879,7.7608,2.3056,-5.6455
G,229583089,0.005326,0.007457,0.002131
A,229583350,7.7680,2.3020,-5.6419
TRK,229578,0.29607,0.81605,-0.34742,0.35454,-0.0039,1.6093,-0.5074,0.000,0.000,0.000,1,5
G,229585586,0.002131,0.006392,-0.001065
A,229585818,7.7752,2.2948,-5.6383
G,229588082,0.000000,0.006392,-0.002131
A,229588289,7.7752,2.2913,-5.6312
G,229590560,0.002131,0.006392,-0.001065
A,229590738,7.7716,2.2877,-5.6276
G,229593073,0.004261,0.004261,-0.002131
A,229593224,7.7644,2.2913,-5.6276
G,229595569,0.006392,0.002131,-0.005326
A,229595695,7.7536,2.2984,-5.6240
G,229598050,0.005326,0.001065,-0.007457
A,229598149,7.7464,2.3020,-5.6348
TRK,229594,0.29602,0.81606,-0.34744,0.35454,-0.0039,1.6093,-0.5074,0.000,0.000,0.000,1,5
G,229600553,0.003196,0.000000,-0.009587
A,229600625,7.7428,2.3020,-5.6419
G,229603049,0.001065,0.000000,-0.009587
A,229603097,7.7464,2.3020,-5.6527
G,229605520,0.000000,0.000000,-0.009587
A,229605542,7.7536,2.2948,-5.6563
A,229608030,7.7572,2.2913,-5.6599
G,229608033,-0.001065,-0.001065,-0.010653
A,229610501,7.7608,2.2948,-5.6599
G,229610528,-0.001065,-0.002131,-0.008522
A,229612971,7.7572,2.2984,-5.6635
G,229613022,0.001065,-0.004261,-0.007457
A,229615442,7.7572,2.3056,-5.6635
G,229615518,0.004261,-0.003196,-0.004261
A,229617893,7.7608,2.3092,-5.6707
G,229617992,0.005326,-0.004261,-0.005326
A,229620366,7.7608,2.3056,-5.6707
G,229620487,0.004261,-0.004261,-0.006392
TRK,229617,0.29596,0.81609,-0.34746,0.35449,-0.0039,1.6093,-0.5074,0.000,0.000,0.000,1,5
A,229622858,7.7572,2.3056,-5.6707
G,229623002,0.003196,-0.003196,-0.008522
A,229625330,7.7464,2.3020,-5.6599
G,229625497,0.003196,-0.001065,-0.009587
A,229627803,7.7464,2.3020,-5.6455
G,229627992,0.002131,-0.001065,-0.011718
A,229630274,7.7464,2.3092,-5.6312
G,229630487,0.000000,-0.003196,-0.014914
A,229632749,7.7500,2.3164,-5.6204
G,229632982,-0.003196,-0.006392,-0.015979
A,229635220,7.7608,2.3200,-5.6204
TRK,229634,0.29592,0.81610,-0.34749,0.35450,-0.0039,1.6093,-0.5074,0.000,0.000,0.000,1,5
G,229635507,-0.004261,-0.006392,-0.015979
A,229637675,7.7572,2.3236,-5.6240
G,229638003,-0.004261,-0.007457,-0.014914
A,229640152,7.7572,2.3272,-5.6348
G,229640498,-0.003196,-0.006392,-0.013848
A,229642624,7.7536,2.3308,-5.6419
G,229642994,-0.002131,-0.005326,-0.011718
A,229645088,7.7572,2.3379,-5.6455
G,229645475,0.001065,-0.002131,-0.010653
A,229647586,7.7572,2.3451,-5.6491
G,229647990,0.002131,-0.002131,-0.007457
A,229650058,7.7536,2.3415,-5.6491
G,229650486,0.002131,-0.002131,-0.004261
A,229652528,7.7464,2.3415,-5.6563
G,229652972,0.000000,-0.001065,-0.001065
A,229654999,7.7428,2.3415,-5.6635
G,229655468,-0.001065,-0.002131,-0.001065
TRK,229654,0.29597,0.81611,-0.34745,0.35445,-0.0039,1.6093,-0.5074,0.000,0.000,0.000,1,5
A,229657459,7.7464,2.3272,-5.6743
G,229657943,-0.001065,-0.003196,-0.001065
A,229659945,7.7500,2.3236,-5.6850
G,229660444,0.001065,-0.005326,-0.002131
A,229662417,7.7500,2.3128,-5.6850
G,229662940,0.002131,-0.005326,-0.003196
A,229664888,7.7536,2.3092,-5.6814
G,229665426,0.000000,-0.004261,-0.004261
A,229667385,7.7500,2.3092,-5.6707
G,229667936,-0.001065,-0.002131,-0.006392
A,229669856,7.7464,2.3164,-5.6599
G,229670432,-0.002131,0.001065,-0.006392
A,229672319,7.7428,2.3164,-5.6563
G,229672908,-0.001065,0.002131,-0.004261
A,229674790,7.7428,2.3272,-5.6599
G,229675404,0.001065,0.003196,0.001065
A,229677254,7.7500,2.3308,-5.6671
G,229677879,0.004261,0.004261,0.002131
A,229679748,7.7572,2.3451,-5.6707
G,229680386,0.004261,0.006392,0.002131
A,229682219,7.7572,2.3523,-5.6671
TRK,229681,0.29599,0.81611,-0.34745,0.35446,-0.0039,1.6093,-0.5074,0.000,0.000,0.000,1,5
G,229682902,0.003196,0.006392,-0.001065
A,229684675,7.7572,2.3487,-5.6599
G,229685398,0.002131,0.006392,-0.002131
A,229687159,7.7464,2.3415,-5.6599
G,229687892,0.002131,0.005326,-0.002131
A,229689630,7.7428,2.3272,-5.6599
G,229690388,0.003196,0.005326,-0.001065
A,229692099,7.7393,2.3164,-5.6635
G,229692866,0.003196,0.004261,0.003196
A,229694570,7.7428,2.3128,-5.6707
G,229695380,0.003196,0.005326,0.006392
A,229697026,7.7464,2.3128,-5.6707
G,229697876,0.002131,0.007457,0.007457
TRK,229693,0.29602,0.81611,-0.34743,0.35444,-0.0039,1.6093,-0.5074,0.000,0.000,0.000,1,5
A,229699505,7.7536,2.3056,-5.6635
G,229700363,0.002131,0.009587,0.006392
A,229701976,7.7572,2.3128,-5.6527
G,229702872,0.001065,0.011718,0.008522
A,229704429,7.7680,2.3128,-5.6383
G,229705368,0.000000,0.010653,0.007457
A,229706918,7.7680,2.3164,-5.6312
G,229707863,-0.001065,0.009587,0.005326
A,229709389,7.7644,2.3236,-5.6348
G,229710358,-0.002131,0.008522,0.003196
A,229711861,7.7572,2.3272,-5.6312
G,229712836,-0.001065,0.007457,0.002131
A,229714332,7.7500,2.3236,-5.6348
G,229715337,0.000000,0.008522,0.004261
A,229716779,7.7464,2.3236,-5.6312
G,229717833,0.001065,0.009587,0.006392
A,229719251,7.7464,2.3272,-5.6168
TRK,229713,0.29607,0.81611,-0.34740,0.35443,-0.0039,1.6093,-0.5074,0.000,0.000,0.000,1,5
G,229720340,0.000000,0.010653,0.009587
A,229721705,7.7464,2.3272,-5.6096
G,229722836,0.000000,0.010653,0.010653
A,229724186,7.7536,2.3343,-5.6096
G,229725319,0.000000,0.009587,0.011718
A,229726658,7.7608,2.3379,-5.6096
G,229727837,0.001065,0.008522,0.008522
A,229729124,7.7680,2.3343,-5.6132
G,229730333,0.002131,0.008522,0.007457
A,229731621,7.7716,2.3236,-5.6240
G,229732830,0.003196,0.009587,0.006392
A,229734092,7.7716,2.3092,-5.6276
G,229735326,0.003196,0.009587,0.007457
A,229736570,7.7716,2.2984,-5.6276
G,229737804,0.002131,0.009587,0.004261
A,229739042,7.7716,2.2948,-5.6240
G,229740299,-0.001065,0.009587,0.001065
A,229741520,7.7680,2.3020,-5.6168
G,229742778,-0.001065,0.007457,-0.003196
A,229743992,7.7680,2.3092,-5.6096
TRK,229743,0.29621,0.81607,-0.34734,0.35447,-0.0039,1.6093,-0.5074,0.000,0.000,0.000,1,5
G,229745286,0.000000,0.006392,-0.003196
A,229746452,7.7680,2.3092,-5.6132
G,229747782,0.002131,0.004261,-0.005326
A,229748942,7.7716,2.3020,-5.6204
G,229750271,0.003196,0.003196,-0.005326
A,229751414,7.7788,2.2948,-5.6276
G,229752790,0.003196,0.002131,-0.004261
A,229753885,7.7824,2.2877,-5.6348
G,229755285,0.002131,0.002131,-0.003196
A,229756374,7.7788,2.2913,-5.6276
G,229757771,0.002131,0.001065,-0.004261
A,229758845,7.7716,2.2948,-5.6276
G,229760266,0.004261,0.001065,-0.005326
TRK,229759,0.29630,0.81607,-0.34729,0.35444,-0.0039,1.6093,-0.5074,0.000,0.000,0.000,1,5
A,229761328,7.7608,2.2913,-5.6276
G,229762745,0.005326,0.000000,-0.006392
A,229763799,7.7572,2.2913,-5.6348
G,229765255,0.003196,-0.001065,-0.008522
A,229766263,7.7572,2.2948,-5.6455
G,229767750,0.000000,-0.002131,-0.011718
A,229768734,7.7536,2.2913,-5.6527
G,229770240,-0.003196,-0.003196,-0.012783
A,229771179,7.7536,2.2877,-5.6491
G,229772735,-0.003196,-0.003196,-0.011718
A,229773656,7.7464,2.2877,-5.6527
G,229775205,-0.003196,-0.002131,-0.009587
A,229776127,7.7393,2.2913,-5.6491
G,229777705,-0.001065,-0.001065,-0.010653
A,229778584,7.7321,2.2948,-5.6491
G,229780201,0.000000,-0.003196,-0.013848
TRK,229775,0.29635,0.81604,-0.34727,0.35448,-0.0039,1.6093,-0.5074,0.000,0.000,0.000,1,5
A,229781072,7.7321,2.3092,-5.6419
G,229782681,0.002131,-0.004261,-0.013848
A,229783543,7.7249,2.3200,-5.6348
G,229785192,0.004261,-0.004261,-0.012783
A,229786012,7.7321,2.3308,-5.6240
G,229787688,0.005326,-0.003196,-0.011718
A,229788484,7.7321,2.3343,-5.6168
G,229790172,0.004261,-0.003196,-0.012783
A,229790928,7.7393,2.3343,-5.6204
G,229792693,0.001065,-0.006392,-0.015979
A,229793409,7.7464,2.3343,-5.6204
G,229795189,-0.001065,-0.007457,-0.015979
A,229795900,7.7536,2.3272,-5.6348
G,229797669,-0.002131,-0.008522,-0.015979
A,229798372,7.7572,2.3272,-5.6419
G,229800180,-0.002131,-0.008522,-0.017044
A,229800844,7.7572,2.3272,-5.6455
G,229802676,-0.001065,-0.008522,-0.015979
A,229803315,7.7536,2.3308,-5.6491
TRK,229798,0.29642,0.81603,-0.34723,0.35449,-0.0039,1.6093,-0.5074,0.000,0.000,0.000,1,5
G,229805187,0.001065,-0.005326,-0.011718
A,229805789,7.7500,2.3272,-5.6527
G,229807683,0.003196,-0.001065,-0.008522
A,229808260,7.7536,2.3308,-5.6491
G,229810173,0.006392,0.002131,-0.006392
A,229810715,7.7500,2.3272,-5.6527
G,229812685,0.007457,0.002131,-0.006392
A,229813191,7.7500,2.3272,-5.6563
G,229815181,0.007457,0.002131,-0.006392
A,229815662,7.7536,2.3236,-5.6563
TRK,229810,0.29647,0.81602,-0.34721,0.35450,-0.0039,1.6093,-0.5074,0.000,0.000,0.000,1,5
G,229817681,0.008522,0.001065,-0.006392
A,229818129,7.7572,2.3236,-5.6707
G,229820177,0.008522,0.000000,-0.004261
A,229820618,7.7608,2.3236,-5.6778
G,229822650,0.007457,-0.001065,-0.001065
A,229823089,7.7608,2.3236,-5.6850
G,229825161,0.005326,-0.003196,0.001065
A,229825567,7.7644,2.3236,-5.6886
G,229827657,0.003196,-0.003196,-0.001065
A,229828063,7.7608,2.3308,-5.6886
G,229830135,0.001065,-0.003196,-0.004261
A,229830534,7.7644,2.3343,-5.6850
G,229832637,-0.001065,-0.001065,-0.006392
A,229833003,7.7572,2.3451,-5.6814
G,229835133,-0.002131,0.001065,-0.005326
A,229835491,7.7536,2.3487,-5.6814
G,229837603,-0.001065,0.004261,-0.004261
A,229837963,7.7464,2.3595,-5.6778
TRK,229838,0.29646,0.81600,-0.34722,0.35454,-0.0039,1.6093,-0.5074,0.000,0.000,0.000,1,5
G,229840115,0.000000,0.004261,-0.002131
A,229840443,7.7464,2.3631,-5.6743
G,229842611,0.002131,0.005326,0.000000
A,229842914,7.7428,2.3523,-5.6671
G,229845092,0.003196,0.006392,0.003196
A,229845365,7.7428,2.3379,-5.6563
G,229847588,0.004261,0.007457,0.007457
A,229847837,7.7428,2.3128,-5.6527
G,229850081,0.003196,0.008522,0.010653
A,229850300,7.7393,2.2877,-5.6527
G,229852604,0.002131,0.006392,0.009587
A,229852794,7.7428,2.2805,-5.6599
G,229855099,0.002131,0.006392,0.006392
A,229855265,7.7428,2.2805,-5.6635
G,229857582,0.003196,0.006392,0.003196
A,229857719,7.7393,2.2841,-5.6671
G,229860094,0.004261,0.008522,0.003196
A,229860205,7.7357,2.2948,-5.6707
G,229862590,0.003196,0.009587,0.003196
A,229862676,7.7321,2.3020,-5.6671
TRK,229858,0.29642,0.81601,-0.34724,0.35453,-0.0039,1.6093,-0.5074,0.000,0.000,0.000,1,5
G,229865082,0.001065,0.010653,0.000000
A,229865142,7.7285,2.3020,-5.6671
G,229867601,-0.001065,0.010653,0.001065
A,229867635,7.7321,2.3020,-5.6635
G,229870097,0.000000,0.010653,0.004261
A,229870106,7.7357,2.2913,-5.6635
A,229872584,7.7393,2.2877,-5.6671
G,229872599,0.001065,0.008522,0.007457
A,229875055,7.7393,2.2841,-5.6635
G,229875095,0.002131,0.008522,0.008522
A,229877514,7.7393,2.2877,-5.6599
G,229877578,0.002131,0.009587,0.008522
TRK,229878,0.29638,0.81604,-0.34725,0.35448,-0.0039,1.6093,-0.5074,0.000,0.000,0.000,1,5
A,229880004,7.7357,2.2984,-5.6455
G,229880090,0.001065,0.010653,0.008522
A,229882475,7.7393,2.3092,-5.6312
G,229882586,0.000000,0.010653,0.007457
A,229884925,7.7428,2.3164,-5.6240
G,229885059,-0.001065,0.010653,0.005326
A,229887406,7.7500,2.3164,-5.6204
G,229887562,0.001065,0.011718,0.006392
A,229889878,7.7572,2.3128,-5.6204
G,229890058,0.003196,0.011718,0.007457
A,229892328,7.7608,2.3092,-5.6240
G,229892529,0.005326,0.008522,0.007457
A,229894821,7.7644,2.3056,-5.6240
G,229895043,0.005326,0.005326,0.006392
A,229897292,7.7644,2.3056,-5.6240
G,229897538,0.004261,0.005326,0.004261
TRK,229893,0.29634,0.81605,-0.34727,0.35446,-0.0039,1.6093,-0.5074,0.000,0.000,0.000,1,5
A,229899746,7.7608,2.3020,-5.6204
G,229900012,0.003196,0.006392,0.002131
A,229902231,7.7680,2.2948,-5.6168
G,229902516,0.004261,0.010653,0.003196
A,229904702,7.7680,2.2841,-5.6168
G,229905012,0.005326,0.011718,0.004261
A,229907161,7.7680,2.2805,-5.6204
G,229907488,0.004261,0.010653,0.004261
A,229909651,7.7752,2.2841,-5.6240
G,229909996,0.002131,0.006392,0.002131
A,229912122,7.7788,2.2805,-5.6312
G,229912492,0.000000,0.001065,0.000000
A,229914590,7.7788,2.2841,-5.6348
G,229914977,-0.002131,-0.002131,0.000000
A,229917061,7.7859,2.2841,-5.6348
G,229917473,-0.002131,-0.002131,-0.002131
TRK,229911,0.29627,0.81607,-0.34730,0.35445,-0.0039,1.6093,-0.5074,0.000,0.000,0.000,1,5
A,229919520,7.7895,2.2877,-5.6312
G,229919948,-0.001065,-0.001065,-0.003196
A,229922006,7.7895,2.2948,-5.6276
G,229922450,0.001065,0.000000,-0.005326
A,229924478,7.7788,2.3020,-5.6276
G,229924946,0.001065,0.001065,-0.007457
A,229926948,7.7752,2.3056,-5.6348
G,229927432,0.002131,0.000000,-0.011718
A,229929440,7.7644,2.3200,-5.6419
G,229929938,0.002131,-0.002131,-0.014914
A,229931911,7.7644,2.3200,-5.6491
G,229932434,0.003196,-0.004261,-0.013848
A,229934372,7.7608,2.3236,-5.6527
G,229934909,0.003196,-0.004261,-0.010653
A,229936844,7.7572,2.3200,-5.6455
G,229937405,0.003196,-0.003196,-0.010653
A,229939307,7.7572,2.3092,-5.6419
G,229939881,0.003196,-0.002131,-0.010653
TRK,229940,0.29622,0.81609,-0.34732,0.35442,-0.0039,1.6093,-0.5074,0.000,0.000,0.000,1,5
A,229941800,7.7536,2.3020,-5.6383
G,229942388,0.003196,-0.001065,-0.013848
A,229944271,7.7572,2.2948,-5.6348
G,229944901,0.003196,-0.002131,-0.013848
A,229946722,7.7536,2.3020,-5.6383
G,229947397,0.003196,-0.004261,-0.013848
A,229949208,7.7500,2.3092,-5.6383
G,229949894,0.002131,-0.005326,-0.012783
A,229951679,7.7500,2.3164,-5.6491
G,229952410,0.002131,-0.006392,-0.010653
A,229954136,7.7500,2.3308,-5.6527
G,229954906,0.001065,-0.008522,-0.007457
A,229956613,7.7572,2.3343,-5.6635
G,229957392,0.001065,-0.009587,-0.007457
A,229959084,7.7572,2.3343,-5.6635
G,229959888,0.002131,-0.009587,-0.009587
A,229961562,7.7608,2.3343,-5.6671
G,229962374,0.003196,-0.009587,-0.010653
A,229964033,7.7572,2.3308,-5.6635
TRK,229963,0.29617,0.81607,-0.34736,0.35448,-0.0039,1.6093,-0.5074,0.000,0.000,0.000,1,5
G,229964891,0.003196,-0.007457,-0.010653
A,229966492,7.7572,2.3272,-5.6671
G,229967387,0.003196,-0.005326,-0.008522
A,229968982,7.7572,2.3272,-5.6671
G,229969884,0.002131,-0.003196,-0.008522
A,229971454,7.7608,2.3200,-5.6743
G,229972379,0.000000,-0.004261,-0.009587
A,229973925,7.7644,2.3164,-5.6778
G,229974856,-0.002131,-0.006392,-0.010653
A,229976426,7.7644,2.3128,-5.6814
G,229977363,-0.001065,-0.007457,-0.008522
A,229978897,7.7644,2.3128,-5.6850
G,229979859,0.000000,-0.009587,-0.007457
TRK,229975,0.29620,0.81608,-0.34734,0.35444,-0.0039,1.6093,-0.5074,0.000,0.000,0.000,1,5
A,229981379,7.7572,2.3200,-5.6778
G,229982346,0.003196,-0.008522,-0.006392
A,229983850,7.7536,2.3308,-5.6814
G,229984864,0.003196,-0.008522,-0.007457
A,229986313,7.7608,2.3415,-5.6671
G,229987359,0.001065,-0.006392,-0.009587
A,229988807,7.7608,2.3523,-5.6635
G,229989857,-0.002131,-0.003196,-0.010653
A,229991278,7.7644,2.3559,-5.6527
G,229992353,-0.004261,-0.002131,-0.009587
A,229993752,7.7644,2.3523,-5.6563
G,229994830,-0.002131,0.000000,-0.006392
A,229996223,7.7608,2.3451,-5.6599
G,229997337,0.004261,-0.001065,-0.002131
A,229998679,7.7536,2.3379,-5.6599
G,229999833,0.009587,-0.001065,0.000000
A,230001165,7.7500,2.3343,-5.6671
G,230002321,0.012783,-0.001065,0.001065
A,230003636,7.7428,2.3343,-5.6599
TRK,229999,0.29623,0.81608,-0.34732,0.35444,-0.0039,1.6093,-0.5074,0.000,0.000,0.000,1,5
G,230004839,0.012783,0.000000,0.002131
A,230006103,7.7464,2.3415,-5.6635
G,230007334,0.009587,0.000000,0.004261
A,230008574,7.7428,2.3451,-5.6599
G,230009832,0.007457,-0.003196,0.006392
A,230011022,7.7357,2.3487,-5.6527
G,230012348,0.005326,-0.006392,0.007457
A,230013490,7.7177,2.3415,-5.6599
G,230014843,0.006392,-0.009587,0.007457
A,230015961,7.6962,2.3308,-5.6599
TRK,230010,0.29618,0.81607,-0.34735,0.35447,-0.0039,1.6093,-0.5074,0.000,0.000,0.000,1,5
G,230017351,0.007457,-0.009587,0.008522
A,230018422,7.6746,2.3164,-5.6814
G,230019847,0.007457,-0.008522,0.010653
A,230020911,7.6638,2.3164,-5.6922
G,230022331,0.004261,-0.005326,0.011718
A,230023382,7.6567,2.3200,-5.7030
G,230024849,0.002131,-0.001065,0.013848
A,230025854,7.6710,2.3308,-5.7030
G,230027345,0.003196,0.003196,0.013848
A,230028325,7.6890,2.3343,-5.6958
G,230029843,0.006392,0.005326,0.012783
A,230030779,7.7285,2.3343,-5.6886
G,230032338,0.009587,0.006392,0.013848
A,230033263,7.7608,2.3272,-5.6778
G,230034816,0.012783,0.006392,0.014914
A,230035734,7.7859,2.3164,-5.6814
G,230037316,0.013848,0.006392,0.017044
A,230038192,7.8003,2.3092,-5.6886
G,230039812,0.012783,0.007457,0.018109
TRK,230039,0.29609,0.81617,-0.34737,0.35430,-0.0039,1.6093,-0.5074,0.000,0.000,0.000,1,5
A,230040687,7.8039,2.3020,-5.6994
G,230042300,0.009587,0.007457,0.020240
A,230043159,7.7967,2.2984,-5.6958
G,230044810,0.004261,0.006392,0.022371
A,230045627,7.7931,2.2948,-5.6814
G,230047306,0.000000,0.007457,0.024501
A,230048099,7.7859,2.2948,-5.6599
G,230049805,-0.001065,0.008522,0.022371
A,230050557,7.7824,2.2948,-5.6419
G,230052300,0.002131,0.010653,0.021305
A,230053045,7.7680,2.2948,-5.6383
G,230054779,0.004261,0.010653,0.019175
A,230055517,7.7644,2.2877,-5.6491
G,230057287,0.007457,0.010653,0.020240
A,230057986,7.7572,2.2877,-5.6635
G,230059783,0.007457,0.012783,0.019175
A,230060480,7.7644,2.2805,-5.6671
G,230062265,0.005326,0.014914,0.017044
A,230062951,7.7644,2.2805,-5.6599
TRK,230059,0.29601,0.81620,-0.34741,0.35427,-0.0039,1.6093,-0.5074,0.000,0.000,0.000,1,5
G,230064764,-0.001065,0.015979,0.017044
A,230065411,7.7824,2.2697,-5.6491
G,230067260,-0.006392,0.015979,0.017044
A,230067896,7.7788,2.2661,-5.6348
G,230069732,-0.007457,0.013848,0.013848
A,230070367,7.7895,2.2482,-5.6276
G,230072238,-0.004261,0.011718,0.008522
A,230072836,7.7859,2.2410,-5.6348
G,230074734,-0.001065,0.009587,0.003196
A,230075307,7.7895,2.2446,-5.6455
G,230077217,0.003196,0.009587,0.005326
A,230077755,7.7824,2.2553,-5.6563
TRK,230074,0.29597,0.81619,-0.34743,0.35430,-0.0039,1.6093,-0.5074,0.000,0.000,0.000,1,5
G,230079717,0.003196,0.008522,0.004261
A,230080220,7.7824,2.2661,-5.6635
G,230082213,0.002131,0.008522,0.003196
A,230082691,7.7895,2.2877,-5.6491
G,230084693,-0.002131,0.008522,-0.004261
A,230085137,7.7931,2.2913,-5.6240
G,230087195,-0.003196,0.008522,-0.010653
A,230087605,7.7931,2.2913,-5.5917
G,230089707,-0.001065,0.007457,-0.011718
A,230090084,7.7824,2.2877,-5.5665
G,230092203,0.004261,0.005326,-0.012783
A,230092556,7.7716,2.2769,-5.5629
G,230094703,0.006392,0.003196,-0.011718
A,230095024,7.7572,2.2697,-5.5737
G,230097199,0.004261,0.001065,-0.013848
A,230097496,7.7500,2.2625,-5.5845
G,230099677,0.000000,-0.001065,-0.012783
A,230099944,7.7428,2.2697,-5.5917
G,230102173,-0.003196,-0.006392,-0.017044
A,230102415,7.7357,2.2769,-5.5952
TRK,230096,0.29595,0.81618,-0.34745,0.35432,-0.0039,1.6093,-0.5074,0.000,0.000,0.000,1,5
G,230104654,-0.004261,-0.009587,-0.019175
A,230104866,7.7213,2.2948,-5.5952
G,230107155,-0.001065,-0.011718,-0.020240
A,230107339,7.7105,2.3056,-5.6024
G,230109651,0.004261,-0.010653,-0.018109
A,230109810,7.6962,2.3164,-5.6060
G,230112141,0.006392,-0.010653,-0.017044
A,230112273,7.6926,2.3164,-5.6096
G,230114637,0.006392,-0.009587,-0.015979
A,230114744,7.6890,2.3128,-5.6132
TRK,230114,0.29591,0.81620,-0.34746,0.35430,-0.0039,1.6093,-0.5074,0.000,0.000,0.000,1,5
G,230117128,0.003196,-0.006392,-0.018109
A,230117209,7.6998,2.3128,-5.6132
G,230119645,-0.001065,-0.005326,-0.018109
A,230119699,7.7105,2.3128,-5.6096
G,230122141,-0.003196,-0.006392,-0.018109
A,230122171,7.7285,2.3200,-5.6096
G,230124642,-0.003196,-0.009587,-0.017044
A,230124647,7.7393,2.3236,-5.6060
A,230127118,7.7572,2.3236,-5.6132
G,230127138,0.001065,-0.010653,-0.018109
A,230129576,7.7608,2.3200,-5.6204
G,230129620,0.004261,-0.014914,-0.021305
A,230132064,7.7680,2.3200,-5.6312
G,230132132,0.006392,-0.018109,-0.023436
A,230134535,7.7752,2.3164,-5.6419
G,230134627,0.005326,-0.020240,-0.023436
A,230137004,7.7752,2.3272,-5.6455
G,230137119,0.003196,-0.019175,-0.019175
A,230139476,7.7824,2.3343,-5.6455
TRK,230134,0.29592,0.81618,-0.34746,0.35433,-0.0039,1.6093,-0.5074,0.000,0.000,0.000,1,5
G,230139641,0.000000,-0.018109,-0.018109
A,230141926,7.7931,2.3379,-5.6563
G,230142137,-0.002131,-0.018109,-0.015979
A,230144407,7.7859,2.3415,-5.6635
G,230144638,-0.001065,-0.015979,-0.013848
A,230146878,7.7788,2.3343,-5.6886
G,230147134,0.001065,-0.015979,-0.012783
A,230149330,7.7680,2.3379,-5.7066
G,230149605,0.002131,-0.015979,-0.014914
A,230151812,7.7572,2.3415,-5.7174
G,230152106,0.002131,-0.017044,-0.017044
A,230154283,7.7536,2.3415,-5.7174
G,230154602,0.001065,-0.014914,-0.015979
A,230156737,7.7500,2.3343,-5.7102
G,230157074,0.000000,-0.011718,-0.012783
A,230159208,7.7500,2.3200,-5.7066
G,230159570,0.000000,-0.006392,-0.008522
A,230161664,7.7428,2.3128,-5.6994
G,230162043,0.003196,-0.001065,-0.004261
TRK,230162,0.29597,0.81614,-0.34745,0.35439,-0.0039,1.6093,-0.5074,0.000,0.000,0.000,1,5
A,230164150,7.7428,2.3128,-5.6958
G,230164546,0.007457,0.002131,0.000000
A,230166622,7.7428,2.3236,-5.6922
G,230167042,0.009587,0.003196,-0.001065
A,230169089,7.7464,2.3379,-5.6958
G,230169525,0.009587,0.003196,-0.002131
A,230171560,7.7500,2.3487,-5.6994
G,230172021,0.007457,0.001065,-0.004261
A,230174029,7.7464,2.3559,-5.7030
G,230174505,0.005326,0.002131,-0.005326
TRK,230171,0.29598,0.81611,-0.34745,0.35445,-0.0039,1.6093,-0.5074,0.000,0.000,0.000,1,5
A,230176528,7.7536,2.3559,-5.7102
G,230177019,0.003196,0.005326,-0.006392
A,230179000,7.7572,2.3523,-5.7030
G,230179515,0.001065,0.007457,-0.006392
A,230181473,7.7572,2.3451,-5.6958
G,230182003,-0.002131,0.009587,-0.006392
A,230183944,7.7536,2.3415,-5.6778
G,230184527,-0.002131,0.008522,-0.004261
A,230186405,7.7428,2.3343,-5.6635
G,230187023,-0.002131,0.007457,0.000000
A,230188876,7.7357,2.3236,-5.6491
G,230189527,0.002131,0.008522,0.007457
A,230191319,7.7428,2.3164,-5.6491
G,230192023,0.006392,0.010653,0.011718
A,230193792,7.7500,2.3092,-5.6563
G,230194506,0.010653,0.012783,0.013848
A,230196263,7.7500,2.3020,-5.6778
G,230197021,0.011718,0.014914,0.012783
A,230198718,7.7464,2.3020,-5.6886
G,230199516,0.009587,0.013848,0.010653
TRK,230198,0.29608,0.81609,-0.34740,0.35446,-0.0039,1.6093,-0.5074,0.000,0.000,0.000,1,5
A,230201195,7.7393,2.3056,-5.6886
G,230202002,0.001065,0.013848,0.009587
A,230203666,7.7393,2.3092,-5.6671
G,230204497,-0.008522,0.011718,0.009587
A,230206132,7.7393,2.3128,-5.6383
G,230206972,-0.011718,0.010653,0.011718
A,230208604,7.7500,2.3128,-5.6168
G,230209467,-0.006392,0.010653,0.011718
A,230211072,7.7428,2.3056,-5.6204
G,230211943,0.002131,0.010653,0.009587
A,230213543,7.7393,2.3020,-5.6383
G,230214438,0.010653,0.013848,0.007457
TRK,230208,0.29611,0.81610,-0.34738,0.35443,-0.0039,1.6093,-0.5074,0.000,0.000,0.000,1,5
A,230216012,7.7285,2.2948,-5.6671
G,230216914,0.012783,0.017044,0.006392
A,230218507,7.7213,2.2948,-5.6814
G,230219416,0.008522,0.019175,0.006392
A,230220979,7.7321,2.2948,-5.6778
G,230221912,0.000000,0.017044,0.006392
A,230223459,7.7500,2.2948,-5.6563
G,230224398,-0.004261,0.012783,0.009587
A,230225930,7.7752,2.2948,-5.6348
G,230226894,-0.003196,0.009587,0.012783
A,230228411,7.7967,2.2948,-5.6132
G,230229380,0.004261,0.008522,0.013848
A,230230883,7.8039,2.2948,-5.6060
G,230231889,0.011718,0.008522,0.011718
A,230233337,7.7895,2.2948,-5.6060
G,230234385,0.014914,0.006392,0.009587
TRK,230234,0.29607,0.81613,-0.34740,0.35439,-0.0039,1.6093,-0.5074,0.000,0.000,0.000,1,5
A,230235830,7.7680,2.2877,-5.6132
G,230236881,0.010653,0.004261,0.006392
A,230238301,7.7428,2.2841,-5.6240
G,230239377,0.003196,0.002131,0.000000
A,230240775,7.7249,2.2733,-5.6276
G,230241854,-0.004261,0.002131,-0.001065
A,230243246,7.7321,2.2697,-5.6240
G,230244361,-0.007457,0.003196,-0.002131
A,230245701,7.7500,2.2661,-5.6204
G,230246857,-0.006392,0.006392,-0.001065
A,230248172,7.7716,2.2589,-5.6168
G,230249364,0.001065,0.008522,0.000000
A,230250628,7.7859,2.2589,-5.6240
G,230251860,0.009587,0.008522,0.001065
A,230253116,7.7859,2.2589,-5.6348
G,230254347,0.014914,0.004261,0.001065
A,230255587,7.7752,2.2625,-5.6527
TRK,230251,0.29604,0.81617,-0.34740,0.35432,-0.0039,1.6093,-0.5074,0.000,0.000,0.000,1,5
G,230256864,0.014914,0.000000,-0.001065
A,230258055,7.7644,2.2697,-5.6707
G,230259360,0.007457,0.000000,-0.003196
A,230260526,7.7572,2.2805,-5.6743
G,230261856,-0.003196,0.003196,-0.005326
A,230262975,7.7644,2.2913,-5.6671
G,230264352,-0.009587,0.005326,-0.008522
A,230265455,7.7752,2.2984,-5.6527
G,230266829,-0.012783,0.006392,-0.011718
A,230267926,7.7824,2.3020,-5.6348
G,230269325,-0.008522,0.005326,-0.012783
A,230270408,7.7788,2.2913,-5.6312
G,230271803,-0.001065,0.004261,-0.012783
A,230272879,7.7644,2.2877,-5.6383
TRK,230272,0.29600,0.81615,-0.34743,0.35437,-0.0039,1.6093,-0.5074,0.000,0.000,0.000,1,5
G,230274311,0.008522,0.004261,-0.011718
A,230275341,7.7428,2.2769,-5.6491
G,230276807,0.012783,0.004261,-0.013848
A,230277824,7.7213,2.2733,-5.6563
G,230279285,0.010653,0.003196,-0.013848
A,230280296,7.7105,2.2697,-5.6563
G,230281804,0.003196,0.002131,-0.015979
A,230282770,7.7105,2.2697,-5.6383
G,230284300,-0.005326,0.000000,-0.015979
A,230285241,7.7213,2.2697,-5.6168
G,230286791,-0.009587,0.000000,-0.014914
A,230287689,7.7321,2.2769,-5.6024
G,230289287,-0.008522,0.000000,-0.013848
A,230290175,7.7428,2.2913,-5.5917
G,230291766,-0.003196,0.000000,-0.011718
A,230292646,7.7393,2.3056,-5.5988
G,230294275,0.002131,0.000000,-0.013848
A,230295113,7.7393,2.3200,-5.6096
G,230296771,0.005326,-0.002131,-0.014914
TRK,230296,0.29599,0.81613,-0.34744,0.35441,-0.0039,1.6093,-0.5074,0.000,0.000,0.000,1,5
A,230297611,7.7321,2.3272,-5.6276
G,230299259,0.004261,-0.003196,-0.015979
A,230300082,7.7249,2.3272,-5.6419
G,230301777,0.000000,-0.003196,-0.014914
A,230302559,7.7213,2.3272,-5.6491
G,230304273,-0.005326,-0.002131,-0.014914
A,230305030,7.7249,2.3236,-5.6491
G,230306772,-0.006392,-0.001065,-0.014914
A,230307489,7.7213,2.3164,-5.6491
G,230309268,-0.003196,-0.002131,-0.012783
A,230309960,7.7285,2.3128,-5.6527
G,230311766,0.002131,-0.004261,-0.009587
A,230312421,7.7285,2.3092,-5.6635
G,230314282,0.006392,-0.006392,-0.006392
A,230314899,7.7357,2.3164,-5.6778
G,230316778,0.009587,-0.007457,-0.005326
A,230317370,7.7464,2.3200,-5.6958
TRK,230312,0.29595,0.81609,-0.34747,0.35450,-0.0039,1.6093,-0.5074,0.000,0.000,0.000,1,5
G,230319267,0.007457,-0.008522,-0.004261
A,230319823,7.7608,2.3308,-5.6994
G,230321786,0.004261,-0.008522,-0.003196
A,230322306,7.7716,2.3308,-5.6958
G,230324282,0.000000,-0.008522,-0.003196
A,230324777,7.7788,2.3379,-5.6814
G,230326780,-0.003196,-0.007457,-0.004261
A,230327242,7.7859,2.3415,-5.6599
G,230329276,-0.002131,-0.007457,-0.005326
A,230329713,7.7788,2.3451,-5.6491
G,230331775,0.001065,-0.007457,-0.006392
A,230332178,7.7752,2.3451,-5.6455
TRK,230332,0.29587,0.81610,-0.34751,0.35452,-0.0039,1.6093,-0.5074,0.000,0.000,0.000,1,5
G,230334293,0.005326,-0.005326,-0.006392
A,230334665,7.7644,2.3379,-5.6527
G,230336789,0.006392,-0.003196,-0.006392
A,230337136,7.7536,2.3308,-5.6671
G,230339278,0.004261,0.000000,-0.004261
A,230339593,7.7464,2.3200,-5.6814
G,230341797,0.002131,0.001065,-0.001065
A,230342081,7.7428,2.3128,-5.6886
G,230344292,0.001065,0.001065,0.001065
A,230344552,7.7428,2.3020,-5.6994
G,230346778,-0.001065,0.000000,0.003196
A,230347008,7.7428,2.3020,-5.7066
G,230349286,-0.001065,0.000000,0.005326
A,230349487,7.7428,2.2948,-5.7030
G,230351782,0.001065,0.000000,0.003196
A,230351959,7.7393,2.3128,-5.7066
G,230354271,0.005326,0.002131,0.002131
A,230354419,7.7393,2.3272,-5.7030
TRK,230355,0.29583,0.81611,-0.34753,0.35449,-0.0039,1.6093,-0.5074,0.000,0.000,0.000,1,5
G,230356790,0.007457,0.004261,0.000000
A,230356910,7.7321,2.3415,-5.7030
G,230359285,0.005326,0.004261,0.001065
A,230359407,7.7285,2.3559,-5.6922
G,230361759,0.002131,0.004261,0.005326
A,230361878,7.7321,2.3523,-5.6850
G,230364268,-0.001065,0.006392,0.007457
A,230364360,7.7393,2.3559,-5.6743
G,230366764,-0.001065,0.010653,0.010653
A,230366832,7.7536,2.3487,-5.6671
G,230369241,0.000000,0.012783,0.010653
A,230369283,7.7608,2.3487,-5.6707
TRK,230370,0.29582,0.81613,-0.34753,0.35445,-0.0039,1.6093,-0.5074,0.000,0.000,0.000,1,5
G,230371760,0.002131,0.013848,0.011718
A,230371777,7.7608,2.3415,-5.6814
A,230374248,7.7572,2.3343,-5.6850
G,230374256,0.003196,0.012783,0.009587
A,230376723,7.7500,2.3200,-5.6850
G,230376755,0.004261,0.011718,0.008522
A,230379194,7.7464,2.3128,-5.6743
G,230379251,0.001065,0.010653,0.007457
A,230381650,7.7464,2.3020,-5.6671
G,230381730,-0.001065,0.010653,0.011718
A,230384132,7.7464,2.2984,-5.6563
G,230384235,-0.003196,0.012783,0.014914
A,230386629,7.7536,2.2913,-5.6455
G,230386754,-0.001065,0.014914,0.017044
A,230389100,7.7608,2.2877,-5.6383
G,230389250,0.001065,0.015979,0.017044
A,230391553,7.7680,2.2948,-5.6348
G,230391724,0.003196,0.014914,0.013848
TRK,230392,0.29585,0.81615,-0.34751,0.35441,-0.0039,1.6093,-0.5074,0.000,0.000,0.000,1,5
A,230394041,7.7752,2.2913,-5.6383
G,230394234,0.004261,0.012783,0.011718
A,230396513,7.7716,2.2948,-5.6527
G,230396730,0.005326,0.009587,0.010653
A,230398982,7.7680,2.2948,-5.6491
G,230399219,0.004261,0.008522,0.011718
A,230401453,7.7500,2.2913,-5.6491
G,230401739,0.001065,0.007457,0.010653
A,230403904,7.7428,2.2913,-5.6419
G,230404235,0.000000,0.006392,0.008522
A,230406376,7.7393,2.2841,-5.6348
G,230406725,-0.001065,0.004261,0.004261
A,230408868,7.7393,2.2841,-5.6348
G,230409235,0.001065,0.002131,0.003196
A,230411364,7.7500,2.2877,-5.6348
G,230411748,0.001065,0.001065,0.002131
A,230413836,7.7608,2.2913,-5.6348
G,230414244,0.001065,0.001065,0.003196
TRK,230410,0.29584,0.81619,-0.34750,0.35433,-0.0039,1.6093,-0.5074,0.000,0.000,0.000,1,5
A,230416299,7.7752,2.2984,-5.6383
G,230416723,0.001065,0.001065,0.002131
A,230418780,7.7788,2.3020,-5.6383
G,230419221,0.000000,0.000000,0.000000
A,230421252,7.7824,2.2984,-5.6312
G,230421717,-0.002131,0.000000,-0.002131
A,230423706,7.7824,2.2984,-5.6312
G,230424187,-0.003196,-0.001065,-0.006392
A,230426180,7.7752,2.2948,-5.6240
G,230426675,-0.003196,0.000000,-0.006392
A,230428676,7.7716,2.2913,-5.6348
G,230429186,-0.001065,-0.001065,-0.006392
A,230431175,7.7680,2.2805,-5.6419
G,230431699,0.000000,-0.001065,-0.004261
A,230433646,7.7536,2.2805,-5.6491
G,230434195,0.000000,-0.002131,-0.004261
TRK,230430,0.29586,0.81623,-0.34748,0.35424,-0.0039,1.6093,-0.5074,0.000,0.000,0.000,1,5
A,230436113,7.7536,2.2769,-5.6491
G,230436675,0.000000,-0.001065,-0.007457
A,230438598,7.7464,2.2769,-5.6455
G,230439173,0.001065,0.001065,-0.011718
A,230441069,7.7464,2.2877,-5.6348
G,230441669,0.001065,0.001065,-0.013848
A,230443528,7.7464,2.2877,-5.6312
G,230444140,0.000000,0.001065,-0.012783
A,230446006,7.7500,2.2948,-5.6348
G,230446631,-0.001065,-0.002131,-0.010653
A,230448506,7.7608,2.2984,-5.6348
G,230449143,0.000000,-0.004261,-0.010653
A,230450977,7.7644,2.2948,-5.6419
G,230451657,0.001065,-0.005326,-0.011718
A,230453430,7.7644,2.2913,-5.6455
G,230454153,0.003196,-0.004261,-0.012783
TRK,230454,0.29589,0.81626,-0.34746,0.35419,-0.0039,1.6093,-0.5074,0.000,0.000,0.000,1,5
A,230455921,7.7536,2.2913,-5.6491
G,230456654,0.003196,-0.004261,-0.014914
A,230458393,7.7357,2.2877,-5.6563
G,230459150,0.004261,-0.005326,-0.014914
A,230460884,7.7249,2.2913,-5.6563
G,230461651,0.004261,-0.006392,-0.011718
A,230463356,7.7249,2.2948,-5.6563
G,230464147,0.004261,-0.005326,-0.007457
A,230465815,7.7321,2.3020,-5.6491
G,230466615,0.002131,-0.004261,-0.008522
A,230468299,7.7357,2.3092,-5.6419
G,230469107,-0.002131,-0.005326,-0.013848
A,230470770,7.7536,2.2841,-5.6491
G,230471617,-0.005326,-0.008522,-0.021305
A,230473222,7.6638,2.3379,-5.5593
G,230474112,-0.017044,-0.041545,-0.031958
A,230475697,8.4719,2.1045,-4.9129
G,230476594,-0.011718,-0.090547,-0.014914
A,230478169,9.8222,1.8783,-4.4137
TRK,230473,0.29589,0.81627,-0.34745,0.35416,-0.0039,1.6093,-0.5074,0.000,0.000,0.000,1,5
G,230479107,0.218379,0.022371,-0.012783
A,230480625,12.0093,1.6843,-4.2054
G,230481603,0.821319,0.435693,-0.188552
A,230483096,13.6146,1.9573,-4.8878
G,230484102,1.636246,1.193096,-0.656203
A,230485541,13.7726,2.6288,-6.0478
G,230486598,2.045308,1.848234,-1.166465
A,230488017,12.9000,3.2932,-6.5074
G,230489077,1.596831,1.953695,-1.177117
A,230490488,11.2839,3.3327,-5.3223
G,230491580,0.565655,1.312406,-0.524110
A,230492938,9.6319,2.6109,-3.0993
G,230494076,-0.075634,0.335558,0.307861
TRK,230493,0.29359,0.81719,-0.33819,0.36281,-0.0031,1.6091,-0.5069,0.045,-0.036,0.050,2,5
A,230495419,8.1774,1.3898,-1.2067
G,230496558,0.465521,-0.415453,0.649811
A,230497890,6.8522,0.2011,-1.7454
G,230499069,2.016546,-0.739293,0.397344
A,230500350,4.5538,-0.4884,-5.1607
G,230501565,3.470631,-0.941694,-0.149137
A,230502843,2.4421,-0.7470,-10.2532
G,230504058,3.720968,-1.172856,-0.612527
A,230505314,0.6464,-0.7326,-14.7207
G,230506554,2.443717,-1.284709,-0.849016
A,230507788,-0.2442,-0.5171,-16.6170
G,230509027,0.273773,-0.985370,-0.846885
A,230510259,0.2406,-0.1616,-15.1553
G,230511531,-1.731055,-0.309992,-0.742489
A,230512713,1.9178,0.3160,-11.3234
G,230514026,-2.698315,0.477238,-0.676443
TRK,230513,0.28462,0.82379,-0.33338,0.35946,-0.0023,1.6090,-0.5064,0.001,0.077,0.011,2,5
A,230515199,4.0618,0.9409,-6.9097
G,230516510,-2.345712,1.148355,-0.651942
A,230517670,6.3063,1.6233,-3.5015
G,230519021,-1.010936,1.628789,-0.560329
A,230520134,8.6622,2.1907,-2.0039
G,230521517,0.598679,1.919606,-0.354733
A,230522605,10.7272,2.5678,-2.4062
G,230524011,1.778991,2.004827,-0.100135
A,230525053,12.3649,2.7007,-3.9325
G,230526507,2.130529,1.853560,0.093743
A,230527551,13.1047,2.6145,-5.6850
G,230529001,1.649029,1.496696,0.148072
A,230530023,12.7024,2.3954,-6.8702
G,230531512,0.637028,1.059938,0.047937
A,230532489,11.5281,2.1440,-7.1180
G,230534008,-0.483630,0.641289,-0.187487
A,230534979,9.9156,1.9896,-6.5577
G,230536492,-1.347559,0.311057,-0.530502
A,230537450,8.2959,2.0686,-5.6060
TRK,230537,0.28903,0.81990,-0.32594,0.37148,-0.0019,1.6106,-0.5060,0.034,0.055,0.041,2,5
G,230539006,-1.794970,0.099070,-0.923584
A,230539921,6.9923,2.4098,-4.7046
G,230541502,-1.897236,-0.002131,-1.262338
A,230542392,6.0585,2.9808,-4.0151
G,230543994,-1.848234,-0.044741,-1.433846
A,230544842,5.5917,3.6344,-3.4261
G,230546490,-1.784318,-0.052198,-1.360343
A,230547325,5.4552,4.1875,-2.7976
G,230548965,-1.696966,-0.034088,-1.068460
A,230549796,5.4265,4.6040,-2.0470
G,230551459,-1.477522,0.017044,-0.656203
A,230552249,5.5629,4.7441,-1.2246
TRK,230552,0.30293,0.81884,-0.32378,0.36455,-0.0015,1.6113,-0.5056,0.018,0.027,0.003,2,5
G,230553974,-1.031176,0.087352,-0.206661
A,230554724,5.7748,4.6795,-0.7470
G,230556470,-0.347276,0.172573,0.206661
A,230557196,6.0262,4.4712,-0.8404
G,230558965,0.444215,0.260990,0.528371
A,230559651,6.6511,4.1408,-1.5802
G,230561461,1.102549,0.331297,0.724380
A,230562138,7.3586,3.8247,-2.8551
G,230563936,1.383778,0.329167,0.792557
A,230564609,8.0876,3.5698,-3.9756
G,230566429,1.203749,0.247141,0.771251
A,230567064,9.4344,3.2214,-4.2162
STAT,404.6,400.6,0,0,6830,5.4203,97.560,0.4747,0.8360,1.7463,9.8689,3.87,0.000
G,230568944,0.760599,0.164051,0.698813
A,230569543,11.5065,2.8443,-3.5482
G,230571440,0.509196,0.306796,0.509196
A,230572014,14.5232,2.5714,-2.4457
G,230573936,0.858603,0.959803,0.030893
A,230574474,17.7015,2.7114,-1.8962
G,230576432,1.705488,2.099636,-0.829841
TRK,230571,0.29790,0.81797,-0.32516,0.36939,-0.0012,1.6112,-0.5060,0.033,-0.034,-0.010,2,5
A,230576964,20.1005,3.4584,-2.3379
G,230578907,2.312689,3.242665,-1.799232
A,230579435,21.0594,4.5502,-3.1603
G,230581410,1.876996,3.660248,-2.387258
A,230581903,20.2514,5.6024,-2.9987
G,230583906,0.361125,3.089267,-2.378736
A,230584374,18.4844,6.0729,-0.9589
G,230586392,-1.323058,1.876996,-1.986718
A,230586826,16.3476,5.9005,2.3774
G,230588908,-1.980326,0.658333,-1.636246
A,230589310,13.7224,5.3834,5.2469
G,230591404,-1.103614,-0.247141,-1.585113
A,230591801,10.8386,4.8662,5.7245
G,230593878,0.755272,-0.842624,-1.784318
A,230594272,7.6926,4.4855,3.1352
TRK,230594,0.30707,0.81811,-0.30339,0.37995,0.0010,1.6086,-0.5045,0.147,-0.213,0.084,2,5
G,230596384,2.426672,-1.230380,-1.979261
A,230596746,4.4101,4.3634,-1.6771
G,230598880,2.942260,-1.439172,-1.950499
A,230599217,1.2426,4.2808,-6.5038
G,230601366,2.086853,-1.467934,-1.633050
A,230601672,-1.0451,4.1156,-9.5529
G,230603883,0.438889,-1.330515,-1.131311
A,230604159,-2.8946,3.8678,-9.8114
G,230606379,-1.033306,-1.019458,-0.583765
A,230606630,-3.7673,3.5590,-7.7608
G,230608876,-1.528654,-0.542220,-0.120375
A,230609097,-3.7637,3.2789,-4.7692
G,230611372,-0.834102,0.005326,0.200270
A,230611595,-2.9197,3.1496,-2.4529
G,230613848,0.622114,0.442085,0.404800
A,230614066,-1.2282,3.1963,-1.8028
G,230616346,2.062352,0.616788,0.545415
A,230616535,1.0235,3.3148,-2.9556
TRK,230613,0.30273,0.82581,-0.29628,0.37229,0.0028,1.6048,-0.5040,0.032,-0.175,-0.052,2,5
G,230618864,2.777144,0.459129,0.662594
A,230619024,3.4656,3.5087,-5.1643
G,230621359,2.454369,0.046872,0.755272
A,230621496,5.5306,3.6524,-7.2365
G,230623846,1.255947,-0.527306,0.811731
A,230623955,6.9923,3.7565,-8.3426
G,230626360,-0.300405,-1.146224,0.847950
A,230626442,7.5130,3.8247,-7.9835
G,230628856,-1.593635,-1.699097,0.911866
A,230628914,7.0928,3.7924,-6.5182
G,230631343,-2.152899,-2.085788,1.040763
A,230631375,6.2453,3.6739,-4.7154
TRK,230632,0.29397,0.82759,-0.30134,0.37131,0.0029,1.6018,-0.5052,-0.009,-0.166,-0.074,2,5
G,230633861,-1.817341,-2.197640,1.222924
A,230633867,5.2074,3.4620,-3.4584
A,230636339,4.5250,3.2106,-3.3794
G,230636356,-0.798948,-2.048503,1.438107
A,230638812,4.2629,2.9664,-4.4927
G,230638854,0.419714,-1.724663,1.653290
A,230641283,4.6938,2.6683,-6.1950
G,230641350,1.318797,-1.375256,1.879126
A,230643737,5.6383,2.3200,-7.7752
G,230643827,1.618137,-1.086570,2.126268
A,230646222,6.9204,1.8926,-8.5724
G,230646335,1.393366,-0.876713,2.348908
A,230648694,8.5904,1.3791,-8.5042
G,230648831,0.955542,-0.741424,2.459696
A,230651159,10.1562,0.8942,-7.9691
G,230651318,0.629571,-0.693487,2.406432
A,230653656,11.5209,0.4669,-7.4843
G,230653836,0.578439,-0.719053,2.197640
A,230656127,12.4834,0.1149,-7.4555
G,230656332,0.748881,-0.798948,1.871669
A,230658591,13.0903,-0.1688,-7.9835
G,230658816,0.936367,-0.918258,1.493501
TRK,230655,0.27520,0.82745,-0.32353,0.36732,0.0023,1.5979,-0.5075,-0.016,-0.141,-0.070,2,5
A,230661079,13.0149,-0.3519,-8.8741
G,230661324,0.948085,-1.048220,1.125985
A,230663550,12.7527,-0.5279,-9.7468
G,230663820,0.706270,-1.170726,0.796818
A,230666012,12.1458,-0.6500,-10.3573
G,230666300,0.295078,-1.215467,0.511327
A,230668500,11.0540,-0.6931,-10.5728
G,230668808,-0.125701,-1.151551,0.247141
A,230670972,10.3106,-0.7685,-10.4148
G,230671303,-0.409062,-0.973652,0.039415
A,230673432,9.0178,-0.7219,-10.0844
G,230673782,-0.472977,-0.707336,-0.096939
TRK,230674,0.26856,0.82981,-0.32917,0.36185,0.0025,1.5958,-0.5079,0.023,-0.089,0.014,2,5
A,230675923,8.0804,-0.7542,-9.7540
G,230676290,-0.333428,-0.438889,-0.143811
A,230678394,7.2077,-0.8045,-9.6139
G,230678786,-0.054328,-0.191748,-0.096939
A,230680866,6.0657,-0.8727,-9.7468
G,230681275,0.270577,-0.014914,-0.020240
A,230683338,5.5593,-1.0702,-10.0916
G,230683794,0.560329,0.148072,0.073503
A,230685791,5.1248,-1.2426,-10.5692
G,230686289,0.761664,0.346211,0.147006
A,230688268,5.2218,-1.3719,-11.0002
G,230688782,0.828776,0.617853,0.158724
A,230690739,5.9831,-1.4078,-11.1977
G,230691277,0.729706,0.949151,0.083091
A,230693204,6.9743,-1.2605,-11.0468
G,230693756,0.456998,1.278317,-0.068177
A,230695691,8.1989,-0.9948,-10.3573
G,230696255,0.056459,1.556351,-0.234358
A,230698163,9.4667,-0.6464,-9.1614
TRK,230693,0.26639,0.82974,-0.32678,0.36577,0.0029,1.5951,-0.5074,0.017,0.021,0.033,2,5
G,230698774,-0.355798,1.759817,-0.369647
A,230700620,10.5261,-0.2729,-7.6567
G,230701270,-0.644485,1.876996,-0.465521
A,230703108,11.3593,0.0503,-6.1734
G,230703769,-0.707336,1.903627,-0.521980
A,230705579,11.7400,0.3627,-5.0925
G,230706265,-0.531567,1.874865,-0.585895
A,230708048,11.7974,0.6141,-4.6328
G,230708744,-0.217314,1.837581,-0.689226
A,230710520,11.4994,0.8511,-4.7405
G,230711253,0.057524,1.829059,-0.818123
A,230712970,11.0181,1.0487,-5.1140
G,230713748,0.107592,1.790709,-0.938498
A,230715438,10.4327,1.2426,-5.3510
G,230716225,-0.123571,1.707619,-1.047155
A,230717910,9.8330,1.4150,-5.2182
TRK,230712,0.27682,0.82427,-0.31797,0.37796,0.0036,1.5959,-0.5063,0.066,0.039,0.081,2,5
G,230718745,-0.544350,1.578722,-1.154747
A,230720371,9.1506,1.6305,-4.6148
G,230721240,-0.964064,1.437042,-1.257012
A,230722851,8.4791,1.8639,-3.7278
G,230723726,-1.206945,1.311340,-1.331581
A,230725323,7.7428,2.1548,-2.8838
G,230726236,-1.190966,1.226119,-1.357147
A,230727776,6.9959,2.4636,-2.2913
G,230728732,-0.960868,1.174987,-1.316667
A,230730248,6.3782,2.7509,-2.0111
G,230731208,-0.635963,1.141963,-1.188835
A,230732743,5.8359,2.9916,-2.0435
G,230733707,-0.330232,1.132376,-0.985370
A,230735214,5.5845,3.1496,-2.2230
TRK,230734,0.29183,0.82094,-0.30694,0.38298,0.0054,1.5965,-0.5045,0.087,0.009,0.054,2,5
G,230736211,-0.099070,1.163269,-0.744620
A,230737664,5.4696,3.2609,-2.4134
G,230738707,0.034088,1.203749,-0.516653
A,230740151,5.5091,3.3184,-2.5067
G,230741197,0.054328,1.210140,-0.304666
A,230742623,5.6024,3.3184,-2.4421
G,230743708,-0.026632,1.122789,-0.099070
A,230745082,5.7856,3.2501,-2.1548
G,230746204,-0.148072,0.949151,0.102265
A,230747570,6.1088,3.1173,-1.8387
G,230748693,-0.231162,0.720119,0.260990
A,230750041,6.3279,3.0023,-1.6376
G,230751204,-0.237554,0.491087,0.346211
A,230752501,6.5864,2.9233,-1.6951
G,230753699,-0.216249,0.270577,0.367516
TRK,230753,0.29585,0.81754,-0.30396,0.38951,0.0069,1.5964,-0.5041,0.083,-0.027,-0.000,2,5
A,230754991,6.6655,2.9018,-1.9178
G,230756189,-0.259925,0.045806,0.377104
A,230757463,6.7157,2.8910,-2.1368
G,230758685,-0.402670,-0.170442,0.421845
A,230759934,6.8163,2.8802,-2.2194
G,230761156,-0.575243,-0.345146,0.500674
A,230762406,6.9061,2.8515,-2.1404
G,230763657,-0.664725,-0.465521,0.581634
A,230764858,6.9887,2.8156,-1.9896
G,230766174,-0.619984,-0.530502,0.655138
A,230767327,7.1898,2.7581,-2.0004
G,230768670,-0.467651,-0.577373,0.736098
A,230769821,7.3478,2.6827,-2.0039
G,230771161,-0.271642,-0.589091,0.837298
A,230772293,7.6926,2.5319,-2.1799
G,230773656,-0.090547,-0.600809,0.962999
A,230774767,8.0445,2.3128,-2.3739
G,230776127,0.045806,-0.641289,1.086570
TRK,230775,0.29491,0.81596,-0.31307,0.38631,0.0088,1.5952,-0.5047,0.098,-0.076,-0.051,2,5
A,230777259,8.5078,2.0435,-2.6217
G,230778616,0.139550,-0.715858,1.179248
A,230779731,7.8829,1.8136,-2.8299
G,230781128,0.199204,-0.841559,1.174987
A,230782197,6.9671,1.5874,-3.3507
G,230783624,0.270577,-1.024784,1.156877
A,230784668,5.1966,1.3683,-3.9648
G,230786115,0.403735,-1.186705,1.229315
A,230787115,3.6775,1.0918,-4.9704
G,230788611,0.609331,-1.215467,1.431715
A,230789587,3.6200,0.6931,-6.0262
G,230791103,0.806405,-1.054612,1.616006
A,230792035,5.0314,0.2765,-6.9851
G,230793599,0.896953,-0.812797,1.595766
A,230794515,7.6136,-0.0215,-8.0876
G,230796071,0.780839,-0.721184,1.295362
A,230796986,10.3573,-0.0826,-8.9136
G,230798573,0.361125,-0.833037,0.770186
A,230799447,12.4546,0.1041,-9.3230
G,230801069,-0.402670,-1.090831,0.208792
TRK,230800,0.28157,0.81748,-0.32618,0.38216,0.0114,1.5935,-0.5065,0.108,-0.042,-0.070,2,5
A,230801938,13.5859,0.4669,-8.8669
G,230803552,-1.327320,-1.276187,-0.191748
A,230804410,13.8912,0.8475,-7.2257
G,230806065,-2.018676,-1.320928,-0.350472
A,230806882,13.3489,1.1564,-4.8518
G,230808561,-2.093245,-1.269795,-0.318514
A,230809354,12.4582,1.2318,-2.5067
G,230811054,-1.409345,-1.162203,-0.158724
A,230811807,11.0540,1.1420,-1.2426
G,230813549,-0.119310,-1.013066,0.044741
A,230814291,9.8114,0.8799,-1.4473
G,230816022,1.375256,-0.779773,0.238619
A,230816763,8.8669,0.5171,-3.1496
G,230818514,2.564091,-0.493217,0.371777
A,230819216,8.4934,0.1041,-5.5557
TRK,230815,0.28495,0.81910,-0.33037,0.37247,0.0138,1.5926,-0.5072,0.167,-0.066,-0.033,2,5
G,230821028,3.056243,-0.202400,0.451672
A,230821692,8.7915,-0.3555,-7.8254
G,230823524,2.789927,0.024501,0.466586
A,230824163,9.3338,-0.7829,-9.2009
G,230826007,2.020807,0.152333,0.347276
A,230826610,10.1167,-1.1528,-9.4954
G,230828503,1.115332,0.165116,0.054328
A,230829098,10.6374,-1.3683,-8.9388
G,230830977,0.343015,0.039415,-0.376038
A,230831570,10.7990,-1.3898,-7.9440
TRK,230831,0.27211,0.82293,-0.32614,0.37732,0.0164,1.5919,-0.5075,0.196,-0.022,0.002,2,5
G,230833481,-0.168312,-0.188552,-0.853277
A,230834038,10.5477,-1.2498,-7.0138
G,230835977,-0.417584,-0.476173,-1.303884
A,230836510,9.8833,-0.9732,-6.4787
G,230838461,-0.482565,-0.742489,-1.678857
A,230838960,8.8813,-0.5997,-6.4715
G,230840976,-0.486826,-0.913997,-1.933455
A,230841441,7.6459,-0.1832,-6.7947
G,230843472,-0.528371,-0.933172,-2.037851
A,230843913,6.5936,0.1903,-7.1790
G,230845956,-0.618919,-0.814927,-2.001632
A,230846364,5.6922,0.5423,-7.2975
G,230848452,-0.677508,-0.585895,-1.884453
A,230848857,5.2038,0.8080,-7.1072
G,230850927,-0.608266,-0.289752,-1.732120
A,230851329,5.1966,1.0487,-6.8163
TRK,230851,0.28059,0.82935,-0.31568,0.36578,0.0206,1.5919,-0.5073,0.213,0.025,0.001,2,5
G,230853433,-0.389887,0.028762,-1.590440
A,230853803,5.3008,1.3001,-6.3782
G,230855928,-0.100135,0.301470,-1.442368
A,230856274,5.8323,1.4832,-5.9508
G,230858414,0.183225,0.492152,-1.260208
A,230858729,6.4572,1.5981,-5.5881
G,230860930,0.437824,0.565655,-1.039698
A,230861215,6.8091,1.6305,-5.2684
G,230863425,0.692422,0.547546,-0.821319
A,230863686,6.9635,1.5371,-5.2038
G,230865911,0.953412,0.492152,-0.651942
A,230866143,6.6152,1.4257,-5.4696
G,230868407,1.195227,0.507066,-0.550742
A,230868615,5.9508,1.3180,-5.9041
G,230870883,1.369930,0.635963,-0.496413
A,230871063,5.5665,1.2641,-6.5110
G,230873378,1.426389,0.827710,-0.491087
A,230873534,5.8574,1.3288,-6.9456
G,230875855,1.325189,1.027980,-0.529436
A,230875984,7.4160,1.5191,-7.2472
TRK,230876,0.27954,0.83294,-0.30111,0.37067,0.0258,1.5929,-0.5077,0.206,0.059,-0.027,2,5
G,230878362,1.039698,1.020523,-0.657268
A,230878464,9.6642,1.8747,-7.4986
G,230880858,0.628506,0.757403,-0.933172
A,230880936,11.7041,2.4421,-7.8111
G,230883345,0.191748,0.280165,-1.313471
A,230883398,12.5624,3.1065,-8.2959
G,230885862,-0.140615,-0.091613,-1.631985
A,230885890,11.4922,3.8463,-8.8921
G,230888358,-0.299339,-0.127832,-1.694836
A,230888362,9.2153,4.4424,-9.1650
A,230890835,7.0390,4.7297,-9.0501
G,230890855,-0.230097,0.235423,-1.415736
A,230893307,5.5091,4.6974,-8.6012
G,230893350,0.098004,0.826645,-0.907605
A,230895781,4.9740,4.4819,-8.2995
G,230895847,0.674312,1.429585,-0.412257
A,230898252,5.0961,4.1372,-8.3103
G,230898343,1.365669,1.922802,-0.133158
TRK,230893,0.28337,0.83531,-0.29041,0.37097,0.0294,1.5940,-0.5075,0.187,0.071,0.032,2,5
A,230900707,5.4696,3.8858,-8.6766
G,230900820,1.913215,2.287123,-0.058590
A,230903182,5.6024,3.7385,-8.7736
G,230903317,2.069809,2.552374,-0.062851
A,230905679,6.1519,3.5482,-8.3067
G,230905835,1.773665,2.661031,-0.034088
A,230908151,6.5900,3.5051,-7.1718
G,230908331,1.253816,2.632268,0.003196
A,230910615,7.5238,3.5231,-5.7209
G,230910815,0.827710,2.557700,0.007457
TRK,230911,0.27923,0.83150,-0.27923,0.39073,0.0321,1.5955,-0.5070,0.133,0.093,0.035,2,5
A,230913103,8.8310,3.6703,-4.5143
G,230913323,0.644485,2.467152,-0.045806
A,230915574,10.0844,3.9648,-3.6631
G,230915818,0.594418,2.293514,-0.124636
A,230918043,10.9427,4.2988,-3.1783
G,230918306,0.464455,1.929194,-0.183225
A,230920515,10.7272,4.5897,-2.6827
G,230920824,0.187487,1.437042,-0.161920
A,230922965,9.6929,4.6974,-1.9285
G,230923320,-0.107592,1.002414,0.023436
A,230925435,8.2061,4.5179,-0.8475
G,230925806,-0.192813,0.752077,0.442085
A,230927926,6.8666,4.0366,0.1724
G,230928314,0.117179,0.720119,1.029045
A,230930422,6.0729,3.3543,0.6069
G,230930826,0.853277,0.870321,1.614941
A,230932893,5.8107,2.6109,0.1867
G,230933322,1.806688,1.133441,2.053830
A,230935356,6.1375,1.9213,-0.9158
G,230935800,2.587527,1.410410,2.313754
TRK,230935,0.27357,0.82467,-0.27779,0.40976,0.0356,1.5968,-0.5061,0.157,0.009,0.003,2,5
A,230937840,7.1539,1.2534,-2.2553
G,230938298,2.827212,1.547829,2.421346
A,230940311,8.3426,0.6788,-3.2645
G,230940816,2.414954,1.415736,2.359561
A,230942765,9.4774,0.1832,-3.6416
G,230943312,1.516936,0.969391,2.070874
A,230945250,9.9910,-0.1437,-3.4872
G,230945810,0.438889,0.303600,1.580852
A,230947722,9.5241,-0.2586,-2.9736
G,230948325,-0.545415,-0.433563,0.992826
A,230950175,8.3462,-0.2119,-2.3056
G,230950821,-1.265534,-1.104679,0.467651
TRK,230950,0.26391,0.82174,-0.28415,0.41756,0.0382,1.5969,-0.5062,0.195,0.005,-0.010,2,5
A,230952651,6.9923,-0.1113,-1.6592
G,230953308,-1.656486,-1.630920,0.104396
A,230955123,5.6958,0.0359,-1.1205
G,230955826,-1.701227,-1.924933,-0.063916
A,230957581,5.0099,0.0718,-0.9373
G,230958322,-1.434911,-2.015480,-0.070307
A,230960059,4.4604,0.1006,-1.0343
G,230960809,-0.945955,-1.993110,-0.007457
A,230962530,4.4353,0.0323,-1.6233
G,230963317,-0.357929,-1.917476,0.075634
A,230964980,4.7441,-0.0934,-2.4313
G,230965813,0.201335,-1.778991,0.169377
A,230967461,5.7533,-0.3089,-3.3327
G,230968300,0.628506,-1.579787,0.255663
A,230969932,7.3514,-0.5710,-4.2162
G,230970796,0.843689,-1.429585,0.264186
A,230972394,9.2368,-0.8009,-4.9991
G,230973264,0.821319,-1.411475,0.106526
TRK,230973,0.26171,0.82835,-0.29190,0.40018,0.0430,1.5969,-0.5075,0.238,0.008,-0.093,2,5
A,230974886,10.8565,-0.9266,-5.6455
G,230975763,0.579504,-1.532915,-0.218379
A,230977384,12.1206,-0.9266,-6.0190
G,230978267,0.161920,-1.728924,-0.615723
A,230979856,12.7707,-0.8224,-6.0657
G,230980763,-0.349407,-1.952630,-0.989631
A,230982339,12.9574,-0.6788,-5.7497
G,230983252,-0.825580,-2.181661,-1.299623
A,230984811,12.5947,-0.5136,-5.3223
G,230985758,-1.127050,-2.403237,-1.548894
A,230987262,11.5748,-0.2981,-5.0386
G,230988254,-1.161138,-2.568352,-1.733185
A,230989737,10.2244,-0.0826,-5.0853
G,230990733,-0.928910,-2.580070,-1.805623
A,230992208,8.5724,0.1293,-5.4588
G,230993242,-0.516653,-2.402171,-1.723598
A,230994664,7.2329,0.2658,-6.0262
G,230995738,-0.035154,-2.039981,-1.474326
TRK,230991,0.26419,0.83753,-0.28984,0.38045,0.0485,1.5973,-0.5088,0.309,0.024,-0.047,2,5
A,230997151,6.2201,0.2801,-6.5038
G,230998227,0.444215,-1.567004,-1.111071
A,230999623,5.9436,0.1652,-6.9312
G,231000723,0.907605,-1.051416,-0.720119
A,231002091,6.0262,-0.0323,-7.2832
G,231003193,1.348625,-0.565655,-0.399474
A,231004563,6.4141,-0.2586,-7.6495
G,231005700,1.726794,-0.160855,-0.198139
A,231007019,7.1036,-0.4705,-8.0912
G,231008196,1.954760,0.134223,-0.117179
A,231009499,7.8039,-0.6572,-8.4108
G,231010676,1.972870,0.332363,-0.126766
A,231011971,8.6658,-0.7973,-8.6658
G,231013187,1.786448,0.425040,-0.221575
A,231014431,9.4020,-0.8763,-8.7771
G,231015682,1.443433,0.395213,-0.433563
TRK,231011,0.25625,0.84572,-0.28230,0.37337,0.0547,1.5983,-0.5099,0.318,0.084,-0.050,2,5
A,231016923,9.8976,-0.8080,-8.7736
G,231018173,0.987500,0.267381,-0.753142
A,231019394,10.1813,-0.6141,-8.5258
G,231020669,0.460194,0.122505,-1.121723
A,231021867,10.1239,-0.3089,-7.9906
G,231023140,-0.059655,-0.004261,-1.445564
A,231024339,9.9766,0.0718,-7.2472
G,231025647,-0.460194,-0.132093,-1.675661
A,231026799,9.3913,0.4274,-6.2489
G,231028143,-0.661529,-0.317449,-1.822667
A,231029283,8.8023,0.7075,-5.6060
G,231030624,-0.590156,-0.511327,-1.881257
A,231031755,7.7464,0.9589,-5.3977
G,231033136,-0.252468,-0.644485,-1.873800
A,231034220,6.6619,1.1349,-5.7820
G,231035632,0.237554,-0.647681,-1.792840
TRK,231031,0.25777,0.84985,-0.27078,0.37147,0.0613,1.6005,-0.5104,0.353,0.125,-0.015,2,5
A,231036715,5.6455,1.2318,-6.6834
G,231038123,0.675378,-0.541154,-1.635181
A,231039187,4.8016,1.2821,-7.6962
G,231040642,0.909736,-0.382430,-1.393366
A,231041662,4.4640,1.2282,-8.4683
G,231043138,0.944889,-0.223706,-1.125985
A,231044133,4.8483,1.0451,-8.9423
G,231045640,0.898018,-0.086286,-0.921454
A,231046591,5.4875,0.8906,-9.1937
G,231048135,0.851146,-0.006392,-0.874582
A,231049062,6.3494,0.7649,-9.5852
G,231050637,0.793622,-0.020240,-1.003479
A,231051521,6.7588,0.8260,-10.2029
G,231053132,0.623180,-0.115049,-1.275122
A,231054002,6.6511,1.0702,-10.8673
G,231055604,0.240750,-0.215183,-1.555286
A,231056474,6.1447,1.4186,-11.1582
TRK,231051,0.25645,0.85696,-0.25613,0.36639,0.0680,1.6034,-0.5109,0.324,0.185,-0.022,2,5
G,231058096,-0.336624,-0.271642,-1.715076
A,231058924,5.4552,1.8064,-10.7560
G,231060613,-0.917193,-0.283360,-1.724663
A,231061401,4.9273,2.1404,-9.8330
G,231063109,-1.222924,-0.255663,-1.640507
A,231063893,4.4173,2.4852,-8.7017
G,231065591,-1.092961,-0.166181,-1.541438
A,231066365,4.2377,2.7617,-7.9547
G,231068103,-0.621049,-0.056459,-1.413606
A,231068837,4.2413,3.0670,-7.7213
G,231070599,-0.041545,0.064981,-1.225054
A,231071327,4.8554,3.2286,-7.9224
G,231073077,0.439954,0.165116,-0.977913
A,231073799,5.8718,3.2896,-8.3498
TRK,231073,0.26543,0.86006,-0.24525,0.36012,0.0746,1.6084,-0.5112,0.261,0.249,-0.017,2,5
G,231075580,0.751011,0.272708,-0.758468
A,231076263,7.0964,3.2286,-8.8741
G,231078076,0.895887,0.362190,-0.647681
A,231078735,7.9871,3.1424,-9.3410
G,231080558,0.908670,0.413323,-0.659399
A,231081181,8.3857,3.0454,-9.7217
G,231083071,0.822384,0.431432,-0.727576
A,231083657,7.9906,3.0382,-9.7971
G,231085567,0.700944,0.462325,-0.774447
A,231086129,7.4520,2.9556,-9.5600
G,231088060,0.642354,0.535828,-0.711597
A,231088586,6.6439,2.8587,-8.9567
G,231090555,0.745685,0.637028,-0.566721
TRK,231513,0.52792,0.60444,0.35258,0.48129,0.2555,1.8456,-0.3104,0.758,0.952,0.237,2,5
TRK,231529,0.52643,0.61172,0.35902,0.46881,0.2669,1.8598,-0.3073,0.793,0.978,0.183,2,5
TRK,231550,0.52899,0.62360,0.36741,0.44306,0.2848,1.8822,-0.3048,0.798,1.040,0.027,2,5
TRK,232796,0.50878,0.33615,0.62510,0.48723,0.6684,2.4892,-0.3017,0.959,0.249,0.243,2,5
A,232798854,2.6181,9.7827,4.5035
G,232799915,1.948369,-2.390453,2.978479
A,232801326,2.6719,9.4200,4.0330
G,232802417,1.953695,-2.474609,3.022155
A,232803776,2.7473,9.0178,3.5841
G,232804912,1.968608,-2.540656,3.041330
A,232806260,2.7797,8.6155,3.0921
G,232807398,1.994175,-2.593919,3.038134
A,232808731,2.7869,8.2025,2.5462
G,232809914,2.004827,-2.637595,3.015763
A,232811197,2.7617,7.7752,1.9249
G,232812409,1.981392,-2.664226,2.972087
A,232813683,2.6540,7.3586,1.3396
G,232814895,1.908954,-2.671683,2.904976
A,232816154,2.5426,6.9133,0.8547
G,232817388,1.797101,-2.683401,2.837864
A,232818598,2.3631,6.4643,0.4884
G,232819884,1.686314,-2.699380,2.769687
A,232821086,2.1368,6.0082,0.1975
G,232822370,1.634115,-2.706837,2.690858
A,232823557,1.8603,5.5450,-0.1365
TRK,232819,0.50331,0.38140,0.60889,0.48008,0.6902,2.4961,-0.2969,0.990,0.368,0.180,2,5
G,232824886,1.671400,-2.691923,2.582201
A,232826026,1.4868,5.1032,-0.6285
G,232827382,1.767274,-2.655704,2.451174
A,232828497,1.0379,4.6687,-1.2857
G,232829878,1.861017,-2.612028,2.312689
A,232830947,0.5782,4.2341,-2.0722
G,232832374,1.913215,-2.544917,2.169944
A,232833428,0.1185,3.8140,-2.8874
G,232834850,1.917476,-2.440521,2.009089
A,232835899,-0.3053,3.4189,-3.6559
G,232837351,1.886583,-2.286057,1.814145
A,232838356,-0.7039,3.0813,-4.3527
G,232839847,1.836516,-2.082592,1.578722
A,232840827,-1.0594,2.8407,-4.9201
TRK,232835,0.50152,0.40805,0.59849,0.47306,0.7072,2.5029,-0.2945,0.961,0.399,0.086,2,5
G,232842334,1.772600,-1.832255,1.319863
A,232843270,-1.3611,2.6935,-5.3367
G,232844851,1.691640,-1.548894,1.058873
A,232845745,-1.5730,2.6360,-5.5414
G,232847346,1.598962,-1.249555,0.808536
A,232848216,-1.6664,2.6540,-5.5306
G,232849843,1.521197,-0.954477,0.570982
A,232850672,-1.6520,2.7330,-5.3331
G,232852339,1.486044,-0.677508,0.341950
A,232853158,-1.5048,2.8802,-5.0422
G,232854816,1.498827,-0.425040,0.119310
A,232855630,-1.2534,3.0885,-4.7190
G,232857311,1.538242,-0.197074,-0.105461
A,232858084,-0.8978,3.3651,-4.4029
G,232859823,1.569134,0.005326,-0.331297
A,232860557,-0.4884,3.6919,-4.0797
G,232862319,1.568069,0.181095,-0.559264
A,232863029,-0.0539,4.0689,-3.7026
G,232864816,1.536111,0.333428,-0.784035
A,232865488,0.3448,4.4855,-3.2825
G,232867333,1.487109,0.452737,-1.001348
A,232867967,0.6931,4.9273,-2.8084
G,232869829,1.445564,0.539024,-1.203749
A,232870438,0.9804,5.3870,-2.3236
G,232872316,1.428519,0.588026,-1.391235
A,232872890,1.2139,5.8395,-1.8783
TRK,232865,0.49616,0.43060,0.60012,0.45636,0.7336,2.5141,-0.2948,0.832,0.372,-0.099,2,5
G,232874834,1.441303,0.610397,-1.561678
A,232875372,1.4042,6.2848,-1.4976
G,232877329,1.470065,0.609331,-1.720402
A,232877843,1.5407,6.7265,-1.2139
G,232879826,1.499892,0.595483,-1.863147
A,232880306,1.6340,7.1467,-1.0271
G,232882322,1.518002,0.585895,-1.988849
A,232882800,1.6556,7.5669,-0.8978
G,232884799,1.515871,0.585895,-2.095375
A,232885271,1.6197,7.9763,-0.7937
G,232887307,1.490305,0.590156,-2.182727
A,232887746,1.5048,8.3677,-0.6752
G,232889803,1.448759,0.586961,-2.240251
A,232890217,1.3180,8.7484,-0.5100
TRK,232889,0.49384,0.42313,0.62114,0.43734,0.7538,2.5241,-0.2985,0.808,0.441,-0.182,2,5
G,232892291,1.415736,0.570982,-2.266883
A,232892673,1.0451,9.0932,-0.3412
G,232894809,1.416802,0.550742,-2.263687
A,232895159,0.7254,9.4092,-0.1796
G,232897304,1.466869,0.534763,-2.237055
A,232897630,0.4058,9.6714,-0.0718
G,232899793,1.559547,0.529436,-2.191249
A,232900088,0.1113,9.8761,-0.0682
G,232902301,1.674596,0.532632,-2.137985
A,232902566,-0.2550,10.0592,-0.2011
G,232904812,1.782187,0.544350,-2.091114
A,232905048,-0.6644,10.2137,-0.4561
G,232907308,1.848234,0.562460,-2.035720
A,232907520,-1.1384,10.3573,-0.7506
G,232909805,1.856756,0.598679,-1.953695
A,232909989,-1.6305,10.4974,-0.9732
G,232912301,1.824798,0.660464,-1.846103
A,232912461,-2.0111,10.5943,-1.0738
TRK,232903,0.49390,0.41751,0.63273,0.42591,0.7638,2.5297,-0.3008,0.817,0.479,-0.191,2,5
G,232914779,1.800297,0.741424,-1.737446
A,232914911,-2.2841,10.6949,-1.0451
G,232917287,1.816276,0.837298,-1.649029
A,232917393,-2.4205,10.7955,-0.9804
G,232919782,1.866343,0.937433,-1.580852
A,232919864,-2.3559,10.9247,-0.9409
G,232922259,1.908954,1.041829,-1.533981
A,232922315,-2.1656,11.1007,-0.9804
TRK,232923,0.48931,0.41175,0.65148,0.40817,0.7801,2.5395,-0.3045,0.833,0.508,-0.174,2,5
G,232924778,1.897236,1.134507,-1.510545
A,232924809,-1.8962,11.3593,-1.0774
G,232927274,1.791775,1.200553,-1.515871
A,232927280,-1.6700,11.7184,-1.1564
A,232929748,-1.5227,12.1494,-1.0774
G,232929766,1.582983,1.234641,-1.512675
A,232932220,-1.4186,12.6306,-0.7649
G,232932261,1.314536,1.241033,-1.454086
A,232934675,-1.2857,13.1047,-0.2514
G,232934740,1.080178,1.228250,-1.320928
A,232937152,-1.1420,13.5572,0.2765
G,232937240,0.988565,1.217597,-1.135572
TRK,232934,0.48428,0.40725,0.66278,0.40043,0.7904,2.5460,-0.3065,0.848,0.540,-0.148,2,5
A,232939642,-1.0235,14.0025,0.6249
G,232939752,1.079113,1.231446,-0.932106
A,232942114,-0.9517,14.4263,0.7434
G,232942247,1.306014,1.296427,-0.708401
A,232944571,-0.8763,14.8141,0.7003
G,232944726,1.574461,1.411475,-0.449542
A,232947057,-0.7542,15.1230,0.6464
G,232947233,1.812015,1.555286,-0.141680
A,232949528,-0.5459,15.3420,0.6680
G,232949729,2.011219,1.702292,0.205596
A,232951992,-0.2658,15.4534,0.7685
G,232952212,2.204032,1.824798,0.563525
A,232954492,0.0718,15.4498,0.8583
G,232954732,2.417085,1.898301,0.907605
A,232956963,0.4166,15.3349,0.8368
G,232957227,2.645051,1.900432,1.215467
TRK,232953,0.47169,0.40641,0.67567,0.39473,0.8056,2.5560,-0.3085,0.903,0.619,-0.083,2,5
A,232959424,0.7398,15.1158,0.6177
G,232959707,2.859169,1.824798,1.466869
A,232961910,1.0127,14.8249,0.1221
G,232962211,3.021090,1.696966,1.647964
A,232964381,1.1492,14.5160,-0.6536
G,232964707,3.090332,1.549960,1.742772
A,232966854,1.1672,14.2251,-1.5802
G,232967197,3.011502,1.393366,1.769404
A,232969325,1.0379,13.9809,-2.4744
G,232969717,2.751578,1.210140,1.744903
A,232971779,0.8296,13.7619,-3.1532
G,232972212,2.336125,1.005610,1.709749
A,232974263,0.5423,13.5931,-3.5482
G,232974712,1.871669,0.810666,1.665008
A,232976734,0.2622,13.4602,-3.7314
G,232977234,1.482848,0.665790,1.610680
A,232979192,-0.0215,13.3884,-3.8535
G,232979729,1.235707,0.591222,1.548894
TRK,232979,0.43740,0.42878,0.68819,0.38887,0.8310,2.5749,-0.3095,0.945,0.764,0.011,2,5
A,232981668,-0.2622,13.3632,-4.0115
G,232982218,1.106810,0.580569,1.511610
A,232984139,-0.4094,13.3632,-4.2018
G,232984714,1.030111,0.616788,1.521197
A,232986596,-0.4669,13.3812,-4.3634
G,232987184,0.950216,0.689226,1.590440
A,232989078,-0.4022,13.3920,-4.3850
G,232989678,0.862864,0.798948,1.712945
A,232991550,-0.2155,13.3668,-4.2449
G,232992174,0.794687,0.937433,1.880192
A,232994019,0.0108,13.3201,-3.9863
G,232994654,0.782969,1.082309,2.077266
A,232996490,0.2801,13.2124,-3.6847
G,232997162,0.851146,1.211206,2.286057
A,232998937,0.5782,13.0400,-3.4692
G,232999657,0.998153,1.324124,2.500176
TRK,232999,0.42011,0.44194,0.68749,0.39440,0.8496,2.5907,-0.3085,0.941,0.832,0.083,2,5
A,233001418,0.8727,12.8245,-3.4081
G,233002148,1.187770,1.427454,2.704706
A,233003889,1.1995,12.5516,-3.5267
G,233004655,1.370995,1.531850,2.892193
A,233006338,1.5658,12.2535,-3.7565
G,233007151,1.494566,1.634115,3.050917
A,233008827,1.9249,11.9411,-4.0259
G,233009648,1.521197,1.726794,3.170227
A,233011299,2.2769,11.6250,-4.2234
G,233012144,1.448759,1.807754,3.250122
A,233013773,2.6073,11.3306,-4.2844
G,233014625,1.306014,1.879126,3.294863
A,233016244,2.9305,11.0468,-4.1875
G,233017132,1.138768,1.939846,3.315103
A,233018695,3.2178,10.7847,-3.9648
G,233019628,0.982174,1.988849,3.324690
A,233021169,3.5015,10.5369,-3.6739
G,233022107,0.862864,2.024002,3.325755
TRK,233018,0.39006,0.46153,0.68568,0.40582,0.8681,2.6079,-0.3064,0.928,0.920,0.121,2,5
A,233023666,3.7637,10.2783,-3.3615
G,233024609,0.789361,2.042112,3.320429
A,233026137,3.9971,10.0341,-3.0813
G,233027104,0.755272,2.048503,3.312972
A,233028614,4.2449,9.7683,-2.8407
G,233029586,0.752077,2.049569,3.309776
A,233031086,4.4604,9.4918,-2.6683
G,233032087,0.768056,2.054895,3.309776
A,233033532,4.6723,9.1794,-2.5355
G,233034582,0.795752,2.062352,3.316168
TRK,233029,0.37463,0.47009,0.68351,0.41411,0.8796,2.6197,-0.3049,0.920,0.987,0.120,2,5
A,233036021,4.8554,8.8454,-2.4134
G,233037074,0.826645,2.067678,3.323625
A,233038493,5.0027,8.4719,-2.2948
G,233039592,0.864995,2.067678,3.334277
A,233040958,5.1284,8.0768,-2.1907
G,233042087,0.925715,2.063417,3.337473
A,233043429,5.2218,7.6674,-2.1261
G,233044590,1.020523,2.057025,3.322560
A,233045881,5.3187,7.2329,-2.1512
G,233047085,1.132376,2.048503,3.287406
A,233048363,5.3941,6.8019,-2.2517
G,233049567,1.228250,2.037851,3.240534
A,233050834,5.4588,6.3530,-2.4026
G,233052080,1.281513,2.016546,3.177684
A,233053297,5.4875,5.9292,-2.5426
G,233054575,1.291101,1.990979,3.098854
A,233055781,5.4875,5.5055,-2.6324
G,233057058,1.276187,1.973935,3.007241
A,233058253,5.4731,5.1068,-2.6540
G,233059553,1.268730,1.978196,2.908172
TRK,233053,0.33412,0.49135,0.67837,0.43215,0.8999,2.6431,-0.3027,0.901,1.114,0.068,2,5
A,233060727,5.4444,4.7297,-2.6037
G,233062026,1.295362,1.998436,2.802711
A,233063199,5.4193,4.3706,-2.5139
G,233064529,1.360343,2.017611,2.692988
A,233065655,5.4408,4.0330,-2.4098
G,233067025,1.461543,2.028263,2.588593
A,233068142,5.4408,3.7062,-2.3200
G,233069509,1.601092,2.041047,2.485262
A,233070613,5.5270,3.3830,-2.2841
G,233072023,1.776861,2.071939,2.376605
A,233073081,5.6096,3.0849,-2.3236
G,233074518,1.966478,2.125202,2.259426
A,233075552,5.7425,2.7976,-2.3990
G,233077012,2.126268,2.179531,2.139051
A,233078001,5.9544,2.5139,-2.4529
G,233079523,2.237055,2.220011,2.019741
A,233080469,6.2417,2.2374,-2.4385
G,233082019,2.314820,2.250904,1.885518
A,233082952,6.5613,1.9968,-2.3595
G,233084495,2.388323,2.289253,1.716141
A,233085424,6.8809,1.7849,-2.1871
TRK,233085,0.28426,0.50981,0.68168,0.44114,0.9277,2.6815,-0.3031,0.822,1.282,-0.110,2,5
G,233087009,2.453304,2.312689,1.510545
A,233087895,7.1826,1.6125,-1.9429
G,233089504,2.492719,2.278601,1.303884
A,233090366,7.4627,1.4401,-1.6125
G,233091998,2.517220,2.168878,1.117462
A,233092819,7.8290,1.2390,-1.2498
G,233094514,2.582201,2.012284,0.925715
A,233095294,8.2277,1.0199,-0.9984
G,233097009,2.719620,1.856756,0.683900
A,233097765,8.5832,0.8332,-0.9840
G,233099502,2.893258,1.719337,0.374973
A,233100219,8.8023,0.7075,-1.2210
TRK,233096,0.26410,0.51297,0.68886,0.43884,0.9376,2.6978,-0.3050,0.784,1.369,-0.202,2,5
G,233102016,3.009372,1.578722,0.030893
A,233102694,8.8633,0.6285,-1.5658
G,233104511,2.979544,1.388040,-0.298274
A,233105166,8.8454,0.5638,-1.8172
G,233107005,2.810167,1.135572,-0.582700
A,233107622,8.8095,0.4705,-1.8639
G,233109500,2.607767,0.843689,-0.847950
A,233110094,8.7951,0.3340,-1.7849
G,233111994,2.493784,0.543285,-1.143029
A,233112552,8.7161,0.2011,-1.8064
G,233114490,2.506567,0.253533,-1.496696
TRK,233113,0.24763,0.51143,0.70430,0.42554,0.9487,2.7189,-0.3089,0.722,1.483,-0.318,2,5
A,233115041,8.5042,0.0970,-2.1117
G,233116964,2.574744,-0.020240,-1.894040
A,233117512,8.1307,0.0503,-2.7402
G,233119465,2.579005,-0.279099,-2.302037
A,233119978,7.6746,0.0646,-3.5267
G,233121961,2.437325,-0.513457,-2.690858
A,233122450,7.1898,0.1221,-4.2413
G,233124446,2.157160,-0.723314,-3.053048
A,233124901,6.7337,0.2155,-4.7118
G,233126961,1.821602,-0.906540,-3.391802
A,233127383,6.2884,0.3484,-4.9057
G,233129456,1.539307,-1.065264,-3.715642
A,233129854,5.8502,0.5387,-4.9129
G,233131951,1.385909,-1.184574,-4.017112
A,233132317,5.4013,0.7793,-4.8662
G,233134466,1.377387,-1.254882,-4.280232
A,233134800,4.9273,1.0774,-4.9021
G,233136961,1.472195,-1.286839,-4.481567
A,233137271,4.4712,1.3970,-5.0314
TRK,233132,0.25375,0.49937,0.72372,0.40307,0.9620,2.7494,-0.3166,0.614,1.585,-0.457,2,5
G,233139466,1.620267,-1.286839,-4.614726
A,233139746,4.0618,1.7202,-5.2613
G,233141961,1.788579,-1.253816,-4.680772
A,233142217,3.7098,2.0291,-5.5234
G,233144439,1.981392,-1.170726,-4.691424
A,233144666,3.4477,2.3056,-5.7856
G,233146955,2.204032,-1.053546,-4.659467
A,233147153,3.2429,2.5570,-6.0406
G,233149450,2.461826,-0.916127,-4.597681
A,233149624,3.0742,2.7581,-6.3207
G,233151935,2.744121,-0.779773,-4.519917
A,233152082,2.9521,2.9233,-6.6367
G,233154440,3.037069,-0.647681,-4.436826
A,233154560,2.8838,3.0418,-7.0066
G,233156936,3.312972,-0.526241,-4.360127
A,233157031,2.8838,3.1280,-7.4376
G,233159414,3.547330,-0.429302,-4.295146
A,233159483,2.9269,3.2070,-7.9188
G,233161916,3.717772,-0.357929,-4.258927
A,233161960,2.9987,3.2789,-8.4503
G,233164412,3.807255,-0.311057,-4.257862
A,233164432,3.0239,3.3615,-8.9926
TRK,233159,0.27223,0.46677,0.76226,0.35632,0.9769,2.7933,-0.3309,0.482,1.638,-0.579,2,5
A,233166883,3.0203,3.4548,-9.5026
G,233166887,3.810451,-0.280165,-4.283428
A,233169354,2.9664,3.5554,-9.9300
G,233169382,3.732686,-0.264186,-4.319647
A,233171825,2.8730,3.6631,-10.2568
G,233171878,3.604855,-0.262055,-4.354801
A,233174280,2.7581,3.7781,-10.5189
G,233174355,3.464240,-0.268447,-4.394216
A,233176774,2.6109,3.9109,-10.7631
G,233176872,3.352387,-0.267381,-4.440022
A,233179245,2.4457,4.0618,-11.0468
G,233179368,3.275688,-0.246076,-4.489024
TRK,233175,0.27243,0.44993,0.78589,0.32516,0.9834,2.8177,-0.3396,0.387,1.656,-0.601,2,5
A,233181700,2.2661,4.2341,-11.3521
G,233181844,3.218163,-0.202400,-4.529504
A,233184186,2.1009,4.3993,-11.6717
G,233184351,3.156378,-0.142745,-4.547614
A,233186658,1.9501,4.5610,-11.9411
G,233186847,3.082875,-0.072438,-4.544418
A,233189114,1.8352,4.7082,-12.1422
G,233189324,3.011502,0.018109,-4.523113
A,233191612,1.7561,4.8375,-12.2751
G,233191841,2.958239,0.127832,-4.490089
A,233194083,1.7095,4.9452,-12.3577
G,233194336,2.928412,0.245011,-4.445348
A,233196550,1.6807,5.0278,-12.4115
G,233196823,2.914563,0.344080,-4.387824
A,233199022,1.6735,5.0637,-12.4367
G,233199318,2.906041,0.415453,-4.320712
TRK,233193,0.27332,0.42245,0.81496,0.28752,0.9897,2.8506,-0.3515,0.252,1.673,-0.585,2,5
A,233201481,1.7346,5.0637,-12.4475
G,233201796,2.907106,0.471912,-4.250405
A,233203961,1.8639,5.0278,-12.4546
G,233204293,2.924151,0.528371,-4.188620
A,233206432,2.1225,4.9632,-12.5121
G,233206789,2.953978,0.579504,-4.144944
A,233208900,2.4062,4.8985,-12.6558
G,233209273,2.969957,0.608266,-4.133226
A,233211402,2.7402,4.8195,-12.8748
G,233211792,2.920955,0.591222,-4.151335
A,233213873,3.0095,4.7441,-13.1154
G,233214287,2.765426,0.526241,-4.189685
A,233216352,3.2358,4.6615,-13.2699
G,233216782,2.498045,0.423975,-4.233361
A,233218824,3.3902,4.5681,-13.3058
G,233219278,2.163552,0.300405,-4.279167
TRK,233214,0.26891,0.39385,0.84144,0.25405,0.9933,2.8840,-0.3627,0.114,1.703,-0.548,2,5
A,233221287,3.4728,4.4604,-13.2124
G,233221756,1.829059,0.172573,-4.326038
A,233223781,3.4728,4.3491,-13.0975
G,233224265,1.553155,0.054328,-4.376106
A,233226253,3.3507,4.2521,-13.0508
G,233226760,1.360343,-0.042611,-4.425108
A,233228728,3.1532,4.1515,-13.1011
G,233229249,1.229315,-0.121440,-4.456001
A,233231199,2.8982,4.0223,-13.2411
G,233231745,1.124919,-0.185356,-4.452805
A,233233675,2.6324,3.8642,-13.4315
G,233234234,1.029045,-0.225836,-4.409129
A,233236146,2.3846,3.6488,-13.6434
G,233236749,0.961934,-0.225836,-4.340952
A,233238600,2.1296,3.4081,-13.9127
G,233239245,0.940628,-0.175769,-4.269579
TRK,233239,0.27525,0.35201,0.86621,0.22364,0.9937,2.9268,-0.3757,-0.087,1.755,-0.507,2,5
A,233241088,1.8136,3.1460,-14.2395
G,233241744,0.954477,-0.085221,-4.204598
A,233243559,1.4293,2.8695,-14.6058
G,233244239,0.973652,0.024501,-4.132161
A,233246019,1.0056,2.5462,-14.9793
G,233246710,0.978978,0.141680,-4.038417
A,233248491,0.5387,2.1907,-15.3385
G,233249220,0.981108,0.269512,-3.925499
A,233250941,0.0682,1.8064,-15.7155
G,233251715,1.000283,0.417584,-3.815777
A,233253411,-0.4345,1.4114,-16.1357
G,233254194,1.038633,0.589091,-3.725230
TRK,233250,0.27793,0.33147,0.87640,0.21167,0.9920,2.9485,-0.3818,-0.196,1.750,-0.476,2,5
A,233255903,-0.9517,1.0307,-16.6170
G,233256694,1.078048,0.781904,-3.655987
A,233258374,-1.4688,0.6680,-17.1305
G,233259190,1.084439,0.993892,-3.598463
A,233260846,-1.9501,0.3304,-17.6082
G,233261670,1.041829,1.223989,-3.545200
A,233263318,-2.3631,0.0108,-17.9852
G,233264180,0.951281,1.476456,-3.494067
A,233265771,-2.6971,-0.2837,-18.2330
G,233266676,0.837298,1.748099,-3.450391
A,233268256,-2.9485,-0.5495,-18.3480
G,233269166,0.722249,2.030394,-3.419498
A,233270727,-3.1424,-0.7865,-18.3767
G,233271662,0.627441,2.316950,-3.404585
A,233273193,-3.2896,-0.9912,-18.3372
G,233274132,0.559264,2.604572,-3.397128
A,233275687,-3.3830,-1.1672,-18.2582
G,233276632,0.510262,2.896454,-3.384345
A,233278158,-3.4297,-1.3216,-18.1361
G,233279127,0.471912,3.191532,-3.366235
TRK,233274,0.26786,0.29550,0.89555,0.19731,0.9853,2.9865,-0.3914,-0.405,1.646,-0.376,2,5
A,233280635,-3.4369,-1.4437,-17.9673
G,233281609,0.444215,3.485545,-3.339604
A,233283129,-3.4189,-1.5586,-17.7482
G,233284107,0.429302,3.769971,-3.308711
A,233285600,-3.4225,-1.6556,-17.4896
G,233286602,0.435693,4.037352,-3.272492
A,233288068,-3.4441,-1.7597,-17.2059
G,233289074,0.465521,4.287689,-3.230947
A,233290555,-3.4692,-1.8783,-16.9258
G,233291565,0.523045,4.524178,-3.184075
A,233293026,-3.5087,-2.0111,-16.6780
G,233294078,0.600809,4.744688,-3.137203
A,233295486,-3.5303,-2.1691,-16.4769
G,233296573,0.686030,4.944957,-3.099919
A,233297971,-3.5769,-2.3308,-16.3261
G,233299061,0.754207,5.120726,-3.079679
A,233300442,-3.6488,-2.5211,-16.2219
G,233301556,0.787230,5.264537,-3.074353
TRK,233296,0.23309,0.25474,0.91800,0.19508,0.9742,3.0214,-0.3986,-0.584,1.488,-0.278,2,5
A,233302913,-3.7421,-2.7186,-16.1142
G,233304029,0.779773,5.375324,-3.083940
A,233305385,-3.8499,-2.9449,-15.9957
G,233306532,0.742489,5.458415,-3.107376
A,233307837,-3.9612,-3.1783,-15.8484
G,233309028,0.689226,5.521266,-3.148921
A,233310320,-4.0546,-3.4117,-15.6904
G,233311511,0.629571,5.571333,-3.218163
A,233312791,-4.1408,-3.6272,-15.5252
G,233314024,0.562460,5.611813,-3.314037
A,233315255,-4.2162,-3.8068,-15.3636
G,233316520,0.481499,5.645901,-3.426955
TRK,233312,0.19923,0.22632,0.93338,0.19465,0.9631,3.0459,-0.4029,-0.684,1.340,-0.223,2,5
A,233317750,-4.2737,-3.9576,-15.1876
G,233319013,0.379234,5.675728,-3.547330
A,233320221,-4.3275,-4.0654,-14.9650
G,233321526,0.254598,5.701295,-3.675162
A,233322685,-4.3419,-4.1480,-14.6848
G,233324021,0.121440,5.725796,-3.805124
A,233325157,-4.3096,-4.1911,-14.3185
G,233326521,-0.005326,5.753493,-3.934021
A,233327610,-4.2054,-4.1946,-13.8876
G,233329017,-0.108657,5.791842,-4.057592
A,233330081,-4.0259,-4.1587,-13.3991
G,233331520,-0.180030,5.844040,-4.180098
A,233332540,-3.7816,-4.0941,-12.8820
G,233334016,-0.223706,5.909021,-4.300472
A,233335029,-3.4872,-3.9971,-12.3325
G,233336500,-0.249272,5.976133,-4.412325
A,233337500,-3.1639,-3.8750,-11.7687
G,233339003,-0.263120,6.033657,-4.512460
A,233339959,-2.8443,-3.7242,-11.1797
G,233341498,-0.262055,6.079463,-4.598746
TRK,233336,0.14062,0.16647,0.95535,0.19954,0.9525,3.0647,-0.4060,0.000,0.000,0.000,3,5
A,233342440,-2.5498,-3.5662,-10.5836
G,233343972,-0.240750,6.110356,-4.672250
A,233344911,-2.3236,-3.3902,-9.9910
G,233346476,-0.198139,6.126335,-4.730839
A,233347373,-2.1332,-3.2250,-9.4379
G,233348972,-0.136354,6.126335,-4.763863
A,233349844,-1.9932,-3.0921,-8.9064
G,233351477,-0.061785,6.096508,-4.776646
A,233352307,-1.8783,-2.9772,-8.4324
G,233353972,0.029827,6.038983,-4.772385
TRK,233353,0.09816,0.11591,0.96721,0.20356,0.9525,3.0647,-0.4060,0.000,0.000,0.000,3,5
A,233354801,-1.7921,-2.9197,-8.0086
G,233356456,0.134223,5.950567,-4.764928
A,233357272,-1.8136,-2.8766,-7.6890
G,233358971,0.253533,5.838714,-4.764928
A,233359747,-2.0039,-2.8443,-7.4843
G,233361467,0.370712,5.702360,-4.770254
A,233362218,-2.3128,-2.8299,-7.3765
G,233363954,0.471912,5.542571,-4.769189
A,233364666,-2.7258,-2.8407,-7.3227
G,233366452,0.546481,5.357215,-4.745753
A,233367126,-3.1316,-2.9090,-7.3191
G,233368947,0.612527,5.142031,-4.712730
A,233369597,-3.5015,-3.0347,-7.4017
G,233371432,0.700944,4.923652,-4.704208
A,233372045,-3.8894,-3.1855,-7.6674
G,233373947,0.813862,4.742557,-4.751080
A,233374524,-4.4317,-3.3004,-8.1199
G,233376443,0.888430,4.606204,-4.830974
A,233376995,-5.0817,-3.3938,-8.6048
G,233378938,0.856473,4.479437,-4.894890
A,233379455,-5.8502,-3.4512,-8.9352
G,233381433,0.728641,4.328169,-4.914065
TRK,233380,0.04235,0.03782,0.97877,0.19696,0.9525,3.0647,-0.4060,0.000,0.000,0.000,3,5
A,233381946,-6.6331,-3.5195,-8.9890
G,233383909,0.616788,4.167314,-4.904478
A,233384417,-7.3622,-3.6021,-8.8131
G,233386414,0.639159,4.019242,-4.902347
A,233386889,-7.9691,-3.6990,-8.6335
G,233388910,0.820254,3.883954,-4.920456
A,233389360,-8.5401,-3.7637,-8.6945
G,233391396,1.085504,3.757187,-4.967328
A,233391813,-9.0429,-3.7888,-9.0860
G,233393891,1.303884,3.641073,-5.041896
A,233394285,-9.4379,-3.7673,-9.7037
TRK,233388,0.03122,0.01689,0.98032,0.19419,0.9525,3.0647,-0.4060,0.000,0.000,0.000,3,5
G,233396377,1.364604,3.543069,-5.128183
A,233396739,-9.7791,-3.6703,-10.3070
G,233398887,1.229315,3.463174,-5.210208
A,233399217,-9.9874,-3.5195,-10.6267
G,233401382,0.965129,3.400324,-5.287972
A,233401688,-10.0880,-3.3184,-10.5441
G,233403873,0.690291,3.344930,-5.377455
A,233404149,-10.0987,-3.0418,-10.0844
G,233406386,0.514523,3.283145,-5.476524
A,233406633,-10.0377,-2.7114,-9.4200
G,233408882,0.480434,3.212837,-5.574529
A,233409104,-9.8940,-2.3200,-8.7412
G,233411368,0.563525,3.129747,-5.654423
A,233411562,-9.6786,-1.8711,-8.1630
G,233413885,0.693487,3.026416,-5.702360
A,233414051,-9.3589,-1.4078,-7.7213
G,233416380,0.804275,2.899650,-5.716208
A,233416522,-9.0034,-0.9086,-7.3801
TRK,233412,0.00500,-0.04887,0.98195,0.18267,0.9525,3.0647,-0.4060,0.000,0.000,0.000,3,5
G,233418876,0.869256,2.760100,-5.702360
A,233418991,-8.5976,-0.4130,-7.0425
G,233421372,0.901214,2.621616,-5.668272
A,233421463,-8.1810,0.0898,-6.6619
G,233423848,0.934237,2.479936,-5.618204
A,233423913,-7.7824,0.5962,-6.1986
G,233426344,1.000283,2.323342,-5.547897
A,233426384,-7.3873,1.0846,-5.6958
G,233428840,1.123854,2.142247,-5.454154
A,233428855,-7.0354,1.5550,-5.2110
A,233431318,-6.7157,2.0004,-4.8483
G,233431327,1.311340,1.934520,-5.341236
A,233433802,-6.4500,2.4098,-4.6831
G,233433834,1.544633,1.695901,-5.218730
A,233436273,-6.2740,2.7904,-4.7333
G,233436330,1.784318,1.435976,-5.095160
TRK,233431,-0.00881,-0.10842,0.97913,0.17165,0.9525,3.0647,-0.4060,0.000,0.000,0.000,3,5
A,233438747,-6.1232,3.1244,-4.9704
G,233438827,1.980326,1.161138,-4.973720
A,233441219,-6.0621,3.4405,-5.3259
G,233441323,2.100701,0.885235,-4.848019
A,233443694,-6.0082,3.7170,-5.6994
G,233443820,2.139051,0.614658,-4.716991
A,233446166,-5.9831,3.9899,-6.0406
G,233446316,2.109223,0.350472,-4.574245
A,233448622,-5.9903,4.2485,-6.3315
G,233448793,2.042112,0.098004,-4.428304
A,233451110,-6.0082,4.5143,-6.5829
G,233451301,1.967543,-0.132093,-4.285559
A,233453581,-6.0549,4.7908,-6.8199
G,233453819,1.911084,-0.328101,-4.148139
A,233456029,-6.1052,5.0817,-7.0605
G,233456315,1.873800,-0.488956,-4.005394
A,233458509,-6.1591,5.4013,-7.2975
G,233458812,1.845038,-0.617853,-3.839213
A,233460980,-6.1878,5.7102,-7.5166
G,233461308,1.822667,-0.712662,-3.638943
TRK,233456,-0.00239,-0.16659,0.97489,0.14773,0.9525,3.0647,-0.4060,0.000,0.000,0.000,3,5
A,233463460,-6.2022,6.0118,-7.6926
G,233463805,1.808819,-0.776578,-3.401389
A,233465932,-6.1986,6.2956,-7.8219
G,233466301,1.816276,-0.805340,-3.129747
A,233468393,-6.1806,6.5398,-7.9116
G,233468779,1.856756,-0.807470,-2.825081
A,233470881,-6.1232,6.7660,-7.9799
G,233471283,1.943042,-0.781904,-2.485262
A,233473353,-6.0154,6.9456,-8.0625
G,233473779,2.071939,-0.739293,-2.114550
TRK,233473,0.01087,-0.19187,0.97232,0.13293,0.9525,3.0647,-0.4060,0.000,0.000,0.000,3,5
A,233475825,-5.8395,7.0928,-8.1882
G,233476267,2.230664,-0.679639,-1.715076
A,233478297,-5.5665,7.1970,-8.3570
G,233478778,2.396845,-0.607201,-1.297492
A,233480743,-5.2325,7.2437,-8.5545
G,233481274,2.543851,-0.521980,-0.871386
A,233483228,-4.8447,7.2472,-8.7376
G,233483772,2.656770,-0.429302,-0.445280
A,233485700,-4.4209,7.1934,-8.8849
G,233486290,2.730273,-0.344080,-0.025566
A,233488154,-4.0043,7.0964,-8.9711
G,233488785,2.777144,-0.267381,0.382430
A,233490631,-3.6272,6.9599,-9.0178
G,233491273,2.812298,-0.202400,0.777643
A,233493103,-3.2968,6.7660,-9.0644
G,233493780,2.843190,-0.167247,1.161138
A,233495548,-3.0418,6.5218,-9.1219
G,233496275,2.878344,-0.162985,1.536111
TRK,233496,0.02116,-0.19175,0.97560,0.10486,0.9525,3.0647,-0.4060,0.000,0.000,0.000,3,5
A,233498037,-2.8443,6.2130,-9.2656
G,233498774,2.922020,-0.171508,1.896170
A,233500509,-2.7078,5.8574,-9.4846
G,233501269,2.974218,-0.161920,2.232794
A,233502978,-2.6468,5.4696,-9.7863
G,233503748,3.016829,-0.135289,2.543851
A,233505450,-2.6683,5.0494,-10.1418
G,233506243,3.025351,-0.108657,2.836799
A,233507921,-2.8012,4.6040,-10.4758
G,233508722,2.993393,-0.087352,3.120159
A,233510392,-3.0203,4.1084,-10.7524
G,233511232,2.934803,-0.071373,3.400324
A,233512844,-3.3471,3.5662,-10.9642
G,233513727,2.885801,-0.067112,3.677293
A,233515322,-3.7457,2.9521,-11.1510
G,233516212,2.881540,-0.077764,3.945739
A,233517794,-4.2126,2.2877,-11.4060
TRK,233517,0.02504,-0.16237,0.98340,0.07701,0.9525,3.0647,-0.4060,0.000,0.000,0.000,3,5
G,233518731,2.934803,-0.101200,4.196076
A,233520258,-4.7441,1.5586,-11.8154
G,233521227,3.029612,-0.133158,4.420847
A,233522729,-5.3044,0.7937,-12.4151
G,233523726,3.130812,-0.160855,4.613660
A,233525174,-5.8897,-0.0072,-13.1801
G,233526222,3.195793,-0.173638,4.761732
A,233527646,-6.4715,-0.8116,-14.0384
G,233528721,3.197924,-0.148072,4.860802
A,233530093,-7.0066,-1.5838,-14.8859
G,233531217,3.129747,-0.068177,4.903412
A,233532571,-7.4735,-2.3092,-15.6401
G,233533696,2.998719,0.075634,4.895955
A,233535042,-7.8793,-2.9449,-16.2147
G,233536198,2.819755,0.276969,4.842692
A,233537493,-8.2025,-3.4872,-16.5667
G,233538693,2.613094,0.520914,4.757471
TRK,233538,0.02653,-0.10964,0.99259,0.04515,0.9525,3.0647,-0.4060,0.000,0.000,0.000,3,5
A,233539983,-8.4611,-3.9145,-16.6780
G,233541183,2.409628,0.793622,4.654140
A,233542454,-8.5868,-4.2413,-16.5523
G,233543679,2.234925,1.081243,4.546548
A,233544925,-8.5258,-4.4640,-16.2327
G,233546149,2.103897,1.372061,4.438957
A,233547396,-8.2564,-4.6040,-15.7622
G,233548645,2.020807,1.652225,4.328169
A,233549868,-7.7931,-4.6687,-15.2056
G,233551116,1.981392,1.913215,4.206729
A,233552340,-7.1503,-4.6723,-14.6130
G,233553617,1.969674,2.149704,4.083158
A,233554793,-6.3638,-4.6256,-13.9989
G,233556113,1.961152,2.352104,3.960653
A,233557271,-5.4480,-4.5430,-13.4027
G,233558588,1.931324,2.511894,3.847735
A,233559742,-4.4999,-4.4101,-12.7958
G,233561092,1.865278,2.629073,3.729491
A,233562198,-3.5231,-4.2557,-12.1602
G,233563587,1.760882,2.690858,3.605920
TRK,233558,0.00993,-0.06793,0.99735,0.02409,0.9525,3.0647,-0.4060,0.000,0.000,0.000,3,5
A,233564674,-2.6432,-4.0582,-11.4563
G,233566060,1.620267,2.695119,3.480219
A,233567173,-1.8495,-3.8571,-10.6877
G,233568554,1.469000,2.631203,3.364105
A,233569644,-1.1564,-3.6559,-9.8725
G,233571055,1.348625,2.506567,3.252252
A,233572099,-0.5926,-3.4800,-9.0860
G,233573551,1.291101,2.333994,3.144660
A,233574577,-0.1149,-3.3291,-8.4360
G,233576024,1.298557,2.123072,3.043460
A,233577049,0.2334,-3.1963,-7.9906
TRK,233576,-0.01162,-0.03919,0.99912,0.00972,0.9525,3.0647,-0.4060,0.000,0.000,0.000,3,5
STAT,404.9,400.9,0,0,8812,5.8711,254.953,0.4747,0.8360,1.7463,9.8689,3.87,0.000
G,233578527,1.346494,1.888714,2.952913
A,233579508,0.5638,-3.0921,-7.7536
G,233581023,1.396562,1.639442,2.871953
A,233581989,0.7829,-2.9916,-7.6710
G,233583498,1.419997,1.398692,2.796319
A,233584460,0.9373,-2.9090,-7.6423
G,233586012,1.408279,1.179248,2.728142
A,233586931,1.0020,-2.8407,-7.5238
G,233588507,1.385909,0.996022,2.685532
A,233589402,1.0918,-2.8192,-7.2580
G,233591001,1.406149,0.845820,2.696184
A,233591854,1.2749,-2.8659,-6.9133
G,233593497,1.522263,0.728641,2.752643
TRK,233592,-0.02206,-0.01542,0.99963,-0.00328,0.9525,3.0647,-0.4060,0.000,0.000,0.000,3,5
A,233594337,1.5514,-2.9556,-6.6224
G,233595971,1.749164,0.628506,2.812298
A,233596809,1.9106,-3.1029,-6.5326
G,233598475,2.028263,0.539024,2.842125
A,233599272,2.1404,-3.2501,-6.6906
G,233600971,2.263687,0.456998,2.838929
A,233601767,2.3128,-3.4117,-6.9923
G,233603455,2.379801,0.378169,2.828277
A,233604238,2.3308,-3.5733,-7.2616
G,233605970,2.374475,0.298274,2.810167
A,233606713,2.2841,-3.7637,-7.3586
G,233608466,2.309493,0.202400,2.788862
A,233609185,2.4744,-4.0366,-7.4089
G,233610971,2.277535,0.109722,2.745186
A,233611652,2.4349,-4.2413,-7.4879
G,233613467,2.327603,0.071373,2.614159
A,233614123,2.3667,-4.4137,-7.8326
TRK,233608,-0.02476,0.00509,0.99948,-0.02008,0.9525,3.0647,-0.4060,0.000,0.000,0.000,3,5
G,233615961,2.406432,0.109722,2.390453
A,233616581,2.0004,-4.4496,-8.2851
G,233618457,2.393649,0.204531,2.129463
A,233619069,1.3755,-4.3814,-8.6191
G,233620931,2.230664,0.287621,1.945173
A,233621540,0.7326,-4.2916,-8.5437
G,233623429,2.004827,0.334493,1.869539
A,233624001,0.2263,-4.2413,-8.0014
G,233625924,1.900432,0.347276,1.851429
A,233626472,-0.1544,-4.2449,-7.2472
G,233628409,2.049569,0.334493,1.838646
A,233628923,-0.4453,-4.2665,-6.6726
G,233630922,2.434129,0.298274,1.804558
A,233631401,-0.7219,-4.3060,-6.5757
G,233633417,2.895388,0.235423,1.768339
A,233633872,-0.9804,-4.3670,-7.0138
G,233635900,3.246926,0.149137,1.749164
A,233636322,-1.1923,-4.4281,-7.7895
TRK,233632,-0.02717,0.03020,0.99797,-0.04914,0.9525,3.0647,-0.4060,0.000,0.000,0.000,3,5
G,233638406,3.380084,0.074569,1.737446
A,233638796,-1.3647,-4.4927,-8.5832
G,233640902,3.296993,0.037284,1.708684
A,233641267,-1.4473,-4.5286,-9.1219
G,233643387,3.077549,0.035154,1.643703
A,233643721,-1.5874,-4.5071,-9.2692
G,233645904,2.818689,0.008522,1.556351
A,233646207,-1.6915,-4.4604,-9.0609
G,233648400,2.615224,-0.077764,1.472195
A,233648679,-1.7310,-4.3778,-8.6514
G,233650895,2.541721,-0.178964,1.391235
A,233651145,-1.7310,-4.2377,-8.2887
G,233653391,2.604572,-0.247141,1.297492
A,233653616,-1.6484,-4.0474,-8.0876
G,233655866,2.712163,-0.284426,1.197357
A,233656063,-1.6484,-3.7924,-8.0804
G,233658361,2.743056,-0.363255,1.125985
A,233658530,-1.7095,-3.5195,-8.1235
TRK,233655,-0.02656,0.04600,0.99520,-0.08222,0.9525,3.0647,-0.4060,0.000,0.000,0.000,3,5
G,233660878,2.658900,-0.498544,1.123854
A,233661019,-1.8028,-3.2968,-8.0589
G,233663373,2.537460,-0.658333,1.180313
A,233663491,-1.8352,-3.1424,-7.8614
G,233665870,2.495914,-0.788296,1.251686
A,233665961,-1.8352,-3.0311,-7.6315
G,233668365,2.581136,-0.891626,1.291101
A,233668432,-1.8639,-2.9449,-7.5238
G,233670842,2.733469,-1.000283,1.307079
A,233670884,-1.9644,-2.8659,-7.5920
G,233673350,2.857039,-1.143029,1.331581
A,233673366,-2.0973,-2.8192,-7.7967
A,233675838,-2.2302,-2.8156,-8.0445
G,233675845,2.903911,-1.312406,1.380583
TRK,233671,-0.02140,0.05382,0.99308,-0.10219,0.9525,3.0647,-0.4060,0.000,0.000,0.000,3,5
A,233678301,-2.3164,-2.8551,-8.2564
G,233678332,2.886866,-1.475391,1.426389
A,233680794,-2.4493,-2.8946,-8.4432
G,233680849,2.843190,-1.625593,1.447694
A,233683265,-2.5714,-2.9592,-8.5688
G,233683344,2.786732,-1.789644,1.454086
A,233685727,-2.7007,-3.0239,-8.6622
G,233685828,2.726012,-1.982457,1.459412
A,233688212,-2.8012,-3.1137,-8.7664
G,233688336,2.684466,-2.193379,1.457282
A,233690684,-2.8730,-3.2034,-8.9064
G,233690831,2.669553,-2.402171,1.429585
A,233693150,-2.9772,-3.2896,-9.1399
G,233693319,2.666357,-2.607767,1.373126
A,233695647,-3.0203,-3.3758,-9.4559
G,233695836,2.639725,-2.819755,1.299623
A,233698118,-3.0706,-3.4225,-9.8402
G,233698332,2.582201,-2.996588,1.215467
A,233700596,-3.1029,-3.4225,-10.2101
G,233700829,2.478870,-3.130812,1.111071
A,233703067,-3.1963,-3.3758,-10.4722
G,233703324,2.307363,-3.251187,1.000283
TRK,233698,0.00641,0.06840,0.98756,-0.14146,0.9525,3.0647,-0.4060,0.000,0.000,0.000,3,5
A,233705526,-3.3651,-3.3040,-10.5512
G,233705802,2.064482,-3.428021,0.912932
A,233708015,-3.5123,-3.2789,-10.4184
G,233708310,1.821602,-3.655987,0.870321
A,233710486,-3.5877,-3.2789,-10.1742
G,233710805,1.699097,-3.854126,0.852211
A,233712957,-3.5087,-3.3076,-9.9802
G,233713293,1.761947,-3.961718,0.819188
TRK,233714,0.03262,0.07128,0.98431,-0.15807,0.9525,3.0647,-0.4060,0.000,0.000,0.000,3,5
A,233715457,-3.4261,-3.3148,-9.9838
G,233715811,1.965413,-3.987284,0.761664
A,233717929,-3.4261,-3.3148,-10.1993
G,233718307,2.183792,-4.012851,0.695618
A,233720390,-3.4333,-3.3435,-10.5441
G,233720784,2.321211,-4.083158,0.647681
A,233722862,-3.4225,-3.3974,-10.8960
G,233723280,2.371279,-4.151335,0.615723
A,233725323,-3.3507,-3.4656,-11.2336
G,233725757,2.374475,-4.170510,0.567786
A,233727816,-3.3184,-3.4907,-11.5101
G,233728265,2.332929,-4.166249,0.476173
A,233730287,-3.3148,-3.5087,-11.7005
G,233730761,2.200836,-4.255731,0.365386
A,233732753,-3.3399,-3.5159,-11.7400
G,233733241,1.985653,-4.442153,0.283360
A,233735224,-3.2753,-3.5554,-11.7005
TRK,233734,0.07276,0.07045,0.97799,-0.18240,0.9525,3.0647,-0.4060,0.000,0.000,0.000,3,5
G,233735760,1.781122,-4.639226,0.216249
A,233737679,-3.1855,-3.5626,-11.6933
G,233738255,1.678857,-4.762797,0.108657
A,233740166,-3.1568,-3.5123,-11.8585
G,233740754,1.653290,-4.838431,-0.057524
A,233742637,-3.2214,-3.3866,-12.1386
G,233743250,1.598962,-4.921522,-0.217314
A,233745124,-3.3291,-3.2465,-12.4080
G,233745749,1.459412,-5.005678,-0.307861
A,233747596,-3.3902,-3.1065,-12.5121
G,233748244,1.296427,-5.038701,-0.337689
A,233750064,-3.4261,-2.9844,-12.4798
G,233750723,1.218663,-5.001417,-0.352602
A,233752556,-3.5913,-2.8515,-12.4259
G,233753226,1.272991,-4.923652,-0.364320
A,233755027,-3.8714,-2.7222,-12.4475
G,233755722,1.442368,-4.841627,-0.349407
A,233757493,-4.2162,-2.6217,-12.5767
G,233758198,1.693770,-4.744688,-0.282295
TRK,233754,0.12483,0.05909,0.96950,-0.20249,0.9525,3.0647,-0.4060,0.000,0.000,0.000,3,5
A,233759983,-4.5322,-2.5821,-12.8569
G,233760698,2.012284,-4.612595,-0.180030
A,233762455,-4.7800,-2.6037,-13.2878
G,233763193,2.365952,-4.446414,-0.067112
A,233764925,-4.9704,-2.6827,-13.9055
G,233765673,2.697249,-4.277036,0.033023
A,233767397,-5.1607,-2.8084,-14.6597
G,233768176,2.943325,-4.119377,0.113983
A,233769841,-5.3367,-2.9700,-15.4749
G,233770671,3.069026,-3.969175,0.160855
A,233772321,-5.5306,-3.1460,-16.2722
G,233773159,3.071157,-3.818973,0.165116
A,233774814,-5.7533,-3.3112,-16.9797
G,233775660,2.959304,-3.678358,0.116114
A,233777286,-6.0047,-3.4441,-17.5615
TRK,233773,0.15970,0.05400,0.95943,-0.22600,0.9525,3.0647,-0.4060,0.000,0.000,0.000,3,5
G,233778170,2.760100,-3.554787,0.018109
A,233779740,-6.2776,-3.5231,-18.0212
G,233780666,2.504437,-3.446130,-0.123571
A,233782225,-6.5685,-3.5303,-18.4018
G,233783156,2.220011,-3.336408,-0.300405
A,233784696,-6.8522,-3.4620,-18.7251
G,233785652,1.916411,-3.217098,-0.501740
A,233787183,-7.1359,-3.3148,-19.0052
G,233788143,1.589374,-3.081810,-0.715858
A,233789654,-7.4160,-3.0742,-19.2135
G,233790664,1.236772,-2.929477,-0.924649
A,233792121,-7.6746,-2.7581,-19.3140
G,233793160,0.873517,-2.747317,-1.115332
A,233794610,-7.9224,-2.3667,-19.2350
G,233795653,0.528371,-2.527873,-1.271926
A,233797082,-8.1271,-1.9249,-18.9836
G,233798148,0.227967,-2.282862,-1.382713
TRK,233793,0.18865,0.04517,0.94924,-0.24762,0.9525,3.0647,-0.4060,0.000,0.000,0.000,3,5
A,233799560,-8.2780,-1.4617,-18.5922
G,233800629,0.004261,-2.029329,-1.440237
A,233802031,-8.4216,-0.9876,-18.1217
G,233803140,-0.113983,-1.759817,-1.449825
A,233804491,-8.5186,-0.5136,-17.7015
G,233805636,-0.120375,-1.461543,-1.414671
A,233806962,-8.5868,-0.0467,-17.3711
G,233808147,-0.054328,-1.139833,-1.333711
A,233809423,-8.6048,0.4202,-17.1197
G,233810643,0.021305,-0.814927,-1.193096
A,233811914,-8.5222,0.8511,-16.8755
G,233813134,0.059655,-0.506001,-1.001348
A,233814386,-8.3534,1.2354,-16.5595
G,233815644,0.068177,-0.208792,-0.773382
A,233816847,-8.1199,1.5694,-16.1465
G,233818139,0.077764,0.079895,-0.533697
TRK,233817,0.19997,0.02701,0.94647,-0.25193,0.9525,3.0647,-0.4060,0.000,0.000,0.000,3,5
A,233819330,-7.8829,1.8639,-15.6617
G,233820620,0.113983,0.362190,-0.296144
A,233821801,-7.6423,2.1153,-15.1733
G,233823119,0.171508,0.619984,-0.057524
A,233824252,-7.4627,2.3343,-14.6956
G,233825614,0.235423,0.836232,0.182160
A,233826727,-7.2796,2.4960,-14.2862
G,233828086,0.289752,1.005610,0.428236
A,233829223,-7.1611,2.6181,-13.9522
G,233830580,0.329167,1.144094,0.666856
A,233831695,-7.0282,2.7007,-13.6757
TRK,233831,0.19559,0.02942,0.94706,-0.25290,0.9525,3.0647,-0.4060,0.000,0.000,0.000,3,5
G,233833092,0.346211,1.267665,0.895887
A,233834161,-6.9348,2.7438,-13.4710
G,233835587,0.333428,1.375256,1.106810
A,233836632,-6.9420,2.7797,-13.3022
G,233838079,0.278034,1.453021,1.303884
A,233839079,-6.9887,2.7581,-13.1478
G,233840602,0.175769,1.483913,1.493501
A,233841557,-7.1287,2.7150,-12.9790
G,233843097,0.047937,1.488174,1.678857
A,233844029,-7.3047,2.6468,-12.8030
G,233845588,-0.073503,1.495631,1.856756
A,233846477,-7.4699,2.5355,-12.6198
G,233848100,-0.171508,1.519067,2.019741
A,233848947,-7.6351,2.4241,-12.4690
G,233850596,-0.254598,1.541438,2.171009
A,233851419,-7.8219,2.3092,-12.3433
G,233853087,-0.346211,1.552090,2.311624
A,233853870,-8.0194,2.1799,-12.2284
TRK,233854,0.18471,0.05086,0.94933,-0.24913,0.9525,3.0647,-0.4060,0.000,0.000,0.000,3,5
G,233855610,-0.459129,1.552090,2.449043
A,233856352,-8.2205,2.0435,-12.0596
G,233858105,-0.591222,1.540372,2.584332
A,233858839,-8.3677,1.8747,-11.8154
G,233860581,-0.726510,1.508414,2.724946
A,233861311,-8.4575,1.6700,-11.5281
G,233863093,-0.841559,1.451955,2.850647
A,233863784,-8.4898,1.4545,-11.2695
G,233865589,-0.929976,1.369930,2.937999
A,233866276,-8.4791,1.2246,-11.1079
G,233868068,-1.015197,1.268730,2.977414
A,233868747,-8.4719,0.9948,-11.0792
TRK,233868,0.17985,0.07183,0.95144,-0.23930,0.9525,3.0647,-0.4060,0.000,0.000,0.000,3,5
G,233870571,-1.138768,1.156877,2.980610
A,233871212,-8.4683,0.7865,-11.1546
G,233873066,-1.336907,1.039698,2.960370
A,233873684,-8.5186,0.6033,-11.2551
G,233875569,-1.612810,0.918258,2.919889
A,233876150,-8.6371,0.4669,-11.2767
G,233878064,-1.945173,0.796818,2.869822
A,233878621,-8.8490,0.3879,-11.1294
G,233880547,-2.289253,0.670051,2.827212
A,233881069,-9.1183,0.3555,-10.7524
G,233883051,-2.577940,0.534763,2.817624
A,233883538,-9.3984,0.3412,-10.2244
G,233885574,-2.743056,0.392017,2.842125
A,233886027,-9.6642,0.3448,-9.6822
G,233888069,-2.747317,0.250337,2.893258
A,233888518,-9.9156,0.3519,-9.3230
G,233890543,-2.623746,0.115049,2.961435
A,233890989,-10.2280,0.3555,-9.2727
G,233893056,-2.455435,-0.018109,3.046656
A,233893469,-10.5333,0.3412,-9.4918
G,233895551,-2.324407,-0.135289,3.158509
A,233895941,-10.8816,0.3017,-9.8761
TRK,233891,0.18242,0.09990,0.95528,-0.21018,0.9525,3.0647,-0.4060,0.000,0.000,0.000,3,5
G,233898044,-2.269013,-0.223706,3.288471
A,233898401,-11.1869,0.2406,-10.2388
G,233900540,-2.277535,-0.280165,3.415237
A,233900894,-11.4563,0.1796,-10.4830
G,233903013,-2.309493,-0.322775,3.520699
A,233903365,-11.6107,0.1185,-10.6051
G,233905517,-2.332929,-0.365386,3.605920
A,233905838,-11.7184,0.1221,-10.6769
G,233908012,-2.340386,-0.411192,3.667705
A,233908309,-11.7328,0.1796,-10.7703
G,233910496,-2.369148,-0.458064,3.712446
A,233910763,-11.6358,0.3196,-10.8637
G,233913010,-2.461826,-0.493217,3.751861
A,233913247,-11.4814,0.5423,-10.8709
TRK,233914,0.19632,0.13107,0.95530,-0.17801,0.9525,3.0647,-0.4060,0.000,0.000,0.000,3,5
G,233915528,-2.649313,-0.531567,3.812581
A,233915737,-11.1977,0.8152,-10.6698
G,233918024,-2.900715,-0.594418,3.904194
A,233918208,-10.8565,1.1241,-10.2029
G,233920527,-3.144660,-0.698813,4.023503
A,233920684,-10.4615,1.4509,-9.5205
G,233923023,-3.293797,-0.829841,4.163053
A,233923155,-10.0880,1.7957,-8.7843
G,233925506,-3.309776,-0.968325,4.317516
A,233925612,-9.7755,2.1476,-8.1271
G,233928012,-3.213902,-1.100418,4.495416
A,233928091,-9.5313,2.4924,-7.6674
G,233930535,-3.073288,-1.228250,4.707404
A,233930589,-9.3589,2.8156,-7.4232
G,233933031,-2.950782,-1.360343,4.965198
A,233933061,-9.2476,3.0885,-7.3047
TRK,233931,0.21650,0.16405,0.95198,-0.14123,0.9525,3.0647,-0.4060,0.000,0.000,0.000,3,5
G,233935505,-2.873018,-1.505219,5.261341
A,233935510,-9.1937,3.2825,-7.2185
A,233937999,-9.2009,3.3902,-7.1000
G,233938018,-2.829342,-1.667139,5.584116
A,233940471,-9.2871,3.4117,-6.9528
G,233940514,-2.768622,-1.846103,5.919674
A,233942941,-9.4236,3.3507,-6.8809
G,233943007,-2.642921,-2.031459,6.249906
A,233945413,-9.6426,3.2286,-7.0318
G,233945503,-2.435194,-2.208293,6.558833
A,233947864,-9.9012,3.0454,-7.4627
G,233947977,-2.191249,-2.378736,6.837932
A,233950334,-10.2208,2.8228,-8.1738
G,233950469,-1.989914,-2.542786,7.089334
A,233952828,-10.5297,2.5714,-8.9639
G,233952983,-1.896170,-2.692988,7.325823
A,233955299,-10.8673,2.2913,-9.7001
G,233955479,-1.928128,-2.812298,7.546333
TRK,233951,0.24413,0.20783,0.94067,-0.11113,0.9525,3.0647,-0.4060,0.000,0.000,0.000,3,5
A,233957773,-11.2013,2.0004,-10.2173
G,233957973,-2.050634,-2.918824,7.754059
A,233960244,-11.5424,1.6879,-10.5512
G,233960468,-2.181661,-3.021090,7.944742
A,233962699,-11.9088,1.3898,-10.8062
G,233962943,-2.238121,-3.108441,8.121575
A,233965171,-12.1997,1.0702,-11.0935
G,233965439,-2.182727,-3.131877,8.289887
A,233967627,-12.5013,0.7793,-11.5281
G,233967914,-2.059156,-3.105246,8.446481
A,233970114,-12.7383,0.4848,-12.0560
G,233970419,-1.943042,-3.048787,8.594553
A,233972586,-12.9215,0.2011,-12.5839
G,233972935,-1.888714,-2.974218,8.729841
A,233975034,-12.9359,-0.0826,-12.9969
G,233975430,-1.899366,-2.861300,8.855542
TRK,233975,0.29400,0.29149,0.90762,-0.06950,0.9525,3.0647,-0.4060,0.000,0.000,0.000,3,5
A,233977513,-12.7743,-0.3519,-13.2232
G,233977926,-1.946238,-2.717489,8.964200
A,233979984,-12.4223,-0.5997,-13.2878
G,233980421,-1.986718,-2.564091,9.036638
A,233982445,-11.9914,-0.8080,-13.2304
G,233982897,-2.002697,-2.419215,9.060074
A,233984916,-11.4886,-0.9876,-13.1011
G,233985410,-2.006958,-2.303102,9.048356
A,233987365,-10.9427,-1.1600,-12.9574
G,233987906,-2.017611,-2.246643,9.018529
A,233989838,-10.4004,-1.3324,-12.8676
G,233990391,-2.034655,-2.265817,8.968461
A,233992309,-9.8581,-1.5155,-12.9287
G,233992907,-2.047438,-2.343582,8.869391
A,233994763,-9.4379,-1.6592,-13.2160
G,233995403,-2.067678,-2.437325,8.705340
TRK,233995,0.32674,0.36336,0.87190,-0.03174,0.9525,3.0647,-0.4060,0.000,0.000,0.000,3,5
A,233997247,-9.1075,-1.7633,-13.6900
G,233997899,-2.141181,-2.518285,8.492288
A,233999719,-8.8957,-1.8136,-14.2108
G,234000394,-2.311624,-2.582201,8.260060
A,234002181,-8.7736,-1.8064,-14.6346
G,234002867,-2.589658,-2.641856,8.032093
A,234004677,-8.7448,-1.7597,-14.8321
G,234005373,-2.926281,-2.706837,7.815845
A,234007148,-8.8921,-1.6233,-14.8357
G,234007869,-3.237338,-2.771818,7.613444
A,234009625,-9.0609,-1.4365,-14.6130
G,234010355,-3.445065,-2.816559,7.435545
A,234012097,-8.9244,-1.2354,-14.2718
G,234012872,-3.514307,-2.817624,7.322627
A,234014554,-8.2420,-1.0594,-13.9773
G,234015367,-3.445065,-2.756904,7.271494
TRK,234015,0.36250,0.41881,0.83253,0.00930,0.9525,3.0647,-0.4060,0.000,0.000,0.000,3,5
A,234017043,-7.0318,-0.8835,-13.9594
G,234017864,-3.286340,-2.639725,7.216101
A,234019515,-5.7533,-0.6249,-14.3401
G,234020359,-3.171292,-2.504437,7.069094
A,234021980,-4.8052,-0.2693,-14.8716
G,234022833,-3.283145,-2.418150,6.878412
A,234024452,-4.3383,0.1185,-15.0655
G,234025340,-3.692206,-2.419215,6.787864
A,234026903,-4.0510,0.3735,-14.5125
G,234027835,-4.220577,-2.496980,6.896522
A,234029374,-3.5303,0.3879,-13.3417
G,234030342,-4.508199,-2.597115,7.131945
A,234031826,-2.8192,0.2119,-12.2356
G,234032838,-4.274906,-2.649313,7.304518
A,234034310,-2.1009,-0.0251,-12.0021
G,234035325,-3.569701,-2.606702,7.292800
A,234036781,-1.6520,-0.2191,-12.9897
TRK,234036,0.39758,0.46239,0.79062,0.05518,0.9525,3.0647,-0.4060,0.000,0.000,0.000,3,5
G,234037842,-2.772883,-2.462891,7.121292
A,234039245,-1.4653,-0.3484,-14.8177
G,234040338,-2.351039,-2.256230,6.931675
A,234041737,-1.3683,-0.4776,-16.6744
G,234042832,-2.540656,-2.034655,6.823018
A,234044209,-1.1708,-0.6536,-17.7805
G,234045328,-3.210707,-1.815210,6.784668
A,234046685,-0.9050,-0.8619,-17.8631
G,234047805,-3.980893,-1.571265,6.740993
A,234049156,-0.6859,-1.0343,-17.1557
G,234050301,-4.485828,-1.279383,6.640858
A,234051633,-0.6608,-1.1313,-16.1860
G,234052778,-4.564658,-0.937433,6.508765
A,234054104,-0.8224,-1.1672,-15.3887
G,234055277,-4.289820,-0.574178,6.413957
A,234056552,-1.0415,-1.2282,-14.9829
TRK,234052,0.41976,0.49680,0.75365,0.09483,0.9525,3.0647,-0.4060,0.000,0.000,0.000,3,5
G,234057795,-3.834952,-0.200270,6.403304
A,234059021,-1.2067,-1.3719,-14.9578
G,234060291,-3.341734,0.205596,6.472546
A,234061509,-1.2175,-1.6376,-15.1876
G,234062778,-2.877279,0.666856,6.557767
A,234063981,-1.0953,-2.0004,-15.5683
G,234065287,-2.466087,1.192031,6.604639
A,234066441,-0.9122,-2.4062,-15.9921
G,234067782,-2.129463,1.749164,6.585464
A,234068932,-0.7111,-2.8407,-16.3727
G,234070270,-1.899366,2.292449,6.498113
A,234071404,-0.5207,-3.2896,-16.6277
G,234072775,-1.786448,2.781405,6.357498
A,234073862,-0.3089,-3.7385,-16.7067
G,234075271,-1.770469,3.200054,6.152967
A,234076345,-0.0431,-4.1839,-16.6457
G,234077749,-1.814145,3.553722,5.877063
A,234078816,0.2514,-4.5897,-16.5056
TRK,234074,0.41629,0.53490,0.71866,0.15526,0.9525,3.0647,-0.4060,0.000,0.000,0.000,3,5
G,234080258,-1.889779,3.842408,5.501026
A,234081279,0.5531,-4.9237,-16.4158
G,234082754,-1.997371,4.068244,5.016330
A,234083751,0.7003,-5.1535,-16.4518
G,234085243,-2.177400,4.225904,4.436826
A,234086196,0.7003,-5.2756,-16.6026
G,234087762,-2.473544,4.317516,3.800863
A,234088672,0.5028,-5.2864,-16.7857
G,234090257,-2.897519,4.368649,3.147856
A,234091143,0.1724,-5.1894,-16.8612
TRK,234090,0.39771,0.54736,0.70934,0.19764,0.9525,3.0647,-0.4060,0.000,0.000,0.000,3,5
G,234092756,-3.405650,4.426173,2.500176
A,234093600,-0.1580,-4.9883,-16.7103
G,234095251,-3.932956,4.513525,1.866343
A,234096071,-0.5207,-4.6759,-16.3081
G,234097750,-4.415521,4.620052,1.251686
A,234098530,-0.8835,-4.2593,-15.6868
G,234100246,-4.801147,4.722317,0.664725
A,234101019,-1.2641,-3.7529,-14.9470
G,234102725,-5.054680,4.825648,0.118244
A,234103491,-1.6592,-3.1711,-14.2216
G,234105222,-5.175055,4.951349,-0.366451
A,234105949,-2.0004,-2.5355,-13.5967
G,234107742,-5.201686,5.106878,-0.781904
A,234108430,-2.2913,-1.8783,-13.0616
G,234110237,-5.188903,5.275189,-1.128115
A,234110913,-2.4565,-1.2282,-12.5983
G,234112709,-5.177185,5.441370,-1.418932
A,234113384,-2.6217,-0.5782,-12.1494
TRK,234109,0.38779,0.52163,0.71469,0.25834,0.9525,3.0647,-0.4060,0.000,0.000,0.000,3,5
G,234115198,-5.166533,5.605422,-1.673530
A,234115837,-2.7473,0.0467,-11.6897
G,234117694,-5.140966,5.764145,-1.895105
A,234118320,-2.8623,0.6680,-11.2300
G,234120164,-5.096225,5.911152,-2.073004
A,234120791,-2.9556,1.2749,-10.8170
G,234122665,-5.052549,6.023005,-2.201901
A,234123255,-3.0275,1.8567,-10.4686
G,234125160,-5.035505,6.096508,-2.304167
A,234125750,-3.1029,2.4062,-10.1957
G,234127641,-5.064267,6.133792,-2.401106
A,234128221,-3.2178,2.9090,-10.0054
G,234130152,-5.145227,6.154032,-2.501241
A,234130697,-3.4010,3.3974,-9.8509
G,234132647,-5.283711,6.178533,-2.598180
A,234133168,-3.6524,3.8607,-9.6822
G,234135138,-5.480785,6.211556,-2.682336
A,234135625,-3.9576,4.3203,-9.4451
G,234137648,-5.724730,6.241384,-2.750513
A,234138101,-4.3634,4.7872,-9.0896
G,234140143,-5.989981,6.256298,-2.784601
A,234140572,-4.8088,5.2361,-8.6191
TRK,234135,0.37387,0.45526,0.73725,0.33081,0.9525,3.0647,-0.4060,0.000,0.000,0.000,3,5
G,234142624,-6.237123,6.261624,-2.778210
A,234143020,-5.3546,5.6850,-8.0804
G,234145136,-6.428870,6.268015,-2.726012
A,234145500,-5.9436,6.1124,-7.5094
G,234147632,-6.546050,6.281864,-2.621616
A,234147972,-6.5793,6.5218,-6.9707
G,234150123,-6.593987,6.303169,-2.469283
A,234150432,-7.2580,6.8953,-6.4679
TRK,234151,0.36646,0.40618,0.74674,0.37830,0.9525,3.0647,-0.4060,0.000,0.000,0.000,3,5
G,234152644,-6.586529,6.328735,-2.263687
A,234152923,-7.9296,7.2365,-6.0190
G,234155140,-6.530070,6.374542,-2.020807
A,234155395,-8.6048,7.5166,-5.5988
G,234157641,-6.433131,6.441653,-1.747033
A,234157867,-9.2296,7.7500,-5.1966
G,234160136,-6.303169,6.517287,-1.450890
A,234160338,-9.8258,7.9152,-4.8518
G,234162638,-6.152967,6.581203,-1.140898
A,234162811,-10.4112,8.0158,-4.5645
G,234165158,-5.998504,6.622748,-0.822384
A,234165304,-10.9247,8.0445,-4.3383
G,234167653,-5.866411,6.646184,-0.514523
A,234167775,-11.4096,8.0086,-4.1480
G,234170144,-5.766276,6.665359,-0.222640
A,234170240,-11.7687,7.9080,-3.9648
G,234172652,-5.709817,6.684534,0.039415
A,234172721,-11.9950,7.7644,-3.7278
G,234175148,-5.702360,6.680273,0.259925
A,234175193,-12.0057,7.5597,-3.5123
G,234177629,-5.750297,6.654706,0.422910
A,234177649,-11.6753,7.2939,-3.4836
TRK,234174,0.33856,0.33506,0.74866,0.46111,0.9525,3.0647,-0.4060,0.000,0.000,0.000,3,5
A,234180136,-11.6681,7.2580,-3.8678
G,234180140,-5.852562,6.683468,0.483630
A,234182607,-11.9483,7.3801,-4.2018
G,234182635,-6.102900,6.834736,0.429302
A,234185075,-12.5480,7.7033,-3.8714
G,234185127,-6.656837,7.072290,0.419714
A,234187546,-13.2699,8.0876,-2.0865
G,234187622,-7.498396,7.291735,0.660464
A,234189995,-13.4279,8.2887,1.2282
G,234190094,-8.241950,7.429153,1.226119
TRK,234190,0.31331,0.29656,0.73986,0.51623,0.9525,3.0647,-0.4060,0.000,0.000,0.000,3,5
A,234192475,-12.9933,8.3067,5.1858
G,234192596,-8.310127,7.486678,1.935585
A,234194947,-12.2463,8.2097,8.3606
G,234195091,-7.392935,7.489874,2.565157
A,234197408,-11.3880,8.0337,9.7001
G,234197573,-5.726861,7.431284,3.027481
A,234199899,-10.6195,7.7536,9.0932
G,234200086,-3.974501,7.285343,3.364105
A,234202371,-9.8617,7.3155,7.2472
G,234202581,-2.822950,7.006244,3.634682
A,234204833,-9.0716,6.6906,5.3079
G,234205063,-2.605637,6.581203,3.838147
A,234207304,-8.2851,5.9436,4.1300
G,234207559,-3.198989,6.048571,3.902063
A,234209758,-7.6602,5.2002,4.0618
G,234210031,-4.182228,5.456285,3.772101
TRK,234210,0.25909,0.26858,0.72461,0.57938,0.9525,3.0647,-0.4060,0.000,0.000,0.000,3,5
A,234212243,-7.2544,4.5717,4.8518
G,234212535,-5.123922,4.826713,3.453587
A,234214714,-7.1898,4.1264,6.0334
G,234215030,-5.759884,4.154531,3.015763
A,234217180,-7.2939,3.8499,7.0282
G,234217513,-6.047506,3.433347,2.547047
A,234219676,-7.6818,3.7601,7.5381
G,234220027,-6.101834,2.686597,2.110289
A,234222147,-8.0876,3.7529,7.5130
G,234222523,-6.090116,1.954760,1.740642
A,234224614,-8.6550,3.8642,7.1575
G,234225005,-6.145510,1.290035,1.454086
A,234227101,-9.2009,3.9899,6.8414
G,234227509,-6.306365,0.727576,1.263404
A,234229594,-9.7145,4.1336,6.8414
G,234230017,-6.508765,0.266316,1.181378
A,234232065,-10.1454,4.2772,7.2580
G,234232513,-6.607835,-0.086286,1.203749
A,234234523,-10.4112,4.3886,7.9799
G,234234986,-6.464024,-0.343015,1.318797
TRK,234235,0.24772,0.25249,0.67729,0.64510,0.9525,3.0647,-0.4060,0.000,0.000,0.000,3,5
A,234237013,-10.5333,4.4963,8.7233
G,234237491,-6.012352,-0.516653,1.497762
A,234239484,-10.5117,4.5753,9.2009
G,234239986,-5.306082,-0.643420,1.718271
A,234241947,-10.3394,4.6184,9.2763
G,234242463,-4.487959,-0.743555,1.962217
A,234244437,-10.0628,4.6148,8.9890
G,234244967,-3.731621,-0.841559,2.212554
A,234246908,-9.6498,4.5394,8.5437
G,234247462,-3.157444,-0.955542,2.453304
A,234249370,-9.1399,4.4281,8.1415
G,234249937,-2.796319,-1.095092,2.659965
TRK,234250,0.24970,0.25871,0.65096,0.66856,0.9525,3.0647,-0.4060,0.000,0.000,0.000,3,5
A,234251862,-8.5617,4.2880,7.9260
G,234252442,-2.593919,-1.269795,2.804841
A,234254334,-7.9655,4.1623,7.8901
G,234254937,-2.473544,-1.480717,2.878344
A,234256807,-7.3909,4.0869,7.9727
G,234257422,-2.378736,-1.733185,2.883671
A,234259278,-6.8630,4.0654,8.0948
G,234259938,-2.288188,-2.014415,2.841060
A,234261733,-6.3279,4.1084,8.1630
G,234262433,-2.207228,-2.318015,2.765426
A,234264205,-5.8215,4.2162,8.2061
G,234264915,-2.157160,-2.638660,2.669553
A,234266676,-5.2613,4.3922,8.1989
G,234267411,-2.156095,-2.968892,2.572613
A,234269142,-4.7333,4.6256,8.2277
G,234269887,-2.193379,-3.291667,2.489523
TRK,234270,0.25175,0.28524,0.62248,0.68394,0.9525,3.0647,-0.4060,0.000,0.000,0.000,3,5
A,234271639,-4.1911,4.8914,8.3139
G,234272393,-2.234925,-3.593137,2.440521
A,234274111,-3.7350,5.2074,8.4719
G,234274888,-2.220011,-3.850931,2.424542
A,234276588,-3.3184,5.5234,8.6874
G,234277374,-2.101767,-4.057592,2.455435
A,234279060,-2.9269,5.8251,8.9028
G,234279880,-1.857821,-4.214186,2.548112
A,234281508,-2.5031,6.0801,9.0501
G,234282375,-1.487109,-4.332430,2.710033
A,234283977,-2.0147,6.2525,9.0070
G,234284852,-1.013066,-4.420847,2.918824
A,234286449,-1.4832,6.3386,8.6910
G,234287359,-0.484695,-4.489024,3.143595
A,234288900,-1.0020,6.3422,8.0589
G,234289854,0.008522,-4.572115,3.366235
TRK,234289,0.26282,0.32688,0.59351,0.68689,0.9525,3.0647,-0.4060,0.000,0.000,0.000,3,5
A,234291381,-0.5997,6.2704,7.1934
G,234292341,0.390952,-4.695685,3.580353
A,234293853,-0.3196,6.1088,6.1914
G,234294858,0.648746,-4.859736,3.774232
A,234296316,-0.0251,5.8790,5.1715
G,234297353,0.840494,-5.002482,3.925499
A,234298787,0.2334,5.6348,4.1551
G,234299850,1.035437,-5.037635,4.002198
A,234301231,0.6069,5.4193,3.1568
G,234302366,1.245294,-4.932174,3.995807
A,234303695,1.0163,5.2864,2.2194
G,234304861,1.406149,-4.745753,3.928695
A,234306181,1.4329,5.2289,1.4329
G,234307348,1.442368,-4.598746,3.840278
A,234308652,1.9106,5.2218,0.8871
G,234309865,1.346494,-4.549745,3.762514
A,234311119,2.3379,5.2289,0.5890
G,234312360,1.202684,-4.578506,3.686880
A,234313590,2.7581,5.2218,0.4381
G,234314857,1.110005,-4.647748,3.597398
A,234316038,3.0490,5.2182,0.2227
TRK,234315,0.26059,0.39840,0.56967,0.66996,0.9525,3.0647,-0.4060,0.000,0.000,0.000,3,5
G,234317370,1.123854,-4.721252,3.474892
A,234318504,3.2465,5.2038,-0.1975
G,234319866,1.217597,-4.778776,3.333212
A,234320994,3.3040,5.2038,-0.9050
G,234322353,1.313471,-4.805408,3.183010
A,234323465,3.3291,5.1966,-1.7921
G,234324870,1.332646,-4.805408,3.043460
A,234325936,3.3471,5.1930,-2.7581
G,234327365,1.235707,-4.800082,2.907106
A,234328428,3.3363,5.2002,-3.6488
G,234329852,1.045024,-4.791559,2.766492
A,234330899,3.2825,5.2182,-4.4317
G,234332359,0.814927,-4.780907,2.612028
A,234333361,3.1137,5.2756,-5.0925
G,234334855,0.601874,-4.744688,2.444782
TRK,234334,0.26347,0.44939,0.55184,0.65123,0.9525,3.0647,-0.4060,0.000,0.000,0.000,3,5
A,234335854,2.8479,5.3762,-5.6778
G,234337341,0.438889,-4.667989,2.288188
A,234338325,2.4995,5.4875,-6.2237
G,234339857,0.336624,-4.541222,2.157160
A,234340797,2.1404,5.6348,-6.7516
G,234342352,0.299339,-4.339887,2.059156
A,234343268,1.8495,5.7928,-7.2868
G,234344849,0.327036,-4.035222,1.983522
A,234345723,1.6735,5.9975,-7.8075
G,234347345,0.401605,-3.606985,1.917476
A,234348208,1.6664,6.2489,-8.2780
G,234349822,0.474043,-3.098854,1.869539
A,234350680,1.8639,6.5505,-8.6155
G,234352329,0.491087,-2.568352,1.850364
A,234353146,2.2374,6.8845,-8.7664
G,234354825,0.434628,-2.066613,1.856756
A,234355617,2.7761,7.2185,-8.6838
TRK,234350,0.26903,0.47798,0.53853,0.63964,0.9525,3.0647,-0.4060,0.000,0.000,0.000,3,5
G,234357312,0.330232,-1.607484,1.875931
A,234358065,3.3938,7.5669,-8.4108
G,234359818,0.219444,-1.197357,1.890844
A,234360531,4.0223,7.9260,-8.0194
G,234362313,0.126766,-0.834102,1.901497
A,234363021,4.6076,8.2887,-7.5884
G,234364791,0.057524,-0.519849,1.916411
A,234365492,5.1571,8.6407,-7.1718
G,234367286,0.006392,-0.239684,1.945173
A,234367949,5.6778,8.9675,-6.8163
G,234369804,-0.036219,0.012783,1.980326
A,234370430,6.1591,9.2512,-6.5613
G,234372300,-0.088417,0.237554,2.003762
A,234372901,6.5757,9.5026,-6.4069
G,234374798,-0.173638,0.432497,2.009089
A,234375363,6.9133,9.7288,-6.3171
G,234377293,-0.298274,0.621049,2.000566
TRK,234372,0.26062,0.49683,0.52635,0.63890,0.9525,3.0647,-0.4060,0.000,0.000,0.000,3,5
A,234377856,7.1790,9.9407,-6.2273
G,234379771,-0.451672,0.822384,1.987783
A,234380327,7.4196,10.1347,-6.0657
G,234382268,-0.614658,1.027980,1.964347
A,234382789,7.6495,10.3250,-5.8430
G,234384764,-0.780839,1.200553,1.922802
A,234385273,7.8290,10.5010,-5.6132
G,234387232,-0.952346,1.314536,1.862082
A,234387744,7.9260,10.6698,-5.4265
G,234389721,-1.136637,1.377387,1.794970
A,234390199,7.9009,10.8170,-5.3079
TRK,234390,0.24838,0.49872,0.51660,0.65016,0.9525,3.0647,-0.4060,0.000,0.000,0.000,3,5
G,234392231,-1.343298,1.409345,1.732120
A,234392675,7.7500,10.9391,-5.2648
G,234394726,-1.571265,1.435976,1.678857
A,234395146,7.4627,11.0325,-5.2541
G,234397215,-1.814145,1.466869,1.639442
A,234397603,7.0569,11.0899,-5.2541
G,234399711,-2.052764,1.509480,1.620267
A,234400091,6.5541,11.1259,-5.2433
G,234402181,-2.269013,1.571265,1.625593
A,234402562,5.9652,11.1402,-5.2146
G,234404673,-2.439456,1.654356,1.653290
A,234405023,5.3295,11.1259,-5.2074
G,234407183,-2.554504,1.761947,1.702292
A,234407502,4.6723,11.0971,-5.2218
G,234409695,-2.617355,1.899366,1.773665
A,234409984,4.0079,11.0468,-5.2900
G,234412191,-2.651443,2.073004,1.870604
A,234412455,3.4333,10.9678,-5.3941
G,234414671,-2.682336,2.280731,1.986718
A,234414906,2.9018,10.8816,-5.4947
TRK,234415,0.23727,0.48872,0.49292,0.67962,0.9525,3.0647,-0.4060,0.000,0.000,0.000,3,5
G,234417181,-2.728142,2.516155,2.115615
A,234417388,2.4708,10.7703,-5.5701
G,234419677,-2.793123,2.772883,2.244512
A,234419859,2.0901,10.6590,-5.5629
G,234422158,-2.878344,3.038134,2.374475
A,234422313,1.7705,10.5441,-5.4300
G,234424666,-2.972087,3.299124,2.509763
A,234424793,1.5371,10.4220,-5.1822
G,234427161,-3.054113,3.545200,2.640790
A,234427265,1.3719,10.2999,-4.8411
G,234429642,-3.107376,3.777427,2.752643
A,234429719,1.2929,10.1778,-4.4927
TRK,234430,0.22400,0.47607,0.47446,0.70574,0.9525,3.0647,-0.4060,0.000,0.000,0.000,3,5
G,234432153,-3.141464,3.992611,2.839995
A,234432205,1.2641,10.0628,-4.1911
G,234434648,-3.189401,4.183293,2.909237
A,234434676,1.2677,9.9659,-3.9540
G,234437139,-3.291667,4.338822,2.968892
A,234437142,1.2785,9.8797,-3.7637
A,234439614,1.2965,9.8007,-3.5446
G,234439635,-3.459979,4.461327,3.018959
A,234442061,1.3108,9.7432,-3.2645
G,234442106,-3.680488,4.565723,3.058374
A,234444529,1.3288,9.6893,-2.8874
G,234444597,-3.927630,4.660532,3.094593
A,234447000,1.3467,9.6570,-2.4134
G,234447092,-4.172640,4.742557,3.134008
A,234449460,1.3324,9.6247,-1.8890
G,234449575,-4.397411,4.806473,3.187271
A,234451951,1.2821,9.5888,-1.3360
G,234452087,-4.589159,4.846953,3.255448
A,234454447,1.2031,9.5313,-0.7793
G,234454605,-4.747883,4.868258,3.350256
A,234456919,1.1133,9.4344,-0.2406
G,234457100,-4.867193,4.876781,3.472762
TRK,234453,0.19566,0.44588,0.43843,0.75544,0.9525,3.0647,-0.4060,0.000,0.000,0.000,3,5
A,234459380,1.0558,9.2835,0.2047
G,234459582,-4.941761,4.871454,3.619768
A,234461873,1.0163,9.1004,0.4561
G,234462094,-4.967328,4.877846,3.768905
A,234464344,1.0379,8.8957,0.5243
G,234464590,-4.969459,4.932174,3.907390
A,234466817,1.1133,8.6874,0.4633
G,234467082,-5.009939,5.069593,4.035222
A,234469288,1.1779,8.4827,0.4812
G,234469578,-5.168663,5.252819,4.176901
A,234471762,1.2246,8.2492,0.8332
G,234472070,-5.462676,5.409413,4.351605
TRK,234472,0.16676,0.41351,0.39202,0.80469,0.9525,3.0647,-0.4060,0.000,0.000,0.000,3,5
A,234474256,1.2246,7.9799,1.6161
G,234474581,-5.804626,5.513809,4.569984
A,234476727,1.2462,7.6495,2.7761
G,234477076,-6.029396,5.604356,4.824583
A,234479192,1.3252,7.2760,4.0474
G,234479559,-5.995307,5.739644,5.093029
A,234481664,1.4796,6.8666,5.1104
G,234482072,-5.689577,5.904760,5.345497
A,234484110,1.6987,6.4105,5.7281
G,234484567,-5.234709,6.060289,5.568137
A,234486587,1.9429,5.9149,5.9077
G,234487059,-4.809669,6.172142,5.770537
A,234489058,2.1907,5.3618,5.8502
G,234489554,-4.554006,6.244579,5.947371
A,234491517,2.5283,4.7262,5.8000
G,234492027,-4.512460,6.278668,6.089051
A,234493988,2.8623,4.0618,5.9795
G,234494522,-4.630704,6.282929,6.175337
TRK,234488,0.12875,0.38062,0.34200,0.84946,0.9525,3.0647,-0.4060,0.000,0.000,0.000,3,5
A,234496448,3.2645,3.3686,6.4141
G,234496996,-4.801147,6.256298,6.197708
A,234498940,3.6595,2.6863,7.0066
G,234499500,-4.928978,6.209426,6.154032
A,234501411,4.0366,2.0363,7.5489
G,234501995,-4.984372,6.134857,6.043244
A,234503882,4.4173,1.4293,7.9296
G,234504479,-5.003547,6.048571,5.879194
A,234506371,4.7190,0.8978,8.1487
G,234506980,-5.071724,5.943110,5.675728
A,234508843,4.9668,0.4058,8.3426
G,234509476,-5.262406,5.814213,5.452024
A,234511306,5.2074,-0.0467,8.6622
G,234511950,-5.573463,5.644835,5.243231
A,234513777,5.3439,-0.4669,9.2225
G,234514446,-5.915413,5.474394,5.058941
A,234516241,5.4947,-0.8942,9.8976
G,234516921,-6.183859,5.319931,4.905543
TRK,234517,0.06073,0.32656,0.25956,0.90681,0.9525,3.0647,-0.4060,0.000,0.000,0.000,3,5
A,234518736,5.5414,-1.2929,10.6015
G,234519426,-6.314887,5.210208,4.769189
A,234521208,5.3905,-1.6484,11.1797
G,234521938,-6.320213,5.136705,4.650945
A,234523660,5.0996,-1.9968,11.6897
G,234524434,-6.240318,5.110074,4.580637
A,234526147,4.6543,-2.3415,12.2104
G,234526929,-6.106095,5.126052,4.595551
A,234528619,4.2090,-2.7509,12.8353
G,234529444,-5.888781,5.179316,4.707404
A,234531075,3.8786,-3.2394,13.5177
G,234531939,-5.520200,5.277320,4.881042
A,234533554,3.6164,-3.7888,14.0312
G,234534425,-4.967328,5.419000,5.054680
A,234536025,3.3974,-4.3742,14.2395
TRK,234535,0.02832,0.29177,0.20115,0.93467,0.9525,3.0647,-0.4060,0.000,0.000,0.000,3,5
G,234536940,-4.297276,5.587312,5.195294
A,234538484,3.1963,-4.9919,14.1497
G,234539435,-3.650661,5.762015,5.311409
A,234540973,3.0275,-5.6383,13.9271
G,234541929,-3.144660,5.930326,5.421131
A,234543445,2.8874,-6.3351,13.7834
G,234544425,-2.786732,6.084790,5.514874
A,234545916,2.8156,-7.0605,13.8588
G,234546900,-2.501241,6.227535,5.550028
A,234548387,2.8012,-7.8075,14.1390
G,234549406,-2.199771,6.357498,5.508482
A,234550839,2.7653,-8.5258,14.5627
G,234551902,-1.847168,6.466155,5.391303
TRK,234551,-0.01863,0.25012,0.16450,0.95396,0.9525,3.0647,-0.4060,0.000,0.000,0.000,3,5
A,234553322,2.7653,-9.2225,15.0763
G,234554387,-1.445564,6.508765,5.207013
A,234555794,2.7940,-9.9300,15.5647
G,234556904,-1.012001,6.410761,4.951349
A,234558258,2.7940,-10.6267,15.7838
G,234559399,-0.533697,6.155097,4.593420
A,234560739,2.6971,-11.2659,15.4749
G,234561882,-0.018109,5.812082,4.086354
A,234563211,2.4062,-11.7723,14.4442
G,234564388,0.435693,5.487177,3.408846
A,234565667,1.8783,-12.0237,12.8389
G,234566884,0.618919,5.232579,2.622681
A,234568153,1.2318,-12.0776,11.2085
G,234569370,0.341950,4.998221,1.829059
A,234570624,0.6393,-11.9519,10.1347
TRK,234570,-0.05771,0.20682,0.15286,0.96464,0.9525,3.0647,-0.4060,0.000,0.000,0.000,3,5
G,234571886,-0.374973,4.754275,1.101483
A,234573092,0.2298,-11.7076,10.0772
G,234574382,-1.279383,4.513525,0.445280
A,234575563,0.0575,-11.3916,11.0217
G,234576878,-2.039981,4.307929,-0.158724
A,234578012,-0.0144,-10.9319,12.6342
G,234579374,-2.434129,4.130030,-0.712662
STAT,404.9,400.9,0,0,8812,7.1777,499.419,0.4747,0.8360,1.7463,9.8689,3.87,0.000
A,234580491,0.0323,-10.3789,14.4406
G,234581850,-2.418150,3.950000,-1.178182
A,234582963,0.2693,-9.7935,16.0136
G,234584350,-2.074070,3.759318,-1.540372
A,234585417,0.7542,-9.2117,17.0120
G,234586861,-1.551025,3.582484,-1.821602
A,234587882,1.3144,-8.6119,17.3352
G,234589357,-1.032241,3.434412,-2.093245
A,234590364,1.9824,-7.9942,17.0731
G,234591833,-0.704140,3.334277,-2.352104
A,234592836,2.4565,-7.3047,16.7103
G,234594341,-0.692422,3.272492,-2.550243
A,234595299,3.0382,-6.6331,16.7606
G,234596836,-0.958738,3.229882,-2.619485
TRK,234592,-0.05049,0.16323,0.13516,0.97598,0.9525,3.0647,-0.4060,0.000,0.000,0.000,3,5
A,234597793,3.6775,-6.0047,17.5399
G,234599323,-1.284709,3.174488,-2.594984
A,234600264,4.3706,-5.4336,18.9872
G,234601839,-1.393366,3.106311,-2.547047
A,234602736,5.0350,-4.8878,20.6392
G,234604334,-1.133441,3.041330,-2.512959
A,234605208,5.4552,-4.3347,22.0470
G,234606831,-0.567786,2.985936,-2.453304
A,234607664,5.6886,-3.7960,22.9305
G,234609327,0.113983,2.909237,-2.309493
A,234610150,5.7712,-3.3291,23.3255
G,234611804,0.735032,2.780340,-2.077266
A,234612621,5.8826,-3.0203,23.4045
G,234614312,1.227185,2.581136,-1.791775
A,234615089,5.9903,-2.8730,23.2860
G,234616807,1.622398,2.329733,-1.525459
A,234617560,6.0873,-2.8802,22.9628
TRK,234612,-0.02915,0.13043,0.13119,0.98231,0.9525,3.0647,-0.4060,0.000,0.000,0.000,3,5
G,234619295,1.981392,2.053830,-1.336907
A,234620009,6.0693,-2.9736,22.3918
G,234621813,2.306298,1.772600,-1.263404
A,234622489,5.8610,-3.1029,21.5658
G,234624309,2.533199,1.483913,-1.279383
A,234624960,5.4408,-3.2286,20.6249
G,234626806,2.605637,1.184574,-1.335842
A,234627421,4.9452,-3.3651,19.7737
G,234629302,2.542786,0.869256,-1.408279
A,234629912,4.4173,-3.5267,19.1237
G,234631780,2.430933,0.532632,-1.509480
A,234632384,3.9002,-3.6990,18.6281
G,234634288,2.362756,0.181095,-1.663943
A,234634856,3.3327,-3.8642,18.1397
G,234636783,2.380866,-0.178964,-1.875931
A,234637327,2.6719,-3.9720,17.4861
TRK,234632,-0.01955,0.11228,0.15360,0.98154,0.9525,3.0647,-0.4060,0.000,0.000,0.000,3,5
G,234639272,2.459696,-0.515588,-2.119876
A,234639780,1.9321,-4.0151,16.6852
G,234641790,2.527873,-0.808536,-2.357430
A,234642265,1.2103,-4.0294,15.8161
G,234644286,2.538525,-1.071656,-2.559830
A,234644736,0.5387,-4.0079,14.9757
G,234646784,2.514024,-1.299623,-2.744121
A,234647201,-0.1293,-3.9612,14.2647
G,234649280,2.517220,-1.464738,-2.932673
A,234649673,-0.7901,-3.8678,13.6685
G,234651758,2.591788,-1.539307,-3.112702
A,234652119,-1.3827,-3.7314,13.2160
TRK,234651,0.00309,0.11623,0.18066,0.97665,0.9525,3.0647,-0.4060,0.000,0.000,0.000,3,5
G,234654256,2.734534,-1.547829,-3.239469
A,234654586,-1.7957,-3.5662,12.8892
G,234656775,2.937999,-1.541438,-3.312972
A,234657074,-1.9644,-3.3938,12.6378
G,234659270,3.201119,-1.537176,-3.372627
A,234659545,-1.8495,-3.2214,12.3828
G,234661769,3.489806,-1.545699,-3.462109
A,234662014,-1.6269,-3.0059,12.0560
G,234664284,3.740143,-1.574461,-3.581419
A,234664501,-1.3360,-2.7473,11.6969
G,234666779,3.892476,-1.629854,-3.699663
A,234666972,-0.9373,-2.4708,11.4239
G,235043567,1.871669,-4.527374,-0.504935
A,235044882,-8.4647,11.4742,-4.2270
G,235046086,1.670334,-4.471980,-0.299339
A,235047351,-7.5022,11.9375,-3.6955
G,235048582,1.526524,-4.467719,-0.069242
TRK,235052,0.39224,0.04727,0.69610,0.59947,0.9525,3.0647,-0.4060,0.000,0.000,0.000,3,5
TRK,236501,0.35576,0.15293,0.71952,0.57648,0.9525,3.0647,-0.4060,0.000,0.000,0.000,3,5
A,236502771,-6.9312,10.7236,-1.4976
G,236503542,1.851429,-0.064981,3.496198
A,236505242,-7.0030,10.5369,-1.3036
G,236506037,1.890844,0.074569,3.652792
A,236507717,-6.9492,10.3394,-1.1456
G,236508520,1.880192,0.177899,3.785949
A,236510188,-6.8486,10.1670,-0.9984
G,236511034,1.797101,0.240750,3.895672
A,236512644,-6.6367,9.9946,-0.8260
G,236513529,1.642638,0.258859,3.974501
A,236515131,-6.4033,9.8509,-0.5926
G,236516022,1.441303,0.248207,4.019242
A,236517602,-6.1304,9.7217,-0.2873
G,236518518,1.217597,0.211988,4.033091
A,236520070,-5.8574,9.6175,0.0790
G,236520991,0.984304,0.142745,4.032026
A,236522541,-5.5737,9.5313,0.4812
G,236523496,0.757403,0.034088,4.021373
A,236524990,-5.2900,9.4559,0.8619
G,236525991,0.553937,-0.096939,4.002198
A,236527470,-5.0063,9.3984,1.1923
G,236528475,0.377104,-0.241815,3.976632
A,236529941,-4.7369,9.3410,1.4509
TRK,236525,0.32404,0.19289,0.72166,0.58052,0.9525,3.0647,-0.4060,0.000,0.000,0.000,3,5
G,236530990,0.209857,-0.392017,3.954261
A,236532402,-4.4927,9.2907,1.6735
G,236533485,0.038350,-0.547546,3.941478
A,236534873,-4.2557,9.2189,1.8998
G,236535979,-0.134223,-0.707336,3.945739
A,236537316,-4.0259,9.1255,2.1476
G,236538475,-0.286556,-0.867125,3.964914
A,236539789,-3.8140,9.0106,2.4062
G,236540949,-0.385626,-1.019458,4.000068
A,236542260,-3.6308,8.8705,2.6109
G,236543454,-0.414388,-1.159008,4.044809
A,236544715,-3.4836,8.7053,2.7366
G,236545949,-0.373908,-1.278317,4.110855
A,236547200,-3.3938,8.5114,2.7294
G,236548434,-0.290817,-1.382713,4.200337
A,236549671,-3.3507,8.2780,2.6145
G,236550950,-0.190682,-1.469000,4.318582
A,236552138,-3.3435,8.0086,2.3954
G,236553445,-0.088417,-1.539307,4.451740
A,236554609,-3.3830,7.7033,2.1261
G,236555940,0.015979,-1.592570,4.585963
A,236557057,-3.4477,7.3550,1.8136
G,236558436,0.120375,-1.635181,4.720187
A,236559536,-3.5159,6.9851,1.4760
G,236560911,0.226901,-1.676726,4.850149
A,236562007,-3.5877,6.5864,1.0989
G,236563417,0.336624,-1.717206,4.965198
A,236564466,-3.6308,6.1842,0.6680
G,236565912,0.445280,-1.750229,5.056810
TRK,236557,0.29726,0.25049,0.70034,0.59868,0.9525,3.0647,-0.4060,0.000,0.000,0.000,3,5
A,236566957,-3.6775,5.7820,0.1544
G,236568398,0.532632,-1.768339,5.119661
A,236569428,-3.7026,5.3941,-0.4022
G,236570905,0.573112,-1.777926,5.155880
A,236571890,-3.7062,5.0350,-0.9481
G,236573400,0.558199,-1.773665,5.159076
A,236574361,-3.6990,4.6974,-1.4150
G,236575896,0.498544,-1.756621,5.139901
A,236576814,-3.6021,4.3922,-1.7454
G,236578391,0.428236,-1.716141,5.101552
A,236579298,-3.4297,4.1192,-1.9752
G,236580868,0.379234,-1.654356,5.048288
A,236581769,-3.1675,3.9002,-2.1404
G,236583374,0.358994,-1.574461,4.967328
A,236584233,-2.8299,3.7385,-2.3128
G,236585870,0.344080,-1.496696,4.860802
A,236586705,-2.4924,3.6488,-2.4636
G,236588367,0.298274,-1.428519,4.745753
A,236589161,-2.1225,3.6200,-2.5426
TRK,236585,0.27037,0.31363,0.67773,0.60763,0.9525,3.0647,-0.4060,0.000,0.000,0.000,3,5
STAT,404.7,400.7,0,0,10925,3.2698,252.293,0.4747,0.8360,1.7463,9.8689,3.87,0.000
G,236590884,0.207727,-1.364604,4.641357
A,236591638,-1.7310,3.6272,-2.4780
G,236593379,0.098004,-1.298557,4.549745
A,236594109,-1.3001,3.6631,-2.2589
G,236595875,0.021305,-1.233576,4.467719
A,236596566,-0.8547,3.7242,-1.9573
G,236598371,0.010653,-1.173921,4.388889
A,236599055,-0.4022,3.8068,-1.6412
G,236600847,0.070307,-1.110005,4.320712
A,236601526,0.0539,3.9145,-1.3503
G,236603354,0.174703,-1.039698,4.268514
A,236603995,0.5387,4.0438,-1.0774
G,236605850,0.295078,-0.967260,4.240818
A,236606466,1.0702,4.1695,-0.7829
TRK,236601,0.25605,0.34228,0.66467,0.61278,0.9525,3.0647,-0.4060,0.000,0.000,0.000,3,5
G,236608337,0.425040,-0.903344,4.235491
A,236608917,1.6628,4.2844,-0.4597
G,236610854,0.577373,-0.844755,4.244013
A,236611398,2.3128,4.3598,-0.1113
G,236613349,0.762729,-0.791491,4.261057
A,236613869,2.9951,4.3993,0.2155
G,236615834,0.983239,-0.746750,4.270645
A,236616320,3.7134,4.3886,0.4812
G,236618330,1.218663,-0.727576,4.259992
A,236618782,4.4065,4.3491,0.6752
G,236620826,1.448759,-0.735032,4.210990
A,236621254,5.0781,4.2772,0.7901
TRK,236615,0.23962,0.36824,0.65418,0.61565,0.9525,3.0647,-0.4060,0.000,0.000,0.000,3,5
G,236623313,1.651160,-0.771251,4.117247
A,236623708,5.6994,4.1839,0.8080
G,236625826,1.819471,-0.833037,3.969175
A,236626189,6.2596,4.0977,0.7111
G,236628322,1.937716,-0.920388,3.756122
A,236628660,6.7552,4.0259,0.5243
G,236630820,1.986718,-1.030111,3.481284
A,236631127,7.1646,4.0007,0.2981
G,236633315,1.946238,-1.170726,3.154248
A,236633598,7.5022,4.0115,0.1041
G,236635813,1.831189,-1.342233,2.795254
A,236636066,7.7572,4.0941,0.0144
G,236638308,1.683118,-1.530785,2.414954
TRK,236637,0.21516,0.40551,0.64807,0.60767,0.9525,3.0647,-0.4060,0.000,0.000,0.000,3,5
A,236638564,7.9727,4.2162,0.0287
G,236640786,1.547829,-1.708684,2.026133
A,236641036,8.1271,4.4029,0.1257
G,236643290,1.448759,-1.867408,1.645833
A,236643511,8.2636,4.6256,0.2837
G,236645785,1.396562,-2.010154,1.291101
A,236645982,8.3893,4.8878,0.5064
G,236648274,1.400823,-2.146508,0.968325
A,236648442,8.5329,5.1607,0.7649
G,236650792,1.469000,-2.282862,0.683900
A,236650933,8.7089,5.4265,1.0271
G,236653288,1.607484,-2.427738,0.430367
A,236653405,8.9028,5.6778,1.1923
TRK,236649,0.21412,0.41760,0.64736,0.60058,0.9525,3.0647,-0.4060,0.000,0.000,0.000,3,5
G,236655786,1.804558,-2.590723,0.196009
A,236655876,9.0716,5.8861,1.2067
G,236658302,2.031459,-2.776079,-0.028762
A,236658367,9.1937,6.0729,0.9840
G,236660798,2.234925,-2.987001,-0.254598
A,236660838,9.2189,6.2309,0.5674
G,236663287,2.375540,-3.210707,-0.478304
A,236663303,9.1291,6.3710,-0.0072
A,236665796,8.9136,6.4895,-0.6500
G,236665805,2.439456,-3.440804,-0.700944
A,236668267,8.5688,6.6044,-1.2965
G,236668301,2.440521,-3.660248,-0.922519
TRK,236664,0.22099,0.43313,0.65122,0.58264,0.9525,3.0647,-0.4060,0.000,0.000,0.000,3,5
A,236670742,8.0984,6.7121,-1.9106
G,236670799,2.404302,-3.861583,-1.141963
A,236673213,7.5381,6.8235,-2.4672
G,236673294,2.362756,-4.039483,-1.357147
A,236675669,6.8917,6.9276,-2.9987
G,236675772,2.340386,-4.197142,-1.562743
A,236678140,6.1914,7.0318,-3.5410
G,236678268,2.359561,-4.333496,-1.754490
A,236680597,5.4911,7.1144,-4.1551
G,236680746,2.421346,-4.445348,-1.925998
A,236683068,4.7800,7.1934,-4.8842
G,236683242,2.511894,-4.530570,-2.076200
TRK,236677,0.23784,0.44775,0.65884,0.55577,0.9525,3.0647,-0.4060,0.000,0.000,0.000,3,5
A,236685527,4.1408,7.2508,-5.7245
G,236685721,2.599245,-4.592355,-2.212554
A,236688010,3.5446,7.3119,-6.6583
G,236688225,2.651443,-4.636031,-2.347843
A,236690481,2.9987,7.3837,-7.6315
G,236690720,2.648247,-4.652010,-2.488458
A,236692947,2.5103,7.4915,-8.5724
G,236693205,2.577940,-4.639226,-2.641856
A,236695418,2.0794,7.6531,-9.3984
TRK,236694,0.26124,0.45958,0.66845,0.52318,0.9525,3.0647,-0.4060,0.000,0.000,0.000,3,5
G,236695725,2.443717,-4.583833,-2.806972
A,236697870,1.7597,7.8650,-10.0592
G,236698221,2.264752,-4.481567,-2.977414
A,236700352,1.5335,8.1271,-10.5117
G,236700720,2.070874,-4.329235,-3.139334
A,236702824,1.4617,8.4503,-10.7775
G,236703216,1.888714,-4.136422,-3.290601
A,236705287,1.4868,8.8310,-10.8924
G,236705696,1.742772,-3.914846,-3.430151
A,236707782,1.6269,9.2656,-10.8924
G,236708207,1.637311,-3.678358,-3.552657
A,236710253,1.8603,9.7576,-10.8206
G,236710702,1.565939,-3.435477,-3.646400
A,236712728,2.1907,10.2711,-10.6913
G,236713193,1.511610,-3.195793,-3.701794
A,236715199,2.5965,10.8098,-10.5010
G,236715688,1.463673,-2.964631,-3.720968
A,236717655,3.0742,11.3342,-10.2747
G,236718159,1.419997,-2.747317,-3.712446
A,236720133,3.5805,11.8477,-10.0233
G,236720651,1.384844,-2.551308,-3.689010
TRK,236717,0.30387,0.46036,0.68621,0.47418,0.9525,3.0647,-0.4060,0.000,0.000,0.000,3,5
A,236722630,4.0618,12.3361,-9.7648
G,236723162,1.362473,-2.378736,-3.657053
A,236725102,4.4855,12.7958,-9.5529
G,236725657,1.350755,-2.232794,-3.616572
A,236727580,4.7980,13.2160,-9.3984
G,236728149,1.346494,-2.112419,-3.565440
A,236730051,5.0027,13.5931,-9.3230
G,236730644,1.342233,-2.009089,-3.503654
A,236732510,5.1140,13.9127,-9.3194
G,236733116,1.332646,-1.921737,-3.428021
A,236735000,5.1284,14.1641,-9.3948
G,236735618,1.316667,-1.846103,-3.337473
A,236737471,5.0781,14.3508,-9.5421
TRK,236733,0.32322,0.45252,0.69799,0.45119,0.9525,3.0647,-0.4060,0.000,0.000,0.000,3,5
G,236738129,1.291101,-1.783252,-3.236273
A,236739922,4.9309,14.4729,-9.7755
G,236740625,1.253816,-1.725728,-3.134008
A,236742391,4.6974,14.5520,-10.0844
G,236743105,1.199488,-1.667139,-3.047721
A,236744862,4.3886,14.5807,-10.4579
G,236745600,1.124919,-1.604288,-2.973153
A,236747325,4.0474,14.5951,-10.8852
G,236748073,1.026915,-1.535046,-2.912433
A,236749819,3.6416,14.5915,-11.3198
G,236750576,0.900148,-1.451955,-2.858104
A,236752290,3.2501,14.5699,-11.7472
G,236753071,0.738228,-1.353951,-2.809102
A,236754764,2.8192,14.5484,-12.1099
G,236755554,0.544350,-1.235707,-2.765426
A,236757258,2.4277,14.5232,-12.3972
G,236758056,0.330232,-1.100418,-2.722816
A,236759730,2.0506,14.4873,-12.5839
G,236760567,0.110787,-0.944889,-2.679140
A,236762183,1.7202,14.4550,-12.6953
G,236763063,-0.099070,-0.778708,-2.630138
TRK,236758,0.34779,0.43843,0.71354,0.42151,0.9525,3.0647,-0.4060,0.000,0.000,0.000,3,5
A,236764659,1.4222,14.4299,-12.7671
G,236765546,-0.291882,-0.604005,-2.574744
A,236767131,1.1564,14.4155,-12.8317
G,236768042,-0.471912,-0.423975,-2.520416
A,236769608,0.9194,14.4334,-12.8928
G,236770525,-0.651942,-0.233293,-2.469283
A,236772079,0.7183,14.4658,-12.9107
G,236773039,-0.853277,-0.034088,-2.413889
A,236774538,0.5602,14.5268,-12.8281
G,236775535,-1.081243,0.173638,-2.336125
TRK,236775,0.36153,0.42249,0.72009,0.41506,0.9525,3.0647,-0.4060,0.000,0.000,0.000,3,5
A,236777027,0.4274,14.6022,-12.6019
G,236778028,-1.316667,0.384560,-2.233859
A,236779499,0.3735,14.6705,-12.2535
G,236780543,-1.521197,0.601874,-2.116680
A,236781959,0.3053,14.7567,-11.8441
G,236783038,-1.662878,0.829841,-1.992044
A,236784431,0.2909,14.8249,-11.4275
G,236785539,-1.747033,1.068460,-1.858886
A,236786879,0.2801,14.8788,-11.0433
G,236788035,-1.805623,1.306014,-1.705488
A,236789351,0.3089,14.9039,-10.6554
G,236790538,-1.867408,1.532915,-1.527589
A,236791803,0.3735,14.8931,-10.2639
G,236793034,-1.934520,1.743838,-1.336907
A,236794284,0.4741,14.8500,-9.8581
G,236795515,-1.992044,1.944107,-1.154747
A,236796756,0.5854,14.7782,-9.4774
TRK,236792,0.36779,0.40146,0.72394,0.42365,0.9525,3.0647,-0.4060,0.000,0.000,0.000,3,5
G,236798028,-2.038916,2.130529,-0.994957
A,236799221,0.6859,14.6956,-9.1327
G,236800524,-2.093245,2.300971,-0.851146
A,236801692,0.7865,14.5879,-8.8238
G,236803018,-2.176335,2.446912,-0.720119
A,236804138,0.8691,14.4586,-8.5114
G,236805514,-2.296710,2.567287,-0.593352
A,236806615,0.9409,14.3077,-8.1702
G,236807988,-2.446912,2.667422,-0.478304
A,236809087,1.0127,14.1390,-7.7680
G,236810483,-2.606702,2.750513,-0.374973
A,236811565,1.0702,13.9486,-7.3155
G,236812958,-2.759035,2.814428,-0.291882
A,236814036,1.0918,13.7439,-6.8809
G,236815457,-2.890062,2.851713,-0.226901
A,236816490,1.0630,13.5248,-6.4967
G,236817953,-2.996588,2.867692,-0.178964
A,236818980,0.9661,13.2878,-6.2130
G,236820438,-3.096723,2.866626,-0.136354
A,236821451,0.8009,13.0328,-6.0118
TRK,236821,0.35900,0.36789,0.72464,0.45899,0.9525,3.0647,-0.4060,0.000,0.000,0.000,3,5
G,236822953,-3.211772,2.848517,-0.095874
A,236823922,0.5854,12.7491,-5.8395
G,236825449,-3.350256,2.811233,-0.050067
A,236826394,0.3304,12.4439,-5.6635
G,236827944,-3.495132,2.764361,0.001065
A,236828846,0.0503,12.1171,-5.4839
G,236830440,-3.619768,2.719620,0.054328
A,236831317,-0.2586,11.7902,-5.3115
G,236832936,-3.713511,2.679140,0.107592
A,236833771,-0.5746,11.4491,-5.1751
G,236835431,-3.777427,2.639725,0.162985
A,236836242,-0.8942,11.1043,-5.0925
G,236837927,-3.822169,2.604572,0.226901
A,236838697,-1.1923,10.7524,-5.0601
G,236840423,-3.855192,2.582201,0.294013
TRK,236830,0.35529,0.35510,0.72167,0.47630,0.9525,3.0647,-0.4060,0.000,0.000,0.000,3,5
A,236841183,-1.4688,10.3825,-5.0637
G,236842898,-3.883954,2.577940,0.355798
A,236843655,-1.7059,10.0090,-5.0925
G,236845404,-3.912716,2.592854,0.410127
A,236846121,-1.8926,9.6355,-5.1032
G,236847900,-3.945739,2.622681,0.453803
A,236848608,-2.0111,9.2907,-5.0745
G,236850375,-3.979828,2.668487,0.487891
A,236851079,-2.0399,8.9603,-4.9883
G,236852892,-4.011786,2.728142,0.512392
A,236853557,-1.9824,8.6730,-4.8123
G,236855387,-4.039483,2.794188,0.528371
A,236856029,-1.8495,8.4001,-4.5610
G,236857871,-4.060788,2.858104,0.539024
A,236858475,-1.6448,8.1594,-4.2341
G,236860367,-4.069310,2.913498,0.539024
TRK,236859,0.34382,0.31808,0.70421,0.53357,0.9525,3.0647,-0.4060,0.000,0.000,0.000,3,5
A,236860966,-1.4006,7.9404,-3.8499
G,236862844,-4.059722,2.963565,0.532632
A,236863437,-1.1169,7.7357,-3.4369
G,236865345,-4.036287,3.000850,0.516653
A,236865902,-0.7937,7.5274,-3.0203
G,236867841,-4.001133,3.018959,0.495348
A,236868374,-0.4417,7.3298,-2.6145
G,236870328,-3.956392,3.021090,0.463390
A,236870827,-0.0718,7.1287,-2.2374
G,236872824,-3.904194,3.011502,0.417584
A,236873298,0.3053,6.9420,-1.8818
G,236875312,-3.847735,2.994458,0.361125
A,236875752,0.6752,6.7588,-1.5443
G,236877823,-3.799798,2.962500,0.296144
A,236878230,1.0307,6.5900,-1.2067
G,236880318,-3.752926,2.923085,0.226901
A,236880701,1.3647,6.4177,-0.8547
TRK,236876,0.33560,0.29802,0.69451,0.56233,0.9525,3.0647,-0.4060,0.000,0.000,0.000,3,5
G,236882816,-3.700728,2.879410,0.153398
A,236883167,1.6520,6.2525,-0.4992
G,236885312,-3.633617,2.830407,0.079895
A,236885639,1.9070,6.0873,-0.1401
G,236887790,-3.550526,2.767557,0.010653
A,236888086,2.0973,5.9149,0.1867
G,236890299,-3.447196,2.688727,-0.058590
A,236890564,2.2410,5.7245,0.4633
G,236892794,-3.322560,2.601376,-0.129962
A,236893036,2.3056,5.5162,0.6428
G,236895283,-3.179814,2.506567,-0.213053
A,236895495,2.2984,5.2828,0.7039
G,236897791,-3.036003,2.408563,-0.301470
A,236897974,2.1907,5.0278,0.6357
G,236900287,-2.907106,2.309493,-0.395213
A,236900446,1.9932,4.7585,0.4633
TRK,236895,0.32668,0.27045,0.68300,0.59468,0.9525,3.0647,-0.4060,0.000,0.000,0.000,3,5
G,236902785,-2.805906,2.213619,-0.483630
A,236902917,1.7166,4.4640,0.2263
G,236905281,-2.730273,2.127333,-0.573112
A,236905411,1.3791,4.1731,-0.0287
G,236907752,-2.668487,2.053830,-0.666856
A,236907882,1.0020,3.8786,-0.2801
G,236910258,-2.608833,1.999501,-0.770186
A,236910362,0.6033,3.5985,-0.5136
G,236912754,-2.543851,1.964347,-0.884169
A,236912834,0.1939,3.3363,-0.7542
TRK,236912,0.32350,0.24767,0.67584,0.61421,0.9525,3.0647,-0.4060,0.000,0.000,0.000,3,5
G,236915243,-2.475675,1.950499,-1.010936
A,236915297,-0.1975,3.0957,-0.9948
G,236917763,-2.413889,1.956891,-1.148355
A,236917791,-0.5638,2.8838,-1.2426
G,236920258,-2.372344,1.984588,-1.294296
A,236920262,-0.8835,2.7114,-1.4653
A,236922726,-1.1636,2.5857,-1.6161
G,236922747,-2.359561,2.029329,-1.444498
A,236925212,-1.3898,2.5067,-1.6807
G,236925256,-2.369148,2.087918,-1.595766
A,236927683,-1.5981,2.4816,-1.6592
G,236927752,-2.393649,2.152899,-1.745968
A,236930149,-1.7885,2.5211,-1.5622
G,236930241,-2.420281,2.218946,-1.897236
A,236932644,-1.9501,2.6037,-1.3934
G,236932758,-2.442651,2.286057,-2.049569
A,236935115,-2.0830,2.7366,-1.1600
G,236935253,-2.453304,2.354234,-2.194445
A,236937580,-2.1691,2.9018,-0.8691
G,236937740,-2.452239,2.425607,-2.326538
A,236940052,-2.1979,3.0957,-0.5459
G,236940236,-2.427738,2.493784,-2.447978
TRK,236934,0.32534,0.21180,0.67070,0.63202,0.9525,3.0647,-0.4060,0.000,0.000,0.000,3,5
A,236942511,-2.2194,3.3184,-0.2191
G,236942715,-2.382997,2.558765,-2.561961
A,236944988,-2.2194,3.5626,0.0934
G,236945213,-2.323342,2.613094,-2.670618
A,236947475,-2.2158,3.8140,0.3843
G,236947720,-2.266883,2.652508,-2.761165
A,236949947,-2.2122,4.0905,0.6895
G,236950216,-2.220011,2.677010,-2.835734
A,236952408,-2.1943,4.3562,0.9840
G,236952696,-2.175270,2.689793,-2.895388
TRK,236953,0.32913,0.17523,0.66960,0.64235,0.9525,3.0647,-0.4060,0.000,0.000,0.000,3,5
A,236954900,-2.1799,4.6184,1.3144
G,236955206,-2.123072,2.694054,-2.947586
A,236957371,-2.1620,4.8734,1.6340
G,236957726,-2.052764,2.686597,-2.995523
A,236959824,-2.1871,5.1176,1.9357
G,236960222,-1.961152,2.662096,-3.046656
A,236962307,-2.2517,5.3618,2.1620
G,236962722,-1.847168,2.625877,-3.105246
A,236964778,-2.3846,5.6168,2.3128
G,236965217,-1.727859,2.577940,-3.161705
A,236967243,-2.5714,5.8754,2.4026
G,236967697,-1.631985,2.517220,-3.202185
A,236969738,-2.7689,6.1124,2.4816
G,236970208,-1.574461,2.439456,-3.217098
A,236972209,-2.9808,6.3351,2.5893
G,236972728,-1.542503,2.351039,-3.217098
A,236974665,-3.1855,6.5218,2.7150
G,236975223,-1.503088,2.264752,-3.214968
A,236977152,-3.3938,6.6870,2.8264
G,236977723,-1.437042,2.174205,-3.218163
A,236979623,-3.6164,6.8307,2.8838
G,236980219,-1.347559,2.071939,-3.221359
TRK,236975,0.33610,0.12641,0.67140,0.64829,0.9525,3.0647,-0.4060,0.000,0.000,0.000,3,5
A,236982091,-3.8750,6.9671,2.8299
G,236982698,-1.241033,1.954760,-3.227751
A,236984584,-4.1480,7.0928,2.6612
G,236985204,-1.136637,1.840777,-3.239469
A,236987055,-4.4784,7.2365,2.3810
G,236987700,-1.062069,1.739577,-3.256513
A,236989535,-4.8088,7.3765,2.0686
G,236990190,-1.048220,1.650095,-3.265035
A,236992006,-5.1499,7.5130,1.8208
G,236992686,-1.099353,1.570200,-3.266100
TRK,236992,0.34497,0.09320,0.67317,0.64742,0.9525,3.0647,-0.4060,0.000,0.000,0.000,3,5
A,236994486,-5.4839,7.6495,1.7059
G,236995177,-1.186705,1.505219,-3.261839
A,236996957,-5.8107,7.7824,1.7202
G,236997672,-1.265534,1.447694,-3.256513
A,236999417,-6.1088,7.9260,1.8028
G,237000142,-1.299623,1.393366,-3.244795
A,237001909,-6.3997,8.0912,1.8423
G,237002644,-1.278317,1.340103,-3.236273
A,237004381,-6.6942,8.2923,1.7885
G,237005140,-1.227185,1.299623,-3.225621
A,237006853,-6.9492,8.5293,1.6807
G,237007621,-1.190966,1.271926,-3.203250
A,237009324,-7.1862,8.7987,1.6053
G,237010133,-1.204814,1.253816,-3.147856
A,237011778,-7.3550,9.0752,1.6556
G,237012629,-1.258077,1.243164,-3.051982
A,237014255,-7.4484,9.3518,1.8818
G,237015113,-1.306014,1.242098,-2.923085
A,237016727,-7.4627,9.6139,2.2194
TRK,237016,0.35927,0.05452,0.67193,0.64534,0.9525,3.0647,-0.4060,0.000,0.000,0.000,3,5
G,237017635,-1.299623,1.246359,-2.775014
A,237019192,-7.4304,9.8725,2.5857
G,237020131,-1.218663,1.250620,-2.616289
A,237021663,-7.3694,10.1167,2.8874
G,237022632,-1.082309,1.250620,-2.451174
A,237024110,-7.3083,10.3573,3.0706
G,237025128,-0.932106,1.239968,-2.278601
A,237026588,-7.2472,10.5800,3.1568
G,237027610,-0.812797,1.215467,-2.093245
A,237029060,-7.1970,10.7739,3.2034
G,237030106,-0.745685,1.177117,-1.894040
A,237031538,-7.1323,10.9355,3.2645
G,237032588,-0.722249,1.131311,-1.686314
A,237034010,-7.0749,11.0576,3.3758
G,237035094,-0.712662,1.073786,-1.484978
A,237036463,-7.0282,11.1474,3.5195
G,237037590,-0.690291,1.005610,-1.293231
A,237038943,-7.0210,11.2300,3.6380
G,237040071,-0.647681,0.922519,-1.111071
A,237041414,-7.0390,11.2946,3.7062
TRK,237036,0.36611,0.02654,0.67097,0.64426,0.9525,3.0647,-0.4060,0.000,0.000,0.000,3,5
G,237042574,-0.597613,0.823449,-0.932106
A,237043866,-7.0964,11.3521,3.6919
G,237045070,-0.562460,0.712662,-0.758468
A,237046338,-7.1611,11.4024,3.6344
G,237047542,-0.559264,0.594418,-0.591222
A,237048809,-7.2437,11.4383,3.5626
G,237050055,-0.586961,0.474043,-0.433563
A,237051273,-7.3263,11.4634,3.5159
G,237052551,-0.635963,0.352602,-0.282295
A,237053744,-7.3945,11.4742,3.4979
G,237055061,-0.686030,0.233293,-0.134223
A,237056207,-7.4484,11.4742,3.5123
G,237057557,-0.723314,0.121440,0.010653
A,237058678,-7.4807,11.4670,3.5374
TRK,237053,0.36648,0.01824,0.66989,0.64545,0.9525,3.0647,-0.4060,0.000,0.000,0.000,3,5
G,237060050,-0.741424,0.017044,0.155529
A,237061125,-7.4915,11.4563,3.5590
G,237062546,-0.742489,-0.076699,0.302535
A,237063599,-7.4663,11.4455,3.5841
G,237065017,-0.729706,-0.159790,0.456998
A,237066071,-7.4089,11.4239,3.5949
G,237067521,-0.708401,-0.232228,0.619984
A,237068530,-7.2975,11.3880,3.6057
G,237070016,-0.679639,-0.299339,0.787230
A,237071006,-7.1575,11.3342,3.5985
G,237072488,-0.643420,-0.364320,0.951281
A,237073478,-6.9815,11.2551,3.5698
G,237074982,-0.605070,-0.430367,1.106810
A,237075928,-6.7876,11.1546,3.5087
G,237077499,-0.574178,-0.495348,1.259143
A,237078402,-6.5936,11.0361,3.4153
G,237079995,-0.557133,-0.555003,1.408279
A,237080873,-6.3925,10.9032,3.3220
TRK,237076,0.36449,0.01972,0.66408,0.65249,0.9525,3.0647,-0.4060,0.000,0.000,0.000,3,5
G,237082499,-0.553937,-0.609331,1.556351
A,237083335,-6.2022,10.7631,3.2286
G,237084995,-0.560329,-0.658333,1.698031
A,237085807,-6.0154,10.6087,3.1639
G,237087479,-0.565655,-0.702009,1.834385
A,237088251,-5.8323,10.4543,3.1316
G,237089994,-0.560329,-0.736098,1.968608
A,237090726,-5.6491,10.2927,3.1101
G,237092489,-0.540089,-0.757403,2.098571
A,237093197,-5.4660,10.1239,3.0849
G,237094984,-0.502805,-0.771251,2.222142
A,237095653,-5.2792,9.9515,3.0490
G,237097480,-0.455933,-0.776578,2.339321
A,237098137,-5.0961,9.7648,2.9844
G,237099951,-0.407996,-0.776578,2.451174
A,237100608,-4.9021,9.5744,2.9018
TRK,237100,0.35519,0.03830,0.65587,0.66499,0.9525,3.0647,-0.4060,0.000,0.000,0.000,3,5
G,237102456,-0.366451,-0.770186,2.559830
A,237103076,-4.7154,9.3769,2.8084
G,237104952,-0.333428,-0.756338,2.657835
A,237105564,-4.5179,9.1830,2.7007
G,237107426,-0.311057,-0.732902,2.748382
A,237108035,-4.3239,8.9926,2.6001
G,237109940,-0.303600,-0.705205,2.829342
A,237110512,-4.1336,8.8059,2.5211
G,237112436,-0.312122,-0.677508,2.913498
A,237112984,-3.9684,8.6227,2.4924
G,237114931,-0.332363,-0.653007,2.998719
A,237115444,-3.8319,8.4324,2.5103
G,237117427,-0.343015,-0.631702,3.088201
A,237117935,-3.7601,8.2420,2.5570
G,237119902,-0.329167,-0.614658,3.178749
A,237120406,-3.7565,8.0445,2.5821
G,237122408,-0.284426,-0.598679,3.275688
A,237122878,-3.8427,7.8290,2.5534
G,237124904,-0.214118,-0.576308,3.384345
A,237125349,-4.0043,7.5992,2.4744
TRK,237120,0.34094,0.06035,0.64975,0.67671,0.9525,3.0647,-0.4060,0.000,0.000,0.000,3,5
G,237127390,-0.128897,-0.543285,3.508981
A,237127802,-4.2198,7.3406,2.3595
G,237129906,-0.030893,-0.493217,3.645335
A,237130286,-4.4604,7.0569,2.2266
G,237132402,0.082025,-0.425040,3.779558
A,237132757,-4.6974,6.7588,2.0830
G,237134898,0.213053,-0.339819,3.902063
A,237135222,-4.9021,6.4464,1.9106
G,237137394,0.350472,-0.241815,4.001133
A,237137694,-5.0386,6.1304,1.7166
TRK,237132,0.32835,0.07652,0.64660,0.68428,0.9525,3.0647,-0.4060,0.000,0.000,0.000,3,5
G,237139890,0.471912,-0.137419,4.071440
A,237140160,-5.0961,5.8251,1.5227
G,237142408,0.556068,-0.028762,4.111920
A,237142648,-5.0530,5.5450,1.3719
G,237144904,0.593352,0.085221,4.122573
A,237145119,-4.9057,5.3115,1.3180
G,237147411,0.583765,0.199204,4.108725
A,237147597,-4.6400,5.1176,1.3934
G,237149906,0.540089,0.300405,4.075701
A,237150069,-4.3203,4.9668,1.6269
G,237152412,0.480434,0.376038,4.024569
A,237152547,-3.8858,4.8303,1.9716
G,237154908,0.432497,0.423975,3.944674
A,237155019,-3.4477,4.7405,2.3415
G,237157394,0.406931,0.453803,3.829625
A,237157478,-3.0131,4.6938,2.6935
G,237159890,0.388821,0.466586,3.695402
A,237159950,-2.6324,4.7010,2.9880
G,237162376,0.341950,0.454868,3.568635
A,237162411,-2.3236,4.7585,3.2789
TRK,237163,0.28556,0.11495,0.64612,0.69841,0.9525,3.0647,-0.4060,0.000,0.000,0.000,3,5
G,237164893,0.258859,0.419714,3.477023
A,237164902,-2.0650,4.8159,3.6667
A,237167374,-1.8675,4.8554,4.1875
G,237167388,0.173638,0.383495,3.429086
A,237169822,-1.6664,4.8411,4.8231
G,237169861,0.150202,0.355798,3.416303
A,237172306,-1.4940,4.7692,5.4229
G,237172368,0.241815,0.328101,3.421629
A,237174777,-1.3539,4.6543,5.7892
G,237174864,0.463390,0.290817,3.422694
TRK,237174,0.26910,0.12760,0.64523,0.70356,0.9525,3.0647,-0.4060,0.000,0.000,0.000,3,5
A,237177242,-1.2929,4.5179,5.8071
G,237177351,0.769121,0.247141,3.412042
A,237179713,-1.3001,4.3814,5.5162
G,237179847,1.054612,0.201335,3.382214
A,237182179,-1.3647,4.2449,5.1176
G,237182334,1.219728,0.153398,3.350256
A,237184663,-1.4509,4.1013,4.8303
G,237184839,1.227185,0.102265,3.327886
A,237187135,-1.5012,3.9397,4.7944
G,237187335,1.144094,0.050067,3.309776
A,237189592,-1.5407,3.7852,4.9380
G,237189813,1.075917,-0.001065,3.277818
A,237192080,-1.5622,3.6524,5.1140
G,237192321,1.101483,-0.046872,3.212837
A,237194552,-1.5838,3.5662,5.1787
G,237194817,1.217597,-0.083091,3.119094
A,237197011,-1.5802,3.5338,5.1284
G,237197295,1.357147,-0.117179,3.009372
TRK,237198,0.24144,0.15395,0.64912,0.70473,0.9525,3.0647,-0.4060,0.000,0.000,0.000,3,5
A,237199511,-1.5263,3.5410,5.0422
G,237199813,1.446629,-0.152333,2.900715
A,237201982,-1.3862,3.5805,5.0242
G,237202309,1.467934,-0.190682,2.795254
A,237204462,-1.1528,3.6559,5.1248
G,237204807,1.451955,-0.235423,2.680205
A,237206934,-0.8440,3.7673,5.3044
G,237207303,1.441303,-0.291882,2.545982
A,237209395,-0.4741,3.9253,5.5091
G,237209781,1.458347,-0.371777,2.388323
A,237211887,-0.0754,4.1336,5.6743
G,237212290,1.495631,-0.478304,2.217880
A,237214359,0.3268,4.3814,5.7892
G,237214785,1.530785,-0.610397,2.041047
A,237216819,0.7326,4.6579,5.8969
G,237217262,1.546764,-0.760599,1.867408
A,237219291,1.1349,4.9560,6.0226
TRK,237218,0.22478,0.17578,0.65459,0.70006,0.9525,3.0647,-0.4060,0.000,0.000,0.000,3,5
G,237219781,1.541438,-0.924649,1.698031
A,237221745,1.5263,5.2756,6.1806
G,237222276,1.532915,-1.096157,1.539307
A,237224228,1.9106,5.6168,6.3638
G,237224773,1.547829,-1.266599,1.384844
A,237226699,2.2841,5.9687,6.5362
G,237227268,1.602158,-1.434911,1.239968
A,237229165,2.6576,6.3171,6.6726
G,237229747,1.694836,-1.602158,1.102549
A,237231662,3.0131,6.6475,6.7481
G,237232257,1.823733,-1.770469,0.973652
A,237234133,3.3758,6.9599,6.7624
G,237234776,1.987783,-1.940912,0.843689
A,237236590,3.6955,7.2580,6.6547
G,237237271,2.175270,-2.114550,0.709466
A,237239078,3.9756,7.5561,6.4428
G,237239770,2.361691,-2.287123,0.569916
A,237241550,4.1731,7.8614,6.1663
G,237242266,2.517220,-2.468218,0.430367
TRK,237237,0.22358,0.19789,0.66106,0.68837,0.9525,3.0647,-0.4060,0.000,0.000,0.000,3,5
A,237244019,4.3958,8.1307,5.9221
G,237244745,2.629073,-2.662096,0.302535
A,237246506,4.5466,8.3785,5.7461
G,237247242,2.718555,-2.877279,0.185356
A,237248978,4.6831,8.5724,5.5773
G,237249761,2.839995,-3.109507,0.067112
A,237251438,4.7980,8.7305,5.2972
G,237252257,3.025351,-3.348126,-0.076699
A,237253910,4.8123,8.8885,4.7621
G,237254756,3.258644,-3.579288,-0.251402
A,237256352,4.7369,9.0752,3.9648
G,237257252,3.462109,-3.795537,-0.449542
TRK,237257,0.23729,0.22531,0.67320,0.66313,0.9525,3.0647,-0.4060,0.000,0.000,0.000,3,5
A,237258844,4.5681,9.2763,3.0347
G,237259751,3.559048,-4.003263,-0.645550
A,237261316,4.2737,9.5241,2.1548
G,237262247,3.527090,-4.202468,-0.817058
A,237263783,3.9397,9.7468,1.5048
G,237264720,3.421629,-4.386759,-0.950216
A,237266255,3.5877,9.9551,1.1061
G,237267224,3.351322,-4.538026,-1.056742
A,237268704,3.2609,10.1311,0.8547
G,237269720,3.409911,-4.655206,-1.153681
A,237271176,2.9521,10.2747,0.5351
G,237272230,3.618703,-4.753210,-1.245294
A,237273632,2.6396,10.3968,-0.0108
G,237274726,3.912716,-4.848019,-1.331581
A,237276112,2.3128,10.4938,-0.8440
G,237277208,4.186489,-4.951349,-1.405084
A,237278584,2.0219,10.5512,-1.8711
TRK,237278,0.26663,0.25615,0.68767,0.62483,0.9525,3.0647,-0.4060,0.000,0.000,0.000,3,5
G,237279728,4.354801,-5.055745,-1.462608
A,237281052,1.7274,10.5943,-2.9772
G,237282224,4.382498,-5.162271,-1.518002
A,237283542,1.4401,10.6087,-4.0330
G,237284715,4.290885,-5.279450,-1.585113
A,237286014,1.1349,10.6159,-4.9452
G,237287211,4.124703,-5.401956,-1.672465
A,237288490,0.7757,10.6374,-5.7497
G,237289688,3.940413,-5.513809,-1.776861
A,237290962,0.3735,10.6698,-6.4823
G,237292184,3.774232,-5.599030,-1.889779
A,237293443,-0.0431,10.7164,-7.2293
G,237294664,3.636812,-5.658684,-2.008023
A,237295914,-0.5207,10.7990,-8.0445
G,237297172,3.508981,-5.679989,-2.122007
A,237298372,-1.0199,10.9032,-8.9172
G,237299668,3.360909,-5.649097,-2.221076
TRK,237299,0.30955,0.29101,0.70214,0.57140,0.9525,3.0647,-0.4060,0.000,0.000,0.000,3,5
A,237300865,-1.5227,11.0397,-9.7504
G,237302158,3.175553,-5.558550,-2.297775
A,237303336,-1.9860,11.1977,-10.4794
G,237304654,2.961435,-5.413674,-2.340386
A,237305809,-2.3631,11.3772,-11.0325
G,237307125,2.750513,-5.219796,-2.352104
A,237308281,-2.6217,11.5712,-11.4311
G,237309627,2.576875,-4.982242,-2.332929
A,237310735,-2.7581,11.8010,-11.7041
G,237312123,2.453304,-4.711665,-2.289253
A,237313207,-2.7869,12.0416,-11.9231
G,237314624,2.367018,-4.426173,-2.224272
A,237315662,-2.6971,12.3038,-12.1206
G,237317120,2.292449,-4.139617,-2.136920
A,237318143,-2.4995,12.5732,-12.3146
G,237319596,2.214685,-3.846670,-2.034655
A,237320614,-2.1907,12.8461,-12.5013
TRK,237320,0.34803,0.30986,0.70751,0.53132,0.9525,3.0647,-0.4060,0.000,0.000,0.000,3,5
G,237322108,2.119876,-3.544134,-1.923867
A,237323082,-1.7957,13.1190,-12.6522
G,237324604,1.993110,-3.232012,-1.814145
A,237325553,-1.3431,13.4027,-12.7312
G,237327096,1.827994,-2.925216,-1.703358
A,237328002,-0.8547,13.6829,-12.7024
G,237329611,1.630920,-2.632268,-1.590440
A,237330475,-0.3448,13.9702,-12.5516
G,237332106,1.419997,-2.356365,-1.473261
A,237332946,0.1688,14.2539,-12.3146
G,237334608,1.217597,-2.095375,-1.356082
A,237335407,0.6716,14.5340,-12.0237
G,237337104,1.035437,-1.847168,-1.237837
A,237337899,1.1384,14.8105,-11.7364
G,237339586,0.872451,-1.607484,-1.115332
A,237340370,1.5514,15.0655,-11.4742
G,237342086,0.721184,-1.370995,-0.982174
A,237342830,1.8998,15.2989,-11.2372
G,237344582,0.576308,-1.134507,-0.837298
TRK,237339,0.36943,0.31742,0.71110,0.50705,0.9525,3.0647,-0.4060,0.000,0.000,0.000,3,5
A,237345314,2.1871,15.5001,-11.0181
G,237347055,0.432497,-0.898018,-0.680704
A,237347785,2.4098,15.6509,-10.8098
G,237349558,0.296144,-0.663660,-0.516653
A,237350249,2.5786,15.7479,-10.6015
G,237352053,0.174703,-0.429302,-0.344080
A,237352721,2.6899,15.7981,-10.4040
G,237354533,0.076699,-0.193878,-0.165116
A,237355162,2.7509,15.7981,-10.2137
G,237357053,-0.001065,0.042611,0.014914
A,237357646,2.7653,15.7550,-10.0521
G,237359549,-0.064981,0.275903,0.190682
A,237360117,2.7222,15.6724,-9.9300
TRK,237355,0.37511,0.31817,0.71175,0.50146,0.9525,3.0647,-0.4060,0.000,0.000,0.000,3,5
G,237362042,-0.125701,0.507066,0.356864
A,237362575,2.6396,15.5396,-9.8617
G,237364555,-0.189617,0.736098,0.510262
A,237365053,2.4995,15.3564,-9.8438
G,237367051,-0.268447,0.961934,0.650877
A,237367525,2.3308,15.1409,-9.8617
G,237369534,-0.370712,1.186705,0.778708
A,237369974,2.1332,14.8859,-9.8869
G,237372048,-0.498544,1.406149,0.894822
A,237372455,1.9178,14.6166,-9.8833
G,237374544,-0.648746,1.620267,0.999218
A,237374926,1.6951,14.3329,-9.8402
TRK,237370,0.37087,0.31746,0.71185,0.50493,0.9525,3.0647,-0.4060,0.000,0.000,0.000,3,5
G,237377037,-0.809601,1.829059,1.094026
A,237377388,1.4653,14.0348,-9.7540
G,237379533,-0.971521,2.037851,1.174987
A,237379880,1.2534,13.7439,-9.6211
G,237382006,-1.131311,2.249839,1.244229
A,237382351,1.0271,13.4566,-9.4559
G,237384511,-1.290035,2.458630,1.297492
A,237384824,0.8260,13.1801,-9.2368
G,237387006,-1.447694,2.661031,1.346494
A,237387296,0.6285,12.9107,-8.9854
G,237389490,-1.601092,2.857039,1.393366
A,237389750,0.4597,12.6414,-8.6910
G,237392005,-1.745968,3.046656,1.440237
A,237392235,0.3124,12.3792,-8.3606
G,237394501,-1.881257,3.227751,1.484978
A,237394706,0.1832,12.1099,-8.0122
G,237396995,-2.006958,3.394997,1.530785
A,237397172,0.0611,11.8513,-7.6387
G,237399490,-2.118811,3.551591,1.575526
A,237399643,-0.0754,11.5927,-7.2580
TRK,237394,0.34718,0.30774,0.70970,0.53017,0.9525,3.0647,-0.4060,0.000,0.000,0.000,3,5
G,237401985,-2.216815,3.702859,1.622398
A,237402110,-0.1688,11.3090,-6.8809
G,237404481,-2.299906,3.840278,1.670334
A,237404582,-0.3268,11.0361,-6.5182
G,237406955,-2.378736,3.962783,1.718271
A,237407030,-0.4920,10.7452,-6.1591
G,237409452,-2.455435,4.077832,1.769404
A,237409501,-0.7039,10.4507,-5.7784
G,237411948,-2.523612,4.198207,1.821602
A,237411972,-0.9230,10.1454,-5.3618
G,237414433,-2.568352,4.321777,1.876996
A,237414433,-1.1169,9.8258,-4.8949
A,237416920,-1.2713,9.5026,-4.4424
G,237416944,-2.576875,4.438957,1.922802
A,237419391,-1.3862,9.1722,-4.0294
G,237419440,-2.550243,4.545483,1.953695
TRK,237415,0.31778,0.29070,0.70484,0.56365,0.9525,3.0647,-0.4060,0.000,0.000,0.000,3,5
A,237421864,-1.4653,8.8633,-3.6811
G,237421935,-2.508698,4.639226,1.965413
A,237424335,-1.5191,8.5653,-3.3794
G,237424431,-2.484197,4.720187,1.960086
A,237426788,-1.5227,8.2744,-3.0634
G,237426907,-2.496980,4.786233,1.940912
A,237429273,-1.5119,8.0086,-2.6935
G,237429413,-2.544917,4.835235,1.907888
A,237431744,-1.4868,7.7536,-2.2302
G,237431909,-2.613094,4.874650,1.863147
A,237434209,-1.4437,7.5094,-1.6915
G,237434395,-2.675944,4.902347,1.808819
A,237436694,-1.4329,7.2975,-1.0989
G,237436900,-2.714294,4.917261,1.751295
A,237439188,-1.4114,7.0749,-0.4992
G,237439414,-2.715359,4.911934,1.689509
A,237441659,-1.4042,6.8738,0.0539
G,237441910,-2.685532,4.888498,1.628789
TRK,237437,0.27639,0.26576,0.69780,0.60503,0.9525,3.0647,-0.4060,0.000,0.000,0.000,3,5
A,237444119,-1.4293,6.6726,0.5387
G,237444389,-2.637595,4.840561,1.565939
A,237446590,-1.4760,6.4679,0.9481
G,237446905,-2.589658,4.765993,1.502023
A,237449038,-1.5730,6.2812,1.3072
G,237449401,-2.553439,4.676511,1.435976
A,237451508,-1.6843,6.0873,1.6807
G,237451888,-2.531068,4.583833,1.366734
A,237453979,-1.7921,5.9149,2.0937
G,237454383,-2.520416,4.494350,1.302818
A,237456440,-1.8639,5.7353,2.5965
G,237456860,-2.502306,4.401672,1.238903
TRK,237453,0.24557,0.24311,0.69113,0.63476,0.9525,3.0647,-0.4060,0.000,0.000,0.000,3,5
A,237458931,-1.9178,5.5881,3.1137
G,237459367,-2.449043,4.302603,1.171791
A,237461402,-1.9213,5.4480,3.6272
G,237461863,-2.342516,4.202468,1.099353
A,237463874,-1.9213,5.3439,4.0582
G,237464349,-2.192314,4.104464,1.029045
A,237466346,-1.8675,5.2397,4.4640
G,237466845,-2.033590,4.007524,0.962999
A,237468819,-1.7921,5.1392,4.8411
G,237469333,-1.890844,3.898868,0.901214
A,237471290,-1.6807,5.0242,5.2505
G,237471850,-1.766208,3.769971,0.835167
A,237473744,-1.5443,4.9237,5.6276
G,237474346,-1.637311,3.620834,0.751011
A,237476224,-1.4114,4.8483,5.9436
G,237476837,-1.497762,3.451457,0.638093
A,237478695,-1.2821,4.8088,6.2022
G,237479333,-1.367800,3.265035,0.502805
TRK,237474,0.21658,0.21885,0.68453,0.66077,0.9525,3.0647,-0.4060,0.000,0.000,0.000,3,5
A,237481161,-1.1528,4.7908,6.4392
G,237481810,-1.279383,3.062635,0.364320
A,237483632,-1.0307,4.7980,6.7157
G,237484318,-1.235707,2.836799,0.227967
A,237486080,-0.9230,4.8267,7.0174
G,237486814,-1.208010,2.591788,0.086286
A,237488551,-0.8332,4.8914,7.3442
G,237489322,-1.165399,2.338255,-0.062851
A,237491000,-0.7901,4.9919,7.6782
G,237491818,-1.104679,2.088983,-0.202400
A,237493480,-0.7649,5.0961,8.0445
G,237494306,-1.029045,1.838646,-0.316384
A,237495952,-0.7542,5.1894,8.4288
G,237496802,-0.922519,1.576591,-0.403735
A,237498413,-0.7398,5.2720,8.7412
G,237499270,-0.752077,1.300688,-0.479369
TRK,237499,0.19897,0.19572,0.68101,0.67700,0.9525,3.0647,-0.4060,0.000,0.000,0.000,3,5
A,237500904,-0.7542,5.3546,8.8813
G,237501769,-0.516653,1.021589,-0.558199
A,237503376,-0.7937,5.4480,8.8202
G,237504278,-0.265251,0.744620,-0.640224
A,237505828,-0.8655,5.5414,8.6119
G,237506773,-0.061785,0.469782,-0.716923
A,237508299,-0.9481,5.6168,8.3606
G,237509282,0.069242,0.198139,-0.781904
A,237510754,-1.0307,5.6707,8.1343
G,237511778,0.154463,-0.067112,-0.849016
A,237513239,-1.1133,5.7138,7.9224
G,237514267,0.237554,-0.328101,-0.934237
A,237515710,-1.2067,5.7676,7.6746
TRK,237511,0.20031,0.19046,0.68191,0.67720,0.9525,3.0647,-0.4060,0.000,0.000,0.000,3,5
G,237516786,0.339819,-0.585895,-1.045024
A,237518176,-1.3144,5.8538,7.3586
G,237519281,0.447411,-0.840494,-1.170726
A,237520666,-1.4401,5.9795,6.9959
G,237521773,0.526241,-1.088700,-1.295362
A,237523137,-1.5658,6.1447,6.6475
G,237524269,0.560329,-1.327320,-1.408279
A,237525614,-1.6843,6.3386,6.3710
G,237526748,0.565655,-1.552090,-1.507349
A,237528086,-1.7957,6.5577,6.2094
G,237529246,0.575243,-1.756621,-1.590440
A,237530533,-1.8208,6.7768,6.1519
G,237531742,0.632767,-1.936651,-1.655421
A,237533022,-1.8316,7.0066,6.0980
G,237534231,0.761664,-2.100701,-1.705488
A,237535494,-1.8064,7.2437,5.9544
G,237536738,0.959803,-2.248773,-1.745968
A,237537951,-1.7741,7.4843,5.6599
G,237539234,1.185639,-2.381931,-1.774730
TRK,237538,0.22619,0.19207,0.68699,0.66332,0.9525,3.0647,-0.4060,0.000,0.000,0.000,3,5
A,237540432,-1.7633,7.7428,5.2361
G,237541713,1.377387,-2.500176,-1.776861
A,237542903,-1.7418,7.9906,4.7764
G,237544222,1.504153,-2.614159,-1.751295
A,237545364,-1.6843,8.2313,4.3634
G,237546718,1.575526,-2.728142,-1.707619
A,237547857,-1.6376,8.4539,4.0366
G,237549208,1.630920,-2.835734,-1.658617
A,237550328,-1.5909,8.6514,3.7852
G,237551703,1.703358,-2.929477,-1.598962
A,237552821,-1.5766,8.8131,3.5733
G,237554193,1.808819,-3.014698,-1.524393
A,237555293,-1.5909,8.9388,3.3435
TRK,237551,0.24315,0.19812,0.69143,0.65080,0.9525,3.0647,-0.4060,0.000,0.000,0.000,3,5
G,237556714,1.954760,-3.103115,-1.437042
A,237557767,-1.5981,9.0142,3.0382
G,237559209,2.135855,-3.193662,-1.349690
A,237560238,-1.6233,9.0716,2.5750
G,237561710,2.331864,-3.277818,-1.282578
A,237562694,-1.6592,9.1255,1.9465
G,237564206,2.501241,-3.348126,-1.238903
A,237565180,-1.6987,9.1758,1.2103
G,237566686,2.594984,-3.407781,-1.215467
A,237567651,-1.7382,9.2440,0.4453
G,237569196,2.592854,-3.463174,-1.202684
A,237570118,-1.7669,9.3122,-0.2083
G,237571692,2.508698,-3.505785,-1.196292
A,237572590,-1.7633,9.3877,-0.6967
G,237574182,2.388323,-3.532417,-1.194161
A,237575038,-1.7490,9.4810,-1.0199
TRK,237575,0.27332,0.21829,0.70130,0.62115,0.9525,3.0647,-0.4060,0.000,0.000,0.000,3,5
G,237576703,2.279666,-3.546265,-1.198422
A,237577517,-1.7202,9.5924,-1.2390
G,237579198,2.216815,-3.555852,-1.209075
A,237580000,-1.6807,9.7217,-1.4473
G,237581673,2.205097,-3.563309,-1.222924
A,237582472,-1.6340,9.8761,-1.7310
G,237584184,2.222142,-3.561179,-1.236772
A,237584942,-1.5766,10.0628,-2.1225
G,237586679,2.228533,-3.539873,-1.247425
STAT,404.5,400.5,0,0,10925,3.8686,166.761,0.4747,0.8360,1.7463,9.8689,3.87,0.000
A,237587433,-1.4976,10.2711,-2.5642
G,237589159,2.184857,-3.502589,-1.246359
A,237589904,-1.3970,10.4902,-2.9556
G,237591660,2.082592,-3.450391,-1.228250
A,237592366,-1.2677,10.6985,-3.2106
G,237594180,1.957956,-3.388606,-1.185639
A,237594848,-1.1205,10.8888,-3.3004
G,237596676,1.866343,-3.318298,-1.124919
A,237597319,-0.9445,11.0612,-3.2860
TRK,237592,0.29748,0.23491,0.70664,0.59749,0.9525,3.0647,-0.4060,0.000,0.000,0.000,3,5
G,237599167,1.854625,-3.241599,-1.054612
A,237599773,-0.7721,11.2228,-3.2896
G,237601662,1.923867,-3.165966,-0.980043
A,237602258,-0.5997,11.3737,-3.4117
G,237604134,2.037851,-3.098854,-0.901214
A,237604729,-0.4381,11.5029,-3.6955
G,237606635,2.135855,-3.041330,-0.817058
A,237607194,-0.3089,11.6215,-4.1192
G,237609131,2.171009,-2.990197,-0.731837
A,237609666,-0.1724,11.6969,-4.5753
G,237611612,2.130529,-2.934803,-0.651942
A,237612112,-0.0682,11.7579,-4.9955
TRK,237612,0.32060,0.25277,0.71088,0.57270,0.9525,3.0647,-0.4060,0.000,0.000,0.000,3,5
G,237614124,2.034655,-2.874083,-0.583765
A,237614590,0.0467,11.7831,-5.3223
G,237616620,1.918541,-2.805906,-0.528371
A,237617061,0.1365,11.7938,-5.5881
G,237619112,1.814145,-2.734534,-0.491087
A,237619520,0.1832,11.8046,-5.8466
G,237621607,1.729989,-2.658900,-0.467651
A,237622010,0.1939,11.8226,-6.1375
G,237624080,1.654356,-2.574744,-0.453803
A,237624481,0.1508,11.8549,-6.4572
G,237626569,1.562743,-2.477805,-0.437824
A,237626938,0.1041,11.8944,-6.7804
G,237629082,1.445564,-2.367018,-0.416518
A,237629419,0.0682,11.9411,-7.0461
G,237631598,1.310275,-2.241316,-0.387756
A,237631904,0.0575,11.9914,-7.2472
G,237634094,1.178182,-2.098571,-0.353668
A,237634376,0.0934,12.0524,-7.3729
TRK,237630,0.33572,0.26760,0.71294,0.55443,0.9525,3.0647,-0.4060,0.000,0.000,0.000,3,5
G,237636576,1.059938,-1.941977,-0.312122
A,237636828,0.1544,12.1206,-7.4340
G,237639090,0.964064,-1.772600,-0.266316
A,237639313,0.2586,12.1961,-7.4591
G,237641585,0.885235,-1.595766,-0.213053
A,237641784,0.3915,12.2823,-7.4555
G,237644078,0.817058,-1.413606,-0.156594
A,237644248,0.5495,12.3541,-7.4340
G,237646588,0.755272,-1.231446,-0.094809
A,237646731,0.7254,12.4223,-7.3873
G,237649084,0.693487,-1.052481,-0.026632
A,237649202,0.9086,12.4762,-7.3155
G,237651566,0.632767,-0.883104,0.045806
A,237651658,1.0918,12.5049,-7.2221
G,237654079,0.574178,-0.724380,0.120375
A,237654145,1.2677,12.5157,-7.1144
G,237656598,0.523045,-0.575243,0.190682
A,237656638,1.4257,12.5013,-7.0282
G,237659094,0.477238,-0.433563,0.257794
A,237659110,1.5658,12.4618,-6.9635
TRK,237655,0.34751,0.27996,0.71316,0.54061,0.9525,3.0647,-0.4060,0.000,0.000,0.000,3,5
A,237661588,1.6735,12.4115,-6.9456
G,237661596,0.428236,-0.297209,0.316384
A,237664059,1.7561,12.3469,-6.9384
G,237664092,0.366451,-0.168312,0.366451
A,237666518,1.7992,12.2751,-6.9384
G,237666575,0.285491,-0.043676,0.411192
A,237669008,1.8208,12.1853,-6.9276
G,237669087,0.189617,0.078830,0.451672
A,237671479,1.7957,12.0776,-6.8881
G,237671583,0.085221,0.201335,0.488956
A,237673949,1.7454,11.9662,-6.8378
G,237674076,-0.018109,0.324906,0.520914
A,237676421,1.6592,11.8585,-6.7624
G,237676571,-0.112918,0.449542,0.551807
TRK,237671,0.34637,0.28389,0.71333,0.53907,0.9525,3.0647,-0.4060,0.000,0.000,0.000,3,5
A,237678872,1.5622,11.7472,-6.6834
G,237679044,-0.194943,0.579504,0.581634
A,237681344,1.4473,11.6538,-6.5900
G,237681537,-0.269512,0.714792,0.615723
A,237683838,1.3324,11.5460,-6.4895
G,237684051,-0.338754,0.854342,0.650877
A,237686309,1.2318,11.4347,-6.3674
G,237686547,-0.406931,0.999218,0.686030
A,237688783,1.1456,11.3234,-6.2201
G,237689040,-0.471912,1.146224,0.721184
A,237691254,1.0774,11.2013,-6.0585
G,237691535,-0.531567,1.291101,0.752077
A,237693709,1.0307,11.0899,-5.8718
G,237694009,-0.581634,1.429585,0.781904
TRK,237693,0.33685,0.28240,0.71258,0.54682,0.9525,3.0647,-0.4060,0.000,0.000,0.000,3,5
A,237696182,1.0020,10.9714,-5.6743
G,237696501,-0.624245,1.560612,0.805340
A,237698679,0.9876,10.8493,-5.4624
G,237699015,-0.663660,1.682052,0.825580
A,237701150,0.9840,10.7164,-5.2505
G,237701511,-0.704140,1.790709,0.842624
A,237703614,0.9481,10.5764,-5.0530
G,237703992,-0.746750,1.881257,0.851146
A,237706102,0.8691,10.4291,-4.8734
G,237706496,-0.793622,1.953695,0.843689
A,237708574,0.7290,10.2783,-4.7010
G,237708992,-0.847950,2.016546,0.830906
A,237711042,0.5495,10.1275,-4.5035
G,237711476,-0.911866,2.074070,0.819188
A,237713513,0.3519,9.9802,-4.2916
G,237713991,-0.970456,2.135855,0.812797
A,237715963,0.1832,9.8366,-4.0510
G,237716487,-1.012001,2.200836,0.804275
TRK,237716,0.31919,0.27387,0.71202,0.56226,0.9525,3.0647,-0.4060,0.000,0.000,0.000,3,5
A,237718444,0.0359,9.7109,-3.8319
G,237718981,-1.027980,2.267948,0.788296
A,237720915,-0.0682,9.5924,-3.6236
G,237721477,-1.036502,2.329733,0.769121
A,237723372,-0.1365,9.4846,-3.4189
G,237723947,-1.054612,2.382997,0.751011
A,237725865,-0.1688,9.3805,-3.1855
G,237726452,-1.091896,2.426672,0.731837
A,237728336,-0.1724,9.2763,-2.9090
G,237728948,-1.139833,2.465022,0.705205
A,237730809,-0.1544,9.1866,-2.5893
G,237731433,-1.187770,2.493784,0.668986
A,237733281,-0.1329,9.1183,-2.2553
G,237733949,-1.223989,2.511894,0.629571
A,237735735,-0.1006,9.0537,-1.9034
G,237736444,-1.245294,2.519350,0.593352
A,237738209,-0.0754,8.9998,-1.5550
G,237738929,-1.252751,2.516155,0.559264
TRK,237739,0.29908,0.25962,0.71106,0.58097,0.9525,3.0647,-0.4060,0.000,0.000,0.000,3,5
A,237740705,-0.0467,8.9531,-1.2246
G,237741434,-1.248490,2.503371,0.525175
A,237743176,-0.0323,8.9064,-0.9014
G,237743950,-1.239968,2.478870,0.487891
A,237745633,-0.0072,8.8597,-0.5962
G,237746446,-1.227185,2.442651,0.453803
A,237748104,0.0036,8.8131,-0.3124
G,237748961,-1.211206,2.393649,0.417584
A,237750562,0.0072,8.7700,-0.0467
G,237751457,-1.188835,2.332929,0.381365
A,237753045,0.0036,8.7269,0.1867
G,237753946,-1.161138,2.263687,0.345146
A,237755517,-0.0287,8.6910,0.3879
G,237756442,-1.132376,2.189118,0.308927
TRK,237751,0.28875,0.25037,0.71031,0.59110,0.9525,3.0647,-0.4060,0.000,0.000,0.000,3,5
A,237757986,-0.0682,8.6479,0.5602
G,237758917,-1.107875,2.111354,0.272708
A,237760458,-0.1185,8.6012,0.7039
G,237761423,-1.087635,2.030394,0.229032
A,237762909,-0.1796,8.5473,0.8404
G,237763919,-1.071656,1.946238,0.186421
A,237765390,-0.2550,8.5006,0.9804
G,237766405,-1.055677,1.862082,0.141680
A,237767862,-0.3232,8.4575,1.1349
G,237768913,-1.034372,1.780057,0.102265
A,237770316,-0.4022,8.4216,1.2893
G,237771408,-1.001348,1.696966,0.063916
TRK,237770,0.27640,0.23680,0.70894,0.60410,0.9525,3.0647,-0.4060,0.000,0.000,0.000,3,5
A,237772790,-0.4741,8.3821,1.4114
G,237773884,-0.954477,1.613876,0.030893
A,237775261,-0.5531,8.3462,1.5263
G,237776391,-0.904409,1.530785,-0.002131
A,237777716,-0.6213,8.3139,1.6125
G,237778886,-0.859668,1.450890,-0.030893
A,237780201,-0.6859,8.2923,1.7238
G,237781373,-0.823449,1.375256,-0.055394
A,237782673,-0.7254,8.2708,1.8747
G,237783880,-0.786165,1.302818,-0.074569
A,237785129,-0.7506,8.2564,2.0435
G,237786375,-0.733967,1.231446,-0.092678
A,237787606,-0.7578,8.2492,2.2158
G,237788852,-0.660464,1.157942,-0.112918
A,237790078,-0.7506,8.2456,2.3631
G,237791359,-0.574178,1.080178,-0.135289
A,237792536,-0.7290,8.2492,2.4672
G,237793855,-0.492152,0.993892,-0.160855
TRK,237793,0.26882,0.22486,0.70793,0.61320,0.9525,3.0647,-0.4060,0.000,0.000,0.000,3,5
A,237795025,-0.6931,8.2528,2.5426
G,237796342,-0.426106,0.899083,-0.192813
A,237797497,-0.6464,8.2636,2.6073
G,237798856,-0.378169,0.795752,-0.229032
A,237799963,-0.5997,8.2780,2.6612
G,237801351,-0.347276,0.684965,-0.269512
A,237802434,-0.5567,8.2995,2.7258
G,237803848,-0.323840,0.569916,-0.312122
A,237804886,-0.5207,8.3318,2.7940
G,237806344,-0.300405,0.452737,-0.353668
A,237807368,-0.5028,8.3677,2.8551
G,237808821,-0.271642,0.335558,-0.392017
A,237809839,-0.4992,8.4144,2.9054
TRK,237808,0.26766,0.21965,0.70808,0.61542,0.9525,3.0647,-0.4060,0.000,0.000,0.000,3,5
G,237811316,-0.237554,0.218379,-0.426106
A,237812289,-0.5207,8.4575,2.9233
G,237813812,-0.199204,0.103331,-0.453803
A,237814783,-0.5567,8.5006,2.9161
G,237816299,-0.155529,-0.009587,-0.472977
A,237817255,-0.6069,8.5473,2.8730
G,237818818,-0.104396,-0.116114,-0.482565
A,237819729,-0.6608,8.5760,2.7869
G,237821313,-0.043676,-0.217314,-0.494283
A,237822201,-0.7219,8.6048,2.6540
G,237823801,0.020240,-0.308927,-0.504935
A,237824647,-0.7901,8.6299,2.4960
G,237826297,0.082025,-0.396278,-0.517718
A,237827134,-0.8619,8.6514,2.3128
G,237828775,0.134223,-0.475108,-0.526241
A,237829605,-0.9194,8.6874,2.1404
G,237831284,0.175769,-0.549676,-0.532632
A,237832073,-0.9697,8.7233,1.9824
G,237833780,0.207727,-0.617853,-0.534763
TRK,237832,0.27397,0.21688,0.70849,0.61315,0.9525,3.0647,-0.4060,0.000,0.000,0.000,3,5
A,237834560,-0.9876,8.7700,1.8495
G,237836257,0.239684,-0.682835,-0.535828
A,237837032,-0.9876,8.8166,1.7310
G,237838756,0.276969,-0.745685,-0.536893
A,237839491,-0.9625,8.8669,1.6197
G,237841252,0.321710,-0.807470,-0.539024
A,237841981,-0.9230,8.9172,1.5048
G,237843731,0.368581,-0.866060,-0.543285
A,237844453,-0.8799,8.9711,1.3719
G,237846232,0.413323,-0.917193,-0.547546
A,237846915,-0.8404,9.0285,1.2246
G,237848728,0.446346,-0.966195,-0.549676
A,237849396,-0.8116,9.0752,1.0810
G,237851198,0.461259,-1.016262,-0.550742
A,237851868,-0.7901,9.1255,0.9553
G,237853698,0.463390,-1.065264,-0.547546
A,237854330,-0.7829,9.1686,0.8440
G,237856193,0.469782,-1.110005,-0.542220
TRK,237854,0.28431,0.21980,0.70957,0.60610,0.9525,3.0647,-0.4060,0.000,0.000,0.000,3,5
A,237856815,-0.7649,9.2189,0.7470
G,237858665,0.493217,-1.145159,-0.532632
A,237859287,-0.7542,9.2727,0.6321
G,237861156,0.531567,-1.173921,-0.520914
A,237861741,-0.7398,9.3338,0.4848
G,237863667,0.574178,-1.198422,-0.507066
A,237864216,-0.7254,9.3913,0.3196
G,237866163,0.607201,-1.222924,-0.494283
A,237866687,-0.7075,9.4344,0.1437
G,237868644,0.630637,-1.244229,-0.483630
A,237869133,-0.6788,9.4774,-0.0251
G,237871142,0.646616,-1.264469,-0.470847
A,237871597,-0.6428,9.5134,-0.1832
G,237873663,0.658333,-1.284709,-0.456998
A,237874085,-0.6069,9.5529,-0.3304
G,237876159,0.671117,-1.306014,-0.449542
A,237876557,-0.5746,9.5852,-0.4884
TRK,237872,0.29224,0.22372,0.71040,0.59989,0.9525,3.0647,-0.4060,0.000,0.000,0.000,3,5
G,237878660,0.683900,-1.328385,-0.447411
A,237879026,-0.5531,9.6319,-0.6536
G,237881156,0.693487,-1.348625,-0.447411
A,237881497,-0.5423,9.6786,-0.8296
G,237883637,0.693487,-1.367800,-0.442085
A,237883947,-0.5387,9.7396,-0.9840
G,237886148,0.681769,-1.381648,-0.431432
A,237886428,-0.5100,9.7935,-1.1169
G,237888644,0.673247,-1.393366,-0.417584
A,237888900,-0.4956,9.8581,-1.2426
G,237891135,0.682835,-1.399758,-0.400539
A,237891361,-0.4633,9.9084,-1.3755
G,237893631,0.710531,-1.395496,-0.386691
A,237893854,-0.4417,9.9659,-1.5622
G,237896103,0.735032,-1.381648,-0.371777
A,237896326,-0.4310,10.0269,-1.7741
TRK,237892,0.30456,0.23146,0.71149,0.58944,0.9525,3.0647,-0.4060,0.000,0.000,0.000,3,5
G,237898605,0.738228,-1.359277,-0.356864
A,237898799,-0.4094,10.0808,-1.9860
G,237901100,0.715858,-1.337972,-0.341950
A,237901270,-0.3843,10.1275,-2.1620
G,237903583,0.680704,-1.315602,-0.332363
A,237903725,-0.3519,10.1634,-2.3092
G,237906095,0.653007,-1.291101,-0.324906
A,237906210,-0.3268,10.1993,-2.4313
G,237908591,0.635963,-1.262338,-0.323840
A,237908682,-0.3017,10.2424,-2.5714
G,237911083,0.621049,-1.231446,-0.323840
A,237911148,-0.2801,10.2927,-2.7150
G,237913579,0.592287,-1.193096,-0.322775
A,237913620,-0.2478,10.3573,-2.8587
G,237916052,0.547546,-1.149420,-0.317449
A,237916067,-0.1975,10.4291,-2.9556
TRK,237915,0.31558,0.23929,0.71221,0.57957,0.9525,3.0647,-0.4060,0.000,0.000,0.000,3,5
A,237918534,-0.1329,10.5046,-3.0095
G,237918543,0.492152,-1.097222,-0.302535
A,237921023,-0.0467,10.5800,-3.0059
G,237921056,0.442085,-1.039698,-0.284426
A,237923494,0.0431,10.6554,-2.9844
G,237923552,0.410127,-0.978978,-0.262055
A,237925951,0.1365,10.7236,-2.9592
G,237926032,0.399474,-0.917193,-0.239684
A,237928432,0.2191,10.7847,-2.9592
G,237928536,0.406931,-0.853277,-0.213053
A,237930904,0.2945,10.8421,-2.9880
G,237931031,0.419714,-0.788296,-0.180030
A,237933365,0.3555,10.8888,-3.0382
G,237933515,0.427171,-0.725445,-0.143811
TRK,237934,0.32180,0.24350,0.71230,0.57427,0.9525,3.0647,-0.4060,0.000,0.000,0.000,3,5
A,237935858,0.4202,10.9247,-3.1029
G,237936029,0.423975,-0.661529,-0.105461
A,237938329,0.4812,10.9463,-3.1568
G,237938547,0.410127,-0.597613,-0.069242
A,237940778,0.5459,10.9607,-3.2034
G,237941043,0.390952,-0.531567,-0.037284
A,237943262,0.6105,10.9642,-3.2322
G,237943546,0.369647,-0.467651,-0.008522
A,237945734,0.6644,10.9642,-3.2501
G,237946042,0.345146,-0.405866,0.015979
A,237948190,0.7039,10.9499,-3.2717
G,237948517,0.315318,-0.345146,0.041545
TRK,237949,0.32413,0.24630,0.71273,0.57122,0.9525,3.0647,-0.4060,0.000,0.000,0.000,3,5
A,237950686,0.7290,10.9319,-3.2896
G,237951031,0.281230,-0.287621,0.062851
A,237953158,0.7326,10.9104,-3.3148
G,237953527,0.242880,-0.234358,0.079895
A,237955635,0.7147,10.8924,-3.3399
G,237956020,0.200270,-0.178964,0.095874
A,237958106,0.6895,10.8816,-3.3579
G,237958516,0.153398,-0.119310,0.112918
A,237960564,0.6500,10.8745,-3.3543
G,237960990,0.106526,-0.055394,0.131028
A,237963043,0.6105,10.8637,-3.3399
G,237963485,0.060720,0.010653,0.149137
A,237965542,0.5710,10.8421,-3.2932
G,237965999,0.018109,0.077764,0.167247
A,237968014,0.5351,10.8170,-3.2322
G,237968495,-0.015979,0.145941,0.186421
A,237970493,0.5136,10.7883,-3.1603
G,237970989,-0.036219,0.214118,0.206661
A,237972965,0.4920,10.7595,-3.0849
G,237973485,-0.045806,0.283360,0.227967
A,237975425,0.4920,10.7236,-3.0239
G,237975959,-0.050067,0.350472,0.250337
TRK,237975,0.32289,0.24779,0.71292,0.57104,0.9525,3.0647,-0.4060,0.000,0.000,0.000,3,5
A,237977905,0.4956,10.6949,-2.9592
G,237978452,-0.059655,0.416518,0.270577
A,237980376,0.5100,10.6626,-2.9054
G,237980968,-0.082025,0.478304,0.285491
A,237982828,0.5279,10.6374,-2.8228
G,237983463,-0.117179,0.532632,0.292948
A,237985312,0.5459,10.6051,-2.7402
G,237985958,-0.159790,0.578439,0.296144
A,237987783,0.5423,10.5728,-2.6396
G,237988474,-0.199204,0.616788,0.296144
A,237990239,0.5351,10.5297,-2.5355
G,237990970,-0.231162,0.648746,0.294013
A,237992710,0.5028,10.4866,-2.4313
G,237993475,-0.254598,0.680704,0.294013
A,237995156,0.4741,10.4435,-2.3308
G,237995971,-0.275903,0.713727,0.296144
TRK,237995,0.31779,0.24581,0.71306,0.57457,0.9525,3.0647,-0.4060,0.000,0.000,0.000,3,5
A,237997632,0.4381,10.4076,-2.2230
G,237998455,-0.296144,0.748881,0.302535
A,238000104,0.4058,10.3717,-2.1189
G,238000970,-0.316384,0.779773,0.312122
A,238002562,0.3843,10.3465,-2.0039
G,238003466,-0.332363,0.808536,0.323840
A,238005050,0.3627,10.3070,-1.8962
G,238005961,-0.339819,0.834102,0.333428
A,238007522,0.3412,10.2639,-1.7992
G,238008457,-0.338754,0.860734,0.338754
A,238009991,0.3196,10.2065,-1.7131
G,238010932,-0.334493,0.884169,0.339819
A,238012463,0.2981,10.1418,-1.6484
G,238013427,-0.333428,0.904409,0.337689
A,238014933,0.2729,10.0808,-1.5802
G,238015903,-0.343015,0.921454,0.337689
A,238017405,0.2586,10.0269,-1.5083
TRK,238012,0.31193,0.24262,0.71299,0.57921,0.9525,3.0647,-0.4060,0.000,0.000,0.000,3,5
G,238018409,-0.357929,0.934237,0.335558
A,238019857,0.2406,9.9730,-1.4222
G,238020905,-0.378169,0.944889,0.332363
A,238022340,0.2155,9.9264,-1.3144
G,238023391,-0.396278,0.949151,0.325971
A,238024811,0.1796,9.8797,-1.2031
G,238025908,-0.411192,0.949151,0.320645
A,238027275,0.1365,9.8330,-1.0882
G,238028403,-0.419714,0.945955,0.315318
A,238029769,0.0862,9.7863,-0.9840
G,238030899,-0.423975,0.943824,0.312122
A,238032241,0.0431,9.7432,-0.8906
TRK,238031,0.30549,0.23868,0.71284,0.58444,0.9525,3.0647,-0.4060,0.000,0.000,0.000,3,5
G,238033412,-0.426106,0.938498,0.309992
A,238034702,-0.0072,9.7001,-0.8009
G,238035908,-0.423975,0.932106,0.307861
A,238037188,-0.0539,9.6498,-0.7183
G,238038394,-0.415453,0.925715,0.308927
A,238039660,-0.0970,9.6067,-0.6357
G,238040910,-0.402670,0.920388,0.311057
A,238042126,-0.1329,9.5600,-0.5531
G,238043406,-0.386691,0.913997,0.313188
A,238044610,-0.1544,9.5098,-0.4776
G,238045889,-0.370712,0.905475,0.311057
A,238047082,-0.1724,9.4631,-0.3986
G,238048395,-0.355798,0.894822,0.303600
A,238049540,-0.1796,9.4092,-0.3412
G,238050891,-0.344080,0.885235,0.297209
A,238052029,-0.1867,9.3697,-0.2873
G,238053377,-0.338754,0.873517,0.289752
A,238054501,-0.1832,9.3266,-0.2298
TRK,238053,0.29755,0.23363,0.71255,0.59090,0.9525,3.0647,-0.4060,0.000,0.000,0.000,3,5
G,238055881,-0.339819,0.857538,0.283360
A,238056958,-0.1832,9.2871,-0.1472
G,238058377,-0.346211,0.835167,0.276969
A,238059438,-0.1724,9.2548,-0.0359
G,238060853,-0.350472,0.809601,0.272708
A,238061910,-0.1580,9.2189,0.0934
G,238063361,-0.341950,0.782969,0.268447
A,238064372,-0.1472,9.1794,0.2119
G,238065856,-0.320645,0.753142,0.264186
A,238066851,-0.1544,9.1470,0.2909
G,238068330,-0.292948,0.720119,0.256729
A,238069322,-0.1760,9.1040,0.3448
G,238070828,-0.268447,0.688161,0.251402
A,238071776,-0.2119,9.0716,0.3843
G,238073323,-0.253533,0.657268,0.245011
A,238074260,-0.2550,9.0357,0.4310
G,238075801,-0.245011,0.624245,0.239684
A,238076731,-0.2837,8.9962,0.5028
TRK,238072,0.29159,0.22992,0.71230,0.59561,0.9525,3.0647,-0.4060,0.000,0.000,0.000,3,5
G,238078309,-0.230097,0.586961,0.230097
A,238079197,-0.3053,8.9567,0.5818
G,238080805,-0.200270,0.549676,0.220510
A,238081668,-0.3268,8.9136,0.6393
G,238083291,-0.156594,0.512392,0.208792
A,238084113,-0.3268,8.8741,0.6644
G,238085809,-0.105461,0.474043,0.197074
A,238086590,-0.3232,8.8346,0.6572
G,238088305,-0.061785,0.432497,0.183225
A,238089062,-0.3124,8.8059,0.6357
G,238090803,-0.035154,0.385626,0.162985
A,238091520,-0.2909,8.7807,0.6105
G,238093299,-0.026632,0.337689,0.136354
A,238094010,-0.2729,8.7771,0.6105
G,238095777,-0.027697,0.287621,0.104396
A,238096481,-0.2406,8.7771,0.6357
G,238098276,-0.027697,0.236489,0.070307
A,238098942,-0.2047,8.7843,0.6788
TRK,238095,0.28726,0.22773,0.71249,0.59831,0.9525,3.0647,-0.4060,0.000,0.000,0.000,3,5
G,238100795,-0.019175,0.184291,0.038350
A,238101423,-0.1652,8.7987,0.7183
G,238103290,-0.003196,0.129962,0.009587
A,238103894,-0.1329,8.8202,0.7434
G,238105776,0.014914,0.074569,-0.017044
A,238106344,-0.1113,8.8382,0.7470
G,238108285,0.031958,0.017044,-0.038350
A,238108817,-0.1077,8.8633,0.7470
G,238110780,0.046872,-0.040480,-0.057524
A,238111288,-0.1113,8.8885,0.7398
G,238113269,0.066046,-0.094809,-0.074569
A,238113742,-0.1185,8.9172,0.7326
TRK,238110,0.28694,0.22719,0.71272,0.59840,0.9525,3.0647,-0.4060,0.000,0.000,0.000,3,5
G,238115788,0.095874,-0.144876,-0.090547
A,238116227,-0.1293,8.9423,0.7111
G,238118283,0.139550,-0.190682,-0.104396
A,238118699,-0.1293,8.9711,0.6716
G,238120782,0.189617,-0.234358,-0.113983
A,238121165,-0.1221,8.9854,0.6105
G,238123278,0.239684,-0.278034,-0.125701
A,238123636,-0.1041,8.9962,0.5315
G,238125757,0.280165,-0.322775,-0.141680
A,238126084,-0.0790,9.0034,0.4345
G,238128266,0.306796,-0.369647,-0.164051
A,238128562,-0.0431,9.0249,0.3340
G,238130761,0.320645,-0.419714,-0.192813
A,238131033,-0.0036,9.0573,0.2263
G,238133250,0.322775,-0.469782,-0.223706
A,238133492,0.0323,9.1004,0.1293
TRK,238130,0.28936,0.22826,0.71347,0.59593,0.9525,3.0647,-0.4060,0.000,0.000,0.000,3,5
G,238135769,0.315318,-0.519849,-0.257794
A,238135982,0.0611,9.1578,0.0467
G,238138265,0.305731,-0.565655,-0.288687
A,238138454,0.0862,9.2261,-0.0144
G,238140764,0.299339,-0.608266,-0.318514
A,238140925,0.1006,9.3015,-0.0539
G,238143260,0.302535,-0.646616,-0.343015
A,238143396,0.1221,9.3733,-0.0970
G,238145739,0.320645,-0.679639,-0.356864
A,238145848,0.1401,9.4451,-0.1437
G,238148248,0.351537,-0.710531,-0.363255
A,238148331,0.1544,9.5026,-0.2119
G,238150744,0.392017,-0.741424,-0.363255
A,238150803,0.1688,9.5565,-0.2981
G,238153233,0.432497,-0.771251,-0.365386
A,238153267,0.1796,9.6067,-0.4094
TRK,238150,0.29518,0.23047,0.71430,0.59120,0.9525,3.0647,-0.4060,0.000,0.000,0.000,3,5
G,238155753,0.470847,-0.800014,-0.369647
A,238155761,0.1832,9.6498,-0.5423
A,238158232,0.1760,9.6929,-0.6895
G,238158249,0.502805,-0.825580,-0.372843
A,238160708,0.1508,9.7252,-0.8404
G,238160748,0.525175,-0.849016,-0.376038
A,238163179,0.1329,9.7468,-0.9912
G,238163244,0.537959,-0.870321,-0.381365
A,238165636,0.0862,9.7648,-1.1636
G,238165723,0.547546,-0.890561,-0.388821
A,238168123,0.0646,9.7863,-1.3647
G,238168233,0.556068,-0.905475,-0.404800
A,238170594,0.0359,9.8186,-1.5766
G,238170728,0.555003,-0.915062,-0.418649
A,238173062,0.0108,9.8617,-1.7597
G,238173218,0.531567,-0.920388,-0.428236
A,238175534,0.0036,9.9192,-1.8818
G,238175714,0.485761,-0.921454,-0.429302
TRK,238170,0.30265,0.23412,0.71565,0.58432,0.9525,3.0647,-0.4060,0.000,0.000,0.000,3,5
A,238177983,-0.0036,9.9730,-1.9178
G,238178184,0.437824,-0.919323,-0.426106
A,238180453,-0.0072,10.0413,-1.9178
G,238180674,0.409062,-0.910801,-0.423975
A,238182944,-0.0072,10.1167,-1.9321
G,238183184,0.412257,-0.892692,-0.419714
A,238185415,-0.0072,10.1921,-1.9860
G,238185680,0.436758,-0.871386,-0.415453
A,238187886,0.0108,10.2711,-2.0758
G,238188171,0.463390,-0.846885,-0.404800
A,238190358,0.0359,10.3430,-2.1727
G,238190666,0.475108,-0.818123,-0.387756
A,238192811,0.0826,10.4076,-2.2482
G,238193137,0.471912,-0.784035,-0.364320
TRK,238192,0.31148,0.23792,0.71668,0.57684,0.9525,3.0647,-0.4060,0.000,0.000,0.000,3,5
A,238195283,0.1472,10.4615,-2.2948
G,238195628,0.461259,-0.749946,-0.335558
A,238197778,0.2155,10.5046,-2.3200
G,238198139,0.456998,-0.717988,-0.309992
A,238200249,0.2837,10.5333,-2.3487
G,238200635,0.465521,-0.688161,-0.287621
A,238202711,0.3304,10.5548,-2.4062
G,238203113,0.482565,-0.660464,-0.266316
A,238205197,0.3627,10.5656,-2.4816
G,238205615,0.496413,-0.635963,-0.248207
A,238207668,0.3699,10.5764,-2.5893
G,238208111,0.499609,-0.615723,-0.230097
A,238210134,0.3627,10.5836,-2.6971
G,238210593,0.487891,-0.593352,-0.213053
A,238212632,0.3484,10.5800,-2.8120
G,238213105,0.464455,-0.569916,-0.196009
A,238215103,0.3196,10.5764,-2.9054
TRK,238214,0.31681,0.24114,0.71797,0.57097,0.9525,3.0647,-0.4060,0.000,0.000,0.000,3,5
G,238215622,0.431432,-0.543285,-0.180030
A,238217555,0.2801,10.5692,-2.9916
G,238218118,0.395213,-0.515588,-0.166181
A,238220044,0.2370,10.5656,-3.0634
G,238220619,0.360059,-0.484695,-0.152333
A,238222516,0.1867,10.5656,-3.1173
G,238223115,0.328101,-0.448476,-0.138484
A,238224976,0.1365,10.5692,-3.1639
G,238225588,0.298274,-0.410127,-0.124636
A,238227465,0.0826,10.5692,-3.1963
G,238228088,0.269512,-0.365386,-0.109722
A,238229936,0.0431,10.5692,-3.2214
G,238230584,0.239684,-0.314253,-0.091613
A,238232397,0.0144,10.5692,-3.2286
G,238233056,0.213053,-0.255663,-0.069242
TRK,238233,0.32007,0.24343,0.71873,0.56721,0.9525,3.0647,-0.4060,0.000,0.000,0.000,3,5
A,238234889,0.0000,10.5620,-3.2250
G,238235559,0.190682,-0.190682,-0.041545
A,238237360,0.0072,10.5548,-3.2106
G,238238055,0.173638,-0.123571,-0.011718
A,238239826,0.0108,10.5512,-3.1891
G,238240532,0.161920,-0.057524,0.017044
A,238242318,0.0323,10.5477,-3.1711
G,238243034,0.153398,0.003196,0.042611
A,238244790,0.0575,10.5477,-3.1388
G,238245529,0.142745,0.060720,0.068177
A,238247274,0.0970,10.5369,-3.0921
G,238248023,0.126766,0.111853,0.093743
A,238249745,0.1437,10.5082,-3.0382
G,238250519,0.108657,0.156594,0.119310
A,238252210,0.1724,10.4686,-2.9880
G,238252992,0.088417,0.196009,0.143811
TRK,238252,0.31957,0.24400,0.71945,0.56632,0.9525,3.0647,-0.4060,0.000,0.000,0.000,3,5
A,238254694,0.1975,10.4184,-2.9485
G,238255485,0.071373,0.232228,0.160855
A,238257166,0.1939,10.3825,-2.9341
G,238258000,0.053263,0.266316,0.172573
A,238259622,0.1760,10.3537,-2.9233
G,238260495,0.027697,0.299339,0.180030
A,238262110,0.1508,10.3358,-2.9090
G,238262990,-0.010653,0.333428,0.187487
A,238264581,0.1185,10.3178,-2.8587
G,238265505,-0.058590,0.368581,0.192813
A,238267041,0.0934,10.2999,-2.7689
G,238268001,-0.105461,0.407996,0.201335
A,238269512,0.0682,10.2783,-2.6540
G,238270505,-0.139550,0.451672,0.214118
A,238271962,0.0539,10.2568,-2.5283
G,238273001,-0.154463,0.496413,0.229032
TRK,238272,0.31631,0.24307,0.71988,0.56802,0.9525,3.0647,-0.4060,0.000,0.000,0.000,3,5
A,238274442,0.0539,10.2352,-2.4169
G,238275485,-0.153398,0.540089,0.243946
A,238276914,0.0646,10.2137,-2.3236
G,238277999,-0.145941,0.580569,0.260990
A,238279375,0.0862,10.1849,-2.2374
G,238280495,-0.141680,0.623180,0.280165
A,238281868,0.1185,10.1562,-2.1548
G,238282989,-0.143811,0.665790,0.301470
A,238284339,0.1544,10.1239,-2.0506
G,238285504,-0.152333,0.705205,0.318514
A,238286803,0.1975,10.0844,-1.9357
G,238288000,-0.159790,0.737163,0.332363
A,238289287,0.2406,10.0485,-1.8064
G,238290484,-0.165116,0.762729,0.340885
A,238291758,0.2801,10.0090,-1.6700
TRK,238291,0.31126,0.24110,0.72028,0.57112,0.9525,3.0647,-0.4060,0.000,0.000,0.000,3,5
G,238292999,-0.164051,0.784035,0.345146
A,238294223,0.3053,9.9587,-1.5479
G,238295494,-0.164051,0.796818,0.344080
A,238296694,0.3232,9.9120,-1.4329
G,238297989,-0.165116,0.801079,0.343015
A,238299140,0.3160,9.8581,-1.3360
G,238300484,-0.167247,0.794687,0.341950
A,238301617,0.2945,9.7971,-1.2498
G,238302959,-0.168312,0.782969,0.340885
A,238304112,0.2586,9.7396,-1.1815
G,238305450,-0.165116,0.770186,0.336624
A,238306583,0.2047,9.6822,-1.1277
G,238307966,-0.158724,0.757403,0.327036
A,238309051,0.1472,9.6211,-1.1025
G,238310461,-0.155529,0.744620,0.311057
A,238311523,0.0862,9.5672,-1.0774
TRK,238310,0.30442,0.23839,0.72092,0.57513,0.9525,3.0647,-0.4060,0.000,0.000,0.000,3,5
G,238312956,-0.161920,0.729706,0.290817
A,238313972,0.0359,9.5205,-1.0558
G,238315452,-0.174703,0.713727,0.270577
A,238316443,-0.0072,9.4703,-1.0271
G,238317947,-0.192813,0.698813,0.253533
A,238318895,-0.0431,9.4344,-0.9732
G,238320443,-0.211988,0.687096,0.238619
A,238321377,-0.0754,9.4056,-0.9086
G,238322918,-0.226901,0.674312,0.222640
A,238323848,-0.0970,9.3841,-0.8152
G,238325413,-0.233293,0.659399,0.207727
A,238326299,-0.1113,9.3733,-0.7147
G,238327928,-0.229032,0.642354,0.192813
A,238328773,-0.1185,9.3661,-0.6105
G,238330424,-0.215183,0.624245,0.180030
A,238331251,-0.1149,9.3518,-0.5171
G,238332893,-0.194943,0.602940,0.167247
A,238333722,-0.1149,9.3482,-0.4345
G,238335399,-0.169377,0.580569,0.157659
A,238336187,-0.1041,9.3338,-0.3627
G,238337895,-0.143811,0.557133,0.152333
A,238338659,-0.0862,9.3230,-0.2909
TRK,238333,0.29842,0.23500,0.72124,0.57925,0.9525,3.0647,-0.4060,0.000,0.000,0.000,3,5
G,238340381,-0.118244,0.530502,0.149137
A,238341106,-0.0790,9.3015,-0.2227
G,238342898,-0.094809,0.496413,0.145941
A,238343584,-0.0826,9.2727,-0.1724
G,238345393,-0.069242,0.456998,0.138484
A,238346055,-0.1006,9.2404,-0.1437
G,238347890,-0.042611,0.413323,0.131028
A,238348514,-0.1329,9.2009,-0.1437
G,238350404,-0.015979,0.366451,0.117179
A,238350991,-0.1688,9.1686,-0.1616
G,238352899,0.009587,0.319579,0.104396
A,238353463,-0.2011,9.1327,-0.1939
G,238355386,0.029827,0.267381,0.088417
A,238355913,-0.2334,9.0968,-0.2298
TRK,238352,0.29476,0.23289,0.72181,0.58126,0.9525,3.0647,-0.4060,0.000,0.000,0.000,3,5
G,238357902,0.042611,0.217314,0.073503
A,238358395,-0.2622,9.0609,-0.2586
G,238360398,0.050067,0.166181,0.055394
A,238360866,-0.2909,9.0357,-0.2837
G,238362894,0.053263,0.118244,0.035154
A,238363329,-0.3160,9.0178,-0.3053
G,238365390,0.055394,0.072438,0.013848
A,238365800,-0.3376,9.0142,-0.3232
G,238367866,0.059655,0.031958,-0.008522
A,238368244,-0.3484,9.0285,-0.3376
G,238370373,0.066046,-0.004261,-0.031958
A,238370719,-0.3555,9.0429,-0.3484
G,238372869,0.078830,-0.035154,-0.052198
A,238373191,-0.3376,9.0573,-0.3484
G,238375356,0.098004,-0.062851,-0.067112
A,238375647,-0.3160,9.0716,-0.3412
TRK,238372,0.29406,0.23245,0.72236,0.58111,0.9525,3.0647,-0.4060,0.000,0.000,0.000,3,5
G,238377873,0.121440,-0.089482,-0.076699
A,238378134,-0.2801,9.0860,-0.3232
G,238380368,0.143811,-0.117179,-0.088417
A,238380605,-0.2263,9.1004,-0.3160
G,238382865,0.164051,-0.149137,-0.105461
A,238383073,-0.1688,9.1255,-0.3089
G,238385361,0.178964,-0.182160,-0.124636
A,238385545,-0.1006,9.1506,-0.3160
G,238387838,0.191748,-0.218379,-0.142745
A,238387994,-0.0323,9.1866,-0.3340
G,239171269,0.323840,-1.157942,-0.502805
A,239171375,0.1077,11.0217,-3.2250
G,239173764,0.284426,-1.157942,-0.514523
A,239173846,-0.0108,11.0109,-3.5015
G,239176251,0.215183,-1.149420,-0.529436
A,239176307,-0.1329,11.0145,-3.7781
G,239178770,0.112918,-1.129180,-0.545415
A,239178800,-0.2586,11.0289,-4.0079
G,239181265,-0.007457,-1.092961,-0.556068
A,239181271,-0.3699,11.0756,-4.1408
A,239183725,-0.4381,11.1259,-4.1695
G,239183744,-0.124636,-1.039698,-0.560329
A,239186211,-0.4597,11.1977,-4.1013
G,239186253,-0.213053,-0.968325,-0.549676
A,239188682,-0.4310,11.2731,-3.9899
G,239188748,-0.259925,-0.878843,-0.520914
A,239191148,-0.3663,11.3449,-3.8750
G,239191237,-0.260990,-0.786165,-0.476173
A,239193644,-0.2873,11.4096,-3.7996
G,239193756,-0.229032,-0.696683,-0.417584
A,239196115,-0.2011,11.4383,-3.7673
G,239196252,-0.181095,-0.615723,-0.344080
TRK,239192,0.40379,0.27132,0.71547,0.50145,0.9525,3.0647,-0.4060,0.000,0.000,0.000,3,5
A,239198592,-0.1041,11.4311,-3.7816
G,239198751,-0.127832,-0.535828,-0.259925
A,239201064,0.0036,11.3844,-3.8391
G,239201246,-0.070307,-0.448476,-0.168312
A,239203522,0.1221,11.3090,-3.9433
G,239203725,-0.008522,-0.346211,-0.077764
A,239206011,0.2478,11.2120,-4.0833
G,239206235,0.043676,-0.229032,0.003196
A,239208482,0.3843,11.1115,-4.2306
G,239208730,0.063916,-0.110787,0.062851
A,239210952,0.5136,11.0109,-4.3419
G,239211220,0.036219,-0.008522,0.102265
A,239213423,0.6249,10.9176,-4.4065
G,239213739,-0.035154,0.077764,0.122505
A,239215874,0.7147,10.8278,-4.3958
G,239216235,-0.135289,0.151268,0.128897
A,239218357,0.7470,10.7452,-4.3455
G,239218734,-0.245011,0.211988,0.124636
A,239220828,0.7398,10.6734,-4.2701
G,239221254,-0.345146,0.258859,0.113983
A,239223281,0.6680,10.6087,-4.2090
G,239223749,-0.421845,0.300405,0.101200
TRK,239216,0.40735,0.27174,0.71393,0.50053,0.9525,3.0647,-0.4060,0.000,0.000,0.000,3,5
A,239225755,0.5531,10.5548,-4.1695
G,239226238,-0.478304,0.351537,0.093743
A,239228226,0.3950,10.5010,-4.1695
G,239228757,-0.520914,0.416518,0.096939
A,239230681,0.2191,10.4543,-4.1659
G,239231253,-0.560329,0.494283,0.104396
A,239233153,0.0323,10.4040,-4.1551
G,239233772,-0.595483,0.582700,0.117179
A,239235609,-0.1329,10.3358,-4.0941
G,239236267,-0.622114,0.680704,0.136354
A,239238097,-0.2586,10.2639,-3.9935
G,239238766,-0.626375,0.780839,0.160855
A,239240568,-0.3268,10.1813,-3.8822
G,239241261,-0.604005,0.876713,0.184291
A,239243036,-0.3412,10.1095,-3.7960
G,239243740,-0.563525,0.967260,0.193878
A,239245507,-0.3089,10.0485,-3.7493
TRK,239240,0.40420,0.26694,0.71284,0.50717,0.9525,3.0647,-0.4060,0.000,0.000,0.000,3,5
G,239246249,-0.529436,1.048220,0.185356
A,239247956,-0.2298,9.9946,-3.7206
G,239248744,-0.529436,1.117462,0.160855
A,239250437,-0.1185,9.9587,-3.6524
G,239251233,-0.578439,1.171791,0.124636
A,239252908,0.0144,9.9300,-3.5195
G,239253729,-0.666856,1.212271,0.080960
A,239255389,0.1760,9.9084,-3.3112
G,239256218,-0.768056,1.241033,0.028762
A,239257861,0.3304,9.9012,-3.0598
G,239258738,-0.857538,1.260208,-0.034088
A,239260323,0.4776,9.9012,-2.8012
G,239261233,-0.923584,1.266599,-0.098004
A,239262794,0.6033,9.9048,-2.5606
G,239263733,-0.974717,1.260208,-0.156594
A,239265238,0.6895,9.9048,-2.3631
G,239266228,-1.020523,1.242098,-0.206661
A,239267709,0.7326,9.9012,-2.2015
G,239268727,-1.066330,1.214401,-0.250337
A,239270154,0.7398,9.8869,-2.0937
G,239271223,-1.105744,1.176052,-0.281230
TRK,239266,0.39630,0.25573,0.71386,0.51764,0.9525,3.0647,-0.4060,0.000,0.000,0.000,3,5
A,239272631,0.6752,9.8761,-2.0255
G,239273702,-1.134507,1.138768,-0.303600
A,239275102,0.5710,9.8366,-2.0039
G,239276212,-1.150486,1.111071,-0.313188
A,239277559,0.4238,9.7899,-1.9896
G,239278708,-1.157942,1.099353,-0.314253
A,239280048,0.2478,9.7037,-1.9644
G,239281197,-1.155812,1.099353,-0.303600
A,239282519,0.0718,9.5924,-1.9465
G,239283711,-1.135572,1.104679,-0.284426
A,239284982,-0.1149,9.4667,-1.9501
G,239286206,-1.088700,1.117462,-0.266316
A,239287453,-0.3089,9.3230,-2.0111
TRK,239282,0.39369,0.24625,0.71336,0.52487,0.9525,3.0647,-0.4060,0.000,0.000,0.000,3,5
G,239288706,-1.019458,1.143029,-0.253533
A,239289903,-0.4920,9.1758,-2.1332
G,239291201,-0.949151,1.182443,-0.248207
A,239292385,-0.6536,9.0178,-2.2805
G,239293681,-0.904409,1.222924,-0.250337
A,239294856,-0.7757,8.8562,-2.4313
G,239296192,-0.896953,1.255947,-0.263120
A,239297318,-0.8475,8.6802,-2.5678
G,239298687,-0.920388,1.282578,-0.297209
A,239299812,-0.8871,8.5186,-2.7473
G,239301177,-0.970456,1.309210,-0.360059
A,239302283,-0.9337,8.3821,-2.9628
TRK,239302,0.38925,0.23388,0.71349,0.53359,0.9525,3.0647,-0.4060,0.000,0.000,0.000,3,5
G,239303698,-1.058873,1.331581,-0.460194
A,239304757,-0.9840,8.2851,-3.1819
G,239306193,-1.213336,1.347559,-0.581634
A,239307228,-1.0594,8.2456,-3.3255
G,239308686,-1.438107,1.360343,-0.709466
A,239309675,-1.1492,8.2564,-3.2932
G,239311181,-1.702292,1.385909,-0.827710
A,239312160,-1.2390,8.3175,-3.0239
G,239313660,-1.941977,1.428519,-0.927845
A,239314631,-1.2965,8.4252,-2.5391
TRK,239310,0.38783,0.22523,0.71322,0.53868,0.9525,3.0647,-0.4060,0.000,0.000,0.000,3,5
G,239316171,-2.099636,1.486044,-0.999218
A,239317098,-1.3324,8.5617,-1.9501
G,239318666,-2.134790,1.548894,-1.036502
A,239319569,-1.3431,8.7233,-1.3862
G,239321152,-2.045308,1.611745,-1.043959
A,239322012,-1.3360,8.8849,-0.9697
G,239323647,-1.869539,1.666073,-1.033306
A,239324492,-1.3216,9.0357,-0.7542
G,239326119,-1.675661,1.708684,-1.003479
A,239326963,-1.3216,9.1614,-0.7075
G,239328620,-1.520132,1.738511,-0.958738
A,239329423,-1.3036,9.2548,-0.7542
G,239331116,-1.428519,1.759817,-0.912932
TRK,239330,0.38594,0.20214,0.71154,0.55127,0.9525,3.0647,-0.4060,0.000,0.000,0.000,3,5
A,239331915,-1.2857,9.3051,-0.8260
G,239333597,-1.394431,1.774730,-0.880974
A,239334386,-1.2677,9.3410,-0.8583
G,239336106,-1.400823,1.778991,-0.870321
A,239336854,-1.2426,9.3661,-0.8440
G,239338601,-1.425324,1.774730,-0.872451
A,239339325,-1.2246,9.3877,-0.8045
G,239341093,-1.455151,1.760882,-0.889496
A,239341778,-1.1995,9.4128,-0.7578
G,239343589,-1.490305,1.742772,-0.920388
A,239344249,-1.1995,9.4559,-0.7290
TRK,239338,0.38417,0.19404,0.71182,0.55504,0.9525,3.0647,-0.4060,0.000,0.000,0.000,3,5
G,239346081,-1.544633,1.718271,-0.962999
A,239346704,-1.2031,9.5098,-0.6967
G,239348595,-1.631985,1.684183,-1.006675
A,239349182,-1.2641,9.5888,-0.6105
G,239351091,-1.743838,1.642638,-1.041829
A,239351653,-1.3611,9.6929,-0.4489
G,239353588,-1.853560,1.600027,-1.066330
A,239354115,-1.5048,9.8043,-0.2263
G,239356084,-1.928128,1.562743,-1.072721
A,239356586,-1.6879,9.9264,0.0251
TRK,239351,0.38195,0.17993,0.71152,0.56167,0.9525,3.0647,-0.4060,0.000,0.000,0.000,3,5
G,239358566,-1.949434,1.537176,-1.053546
A,239359033,-1.8747,10.0413,0.2693
G,239361070,-1.915345,1.524393,-1.005610
A,239361504,-2.0435,10.1347,0.4812
G,239363566,-1.833320,1.525459,-0.929976
A,239363975,-2.1620,10.1993,0.6321
G,239366057,-1.718271,1.536111,-0.835167
A,239366434,-2.2553,10.2352,0.7111
G,239368553,-1.588309,1.552090,-0.733967
A,239368925,-2.3092,10.2388,0.7219
G,239371026,-1.465804,1.570200,-0.628506
A,239371396,-2.3415,10.2101,0.6859
G,239373523,-1.366734,1.594701,-0.521980
A,239373862,-2.3595,10.1670,0.6464
G,239376018,-1.292166,1.624528,-0.417584
A,239376333,-2.3559,10.1023,0.6285
TRK,239371,0.37944,0.15773,0.70883,0.57332,0.9525,3.0647,-0.4060,0.000,0.000,0.000,3,5
G,239378502,-1.232511,1.665008,-0.323840
A,239378786,-2.3343,10.0126,0.6321
G,239381016,-1.179248,1.715076,-0.250337
A,239381270,-2.2948,9.9228,0.6428
G,239383511,-1.134507,1.764078,-0.199204
A,239383741,-2.2482,9.8222,0.6608
G,239386013,-1.113201,1.801362,-0.169377
A,239386213,-2.1691,9.7396,0.7003
G,239388508,-1.121723,1.821602,-0.154463
A,239388685,-2.0506,9.6714,0.7183
G,239391002,-1.157942,1.834385,-0.150202
A,239391150,-2.2877,9.7217,0.7362
G,239393497,-1.220793,1.834385,-0.144876
A,239393622,-2.3810,9.6965,0.9912
G,239395972,-1.300688,1.793905,-0.089482
A,239396069,-2.4924,9.6570,1.3970
TRK,239396,0.36836,0.13711,0.70860,0.58600,0.9525,3.0647,-0.4060,0.000,0.000,0.000,3,5
G,239398476,-1.314536,1.705488,-0.001065
A,239398547,-2.5211,9.5277,1.7418
G,239400971,-1.187770,1.567004,0.052198
A,239401018,-2.2266,9.3230,1.7957
G,239403451,-0.958738,1.438107,0.003196
A,239403472,-2.1153,9.2189,1.2175
A,239405943,-2.1225,9.2045,0.3448
G,239405946,-0.844755,1.326254,-0.105461
A,239408397,-2.2841,9.2584,-0.2945
G,239408424,-1.037567,1.259143,-0.170442
A,239410888,-2.5103,9.2979,-0.1832
G,239410939,-1.515871,1.219728,-0.137419
A,239413359,-2.7078,9.2835,0.6967
G,239413435,-2.013350,1.216532,-0.011718
A,239415812,-2.9054,9.2296,1.9213
G,239415910,-2.200836,1.257012,0.155529
A,239418292,-3.0742,9.1435,2.8910
G,239418413,-1.923867,1.336907,0.323840
TRK,239419,0.35981,0.12205,0.70450,0.59943,0.9525,3.0647,-0.4060,0.000,0.000,0.000,3,5
A,239420786,-3.2501,9.0573,3.1819
G,239420928,-1.284709,1.445564,0.495348
A,239423257,-3.3399,8.9172,2.7904
G,239423424,-0.567786,1.558482,0.682835
A,239425731,-3.3148,8.7233,2.0291
G,239425919,-0.049002,1.656486,0.891626
A,239428202,-3.1352,8.4575,1.3180
G,239428415,0.147006,1.735316,1.092961
A,239430678,-2.8192,8.1415,0.9301
G,239430910,0.074569,1.785383,1.243164
A,239433149,-2.4744,7.8398,0.8978
G,239433406,-0.110787,1.806688,1.312406
TRK,239432,0.34720,0.11864,0.70667,0.60497,0.9525,3.0647,-0.4060,0.000,0.000,0.000,3,5
A,239435606,-2.1691,7.5920,1.0810
G,239435882,-0.268447,1.803493,1.292166
A,239438090,-1.9788,7.4520,1.2965
G,239438385,-0.346211,1.787514,1.212271
A,239440561,-1.9070,7.3909,1.4724
G,239440880,-0.378169,1.766208,1.111071
A,239443030,-1.9213,7.3909,1.6376
G,239443367,-0.419714,1.743838,1.035437
A,239445529,-1.9752,7.4124,1.8818
G,239445883,-0.493217,1.728924,1.001348
A,239448000,-2.0147,7.4268,2.2517
G,239448379,-0.564590,1.733185,1.012001
A,239450473,-1.9860,7.4089,2.7366
G,239450869,-0.577373,1.751295,1.058873
A,239452945,-1.9249,7.3729,3.1999
G,239453365,-0.488956,1.775796,1.128115
A,239455405,-1.8136,7.2975,3.5374
G,239455841,-0.292948,1.800297,1.201618
A,239457897,-1.6628,7.2042,3.6739
G,239458348,-0.028762,1.825863,1.265534
A,239460368,-1.5083,7.1000,3.6093
G,239460844,0.231162,1.850364,1.317732
TRK,239456,0.32644,0.11365,0.70889,0.61481,0.9525,3.0647,-0.4060,0.000,0.000,0.000,3,5
A,239462840,-1.3252,6.9815,3.4512
G,239463331,0.421845,1.865278,1.355016
A,239465311,-1.0918,6.8594,3.3040
G,239465848,0.516653,1.871669,1.370995
A,239467764,-0.8368,6.7301,3.2609
G,239468344,0.525175,1.864213,1.364604
A,239470235,-0.5279,6.5936,3.3363
G,239470861,0.486826,1.831189,1.333711
A,239472691,-0.2586,6.4895,3.4620
G,239473356,0.449542,1.774730,1.265534
A,239475176,-0.0539,6.4284,3.5949
G,239475853,0.433563,1.712945,1.155812
A,239477648,0.0575,6.4248,3.7062
G,239478349,0.429302,1.659682,1.030111
A,239480114,0.0754,6.4751,3.8678
G,239480826,0.411192,1.610680,0.922519
TRK,239477,0.30296,0.11250,0.71628,0.61847,0.9525,3.0647,-0.4060,0.000,0.000,0.000,3,5
A,239482612,0.1006,6.5434,4.1228
G,239483333,0.384560,1.567004,0.854342
A,239485083,0.1616,6.6152,4.4999
G,239485829,0.397344,1.538242,0.817058
A,239487556,0.2837,6.6870,4.9309
G,239488311,0.495348,1.542503,0.794687
A,239490027,0.4812,6.7481,5.3331
G,239490807,0.689226,1.570200,0.780839
A,239492486,0.7039,6.8091,5.6419
G,239493275,0.949151,1.608549,0.776578
A,239494976,0.9984,6.8522,5.8610
G,239495773,1.223989,1.644768,0.784035
A,239497447,1.3324,6.8773,6.0262
G,239498269,1.473261,1.668204,0.800014
A,239499918,1.6448,6.8989,6.1842
G,239500747,1.683118,1.668204,0.821319
A,239502389,1.9070,6.8989,6.3530
TRK,239501,0.28366,0.11061,0.72638,0.61618,0.9525,3.0647,-0.4060,0.000,0.000,0.000,3,5
G,239503256,1.865278,1.634115,0.842624
A,239504841,2.0291,6.8845,6.5434
G,239505752,2.042112,1.572330,0.869256
A,239507323,2.0506,6.8378,6.7301
G,239508240,2.243447,1.502023,0.910801
A,239509795,1.9896,6.7445,6.8953
G,239510736,2.495914,1.441303,0.965129
A,239512271,1.9213,6.5936,6.9707
G,239513217,2.805906,1.391235,1.017327
A,239514742,1.8675,6.3997,6.8809
G,239515732,3.146791,1.331581,1.046090
A,239517201,1.8387,6.1591,6.5972
G,239518227,3.462109,1.244229,1.046090
A,239519697,1.8280,5.9005,6.1555
G,239520726,3.692206,1.123854,1.015197
A,239522168,1.8387,5.6312,5.6778
G,239523222,3.800863,0.968325,0.958738
TRK,239518,0.26702,0.11508,0.74263,0.60329,0.9525,3.0647,-0.4060,0.000,0.000,0.000,3,5
A,239524644,1.8639,5.3726,5.2541
G,239525701,3.797668,0.778708,0.873517
A,239527115,1.8387,5.1284,4.9380
G,239528200,3.732686,0.558199,0.756338
A,239529561,1.7526,4.9201,4.7010
G,239530695,3.668770,0.318514,0.615723
A,239532046,1.5730,4.7369,4.4568
G,239533182,3.643204,0.069242,0.455933
A,239534517,1.3036,4.5969,4.1408
TRK,239534,0.25689,0.12376,0.75969,0.58444,0.9525,3.0647,-0.4060,0.000,0.000,0.000,3,5
G,239535702,3.663444,-0.171508,0.292948
A,239536986,0.9948,4.4784,3.7314
G,239538197,3.715642,-0.383495,0.139550
A,239539474,0.6393,4.3778,3.2106
G,239540686,3.780623,-0.556068,0.002131
A,239541945,0.2550,4.2988,2.6181
G,239543181,3.844539,-0.680704,-0.116114
A,239544422,-0.1508,4.2413,2.0291
G,239545658,3.890345,-0.766990,-0.213053
A,239546893,-0.5531,4.1982,1.4868
G,239548168,3.920173,-0.822384,-0.274838
A,239549355,-0.9050,4.1659,1.0558
G,239550664,3.959588,-0.855407,-0.306796
A,239551845,-1.2246,4.1623,0.7362
G,239553153,4.037352,-0.876713,-0.319579
A,239554317,-1.4186,4.1264,0.4884
G,239555664,4.171575,-0.906540,-0.323840
A,239556781,-1.5802,4.1120,0.2155
TRK,239553,0.25765,0.13629,0.78004,0.55370,0.9525,3.0647,-0.4060,0.000,0.000,0.000,3,5
G,239558185,4.355866,-0.950216,-0.325971
A,239559255,-1.6340,4.0689,-0.1437
G,239560681,4.560397,-1.012001,-0.333428
A,239561741,-1.6125,4.0223,-0.5997
G,239563163,4.752145,-1.079113,-0.365386
A,239564212,-1.5299,3.9899,-1.1672
G,239565658,4.891694,-1.159008,-0.429302
A,239566686,-1.3503,3.9828,-1.7346
G,239568127,4.955610,-1.246359,-0.526241
A,239569157,-1.1349,4.0115,-2.2446
G,239570628,4.943892,-1.349690,-0.661529
A,239571613,-0.8727,4.0869,-2.6468
G,239573124,4.883172,-1.476456,-0.833037
A,239574100,-0.6321,4.2126,-2.9305
G,239575605,4.810734,-1.625593,-1.039698
A,239576571,-0.4920,4.3958,-3.1711
G,239578114,4.744688,-1.810949,-1.265534
A,239579037,-0.4202,4.5969,-3.3830
G,239580610,4.683968,-2.047438,-1.483913
A,239581508,-0.4597,4.7980,-3.6452
TRK,239576,0.26421,0.15215,0.80541,0.50828,0.9525,3.0647,-0.4060,0.000,0.000,0.000,3,5
G,239583101,4.631770,-2.341451,-1.688444
A,239583957,-0.5818,4.9883,-4.0043
G,239585597,4.605138,-2.662096,-1.894040
A,239586438,-0.7757,5.1607,-4.5179
G,239588069,4.610465,-2.975283,-2.112419
A,239588909,-1.0451,5.3439,-5.2325
G,239590572,4.620052,-3.255448,-2.338255
A,239591371,-1.4329,5.5593,-6.1196
G,239593067,4.592355,-3.494067,-2.558765
A,239593842,-1.8352,5.7928,-7.0425
TRK,239588,0.27704,0.15858,0.81739,0.47957,0.9525,3.0647,-0.4060,0.000,0.000,0.000,3,5
STAT,404.9,400.9,0,0,11835,4.2813,227.259,0.4747,0.8360,1.7463,9.8689,3.87,0.000
G,239595570,4.505003,-3.685815,-2.756904
A,239596304,-2.2877,6.0513,-7.8973
G,239598065,4.373975,-3.836017,-2.932673
A,239598789,-2.7007,6.3135,-8.5904
G,239600539,4.248274,-3.950000,-3.081810
A,239601261,-3.0418,6.5649,-9.1722
G,239603053,4.182228,-4.032026,-3.224555
A,239603735,-3.3758,6.8378,-9.7504
G,239605548,4.188620,-4.074636,-3.373692
A,239606206,-3.6955,7.1287,-10.4220
G,239608041,4.228034,-4.079963,-3.524960
A,239608662,-4.0079,7.4484,-11.1905
G,239610536,4.238687,-4.056527,-3.655987
A,239611148,-4.3024,7.7895,-11.9914
G,239613010,4.179032,-4.017112,-3.749731
A,239613619,-4.5322,8.1415,-12.7168
G,239615514,4.053331,-3.968110,-3.816842
A,239616087,-4.6974,8.4934,-13.3201
G,239618009,3.905259,-3.904194,-3.878628
A,239618558,-4.8267,8.8633,-13.8301
TRK,239613,0.32557,0.16379,0.83349,0.41531,0.9525,3.0647,-0.4060,0.000,0.000,0.000,3,5
G,239620493,3.772101,-3.813646,-3.942543
A,239621006,-4.9775,9.2584,-14.2503
G,239623007,3.666640,-3.702859,-3.995807
A,239623485,-5.1176,9.6678,-14.6381
G,239625502,3.578223,-3.601659,-4.030961
A,239625957,-5.2900,10.0880,-15.0188
G,239627996,3.500459,-3.520699,-4.041613
A,239628417,-5.4588,10.5046,-15.4354
G,239630492,3.432282,-3.442934,-4.036287
A,239630909,-5.6312,10.9068,-15.9310
G,239632966,3.361974,-3.344930,-4.014981
A,239633380,-5.8143,11.2982,-16.4949
TRK,239633,0.36598,0.15726,0.84147,0.36505,0.9525,3.0647,-0.4060,0.000,0.000,0.000,3,5
G,239635471,3.253317,-3.225621,-3.980893
A,239635852,-6.0154,11.6861,-17.0695
G,239637966,3.087136,-3.104180,-3.928695
A,239638323,-6.2273,12.0452,-17.5830
G,239640451,2.869822,-2.992327,-3.856257
A,239640776,-6.4248,12.3756,-17.9888
G,239642966,2.637595,-2.888997,-3.767840
A,239643260,-6.6152,12.6665,-18.3013
G,239645461,2.433064,-2.781405,-3.677293
A,239645731,-6.7912,12.9287,-18.6101
G,239647956,2.271144,-2.658900,-3.598463
A,239648196,-6.9599,13.1837,-18.9729
G,239650473,2.126268,-2.515089,-3.533482
A,239650684,-7.1359,13.4494,-19.4469
G,239652969,1.947303,-2.351039,-3.469566
A,239653155,-7.3155,13.7331,-19.9712
TRK,239649,0.39152,0.14857,0.84468,0.33339,0.9525,3.0647,-0.4060,0.000,0.000,0.000,3,5
G,239655473,1.691640,-2.168878,-3.391802
A,239655632,-7.4807,14.0240,-20.4668
G,239657969,1.355016,-1.977131,-3.292732
A,239658103,-7.6531,14.3293,-20.8188
G,239660453,0.965129,-1.775796,-3.167031
A,239660560,-7.8003,14.6166,-20.9804
G,239662949,0.579504,-1.563808,-3.016829
A,239663032,-7.9368,14.9039,-20.9696
G,239665434,0.247141,-1.334776,-2.850647
A,239665491,-8.0409,15.1661,-20.8762
G,239667949,-0.009587,-1.086570,-2.677010
A,239667980,-8.1020,15.4282,-20.7936
G,239670444,-0.219444,-0.820254,-2.489523
A,239670452,-8.1379,15.6796,-20.7685
A,239672902,-8.1343,15.9274,-20.7649
G,239672919,-0.432497,-0.536893,-2.277535
A,239675380,-8.0876,16.1537,-20.6931
G,239675421,-0.688161,-0.249272,-2.030394
TRK,239676,0.42048,0.12454,0.84501,0.30603,0.9525,3.0647,-0.4060,0.000,0.000,0.000,3,5
A,239677872,-7.9906,16.3512,-20.5063
G,239677937,-0.986435,0.034088,-1.754490
A,239680343,-7.8326,16.5092,-20.1831
G,239680432,-1.291101,0.306796,-1.459412
A,239682796,-7.6136,16.6313,-19.7845
G,239682907,-1.559547,0.572047,-1.160073
A,239685267,-7.3155,16.7319,-19.3751
G,239685424,-1.771535,0.837298,-0.867125
A,239687712,-6.9528,16.8217,-18.9980
G,239687919,-1.943042,1.110005,-0.586961
A,239690197,-6.5721,16.9079,-18.6353
G,239690425,-2.110289,1.392301,-0.324906
A,239692668,-6.1519,16.9725,-18.2151
G,239692920,-2.316950,1.665008,-0.069242
A,239695123,-5.7317,17.0120,-17.6584
G,239695395,-2.571548,1.914280,0.192813
TRK,239696,0.41685,0.10724,0.84430,0.31921,0.9525,3.0647,-0.4060,0.000,0.000,0.000,3,5
A,239697621,-5.2505,17.0048,-16.9545
G,239697911,-2.841060,2.133724,0.464455
A,239700092,-4.7657,16.9474,-16.1788
G,239700407,-3.069026,2.332929,0.728641
A,239702560,-4.3060,16.8468,-15.4498
G,239702893,-3.226686,2.505502,0.965129
A,239705032,-3.9253,16.6960,-14.8464
G,239705389,-3.339604,2.632268,1.178182
A,239707511,-3.6559,16.4877,-14.3652
G,239707885,-3.462109,2.704706,1.385909
A,239709982,-3.4764,16.2004,-13.9522
G,239710381,-3.631486,2.722816,1.601092
A,239712462,-3.3722,15.8448,-13.5787
G,239712877,-3.840278,2.702576,1.815210
A,239714933,-3.3291,15.4139,-13.2411
G,239715372,-4.056527,2.652508,2.004827
A,239717394,-3.3651,14.9362,-12.9933
G,239717849,-4.252535,2.586462,2.157160
A,239719886,-3.4728,14.4263,-12.8892
G,239720356,-4.436826,2.510828,2.269013
A,239722357,-3.6631,13.8876,-12.9000
G,239722851,-4.638161,2.422411,2.353169
TRK,239721,0.38543,0.09230,0.83855,0.37384,0.9525,3.0647,-0.4060,0.000,0.000,0.000,3,5
A,239724817,-3.9073,13.3345,-12.9826
G,239725326,-4.894890,2.314820,2.427738
A,239727289,-4.2090,12.7671,-13.0257
G,239727844,-5.217665,2.188053,2.502306
A,239729742,-4.5286,12.1817,-12.9754
G,239730339,-5.579855,2.049569,2.581136
A,239732220,-4.8698,11.6107,-12.8102
G,239732830,-5.930326,1.906823,2.655704
A,239734692,-5.1858,11.0540,-12.5732
G,239735337,-6.222209,1.769404,2.731338
A,239737138,-5.4552,10.5225,-12.3254
G,239737833,-6.437392,1.639442,2.818689
TRK,239737,0.36933,0.08652,0.82538,0.41815,0.9525,3.0647,-0.4060,0.000,0.000,0.000,3,5
A,239739614,-5.6276,10.0197,-12.1242
G,239740320,-6.585464,1.524393,2.927346
A,239742085,-5.7102,9.5385,-12.0129
G,239742834,-6.698382,1.422128,3.053048
A,239744540,-5.7281,9.0752,-11.9950
G,239745330,-6.814496,1.324124,3.190467
A,239747029,-5.7138,8.6191,-12.0309
G,239747827,-6.961503,1.234641,3.345995
A,239749500,-5.6922,8.1451,-12.0596
G,239750323,-7.144728,1.163269,3.522829
A,239751989,-5.6850,7.6602,-12.0093
G,239752820,-7.347128,1.112136,3.725230
A,239754461,-5.7209,7.1467,-11.8764
G,239755338,-7.534615,1.067395,3.943609
A,239756922,-5.8502,6.6152,-11.6825
G,239757834,-7.667773,1.026915,4.183293
A,239759393,-6.1016,6.0549,-11.4994
TRK,239753,0.35501,0.08338,0.80372,0.47016,0.9525,3.0647,-0.4060,0.000,0.000,0.000,3,5
G,239760341,-7.714644,1.004544,4.442153
A,239761845,-6.5003,5.4696,-11.3808
G,239762837,-7.665642,1.019458,4.722317
A,239764327,-6.9851,4.8123,-11.3557
G,239765324,-7.532484,1.076982,5.028048
A,239766798,-7.5022,4.1049,-11.4168
G,239767819,-7.333280,1.176052,5.356150
A,239769262,-8.0122,3.3255,-11.5712
G,239770287,-7.080812,1.316667,5.689577
A,239771733,-8.4719,2.4816,-11.8190
G,239772796,-6.794256,1.497762,5.997438
A,239774189,-8.8921,1.6017,-12.1709
G,239775291,-6.507700,1.707619,6.262689
TRK,239775,0.32235,0.09253,0.76127,0.55497,0.9525,3.0647,-0.4060,0.000,0.000,0.000,3,5
A,239776684,-9.2584,0.6931,-12.5947
G,239777789,-6.265885,1.934520,6.481068
A,239779155,-9.5672,-0.2442,-13.0436
G,239780284,-6.099704,2.168878,6.646184
A,239781632,-9.8222,-1.1636,-13.4638
G,239782763,-6.015548,2.411759,6.743124
A,239784103,-10.0556,-2.0542,-13.8086
G,239785272,-6.001699,2.662096,6.755907
A,239786561,-10.3034,-2.8659,-14.0348
G,239787767,-6.053897,2.922020,6.690925
A,239789049,-10.5512,-3.5913,-14.0959
G,239790256,-6.163620,3.185140,6.578007
A,239791520,-10.7703,-4.2198,-13.9414
G,239792764,-6.310626,3.436543,6.445915
A,239793979,-10.8745,-4.7585,-13.5572
G,239795259,-6.450176,3.667705,6.301039
A,239796450,-10.8206,-5.2218,-12.9969
TRK,239790,0.28395,0.10465,0.73555,0.60612,0.9525,3.0647,-0.4060,0.000,0.000,0.000,3,5
G,239797758,-6.533266,3.889280,6.129531
A,239798900,-10.5548,-5.5988,-12.3684
G,239800253,-6.540723,4.112986,5.922870
A,239801382,-10.0808,-5.8826,-11.7472
G,239802732,-6.502374,4.344148,5.677859
A,239803853,-9.3877,-6.0693,-11.1618
G,239805241,-6.476807,4.567854,5.401956
A,239806316,-8.5078,-6.1627,-10.5584
G,239807737,-6.511961,4.771319,5.100486
A,239808809,-7.4699,-6.1663,-9.8438
G,239810226,-6.624879,4.949219,4.783037
A,239811280,-6.2920,-6.0873,-8.9459
G,239812746,-6.792125,5.100486,4.457066
A,239813754,-5.0242,-5.9364,-7.8290
G,239815241,-6.974286,5.222991,4.126834
A,239816225,-3.6955,-5.7209,-6.5290
TRK,239811,0.22453,0.10202,0.69862,0.67165,0.9525,3.0647,-0.4060,0.000,0.000,0.000,3,5
G,239817735,-7.135140,5.303952,3.798733
A,239818675,-2.3595,-5.4516,-5.1176
G,239820230,-7.249124,5.340170,3.480219
A,239821160,-1.0702,-5.1427,-3.6667
G,239822709,-7.304518,5.342301,3.179814
A,239823631,0.1832,-4.8195,-2.2374
G,239825219,-7.301322,5.323126,2.906041
A,239826098,1.3108,-4.4784,-0.8655
G,239827714,-7.249124,5.285842,2.662096
A,239828589,2.3056,-4.1551,0.4561
G,239830197,-7.157511,5.219796,2.452239
A,239831060,3.1316,-3.8642,1.7274
G,239832697,-7.020092,5.133509,2.284992
A,239833519,3.7852,-3.6129,2.9449
G,239835193,-6.817692,5.039766,2.164617
A,239835990,4.3167,-3.4477,4.0905
G,239837693,-6.532201,4.950284,2.081527
A,239838450,4.7477,-3.3579,5.1032
G,239840188,-6.155097,4.865063,2.015480
TRK,239839,0.15025,0.05683,0.63436,0.75616,0.9525,3.0647,-0.4060,0.000,0.000,0.000,3,5
A,239840940,5.0817,-3.3543,5.9256
G,239842668,-5.706621,4.776646,1.938781
A,239843411,5.3223,-3.4441,6.5182
G,239845179,-5.227252,4.685033,1.839712
A,239845883,5.4696,-3.6021,6.8666
G,239847674,-4.764928,4.582767,1.707619
A,239848354,5.5342,-3.8176,7.0066
G,239850165,-4.361192,4.471980,1.540372
A,239850807,5.5486,-4.0618,7.0066
G,239852686,-4.040548,4.354801,1.320928
A,239853290,5.5126,-4.3275,6.9420
G,239855181,-3.805124,4.232296,1.037567
A,239855761,5.4588,-4.5933,6.9097
G,239857671,-3.646400,4.103398,0.687096
A,239858216,5.4049,-4.8411,6.9492
G,239860167,-3.542004,3.964914,0.271642
TRK,239859,0.11531,0.02501,0.60569,0.78691,0.9525,3.0647,-0.4060,0.000,0.000,0.000,3,5
A,239860711,5.3798,-5.0530,7.0928
G,239862647,-3.469566,3.812581,-0.208792
A,239863182,5.3798,-5.1894,7.3155
G,239865147,-3.415237,3.646400,-0.751011
A,239865646,5.4121,-5.2218,7.5992
G,239867642,-3.373692,3.462109,-1.342233
A,239868117,5.4839,-5.1535,7.9404
G,239870128,-3.349191,3.254383,-1.957956
A,239870570,5.5629,-4.9847,8.3246
G,239872650,-3.339604,3.013633,-2.579005
A,239873058,5.6599,-4.7118,8.7448
G,239875145,-3.332147,2.737730,-3.193662
A,239875529,5.7317,-4.3634,9.1794
G,239877646,-3.312972,2.428803,-3.792341
A,239877998,5.7497,-3.9361,9.5780
G,239880167,-3.269296,2.096440,-4.362257
A,239880487,5.6419,-3.4441,9.9228
G,239882662,-3.202185,1.749164,-4.889564
A,239882958,5.4516,-2.9090,10.1778
TRK,239878,0.11299,-0.01074,0.58533,0.80282,0.9525,3.0647,-0.4060,0.000,0.000,0.000,3,5
G,239885153,-3.110572,1.388040,-5.356150
A,239885418,5.1427,-2.3523,10.3394
G,239887648,-2.987001,1.029045,-5.756689
A,239887889,4.7477,-1.7921,10.3932
G,239890119,-2.826146,0.682835,-6.101834
A,239890331,4.2270,-1.2354,10.3034
G,239892621,-2.630138,0.351537,-6.406500
A,239892804,3.6308,-0.7254,10.0628
G,239895116,-2.408563,0.036219,-6.669620
A,239895276,2.8766,-0.2155,9.6247
TRK,239890,0.13431,-0.03916,0.56996,0.80967,0.9525,3.0647,-0.4060,0.000,0.000,0.000,3,5
G,239897598,-2.178466,-0.251402,-6.896522
A,239897730,2.0686,0.2622,9.0070
G,239900110,-1.968608,-0.490022,-7.095726
A,239900215,1.2282,0.7254,8.2528
G,239902605,-1.813080,-0.677508,-7.284277
A,239902686,0.4238,1.1420,7.5094
G,239905098,-1.731055,-0.826645,-7.464307
A,239905152,-0.3412,1.5407,6.8522
G,239907593,-1.689509,-0.950216,-7.664577
A,239907623,-1.1887,1.9537,6.3315
G,239910065,-1.634115,-1.034372,-7.874434
A,239910070,-2.0435,2.4098,5.8395
A,239912549,-2.9125,2.9341,5.3798
G,239912568,-1.546764,-1.075917,-8.044876
A,239915020,-3.6847,3.4943,4.9704
G,239915063,-1.460477,-1.070591,-8.122641
A,239917469,-4.2126,4.0259,4.6651
G,239917536,-1.409345,-1.021589,-8.113053
TRK,239918,0.22031,-0.09291,0.54058,0.80660,0.9525,3.0647,-0.4060,0.000,0.000,0.000,3,5
A,239919959,-4.5861,4.5753,4.5250
G,239920049,-1.378452,-0.928910,-8.077900
A,239922430,-4.8016,5.1212,4.4963
G,239922545,-1.328385,-0.782969,-8.054463
A,239924901,-4.9416,5.7030,4.5681
G,239925038,-1.254882,-0.608266,-8.033158
A,239927390,-5.0494,6.3602,4.6831
G,239927549,-1.181378,-0.422910,-7.986287
A,239929862,-4.9847,6.9887,4.9273
G,239930044,-1.132376,-0.255663,-7.893609
A,239932344,-4.8411,7.6136,5.2684
G,239932547,-1.101483,-0.103331,-7.754059
A,239934815,-4.6148,8.2097,5.6707
G,239935043,-1.066330,0.034088,-7.601727
A,239937272,-4.3311,8.7592,6.0837
G,239937519,-1.006675,0.165116,-7.461112
TRK,239938,0.28412,-0.13470,0.52125,0.79337,0.9525,3.0647,-0.4060,0.000,0.000,0.000,3,5
A,239939766,-4.0689,9.2871,6.4177
G,239940033,-0.933172,0.268447,-7.346063
A,239942237,-3.7745,9.7935,6.6331
G,239942528,-0.878843,0.324906,-7.240602
A,239944712,-3.5087,10.2927,6.7157
G,239945021,-0.886300,0.331297,-7.151120
A,239947204,-3.2465,10.7955,6.7193
G,239947532,-0.975782,0.323840,-7.094661
A,239949675,-3.0418,11.3090,6.7301
G,239950028,-1.166465,0.321710,-7.060572
A,239952131,-2.9197,11.8369,6.8558
G,239952501,-1.461543,0.318514,-7.019027
A,239954608,-2.7904,12.3397,7.1539
G,239954995,-1.821602,0.306796,-6.943393
A,239957079,-2.6971,12.8317,7.6207
G,239957506,-2.179531,0.292948,-6.835801
A,239959525,-2.6504,13.3058,8.1558
G,239960002,-2.470348,0.298274,-6.702643
TRK,239955,0.33031,-0.17203,0.50447,0.77898,0.9525,3.0647,-0.4060,0.000,0.000,0.000,3,5
A,239962014,-2.6863,13.7798,8.6550
G,239962506,-2.678075,0.314253,-6.534331
A,239964485,-2.8156,14.2180,9.0932
G,239965001,-2.818689,0.341950,-6.306365
A,239966951,-3.0131,14.5986,9.4595
G,239967481,-2.909237,0.379234,-6.003830
A,239969423,-3.2465,14.8859,9.7648
G,239969996,-2.952913,0.431432,-5.626726
A,239971874,-3.5087,15.0655,10.0018
G,239972491,-2.937999,0.498544,-5.195294
A,239974356,-3.7996,15.1337,10.1382
G,239974985,-2.860235,0.577373,-4.724448
A,239976827,-4.1480,15.0907,10.1347
G,239977481,-2.733469,0.666856,-4.225904
A,239979290,-4.5502,14.9362,10.0161
G,239979955,-2.585397,0.765925,-3.704989
TRK,239980,0.37515,-0.22256,0.46647,0.76950,0.9525,3.0647,-0.4060,0.000,0.000,0.000,3,5
A,239981784,-4.9668,14.6633,9.8007
G,239982460,-2.443717,0.869256,-3.163835
A,239984255,-5.4336,14.2898,9.5493
G,239984955,-2.324407,0.978978,-2.610963
A,239986729,-5.9113,13.8157,9.3051
G,239987440,-2.225337,1.090831,-2.053830
A,239989200,-6.3961,13.2483,9.1075
G,239989955,-2.130529,1.209075,-1.497762
A,239991656,-6.8773,12.5983,8.9639
G,239992451,-2.030394,1.328385,-0.947020
A,239994143,-7.3478,11.8693,8.8597
G,239994946,-1.903627,1.460477,-0.403735
A,239996614,-7.7788,11.0756,8.7664
G,239997460,-1.741707,1.611745,0.111853
A,239999070,-8.1487,10.2065,8.6766
G,239999955,-1.552090,1.785383,0.590156
A,240001555,-8.4467,9.2871,8.5581
G,240002447,-1.365669,1.957956,1.016262
A,240004026,-8.6299,8.3175,8.4108
TRK,239999,0.37432,-0.24604,0.45258,0.77105,0.9525,3.0647,-0.4060,0.000,0.000,0.000,3,5
G,240004962,-1.214401,2.095375,1.376322
A,240006485,-8.6802,7.3227,8.2313
G,240007457,-1.120658,2.193379,1.647964
A,240008961,-8.6443,6.3494,8.0230
G,240009938,-1.102549,2.251969,1.813080
A,240011433,-8.5401,5.4229,7.8147
G,240012444,-1.186705,2.271144,1.870604
A,240013884,-8.3821,4.5645,7.6782
G,240014939,-1.385909,2.242382,1.839712
A,240016366,-8.2528,3.8032,7.6746
G,240017424,-1.687379,2.169944,1.739577
A,240018837,-8.1379,3.1460,7.8721
G,240019940,-2.052764,2.073004,1.589374
A,240021300,-8.0517,2.5821,8.3318
G,240022435,-2.426672,1.969674,1.418932
TRK,240018,0.35221,-0.25846,0.45411,0.77649,0.9525,3.0647,-0.4060,0.000,0.000,0.000,3,5
A,240023793,-7.9547,2.1045,9.0285
G,240024931,-2.752643,1.863147,1.261273
A,240026264,-7.8362,1.6915,9.8797
G,240027446,-2.967826,1.747033,1.124919
A,240028729,-7.6495,1.3360,10.7200
G,240029942,-3.037069,1.619202,1.002414
A,240031200,-7.4555,1.0199,11.3880
G,240032445,-2.980610,1.490305,0.888430
A,240033654,-7.2616,0.7434,11.8154
G,240034940,-2.866626,1.358212,0.795752
TRK,240034,0.33137,-0.27392,0.44315,0.78663,0.9525,3.0647,-0.4060,0.000,0.000,0.000,3,5
A,240036140,-7.1144,0.4776,12.0380
G,240037425,-2.770753,1.218663,0.735032
A,240038611,-6.9815,0.2011,12.1817
G,240039941,-2.724946,1.072721,0.714792
A,240041079,-6.8953,-0.1006,12.3828
G,240042436,-2.712163,0.923584,0.727576
A,240043550,-6.8163,-0.4345,12.7024
G,240044932,-2.672749,0.779773,0.764860
A,240045998,-6.7516,-0.8152,13.0867
G,240047427,-2.541721,0.640224,0.807470
A,240048478,-6.7157,-1.2426,13.4099
G,240049903,-2.290318,0.507066,0.842624
A,240050949,-6.5972,-1.7238,13.4889
G,240052409,-1.949434,0.382430,0.860734
A,240053410,-6.5900,-2.2087,13.2375
G,240054904,-1.604288,0.258859,0.843689
A,240055897,-6.6188,-2.6935,12.7491
G,240057386,-1.352886,0.132093,0.788296
A,240058368,-6.6188,-3.1711,12.2176
TRK,240058,0.31425,-0.28428,0.42743,0.79858,0.9525,3.0647,-0.4060,0.000,0.000,0.000,3,5
G,240059902,-1.244229,0.010653,0.712662
A,240060841,-6.7086,-3.6164,11.7867
G,240062397,-1.244229,-0.099070,0.622114
A,240063312,-6.7265,-4.0438,11.5999
G,240064893,-1.270860,-0.199204,0.502805
A,240065765,-6.7732,-4.4245,11.5855
G,240067389,-1.243164,-0.296144,0.334493
A,240068249,-6.7947,-4.7728,11.6717
G,240069865,-1.123854,-0.382430,0.142745
A,240070721,-6.8342,-5.1032,11.6646
G,240072372,-0.924649,-0.470847,-0.056459
A,240073186,-6.8702,-5.4085,11.4958
G,240074867,-0.698813,-0.569916,-0.274838
A,240075678,-6.9276,-5.6958,11.0792
G,240077350,-0.521980,-0.679639,-0.530502
A,240078149,-7.1431,-5.8861,10.5512
TRK,240078,0.31155,-0.28407,0.41843,0.80446,0.9525,3.0647,-0.4060,0.000,0.000,0.000,3,5
G,240079867,-0.453803,-0.775512,-0.813862
A,240080625,-7.4053,-6.0011,10.1562
G,240082362,-0.498544,-0.845820,-1.082309
A,240083096,-7.6567,-6.0406,10.1203
G,240084847,-0.572047,-0.877778,-1.307079
A,240085543,-7.7500,-6.0693,10.4507
G,240087343,-0.539024,-0.888430,-1.493501
A,240088028,-7.7105,-6.0585,10.8960
G,240089816,-0.302535,-0.882039,-1.686314
A,240090499,-7.5346,-6.0118,11.2120
G,240092324,0.101200,-0.863929,-1.913215
A,240092968,-7.2437,-5.9041,11.2049
G,240094819,0.519849,-0.843689,-2.162487
A,240095440,-6.9779,-5.6958,10.9391
G,240097307,0.800014,-0.843689,-2.410693
A,240097890,-6.7157,-5.4444,10.7272
G,240099821,0.895887,-0.882039,-2.633334
A,240100368,-6.3853,-5.2577,10.7488
G,240102316,0.892692,-0.965129,-2.835734
TRK,240101,0.33506,-0.28446,0.40905,0.79969,0.9525,3.0647,-0.4060,0.000,0.000,0.000,3,5
A,240102861,-6.2453,-5.0530,10.9247
G,240104794,0.955542,-1.056742,-3.054113
A,240105332,-6.0693,-4.9237,11.0504
G,240107302,1.177117,-1.129180,-3.322560
A,240107805,-6.3027,-4.6902,10.8529
G,240109797,1.500957,-1.163269,-3.655987
A,240110276,-6.6224,-4.3706,10.2891
G,240112286,1.759817,-1.166465,-3.973436
A,240112730,-7.2221,-3.9289,9.6247
G,240114804,1.849299,-1.124919,-4.217381
A,240115215,-7.7824,-3.4153,9.2368
G,240117299,1.802427,-1.033306,-4.362257
A,240117686,-8.1882,-2.9018,9.3518
G,240119797,1.749164,-0.929976,-4.433630
A,240120152,-8.3498,-2.4062,9.9515
G,240122293,1.830124,-0.864995,-4.461327
TRK,240121,0.37525,-0.28652,0.40637,0.78227,0.9525,3.0647,-0.4060,0.000,0.000,0.000,3,5
A,240122648,-8.2815,-1.9393,10.7524
G,240124771,2.112419,-0.862864,-4.478372
A,240125120,-8.0732,-1.4724,11.4096
G,240127279,2.556635,-0.921454,-4.514591
A,240127597,-7.7428,-1.0056,11.7005
G,240129775,3.027481,-1.018393,-4.567854
A,240130068,-7.5381,-0.4884,11.5568
G,240132263,3.372627,-1.163269,-4.613660
A,240132526,-7.3047,0.0108,11.2192
G,240134782,3.522829,-1.333711,-4.632835
A,240135015,-7.1718,0.4956,10.8852
G,240137278,3.524960,-1.528654,-4.643487
A,240137487,-7.0461,0.9050,10.6698
G,240139763,3.496198,-1.722532,-4.674380
A,240139943,-7.0174,1.2857,10.5189
TRK,240140,0.41847,-0.28398,0.41122,0.75838,0.9525,3.0647,-0.4060,0.000,0.000,0.000,3,5
G,240142271,3.529221,-1.898301,-4.751080
A,240142424,-7.2077,1.6592,10.2604
G,240144787,3.624029,-2.054895,-4.856541
A,240144912,-7.5741,2.0542,9.8545
G,240147282,3.711381,-2.192314,-4.936435
A,240147383,-8.0337,2.4529,9.3518
G,240149781,3.736947,-2.321211,-4.954545
A,240149855,-8.6084,2.8335,8.7879
G,240152276,3.704989,-2.456500,-4.920456
A,240152326,-9.1183,3.1568,8.3031
G,240154755,3.674097,-2.568352,-4.875715
A,240154779,-9.6031,3.4297,7.8506
G,240157263,3.690076,-2.652508,-4.842692
A,240157263,-10.1059,3.6919,7.3658
A,240159734,-10.4399,3.9181,6.8307
G,240159759,3.756122,-2.689793,-4.816061
TRK,240155,0.46064,-0.27448,0.41392,0.73562,0.9525,3.0647,-0.4060,0.000,0.000,0.000,3,5
A,240162219,-10.7990,4.1767,6.1591
G,240162268,3.829625,-2.714294,-4.794755
A,240164690,-11.0612,4.4209,5.3834
G,240164763,3.854126,-2.740925,-4.788363
A,240167145,-11.3126,4.6974,4.5861
G,240167241,3.793406,-2.751578,-4.797951
A,240169636,-11.5065,5.0458,3.8714
G,240169754,3.644269,-2.707902,-4.824583
A,240172107,-11.6502,5.4767,3.3758
G,240172250,3.425890,-2.584332,-4.855475
TRK,240172,0.50971,-0.25925,0.41452,0.70792,0.9525,3.0647,-0.4060,0.000,0.000,0.000,3,5
A,240174585,-11.7687,6.0082,3.1855
G,240174749,3.153183,-2.413889,-4.870389
A,240177056,-11.8513,6.6008,3.3758
G,240177244,2.851713,-2.258361,-4.830974
A,240179510,-11.8693,7.1862,3.8822
G,240179719,2.583266,-2.160356,-4.707404
A,240181981,-11.7938,7.7321,4.5250
G,240182215,2.449043,-2.096440,-4.516721
A,240184442,-11.5820,8.2097,5.0458
G,240184694,2.512959,-2.034655,-4.296211
A,240186913,-11.3665,8.6550,5.1858
G,240187190,2.740925,-1.965413,-4.084224
A,240189374,-11.1474,9.0716,4.9201
G,240189670,3.000850,-1.898301,-3.883954
A,240191864,-10.9607,9.4703,4.3850
G,240192178,3.146791,-1.840777,-3.667705
A,240194335,-10.7667,9.8366,3.8714
G,240194674,3.091397,-1.797101,-3.420564
A,240196808,-10.4651,10.1418,3.6380
G,240197164,2.859169,-1.768339,-3.145725
A,240199279,-10.0772,10.3968,3.6847
G,240199660,2.561961,-1.744903,-2.881540
TRK,240194,0.56053,-0.24600,0.41186,0.67502,0.9525,3.0647,-0.4060,0.000,0.000,0.000,3,5
A,240201733,-9.7432,10.6446,3.8750
G,240202130,2.328668,-1.720402,-2.661031
A,240204208,-9.4559,10.8888,4.0546
G,240204622,2.200836,-1.700162,-2.491653
A,240206704,-9.3194,11.1474,4.1013
G,240207134,2.132659,-1.691640,-2.335060
A,240209175,-9.2081,11.3916,4.0977
G,240209629,2.049569,-1.678857,-2.150769
A,240211651,-9.0716,11.5891,4.0905
G,240212120,1.932389,-1.643703,-1.920672
A,240214122,-8.9100,11.7292,4.1120
TRK,240209,0.58327,-0.23546,0.41140,0.65962,0.9525,3.0647,-0.4060,0.000,0.000,0.000,3,5
G,240214642,1.805623,-1.590440,-1.672465
A,240216579,-8.7736,11.8405,4.1444
G,240217137,1.693770,-1.537176,-1.422128
A,240219067,-8.6766,11.9052,4.1911
G,240219639,1.592570,-1.505219,-1.165399
A,240221538,-8.5976,11.9159,4.2449
G,240222134,1.499892,-1.502023,-0.889496
A,240224007,-8.4791,11.8585,4.2808
G,240224615,1.434911,-1.525459,-0.601874
A,240226478,-8.3426,11.7220,4.1839
G,240227111,1.411475,-1.560612,-0.323840
A,240228948,-8.1774,11.5389,3.9002
G,240229592,1.410410,-1.593635,-0.074569
A,240231419,-8.0373,11.3234,3.4477
G,240232104,1.369930,-1.618137,0.149137
A,240233870,-7.8793,11.0792,2.9485
G,240234600,1.234641,-1.637311,0.353668
TRK,240234,0.60219,-0.21522,0.40983,0.65045,0.9525,3.0647,-0.4060,0.000,0.000,0.000,3,5
A,240236353,-7.7141,10.8134,2.5319
G,240237092,0.999218,-1.651160,0.539024
A,240238824,-7.5346,10.5261,2.2625
G,240239587,0.713727,-1.649029,0.697748
A,240241284,-7.3478,10.2496,2.1548
G,240242056,0.441019,-1.618137,0.826645
A,240243778,-7.1431,9.9802,2.1476
G,240244559,0.219444,-1.554221,0.937433
A,240246249,-6.9384,9.7504,2.2051
G,240247055,0.045806,-1.469000,1.040763
A,240248723,-6.7265,9.5062,2.3128
G,240249537,-0.098004,-1.377387,1.151551
A,240251194,-6.4859,9.2440,2.4349
G,240252051,-0.230097,-1.299623,1.274056
A,240253650,-6.2596,8.9459,2.5462
G,240254546,-0.338754,-1.233576,1.409345
TRK,240254,0.60249,-0.20034,0.40415,0.65843,0.9525,3.0647,-0.4060,0.000,0.000,0.000,3,5
A,240256137,-6.0406,8.6227,2.5929
G,240257039,-0.414388,-1.165399,1.537176
A,240258608,-5.8215,8.2708,2.5642
G,240259534,-0.463390,-1.084439,1.653290
A,240261072,-5.6527,7.9188,2.4565
G,240262004,-0.516653,-0.999218,1.759817
A,240263543,-5.5019,7.5346,2.3092
G,240264508,-0.595483,-0.917193,1.859952
A,240265992,-5.3798,7.1467,2.1548
G,240267004,-0.694552,-0.820254,1.947303
A,240268459,-5.3044,6.7445,2.0291
G,240269475,-0.807470,-0.694552,2.020807
TRK,240269,0.59576,-0.19292,0.39950,0.66951,0.9525,3.0647,-0.4060,0.000,0.000,0.000,3,5
A,240270950,-5.2756,6.3386,1.9932
G,240271970,-0.934237,-0.550742,2.088983
A,240273421,-5.2361,5.9113,2.0686
G,240274465,-1.065264,-0.412257,2.159291
A,240275892,-5.2469,5.4875,2.2482
G,240276940,-1.166465,-0.288687,2.225337
A,240278363,-5.2577,5.0458,2.4816
G,240279445,-1.201618,-0.168312,2.279666
A,240280815,-5.2972,4.6076,2.6755
G,240281940,-1.166465,-0.049002,2.322276
A,240283286,-5.3654,4.1480,2.7545
G,240284413,-1.091896,0.054328,2.362756
A,240285780,-5.3582,3.6416,2.6827
G,240286908,-1.018393,0.129962,2.389388
A,240288251,-5.3008,3.1316,2.4277
G,240289404,-0.971521,0.204531,2.369148
A,240290725,-5.2505,2.6432,2.0363
G,240291880,-0.988565,0.302535,2.273274
A,240293196,-5.1894,2.2158,1.6305
G,240294386,-1.114267,0.421845,2.114550
A,240295652,-5.1571,1.8495,1.3862
G,240296881,-1.366734,0.537959,1.936651
TRK,240296,0.57234,-0.18989,0.39488,0.69314,0.9525,3.0647,-0.4060,0.000,0.000,0.000,3,5
A,240298138,-5.0996,1.5263,1.4222
G,240299368,-1.693770,0.642354,1.765143
A,240300610,-5.0027,1.2462,1.7526
G,240301881,-1.995240,0.749946,1.588309
A,240303074,-4.8949,1.0163,2.2625
G,240304376,-2.196575,0.861799,1.393366
A,240305545,-4.8590,0.8547,2.8048
G,240306873,-2.288188,0.970456,1.198422
A,240307993,-4.8734,0.7470,3.3004
G,240309368,-2.306298,1.069525,1.034372
A,240310464,-4.9344,0.6572,3.7278
G,240311865,-2.289253,1.162203,0.921454
A,240312915,-4.9596,0.5638,4.1156
G,240314380,-2.247708,1.255947,0.853277
A,240315385,-4.9740,0.4597,4.4676
G,240316875,-2.175270,1.364604,0.810666
TRK,240316,0.55607,-0.20446,0.38764,0.70620,0.9525,3.0647,-0.4060,0.000,0.000,0.000,3,5
A,240317877,-4.9740,0.3376,4.8052
G,240319362,-2.067678,1.490305,0.775512
A,240320348,-4.9668,0.1939,5.1212
G,240321867,-1.933455,1.620267,0.752077
A,240322809,-4.9129,0.0323,5.4157
G,240324363,-1.783252,1.736381,0.733967
A,240325292,-4.8303,-0.1508,5.6707
G,240326839,-1.621332,1.841842,0.705205
A,240327764,-4.6866,-0.3340,5.8430
G,240329336,-1.460477,1.939846,0.642354
A,240330218,-4.5394,-0.5136,5.9364
G,240331832,-1.334776,2.024002,0.541154
A,240332689,-4.4065,-0.6752,5.9795
G,240334319,-1.278317,2.078331,0.411192
A,240335134,-4.3024,-0.8296,6.0298
TRK,240335,0.54309,-0.22143,0.38724,0.71138,0.9525,3.0647,-0.4060,0.000,0.000,0.000,3,5
G,240336836,-1.295362,2.099636,0.259925
A,240337611,-4.2413,-0.9625,6.1627
G,240339332,-1.365669,2.084722,0.089482
A,240340093,-4.2341,-1.0882,6.3746
G,240341804,-1.456216,2.029329,-0.098004
A,240342564,-4.2844,-1.2031,6.6439
G,240344312,-1.532915,1.930259,-0.299339
A,240345033,-4.4101,-1.2929,6.8953
G,240346807,-1.572330,1.805623,-0.512392
A,240347521,-4.6148,-1.3503,7.0569
G,240349285,-1.574461,1.676726,-0.730771
A,240349993,-4.9021,-1.3683,7.1251
G,240351783,-1.565939,1.557416,-0.935302
A,240352452,-5.2541,-1.3647,7.1287
TRK,240352,0.53592,-0.24122,0.38606,0.71102,0.9525,3.0647,-0.4060,0.000,0.000,0.000,3,5
G,240354300,-1.567004,1.446629,-1.111071
A,240354932,-5.6240,-1.3647,7.1216
G,240356796,-1.564873,1.348625,-1.259143
A,240357403,-5.9831,-1.3755,7.0964
G,240359284,-1.528654,1.275122,-1.400823
A,240359855,-6.3386,-1.3647,7.0318
G,240361802,-1.451955,1.234641,-1.543568
A,240362337,-6.6870,-1.3216,6.9276
G,240364298,-1.363539,1.218663,-1.673530
A,240364808,-7.0138,-1.2462,6.8414
G,240366785,-1.295362,1.211206,-1.773665
A,240367261,-7.3047,-1.1492,6.8271
G,240369293,-1.246359,1.206945,-1.850364
A,240369735,-7.5310,-1.0523,6.9025
G,240371788,-1.182443,1.211206,-1.915345
A,240372206,-7.6818,-0.9589,7.0390
TRK,240371,0.53888,-0.26377,0.37877,0.70468,0.9525,3.0647,-0.4060,0.000,0.000,0.000,3,5
G,240374276,-1.079113,1.220793,-1.982457
A,240374662,-7.7967,-0.8583,7.1539
G,240376772,-0.947020,1.227185,-2.049569
A,240377133,-7.8721,-0.7542,7.2185
G,240379260,-0.814927,1.222924,-2.117746
A,240379590,-7.9188,-0.6428,7.2293
G,240381779,-0.714792,1.205879,-2.191249
A,240382078,-7.9511,-0.5207,7.2113
G,240384275,-0.661529,1.178182,-2.272209
A,240384549,-7.9440,-0.4022,7.2042
G,240386764,-0.647681,1.139833,-2.360626
A,240387008,-7.9296,-0.2550,7.2329
G,240389259,-0.657268,1.095092,-2.460761
A,240389479,-7.8973,-0.0862,7.2975
G,240391738,-0.678573,1.047155,-2.566222
A,240391929,-7.8650,0.1293,7.3981
G,240394247,-0.704140,1.000283,-2.671683
A,240394410,-7.8470,0.3879,7.5238
G,240396742,-0.731837,0.961934,-2.771818
A,240396881,-7.8362,0.6823,7.6926
G,240399218,-0.760599,0.931041,-2.851713
A,240399329,-7.8470,1.0092,7.9332
TRK,240395,0.55164,-0.28983,0.37139,0.68831,0.9525,3.0647,-0.4060,0.000,0.000,0.000,3,5
G,240401718,-0.784035,0.898018,-2.901780
A,240401802,-7.8685,1.3396,8.2349
G,240404213,-0.789361,0.845820,-2.914563
A,240404297,-7.9045,1.6556,8.5796
G,240406683,-0.756338,0.770186,-2.894323
A,240406768,-7.9547,1.9429,8.8885
G,240409174,-0.673247,0.678573,-2.842125
A,240409232,-8.0194,2.1835,9.0860
G,240411669,-0.547546,0.581634,-2.761165
A,240411727,-8.1056,2.3918,9.1255
G,240414140,-0.412257,0.485761,-2.656770
A,240414198,-8.2133,2.5678,9.0142
TRK,240410,0.56264,-0.30472,0.36446,0.67658,0.9525,3.0647,-0.4060,0.000,0.000,0.000,3,5
G,240416641,-0.299339,0.399474,-2.527873
A,240416674,-8.3570,2.7473,8.8095
G,240419136,-0.225836,0.346211,-2.376605
A,240419145,-8.5940,2.9233,8.6443
A,240421602,-8.7807,3.0167,8.6443
G,240421618,-0.186421,0.316384,-2.182727
A,240424089,-8.9675,3.0311,8.7700
G,240424129,-0.140615,0.279099,-1.945173
A,240426560,-9.1004,2.9485,8.8526
G,240426625,-0.017044,0.217314,-1.694836
A,240429029,-9.2081,2.8048,8.6838
G,240429116,0.222640,0.151268,-1.484978
A,240431528,-9.3482,2.6683,8.1882
G,240431638,0.512392,0.108657,-1.329450
A,240433999,-9.5241,2.5462,7.5381
G,240434133,0.705205,0.080960,-1.196292
A,240436453,-9.6570,2.4026,7.0174
G,240436609,0.704140,0.045806,-1.052481
TRK,240433,0.57643,-0.31448,0.35928,0.66313,0.9525,3.0647,-0.4060,0.000,0.000,0.000,3,5
A,240438943,-9.7181,2.2158,6.7983
G,240439121,0.555003,-0.006392,-0.905475
A,240441414,-9.7181,2.0111,6.8127
G,240441616,0.393083,-0.075634,-0.790426
A,240443884,-9.7252,1.8352,6.8378
G,240444106,0.334493,-0.144876,-0.732902
A,240446355,-9.7468,1.7131,6.7265
G,240446602,0.374973,-0.207727,-0.730771
A,240448808,-9.7648,1.6269,6.4643
G,240449074,0.413323,-0.281230,-0.740359
TRK,240449,0.58206,-0.31419,0.35897,0.65850,0.9525,3.0647,-0.4060,0.000,0.000,0.000,3,5
A,240451291,-9.7863,1.5658,6.1304
G,240451576,0.361125,-0.376038,-0.740359
A,240453762,-9.7576,1.5191,5.8718
G,240454071,0.210922,-0.475108,-0.738228
A,240456227,-9.6822,1.4760,5.7281
G,240456554,0.019175,-0.543285,-0.755272
A,240458722,-9.5924,1.4832,5.7066
G,240459067,-0.166181,-0.578439,-0.797883
A,240461193,-9.4667,1.5335,5.7784
G,240461562,-0.321710,-0.599744,-0.845820
A,240463659,-9.2871,1.6269,5.9328
G,240464045,-0.439954,-0.614658,-0.892692
A,240466130,-9.0357,1.7597,6.1447
G,240466540,-0.526241,-0.621049,-0.923584
A,240468587,-8.7269,1.9321,6.3817
G,240469014,-0.590156,-0.617853,-0.938498
A,240471074,-8.3749,2.1404,6.6619
G,240471517,-0.639159,-0.605070,-0.935302
A,240473546,-8.0337,2.3595,6.9599
G,240474013,-0.676443,-0.588026,-0.913997
A,240476004,-7.7285,2.5786,7.2939
G,240476486,-0.706270,-0.584830,-0.861799
A,240478475,-7.4879,2.7653,7.6387
TRK,240472,0.59069,-0.31545,0.34898,0.65558,0.9525,3.0647,-0.4060,0.000,0.000,0.000,3,5
G,240479000,-0.713727,-0.609331,-0.771251
A,240480925,-7.2616,2.8838,7.9691
G,240481495,-0.671117,-0.654072,-0.647681
A,240483399,-7.0497,2.9413,8.1810
G,240483983,-0.555003,-0.698813,-0.504935
A,240485870,-6.8307,2.9413,8.2277
G,240486495,-0.379234,-0.728641,-0.364320
A,240488320,-6.6080,2.8874,8.0840
G,240488990,-0.193878,-0.745685,-0.232228
A,240490794,-6.4105,2.7940,7.8075
G,240491474,-0.057524,-0.762729,-0.116114
A,240493265,-6.2596,2.6504,7.4986
G,240493989,-0.003196,-0.789361,-0.014914
A,240495719,-6.1483,2.4708,7.2401
G,240496484,-0.020240,-0.829841,0.063916
TRK,240496,0.59521,-0.31420,0.33991,0.65686,0.9525,3.0647,-0.4060,0.000,0.000,0.000,3,5
A,240498204,-6.0908,2.2625,7.0461
G,240498978,-0.062851,-0.882039,0.121440
A,240500675,-6.0657,2.0291,6.8917
G,240501474,-0.089482,-0.940628,0.149137
A,240503138,-6.0693,1.7921,6.6978
G,240503945,-0.089482,-1.009871,0.147006
A,240505634,-6.1052,1.5586,6.4284
G,240506450,-0.088417,-1.097222,0.113983
A,240508106,-6.1699,1.3396,6.0693
G,240508945,-0.117179,-1.192031,0.056459
A,240510583,-6.2417,1.1528,5.6635
G,240511430,-0.197074,-1.282578,-0.021305
A,240513054,-6.3135,0.9948,5.2756
G,240513945,-0.324906,-1.353951,-0.116114
A,240515512,-6.3889,0.8727,4.9560
G,240516441,-0.483630,-1.400823,-0.221575
TRK,240516,0.59852,-0.30771,0.33175,0.66108,0.9525,3.0647,-0.4060,0.000,0.000,0.000,3,5
A,240518002,-6.4536,0.7937,4.7405
G,240518936,-0.643420,-1.419997,-0.335558
A,240520473,-6.5146,0.7542,4.6076
G,240521431,-0.777643,-1.408279,-0.451672
A,240522941,-6.5613,0.7649,4.5502
G,240523905,-0.874582,-1.367800,-0.559264
A,240525412,-6.5972,0.8080,4.5358
G,240526411,-0.937433,-1.300688,-0.653007
A,240527864,-6.5757,0.8727,4.5645
G,240528906,-0.976847,-1.217597,-0.725445
A,240530335,-6.5003,0.9409,4.6292
G,240531412,-0.996022,-1.128115,-0.779773
A,240532788,-6.3494,1.0092,4.6974
G,240533907,-0.993892,-1.037567,-0.826645
TRK,240529,0.60204,-0.30646,0.32206,0.66325,0.9525,3.0647,-0.4060,0.000,0.000,0.000,3,5
A,240535271,-6.1304,1.0846,4.7477
G,240536393,-0.976847,-0.950216,-0.877778
A,240537742,-5.8933,1.1779,4.7621
G,240538909,-0.962999,-0.866060,-0.939563
A,240540208,-5.6527,1.3072,4.7405
G,240541405,-0.986435,-0.789361,-1.010936
A,240542679,-5.4516,1.4904,4.7297
G,240543901,-1.062069,-0.724380,-1.080178
A,240545125,-5.2972,1.7202,4.8303
G,240546396,-1.184574,-0.656203,-1.132376
A,240547602,-5.1822,1.9788,5.1356
G,240548872,-1.311340,-0.570982,-1.151551
A,240550097,-5.0278,2.1979,5.6419
G,240551367,-1.378452,-0.476173,-1.133441
A,240552568,-4.8267,2.3703,6.2058
TRK,240552,0.60872,-0.31148,0.30477,0.66299,0.9525,3.0647,-0.4060,0.000,0.000,0.000,3,5
G,240553883,-1.323058,-0.385626,-1.103614
A,240555037,-4.6328,2.5067,6.5793
G,240556379,-1.140898,-0.304666,-1.099353
A,240557508,-4.4640,2.6324,6.5829
G,240558875,-0.924649,-0.225836,-1.135572
A,240559957,-4.3634,2.7940,6.2740
G,240561370,-0.823449,-0.155529,-1.182443
A,240562438,-4.3311,2.9700,5.8969
G,240563847,-0.929976,-0.101200,-1.202684
A,240564935,-4.3132,3.1639,5.7784
G,240566341,-1.200553,-0.054328,-1.186705
A,240567406,-4.2629,3.3255,6.0657
G,240568858,-1.489240,-0.001065,-1.148355
A,240569878,-4.2270,3.4872,6.6690
G,240571353,-1.642638,0.064981,-1.097222
A,240572367,-4.2341,3.6308,7.3227
G,240573838,-1.596831,0.132093,-1.036502
A,240574839,-4.2593,3.7565,7.7967
G,240576345,-1.394431,0.193878,-0.955542
A,240577301,-4.3239,3.8535,7.9583
G,240578841,-1.148355,0.248207,-0.850081
TRK,240578,0.61374,-0.32590,0.28799,0.65892,0.9525,3.0647,-0.4060,0.000,0.000,0.000,3,5
A,240579795,-4.4137,3.9073,7.8542
G,240581328,-0.968325,0.298274,-0.716923
A,240582266,-4.4784,3.8858,7.6602
G,240583845,-0.896953,0.335558,-0.573112
A,240584741,-4.5107,3.7888,7.4915
G,240586341,-0.906540,0.360059,-0.438889
A,240587212,-4.5358,3.6272,7.3729
G,240588838,-0.928910,0.374973,-0.345146
A,240589667,-4.5610,3.4405,7.2472
G,240591334,-0.918258,0.396278,-0.303600
A,240592153,-4.6005,3.2609,7.0354
G,240593811,-0.898018,0.425040,-0.307861
A,240594624,-4.6974,3.1173,6.7373
G,240596307,-0.928910,0.450607,-0.337689
A,240597080,-4.8231,3.0167,6.4464
TRK,240597,0.61282,-0.33412,0.28326,0.65771,0.9525,3.0647,-0.4060,0.000,0.000,0.000,3,5
STAT,404.9,400.9,0,0,11835,1.7967,86.137,0.4747,0.8360,1.7463,9.8689,3.87,0.000
G,240598824,-1.051416,0.471912,-0.370712
A,240599558,-4.8159,2.9341,6.2417
G,240601345,-1.244229,0.504935,-0.396278
A,240602039,-4.9919,2.9592,6.0657
G,240603840,-1.451955,0.568851,-0.418649
A,240604510,-5.4480,3.0742,6.0549
G,240606327,-1.640507,0.668986,-0.399474
A,240606959,-6.0298,3.1999,6.2740
G,240608844,-1.773665,0.794687,-0.266316
A,240609440,-6.9348,3.3399,6.7768
G,240611340,-1.754490,0.955542,0.015979
A,240611911,-7.5489,3.3435,7.4663
TRK,240611,0.60931,-0.34489,0.27799,0.65766,0.9525,3.0647,-0.4060,0.000,0.000,0.000,3,5
G,240613837,-1.464738,1.169660,0.395213
A,240614372,-7.9260,3.2645,8.1415
G,240616333,-0.892692,1.456216,0.773382
A,240616843,-7.8829,3.0239,8.5437
G,240618830,-0.202400,1.753425,1.113201
A,240619306,-7.5274,2.6683,8.5796
G,240621348,0.398409,1.976065,1.383778
A,240621791,-6.9061,2.1763,8.2744
G,240623844,0.780839,2.077266,1.531850
A,240624262,-6.1627,1.6305,7.6962
G,240626331,0.898018,2.083657,1.494566
A,240626716,-5.4588,1.1384,6.9959
G,240628836,0.715858,2.008023,1.282578
A,240629190,-4.9488,0.7829,6.3817
G,240631332,0.230097,1.845038,0.964064
TRK,240630,0.59729,-0.35324,0.29287,0.65780,0.9525,3.0647,-0.4060,0.000,0.000,0.000,3,5
A,240631685,-4.6902,0.5854,6.1375
G,240633809,-0.466586,1.595766,0.614658
A,240634157,-4.6651,0.5243,6.4141
G,240636317,-1.183509,1.317732,0.284426
A,240636633,-4.8590,0.5818,7.1503
G,240638812,-1.719337,1.061003,0.005326
A,240639128,-5.2218,0.7254,8.1451
G,240641288,-1.960086,0.855407,-0.185356
A,240641599,-5.6778,0.8978,9.0896
G,240643786,-1.904693,0.699879,-0.265251
A,240644066,-6.1770,1.0594,9.7899
G,240646281,-1.631985,0.586961,-0.233293
A,240646538,-6.6260,1.1492,10.1167
G,240648760,-1.248490,0.498544,-0.115049
A,240648986,-6.9348,1.1133,10.0987
G,240651268,-0.843689,0.419714,0.050067
A,240651466,-7.1144,0.9517,9.7935
G,240653783,-0.472977,0.348341,0.205596
A,240653952,-7.1718,0.6752,9.2512
G,240656278,-0.171508,0.274838,0.298274
A,240656423,-7.1431,0.3412,8.5688
TRK,240652,0.58988,-0.36708,0.28890,0.65866,0.9525,3.0647,-0.4060,0.000,0.000,0.000,3,5
G,240658757,0.020240,0.183225,0.303600
A,240658874,-7.1180,-0.0036,7.7824
G,240661252,0.063916,0.060720,0.221575
A,240661343,-7.1108,-0.2837,7.0210
G,240663771,-0.051133,-0.084156,0.077764
A,240663836,-7.1503,-0.4776,6.4212
G,240666266,-0.296144,-0.227967,-0.103331
A,240666307,-7.1862,-0.5854,6.1627
G,240668765,-0.601874,-0.365386,-0.289752
A,240668780,-7.2221,-0.6213,6.2740
A,240671251,-7.1898,-0.6177,6.6619
G,240671260,-0.866060,-0.501740,-0.471912
A,240673706,-7.1251,-0.5746,7.0677
G,240673739,-0.992826,-0.639159,-0.654072
TRK,240673,0.58925,-0.36897,0.28496,0.65989,0.9525,3.0647,-0.4060,0.000,0.000,0.000,3,5
A,240676181,-7.0677,-0.4561,7.2724
G,240676237,-0.957673,-0.758468,-0.845820
A,240678677,-7.0210,-0.2873,7.2868
G,240678757,-0.845820,-0.844755,-1.027980
A,240681148,-6.9204,-0.1041,7.2472
G,240681252,-0.781904,-0.918258,-1.159008
A,240683612,-6.7768,0.0467,7.3370
G,240683738,-0.812797,-1.005610,-1.227185
A,240686099,-6.5218,0.1472,7.5741
G,240686248,-0.867125,-1.110005,-1.262338
A,240688570,-6.2848,0.2478,7.7895
G,240688743,-0.836232,-1.203749,-1.310275
A,240691038,-6.0693,0.3699,7.8614
G,240691232,-0.696683,-1.281513,-1.382713
A,240693537,-5.9005,0.5171,7.7464
G,240693751,-0.523045,-1.357147,-1.448759
A,240696008,-5.7784,0.6680,7.5453
G,240696247,-0.402670,-1.446629,-1.486044
A,240698463,-5.6491,0.8009,7.3765
G,240698721,-0.354733,-1.538242,-1.488174
TRK,240695,0.59898,-0.36965,0.26660,0.65841,0.9525,3.0647,-0.4060,0.000,0.000,0.000,3,5
A,240700953,-5.5557,0.9194,7.2760
G,240701230,-0.336624,-1.607484,-1.473261
A,240703424,-5.5378,1.0487,7.2652
G,240703726,-0.298274,-1.645833,-1.451955
A,240705894,-5.5378,1.1241,7.3298
G,240706214,-0.217314,-1.666073,-1.414671
A,240708365,-5.5557,1.1384,7.3981
G,240708710,-0.090547,-1.703358,-1.344364
A,240710818,-5.5234,1.0774,7.3191
G,240711180,0.095874,-1.772600,-1.259143
TRK,240711,0.60870,-0.36518,0.25410,0.65693,0.9525,3.0647,-0.4060,0.000,0.000,0.000,3,5
A,240713301,-5.5809,0.9984,6.9887
G,240713680,0.340885,-1.843973,-1.200553
A,240715772,-5.5917,0.8799,6.3602
G,240716176,0.575243,-1.891909,-1.189900
A,240718236,-5.7353,0.8045,5.5845
G,240718656,0.688161,-1.929194,-1.206945
A,240720731,-5.8466,0.6895,4.8770
G,240721167,0.612527,-1.989914,-1.228250
A,240723203,-5.9795,0.5926,4.3670
G,240723663,0.402670,-2.066613,-1.263404
A,240725669,-6.0298,0.4812,4.1120
G,240726144,0.167247,-2.132659,-1.340103
A,240728140,-6.1124,0.4274,3.9289
G,240728665,-0.006392,-2.168878,-1.456216
A,240730597,-6.2237,0.4274,3.7206
G,240731161,-0.111853,-2.191249,-1.603223
TRK,240731,0.62370,-0.35312,0.23885,0.65517,0.9525,3.0647,-0.4060,0.000,0.000,0.000,3,5
A,240733084,-6.3315,0.4776,3.4225
G,240733662,-0.197074,-2.201901,-1.750229
A,240735556,-6.5182,0.6033,3.0706
G,240736157,-0.318514,-2.196575,-1.888714
A,240738024,-6.6295,0.7506,2.8120
G,240738638,-0.500674,-2.156095,-1.993110
A,240740495,-6.7050,0.9373,2.7473
G,240741150,-0.721184,-2.079396,-2.064482
A,240742945,-6.6978,1.1492,2.9125
G,240743645,-0.917193,-1.969674,-2.098571
A,240745420,-6.6152,1.3683,3.2681
G,240746130,-1.026915,-1.829059,-2.102832
A,240747891,-6.4751,1.6017,3.7098
G,240748626,-1.020523,-1.663943,-2.070874
A,240750353,-6.2489,1.8136,4.1300
G,240751097,-0.911866,-1.498827,-2.001632
TRK,240751,0.63889,-0.34938,0.21480,0.65086,0.9525,3.0647,-0.4060,0.000,0.000,0.000,3,5
A,240752845,-5.9508,1.9932,4.4424
G,240753599,-0.737163,-1.344364,-1.902562
A,240755317,-5.6132,2.1548,4.6148
G,240756095,-0.539024,-1.196292,-1.794970
A,240757790,-5.2361,2.2661,4.6651
G,240758577,-0.376038,-1.054612,-1.690575
A,240760283,-4.8447,2.3559,4.6723
G,240761079,-0.289752,-0.929976,-1.589374
A,240762754,-4.4784,2.4205,4.7226
G,240763596,-0.283360,-0.831971,-1.496696
A,240765213,-4.1156,2.4493,4.8590
G,240766091,-0.327036,-0.755272,-1.419997
A,240767696,-3.7888,2.4672,5.0566
G,240768581,-0.378169,-0.699879,-1.366734
A,240770167,-3.5195,2.4636,5.2648
G,240771094,-0.417584,-0.668986,-1.333711
A,240772624,-3.3004,2.4313,5.4157
G,240773589,-0.442085,-0.659399,-1.313471
TRK,240773,0.65082,-0.34946,0.19882,0.64404,0.9525,3.0647,-0.4060,0.000,0.000,0.000,3,5
A,240775103,-3.1496,2.3882,5.4265
G,240776074,-0.469782,-0.665790,-1.311340
A,240777575,-3.1029,2.3559,5.3259
G,240778570,-0.519849,-0.671117,-1.324124
A,240780043,-3.1639,2.3272,5.1571
G,240781043,-0.615723,-0.661529,-1.346494
A,240782529,-3.2968,2.3092,5.0350
G,240783533,-0.762729,-0.635963,-1.357147
A,240785000,-3.4836,2.2661,5.0242
G,240786046,-0.927845,-0.606135,-1.347559
A,240787460,-3.6955,2.2087,5.1140
G,240788542,-1.049285,-0.573112,-1.326254
A,240789937,-3.8894,2.1153,5.2110
G,240791022,-1.088700,-0.525175,-1.308145
A,240792408,-4.1300,2.0435,5.2218
G,240793525,-1.062069,-0.459129,-1.297492
A,240794860,-4.3419,1.9357,5.1392
G,240796021,-1.029045,-0.393083,-1.280448
TRK,240795,0.65848,-0.35432,0.18308,0.63823,0.9525,3.0647,-0.4060,0.000,0.000,0.000,3,5
A,240797342,-4.5681,1.8352,4.9488
G,240798505,-1.040763,-0.337689,-1.255947
A,240799813,-4.8195,1.7274,4.7441
G,240801017,-1.104679,-0.290817,-1.233576
A,240802275,-5.0709,1.5945,4.5825
G,240803512,-1.212271,-0.234358,-1.220793
A,240804746,-5.3690,1.4509,4.4891
G,240806006,-1.335842,-0.178964,-1.217597
A,240807190,-5.6778,1.3001,4.4640
G,240808502,-1.446629,-0.131028,-1.217597
A,240809666,-5.9328,1.1420,4.4963
G,240810976,-1.510545,-0.068177,-1.232511
A,240812137,-6.1627,1.0056,4.4963
G,240813470,-1.540372,0.026632,-1.267665
A,240814585,-6.2812,0.8906,4.4424
TRK,240814,0.66167,-0.36284,0.17072,0.63356,0.9525,3.0647,-0.4060,0.000,0.000,0.000,3,5
G,240815985,-1.580852,0.128897,-1.320928
A,240817053,-6.3817,0.8296,4.3203
G,240818502,-1.676726,0.215183,-1.395496
A,240819524,-6.4248,0.8152,4.1767
G,240820998,-1.861017,0.290817,-1.484978
A,240822000,-6.4715,0.8727,4.1156
G,240823469,-2.147573,0.363255,-1.569134
A,240824471,-6.5290,0.9948,4.3060
G,240825963,-2.514024,0.425040,-1.609614
A,240826921,-6.5829,1.1492,4.8375
G,240828459,-2.877279,0.477238,-1.581918
A,240829402,-6.6331,1.3072,5.6886
G,240830934,-3.116963,0.535828,-1.480717
A,240831874,-6.6690,1.4329,6.6978
TRK,240830,0.66225,-0.37991,0.15529,0.62688,0.9525,3.0647,-0.4060,0.000,0.000,0.000,3,5
G,240833426,-3.147856,0.609331,-1.314536
A,240834322,-6.7265,1.5227,7.6207
G,240835921,-2.959304,0.698813,-1.094026
A,240836816,-6.7660,1.5479,8.2744
G,240838407,-2.620550,0.798948,-0.824515
A,240839287,-6.8055,1.4940,8.5473
G,240840923,-2.239186,0.911866,-0.521980
A,240841761,-6.8378,1.3575,8.5222
G,240843419,-1.916411,1.039698,-0.204531
A,240844254,-6.8558,1.1456,8.3282
G,240845903,-1.716141,1.172856,0.102265
A,240846725,-6.8019,0.8332,8.1666
G,240848409,-1.650095,1.286839,0.385626
A,240849191,-6.7229,0.4633,8.1487
G,240850905,-1.670334,1.368865,0.627441
A,240851662,-6.5362,0.0287,8.3210
TRK,240850,0.65447,-0.40136,0.14619,0.62387,0.9525,3.0647,-0.4060,0.000,0.000,0.000,3,5
G,240853391,-1.695901,1.448759,0.805340
A,240854108,-6.2776,-0.4022,8.5688
G,240855886,-1.669269,1.557416,0.898018
A,240856579,-5.9939,-0.8260,8.7700
G,240858373,-1.611745,1.693770,0.908670
A,240859027,-5.8933,-1.1277,8.8023
G,240860889,-1.612810,1.818406,0.857538
A,240861507,-5.9256,-1.3647,8.8238
G,240863385,-1.769404,1.889779,0.815992
A,240863978,-6.0478,-1.5874,9.1075
G,240865870,-2.085788,1.872735,0.851146
A,240866427,-6.1339,-1.8495,9.8438
G,240868377,-2.394714,1.790709,0.965129
A,240868898,-6.1483,-2.1907,10.9319
G,240870872,-2.461826,1.695901,1.073786
A,240871369,-6.0657,-2.5750,11.9842
TRK,240870,0.63863,-0.42312,0.14879,0.62528,0.9525,3.0647,-0.4060,0.000,0.000,0.000,3,5
G,240873359,-2.174205,1.645833,1.111071
A,240873821,-6.0873,-2.9341,12.5336
G,240875855,-1.670334,1.626659,1.095092
A,240876292,-6.2201,-3.2501,12.4331
G,240878342,-1.223989,1.594701,1.085504
A,240878746,-6.3494,-3.5769,11.8693
G,240880859,-1.035437,1.525459,1.105744
A,240881231,-6.4931,-3.9433,11.2372
G,240883355,-1.121723,1.429585,1.130246
A,240883702,-6.5793,-4.3562,10.7990
G,240885841,-1.351821,1.336907,1.111071
A,240886158,-6.7086,-4.7800,10.6626
G,240888348,-1.576591,1.264469,1.025850
A,240888634,-6.9097,-5.1643,10.7775
G,240890844,-1.711880,1.204814,0.891626
A,240891105,-7.2185,-5.4911,11.0145
TRK,240890,0.62354,-0.43995,0.15301,0.62788,0.9525,3.0647,-0.4060,0.000,0.000,0.000,3,5
G,240893331,-1.747033,1.137702,0.755272
A,240893563,-7.5705,-5.7748,11.3018
G,240895827,-1.691640,1.064199,0.646616
A,240896034,-7.9332,-6.0226,11.5712
G,240898314,-1.559547,0.996022,0.563525
A,240898493,-8.2456,-6.2417,11.7759
G,240900832,-1.367800,0.945955,0.500674
A,240900983,-8.4898,-6.4679,11.8657
G,240903328,-1.148355,0.898018,0.442085
A,240903454,-8.6945,-6.6690,11.8405
G,240905815,-0.931041,0.857538,0.387756
A,240905915,-8.8310,-6.8666,11.7400
G,240908311,-0.741424,0.829841,0.323840
A,240908386,-8.8921,-7.0605,11.6286
G,240910789,-0.594418,0.811731,0.250337
A,240910838,-8.8992,-7.2257,11.5784
G,240913297,-0.485761,0.789361,0.159790
A,240913321,-8.8669,-7.3622,11.6286
A,240915792,-8.7700,-7.4699,11.8118
G,240915793,-0.398409,0.752077,0.051133
A,240918243,-8.6766,-7.5597,12.0919
G,240918268,-0.307861,0.690291,-0.073503
TRK,240914,0.61289,-0.45453,0.15357,0.62785,0.9525,3.0647,-0.4060,0.000,0.000,0.000,3,5
A,240920718,-8.5293,-7.6387,12.4187
G,240920767,-0.199204,0.590156,-0.200270
A,240923189,-8.3677,-7.7033,12.6953
G,240923262,-0.056459,0.452737,-0.330232
A,240925636,-8.1810,-7.7500,12.8497
G,240925732,0.120375,0.290817,-0.476173
A,240928109,-8.0266,-7.7536,12.8497
G,240928228,0.301470,0.109722,-0.642354
A,240930607,-7.9260,-7.7105,12.7383
G,240930748,0.439954,-0.090547,-0.823449
A,240933078,-7.8614,-7.6387,12.6162
G,240933243,0.503870,-0.312122,-1.004544
TRK,240929,0.61385,-0.45663,0.15393,0.62528,0.9525,3.0647,-0.4060,0.000,0.000,0.000,3,5
A,240935556,-7.8685,-7.5525,12.5408
G,240935743,0.507066,-0.547546,-1.177117
A,240938027,-7.9045,-7.4735,12.5265
G,240938238,0.500674,-0.789361,-1.342233
A,240940499,-7.9906,-7.3909,12.5013
G,240940730,0.537959,-1.026915,-1.506284
A,240942995,-8.1199,-7.2939,12.3684
G,240943246,0.643420,-1.252751,-1.672465
A,240945467,-8.2851,-7.1682,12.1171
G,240945742,0.796818,-1.458347,-1.832255
A,240947937,-8.4432,-7.0138,11.7759
G,240948231,0.945955,-1.644768,-1.980326
A,240950408,-8.5653,-6.8450,11.4598
G,240950750,1.052481,-1.818406,-2.109223
A,240952860,-8.6155,-6.6870,11.2192
G,240953246,1.120658,-1.984588,-2.223207
A,240955329,-8.5868,-6.5398,11.0145
G,240955732,1.188835,-2.144377,-2.338255
TRK,240952,0.63224,-0.44558,0.14167,0.61779,0.9525,3.0647,-0.4060,0.000,0.000,0.000,3,5
A,240957822,-8.5114,-6.3602,10.7595
G,240958241,1.293231,-2.290318,-2.474609
A,240960293,-8.3893,-6.1483,10.4112
G,240960737,1.412541,-2.419215,-2.632268
A,240962763,-8.2528,-5.8574,9.9946
G,240963222,1.496696,-2.530003,-2.800580
A,240965234,-8.1056,-5.5162,9.6139
G,240965742,1.496696,-2.629073,-2.960370
A,240967689,-7.9188,-5.1356,9.3984
G,240968237,1.415736,-2.721750,-3.104180
A,240970175,-7.6998,-4.7657,9.3697
G,240970737,1.303884,-2.811233,-3.227751
A,240972646,-7.4663,-4.3993,9.4703
G,240973232,1.229315,-2.895388,-3.338538
A,240975113,-7.2688,-4.0366,9.5529
G,240975712,1.243164,-2.964631,-3.446130
TRK,240972,0.65919,-0.42494,0.12078,0.60853,0.9525,3.0647,-0.4060,0.000,0.000,0.000,3,5
A,240977610,-7.0461,-3.6595,9.5170
G,240978221,1.343298,-3.004045,-3.540939
A,240980081,-6.9923,-3.1891,9.3266
G,240980717,1.472195,-2.995523,-3.603789
A,240982559,-6.9240,-2.7078,9.1470
G,240983207,1.553155,-2.947586,-3.598463
A,240985031,-6.7588,-2.2805,9.1435
G,240985703,1.556351,-2.904976,-3.500459
A,240987490,-6.5577,-1.9285,9.2871
G,240988173,1.546764,-2.898584,-3.335343
A,240989979,-6.2453,-1.6807,9.4559
G,240990673,1.639442,-2.906041,-3.167031
A,240992451,-5.9903,-1.4545,9.3984
G,240993169,1.881257,-2.873018,-3.053048
A,240994921,-5.7389,-1.2749,9.0357
G,240995649,2.167813,-2.826146,-2.964631
A,240997392,-5.5737,-1.0882,8.4108
TRK,240992,0.68925,-0.40068,0.09590,0.59598,0.9525,3.0647,-0.4060,0.000,0.000,0.000,3,5
G,240998160,2.352104,-2.817624,-2.866626
A,240999844,-5.3439,-0.9625,7.7069
G,241000656,2.365952,-2.854908,-2.769687
A,241002328,-5.0996,-0.8583,7.0677
G,241003148,2.245577,-2.880475,-2.717489
A,241004800,-4.8985,-0.7362,6.5254
G,241005669,2.049569,-2.864496,-2.727077
A,241007263,-4.7764,-0.5602,6.1339
G,241008165,1.807754,-2.825081,-2.770753
A,241009757,-4.6723,-0.3591,5.8969
G,241010666,1.543568,-2.786732,-2.818689
A,241012229,-4.5933,-0.1437,5.7640
G,241013161,1.285774,-2.752643,-2.846386
A,241014704,-4.5538,0.0970,5.6886
G,241015642,1.070591,-2.703641,-2.862365
TRK,241015,0.71895,-0.36991,0.07363,0.58383,0.9525,3.0647,-0.4060,0.000,0.000,0.000,3,5
A,241017196,-4.5215,0.3340,5.5881
G,241018140,0.909736,-2.630138,-2.869822
A,241019667,-4.5286,0.6069,5.4516
G,241020636,0.784035,-2.530003,-2.862365
A,241022134,-4.5394,0.8727,5.2792
G,241023107,0.662594,-2.406432,-2.812298
A,241024605,-4.5538,1.1492,5.1212
G,241025603,0.539024,-2.257295,-2.721750
A,241027073,-4.5394,1.4078,5.0206
G,241028075,0.425040,-2.071939,-2.599245
A,241029561,-4.5035,1.6484,4.9632
G,241030568,0.341950,-1.857821,-2.446912
A,241032032,-4.5035,1.8854,4.9344
G,241033081,0.295078,-1.620267,-2.265817
A,241034491,-4.4496,2.0722,4.9201
G,241035576,0.274838,-1.376322,-2.051699
TRK,241035,0.73720,-0.35562,0.05193,0.57217,0.9525,3.0647,-0.4060,0.000,0.000,0.000,3,5
G,241045539,0.183225,-0.402670,-1.009871
A,241046844,-3.9361,2.4134,4.7441
TRK,241050,0.74292,-0.35285,0.04671,0.56691,0.9525,3.0647,-0.4060,0.000,0.000,0.000,3,5
G,241147839,-0.840494,1.667139,1.006675
A,241148095,-7.1108,-8.5832,11.0899
TRK,241615,0.80956,-0.30129,-0.01266,0.50367,0.9525,3.0647,-0.4060,0.000,0.000,0.000,3,5
A,242284839,6.5900,-4.1695,4.4245
G,242285885,1.370995,-5.327387,1.660747
A,242287310,6.1483,-4.2701,4.0689
G,242288386,1.400823,-5.355084,1.777926
A,242289758,5.7497,-4.3922,3.7421
G,242290882,1.486044,-5.388107,1.896170
A,242292242,5.3726,-4.5143,3.3543
G,242293368,1.626659,-5.411543,1.993110
A,242294713,4.9775,-4.6148,2.8515
G,242295885,1.791775,-5.390238,2.077266
A,242297179,4.6005,-4.6831,2.3092
G,242298380,1.935585,-5.306082,2.169944
A,242299650,4.3562,-4.7585,1.8495
G,242300877,2.020807,-5.191033,2.281796
A,242302096,4.2880,-4.8554,1.5622
G,242303398,2.057025,-5.091964,2.401106
A,242304569,4.3239,-4.9596,1.4257
G,242305894,2.100701,-5.017395,2.492719
TRK,242302,0.56824,0.09328,-0.60761,0.54701,0.9525,3.0647,-0.4060,0.000,0.000,0.000,3,5
A,242307058,4.5215,-5.0673,1.3539
G,242308380,2.192314,-4.950284,2.533199
A,242309529,4.7441,-5.1140,1.2354
G,242310895,2.312689,-4.873585,2.525742
A,242311996,5.0242,-5.0961,1.0630
G,242313390,2.380866,-4.813930,2.503371
A,242314467,5.3798,-5.0206,0.9553
TRK,242309,0.55087,0.10250,-0.61472,0.55512,0.9525,3.0647,-0.4060,0.000,0.000,0.000,3,5
G,242315887,2.335060,-4.796885,2.489523
A,242316918,5.8251,-4.9309,1.0235
G,242318382,2.186988,-4.837366,2.481001
A,242319409,6.3422,-4.8339,1.3036
G,242320869,2.016546,-4.926848,2.462891
A,242321881,6.8881,-4.7369,1.6843
G,242323365,1.904693,-5.052549,2.417085
A,242324363,7.3837,-4.6220,2.0219
G,242325842,1.879126,-5.202752,2.354234
A,242326834,7.8075,-4.4819,2.1943
G,242328349,1.899366,-5.365737,2.292449
A,242329297,8.1415,-4.3311,2.1656
G,242330844,1.904693,-5.538310,2.249839
A,242331768,8.4288,-4.1946,2.0435
G,242333332,1.863147,-5.713013,2.237055
A,242334213,8.6694,-4.0869,1.9106
G,242335849,1.788579,-5.877063,2.250904
A,242336688,8.8526,-4.0187,1.8280
G,242338345,1.722532,-6.032592,2.286057
A,242339181,8.9890,-4.0043,1.7633
G,242340830,1.705488,-6.183859,2.332929
A,242341653,9.0644,-4.0294,1.6448
TRK,242334,0.49105,0.13382,-0.63690,0.57907,0.9525,3.0647,-0.4060,0.000,0.000,0.000,3,5
G,242343337,1.756621,-6.337257,2.387258
A,242344119,9.0968,-4.0941,1.3827
G,242345833,1.864213,-6.478938,2.444782
A,242346590,9.0968,-4.2018,0.9445
G,242348320,1.989914,-6.591856,2.499110
A,242349038,9.0644,-4.3311,0.3699
G,242350838,2.090049,-6.674946,2.550243
A,242351517,9.0178,-4.4855,-0.2909
G,242353353,2.134790,-6.730340,2.599245
A,242353994,8.9890,-4.6651,-0.9373
G,242355848,2.130529,-6.761233,2.646117
A,242356483,8.9495,-4.8518,-1.5227
G,242358325,2.101767,-6.764429,2.679140
A,242358954,8.9531,-5.0494,-2.0183
G,242360842,2.073004,-6.744189,2.697249
A,242361435,8.9495,-5.2289,-2.4205
G,242363338,2.059156,-6.705839,2.698315
A,242363906,8.9747,-5.3941,-2.7473
TRK,242359,0.41693,0.17231,-0.66413,0.59617,0.9525,3.0647,-0.4060,0.000,0.000,0.000,3,5
G,242365835,2.064482,-6.660033,2.692988
A,242366368,9.0609,-5.5486,-3.0203
G,242368331,2.088983,-6.611031,2.683401
A,242368839,9.2117,-5.7030,-3.2789
G,242370808,2.128398,-6.556702,2.667422
A,242371282,9.4272,-5.8359,-3.5554
G,242373309,2.171009,-6.499178,2.633334
A,242373749,9.6965,-5.9687,-3.8571
G,242375827,2.196575,-6.441653,2.585397
A,242376234,9.9910,-6.0801,-4.1659
G,242378323,2.188053,-6.399043,2.527873
A,242378705,10.3178,-6.1914,-4.4353
TRK,242377,0.35282,0.20250,-0.68168,0.60813,0.9525,3.0647,-0.4060,0.000,0.000,0.000,3,5
G,242380807,2.147573,-6.377738,2.468218
A,242381157,10.6734,-6.2991,-4.6579
G,242383303,2.093245,-6.373477,2.393649
A,242383628,11.0325,-6.3961,-4.8267
G,242385781,2.046373,-6.377738,2.295645
A,242386075,11.3844,-6.4895,-4.9955
G,242388289,2.013350,-6.397978,2.173139
A,242388553,11.7076,-6.5721,-5.2110
G,242390807,1.985653,-6.436327,2.031459
A,242391042,11.9662,-6.6295,-5.5091
G,242393303,1.950499,-6.490655,1.879126
A,242393513,12.1781,-6.6834,-5.8826
G,242395781,1.896170,-6.549245,1.725728
A,242395963,12.3218,-6.7121,-6.2956
G,242398290,1.817341,-6.608900,1.574461
A,242398444,12.3828,-6.7373,-6.7409
G,242400786,1.727859,-6.661098,1.425324
A,242400915,12.3864,-6.7445,-7.1970
G,242403261,1.647964,-6.696252,1.269795
A,242403364,12.3577,-6.7624,-7.6926
TRK,242399,0.28425,0.23894,-0.69622,0.61432,0.9525,3.0647,-0.4060,0.000,0.000,0.000,3,5
G,242405780,1.586179,-6.707970,1.107875
A,242405856,12.2823,-6.7660,-8.2492
G,242408276,1.531850,-6.699448,0.944889
A,242408327,12.1997,-6.7660,-8.8526
G,242410774,1.463673,-6.676012,0.786165
A,242410800,12.1135,-6.7516,-9.4918
G,242413270,1.373126,-6.629140,0.633832
A,242413271,12.0129,-6.7121,-10.1239
A,242415726,11.9447,-6.6547,-10.7093
G,242415748,1.266599,-6.544984,0.486826
A,242418202,11.8872,-6.5613,-11.2264
G,242418249,1.160073,-6.409696,0.344080
A,242420674,11.8513,-6.4428,-11.6574
G,242420745,1.063134,-6.227535,0.210922
TRK,242419,0.23036,0.27792,-0.70642,0.60883,0.9525,3.0647,-0.4060,0.000,0.000,0.000,3,5
A,242423128,11.8477,-6.3063,-11.9842
G,242423222,0.981108,-6.016613,0.092678
A,242425599,11.9088,-6.1555,-12.1997
G,242425718,0.923584,-5.780124,-0.012783
A,242428047,12.0057,-6.0011,-12.3684
G,242428187,0.909736,-5.513809,-0.109722
A,242430525,12.1637,-5.8251,-12.5696
G,242430688,0.949151,-5.216600,-0.206661
A,242432997,12.3720,-5.6276,-12.8569
G,242433183,1.020523,-4.908739,-0.301470
A,242435457,12.6234,-5.4157,-13.2483
G,242435664,1.063134,-4.603008,-0.385626
A,242437947,12.9395,-5.1822,-13.6254
G,242438175,1.016262,-4.303668,-0.448476
A,242440418,13.3166,-4.9488,-13.8588
TRK,242436,0.20078,0.30462,-0.71025,0.60203,0.9525,3.0647,-0.4060,0.000,0.000,0.000,3,5
G,242440695,0.862864,-4.008590,-0.494283
A,242442870,13.7367,-4.7154,-13.8768
G,242443191,0.638093,-3.718838,-0.532632
A,242445352,14.1641,-4.4819,-13.6865
G,242445691,0.414388,-3.433347,-0.578439
A,242447823,14.5771,-4.2449,-13.4027
G,242448187,0.255663,-3.147856,-0.635963
A,242450306,14.9434,-3.9935,-13.1406
G,242450687,0.184291,-2.864496,-0.699879
A,242452778,15.2989,-3.7457,-12.9754
G,242453183,0.172573,-2.590723,-0.756338
A,242455242,15.6329,-3.4872,-12.9143
G,242455663,0.166181,-2.332929,-0.794687
A,242457730,15.9346,-3.2429,-12.9251
G,242458168,0.122505,-2.094310,-0.818123
A,242460201,16.1968,-3.0059,-12.9574
G,242460663,0.030893,-1.866343,-0.835167
TRK,242460,0.17730,0.33447,-0.71181,0.59163,0.9525,3.0647,-0.4060,0.000,0.000,0.000,3,5
A,242462677,16.3763,-2.7833,-12.9646
G,242463154,-0.094809,-1.643703,-0.850081
A,242465148,16.4518,-2.5857,-12.9466
G,242465665,-0.226901,-1.419997,-0.857538
A,242467595,16.4302,-2.4169,-12.8928
G,242468161,-0.344080,-1.189900,-0.854342
A,242470078,16.3189,-2.2733,-12.8389
G,242470657,-0.426106,-0.952346,-0.840494
A,242472550,16.1214,-2.1548,-12.8102
G,242473153,-0.474043,-0.703074,-0.815992
A,242475018,15.8664,-2.0578,-12.8138
G,242475634,-0.494283,-0.441019,-0.775512
A,242477489,15.5719,-1.9824,-12.8353
TRK,242472,0.17588,0.34241,-0.71246,0.58671,0.9525,3.0647,-0.4060,0.000,0.000,0.000,3,5
G,242478145,-0.508131,-0.166181,-0.716923
A,242479939,15.2918,-1.9249,-12.8281
G,242480641,-0.525175,0.119310,-0.643420
A,242482408,15.0511,-1.8962,-12.7707
G,242483120,-0.547546,0.416518,-0.559264
A,242484879,14.8644,-1.8926,-12.6486
G,242485616,-0.561394,0.723314,-0.469782
A,242487338,14.7279,-1.9070,-12.5085
G,242488084,-0.561394,1.033306,-0.387756
A,242489809,14.6346,-1.9393,-12.3649
G,242490580,-0.551807,1.341168,-0.321710
A,242492273,14.5771,-1.9716,-12.2463
G,242493052,-0.556068,1.637311,-0.274838
A,242494760,14.5484,-2.0075,-12.1206
G,242495549,-0.601874,1.918541,-0.241815
A,242497232,14.5412,-2.0327,-11.9375
G,242498044,-0.700944,2.184857,-0.219444
TRK,242493,0.18496,0.34204,-0.71273,0.58380,0.9525,3.0647,-0.4060,0.000,0.000,0.000,3,5
A,242499707,14.5448,-2.0578,-11.6610
G,242500528,-0.845820,2.435194,-0.203465
A,242502178,14.5555,-2.0865,-11.2731
G,242503041,-1.008805,2.671683,-0.190682
A,242504634,14.5735,-2.1225,-10.7883
G,242505537,-1.159008,2.891127,-0.176834
A,242507121,14.5735,-2.1476,-10.2568
G,242508030,-1.275122,3.094593,-0.164051
A,242509592,14.5591,-2.1763,-9.7252
G,242510526,-1.352886,3.281014,-0.150202
A,242512060,14.5125,-2.1979,-9.2368
G,242512999,-1.406149,3.448261,-0.133158
A,242514531,14.4263,-2.2266,-8.8059
G,242515503,-1.454086,3.601659,-0.110787
A,242516980,14.3042,-2.2697,-8.4144
G,242517999,-1.507349,3.746535,-0.082025
TRK,242517,0.21700,0.31969,-0.71291,0.58521,0.9525,3.0647,-0.4060,0.000,0.000,0.000,3,5
A,242519460,14.1605,-2.3379,-8.0481
G,242520483,-1.568069,3.887150,-0.049002
A,242521932,13.9809,-2.4277,-7.6674
G,242522997,-1.629854,4.021373,-0.010653
A,242524393,13.7619,-2.5355,-7.2688
G,242525493,-1.683118,4.150270,0.031958
A,242526864,13.5213,-2.6791,-6.8666
G,242527988,-1.718271,4.268514,0.079895
A,242529306,13.2555,-2.8407,-6.4715
G,242530483,-1.731055,4.379302,0.129962
A,242531780,12.9538,-3.0167,-6.1196
G,242532958,-1.723598,4.490089,0.178964
A,242534251,12.6593,-3.2214,-5.8071
G,242535462,-1.707619,4.605138,0.234358
A,242536706,12.3469,-3.4297,-5.5198
G,242537958,-1.696966,4.722317,0.295078
A,242539186,12.0416,-3.6559,-5.2289
G,242540437,-1.701227,4.836300,0.360059
TRK,242540,0.25691,0.28568,-0.71278,0.58679,0.9525,3.0647,-0.4060,0.000,0.000,0.000,3,5
A,242541682,11.7687,-3.8966,-4.8985
G,242542933,-1.711880,4.953480,0.418649
A,242544153,11.5173,-4.1515,-4.5394
G,242545438,-1.719337,5.070659,0.465521
A,242546609,11.2875,-4.4137,-4.1587
G,242547934,-1.720402,5.186772,0.496413
A,242549097,11.0684,-4.6723,-3.7816
G,242550419,-1.717206,5.299691,0.514523
A,242551568,10.8637,-4.9237,-3.4010
G,242552935,-1.718271,5.410478,0.521980
A,242554036,10.6518,-5.1571,-2.9987
G,242555430,-1.734250,5.518070,0.527306
A,242556507,10.4579,-5.3905,-2.5319
TRK,242551,0.27617,0.26682,-0.71165,0.58830,0.9525,3.0647,-0.4060,0.000,0.000,0.000,3,5
G,242557926,-1.765143,5.619269,0.532632
A,242558957,10.2711,-5.6204,-1.9824
G,242560421,-1.798166,5.709817,0.547546
A,242561438,10.1167,-5.8646,-1.3575
G,242562897,-1.806688,5.781189,0.574178
A,242563909,9.9838,-6.1196,-0.7111
G,242565404,-1.768339,5.833387,0.601874
A,242566371,9.8725,-6.3817,-0.1113
G,242567900,-1.678857,5.872802,0.617853
A,242568862,9.7791,-6.6403,0.3807
G,242570384,-1.560612,5.906891,0.619984
A,242571333,9.6750,-6.8917,0.7685
G,242572901,-1.450890,5.936718,0.613592
A,242573806,9.5744,-7.1323,1.0989
G,242575396,-1.380583,5.964415,0.604005
A,242576277,9.4810,-7.3765,1.4653
G,242577912,-1.356082,5.982524,0.594418
A,242578751,9.3948,-7.6207,1.9357
G,242580408,-1.356082,5.985720,0.583765
A,242581223,9.3338,-7.8757,2.5283
TRK,242576,0.32799,0.21337,-0.70394,0.59276,0.9525,3.0647,-0.4060,0.000,0.000,0.000,3,5
G,242582904,-1.340103,5.961219,0.566721
A,242583678,9.3338,-8.1379,3.1711
G,242585399,-1.275122,5.904760,0.536893
A,242586164,9.3230,-8.3821,3.7745
G,242587875,-1.152616,5.829126,0.481499
A,242588635,9.3158,-8.6084,4.2557
G,242590382,-1.000283,5.747101,0.407996
A,242591102,9.2727,-8.8095,4.6220
G,242592878,-0.868190,5.655488,0.325971
TRK,242588,0.35355,0.18638,-0.69685,0.59554,0.9525,3.0647,-0.4060,0.000,0.000,0.000,3,5
A,242593600,9.2225,-9.0178,4.9344
G,242595364,-0.791491,5.532983,0.250337
A,242596071,9.2045,-9.2368,5.2577
G,242597876,-0.754207,5.384912,0.170442
A,242598544,9.2261,-9.4631,5.6096
G,242600372,-0.711597,5.233644,0.068177
A,242601016,9.2871,-9.6678,5.9580
G,242602869,-0.641289,5.090899,-0.068177
A,242603475,9.3230,-9.8294,6.2596
G,242605364,-0.553937,4.949219,-0.224771
A,242605965,9.4236,-9.9587,6.5182
G,242607841,-0.487891,4.790494,-0.382430
A,242608437,9.5672,-10.0521,6.7588
STAT,404.6,400.6,0,0,13271,5.9285,299.121,0.4747,0.8360,1.7463,9.8689,3.87,0.000
G,242610349,-0.450607,4.632835,-0.543285
A,242610908,9.7360,-10.1023,7.0425
G,242612844,-0.438889,4.492220,-0.711597
A,242613400,10.0018,-10.1347,7.4340
G,242615323,-0.432497,4.366518,-0.879908
A,242615872,10.2963,-10.1239,7.9691
G,242617839,-0.412257,4.231230,-1.027980
A,242618353,10.6626,-10.1023,8.6191
G,242620335,-0.347276,4.063983,-1.157942
A,242620824,11.1294,-10.0808,9.3194
TRK,242621,0.41305,0.13830,-0.67159,0.59936,0.9525,3.0647,-0.4060,0.000,0.000,0.000,3,5
G,242622852,-0.211988,3.866910,-1.284709
A,242623307,11.6250,-10.0664,9.9371
G,242625347,-0.011718,3.634682,-1.419997
A,242625778,12.1206,-10.0377,10.3681
G,242627838,0.213053,3.358778,-1.564873
A,242628236,12.5875,-10.0197,10.5656
G,242630334,0.406931,3.040264,-1.715076
A,242630707,12.9933,-10.0090,10.5548
G,242632811,0.532632,2.681271,-1.875931
A,242633153,13.3273,-10.0054,10.4112
G,242635319,0.585895,2.294580,-2.048503
A,242635629,13.5500,-10.0269,10.1742
TRK,242633,0.43263,0.13308,-0.66088,0.59863,0.9525,3.0647,-0.4060,0.000,0.000,0.000,3,5
G,242637837,0.584830,1.887648,-2.241316
A,242638116,13.6577,-10.0556,9.8761
G,242640332,0.564590,1.475391,-2.452239
A,242640587,13.6110,-10.0880,9.4990
G,242642850,0.544350,1.068460,-2.678075
A,242643075,13.4422,-10.1167,9.0285
G,242645345,0.532632,0.677508,-2.903911
A,242645547,13.1693,-10.1311,8.4791
G,242647843,0.525175,0.308927,-3.115898
A,242648015,12.8317,-10.1347,7.8614
G,242650338,0.519849,-0.034088,-3.309776
A,242650487,12.4546,-10.1382,7.2042
G,242652816,0.517718,-0.354733,-3.491936
A,242652937,12.0596,-10.1239,6.5074
G,242655321,0.524110,-0.649811,-3.667705
A,242655415,11.6610,-10.1059,5.7640
G,242657816,0.542220,-0.918258,-3.841343
A,242657886,11.2587,-10.0808,4.9775
TRK,242653,0.45456,0.14844,-0.64979,0.59086,0.9525,3.0647,-0.4060,0.000,0.000,0.000,3,5
G,242660304,0.567786,-1.156877,-4.012851
A,242660348,10.8637,-10.0521,4.1444
G,242662809,0.593352,-1.367800,-4.180098
A,242662827,10.4974,-10.0161,3.2968
A,242665298,10.1634,-9.9766,2.4205
G,242665304,0.611462,-1.551025,-4.340952
A,242667752,9.8617,-9.9120,1.5407
G,242667782,0.618919,-1.708684,-4.503938
A,242670237,9.5780,-9.8258,0.6285
G,242670291,0.611462,-1.836516,-4.672250
A,242672732,9.3374,-9.7001,-0.2765
G,242672809,0.582700,-1.930259,-4.852280
A,242675203,9.1111,-9.5313,-1.1205
G,242675305,0.524110,-1.978196,-5.033374
A,242677659,8.8813,-9.2907,-1.8280
G,242677783,0.441019,-1.962217,-5.209143
A,242680145,8.6191,-8.9926,-2.3343
G,242680291,0.344080,-1.888714,-5.358280
A,242682616,8.3354,-8.6766,-2.6252
G,242682787,0.253533,-1.798166,-5.459480
TRK,242678,0.47335,0.19865,-0.64498,0.56612,0.9525,3.0647,-0.4060,0.000,0.000,0.000,3,5
A,242685083,8.1056,-8.3965,-2.7689
G,242685275,0.198139,-1.745968,-5.493568
A,242687572,7.9009,-8.1666,-2.9556
G,242687784,0.230097,-1.733185,-5.482916
A,242690043,7.7249,-7.9763,-3.3507
G,242690280,0.386691,-1.721467,-5.481851
A,242692514,7.5094,-7.7931,-4.0725
G,242692770,0.629571,-1.666073,-5.514874
A,242694985,7.2077,-7.5956,-5.0566
G,242695265,0.850081,-1.578722,-5.562811
TRK,242690,0.48488,0.22777,-0.64207,0.54841,0.9525,3.0647,-0.4060,0.000,0.000,0.000,3,5
A,242697445,6.9097,-7.4160,-6.1339
G,242697744,0.936367,-1.484978,-5.594769
A,242699926,6.7014,-7.2508,-7.1000
G,242700243,0.858603,-1.402953,-5.616074
A,242702397,6.4248,-7.0425,-7.8506
G,242702739,0.681769,-1.276187,-5.670402
A,242704858,6.1914,-6.8235,-8.3641
G,242705217,0.485761,-1.100418,-5.771602
A,242707329,5.9077,-6.5469,-8.7017
G,242707737,0.314253,-0.901214,-5.882390
A,242709782,5.6024,-6.2381,-8.9711
G,242710233,0.178964,-0.723314,-5.977198
A,242712260,5.3582,-5.9077,-9.2656
G,242712728,0.088417,-0.548611,-6.060289
A,242714731,5.1140,-5.5306,-9.6498
G,242715224,0.027697,-0.349407,-6.161489
TRK,242710,0.50581,0.27402,-0.63072,0.52083,0.9525,3.0647,-0.4060,0.000,0.000,0.000,3,5
A,242717196,4.8483,-5.0853,-10.1095
G,242717704,-0.054328,-0.123571,-6.265885
A,242719667,4.5753,-4.6005,-10.5656
G,242720214,-0.209857,0.119310,-6.348976
A,242722113,4.3275,-4.0725,-10.8745
G,242722710,-0.444215,0.382430,-6.399043
A,242724590,4.1192,-3.5303,-10.9714
G,242725201,-0.719053,0.664725,-6.417152
A,242727061,3.9540,-2.9628,-10.8350
G,242727697,-0.968325,0.969391,-6.403304
A,242729539,3.8355,-2.3703,-10.5369
G,242730187,-1.139833,1.296427,-6.358563
A,242732010,3.7421,-1.7490,-10.1706
G,242732699,-1.211206,1.647964,-6.279733
A,242734460,3.6990,-1.1061,-9.8043
G,242735195,-1.202684,2.012284,-6.161489
TRK,242735,0.55197,0.31534,-0.60686,0.47709,0.9525,3.0647,-0.4060,0.000,0.000,0.000,3,5
A,242736950,3.6595,-0.4669,-9.4739
G,242737695,-1.153681,2.379801,-6.002765
A,242739421,3.6595,0.1508,-9.1470
G,242740191,-1.095092,2.741991,-5.807821
A,242741892,3.7314,0.7254,-8.8023
G,242742672,-1.040763,3.100985,-5.581985
A,242744363,3.8750,1.2462,-8.4180
G,242745177,-0.994957,3.442934,-5.334844
A,242746810,4.0977,1.7166,-7.9906
G,242747673,-0.956607,3.755057,-5.080246
A,242749281,4.3491,2.1440,-7.5776
G,242750184,-0.926780,4.023503,-4.838431
A,242751734,4.5574,2.5319,-7.1970
G,242752680,-0.915062,4.253601,-4.617921
A,242754207,4.6902,2.8910,-6.8738
G,242755159,-0.943824,4.453870,-4.412325
A,242756678,4.7190,3.2178,-6.5577
G,242757655,-1.033306,4.625378,-4.212055
TRK,242751,0.59406,0.32440,-0.57904,0.45451,0.9525,3.0647,-0.4060,0.000,0.000,0.000,3,5
A,242759144,4.6436,3.5231,-6.1806
G,242760127,-1.180313,4.772385,-4.003263
A,242761640,4.5071,3.7709,-5.7066
G,242762629,-1.355016,4.889564,-3.782754
A,242764111,4.3060,3.9756,-5.1607
G,242765125,-1.511610,4.975850,-3.555852
A,242766591,4.0510,4.1336,-4.6256
G,242767609,-1.609614,5.036570,-3.334277
A,242769061,3.7350,4.2557,-4.2306
G,242770105,-1.649029,5.081311,-3.124420
A,242771540,3.3184,4.3814,-3.9935
G,242772587,-1.667139,5.130313,-2.916694
A,242774010,2.8587,4.4855,-3.8607
G,242775100,-1.720402,5.186772,-2.692988
A,242776470,2.4062,4.5681,-3.7062
G,242777596,-1.835451,5.254950,-2.434129
A,242778960,1.9716,4.6184,-3.4441
G,242780088,-1.984588,5.330583,-2.152899
A,242781431,1.6053,4.6184,-3.0418
G,242782603,-2.112419,5.414739,-1.869539
A,242783894,1.2893,4.5825,-2.5498
G,242785099,-2.179531,5.509548,-1.597896
TRK,242781,0.65877,0.30683,-0.53077,0.43608,0.9525,3.0647,-0.4060,0.000,0.000,0.000,3,5
A,242786375,1.0056,4.5322,-2.0435
G,242787582,-2.180596,5.610747,-1.320928
A,242788846,0.7649,4.4532,-1.5658
G,242790095,-2.145442,5.708752,-1.033306
A,242791309,0.5638,4.3598,-1.1205
G,242792591,-2.107093,5.791842,-0.740359
A,242793780,0.4166,4.2234,-0.6608
G,242795104,-2.092179,5.855758,-0.443150
A,242796244,0.3376,4.0510,-0.1688
G,242797600,-2.097506,5.896238,-0.147006
TRK,242797,0.69390,0.27739,-0.50255,0.43475,0.9525,3.0647,-0.4060,0.000,0.000,0.000,3,5
A,242798738,0.3268,3.8391,0.3699
G,242800092,-2.097506,5.918609,0.136354
A,242801209,0.3735,3.5949,0.9158
G,242802603,-2.073004,5.910087,0.386691
A,242803672,0.4597,3.3184,1.4042
G,242805099,-2.033590,5.871737,0.600809
A,242806143,0.5602,3.0347,1.8208
G,242807593,-2.005893,5.800364,0.779773
A,242808592,0.6644,2.7438,2.1727
G,242810089,-2.017611,5.703425,0.924649
A,242811079,0.7865,2.4457,2.4924
G,242812572,-2.083657,5.579855,1.040763
A,242813550,0.9014,2.1512,2.8407
G,242815079,-2.198706,5.430718,1.136637
A,242816013,0.9804,1.8747,3.2358
G,242817575,-2.343582,5.258145,1.218663
A,242818484,1.0702,1.6053,3.7062
TRK,242817,0.72363,0.23392,-0.47353,0.44431,0.9525,3.0647,-0.4060,0.000,0.000,0.000,3,5
G,242820068,-2.489523,5.070659,1.295362
A,242820933,1.1025,1.3611,4.2270
G,242822581,-2.608833,4.877846,1.369930
A,242823404,1.1205,1.1241,4.7764
G,242825077,-2.690858,4.675446,1.453021
A,242825875,1.1169,0.8906,5.3259
G,242827577,-2.728142,4.462392,1.544633
A,242828334,1.1313,0.6321,5.8466
G,242830073,-2.722816,4.233361,1.653290
A,242830826,1.1420,0.3627,6.3099
G,242832556,-2.669553,4.002198,1.769404
A,242833297,1.1349,0.0826,6.6906
G,242835069,-2.574744,3.777427,1.886583
A,242835771,1.1061,-0.2155,6.9599
G,242837565,-2.455435,3.557983,2.006958
A,242838266,1.0379,-0.5315,7.1251
G,242840050,-2.339321,3.331082,2.129463
A,242840737,0.9984,-0.8906,7.2185
TRK,242840,0.74331,0.18271,-0.45572,0.45435,0.9525,3.0647,-0.4060,0.000,0.000,0.000,3,5
G,242842553,-2.238121,3.093528,2.250904
A,242843202,0.9661,-1.2749,7.2580
G,242845049,-2.146508,2.867692,2.351039
A,242845673,0.9301,-1.6771,7.2724
G,242847533,-2.060221,2.664226,2.423476
A,242848119,0.9050,-2.0722,7.3011
G,242850047,-1.985653,2.485262,2.473544
A,242850596,0.8368,-2.4529,7.3622
G,242852543,-1.934520,2.313754,2.523612
A,242853067,0.8296,-2.8443,7.5058
G,242855036,-1.895105,2.132659,2.579005
A,242855525,0.8727,-3.2394,7.7213
G,242857532,-1.841842,1.940912,2.625877
A,242858010,0.9625,-3.6272,7.9619
G,242860002,-1.749164,1.744903,2.641856
A,242860481,1.0989,-3.9971,8.1666
TRK,242860,0.74610,0.14586,-0.45106,0.46755,0.9525,3.0647,-0.4060,0.000,0.000,0.000,3,5
G,242862506,-1.621332,1.551025,2.628007
A,242862950,1.2318,-4.3347,8.2923
G,242865002,-1.491370,1.352886,2.594984
A,242865421,1.3647,-4.6400,8.3462
G,242867487,-1.396562,1.150486,2.559830
A,242867872,1.4940,-4.9344,8.3965
G,242869983,-1.348625,0.941694,2.520416
A,242870354,1.6484,-5.2182,8.5006
G,242872448,-1.329450,0.726510,2.475675
A,242872825,1.8028,-5.4947,8.6874
G,242874943,-1.302818,0.499609,2.416020
A,242875288,1.9860,-5.7676,8.9316
G,242877439,-1.236772,0.267381,2.342516
A,242877759,2.1548,-6.0190,9.1686
G,242879935,-1.118528,0.036219,2.256230
A,242880223,2.3451,-6.2740,9.3482
G,242882431,-0.973652,-0.202400,2.160356
TRK,242877,0.74111,0.12328,-0.45380,0.47919,0.9525,3.0647,-0.4060,0.000,0.000,0.000,3,5
A,242882718,2.5283,-6.5074,9.4379
G,242884907,-0.827710,-0.453803,2.062352
A,242885189,2.7402,-6.7301,9.4559
G,242887413,-0.702009,-0.716923,1.953695
A,242887665,2.9269,-6.9025,9.4128
G,242889909,-0.598679,-0.978978,1.830124
A,242890136,3.1065,-7.0569,9.3661
G,242892396,-0.518784,-1.245294,1.700162
A,242892593,3.2394,-7.1898,9.3302
G,242894912,-0.452737,-1.521197,1.569134
A,242895080,3.3327,-7.3119,9.3122
G,242897408,-0.379234,-1.806688,1.439172
A,242897551,3.4081,-7.4484,9.2907
G,242899897,-0.280165,-2.096440,1.301753
A,242900012,3.4441,-7.5741,9.2261
G,242902393,-0.152333,-2.382997,1.160073
A,242902483,3.4512,-7.6854,9.0680
TRK,242897,0.72901,0.11393,-0.46577,0.48849,0.9525,3.0647,-0.4060,0.000,0.000,0.000,3,5
G,242904870,-0.010653,-2.668487,1.016262
A,242904933,3.4333,-7.7824,8.8166
G,242907364,0.124636,-2.953978,0.867125
A,242907400,3.4261,-7.8685,8.4791
G,242909881,0.236489,-3.238404,0.708401
A,242909892,3.4189,-7.9332,8.0768
A,242912363,3.4153,-7.9835,7.6602
G,242912377,0.316384,-3.519633,0.536893
A,242914835,3.4046,-8.0086,7.2401
G,242914874,0.364320,-3.795537,0.350472
A,242917306,3.3758,-8.0014,6.8522
G,242917370,0.393083,-4.062918,0.150202
TRK,242912,0.71565,0.12128,-0.48170,0.49102,0.9525,3.0647,-0.4060,0.000,0.000,0.000,3,5
A,242919760,3.3471,-7.9655,6.4823
G,242919847,0.415453,-4.321777,-0.061785
A,242922244,3.3220,-7.8793,6.1339
G,242922355,0.442085,-4.568919,-0.279099
A,242924715,3.3148,-7.7536,5.7892
G,242924851,0.477238,-4.803277,-0.501740
A,242927180,3.3220,-7.5812,5.4731
G,242927339,0.518784,-5.028048,-0.713727
A,242929669,3.3758,-7.3873,5.1894
G,242929850,0.560329,-5.247493,-0.911866
A,242932140,3.4441,-7.1646,4.9452
G,242932346,0.606135,-5.460546,-1.091896
A,242934597,3.5267,-6.9240,4.7010
G,242934823,0.668986,-5.667206,-1.265534
A,242937071,3.6129,-6.6690,4.4209
G,242937318,0.761664,-5.869606,-1.431715
A,242939557,3.6811,-6.3925,4.0618
G,242939824,0.875647,-6.069876,-1.581918
A,242942028,3.7242,-6.1052,3.6200
G,242942320,0.998153,-6.263754,-1.714010
TRK,242937,0.68779,0.15935,-0.52028,0.48047,0.9525,3.0647,-0.4060,0.000,0.000,0.000,3,5
A,242944487,3.7350,-5.8071,3.1101
G,242944798,1.108940,-6.449111,-1.834385
A,242946976,3.7421,-5.5019,2.5678
G,242947306,1.196292,-6.624879,-1.947303
A,242949447,3.6955,-5.1894,2.0147
G,242949802,1.264469,-6.787864,-2.046373
A,242951906,3.6416,-4.8662,1.4796
G,242952279,1.328385,-6.922088,-2.127333
A,242954377,3.5518,-4.5322,0.9804
TRK,242953,0.66696,0.19579,-0.54689,0.46663,0.9525,3.0647,-0.4060,0.000,0.000,0.000,3,5
G,242954798,1.400823,-7.027549,-2.192314
A,242956829,3.4225,-4.1911,0.4884
G,242957294,1.491370,-7.108509,-2.244512
A,242959301,3.2789,-3.8463,-0.0287
G,242959782,1.600027,-7.179882,-2.281796
A,242961772,3.1496,-3.5231,-0.6177
G,242962278,1.720402,-7.249124,-2.305232
A,242964233,3.0275,-3.1927,-1.2893
G,242964754,1.836516,-7.307714,-2.320146
A,242966704,2.8730,-2.8551,-2.0327
G,242967250,1.929194,-7.323692,-2.333994
A,242969169,2.7366,-2.5175,-2.7473
G,242969730,1.982457,-7.293865,-2.329733
A,242971665,2.6217,-2.1835,-3.3794
G,242972240,1.987783,-7.243798,-2.303102
A,242974136,2.5786,-1.8495,-3.8858
G,242974736,1.968608,-7.193730,-2.251969
A,242976613,2.5750,-1.5155,-4.3203
G,242977225,1.971804,-7.121292,-2.201901
A,242979084,2.5893,-1.1672,-4.7369
TRK,242978,0.62363,0.26727,-0.58836,0.43987,0.9525,3.0647,-0.4060,0.000,0.000,0.000,3,5
G,242979745,2.017611,-7.010505,-2.164617
A,242981542,2.5750,-0.7937,-5.1858
G,242982241,2.082592,-6.884803,-2.124137
A,242984030,2.5929,-0.4274,-5.6599
G,242984741,2.123072,-6.765494,-2.061286
A,242986501,2.6647,-0.0611,-6.1160
G,242987237,2.126268,-6.644054,-1.972870
A,242988990,2.7904,0.3053,-6.4931
G,242989736,2.099636,-6.499178,-1.871669
A,242991461,2.9485,0.6823,-6.7876
G,242992232,2.059156,-6.331931,-1.760882
A,242993931,3.1639,1.0558,-6.9743
G,242994712,2.016546,-6.159359,-1.635181
A,242996425,3.4010,1.4222,-7.0964
G,242997215,1.987783,-5.991046,-1.491370
A,242998896,3.6955,1.7777,-7.1898
G,242999711,1.985653,-5.825931,-1.335842
TRK,242995,0.59105,0.31359,-0.61079,0.42338,0.9525,3.0647,-0.4060,0.000,0.000,0.000,3,5
A,243001377,3.9899,2.1081,-7.3227
G,243002201,2.003762,-5.664011,-1.174987
A,243003848,4.2880,2.4385,-7.5166
G,243004697,2.021872,-5.510613,-1.006675
A,243006310,4.5753,2.7473,-7.7644
G,243007168,2.013350,-5.361476,-0.830906
A,243008781,4.8554,3.0526,-8.0194
G,243009664,1.966478,-5.207013,-0.653007
A,243011245,5.1392,3.3327,-8.2169
G,243012135,1.878061,-5.051484,-0.471912
A,243013740,5.4193,3.6021,-8.3282
G,243014637,1.763013,-4.901282,-0.282295
A,243016211,5.7066,3.8427,-8.3606
G,243017148,1.652225,-4.760667,-0.083091
A,243018666,5.9975,4.0654,-8.3749
G,243019644,1.573395,-4.620052,0.115049
A,243021152,6.2704,4.2665,-8.4360
G,243022136,1.529720,-4.474111,0.309992
A,243023623,6.5146,4.4568,-8.5688
TRK,243023,0.54149,0.36331,-0.63801,0.40957,0.9525,3.0647,-0.4060,0.000,0.000,0.000,3,5
G,243024658,1.496696,-4.327104,0.504935
A,243026090,6.7265,4.6220,-8.7736
G,243027154,1.440237,-4.175836,0.712662
A,243028561,6.9133,4.7728,-8.9854
G,243029655,1.340103,-4.018177,0.931041
A,243031009,7.0856,4.8842,-9.1470
G,243032151,1.205879,-3.849865,1.161138
A,243033480,7.2472,4.9740,-9.2296
G,243034653,1.066330,-3.671966,1.400823
A,243035930,7.4089,5.0386,-9.2261
G,243037149,0.948085,-3.488741,1.649029
TRK,243036,0.51582,0.37533,-0.65270,0.40869,0.9525,3.0647,-0.4060,0.000,0.000,0.000,3,5
A,243038410,7.5812,5.0637,-9.1614
G,243039630,0.868190,-3.298059,1.904693
A,243040881,7.7572,5.0673,-9.0716
G,243042132,0.833037,-3.100985,2.162487
A,243043333,7.9511,5.0170,-8.9926
G,243044628,0.830906,-2.898584,2.423476
A,243045822,8.1630,4.9309,-8.9495
G,243047116,0.840494,-2.699380,2.683401
A,243048293,8.3893,4.8016,-8.9388
G,243049625,0.838363,-2.508698,2.937999
A,243050754,8.6443,4.6256,-8.9423
G,243052121,0.812797,-2.337190,3.187271
A,243053238,8.9244,4.4137,-8.9244
G,243054603,0.762729,-2.179531,3.424825
A,243055709,9.2225,4.1623,-8.8885
G,243057116,0.699879,-2.028263,3.641073
A,243058174,9.5205,3.8930,-8.8274
G,243059612,0.631702,-1.876996,3.824299
TRK,243059,0.48007,0.37005,-0.67557,0.41977,0.9525,3.0647,-0.4060,0.000,0.000,0.000,3,5
A,243060670,9.7935,3.6164,-8.7484
G,243062104,0.556068,-1.729989,3.979828
A,243063141,10.0269,3.3184,-8.6622
G,243064600,0.465521,-1.600027,4.116181
A,243065618,10.2208,3.0203,-8.5617
G,243067072,0.356864,-1.497762,4.236557
A,243068088,10.3825,2.6971,-8.4503
G,243069575,0.235423,-1.424258,4.344148
A,243070546,10.5117,2.3631,-8.3462
G,243072071,0.109722,-1.377387,4.436826
A,243073035,10.6159,2.0039,-8.2744
G,243074555,-0.013848,-1.341168,4.516721
A,243075506,10.6626,1.6305,-8.2564
G,243077051,-0.132093,-1.299623,4.579572
TRK,243076,0.45458,0.35086,-0.69430,0.43382,0.9525,3.0647,-0.4060,0.000,0.000,0.000,3,5
A,243077995,10.6482,1.2570,-8.2887
G,243079534,-0.249272,-1.236772,4.631770
A,243080466,10.5728,0.8691,-8.3426
G,243082048,-0.378169,-1.153681,4.678641
A,243082936,10.4507,0.4884,-8.3749
G,243084544,-0.520914,-1.059938,4.732970
A,243085407,10.3106,0.1077,-8.3390
G,243087038,-0.661529,-0.949151,4.797951
A,243087858,10.1167,-0.2550,-8.1989
G,243089534,-0.775512,-0.808536,4.871454
A,243090341,9.9048,-0.6285,-7.9547
G,243092008,-0.837298,-0.643420,4.964132
A,243092812,9.6391,-1.0127,-7.6351
TRK,243088,0.43818,0.33166,-0.70873,0.44238,0.9525,3.0647,-0.4060,0.000,0.000,0.000,3,5
G,243094512,-0.839428,-0.482565,5.081311
A,243095275,9.4703,-1.4760,-7.3227
G,243097008,-0.773382,-0.345146,5.216600
A,243097769,9.3984,-1.9788,-7.1180
G,243099492,-0.637028,-0.199204,5.324192
A,243100240,9.3841,-2.4780,-7.1216
G,243102007,-0.468716,-0.007457,5.364672
A,243102714,9.4344,-2.9592,-7.3191
G,243104503,-0.362190,0.229032,5.351889
A,243105185,9.4739,-3.3758,-7.5633
G,243106998,-0.410127,0.465521,5.330583
A,243107641,9.5241,-3.7673,-7.6351
G,243109494,-0.625310,0.663660,5.334844
A,243110128,9.6247,-4.1695,-7.3801
G,243111968,-0.920388,0.802144,5.344431
A,243112599,9.8833,-4.6005,-6.8163
G,243114468,-1.162203,0.894822,5.320996
A,243115061,10.0952,-4.9740,-6.1519
G,243116964,-1.261273,0.997087,5.231514
A,243117532,10.2747,-5.2936,-5.6240
TRK,243112,0.41435,0.28604,-0.73007,0.46205,0.9525,3.0647,-0.4060,0.000,0.000,0.000,3,5
G,243119449,-1.246359,1.122789,5.087703
A,243119980,10.4040,-5.5414,-5.3187
G,243121954,-1.233576,1.248490,4.943892
A,243122449,10.4507,-5.7174,-5.1392
G,243124450,-1.317732,1.353951,4.844822
A,243124937,10.4543,-5.8790,-4.9416
G,243126922,-1.495631,1.454086,4.779841
A,243127408,10.5477,-6.0621,-4.5430
G,243129428,-1.693770,1.554221,4.725513
A,243129879,10.6231,-6.2345,-3.9504
G,243131924,-1.825863,1.637311,4.667989
A,243132350,10.6734,-6.4212,-3.2789
G,243134410,-1.843973,1.710815,4.612595
A,243134802,10.7272,-6.6008,-2.6504
TRK,243135,0.40375,0.23196,-0.74602,0.47606,0.9525,3.0647,-0.4060,0.000,0.000,0.000,3,5
G,243136926,-1.753425,1.787514,4.562528
A,243137286,10.7272,-6.7912,-2.1835
G,243139422,-1.611745,1.861017,4.529504
A,243139774,10.7057,-6.9743,-1.8783
G,243141894,-1.484978,1.934520,4.519917
A,243142245,10.6877,-7.1754,-1.6556
G,243144401,-1.400823,2.018676,4.525243
A,243144720,10.6338,-7.3945,-1.4257
G,243146897,-1.357147,2.101767,4.534831
A,243147191,10.6231,-7.6567,-1.1205
G,243149383,-1.318797,2.160356,4.541222
A,243149647,10.6590,-7.9511,-0.7757
G,243151900,-1.249555,2.190184,4.519917
A,243152133,10.7344,-8.2600,-0.4884
G,243154396,-1.141963,2.214685,4.446414
A,243154604,10.8350,-8.5688,-0.3448
TRK,243150,0.40098,0.19511,-0.75269,0.48436,0.9525,3.0647,-0.4060,0.000,0.000,0.000,3,5
G,243156892,-1.041829,2.240251,4.314321
A,243157071,10.9247,-8.8310,-0.3412
G,243159388,-1.021589,2.262622,4.146009
A,243159542,10.9642,-9.0429,-0.3879
G,243161865,-1.123854,2.279666,3.970240
A,243161991,10.9571,-9.1973,-0.2981
G,243164383,-1.327320,2.292449,3.802994
A,243164481,10.9678,-9.3374,0.0611
G,243166879,-1.555286,2.286057,3.652792
A,243166952,11.0109,-9.4559,0.6967
G,243169386,-1.707619,2.256230,3.510046
A,243169432,11.0935,-9.5600,1.4940
G,243171882,-1.715076,2.225337,3.358778
A,243171903,11.1761,-9.6283,2.2553
A,243174358,11.2731,-9.6750,2.8551
G,243174362,-1.586179,2.207228,3.197924
TRK,243175,0.40111,0.13822,-0.75795,0.49550,0.9525,3.0647,-0.4060,0.000,0.000,0.000,3,5
A,243176850,11.3413,-9.6857,3.2825
G,243176879,-1.406149,2.188053,3.058374
A,243179321,11.4670,-9.7073,3.6236
G,243179375,-1.257012,2.152899,2.957174
A,243181771,11.6861,-9.7612,4.0007
G,243181849,-1.167530,2.102832,2.886866
A,243184250,11.9447,-9.8150,4.4424
G,243184352,-1.102549,2.053830,2.814428
A,243186721,12.2104,-9.8797,4.9273
G,243186848,-1.022654,2.006958,2.722816
A,243189187,12.4870,-9.9587,5.4013
G,243189336,-0.911866,1.938781,2.614159
A,243191669,12.7671,-10.0449,5.8071
G,243191840,-0.782969,1.826928,2.501241
A,243194140,13.0221,-10.1347,6.1124
G,243194336,-0.655138,1.669269,2.377670
A,243196597,13.2627,-10.2208,6.3027
G,243196814,-0.540089,1.493501,2.224272
A,243199081,13.4674,-10.2927,6.4033
G,243199320,-0.463390,1.310275,2.035720
A,243201552,13.5823,-10.3358,6.4572
G,243201816,-0.450607,1.111071,1.833320
TRK,243197,0.40399,0.10038,-0.75835,0.50162,0.9525,3.0647,-0.4060,0.000,0.000,0.000,3,5
A,243204021,13.6505,-10.3537,6.5469
G,243204304,-0.495348,0.894822,1.625593
A,243206492,13.6721,-10.3609,6.6978
G,243206800,-0.563525,0.678573,1.416802
A,243208941,13.6146,-10.3465,6.9168
G,243209268,-0.617853,0.466586,1.212271
A,243211412,13.5105,-10.3286,7.1575
G,243211788,-0.626375,0.245011,1.021589
A,243213864,13.3668,-10.3178,7.3155
G,243214284,-0.569916,0.013848,0.849016
TRK,243214,0.40266,0.08629,-0.75957,0.50346,0.9525,3.0647,-0.4060,0.000,0.000,0.000,3,5
A,243216346,13.1585,-10.2999,7.3298
G,243216782,-0.444215,-0.213053,0.687096
A,243218817,12.9179,-10.2891,7.1503
G,243219278,-0.276969,-0.425040,0.536893
A,243221269,12.6306,-10.2891,6.8127
G,243221746,-0.111853,-0.619984,0.402670
A,243223756,12.3325,-10.2999,6.3997
G,243224249,0.021305,-0.800014,0.283360
A,243226227,12.0416,-10.3322,5.9580
G,243226745,0.116114,-0.971521,0.171508
A,243228702,11.7543,-10.3717,5.5126
G,243229235,0.190682,-1.132376,0.047937
A,243231173,11.4634,-10.4040,5.0458
G,243231731,0.259925,-1.285774,-0.095874
A,243233627,11.1654,-10.4220,4.5358
G,243234199,0.321710,-1.428519,-0.259925
TRK,243234,0.39507,0.08922,-0.76320,0.50348,0.9525,3.0647,-0.4060,0.000,0.000,0.000,3,5
A,243236114,10.8493,-10.4076,3.9935
G,243236699,0.363255,-1.561678,-0.435693
A,243238584,10.5297,-10.3537,3.4728
G,243239216,0.366451,-1.682052,-0.613592
A,243241039,10.2101,-10.2711,3.0023
G,243241712,0.332363,-1.785383,-0.789361
A,243243510,9.8976,-10.1526,2.6288
G,243244218,0.280165,-1.864213,-0.957673
A,243245955,9.6103,-10.0090,2.3379
G,243246714,0.239684,-1.915345,-1.116397
A,243248435,9.3697,-9.8258,2.1117
G,243249204,0.232228,-1.940912,-1.260208
A,243250906,9.2045,-9.6067,1.9249
G,243251721,0.266316,-1.935585,-1.382713
A,243253364,9.0465,-9.3410,1.7849
G,243254217,0.334493,-1.889779,-1.487109
A,243255835,8.9675,-9.0465,1.7059
TRK,243250,0.38786,0.10201,-0.76674,0.50126,0.9525,3.0647,-0.4060,0.000,0.000,0.000,3,5
G,243256738,0.418649,-1.819471,-1.559547
A,243258297,8.9890,-8.7700,1.7095
G,243259234,0.503870,-1.755556,-1.591505
A,243260768,9.0788,-8.5042,1.7597
G,243261733,0.601874,-1.714010,-1.590440
A,243263212,9.2799,-8.2744,1.7957
G,243264229,0.736098,-1.680987,-1.587244
A,243265688,9.5134,-8.0481,1.7454
G,243266709,0.908670,-1.638377,-1.604288
A,243268159,9.7252,-7.8111,1.5838
G,243269220,1.074852,-1.593635,-1.636246
A,243270615,9.9443,-7.5812,1.3611
G,243271716,1.180313,-1.562743,-1.660747
A,243273090,10.1849,-7.3586,1.1600
G,243274194,1.204814,-1.549960,-1.676726
A,243275561,10.4256,-7.1503,1.0307
TRK,243275,0.38021,0.13164,-0.76824,0.49791,0.9525,3.0647,-0.4060,0.000,0.000,0.000,3,5
G,243276714,1.174987,-1.549960,-1.700162
A,243278029,10.6662,-6.9348,0.9768
G,243279210,1.133441,-1.549960,-1.748099
A,243280500,10.8529,-6.6834,0.9625
G,243281711,1.103614,-1.544633,-1.814145
A,243282949,10.9894,-6.3961,0.9589
G,243284207,1.087635,-1.540372,-1.876996
A,243285425,11.1294,-6.0980,0.9625
G,243286682,1.069525,-1.544633,-1.920672
A,243287896,11.2516,-5.7892,0.9840
G,243289192,1.053546,-1.549960,-1.948369
A,243290357,11.3737,-5.4839,1.0127
G,243291688,1.051416,-1.541438,-1.965413
A,243292849,11.4994,-5.1966,1.0451
G,243294179,1.069525,-1.520132,-1.973935
A,243295320,11.5963,-4.9129,1.0558
G,243296675,1.105744,-1.493501,-1.967543
A,243297813,11.6969,-4.6400,1.0307
G,243299166,1.150486,-1.472195,-1.946238
A,243300284,11.7974,-4.3778,0.9768
TRK,243300,0.37529,0.16473,-0.76520,0.49648,0.9525,3.0647,-0.4060,0.000,0.000,0.000,3,5
G,243301687,1.198422,-1.448759,-1.910019
A,243302758,11.8764,-4.1300,0.9158
G,243304183,1.242098,-1.423193,-1.863147
A,243305250,11.9698,-3.9181,0.8511
G,243306672,1.281513,-1.404018,-1.801362
A,243307721,12.0416,-3.7350,0.7793
G,243309183,1.324124,-1.391235,-1.734250
A,243310186,12.0919,-3.5805,0.6859
G,243311679,1.380583,-1.374191,-1.671400
A,243312672,12.1278,-3.4405,0.5423
G,243314161,1.442368,-1.345429,-1.611745
A,243315143,12.1027,-3.3040,0.3591
G,243316662,1.488174,-1.313471,-1.545699
A,243317600,12.0704,-3.1891,0.1580
G,243319158,1.503088,-1.286839,-1.467934
TRK,243318,0.37090,0.18987,-0.76062,0.49784,0.9525,3.0647,-0.4060,0.000,0.000,0.000,3,5
A,243320087,12.0345,-3.1065,-0.0251
G,243321639,1.496696,-1.260208,-1.389105
A,243322558,11.9770,-3.0454,-0.1867
G,243324151,1.486044,-1.230380,-1.318797
A,243325027,11.9339,-3.0131,-0.3304
G,243326647,1.484978,-1.199488,-1.255947
A,243327497,11.8764,-2.9844,-0.4920
G,243329139,1.491370,-1.168595,-1.203749
A,243329947,11.8226,-2.9628,-0.6716
G,243331635,1.492435,-1.135572,-1.155812
A,243332427,11.7795,-2.9485,-0.8691
G,243334106,1.477522,-1.099353,-1.115332
TRK,243333,0.36666,0.20562,-0.75652,0.50096,0.9525,3.0647,-0.4060,0.000,0.000,0.000,3,5
A,243334925,11.7507,-2.9305,-1.0666
G,243336595,1.435976,-1.061003,-1.075917
A,243337396,11.7400,-2.9125,-1.2318
G,243339108,1.370995,-1.022654,-1.038633
A,243339867,11.7687,-2.8946,-1.3503
G,243341604,1.296427,-0.982174,-1.008805
A,243342338,11.8154,-2.8659,-1.4150
G,243344116,1.228250,-0.932106,-0.984304
A,243344811,11.8872,-2.8264,-1.4401
G,243346612,1.172856,-0.872451,-0.961934
A,243347303,11.9842,-2.7833,-1.4257
G,243349093,1.123854,-0.807470,-0.932106
A,243349774,12.0991,-2.7294,-1.3683
G,243351596,1.080178,-0.740359,-0.888430
A,243352238,12.2571,-2.6791,-1.2713
G,243354092,1.046090,-0.673247,-0.837298
TRK,243353,0.36229,0.22206,-0.75158,0.50454,0.9525,3.0647,-0.4060,0.000,0.000,0.000,3,5
A,243354732,12.4546,-2.6432,-1.1384
G,243356575,1.029045,-0.600809,-0.779773
A,243357203,12.6773,-2.6181,-1.0056
G,243359080,1.030111,-0.525175,-0.722249
A,243359671,12.9179,-2.6001,-0.8871
G,243361576,1.039698,-0.449542,-0.659399
A,243362142,13.1585,-2.6037,-0.7865
G,243364069,1.042894,-0.379234,-0.593352
A,243364599,13.3848,-2.6181,-0.6931
G,243366565,1.035437,-0.311057,-0.520914
A,243367070,13.5859,-2.6540,-0.5962
G,243369058,1.019458,-0.242880,-0.447411
A,243369527,13.7691,-2.6971,-0.4920
G,243371554,1.008805,-0.170442,-0.371777
A,243372016,13.9163,-2.7617,-0.3986
G,243374027,1.006675,-0.099070,-0.301470
A,243374487,14.0420,-2.8371,-0.3232
TRK,243374,0.36021,0.23189,-0.74643,0.50923,0.9525,3.0647,-0.4060,0.000,0.000,0.000,3,5
G,243376531,1.015197,-0.025566,-0.230097
A,243376957,14.1354,-2.9341,-0.2801
G,243379027,1.026915,0.051133,-0.157659
A,243379428,14.2072,-3.0490,-0.2586
G,243381511,1.036502,0.136354,-0.082025
A,243381879,14.2647,-3.1747,-0.2370
G,243384026,1.039698,0.232228,-0.004261
A,243384360,14.3113,-3.3148,-0.2011
G,243386522,1.037567,0.335558,0.074569
A,243386831,14.3508,-3.4764,-0.1401
G,243389003,1.037567,0.438889,0.154463
A,243389282,14.3796,-3.6595,-0.0431
G,243391508,1.046090,0.541154,0.231162
A,243391756,14.3975,-3.8678,0.0682
G,243394004,1.066330,0.638093,0.303600
TRK,243392,0.35983,0.23412,-0.74017,0.51755,0.9525,3.0647,-0.4060,0.000,0.000,0.000,3,5
A,243394248,14.4011,-4.0977,0.1903
G,243396476,1.096157,0.732902,0.368581
A,243396719,14.3903,-4.3347,0.2837
G,243398971,1.132376,0.820254,0.427171
A,243399184,14.3760,-4.5897,0.3376
G,243401467,1.166465,0.898018,0.478304
A,243401655,14.3616,-4.8518,0.3448
G,243403943,1.188835,0.970456,0.514523
A,243404101,14.3401,-5.1176,0.3089
G,243406438,1.194161,1.041829,0.534763
A,243406569,14.3185,-5.3798,0.2550
G,243408934,1.179248,1.118528,0.541154
A,243409040,14.2862,-5.6348,0.2370
G,243411420,1.146224,1.197357,0.543285
A,243411499,14.2467,-5.8861,0.2693
G,243413936,1.102549,1.276187,0.539024
A,243413988,14.2144,-6.1232,0.3807
G,243416432,1.062069,1.350755,0.530502
A,243416459,14.1856,-6.3566,0.5531
G,243418905,1.039698,1.418932,0.511327
A,243418906,14.1964,-6.5829,0.7434
TRK,243415,0.36264,0.22878,-0.73055,0.53146,0.9525,3.0647,-0.4060,0.000,0.000,0.000,3,5
A,243421388,14.2251,-6.8019,0.9014
G,243421412,1.042894,1.479652,0.483630
A,243423859,14.2718,-7.0138,1.0092
G,243423908,1.063134,1.539307,0.442085
A,243426314,14.3508,-7.2006,1.0702
G,243426388,1.084439,1.602158,0.387756
A,243428795,14.4442,-7.3765,1.1349
G,243428892,1.082309,1.667139,0.331297
A,243431266,14.5484,-7.5166,1.2498
G,243431388,1.048220,1.728924,0.273773
A,243433740,14.6669,-7.6567,1.4581
G,243433885,0.990696,1.782187,0.219444
A,243436211,14.7638,-7.7752,1.7454
G,243436381,0.933172,1.821602,0.160855
TRK,243431,0.36783,0.22336,-0.72271,0.54084,0.9525,3.0647,-0.4060,0.000,0.000,0.000,3,5
A,243438666,14.8177,-7.8901,2.0686
G,243438858,0.899083,1.840777,0.105461
A,243441153,14.8608,-8.0122,2.3703
G,243441365,0.907605,1.836516,0.059655
A,243443624,14.8572,-8.1451,2.5606
G,243443861,0.959803,1.817341,0.021305
A,243446091,14.8105,-8.2815,2.6217
G,243446348,1.039698,1.801362,-0.015979
A,243448576,14.7279,-8.4324,2.5714
G,243448853,1.117462,1.794970,-0.054328
A,243451047,14.6202,-8.5868,2.4672
G,243451349,1.168595,1.798166,-0.085221
A,243453505,14.5089,-8.7484,2.3882
G,243453827,1.187770,1.806688,-0.105461
A,243455976,14.4227,-8.9136,2.3703
G,243456323,1.193096,1.827994,-0.124636
TRK,243450,0.37839,0.21711,-0.71065,0.55196,0.9525,3.0647,-0.4060,0.000,0.000,0.000,3,5
A,243458436,14.3544,-9.0824,2.4098
G,243458801,1.210140,1.863147,-0.149137
A,243460927,14.2934,-9.2225,2.4816
G,243461310,1.251686,1.908954,-0.183225
A,243463398,14.2539,-9.3553,2.5391
G,243463806,1.313471,1.957956,-0.217314
A,243465869,14.2359,-9.4667,2.5678
G,243466294,1.379517,2.005893,-0.250337
A,243468359,14.2216,-9.5744,2.5714
G,243468801,1.431715,2.053830,-0.283360
A,243470830,14.2108,-9.6750,2.5750
G,243471297,1.461543,2.103897,-0.320645
A,243473293,14.2036,-9.7719,2.6145
G,243473775,1.469000,2.157160,-0.358994
A,243475764,14.2000,-9.8761,2.7078
G,243476271,1.460477,2.209358,-0.392017
TRK,243470,0.39044,0.21300,-0.69554,0.56428,0.9525,3.0647,-0.4060,0.000,0.000,0.000,3,5
A,243478228,14.2108,-9.9802,2.8587
G,243478750,1.451955,2.259426,-0.417584
A,243480723,14.2323,-10.0772,3.0777
G,243481260,1.464738,2.321211,-0.437824
A,243483194,14.2503,-10.1778,3.3184
G,243483756,1.509480,2.396845,-0.454868
A,243485669,14.2862,-10.2783,3.5841
G,243486245,1.578722,2.472479,-0.463390
A,243488163,14.3293,-10.3860,3.8391
G,243488753,1.662878,2.538525,-0.458064
A,243490634,14.3832,-10.5153,4.0618
G,243491249,1.756621,2.600311,-0.450607
A,243493101,14.4227,-10.6446,4.2737
G,243493728,1.854625,2.670618,-0.444215
A,243495572,14.4514,-10.7775,4.4927
G,243496224,1.943042,2.736664,-0.439954
TRK,243490,0.40595,0.20883,-0.67647,0.57792,0.9525,3.0647,-0.4060,0.000,0.000,0.000,3,5
A,243498040,14.4729,-10.9212,4.7513
G,243498704,2.016546,2.776079,-0.423975
A,243500511,14.4694,-11.0899,5.0314
G,243501215,2.086853,2.787797,-0.403735
A,243502960,14.4442,-11.2911,5.3044
G,243503711,2.180596,2.780340,-0.390952
A,243505440,14.3437,-11.5209,5.5019
G,243506201,2.305232,2.756904,-0.395213
A,243507938,14.1461,-11.7651,5.5773
G,243508708,2.449043,2.716424,-0.410127
A,243510408,13.8804,-12.0273,5.5198
G,243511204,2.586462,2.662096,-0.429302
A,243512880,13.5464,-12.2858,5.3546
G,243513684,2.702576,2.604572,-0.454868
A,243515351,13.1585,-12.5480,5.1104
G,243516180,2.788862,2.560896,-0.496413
TRK,243510,0.42214,0.20485,-0.65159,0.59605,0.9525,3.0647,-0.4060,0.000,0.000,0.000,3,5
A,243517823,12.7455,-12.8066,4.8375
G,243518661,2.845321,2.534264,-0.553937
A,243520294,12.3002,-13.0580,4.5861
G,243521173,2.870887,2.520416,-0.623180
A,243522748,11.8513,-13.2950,4.3993
G,243523669,2.875149,2.516155,-0.693487
A,243525232,11.4239,-13.5177,4.2952
G,243526160,2.874083,2.514024,-0.766990
A,243527703,11.0073,-13.7224,4.2521
G,243528668,2.888997,2.512959,-0.845820
A,243530155,10.6051,-13.8947,4.2377
G,243531164,2.933738,2.506567,-0.927845
A,243532631,10.2101,-14.0492,4.1946
G,243533645,3.004045,2.494849,-1.010936
A,243535102,9.8043,-14.1713,4.1156
TRK,243534,0.43853,0.20675,-0.61827,0.61862,0.9525,3.0647,-0.4060,0.000,0.000,0.000,3,5
G,243536156,3.087136,2.482066,-1.095092
A,243537560,9.3984,-14.2718,3.9863
G,243538652,3.164900,2.469283,-1.174987
A,243540048,9.0070,-14.3652,3.8499
G,243541144,3.234143,2.465022,-1.249555
A,243542519,8.6407,-14.4370,3.7062
G,243543666,3.295928,2.473544,-1.321993
A,243544988,8.3175,-14.5089,3.5877
G,243546162,3.354517,2.491653,-1.400823
A,243547459,8.0445,-14.5520,3.4979
G,243548663,3.413107,2.516155,-1.486044
A,243549909,7.8183,-14.5591,3.4369
G,243551182,3.468501,2.539590,-1.574461
A,243552378,7.6423,-14.5304,3.4153
G,243553678,3.511111,2.563026,-1.661812
A,243554870,7.5130,-14.4622,3.4405
G,243556169,3.538808,2.582201,-1.748099
A,243557341,7.4376,-14.3652,3.5374
TRK,243557,0.45769,0.21559,-0.57863,0.63971,0.9525,3.0647,-0.4060,0.000,0.000,0.000,3,5
G,243558690,3.553722,2.597115,-1.833320
A,243559813,7.4017,-14.2467,3.7026
G,243561186,3.567570,2.607767,-1.913215
A,243562284,7.4124,-14.0959,3.9289
G,243563685,3.594202,2.613094,-1.986718
A,243564737,7.4448,-13.9343,4.1767
G,243566181,3.640008,2.613094,-2.059156
A,243567221,7.4986,-13.7511,4.4137
G,243568662,3.702859,2.604572,-2.130529
A,243569692,7.5633,-13.5464,4.6400
TRK,243569,0.47005,0.22271,-0.55384,0.65017,0.9525,3.0647,-0.4060,0.000,0.000,0.000,3,5
G,243571173,3.768905,2.584332,-2.199771
A,243572158,7.6423,-13.3381,4.8518
G,243573669,3.829625,2.555569,-2.258361
A,243574629,7.7285,-13.1226,5.0673
G,243576160,3.879693,2.519350,-2.304167
A,243577075,7.8219,-12.9179,5.3044
G,243578656,3.928695,2.478870,-2.339321
A,243579553,7.9116,-12.7168,5.5270
G,243581128,3.984089,2.436260,-2.368083
A,243582024,7.9942,-12.5121,5.7389
G,243583622,4.046939,2.388323,-2.392584
A,243584476,8.0732,-12.3002,5.9149
G,243586134,4.109790,2.332929,-2.416020
A,243586946,8.1415,-12.0740,6.0585
G,243588649,4.163053,2.272209,-2.435194
A,243589419,8.1989,-11.8369,6.1878
G,243591145,4.199272,2.206162,-2.446912
A,243591910,8.2851,-11.5999,6.3315
G,243593626,4.222708,2.130529,-2.450108
A,243594381,8.4001,-11.3701,6.5038
TRK,243594,0.49379,0.24299,-0.49962,0.66896,0.9525,3.0647,-0.4060,0.000,0.000,0.000,3,5
G,243596138,4.244013,2.052764,-2.451174
A,243596853,8.5150,-11.1402,6.6834
G,243598634,4.284493,1.990979,-2.454369
A,243599324,8.6622,-10.9032,6.8773
G,243601126,4.343083,1.950499,-2.462891
A,243601777,8.8095,-10.6698,7.0677
G,243603622,4.403803,1.914280,-2.462891
A,243604248,8.9783,-10.4220,7.2724
G,243606114,4.450675,1.863147,-2.447978
A,243606702,9.1901,-10.1778,7.5022
G,243608610,4.487959,1.796036,-2.420281
STAT,404.9,400.4,0,0,13271,2.5563,265.836,0.4747,0.8360,1.7463,9.8689,3.87,0.000
A,243609187,9.4595,-9.9335,7.7644
G,243611082,4.525243,1.718271,-2.389388
A,243611658,9.7612,-9.6893,8.0302
TRK,243611,0.50661,0.26140,-0.46014,0.68065,0.9525,3.0647,-0.4060,0.000,0.000,0.000,3,5
G,243613585,4.569984,1.636246,-2.354234
A,243614125,10.0987,-9.4451,8.2815
G,243616081,4.621117,1.548894,-2.318015
A,243616596,10.4435,-9.2117,8.5042
G,243618564,4.669054,1.458347,-2.271144
A,243619043,10.7919,-8.9926,8.6910
G,243621078,4.704208,1.359277,-2.216815
A,243621522,11.1366,-8.7879,8.8849
G,243623574,4.723382,1.250620,-2.155030
A,243623993,11.4598,-8.6084,9.0752
G,243626057,4.736166,1.125985,-2.092179
A,243626443,11.7507,-8.4467,9.2620
G,243628553,4.753210,0.983239,-2.024002
A,243628934,11.9914,-8.3210,9.4056
G,243631027,4.786233,0.821319,-1.954760
A,243631405,12.1566,-8.2277,9.4667
TRK,243631,0.51445,0.28632,-0.41561,0.69328,0.9525,3.0647,-0.4060,0.000,0.000,0.000,3,5
G,243633531,4.829909,0.647681,-1.878061
A,243633876,12.2248,-8.1738,9.4164
G,243636027,4.878911,0.469782,-1.800297
A,243636347,12.2032,-8.1630,9.2584
G,243638511,4.926848,0.300405,-1.717206
A,243638799,12.0883,-8.1954,9.0106
G,243641025,4.971589,0.149137,-1.631985
A,243641283,11.9016,-8.2636,8.6945
G,243643521,5.019526,0.021305,-1.540372
A,243643754,11.6681,-8.3677,8.3282
G,243646005,5.071724,-0.079895,-1.446629
A,243646208,11.3988,-8.4970,7.9224
G,243648501,5.123922,-0.156594,-1.353951
A,243648703,11.1187,-8.6479,7.5022
G,243650975,5.168663,-0.209857,-1.265534
A,243651174,10.8278,-8.8166,7.0892
TRK,243651,0.51120,0.31737,-0.37532,0.70504,0.9525,3.0647,-0.4060,0.000,0.000,0.000,3,5
G,243653480,5.205947,-0.239684,-1.178182
A,243653650,10.5512,-9.0070,6.7193
G,243655976,5.241101,-0.245011,-1.092961
A,243656121,10.2855,-9.2189,6.4033
G,243658461,5.282646,-0.223706,-1.010936
A,243658578,10.0592,-9.4451,6.1304
G,243660976,5.335909,-0.187487,-0.937433
A,243661066,9.8653,-9.6965,5.8718
G,243663472,5.395565,-0.138484,-0.879908
A,243663537,9.7145,-9.9443,5.6096
G,243665957,5.446697,-0.082025,-0.839428
A,243665995,9.6067,-10.1778,5.3474
G,243668453,5.471198,-0.018109,-0.818123
A,243668466,9.5313,-10.3932,5.1212
A,243670916,9.4990,-10.5764,4.9524
G,243670929,5.462676,0.051133,-0.812797
TRK,243671,0.49979,0.34890,-0.33488,0.71856,0.9525,3.0647,-0.4060,0.000,0.000,0.000,3,5
A,243673397,9.4990,-10.7380,4.8842
G,243673435,5.425392,0.125701,-0.821319
A,243675868,9.5241,-10.8816,4.9165
G,243675931,5.378520,0.205596,-0.840494
A,243678330,9.5744,-11.0073,5.0350
G,243678416,5.341236,0.287621,-0.864995
A,243680823,9.6355,-11.1151,5.2146
G,243680933,5.330583,0.369647,-0.893757
A,243683294,9.7217,-11.2013,5.4336
G,243683429,5.349758,0.449542,-0.919323
A,243685757,9.8150,-11.2803,5.6527
G,243685914,5.388107,0.524110,-0.941694
A,243688228,9.9084,-11.3449,5.8790
G,243688410,5.437109,0.585895,-0.960868
A,243690683,9.9766,-11.4203,6.0908
G,243690887,5.492503,0.632767,-0.980043
TRK,243691,0.48824,0.37557,-0.29064,0.73219,0.9525,3.0647,-0.4060,0.000,0.000,0.000,3,5
A,243693169,10.1095,-11.5532,6.2596
G,243693393,5.551093,0.653007,-0.998153
A,243695640,10.2065,-11.6933,6.3243
G,243695889,5.615008,0.637028,-1.022654
A,243698106,10.2316,-11.8190,6.2345
G,243698376,5.691707,0.616788,-1.088700
A,243700590,10.2316,-11.9195,6.0370
G,243700880,5.753493,0.612527,-1.194161
A,243703061,10.0952,-11.9447,5.8359
G,243703376,5.752428,0.624245,-1.312406
A,243705519,9.9156,-11.9339,5.7856
G,243705853,5.665076,0.630637,-1.405084
A,243707990,9.7504,-11.9231,5.9687
G,243708349,5.541505,0.629571,-1.472195
A,243710450,9.5565,-11.9231,6.3135
G,243710826,5.470133,0.627441,-1.529720
A,243712940,9.3482,-11.9303,6.6619
G,243713334,5.515939,0.621049,-1.581918
A,243715435,9.1111,-11.9483,6.8809
G,243715846,5.677859,0.611462,-1.628789
A,243717906,8.8777,-11.9698,6.9276
G,243718342,5.903695,0.604005,-1.662878
TRK,243714,0.47644,0.40468,-0.23501,0.74431,0.9525,3.0647,-0.4060,0.000,0.000,0.000,3,5
A,243720368,8.6694,-12.0021,6.8486
G,243720820,6.115683,0.588026,-1.678857
A,243722860,8.5042,-12.0560,6.7301
G,243723328,6.269081,0.553937,-1.685248
A,243725331,8.3857,-12.1350,6.6224
G,243725824,6.372411,0.501740,-1.702292
A,243727804,8.2744,-12.2176,6.5218
G,243728312,6.454437,0.435693,-1.745968
A,243730275,8.1415,-12.2930,6.4069
G,243730808,6.534331,0.351537,-1.814145
A,243732748,7.9547,-12.3541,6.2560
G,243733297,6.605704,0.247141,-1.900432
TRK,243733,0.46448,0.43407,-0.17890,0.75089,0.9525,3.0647,-0.4060,0.000,0.000,0.000,3,5
A,243735242,7.7033,-12.3936,6.0801
G,243735804,6.663229,0.129962,-1.999501
A,243737713,7.4017,-12.4115,5.8933
G,243738300,6.703709,0.006392,-2.107093
A,243740178,7.0354,-12.4151,5.7066
G,243740778,6.735666,-0.123571,-2.215750
A,243742674,6.6511,-12.4044,5.5198
G,243743287,6.770820,-0.258859,-2.321211
A,243745145,6.2525,-12.3936,5.3044
G,243745783,6.819822,-0.398409,-2.427738
A,243747611,5.8574,-12.3756,5.0494
G,243748262,6.885869,-0.539024,-2.539590
A,243750082,5.4660,-12.3469,4.7262
G,243750781,6.961503,-0.676443,-2.664226
A,243752540,5.0781,-12.3002,4.3455
G,243753277,7.033940,-0.806405,-2.797385
TRK,243749,0.45457,0.46116,-0.13395,0.75017,0.9525,3.0647,-0.4060,0.000,0.000,0.000,3,5
A,243755028,4.7226,-12.2248,3.9253
G,243755776,7.089334,-0.932106,-2.942260
A,243757499,4.4209,-12.1135,3.4943
G,243758272,7.119162,-1.042894,-3.088201
A,243759968,4.0761,-11.9267,3.1244
G,243760750,7.127684,-1.118528,-3.235208
A,243762439,3.7673,-11.6861,2.8838
G,243763260,7.117031,-1.159008,-3.366235
A,243764889,3.5303,-11.4383,2.8443
G,243765756,7.098922,-1.208010,-3.449326
A,243767362,3.2968,-11.1761,2.9377
G,243768236,7.117031,-1.282578,-3.490871
A,243769848,3.1639,-10.9535,3.0742
G,243770730,7.231014,-1.362473,-3.519633
TRK,243770,0.44155,0.50932,-0.06260,0.73601,0.9525,3.0647,-0.4060,0.000,0.000,0.000,3,5
A,243772340,3.0418,-10.7380,3.0957
G,243773229,7.457916,-1.413606,-3.556918
A,243774811,2.8515,-10.5010,2.9449
G,243775725,7.733819,-1.446629,-3.577158
A,243777294,2.7222,-10.2927,2.6935
G,243778215,7.971373,-1.492435,-3.554787
A,243779765,2.6647,-10.1239,2.4493
G,243780736,8.136489,-1.563808,-3.499393
A,243782230,2.7043,-10.0161,2.2625
G,243783232,8.263256,-1.660747,-3.456783
A,243784713,2.8838,-9.9730,2.0722
G,243785720,8.398544,-1.782187,-3.468501
A,243787184,3.0418,-9.9192,1.7382
G,243788230,8.553007,-1.913215,-3.563309
A,243789639,3.1603,-9.8150,1.1923
G,243790726,8.668056,-2.051699,-3.722034
A,243792119,3.2286,-9.6462,0.5351
G,243793209,8.660600,-2.193379,-3.904194
A,243794590,3.1963,-9.3984,-0.0575
G,243795729,8.488027,-2.353169,-4.079963
A,243797057,3.1316,-9.1291,-0.3879
G,243798225,8.196144,-2.533199,-4.240818
A,243799528,3.0706,-8.8597,-0.4381
TRK,243794,0.42116,0.56417,0.01747,0.70995,0.9525,3.0647,-0.4060,0.000,0.000,0.000,3,5
G,243800745,7.909588,-2.738795,-4.403803
A,243801997,2.9449,-8.5904,-0.3843
G,243803241,7.745537,-2.949717,-4.585963
A,243804468,2.7330,-8.3067,-0.4705
G,243805741,7.740211,-3.146791,-4.788363
A,243806918,2.4960,-8.0194,-0.8763
G,243808237,7.816910,-3.326821,-4.988633
A,243809399,2.1476,-7.6782,-1.5945
G,243810717,7.857390,-3.484480,-5.153749
A,243811870,1.7992,-7.3155,-2.4457
G,243813215,7.787083,-3.614442,-5.278385
A,243814321,1.4509,-6.9312,-3.1927
TRK,243814,0.40863,0.61537,0.08768,0.66832,0.9525,3.0647,-0.4060,0.000,0.000,0.000,3,5
G,243815736,7.616640,-3.698598,-5.368933
A,243816794,1.0666,-6.5505,-3.6811
G,243818232,7.422762,-3.749731,-5.425392
A,243819265,0.6895,-6.2094,-3.9289
G,243820731,7.302387,-3.793406,-5.442436
A,243821719,0.3376,-5.9185,-4.1049
G,243823227,7.331149,-3.831756,-5.431783
A,243824190,0.0539,-5.6886,-4.4137
G,243825727,7.511179,-3.833886,-5.414739
A,243826645,-0.1113,-5.5126,-4.9488
G,243828223,7.781756,-3.729491,-5.407282
A,243829122,0.0359,-5.3654,-5.6922
G,243830693,8.035289,-3.487675,-5.421131
A,243831619,0.3807,-5.2074,-6.5757
G,243833184,8.159925,-3.174488,-5.476524
A,243834090,0.9409,-5.0063,-7.4663
TRK,243833,0.39918,0.66316,0.15652,0.61350,0.9525,3.0647,-0.4060,0.000,0.000,0.000,3,5
G,243835678,8.050202,-2.935869,-5.597965
A,243836541,1.5263,-4.7262,-8.2744
G,243838174,7.656055,-2.882605,-5.779059
A,243839030,1.9034,-4.3347,-8.8418
G,243840655,7.019027,-3.008307,-5.992112
A,243841501,1.9680,-3.8750,-9.0357
G,243843167,6.279733,-3.227751,-6.194512
A,243843970,1.6771,-3.3758,-8.8705
G,243845663,5.636313,-3.456783,-6.354302
A,243846441,1.0846,-2.8910,-8.5365
G,243848174,5.248558,-3.630421,-6.435262
A,243848912,0.2586,-2.4241,-8.3498
G,243850670,5.181446,-3.703924,-6.433131
A,243851383,-0.6536,-2.0039,-8.4934
G,243853161,5.373194,-3.632551,-6.347910
A,243853834,-1.8567,-1.6017,-9.0932
TRK,243853,0.39888,0.69565,0.22229,0.55458,0.9525,3.0647,-0.4060,0.000,0.000,0.000,3,5
G,243855671,5.694903,-3.454652,-6.203034
A,243856306,-3.1173,-1.2246,-9.9910
G,243858167,6.043244,-3.140399,-5.977198
A,243858799,-4.1695,-0.9014,-10.9212
G,243860648,6.357498,-2.692988,-5.648031
A,243861270,-4.7046,-0.6608,-11.7220
G,243863160,6.611031,-2.156095,-5.251754
A,243863744,-4.6184,-0.4812,-12.2499
G,243865656,6.778277,-1.656486,-4.882107
A,243866215,-3.9181,-0.3448,-12.4941
G,243868167,6.863498,-1.257012,-4.622182
A,243868690,-3.0490,-0.1760,-12.5588
G,243870663,6.879477,-0.936367,-4.463458
A,243871161,-2.1727,0.0503,-12.4726
G,243873154,6.826214,-0.673247,-4.350540
A,243873617,-1.2893,0.3089,-12.2571
TRK,243873,0.38528,0.71893,0.28529,0.50330,0.9525,3.0647,-0.4060,0.000,0.000,0.000,3,5
G,243875665,6.696252,-0.490022,-4.254666
A,243876094,-0.4776,0.5890,-11.9267
G,243878161,6.509830,-0.382430,-4.184359
A,243878565,0.2298,0.8727,-11.5676
G,243880643,6.308496,-0.339819,-4.158792
A,243881013,0.7542,1.1779,-11.2444
G,243883154,6.115683,-0.335558,-4.174771
A,243883492,1.0738,1.5191,-11.0397
G,243885650,5.923935,-0.350472,-4.205664
A,243885963,1.1959,1.8854,-10.9499
G,243888133,5.709817,-0.358994,-4.213120
A,243888414,1.1887,2.2625,-10.8781
G,243890629,5.475459,-0.347276,-4.184359
A,243890906,1.1169,2.6217,-10.7380
G,243893101,5.253884,-0.301470,-4.125769
A,243893377,1.0307,2.9664,-10.5046
TRK,243889,0.36570,0.72907,0.33675,0.47045,0.9525,3.0647,-0.4060,0.000,0.000,0.000,3,5
G,243895603,5.089833,-0.222640,-4.055461
A,243895848,0.9445,3.2860,-10.2029
G,243898099,5.008873,-0.115049,-3.975567
A,243898319,0.8655,3.5913,-9.9048
G,243900578,5.001417,0.015979,-3.873301
A,243900769,0.8296,3.8714,-9.6570
G,243903091,5.036570,0.158724,-3.742274
A,243903253,0.8511,4.1156,-9.4774
G,243905587,5.084507,0.302535,-3.592071
A,243905724,0.9373,4.3311,-9.3733
G,243908073,5.120726,0.434628,-3.439739
A,243908182,1.0882,4.5215,-9.3158
G,243910569,5.128183,0.555003,-3.300189
A,243910653,1.2498,4.6974,-9.3015
G,243913042,5.091964,0.657268,-3.177684
A,243913099,1.4365,4.8626,-9.2763
TRK,243913,0.34229,0.73334,0.39365,0.43600,0.9525,3.0647,-0.4060,0.000,0.000,0.000,3,5
G,243915546,5.007808,0.741424,-3.071157
A,243915576,1.6233,5.0170,-9.2332
G,243918042,4.886368,0.808536,-2.978479
A,243918047,1.8136,5.1715,-9.1363
A,243920504,1.9968,5.3259,-9.0214
G,243920524,4.743622,0.866060,-2.904976
A,243922994,2.1440,5.5055,-8.8992
G,243923038,4.592355,0.916127,-2.846386
A,243925465,2.2122,5.6958,-8.7879
G,243925534,4.433630,0.961934,-2.799515
A,243927935,2.2266,5.9005,-8.6730
G,243928028,4.259992,1.007740,-2.753709
A,243930406,2.1656,6.0908,-8.5258
G,243930524,4.069310,1.048220,-2.684466
A,243932877,2.0614,6.2668,-8.3139
G,243933018,3.875432,1.078048,-2.586462
A,243935348,1.9393,6.4141,-8.0445
G,243935514,3.707120,1.091896,-2.458630
TRK,243930,0.32058,0.73280,0.43178,0.41689,0.9525,3.0647,-0.4060,0.000,0.000,0.000,3,5
A,243937800,1.8064,6.5254,-7.7788
G,243937988,3.595267,1.106810,-2.306298
A,243940284,1.6592,6.5900,-7.5741
G,243940493,3.552657,1.132376,-2.132659
A,243942755,1.4832,6.5972,-7.4807
G,243942989,3.563309,1.173921,-1.948369
A,243945220,1.3036,6.5469,-7.4986
G,243945474,3.592071,1.225054,-1.756621
A,243947703,1.1061,6.4464,-7.5705
G,243947977,3.603789,1.267665,-1.558482
A,243950174,0.9266,6.2956,-7.6746
G,243950473,3.583549,1.295362,-1.357147
A,243952630,0.7685,6.1052,-7.7895
G,243952948,3.533482,1.306014,-1.172856
TRK,243953,0.29397,0.73011,0.46837,0.40144,0.9525,3.0647,-0.4060,0.000,0.000,0.000,3,5
A,243955116,0.6105,5.8897,-7.9152
G,243955454,3.461044,1.310275,-1.018393
A,243957609,0.4741,5.6599,-8.0373
G,243957964,3.360909,1.315602,-0.894822
A,243960103,0.3376,5.4229,-8.1271
G,243960477,3.223490,1.320928,-0.796818
A,243962574,0.2370,5.1894,-8.1594
G,243962973,3.053048,1.323058,-0.714792
A,243965042,0.1616,4.9632,-8.1523
G,243965458,2.860235,1.316667,-0.657268
A,243967541,0.0826,4.7657,-8.0948
G,243967973,2.661031,1.308145,-0.628506
A,243970012,0.0072,4.6005,-8.0337
G,243970469,2.459696,1.298557,-0.624245
A,243972480,-0.0611,4.4676,-7.9260
G,243972954,2.248773,1.288970,-0.616788
TRK,243973,0.26960,0.72946,0.48924,0.39478,0.9525,3.0647,-0.4060,0.000,0.000,0.000,3,5
A,243974970,-0.1149,4.3634,-7.7716
G,243975459,2.032524,1.270860,-0.596548
A,243977441,-0.1365,4.2772,-7.5597
G,243977955,1.822667,1.248490,-0.564590
A,243979911,-0.1724,4.2162,-7.3047
G,243980440,1.641572,1.231446,-0.531567
A,243982382,-0.2227,4.1731,-7.0246
G,243982956,1.499892,1.221858,-0.484695
A,243984834,-0.2909,4.1228,-6.7337
G,243985452,1.396562,1.216532,-0.412257
A,243987304,-0.3627,4.0654,-6.4500
G,243987935,1.330515,1.202684,-0.306796
A,243989797,-0.4094,3.9612,-6.1878
G,243990441,1.304949,1.184574,-0.180030
A,243992268,-0.4238,3.8247,-5.9831
G,243992937,1.326254,1.166465,-0.041545
A,243994742,-0.4166,3.6631,-5.8897
G,243995422,1.385909,1.149420,0.092678
A,243997213,-0.4094,3.4764,-5.9292
TRK,243992,0.25411,0.72666,0.50150,0.39482,0.9525,3.0647,-0.4060,0.000,0.000,0.000,3,5
G,243997938,1.458347,1.128115,0.217314
A,243999668,-0.4094,3.2573,-6.0765
G,244000434,1.504153,1.090831,0.324906
A,244002155,-0.4561,3.0239,-6.2632
G,244002930,1.499892,1.040763,0.415453
A,244004626,-0.4705,2.7725,-6.4751
G,244005426,1.450890,0.986435,0.482565
A,244007093,-0.5243,2.5103,-6.7193
G,244007902,1.360343,0.888430,0.512392
A,244009590,-0.6680,2.3164,-6.9384
G,244010409,1.235707,0.761664,0.494283
A,244012061,-0.6428,2.0901,-7.1970
G,244012905,1.090831,0.650877,0.448476
A,244014528,-0.7398,1.9429,-7.4627
G,244015380,0.939563,0.619984,0.395213
TRK,244011,0.23808,0.72801,0.50673,0.39566,0.9525,3.0647,-0.4060,0.000,0.000,0.000,3,5
A,244017017,-0.6464,1.7849,-7.6638
G,244017877,0.760599,0.628506,0.352602
A,244019488,-0.5531,1.6664,-7.7895
G,244020394,0.524110,0.610397,0.314253
A,244021948,-0.4956,1.5622,-7.7464
G,244022890,0.246076,0.556068,0.279099
A,244024428,-0.4992,1.4617,-7.5597
G,244025377,0.002131,0.485761,0.252468
A,244026899,-0.5854,1.3791,-7.3263
G,244027894,-0.126766,0.427171,0.234358
A,244029361,-0.7793,1.3360,-7.2832
G,244030390,-0.106526,0.405866,0.236489
A,244031853,-1.0774,1.3216,-7.5561
G,244032886,0.035154,0.476173,0.278034
A,244034324,-2.0901,1.4617,-8.2169
TRK,244033,0.23245,0.72796,0.50711,0.39860,0.9525,3.0647,-0.4060,0.000,0.000,0.000,3,5
G,244035400,0.213053,0.643420,0.358994
A,244036784,-3.2429,1.6269,-8.7987
G,244037896,0.365386,0.997087,0.550742
A,244039268,-4.4460,1.7561,-8.9172
G,244040383,0.493217,1.540372,0.948085
A,244041739,-5.2361,1.7382,-8.2097
G,244042888,0.703074,2.192314,1.552090
A,244044191,-5.2756,1.4688,-6.8917
G,244045384,1.157942,2.743056,2.227468
A,244046667,-4.8734,1.0092,-5.5809
G,244047860,1.972870,3.116963,2.790993
A,244049138,-4.2808,0.4489,-4.9632
G,244050368,3.062635,3.389671,3.202185
A,244051594,-3.6344,-0.1293,-5.3474
G,244052864,4.115116,3.635747,3.498328
A,244054082,-2.8587,-0.7039,-6.4787
G,244055351,4.761732,3.834952,3.720968
A,244056553,-1.9968,-1.2570,-7.7536
TRK,244055,0.19389,0.73292,0.50467,0.41298,0.9525,3.0647,-0.4060,0.000,0.000,0.000,3,5
G,244057856,4.810734,3.936152,3.851996
A,244059009,-1.1025,-1.7777,-8.5724
G,244060352,4.343083,3.932956,3.853061
A,244061488,-0.2442,-2.2194,-8.6012
G,244062830,3.630421,3.849865,3.706055
A,244063959,0.5567,-2.5642,-7.9080
G,244065338,2.962500,3.698598,3.429086
A,244066419,1.3001,-2.7653,-6.8486
G,244067834,2.506567,3.470631,3.054113
A,244068901,1.9070,-2.8156,-5.8610
G,244070312,2.265817,3.171292,2.625877
A,244071372,2.3308,-2.7402,-5.2110
G,244072810,2.114550,2.813363,2.198706
A,244073824,2.6001,-2.5857,-4.9093
G,244075306,1.913215,2.406432,1.825863
TRK,244070,0.15070,0.73866,0.50134,0.42465,0.9525,3.0647,-0.4060,0.000,0.000,0.000,3,5
A,244076307,2.7581,-2.3954,-4.7872
G,244077785,1.614941,1.980326,1.529720
A,244078778,2.8623,-2.2087,-4.6292
G,244080294,1.280448,1.586179,1.290035
A,244081242,2.9628,-2.0291,-4.3132
G,244082790,1.007740,1.245294,1.091896
A,244083713,3.0059,-1.8567,-3.8571
G,244085278,0.877778,0.936367,0.937433
A,244086158,2.9987,-1.7131,-3.3686
G,244087797,0.927845,0.640224,0.843689
A,244088634,2.9628,-1.6161,-2.9880
G,244090293,1.154747,0.365386,0.807470
A,244091116,2.9125,-1.5909,-2.8551
G,244092767,1.504153,0.113983,0.815992
A,244093587,2.8551,-1.6376,-3.0382
G,244095277,1.895105,-0.120375,0.854342
A,244096055,2.7869,-1.7561,-3.5231
G,244097773,2.254100,-0.338754,0.903344
A,244098526,2.7078,-1.9429,-4.2162
TRK,244093,0.12595,0.74129,0.49981,0.42990,0.9525,3.0647,-0.4060,0.000,0.000,0.000,3,5
G,244100261,2.531068,-0.531567,0.945955
A,244100975,2.6181,-2.1871,-4.9919
G,244102770,2.707902,-0.702009,0.969391
A,244103444,2.5211,-2.4780,-5.7245
G,244105266,2.796319,-0.864995,0.968325
A,244105934,2.4098,-2.7761,-6.3494
G,244107745,2.832538,-1.038633,0.932106
A,244108405,2.4421,-3.1568,-6.9528
G,244110252,2.863431,-1.225054,0.847950
A,244110874,2.1404,-3.3579,-7.6962
G,244112748,2.900715,-1.342233,0.681769
A,244113345,2.2697,-3.5590,-8.2169
G,244115238,2.861300,-1.348625,0.514523
A,244115798,2.5714,-3.7098,-8.6658
TRK,244116,0.10490,0.75325,0.50426,0.40906,0.9525,3.0647,-0.4060,0.000,0.000,0.000,3,5
G,244117757,2.630138,-1.466869,0.402670
A,244118281,2.8623,-3.8607,-8.9747
G,244120253,2.218946,-1.895105,0.346211
A,244120771,2.9197,-4.0977,-9.3087
G,244122729,1.793905,-2.560896,0.216249
A,244123242,2.0147,-4.2737,-9.9623
G,244125239,1.535046,-3.059439,-0.017044
A,244125717,0.1903,-4.3598,-10.8601
G,244127735,1.466869,-3.168096,-0.223706
A,244128188,-2.2302,-4.3203,-11.7364
G,244130214,1.539307,-2.972087,-0.253533
A,244130633,-4.5035,-4.2844,-12.2535
TRK,244130,0.10381,0.76241,0.50760,0.38768,0.9525,3.0647,-0.4060,0.000,0.000,0.000,3,5
G,244132715,1.744903,-2.632268,-0.074569
A,244133100,-6.1806,-4.3275,-12.3900
G,244135211,2.166748,-2.197640,0.220510
A,244135570,-7.0138,-4.4317,-12.3469
G,244137691,2.846386,-1.659682,0.502805
A,244138018,-6.9240,-4.5645,-12.4367
G,244140201,3.659183,-1.070591,0.696683
A,244140498,-6.0585,-4.6148,-12.8748
G,244142697,4.334561,-0.531567,0.769121
A,244142968,-4.7010,-4.5107,-13.6039
G,244145177,4.616856,-0.120375,0.714792
A,244145417,-3.0742,-4.2234,-14.2467
G,244147685,4.415521,0.148072,0.550742
A,244147895,-1.3324,-3.7637,-14.3939
G,244150181,3.845604,0.282295,0.316384
A,244150366,0.3484,-3.1244,-13.8229
G,244152661,3.137203,0.299339,0.051133
A,244152818,2.0901,-2.3774,-12.5911
TRK,244153,0.07760,0.77181,0.51750,0.36123,0.9525,3.0647,-0.4060,0.000,0.000,0.000,3,5
G,244165146,1.614941,-0.618919,-1.121723
A,244165217,7.6998,2.7653,-7.1395
TRK,244173,0.06961,0.77067,0.52936,0.34785,0.9525,3.0647,-0.4060,0.000,0.000,0.000,3,5
A,244194900,8.9172,2.8587,-8.3857
G,244195120,5.657619,-2.900715,5.458415
TRK,244677,0.03274,0.79445,0.35946,0.48842,0.9525,3.0647,-0.4060,0.000,0.000,0.000,3,5
TRK,244691,0.02908,0.79260,0.35500,0.49488,0.9525,3.0647,-0.4060,0.000,0.000,0.000,3,5
A,244753251,7.4807,2.4169,-3.7421
G,244754076,-0.160855,0.125701,-0.208792
A,244755722,7.3945,2.4924,-3.5374
G,244756571,-0.190682,0.094809,-0.215183
A,244758207,7.4232,2.5642,-3.3399
G,244759064,-0.153398,0.055394,-0.208792
A,244760678,7.4986,2.6217,-3.2106
G,244761559,-0.073503,-0.003196,-0.178964
A,244763144,7.6172,2.6324,-3.1999
G,244764032,0.023436,-0.078830,-0.132093
A,244765641,7.7105,2.6037,-3.3255
G,244766535,0.117179,-0.164051,-0.086286
A,244768139,7.7464,2.5462,-3.5841
G,244769040,0.188552,-0.249272,-0.059655
A,244770610,7.7285,2.4780,-3.9181
G,244771535,0.214118,-0.328101,-0.050067
A,244773077,7.6998,2.4098,-4.2557
G,244774008,0.189617,-0.396278,-0.049002
A,244775575,7.7069,2.3487,-4.5143
G,244776512,0.134223,-0.448476,-0.049002
A,244778046,7.7536,2.3020,-4.6795
G,244779008,0.079895,-0.492152,-0.049002
TRK,244774,0.02068,0.78521,0.35072,0.50991,0.9525,3.0647,-0.4060,0.000,0.000,0.000,3,5
A,244780525,7.8111,2.2697,-4.7764
G,244781492,0.053263,-0.530502,-0.047937
A,244782996,7.8398,2.2517,-4.8483
G,244784002,0.060720,-0.560329,-0.040480
A,244785452,7.8290,2.2302,-4.9344
G,244786497,0.096939,-0.580569,-0.021305
A,244787942,7.8003,2.1871,-5.0637
G,244788991,0.148072,-0.591222,0.006392
A,244790414,7.7572,2.1225,-5.2397
G,244791487,0.199204,-0.594418,0.033023
A,244792885,7.7393,2.0614,-5.4588
G,244793961,0.237554,-0.586961,0.050067
A,244795356,7.7536,1.9968,-5.6958
G,244796466,0.251402,-0.570982,0.053263
A,244797809,7.7895,1.9537,-5.9221
G,244798962,0.237554,-0.549676,0.043676
TRK,244790,0.02193,0.78754,0.35144,0.50576,0.9525,3.0647,-0.4060,0.000,0.000,0.000,3,5
A,244800292,7.8757,1.9106,-6.0908
G,244801447,0.197074,-0.530502,0.029827
A,244802764,7.9763,1.8783,-6.2022
G,244803962,0.148072,-0.517718,0.014914
A,244805228,8.0840,1.8459,-6.2596
G,244806457,0.108657,-0.511327,-0.001065
A,244807723,8.1666,1.8100,-6.3063
G,244808952,0.095874,-0.507066,-0.021305
A,244810194,8.1918,1.7777,-6.3853
TRK,244810,0.02246,0.78999,0.35214,0.50141,0.9525,3.0647,-0.4060,0.000,0.000,0.000,3,5
G,244811470,0.107592,-0.497478,-0.046872
A,244812663,8.1594,1.7454,-6.5074
G,244813966,0.123571,-0.477238,-0.073503
A,244815134,8.0768,1.7238,-6.6619
G,244816464,0.122505,-0.444215,-0.096939
A,244817585,7.9727,1.7095,-6.8127
G,244818960,0.092678,-0.401605,-0.113983
A,244820073,7.8793,1.7166,-6.9133
G,244821445,0.044741,-0.350472,-0.128897
A,244822545,7.8003,1.7310,-6.9456
G,244823940,-0.004261,-0.291882,-0.139550
A,244825033,7.7680,1.7669,-6.9061
G,244826426,-0.035154,-0.229032,-0.145941
A,244827505,7.7752,1.8028,-6.8127
TRK,244823,0.02364,0.79125,0.35312,0.49867,0.9525,3.0647,-0.4060,0.000,0.000,0.000,3,5
G,244828941,-0.040480,-0.162985,-0.145941
A,244829974,7.8183,1.8387,-6.6942
G,244831437,-0.024501,-0.103331,-0.142745
A,244832445,7.8973,1.8675,-6.5936
G,244833927,0.001065,-0.057524,-0.138484
A,244834891,7.9799,1.8926,-6.5290
G,244836422,0.023436,-0.027697,-0.137419
A,244837373,8.0589,1.9142,-6.5146
G,244838898,0.034088,-0.009587,-0.147006
A,244839844,8.1020,1.9393,-6.5362
TRK,244835,0.02458,0.79127,0.35388,0.49805,0.9525,3.0647,-0.4060,0.000,0.000,0.000,3,5
G,244841404,0.024501,0.004261,-0.168312
A,244842307,8.1020,1.9788,-6.5793
G,244843900,-0.009587,0.015979,-0.198139
A,244844791,8.0553,2.0255,-6.5936
G,244846377,-0.072438,0.026632,-0.232228
A,244847263,7.9691,2.0937,-6.5398
G,244848893,-0.145941,0.036219,-0.257794
A,244849737,7.8757,2.1584,-6.4033
G,244851389,-0.202400,0.046872,-0.274838
A,244852208,7.7895,2.2302,-6.2094
G,244853885,-0.216249,0.061785,-0.282295
A,244854664,7.7249,2.3020,-6.0262
G,244856381,-0.180030,0.082025,-0.284426
A,244857157,7.6638,2.3739,-5.9041
G,244858864,-0.116114,0.107592,-0.276969
A,244859628,7.6136,2.4385,-5.8646
TRK,244855,0.02664,0.79023,0.35542,0.49850,0.9525,3.0647,-0.4060,0.000,0.000,0.000,3,5
G,244861371,-0.055394,0.133158,-0.259925
A,244862095,7.5741,2.4888,-5.8718
G,244863866,-0.026632,0.157659,-0.234358
A,244864566,7.5525,2.5319,-5.8682
G,244866360,-0.031958,0.178964,-0.208792
A,244867021,7.5561,2.5642,-5.8323
G,244868855,-0.053263,0.196009,-0.187487
A,244869493,7.5741,2.6001,-5.7425
G,244871342,-0.069242,0.206661,-0.168312
A,244871943,7.6028,2.6432,-5.6276
G,244873860,-0.068177,0.208792,-0.152333
A,244874423,7.6459,2.6899,-5.5055
G,244876355,-0.051133,0.203465,-0.137419
A,244876895,7.6890,2.7330,-5.4157
G,244878832,-0.027697,0.190682,-0.124636
A,244879336,7.7177,2.7617,-5.3582
G,244881339,-0.011718,0.173638,-0.112918
A,244881809,7.7141,2.7869,-5.3367
G,244883835,-0.012783,0.154463,-0.096939
A,244884280,7.6710,2.8084,-5.3223
TRK,244879,0.02782,0.78840,0.35711,0.50012,0.9525,3.0647,-0.4060,0.000,0.000,0.000,3,5
G,244886322,-0.025566,0.134223,-0.074569
A,244886734,7.6064,2.8192,-5.3044
G,244888835,-0.038350,0.112918,-0.047937
A,244889215,7.5525,2.8299,-5.2613
G,244891331,-0.043676,0.094809,-0.023436
A,244891686,7.5202,2.8407,-5.2182
G,244893828,-0.035154,0.079895,-0.002131
A,244894152,7.5274,2.8443,-5.1643
G,244896324,-0.014914,0.066046,0.022371
TRK,244895,0.02808,0.78770,0.35752,0.50091,0.9525,3.0647,-0.4060,0.000,0.000,0.000,3,5
A,244896649,7.5561,2.8479,-5.1392
G,244898801,0.010653,0.050067,0.050067
A,244899120,7.5920,2.8371,-5.1392
G,244901301,0.035154,0.030893,0.080960
A,244901589,7.6136,2.8156,-5.1679
G,244903797,0.054328,0.011718,0.106526
A,244904060,7.6207,2.7725,-5.2218
G,244906285,0.067112,-0.008522,0.129962
A,244906519,7.6207,2.7258,-5.2900
G,244908781,0.071373,-0.026632,0.149137
A,244908990,7.6172,2.6791,-5.3582
G,244911263,0.071373,-0.042611,0.167247
A,244911443,7.6387,2.6252,-5.4336
G,244913777,0.069242,-0.054328,0.183225
A,244913930,7.6602,2.5750,-5.5091
G,244916273,0.069242,-0.062851,0.197074
A,244916401,7.6890,2.5175,-5.5809
TRK,244912,0.02754,0.78798,0.35719,0.50074,0.9525,3.0647,-0.4060,0.000,0.000,0.000,3,5
G,244918771,0.068177,-0.069242,0.209857
A,244918873,7.7141,2.4708,-5.6455
G,244921267,0.068177,-0.073503,0.220510
A,244921344,7.7321,2.4169,-5.7102
G,244923746,0.070307,-0.075634,0.230097
A,244923797,7.7500,2.3631,-5.7712
G,244926251,0.072438,-0.072438,0.234358
A,244926276,7.7644,2.3056,-5.8359
G,244928746,0.073503,-0.066046,0.235423
A,244928747,7.7859,2.2410,-5.8969
A,244931212,7.8111,2.1763,-5.9508
G,244931235,0.070307,-0.055394,0.233293
A,244933708,7.8362,2.1189,-5.9903
G,244933755,0.061785,-0.042611,0.231162
A,244936179,7.8650,2.0650,-6.0154
G,244936250,0.047937,-0.028762,0.229032
A,244938645,7.8937,2.0147,-6.0226
G,244938739,0.037284,-0.014914,0.227967
A,244941116,7.9152,1.9716,-6.0370
G,244941234,0.029827,-0.002131,0.224771
TRK,244935,0.02611,0.78931,0.35566,0.49981,0.9525,3.0647,-0.4060,0.000,0.000,0.000,3,5
A,244943573,7.9224,1.9429,-6.0370
G,244943714,0.028762,0.010653,0.217314
A,244946061,7.9224,1.9213,-6.0442
G,244946223,0.028762,0.025566,0.209857
A,244948533,7.9152,1.8962,-6.0442
G,244948719,0.026632,0.040480,0.200270
A,244951002,7.9116,1.8747,-6.0334
G,244951209,0.021305,0.058590,0.190682
A,244953494,7.9152,1.8495,-6.0118
G,244953722,0.013848,0.077764,0.180030
A,244955965,7.9260,1.8316,-5.9831
G,244956217,0.004261,0.094809,0.170442
TRK,244952,0.02530,0.78978,0.35467,0.49982,0.9525,3.0647,-0.4060,0.000,0.000,0.000,3,5
A,244958426,7.9440,1.8208,-5.9400
G,244958697,-0.004261,0.108657,0.164051
A,244960914,7.9547,1.8064,-5.8933
G,244961204,-0.010653,0.121440,0.154463
A,244963385,7.9655,1.7992,-5.8395
G,244963699,-0.012783,0.135289,0.143811
A,244965857,7.9691,1.7813,-5.7856
G,244966190,-0.014914,0.145941,0.132093
A,244968328,7.9691,1.7813,-5.7209
G,244968710,-0.018109,0.152333,0.121440
A,244970782,7.9619,1.7813,-5.6599
G,244971206,-0.025566,0.152333,0.106526
A,244973262,7.9547,1.7813,-5.5917
G,244973701,-0.035154,0.150202,0.090547
A,244975733,7.9368,1.7957,-5.5306
G,244976197,-0.042611,0.148072,0.077764
TRK,244971,0.02446,0.78964,0.35370,0.50077,0.9525,3.0647,-0.4060,0.000,0.000,0.000,3,5
A,244978198,7.9224,1.7992,-5.4660
G,244978677,-0.047937,0.142745,0.066046
A,244980669,7.9045,1.8136,-5.4157
G,244981188,-0.046872,0.138484,0.054328
A,244983115,7.8901,1.8244,-5.3690
G,244983683,-0.042611,0.133158,0.043676
A,244985593,7.8793,1.8316,-5.3367
G,244986174,-0.036219,0.127832,0.036219
A,244988064,7.8757,1.8387,-5.3079
G,244988694,-0.030893,0.120375,0.029827
A,244990522,7.8721,1.8423,-5.2936
G,244991190,-0.023436,0.106526,0.024501
A,244993003,7.8757,1.8531,-5.3008
G,244993682,-0.013848,0.092678,0.014914
A,244995474,7.8793,1.8675,-5.3259
G,244996177,-0.005326,0.078830,0.002131
TRK,244995,0.02430,0.78900,0.35334,0.50203,0.9525,3.0647,-0.4060,0.000,0.000,0.000,3,5
A,244997944,7.8757,1.8854,-5.3510
G,244998658,-0.008522,0.069242,-0.011718
A,245000437,7.8685,1.8998,-5.3546
G,245001160,-0.025566,0.057524,-0.021305
A,245002908,7.8470,1.8998,-5.3223
G,245003656,-0.047937,0.043676,-0.027697
A,245005389,7.8183,1.8998,-5.2720
G,245006146,-0.060720,0.031958,-0.033023
A,245007860,7.7931,1.8998,-5.2218
G,245008667,-0.052198,0.022371,-0.037284
A,245010322,7.7859,1.9106,-5.1966
G,245011162,-0.028762,0.014914,-0.042611
A,245012813,7.8003,1.9321,-5.1894
G,245013660,-0.002131,0.007457,-0.045806
A,245015284,7.8398,1.9573,-5.2074
G,245016156,0.017044,-0.004261,-0.047937
TRK,245011,0.02472,0.78874,0.35353,0.50229,0.9525,3.0647,-0.4060,0.000,0.000,0.000,3,5
A,245017758,7.8793,1.9716,-5.2253
G,245018637,0.023436,-0.015979,-0.046872
A,245020229,7.9045,1.9752,-5.2505
G,245021148,0.017044,-0.030893,-0.046872
A,245022684,7.9045,1.9609,-5.2792
G,245023643,0.007457,-0.047937,-0.052198
A,245025170,7.8721,1.9537,-5.3295
G,245026135,0.000000,-0.064981,-0.063916
A,245027641,7.8362,1.9465,-5.3905
G,245028630,-0.002131,-0.078830,-0.080960
A,245030108,7.8075,1.9609,-5.4516
G,245031102,-0.004261,-0.088417,-0.094809
A,245032579,7.8003,1.9716,-5.5126
G,245033604,-0.007457,-0.095874,-0.103331
A,245035027,7.8075,1.9932,-5.5414
G,245036099,-0.012783,-0.101200,-0.105461
A,245037506,7.8147,2.0075,-5.5522
G,245038581,-0.011718,-0.105461,-0.102265
A,245039978,7.8183,2.0111,-5.5557
TRK,245039,0.02584,0.78874,0.35456,0.50151,0.9525,3.0647,-0.4060,0.000,0.000,0.000,3,5
G,245041094,-0.003196,-0.108657,-0.098004
A,245042438,7.8219,2.0147,-5.5665
G,245043589,0.015979,-0.109722,-0.096939
A,245044922,7.8254,2.0111,-5.6024
G,245046075,0.037284,-0.109722,-0.101200
A,245047394,7.8362,2.0075,-5.6635
G,245048571,0.047937,-0.107592,-0.110787
A,245049866,7.8434,2.0111,-5.7389
G,245051044,0.040480,-0.106526,-0.121440
A,245052337,7.8578,2.0255,-5.7928
G,245053539,0.015979,-0.105461,-0.131028
TRK,245052,0.02659,0.78883,0.35543,0.50071,0.9525,3.0647,-0.4060,0.000,0.000,0.000,3,5
A,245054810,7.8578,2.0327,-5.8251
G,245056012,-0.012783,-0.105461,-0.139550
A,245057281,7.8542,2.0542,-5.8251
G,245058514,-0.031958,-0.105461,-0.143811
A,245059733,7.8434,2.0758,-5.8143
G,245061010,-0.033023,-0.104396,-0.148072
A,245062218,7.8147,2.0973,-5.8071
G,245063494,-0.020240,-0.100135,-0.151268
A,245064690,7.7895,2.1225,-5.8251
G,245065997,-0.003196,-0.093743,-0.157659
A,245067144,7.7644,2.1476,-5.8538
G,245068493,0.007457,-0.084156,-0.161920
A,245069621,7.7464,2.1763,-5.8933
G,245070967,0.007457,-0.073503,-0.160855
A,245072092,7.7464,2.2015,-5.9149
G,245073472,-0.001065,-0.061785,-0.155529
A,245074550,7.7572,2.2230,-5.9149
G,245075967,-0.012783,-0.049002,-0.148072
A,245077038,7.7788,2.2482,-5.8897
G,245078451,-0.018109,-0.040480,-0.141680
A,245079509,7.7931,2.2589,-5.8574
TRK,245079,0.02834,0.78862,0.35706,0.49979,0.9525,3.0647,-0.4060,0.000,0.000,0.000,3,5
G,245080966,-0.014914,-0.031958,-0.138484
A,245081979,7.8039,2.2805,-5.8359
G,245083462,-0.007457,-0.028762,-0.139550
A,245084450,7.7967,2.3020,-5.8251
G,245085948,0.000000,-0.024501,-0.140615
A,245086892,7.7788,2.3236,-5.8323
G,245088443,-0.001065,-0.020240,-0.140615
A,245089371,7.7464,2.3487,-5.8287
G,245090916,-0.010653,-0.013848,-0.135289
A,245091842,7.7249,2.3703,-5.8179
G,245093421,-0.024501,-0.006392,-0.127832
A,245094305,7.7069,2.3918,-5.7928
G,245095917,-0.037284,0.002131,-0.119310
A,245096795,7.7033,2.4098,-5.7497
G,245098399,-0.042611,0.009587,-0.109722
A,245099266,7.7141,2.4313,-5.7102
G,245100895,-0.036219,0.013848,-0.100135
TRK,245095,0.02932,0.78824,0.35809,0.49960,0.9525,3.0647,-0.4060,0.000,0.000,0.000,3,5
A,245101760,7.7249,2.4565,-5.6743
G,245103381,-0.021305,0.018109,-0.087352
A,245104232,7.7393,2.4816,-5.6491
G,245105897,-0.005326,0.019175,-0.074569
A,245106707,7.7464,2.5031,-5.6383
G,245108393,0.005326,0.019175,-0.061785
A,245109178,7.7500,2.5211,-5.6348
G,245110889,0.010653,0.019175,-0.051133
A,245111634,7.7500,2.5283,-5.6348
G,245113385,0.008522,0.020240,-0.042611
A,245114121,7.7464,2.5319,-5.6312
G,245115861,0.001065,0.021305,-0.034088
A,245116592,7.7464,2.5283,-5.6204
G,245118355,-0.005326,0.019175,-0.022371
A,245119047,7.7500,2.5319,-5.6024
G,245120851,-0.008522,0.014914,-0.009587
A,245121519,7.7464,2.5319,-5.5881
TRK,245115,0.02995,0.78786,0.35879,0.49966,0.9525,3.0647,-0.4060,0.000,0.000,0.000,3,5
G,245123338,-0.005326,0.010653,0.004261
A,245123968,7.7464,2.5283,-5.5737
G,245125849,0.001065,0.008522,0.017044
A,245126442,7.7357,2.5175,-5.5665
G,245128344,0.009587,0.010653,0.029827
A,245128913,7.7285,2.5031,-5.5809
G,245130842,0.017044,0.012783,0.042611
A,245131375,7.7285,2.4888,-5.5952
G,245133338,0.021305,0.015979,0.055394
A,245133867,7.7393,2.4816,-5.6096
G,245135815,0.020240,0.020240,0.067112
A,245136339,7.7572,2.4708,-5.6168
TRK,245136,0.03000,0.78783,0.35884,0.49966,0.9525,3.0647,-0.4060,0.000,0.000,0.000,3,5
G,245138323,0.019175,0.023436,0.079895
A,245138811,7.7824,2.4565,-5.6024
G,245140818,0.020240,0.024501,0.093743
A,245141283,7.7967,2.4313,-5.6024
G,245143306,0.024501,0.022371,0.106526
A,245143737,7.8075,2.3954,-5.6060
G,245145820,0.029827,0.017044,0.115049
A,245146218,7.8183,2.3631,-5.6276
G,245148315,0.034088,0.012783,0.121440
A,245148689,7.8254,2.3308,-5.6671
G,245150793,0.033023,0.010653,0.125701
A,245151135,7.8219,2.3020,-5.7030
G,245153301,0.026632,0.013848,0.129962
A,245153612,7.8219,2.2769,-5.7353
G,245155819,0.017044,0.018109,0.134223
A,245156099,7.8183,2.2517,-5.7425
G,245158315,0.007457,0.022371,0.139550
A,245158570,7.8183,2.2230,-5.7425
G,245160813,0.004261,0.026632,0.144876
A,245161038,7.8254,2.1943,-5.7281
G,245163308,0.008522,0.034088,0.148072
A,245163510,7.8219,2.1691,-5.7209
TRK,245158,0.02937,0.78816,0.35817,0.49966,0.9525,3.0647,-0.4060,0.000,0.000,0.000,3,5
G,245165806,0.015979,0.043676,0.150202
A,245165979,7.8183,2.1404,-5.7138
G,245168302,0.015979,0.051133,0.154463
A,245168450,7.8003,2.1189,-5.7066
G,245170780,0.005326,0.054328,0.161920
A,245170901,7.8039,2.0973,-5.6707
G,245173288,-0.012783,0.052198,0.170442
A,245173383,7.8254,2.0650,-5.6168
G,245175784,-0.021305,0.050067,0.175769
A,245175854,7.8685,2.0327,-5.5593
TRK,245171,0.02892,0.78835,0.35758,0.49981,0.9525,3.0647,-0.4060,0.000,0.000,0.000,3,5
G,245178272,-0.014914,0.049002,0.170442
A,245178316,7.9188,2.0039,-5.5270
G,245180780,0.002131,0.047937,0.157659
A,245180799,7.9476,1.9752,-5.5306
A,245183270,7.9476,1.9537,-5.5665
G,245183276,0.014914,0.044741,0.138484
A,245185740,7.9260,1.9357,-5.5952
G,245185769,0.012783,0.041545,0.122505
A,245188231,7.8901,1.9178,-5.5988
G,245188285,-0.003196,0.035154,0.109722
A,245190703,7.8650,1.9070,-5.5773
G,245190780,-0.021305,0.029827,0.099070
A,245193168,7.8470,1.8926,-5.5414
G,245193269,-0.028762,0.023436,0.091613
A,245195639,7.8506,1.8890,-5.5055
G,245195764,-0.022371,0.018109,0.085221
A,245198086,7.8650,1.8818,-5.5019
G,245198233,-0.005326,0.013848,0.079895
TRK,245198,0.02834,0.78866,0.35642,0.50018,0.9525,3.0647,-0.4060,0.000,0.000,0.000,3,5
A,245200564,7.8757,1.8711,-5.5234
G,245200732,0.014914,0.011718,0.072438
A,245203047,7.8685,1.8639,-5.5665
G,245203237,0.027697,0.008522,0.061785
A,245205519,7.8470,1.8495,-5.6096
G,245205732,0.027697,0.004261,0.049002
A,245207982,7.8326,1.8423,-5.6419
G,245208216,0.013848,-0.003196,0.035154
A,245210462,7.8254,1.8423,-5.6455
G,245210716,-0.003196,-0.009587,0.021305
A,245212933,7.8290,1.8387,-5.6419
G,245213211,-0.015979,-0.012783,0.009587
A,245215394,7.8326,1.8423,-5.6312
G,245215691,-0.018109,-0.015979,-0.001065
A,245217886,7.8254,1.8352,-5.6276
G,245218201,-0.013848,-0.018109,-0.012783
A,245220357,7.8219,1.8316,-5.6276
G,245220697,-0.007457,-0.020240,-0.020240
A,245222817,7.8147,1.8316,-5.6527
G,245223173,-0.002131,-0.020240,-0.027697
TRK,245219,0.02851,0.78875,0.35644,0.50001,0.9525,3.0647,-0.4060,0.000,0.000,0.000,3,5
A,245225300,7.7895,1.8387,-5.6743
G,245225674,-0.002131,-0.021305,-0.038350
A,245227771,7.7931,1.8531,-5.6958
G,245228170,-0.009587,-0.017044,-0.053263
A,245230235,7.7859,1.8783,-5.6958
G,245230650,-0.021305,-0.012783,-0.067112
A,245232719,7.8254,1.8926,-5.6635
G,245233150,-0.034088,-0.009587,-0.075634
A,245235190,7.8470,1.9106,-5.6204
G,245235646,-0.039415,-0.011718,-0.084156
A,245237666,7.8721,1.9249,-5.5917
G,245238137,-0.035154,-0.013848,-0.092678
A,245240137,7.8506,1.9465,-5.5881
TRK,245235,0.02907,0.78862,0.35686,0.49989,0.9525,3.0647,-0.4060,0.000,0.000,0.000,3,5
G,245240658,-0.022371,-0.015979,-0.105461
A,245242594,7.8398,1.9680,-5.6060
G,245243154,-0.011718,-0.015979,-0.113983
A,245245082,7.8219,1.9968,-5.6204
G,245245655,-0.012783,-0.017044,-0.122505
A,245247553,7.8219,2.0327,-5.6276
G,245248150,-0.024501,-0.017044,-0.127832
A,245250021,7.8147,2.0722,-5.6024
G,245250630,-0.039415,-0.020240,-0.135289
A,245252492,7.8075,2.1045,-5.5665
G,245253125,-0.047937,-0.028762,-0.138484
A,245254961,7.7824,2.1332,-5.5306
G,245255607,-0.046872,-0.038350,-0.138484
A,245257454,7.7536,2.1584,-5.5198
G,245258111,-0.031958,-0.042611,-0.138484
A,245259925,7.7321,2.1727,-5.5378
G,245260606,-0.010653,-0.042611,-0.140615
TRK,245260,0.02426,0.79129,0.35547,0.49691,0.9525,3.0647,-0.4060,0.000,0.000,0.000,1,6
A,245262406,7.7177,2.1979,-5.5773
G,245263098,0.003196,-0.038350,-0.139550
A,245264877,7.7357,2.2194,-5.5988
G,245265610,0.002131,-0.037284,-0.135289
A,245267329,7.7680,2.2410,-5.5917
G,245268105,-0.008522,-0.035154,-0.128897
A,245269800,7.8003,2.2589,-5.5701
G,245270606,-0.015979,-0.036219,-0.127832
A,245272242,7.8075,2.2769,-5.5522
G,245273101,-0.013848,-0.039415,-0.128897
TRK,245273,0.02495,0.79109,0.35622,0.49666,0.9337,3.0808,-0.4084,-0.239,0.209,-0.035,2,6
A,245274737,7.8003,2.2877,-5.5557
G,245275603,-0.003196,-0.043676,-0.127832
A,245277208,7.7967,2.3092,-5.5773
G,245278099,0.006392,-0.045806,-0.123571
A,245279674,7.8003,2.3272,-5.6060
G,245280572,0.009587,-0.047937,-0.120375
A,245282146,7.8039,2.3487,-5.6240
G,245283084,0.007457,-0.052198,-0.119310
A,245284603,7.8039,2.3739,-5.6348
G,245285580,-0.003196,-0.058590,-0.115049
A,245287090,7.7895,2.3882,-5.6312
G,245288072,-0.011718,-0.062851,-0.107592
A,245289561,7.7788,2.3882,-5.6276
G,245290595,-0.013848,-0.062851,-0.100135
A,245292030,7.7752,2.3882,-5.6383
G,245293091,-0.003196,-0.058590,-0.092678
A,245294501,7.7788,2.3846,-5.6671
TRK,245289,0.02573,0.79093,0.35706,0.49626,0.9294,3.0846,-0.4090,-0.261,0.228,-0.037,2,6
G,245295613,0.009587,-0.052198,-0.087352
A,245296971,7.7824,2.3810,-5.7066
G,245298108,0.014914,-0.043676,-0.076699
A,245299442,7.7859,2.3918,-5.7353
G,245300610,0.009587,-0.038350,-0.062851
A,245301893,7.7859,2.3990,-5.7461
G,245303106,0.001065,-0.036219,-0.050067
A,245304366,7.7752,2.4062,-5.7497
G,245305579,-0.005326,-0.036219,-0.042611
A,245306837,7.7572,2.4169,-5.7461
G,245308091,-0.003196,-0.033023,-0.037284
A,245309300,7.7500,2.4205,-5.7533
G,245310587,0.003196,-0.025566,-0.029827
A,245311781,7.7572,2.4313,-5.7604
G,245313067,0.008522,-0.015979,-0.018109
A,245314252,7.7752,2.4313,-5.7640
G,245315562,0.009587,-0.007457,-0.004261
TRK,245314,0.02663,0.79087,0.35793,0.49569,0.9226,3.0906,-0.4099,-0.294,0.253,-0.039,2,6
A,245316727,7.7967,2.4349,-5.7676
G,245318035,0.005326,-0.002131,0.007457
A,245319198,7.7967,2.4277,-5.7569
G,245320529,-0.002131,0.000000,0.015979
A,245321644,7.7859,2.4134,-5.7353
G,245323024,-0.010653,0.000000,0.021305
A,245324131,7.7788,2.3918,-5.7102
G,245325508,-0.011718,0.002131,0.027697
A,245326602,7.7752,2.3703,-5.6814
G,245328021,-0.004261,0.007457,0.033023
A,245329069,7.7859,2.3559,-5.6743
G,245330517,0.009587,0.015979,0.037284
A,245331541,7.7931,2.3451,-5.6814
G,245333011,0.020240,0.023436,0.039415
A,245333990,7.8003,2.3379,-5.6958
G,245335506,0.020240,0.026632,0.042611
A,245336461,7.7967,2.3272,-5.6994
TRK,245330,0.02674,0.79088,0.35793,0.49565,0.9173,3.0951,-0.4106,-0.317,0.272,-0.040,2,6
G,245338000,0.013848,0.026632,0.050067
A,245338911,7.7859,2.3164,-5.6994
G,245340496,0.005326,0.026632,0.057524
A,245341391,7.7752,2.3128,-5.6886
G,245342969,0.002131,0.025566,0.062851
A,245343862,7.7644,2.3092,-5.6850
G,245345473,0.002131,0.024501,0.062851
A,245346325,7.7716,2.3056,-5.6814
G,245347969,0.004261,0.023436,0.064981
A,245348796,7.7752,2.2984,-5.6743
G,245350454,0.008522,0.024501,0.070307
A,245351240,7.7752,2.2877,-5.6707
G,245352969,0.009587,0.025566,0.074569
A,245353715,7.7608,2.2697,-5.6599
G,245355464,0.008522,0.027697,0.077764
A,245356186,7.7428,2.2517,-5.6599
G,245357955,0.005326,0.030893,0.080960
A,245358638,7.7393,2.2230,-5.6491
G,245360450,0.006392,0.035154,0.087352
TRK,245359,0.02642,0.79098,0.35754,0.49581,0.9082,3.1029,-0.4117,-0.354,0.302,-0.043,2,6
A,245361125,7.7428,2.1943,-5.6455
G,245362925,0.011718,0.039415,0.093743
A,245363596,7.7572,2.1763,-5.6419
G,245365418,0.017044,0.040480,0.094809
A,245366051,7.7716,2.1620,-5.6455
G,245367914,0.020240,0.037284,0.093743
A,245368522,7.7788,2.1548,-5.6563
G,245370400,0.018109,0.031958,0.091613
A,245370972,7.7752,2.1476,-5.6635
G,245372916,0.014914,0.024501,0.090547
A,245373452,7.7752,2.1368,-5.6707
G,245375412,0.011718,0.021305,0.086286
A,245375923,7.7752,2.1261,-5.6850
G,245377908,0.009587,0.021305,0.080960
A,245378385,7.7895,2.1117,-5.6850
G,245380426,0.007457,0.023436,0.076699
A,245380870,7.8075,2.0973,-5.6814
G,245382922,0.006392,0.024501,0.074569
A,245383341,7.8398,2.0830,-5.6707
TRK,245379,0.02607,0.79109,0.35716,0.49591,0.9009,3.1091,-0.4126,-0.382,0.326,-0.047,2,6
G,245385408,0.008522,0.025566,0.075634
A,245385794,7.8542,2.0650,-5.6563
G,245387923,0.014914,0.025566,0.075634
A,245388277,7.8470,2.0470,-5.6491
G,245390419,0.021305,0.022371,0.071373
A,245390749,7.8183,2.0327,-5.6707
G,245392903,0.022371,0.015979,0.062851
A,245393201,7.7859,2.0183,-5.6922
G,245395416,0.017044,0.010653,0.050067
A,245395684,7.7608,2.0147,-5.7245
G,245397912,0.004261,0.009587,0.039415
A,245398156,7.7644,2.0147,-5.7281
TRK,245393,0.02585,0.79118,0.35693,0.49596,0.8951,3.1140,-0.4133,-0.404,0.346,-0.050,2,6
G,245400398,-0.009587,0.014914,0.029827
A,245400612,7.7788,2.0111,-5.7030
G,245402900,-0.021305,0.020240,0.026632
A,245403086,7.8111,2.0147,-5.6419
G,245405396,-0.021305,0.023436,0.026632
A,245405557,7.8398,2.0111,-5.5845
G,245407872,-0.009587,0.023436,0.025566
A,245408006,7.8470,2.0111,-5.5378
G,245410379,0.011718,0.021305,0.023436
A,245410486,7.8470,2.0111,-5.5378
G,245412874,0.029827,0.019175,0.017044
A,245412957,7.8254,2.0075,-5.5737
G,245415361,0.034088,0.015979,0.009587
A,245415418,7.8111,2.0075,-5.6240
G,245417878,0.021305,0.012783,-0.001065
A,245417909,7.8039,2.0039,-5.6635
G,245420373,-0.003196,0.011718,-0.009587
A,245420380,7.8290,2.0039,-5.6563
TRK,245420,0.02594,0.79112,0.35700,0.49599,0.8836,3.1239,-0.4148,-0.443,0.383,-0.056,2,6
A,245422852,7.8398,2.0147,-5.6204
G,245422870,-0.024501,0.009587,-0.018109
A,245425323,7.8578,2.0147,-5.5593
G,245425365,-0.035154,0.005326,-0.022371
A,245427776,7.8362,2.0255,-5.5270
G,245427842,-0.027697,0.000000,-0.027697
A,245430257,7.8111,2.0363,-5.5306
G,245430346,-0.007457,-0.002131,-0.033023
A,245432729,7.7716,2.0614,-5.5665
G,245432842,0.012783,0.000000,-0.041545
TRK,245432,0.02627,0.79102,0.35721,0.49598,0.8780,3.1288,-0.4155,-0.461,0.400,-0.059,2,6
A,245435194,7.7788,2.0830,-5.5988
G,245435329,0.015979,0.003196,-0.044741
A,245437689,7.7824,2.1009,-5.6096
G,245437846,-0.001065,0.004261,-0.044741
A,245440161,7.8147,2.1045,-5.5737
G,245440342,-0.022371,0.003196,-0.043676
A,245442637,7.8254,2.1081,-5.5306
G,245442839,-0.035154,-0.002131,-0.045806
A,245445108,7.8326,2.1081,-5.4839
G,245445335,-0.034088,-0.009587,-0.049002
A,245447559,7.8147,2.1081,-5.4875
G,245447805,-0.018109,-0.013848,-0.050067
A,245450047,7.7824,2.1225,-5.5234
G,245450313,0.002131,-0.014914,-0.054328
A,245452519,7.7716,2.1332,-5.5845
G,245452831,0.014914,-0.015979,-0.060720
A,245454968,7.7285,2.1512,-5.6312
G,245455326,0.007457,-0.018109,-0.063916
A,245457439,7.7680,2.1584,-5.6240
G,245457815,-0.018109,-0.017044,-0.059655
A,245459910,7.7859,2.1727,-5.5773
G,245460310,-0.040480,-0.008522,-0.053263
TRK,245454,0.02696,0.79081,0.35784,0.49583,0.8675,3.1380,-0.4168,-0.491,0.429,-0.065,2,6
A,245462371,7.8578,2.1691,-5.5055
G,245462788,-0.042611,-0.003196,-0.047937
A,245464864,7.8721,2.1763,-5.4588
G,245465296,-0.024501,-0.005326,-0.041545
A,245467335,7.9116,2.1691,-5.4516
G,245467792,0.008522,-0.010653,-0.036219
A,245469806,7.8721,2.1727,-5.5162
G,245470300,0.037284,-0.010653,-0.033023
A,245472250,7.8685,2.1691,-5.5845
G,245472796,0.046872,-0.012783,-0.037284
A,245474744,7.8362,2.1799,-5.6491
G,245475304,0.027697,-0.019175,-0.043676
A,245477216,7.8434,2.1871,-5.6599
G,245477799,-0.007457,-0.024501,-0.046872
A,245479691,7.8290,2.2015,-5.6348
G,245480287,-0.038350,-0.025566,-0.047937
A,245482162,7.8470,2.1979,-5.5773
TRK,245481,0.02768,0.79064,0.35849,0.49558,0.8536,3.1501,-0.4187,-0.527,0.464,-0.070,2,6
G,245482806,-0.047937,-0.029827,-0.050067
A,245484618,7.8219,2.2122,-5.5522
G,245485301,-0.034088,-0.035154,-0.050067
A,245487100,7.8039,2.2051,-5.5737
G,245487793,-0.005326,-0.037284,-0.047937
A,245489571,7.7680,2.2051,-5.6312
G,245490289,0.023436,-0.033023,-0.043676
A,245492040,7.7644,2.2015,-5.7066
G,245492767,0.036219,-0.025566,-0.038350
A,245494527,7.7608,2.2051,-5.7533
G,245495265,0.023436,-0.019175,-0.029827
A,245496999,7.7895,2.2015,-5.7497
TRK,245492,0.02809,0.79061,0.35882,0.49537,0.8484,3.1548,-0.4194,-0.540,0.476,-0.072,2,6
G,245497784,-0.001065,-0.015979,-0.021305
A,245499458,7.7895,2.2015,-5.7353
G,245500280,-0.017044,-0.014914,-0.018109
A,245501939,7.8003,2.2015,-5.6994
G,245502768,-0.013848,-0.014914,-0.018109
A,245504410,7.7895,2.2158,-5.7030
G,245505263,0.001065,-0.012783,-0.021305
A,245506878,7.8111,2.2302,-5.7030
G,245507739,0.014914,-0.010653,-0.024501
A,245509381,7.8183,2.2517,-5.7174
G,245510248,0.017044,-0.008522,-0.026632
A,245511852,7.8326,2.2625,-5.7174
G,245512744,0.007457,-0.010653,-0.026632
A,245514332,7.8147,2.2625,-5.7174
G,245515231,-0.008522,-0.014914,-0.022371
A,245516804,7.7895,2.2482,-5.7138
G,245517743,-0.014914,-0.018109,-0.017044
A,245519260,7.7464,2.2374,-5.7281
G,245520238,-0.008522,-0.017044,-0.017044
TRK,245516,0.02855,0.79055,0.35925,0.49512,0.8345,3.1669,-0.4212,-0.576,0.507,-0.075,2,6
A,245521734,7.7177,2.2230,-5.7497
G,245522718,0.004261,-0.011718,-0.020240
A,245524205,7.6998,2.2230,-5.7892
G,245525227,0.011718,-0.005326,-0.024501
A,245526661,7.7177,2.2230,-5.7964
G,245527723,0.003196,-0.001065,-0.023436
A,245529147,7.7500,2.2194,-5.7712
G,245530213,-0.013848,0.002131,-0.018109
A,245531619,7.7716,2.2194,-5.7245
G,245532732,-0.024501,0.001065,-0.009587
A,245534086,7.7464,2.2230,-5.6814
G,245535228,-0.017044,-0.002131,-0.005326
A,245536576,7.6998,2.2266,-5.6707
G,245537720,0.003196,-0.003196,-0.005326
A,245539047,7.6531,2.2338,-5.6994
G,245540215,0.021305,0.001065,-0.008522
TRK,245535,0.02899,0.79048,0.35954,0.49500,0.8244,3.1759,-0.4225,-0.601,0.527,-0.077,2,6
A,245541526,7.6567,2.2446,-5.7425
G,245542695,0.024501,0.009587,-0.009587
A,245543997,7.6890,2.2517,-5.7569
G,245545199,0.012783,0.018109,-0.009587
A,245546450,7.7428,2.2589,-5.7389
G,245547694,-0.009587,0.020240,-0.004261
A,245548932,7.7608,2.2589,-5.6850
G,245550175,-0.024501,0.013848,0.004261
A,245551426,7.7572,2.2482,-5.6348
G,245552669,-0.020240,0.005326,0.009587
A,245553897,7.7321,2.2446,-5.6240
G,245555164,0.004261,0.000000,0.008522
TRK,245550,0.02916,0.79040,0.35974,0.49497,0.8153,3.1838,-0.4237,-0.623,0.544,-0.080,2,6
A,245556379,7.6998,2.2410,-5.6635
G,245557645,0.034088,-0.001065,-0.001065
A,245558850,7.6998,2.2410,-5.7317
G,245560141,0.041545,0.004261,-0.008522
A,245561325,7.7069,2.2553,-5.7784
G,245562614,0.017044,0.005326,-0.009587
A,245563796,7.7393,2.2625,-5.7569
G,245565126,-0.022371,0.007457,-0.001065
A,245566260,7.7428,2.2697,-5.6994
G,245567621,-0.049002,0.007457,0.008522
A,245568754,7.7464,2.2589,-5.6276
G,245570113,-0.040480,0.006392,0.014914
A,245571225,7.7249,2.2482,-5.5988
G,245572635,-0.004261,0.005326,0.012783
A,245573700,7.7428,2.2266,-5.6240
G,245575130,0.038350,0.006392,0.012783
TRK,245574,0.02944,0.79035,0.35994,0.49490,0.7994,3.1977,-0.4257,-0.657,0.574,-0.085,2,6
A,245576195,7.7644,2.2194,-5.6922
G,245577620,0.058590,0.008522,0.012783
A,245578666,7.7931,2.2158,-5.7604
G,245580116,0.047937,0.008522,0.014914
A,245581152,7.8003,2.2194,-5.7856
G,245582598,0.014914,0.004261,0.014914
A,245583623,7.7931,2.2194,-5.7640
G,245585100,-0.019175,-0.001065,0.018109
A,245586081,7.7752,2.2087,-5.7102
G,245587595,-0.030893,-0.004261,0.019175
A,245588552,7.7680,2.2015,-5.6635
G,245590088,-0.018109,0.000000,0.013848
A,245591001,7.7824,2.1943,-5.6563
G,245592583,0.009587,0.007457,0.006392
A,245593480,7.7967,2.2015,-5.6814
G,245595055,0.027697,0.014914,0.006392
A,245595951,7.8111,2.2015,-5.7102
G,245597552,0.026632,0.018109,0.017044
A,245598406,7.8111,2.2051,-5.7245
G,245600048,0.011718,0.020240,0.026632
TRK,245595,0.02954,0.79033,0.36009,0.49481,0.7844,3.2107,-0.4277,-0.689,0.602,-0.088,2,6
A,245600898,7.8075,2.1943,-5.7102
G,245602531,-0.003196,0.021305,0.031958
A,245603369,7.8003,2.1835,-5.6850
G,245605045,-0.005326,0.025566,0.029827
A,245605841,7.8039,2.1799,-5.6671
G,245607540,0.005326,0.025566,0.023436
A,245608312,7.8254,2.1763,-5.6635
G,245610034,0.015979,0.024501,0.019175
A,245610766,7.8470,2.1763,-5.6707
G,245612529,0.019175,0.022371,0.017044
A,245613238,7.8542,2.1799,-5.6778
STAT,404.5,401.0,0,0,13950,0.0715,2.385,0.4747,0.8360,1.7463,9.8681,14.93,0.000
G,245615023,0.009587,0.020240,0.017044
A,245615692,7.8362,2.1799,-5.6707
G,245617518,-0.004261,0.020240,0.017044
A,245618177,7.7967,2.1763,-5.6599
G,245619991,-0.014914,0.021305,0.015979
A,245620648,7.7644,2.1727,-5.6348
G,245622487,-0.015979,0.024501,0.015979
A,245623133,7.7572,2.1763,-5.6240
G,245624959,-0.007457,0.033023,0.018109
A,245625604,7.7680,2.1799,-5.6168
TRK,245625,0.02963,0.79022,0.36017,0.49494,0.7634,3.2292,-0.4304,-0.731,0.641,-0.093,2,6
G,245627463,0.002131,0.039415,0.022371
A,245628072,7.8039,2.1763,-5.6060
G,245629959,0.005326,0.044741,0.029827
A,245630543,7.8290,2.1763,-5.5881
G,245632444,0.002131,0.044741,0.037284
A,245632992,7.8470,2.1620,-5.5629
G,245634959,0.000000,0.041545,0.040480
A,245635472,7.8434,2.1512,-5.5450
G,245637455,0.002131,0.038350,0.037284
A,245637943,7.8434,2.1476,-5.5306
G,245639950,0.006392,0.034088,0.029827
A,245640404,7.8434,2.1476,-5.5270
G,245642445,0.010653,0.030893,0.024501
A,245642875,7.8470,2.1512,-5.5234
TRK,245637,0.02958,0.79014,0.36014,0.49508,0.7542,3.2372,-0.4315,-0.748,0.658,-0.096,2,6
G,245644941,0.007457,0.027697,0.022371
A,245645337,7.8542,2.1512,-5.5162
G,245647436,0.002131,0.022371,0.025566
A,245647830,7.8434,2.1512,-5.5019
G,245649911,-0.003196,0.015979,0.030893
A,245650301,7.8219,2.1404,-5.4911
G,245652409,-0.004261,0.009587,0.033023
A,245652766,7.8039,2.1296,-5.4731
G,245654925,0.000000,0.005326,0.030893
A,245655251,7.7967,2.1225,-5.4731
G,245657420,0.009587,0.004261,0.027697
A,245657722,7.8003,2.1117,-5.4875
TRK,245657,0.02962,0.79011,0.36014,0.49513,0.7392,3.2505,-0.4335,-0.774,0.685,-0.101,2,6
G,245659916,0.017044,0.001065,0.022371
A,245660187,7.8183,2.1081,-5.5126
G,245662411,0.019175,-0.003196,0.020240
A,245662658,7.8326,2.1009,-5.5342
G,245664887,0.013848,-0.008522,0.020240
A,245665105,7.8470,2.0901,-5.5557
G,245667383,0.006392,-0.012783,0.021305
A,245667576,7.8542,2.0758,-5.5665
G,245669854,0.005326,-0.015979,0.020240
A,245670019,7.8470,2.0614,-5.5773
G,245672361,0.008522,-0.018109,0.014914
A,245672498,7.8362,2.0506,-5.5952
G,245674878,0.013848,-0.020240,0.009587
A,245674988,7.8219,2.0399,-5.6204
G,245677373,0.014914,-0.022371,0.004261
A,245677459,7.8147,2.0399,-5.6491
G,245679870,0.011718,-0.025566,-0.001065
A,245679929,7.8003,2.0399,-5.6707
G,245682365,0.005326,-0.028762,-0.005326
A,245682401,7.7824,2.0399,-5.6922
TRK,245677,0.02975,0.79019,0.36026,0.49490,0.7237,3.2643,-0.4355,-0.801,0.714,-0.106,2,6
G,245684842,-0.001065,-0.030893,-0.007457
A,245684852,7.7680,2.0363,-5.7030
A,245687335,7.7572,2.0363,-5.6994
G,245687349,-0.002131,-0.030893,-0.009587
A,245689806,7.7536,2.0327,-5.7030
G,245689845,0.002131,-0.025566,-0.013848
A,245692259,7.7572,2.0291,-5.7030
G,245692321,0.009587,-0.019175,-0.020240
TRK,245693,0.03003,0.79024,0.36047,0.49466,0.7116,3.2750,-0.4371,-0.824,0.734,-0.109,2,6
A,245694754,7.7680,2.0327,-5.7245
G,245694839,0.011718,-0.013848,-0.026632
A,245697225,7.7752,2.0327,-5.7317
G,245697335,0.007457,-0.012783,-0.033023
A,245699680,7.7824,2.0435,-5.7389
G,245699812,-0.002131,-0.012783,-0.037284
A,245702166,7.7824,2.0542,-5.7353
G,245702320,-0.010653,-0.011718,-0.042611
A,245704637,7.7752,2.0686,-5.7353
G,245704815,-0.013848,-0.009587,-0.049002
A,245707105,7.7716,2.0865,-5.7389
G,245707303,-0.013848,-0.008522,-0.054328
A,245709602,7.7608,2.1081,-5.7425
G,245709821,-0.012783,-0.007457,-0.058590
A,245712073,7.7572,2.1261,-5.7389
G,245712317,-0.013848,-0.005326,-0.060720
A,245714550,7.7500,2.1368,-5.7353
G,245714813,-0.017044,-0.002131,-0.059655
A,245717021,7.7428,2.1404,-5.7245
G,245717308,-0.019175,0.000000,-0.061785
TRK,245716,0.03079,0.79002,0.36114,0.49448,0.6907,3.2936,-0.4399,-0.862,0.768,-0.114,2,6
A,245719480,7.7321,2.1512,-5.7138
G,245719786,-0.020240,0.000000,-0.064981
A,245721962,7.7249,2.1620,-5.7030
G,245722286,-0.018109,-0.001065,-0.069242
A,245724433,7.7213,2.1799,-5.6850
G,245724781,-0.014914,-0.001065,-0.071373
A,245726904,7.7177,2.1943,-5.6743
G,245727270,-0.010653,-0.001065,-0.071373
A,245729375,7.7177,2.2158,-5.6599
G,245729789,-0.009587,-0.003196,-0.070307
A,245731827,7.7249,2.2266,-5.6419
G,245732284,-0.010653,-0.006392,-0.069242
A,245734309,7.7321,2.2374,-5.6240
G,245734781,-0.013848,-0.009587,-0.066046
A,245736780,7.7393,2.2410,-5.6132
G,245737277,-0.014914,-0.012783,-0.062851
TRK,245732,0.03134,0.78980,0.36164,0.49441,0.6778,3.3051,-0.4416,-0.884,0.787,-0.118,2,6
A,245739264,7.7536,2.2482,-5.6024
G,245739775,-0.012783,-0.012783,-0.059655
A,245741735,7.7716,2.2553,-5.6024
G,245742270,-0.008522,-0.012783,-0.056459
A,245744200,7.7859,2.2733,-5.6096
G,245744749,-0.004261,-0.012783,-0.054328
A,245746684,7.7895,2.2841,-5.6168
G,245747246,-0.003196,-0.014914,-0.055394
A,245749155,7.7824,2.3020,-5.6240
G,245749742,-0.001065,-0.015979,-0.055394
A,245751631,7.7644,2.3020,-5.6419
G,245752230,0.000000,-0.018109,-0.052198
A,245754102,7.7464,2.2984,-5.6563
G,245754750,0.003196,-0.017044,-0.043676
A,245756560,7.7393,2.2948,-5.6671
G,245757245,0.005326,-0.015979,-0.037284
A,245759031,7.7357,2.2913,-5.6850
G,245759755,0.006392,-0.013848,-0.031958
A,245761480,7.7428,2.2948,-5.6958
G,245762250,0.004261,-0.014914,-0.026632
TRK,245762,0.02079,0.79500,0.35779,0.48941,0.9515,3.0610,-0.4050,0.000,0.000,0.000,1,7
A,245763970,7.7536,2.2984,-5.6994
G,245764749,0.002131,-0.017044,-0.022371
A,245766441,7.7608,2.3092,-5.6994
G,245767266,0.000000,-0.018109,-0.017044
A,245768900,7.7644,2.3092,-5.7030
G,245769762,0.003196,-0.015979,-0.014914
A,245771371,7.7716,2.3128,-5.7066
G,245772271,0.007457,-0.011718,-0.009587
A,245773824,7.7752,2.3056,-5.7209
G,245774766,0.010653,-0.007457,-0.006392
A,245776307,7.7859,2.3056,-5.7281
G,245777255,0.010653,-0.003196,-0.002131
A,245778778,7.7895,2.3020,-5.7353
TRK,245774,0.01278,0.79881,0.35467,0.48574,0.9515,3.0610,-0.4050,0.000,0.000,0.000,1,7
G,245779774,0.009587,0.000000,0.002131
A,245781242,7.8003,2.2984,-5.7353
G,245782269,0.007457,0.003196,0.008522
A,245783713,7.8039,2.2913,-5.7353
G,245784767,0.006392,0.005326,0.013848
A,245786158,7.8039,2.2841,-5.7317
G,245787263,0.006392,0.008522,0.020240
A,245788627,7.8039,2.2841,-5.7209
G,245789734,0.008522,0.011718,0.024501
A,245791101,7.8075,2.2877,-5.7174
G,245792210,0.011718,0.015979,0.028762
A,245793599,7.8039,2.2913,-5.7138
G,245794710,0.011718,0.019175,0.030893
A,245796070,7.8039,2.2877,-5.7066
TRK,245795,0.00074,0.80432,0.34987,0.48028,0.9515,3.0610,-0.4050,0.000,0.000,0.000,1,7
G,245797229,0.009587,0.023436,0.035154
A,245798537,7.7967,2.2733,-5.6994
G,245799724,0.004261,0.026632,0.037284
A,245801008,7.7931,2.2661,-5.6778
G,245802234,0.001065,0.029827,0.042611
A,245803468,7.7931,2.2482,-5.6599
G,245804730,0.002131,0.033023,0.046872
A,245805958,7.8003,2.2482,-5.6348
G,245807219,0.006392,0.035154,0.051133
A,245808429,7.8039,2.2446,-5.6240
G,245809739,0.010653,0.036219,0.053263
A,245810900,7.8075,2.2482,-5.6168
G,245812234,0.012783,0.038350,0.054328
A,245813371,7.8075,2.2410,-5.6204
G,245814733,0.012783,0.039415,0.056459
A,245815823,7.8039,2.2338,-5.6168
G,245817229,0.010653,0.038350,0.057524
TRK,245812,-0.00684,0.80756,0.34676,0.47703,0.9515,3.0610,-0.4050,0.000,0.000,0.000,1,7
A,245818307,7.7967,2.2158,-5.6096
G,245819708,0.007457,0.037284,0.060720
A,245820778,7.7931,2.2051,-5.6024
G,245822205,0.005326,0.035154,0.062851
A,245823228,7.7859,2.1979,-5.5917
G,245824725,0.006392,0.034088,0.064981
A,245825704,7.7824,2.1871,-5.5845
G,245827220,0.009587,0.033023,0.066046
A,245828197,7.7824,2.1763,-5.5809
G,245829708,0.012783,0.030893,0.064981
A,245830668,7.7824,2.1656,-5.5809
G,245832218,0.013848,0.028762,0.064981
A,245833135,7.7824,2.1404,-5.5809
G,245834713,0.013848,0.025566,0.064981
A,245835606,7.7859,2.1225,-5.5881
TRK,245830,-0.01324,0.81014,0.34407,0.47445,0.9515,3.0610,-0.4050,0.000,0.000,0.000,1,7
G,245837203,0.014914,0.020240,0.066046
A,245838053,7.7824,2.1117,-5.5881
G,245839710,0.015979,0.014914,0.062851
A,245840519,7.7895,2.0973,-5.5917
G,245842205,0.014914,0.009587,0.059655
A,245842990,7.7895,2.0973,-5.5917
G,245844705,0.010653,0.005326,0.053263
A,245845450,7.8003,2.0865,-5.5917
G,245847201,0.008522,0.001065,0.047937
A,245847921,7.8039,2.0830,-5.5917
G,245849688,0.007457,-0.002131,0.043676
A,245850370,7.8039,2.0722,-5.5952
G,245852184,0.010653,-0.003196,0.040480
TRK,245851,-0.01940,0.81263,0.34148,0.47185,0.9515,3.0610,-0.4050,0.000,0.000,0.000,1,7
A,245852857,7.8075,2.0686,-5.5952
G,245854660,0.012783,-0.003196,0.038350
A,245855329,7.8039,2.0722,-5.6060
G,245857171,0.013848,-0.002131,0.034088
A,245857802,7.8075,2.0686,-5.6204
G,245859666,0.013848,-0.004261,0.029827
A,245860296,7.8039,2.0614,-5.6455
G,245862148,0.013848,-0.007457,0.023436
A,245862767,7.8003,2.0506,-5.6707
G,245864658,0.012783,-0.009587,0.017044
A,245865241,7.8003,2.0363,-5.6850
G,245867154,0.011718,-0.008522,0.010653
A,245867736,7.7931,2.0183,-5.6994
G,245869635,0.009587,-0.006392,0.005326
A,245870207,7.7967,2.0111,-5.7030
G,245872146,0.006392,-0.005326,-0.004261
A,245872683,7.7931,2.0075,-5.6994
G,245874642,0.003196,-0.003196,-0.010653
A,245875154,7.7967,2.0111,-5.6958
TRK,245870,-0.02458,0.81471,0.33929,0.46960,0.9515,3.0610,-0.4050,0.000,0.000,0.000,1,7
G,245877133,-0.001065,-0.002131,-0.018109
A,245877610,7.8039,2.0219,-5.6922
G,245879628,-0.005326,-0.002131,-0.022371
A,245880098,7.8111,2.0363,-5.6886
G,245882100,-0.008522,-0.004261,-0.025566
A,245882569,7.8183,2.0399,-5.6886
G,245884602,-0.008522,-0.007457,-0.030893
A,245885038,7.8147,2.0435,-5.6850
G,245887098,-0.009587,-0.010653,-0.038350
A,245887509,7.8075,2.0435,-5.6850
G,245889600,-0.010653,-0.010653,-0.046872
A,245889978,7.8003,2.0435,-5.6850
G,245892095,-0.010653,-0.009587,-0.053263
A,245892449,7.7931,2.0542,-5.6814
G,245894577,-0.010653,-0.008522,-0.059655
A,245894900,7.7967,2.0686,-5.6743
TRK,245894,-0.02978,0.81675,0.33707,0.46735,0.9515,3.0610,-0.4050,0.000,0.000,0.000,1,7
G,245897078,-0.011718,-0.009587,-0.067112
A,245897370,7.7967,2.0901,-5.6671
G,245899573,-0.013848,-0.010653,-0.071373
A,245899862,7.8003,2.1045,-5.6599
G,245902046,-0.015979,-0.009587,-0.072438
A,245902333,7.8039,2.1261,-5.6527
G,245904536,-0.015979,-0.009587,-0.071373
A,245904793,7.8003,2.1404,-5.6491
G,245907050,-0.014914,-0.009587,-0.070307
A,245907277,7.7967,2.1512,-5.6491
G,245909545,-0.013848,-0.010653,-0.069242
A,245909748,7.7859,2.1584,-5.6563
G,245912026,-0.013848,-0.011718,-0.069242
A,245912201,7.7824,2.1691,-5.6671
TRK,245912,-0.03274,0.81791,0.33581,0.46603,0.9515,3.0610,-0.4050,0.000,0.000,0.000,1,7
G,245914530,-0.013848,-0.012783,-0.070307
A,245914677,7.7752,2.1835,-5.6707
G,245917025,-0.012783,-0.014914,-0.074569
A,245917148,7.7680,2.2087,-5.6707
G,245919509,-0.010653,-0.015979,-0.074569
A,245919604,7.7608,2.2230,-5.6527
G,245922009,-0.010653,-0.018109,-0.072438
A,245922079,7.7536,2.2374,-5.6383
G,245924505,-0.009587,-0.019175,-0.067112
A,245924550,7.7536,2.2446,-5.6240
G,245926979,-0.008522,-0.019175,-0.064981
A,245926999,7.7608,2.2517,-5.6096
A,245929465,7.7644,2.2661,-5.6096
G,245929470,-0.006392,-0.020240,-0.062851
A,245931937,7.7716,2.2769,-5.6132
G,245931966,-0.004261,-0.020240,-0.060720
A,245934397,7.7644,2.2877,-5.6204
G,245934451,-0.002131,-0.020240,-0.056459
TRK,245935,-0.03589,0.81921,0.33448,0.46446,0.9515,3.0610,-0.4050,0.000,0.000,0.000,1,7
A,245936889,7.7644,2.3020,-5.6240
G,245936966,-0.003196,-0.018109,-0.051133
A,245939360,7.7536,2.3164,-5.6276
G,245939461,-0.003196,-0.018109,-0.047937
A,245941810,7.7500,2.3272,-5.6276
G,245941934,-0.002131,-0.017044,-0.045806
A,245944294,7.7536,2.3343,-5.6312
G,245944439,-0.001065,-0.014914,-0.040480
A,245946765,7.7608,2.3343,-5.6383
G,245946935,0.000000,-0.012783,-0.035154
A,245949218,7.7752,2.3308,-5.6491
G,245949409,-0.001065,-0.011718,-0.029827
A,245951714,7.7788,2.3200,-5.6671
G,245951925,-0.001065,-0.011718,-0.024501
A,245954185,7.7824,2.3092,-5.6743
G,245954420,0.000000,-0.013848,-0.018109
A,245956650,7.7788,2.3020,-5.6814
G,245956905,0.001065,-0.013848,-0.012783
TRK,245953,-0.03809,0.82014,0.33357,0.46331,0.9515,3.0610,-0.4050,0.000,0.000,0.000,1,7
A,245959136,7.7788,2.2984,-5.6886
G,245959411,0.002131,-0.011718,-0.007457
A,245961607,7.7752,2.3020,-5.6814
G,245961906,0.004261,-0.008522,-0.004261
A,245964069,7.7716,2.3020,-5.6886
G,245964386,0.006392,-0.004261,0.000000
A,245966554,7.7680,2.2948,-5.6886
G,245966889,0.007457,-0.001065,0.002131
A,245969025,7.7644,2.2877,-5.6958
G,245969385,0.007457,-0.001065,0.003196
A,245971484,7.7680,2.2769,-5.6958
G,245971861,0.007457,-0.001065,0.005326
TRK,245971,-0.03960,0.82077,0.33294,0.46252,0.9515,3.0610,-0.4050,0.000,0.000,0.000,1,7
A,245973961,7.7608,2.2697,-5.7030
G,245974355,0.006392,-0.001065,0.010653
A,245976432,7.7644,2.2661,-5.7174
G,245976850,0.006392,0.002131,0.017044
A,245978899,7.7644,2.2697,-5.7209
G,245979333,0.005326,0.006392,0.022371
A,245981370,7.7644,2.2769,-5.7317
G,245981850,0.004261,0.010653,0.023436
A,245983823,7.7644,2.2805,-5.7245
G,245984346,0.004261,0.013848,0.026632
A,245986306,7.7644,2.2769,-5.7138
G,245986843,0.005326,0.014914,0.029827
A,245988777,7.7572,2.2661,-5.7030
G,245989339,0.005326,0.018109,0.033023
A,245991241,7.7572,2.2517,-5.6886
G,245991816,0.005326,0.020240,0.035154
A,245993736,7.7572,2.2374,-5.6850
G,245994323,0.004261,0.021305,0.036219
A,245996207,7.7644,2.2338,-5.6814
G,245996819,0.004261,0.021305,0.036219
TRK,245995,-0.04110,0.82134,0.33229,0.46183,0.9515,3.0610,-0.4050,0.000,0.000,0.000,1,7
A,245998671,7.7644,2.2338,-5.6850
G,245999295,0.006392,0.019175,0.038350
A,246001142,7.7716,2.2338,-5.6886
G,246001813,0.008522,0.017044,0.040480
A,246003598,7.7716,2.2374,-5.6922
G,246004308,0.010653,0.015979,0.044741
A,246006086,7.7788,2.2266,-5.6886
G,246006806,0.008522,0.018109,0.044741
A,246008557,7.7752,2.2087,-5.6814
G,246009302,0.006392,0.022371,0.041545
A,246011026,7.7788,2.1943,-5.6707
G,246011779,0.005326,0.025566,0.037284
A,246013525,7.7716,2.1727,-5.6599
G,246014288,0.005326,0.026632,0.039415
A,246015996,7.7716,2.1691,-5.6455
G,246016783,0.007457,0.024501,0.043676
A,246018463,7.7680,2.1584,-5.6348
G,246019259,0.008522,0.024501,0.046872
TRK,246015,-0.04191,0.82167,0.33194,0.46143,0.9515,3.0610,-0.4050,0.000,0.000,0.000,1,7
A,246020953,7.7680,2.1548,-5.6276
G,246021758,0.010653,0.025566,0.047937
A,246023425,7.7716,2.1512,-5.6168
G,246024254,0.011718,0.026632,0.047937
A,246025890,7.7788,2.1512,-5.6168
G,246026727,0.011718,0.026632,0.044741
A,246028379,7.7788,2.1512,-5.6204
G,246029224,0.009587,0.023436,0.040480
A,246030851,7.7788,2.1512,-5.6204
G,246031743,0.007457,0.019175,0.037284
A,246033313,7.7716,2.1476,-5.6204
G,246034239,0.006392,0.015979,0.031958
TRK,246030,-0.04249,0.82188,0.33169,0.46118,0.9515,3.0610,-0.4050,0.000,0.000,0.000,1,7
A,246035806,7.7716,2.1404,-5.6204
G,246036738,0.007457,0.014914,0.029827
A,246038278,7.7680,2.1332,-5.6168
G,246039234,0.008522,0.013848,0.029827
A,246040759,7.7716,2.1189,-5.6240
G,246041720,0.009587,0.014914,0.029827
A,246043230,7.7752,2.1045,-5.6240
G,246044229,0.008522,0.014914,0.026632
A,246045685,7.7824,2.0901,-5.6312
G,246046725,0.006392,0.011718,0.021305
A,246048171,7.7895,2.0830,-5.6276
G,246049214,0.005326,0.006392,0.018109
A,246050642,7.7967,2.0758,-5.6312
G,246051734,0.004261,0.000000,0.015979
A,246053109,7.7967,2.0794,-5.6383
G,246054230,0.003196,-0.003196,0.010653
TRK,246054,-0.04329,0.82223,0.33136,0.46072,0.9515,3.0610,-0.4050,0.000,0.000,0.000,1,7
A,246055598,7.8003,2.0830,-5.6455
G,246056721,0.003196,-0.002131,0.004261
A,246058070,7.7931,2.0830,-5.6599
G,246059217,0.004261,-0.001065,0.000000
A,246060548,7.7967,2.0865,-5.6635
G,246061697,0.006392,-0.001065,-0.001065
A,246063019,7.7967,2.0830,-5.6599
G,246064192,0.005326,-0.001065,-0.001065
A,246065498,7.8039,2.0901,-5.6527
G,246066672,0.004261,-0.001065,-0.002131
A,246067970,7.7967,2.0901,-5.6419
G,246069177,0.003196,-0.001065,-0.006392
A,246070424,7.7931,2.0937,-5.6383
G,246071673,0.003196,-0.001065,-0.013848
A,246072915,7.7859,2.0973,-5.6455
G,246074164,0.004261,-0.002131,-0.020240
A,246075387,7.7859,2.1009,-5.6527
TRK,246075,-0.04416,0.82259,0.33100,0.46026,0.9515,3.0610,-0.4050,0.000,0.000,0.000,1,7
G,246076684,0.005326,-0.002131,-0.023436
A,246077859,7.7859,2.1045,-5.6563
G,246079180,0.004261,-0.002131,-0.024501
A,246080330,7.7967,2.1009,-5.6563
G,246081680,-0.002131,-0.002131,-0.023436
A,246082782,7.8039,2.1045,-5.6527
G,246084176,-0.007457,-0.002131,-0.024501
A,246085274,7.8075,2.1009,-5.6491
G,246086663,-0.008522,-0.004261,-0.027697
A,246087745,7.8075,2.1045,-5.6491
G,246089174,-0.006392,-0.005326,-0.034088
A,246090210,7.7931,2.1081,-5.6527
G,246091670,-0.003196,-0.004261,-0.039415
A,246092681,7.7859,2.1189,-5.6563
G,246094160,-0.002131,-0.001065,-0.042611
A,246095127,7.7752,2.1261,-5.6563
TRK,246095,-0.04487,0.82284,0.33068,0.45997,0.9515,3.0610,-0.4050,0.000,0.000,0.000,1,7
G,246096681,-0.004261,0.001065,-0.042611
A,246097604,7.7752,2.1368,-5.6563
G,246099177,-0.006392,0.001065,-0.041545
A,246100087,7.7859,2.1440,-5.6527
G,246101653,-0.008522,0.000000,-0.041545
A,246102558,7.7931,2.1476,-5.6419
G,246104164,-0.009587,-0.001065,-0.040480
A,246105027,7.8039,2.1512,-5.6240
G,246106659,-0.008522,0.000000,-0.040480
A,246107498,7.8075,2.1620,-5.6060
G,246109170,-0.006392,0.002131,-0.037284
A,246109968,7.8075,2.1763,-5.5917
G,246111666,-0.005326,0.003196,-0.035154
A,246112439,7.8075,2.1943,-5.5809
G,246114156,-0.005326,0.003196,-0.035154
A,246114890,7.8075,2.2051,-5.5809
TRK,246114,-0.04555,0.82301,0.33036,0.45982,0.9515,3.0610,-0.4050,0.000,0.000,0.000,1,7
G,246116667,-0.006392,0.002131,-0.036219
A,246117362,7.8039,2.2122,-5.5881
G,246119163,-0.006392,0.000000,-0.036219
A,246119854,7.7967,2.2122,-5.5988
G,246121644,-0.006392,-0.002131,-0.036219
A,246122325,7.7895,2.2122,-5.6096
G,246124155,-0.005326,-0.005326,-0.035154
A,246124798,7.7824,2.2194,-5.6132
G,246126650,-0.003196,-0.006392,-0.030893
A,246127270,7.7788,2.2302,-5.6132
G,246129161,-0.001065,-0.006392,-0.025566
A,246129744,7.7788,2.2374,-5.6132
G,246131657,0.000000,-0.006392,-0.021305
A,246132215,7.7824,2.2446,-5.6132
G,246134148,0.000000,-0.007457,-0.021305
A,246134670,7.7824,2.2446,-5.6132
TRK,246134,-0.04614,0.82314,0.33008,0.45974,0.9515,3.0610,-0.4050,0.000,0.000,0.000,1,7
G,246136659,0.000000,-0.007457,-0.021305
A,246137147,7.7824,2.2410,-5.6132
G,246139154,0.002131,-0.007457,-0.019175
A,246139618,7.7824,2.2374,-5.6168
G,246141635,0.005326,-0.007457,-0.013848
A,246142065,7.7859,2.2374,-5.6276
G,246144147,0.008522,-0.007457,-0.008522
A,246144544,7.7859,2.2410,-5.6419
G,246146642,0.009587,-0.008522,-0.004261
A,246147015,7.7824,2.2446,-5.6599
G,246149126,0.008522,-0.008522,-0.002131
A,246149466,7.7788,2.2446,-5.6743
G,246151621,0.007457,-0.010653,-0.001065
A,246151957,7.7680,2.2410,-5.6850
G,246154093,0.006392,-0.013848,-0.001065
A,246154428,7.7608,2.2338,-5.6958
TRK,246154,-0.04662,0.82326,0.32986,0.45964,0.9515,3.0610,-0.4050,0.000,0.000,0.000,1,7
G,246156595,0.005326,-0.015979,0.001065
A,246156899,7.7608,2.2230,-5.7066
G,246159114,0.004261,-0.017044,0.001065
A,246159387,7.7680,2.2194,-5.7209
G,246161609,0.003196,-0.015979,0.000000
A,246161858,7.7752,2.2194,-5.7317
G,246164101,0.001065,-0.013848,-0.001065
A,246164321,7.7824,2.2194,-5.7389
G,246166612,0.000000,-0.012783,-0.004261
A,246166803,7.7895,2.2230,-5.7425
G,246169108,0.001065,-0.009587,-0.004261
A,246169274,7.7859,2.2158,-5.7353
G,246171610,0.005326,-0.006392,-0.001065
A,246171749,7.7824,2.2122,-5.7281
G,246174105,0.008522,-0.002131,0.003196
A,246174220,7.7752,2.1979,-5.7281
TRK,246169,-0.04677,0.82333,0.32979,0.45953,0.9515,3.0610,-0.4050,0.000,0.000,0.000,1,7
G,246176587,0.010653,0.001065,0.004261
A,246176675,7.7644,2.1943,-5.7281
G,246179100,0.005326,0.004261,0.001065
A,246179162,7.7536,2.1907,-5.7353
G,246181596,0.000000,0.007457,-0.001065
A,246181633,7.7464,2.1943,-5.7317
G,246184088,-0.005326,0.007457,0.000000
A,246184100,7.7428,2.1979,-5.7353
A,246186587,7.7428,2.1979,-5.7281
G,246186599,-0.007457,0.008522,0.000000
A,246189058,7.7428,2.2015,-5.7245
G,246189094,-0.008522,0.010653,-0.001065
A,246191516,7.7464,2.2015,-5.7245
G,246191577,-0.006392,0.014914,-0.001065
A,246193988,7.7500,2.2051,-5.7245
G,246194072,-0.003196,0.020240,-0.001065
TRK,246188,-0.04682,0.82337,0.32978,0.45948,0.9515,3.0610,-0.4050,0.000,0.000,0.000,1,7
A,246196447,7.7608,2.2122,-5.7245
G,246196555,-0.001065,0.022371,0.001065
A,246198938,7.7716,2.2158,-5.7209
G,246199068,-0.003196,0.022371,0.002131
A,246201409,7.7788,2.2230,-5.7030
G,246201563,-0.006392,0.020240,0.004261
A,246203881,7.7788,2.2266,-5.6850
G,246204056,-0.007457,0.020240,0.004261
A,246206371,7.7788,2.2266,-5.6599
G,246206568,-0.005326,0.020240,0.006392
A,246208843,7.7752,2.2230,-5.6419
G,246209063,-0.003196,0.020240,0.005326
A,246211305,7.7788,2.2194,-5.6276
G,246211546,-0.002131,0.018109,0.006392
A,246213777,7.7752,2.2230,-5.6240
G,246214041,-0.003196,0.014914,0.004261
TRK,246208,-0.04672,0.82335,0.32983,0.45948,0.9515,3.0610,-0.4050,0.000,0.000,0.000,1,7
A,246216241,7.7716,2.2158,-5.6240
G,246216525,-0.002131,0.013848,0.005326
A,246218712,7.7680,2.2158,-5.6240
G,246219038,-0.001065,0.012783,0.005326
A,246221158,7.7644,2.2087,-5.6168
G,246221534,0.000000,0.013848,0.006392
A,246223634,7.7680,2.2087,-5.6060
G,246224027,0.001065,0.013848,0.007457
A,246226127,7.7716,2.2051,-5.5988
G,246226537,0.004261,0.012783,0.009587
A,246228599,7.7752,2.2122,-5.5988
G,246229033,0.007457,0.011718,0.011718
A,246231066,7.7859,2.2158,-5.6024
G,246231516,0.009587,0.009587,0.014914
A,246233538,7.7967,2.2122,-5.6132
G,246234012,0.011718,0.007457,0.017044
TRK,246228,-0.04661,0.82340,0.32990,0.45935,0.9515,3.0610,-0.4050,0.000,0.000,0.000,1,7
A,246236006,7.8003,2.2051,-5.6168
G,246236495,0.011718,0.002131,0.017044
A,246238478,7.8111,2.1943,-5.6276
G,246239010,0.009587,-0.002131,0.015979
A,246240928,7.8075,2.1871,-5.6276
G,246241505,0.007457,-0.004261,0.014914
A,246243409,7.8039,2.1763,-5.6348
G,246243999,0.006392,-0.004261,0.015979
A,246245880,7.7931,2.1799,-5.6312
G,246246510,0.006392,-0.004261,0.013848
A,246248329,7.7895,2.1763,-5.6348
G,246249005,0.006392,-0.005326,0.010653
TRK,246248,-0.04662,0.82353,0.32993,0.45911,0.9515,3.0610,-0.4050,0.000,0.000,0.000,1,7
A,246250802,7.7788,2.1799,-5.6312
G,246251489,0.008522,-0.004261,0.007457
A,246253273,7.7859,2.1763,-5.6383
G,246253985,0.010653,-0.001065,0.008522
A,246255747,7.7895,2.1656,-5.6527
G,246256469,0.012783,0.003196,0.010653
A,246258218,7.8003,2.1512,-5.6599
G,246258984,0.012783,0.005326,0.014914
A,246260674,7.8075,2.1368,-5.6743
G,246261479,0.009587,0.006392,0.014914
A,246263153,7.8075,2.1296,-5.6743
G,246263967,0.004261,0.006392,0.012783
A,246265624,7.8039,2.1332,-5.6707
G,246266462,0.001065,0.006392,0.010653
A,246268091,7.7931,2.1404,-5.6599
G,246268937,-0.001065,0.007457,0.009587
A,246270589,7.7859,2.1476,-5.6563
G,246271442,-0.001065,0.010653,0.010653
A,246273060,7.7895,2.1548,-5.6455
G,246273938,-0.001065,0.013848,0.008522
TRK,246272,-0.04676,0.82360,0.32987,0.45900,0.9515,3.0610,-0.4050,0.000,0.000,0.000,1,7
A,246275529,7.7859,2.1548,-5.6419
G,246276413,0.000000,0.015979,0.006392
A,246278000,7.7895,2.1620,-5.6419
G,246278929,-0.001065,0.017044,0.002131
A,246280460,7.7859,2.1656,-5.6419
G,246281425,-0.002131,0.017044,0.000000
A,246282950,7.7859,2.1656,-5.6419
G,246283920,-0.005326,0.018109,-0.001065
A,246285421,7.7859,2.1656,-5.6276
G,246286416,-0.007457,0.019175,0.001065
A,246287893,7.7967,2.1584,-5.6060
G,246288892,-0.007457,0.021305,0.004261
A,246290364,7.8075,2.1620,-5.5845
G,246291398,-0.004261,0.022371,0.006392
A,246292816,7.8183,2.1620,-5.5737
G,246293893,0.001065,0.021305,0.008522
A,246295286,7.8219,2.1584,-5.5737
G,246296366,0.005326,0.019175,0.008522
TRK,246296,-0.04695,0.82351,0.32975,0.45922,0.9515,3.0610,-0.4050,0.000,0.000,0.000,1,7
A,246297780,7.8147,2.1656,-5.5809
G,246298863,0.005326,0.015979,0.007457
A,246300251,7.8075,2.1656,-5.5845
G,246301365,0.004261,0.013848,0.006392
A,246302701,7.8003,2.1727,-5.5845
G,246303860,0.000000,0.012783,0.004261
A,246305186,7.7931,2.1763,-5.5845
G,246306347,-0.003196,0.011718,0.003196
A,246307658,7.7931,2.1799,-5.5737
G,246308852,-0.005326,0.009587,0.002131
A,246310112,7.7931,2.1835,-5.5701
G,246311347,-0.003196,0.005326,0.002131
A,246312589,7.7895,2.1799,-5.5701
G,246313824,0.002131,0.001065,-0.001065
A,246315060,7.7895,2.1656,-5.5773
G,246316322,0.009587,-0.003196,-0.004261
A,246317509,7.7895,2.1620,-5.5952
TRK,246313,-0.04721,0.82342,0.32958,0.45948,0.9515,3.0610,-0.4050,0.000,0.000,0.000,1,7
G,246318839,0.014914,-0.006392,-0.006392
A,246319978,7.7931,2.1512,-5.6168
G,246321335,0.014914,-0.008522,-0.004261
A,246322470,7.7931,2.1512,-5.6312
G,246323824,0.010653,-0.011718,-0.001065
A,246324942,7.8003,2.1512,-5.6348
G,246326320,0.006392,-0.013848,0.002131
A,246327422,7.8003,2.1548,-5.6348
G,246328797,0.003196,-0.015979,0.001065
A,246329894,7.8003,2.1476,-5.6312
G,246331306,0.005326,-0.018109,-0.003196
A,246332355,7.7931,2.1440,-5.6455
G,246333801,0.008522,-0.021305,-0.010653
TRK,246329,-0.04739,0.82342,0.32949,0.45953,0.9515,3.0610,-0.4050,0.000,0.000,0.000,1,7
A,246334848,7.7859,2.1404,-5.6671
G,246336289,0.010653,-0.023436,-0.018109
A,246337319,7.7788,2.1368,-5.6958
G,246338807,0.008522,-0.023436,-0.022371
A,246339792,7.7680,2.1440,-5.7245
G,246341303,0.005326,-0.022371,-0.025566
A,246342264,7.7644,2.1512,-5.7425
G,246343801,0.002131,-0.020240,-0.025566
A,246344718,7.7644,2.1548,-5.7389
G,246346316,-0.001065,-0.018109,-0.027697
A,246347190,7.7644,2.1548,-5.7389
G,246348811,-0.003196,-0.015979,-0.029827
A,246349686,7.7716,2.1476,-5.7317
G,246351299,-0.002131,-0.013848,-0.030893
A,246352157,7.7752,2.1476,-5.7353
G,246353817,0.000000,-0.012783,-0.030893
A,246354633,7.7788,2.1548,-5.7425
G,246356312,0.000000,-0.010653,-0.029827
A,246357105,7.7716,2.1691,-5.7533
TRK,246352,-0.04749,0.82349,0.32945,0.45943,0.9515,3.0610,-0.4050,0.000,0.000,0.000,1,7
G,246358810,-0.002131,-0.009587,-0.031958
A,246359562,7.7644,2.1799,-5.7676
G,246361328,-0.008522,-0.008522,-0.034088
A,246362040,7.7536,2.1907,-5.7712
G,246363823,-0.011718,-0.006392,-0.035154
A,246364526,7.7572,2.2051,-5.7569
G,246366298,-0.013848,-0.001065,-0.034088
A,246366997,7.7572,2.2122,-5.7425
G,246368796,-0.013848,0.003196,-0.035154
A,246369457,7.7608,2.2266,-5.7209
G,246371291,-0.011718,0.007457,-0.036219
A,246371947,7.7572,2.2302,-5.7102
G,246373769,-0.009587,0.008522,-0.035154
A,246374418,7.7536,2.2338,-5.7066
TRK,246374,-0.04742,0.82351,0.32950,0.45936,0.9515,3.0610,-0.4050,0.000,0.000,0.000,1,7
G,246376278,-0.006392,0.007457,-0.034088
A,246376890,7.7428,2.2410,-5.6958
G,246378774,-0.005326,0.005326,-0.033023
A,246379361,7.7393,2.2517,-5.6886
G,246381262,-0.006392,0.003196,-0.035154
A,246381813,7.7428,2.2589,-5.6707
G,246383757,-0.008522,0.002131,-0.036219
A,246384304,7.7464,2.2697,-5.6527
G,246386234,-0.011718,0.005326,-0.034088
A,246386775,7.7572,2.2733,-5.6348
G,246388733,-0.011718,0.009587,-0.030893
A,246389239,7.7716,2.2769,-5.6168
G,246391229,-0.010653,0.011718,-0.028762
A,246391710,7.7788,2.2769,-5.6024
G,246393708,-0.006392,0.010653,-0.028762
A,246394156,7.7895,2.2733,-5.5952
TRK,246394,-0.04722,0.82351,0.32960,0.45931,0.9515,3.0610,-0.4050,0.000,0.000,0.000,1,7
G,246396218,-0.002131,0.010653,-0.027697
A,246396632,7.7895,2.2733,-5.5988
G,246398733,0.000000,0.008522,-0.023436
A,246399115,7.7931,2.2769,-5.6060
G,246401229,0.000000,0.005326,-0.018109
A,246401586,7.7931,2.2805,-5.6168
G,246403729,-0.001065,0.002131,-0.013848
A,246404054,7.7967,2.2841,-5.6204
G,246406224,-0.001065,-0.001065,-0.009587
A,246406526,7.7967,2.2841,-5.6168
G,246408724,0.000000,-0.003196,-0.007457
A,246408995,7.7931,2.2841,-5.6060
G,246411219,0.003196,-0.004261,-0.004261
A,246411466,7.8003,2.2733,-5.6060
G,246413699,0.008522,-0.003196,-0.001065
A,246413916,7.7967,2.2625,-5.6132
G,246416198,0.011718,-0.002131,0.003196
A,246416386,7.8003,2.2553,-5.6276
TRK,246413,-0.04703,0.82355,0.32971,0.45918,0.9515,3.0610,-0.4050,0.000,0.000,0.000,1,7
G,246418718,0.014914,0.000000,0.009587
A,246418878,7.7931,2.2517,-5.6419
G,246421213,0.012783,0.001065,0.014914
A,246421350,7.7859,2.2446,-5.6491
G,246423702,0.010653,0.001065,0.019175
A,246423811,7.7788,2.2446,-5.6527
G,246426219,0.008522,0.002131,0.020240
A,246426301,7.7752,2.2410,-5.6527
G,246428714,0.007457,0.002131,0.021305
A,246428772,7.7752,2.2410,-5.6527
G,246431224,0.007457,0.000000,0.022371
A,246431257,7.7824,2.2374,-5.6599
G,246433719,0.009587,-0.002131,0.026632
A,246433728,7.7752,2.2338,-5.6743
TRK,246429,-0.04698,0.82360,0.32976,0.45905,0.9515,3.0610,-0.4050,0.000,0.000,0.000,1,7
A,246436193,7.7824,2.2338,-5.6886
G,246436209,0.010653,-0.002131,0.027697
A,246438664,7.7752,2.2338,-5.7030
G,246438705,0.010653,0.001065,0.028762
A,246441111,7.7752,2.2338,-5.7102
G,246441175,0.009587,0.004261,0.027697
A,246443588,7.7716,2.2230,-5.7138
G,246443675,0.008522,0.008522,0.027697
A,246446059,7.7716,2.2158,-5.7066
G,246446171,0.007457,0.011718,0.026632
A,246448518,7.7752,2.2051,-5.6958
G,246448651,0.007457,0.013848,0.026632
A,246450989,7.7859,2.2015,-5.6850
G,246451147,0.007457,0.014914,0.028762
A,246453449,7.7967,2.1979,-5.6599
G,246453628,0.007457,0.015979,0.031958
TRK,246454,-0.04685,0.82362,0.32983,0.45899,0.9515,3.0610,-0.4050,0.000,0.000,0.000,1,7
A,246455939,7.7967,2.1943,-5.6491
G,246456140,0.007457,0.019175,0.033023
A,246458411,7.8003,2.1835,-5.6383
G,246458635,0.007457,0.023436,0.033023
A,246460882,7.7967,2.1799,-5.6348
G,246461127,0.005326,0.023436,0.031958
A,246463353,7.7931,2.1727,-5.6348
G,246463622,0.002131,0.022371,0.029827
A,246465806,7.7895,2.1620,-5.6276
G,246466094,0.000000,0.020240,0.028762
A,246468279,7.7859,2.1548,-5.6204
G,246468585,0.000000,0.021305,0.029827
A,246470750,7.7788,2.1404,-5.6168
G,246471081,0.001065,0.021305,0.031958
A,246473215,7.7716,2.1225,-5.6168
G,246473563,0.003196,0.022371,0.031958
TRK,246474,-0.04679,0.82350,0.32983,0.45921,0.9515,3.0610,-0.4050,0.000,0.000,0.000,1,7
A,246475710,7.7716,2.1117,-5.6168
G,246476076,0.004261,0.022371,0.030893
A,246478181,7.7680,2.1045,-5.6204
G,246478594,0.006392,0.022371,0.028762
A,246480633,7.7716,2.1081,-5.6096
G,246481090,0.006392,0.021305,0.027697
A,246483120,7.7716,2.1189,-5.6096
G,246483592,0.004261,0.018109,0.026632
A,246485591,7.7680,2.1332,-5.6024
G,246486088,0.002131,0.015979,0.022371
A,246488047,7.7680,2.1440,-5.6060
G,246488558,0.003196,0.011718,0.017044
A,246490525,7.7680,2.1404,-5.6096
G,246491050,0.007457,0.009587,0.011718
A,246492997,7.7752,2.1332,-5.6132
G,246493561,0.011718,0.006392,0.009587
A,246495444,7.7788,2.1189,-5.6204
G,246496057,0.014914,0.004261,0.007457
TRK,246491,-0.04689,0.82340,0.32975,0.45943,0.9515,3.0610,-0.4050,0.000,0.000,0.000,1,7
A,246497915,7.7824,2.1153,-5.6204
G,246498540,0.014914,-0.001065,0.005326
A,246500386,7.7824,2.1117,-5.6168
G,246501049,0.011718,-0.004261,0.002131
A,246502834,7.7859,2.1117,-5.6168
G,246503544,0.007457,-0.005326,0.002131
A,246505317,7.7824,2.1189,-5.6168
G,246506037,0.005326,-0.004261,0.004261
A,246507788,7.7859,2.1153,-5.6168
G,246508533,0.007457,-0.001065,0.007457
A,246510252,7.7824,2.1189,-5.6312
G,246511006,0.008522,-0.003196,0.006392
A,246512746,7.7895,2.1153,-5.6383
G,246513510,0.007457,-0.006392,0.001065
A,246515217,7.7895,2.1081,-5.6563
G,246516006,0.004261,-0.010653,-0.008522
A,246517680,7.7859,2.1081,-5.6814
G,246518477,0.002131,-0.011718,-0.015979
TRK,246514,-0.04705,0.82345,0.32968,0.45937,0.9515,3.0610,-0.4050,0.000,0.000,0.000,1,7
A,246520166,7.7859,2.1081,-5.6994
G,246520971,0.001065,-0.013848,-0.021305
A,246522637,7.7824,2.1153,-5.7174
G,246523490,0.001065,-0.013848,-0.024501
A,246525099,7.7788,2.1261,-5.7245
G,246525986,0.002131,-0.013848,-0.025566
A,246527584,7.7788,2.1368,-5.7209
G,246528477,0.002131,-0.010653,-0.025566
A,246530055,7.7752,2.1476,-5.7138
G,246530992,0.002131,-0.007457,-0.025566
A,246532513,7.7752,2.1440,-5.7066
G,246533487,0.001065,-0.004261,-0.028762
TRK,246529,-0.04719,0.82353,0.32963,0.45926,0.9515,3.0610,-0.4050,0.000,0.000,0.000,1,7
A,246535003,7.7752,2.1440,-5.7030
G,246535982,-0.001065,-0.001065,-0.030893
A,246537474,7.7788,2.1404,-5.6922
G,246538494,-0.004261,-0.001065,-0.031958
A,246539932,7.7752,2.1440,-5.6886
G,246540989,-0.006392,-0.002131,-0.034088
A,246542413,7.7752,2.1512,-5.6850
G,246543474,-0.006392,-0.003196,-0.035154
A,246544884,7.7680,2.1727,-5.6886
G,246545976,-0.005326,-0.003196,-0.036219
A,246547333,7.7608,2.1907,-5.6958
G,246548471,-0.005326,0.000000,-0.036219
A,246549806,7.7572,2.2015,-5.6958
G,246550946,-0.008522,0.000000,-0.039415
A,246552277,7.7608,2.2122,-5.6886
G,246553451,-0.010653,-0.001065,-0.040480
A,246554731,7.7608,2.2122,-5.6707
G,246555946,-0.011718,-0.003196,-0.040480
TRK,246551,-0.04734,0.82361,0.32957,0.45913,0.9515,3.0610,-0.4050,0.000,0.000,0.000,1,7
A,246557216,7.7644,2.2087,-5.6455
G,246558431,-0.010653,-0.004261,-0.040480
A,246559688,7.7608,2.2122,-5.6312
G,246560949,-0.011718,-0.004261,-0.041545
A,246562156,7.7644,2.2194,-5.6204
G,246563444,-0.008522,-0.004261,-0.042611
A,246564652,7.7644,2.2374,-5.6168
G,246565939,-0.008522,-0.005326,-0.039415
A,246567123,7.7680,2.2517,-5.6240
G,246568456,-0.007457,-0.005326,-0.035154
A,246569591,7.7752,2.2625,-5.6276
G,246570951,-0.008522,-0.003196,-0.033023
TRK,246570,-0.04728,0.82365,0.32961,0.45904,0.9515,3.0610,-0.4050,0.000,0.000,0.000,1,7
A,246572079,7.7824,2.2697,-5.6276
G,246573436,-0.007457,0.000000,-0.030893
A,246574550,7.7931,2.2697,-5.6240
G,246575951,-0.004261,0.000000,-0.027697
A,246577019,7.8003,2.2697,-5.6204
G,246578447,0.002131,-0.003196,-0.022371
A,246579490,7.8039,2.2733,-5.6168
G,246580942,0.008522,-0.006392,-0.019175
A,246581940,7.8003,2.2805,-5.6240
G,246583438,0.012783,-0.008522,-0.018109
A,246584411,7.7895,2.2841,-5.6312
G,246585933,0.012783,-0.010653,-0.017044
A,246586863,7.7859,2.2841,-5.6419
G,246588428,0.008522,-0.011718,-0.015979
A,246589345,7.7788,2.2733,-5.6563
G,246590904,0.003196,-0.010653,-0.013848
A,246591816,7.7788,2.2589,-5.6635
TRK,246591,-0.04733,0.82371,0.32960,0.45893,0.9515,3.0610,-0.4050,0.000,0.000,0.000,1,7
G,246593410,-0.001065,-0.006392,-0.011718
A,246594279,7.7752,2.2517,-5.6707
G,246595905,0.000000,-0.001065,-0.008522
A,246596751,7.7752,2.2517,-5.6778
G,246598391,0.003196,-0.001065,-0.005326
A,246599195,7.7788,2.2553,-5.6850
G,246600907,0.007457,-0.002131,-0.001065
A,246601671,7.7752,2.2661,-5.6994
G,246603403,0.011718,-0.004261,0.000000
A,246604142,7.7788,2.2769,-5.7066
G,246605891,0.011718,-0.002131,0.002131
A,246606591,7.7788,2.2769,-5.7245
G,246608386,0.009587,-0.001065,0.004261
A,246609079,7.7788,2.2769,-5.7281
G,246610863,0.005326,0.001065,0.007457
A,246611550,7.7788,2.2733,-5.7245
TRK,246611,-0.04723,0.82374,0.32966,0.45885,0.9515,3.0610,-0.4050,0.000,0.000,0.000,1,7
STAT,404.5,401.0,0,0,13950,0.0717,3.129,0.4747,0.8360,1.7463,9.8637,0.64,1.217
G,246613369,0.002131,0.002131,0.011718
A,246614019,7.7752,2.2589,-5.7138
G,246615865,0.003196,0.003196,0.015979
A,246616490,7.7680,2.2482,-5.6958
G,246618352,0.006392,0.003196,0.019175
A,246618940,7.7572,2.2410,-5.6814
G,246620867,0.009587,0.003196,0.020240
A,246621419,7.7393,2.2410,-5.6814
G,246623363,0.010653,0.003196,0.017044
A,246623890,7.7141,2.2338,-5.6958
G,246625860,0.008522,0.003196,0.015979
A,246626352,7.6818,2.2302,-5.7174
G,246628355,0.004261,0.006392,0.014914
A,246628823,7.6710,2.2266,-5.7353
G,246630852,-0.003196,0.013848,0.015979
A,246631287,7.6998,2.2338,-5.7317
G,246633348,-0.008522,0.026632,0.019175
A,246633781,7.7859,2.2374,-5.6994
G,246635825,-0.012783,0.039415,0.026632
A,246636252,7.9045,2.2410,-5.6348
TRK,246636,-0.04697,0.82369,0.32979,0.45887,0.9515,3.0610,-0.4050,0.000,0.000,0.000,1,7
G,246638332,-0.008522,0.043676,0.033023
A,246638726,7.9942,2.2230,-5.5773
G,246640828,0.007457,0.035154,0.037284
A,246641197,8.0050,2.2087,-5.5593
G,246643315,0.031958,0.017044,0.036219
A,246643653,7.9296,2.1727,-5.6096
TRK,246651,-0.04691,0.82366,0.32981,0.45892,0.9515,3.0610,-0.4050,0.000,0.000,0.000,1,7
G,247127457,-0.007457,-0.002131,-0.018109
A,247127951,7.7464,2.2015,-5.6491
G,247129964,0.002131,-0.001065,-0.015979
A,247130424,7.7428,2.2087,-5.6599
G,247132459,0.008522,0.002131,-0.012783
A,247132894,7.7428,2.2158,-5.6743
A,248351250,7.7608,2.2266,-5.6276
G,248352720,-0.003196,0.008522,-0.006392
A,248353721,7.7680,2.2266,-5.6096
G,248355230,-0.007457,0.007457,-0.007457
A,248356186,7.7716,2.2302,-5.5952
G,248357726,-0.007457,0.006392,-0.008522
A,248358681,7.7680,2.2230,-5.5952
G,248360215,-0.003196,0.005326,-0.009587
A,248361152,7.7644,2.2194,-5.6096
G,248362734,0.002131,0.003196,-0.008522
A,248363629,7.7608,2.2158,-5.6312
G,248365230,0.005326,0.001065,-0.007457
A,248366100,7.7680,2.2194,-5.6491
TRK,248361,-0.04681,0.82367,0.32987,0.45887,0.9515,3.0610,-0.4050,0.000,0.000,0.000,1,7
G,248367729,0.004261,-0.001065,-0.007457
A,248368557,7.7752,2.2194,-5.6563
G,248370224,0.003196,-0.001065,-0.005326
A,248371045,7.7859,2.2230,-5.6599
G,248372704,0.001065,-0.001065,-0.001065
A,248373516,7.7931,2.2194,-5.6455
G,248375199,0.001065,-0.002131,0.003196
A,248376005,7.7967,2.2266,-5.6383
G,248377679,0.002131,-0.004261,0.005326
A,248378476,7.7931,2.2230,-5.6312
G,248380189,0.005326,-0.005326,0.008522
A,248380946,7.7859,2.2266,-5.6348
G,248382684,0.008522,-0.005326,0.010653
TRK,248381,-0.04681,0.82368,0.32987,0.45885,0.9515,3.0610,-0.4050,0.000,0.000,0.000,1,7
A,248383435,7.7788,2.2194,-5.6455
G,248385163,0.010653,-0.005326,0.011718
A,248385906,7.7752,2.2158,-5.6599
G,248387683,0.008522,-0.004261,0.008522
A,248388387,7.7788,2.2087,-5.6707
G,248390179,0.005326,-0.004261,0.005326
A,248390858,7.7859,2.2087,-5.6814
G,248392679,0.000000,-0.006392,0.003196
A,248393320,7.7859,2.2015,-5.6743
G,248395174,-0.004261,-0.006392,0.002131
A,248395813,7.8003,2.1979,-5.6707
G,248397654,-0.003196,-0.005326,0.003196
A,248398284,7.8039,2.1979,-5.6599
G,248400152,0.000000,-0.002131,0.005326
A,248400744,7.8075,2.1979,-5.6599
G,248402647,0.005326,0.001065,0.006392
A,248403215,7.8039,2.1907,-5.6671
G,248405138,0.010653,0.003196,0.006392
A,248405670,7.8075,2.1907,-5.6778
G,248407659,0.009587,0.002131,0.004261
A,248408156,7.8003,2.1871,-5.6886
G,248410154,0.006392,0.000000,0.004261
A,248410652,7.8003,2.1799,-5.6886
G,248412635,0.000000,-0.001065,0.000000
A,248413123,7.7931,2.1835,-5.6850
G,248415135,-0.003196,-0.001065,-0.001065
A,248415589,7.7895,2.1835,-5.6707
G,248417630,-0.004261,-0.001065,-0.003196
A,248418060,7.7824,2.1871,-5.6707
TRK,248412,-0.04684,0.82365,0.32985,0.45891,0.9515,3.0610,-0.4050,0.000,0.000,0.000,1,7
G,248420121,0.000000,0.001065,-0.002131
A,248420518,7.7788,2.1907,-5.6743
G,248422617,0.005326,0.006392,0.001065
A,248422989,7.7716,2.1943,-5.6886
G,248425096,0.008522,0.009587,0.002131
A,248425436,7.7644,2.1835,-5.6958
G,248427618,0.007457,0.011718,0.002131
A,248427927,7.7572,2.1763,-5.7030
G,248430113,0.004261,0.011718,0.002131
A,248430398,7.7572,2.1656,-5.6958
G,248432594,0.000000,0.009587,0.001065
A,248432849,7.7536,2.1656,-5.6886
G,248435098,-0.004261,0.010653,0.001065
A,248435324,7.7572,2.1584,-5.6814
G,248437594,-0.007457,0.009587,-0.002131
A,248437795,7.7536,2.1584,-5.6743
G,248440086,-0.007457,0.010653,-0.006392
A,248440258,7.7536,2.1584,-5.6707
G,248442581,-0.005326,0.009587,-0.009587
A,248442729,7.7536,2.1656,-5.6599
TRK,248437,-0.04679,0.82358,0.32986,0.45905,0.9515,3.0610,-0.4050,0.000,0.000,0.000,1,7
G,248445053,-0.001065,0.009587,-0.009587
A,248445174,7.7572,2.1763,-5.6599
G,248447556,-0.003196,0.008522,-0.006392
A,248447650,7.7608,2.1871,-5.6527
G,248450051,-0.003196,0.006392,-0.004261
A,248450120,7.7500,2.1979,-5.6527
G,248452525,-0.004261,0.005326,-0.004261
A,248452569,7.7536,2.2015,-5.6491
TRK,248453,-0.04676,0.82356,0.32987,0.45908,0.9515,3.0610,-0.4050,0.000,0.000,0.000,1,7
G,248455039,-0.001065,0.005326,-0.005326
A,248455057,7.7428,2.2051,-5.6383
A,248457528,7.7393,2.2015,-5.6419
G,248457534,0.002131,0.006392,-0.007457
A,248459988,7.7428,2.2051,-5.6419
G,248460018,0.005326,0.007457,-0.009587
A,248462459,7.7464,2.2051,-5.6491
G,248462514,0.005326,0.005326,-0.009587
A,248464909,7.7608,2.2087,-5.6563
G,248464987,0.003196,0.002131,-0.009587
A,248467390,7.7680,2.2158,-5.6527
G,248467491,-0.001065,-0.002131,-0.010653
TRK,248465,-0.04675,0.82357,0.32988,0.45905,0.9515,3.0610,-0.4050,0.000,0.000,0.000,1,7
A,248469882,7.7716,2.2158,-5.6491
G,248470005,-0.001065,-0.005326,-0.010653
A,248472353,7.7752,2.2194,-5.6491
G,248472501,0.001065,-0.007457,-0.010653
A,248474825,7.7752,2.2158,-5.6527
G,248474994,0.005326,-0.007457,-0.007457
A,248477296,7.7752,2.2194,-5.6599
G,248477513,0.008522,-0.007457,-0.005326
A,248479744,7.7788,2.2266,-5.6599
G,248480008,0.010653,-0.004261,-0.003196
A,248482215,7.7859,2.2338,-5.6671
G,248482504,0.009587,-0.004261,-0.003196
TRK,248481,-0.04673,0.82364,0.32991,0.45891,0.9515,3.0610,-0.4050,0.000,0.000,0.000,1,7
A,248484670,7.7895,2.2446,-5.6707
G,248484977,0.007457,-0.006392,-0.003196
A,248487156,7.7931,2.2338,-5.6814
G,248487482,0.006392,-0.008522,-0.004261
A,248489627,7.7859,2.2266,-5.6886
G,248489977,0.004261,-0.010653,-0.006392
A,248492090,7.7788,2.2122,-5.6958
G,248492457,0.004261,-0.009587,-0.008522
A,248494561,7.7716,2.2051,-5.7030
G,248494972,0.004261,-0.007457,-0.007457
A,248497009,7.7608,2.1979,-5.7066
G,248497467,0.005326,-0.006392,-0.004261
TRK,248493,-0.04675,0.82369,0.32991,0.45881,0.9515,3.0610,-0.4050,0.000,0.000,0.000,1,7
A,248499480,7.7608,2.1907,-5.7138
G,248499954,0.002131,-0.004261,-0.003196
A,248501951,7.7716,2.1799,-5.7174
G,248502471,-0.002131,0.000000,-0.004261
A,248504404,7.8003,2.1763,-5.7066
G,248504966,-0.004261,0.006392,-0.003196
A,248506895,7.8398,2.1871,-5.6922
G,248507471,-0.004261,0.010653,-0.001065
A,248509366,7.8721,2.1943,-5.6671
G,248509966,-0.001065,0.010653,0.000000
A,248511838,7.8721,2.1979,-5.6635
G,248512451,0.004261,0.006392,0.000000
A,248514309,7.8434,2.1907,-5.6778
G,248514965,0.011718,0.002131,-0.002131
A,248516762,7.7895,2.1763,-5.7174
G,248517461,0.014914,0.001065,-0.006392
A,248519246,7.7500,2.1691,-5.7533
G,248519955,0.011718,0.001065,-0.011718
A,248521717,7.7321,2.1691,-5.7640
G,248522451,-0.001065,0.004261,-0.014914
TRK,248517,-0.04671,0.82374,0.32995,0.45869,0.9515,3.0610,-0.4050,0.000,0.000,0.000,1,7
A,248524182,7.7536,2.1871,-5.7353
G,248524925,-0.020240,0.009587,-0.013848
A,248526668,7.7967,2.2051,-5.6671
G,248527420,-0.035154,0.015979,-0.010653
A,248529139,7.8398,2.2266,-5.5952
G,248529916,-0.031958,0.021305,-0.001065
A,248531608,7.8614,2.2338,-5.5522
G,248532394,-0.009587,0.023436,0.010653
A,248534079,7.8578,2.2338,-5.5522
TRK,248533,-0.04669,0.82372,0.32995,0.45873,0.9515,3.0610,-0.4050,0.000,0.000,0.000,1,7
G,248534910,0.023436,0.023436,0.019175
A,248536537,7.8326,2.2230,-5.6060
G,248537405,0.044741,0.022371,0.019175
A,248539016,7.8039,2.2087,-5.6743
G,248539891,0.045806,0.020240,0.010653
A,248541487,7.7895,2.1979,-5.7174
G,248542386,0.021305,0.015979,0.001065
A,248543956,7.7824,2.1979,-5.7066
G,248544863,-0.013848,0.009587,-0.005326
A,248546427,7.7859,2.2051,-5.6563
G,248547358,-0.042611,0.005326,-0.007457
A,248548898,7.7895,2.2051,-5.5809
G,248549835,-0.047937,0.003196,-0.004261
A,248551369,7.7824,2.2087,-5.5342
G,248552339,-0.027697,0.004261,0.001065
A,248553818,7.7680,2.2087,-5.5342
G,248554834,0.008522,0.007457,0.008522
TRK,248554,-0.04669,0.82367,0.32993,0.45884,0.9515,3.0610,-0.4050,0.000,0.000,0.000,1,7
A,248556301,7.7500,2.2051,-5.5845
G,248557321,0.037284,0.009587,0.012783
A,248558772,7.7428,2.2087,-5.6455
G,248559833,0.044741,0.009587,0.014914
A,248561231,7.7428,2.2015,-5.6922
G,248562329,0.026632,0.007457,0.014914
A,248563726,7.7644,2.2122,-5.6886
G,248564826,-0.002131,0.004261,0.014914
A,248566197,7.7931,2.2158,-5.6455
G,248567322,-0.024501,0.002131,0.015979
A,248568672,7.8290,2.2230,-5.5917
G,248569799,-0.025566,-0.001065,0.018109
A,248571143,7.8434,2.2266,-5.5593
G,248572307,-0.009587,-0.003196,0.017044
A,248573600,7.8398,2.2230,-5.5737
G,248574802,0.014914,-0.006392,0.013848
A,248576080,7.8039,2.2015,-5.6240
G,248577283,0.030893,-0.010653,0.010653
A,248578551,7.7536,2.1835,-5.6850
TRK,248578,-0.04687,0.82366,0.32984,0.45891,0.9515,3.0610,-0.4050,0.000,0.000,0.000,1,7
G,248579801,0.029827,-0.011718,0.008522
A,248581019,7.7141,2.1620,-5.7209
G,248582296,0.012783,-0.009587,0.006392
A,248583490,7.7033,2.1620,-5.7245
G,248584794,-0.008522,-0.005326,0.004261
A,248585939,7.7213,2.1548,-5.6958
G,248587289,-0.020240,0.001065,0.004261
A,248588420,7.7644,2.1656,-5.6527
G,248589767,-0.017044,0.007457,0.005326
A,248590891,7.8075,2.1656,-5.6312
G,248592263,0.000000,0.011718,0.007457
A,248593373,7.8398,2.1691,-5.6348
G,248594741,0.020240,0.010653,0.006392
A,248595843,7.8434,2.1620,-5.6707
G,248597245,0.033023,0.006392,0.002131
A,248598301,7.8362,2.1656,-5.7138
G,248599740,0.026632,-0.001065,-0.006392
TRK,248599,-0.04693,0.82365,0.32980,0.45894,0.9515,3.0610,-0.4050,0.000,0.000,0.000,1,7
A,248600794,7.8147,2.1691,-5.7461
G,248602229,0.007457,-0.008522,-0.014914
A,248603265,7.8075,2.1691,-5.7497
G,248604736,-0.015979,-0.012783,-0.019175
A,248605727,7.7967,2.1763,-5.7174
G,248607231,-0.030893,-0.013848,-0.019175
A,248608198,7.8003,2.1799,-5.6743
G,248609731,-0.034088,-0.013848,-0.017044
A,248610653,7.7895,2.1799,-5.6419
G,248612226,-0.021305,-0.012783,-0.014914
A,248613124,7.7788,2.1835,-5.6276
G,248614725,-0.001065,-0.011718,-0.013848
A,248615581,7.7536,2.1727,-5.6491
G,248617221,0.017044,-0.010653,-0.013848
TRK,248612,-0.04687,0.82363,0.32983,0.45898,0.9515,3.0610,-0.4050,0.000,0.000,0.000,1,7
A,248618069,7.7393,2.1656,-5.6850
G,248619700,0.022371,-0.007457,-0.014914
A,248620540,7.7249,2.1584,-5.7174
G,248622199,0.013848,-0.005326,-0.018109
A,248622998,7.7285,2.1584,-5.7389
G,248624695,-0.003196,-0.004261,-0.021305
A,248625469,7.7464,2.1656,-5.7245
G,248627185,-0.018109,-0.002131,-0.023436
A,248627919,7.7716,2.1799,-5.6850
G,248629694,-0.025566,0.002131,-0.022371
A,248630390,7.7967,2.1907,-5.6491
G,248632190,-0.023436,0.003196,-0.021305
STAT,404.9,400.9,0,0,15891,0.0776,2.047,0.4747,0.8360,1.7463,9.8711,0.64,1.217
A,248632881,7.8075,2.2087,-5.6276
G,248634670,-0.013848,0.002131,-0.020240
A,248635352,7.8039,2.2122,-5.6348
G,248637173,-0.001065,-0.001065,-0.022371
A,248637818,7.7824,2.2194,-5.6599
G,248639669,0.007457,-0.003196,-0.023436
A,248640289,7.7608,2.2194,-5.6922
G,248642160,0.007457,-0.003196,-0.024501
A,248642742,7.7464,2.2230,-5.7102
G,248644680,-0.001065,-0.001065,-0.023436
A,248645227,7.7464,2.2338,-5.7066
G,248647175,-0.011718,0.003196,-0.020240
A,248647698,7.7608,2.2374,-5.6886
TRK,248643,-0.04676,0.82361,0.32988,0.45898,0.9515,3.0610,-0.4050,0.000,0.000,0.000,1,7
G,248649656,-0.018109,0.007457,-0.015979
A,248650143,7.7752,2.2410,-5.6527
G,248652154,-0.014914,0.009587,-0.012783
A,248652607,7.7859,2.2482,-5.6312
G,248654649,-0.003196,0.007457,-0.010653
A,248655078,7.7788,2.2589,-5.6240
G,248657140,0.009587,0.003196,-0.013848
A,248657536,7.7644,2.2661,-5.6348
G,248659661,0.015979,0.001065,-0.017044
A,248660025,7.7393,2.2733,-5.6563
G,248662157,0.008522,0.001065,-0.021305
A,248662496,7.7285,2.2733,-5.6707
TRK,248658,-0.04671,0.82361,0.32991,0.45897,0.9515,3.0610,-0.4050,0.000,0.000,0.000,1,7
G,248664637,-0.007457,0.003196,-0.021305
A,248664945,7.7321,2.2769,-5.6707
G,248667148,-0.020240,0.004261,-0.019175
A,248667426,7.7464,2.2841,-5.6491
G,248669644,-0.024501,0.004261,-0.012783
A,248669897,7.7644,2.2948,-5.6204
G,248672126,-0.015979,0.003196,-0.006392
A,248672350,7.7752,2.2984,-5.6024
TRK,248673,-0.04659,0.82361,0.32997,0.45893,0.9515,3.0610,-0.4050,0.000,0.000,0.000,1,7
G,248674647,-0.001065,0.003196,-0.002131
A,248674842,7.7788,2.2948,-5.6060
G,248677143,0.014914,0.004261,0.001065
A,248677313,7.7752,2.2877,-5.6204
G,248679642,0.022371,0.004261,0.004261
A,248679785,7.7716,2.2769,-5.6491
G,248682138,0.019175,0.006392,0.006392
A,248682256,7.7752,2.2625,-5.6635
G,248684633,0.007457,0.006392,0.007457
A,248684724,7.7788,2.2482,-5.6599
G,248687128,-0.002131,0.005326,0.007457
A,248687195,7.7859,2.2338,-5.6419
G,248689609,-0.006392,0.004261,0.009587
A,248689650,7.7967,2.2194,-5.6168
G,248692121,-0.003196,0.001065,0.010653
A,248692137,7.8003,2.2158,-5.5988
A,248694607,7.8075,2.2087,-5.6024
G,248694616,0.006392,0.000000,0.011718
TRK,248690,-0.04656,0.82362,0.32999,0.45890,0.9515,3.0610,-0.4050,0.000,0.000,0.000,1,7
A,248697075,7.8111,2.2158,-5.6240
G,248697108,0.015979,0.000000,0.011718
A,248699546,7.8075,2.2158,-5.6563
G,248699603,0.022371,0.001065,0.014914
A,248702014,7.8111,2.2194,-5.6778
G,248702095,0.020240,0.001065,0.018109
A,248704502,7.8075,2.2158,-5.6922
G,248704606,0.010653,0.001065,0.020240
A,248706973,7.8111,2.2158,-5.6814
G,248707101,0.002131,0.002131,0.021305
A,248709453,7.8111,2.2122,-5.6743
G,248709603,-0.001065,0.003196,0.025566
A,248711924,7.8147,2.2087,-5.6635
G,248712098,0.004261,0.002131,0.029827
A,248714380,7.8075,2.1979,-5.6599
G,248714575,0.011718,0.002131,0.030893
TRK,248715,-0.04654,0.82361,0.33000,0.45892,0.9515,3.0610,-0.4050,0.000,0.000,0.000,1,7
A,248716871,7.7895,2.1835,-5.6635
G,248717087,0.017044,0.001065,0.026632
A,248719342,7.7752,2.1656,-5.6671
G,248719583,0.017044,0.003196,0.022371
A,248721815,7.7572,2.1512,-5.6743
G,248722075,0.012783,0.003196,0.019175
