Heading: 359.9  Pitch:   0.3  Roll:  -3.3  Gyro(dps) X:  -0.11 Y:  -0.08 Z:   0.35   x +0.000 y +0.000 z +0.000 m  still, 1 moves
TRK,24542,0.99957,-0.02905,0.00265,-0.00086,0.0001,0.0001,0.0001,0.000,0.000,0.000,1,1
STAT,404.5,400.5,0,0,0,0.0285,0.269,0.1129,0.0766,-0.0427,9.8098,0.35,0.002
TRK,24563,0.99957,-0.02912,0.00263,-0.00086,0.0001,0.0001,0.0001,0.000,0.000,0.000,1,1
TRK,24583,0.99957,-0.02920,0.00271,-0.00086,0.0001,0.0001,0.0001,0.000,0.000,0.000,1,1
TRK,24603,0.99957,-0.02928,0.00278,-0.00086,0.0001,0.0001,0.0001,0.000,0.000,0.000,1,1
TRK,24623,0.99956,-0.02942,0.00260,-0.00087,0.0001,0.0001,0.0001,0.000,0.000,0.000,1,1
TRK,24642,0.99956,-0.02946,0.00248,-0.00087,0.0001,0.0001,0.0001,0.000,0.000,0.000,1,1
TRK,24663,0.99956,-0.02947,0.00234,-0.00087,0.0001,0.0001,0.0001,0.000,0.000,0.000,1,1
TRK,24682,0.99956,-0.02945,0.00214,-0.00088,0.0001,0.0001,0.0001,0.000,0.000,0.000,1,1
TRK,24703,0.99957,-0.02932,0.00191,-0.00089,0.0001,0.0001,0.0001,0.000,0.000,0.000,1,1
TRK,24724,0.99957,-0.02923,0.00187,-0.00089,0.0001,0.0001,0.0001,0.000,0.000,0.000,1,1
TRK,24742,0.99957,-0.02915,0.00194,-0.00088,0.0001,0.0001,0.0001,0.000,0.000,0.000,1,1
TRK,24764,0.99957,-0.02908,0.00205,-0.00088,0.0001,0.0001,0.0001,0.000,0.000,0.000,1,1
TRK,24783,0.99957,-0.02908,0.00206,-0.00088,0.0001,0.0001,0.0001,0.000,0.000,0.000,1,1
TRK,24804,0.99957,-0.02915,0.00191,-0.00089,0.0001,0.0001,0.0001,0.000,0.000,0.000,1,1
TRK,24821,0.99957,-0.02922,0.00163,-0.00089,0.0001,0.0001,0.0001,0.000,0.000,0.000,1,1
TRK,24843,0.99957,-0.02930,0.00135,-0.00090,0.0001,0.0001,0.0001,0.000,0.000,0.000,1,1
TRK,24862,0.99957,-0.02943,0.00107,-0.00091,0.0001,0.0001,0.0001,0.000,0.000,0.000,1,1
TRK,24882,0.99956,-0.02947,0.00100,-0.00091,0.0001,0.0001,0.0001,0.000,0.000,0.000,1,1
TRK,24904,0.99957,-0.02937,0.00128,-0.00090,0.0001,0.0001,0.0001,0.000,0.000,0.000,1,1
TRK,24922,0.99957,-0.02928,0.00161,-0.00089,0.0001,0.0001,0.0001,0.000,0.000,0.000,1,1
TRK,24944,0.99957,-0.02916,0.00194,-0.00089,0.0001,0.0001,0.0001,0.000,0.000,0.000,1,1
TRK,24963,0.99957,-0.02913,0.00209,-0.00088,0.0001,0.0001,0.0001,0.000,0.000,0.000,1,1
TRK,24981,0.99957,-0.02914,0.00200,-0.00088,0.0001,0.0001,0.0001,0.000,0.000,0.000,1,1
TRK,25003,0.99957,-0.02922,0.00173,-0.00089,0.0001,0.0001,0.0001,0.000,0.000,0.000,1,1
TRK,25024,0.99957,-0.02929,0.00154,-0.00090,0.0001,0.0001,0.0001,0.000,0.000,0.000,1,1
TRK,25043,0.99957,-0.02927,0.00161,-0.00089,0.0001,0.0001,0.0001,0.000,0.000,0.000,1,1
TRK,25062,0.99957,-0.02925,0.00175,-0.00089,0.0001,0.0001,0.0001,0.000,0.000,0.000,1,1
TRK,25082,0.99957,-0.02922,0.00200,-0.00088,0.0001,0.0001,0.0001,0.000,0.000,0.000,1,1
TRK,25102,0.99957,-0.02915,0.00221,-0.00088,0.0001,0.0001,0.0001,0.000,0.000,0.000,1,1
TRK,25122,0.99957,-0.02911,0.00231,-0.00087,0.0001,0.0001,0.0001,0.000,0.000,0.000,1,1
TRK,25142,0.99957,-0.02913,0.00216,-0.00088,0.0001,0.0001,0.0001,0.000,0.000,0.000,1,1
TRK,25162,0.99957,-0.02922,0.00185,-0.00089,0.0001,0.0001,0.0001,0.000,0.000,0.000,1,1
TRK,25182,0.99957,-0.02926,0.00166,-0.00089,0.0001,0.0001,0.0001,0.000,0.000,0.000,1,1
TRK,25203,0.99957,-0.02925,0.00163,-0.00089,0.0001,0.0001,0.0001,0.000,0.000,0.000,1,1
TRK,25223,0.99957,-0.02924,0.00171,-0.00089,0.0001,0.0001,0.0001,0.000,0.000,0.000,1,1
TRK,25243,0.99957,-0.02924,0.00188,-0.00089,0.0001,0.0001,0.0001,0.000,0.000,0.000,1,1
TRK,25261,0.99957,-0.02920,0.00201,-0.00088,0.0001,0.0001,0.0001,0.000,0.000,0.000,1,1
TRK,25281,0.99957,-0.02919,0.00201,-0.00088,0.0001,0.0001,0.0001,0.000,0.000,0.000,1,1
TRK,25303,0.99957,-0.02920,0.00182,-0.00089,0.0001,0.0001,0.0001,0.000,0.000,0.000,1,1
TRK,25322,0.99957,-0.02925,0.00159,-0.00090,0.0001,0.0001,0.0001,0.000,0.000,0.000,1,1
TRK,25344,0.99957,-0.02934,0.00137,-0.00090,0.0001,0.0001,0.0001,0.000,0.000,0.000,1,1
TRK,25364,0.99957,-0.02935,0.00135,-0.00090,0.0001,0.0001,0.0001,0.000,0.000,0.000,1,1
TRK,25383,0.99957,-0.02939,0.00137,-0.00090,0.0001,0.0001,0.0001,0.000,0.000,0.000,1,1
TRK,25403,0.99957,-0.02940,0.00153,-0.00090,0.0001,0.0001,0.0001,0.000,0.000,0.000,1,1
TRK,25423,0.99957,-0.02942,0.00161,-0.00090,0.0001,0.0001,0.0001,0.000,0.000,0.000,1,1
TRK,25443,0.99956,-0.02945,0.00162,-0.00089,0.0001,0.0001,0.0001,0.000,0.000,0.000,1,1
TRK,25461,0.99956,-0.02945,0.00157,-0.00090,0.0001,0.0001,0.0001,0.000,0.000,0.000,1,1
TRK,25483,0.99957,-0.02943,0.00142,-0.00090,0.0001,0.0001,0.0001,0.000,0.000,0.000,1,1
TRK,25502,0.99957,-0.02942,0.00123,-0.00091,0.0001,0.0001,0.0001,0.000,0.000,0.000,1,1
TRK,25523,0.99956,-0.02947,0.00108,-0.00091,0.0001,0.0001,0.0001,0.000,0.000,0.000,1,1
TRK,25542,0.99957,-0.02942,0.00106,-0.00091,0.0001,0.0001,0.0001,0.000,0.000,0.000,1,1
STAT,404.5,400.5,0,0,0,0.0379,0.460,0.0864,0.0181,-0.0280,9.8149,0.35,0.002
TRK,25564,0.99957,-0.02940,0.00122,-0.00091,0.0001,0.0001,0.0001,0.000,0.000,0.000,1,1
TRK,25584,0.99957,-0.02939,0.00132,-0.00090,0.0001,0.0001,0.0001,0.000,0.000,0.000,1,1
TRK,25604,0.99957,-0.02935,0.00126,-0.00091,0.0001,0.0001,0.0001,0.000,0.000,0.000,1,1
TRK,25624,0.99957,-0.02936,0.00107,-0.00091,0.0001,0.0001,0.0001,0.000,0.000,0.000,1,1
TRK,25643,0.99957,-0.02934,0.00098,-0.00091,0.0001,0.0001,0.0001,0.000,0.000,0.000,1,1
TRK,25661,0.99957,-0.02935,0.00082,-0.00092,0.0001,0.0001,0.0001,0.000,0.000,0.000,1,1
TRK,25683,0.99957,-0.02941,0.00073,-0.00092,0.0001,0.0001,0.0001,0.000,0.000,0.000,1,1
TRK,25702,0.99957,-0.02941,0.00079,-0.00092,0.0001,0.0001,0.0001,0.000,0.000,0.000,1,1
TRK,25722,0.99957,-0.02941,0.00086,-0.00092,0.0001,0.0001,0.0001,0.000,0.000,0.000,1,1
TRK,25742,0.99957,-0.02943,0.00095,-0.00091,0.0001,0.0001,0.0001,0.000,0.000,0.000,1,1
TRK,25763,0.99957,-0.02945,0.00085,-0.00092,0.0001,0.0001,0.0001,0.000,0.000,0.000,1,1
TRK,25783,0.99957,-0.02947,0.00061,-0.00092,0.0001,0.0001,0.0001,0.000,0.000,0.000,1,1
TRK,25803,0.99956,-0.02950,0.00043,-0.00093,0.0001,0.0001,0.0001,0.000,0.000,0.000,1,1
TRK,25821,0.99956,-0.02952,0.00036,-0.00093,0.0001,0.0001,0.0001,0.000,0.000,0.000,1,1
TRK,25842,0.99956,-0.02956,0.00028,-0.00093,0.0001,0.0001,0.0001,0.000,0.000,0.000,1,1
TRK,25864,0.99956,-0.02955,0.00033,-0.00093,0.0001,0.0001,0.0001,0.000,0.000,0.000,1,1
TRK,25883,0.99956,-0.02954,0.00046,-0.00093,0.0001,0.0001,0.0001,0.000,0.000,0.000,1,1
TRK,25901,0.99956,-0.02952,0.00054,-0.00093,0.0001,0.0001,0.0001,0.000,0.000,0.000,1,1
TRK,25923,0.99956,-0.02955,0.00043,-0.00093,0.0001,0.0001,0.0001,0.000,0.000,0.000,1,1
TRK,25942,0.99956,-0.02960,0.00020,-0.00094,0.0001,0.0001,0.0001,0.000,0.000,0.000,1,1
TRK,25963,0.99956,-0.02961,0.00007,-0.00094,0.0001,0.0001,0.0001,0.000,0.000,0.000,1,1
TRK,25982,0.99956,-0.02962,0.00004,-0.00094,0.0001,0.0001,0.0001,0.000,0.000,0.000,1,1
TRK,26001,0.99956,-0.02966,0.00000,-0.00094,0.0001,0.0001,0.0001,0.000,0.000,0.000,1,1
TRK,26024,0.99956,-0.02967,-0.00020,-0.00095,0.0001,0.0001,0.0001,0.000,0.000,0.000,1,1
TRK,26043,0.99956,-0.02966,-0.00048,-0.00096,0.0001,0.0001,0.0001,0.000,0.000,0.000,1,1
TRK,26061,0.99956,-0.02965,-0.00063,-0.00096,0.0001,0.0001,0.0001,0.000,0.000,0.000,1,1
TRK,26083,0.99956,-0.02970,-0.00073,-0.00096,0.0001,0.0001,0.0001,0.000,0.000,0.000,1,1
TRK,26104,0.99956,-0.02980,-0.00088,-0.00097,0.0001,0.0001,0.0001,0.000,0.000,0.000,1,1
TRK,26123,0.99955,-0.02983,-0.00099,-0.00097,0.0001,0.0001,0.0001,0.000,0.000,0.000,1,1
TRK,26142,0.99955,-0.02984,-0.00126,-0.00098,0.0001,0.0001,0.0001,0.000,0.000,0.000,1,1
TRK,26163,0.99955,-0.02983,-0.00131,-0.00098,0.0001,0.0001,0.0001,0.000,0.000,0.000,1,1
TRK,26182,0.99955,-0.02980,-0.00126,-0.00098,0.0001,0.0001,0.0001,0.000,0.000,0.000,1,1
TRK,26204,0.99956,-0.02972,-0.00138,-0.00098,0.0001,0.0001,0.0001,0.000,0.000,0.000,1,1
TRK,26222,0.99956,-0.02968,-0.00152,-0.00099,0.0001,0.0001,0.0001,0.000,0.000,0.000,1,1
TRK,26244,0.99956,-0.02966,-0.00172,-0.00099,0.0001,0.0001,0.0001,0.000,0.000,0.000,1,1
TRK,26263,0.99956,-0.02977,-0.00157,-0.00099,0.0001,0.0001,0.0001,0.000,0.000,0.000,1,1
TRK,26281,0.99955,-0.02984,-0.00141,-0.00098,0.0001,0.0001,0.0001,0.000,0.000,0.000,1,1
TRK,26303,0.99955,-0.02995,-0.00129,-0.00098,0.0001,0.0001,0.0001,0.000,0.000,0.000,1,1
TRK,26321,0.99955,-0.03001,-0.00128,-0.00098,0.0001,0.0001,0.0001,0.000,0.000,0.000,1,1
TRK,26343,0.99955,-0.02995,-0.00159,-0.00099,0.0001,0.0001,0.0001,0.000,0.000,0.000,1,1
TRK,26362,0.99955,-0.02985,-0.00174,-0.00099,0.0001,0.0001,0.0001,0.000,0.000,0.000,1,1
TRK,26382,0.99955,-0.02980,-0.00176,-0.00099,0.0001,0.0001,0.0001,0.000,0.000,0.000,1,1
TRK,26402,0.99956,-0.02972,-0.00177,-0.00100,0.0001,0.0001,0.0001,0.000,0.000,0.000,1,1
TRK,26422,0.99956,-0.02964,-0.00200,-0.00100,0.0001,0.0001,0.0001,0.000,0.000,0.000,1,1
TRK,26444,0.99956,-0.02962,-0.00221,-0.00101,0.0001,0.0001,0.0001,0.000,0.000,0.000,1,1
TRK,26462,0.99956,-0.02961,-0.00237,-0.00101,0.0001,0.0001,0.0001,0.000,0.000,0.000,1,1
TRK,26484,0.99956,-0.02955,-0.00268,-0.00102,0.0001,0.0001,0.0001,0.000,0.000,0.000,1,1
TRK,26502,0.99956,-0.02943,-0.00306,-0.00103,0.0001,0.0001,0.0001,0.000,0.000,0.000,1,1
TRK,26524,0.99956,-0.02933,-0.00330,-0.00104,0.0001,0.0001,0.0001,0.000,0.000,0.000,1,1
TRK,26544,0.99957,-0.02918,-0.00380,-0.00106,0.0001,0.0001,0.0001,0.000,0.000,0.000,1,1
STAT,404.6,400.6,0,0,0,0.0460,2.288,0.0960,-0.0434,-0.0980,9.8140,0.35,0.002
TRK,26563,0.99956,-0.02924,-0.00374,-0.00105,0.0001,0.0001,0.0001,0.000,0.000,0.000,1,1
TRK,26582,0.99956,-0.02925,-0.00373,-0.00105,0.0001,0.0001,0.0001,0.000,0.000,0.000,1,1
TRK,26602,0.99956,-0.02921,-0.00402,-0.00106,0.0001,0.0001,0.0001,0.000,0.000,0.000,1,1
TRK,26624,0.99957,-0.02901,-0.00477,-0.00109,0.0001,0.0001,0.0001,0.000,0.000,0.000,1,1
TRK,26642,0.99957,-0.02886,-0.00545,-0.00111,0.0001,0.0001,0.0001,0.000,0.000,0.000,1,1
TRK,26662,0.99957,-0.02882,-0.00563,-0.00111,0.0001,0.0001,0.0001,0.000,0.000,0.000,1,1
TRK,26684,0.99957,-0.02893,-0.00536,-0.00110,0.0001,0.0001,0.0001,0.000,0.000,0.000,1,1
TRK,26702,0.99956,-0.02903,-0.00520,-0.00110,0.0001,0.0001,0.0001,0.000,0.000,0.000,1,1
TRK,26724,0.99956,-0.02920,-0.00475,-0.00108,0.0001,0.0001,0.0001,0.000,0.000,0.000,1,1
TRK,26743,0.99956,-0.02935,-0.00429,-0.00107,0.0001,0.0001,0.0001,0.000,0.000,0.000,1,1
TRK,26763,0.99956,-0.02934,-0.00442,-0.00107,0.0001,0.0001,0.0001,0.000,0.000,0.000,1,1
TRK,26781,0.99956,-0.02937,-0.00440,-0.00107,0.0001,0.0001,0.0001,0.000,0.000,0.000,1,1
TRK,26801,0.99956,-0.02937,-0.00424,-0.00107,0.0001,0.0001,0.0001,0.000,0.000,0.000,1,1
TRK,26823,0.99956,-0.02928,-0.00420,-0.00107,0.0001,0.0001,0.0001,0.000,0.000,0.000,1,1
TRK,26842,0.99956,-0.02922,-0.00422,-0.00107,0.0001,0.0001,0.0001,0.000,0.000,0.000,1,1
TRK,26864,0.99956,-0.02923,-0.00408,-0.00106,0.0001,0.0001,0.0001,0.000,0.000,0.000,1,1
TRK,26882,0.99956,-0.02926,-0.00395,-0.00106,0.0001,0.0001,0.0001,0.000,0.000,0.000,1,1
TRK,26902,0.99956,-0.02942,-0.00377,-0.00105,0.0001,0.0001,0.0001,0.000,0.000,0.000,1,1
TRK,26922,0.99956,-0.02954,-0.00343,-0.00104,0.0001,0.0001,0.0001,0.000,0.000,0.000,1,1
TRK,26942,0.99956,-0.02957,-0.00329,-0.00104,0.0001,0.0001,0.0001,0.000,0.000,0.000,1,1
TRK,26962,0.99956,-0.02951,-0.00339,-0.00104,0.0001,0.0001,0.0001,0.000,0.000,0.000,1,1
TRK,26982,0.99956,-0.02949,-0.00327,-0.00104,0.0001,0.0001,0.0001,0.000,0.000,0.000,1,1
TRK,27002,0.99956,-0.02945,-0.00311,-0.00103,0.0001,0.0001,0.0001,0.000,0.000,0.000,1,1
TRK,27022,0.99956,-0.02946,-0.00307,-0.00103,0.0001,0.0001,0.0001,0.000,0.000,0.000,1,1
TRK,27044,0.99956,-0.02943,-0.00319,-0.00104,0.0001,0.0001,0.0001,0.000,0.000,0.000,1,1
TRK,27064,0.99956,-0.02942,-0.00326,-0.00104,0.0001,0.0001,0.0001,0.000,0.000,0.000,1,1
TRK,27084,0.99956,-0.02942,-0.00342,-0.00104,0.0001,0.0001,0.0001,0.000,0.000,0.000,1,1
TRK,27102,0.99956,-0.02943,-0.00345,-0.00104,0.0001,0.0001,0.0001,0.000,0.000,0.000,1,1
TRK,27121,0.99956,-0.02948,-0.00326,-0.00104,0.0001,0.0001,0.0001,0.000,0.000,0.000,1,1
TRK,27142,0.99956,-0.02950,-0.00300,-0.00103,0.0001,0.0001,0.0001,0.000,0.000,0.000,1,1
TRK,27164,0.99956,-0.02953,-0.00292,-0.00103,0.0001,0.0001,0.0001,0.000,0.000,0.000,1,1
TRK,27184,0.99956,-0.02947,-0.00296,-0.00103,0.0001,0.0001,0.0001,0.000,0.000,0.000,1,1
TRK,27201,0.99956,-0.02946,-0.00308,-0.00103,0.0001,0.0001,0.0001,0.000,0.000,0.000,1,1
TRK,27221,0.99956,-0.02952,-0.00315,-0.00104,0.0001,0.0001,0.0001,0.000,0.000,0.000,1,1
TRK,27242,0.99956,-0.02954,-0.00328,-0.00104,0.0001,0.0001,0.0001,0.000,0.000,0.000,1,1
TRK,27263,0.99956,-0.02954,-0.00319,-0.00104,0.0001,0.0001,0.0001,0.000,0.000,0.000,1,1
TRK,27282,0.99956,-0.02956,-0.00303,-0.00103,0.0001,0.0001,0.0001,0.000,0.000,0.000,1,1
TRK,27304,0.99956,-0.02950,-0.00308,-0.00103,0.0001,0.0001,0.0001,0.000,0.000,0.000,1,1
TRK,27322,0.99956,-0.02949,-0.00307,-0.00103,0.0001,0.0001,0.0001,0.000,0.000,0.000,1,1
TRK,27342,0.99956,-0.02953,-0.00296,-0.00103,0.0001,0.0001,0.0001,0.000,0.000,0.000,1,1
TRK,27364,0.99956,-0.02952,-0.00308,-0.00103,0.0001,0.0001,0.0001,0.000,0.000,0.000,1,1
TRK,27383,0.99956,-0.02958,-0.00296,-0.00103,0.0001,0.0001,0.0001,0.000,0.000,0.000,1,1
TRK,27403,0.99956,-0.02965,-0.00287,-0.00103,0.0001,0.0001,0.0001,0.000,0.000,0.000,1,1
TRK,27423,0.99956,-0.02957,-0.00320,-0.00104,0.0001,0.0001,0.0001,0.000,0.000,0.000,1,1
TRK,27442,0.99956,-0.02945,-0.00352,-0.00105,0.0001,0.0001,0.0001,0.000,0.000,0.000,1,1
TRK,27462,0.99956,-0.02942,-0.00348,-0.00105,0.0001,0.0001,0.0001,0.000,0.000,0.000,1,1
TRK,27484,0.99956,-0.02946,-0.00317,-0.00104,0.0001,0.0001,0.0001,0.000,0.000,0.000,1,1
TRK,27502,0.99956,-0.02958,-0.00252,-0.00102,0.0001,0.0001,0.0001,0.000,0.000,0.000,1,1
TRK,27524,0.99956,-0.02963,-0.00228,-0.00101,0.0001,0.0001,0.0001,0.000,0.000,0.000,1,1
TRK,27542,0.99956,-0.02957,-0.00255,-0.00102,0.0001,0.0001,0.0001,0.000,0.000,0.000,1,1
STAT,404.6,400.6,0,0,0,0.0405,1.764,0.0986,-0.0464,-0.1038,9.8082,0.35,0.002
TRK,27564,0.99956,-0.02946,-0.00301,-0.00103,0.0001,0.0001,0.0001,0.000,0.000,0.000,1,1
TRK,27582,0.99956,-0.02942,-0.00339,-0.00104,0.0001,0.0001,0.0001,0.000,0.000,0.000,1,1
TRK,27604,0.99956,-0.02939,-0.00364,-0.00105,0.0001,0.0001,0.0001,0.000,0.000,0.000,1,1
TRK,27623,0.99956,-0.02947,-0.00329,-0.00104,0.0001,0.0001,0.0001,0.000,0.000,0.000,1,1
TRK,27641,0.99956,-0.02955,-0.00310,-0.00103,0.0001,0.0001,0.0001,0.000,0.000,0.000,1,1
TRK,27663,0.99956,-0.02949,-0.00335,-0.00104,0.0001,0.0001,0.0001,0.000,0.000,0.000,1,1
TRK,27682,0.99956,-0.02952,-0.00356,-0.00105,0.0001,0.0001,0.0001,0.000,0.000,0.000,1,1
TRK,27704,0.99956,-0.02958,-0.00343,-0.00104,0.0001,0.0001,0.0001,0.000,0.000,0.000,1,1
TRK,27724,0.99955,-0.02966,-0.00326,-0.00104,0.0001,0.0001,0.0001,0.000,0.000,0.000,1,1
TRK,27742,0.99955,-0.02970,-0.00305,-0.00103,0.0001,0.0001,0.0001,0.000,0.000,0.000,1,1
TRK,27764,0.99955,-0.02977,-0.00275,-0.00102,0.0001,0.0001,0.0001,0.000,0.000,0.000,1,1
TRK,27782,0.99955,-0.02973,-0.00262,-0.00102,0.0001,0.0001,0.0001,0.000,0.000,0.000,1,1
TRK,27804,0.99956,-0.02964,-0.00262,-0.00102,0.0001,0.0001,0.0001,0.000,0.000,0.000,1,1
TRK,27823,0.99956,-0.02963,-0.00271,-0.00102,0.0001,0.0001,0.0001,0.000,0.000,0.000,1,1
TRK,27843,0.99956,-0.02963,-0.00273,-0.00102,0.0001,0.0001,0.0001,0.000,0.000,0.000,1,1
TRK,27863,0.99956,-0.02961,-0.00273,-0.00102,0.0001,0.0001,0.0001,0.000,0.000,0.000,1,1
TRK,27882,0.99956,-0.02966,-0.00260,-0.00102,0.0001,0.0001,0.0001,0.000,0.000,0.000,1,1
TRK,27902,0.99955,-0.02973,-0.00243,-0.00101,0.0001,0.0001,0.0001,0.000,0.000,0.000,1,1
TRK,27922,0.99955,-0.02974,-0.00224,-0.00101,0.0001,0.0001,0.0001,0.000,0.000,0.000,1,1
TRK,27942,0.99956,-0.02972,-0.00210,-0.00100,0.0001,0.0001,0.0001,0.000,0.000,0.000,1,1
TRK,27964,0.99956,-0.02969,-0.00194,-0.00100,0.0001,0.0001,0.0001,0.000,0.000,0.000,1,1
TRK,27982,0.99956,-0.02971,-0.00164,-0.00099,0.0001,0.0001,0.0001,0.000,0.000,0.000,1,1
TRK,28004,0.99956,-0.02975,-0.00129,-0.00098,0.0001,0.0001,0.0001,0.000,0.000,0.000,1,1
TRK,28023,0.99956,-0.02973,-0.00137,-0.00098,0.0001,0.0001,0.0001,0.000,0.000,0.000,1,1
TRK,28043,0.99956,-0.02968,-0.00157,-0.00099,0.0001,0.0001,0.0001,0.000,0.000,0.000,1,1
TRK,28063,0.99956,-0.02963,-0.00170,-0.00099,0.0001,0.0001,0.0001,0.000,0.000,0.000,1,1
TRK,28081,0.99956,-0.02960,-0.00160,-0.00099,0.0001,0.0001,0.0001,0.000,0.000,0.000,1,1
TRK,28103,0.99956,-0.02960,-0.00132,-0.00098,0.0001,0.0001,0.0001,0.000,0.000,0.000,1,1
TRK,28122,0.99956,-0.02962,-0.00090,-0.00097,0.0001,0.0001,0.0001,0.000,0.000,0.000,1,1
TRK,28143,0.99956,-0.02966,-0.00062,-0.00096,0.0001,0.0001,0.0001,0.000,0.000,0.000,1,1
TRK,28164,0.99956,-0.02973,-0.00050,-0.00096,0.0001,0.0001,0.0001,0.000,0.000,0.000,1,1
TRK,28182,0.99956,-0.02977,-0.00073,-0.00096,0.0001,0.0001,0.0001,0.000,0.000,0.000,1,1
TRK,28204,0.99956,-0.02978,-0.00119,-0.00098,0.0001,0.0001,0.0001,0.000,0.000,0.000,1,1
TRK,28222,0.99956,-0.02977,-0.00140,-0.00098,0.0001,0.0001,0.0001,0.000,0.000,0.000,1,1
TRK,28244,0.99955,-0.02981,-0.00144,-0.00098,0.0001,0.0001,0.0001,0.000,0.000,0.000,1,1
TRK,28264,0.99955,-0.02980,-0.00123,-0.00098,0.0001,0.0001,0.0001,0.000,0.000,0.000,1,1
TRK,28284,0.99956,-0.02976,-0.00120,-0.00098,0.0001,0.0001,0.0001,0.000,0.000,0.000,1,1
TRK,28303,0.99956,-0.02971,-0.00136,-0.00098,0.0001,0.0001,0.0001,0.000,0.000,0.000,1,1
TRK,28322,0.99956,-0.02964,-0.00159,-0.00099,0.0001,0.0001,0.0001,0.000,0.000,0.000,1,1
TRK,28342,0.99956,-0.02965,-0.00175,-0.00099,0.0001,0.0001,0.0001,0.000,0.000,0.000,1,1
TRK,28362,0.99956,-0.02965,-0.00180,-0.00100,0.0001,0.0001,0.0001,0.000,0.000,0.000,1,1
TRK,28383,0.99956,-0.02964,-0.00186,-0.00100,0.0001,0.0001,0.0001,0.000,0.000,0.000,1,1
TRK,28404,0.99956,-0.02959,-0.00188,-0.00100,0.0001,0.0001,0.0001,0.000,0.000,0.000,1,1
TRK,28421,0.99956,-0.02956,-0.00186,-0.00100,0.0001,0.0001,0.0001,0.000,0.000,0.000,1,1
TRK,28442,0.99956,-0.02948,-0.00193,-0.00100,0.0001,0.0001,0.0001,0.000,0.000,0.000,1,1
TRK,28464,0.99956,-0.02939,-0.00232,-0.00101,0.0001,0.0001,0.0001,0.000,0.000,0.000,1,1
TRK,28483,0.99956,-0.02940,-0.00251,-0.00102,0.0001,0.0001,0.0001,0.000,0.000,0.000,1,1
TRK,28501,0.99956,-0.02949,-0.00255,-0.00102,0.0001,0.0001,0.0001,0.000,0.000,0.000,1,1
TRK,28523,0.99956,-0.02961,-0.00250,-0.00102,0.0001,0.0001,0.0001,0.000,0.000,0.000,1,1
TRK,28541,0.99955,-0.02973,-0.00245,-0.00101,0.0001,0.0001,0.0001,0.000,0.000,0.000,1,1
STAT,404.6,400.6,0,0,0,0.0417,1.613,0.1113,-0.0756,-0.1025,9.8071,0.35,0.002
TRK,28563,0.99955,-0.02976,-0.00245,-0.00101,0.0001,0.0001,0.0001,0.000,0.000,0.000,1,1
TRK,28583,0.99956,-0.02972,-0.00232,-0.00101,0.0001,0.0001,0.0001,0.000,0.000,0.000,1,1
TRK,28602,0.99955,-0.02975,-0.00204,-0.00100,0.0001,0.0001,0.0001,0.000,0.000,0.000,1,1
TRK,28621,0.99955,-0.02980,-0.00180,-0.00099,0.0001,0.0001,0.0001,0.000,0.000,0.000,1,1
TRK,28644,0.99955,-0.02988,-0.00159,-0.00099,0.0001,0.0001,0.0001,0.000,0.000,0.000,1,1
TRK,28663,0.99955,-0.02992,-0.00154,-0.00099,0.0001,0.0001,0.0001,0.000,0.000,0.000,1,1
TRK,28681,0.99955,-0.02996,-0.00166,-0.00099,0.0001,0.0001,0.0001,0.000,0.000,0.000,1,1
TRK,28703,0.99955,-0.02987,-0.00193,-0.00100,0.0001,0.0001,0.0001,0.000,0.000,0.000,1,1
TRK,28721,0.99955,-0.02978,-0.00196,-0.00100,0.0001,0.0001,0.0001,0.000,0.000,0.000,1,1
TRK,28743,0.99956,-0.02970,-0.00181,-0.00100,0.0001,0.0001,0.0001,0.000,0.000,0.000,1,1
TRK,28762,0.99956,-0.02969,-0.00168,-0.00099,0.0001,0.0001,0.0001,0.000,0.000,0.000,1,1
TRK,28782,0.99956,-0.02968,-0.00160,-0.00099,0.0001,0.0001,0.0001,0.000,0.000,0.000,1,1
TRK,28802,0.99956,-0.02976,-0.00149,-0.00099,0.0001,0.0001,0.0001,0.000,0.000,0.000,1,1
TRK,28822,0.99955,-0.02980,-0.00140,-0.00098,0.0001,0.0001,0.0001,0.000,0.000,0.000,1,1
TRK,28844,0.99955,-0.02983,-0.00160,-0.00099,0.0001,0.0001,0.0001,0.000,0.000,0.000,1,1
TRK,28864,0.99955,-0.02980,-0.00177,-0.00099,0.0001,0.0001,0.0001,0.000,0.000,0.000,1,1
TRK,28882,0.99955,-0.02981,-0.00173,-0.00099,0.0001,0.0001,0.0001,0.000,0.000,0.000,1,1
TRK,28904,0.99955,-0.02980,-0.00151,-0.00099,0.0001,0.0001,0.0001,0.000,0.000,0.000,1,1
TRK,28924,0.99955,-0.02981,-0.00148,-0.00099,0.0001,0.0001,0.0001,0.000,0.000,0.000,1,1
TRK,28943,0.99955,-0.02979,-0.00151,-0.00099,0.0001,0.0001,0.0001,0.000,0.000,0.000,1,1
TRK,28962,0.99955,-0.02980,-0.00160,-0.00099,0.0001,0.0001,0.0001,0.000,0.000,0.000,1,1
TRK,28984,0.99955,-0.02981,-0.00168,-0.00099,0.0001,0.0001,0.0001,0.000,0.000,0.000,1,1
TRK,29002,0.99955,-0.02980,-0.00174,-0.00099,0.0001,0.0001,0.0001,0.000,0.000,0.000,1,1
TRK,29024,0.99955,-0.02981,-0.00171,-0.00099,0.0001,0.0001,0.0001,0.000,0.000,0.000,1,1
TRK,29042,0.99955,-0.02981,-0.00166,-0.00099,0.0001,0.0001,0.0001,0.000,0.000,0.000,1,1
TRK,29064,0.99956,-0.02977,-0.00154,-0.00099,0.0001,0.0001,0.0001,0.000,0.000,0.000,1,1
TRK,29082,0.99956,-0.02976,-0.00145,-0.00098,0.0001,0.0001,0.0001,0.000,0.000,0.000,1,1
TRK,29104,0.99955,-0.02979,-0.00145,-0.00098,0.0001,0.0001,0.0001,0.000,0.000,0.000,1,1
TRK,29123,0.99955,-0.02981,-0.00145,-0.00098,0.0001,0.0001,0.0001,0.000,0.000,0.000,1,1
TRK,29143,0.99955,-0.02984,-0.00158,-0.00099,0.0001,0.0001,0.0001,0.000,0.000,0.000,1,1
TRK,29163,0.99955,-0.02984,-0.00165,-0.00099,0.0001,0.0001,0.0001,0.000,0.000,0.000,1,1
TRK,29181,0.99955,-0.02985,-0.00173,-0.00099,0.0001,0.0001,0.0001,0.000,0.000,0.000,1,1
TRK,29204,0.99955,-0.02983,-0.00170,-0.00099,0.0001,0.0001,0.0001,0.000,0.000,0.000,1,1
TRK,29222,0.99955,-0.02979,-0.00160,-0.00099,0.0001,0.0001,0.0001,0.000,0.000,0.000,1,1
TRK,29242,0.99955,-0.02980,-0.00152,-0.00099,0.0001,0.0001,0.0001,0.000,0.000,0.000,1,1
TRK,29264,0.99955,-0.02977,-0.00158,-0.00099,0.0001,0.0001,0.0001,0.000,0.000,0.000,1,1
TRK,29282,0.99956,-0.02976,-0.00175,-0.00099,0.0001,0.0001,0.0001,0.000,0.000,0.000,1,1
TRK,29304,0.99955,-0.02977,-0.00200,-0.00100,0.0001,0.0001,0.0001,0.000,0.000,0.000,1,1
TRK,29322,0.99956,-0.02973,-0.00212,-0.00100,0.0001,0.0001,0.0001,0.000,0.000,0.000,1,1
TRK,29344,0.99956,-0.02970,-0.00215,-0.00101,0.0001,0.0001,0.0001,0.000,0.000,0.000,1,1
TRK,29363,0.99956,-0.02971,-0.00205,-0.00100,0.0001,0.0001,0.0001,0.000,0.000,0.000,1,1
TRK,29383,0.99956,-0.02970,-0.00193,-0.00100,0.0001,0.0001,0.0001,0.000,0.000,0.000,1,1
TRK,29401,0.99956,-0.02971,-0.00186,-0.00100,0.0001,0.0001,0.0001,0.000,0.000,0.000,1,1
TRK,29423,0.99956,-0.02969,-0.00186,-0.00100,0.0001,0.0001,0.0001,0.000,0.000,0.000,1,1
TRK,29442,0.99956,-0.02973,-0.00193,-0.00100,0.0001,0.0001,0.0001,0.000,0.000,0.000,1,1
TRK,29462,0.99955,-0.02975,-0.00201,-0.00100,0.0001,0.0001,0.0001,0.000,0.000,0.000,1,1
TRK,29484,0.99955,-0.02980,-0.00204,-0.00100,0.0001,0.0001,0.0001,0.000,0.000,0.000,1,1
TRK,29504,0.99955,-0.02984,-0.00197,-0.00100,0.0001,0.0001,0.0001,0.000,0.000,0.000,1,1
TRK,29523,0.99955,-0.02982,-0.00180,-0.00099,0.0001,0.0001,0.0001,0.000,0.000,0.000,1,1
TRK,29543,0.99955,-0.02979,-0.00165,-0.00099,0.0001,0.0001,0.0001,0.000,0.000,0.000,1,1
STAT,404.6,400.6,0,0,0,0.0269,0.349,0.1189,0.0028,-0.0672,9.8129,0.35,0.002
TRK,29563,0.99955,-0.02978,-0.00162,-0.00099,0.0001,0.0001,0.0001,0.000,0.000,0.000,1,1
TRK,29584,0.99956,-0.02972,-0.00164,-0.00099,0.0001,0.0001,0.0001,0.000,0.000,0.000,1,1
TRK,29603,0.99956,-0.02970,-0.00163,-0.00099,0.0001,0.0001,0.0001,0.000,0.000,0.000,1,1
TRK,29621,0.99956,-0.02974,-0.00158,-0.00099,0.0001,0.0001,0.0001,0.000,0.000,0.000,1,1
TRK,29643,0.99956,-0.02977,-0.00150,-0.00099,0.0001,0.0001,0.0001,0.000,0.000,0.000,1,1
TRK,29662,0.99955,-0.02978,-0.00162,-0.00099,0.0001,0.0001,0.0001,0.000,0.000,0.000,1,1
TRK,29682,0.99955,-0.02979,-0.00182,-0.00100,0.0001,0.0001,0.0001,0.000,0.000,0.000,1,1
TRK,29704,0.99955,-0.02978,-0.00201,-0.00100,0.0001,0.0001,0.0001,0.000,0.000,0.000,1,1
TRK,29724,0.99955,-0.02980,-0.00200,-0.00100,0.0001,0.0001,0.0001,0.000,0.000,0.000,1,1
TRK,29742,0.99955,-0.02982,-0.00196,-0.00100,0.0001,0.0001,0.0001,0.000,0.000,0.000,1,1
TRK,29764,0.99955,-0.02983,-0.00191,-0.00100,0.0001,0.0001,0.0001,0.000,0.000,0.000,1,1
TRK,29783,0.99955,-0.02983,-0.00189,-0.00100,0.0001,0.0001,0.0001,0.000,0.000,0.000,1,1
TRK,29803,0.99955,-0.02986,-0.00184,-0.00100,0.0001,0.0001,0.0001,0.000,0.000,0.000,1,1
TRK,29822,0.99955,-0.02991,-0.00172,-0.00099,0.0001,0.0001,0.0001,0.000,0.000,0.000,1,1
TRK,29842,0.99955,-0.02997,-0.00152,-0.00099,0.0001,0.0001,0.0001,0.000,0.000,0.000,1,1
TRK,29862,0.99955,-0.02999,-0.00136,-0.00098,0.0001,0.0001,0.0001,0.000,0.000,0.000,1,1
TRK,29882,0.99955,-0.03000,-0.00146,-0.00098,0.0001,0.0001,0.0001,0.000,0.000,0.000,1,1
TRK,29903,0.99955,-0.03001,-0.00167,-0.00099,0.0001,0.0001,0.0001,0.000,0.000,0.000,1,1
TRK,29922,0.99955,-0.02996,-0.00177,-0.00099,0.0001,0.0001,0.0001,0.000,0.000,0.000,1,1
TRK,29944,0.99955,-0.02992,-0.00177,-0.00099,0.0001,0.0001,0.0001,0.000,0.000,0.000,1,1
TRK,29962,0.99955,-0.02989,-0.00184,-0.00100,0.0001,0.0001,0.0001,0.000,0.000,0.000,1,1
TRK,29984,0.99955,-0.02984,-0.00169,-0.00099,0.0001,0.0001,0.0001,0.000,0.000,0.000,1,1
TRK,30010,0.99955,-0.02985,-0.00164,-0.00099,0.0001,0.0001,0.0001,0.000,0.000,0.000,1,1
TRK,30023,0.99955,-0.02989,-0.00169,-0.00099,0.0001,0.0001,0.0001,0.000,0.000,0.000,1,1
TRK,30041,0.99955,-0.02992,-0.00175,-0.00099,0.0001,0.0001,0.0001,0.000,0.000,0.000,1,1
TRK,30063,0.99955,-0.03001,-0.00190,-0.00100,0.0001,0.0001,0.0001,0.000,0.000,0.000,1,1
TRK,30083,0.99955,-0.03003,-0.00204,-0.00100,0.0001,0.0001,0.0001,0.000,0.000,0.000,1,1
TRK,30103,0.99955,-0.03005,-0.00212,-0.00100,0.0001,0.0001,0.0001,0.000,0.000,0.000,1,1
TRK,30122,0.99955,-0.02999,-0.00221,-0.00101,0.0001,0.0001,0.0001,0.000,0.000,0.000,1,1
TRK,30141,0.99955,-0.02996,-0.00227,-0.00101,0.0001,0.0001,0.0001,0.000,0.000,0.000,1,1
TRK,30164,0.99955,-0.02993,-0.00231,-0.00101,0.0001,0.0001,0.0001,0.000,0.000,0.000,1,1
TRK,30183,0.99955,-0.02984,-0.00244,-0.00101,0.0001,0.0001,0.0001,0.000,0.000,0.000,1,1
TRK,30201,0.99955,-0.02984,-0.00257,-0.00102,0.0001,0.0001,0.0001,0.000,0.000,0.000,1,1
TRK,30223,0.99955,-0.02987,-0.00273,-0.00102,0.0001,0.0001,0.0001,0.000,0.000,0.000,1,1
TRK,30241,0.99955,-0.02981,-0.00291,-0.00103,0.0001,0.0001,0.0001,0.000,0.000,0.000,1,1
TRK,30263,0.99955,-0.02971,-0.00303,-0.00103,0.0001,0.0001,0.0001,0.000,0.000,0.000,1,1
TRK,30282,0.99955,-0.02967,-0.00303,-0.00103,0.0001,0.0001,0.0001,0.000,0.000,0.000,1,1
TRK,30302,0.99956,-0.02960,-0.00297,-0.00103,0.0001,0.0001,0.0001,0.000,0.000,0.000,1,1
TRK,30322,0.99956,-0.02952,-0.00294,-0.00103,0.0001,0.0001,0.0001,0.000,0.000,0.000,1,1
TRK,30342,0.99956,-0.02950,-0.00286,-0.00103,0.0001,0.0001,0.0001,0.000,0.000,0.000,1,1
TRK,30364,0.99956,-0.02947,-0.00295,-0.00103,0.0001,0.0001,0.0001,0.000,0.000,0.000,1,1
TRK,30384,0.99956,-0.02949,-0.00308,-0.00103,0.0001,0.0001,0.0001,0.000,0.000,0.000,1,1
TRK,30402,0.99956,-0.02952,-0.00308,-0.00103,0.0001,0.0001,0.0001,0.000,0.000,0.000,1,1
TRK,30422,0.99956,-0.02958,-0.00301,-0.00103,0.0001,0.0001,0.0001,0.000,0.000,0.000,1,1
TRK,30444,0.99956,-0.02956,-0.00293,-0.00103,0.0001,0.0001,0.0001,0.000,0.000,0.000,1,1
TRK,30463,0.99956,-0.02954,-0.00308,-0.00103,0.0001,0.0001,0.0001,0.000,0.000,0.000,1,1
TRK,30482,0.99956,-0.02942,-0.00332,-0.00104,0.0001,0.0001,0.0001,0.000,0.000,0.000,1,1
TRK,30504,0.99956,-0.02928,-0.00395,-0.00106,0.0001,0.0001,0.0001,0.000,0.000,0.000,1,1
TRK,30522,0.99956,-0.02916,-0.00450,-0.00108,0.0001,0.0001,0.0001,0.000,0.000,0.000,1,1
TRK,30544,0.99956,-0.02912,-0.00497,-0.00109,0.0001,0.0001,0.0001,0.000,0.000,0.000,1,1
STAT,404.6,401.1,0,0,0,0.0374,3.545,0.1321,-0.0067,-0.0650,9.8133,0.35,0.002
TRK,30564,0.99956,-0.02908,-0.00546,-0.00111,0.0001,0.0001,0.0001,0.000,0.000,0.000,1,1
TRK,30582,0.99956,-0.02904,-0.00571,-0.00111,0.0001,0.0001,0.0001,0.000,0.000,0.000,1,1
TRK,30604,0.99956,-0.02863,-0.00743,-0.00117,0.0001,0.0001,0.0001,0.000,0.000,0.000,1,1
TRK,30622,0.99955,-0.02762,-0.01126,-0.00140,0.0003,0.0001,0.0001,0.002,-0.000,0.001,2,1
TRK,30644,0.99953,-0.02657,-0.01523,-0.00165,0.0004,0.0001,0.0002,0.004,-0.000,0.001,2,1
TRK,30663,0.99950,-0.02573,-0.01833,-0.00180,0.0004,0.0000,0.0002,0.004,-0.000,0.001,2,1
TRK,30681,0.99948,-0.02539,-0.01957,-0.00185,0.0005,0.0001,0.0002,0.005,0.000,-0.000,2,1
TRK,30701,0.99948,-0.02537,-0.01966,-0.00180,0.0006,0.0000,0.0002,0.006,-0.000,0.000,2,1
TRK,30723,0.99948,-0.02522,-0.02017,-0.00183,0.0008,0.0000,0.0002,0.006,-0.000,0.000,2,1
TRK,30742,0.99948,-0.02525,-0.02011,-0.00177,0.0009,0.0000,0.0002,0.007,-0.000,0.000,2,1
TRK,30762,0.99948,-0.02531,-0.01992,-0.00176,0.0010,0.0000,0.0002,0.007,-0.000,-0.000,2,1
TRK,30784,0.99948,-0.02545,-0.01958,-0.00175,0.0012,0.0000,0.0002,0.008,-0.001,0.000,2,1
TRK,30803,0.99948,-0.02529,-0.02013,-0.00179,0.0014,0.0000,0.0002,0.009,-0.001,0.001,2,1
TRK,30821,0.99946,-0.02503,-0.02108,-0.00186,0.0015,0.0000,0.0002,0.009,-0.001,0.002,2,1
TRK,30841,0.99943,-0.02436,-0.02339,-0.00204,0.0017,-0.0000,0.0003,0.010,-0.001,0.002,2,1
TRK,30863,0.99937,-0.02336,-0.02671,-0.00266,0.0019,-0.0000,0.0004,0.010,-0.001,0.004,2,1
TRK,30884,0.99931,-0.02256,-0.02920,-0.00302,0.0022,-0.0001,0.0004,0.011,-0.001,0.002,2,1
TRK,30903,0.99930,-0.02237,-0.02984,-0.00306,0.0024,-0.0001,0.0004,0.012,-0.001,0.001,2,1
TRK,30921,0.99931,-0.02246,-0.02947,-0.00361,0.0026,-0.0001,0.0005,0.014,-0.002,0.001,2,1
TRK,30942,0.99929,-0.02228,-0.03011,-0.00405,0.0029,-0.0002,0.0005,0.013,-0.002,0.002,2,1
TRK,30962,0.99924,-0.02166,-0.03211,-0.00418,0.0031,-0.0002,0.0006,0.014,-0.002,0.003,2,1
TRK,30982,0.99927,-0.02194,-0.03115,-0.00405,0.0034,-0.0002,0.0006,0.016,-0.002,0.000,2,1
TRK,31004,0.99933,-0.02270,-0.02848,-0.00383,0.0038,-0.0003,0.0006,0.017,-0.002,0.000,2,1
TRK,31024,0.99933,-0.02260,-0.02870,-0.00379,0.0041,-0.0003,0.0006,0.017,-0.002,0.002,2,1
TRK,31042,0.99934,-0.02276,-0.02809,-0.00374,0.0045,-0.0004,0.0006,0.018,-0.002,0.001,2,1
TRK,31064,0.99942,-0.02393,-0.02394,-0.00347,0.0049,-0.0004,0.0006,0.019,-0.002,-0.001,2,1
TRK,31084,0.99947,-0.02487,-0.02053,-0.00319,0.0053,-0.0005,0.0006,0.019,-0.003,0.001,2,1
TRK,31104,0.99948,-0.02487,-0.02046,-0.00320,0.0056,-0.0005,0.0007,0.019,-0.003,0.003,2,1
TRK,31123,0.99947,-0.02478,-0.02076,-0.00325,0.0059,-0.0006,0.0007,0.019,-0.003,0.003,2,1
TRK,31142,0.99947,-0.02485,-0.02061,-0.00322,0.0063,-0.0006,0.0008,0.020,-0.003,0.001,2,1
TRK,31162,0.99948,-0.02493,-0.02019,-0.00319,0.0067,-0.0007,0.0008,0.021,-0.003,0.001,2,1
TRK,31182,0.99948,-0.02497,-0.02011,-0.00319,0.0072,-0.0008,0.0008,0.022,-0.004,0.002,2,1
TRK,31202,0.99948,-0.02490,-0.02010,-0.00312,0.0076,-0.0009,0.0009,0.023,-0.004,0.002,2,1
TRK,31224,0.99949,-0.02503,-0.01947,-0.00302,0.0081,-0.0009,0.0009,0.024,-0.004,0.001,2,1
TRK,31244,0.99951,-0.02537,-0.01834,-0.00293,0.0086,-0.0010,0.0009,0.025,-0.004,0.001,2,1
TRK,31262,0.99950,-0.02528,-0.01872,-0.00147,0.0092,-0.0011,0.0010,0.041,0.001,0.007,2,1
TRK,31284,0.99947,-0.02461,-0.02123,-0.00161,0.0102,-0.0011,0.0011,0.056,-0.004,0.002,2,1
TRK,31303,0.99944,-0.02407,-0.02329,-0.00188,0.0113,-0.0011,0.0011,0.059,-0.003,0.003,2,1
TRK,31321,0.99942,-0.02394,-0.02399,-0.00209,0.0123,-0.0012,0.0012,0.052,-0.004,0.004,2,1
TRK,31343,0.99940,-0.02356,-0.02534,-0.00265,0.0133,-0.0013,0.0013,0.045,-0.005,0.003,2,1
TRK,31361,0.99940,-0.02368,-0.02494,-0.00302,0.0142,-0.0014,0.0013,0.037,-0.004,0.002,2,1
TRK,31383,0.99943,-0.02408,-0.02348,-0.00327,0.0149,-0.0015,0.0014,0.031,-0.006,0.004,2,1
TRK,31403,0.99942,-0.02385,-0.02421,-0.00286,0.0156,-0.0016,0.0015,0.031,-0.006,0.003,2,1
TRK,31423,0.99942,-0.02391,-0.02401,-0.00259,0.0162,-0.0017,0.0015,0.031,-0.006,0.003,2,1
TRK,31442,0.99943,-0.02401,-0.02352,-0.00236,0.0167,-0.0018,0.0016,0.032,-0.006,0.003,2,1
TRK,31464,0.99945,-0.02432,-0.02249,-0.00165,0.0175,-0.0020,0.0016,0.034,-0.006,0.003,2,1
TRK,31483,0.99946,-0.02449,-0.02186,-0.00148,0.0181,-0.0021,0.0017,0.035,-0.007,0.003,2,1
TRK,31501,0.99947,-0.02466,-0.02122,-0.00131,0.0187,-0.0022,0.0018,0.036,-0.007,0.004,2,1
TRK,31523,0.99946,-0.02442,-0.02208,-0.00113,0.0196,-0.0024,0.0019,0.044,-0.007,0.007,2,1
TRK,31544,0.99942,-0.02372,-0.02457,-0.00009,0.0207,-0.0026,0.0020,0.049,-0.007,0.002,2,1
STAT,404.6,401.1,0,0,0,0.4457,8.359,0.1321,-0.0067,-0.0650,9.8139,0.35,0.002
TRK,31563,0.99942,-0.02386,-0.02426,0.00019,0.0216,-0.0027,0.0021,0.050,-0.008,0.005,2,1
TRK,31581,0.99939,-0.02351,-0.02564,0.00039,0.0226,-0.0028,0.0022,0.052,-0.008,0.005,2,1
TRK,31602,0.99941,-0.02373,-0.02498,0.00059,0.0235,-0.0030,0.0022,0.041,-0.007,0.005,2,1
TRK,31622,0.99941,-0.02377,-0.02477,0.00118,0.0243,-0.0031,0.0023,0.041,-0.007,0.004,2,1
TRK,31642,0.99940,-0.02366,-0.02510,0.00164,0.0252,-0.0033,0.0024,0.052,-0.008,0.005,2,1
TRK,31664,0.99940,-0.02368,-0.02512,0.00149,0.0265,-0.0035,0.0026,0.055,-0.008,0.004,2,1
TRK,31684,0.99939,-0.02370,-0.02544,0.00145,0.0276,-0.0036,0.0027,0.052,-0.008,0.005,2,1
TRK,31704,0.99939,-0.02372,-0.02566,0.00212,0.0286,-0.0038,0.0028,0.053,-0.007,0.006,2,1
TRK,31724,0.99939,-0.02380,-0.02548,0.00294,0.0298,-0.0039,0.0029,0.049,-0.007,0.006,2,1
TRK,31743,0.99939,-0.02378,-0.02543,0.00351,0.0306,-0.0041,0.0030,0.049,-0.007,0.006,2,1
TRK,31763,0.99938,-0.02354,-0.02596,0.00411,0.0316,-0.0042,0.0031,0.054,-0.008,0.005,2,1
TRK,31781,0.99938,-0.02349,-0.02602,0.00412,0.0327,-0.0044,0.0032,0.055,-0.009,0.007,2,1
TRK,31802,0.99934,-0.02304,-0.02768,0.00469,0.0338,-0.0046,0.0034,0.052,-0.007,0.006,2,1
TRK,31821,0.99935,-0.02315,-0.02726,0.00534,0.0348,-0.0047,0.0035,0.058,-0.009,0.008,2,1
TRK,31841,0.99933,-0.02295,-0.02782,0.00619,0.0360,-0.0049,0.0037,0.052,-0.008,0.006,2,1
TRK,31861,0.99934,-0.02311,-0.02726,0.00659,0.0370,-0.0050,0.0038,0.060,-0.008,0.007,2,1
TRK,31881,0.99932,-0.02289,-0.02808,0.00685,0.0383,-0.0052,0.0039,0.067,-0.009,0.007,2,1
TRK,31901,0.99932,-0.02286,-0.02807,0.00685,0.0396,-0.0054,0.0041,0.066,-0.009,0.007,2,1
TRK,31924,0.99931,-0.02273,-0.02839,0.00688,0.0410,-0.0056,0.0042,0.059,-0.008,0.007,2,1
TRK,31943,0.99932,-0.02284,-0.02797,0.00681,0.0422,-0.0057,0.0043,0.057,-0.008,0.007,2,1
TRK,31961,0.99932,-0.02280,-0.02811,0.00682,0.0432,-0.0059,0.0045,0.058,-0.008,0.007,2,1
TRK,31983,0.99932,-0.02278,-0.02813,0.00685,0.0445,-0.0061,0.0046,0.059,-0.009,0.007,2,1
TRK,32001,0.99932,-0.02275,-0.02808,0.00691,0.0456,-0.0062,0.0047,0.060,-0.009,0.007,2,1
TRK,32023,0.99933,-0.02277,-0.02795,0.00700,0.0468,-0.0064,0.0049,0.061,-0.008,0.008,2,1
TRK,32042,0.99929,-0.02248,-0.02905,0.00778,0.0482,-0.0066,0.0051,0.072,-0.010,0.009,2,1
TRK,32064,0.99929,-0.02244,-0.02930,0.00803,0.0496,-0.0068,0.0052,0.064,-0.009,0.008,2,1
TRK,32084,0.99928,-0.02239,-0.02939,0.00813,0.0509,-0.0070,0.0054,0.065,-0.009,0.008,2,1
TRK,32102,0.99930,-0.02263,-0.02862,0.00832,0.0521,-0.0071,0.0055,0.068,-0.009,0.008,2,1
TRK,32124,0.99929,-0.02262,-0.02868,0.00892,0.0536,-0.0073,0.0057,0.068,-0.009,0.008,2,1
TRK,32142,0.99929,-0.02265,-0.02851,0.00938,0.0550,-0.0075,0.0059,0.072,-0.009,0.008,2,1
TRK,32164,0.99927,-0.02250,-0.02900,0.01025,0.0567,-0.0077,0.0060,0.080,-0.011,0.009,2,1
TRK,32184,0.99924,-0.02202,-0.03024,0.01067,0.0583,-0.0080,0.0062,0.077,-0.011,0.008,2,1
TRK,32204,0.99926,-0.02226,-0.02950,0.01104,0.0598,-0.0082,0.0064,0.074,-0.009,0.007,2,1
TRK,32223,0.99927,-0.02259,-0.02860,0.01114,-0.0045,-0.0003,-0.0001,0.000,0.000,0.000,1,2
TRK,32242,0.99926,-0.02265,-0.02896,0.01113,-0.0045,-0.0003,-0.0001,0.000,0.000,0.000,1,2
TRK,32262,0.99927,-0.02247,-0.02892,0.01112,-0.0045,-0.0003,-0.0001,0.000,0.000,0.000,1,2
TRK,32282,0.99928,-0.02221,-0.02865,0.01112,-0.0045,-0.0003,-0.0001,0.000,0.000,0.000,1,2
TRK,32303,0.99927,-0.02222,-0.02895,0.01112,-0.0045,-0.0003,-0.0001,0.000,0.000,0.000,1,2
TRK,32323,0.99926,-0.02228,-0.02936,0.01111,-0.0045,-0.0003,-0.0001,0.000,0.000,0.000,1,2
TRK,32341,0.99925,-0.02226,-0.02971,0.01110,-0.0045,-0.0003,-0.0001,0.000,0.000,0.000,1,2
TRK,32361,0.99924,-0.02229,-0.02985,0.01110,-0.0045,-0.0003,-0.0001,0.000,0.000,0.000,1,2
TRK,32383,0.99925,-0.02267,-0.02923,0.01112,-0.0040,-0.0003,-0.0001,0.014,-0.001,0.001,2,2
TRK,32404,0.99922,-0.02229,-0.03033,0.01207,-0.0035,-0.0004,-0.0000,0.023,-0.003,0.002,2,2
TRK,32423,0.99921,-0.02230,-0.03038,0.01255,-0.0031,-0.0004,-0.0000,0.028,-0.004,0.002,2,2
TRK,32444,0.99919,-0.02198,-0.03110,0.01263,-0.0025,-0.0005,-0.0000,0.023,-0.003,-0.001,2,2
TRK,32463,0.99918,-0.02192,-0.03158,0.01249,-0.0020,-0.0006,0.0000,0.032,-0.005,0.001,2,2
TRK,32482,0.99919,-0.02208,-0.03118,0.01260,-0.0014,-0.0007,0.0000,0.034,-0.004,0.001,2,2
TRK,32502,0.99918,-0.02204,-0.03164,0.01235,-0.0006,-0.0008,0.0000,0.039,-0.006,0.000,2,2
TRK,32523,0.99920,-0.02218,-0.03099,0.01202,0.0002,-0.0009,0.0001,0.035,-0.005,0.001,2,2
TRK,32542,0.99919,-0.02210,-0.03149,0.01198,0.0008,-0.0010,0.0001,0.039,-0.005,0.002,2,2
STAT,404.5,400.5,0,0,0,0.6008,5.303,0.1321,-0.0067,-0.0650,9.8153,1.76,0.075
TRK,32564,0.99918,-0.02212,-0.03159,0.01228,0.0016,-0.0011,0.0001,0.038,-0.007,0.002,2,2
TRK,32583,0.99918,-0.02209,-0.03155,0.01232,0.0024,-0.0012,0.0002,0.033,-0.006,0.002,2,2
TRK,32603,0.99920,-0.02229,-0.03097,0.01239,0.0030,-0.0013,0.0002,0.031,-0.006,0.001,2,2
TRK,32623,0.99922,-0.02276,-0.02964,0.01266,0.0035,-0.0014,0.0002,0.024,-0.004,0.002,2,2
TRK,32643,0.99919,-0.02247,-0.03052,0.01372,0.0041,-0.0015,0.0003,0.028,-0.005,0.001,2,2
TRK,32661,0.99916,-0.02225,-0.03150,0.01387,0.0047,-0.0016,0.0003,0.030,-0.006,0.002,2,2
TRK,32683,0.99915,-0.02234,-0.03134,0.01460,0.0053,-0.0017,0.0003,0.030,-0.006,0.003,2,2
TRK,32702,0.99916,-0.02244,-0.03086,0.01514,0.0058,-0.0018,0.0004,0.025,-0.006,0.002,2,2
TRK,32723,0.99915,-0.02243,-0.03097,0.01531,0.0064,-0.0020,0.0004,0.025,-0.006,0.002,2,2
TRK,32742,0.99914,-0.02230,-0.03118,0.01593,0.0068,-0.0021,0.0005,0.023,-0.005,0.002,2,2
TRK,32762,0.99914,-0.02238,-0.03078,0.01631,0.0072,-0.0022,0.0005,0.020,-0.004,0.003,2,2
TRK,32782,0.99915,-0.02242,-0.03063,0.01635,0.0077,-0.0023,0.0006,0.021,-0.004,0.003,2,2
TRK,32804,0.99915,-0.02248,-0.03043,0.01639,0.0081,-0.0023,0.0006,0.021,-0.005,0.003,2,2
TRK,32824,0.99916,-0.02257,-0.03009,0.01647,0.0086,-0.0024,0.0007,0.023,-0.005,0.003,2,2
TRK,32843,0.99915,-0.02259,-0.03021,0.01669,0.0014,-0.0010,-0.0002,0.000,0.000,0.000,1,3
TRK,32861,0.99911,-0.02262,-0.03146,0.01666,0.0014,-0.0010,-0.0002,0.000,0.000,0.000,1,3
TRK,32883,0.99909,-0.02247,-0.03212,0.01692,0.0013,-0.0009,-0.0001,0.013,-0.001,0.002,2,3
TRK,32902,0.99908,-0.02248,-0.03230,0.01677,0.0016,-0.0010,-0.0000,0.017,-0.003,0.002,2,3
TRK,32922,0.99909,-0.02236,-0.03244,0.01658,0.0020,-0.0010,-0.0000,0.019,-0.002,0.001,2,3
TRK,32942,0.99907,-0.02251,-0.03294,0.01630,0.0024,-0.0011,0.0000,0.021,-0.004,0.002,2,3
TRK,32963,0.99907,-0.02251,-0.03285,0.01661,0.0029,-0.0011,0.0001,0.026,-0.003,0.002,2,3
TRK,32983,0.99909,-0.02275,-0.03217,0.01636,0.0033,-0.0012,0.0001,0.021,-0.001,0.003,2,3
TRK,33001,0.99908,-0.02274,-0.03230,0.01645,0.0036,-0.0012,0.0002,0.020,-0.002,0.002,2,3
TRK,33021,0.99908,-0.02268,-0.03255,0.01616,0.0041,-0.0013,0.0002,0.025,-0.002,0.004,2,3
TRK,33043,0.99907,-0.02277,-0.03269,0.01640,0.0046,-0.0013,0.0003,0.021,-0.001,0.003,2,3
TRK,33064,0.99906,-0.02264,-0.03283,0.01674,0.0051,-0.0013,0.0004,0.028,-0.004,0.005,2,3
TRK,33083,0.99908,-0.02309,-0.03221,0.01662,0.0056,-0.0014,0.0004,0.027,-0.005,0.002,2,3
TRK,33101,0.99908,-0.02315,-0.03189,0.01668,0.0061,-0.0015,0.0004,0.018,-0.001,0.001,2,3
TRK,33122,0.99908,-0.02289,-0.03235,0.01650,0.0066,-0.0015,0.0005,0.028,-0.004,0.003,2,3
TRK,33142,0.99906,-0.02303,-0.03270,0.01651,0.0072,-0.0016,0.0006,0.029,-0.004,0.002,2,3
TRK,33162,0.99909,-0.02330,-0.03171,0.01634,0.0078,-0.0017,0.0006,0.028,-0.004,0.002,2,3
TRK,33182,0.99909,-0.02339,-0.03187,0.01575,0.0084,-0.0018,0.0007,0.038,-0.006,0.004,2,3
TRK,33204,0.99910,-0.02378,-0.03129,0.01617,0.0091,-0.0019,0.0007,0.039,-0.005,0.006,2,3
TRK,33224,0.99908,-0.02373,-0.03191,0.01612,0.0098,-0.0020,0.0008,0.042,-0.005,0.006,2,3
TRK,33244,0.99908,-0.02370,-0.03201,0.01593,0.0106,-0.0021,0.0009,0.032,-0.004,0.002,2,3
TRK,33263,0.99907,-0.02393,-0.03217,0.01595,0.0113,-0.0022,0.0010,0.039,-0.005,0.003,2,3
TRK,33283,0.99908,-0.02424,-0.03178,0.01574,0.0121,-0.0023,0.0011,0.037,-0.003,0.004,2,3
TRK,33303,0.99907,-0.02421,-0.03197,0.01615,0.0129,-0.0024,0.0011,0.037,-0.006,0.003,2,3
TRK,33321,0.99906,-0.02441,-0.03198,0.01613,0.0137,-0.0025,0.0012,0.041,-0.006,0.004,2,3
TRK,33343,0.99902,-0.02428,-0.03293,0.01668,0.0146,-0.0026,0.0013,0.044,-0.004,0.005,2,3
TRK,33362,0.99901,-0.02440,-0.03323,0.01693,0.0155,-0.0027,0.0014,0.047,-0.005,0.003,2,3
TRK,33384,0.99900,-0.02460,-0.03333,0.01670,0.0165,-0.0028,0.0015,0.051,-0.007,0.003,2,3
TRK,33404,0.99899,-0.02487,-0.03348,0.01654,0.0176,-0.0030,0.0016,0.053,-0.007,0.005,2,3
TRK,33424,0.99899,-0.02511,-0.03345,0.01653,0.0186,-0.0031,0.0017,0.050,-0.006,0.005,2,3
TRK,33441,0.99898,-0.02514,-0.03374,0.01618,0.0194,-0.0032,0.0018,0.046,-0.003,0.005,2,3
TRK,33461,0.99898,-0.02542,-0.03347,0.01638,0.0204,-0.0032,0.0019,0.049,-0.003,0.005,2,3
TRK,33483,0.99899,-0.02567,-0.03301,0.01655,0.0214,-0.0032,0.0020,0.045,-0.001,0.006,2,3
TRK,33504,0.99897,-0.02558,-0.03347,0.01688,0.0224,-0.0033,0.0021,0.043,-0.004,0.007,2,3
TRK,33523,0.99895,-0.02572,-0.03375,0.01734,0.0231,-0.0034,0.0022,0.039,-0.003,0.005,2,3
TRK,33541,0.99893,-0.02569,-0.03425,0.01755,0.0239,-0.0035,0.0023,0.039,-0.003,0.006,2,3
STAT,404.5,400.5,0,0,0,0.7076,6.941,0.1321,-0.0067,-0.0650,9.8160,0.61,0.026
TRK,33562,0.99891,-0.02578,-0.03420,0.01841,0.0247,-0.0035,0.0025,0.035,-0.004,0.005,2,3
TRK,33582,0.99890,-0.02574,-0.03453,0.01848,0.0254,-0.0036,0.0026,0.037,-0.004,0.006,2,3
TRK,33602,0.99888,-0.02566,-0.03503,0.01879,0.0261,-0.0037,0.0027,0.038,-0.005,0.007,2,3
TRK,33622,0.99887,-0.02580,-0.03481,0.01953,0.0268,-0.0038,0.0028,0.032,-0.004,0.006,2,3
TRK,33644,0.99885,-0.02570,-0.03547,0.01952,0.0276,-0.0039,0.0030,0.040,-0.006,0.007,2,3
TRK,33662,0.99886,-0.02592,-0.03494,0.01977,0.0283,-0.0040,0.0031,0.029,-0.004,0.006,2,3
TRK,33684,0.99886,-0.02607,-0.03446,0.02016,0.0289,-0.0041,0.0033,0.033,-0.004,0.007,2,3
TRK,33703,0.99888,-0.02620,-0.03362,0.02057,0.0296,-0.0042,0.0034,0.031,-0.003,0.007,2,3
TRK,33721,0.99883,-0.02561,-0.03566,0.02041,0.0303,-0.0043,0.0035,0.045,-0.007,0.008,2,3
TRK,33743,0.99887,-0.02603,-0.03412,0.02058,0.0311,-0.0044,0.0037,0.030,-0.003,0.006,2,3
TRK,33761,0.99886,-0.02609,-0.03419,0.02067,0.0318,-0.0045,0.0038,0.043,-0.006,0.009,2,3
TRK,33783,0.99883,-0.02585,-0.03501,0.02092,0.0327,-0.0046,0.0040,0.047,-0.008,0.010,2,3
TRK,33802,0.99883,-0.02582,-0.03509,0.02103,0.0336,-0.0047,0.0042,0.044,-0.006,0.009,2,3
TRK,33822,0.99885,-0.02599,-0.03449,0.02065,0.0346,-0.0049,0.0043,0.048,-0.006,0.007,2,3
TRK,33842,0.99886,-0.02614,-0.03453,0.02023,0.0356,-0.0050,0.0045,0.054,-0.007,0.008,2,3
TRK,33862,0.99889,-0.02646,-0.03351,0.02001,0.0366,-0.0051,0.0046,0.048,-0.005,0.008,2,3
TRK,33882,0.99885,-0.02588,-0.03505,0.02025,0.0378,-0.0052,0.0049,0.057,-0.007,0.008,2,3
TRK,33902,0.99886,-0.02602,-0.03444,0.02050,0.0389,-0.0054,0.0050,0.054,-0.007,0.008,2,3
TRK,33923,0.99888,-0.02619,-0.03363,0.02042,0.0398,-0.0055,0.0052,0.053,-0.005,0.010,2,3
TRK,33943,0.99886,-0.02600,-0.03431,0.02053,0.0410,-0.0056,0.0054,0.056,-0.005,0.011,2,3
TRK,33963,0.99887,-0.02602,-0.03408,0.02040,0.0421,-0.0057,0.0056,0.056,-0.006,0.008,2,3
TRK,33981,0.99888,-0.02603,-0.03363,0.02053,0.0431,-0.0058,0.0057,0.051,-0.004,0.010,2,3
TRK,34001,0.99888,-0.02589,-0.03405,0.02030,0.0442,-0.0059,0.0059,0.056,-0.006,0.011,2,3
TRK,34023,0.99887,-0.02598,-0.03382,0.02095,0.0453,-0.0060,0.0062,0.052,-0.004,0.011,2,3
TRK,34043,0.99886,-0.02581,-0.03418,0.02129,0.0464,-0.0061,0.0064,0.061,-0.006,0.010,2,3
TRK,34062,0.99883,-0.02572,-0.03450,0.02199,0.0474,-0.0062,0.0065,0.061,-0.006,0.010,2,3
TRK,34084,0.99882,-0.02566,-0.03430,0.02267,0.0487,-0.0063,0.0068,0.060,-0.005,0.011,2,3
TRK,34104,0.99882,-0.02549,-0.03444,0.02296,0.0499,-0.0064,0.0070,0.065,-0.006,0.010,2,3
TRK,34123,0.99880,-0.02519,-0.03518,0.02312,0.0511,-0.0065,0.0072,0.063,-0.004,0.009,2,3
TRK,34143,0.99880,-0.02541,-0.03463,0.02332,0.0524,-0.0066,0.0074,0.066,-0.004,0.010,2,3
TRK,34161,0.99881,-0.02537,-0.03473,0.02297,0.0536,-0.0067,0.0075,0.074,-0.007,0.010,2,3
TRK,34183,0.99883,-0.02567,-0.03390,0.02303,0.0552,-0.0068,0.0077,0.071,-0.005,0.010,2,3
TRK,34201,0.99881,-0.02546,-0.03443,0.02320,0.0567,-0.0070,0.0079,0.074,-0.007,0.009,2,3
TRK,34223,0.99879,-0.02501,-0.03471,0.02415,0.0582,-0.0071,0.0082,0.073,-0.005,0.011,2,3
TRK,34242,0.99878,-0.02485,-0.03487,0.02451,0.0597,-0.0072,0.0084,0.081,-0.007,0.012,2,3
TRK,34262,0.99880,-0.02480,-0.03433,0.02449,0.0613,-0.0073,0.0086,0.080,-0.004,0.012,2,3
TRK,34282,0.99880,-0.02481,-0.03429,0.02465,0.0630,-0.0074,0.0088,0.083,-0.006,0.011,2,3
TRK,34302,0.99880,-0.02481,-0.03406,0.02478,0.0647,-0.0076,0.0090,0.082,-0.007,0.012,2,3
TRK,34322,0.99880,-0.02443,-0.03460,0.02460,0.0667,-0.0078,0.0093,0.097,-0.013,0.011,2,3
TRK,34344,0.99880,-0.02464,-0.03398,0.02509,0.0685,-0.0080,0.0095,0.093,-0.009,0.012,2,3
TRK,34364,0.99881,-0.02450,-0.03386,0.02521,0.0706,-0.0082,0.0098,0.097,-0.009,0.010,2,3
TRK,34383,0.99880,-0.02442,-0.03398,0.02538,0.0723,-0.0084,0.0100,0.097,-0.008,0.011,2,3
TRK,34401,0.99880,-0.02448,-0.03388,0.02560,0.0744,-0.0086,0.0102,0.107,-0.010,0.010,2,3
TRK,34423,0.99878,-0.02444,-0.03371,0.02649,0.0765,-0.0087,0.0104,0.111,-0.008,0.010,2,3
TRK,34442,0.99874,-0.02424,-0.03416,0.02769,0.0788,-0.0088,0.0107,0.115,-0.002,0.014,2,3
TRK,34462,0.99868,-0.02412,-0.03446,0.02933,0.0810,-0.0089,0.0109,0.115,-0.002,0.013,2,3
TRK,34482,0.99863,-0.02383,-0.03510,0.03062,0.0834,-0.0089,0.0112,0.122,-0.005,0.012,2,3
TRK,34503,0.99860,-0.02401,-0.03524,0.03146,0.0861,-0.0090,0.0115,0.126,-0.007,0.013,2,3
TRK,34523,0.99858,-0.02404,-0.03498,0.03221,0.0887,-0.0092,0.0117,0.130,-0.010,0.014,2,3
TRK,34541,0.99854,-0.02380,-0.03589,0.03246,0.0910,-0.0094,0.0119,0.135,-0.010,0.013,2,3
STAT,404.5,400.5,0,0,0,0.5786,8.091,0.1321,-0.0067,-0.0650,9.8160,0.61,0.026
TRK,34561,0.99852,-0.02387,-0.03561,0.03357,0.0937,-0.0096,0.0122,0.139,-0.005,0.014,2,3
TRK,34583,0.99845,-0.02343,-0.03621,0.03509,0.0969,-0.0097,0.0126,0.147,-0.007,0.016,2,3
TRK,34604,0.99844,-0.02302,-0.03705,0.03477,0.1003,-0.0099,0.0129,0.152,-0.011,0.017,2,3
TRK,34623,0.99841,-0.02270,-0.03739,0.03559,0.1029,-0.0101,0.0132,0.143,-0.004,0.016,2,3
TRK,34641,0.99840,-0.02240,-0.03806,0.03544,0.1058,-0.0102,0.0135,0.146,-0.005,0.016,2,3
TRK,34662,0.99840,-0.02230,-0.03781,0.03572,0.1086,-0.0102,0.0138,0.138,-0.000,0.016,2,3
TRK,34682,0.99840,-0.02228,-0.03749,0.03588,0.1114,-0.0103,0.0142,0.139,-0.002,0.017,2,3
TRK,34704,0.99836,-0.02202,-0.03776,0.03688,0.1143,-0.0103,0.0145,0.127,-0.001,0.016,2,3
TRK,34724,0.99831,-0.02145,-0.03926,0.03719,0.1168,-0.0103,0.0149,0.119,-0.003,0.017,2,3
TRK,34744,0.99830,-0.02131,-0.03910,0.03753,0.1189,-0.0103,0.0152,0.104,-0.001,0.018,2,3
TRK,34764,0.99827,-0.02080,-0.04050,0.03727,0.1209,-0.0103,0.0155,0.090,0.000,0.018,2,3
TRK,34782,0.99828,-0.02078,-0.04043,0.03703,0.1226,-0.0103,0.0159,0.083,0.001,0.017,2,3
TRK,34802,0.99831,-0.02035,-0.04123,0.03542,0.1241,-0.0103,0.0162,0.076,0.001,0.018,2,3
TRK,34824,0.99830,-0.02001,-0.04202,0.03497,0.1257,-0.0103,0.0166,0.070,0.002,0.019,2,3
TRK,34843,0.99827,-0.01963,-0.04298,0.03493,0.1269,-0.0102,0.0170,0.071,0.002,0.019,2,3
TRK,34864,0.99824,-0.01924,-0.04398,0.03487,0.1285,-0.0102,0.0174,0.072,0.002,0.018,2,3
TRK,34881,0.99822,-0.01908,-0.04452,0.03480,0.1298,-0.0101,0.0177,0.074,0.003,0.018,2,3
TRK,34903,0.99825,-0.01902,-0.04459,0.03396,0.1315,-0.0101,0.0181,0.077,0.002,0.019,2,3
TRK,34922,0.99827,-0.01901,-0.04468,0.03323,0.1328,-0.0100,0.0184,0.078,0.002,0.018,2,3
TRK,34944,0.99827,-0.01895,-0.04484,0.03283,0.1346,-0.0100,0.0188,0.079,0.002,0.018,2,3
TRK,34962,0.99827,-0.01893,-0.04489,0.03284,0.1359,-0.0100,0.0191,0.079,0.002,0.018,2,3
TRK,34984,0.99825,-0.01894,-0.04533,0.03284,0.0469,-0.0127,-0.0019,0.000,0.000,0.000,1,4
TRK,35002,0.99823,-0.01883,-0.04585,0.03282,0.0469,-0.0127,-0.0019,0.000,0.000,0.000,1,4
TRK,35022,0.99821,-0.01866,-0.04642,0.03280,0.0469,-0.0127,-0.0019,0.000,0.000,0.000,1,4
TRK,35044,0.99819,-0.01858,-0.04683,0.03279,0.0469,-0.0127,-0.0019,0.000,0.000,0.000,1,4
TRK,35063,0.99818,-0.01858,-0.04709,0.03278,0.0469,-0.0127,-0.0019,0.000,0.000,0.000,1,4
TRK,35081,0.99817,-0.01861,-0.04734,0.03278,0.0469,-0.0127,-0.0019,0.000,0.000,0.000,1,4
TRK,35103,0.99815,-0.01859,-0.04762,0.03277,0.0469,-0.0127,-0.0019,0.000,0.000,0.000,1,4
TRK,35122,0.99814,-0.01855,-0.04793,0.03276,0.0469,-0.0127,-0.0019,0.000,0.000,0.000,1,4
TRK,35143,0.99814,-0.01848,-0.04805,0.03276,0.0469,-0.0127,-0.0019,0.000,0.000,0.000,1,4
TRK,35164,0.99814,-0.01842,-0.04796,0.03276,0.0469,-0.0127,-0.0019,0.000,0.000,0.000,1,4
TRK,35182,0.99814,-0.01835,-0.04800,0.03275,0.0469,-0.0127,-0.0019,0.000,0.000,0.000,1,4
TRK,35204,0.99813,-0.01824,-0.04826,0.03274,0.0469,-0.0127,-0.0019,0.000,0.000,0.000,1,4
TRK,35222,0.99811,-0.01812,-0.04867,0.03273,0.0469,-0.0127,-0.0019,0.000,0.000,0.000,1,4
TRK,35244,0.99810,-0.01806,-0.04907,0.03272,0.0469,-0.0127,-0.0019,0.000,0.000,0.000,1,4
TRK,35264,0.99809,-0.01812,-0.04919,0.03272,0.0469,-0.0127,-0.0019,0.000,0.000,0.000,1,4
TRK,35284,0.99810,-0.01819,-0.04902,0.03273,0.0469,-0.0127,-0.0019,0.000,0.000,0.000,1,4
TRK,35303,0.99810,-0.01822,-0.04883,0.03273,0.0469,-0.0127,-0.0019,0.000,0.000,0.000,1,4
TRK,35322,0.99810,-0.01820,-0.04884,0.03273,0.0469,-0.0127,-0.0019,0.000,0.000,0.000,1,4
TRK,35342,0.99810,-0.01808,-0.04900,0.03272,0.0469,-0.0127,-0.0019,0.000,0.000,0.000,1,4
TRK,35362,0.99810,-0.01801,-0.04902,0.03272,0.0469,-0.0127,-0.0019,0.000,0.000,0.000,1,4
TRK,35384,0.99810,-0.01801,-0.04904,0.03272,0.0469,-0.0127,-0.0019,0.000,0.000,0.000,1,4
TRK,35402,0.99810,-0.01801,-0.04903,0.03272,0.0469,-0.0127,-0.0019,0.000,0.000,0.000,1,4
TRK,35424,0.99809,-0.01798,-0.04917,0.03271,0.0469,-0.0127,-0.0019,0.000,0.000,0.000,1,4
TRK,35442,0.99809,-0.01798,-0.04920,0.03271,0.0469,-0.0127,-0.0019,0.000,0.000,0.000,1,4
TRK,35464,0.99809,-0.01798,-0.04920,0.03271,0.0469,-0.0127,-0.0019,0.000,0.000,0.000,1,4
TRK,35483,0.99810,-0.01792,-0.04912,0.03271,0.0469,-0.0127,-0.0019,0.000,0.000,0.000,1,4
TRK,35503,0.99810,-0.01791,-0.04908,0.03271,0.0469,-0.0127,-0.0019,0.000,0.000,0.000,1,4
TRK,35521,0.99810,-0.01789,-0.04901,0.03271,0.0469,-0.0127,-0.0019,0.000,0.000,0.000,1,4
TRK,35541,0.99810,-0.01789,-0.04905,0.03271,0.0469,-0.0127,-0.0019,0.000,0.000,0.000,1,4
STAT,404.5,400.5,0,0,0,0.0365,0.481,0.1284,0.0055,-0.0641,9.8224,2.25,0.082
TRK,35563,0.99810,-0.01797,-0.04909,0.03271,0.0469,-0.0127,-0.0019,0.000,0.000,0.000,1,4
TRK,35583,0.99810,-0.01808,-0.04908,0.03272,0.0469,-0.0127,-0.0019,0.000,0.000,0.000,1,4
TRK,35602,0.99809,-0.01808,-0.04921,0.03272,0.0469,-0.0127,-0.0019,0.000,0.000,0.000,1,4
TRK,35621,0.99808,-0.01809,-0.04940,0.03271,0.0469,-0.0127,-0.0019,0.000,0.000,0.000,1,4
TRK,35644,0.99808,-0.01809,-0.04944,0.03271,0.0469,-0.0127,-0.0019,0.000,0.000,0.000,1,4
TRK,35663,0.99809,-0.01810,-0.04924,0.03272,0.0469,-0.0127,-0.0019,0.000,0.000,0.000,1,4
TRK,35681,0.99810,-0.01819,-0.04892,0.03273,0.0469,-0.0127,-0.0019,0.000,0.000,0.000,1,4
TRK,35703,0.99811,-0.01821,-0.04873,0.03273,0.0469,-0.0127,-0.0019,0.000,0.000,0.000,1,4
TRK,35721,0.99811,-0.01815,-0.04881,0.03273,0.0469,-0.0127,-0.0019,0.000,0.000,0.000,1,4
TRK,35743,0.99810,-0.01811,-0.04897,0.03272,0.0469,-0.0127,-0.0019,0.000,0.000,0.000,1,4
TRK,35761,0.99810,-0.01821,-0.04899,0.03273,0.0469,-0.0127,-0.0019,0.000,0.000,0.000,1,4
TRK,35782,0.99810,-0.01834,-0.04881,0.03274,0.0469,-0.0127,-0.0019,0.000,0.000,0.000,1,4
TRK,35802,0.99811,-0.01844,-0.04868,0.03275,0.0469,-0.0127,-0.0019,0.000,0.000,0.000,1,4
TRK,35822,0.99811,-0.01843,-0.04864,0.03275,0.0469,-0.0127,-0.0019,0.000,0.000,0.000,1,4
TRK,35844,0.99811,-0.01833,-0.04863,0.03274,0.0469,-0.0127,-0.0019,0.000,0.000,0.000,1,4
TRK,35864,0.99811,-0.01829,-0.04861,0.03274,0.0469,-0.0127,-0.0019,0.000,0.000,0.000,1,4
TRK,35884,0.99811,-0.01826,-0.04861,0.03274,0.0469,-0.0127,-0.0019,0.000,0.000,0.000,1,4
TRK,35904,0.99811,-0.01829,-0.04860,0.03274,0.0469,-0.0127,-0.0019,0.000,0.000,0.000,1,4
TRK,35923,0.99810,-0.01829,-0.04883,0.03274,0.0469,-0.0127,-0.0019,0.000,0.000,0.000,1,4
TRK,35943,0.99809,-0.01825,-0.04917,0.03273,0.0469,-0.0127,-0.0019,0.000,0.000,0.000,1,4
TRK,35961,0.99807,-0.01811,-0.04954,0.03271,0.0469,-0.0127,-0.0019,0.000,0.000,0.000,1,4
TRK,35983,0.99805,-0.01791,-0.05001,0.03269,0.0469,-0.0127,-0.0019,0.000,0.000,0.000,1,4
TRK,36003,0.99803,-0.01770,-0.05046,0.03267,0.0469,-0.0127,-0.0019,0.000,0.000,0.000,1,4
TRK,36023,0.99797,-0.01711,-0.05200,0.03261,0.0469,-0.0127,-0.0019,0.000,0.000,0.000,1,4
TRK,36042,0.99788,-0.01636,-0.05406,0.03249,0.0470,-0.0127,-0.0018,0.001,-0.000,0.002,2,4
TRK,36061,0.99775,-0.01534,-0.05689,0.03198,0.0470,-0.0127,-0.0017,-0.000,-0.000,0.003,2,4
TRK,36084,0.99783,-0.01519,-0.05825,0.02671,0.0468,-0.0126,-0.0017,-0.036,0.011,-0.000,2,4
TRK,36103,0.99787,-0.01511,-0.05871,0.02424,0.0459,-0.0123,-0.0017,-0.048,0.017,0.002,2,4
TRK,36121,0.99789,-0.01548,-0.05874,0.02312,0.0448,-0.0119,-0.0016,-0.075,0.028,0.003,2,4
TRK,36143,0.99789,-0.01555,-0.05885,0.02264,0.0428,-0.0112,-0.0015,-0.102,0.036,0.003,2,4
TRK,36164,0.99789,-0.01575,-0.05893,0.02205,0.0404,-0.0103,-0.0015,-0.118,0.040,0.003,2,4
TRK,36183,0.99792,-0.01610,-0.05884,0.02078,0.0383,-0.0096,-0.0014,-0.131,0.045,0.004,2,4
TRK,36202,0.99798,-0.01667,-0.05820,0.01935,0.0355,-0.0087,-0.0014,-0.156,0.052,0.000,2,4
TRK,36223,0.99812,-0.01745,-0.05659,0.01605,0.0316,-0.0075,-0.0013,-0.192,0.059,0.001,2,4
TRK,36242,0.99818,-0.01811,-0.05592,0.01319,0.0281,-0.0064,-0.0013,-0.213,0.063,-0.000,2,4
TRK,36264,0.99823,-0.01851,-0.05583,0.00891,0.0231,-0.0049,-0.0013,-0.240,0.075,0.003,2,4
TRK,36282,0.99819,-0.01890,-0.05695,0.00503,0.0187,-0.0035,-0.0012,-0.259,0.083,0.009,2,4
TRK,36304,0.99809,-0.01992,-0.05847,-0.00012,0.0126,-0.0015,-0.0010,-0.289,0.094,0.005,2,4
TRK,36323,0.99809,-0.02083,-0.05788,-0.00556,0.0066,0.0005,-0.0009,-0.322,0.106,0.008,2,4
TRK,36341,0.99816,-0.02030,-0.05607,-0.01063,0.0008,0.0023,-0.0008,-0.345,0.109,0.005,2,4
TRK,36363,0.99821,-0.01966,-0.05373,-0.01719,-0.0070,0.0047,-0.0007,-0.357,0.101,0.003,2,4
TRK,36384,0.99817,-0.01884,-0.05292,-0.02252,-0.0152,0.0069,-0.0007,-0.374,0.100,-0.003,2,4
TRK,36403,0.99801,-0.01938,-0.05250,-0.02901,-0.0217,0.0086,-0.0007,-0.384,0.096,0.002,2,4
TRK,36422,0.99778,-0.02043,-0.05185,-0.03636,-0.0295,0.0106,-0.0007,-0.402,0.099,0.002,2,4
TRK,36443,0.99737,-0.02085,-0.05177,-0.04615,-0.0387,0.0129,-0.0006,-0.424,0.108,0.002,2,4
TRK,36462,0.99695,-0.02177,-0.05192,-0.05410,-0.0462,0.0147,-0.0006,-0.435,0.107,0.001,2,4
TRK,36482,0.99651,-0.02216,-0.05234,-0.06108,-0.0549,0.0169,-0.0005,-0.444,0.109,0.004,2,4
TRK,36504,0.99604,-0.02231,-0.05356,-0.06743,-0.0649,0.0194,-0.0005,-0.447,0.117,0.004,2,4
TRK,36522,0.99552,-0.02261,-0.05520,-0.07336,-0.0736,0.0218,-0.0003,-0.438,0.119,0.002,2,4
TRK,36544,0.99503,-0.02298,-0.05578,-0.07926,-0.0822,0.0242,-0.0003,-0.425,0.122,0.004,2,4
STAT,405.0,401.0,0,0,0,0.8437,38.448,0.1276,0.0273,-0.0488,9.8260,2.25,0.082
TRK,36563,0.99454,-0.02293,-0.05478,-0.08578,-0.0904,0.0265,-0.0002,-0.407,0.113,0.007,2,4
TRK,36583,0.99394,-0.02276,-0.05351,-0.09325,-0.0984,0.0287,-0.0001,-0.403,0.113,0.006,2,4
TRK,36603,0.99334,-0.02237,-0.05240,-0.10018,-0.1063,0.0310,-0.0000,-0.396,0.114,0.005,2,4
TRK,36621,0.99287,-0.02196,-0.05237,-0.10483,-0.1140,0.0333,0.0001,-0.384,0.118,0.005,2,4
TRK,36643,0.99236,-0.02126,-0.05305,-0.10932,-0.1215,0.0356,0.0002,-0.372,0.120,0.005,2,4
TRK,36662,0.99201,-0.02150,-0.05420,-0.11186,-0.1287,0.0380,0.0003,-0.355,0.122,0.014,2,4
TRK,36683,0.99167,-0.02201,-0.05520,-0.11425,-0.1364,0.0407,0.0006,-0.331,0.118,0.014,2,4
TRK,36704,0.99123,-0.02235,-0.05579,-0.11773,-0.1426,0.0429,0.0007,-0.304,0.110,0.005,2,4
TRK,36722,0.99081,-0.02300,-0.05618,-0.12091,-0.1478,0.0448,0.0008,-0.289,0.108,0.008,2,4
TRK,36742,0.99018,-0.02340,-0.05667,-0.12567,-0.1539,0.0472,0.0009,-0.262,0.104,0.005,2,4
TRK,36762,0.98957,-0.02337,-0.05595,-0.13069,-0.1589,0.0492,0.0010,-0.238,0.104,0.002,2,4
TRK,36783,0.98898,-0.02319,-0.05535,-0.13530,-0.1633,0.0511,0.0011,-0.212,0.091,0.006,2,4
TRK,36803,0.98840,-0.02344,-0.05439,-0.13988,-0.1673,0.0529,0.0011,-0.187,0.082,0.001,2,4
TRK,36823,0.98785,-0.02378,-0.05374,-0.14385,-0.1708,0.0544,0.0011,-0.168,0.073,0.002,2,4
TRK,36841,0.98740,-0.02402,-0.05396,-0.14683,-0.1739,0.0558,0.0012,-0.144,0.069,0.010,2,4
TRK,36861,0.98692,-0.02408,-0.05540,-0.14948,-0.1766,0.0572,0.0014,-0.123,0.068,0.004,2,4
TRK,36883,0.98641,-0.02422,-0.05596,-0.15256,-0.1789,0.0586,0.0014,-0.083,0.051,0.006,2,4
TRK,36903,0.98591,-0.02453,-0.05579,-0.15578,-0.1802,0.0594,0.0015,-0.052,0.030,0.001,2,4
TRK,36922,0.98545,-0.02467,-0.05511,-0.15885,-0.1808,0.0598,0.0015,-0.023,0.013,0.001,2,4
TRK,36944,0.98496,-0.02495,-0.05462,-0.16203,-0.1810,0.0599,0.0015,0.007,-0.001,0.002,2,4
TRK,36964,0.98461,-0.02466,-0.05538,-0.16391,-0.1807,0.0599,0.0016,0.033,-0.003,0.003,2,4
TRK,36983,0.98455,-0.02456,-0.05596,-0.16409,-0.1799,0.0598,0.0016,0.042,-0.002,0.001,2,4
TRK,37003,0.98464,-0.02483,-0.05443,-0.16402,-0.1790,0.0598,0.0017,0.044,-0.003,0.001,2,4
TRK,37023,0.98474,-0.02507,-0.05287,-0.16392,-0.1782,0.0597,0.0017,0.045,-0.004,0.001,2,4
TRK,37041,0.98470,-0.02518,-0.05233,-0.16429,-0.1773,0.0596,0.0017,0.047,-0.004,0.001,2,4
TRK,37063,0.98477,-0.02535,-0.05123,-0.16419,-0.1763,0.0595,0.0017,0.048,-0.004,0.001,2,4
TRK,37081,0.98484,-0.02550,-0.05015,-0.16410,-0.1753,0.0595,0.0018,0.050,-0.004,0.001,2,4
TRK,37103,0.98489,-0.02564,-0.04917,-0.16404,-0.1742,0.0594,0.0018,0.051,-0.005,0.001,2,4
TRK,37122,0.98495,-0.02578,-0.04811,-0.16398,-0.1733,0.0593,0.0018,0.052,-0.005,0.000,2,4
TRK,37142,0.98499,-0.02588,-0.04751,-0.16390,-0.1723,0.0592,0.0018,0.054,-0.005,0.001,2,4
TRK,37162,0.98499,-0.02585,-0.04754,-0.16390,-0.1712,0.0591,0.0018,0.056,-0.006,0.001,2,4
TRK,37182,0.98500,-0.02582,-0.04751,-0.16386,-0.1699,0.0589,0.0018,0.059,-0.006,0.001,2,4
TRK,37204,0.98497,-0.02580,-0.04805,-0.16387,-0.2082,0.0629,0.0016,0.000,0.000,0.000,1,5
TRK,37224,0.98493,-0.02589,-0.04883,-0.16388,-0.2082,0.0629,0.0016,0.000,0.000,0.000,1,5
TRK,37243,0.98489,-0.02597,-0.04952,-0.16388,-0.2082,0.0629,0.0016,0.000,0.000,0.000,1,5
TRK,37261,0.98485,-0.02604,-0.05023,-0.16389,-0.2082,0.0629,0.0016,0.000,0.000,0.000,1,5
TRK,37283,0.98483,-0.02611,-0.05071,-0.16390,-0.2082,0.0629,0.0016,0.000,0.000,0.000,1,5
TRK,37302,0.98483,-0.02625,-0.05064,-0.16389,-0.2082,0.0629,0.0016,0.000,0.000,0.000,1,5
TRK,37322,0.98483,-0.02636,-0.05049,-0.16388,-0.2082,0.0629,0.0016,0.000,0.000,0.000,1,5
TRK,37342,0.98483,-0.02642,-0.05062,-0.16388,-0.2082,0.0629,0.0016,0.000,0.000,0.000,1,5
TRK,37363,0.98480,-0.02637,-0.05110,-0.16389,-0.2082,0.0629,0.0016,0.000,0.000,0.000,1,5
TRK,37383,0.98478,-0.02636,-0.05141,-0.16390,-0.2082,0.0629,0.0016,0.000,0.000,0.000,1,5
TRK,37403,0.98479,-0.02640,-0.05126,-0.16389,-0.2082,0.0629,0.0016,0.000,0.000,0.000,1,5
TRK,37423,0.98480,-0.02640,-0.05107,-0.16389,-0.2082,0.0629,0.0016,0.000,0.000,0.000,1,5
TRK,37443,0.98480,-0.02633,-0.05111,-0.16389,-0.2082,0.0629,0.0016,0.000,0.000,0.000,1,5
TRK,37461,0.98479,-0.02623,-0.05141,-0.16390,-0.2082,0.0629,0.0016,0.000,0.000,0.000,1,5
TRK,37481,0.98477,-0.02613,-0.05174,-0.16392,-0.2082,0.0629,0.0016,0.000,0.000,0.000,1,5
TRK,37503,0.98477,-0.02613,-0.05167,-0.16391,-0.2082,0.0629,0.0016,0.000,0.000,0.000,1,5
TRK,37522,0.98478,-0.02621,-0.05149,-0.16391,-0.2082,0.0629,0.0016,0.000,0.000,0.000,1,5
TRK,37543,0.98478,-0.02623,-0.05150,-0.16391,-0.2082,0.0629,0.0016,0.000,0.000,0.000,1,5
STAT,405.0,401.0,0,0,0,0.0236,1.078,0.1276,0.0273,-0.0488,9.8198,1.31,0.060
TRK,37562,0.98477,-0.02622,-0.05172,-0.16391,-0.2082,0.0629,0.0016,0.000,0.000,0.000,1,5
TRK,37582,0.98475,-0.02618,-0.05209,-0.16392,-0.2082,0.0629,0.0016,0.000,0.000,0.000,1,5
TRK,37604,0.98474,-0.02621,-0.05220,-0.16392,-0.2082,0.0629,0.0016,0.000,0.000,0.000,1,5
TRK,37624,0.98474,-0.02626,-0.05215,-0.16392,-0.2082,0.0629,0.0016,0.000,0.000,0.000,1,5
TRK,37642,0.98474,-0.02633,-0.05215,-0.16391,-0.2082,0.0629,0.0016,0.000,0.000,0.000,1,5
TRK,37662,0.98475,-0.02643,-0.05209,-0.16390,-0.2082,0.0629,0.0016,0.000,0.000,0.000,1,5
TRK,37684,0.98474,-0.02645,-0.05216,-0.16390,-0.2082,0.0629,0.0016,0.000,0.000,0.000,1,5
TRK,37703,0.98475,-0.02650,-0.05198,-0.16390,-0.2082,0.0629,0.0016,0.000,0.000,0.000,1,5
TRK,37722,0.98477,-0.02660,-0.05155,-0.16389,-0.2082,0.0629,0.0016,0.000,0.000,0.000,1,5
TRK,37742,0.98483,-0.02680,-0.05049,-0.16386,-0.2082,0.0629,0.0016,0.000,0.000,0.000,1,5
TRK,37764,0.98476,-0.02694,-0.05027,-0.16430,-0.2080,0.0627,0.0015,0.018,-0.010,0.001,2,5
TRK,37784,0.98479,-0.02691,-0.05128,-0.16384,-0.2075,0.0625,0.0015,0.036,-0.020,-0.000,2,5
TRK,37804,0.98465,-0.02680,-0.05182,-0.16452,-0.2066,0.0620,0.0015,0.053,-0.024,-0.001,2,5
TRK,37824,0.98459,-0.02670,-0.05244,-0.16467,-0.2054,0.0616,0.0015,0.081,-0.029,0.000,2,5
TRK,37844,0.98464,-0.02668,-0.05325,-0.16412,-0.2035,0.0610,0.0015,0.104,-0.030,0.000,2,5
TRK,37862,0.98471,-0.02639,-0.05376,-0.16360,-0.2011,0.0602,0.0015,0.139,-0.051,-0.001,2,5
TRK,37884,0.98473,-0.02657,-0.05286,-0.16370,-0.1976,0.0590,0.0014,0.180,-0.067,-0.003,2,5
TRK,37903,0.98467,-0.02666,-0.05183,-0.16442,-0.1942,0.0577,0.0014,0.210,-0.077,-0.001,2,5
TRK,37924,0.98468,-0.02634,-0.05206,-0.16434,-0.1891,0.0559,0.0013,0.242,-0.083,-0.003,2,5
TRK,37943,0.98475,-0.02612,-0.05304,-0.16363,-0.1848,0.0545,0.0013,0.263,-0.083,-0.000,2,5
TRK,37963,0.98484,-0.02621,-0.05450,-0.16256,-0.1793,0.0528,0.0013,0.290,-0.089,0.003,2,5
TRK,37983,0.98494,-0.02670,-0.05579,-0.16145,-0.1725,0.0508,0.0014,0.319,-0.092,0.004,2,5
TRK,38002,0.98520,-0.02638,-0.05647,-0.15967,-0.1668,0.0491,0.0014,0.344,-0.106,-0.001,2,5
TRK,38022,0.98551,-0.02619,-0.05614,-0.15788,-0.1598,0.0469,0.0014,0.369,-0.116,-0.002,2,5
TRK,38044,0.98588,-0.02582,-0.05619,-0.15563,-0.1513,0.0442,0.0014,0.391,-0.115,-0.001,2,5
TRK,38062,0.98631,-0.02532,-0.05652,-0.15283,-0.1434,0.0420,0.0014,0.407,-0.107,0.000,2,5
TRK,38084,0.98662,-0.02500,-0.05721,-0.15064,-0.1352,0.0400,0.0014,0.419,-0.100,0.002,2,5
TRK,38103,0.98690,-0.02438,-0.05812,-0.14852,-0.1268,0.0380,0.0015,0.432,-0.106,0.003,2,5
TRK,38121,0.98714,-0.02520,-0.05816,-0.14672,-0.1193,0.0361,0.0015,0.439,-0.113,0.005,2,5
TRK,38143,0.98744,-0.02662,-0.05848,-0.14436,-0.1094,0.0335,0.0016,0.450,-0.118,0.005,2,5
TRK,38163,0.98772,-0.02724,-0.05960,-0.14180,-0.1005,0.0312,0.0017,0.451,-0.115,0.006,2,5
TRK,38181,0.98803,-0.02745,-0.06066,-0.13915,-0.0915,0.0289,0.0019,0.456,-0.115,0.008,2,5
TRK,38203,0.98852,-0.02682,-0.06063,-0.13579,-0.0814,0.0264,0.0020,0.458,-0.107,0.004,2,5
TRK,38223,0.98881,-0.02708,-0.05962,-0.13401,-0.0723,0.0243,0.0021,0.458,-0.103,0.003,2,5
TRK,38242,0.98909,-0.02691,-0.05891,-0.13232,-0.0644,0.0227,0.0021,0.460,-0.093,0.001,2,5
TRK,38261,0.98924,-0.02732,-0.05763,-0.13165,-0.0553,0.0208,0.0021,0.448,-0.100,-0.004,2,5
TRK,38284,0.98967,-0.02715,-0.05621,-0.12910,-0.0457,0.0185,0.0021,0.423,-0.097,0.003,2,5
TRK,38302,0.99001,-0.02659,-0.05655,-0.12640,-0.0375,0.0167,0.0021,0.398,-0.089,0.001,2,5
TRK,38324,0.99042,-0.02602,-0.05762,-0.12276,-0.0290,0.0149,0.0021,0.373,-0.076,0.001,2,5
TRK,38344,0.99070,-0.02623,-0.05853,-0.11998,-0.0219,0.0135,0.0021,0.349,-0.071,-0.001,2,5
TRK,38364,0.99094,-0.02616,-0.05946,-0.11758,-0.0152,0.0120,0.0022,0.324,-0.072,0.002,2,5
TRK,38383,0.99109,-0.02675,-0.06032,-0.11569,-0.0098,0.0108,0.0022,0.298,-0.069,0.002,2,5
TRK,38402,0.99122,-0.02715,-0.06199,-0.11358,-0.0042,0.0095,0.0022,0.269,-0.064,0.000,2,5
TRK,38422,0.99136,-0.02688,-0.06288,-0.11191,0.0008,0.0084,0.0022,0.235,-0.048,0.002,2,5
TRK,38442,0.99154,-0.02598,-0.06351,-0.11021,0.0051,0.0076,0.0023,0.197,-0.027,0.003,2,5
TRK,38462,0.99173,-0.02533,-0.06309,-0.10889,0.0086,0.0073,0.0023,0.153,-0.006,0.002,2,5
TRK,38484,0.99195,-0.02498,-0.06168,-0.10772,0.0114,0.0073,0.0024,0.099,0.002,-0.000,2,5
TRK,38502,0.99218,-0.02510,-0.06039,-0.10630,0.0129,0.0073,0.0024,0.054,0.003,0.001,2,5
TRK,38524,0.99257,-0.02488,-0.06022,-0.10278,0.0135,0.0074,0.0024,0.006,0.006,0.001,2,5
TRK,38542,0.99247,-0.02432,-0.06240,-0.10253,0.0134,0.0076,0.0024,-0.004,0.008,0.003,2,5
STAT,404.1,400.6,0,0,0,1.1381,14.461,0.1302,0.0225,-0.0505,9.8186,1.31,0.060
TRK,38564,0.99236,-0.02366,-0.06505,-0.10209,0.0134,0.0078,0.0025,-0.002,0.009,0.001,2,5
TRK,38583,0.99235,-0.02362,-0.06528,-0.10210,0.0133,0.0079,0.0025,-0.003,0.009,0.001,2,5
TRK,38601,0.99229,-0.02336,-0.06620,-0.10215,0.0133,0.0081,0.0025,-0.003,0.010,0.001,2,5
TRK,38623,0.99223,-0.02303,-0.06744,-0.10201,0.0132,0.0083,0.0025,-0.002,0.010,0.000,2,5
TRK,38641,0.99220,-0.02295,-0.06789,-0.10197,0.0132,0.0085,0.0025,-0.001,0.010,0.000,2,5
TRK,38663,0.99220,-0.02300,-0.06784,-0.10198,0.0132,0.0087,0.0026,-0.000,0.010,0.000,2,5
TRK,38683,0.99220,-0.02298,-0.06791,-0.10195,0.0132,0.0090,0.0026,-0.000,0.010,0.000,2,5
TRK,38702,0.99221,-0.02294,-0.06789,-0.10192,0.0132,0.0091,0.0026,-0.000,0.011,0.001,2,5
TRK,38724,0.99224,-0.02302,-0.06745,-0.10186,0.0132,0.0094,0.0026,-0.000,0.011,0.001,2,5
TRK,38743,0.99226,-0.02304,-0.06716,-0.10185,0.0133,0.0031,0.0022,0.000,0.000,0.000,1,6
TRK,38761,0.99228,-0.02296,-0.06690,-0.10185,0.0133,0.0031,0.0022,0.000,0.000,0.000,1,6
TRK,38781,0.99229,-0.02284,-0.06686,-0.10186,0.0133,0.0031,0.0022,0.000,0.000,0.000,1,6
TRK,38801,0.99229,-0.02274,-0.06688,-0.10187,0.0133,0.0031,0.0022,0.000,0.000,0.000,1,6
TRK,38823,0.99226,-0.02263,-0.06724,-0.10188,0.0133,0.0031,0.0022,0.000,0.000,0.000,1,6
TRK,38841,0.99226,-0.02255,-0.06734,-0.10189,0.0133,0.0031,0.0022,0.000,0.000,0.000,1,6
TRK,38863,0.99225,-0.02245,-0.06745,-0.10190,0.0133,0.0031,0.0022,0.000,0.000,0.000,1,6
TRK,38882,0.99224,-0.02234,-0.06761,-0.10191,0.0133,0.0031,0.0022,0.000,0.000,0.000,1,6
TRK,38902,0.99224,-0.02228,-0.06770,-0.10191,0.0133,0.0031,0.0022,0.000,0.000,0.000,1,6
TRK,38924,0.99225,-0.02228,-0.06748,-0.10191,0.0133,0.0031,0.0022,0.000,0.000,0.000,1,6
TRK,38944,0.99226,-0.02226,-0.06738,-0.10191,0.0133,0.0031,0.0022,0.000,0.000,0.000,1,6
TRK,38962,0.99226,-0.02227,-0.06735,-0.10191,0.0133,0.0031,0.0022,0.000,0.000,0.000,1,6
TRK,38984,0.99226,-0.02230,-0.06743,-0.10191,0.0133,0.0031,0.0022,0.000,0.000,0.000,1,6
TRK,39003,0.99226,-0.02235,-0.06737,-0.10190,0.0133,0.0031,0.0022,0.000,0.000,0.000,1,6
TRK,39024,0.99227,-0.02241,-0.06718,-0.10190,0.0133,0.0031,0.0022,0.000,0.000,0.000,1,6
TRK,39044,0.99228,-0.02244,-0.06710,-0.10189,0.0133,0.0031,0.0022,0.000,0.000,0.000,1,6
TRK,39064,0.99227,-0.02244,-0.06719,-0.10189,0.0133,0.0031,0.0022,0.000,0.000,0.000,1,6
TRK,39082,0.99226,-0.02237,-0.06737,-0.10190,0.0133,0.0031,0.0022,0.000,0.000,0.000,1,6
TRK,39102,0.99227,-0.02238,-0.06725,-0.10190,0.0133,0.0031,0.0022,0.000,0.000,0.000,1,6
TRK,39124,0.99227,-0.02244,-0.06712,-0.10189,0.0133,0.0031,0.0022,0.000,0.000,0.000,1,6
TRK,39142,0.99228,-0.02245,-0.06704,-0.10189,0.0133,0.0031,0.0022,0.000,0.000,0.000,1,6
TRK,39164,0.99229,-0.02245,-0.06694,-0.10189,0.0133,0.0031,0.0022,0.000,0.000,0.000,1,6
TRK,39182,0.99229,-0.02241,-0.06694,-0.10189,0.0133,0.0031,0.0022,0.000,0.000,0.000,1,6
TRK,39204,0.99229,-0.02241,-0.06685,-0.10189,0.0133,0.0031,0.0022,0.000,0.000,0.000,1,6
TRK,39223,0.99230,-0.02238,-0.06672,-0.10189,0.0133,0.0031,0.0022,0.000,0.000,0.000,1,6
TRK,39243,0.99231,-0.02239,-0.06665,-0.10189,0.0133,0.0031,0.0022,0.000,0.000,0.000,1,6
TRK,39263,0.99231,-0.02234,-0.06667,-0.10189,0.0133,0.0031,0.0022,0.000,0.000,0.000,1,6
TRK,39281,0.99232,-0.02234,-0.06653,-0.10189,0.0133,0.0031,0.0022,0.000,0.000,0.000,1,6
TRK,39301,0.99234,-0.02238,-0.06625,-0.10188,0.0133,0.0031,0.0022,0.000,0.000,0.000,1,6
TRK,39321,0.99234,-0.02240,-0.06613,-0.10188,0.0133,0.0031,0.0022,0.000,0.000,0.000,1,6
TRK,39344,0.99232,-0.02228,-0.06651,-0.10190,0.0133,0.0031,0.0022,0.000,0.000,0.000,1,6
TRK,39363,0.99226,-0.02210,-0.06742,-0.10192,0.0133,0.0031,0.0022,0.000,0.000,0.000,1,6
TRK,39381,0.99220,-0.02190,-0.06827,-0.10195,0.0133,0.0031,0.0022,0.000,0.000,0.000,1,6
TRK,39401,0.99213,-0.02161,-0.06937,-0.10198,0.0133,0.0031,0.0022,0.000,0.000,0.000,1,6
TRK,39421,0.99191,-0.02141,-0.07030,-0.10350,0.0131,0.0031,0.0022,-0.011,0.002,0.001,2,6
TRK,39443,0.99146,-0.02192,-0.06981,-0.10794,0.0124,0.0033,0.0022,-0.046,0.018,-0.000,2,6
TRK,39464,0.99110,-0.02223,-0.07015,-0.11091,0.0111,0.0039,0.0022,-0.080,0.032,0.001,2,6
TRK,39483,0.99082,-0.02262,-0.07059,-0.11307,0.0096,0.0044,0.0022,-0.094,0.032,0.001,2,6
TRK,39501,0.99059,-0.02307,-0.07081,-0.11479,0.0075,0.0051,0.0022,-0.123,0.041,0.002,2,6
TRK,39523,0.99034,-0.02323,-0.07278,-0.11574,0.0043,0.0062,0.0022,-0.165,0.055,-0.003,2,6
TRK,39542,0.99003,-0.02318,-0.07577,-0.11644,0.0011,0.0072,0.0022,-0.201,0.066,0.002,2,6
STAT,404.1,400.6,0,0,0,0.8605,14.738,0.1173,0.0722,-0.0528,9.8254,1.13,0.011
TRK,39564,0.98959,-0.02268,-0.07845,-0.11848,-0.0039,0.0089,0.0023,-0.251,0.096,0.000,2,6
TRK,39582,0.98929,-0.02203,-0.07929,-0.12057,-0.0086,0.0108,0.0023,-0.286,0.113,0.001,2,6
TRK,39604,0.98901,-0.02191,-0.07838,-0.12342,-0.0153,0.0134,0.0023,-0.322,0.120,0.003,2,6
TRK,39623,0.98875,-0.02275,-0.07643,-0.12653,-0.0221,0.0159,0.0023,-0.354,0.124,0.000,2,6
TRK,39641,0.98849,-0.02363,-0.07465,-0.12948,-0.0284,0.0180,0.0023,-0.370,0.115,0.001,2,6
TRK,39663,0.98779,-0.02537,-0.07171,-0.13599,-0.0368,0.0204,0.0024,-0.391,0.108,0.008,2,6
TRK,39684,0.98690,-0.02662,-0.07079,-0.14247,-0.0460,0.0230,0.0025,-0.425,0.120,0.005,2,6
TRK,39700,0.98625,-0.02721,-0.07097,-0.14676,-0.0535,0.0251,0.0025,-0.446,0.128,0.003,2,6
TRK,39723,0.98539,-0.02697,-0.07105,-0.15243,-0.0625,0.0277,0.0026,-0.466,0.134,0.002,2,6
TRK,39742,0.98466,-0.02733,-0.07063,-0.15716,-0.0719,0.0304,0.0025,-0.490,0.141,-0.006,2,6
TRK,39762,0.98397,-0.02737,-0.07006,-0.16171,-0.0818,0.0333,0.0024,-0.512,0.153,-0.006,2,6
TRK,39782,0.98319,-0.02807,-0.07032,-0.16614,-0.0921,0.0365,0.0024,-0.525,0.171,-0.002,2,6
TRK,39802,0.98258,-0.02712,-0.07020,-0.16994,-0.1026,0.0401,0.0023,-0.529,0.186,-0.004,2,6
TRK,39822,0.98205,-0.02661,-0.06874,-0.17364,-0.1130,0.0438,0.0022,-0.525,0.191,0.002,2,6
TRK,39842,0.98143,-0.02640,-0.06677,-0.17786,-0.1246,0.0480,0.0023,-0.518,0.178,-0.002,2,6
TRK,39863,0.98079,-0.02726,-0.06441,-0.18207,-0.1348,0.0514,0.0022,-0.509,0.170,-0.007,2,6
TRK,39883,0.98011,-0.02806,-0.06415,-0.18570,-0.1448,0.0548,0.0021,-0.501,0.178,-0.002,2,6
TRK,39903,0.97956,-0.02835,-0.06414,-0.18852,-0.1544,0.0582,0.0020,-0.473,0.170,-0.003,2,6
TRK,39923,0.97901,-0.02874,-0.06308,-0.19164,-0.1636,0.0616,0.0019,-0.457,0.175,-0.008,2,6
TRK,39941,0.97848,-0.02958,-0.06136,-0.19480,-0.1723,0.0650,0.0017,-0.426,0.166,-0.008,2,6
TRK,39961,0.97745,-0.03225,-0.05895,-0.20021,-0.1804,0.0681,0.0016,-0.386,0.148,-0.006,2,6
TRK,39983,0.97646,-0.03491,-0.05667,-0.20518,-0.1885,0.0712,0.0015,-0.342,0.134,-0.005,2,6
TRK,40003,0.97547,-0.03594,-0.05507,-0.21008,-0.1949,0.0737,0.0014,-0.308,0.123,-0.009,2,6
TRK,40022,0.97453,-0.03767,-0.05482,-0.21416,-0.1999,0.0757,0.0012,-0.265,0.106,-0.009,2,6
TRK,40044,0.97309,-0.03992,-0.05276,-0.22074,-0.2051,0.0778,0.0009,-0.203,0.077,-0.012,2,6
TRK,40063,0.97194,-0.04182,-0.05063,-0.22587,-0.2085,0.0789,0.0007,-0.145,0.043,-0.010,2,6
TRK,40081,0.97078,-0.04302,-0.04724,-0.23130,-0.2107,0.0795,0.0006,-0.105,0.026,-0.009,2,6
TRK,40103,0.97003,-0.04398,-0.04472,-0.23475,-0.2124,0.0799,0.0004,-0.054,0.002,-0.011,2,6
TRK,40121,0.96957,-0.04392,-0.04440,-0.23671,-0.2131,0.0798,0.0002,-0.015,-0.005,-0.007,2,6
TRK,40143,0.96934,-0.04356,-0.04585,-0.23745,-0.2130,0.0796,0.0001,0.011,-0.010,-0.009,2,6
TRK,40161,0.96952,-0.04439,-0.04230,-0.23723,-0.2128,0.0794,-0.0001,0.012,-0.010,-0.013,2,6
TRK,40182,0.96955,-0.04549,-0.03775,-0.23765,-0.2126,0.0792,-0.0004,0.014,-0.012,-0.013,2,6
TRK,40203,0.96945,-0.04650,-0.03369,-0.23848,-0.2122,0.0789,-0.0007,0.015,-0.012,-0.012,2,6
TRK,40222,0.96943,-0.04711,-0.03117,-0.23877,-0.2120,0.0787,-0.0009,0.015,-0.012,-0.010,2,6
TRK,40244,0.96953,-0.04703,-0.03105,-0.23840,-0.2116,0.0785,-0.0011,0.015,-0.012,-0.009,2,6
TRK,40262,0.96961,-0.04685,-0.03145,-0.23807,-0.2114,0.0783,-0.0012,0.015,-0.012,-0.010,2,6
TRK,40284,0.96968,-0.04683,-0.03136,-0.23781,-0.2110,0.0780,-0.0015,0.016,-0.012,-0.011,2,6
TRK,40303,0.96972,-0.04697,-0.03071,-0.23769,-0.2107,0.0777,-0.0017,0.017,-0.013,-0.012,2,6
TRK,40323,0.96973,-0.04708,-0.03036,-0.23766,-0.2103,0.0775,-0.0019,0.019,-0.013,-0.012,2,6
TRK,40343,0.96972,-0.04704,-0.03057,-0.23768,-0.2100,0.0772,-0.0022,0.020,-0.014,-0.012,2,6
TRK,40364,0.96972,-0.04695,-0.03087,-0.23767,-0.2095,0.0769,-0.0025,0.022,-0.015,-0.012,2,6
TRK,40384,0.96974,-0.04695,-0.03067,-0.23761,-0.2090,0.0766,-0.0027,0.023,-0.015,-0.013,2,6
TRK,40402,0.96973,-0.04705,-0.03076,-0.23761,-0.2218,0.0849,0.0048,0.000,0.000,0.000,1,7
TRK,40422,0.96972,-0.04720,-0.03100,-0.23762,-0.2218,0.0849,0.0048,0.000,0.000,0.000,1,7
TRK,40444,0.96969,-0.04720,-0.03159,-0.23764,-0.2218,0.0849,0.0048,0.000,0.000,0.000,1,7
TRK,40462,0.96968,-0.04717,-0.03191,-0.23765,-0.2218,0.0849,0.0048,0.000,0.000,0.000,1,7
TRK,40484,0.96968,-0.04726,-0.03187,-0.23765,-0.2218,0.0849,0.0048,0.000,0.000,0.000,1,7
TRK,40502,0.96968,-0.04732,-0.03184,-0.23764,-0.2218,0.0849,0.0048,0.000,0.000,0.000,1,7
TRK,40524,0.96968,-0.04736,-0.03183,-0.23764,-0.2218,0.0849,0.0048,0.000,0.000,0.000,1,7
TRK,40544,0.96968,-0.04744,-0.03161,-0.23763,-0.2218,0.0849,0.0048,0.000,0.000,0.000,1,7
STAT,405.0,400.5,0,0,0,0.0240,1.702,0.1173,0.0722,-0.0528,9.8161,1.13,0.030
TRK,40564,0.96970,-0.04755,-0.03109,-0.23760,-0.2218,0.0849,0.0048,0.000,0.000,0.000,1,7
TRK,40583,0.96971,-0.04764,-0.03071,-0.23759,-0.2218,0.0849,0.0048,0.000,0.000,0.000,1,7
TRK,40601,0.96972,-0.04769,-0.03044,-0.23757,-0.2218,0.0849,0.0048,0.000,0.000,0.000,1,7
TRK,40621,0.96974,-0.04781,-0.02991,-0.23755,-0.2218,0.0849,0.0048,0.000,0.000,0.000,1,7
TRK,40641,0.96975,-0.04790,-0.02949,-0.23753,-0.2218,0.0849,0.0048,0.000,0.000,0.000,1,7
TRK,40661,0.96976,-0.04802,-0.02903,-0.23750,-0.2218,0.0849,0.0048,0.000,0.000,0.000,1,7
TRK,40681,0.96977,-0.04806,-0.02886,-0.23750,-0.2218,0.0849,0.0048,0.000,0.000,0.000,1,7
TRK,40701,0.96977,-0.04799,-0.02898,-0.23750,-0.2218,0.0849,0.0048,0.000,0.000,0.000,1,7
TRK,40724,0.96978,-0.04806,-0.02861,-0.23749,-0.2218,0.0849,0.0048,0.000,0.000,0.000,1,7
TRK,40743,0.96979,-0.04815,-0.02812,-0.23746,-0.2218,0.0849,0.0048,0.000,0.000,0.000,1,7
TRK,40763,0.96981,-0.04812,-0.02787,-0.23745,-0.2218,0.0849,0.0048,0.000,0.000,0.000,1,7
TRK,40781,0.96980,-0.04805,-0.02811,-0.23747,-0.2218,0.0849,0.0048,0.000,0.000,0.000,1,7
TRK,40801,0.96978,-0.04785,-0.02887,-0.23750,-0.2218,0.0849,0.0048,0.000,0.000,0.000,1,7
TRK,40821,0.96976,-0.04778,-0.02934,-0.23753,-0.2218,0.0849,0.0048,0.000,0.000,0.000,1,7
TRK,40843,0.96975,-0.04776,-0.02956,-0.23754,-0.2218,0.0849,0.0048,0.000,0.000,0.000,1,7
TRK,40863,0.96976,-0.04783,-0.02921,-0.23752,-0.2218,0.0849,0.0048,0.000,0.000,0.000,1,7
TRK,40884,0.96976,-0.04782,-0.02924,-0.23752,-0.2218,0.0849,0.0048,0.000,0.000,0.000,1,7
TRK,40902,0.96976,-0.04796,-0.02909,-0.23751,-0.2218,0.0849,0.0048,0.000,0.000,0.000,1,7
TRK,40924,0.96977,-0.04804,-0.02880,-0.23749,-0.2218,0.0849,0.0048,0.000,0.000,0.000,1,7
TRK,40942,0.96978,-0.04802,-0.02869,-0.23749,-0.2218,0.0849,0.0048,0.000,0.000,0.000,1,7
TRK,40964,0.96977,-0.04790,-0.02898,-0.23751,-0.2218,0.0849,0.0048,0.000,0.000,0.000,1,7
TRK,40982,0.96974,-0.04756,-0.03014,-0.23757,-0.2218,0.0849,0.0048,0.000,0.000,0.000,1,7
TRK,41004,0.96985,-0.04685,-0.03294,-0.23688,-0.2219,0.0850,0.0048,-0.001,0.000,0.002,2,7
TRK,41023,0.96983,-0.04623,-0.03556,-0.23669,-0.2219,0.0850,0.0048,-0.000,-0.000,0.001,2,7
TRK,41042,0.96977,-0.04583,-0.03733,-0.23677,-0.2219,0.0850,0.0048,0.000,-0.000,0.001,2,7
TRK,41062,0.96972,-0.04567,-0.03813,-0.23686,-0.2219,0.0849,0.0049,0.001,-0.001,0.000,2,7
TRK,41082,0.96973,-0.04583,-0.03761,-0.23687,-0.2219,0.0849,0.0048,0.001,-0.001,-0.001,2,7
TRK,41102,0.96976,-0.04597,-0.03694,-0.23683,-0.2219,0.0849,0.0048,0.001,-0.001,-0.000,2,7
TRK,41121,0.96979,-0.04614,-0.03627,-0.23678,-0.2218,0.0849,0.0048,0.001,-0.001,-0.001,2,7
TRK,41144,0.96984,-0.04635,-0.03527,-0.23668,-0.2218,0.0849,0.0048,0.001,-0.001,-0.000,2,7
TRK,41163,0.96984,-0.04632,-0.03539,-0.23665,-0.2218,0.0848,0.0048,0.000,-0.001,-0.000,2,7
TRK,41183,0.96983,-0.04618,-0.03586,-0.23667,-0.2218,0.0848,0.0048,0.000,-0.001,-0.000,2,7
TRK,41204,0.96981,-0.04594,-0.03672,-0.23667,-0.2218,0.0850,0.0047,0.000,0.000,0.000,1,8
TRK,41224,0.96979,-0.04586,-0.03710,-0.23669,-0.2218,0.0850,0.0047,0.000,0.000,0.000,1,8
TRK,41243,0.96981,-0.04598,-0.03673,-0.23667,-0.2218,0.0850,0.0047,0.000,0.000,0.000,1,8
TRK,41262,0.96981,-0.04599,-0.03660,-0.23667,-0.2218,0.0850,0.0047,0.000,0.000,0.000,1,8
TRK,41282,0.96975,-0.04575,-0.03801,-0.23673,-0.2218,0.0850,0.0047,0.000,0.000,0.000,1,8
TRK,41302,0.96977,-0.04608,-0.03743,-0.23669,-0.2218,0.0850,0.0047,0.000,0.000,0.000,1,8
TRK,41324,0.96916,-0.04677,-0.03514,-0.23938,-0.2215,0.0848,0.0047,0.007,-0.002,-0.000,2,8
TRK,41342,0.96870,-0.04689,-0.03524,-0.24120,-0.2214,0.0848,0.0047,0.011,-0.003,-0.000,2,8
TRK,41362,0.96861,-0.04713,-0.03520,-0.24152,-0.2212,0.0848,0.0047,0.005,-0.001,-0.000,2,8
TRK,41384,0.96882,-0.04686,-0.03692,-0.24048,-0.2211,0.0848,0.0047,0.009,0.001,0.004,2,8
TRK,41404,0.96910,-0.04627,-0.03976,-0.23902,-0.2209,0.0848,0.0048,0.004,-0.001,0.002,2,8
TRK,41423,0.96918,-0.04590,-0.04141,-0.23846,-0.2209,0.0847,0.0048,0.002,-0.002,0.002,2,8
TRK,41441,0.96918,-0.04569,-0.04241,-0.23833,-0.2208,0.0847,0.0048,0.002,-0.002,0.001,2,8
TRK,41463,0.96920,-0.04575,-0.04222,-0.23829,-0.2208,0.0847,0.0049,0.003,-0.002,0.001,2,8
TRK,41481,0.96923,-0.04592,-0.04146,-0.23825,-0.2207,0.0846,0.0049,0.003,-0.002,0.000,2,8
TRK,41503,0.96925,-0.04604,-0.04089,-0.23825,-0.2207,0.0845,0.0049,0.003,-0.003,0.001,2,8
TRK,41523,0.96926,-0.04613,-0.04064,-0.23824,-0.2206,0.0845,0.0049,0.004,-0.002,0.001,2,8
TRK,41543,0.96929,-0.04621,-0.04011,-0.23819,-0.2205,0.0845,0.0049,0.003,-0.002,0.001,2,8
STAT,405.0,400.5,0,0,0,0.0491,2.776,0.1173,0.0722,-0.0528,9.8108,0.36,0.001
TRK,41563,0.96929,-0.04614,-0.04033,-0.23817,-0.2205,0.0844,0.0050,0.003,-0.002,0.002,2,8
TRK,41583,0.96924,-0.04602,-0.04100,-0.23826,-0.2204,0.0844,0.0050,0.003,-0.002,0.002,2,8
TRK,41603,0.96923,-0.04589,-0.04137,-0.23828,-0.2209,0.0848,0.0046,0.000,0.000,0.000,1,9
TRK,41623,0.96923,-0.04583,-0.04144,-0.23829,-0.2209,0.0848,0.0046,0.000,0.000,0.000,1,9
TRK,41641,0.96923,-0.04582,-0.04132,-0.23828,-0.2209,0.0848,0.0046,0.000,0.000,0.000,1,9
TRK,41661,0.96923,-0.04572,-0.04154,-0.23830,-0.2209,0.0848,0.0046,0.000,0.000,0.000,1,9
TRK,41683,0.96918,-0.04548,-0.04255,-0.23834,-0.2209,0.0848,0.0046,0.000,0.000,0.000,1,9
TRK,41701,0.96917,-0.04541,-0.04280,-0.23836,-0.2209,0.0848,0.0046,0.000,0.000,0.000,1,9
TRK,41723,0.96918,-0.04551,-0.04257,-0.23834,-0.2209,0.0848,0.0046,0.000,0.000,0.000,1,9
TRK,41742,0.96918,-0.04551,-0.04258,-0.23834,-0.2209,0.0848,0.0046,0.000,0.000,0.000,1,9
TRK,41762,0.96916,-0.04544,-0.04292,-0.23836,-0.2209,0.0848,0.0046,0.000,0.000,0.000,1,9
TRK,41784,0.96914,-0.04537,-0.04349,-0.23838,-0.2209,0.0848,0.0046,0.000,0.000,0.000,1,9
TRK,41804,0.96913,-0.04545,-0.04348,-0.23838,-0.2209,0.0848,0.0046,0.000,0.000,0.000,1,9
TRK,41822,0.96913,-0.04552,-0.04345,-0.23837,-0.2209,0.0848,0.0046,0.000,0.000,0.000,1,9
TRK,41844,0.96913,-0.04563,-0.04346,-0.23837,-0.2209,0.0848,0.0046,0.000,0.000,0.000,1,9
TRK,41864,0.96914,-0.04570,-0.04325,-0.23836,-0.2209,0.0848,0.0046,0.000,0.000,0.000,1,9
TRK,41883,0.96914,-0.04572,-0.04311,-0.23835,-0.2209,0.0848,0.0046,0.000,0.000,0.000,1,9
TRK,41901,0.96914,-0.04569,-0.04316,-0.23835,-0.2209,0.0848,0.0046,0.000,0.000,0.000,1,9
TRK,41922,0.96915,-0.04566,-0.04299,-0.23835,-0.2209,0.0848,0.0046,0.000,0.000,0.000,1,9
TRK,41942,0.96918,-0.04572,-0.04241,-0.23833,-0.2209,0.0848,0.0046,0.000,0.000,0.000,1,9
TRK,41962,0.96919,-0.04574,-0.04220,-0.23832,-0.2209,0.0848,0.0046,0.000,0.000,0.000,1,9
TRK,41984,0.96920,-0.04577,-0.04205,-0.23831,-0.2209,0.0848,0.0046,0.000,0.000,0.000,1,9
TRK,42004,0.96920,-0.04579,-0.04203,-0.23831,-0.2209,0.0848,0.0046,0.000,0.000,0.000,1,9
TRK,42024,0.96921,-0.04579,-0.04190,-0.23831,-0.2209,0.0848,0.0046,0.000,0.000,0.000,1,9
TRK,42042,0.96921,-0.04577,-0.04183,-0.23830,-0.2209,0.0848,0.0046,0.000,0.000,0.000,1,9
TRK,42064,0.96921,-0.04576,-0.04177,-0.23830,-0.2209,0.0848,0.0046,0.000,0.000,0.000,1,9
TRK,42083,0.96922,-0.04575,-0.04169,-0.23830,-0.2209,0.0848,0.0046,0.000,0.000,0.000,1,9
TRK,42104,0.96923,-0.04579,-0.04147,-0.23829,-0.2209,0.0848,0.0046,0.000,0.000,0.000,1,9
TRK,42124,0.96923,-0.04579,-0.04143,-0.23829,-0.2209,0.0848,0.0046,0.000,0.000,0.000,1,9
TRK,42143,0.96922,-0.04573,-0.04161,-0.23830,-0.2209,0.0848,0.0046,0.000,0.000,0.000,1,9
TRK,42162,0.96922,-0.04572,-0.04168,-0.23830,-0.2209,0.0848,0.0046,0.000,0.000,0.000,1,9
TRK,42183,0.96922,-0.04573,-0.04167,-0.23830,-0.2209,0.0848,0.0046,0.000,0.000,0.000,1,9
TRK,42202,0.96922,-0.04566,-0.04178,-0.23831,-0.2209,0.0848,0.0046,0.000,0.000,0.000,1,9
TRK,42221,0.96921,-0.04557,-0.04187,-0.23832,-0.2209,0.0848,0.0046,0.000,0.000,0.000,1,9
TRK,42241,0.96921,-0.04550,-0.04197,-0.23832,-0.2209,0.0848,0.0046,0.000,0.000,0.000,1,9
TRK,42264,0.96922,-0.04550,-0.04177,-0.23832,-0.2209,0.0848,0.0046,0.000,0.000,0.000,1,9
TRK,42283,0.96922,-0.04551,-0.04183,-0.23832,-0.2209,0.0848,0.0046,0.000,0.000,0.000,1,9
TRK,42301,0.96921,-0.04551,-0.04201,-0.23832,-0.2209,0.0848,0.0046,0.000,0.000,0.000,1,9
TRK,42323,0.96919,-0.04560,-0.04226,-0.23833,-0.2209,0.0848,0.0046,0.000,0.000,0.000,1,9
TRK,42341,0.96919,-0.04566,-0.04224,-0.23832,-0.2209,0.0848,0.0046,0.000,0.000,0.000,1,9
TRK,42363,0.96921,-0.04576,-0.04191,-0.23831,-0.2209,0.0848,0.0046,0.000,0.000,0.000,1,9
TRK,42382,0.96922,-0.04579,-0.04168,-0.23830,-0.2209,0.0848,0.0046,0.000,0.000,0.000,1,9
TRK,42402,0.96924,-0.04592,-0.04107,-0.23827,-0.2209,0.0848,0.0046,0.000,0.000,0.000,1,9
TRK,42422,0.96927,-0.04603,-0.04046,-0.23824,-0.2209,0.0848,0.0046,0.000,0.000,0.000,1,9
TRK,42444,0.96928,-0.04613,-0.04027,-0.23823,-0.2209,0.0848,0.0046,0.000,0.000,0.000,1,9
TRK,42462,0.96928,-0.04626,-0.04011,-0.23822,-0.2209,0.0848,0.0046,0.000,0.000,0.000,1,9
TRK,42484,0.96929,-0.04634,-0.03982,-0.23820,-0.2209,0.0848,0.0046,0.000,0.000,0.000,1,9
TRK,42502,0.96934,-0.04665,-0.03851,-0.23814,-0.2209,0.0848,0.0046,0.000,0.000,0.000,1,9
TRK,42524,0.96937,-0.04672,-0.03788,-0.23812,-0.2209,0.0848,0.0046,0.000,0.000,0.000,1,9
TRK,42544,0.96940,-0.04673,-0.03734,-0.23810,-0.2209,0.0848,0.0046,0.000,0.000,0.000,1,9
STAT,404.5,401.0,0,0,0,0.0570,4.631,0.1337,0.0514,-0.0501,9.8107,0.43,0.004
TRK,42564,0.96941,-0.04667,-0.03704,-0.23809,-0.2209,0.0848,0.0046,0.000,0.000,0.000,1,9
TRK,42584,0.96942,-0.04663,-0.03698,-0.23809,-0.2209,0.0848,0.0046,0.000,0.000,0.000,1,9
TRK,42604,0.96943,-0.04669,-0.03672,-0.23808,-0.2209,0.0848,0.0046,0.000,0.000,0.000,1,9
TRK,42624,0.96945,-0.04688,-0.03611,-0.23804,-0.2209,0.0848,0.0046,0.000,0.000,0.000,1,9
TRK,42642,0.96946,-0.04704,-0.03572,-0.23802,-0.2209,0.0848,0.0046,0.000,0.000,0.000,1,9
TRK,42664,0.96947,-0.04713,-0.03557,-0.23801,-0.2209,0.0848,0.0046,0.000,0.000,0.000,1,9
TRK,42682,0.96947,-0.04717,-0.03552,-0.23801,-0.2209,0.0848,0.0046,0.000,0.000,0.000,1,9
TRK,42704,0.96947,-0.04718,-0.03548,-0.23801,-0.2209,0.0848,0.0046,0.000,0.000,0.000,1,9
TRK,42723,0.96947,-0.04719,-0.03540,-0.23800,-0.2209,0.0848,0.0046,0.000,0.000,0.000,1,9
TRK,42743,0.96948,-0.04727,-0.03504,-0.23799,-0.2209,0.0848,0.0046,0.000,0.000,0.000,1,9
TRK,42763,0.96950,-0.04731,-0.03474,-0.23797,-0.2209,0.0848,0.0046,0.000,0.000,0.000,1,9
TRK,42783,0.96950,-0.04734,-0.03470,-0.23797,-0.2209,0.0848,0.0046,0.000,0.000,0.000,1,9
TRK,42801,0.96950,-0.04738,-0.03469,-0.23797,-0.2209,0.0848,0.0046,0.000,0.000,0.000,1,9
TRK,42821,0.96950,-0.04744,-0.03449,-0.23796,-0.2209,0.0848,0.0046,0.000,0.000,0.000,1,9
TRK,42843,0.96952,-0.04753,-0.03410,-0.23794,-0.2209,0.0848,0.0046,0.000,0.000,0.000,1,9
TRK,42862,0.96955,-0.04757,-0.03334,-0.23791,-0.2209,0.0848,0.0046,0.000,0.000,0.000,1,9
TRK,42881,0.96956,-0.04757,-0.03306,-0.23790,-0.2209,0.0848,0.0046,0.000,0.000,0.000,1,9
TRK,42904,0.96956,-0.04755,-0.03314,-0.23790,-0.2209,0.0848,0.0046,0.000,0.000,0.000,1,9
TRK,42924,0.96956,-0.04754,-0.03312,-0.23790,-0.2209,0.0848,0.0046,0.000,0.000,0.000,1,9
TRK,42943,0.96956,-0.04758,-0.03301,-0.23789,-0.2209,0.0848,0.0046,0.000,0.000,0.000,1,9
TRK,42961,0.96956,-0.04767,-0.03290,-0.23789,-0.2209,0.0848,0.0046,0.000,0.000,0.000,1,9
TRK,42984,0.96956,-0.04769,-0.03293,-0.23789,-0.2209,0.0848,0.0046,0.000,0.000,0.000,1,9
TRK,43003,0.96957,-0.04770,-0.03276,-0.23788,-0.2209,0.0848,0.0046,0.000,0.000,0.000,1,9
TRK,43021,0.96959,-0.04775,-0.03235,-0.23786,-0.2209,0.0848,0.0046,0.000,0.000,0.000,1,9
TRK,43041,0.96959,-0.04782,-0.03212,-0.23785,-0.2209,0.0848,0.0046,0.000,0.000,0.000,1,9
TRK,43062,0.96960,-0.04786,-0.03179,-0.23784,-0.2209,0.0848,0.0046,0.000,0.000,0.000,1,9
TRK,43083,0.96962,-0.04793,-0.03139,-0.23782,-0.2209,0.0848,0.0046,0.000,0.000,0.000,1,9
TRK,43104,0.96966,-0.04828,-0.03000,-0.23775,-0.2209,0.0848,0.0046,0.000,0.000,0.000,1,9
TRK,43124,0.96969,-0.04848,-0.02907,-0.23770,-0.2209,0.0848,0.0046,0.000,0.000,0.000,1,9
TRK,43142,0.96971,-0.04861,-0.02850,-0.23767,-0.2209,0.0848,0.0046,0.000,0.000,0.000,1,9
TRK,43164,0.96979,-0.04915,-0.02612,-0.23752,-0.2209,0.0848,0.0044,-0.001,-0.000,-0.003,2,9
TRK,43183,0.96985,-0.04963,-0.02418,-0.23735,-0.2209,0.0848,0.0044,-0.002,0.000,-0.002,2,9
TRK,43203,0.96988,-0.05003,-0.02278,-0.23729,-0.2210,0.0848,0.0043,-0.003,-0.000,-0.000,2,9
TRK,43223,0.96988,-0.05011,-0.02260,-0.23730,-0.2210,0.0848,0.0043,-0.003,-0.000,-0.000,2,9
TRK,43242,0.96988,-0.05015,-0.02236,-0.23732,-0.2211,0.0848,0.0043,-0.003,-0.001,-0.001,2,9
TRK,43262,0.96991,-0.05035,-0.02153,-0.23724,-0.2211,0.0847,0.0043,-0.003,-0.001,-0.002,2,9
TRK,43282,0.96996,-0.05083,-0.01944,-0.23709,-0.2212,0.0847,0.0043,-0.004,-0.001,-0.001,2,9
TRK,43302,0.96999,-0.05106,-0.01847,-0.23701,-0.2213,0.0847,0.0042,-0.005,-0.001,-0.001,2,9
TRK,43323,0.97005,-0.05137,-0.01650,-0.23683,-0.2214,0.0846,0.0042,-0.005,-0.001,-0.003,2,9
TRK,43343,0.97046,-0.05200,-0.01242,-0.23525,-0.2215,0.0846,0.0041,-0.006,-0.000,-0.001,2,9
TRK,43361,0.97072,-0.05200,-0.01236,-0.23420,-0.2216,0.0846,0.0041,-0.007,-0.002,-0.000,2,9
TRK,43381,0.97070,-0.05202,-0.01246,-0.23426,-0.2218,0.0846,0.0041,-0.008,-0.002,-0.000,2,9
TRK,43403,0.97067,-0.05189,-0.01345,-0.23438,-0.2220,0.0845,0.0041,-0.008,-0.002,-0.000,2,9
TRK,43424,0.97065,-0.05186,-0.01380,-0.23443,-0.2221,0.0845,0.0041,-0.008,-0.002,0.001,2,9
TRK,43443,0.97047,-0.05175,-0.01454,-0.23516,-0.2223,0.0845,0.0041,-0.008,-0.002,0.000,2,9
TRK,43461,0.97036,-0.05174,-0.01462,-0.23562,-0.2225,0.0844,0.0041,-0.008,-0.003,-0.001,2,9
TRK,43483,0.97011,-0.05182,-0.01401,-0.23665,-0.2226,0.0844,0.0041,-0.009,-0.003,-0.001,2,9
TRK,43503,0.96991,-0.05184,-0.01403,-0.23746,-0.2228,0.0843,0.0041,-0.010,-0.003,0.000,2,9
TRK,43522,0.96975,-0.05187,-0.01396,-0.23812,-0.2230,0.0843,0.0041,-0.011,-0.003,-0.000,2,9
TRK,43544,0.96972,-0.05190,-0.01389,-0.23823,-0.2202,0.0849,0.0042,0.000,0.000,0.000,1,10
STAT,404.5,401.0,0,0,0,0.0638,3.969,0.1289,0.0615,-0.0468,9.8087,0.53,0.011
TRK,43562,0.96972,-0.05199,-0.01365,-0.23821,-0.2202,0.0849,0.0042,0.000,0.000,0.000,1,10
TRK,43584,0.96973,-0.05224,-0.01310,-0.23818,-0.2202,0.0849,0.0042,0.000,0.000,0.000,1,10
TRK,43603,0.96974,-0.05254,-0.01190,-0.23811,-0.2202,0.0849,0.0042,0.000,0.000,0.000,1,10
TRK,43621,0.96974,-0.05253,-0.01198,-0.23812,-0.2202,0.0849,0.0042,0.000,0.000,0.000,1,10
TRK,43643,0.96974,-0.05260,-0.01206,-0.23812,-0.2202,0.0849,0.0042,0.000,0.000,0.000,1,10
TRK,43664,0.96974,-0.05257,-0.01194,-0.23812,-0.2202,0.0849,0.0042,0.000,0.000,0.000,1,10
TRK,43683,0.96975,-0.05237,-0.01185,-0.23812,-0.2202,0.0849,0.0042,0.000,0.000,0.000,1,10
TRK,43702,0.96976,-0.05238,-0.01157,-0.23810,-0.2202,0.0849,0.0042,0.000,0.000,0.000,1,10
TRK,43723,0.96976,-0.05243,-0.01145,-0.23809,-0.2202,0.0849,0.0042,0.000,0.000,0.000,1,10
TRK,43742,0.96976,-0.05241,-0.01142,-0.23809,-0.2202,0.0849,0.0042,0.000,0.000,0.000,1,10
TRK,43764,0.96975,-0.05258,-0.01151,-0.23809,-0.2202,0.0849,0.0042,0.000,0.000,0.000,1,10
TRK,43782,0.96973,-0.05300,-0.01147,-0.23808,-0.2202,0.0849,0.0042,0.000,0.000,0.000,1,10
TRK,43804,0.96972,-0.05325,-0.01145,-0.23808,-0.2202,0.0849,0.0042,0.000,0.000,0.000,1,10
TRK,43823,0.96971,-0.05357,-0.01118,-0.23805,-0.2202,0.0849,0.0042,0.000,0.000,0.000,1,10
TRK,43841,0.96970,-0.05391,-0.01065,-0.23802,-0.2202,0.0849,0.0042,0.000,0.000,0.000,1,10
TRK,43863,0.96971,-0.05415,-0.00975,-0.23797,-0.2202,0.0849,0.0042,0.000,0.000,0.000,1,10
TRK,43884,0.96973,-0.05437,-0.00824,-0.23789,-0.2202,0.0849,0.0042,0.000,0.000,0.000,1,10
TRK,43903,0.97022,-0.05706,-0.00044,-0.23541,-0.2202,0.0848,0.0040,0.003,0.009,-0.011,2,10
TRK,43922,0.97075,-0.06409,0.00263,-0.23136,-0.2202,0.0849,0.0039,-0.002,0.006,-0.000,2,10
TRK,43942,0.97131,-0.07282,0.00356,-0.22637,-0.2203,0.0849,0.0039,-0.009,-0.005,-0.001,2,10
TRK,43962,0.97133,-0.07329,0.00358,-0.22614,-0.2205,0.0848,0.0038,-0.014,-0.012,-0.003,2,10
TRK,43982,0.97093,-0.06720,0.00294,-0.22972,-0.2207,0.0843,0.0038,-0.010,-0.025,-0.002,2,10
TRK,44002,0.97119,-0.06425,0.00270,-0.22946,-0.2210,0.0840,0.0037,-0.014,-0.013,-0.004,2,10
TRK,44022,0.97161,-0.06112,0.00111,-0.22855,-0.2213,0.0837,0.0037,-0.018,-0.014,-0.003,2,10
TRK,44042,0.97193,-0.05662,-0.00284,-0.22833,-0.2217,0.0833,0.0036,-0.020,-0.020,-0.001,2,10
TRK,44063,0.97223,-0.05367,-0.00815,-0.22764,-0.2221,0.0829,0.0036,-0.021,-0.024,-0.002,2,10
TRK,44083,0.97202,-0.05142,-0.00954,-0.22900,-0.2225,0.0821,0.0035,-0.018,-0.058,-0.007,2,10
TRK,44103,0.97086,-0.05007,-0.00610,-0.23426,-0.2229,0.0813,0.0033,-0.021,-0.032,-0.009,2,10
TRK,44121,0.97003,-0.04924,-0.00489,-0.23787,-0.2233,0.0808,0.0032,-0.018,-0.029,-0.009,2,10
TRK,44141,0.96900,-0.04877,-0.00374,-0.24218,-0.2237,0.0802,0.0030,-0.023,-0.022,-0.011,2,10
TRK,44163,0.96828,-0.04865,-0.00427,-0.24506,-0.2242,0.0798,0.0027,-0.024,-0.020,-0.009,2,10
TRK,44183,0.96694,-0.04798,-0.00931,-0.25029,-0.2247,0.0794,0.0026,-0.026,-0.021,-0.008,2,10
TRK,44202,0.96546,-0.04707,-0.01572,-0.25578,-0.2252,0.0790,0.0024,-0.027,-0.022,-0.009,2,10
TRK,44224,0.96409,-0.04664,-0.01859,-0.26078,-0.2258,0.0785,0.0022,-0.027,-0.022,-0.012,2,10
TRK,44244,0.96277,-0.04629,-0.02082,-0.26551,-0.2263,0.0781,0.0019,-0.029,-0.022,-0.013,2,10
TRK,44263,0.96189,-0.04573,-0.02391,-0.26851,-0.2270,0.0777,0.0017,-0.033,-0.020,-0.013,2,10
TRK,44283,0.96130,-0.04495,-0.02788,-0.27037,-0.2276,0.0773,0.0014,-0.036,-0.019,-0.013,2,10
TRK,44303,0.96104,-0.04373,-0.03426,-0.27078,-0.2284,0.0769,0.0012,-0.038,-0.018,-0.015,2,10
TRK,44321,0.96118,-0.04267,-0.03942,-0.26973,-0.2291,0.0766,0.0009,-0.043,-0.016,-0.016,2,10
TRK,44343,0.96208,-0.04131,-0.04529,-0.26578,-0.2301,0.0763,0.0005,-0.047,-0.015,-0.021,2,10
TRK,44361,0.96266,-0.04063,-0.04844,-0.26321,-0.2310,0.0760,0.0000,-0.047,-0.016,-0.024,2,10
TRK,44383,0.96294,-0.04042,-0.04911,-0.26212,-0.2320,0.0756,-0.0005,-0.045,-0.017,-0.025,2,10
TRK,44402,0.96303,-0.04051,-0.04828,-0.26193,-0.2328,0.0753,-0.0009,-0.044,-0.018,-0.025,2,10
TRK,44422,0.96282,-0.04066,-0.04671,-0.26295,-0.2336,0.0749,-0.0014,-0.042,-0.020,-0.022,2,10
TRK,44442,0.96321,-0.04067,-0.04678,-0.26152,-0.2345,0.0746,-0.0018,-0.045,-0.018,-0.021,2,10
TRK,44462,0.96370,-0.04048,-0.04741,-0.25962,-0.2355,0.0742,-0.0023,-0.046,-0.019,-0.023,2,10
TRK,44484,0.96466,-0.04046,-0.04635,-0.25622,-0.2365,0.0738,-0.0028,-0.052,-0.018,-0.028,2,10
TRK,44504,0.96614,-0.04068,-0.04482,-0.25081,-0.2376,0.0735,-0.0034,-0.055,-0.019,-0.028,2,10
TRK,44524,0.96731,-0.04031,-0.04571,-0.24618,-0.2388,0.0731,-0.0040,-0.057,-0.019,-0.026,2,10
TRK,44543,0.96842,-0.03949,-0.04816,-0.24143,-0.2398,0.0727,-0.0044,-0.059,-0.021,-0.024,2,10
STAT,404.5,400.5,0,0,0,0.5748,27.767,0.1289,0.0615,-0.0468,9.8064,0.53,0.011
TRK,44563,0.96964,-0.03860,-0.04889,-0.23647,-0.2411,0.0720,-0.0049,-0.065,-0.042,-0.026,2,10
TRK,44582,0.96967,-0.03828,-0.04662,-0.23685,-0.2423,0.0712,-0.0054,-0.058,-0.038,-0.027,2,10
TRK,44602,0.96917,-0.03833,-0.04437,-0.23931,-0.2434,0.0705,-0.0060,-0.054,-0.036,-0.027,2,10
TRK,44622,0.96867,-0.03856,-0.04152,-0.24182,-0.2445,0.0698,-0.0065,-0.055,-0.036,-0.028,2,10
TRK,44642,0.96857,-0.03886,-0.03876,-0.24260,-0.2455,0.0692,-0.0071,-0.055,-0.033,-0.027,2,10
TRK,44664,0.96856,-0.03922,-0.03478,-0.24319,-0.2468,0.0684,-0.0077,-0.058,-0.033,-0.028,2,10
TRK,44682,0.96877,-0.03992,-0.02936,-0.24297,-0.2478,0.0678,-0.0082,-0.058,-0.035,-0.031,2,10
TRK,44704,0.96916,-0.04181,-0.01635,-0.24231,-0.2490,0.0671,-0.0089,-0.053,-0.031,-0.035,2,10
TRK,44722,0.96948,-0.04299,-0.00512,-0.24133,-0.2501,0.0665,-0.0096,-0.058,-0.033,-0.027,2,10
TRK,44744,0.96952,-0.04282,-0.00554,-0.24119,-0.2514,0.0658,-0.0101,-0.059,-0.031,-0.024,2,10
TRK,44764,0.96978,-0.04263,-0.00734,-0.24010,-0.2526,0.0652,-0.0106,-0.060,-0.030,-0.024,2,10
TRK,44781,0.97017,-0.04238,-0.00942,-0.23850,-0.2537,0.0647,-0.0110,-0.062,-0.030,-0.023,2,10
TRK,44803,0.97115,-0.04205,-0.01223,-0.23442,-0.2549,0.0641,-0.0115,-0.064,-0.028,-0.024,2,10
TRK,44822,0.97192,-0.04187,-0.01314,-0.23119,-0.2562,0.0635,-0.0119,-0.067,-0.031,-0.026,2,10
TRK,44843,0.97236,-0.04181,-0.01278,-0.22937,-0.2576,0.0628,-0.0125,-0.061,-0.033,-0.026,2,10
TRK,44863,0.97239,-0.04191,-0.01176,-0.22925,-0.2588,0.0621,-0.0130,-0.060,-0.033,-0.026,2,10
TRK,44882,0.97241,-0.04205,-0.01063,-0.22919,-0.2598,0.0616,-0.0135,-0.060,-0.034,-0.027,2,10
TRK,44901,0.97243,-0.04213,-0.00979,-0.22916,-0.2610,0.0609,-0.0140,-0.060,-0.034,-0.026,2,10
TRK,44924,0.97243,-0.04210,-0.00975,-0.22914,-0.2624,0.0601,-0.0146,-0.060,-0.034,-0.026,2,10
TRK,44943,0.97244,-0.04212,-0.00985,-0.22912,-0.2636,0.0595,-0.0151,-0.061,-0.034,-0.026,2,10
TRK,44961,0.97255,-0.04216,-0.00967,-0.22866,-0.2646,0.0589,-0.0156,-0.062,-0.033,-0.026,2,10
TRK,44983,0.97270,-0.04228,-0.00912,-0.22801,-0.2660,0.0581,-0.0162,-0.062,-0.034,-0.026,2,10
TRK,45009,0.97273,-0.04241,-0.00846,-0.22786,-0.2281,0.0789,-0.0004,0.000,0.000,0.000,1,11
TRK,45022,0.97273,-0.04245,-0.00824,-0.22785,-0.2281,0.0789,-0.0004,0.000,0.000,0.000,1,11
TRK,45043,0.97274,-0.04251,-0.00807,-0.22784,-0.2281,0.0789,-0.0004,0.000,0.000,0.000,1,11
TRK,45062,0.97273,-0.04260,-0.00805,-0.22784,-0.2281,0.0789,-0.0004,0.000,0.000,0.000,1,11
TRK,45084,0.97273,-0.04270,-0.00800,-0.22784,-0.2281,0.0789,-0.0004,0.000,0.000,0.000,1,11
TRK,45104,0.97273,-0.04276,-0.00779,-0.22783,-0.2281,0.0789,-0.0004,0.000,0.000,0.000,1,11
TRK,45124,0.97273,-0.04277,-0.00771,-0.22783,-0.2281,0.0789,-0.0004,0.000,0.000,0.000,1,11
TRK,45142,0.97273,-0.04274,-0.00760,-0.22782,-0.2281,0.0789,-0.0004,0.000,0.000,0.000,1,11
TRK,45162,0.97274,-0.04268,-0.00719,-0.22781,-0.2281,0.0789,-0.0004,0.000,0.000,0.000,1,11
TRK,45184,0.97275,-0.04269,-0.00664,-0.22778,-0.2281,0.0789,-0.0004,0.000,0.000,0.000,1,11
TRK,45204,0.97275,-0.04273,-0.00653,-0.22778,-0.2281,0.0789,-0.0004,0.000,0.000,0.000,1,11
TRK,45224,0.97275,-0.04268,-0.00673,-0.22779,-0.2281,0.0789,-0.0004,0.000,0.000,0.000,1,11
TRK,45243,0.97275,-0.04271,-0.00660,-0.22778,-0.2281,0.0789,-0.0004,0.000,0.000,0.000,1,11
TRK,45262,0.97275,-0.04277,-0.00652,-0.22778,-0.2281,0.0789,-0.0004,0.000,0.000,0.000,1,11
TRK,45284,0.97275,-0.04287,-0.00615,-0.22776,-0.2281,0.0789,-0.0004,0.000,0.000,0.000,1,11
TRK,45302,0.97276,-0.04291,-0.00584,-0.22775,-0.2281,0.0789,-0.0004,0.000,0.000,0.000,1,11
TRK,45324,0.97276,-0.04294,-0.00555,-0.22774,-0.2281,0.0789,-0.0004,0.000,0.000,0.000,1,11
TRK,45344,0.97276,-0.04292,-0.00572,-0.22774,-0.2281,0.0789,-0.0004,0.000,0.000,0.000,1,11
TRK,45362,0.97276,-0.04278,-0.00596,-0.22776,-0.2281,0.0789,-0.0004,0.000,0.000,0.000,1,11
TRK,45384,0.97276,-0.04267,-0.00606,-0.22776,-0.2281,0.0789,-0.0004,0.000,0.000,0.000,1,11
TRK,45403,0.97276,-0.04266,-0.00605,-0.22776,-0.2281,0.0789,-0.0004,0.000,0.000,0.000,1,11
TRK,45423,0.97276,-0.04266,-0.00599,-0.22776,-0.2281,0.0789,-0.0004,0.000,0.000,0.000,1,11
TRK,45443,0.97276,-0.04263,-0.00633,-0.22777,-0.2281,0.0789,-0.0004,0.000,0.000,0.000,1,11
TRK,45463,0.97276,-0.04258,-0.00636,-0.22777,-0.2281,0.0789,-0.0004,0.000,0.000,0.000,1,11
TRK,45481,0.97276,-0.04261,-0.00635,-0.22777,-0.2281,0.0789,-0.0004,0.000,0.000,0.000,1,11
TRK,45503,0.97276,-0.04263,-0.00629,-0.22777,-0.2281,0.0789,-0.0004,0.000,0.000,0.000,1,11
TRK,45522,0.97276,-0.04266,-0.00633,-0.22777,-0.2281,0.0789,-0.0004,0.000,0.000,0.000,1,11
TRK,45544,0.97275,-0.04269,-0.00651,-0.22778,-0.2281,0.0789,-0.0004,0.000,0.000,0.000,1,11
STAT,404.5,400.5,0,0,0,0.0301,0.333,0.1373,0.0399,-0.0046,9.8017,1.27,0.076
TRK,45563,0.97275,-0.04276,-0.00674,-0.22779,-0.2281,0.0789,-0.0004,0.000,0.000,0.000,1,11
TRK,45581,0.97274,-0.04287,-0.00686,-0.22779,-0.2281,0.0789,-0.0004,0.000,0.000,0.000,1,11
TRK,45602,0.97274,-0.04297,-0.00681,-0.22779,-0.2281,0.0789,-0.0004,0.000,0.000,0.000,1,11
TRK,45623,0.97274,-0.04303,-0.00664,-0.22778,-0.2281,0.0789,-0.0004,0.000,0.000,0.000,1,11
TRK,45644,0.97274,-0.04311,-0.00630,-0.22776,-0.2281,0.0789,-0.0004,0.000,0.000,0.000,1,11
TRK,45663,0.97274,-0.04314,-0.00600,-0.22775,-0.2281,0.0789,-0.0004,0.000,0.000,0.000,1,11
TRK,45681,0.97275,-0.04314,-0.00583,-0.22774,-0.2281,0.0789,-0.0004,0.000,0.000,0.000,1,11
TRK,45703,0.97274,-0.04309,-0.00621,-0.22776,-0.2281,0.0789,-0.0004,0.000,0.000,0.000,1,11
TRK,45722,0.97305,-0.04299,-0.00611,-0.22646,-0.2282,0.0790,-0.0005,-0.015,0.009,-0.002,2,11
TRK,45743,0.97503,-0.04368,-0.00225,-0.21772,-0.2288,0.0793,-0.0006,-0.031,0.022,-0.005,2,11
TRK,45762,0.97743,-0.04713,0.00269,-0.20593,-0.2294,0.0797,-0.0006,-0.045,0.019,0.004,2,11
TRK,45784,0.97818,-0.06092,0.00980,-0.19836,-0.2308,0.0800,-0.0004,-0.081,-0.009,0.040,2,11
TRK,45804,0.97836,-0.07227,0.01198,-0.19353,-0.2324,0.0793,0.0017,-0.065,-0.038,0.162,2,11
TRK,45823,0.97916,-0.09188,0.00622,-0.18103,-0.2332,0.0778,0.0067,-0.025,-0.142,0.373,2,11
TRK,45841,0.97725,-0.09486,-0.01811,-0.18882,-0.2336,0.0750,0.0143,-0.012,-0.168,0.473,2,11
TRK,45863,0.97374,-0.09390,-0.04664,-0.20209,-0.2335,0.0711,0.0256,0.014,-0.182,0.543,2,11
TRK,45881,0.96853,-0.08585,-0.07575,-0.22100,-0.2331,0.0674,0.0367,0.029,-0.192,0.581,2,11
TRK,45903,0.96252,-0.07765,-0.09996,-0.23986,-0.2322,0.0635,0.0487,0.070,-0.203,0.639,2,11
TRK,45921,0.95482,-0.06558,-0.12970,-0.25923,-0.2303,0.0595,0.0617,0.121,-0.193,0.665,2,11
TRK,45942,0.94785,-0.06519,-0.15681,-0.26972,-0.2273,0.0558,0.0751,0.181,-0.185,0.696,2,11
TRK,45962,0.94085,-0.06622,-0.18729,-0.27449,-0.2232,0.0522,0.0890,0.226,-0.182,0.696,2,11
TRK,45982,0.93404,-0.06875,-0.22012,-0.27275,-0.2185,0.0486,0.1023,0.250,-0.177,0.631,2,11
TRK,46002,0.93060,-0.07467,-0.24274,-0.26361,-0.2131,0.0453,0.1137,0.297,-0.156,0.523,2,11
TRK,46024,0.93163,-0.08827,-0.25191,-0.24659,-0.2060,0.0420,0.1239,0.341,-0.143,0.400,2,11
TRK,46042,0.93422,-0.09925,-0.25103,-0.23319,-0.1988,0.0392,0.1312,0.390,-0.137,0.344,2,11
TRK,46063,0.93747,-0.10735,-0.25132,-0.21555,-0.1905,0.0367,0.1373,0.447,-0.123,0.272,2,11
TRK,46083,0.93948,-0.11088,-0.25527,-0.19978,-0.1813,0.0342,0.1418,0.473,-0.133,0.179,2,11
TRK,46103,0.94416,-0.11432,-0.24841,-0.18381,-0.1716,0.0313,0.1442,0.511,-0.152,0.086,2,11
TRK,46122,0.94683,-0.11773,-0.24553,-0.17136,-0.1615,0.0281,0.1452,0.515,-0.169,-0.010,2,11
TRK,46142,0.95024,-0.11984,-0.23952,-0.15911,-0.1511,0.0248,0.1437,0.539,-0.161,-0.134,2,11
TRK,46162,0.95497,-0.11758,-0.22851,-0.14832,-0.1401,0.0219,0.1399,0.570,-0.137,-0.257,2,11
TRK,46182,0.96131,-0.10787,-0.21107,-0.14036,-0.1286,0.0195,0.1334,0.594,-0.098,-0.396,2,11
TRK,46202,0.96778,-0.09330,-0.19279,-0.13241,-0.1168,0.0179,0.1244,0.588,-0.077,-0.503,2,11
TRK,46224,0.97428,-0.07874,-0.17066,-0.12433,-0.1042,0.0159,0.1126,0.543,-0.099,-0.564,2,11
TRK,46242,0.97854,-0.06980,-0.15407,-0.11768,-0.0938,0.0141,0.1007,0.509,-0.079,-0.628,2,11
TRK,46263,0.98343,-0.06178,-0.13348,-0.10600,-0.0841,0.0129,0.0879,0.477,-0.037,-0.665,2,11
TRK,46283,0.98900,-0.05626,-0.09977,-0.09355,-0.0749,0.0127,0.0748,0.423,0.009,-0.664,2,11
TRK,46303,0.99234,-0.04965,-0.07705,-0.08281,-0.0674,0.0129,0.0617,0.346,0.021,-0.658,2,11
TRK,46323,0.99491,-0.05084,-0.04810,-0.07254,-0.0614,0.0130,0.0495,0.262,-0.028,-0.571,2,11
TRK,46344,0.99599,-0.05384,-0.02317,-0.06763,-0.0567,0.0117,0.0374,0.158,-0.076,-0.517,2,11
TRK,46363,0.99633,-0.05782,0.00151,-0.06302,-0.0544,0.0105,0.0274,0.089,-0.045,-0.499,2,11
TRK,46382,0.99662,-0.05558,0.01826,-0.05765,-0.0530,0.0100,0.0190,0.062,-0.001,-0.473,2,11
TRK,46403,0.99761,-0.03986,0.03374,-0.04533,-0.0524,0.0109,0.0081,-0.003,0.084,-0.513,2,11
TRK,46422,0.99761,-0.02041,0.05234,-0.04014,-0.0514,0.0121,0.0016,0.131,0.016,-0.146,2,11
TRK,46444,0.99845,-0.04836,0.01001,-0.02565,-0.0505,0.0110,0.0004,-0.036,-0.037,-0.042,2,11
TRK,46462,0.99870,-0.04458,0.00006,-0.02478,-0.0514,0.0107,-0.0004,-0.054,0.003,-0.035,2,11
TRK,46482,0.99885,-0.04132,-0.01228,-0.02115,-0.0524,0.0107,-0.0011,-0.044,-0.007,-0.038,2,11
TRK,46502,0.99876,-0.03825,-0.02318,-0.02182,-0.0532,0.0107,-0.0019,-0.038,-0.003,-0.042,2,11
TRK,46524,0.99852,-0.03236,-0.03599,-0.02474,-0.0540,0.0105,-0.0028,-0.037,-0.009,-0.041,2,11
TRK,46544,0.99832,-0.02888,-0.04278,-0.02633,-0.0548,0.0102,-0.0036,-0.037,-0.022,-0.040,2,11
STAT,404.4,400.9,0,0,0,0.9410,65.169,0.1349,0.0414,0.0240,9.7989,1.27,0.076
TRK,46564,0.99820,-0.02808,-0.04576,-0.02667,-0.0555,0.0098,-0.0044,-0.038,-0.020,-0.047,2,11
TRK,46583,0.99827,-0.02705,-0.04605,-0.02477,-0.0562,0.0094,-0.0053,-0.039,-0.021,-0.049,2,11
TRK,46602,0.99835,-0.02660,-0.04519,-0.02351,-0.0569,0.0090,-0.0062,-0.037,-0.020,-0.048,2,11
TRK,46624,0.99838,-0.02784,-0.04375,-0.02336,-0.0578,0.0086,-0.0073,-0.038,-0.020,-0.045,2,11
TRK,46644,0.99836,-0.03009,-0.04274,-0.02350,-0.0585,0.0082,-0.0082,-0.040,-0.019,-0.053,2,11
TRK,46662,0.99832,-0.03351,-0.04083,-0.02389,-0.0592,0.0078,-0.0091,-0.036,-0.023,-0.053,2,11
TRK,46684,0.99847,-0.03586,-0.03386,-0.02486,-0.0600,0.0074,-0.0103,-0.040,-0.019,-0.049,2,11
TRK,46702,0.99855,-0.03751,-0.02923,-0.02515,-0.0608,0.0070,-0.0112,-0.042,-0.017,-0.047,2,11
TRK,46724,0.99861,-0.03874,-0.02558,-0.02495,-0.0617,0.0067,-0.0122,-0.042,-0.015,-0.049,2,11
TRK,46743,0.99863,-0.03942,-0.02362,-0.02488,-0.0625,0.0064,-0.0131,-0.043,-0.014,-0.048,2,11
TRK,46763,0.99863,-0.03952,-0.02349,-0.02492,-0.0634,0.0061,-0.0140,-0.044,-0.013,-0.042,2,11
TRK,46783,0.99863,-0.03933,-0.02399,-0.02498,-0.0642,0.0059,-0.0149,-0.045,-0.011,-0.046,2,11
TRK,46803,0.99862,-0.03926,-0.02418,-0.02502,-0.0651,0.0057,-0.0158,-0.047,-0.010,-0.047,2,11
TRK,46823,0.99862,-0.03922,-0.02421,-0.02500,-0.0662,0.0055,-0.0169,-0.048,-0.008,-0.046,2,11
TRK,46842,0.99862,-0.03918,-0.02435,-0.02527,-0.0670,0.0053,-0.0177,-0.048,-0.011,-0.044,2,11
TRK,46862,0.99858,-0.03937,-0.02333,-0.02710,-0.0680,0.0051,-0.0186,-0.048,-0.013,-0.048,2,11
TRK,46884,0.99857,-0.03974,-0.02207,-0.02813,-0.0690,0.0049,-0.0196,-0.048,-0.007,-0.049,2,11
TRK,46902,0.99856,-0.04001,-0.02117,-0.02868,-0.0700,0.0047,-0.0206,-0.048,-0.008,-0.046,2,11
TRK,46924,0.99856,-0.04023,-0.02035,-0.02923,-0.0709,0.0046,-0.0215,-0.050,-0.004,-0.047,2,11
TRK,46943,0.99856,-0.04039,-0.01985,-0.02928,-0.0719,0.0045,-0.0224,-0.051,-0.003,-0.049,2,11
TRK,46963,0.99856,-0.04068,-0.01901,-0.02937,-0.0730,0.0045,-0.0234,-0.052,-0.002,-0.049,2,11
TRK,46983,0.99855,-0.04076,-0.01884,-0.02964,-0.0740,0.0044,-0.0244,-0.053,-0.001,-0.047,2,11
TRK,47004,0.99854,-0.04066,-0.01897,-0.03014,-0.0752,0.0044,-0.0254,-0.054,0.001,-0.047,2,11
TRK,47024,0.99853,-0.04057,-0.01925,-0.03021,-0.0762,0.0045,-0.0263,-0.054,0.002,-0.048,2,11
TRK,47044,0.99853,-0.04057,-0.01919,-0.03026,-0.0773,0.0045,-0.0273,-0.054,0.004,-0.048,2,11
TRK,47062,0.99855,-0.04017,-0.01908,-0.03026,-0.0377,0.0018,0.0078,0.000,0.000,0.000,1,12
TRK,47082,0.99858,-0.03965,-0.01880,-0.03026,-0.0377,0.0018,0.0078,0.000,0.000,0.000,1,12
TRK,47102,0.99860,-0.03933,-0.01824,-0.03024,-0.0377,0.0018,0.0078,0.000,0.000,0.000,1,12
TRK,47122,0.99863,-0.03917,-0.01732,-0.03021,-0.0377,0.0018,0.0078,0.000,0.000,0.000,1,12
TRK,47144,0.99864,-0.03895,-0.01689,-0.03020,-0.0377,0.0018,0.0078,0.000,0.000,0.000,1,12
TRK,47163,0.99865,-0.03874,-0.01668,-0.03020,-0.0377,0.0018,0.0078,0.000,0.000,0.000,1,12
TRK,47184,0.99866,-0.03852,-0.01667,-0.03020,-0.0377,0.0018,0.0078,0.000,0.000,0.000,1,12
TRK,47203,0.99867,-0.03839,-0.01679,-0.03021,-0.0377,0.0018,0.0078,0.000,0.000,0.000,1,12
TRK,47223,0.99866,-0.03824,-0.01710,-0.03022,-0.0377,0.0018,0.0078,0.000,0.000,0.000,1,12
TRK,47241,0.99867,-0.03821,-0.01708,-0.03022,-0.0377,0.0018,0.0078,0.000,0.000,0.000,1,12
TRK,47261,0.99867,-0.03833,-0.01662,-0.03020,-0.0377,0.0018,0.0078,0.000,0.000,0.000,1,12
TRK,47283,0.99868,-0.03842,-0.01605,-0.03018,-0.0377,0.0018,0.0078,0.000,0.000,0.000,1,12
TRK,47302,0.99868,-0.03851,-0.01554,-0.03016,-0.0377,0.0018,0.0078,0.000,0.000,0.000,1,12
TRK,47324,0.99869,-0.03827,-0.01576,-0.03017,-0.0377,0.0018,0.0078,0.000,0.000,0.000,1,12
TRK,47342,0.99869,-0.03809,-0.01608,-0.03018,-0.0377,0.0018,0.0078,0.000,0.000,0.000,1,12
TRK,47362,0.99869,-0.03799,-0.01622,-0.03019,-0.0377,0.0018,0.0078,0.000,0.000,0.000,1,12
TRK,47382,0.99869,-0.03808,-0.01601,-0.03018,-0.0377,0.0018,0.0078,0.000,0.000,0.000,1,12
TRK,47404,0.99869,-0.03831,-0.01540,-0.03015,-0.0377,0.0018,0.0078,0.000,0.000,0.000,1,12
TRK,47423,0.99869,-0.03842,-0.01510,-0.03014,-0.0377,0.0018,0.0078,0.000,0.000,0.000,1,12
TRK,47442,0.99870,-0.03840,-0.01499,-0.03014,-0.0377,0.0018,0.0078,0.000,0.000,0.000,1,12
TRK,47461,0.99870,-0.03828,-0.01526,-0.03015,-0.0377,0.0018,0.0078,0.000,0.000,0.000,1,12
TRK,47481,0.99870,-0.03819,-0.01543,-0.03016,-0.0377,0.0018,0.0078,0.000,0.000,0.000,1,12
TRK,47502,0.99870,-0.03813,-0.01557,-0.03016,-0.0377,0.0018,0.0078,0.000,0.000,0.000,1,12
TRK,47522,0.99870,-0.03819,-0.01547,-0.03016,-0.0377,0.0018,0.0078,0.000,0.000,0.000,1,12
TRK,47542,0.99870,-0.03828,-0.01526,-0.03015,-0.0377,0.0018,0.0078,0.000,0.000,0.000,1,12
STAT,404.4,400.9,0,0,0,0.0464,1.326,0.1349,0.0414,0.0240,9.7946,1.48,0.072
TRK,47563,0.99870,-0.03832,-0.01505,-0.03014,-0.0377,0.0018,0.0078,0.000,0.000,0.000,1,12
TRK,47584,0.99870,-0.03842,-0.01484,-0.03013,-0.0377,0.0018,0.0078,0.000,0.000,0.000,1,12
TRK,47604,0.99870,-0.03845,-0.01464,-0.03012,-0.0377,0.0018,0.0078,0.000,0.000,0.000,1,12
TRK,47624,0.99870,-0.03840,-0.01450,-0.03012,-0.0377,0.0018,0.0078,0.000,0.000,0.000,1,12
TRK,47643,0.99871,-0.03842,-0.01424,-0.03011,-0.0377,0.0018,0.0078,0.000,0.000,0.000,1,12
TRK,47663,0.99871,-0.03850,-0.01410,-0.03010,-0.0377,0.0018,0.0078,0.000,0.000,0.000,1,12
TRK,47682,0.99871,-0.03851,-0.01407,-0.03010,-0.0377,0.0018,0.0078,0.000,0.000,0.000,1,12
TRK,47702,0.99871,-0.03846,-0.01400,-0.03010,-0.0377,0.0018,0.0078,0.000,0.000,0.000,1,12
TRK,47723,0.99871,-0.03861,-0.01359,-0.03008,-0.0377,0.0018,0.0078,0.000,0.000,0.000,1,12
TRK,47743,0.99871,-0.03874,-0.01321,-0.03006,-0.0377,0.0018,0.0078,0.000,0.000,0.000,1,12
TRK,47762,0.99871,-0.03882,-0.01309,-0.03006,-0.0377,0.0018,0.0078,0.000,0.000,0.000,1,12
TRK,47781,0.99871,-0.03886,-0.01314,-0.03006,-0.0377,0.0018,0.0078,0.000,0.000,0.000,1,12
TRK,47804,0.99870,-0.03917,-0.01277,-0.03004,-0.0377,0.0018,0.0078,0.000,0.000,0.000,1,12
TRK,47823,0.99869,-0.03946,-0.01232,-0.03002,-0.0377,0.0018,0.0078,0.000,0.000,0.000,1,12
TRK,47843,0.99869,-0.03980,-0.01170,-0.02999,-0.0377,0.0018,0.0078,0.000,0.000,0.000,1,12
TRK,47863,0.99869,-0.03996,-0.01139,-0.02998,-0.0377,0.0018,0.0078,0.000,0.000,0.000,1,12
TRK,47884,0.99869,-0.03999,-0.01128,-0.02997,-0.0377,0.0018,0.0078,0.000,0.000,0.000,1,12
TRK,47904,0.99869,-0.03986,-0.01138,-0.02998,-0.0377,0.0018,0.0078,0.000,0.000,0.000,1,12
TRK,47922,0.99869,-0.03976,-0.01144,-0.02998,-0.0377,0.0018,0.0078,0.000,0.000,0.000,1,12
TRK,47942,0.99870,-0.03970,-0.01110,-0.02997,-0.0377,0.0018,0.0078,0.000,0.000,0.000,1,12
TRK,47964,0.99870,-0.03976,-0.01065,-0.02995,-0.0377,0.0018,0.0078,0.000,0.000,0.000,1,12
TRK,47982,0.99871,-0.03977,-0.01043,-0.02994,-0.0377,0.0018,0.0078,0.000,0.000,0.000,1,12
TRK,48004,0.99871,-0.03962,-0.01062,-0.02995,-0.0377,0.0018,0.0078,0.000,0.000,0.000,1,12
TRK,48022,0.99871,-0.03951,-0.01091,-0.02996,-0.0377,0.0018,0.0078,0.000,0.000,0.000,1,12
TRK,48041,0.99871,-0.03945,-0.01119,-0.02998,-0.0377,0.0018,0.0078,0.000,0.000,0.000,1,12
TRK,48064,0.99870,-0.03983,-0.01041,-0.02994,-0.0377,0.0018,0.0078,0.000,0.000,0.000,1,12
TRK,48084,0.99870,-0.04030,-0.00926,-0.02989,-0.0377,0.0018,0.0078,0.000,0.000,0.000,1,12
TRK,48103,0.99869,-0.04066,-0.00830,-0.02985,-0.0377,0.0018,0.0078,0.000,0.000,0.000,1,12
TRK,48122,0.99869,-0.04085,-0.00790,-0.02983,-0.0377,0.0018,0.0078,0.000,0.000,0.000,1,12
TRK,48144,0.99869,-0.04086,-0.00823,-0.02984,-0.0377,0.0018,0.0078,0.000,0.000,0.000,1,12
TRK,48163,0.99869,-0.04071,-0.00862,-0.02986,-0.0377,0.0018,0.0078,0.000,0.000,0.000,1,12
TRK,48182,0.99869,-0.04068,-0.00845,-0.02985,-0.0377,0.0018,0.0078,0.000,0.000,0.000,1,12
TRK,48204,0.99870,-0.04069,-0.00792,-0.02983,-0.0377,0.0018,0.0078,0.000,0.000,0.000,1,12
TRK,48222,0.99870,-0.04072,-0.00754,-0.02982,-0.0377,0.0018,0.0078,0.000,0.000,0.000,1,12
TRK,48244,0.99870,-0.04075,-0.00730,-0.02981,-0.0377,0.0018,0.0078,0.000,0.000,0.000,1,12
TRK,48262,0.99870,-0.04044,-0.00823,-0.02991,-0.0380,0.0016,0.0080,-0.008,-0.006,0.003,2,12
TRK,48284,0.99870,-0.03956,-0.00930,-0.03076,-0.0383,0.0014,0.0081,-0.014,-0.008,0.003,2,12
TRK,48304,0.99873,-0.03802,-0.01016,-0.03152,-0.0386,0.0013,0.0082,-0.020,-0.004,0.011,2,12
TRK,48323,0.99868,-0.03115,-0.00854,-0.03984,-0.0392,0.0011,0.0086,-0.049,-0.015,0.041,2,12
TRK,48342,0.99844,-0.02286,-0.00279,-0.05079,-0.0407,0.0007,0.0098,-0.096,-0.037,0.100,2,12
TRK,48362,0.99838,-0.03844,-0.01061,-0.04058,-0.0424,-0.0007,0.0134,-0.082,-0.135,0.270,2,12
TRK,48382,0.99758,-0.04661,-0.02468,-0.04524,-0.0441,-0.0039,0.0199,-0.095,-0.159,0.354,2,12
TRK,48402,0.99649,-0.04627,-0.04229,-0.05545,-0.0466,-0.0070,0.0268,-0.152,-0.152,0.347,2,12
TRK,48424,0.99461,-0.04235,-0.05696,-0.07553,-0.0502,-0.0103,0.0348,-0.168,-0.146,0.380,2,12
TRK,48441,0.99290,-0.03784,-0.06691,-0.09082,-0.0533,-0.0129,0.0417,-0.189,-0.155,0.424,2,12
TRK,48461,0.98943,-0.03484,-0.08395,-0.11303,-0.0572,-0.0161,0.0508,-0.202,-0.173,0.497,2,12
TRK,48481,0.98517,-0.03439,-0.10230,-0.13341,-0.0612,-0.0194,0.0611,-0.209,-0.158,0.530,2,12
TRK,48503,0.98074,-0.03889,-0.11891,-0.14998,-0.0657,-0.0228,0.0734,-0.185,-0.148,0.574,2,12
TRK,48524,0.97756,-0.04353,-0.12793,-0.16163,-0.0694,-0.0260,0.0863,-0.148,-0.135,0.589,2,12
TRK,48543,0.97519,-0.04672,-0.13447,-0.16952,-0.0716,-0.0282,0.0966,-0.100,-0.123,0.597,2,12
STAT,404.4,400.4,0,0,0,1.8749,110.884,0.1349,0.0414,0.0240,9.7909,1.48,0.072
TRK,48561,0.97381,-0.05802,-0.13786,-0.17124,-0.0731,-0.0306,0.1085,-0.056,-0.122,0.605,2,12
TRK,48583,0.97122,-0.07234,-0.14524,-0.17435,-0.0737,-0.0333,0.1221,0.011,-0.119,0.620,2,12
TRK,48602,0.96875,-0.08289,-0.15418,-0.17571,-0.0730,-0.0352,0.1326,0.075,-0.091,0.590,2,12
TRK,48624,0.96684,-0.10033,-0.16096,-0.17099,-0.0703,-0.0369,0.1451,0.156,-0.070,0.526,2,12
TRK,48644,0.96575,-0.11672,-0.16209,-0.16563,-0.0666,-0.0382,0.1547,0.226,-0.063,0.447,2,12
TRK,48664,0.96529,-0.12948,-0.16156,-0.15918,-0.0614,-0.0394,0.1627,0.302,-0.051,0.359,2,12
TRK,48682,0.96576,-0.13943,-0.15845,-0.15087,-0.0547,-0.0403,0.1687,0.376,-0.042,0.250,2,12
TRK,48704,0.96759,-0.14446,-0.15429,-0.13817,-0.0465,-0.0410,0.1726,0.444,-0.039,0.133,2,12
TRK,48723,0.97000,-0.14093,-0.15081,-0.12841,-0.0373,-0.0419,0.1738,0.484,-0.050,-0.016,2,12
TRK,48741,0.97362,-0.13450,-0.14292,-0.11639,-0.0288,-0.0429,0.1722,0.496,-0.063,-0.174,2,12
TRK,48763,0.97769,-0.13464,-0.12279,-0.10452,-0.0179,-0.0446,0.1660,0.481,-0.085,-0.361,2,12
TRK,48781,0.98125,-0.13557,-0.09906,-0.09465,-0.0084,-0.0462,0.1581,0.481,-0.082,-0.437,2,12
TRK,48803,0.98453,-0.13013,-0.08021,-0.08562,0.0024,-0.0478,0.1475,0.492,-0.053,-0.518,2,12
TRK,48822,0.98799,-0.11810,-0.06468,-0.07583,0.0109,-0.0485,0.1378,0.485,-0.031,-0.597,2,12
TRK,48842,0.99129,-0.10371,-0.05040,-0.06354,0.0203,-0.0489,0.1253,0.459,-0.013,-0.661,2,12
TRK,48862,0.99374,-0.09187,-0.03680,-0.05186,0.0289,-0.0493,0.1121,0.406,-0.031,-0.674,2,12
TRK,48882,0.99515,-0.08534,-0.01952,-0.04489,0.0361,-0.0502,0.0984,0.326,-0.054,-0.703,2,12
TRK,48902,0.99578,-0.08213,0.00117,-0.04083,0.0428,-0.0513,0.0830,0.272,-0.050,-0.679,2,12
TRK,48924,0.99638,-0.07411,0.01920,-0.03695,0.0476,-0.0523,0.0698,0.210,-0.053,-0.649,2,12
TRK,48944,0.99696,-0.06307,0.03094,-0.03359,0.0512,-0.0538,0.0558,0.119,-0.073,-0.608,2,12
TRK,48963,0.99727,-0.05506,0.03920,-0.02966,0.0529,-0.0547,0.0455,0.063,-0.037,-0.588,2,12
TRK,48981,0.99741,-0.05239,0.04427,-0.02153,0.0534,-0.0554,0.0340,-0.010,-0.035,-0.570,2,12
TRK,49003,0.99647,-0.05733,0.05830,-0.01906,0.0527,-0.0561,0.0232,-0.058,-0.019,-0.532,2,12
TRK,49022,0.99703,0.00891,0.04174,-0.06416,0.0541,-0.0576,0.0164,0.201,-0.160,-0.102,2,12
TRK,49042,0.98683,0.09969,-0.00060,-0.12737,0.0557,-0.0595,0.0144,-0.010,-0.074,-0.094,2,12
TRK,49062,0.98534,0.09989,-0.02266,-0.13643,0.0549,-0.0607,0.0134,-0.053,-0.039,-0.033,2,12
TRK,49084,0.98253,0.10916,-0.03199,-0.14733,0.0538,-0.0615,0.0126,-0.036,-0.029,-0.036,2,12
TRK,49104,0.98179,0.11712,-0.03200,-0.14611,0.0536,-0.0619,0.0117,0.006,-0.022,-0.055,2,12
TRK,49121,0.98170,0.12287,-0.03117,-0.14209,0.0537,-0.0624,0.0108,0.010,-0.029,-0.056,2,12
TRK,49141,0.98192,0.12652,-0.03060,-0.13743,0.0540,-0.0630,0.0097,0.012,-0.038,-0.046,2,12
TRK,49163,0.98323,0.12167,-0.03039,-0.13239,0.0541,-0.0639,0.0088,0.004,-0.035,-0.046,2,12
TRK,49184,0.98510,0.11552,-0.02877,-0.12413,0.0543,-0.0646,0.0077,0.007,-0.035,-0.050,2,12
TRK,49203,0.98636,0.11023,-0.02574,-0.11949,0.0544,-0.0653,0.0069,0.012,-0.045,-0.046,2,12
TRK,49221,0.98680,0.10715,-0.02706,-0.11839,0.0548,-0.0663,0.0060,0.022,-0.051,-0.040,2,12
TRK,49242,0.98727,0.10343,-0.02747,-0.11771,0.0552,-0.0673,0.0052,0.026,-0.055,-0.042,2,12
TRK,49262,0.98678,0.09876,-0.02843,-0.12534,0.0560,-0.0685,0.0043,0.061,-0.067,-0.051,2,12
TRK,49283,0.98032,0.03758,-0.04349,-0.18886,0.0593,-0.0695,0.0012,0.230,0.123,-0.347,2,12
TRK,49304,0.97881,0.00559,-0.06855,-0.19285,0.0612,-0.0681,-0.0058,0.019,-0.090,-0.348,2,12
TRK,49322,0.97879,0.00212,-0.07161,-0.19194,0.0618,-0.0693,-0.0118,0.039,-0.054,-0.348,2,12
TRK,49344,0.97892,0.00052,-0.07832,-0.18865,0.0627,-0.0704,-0.0195,0.045,-0.047,-0.346,2,12
TRK,49363,0.97894,-0.00122,-0.08296,-0.18655,0.0635,-0.0716,-0.0264,0.039,-0.063,-0.344,2,12
TRK,49381,0.97876,-0.00199,-0.08826,-0.18503,0.0642,-0.0727,-0.0323,0.035,-0.067,-0.344,2,12
TRK,49403,0.97880,-0.00440,-0.09402,-0.18189,0.0649,-0.0741,-0.0400,0.029,-0.065,-0.347,2,12
TRK,49421,0.97894,-0.00617,-0.09951,-0.17813,0.0655,-0.0755,-0.0469,0.029,-0.068,-0.346,2,12
TRK,49443,0.97924,-0.00808,-0.10580,-0.17274,0.0660,-0.0768,-0.0537,0.031,-0.070,-0.345,2,12
TRK,49462,0.97929,-0.00939,-0.11047,-0.16943,0.0667,-0.0782,-0.0605,0.033,-0.073,-0.343,2,12
TRK,49483,0.97925,-0.01042,-0.11747,-0.16484,0.0674,-0.0799,-0.0682,0.033,-0.075,-0.344,2,12
TRK,49502,0.97931,-0.01004,-0.12168,-0.16140,0.0680,-0.0812,-0.0741,0.036,-0.079,-0.342,2,12
TRK,49524,0.97958,-0.00926,-0.12398,-0.15802,0.0688,-0.0830,-0.0817,0.037,-0.081,-0.343,2,12
TRK,49542,0.97977,-0.00911,-0.12422,-0.15667,0.0695,-0.0844,-0.0877,0.039,-0.083,-0.344,2,12
STAT,404.4,400.4,0,0,0,0.1685,25.368,0.1349,0.0414,0.0240,9.7909,1.48,0.072
TRK,49561,0.97996,-0.00920,-0.12354,-0.15596,0.0703,-0.0861,-0.0945,0.040,-0.086,-0.345,2,12
TRK,49584,0.98000,-0.00930,-0.12327,-0.15594,0.0712,-0.0880,-0.1021,0.041,-0.088,-0.343,2,12
TRK,49603,0.97995,-0.00923,-0.12370,-0.15594,0.0720,-0.0898,-0.1089,0.041,-0.090,-0.342,2,12
TRK,49623,0.97976,-0.00893,-0.12518,-0.15598,0.0728,-0.0916,-0.1157,0.042,-0.092,-0.342,2,12
TRK,49643,0.97963,-0.00874,-0.12603,-0.15607,0.0736,-0.0934,-0.1224,0.043,-0.094,-0.342,2,12
TRK,49661,0.97970,-0.00883,-0.12555,-0.15605,0.0745,-0.0953,-0.1292,0.044,-0.096,-0.342,2,12
TRK,49683,0.97978,-0.00898,-0.12487,-0.15605,0.0753,-0.0972,-0.1360,0.043,-0.098,-0.341,2,12
TRK,49702,0.97984,-0.00908,-0.12437,-0.15607,0.0762,-0.0992,-0.1427,0.044,-0.099,-0.341,2,12
TRK,49723,0.97984,-0.00911,-0.12435,-0.15608,0.0772,-0.1014,-0.1503,0.044,-0.102,-0.340,2,12
TRK,49744,0.97986,-0.00911,-0.12430,-0.15605,0.0781,-0.1034,-0.1570,0.045,-0.103,-0.339,2,12
TRK,49762,0.97987,-0.00911,-0.12422,-0.15602,0.0790,-0.1055,-0.1637,0.046,-0.105,-0.339,2,12
TRK,49784,0.97987,-0.00910,-0.12424,-0.15603,0.0799,-0.1076,-0.1704,0.047,-0.107,-0.339,2,12
TRK,49802,0.97989,-0.00908,-0.12416,-0.15596,0.0808,-0.1097,-0.1771,0.047,-0.108,-0.339,2,12
TRK,49824,0.98004,-0.00902,-0.12393,-0.15521,0.0819,-0.1121,-0.1846,0.048,-0.110,-0.339,2,12
TRK,49844,0.98030,-0.00925,-0.12229,-0.15483,0.0828,-0.1143,-0.1913,0.049,-0.112,-0.339,2,12
TRK,49862,0.98055,-0.00967,-0.12033,-0.15475,0.0837,-0.1163,-0.1972,0.050,-0.113,-0.340,2,12
TRK,49882,0.98080,-0.01046,-0.11708,-0.15558,0.0847,-0.1185,-0.2039,0.051,-0.116,-0.338,2,12
TRK,49902,0.98075,-0.01069,-0.11653,-0.15634,0.0857,-0.1209,-0.2106,0.051,-0.117,-0.336,2,12
TRK,49922,0.98067,-0.01061,-0.11695,-0.15654,0.0867,-0.1232,-0.2172,0.050,-0.119,-0.335,2,12
TRK,49942,0.98061,-0.01053,-0.11731,-0.15662,0.0877,-0.1255,-0.2239,0.052,-0.120,-0.335,2,12
TRK,49963,0.98069,-0.01068,-0.11663,-0.15659,0.0889,-0.1282,-0.2313,0.052,-0.122,-0.335,2,12
TRK,49983,0.98089,-0.01099,-0.11509,-0.15651,0.0899,-0.1307,-0.2380,0.053,-0.123,-0.336,2,12
TRK,50001,0.98112,-0.01132,-0.11320,-0.15640,0.0908,-0.1328,-0.2438,0.054,-0.125,-0.335,2,12
TRK,50021,0.98133,-0.01164,-0.11150,-0.15628,0.0919,-0.1353,-0.2504,0.054,-0.127,-0.334,2,12
TRK,50043,0.98167,-0.01196,-0.10943,-0.15556,0.0931,-0.1381,-0.2578,0.055,-0.129,-0.334,2,12
TRK,50064,0.98204,-0.01248,-0.10658,-0.15519,0.0944,-0.1410,-0.2652,0.057,-0.131,-0.335,2,12
TRK,50083,0.98244,-0.01318,-0.10301,-0.15498,0.0954,-0.1433,-0.2710,0.058,-0.132,-0.335,2,12
TRK,50101,0.98296,-0.01410,-0.09830,-0.15466,0.0965,-0.1459,-0.2777,0.060,-0.134,-0.336,2,12
TRK,50123,0.98434,-0.01619,-0.08701,-0.15246,0.0977,-0.1485,-0.2844,0.063,-0.123,-0.341,2,12
TRK,50142,0.98657,-0.01882,-0.07199,-0.14538,0.0990,-0.1508,-0.2911,0.067,-0.114,-0.341,2,12
TRK,50163,0.98903,-0.02175,-0.05470,-0.13546,0.1004,-0.1533,-0.2987,0.062,-0.113,-0.341,2,12
TRK,50182,0.99151,-0.03581,-0.03959,-0.11854,0.1013,-0.1552,-0.3044,0.014,-0.130,-0.325,2,12
TRK,50201,0.99214,-0.07370,-0.02108,-0.09891,0.1006,-0.1594,-0.3108,-0.075,-0.281,-0.313,2,12
TRK,50224,0.98413,-0.16230,0.01155,-0.07084,0.0983,-0.1663,-0.3175,-0.095,-0.336,-0.280,2,12
TRK,50243,0.96568,-0.25177,0.03521,-0.05321,0.0965,-0.1728,-0.3228,-0.103,-0.306,-0.263,2,12
TRK,50261,0.92488,-0.37444,0.06369,-0.01827,0.0945,-0.1780,-0.3273,-0.136,-0.311,-0.258,2,12
TRK,50284,0.88649,-0.45552,0.08144,-0.00151,0.0924,-0.1848,-0.3286,0.013,-0.181,0.221,2,12
TRK,50303,0.89575,-0.43915,0.06409,-0.02604,0.0912,-0.1893,-0.3254,-0.166,-0.339,0.134,2,12
TRK,50321,0.88052,-0.46818,0.06327,-0.03860,0.0871,-0.1965,-0.3222,-0.246,-0.385,0.188,2,12
TRK,50343,0.85165,-0.51729,0.06828,-0.04929,0.0819,-0.2045,-0.3182,-0.232,-0.386,0.256,2,12
TRK,50362,0.84111,-0.53133,0.06410,-0.07822,0.0775,-0.2114,-0.3128,-0.247,-0.340,0.239,2,12
TRK,50382,0.83163,-0.54016,0.07652,-0.10373,0.0718,-0.2181,-0.3089,-0.339,-0.338,0.168,2,12
TRK,50402,0.82126,-0.54928,0.09486,-0.12173,0.0644,-0.2251,-0.3056,-0.410,-0.392,0.165,2,12
TRK,50422,0.80363,-0.56301,0.11724,-0.15318,0.0550,-0.2339,-0.3023,-0.448,-0.390,0.126,2,12
TRK,50442,0.76710,-0.60119,0.13961,-0.17506,0.0457,-0.2419,-0.3002,-0.503,-0.437,0.087,2,12
TRK,50462,0.70040,-0.65940,0.18220,-0.20354,0.0355,-0.2507,-0.2984,-0.466,-0.382,0.097,2,12
TRK,50482,0.68132,-0.66432,0.18659,-0.24427,0.0276,-0.2564,-0.2971,-0.345,-0.207,0.021,2,12
TRK,50502,0.70831,-0.62977,0.17405,-0.26718,0.0218,-0.2594,-0.2974,-0.195,-0.067,-0.018,2,12
TRK,50522,0.76183,-0.57264,0.12603,-0.27534,0.0183,-0.2606,-0.2978,-0.182,-0.061,-0.026,2,12
TRK,50542,0.79460,-0.53904,0.08407,-0.26641,0.0141,-0.2622,-0.2988,-0.238,-0.117,-0.085,2,12
STAT,404.8,400.8,0,0,0,6.7235,344.567,0.1349,0.0414,0.0240,9.7909,1.48,0.072
TRK,50562,0.79582,-0.54877,0.06960,-0.24633,0.0092,-0.2651,-0.3011,-0.251,-0.170,-0.138,2,12
TRK,50583,0.78371,-0.56694,0.07878,-0.24119,0.0039,-0.2698,-0.3037,-0.217,-0.241,-0.066,2,12
TRK,50603,0.78657,-0.54817,0.07764,-0.27348,0.0004,-0.2742,-0.3036,-0.135,-0.184,0.054,2,12
TRK,50622,0.81041,-0.49773,0.05294,-0.30448,-0.0016,-0.2764,-0.3030,-0.110,-0.090,-0.004,2,12
TRK,50641,0.84406,-0.42326,0.02293,-0.32846,-0.0039,-0.2781,-0.3037,-0.137,-0.112,-0.058,2,12
TRK,50661,0.82636,-0.43104,0.04053,-0.36014,-0.0094,-0.2841,-0.3063,-0.350,-0.395,-0.198,2,12
TRK,50681,0.82815,-0.41599,0.04109,-0.37342,-0.0129,-0.2879,-0.3102,-0.127,-0.142,-0.216,2,12
TRK,50701,0.82823,-0.42745,0.03685,-0.36050,-0.0159,-0.2917,-0.3145,-0.161,-0.233,-0.214,2,12
TRK,50721,0.81466,-0.46436,0.04082,-0.34501,-0.0190,-0.2967,-0.3185,-0.148,-0.259,-0.188,2,12
TRK,50741,0.80087,-0.49531,0.03717,-0.33450,-0.0219,-0.3023,-0.3224,-0.113,-0.245,-0.172,2,12
TRK,50764,0.78320,-0.53665,0.00976,-0.31386,-0.0238,-0.3076,-0.3263,-0.072,-0.229,-0.189,2,12
TRK,50783,0.77980,-0.54396,0.00934,-0.30974,-0.0254,-0.3113,-0.3312,-0.067,-0.140,-0.294,2,12
TRK,50803,0.79840,-0.51290,0.01750,-0.31494,-0.0257,-0.3135,-0.3365,0.036,-0.093,-0.235,2,12
TRK,50823,0.82847,-0.45063,0.01006,-0.33237,-0.0245,-0.3149,-0.3409,0.078,-0.049,-0.210,2,12
TRK,50842,0.85872,-0.37528,-0.00621,-0.34890,-0.0231,-0.3158,-0.3444,0.077,-0.059,-0.201,2,12
TRK,50864,0.88278,-0.29876,-0.02213,-0.36189,-0.0219,-0.3179,-0.3499,0.030,-0.123,-0.294,2,12
TRK,50882,0.89323,-0.26281,-0.02976,-0.36358,-0.0216,-0.3206,-0.3564,0.004,-0.153,-0.357,2,12
TRK,50901,0.89863,-0.25835,-0.04422,-0.35181,-0.0217,-0.3236,-0.3628,-0.022,-0.201,-0.378,2,12
TRK,50921,0.89332,-0.29180,-0.05847,-0.33676,-0.0225,-0.3284,-0.3703,-0.046,-0.299,-0.381,2,12
TRK,50944,0.86352,-0.38580,-0.07653,-0.31566,-0.0231,-0.3361,-0.3792,0.016,-0.291,-0.299,2,12
TRK,50963,0.84680,-0.42266,-0.09146,-0.30972,-0.0225,-0.3401,-0.3837,0.044,-0.168,-0.258,2,12
TRK,50982,0.85681,-0.39869,-0.08125,-0.31674,-0.0215,-0.3430,-0.3896,0.066,-0.127,-0.310,2,12
TRK,51002,0.87566,-0.34420,-0.07000,-0.33144,-0.0198,-0.3449,-0.3955,0.093,-0.074,-0.292,2,12
TRK,51021,0.89798,-0.26317,-0.06716,-0.34622,-0.0180,-0.3465,-0.4015,0.089,-0.095,-0.332,2,12
TRK,51044,0.91063,-0.19474,-0.06144,-0.35925,-0.0161,-0.3491,-0.4095,0.083,-0.138,-0.369,2,12
TRK,51064,0.91480,-0.16518,-0.06049,-0.36360,-0.0144,-0.3520,-0.4169,0.090,-0.163,-0.393,2,12
TRK,51084,0.91487,-0.17329,-0.06163,-0.35943,-0.0125,-0.3556,-0.4252,0.098,-0.185,-0.438,2,12
TRK,51102,0.91156,-0.20356,-0.06951,-0.35042,-0.0107,-0.3596,-0.4338,0.089,-0.242,-0.426,2,12
TRK,51124,0.89458,-0.26920,-0.09056,-0.34505,-0.0098,-0.3623,-0.4380,0.000,0.000,0.000,3,12
TRK,51142,0.86646,-0.33938,-0.10937,-0.34944,-0.0098,-0.3623,-0.4380,0.000,0.000,0.000,3,12
TRK,51163,0.85170,-0.36562,-0.10900,-0.35924,-0.0098,-0.3623,-0.4380,0.000,0.000,0.000,3,12
TRK,51183,0.86724,-0.32728,-0.08403,-0.36569,-0.0098,-0.3623,-0.4380,0.000,0.000,0.000,3,12
TRK,51202,0.88036,-0.28509,-0.06271,-0.37385,-0.0098,-0.3623,-0.4380,0.000,0.000,0.000,3,12
TRK,51222,0.89471,-0.23442,-0.05445,-0.37627,-0.0098,-0.3623,-0.4380,0.000,0.000,0.000,3,12
TRK,51242,0.90392,-0.19496,-0.05839,-0.37617,-0.0098,-0.3623,-0.4380,0.000,0.000,0.000,3,12
TRK,51262,0.91025,-0.16644,-0.06770,-0.37305,-0.0098,-0.3623,-0.4380,0.000,0.000,0.000,3,12
TRK,51284,0.91161,-0.15579,-0.07679,-0.37255,-0.0098,-0.3623,-0.4380,0.000,0.000,0.000,3,12
TRK,51302,0.90663,-0.16372,-0.08848,-0.37868,-0.0098,-0.3623,-0.4380,0.000,0.000,0.000,3,12
TRK,51324,0.88645,-0.21650,-0.10998,-0.39399,-0.0098,-0.3623,-0.4380,0.000,0.000,0.000,3,12
TRK,51342,0.85784,-0.27604,-0.12372,-0.41545,-0.0098,-0.3623,-0.4380,0.000,0.000,0.000,3,12
TRK,51364,0.82377,-0.34269,-0.12905,-0.43279,-0.0098,-0.3623,-0.4380,0.000,0.000,0.000,3,12
TRK,51384,0.83698,-0.32122,-0.12211,-0.42588,-0.0098,-0.3623,-0.4380,0.000,0.000,0.000,3,12
TRK,51402,0.85371,-0.28039,-0.11125,-0.42448,-0.0098,-0.3623,-0.4380,0.000,0.000,0.000,3,12
TRK,51424,0.86984,-0.22040,-0.09439,-0.43115,-0.0098,-0.3623,-0.4380,0.000,0.000,0.000,3,12
TRK,51441,0.87754,-0.18596,-0.08717,-0.43329,-0.0098,-0.3623,-0.4380,0.000,0.000,0.000,3,12
TRK,51463,0.88538,-0.13855,-0.08652,-0.43522,-0.0098,-0.3623,-0.4380,0.000,0.000,0.000,3,12
TRK,51482,0.88599,-0.11517,-0.09448,-0.43912,-0.0098,-0.3623,-0.4380,0.000,0.000,0.000,3,12
TRK,51504,0.88520,-0.13366,-0.10299,-0.43354,-0.0098,-0.3623,-0.4380,0.000,0.000,0.000,3,12
TRK,51522,0.88128,-0.18794,-0.11657,-0.41765,-0.0098,-0.3623,-0.4380,0.000,0.000,0.000,3,12
TRK,51542,0.85948,-0.26789,-0.14704,-0.40976,-0.0098,-0.3623,-0.4380,0.000,0.000,0.000,3,12
STAT,404.8,400.8,0,0,0,2.8075,316.783,0.1349,0.0414,0.0240,9.7909,1.48,0.072
TRK,51564,0.83135,-0.35521,-0.14280,-0.40286,-0.0098,-0.3623,-0.4380,0.000,0.000,0.000,3,12
TRK,51583,0.83571,-0.35202,-0.12933,-0.40117,-0.0098,-0.3623,-0.4380,0.000,0.000,0.000,3,12
TRK,51604,0.86624,-0.27950,-0.10370,-0.40094,-0.0098,-0.3623,-0.4380,0.000,0.000,0.000,3,12
TRK,51624,0.88222,-0.22093,-0.08732,-0.40652,-0.0098,-0.3623,-0.4380,0.000,0.000,0.000,3,12
TRK,51643,0.88683,-0.18362,-0.08495,-0.41546,-0.0098,-0.3623,-0.4380,0.000,0.000,0.000,3,12
TRK,51662,0.88855,-0.15363,-0.08868,-0.42310,-0.0098,-0.3623,-0.4380,0.000,0.000,0.000,3,12
TRK,51682,0.88917,-0.14709,-0.09655,-0.42241,-0.0098,-0.3623,-0.4380,0.000,0.000,0.000,3,12
TRK,51702,0.88900,-0.16869,-0.10856,-0.41162,-0.0098,-0.3623,-0.4380,0.000,0.000,0.000,3,12
TRK,51722,0.88120,-0.22365,-0.13222,-0.39494,-0.0098,-0.3623,-0.4380,0.000,0.000,0.000,3,12
TRK,51744,0.85419,-0.31280,-0.16303,-0.38202,-0.0098,-0.3623,-0.4380,0.000,0.000,0.000,3,12
TRK,51764,0.84323,-0.34930,-0.15210,-0.37924,-0.0098,-0.3623,-0.4380,0.000,0.000,0.000,3,12
TRK,51781,0.85267,-0.33700,-0.12653,-0.37865,-0.0098,-0.3623,-0.4380,0.000,0.000,0.000,3,12
TRK,51802,0.87120,-0.29232,-0.09541,-0.38270,-0.0098,-0.3623,-0.4380,0.000,0.000,0.000,3,12
TRK,51824,0.88825,-0.22064,-0.06796,-0.39713,-0.0098,-0.3623,-0.4380,0.000,0.000,0.000,3,12
TRK,51841,0.89254,-0.17004,-0.06020,-0.41333,-0.0098,-0.3623,-0.4380,0.000,0.000,0.000,3,12
TRK,51863,0.88984,-0.12711,-0.06165,-0.43384,-0.0098,-0.3623,-0.4380,0.000,0.000,0.000,3,12
TRK,51881,0.89085,-0.11294,-0.08555,-0.43163,-0.0098,-0.3623,-0.4380,0.000,0.000,0.000,3,12
TRK,51902,0.89296,-0.09266,-0.15962,-0.41057,-0.0098,-0.3623,-0.4380,0.000,0.000,0.000,3,12
TRK,51922,0.87851,-0.10450,-0.19129,-0.42510,-0.0098,-0.3623,-0.4380,0.000,0.000,0.000,3,12
TRK,51942,0.86466,-0.14941,-0.21347,-0.42950,-0.0098,-0.3623,-0.4380,0.000,0.000,0.000,3,12
TRK,51963,0.85385,-0.23798,-0.20041,-0.41730,-0.0098,-0.3623,-0.4380,0.000,0.000,0.000,3,12
TRK,51983,0.84422,-0.32769,-0.13936,-0.40061,-0.0098,-0.3623,-0.4380,0.000,0.000,0.000,3,12
TRK,52004,0.82478,-0.40795,-0.05923,-0.38704,-0.0098,-0.3623,-0.4380,0.000,0.000,0.000,3,12
TRK,52024,0.81811,-0.42721,-0.01262,-0.38474,-0.0098,-0.3623,-0.4380,0.000,0.000,0.000,3,12
TRK,52044,0.85041,-0.34984,0.00272,-0.39294,-0.0098,-0.3623,-0.4380,0.000,0.000,0.000,3,12
TRK,52063,0.88571,-0.22156,-0.00781,-0.40789,-0.0098,-0.3623,-0.4380,0.000,0.000,0.000,3,12
TRK,52083,0.89114,-0.11599,-0.02494,-0.43794,-0.0098,-0.3623,-0.4380,0.000,0.000,0.000,3,12
TRK,52101,0.88120,-0.06568,-0.04783,-0.46572,-0.0098,-0.3623,-0.4380,0.000,0.000,0.000,3,12
TRK,52123,0.86722,-0.05193,-0.08481,-0.48789,-0.0098,-0.3623,-0.4380,0.000,0.000,0.000,3,12
TRK,52141,0.86731,-0.07728,-0.11505,-0.47808,-0.0098,-0.3623,-0.4380,0.000,0.000,0.000,3,12
TRK,52162,0.86530,-0.13098,-0.15652,-0.45782,-0.0098,-0.3623,-0.4380,0.000,0.000,0.000,3,12
TRK,52184,0.84781,-0.21536,-0.18360,-0.44847,-0.0098,-0.3623,-0.4380,0.000,0.000,0.000,3,12
TRK,52204,0.81721,-0.30191,-0.17828,-0.45741,-0.0098,-0.3623,-0.4380,0.000,0.000,0.000,3,12
TRK,52222,0.82162,-0.28191,-0.16421,-0.46743,-0.0098,-0.3623,-0.4380,0.000,0.000,0.000,3,12
TRK,52244,0.84881,-0.18219,-0.13265,-0.47826,-0.0098,-0.3623,-0.4380,0.000,0.000,0.000,3,12
TRK,52263,0.86058,-0.11488,-0.12128,-0.48113,-0.0098,-0.3623,-0.4380,0.000,0.000,0.000,3,12
TRK,52284,0.87292,-0.07116,-0.11256,-0.46935,-0.0098,-0.3623,-0.4380,0.000,0.000,0.000,3,12
TRK,52303,0.88346,-0.04829,-0.10971,-0.45290,-0.0098,-0.3623,-0.4380,0.000,0.000,0.000,3,12
TRK,52323,0.89032,-0.05306,-0.11332,-0.43780,-0.0098,-0.3623,-0.4380,0.000,0.000,0.000,3,12
TRK,52343,0.89310,-0.07610,-0.12137,-0.42645,-0.0098,-0.3623,-0.4380,0.000,0.000,0.000,3,12
TRK,52363,0.88938,-0.12929,-0.12970,-0.41888,-0.0098,-0.3623,-0.4380,0.000,0.000,0.000,3,12
TRK,52382,0.89120,-0.15374,-0.13447,-0.40501,-0.0098,-0.3623,-0.4380,0.000,0.000,0.000,3,12
TRK,52401,0.90065,-0.15152,-0.13576,-0.38398,-0.0098,-0.3623,-0.4380,0.000,0.000,0.000,3,12
TRK,52421,0.90713,-0.15061,-0.14206,-0.36641,-0.0098,-0.3623,-0.4380,0.000,0.000,0.000,3,12
TRK,52444,0.91486,-0.14082,-0.15401,-0.34565,-0.0098,-0.3623,-0.4380,0.000,0.000,0.000,3,12
TRK,52463,0.92082,-0.12696,-0.15898,-0.33273,-0.0098,-0.3623,-0.4380,0.000,0.000,0.000,3,12
TRK,52481,0.92347,-0.12643,-0.15535,-0.32723,-0.0098,-0.3623,-0.4380,0.000,0.000,0.000,3,12
TRK,52503,0.92478,-0.13290,-0.14503,-0.32571,-0.0098,-0.3623,-0.4380,0.000,0.000,0.000,3,12
TRK,52521,0.92750,-0.11649,-0.15213,-0.32099,-0.0098,-0.3623,-0.4380,0.000,0.000,0.000,3,12
TRK,52543,0.92677,-0.12547,-0.15133,-0.32008,-0.0098,-0.3623,-0.4380,0.000,0.000,0.000,3,12
STAT,404.1,400.6,0,0,0,7.5332,108.204,0.1349,0.0414,0.0240,9.7909,1.48,0.072
TRK,52562,0.92950,-0.13125,-0.14374,-0.31328,-0.0098,-0.3623,-0.4380,0.000,0.000,0.000,3,12
TRK,52582,0.93251,-0.13949,-0.13533,-0.30439,-0.0098,-0.3623,-0.4380,0.000,0.000,0.000,3,12
TRK,52603,0.93598,-0.15091,-0.12115,-0.29411,-0.0098,-0.3623,-0.4380,0.000,0.000,0.000,3,12
TRK,52622,0.93799,-0.16572,-0.10006,-0.28756,-0.0098,-0.3623,-0.4380,0.000,0.000,0.000,3,12
TRK,52644,0.93986,-0.18292,-0.08008,-0.27710,-0.0098,-0.3623,-0.4380,0.000,0.000,0.000,3,12
TRK,52662,0.93845,-0.20784,-0.06121,-0.26901,-0.0098,-0.3623,-0.4380,0.000,0.000,0.000,3,12
TRK,52684,0.93463,-0.23366,-0.04564,-0.26418,-0.0098,-0.3623,-0.4380,0.000,0.000,0.000,3,12
TRK,52703,0.93007,-0.25838,-0.03497,-0.25882,-0.0098,-0.3623,-0.4380,0.000,0.000,0.000,3,12
TRK,52723,0.92691,-0.27754,-0.02516,-0.25133,-0.0098,-0.3623,-0.4380,0.000,0.000,0.000,3,12
TRK,52744,0.92072,-0.29474,-0.02162,-0.25481,-0.0098,-0.3623,-0.4380,0.000,0.000,0.000,3,12
TRK,52764,0.90923,-0.31496,-0.02407,-0.27116,-0.0098,-0.3623,-0.4380,0.000,0.000,0.000,3,12
TRK,52782,0.90140,-0.32399,-0.03320,-0.28530,-0.0098,-0.3623,-0.4380,0.000,0.000,0.000,3,12
TRK,52802,0.89884,-0.31838,-0.05062,-0.29693,-0.0098,-0.3623,-0.4380,0.000,0.000,0.000,3,12
TRK,52823,0.89717,-0.31071,-0.06832,-0.30640,-0.0098,-0.3623,-0.4380,0.000,0.000,0.000,3,12
TRK,52842,0.89531,-0.30037,-0.09244,-0.31568,-0.0098,-0.3623,-0.4380,0.000,0.000,0.000,3,12
TRK,52864,0.89371,-0.28816,-0.12193,-0.32154,-0.0098,-0.3623,-0.4380,0.000,0.000,0.000,3,12
TRK,52882,0.89116,-0.27795,-0.14423,-0.32830,-0.0098,-0.3623,-0.4380,0.000,0.000,0.000,3,12
TRK,52903,0.88438,-0.27104,-0.17374,-0.33796,-0.0098,-0.3623,-0.4380,0.000,0.000,0.000,3,12
TRK,52924,0.86640,-0.29596,-0.19408,-0.35227,-0.0098,-0.3623,-0.4380,0.000,0.000,0.000,3,12
TRK,52944,0.84158,-0.32868,-0.19519,-0.38158,-0.0098,-0.3623,-0.4380,0.000,0.000,0.000,3,12
TRK,52962,0.81989,-0.34532,-0.20200,-0.40956,-0.0098,-0.3623,-0.4380,0.000,0.000,0.000,3,12
TRK,52982,0.80412,-0.37153,-0.20377,-0.41694,-0.0098,-0.3623,-0.4380,0.000,0.000,0.000,3,12
TRK,53002,0.79545,-0.39906,-0.18389,-0.41736,-0.0098,-0.3623,-0.4380,0.000,0.000,0.000,3,12
TRK,53024,0.79092,-0.42719,-0.16911,-0.40418,-0.0098,-0.3623,-0.4380,0.000,0.000,0.000,3,12
TRK,53041,0.78734,-0.44136,-0.15607,-0.40117,-0.0098,-0.3623,-0.4380,0.000,0.000,0.000,3,12
TRK,53062,0.78262,-0.45628,-0.14284,-0.39864,-0.0098,-0.3623,-0.4380,0.000,0.000,0.000,3,12
TRK,53083,0.78102,-0.46115,-0.13145,-0.40009,-0.0098,-0.3623,-0.4380,0.000,0.000,0.000,3,12
TRK,53103,0.78835,-0.44991,-0.14141,-0.39508,-0.0098,-0.3623,-0.4380,0.000,0.000,0.000,3,12
TRK,53123,0.78885,-0.44296,-0.14598,-0.40024,-0.0098,-0.3623,-0.4380,0.000,0.000,0.000,3,12
TRK,53144,0.77842,-0.44266,-0.15450,-0.41743,-0.0098,-0.3623,-0.4380,0.000,0.000,0.000,3,12
TRK,53163,0.77507,-0.43942,-0.14966,-0.42869,-0.0098,-0.3623,-0.4380,0.000,0.000,0.000,3,12
TRK,53181,0.79204,-0.41182,-0.13252,-0.43072,-0.0098,-0.3623,-0.4380,0.000,0.000,0.000,3,12
TRK,53203,0.81207,-0.37968,-0.11953,-0.42672,-0.0098,-0.3623,-0.4380,0.000,0.000,0.000,3,12
TRK,53221,0.82235,-0.36453,-0.11494,-0.42148,-0.0098,-0.3623,-0.4380,0.000,0.000,0.000,3,12
TRK,53243,0.82497,-0.35675,-0.12297,-0.42076,-0.0098,-0.3623,-0.4380,0.000,0.000,0.000,3,12
TRK,53264,0.82035,-0.35347,-0.14203,-0.42650,-0.0098,-0.3623,-0.4380,0.000,0.000,0.000,3,12
TRK,53284,0.81036,-0.36142,-0.15361,-0.43485,-0.0098,-0.3623,-0.4380,0.000,0.000,0.000,3,12
TRK,53304,0.79783,-0.38117,-0.15630,-0.44017,-0.0098,-0.3623,-0.4380,0.000,0.000,0.000,3,12
TRK,53324,0.78880,-0.39916,-0.14396,-0.44468,-0.0098,-0.3623,-0.4380,0.000,0.000,0.000,3,12
TRK,53342,0.77911,-0.41015,-0.12651,-0.45690,-0.0098,-0.3623,-0.4380,0.000,0.000,0.000,3,12
TRK,53363,0.70281,-0.49304,-0.11491,-0.49977,-0.0098,-0.3623,-0.4380,0.000,0.000,0.000,3,12
TRK,53384,0.66129,-0.51990,-0.12437,-0.52624,-0.0098,-0.3623,-0.4380,0.000,0.000,0.000,3,12
TRK,53404,0.64853,-0.53077,-0.14188,-0.52683,-0.0098,-0.3623,-0.4380,0.000,0.000,0.000,3,12
TRK,53424,0.62924,-0.53700,-0.17435,-0.53412,-0.0098,-0.3623,-0.4380,0.000,0.000,0.000,3,12
TRK,53444,0.61551,-0.53095,-0.20396,-0.54556,-0.0098,-0.3623,-0.4380,0.000,0.000,0.000,3,12
TRK,53462,0.60463,-0.53228,-0.21718,-0.55130,-0.0098,-0.3623,-0.4380,0.000,0.000,0.000,3,12
TRK,53482,0.60601,-0.52899,-0.23715,-0.54468,-0.0098,-0.3623,-0.4380,0.000,0.000,0.000,3,12
TRK,53502,0.58977,-0.52397,-0.26040,-0.55661,-0.0098,-0.3623,-0.4380,0.000,0.000,0.000,3,12
TRK,53523,0.57273,-0.50970,-0.28968,-0.57295,-0.0098,-0.3623,-0.4380,0.000,0.000,0.000,3,12
TRK,53543,0.55666,-0.49372,-0.29770,-0.59812,-0.0098,-0.3623,-0.4380,0.000,0.000,0.000,3,12
STAT,404.1,400.6,0,0,0,2.7408,175.264,0.1349,0.0414,0.0240,9.7909,1.48,0.072
TRK,53563,0.55379,-0.47554,-0.31883,-0.60459,-0.0098,-0.3623,-0.4380,0.000,0.000,0.000,3,12
TRK,53584,0.56158,-0.44747,-0.34994,-0.60162,-0.0098,-0.3623,-0.4380,0.000,0.000,0.000,3,12
TRK,53602,0.55743,-0.42976,-0.37978,-0.60029,-0.0098,-0.3623,-0.4380,0.000,0.000,0.000,3,12
TRK,53622,0.54432,-0.41815,-0.40769,-0.60220,-0.0098,-0.3623,-0.4380,0.000,0.000,0.000,3,12
TRK,53642,0.53781,-0.41016,-0.41841,-0.60618,-0.0098,-0.3623,-0.4380,0.000,0.000,0.000,3,12
TRK,53662,0.54209,-0.39330,-0.43495,-0.60189,-0.0098,-0.3623,-0.4380,0.000,0.000,0.000,3,12
TRK,53683,0.64455,-0.29452,-0.45554,-0.53880,-0.0098,-0.3623,-0.4380,0.000,0.000,0.000,3,12
TRK,53703,0.67743,-0.34705,-0.44026,-0.47625,-0.0098,-0.3623,-0.4380,0.000,0.000,0.000,3,12
TRK,53724,0.71342,-0.37590,-0.41498,-0.42133,-0.0098,-0.3623,-0.4380,0.000,0.000,0.000,3,12
TRK,53742,0.71086,-0.45433,-0.36167,-0.39681,-0.0098,-0.3623,-0.4380,0.000,0.000,0.000,3,12
TRK,53764,0.67975,-0.49640,-0.38418,-0.37938,-0.0098,-0.3623,-0.4380,0.000,0.000,0.000,3,12
TRK,53782,0.70142,-0.48518,-0.32896,-0.40546,-0.0098,-0.3623,-0.4380,0.000,0.000,0.000,3,12
TRK,53803,0.72610,-0.45905,-0.28834,-0.42298,-0.0098,-0.3623,-0.4380,0.000,0.000,0.000,3,12
TRK,53823,0.75410,-0.43052,-0.25422,-0.42587,-0.0098,-0.3623,-0.4380,0.000,0.000,0.000,3,12
TRK,53843,0.76718,-0.40854,-0.23945,-0.43266,-0.0098,-0.3623,-0.4380,0.000,0.000,0.000,3,12
TRK,53861,0.76844,-0.39688,-0.23583,-0.44313,-0.0098,-0.3623,-0.4380,0.000,0.000,0.000,3,12
TRK,53881,0.77329,-0.38650,-0.22729,-0.44832,-0.0098,-0.3623,-0.4380,0.000,0.000,0.000,3,12
TRK,53903,0.78280,-0.38421,-0.19194,-0.45030,-0.0098,-0.3623,-0.4380,0.000,0.000,0.000,3,12
TRK,53922,0.78788,-0.39448,-0.16683,-0.44249,-0.0098,-0.3623,-0.4380,0.000,0.000,0.000,3,12
TRK,53944,0.78069,-0.46938,-0.11748,-0.39548,-0.0098,-0.3623,-0.4380,0.000,0.000,0.000,3,12
TRK,53963,0.76318,-0.50815,-0.08929,-0.38905,-0.0098,-0.3623,-0.4380,0.000,0.000,0.000,3,12
TRK,53981,0.72106,-0.56540,-0.02084,-0.39995,-0.0098,-0.3623,-0.4380,0.000,0.000,0.000,3,12
TRK,54001,0.71021,-0.56707,-0.00406,-0.41715,-0.0098,-0.3623,-0.4380,0.000,0.000,0.000,3,12
TRK,54021,0.70851,-0.54637,0.01775,-0.44630,-0.0098,-0.3623,-0.4380,0.000,0.000,0.000,3,12
TRK,54041,0.66572,-0.56845,0.04453,-0.48136,-0.0098,-0.3623,-0.4380,0.000,0.000,0.000,3,12
TRK,54063,0.61839,-0.60822,0.06170,-0.49382,-0.0098,-0.3623,-0.4380,0.000,0.000,0.000,3,12
TRK,54081,0.60289,-0.63518,0.07008,-0.47766,-0.0098,-0.3623,-0.4380,0.000,0.000,0.000,3,12
TRK,54101,0.61282,-0.65061,0.08710,-0.43997,-0.0098,-0.3623,-0.4380,0.000,0.000,0.000,3,12
TRK,54121,0.66873,-0.61685,0.02445,-0.41437,-0.0098,-0.3623,-0.4380,0.000,0.000,0.000,3,12
TRK,54141,0.66971,-0.61784,-0.03699,-0.41035,-0.0098,-0.3623,-0.4380,0.000,0.000,0.000,3,12
TRK,54161,0.69746,-0.58579,-0.09116,-0.40260,-0.0098,-0.3623,-0.4380,0.000,0.000,0.000,3,12
TRK,54181,0.74305,-0.54066,-0.11210,-0.37816,-0.0098,-0.3623,-0.4380,0.000,0.000,0.000,3,12
TRK,54204,0.74920,-0.53904,-0.06958,-0.37854,-0.0098,-0.3623,-0.4380,0.000,0.000,0.000,3,12
TRK,54222,0.78265,-0.48852,-0.02524,-0.38492,-0.0098,-0.3623,-0.4380,0.000,0.000,0.000,3,12
TRK,54243,0.79880,-0.46606,0.04456,-0.37779,-0.0098,-0.3623,-0.4380,0.000,0.000,0.000,3,12
TRK,54263,0.80252,-0.48195,0.04869,-0.34830,-0.0098,-0.3623,-0.4380,0.000,0.000,0.000,3,12
TRK,54283,0.78284,-0.50617,0.06442,-0.35609,-0.0098,-0.3623,-0.4380,0.000,0.000,0.000,3,12
TRK,54304,0.75521,-0.52054,0.09705,-0.38637,-0.0098,-0.3623,-0.4380,0.000,0.000,0.000,3,12
TRK,54324,0.75070,-0.52795,0.08049,-0.38890,-0.0098,-0.3623,-0.4380,0.000,0.000,0.000,3,12
TRK,54344,0.73583,-0.55044,0.06373,-0.38924,-0.0098,-0.3623,-0.4380,0.000,0.000,0.000,3,12
TRK,54364,0.71063,-0.57670,0.06733,-0.39736,-0.0098,-0.3623,-0.4380,0.000,0.000,0.000,3,12
TRK,54384,0.69435,-0.59371,0.09304,-0.39589,-0.0098,-0.3623,-0.4380,0.000,0.000,0.000,3,12
TRK,54404,0.70878,-0.58802,0.11744,-0.37158,-0.0098,-0.3623,-0.4380,0.000,0.000,0.000,3,12
TRK,54424,0.70545,-0.59312,0.12633,-0.36687,-0.0098,-0.3623,-0.4380,0.000,0.000,0.000,3,12
TRK,54442,0.68078,-0.61492,0.11264,-0.38174,-0.0098,-0.3623,-0.4380,0.000,0.000,0.000,3,12
TRK,54464,0.66942,-0.62906,0.08337,-0.38628,-0.0098,-0.3623,-0.4380,0.000,0.000,0.000,3,12
TRK,54482,0.68117,-0.62803,0.09032,-0.36528,-0.0098,-0.3623,-0.4380,0.000,0.000,0.000,3,12
TRK,54503,0.71132,-0.61366,0.10840,-0.32510,-0.0098,-0.3623,-0.4380,0.000,0.000,0.000,3,12
TRK,54524,0.71531,-0.62015,0.11997,-0.29893,-0.0098,-0.3623,-0.4380,0.000,0.000,0.000,3,12
TRK,54541,0.69949,-0.63964,0.12395,-0.29362,-0.0098,-0.3623,-0.4380,0.000,0.000,0.000,3,12
STAT,404.5,400.5,0,0,0,11.3565,244.843,0.1349,0.0414,0.0240,9.7909,1.48,0.072
TRK,54563,0.68458,-0.67629,0.13931,-0.23360,-0.0098,-0.3623,-0.4380,0.000,0.000,0.000,3,12
TRK,54582,0.63811,-0.72580,0.13629,-0.21786,-0.0098,-0.3623,-0.4380,0.000,0.000,0.000,3,12
TRK,54603,0.65083,-0.71116,0.14013,-0.22591,-0.0098,-0.3623,-0.4380,0.000,0.000,0.000,3,12
TRK,54622,0.66464,-0.69428,0.14358,-0.23581,-0.0098,-0.3623,-0.4380,0.000,0.000,0.000,3,12
TRK,54642,0.64873,-0.70953,0.14352,-0.23477,-0.0098,-0.3623,-0.4380,0.000,0.000,0.000,3,12
TRK,54662,0.65991,-0.69717,0.14439,-0.24004,-0.0098,-0.3623,-0.4380,0.000,0.000,0.000,3,12
TRK,54684,0.67075,-0.68509,0.15113,-0.24064,-0.0098,-0.3623,-0.4380,0.000,0.000,0.000,3,12
TRK,54703,0.67825,-0.67581,0.15361,-0.24424,-0.0098,-0.3623,-0.4380,0.000,0.000,0.000,3,12
TRK,54724,0.59681,-0.74182,0.18229,-0.24554,-0.0098,-0.3623,-0.4380,0.000,0.000,0.000,3,12
TRK,54743,0.52507,-0.78934,0.20578,-0.24269,-0.0098,-0.3623,-0.4380,0.000,0.000,0.000,3,12
TRK,54762,0.53357,-0.77955,0.21175,-0.25052,-0.0098,-0.3623,-0.4380,0.000,0.000,0.000,3,12
TRK,54782,0.53710,-0.77135,0.21837,-0.26239,-0.0098,-0.3623,-0.4380,0.000,0.000,0.000,3,12
TRK,54802,0.54672,-0.76265,0.21859,-0.26775,-0.0098,-0.3623,-0.4380,0.000,0.000,0.000,3,12
TRK,54822,0.56498,-0.75113,0.20586,-0.27243,-0.0098,-0.3623,-0.4380,0.000,0.000,0.000,3,12
TRK,54843,0.58099,-0.73783,0.19707,-0.28145,-0.0098,-0.3623,-0.4380,0.000,0.000,0.000,3,12
TRK,54864,0.61643,-0.70490,0.18071,-0.30078,-0.0098,-0.3623,-0.4380,0.000,0.000,0.000,3,12
TRK,54881,0.63516,-0.68368,0.17587,-0.31339,-0.0098,-0.3623,-0.4380,0.000,0.000,0.000,3,12
TRK,54901,0.66590,-0.65272,0.16518,-0.32132,-0.0098,-0.3623,-0.4380,0.000,0.000,0.000,3,12
TRK,54922,0.72981,-0.58549,0.13820,-0.32477,-0.0098,-0.3623,-0.4380,0.000,0.000,0.000,3,12
TRK,54944,0.78321,-0.52301,0.12119,-0.31362,-0.0098,-0.3623,-0.4380,0.000,0.000,0.000,3,12
TRK,54963,0.79707,-0.50711,0.11421,-0.30737,-0.0098,-0.3623,-0.4380,0.000,0.000,0.000,3,12
TRK,54981,0.81069,-0.49262,0.11125,-0.29619,-0.0098,-0.3623,-0.4380,0.000,0.000,0.000,3,12
TRK,55002,0.82371,-0.47251,0.10838,-0.29410,-0.0098,-0.3623,-0.4380,0.000,0.000,0.000,3,12
TRK,55022,0.82538,-0.46718,0.11530,-0.29530,-0.0098,-0.3623,-0.4380,0.000,0.000,0.000,3,12
TRK,55042,0.83041,-0.45422,0.11864,-0.30006,-0.0098,-0.3623,-0.4380,0.000,0.000,0.000,3,12
TRK,55062,0.84916,-0.41910,0.12551,-0.29586,-0.0098,-0.3623,-0.4380,0.000,0.000,0.000,3,12
TRK,55084,0.86218,-0.38568,0.12189,-0.30502,-0.0098,-0.3623,-0.4380,0.000,0.000,0.000,3,12
TRK,55104,0.87786,-0.33861,0.12336,-0.31543,-0.0098,-0.3623,-0.4380,0.000,0.000,0.000,3,12
TRK,55122,0.89446,-0.28089,0.11400,-0.32870,-0.0098,-0.3623,-0.4380,0.000,0.000,0.000,3,12
TRK,55144,0.91194,-0.21601,0.09439,-0.33586,-0.0098,-0.3623,-0.4380,0.000,0.000,0.000,3,12
TRK,55163,0.92080,-0.17187,0.07821,-0.34129,-0.0098,-0.3623,-0.4380,0.000,0.000,0.000,3,12
TRK,55183,0.92855,-0.11362,0.05747,-0.34870,-0.0098,-0.3623,-0.4380,0.000,0.000,0.000,3,12
TRK,55204,0.93461,-0.04565,0.03326,-0.35117,-0.0098,-0.3623,-0.4380,0.000,0.000,0.000,3,12
TRK,55221,0.94067,-0.02141,0.02300,-0.33786,-0.0098,-0.3623,-0.4380,0.000,0.000,0.000,3,12
TRK,55243,0.94737,-0.02230,0.02223,-0.31858,-0.0098,-0.3623,-0.4380,0.000,0.000,0.000,3,12
TRK,55263,0.95037,-0.02223,0.02193,-0.30955,-0.0098,-0.3623,-0.4380,0.000,0.000,0.000,3,12
TRK,55284,0.95153,-0.02321,0.02059,-0.30600,-0.0098,-0.3623,-0.4380,0.000,0.000,0.000,3,12
TRK,55302,0.95196,-0.02301,0.02075,-0.30464,-0.0098,-0.3623,-0.4380,0.000,0.000,0.000,3,12
TRK,55322,0.95210,-0.02056,0.02359,-0.30417,-0.0098,-0.3623,-0.4380,0.000,0.000,0.000,3,12
TRK,55344,0.95179,-0.01852,0.02601,-0.30507,-0.0098,-0.3623,-0.4380,0.000,0.000,0.000,3,12
TRK,55362,0.94927,-0.02091,0.02374,-0.31288,-0.0098,-0.3623,-0.4380,0.000,0.000,0.000,3,12
TRK,55383,0.94890,-0.02301,0.02108,-0.31403,-0.0098,-0.3623,-0.4380,0.000,0.000,0.000,3,12
TRK,55404,0.95109,-0.02347,0.01976,-0.30738,-0.0098,-0.3623,-0.4380,0.000,0.000,0.000,3,12
TRK,55423,0.94654,-0.02320,0.02076,-0.32108,-0.0098,-0.3623,-0.4380,0.000,0.000,0.000,3,12
TRK,55442,0.94147,-0.02213,0.02272,-0.33561,-0.0098,-0.3623,-0.4380,0.000,0.000,0.000,3,12
TRK,55462,0.93860,-0.02111,0.02431,-0.34351,-0.0098,-0.3623,-0.4380,0.000,0.000,0.000,3,12
TRK,55482,0.93632,-0.02054,0.02547,-0.34962,-0.0098,-0.3623,-0.4380,0.000,0.000,0.000,3,12
TRK,55502,0.93541,-0.02310,0.02727,-0.35176,-0.0098,-0.3623,-0.4380,0.000,0.000,0.000,3,12
TRK,55524,0.93557,-0.02840,0.02953,-0.35075,-0.0098,-0.3623,-0.4380,0.000,0.000,0.000,3,12
TRK,55542,0.93699,-0.04768,0.03412,-0.34439,-0.0098,-0.3623,-0.4380,0.000,0.000,0.000,3,12
STAT,404.5,400.5,0,0,0,0.9958,65.459,0.1349,0.0414,0.0240,9.7909,1.48,0.072
TRK,55564,0.93655,-0.06766,0.03963,-0.34166,-0.0098,-0.3623,-0.4380,0.000,0.000,0.000,3,12
TRK,55582,0.93271,-0.08616,0.04624,-0.34711,-0.0098,-0.3623,-0.4380,0.000,0.000,0.000,3,12
TRK,55604,0.92884,-0.09931,0.05226,-0.35308,-0.0098,-0.3623,-0.4380,0.000,0.000,0.000,3,12
TRK,55623,0.92468,-0.11555,0.05836,-0.35807,-0.0098,-0.3623,-0.4380,0.000,0.000,0.000,3,12
TRK,55643,0.92171,-0.13453,0.06447,-0.35803,-0.0098,-0.3623,-0.4380,0.000,0.000,0.000,3,12
TRK,55661,0.92060,-0.15512,0.07169,-0.35114,-0.0098,-0.3623,-0.4380,0.000,0.000,0.000,3,12
TRK,55684,0.92151,-0.16028,0.06453,-0.34781,-0.0098,-0.3623,-0.4380,0.000,0.000,0.000,3,12
TRK,55703,0.92341,-0.14906,0.04535,-0.35076,-0.0098,-0.3623,-0.4380,0.000,0.000,0.000,3,12
TRK,55723,0.92289,-0.13730,0.02433,-0.35893,-0.0098,-0.3623,-0.4380,0.000,0.000,0.000,3,12
TRK,55743,0.91949,-0.13596,0.01084,-0.36870,-0.0098,-0.3623,-0.4380,0.000,0.000,0.000,3,12
TRK,55763,0.91486,-0.13886,-0.00007,-0.37915,-0.0098,-0.3623,-0.4380,0.000,0.000,0.000,3,12
TRK,55781,0.90991,-0.14630,-0.01388,-0.38790,-0.0098,-0.3623,-0.4380,0.000,0.000,0.000,3,12
TRK,55801,0.90260,-0.15754,-0.03976,-0.39865,-0.0098,-0.3623,-0.4380,0.000,0.000,0.000,3,12
TRK,55823,0.89327,-0.16881,-0.08235,-0.40840,-0.0098,-0.3623,-0.4380,0.000,0.000,0.000,3,12
TRK,55844,0.88289,-0.18026,-0.13510,-0.41202,-0.0098,-0.3623,-0.4380,0.000,0.000,0.000,3,12
TRK,55864,0.87127,-0.19374,-0.18475,-0.41137,-0.0098,-0.3623,-0.4380,0.000,0.000,0.000,3,12
TRK,55884,0.85648,-0.20970,-0.23439,-0.40931,-0.0098,-0.3623,-0.4380,0.000,0.000,0.000,3,12
TRK,55901,0.84278,-0.22744,-0.27089,-0.40572,-0.0098,-0.3623,-0.4380,0.000,0.000,0.000,3,12
TRK,55924,0.81641,-0.25951,-0.33005,-0.39648,-0.0098,-0.3623,-0.4380,0.000,0.000,0.000,3,12
TRK,55944,0.79728,-0.27936,-0.36844,-0.38802,-0.0098,-0.3623,-0.4380,0.000,0.000,0.000,3,12
TRK,55962,0.78859,-0.28722,-0.38666,-0.38226,-0.0098,-0.3623,-0.4380,0.000,0.000,0.000,3,12
TRK,55982,0.78630,-0.28808,-0.39619,-0.37653,-0.0098,-0.3623,-0.4380,0.000,0.000,0.000,3,12
TRK,56002,0.79047,-0.28156,-0.39927,-0.36942,-0.0098,-0.3623,-0.4380,0.000,0.000,0.000,3,12
TRK,56022,0.79826,-0.27252,-0.39823,-0.36045,-0.0098,-0.3623,-0.4380,0.000,0.000,0.000,3,12
TRK,56042,0.81044,-0.25877,-0.39101,-0.35118,-0.0098,-0.3623,-0.4380,0.000,0.000,0.000,3,12
TRK,56064,0.82951,-0.23608,-0.37229,-0.34290,-0.0098,-0.3623,-0.4380,0.000,0.000,0.000,3,12
TRK,56081,0.84684,-0.21254,-0.34702,-0.34244,-0.0098,-0.3623,-0.4380,0.000,0.000,0.000,3,12
TRK,56103,0.86711,-0.17872,-0.31257,-0.34420,-0.0098,-0.3623,-0.4380,0.000,0.000,0.000,3,12
TRK,56122,0.88607,-0.14477,-0.27449,-0.34434,-0.0098,-0.3623,-0.4380,0.000,0.000,0.000,3,12
TRK,56142,0.90266,-0.11395,-0.22968,-0.34565,-0.0098,-0.3623,-0.4380,0.000,0.000,0.000,3,12
TRK,56164,0.91577,-0.07611,-0.18176,-0.35004,-0.0098,-0.3623,-0.4380,0.000,0.000,0.000,3,12
TRK,56184,0.92227,-0.03717,-0.14544,-0.35622,-0.0098,-0.3623,-0.4380,0.000,0.000,0.000,3,12
TRK,56202,0.92570,-0.01150,-0.11086,-0.36146,-0.0098,-0.3623,-0.4380,0.000,0.000,0.000,3,12
TRK,56222,0.92821,0.00788,-0.07180,-0.36498,-0.0098,-0.3623,-0.4380,0.000,0.000,0.000,3,12
TRK,56242,0.92923,0.02110,-0.04117,-0.36660,-0.0098,-0.3623,-0.4380,0.000,0.000,0.000,3,12
TRK,56261,0.92975,0.03081,-0.01403,-0.36664,-0.0098,-0.3623,-0.4380,0.000,0.000,0.000,3,12
TRK,56281,0.93004,0.03846,0.01373,-0.36518,-0.0098,-0.3623,-0.4380,0.000,0.000,0.000,3,12
TRK,56304,0.92922,0.04511,0.04161,-0.36440,-0.0098,-0.3623,-0.4380,0.000,0.000,0.000,3,12
TRK,56323,0.92783,0.04398,0.06297,-0.36502,-0.0098,-0.3623,-0.4380,0.000,0.000,0.000,3,12
TRK,56341,0.92605,0.03993,0.07929,-0.36681,-0.0098,-0.3623,-0.4380,0.000,0.000,0.000,3,12
TRK,56363,0.92354,0.03567,0.09771,-0.36912,-0.0098,-0.3623,-0.4380,0.000,0.000,0.000,3,12
TRK,56383,0.92252,0.02972,0.11076,-0.36851,-0.0098,-0.3623,-0.4380,0.000,0.000,0.000,3,12
TRK,56404,0.92172,0.02466,0.11785,-0.36870,-0.0098,-0.3623,-0.4380,0.000,0.000,0.000,3,12
TRK,56422,0.92010,0.02521,0.12189,-0.37138,-0.0098,-0.3623,-0.4380,0.000,0.000,0.000,3,12
TRK,56441,0.91806,0.03012,0.12712,-0.37431,-0.0098,-0.3623,-0.4380,0.000,0.000,0.000,3,12
TRK,56464,0.91614,0.04114,0.12337,-0.37919,-0.0098,-0.3623,-0.4380,0.000,0.000,0.000,3,12
TRK,56483,0.92021,0.02459,0.07711,-0.38297,-0.0098,-0.3623,-0.4380,0.000,0.000,0.000,3,12
TRK,56501,0.91385,0.03047,0.08534,-0.39582,-0.0098,-0.3623,-0.4380,0.000,0.000,0.000,3,12
TRK,56521,0.91141,0.03359,0.08539,-0.40114,-0.0098,-0.3623,-0.4380,0.000,0.000,0.000,3,12
TRK,56541,0.90957,0.03406,0.08520,-0.40528,-0.0098,-0.3623,-0.4380,0.000,0.000,0.000,3,12
TRK,56563,0.90845,0.03430,0.08358,-0.40811,-0.0098,-0.3623,-0.4380,0.000,0.000,0.000,3,12
STAT,404.8,400.8,0,0,0,5.2515,113.305,0.1349,0.0414,0.0240,9.7909,1.48,0.072
TRK,56581,0.90800,0.03446,0.08227,-0.40937,-0.0098,-0.3623,-0.4380,0.000,0.000,0.000,3,12
TRK,56603,0.90831,0.03705,0.07924,-0.40905,-0.0098,-0.3623,-0.4380,0.000,0.000,0.000,3,12
TRK,56622,0.90896,0.03934,0.07377,-0.40842,-0.0098,-0.3623,-0.4380,0.000,0.000,0.000,3,12
TRK,56644,0.90998,0.04543,0.06307,-0.40729,-0.0098,-0.3623,-0.4380,0.000,0.000,0.000,3,12
TRK,56664,0.91003,0.04625,0.06197,-0.40726,-0.0098,-0.3623,-0.4380,0.000,0.000,0.000,3,12
TRK,56684,0.90997,0.04612,0.06169,-0.40746,-0.0098,-0.3623,-0.4380,0.000,0.000,0.000,3,12
TRK,56702,0.90978,0.04573,0.06201,-0.40787,-0.0098,-0.3623,-0.4380,0.000,0.000,0.000,3,12
TRK,56724,0.90946,0.04575,0.06265,-0.40848,-0.0098,-0.3623,-0.4380,0.000,0.000,0.000,3,12
TRK,56744,0.90922,0.04642,0.06320,-0.40885,-0.0098,-0.3623,-0.4380,0.000,0.000,0.000,3,12
TRK,56763,0.90871,0.04893,0.06381,-0.40960,-0.0098,-0.3623,-0.4380,0.000,0.000,0.000,3,12
TRK,56782,0.90798,0.05207,0.06443,-0.41074,-0.0098,-0.3623,-0.4380,0.000,0.000,0.000,3,12
TRK,56802,0.90609,0.05635,0.06461,-0.41432,-0.0098,-0.3623,-0.4380,0.000,0.000,0.000,3,12
TRK,56824,0.90451,0.06204,0.06580,-0.41675,-0.0098,-0.3623,-0.4380,0.000,0.000,0.000,3,12
TRK,56842,0.90374,0.06606,0.06272,-0.41829,-0.0098,-0.3623,-0.4380,0.000,0.000,0.000,3,12
TRK,56861,0.90320,0.06965,0.05102,-0.42046,-0.0098,-0.3623,-0.4380,0.000,0.000,0.000,3,12
TRK,56884,0.90290,0.07135,0.03570,-0.42237,-0.0098,-0.3623,-0.4380,0.000,0.000,0.000,3,12
TRK,56902,0.90299,0.07097,0.02053,-0.42326,-0.0098,-0.3623,-0.4380,0.000,0.000,0.000,3,12
TRK,56924,0.90336,0.07012,0.00314,-0.42309,-0.0098,-0.3623,-0.4380,0.000,0.000,0.000,3,12
TRK,56943,0.90388,0.07002,-0.02265,-0.42141,-0.0098,-0.3623,-0.4380,0.000,0.000,0.000,3,12
TRK,56963,0.90397,0.06987,-0.05670,-0.41802,-0.0098,-0.3623,-0.4380,0.000,0.000,0.000,3,12
TRK,56983,0.90300,0.06615,-0.09321,-0.41415,-0.0098,-0.3623,-0.4380,0.000,0.000,0.000,3,12
TRK,57001,0.90141,0.05869,-0.12665,-0.40984,-0.0098,-0.3623,-0.4380,0.000,0.000,0.000,3,12
TRK,57023,0.89679,0.05066,-0.17522,-0.40312,-0.0098,-0.3623,-0.4380,0.000,0.000,0.000,3,12
TRK,57042,0.89010,0.04220,-0.21963,-0.39713,-0.0098,-0.3623,-0.4380,0.000,0.000,0.000,3,12
TRK,57062,0.88083,0.03232,-0.26611,-0.39024,-0.0098,-0.3623,-0.4380,0.000,0.000,0.000,3,12
TRK,57082,0.86933,0.02543,-0.31473,-0.38021,-0.0098,-0.3623,-0.4380,0.000,0.000,0.000,3,12
TRK,57104,0.85623,0.01653,-0.35982,-0.37030,-0.0098,-0.3623,-0.4380,0.000,0.000,0.000,3,12
TRK,57119,0.84549,0.00914,-0.38909,-0.36561,-0.0098,-0.3623,-0.4380,0.000,0.000,0.000,3,12
TRK,57142,0.82662,-0.00582,-0.42917,-0.36397,-0.0098,-0.3623,-0.4380,0.000,0.000,0.000,3,12
TRK,57163,0.81094,-0.01420,-0.45981,-0.36160,-0.0098,-0.3623,-0.4380,0.000,0.000,0.000,3,12
TRK,57184,0.79013,-0.02217,-0.49507,-0.36071,-0.0098,-0.3623,-0.4380,0.000,0.000,0.000,3,12
TRK,57204,0.77715,-0.02445,-0.51659,-0.35858,-0.0098,-0.3623,-0.4380,0.000,0.000,0.000,3,12
TRK,57221,0.77184,-0.02588,-0.52324,-0.36030,-0.0098,-0.3623,-0.4380,0.000,0.000,0.000,3,12
TRK,57242,0.77121,-0.02804,-0.51910,-0.36740,-0.0098,-0.3623,-0.4380,0.000,0.000,0.000,3,12
TRK,57263,0.77573,-0.02895,-0.50444,-0.37808,-0.0098,-0.3623,-0.4380,0.000,0.000,0.000,3,12
TRK,57284,0.78313,-0.03016,-0.48222,-0.39149,-0.0098,-0.3623,-0.4380,0.000,0.000,0.000,3,12
TRK,57302,0.79047,-0.03288,-0.45940,-0.40376,-0.0098,-0.3623,-0.4380,0.000,0.000,0.000,3,12
TRK,57322,0.80128,-0.03564,-0.42245,-0.42216,-0.0098,-0.3623,-0.4380,0.000,0.000,0.000,3,12
TRK,57342,0.81485,-0.03928,-0.37171,-0.44306,-0.0098,-0.3623,-0.4380,0.000,0.000,0.000,3,12
TRK,57362,0.82940,-0.04943,-0.30452,-0.46575,-0.0098,-0.3623,-0.4380,0.000,0.000,0.000,3,12
TRK,57384,0.84345,-0.06177,-0.21596,-0.48799,-0.0098,-0.3623,-0.4380,0.000,0.000,0.000,3,12
TRK,57404,0.84977,-0.06941,-0.13878,-0.50380,-0.0098,-0.3623,-0.4380,0.000,0.000,0.000,3,12
TRK,57424,0.85163,-0.07616,-0.06255,-0.51480,-0.0098,-0.3623,-0.4380,0.000,0.000,0.000,3,12
TRK,57443,0.85087,-0.08172,-0.00012,-0.51899,-0.0098,-0.3623,-0.4380,0.000,0.000,0.000,3,12
TRK,57462,0.84770,-0.08631,0.05678,-0.52033,-0.0098,-0.3623,-0.4380,0.000,0.000,0.000,3,12
TRK,57482,0.84656,-0.08591,0.08307,-0.51871,-0.0098,-0.3623,-0.4380,0.000,0.000,0.000,3,12
TRK,57504,0.84682,-0.08220,0.08652,-0.51832,-0.0098,-0.3623,-0.4380,0.000,0.000,0.000,3,12
TRK,57524,0.84720,-0.08004,0.08251,-0.51869,-0.0098,-0.3623,-0.4380,0.000,0.000,0.000,3,12
TRK,57544,0.84870,-0.07800,0.07436,-0.51778,-0.0098,-0.3623,-0.4380,0.000,0.000,0.000,3,12
TRK,57564,0.85172,-0.07543,0.05460,-0.51566,-0.0098,-0.3623,-0.4380,0.000,0.000,0.000,3,12
STAT,404.8,400.8,0,0,0,2.3733,71.626,0.1349,0.0414,0.0240,9.7909,1.48,0.072
TRK,57582,0.85631,-0.07146,0.01774,-0.51118,-0.0098,-0.3623,-0.4380,0.000,0.000,0.000,3,12
TRK,57604,0.86168,-0.06335,-0.06134,-0.49973,-0.0098,-0.3623,-0.4380,0.000,0.000,0.000,3,12
TRK,57624,0.86131,-0.05806,-0.14269,-0.48417,-0.0098,-0.3623,-0.4380,0.000,0.000,0.000,3,12
TRK,57643,0.85610,-0.05528,-0.20993,-0.46902,-0.0098,-0.3623,-0.4380,0.000,0.000,0.000,3,12
TRK,57661,0.84684,-0.05567,-0.27658,-0.45084,-0.0098,-0.3623,-0.4380,0.000,0.000,0.000,3,12
TRK,57683,0.83581,-0.05663,-0.33509,-0.43119,-0.0098,-0.3623,-0.4380,0.000,0.000,0.000,3,12
TRK,57702,0.82400,-0.06050,-0.38432,-0.41190,-0.0098,-0.3623,-0.4380,0.000,0.000,0.000,3,12
TRK,57723,0.81290,-0.06746,-0.42254,-0.39509,-0.0098,-0.3623,-0.4380,0.000,0.000,0.000,3,12
TRK,57743,0.80527,-0.07829,-0.44071,-0.38882,-0.0098,-0.3623,-0.4380,0.000,0.000,0.000,3,12
TRK,57762,0.80812,-0.09195,-0.41954,-0.40309,-0.0098,-0.3623,-0.4380,0.000,0.000,0.000,3,12
TRK,57781,0.82012,-0.11407,-0.35812,-0.43144,-0.0098,-0.3623,-0.4380,0.000,0.000,0.000,3,12
TRK,57804,0.83507,-0.14004,-0.26672,-0.46033,-0.0098,-0.3623,-0.4380,0.000,0.000,0.000,3,12
TRK,57823,0.84491,-0.16325,-0.17128,-0.47973,-0.0098,-0.3623,-0.4380,0.000,0.000,0.000,3,12
TRK,57843,0.84890,-0.18004,-0.06801,-0.49228,-0.0098,-0.3623,-0.4380,0.000,0.000,0.000,3,12
TRK,57863,0.84747,-0.18773,0.02579,-0.49587,-0.0098,-0.3623,-0.4380,0.000,0.000,0.000,3,12
TRK,57884,0.84339,-0.18663,0.09362,-0.49508,0.0000,0.0000,0.0000,0.000,0.000,0.000,3,12
TRK,57904,0.84133,-0.17971,0.12268,-0.49479,0.0000,0.0000,0.0000,0.000,0.000,0.000,3,12
TRK,57924,0.84227,-0.17193,0.11656,-0.49743,0.0000,0.0000,0.0000,0.000,0.000,0.000,3,12
TRK,57942,0.84476,-0.16517,0.09327,-0.50040,0.0000,0.0000,0.0000,0.000,0.000,0.000,3,12
TRK,57962,0.85051,-0.15659,0.04686,-0.49992,0.0000,0.0000,0.0000,0.000,0.000,0.000,3,12
TRK,57984,0.85829,-0.14095,-0.03654,-0.49208,0.0000,0.0000,0.0000,0.000,0.000,0.000,3,12
TRK,58002,0.85982,-0.12353,-0.11536,-0.48182,0.0000,0.0000,0.0000,0.000,0.000,0.000,3,12
TRK,58024,0.85428,-0.09355,-0.21811,-0.46247,0.0000,0.0000,0.0000,0.000,0.000,0.000,3,12
TRK,58042,0.84628,-0.06685,-0.29206,-0.44050,0.0000,0.0000,0.0000,0.000,0.000,0.000,3,12
TRK,58064,0.83460,-0.03398,-0.37306,-0.40388,0.0000,0.0000,0.0000,0.000,0.000,0.000,3,12
TRK,58083,0.82402,-0.01909,-0.42091,-0.37876,0.0000,0.0000,0.0000,0.000,0.000,0.000,3,12
TRK,58101,0.81966,-0.01588,-0.43629,-0.37089,0.0000,0.0000,0.0000,0.000,0.000,0.000,3,12
TRK,58123,0.82415,-0.02180,-0.41924,-0.38019,0.0000,0.0000,0.0000,0.000,0.000,0.000,3,12
TRK,58142,0.83337,-0.03401,-0.37427,-0.40528,0.0000,0.0000,0.0000,0.000,0.000,0.000,3,12
TRK,58161,0.84588,-0.04966,-0.30019,-0.43807,0.0000,0.0000,0.0000,0.000,0.000,0.000,3,12
TRK,58181,0.85639,-0.06783,-0.20541,-0.46884,0.0000,0.0000,0.0000,0.000,0.000,0.000,3,12
TRK,58201,0.85955,-0.08436,-0.10123,-0.49376,0.0000,0.0000,0.0000,0.000,0.000,0.000,3,12
TRK,58221,0.85515,-0.09505,-0.01141,-0.50946,0.0000,0.0000,0.0000,0.000,0.000,0.000,3,12
TRK,58244,0.85071,-0.09541,0.04080,-0.51529,0.0000,0.0000,0.0000,0.000,0.000,0.000,3,12
TRK,58263,0.85259,-0.09033,0.03198,-0.51373,0.0000,0.0000,0.0000,0.000,0.000,0.000,3,12
TRK,58281,0.85625,-0.08334,-0.01030,-0.50968,0.0000,0.0000,0.0000,0.000,0.000,0.000,3,12
TRK,58303,0.85949,-0.07079,-0.09060,-0.49806,0.0000,0.0000,0.0000,0.000,0.000,0.000,3,12
TRK,58324,0.85837,-0.05907,-0.17457,-0.47879,0.0000,0.0000,0.0000,0.000,0.000,0.000,3,12
TRK,58344,0.85281,-0.04683,-0.25244,-0.45474,0.0000,0.0000,0.0000,0.000,0.000,0.000,3,12
TRK,58363,0.84510,-0.03836,-0.31258,-0.43200,0.0000,0.0000,0.0000,0.000,0.000,0.000,3,12
TRK,58382,0.83978,-0.03341,-0.34569,-0.41733,0.0000,0.0000,0.0000,0.000,0.000,0.000,3,12
TRK,58402,0.83995,-0.03765,-0.34699,-0.41554,0.0000,0.0000,0.0000,0.000,0.000,0.000,3,12
TRK,58422,0.84416,-0.05154,-0.31703,-0.42922,0.0000,0.0000,0.0000,0.000,0.000,0.000,3,12
TRK,58444,0.85007,-0.06729,-0.26480,-0.45025,0.0000,0.0000,0.0000,0.000,0.000,0.000,3,12
TRK,58462,0.85467,-0.07768,-0.20855,-0.46906,0.0000,0.0000,0.0000,0.000,0.000,0.000,3,12
TRK,58484,0.85775,-0.08327,-0.15959,-0.48153,0.0000,0.0000,0.0000,0.000,0.000,0.000,3,12
TRK,58502,0.86051,-0.08350,-0.12170,-0.48758,0.0000,0.0000,0.0000,0.000,0.000,0.000,3,12
TRK,58524,0.86224,-0.08188,-0.09983,-0.48976,0.0000,0.0000,0.0000,0.000,0.000,0.000,3,12
TRK,58544,0.86294,-0.07754,-0.09141,-0.49089,0.0000,0.0000,0.0000,0.000,0.000,0.000,3,12
TRK,58563,0.86332,-0.07275,-0.09057,-0.49110,0.0000,0.0000,0.0000,0.000,0.000,0.000,3,12
STAT,404.1,400.6,0,0,0,1.5669,137.380,0.1349,0.0414,0.0240,9.7909,1.48,0.072
TRK,58582,0.86330,-0.06969,-0.08830,-0.49200,0.0000,0.0000,0.0000,0.000,0.000,0.000,3,12
TRK,58602,0.86316,-0.06639,-0.08133,-0.49389,0.0000,0.0000,0.0000,0.000,0.000,0.000,3,12
TRK,58622,0.86314,-0.06438,-0.07075,-0.49583,0.0000,0.0000,0.0000,0.000,0.000,0.000,3,12
TRK,58642,0.86319,-0.06088,-0.06066,-0.49751,0.0000,0.0000,0.0000,0.000,0.000,0.000,3,12
TRK,58664,0.86459,-0.05400,-0.05352,-0.49669,0.0000,0.0000,0.0000,0.000,0.000,0.000,3,12
TRK,58684,0.86633,-0.04771,-0.04888,-0.49479,0.0000,0.0000,0.0000,0.000,0.000,0.000,3,12
TRK,58702,0.86760,-0.04318,-0.04365,-0.49347,0.0000,0.0000,0.0000,0.000,0.000,0.000,3,12
TRK,58723,0.86846,-0.03936,-0.03549,-0.49292,0.0000,0.0000,0.0000,0.000,0.000,0.000,3,12
TRK,58744,0.86879,-0.03542,-0.02477,-0.49328,0.0000,0.0000,0.0000,0.000,0.000,0.000,3,12
TRK,58764,0.86893,-0.03098,-0.01522,-0.49374,0.0000,0.0000,0.0000,0.000,0.000,0.000,3,12
TRK,58781,0.86916,-0.02721,-0.00815,-0.49372,0.0000,0.0000,0.0000,0.000,0.000,0.000,3,12
TRK,58803,0.86998,-0.02104,0.00035,-0.49264,0.0000,0.0000,0.0000,0.000,0.000,0.000,3,12
TRK,58821,0.87026,-0.01630,0.00379,-0.49230,0.0000,0.0000,0.0000,0.000,0.000,0.000,3,12
TRK,58842,0.87010,-0.01147,0.00982,-0.49264,0.0000,0.0000,0.0000,0.000,0.000,0.000,3,12
TRK,58862,0.86961,-0.00813,0.01743,-0.49336,0.0000,0.0000,0.0000,0.000,0.000,0.000,3,12
TRK,58884,0.86997,-0.00427,0.02604,-0.49239,0.0000,0.0000,0.0000,0.000,0.000,0.000,3,12
TRK,58904,0.87057,-0.00065,0.03266,-0.49097,0.0000,0.0000,0.0000,0.000,0.000,0.000,3,12
TRK,58924,0.87100,0.00224,0.03788,-0.48982,0.0000,0.0000,0.0000,0.000,0.000,0.000,3,12
TRK,58942,0.87159,0.00628,0.04179,-0.48841,0.0000,0.0000,0.0000,0.000,0.000,0.000,3,12
TRK,58962,0.87250,0.01394,0.04672,-0.48618,0.0000,0.0000,0.0000,0.000,0.000,0.000,3,12
TRK,58982,0.87237,0.01769,0.05494,-0.48542,0.0000,0.0000,0.0000,0.000,0.000,0.000,3,12
TRK,59002,0.87239,0.02188,0.06610,-0.48383,0.0000,0.0000,0.0000,0.000,0.000,0.000,3,12
TRK,59022,0.87262,0.02699,0.07917,-0.48118,0.0000,0.0000,0.0000,0.000,0.000,0.000,3,12
TRK,59042,0.87241,0.03031,0.09168,-0.47915,0.0000,0.0000,0.0000,0.000,0.000,0.000,3,12
TRK,59062,0.87245,0.02992,0.10096,-0.47723,0.0000,0.0000,0.0000,0.000,0.000,0.000,3,12
TRK,59082,0.87257,0.02520,0.10872,-0.47558,0.0000,0.0000,0.0000,0.000,0.000,0.000,3,12
TRK,59103,0.87271,0.02620,0.11495,-0.47379,0.0000,0.0000,0.0000,0.000,0.000,0.000,3,12
TRK,59124,0.87259,0.03512,0.11286,-0.47394,0.0000,0.0000,0.0000,0.000,0.000,0.000,3,12
TRK,59141,0.87279,0.03768,0.11132,-0.47373,0.0000,0.0000,0.0000,0.000,0.000,0.000,3,12
TRK,59161,0.87275,0.04141,0.10985,-0.47385,0.0000,0.0000,0.0000,0.000,0.000,0.000,3,12
TRK,59183,0.87243,0.04490,0.11208,-0.47359,0.0000,0.0000,0.0000,0.000,0.000,0.000,3,12
TRK,59204,0.87245,0.04686,0.11664,-0.47226,0.0000,0.0000,0.0000,0.000,0.000,0.000,3,12
TRK,59221,0.87414,0.04618,0.11526,-0.46953,0.0000,0.0000,0.0000,0.000,0.000,0.000,3,12
TRK,59241,0.87616,0.04425,0.10390,-0.46860,0.0000,0.0000,0.0000,0.000,0.000,0.000,3,12
TRK,59263,0.87778,0.03947,0.08558,-0.46971,0.0000,0.0000,0.0000,0.000,0.000,0.000,3,12
TRK,59282,0.87797,0.03554,0.07007,-0.47222,0.0000,0.0000,0.0000,0.000,0.000,0.000,3,12
TRK,59302,0.87756,0.03127,0.05300,-0.47550,0.0000,0.0000,0.0000,0.000,0.000,0.000,3,12
TRK,59322,0.87528,0.02506,0.03818,-0.48146,0.0000,0.0000,0.0000,0.000,0.000,0.000,3,12
TRK,59344,0.87089,0.01416,0.02598,-0.49059,0.0000,0.0000,0.0000,0.000,0.000,0.000,3,12
TRK,59364,0.86479,0.00371,0.01915,-0.50176,0.0000,0.0000,0.0000,0.000,0.000,0.000,3,12
TRK,59384,0.85715,-0.00767,0.01306,-0.51485,0.0000,0.0000,0.0000,0.000,0.000,0.000,3,12
TRK,59404,0.84867,-0.01721,0.00527,-0.52862,0.0000,0.0000,0.0000,0.000,0.000,0.000,3,12
TRK,59423,0.83991,-0.02543,-0.00276,-0.54212,0.0000,0.0000,0.0000,0.000,0.000,0.000,3,12
TRK,59443,0.83042,-0.03285,-0.01058,-0.55607,0.0000,0.0000,0.0000,0.000,0.000,0.000,3,12
TRK,59461,0.82186,-0.03816,-0.01899,-0.56809,0.0000,0.0000,0.0000,0.000,0.000,0.000,3,12
TRK,59483,0.81131,-0.03947,-0.03347,-0.58233,0.0000,0.0000,0.0000,0.000,0.000,0.000,3,12
TRK,59501,0.80493,-0.03728,-0.04562,-0.59043,0.0000,0.0000,0.0000,0.000,0.000,0.000,3,12
TRK,59521,0.79929,-0.03296,-0.05757,-0.59727,0.0000,0.0000,0.0000,0.000,0.000,0.000,3,12
TRK,59545,0.79435,-0.02845,-0.06739,-0.60304,0.0000,0.0000,0.0000,0.000,0.000,0.000,3,12
TRK,59563,0.79210,-0.02709,-0.07146,-0.60559,0.0000,0.0000,0.0000,0.000,0.000,0.000,3,12
STAT,404.1,400.6,0,0,0,1.3120,81.314,0.1349,0.0414,0.0240,9.7909,1.48,0.072
TRK,59582,0.79084,-0.02622,-0.07412,-0.60695,0.0000,0.0000,0.0000,0.000,0.000,0.000,3,12
TRK,59604,0.79070,-0.02523,-0.07521,-0.60705,0.0000,0.0000,0.0000,0.000,0.000,0.000,3,12
TRK,59622,0.79163,-0.02370,-0.07497,-0.60592,0.0000,0.0000,0.0000,0.000,0.000,0.000,3,12
TRK,59644,0.79316,-0.02145,-0.07455,-0.60405,0.0000,0.0000,0.0000,0.000,0.000,0.000,3,12
TRK,59664,0.79423,-0.02009,-0.07427,-0.60273,0.0000,0.0000,0.0000,0.000,0.000,0.000,3,12
TRK,59683,0.79565,-0.01934,-0.07325,-0.60100,0.0000,0.0000,0.0000,0.000,0.000,0.000,3,12
TRK,59703,0.79721,-0.01847,-0.07284,-0.59901,0.0000,0.0000,0.0000,0.000,0.000,0.000,3,12
TRK,59723,0.79864,-0.01814,-0.07357,-0.59701,0.0000,0.0000,0.0000,0.000,0.000,0.000,3,12
TRK,59743,0.80030,-0.01752,-0.07373,-0.59479,0.0000,0.0000,0.0000,0.000,0.000,0.000,3,12
TRK,59762,0.80183,-0.01707,-0.07311,-0.59282,0.0000,0.0000,0.0000,0.000,0.000,0.000,3,12
TRK,59781,0.80385,-0.01625,-0.07163,-0.59027,0.0000,0.0000,0.0000,0.000,0.000,0.000,3,12
TRK,59804,0.80661,-0.01515,-0.06958,-0.58677,0.0000,0.0000,0.0000,0.000,0.000,0.000,3,12
TRK,59823,0.80977,-0.01401,-0.06778,-0.58266,0.0000,0.0000,0.0000,0.000,0.000,0.000,3,12
TRK,59841,0.81296,-0.01311,-0.06603,-0.57842,0.0000,0.0000,0.0000,0.000,0.000,0.000,3,12
TRK,59863,0.81861,-0.01201,-0.06355,-0.57069,0.0000,0.0000,0.0000,0.000,0.000,0.000,3,12
TRK,59884,0.82499,-0.01063,-0.05887,-0.56197,0.0000,0.0000,0.0000,0.000,0.000,0.000,3,12
TRK,59903,0.83201,-0.00794,-0.05038,-0.55241,0.0000,0.0000,0.0000,0.000,0.000,0.000,3,12
TRK,59921,0.83820,-0.00585,-0.04120,-0.54377,0.0000,0.0000,0.0000,0.000,0.000,0.000,3,12
TRK,59943,0.84619,-0.00364,-0.03116,-0.53195,0.0000,0.0000,0.0000,0.000,0.000,0.000,3,12
TRK,59962,0.85369,-0.00183,-0.02347,-0.52024,0.0000,0.0000,0.0000,0.000,0.000,0.000,3,12
TRK,59982,0.86179,0.00160,-0.01590,-0.50701,0.0000,0.0000,0.0000,0.000,0.000,0.000,3,12
TRK,60011,0.87267,0.00777,-0.00693,-0.48820,0.0000,0.0000,0.0000,0.000,0.000,0.000,3,12
TRK,60021,0.87644,0.00973,-0.00313,-0.48140,0.0000,0.0000,0.0000,0.000,0.000,0.000,3,12
TRK,60044,0.88420,0.01522,0.00759,-0.46680,0.0000,0.0000,0.0000,0.000,0.000,0.000,3,12
TRK,60063,0.88980,0.02048,0.01580,-0.45562,0.0000,0.0000,0.0000,0.000,0.000,0.000,3,12
TRK,60081,0.89395,0.02456,0.02291,-0.44690,0.0000,0.0000,0.0000,0.000,0.000,0.000,3,12
TRK,60103,0.89766,0.02844,0.03155,-0.43865,0.0000,0.0000,0.0000,0.000,0.000,0.000,3,12
TRK,60121,0.89968,0.03034,0.03689,-0.43394,0.0000,0.0000,0.0000,0.000,0.000,0.000,3,12
TRK,60143,0.90152,0.03172,0.04055,-0.42965,0.0000,0.0000,0.0000,0.000,0.000,0.000,3,12
TRK,60162,0.90254,0.03216,0.04084,-0.42746,0.0000,0.0000,0.0000,0.000,0.000,0.000,3,12
TRK,60182,0.90286,0.03204,0.04067,-0.42681,0.0000,0.0000,0.0000,0.000,0.000,0.000,3,12
TRK,60202,0.90267,0.03220,0.04223,-0.42704,0.0000,0.0000,0.0000,0.000,0.000,0.000,3,12
TRK,60222,0.90225,0.03264,0.04484,-0.42764,0.0000,0.0000,0.0000,0.000,0.000,0.000,3,12
TRK,60242,0.90197,0.03339,0.04764,-0.42786,0.0000,0.0000,0.0000,0.000,0.000,0.000,3,12
TRK,60262,0.90150,0.03365,0.04973,-0.42860,0.0000,0.0000,0.0000,0.000,0.000,0.000,3,12
TRK,60283,0.90047,0.03406,0.05168,-0.43048,0.0000,0.0000,0.0000,0.000,0.000,0.000,3,12
TRK,60303,0.89891,0.03499,0.05365,-0.43343,0.0000,0.0000,0.0000,0.000,0.000,0.000,3,12
TRK,60323,0.89673,0.03540,0.05691,-0.43747,0.0000,0.0000,0.0000,0.000,0.000,0.000,3,12
TRK,60343,0.89344,0.03502,0.06246,-0.44344,0.0000,0.0000,0.0000,0.000,0.000,0.000,3,12
TRK,60361,0.88953,0.03494,0.06673,-0.45063,0.0000,0.0000,0.0000,0.000,0.000,0.000,3,12
TRK,60381,0.88113,0.03529,0.06754,-0.46668,0.0000,0.0000,0.0000,0.000,0.000,0.000,3,12
TRK,60403,0.86993,0.03610,0.06394,-0.48767,0.0000,0.0000,0.0000,0.000,0.000,0.000,3,12
TRK,60423,0.85811,0.03561,0.05807,-0.50893,0.0000,0.0000,0.0000,0.000,0.000,0.000,3,12
TRK,60442,0.84643,0.03477,0.05092,-0.52891,0.0000,0.0000,0.0000,0.000,0.000,0.000,3,12
TRK,60464,0.83322,0.03387,0.03969,-0.55048,0.0000,0.0000,0.0000,0.000,0.000,0.000,3,12
TRK,60484,0.82254,0.03290,0.02382,-0.56726,0.0000,0.0000,0.0000,0.000,0.000,0.000,3,12
TRK,60503,0.81426,0.02866,0.00510,-0.57977,0.0000,0.0000,0.0000,0.000,0.000,0.000,3,12
TRK,60521,0.80623,0.02178,-0.02278,-0.59076,0.0000,0.0000,0.0000,0.000,0.000,0.000,3,12
TRK,60543,0.80048,0.01624,-0.05591,-0.59652,0.0000,0.0000,0.0000,0.000,0.000,0.000,3,12
TRK,60561,0.79709,0.01354,-0.09257,-0.59657,0.0000,0.0000,0.0000,0.000,0.000,0.000,3,12
STAT,405.0,401.0,0,0,0,2.0315,185.083,0.1349,0.0414,0.0240,9.7909,1.48,0.072
TRK,60581,0.79556,0.01237,-0.12905,-0.59184,0.0000,0.0000,0.0000,0.000,0.000,0.000,3,12
TRK,60603,0.79487,0.01284,-0.16642,-0.58337,0.0000,0.0000,0.0000,0.000,0.000,0.000,3,12
TRK,60622,0.79580,0.01224,-0.20441,-0.56989,0.0000,0.0000,0.0000,0.000,0.000,0.000,3,12
TRK,60642,0.79786,0.01192,-0.23991,-0.55292,0.0000,0.0000,0.0000,0.000,0.000,0.000,3,12
TRK,60664,0.79851,0.01379,-0.27283,-0.53642,0.0000,0.0000,0.0000,0.000,0.000,0.000,3,12
TRK,60682,0.79683,0.01599,-0.29258,-0.52839,0.0000,0.0000,0.0000,0.000,0.000,0.000,3,12
TRK,60704,0.79461,0.01789,-0.30971,-0.52187,0.0000,0.0000,0.0000,0.000,0.000,0.000,3,12
TRK,60723,0.79356,0.01726,-0.31937,-0.51765,0.0000,0.0000,0.0000,0.000,0.000,0.000,3,12
TRK,60741,0.79409,0.01609,-0.32441,-0.51373,0.0000,0.0000,0.0000,0.000,0.000,0.000,3,12
TRK,60762,0.79191,0.00944,-0.32784,-0.51508,0.0000,0.0000,0.0000,0.000,0.000,0.000,3,12
TRK,60784,0.78892,0.00245,-0.33375,-0.51595,0.0000,0.0000,0.0000,0.000,0.000,0.000,3,12
TRK,60803,0.78801,0.00108,-0.33583,-0.51600,0.0000,0.0000,0.0000,0.000,0.000,0.000,3,12
TRK,60822,0.78832,0.00186,-0.33489,-0.51614,0.0000,0.0000,0.0000,0.000,0.000,0.000,3,12
TRK,60842,0.79012,0.00311,-0.32978,-0.51667,0.0000,0.0000,0.0000,0.000,0.000,0.000,3,12
TRK,60862,0.79306,0.00545,-0.32102,-0.51766,0.0000,0.0000,0.0000,0.000,0.000,0.000,3,12
TRK,60882,0.79703,0.00823,-0.30875,-0.51899,0.0000,0.0000,0.0000,0.000,0.000,0.000,3,12
TRK,60904,0.80202,0.00864,-0.28856,-0.52290,0.0000,0.0000,0.0000,0.000,0.000,0.000,3,12
TRK,60924,0.80677,0.00786,-0.26882,-0.52612,0.0000,0.0000,0.0000,0.000,0.000,0.000,3,12
TRK,60944,0.81108,0.00744,-0.24829,-0.52958,0.0000,0.0000,0.0000,0.000,0.000,0.000,3,12
TRK,60964,0.81497,0.00987,-0.22986,-0.53188,0.0000,0.0000,0.0000,0.000,0.000,0.000,3,12
TRK,60983,0.81825,0.01251,-0.21136,-0.53446,0.0000,0.0000,0.0000,0.000,0.000,0.000,3,12
TRK,61002,0.82053,0.01379,-0.19412,-0.53746,0.0000,0.0000,0.0000,0.000,0.000,0.000,3,12
TRK,61023,0.82252,0.01560,-0.17321,-0.54149,0.0000,0.0000,0.0000,0.000,0.000,0.000,3,12
TRK,61042,0.82396,0.01722,-0.15958,-0.54344,0.0000,0.0000,0.0000,0.000,0.000,0.000,3,12
TRK,61064,0.82533,0.02011,-0.14568,-0.54516,0.0000,0.0000,0.0000,0.000,0.000,0.000,3,12
TRK,61084,0.82610,0.02327,-0.13649,-0.54625,0.0000,0.0000,0.0000,0.000,0.000,0.000,3,12
TRK,61104,0.82670,0.02720,-0.12973,-0.54681,0.0000,0.0000,0.0000,0.000,0.000,0.000,3,12
TRK,61124,0.82707,0.03123,-0.12524,-0.54707,0.0000,0.0000,0.0000,0.000,0.000,0.000,3,12
TRK,61144,0.82692,0.03512,-0.12143,-0.54792,0.0000,0.0000,0.0000,0.000,0.000,0.000,3,12
TRK,61162,0.82676,0.03917,-0.11926,-0.54837,0.0000,0.0000,0.0000,0.000,0.000,0.000,3,12
TRK,61184,0.82649,0.04610,-0.11841,-0.54842,0.0000,0.0000,0.0000,0.000,0.000,0.000,3,12
TRK,61203,0.82545,0.05359,-0.11848,-0.54929,0.0000,0.0000,0.0000,0.000,0.000,0.000,3,12
TRK,61224,0.82506,0.06220,-0.11752,-0.54919,0.0000,0.0000,0.0000,0.000,0.000,0.000,3,12
TRK,61241,0.82461,0.06828,-0.11491,-0.54968,0.0000,0.0000,0.0000,0.000,0.000,0.000,3,12
TRK,61263,0.82374,0.07546,-0.11192,-0.55066,0.0000,0.0000,0.0000,0.000,0.000,0.000,3,12
TRK,61283,0.82335,0.08056,-0.11088,-0.55073,0.0000,0.0000,0.0000,0.000,0.000,0.000,3,12
TRK,61302,0.82320,0.08397,-0.11022,-0.55058,0.0000,0.0000,0.0000,0.000,0.000,0.000,3,12
TRK,61324,0.82286,0.08671,-0.11012,-0.55069,0.0000,0.0000,0.0000,0.000,0.000,0.000,3,12
TRK,61342,0.82264,0.09041,-0.11058,-0.55033,0.0000,0.0000,0.0000,0.000,0.000,0.000,3,12
TRK,61364,0.82195,0.09527,-0.11181,-0.55029,0.0000,0.0000,0.0000,0.000,0.000,0.000,3,12
TRK,61383,0.82060,0.10064,-0.11400,-0.55090,0.0000,0.0000,0.0000,0.000,0.000,0.000,3,12
TRK,61401,0.81949,0.10402,-0.11565,-0.55158,0.0000,0.0000,0.0000,0.000,0.000,0.000,3,12
TRK,61421,0.81847,0.10477,-0.11679,-0.55271,0.0000,0.0000,0.0000,0.000,0.000,0.000,3,12
TRK,61441,0.81710,0.10561,-0.11806,-0.55431,0.0000,0.0000,0.0000,0.000,0.000,0.000,3,12
TRK,61461,0.81552,0.10783,-0.11994,-0.55580,0.0000,0.0000,0.0000,0.000,0.000,0.000,3,12
TRK,61484,0.81401,0.11176,-0.12431,-0.55628,0.0000,0.0000,0.0000,0.000,0.000,0.000,3,12
TRK,61504,0.81236,0.11637,-0.13101,-0.55621,0.0000,0.0000,0.0000,0.000,0.000,0.000,3,12
TRK,61524,0.81081,0.11733,-0.13630,-0.55699,0.0000,0.0000,0.0000,0.000,0.000,0.000,3,12
TRK,61544,0.80950,0.11733,-0.14013,-0.55795,0.0000,0.0000,0.0000,0.000,0.000,0.000,3,12
TRK,61564,0.80846,0.11788,-0.14353,-0.55847,0.0000,0.0000,0.0000,0.000,0.000,0.000,3,12
STAT,405.0,401.0,0,0,0,0.6214,31.549,0.1349,0.0414,0.0240,9.7909,1.48,0.072
TRK,61584,0.80615,0.12130,-0.14833,-0.55983,0.0000,0.0000,0.0000,0.000,0.000,0.000,3,12
TRK,61603,0.80399,0.12812,-0.15606,-0.55931,0.0000,0.0000,0.0000,0.000,0.000,0.000,3,12
TRK,61624,0.79974,0.14728,-0.17215,-0.55596,0.0000,0.0000,0.0000,0.000,0.000,0.000,3,12
TRK,61643,0.79450,0.17005,-0.18959,-0.55128,0.0000,0.0000,0.0000,0.000,0.000,0.000,3,12
TRK,61663,0.78635,0.20270,-0.21325,-0.54322,0.0000,0.0000,0.0000,0.000,0.000,0.000,3,12
TRK,61684,0.77809,0.23649,-0.23708,-0.53145,0.0000,0.0000,0.0000,0.000,0.000,0.000,3,12
TRK,61701,0.78646,0.23255,-0.23066,-0.52364,0.0000,0.0000,0.0000,0.000,0.000,0.000,3,12
TRK,61721,0.79742,0.22250,-0.21724,-0.51713,0.0000,0.0000,0.0000,0.000,0.000,0.000,3,12
TRK,61743,0.80875,0.22258,-0.21458,-0.50033,0.0000,0.0000,0.0000,0.000,0.000,0.000,3,12
TRK,61762,0.81933,0.22331,-0.21364,-0.48289,0.0000,0.0000,0.0000,0.000,0.000,0.000,3,12
TRK,61781,0.82572,0.22312,-0.21341,-0.47209,0.0000,0.0000,0.0000,0.000,0.000,0.000,3,12
TRK,61804,0.83031,0.22828,-0.21673,-0.45990,0.0000,0.0000,0.0000,0.000,0.000,0.000,3,12
TRK,61823,0.83241,0.22838,-0.21847,-0.45519,0.0000,0.0000,0.0000,0.000,0.000,0.000,3,12
TRK,61843,0.83362,0.22897,-0.21870,-0.45257,0.0000,0.0000,0.0000,0.000,0.000,0.000,3,12
TRK,61861,0.83573,0.22128,-0.21319,-0.45512,0.0000,0.0000,0.0000,0.000,0.000,0.000,3,12
TRK,61883,0.84201,0.19278,-0.19381,-0.46507,0.0000,0.0000,0.0000,0.000,0.000,0.000,3,12
TRK,61901,0.85151,0.16186,-0.16738,-0.46980,0.0000,0.0000,0.0000,0.000,0.000,0.000,3,12
TRK,61923,0.86189,0.12278,-0.12689,-0.47537,0.0000,0.0000,0.0000,0.000,0.000,0.000,3,12
TRK,61943,0.87157,0.07522,-0.08452,-0.47704,0.0000,0.0000,0.0000,0.000,0.000,0.000,3,12
TRK,61962,0.88057,0.01836,-0.03718,-0.47210,0.0000,0.0000,0.0000,0.000,0.000,0.000,3,12
TRK,61982,0.88363,-0.03800,0.01324,-0.46645,0.0000,0.0000,0.0000,0.000,0.000,0.000,3,12
TRK,62002,0.88231,-0.06130,0.03626,-0.46524,0.0000,0.0000,0.0000,0.000,0.000,0.000,3,12
TRK,62022,0.87172,-0.07725,0.03897,-0.48230,0.0000,0.0000,0.0000,0.000,0.000,0.000,3,12
TRK,62042,0.87060,-0.08925,0.04739,-0.48150,0.0000,0.0000,0.0000,0.000,0.000,0.000,3,12
TRK,62064,0.86811,-0.08634,0.04039,-0.48714,0.0000,0.0000,0.0000,0.000,0.000,0.000,3,12
TRK,62084,0.86509,-0.07870,0.02604,-0.49473,0.0000,0.0000,0.0000,0.000,0.000,0.000,3,12
TRK,62104,0.86211,-0.07623,0.02015,-0.50055,0.0000,0.0000,0.0000,0.000,0.000,0.000,3,12
TRK,62123,0.86034,-0.07658,0.02002,-0.50353,0.0000,0.0000,0.0000,0.000,0.000,0.000,3,12
TRK,62142,0.85996,-0.07637,0.02097,-0.50417,0.0000,0.0000,0.0000,0.000,0.000,0.000,3,12
TRK,62162,0.85996,-0.07598,0.02132,-0.50423,0.0000,0.0000,0.0000,0.000,0.000,0.000,3,12
TRK,62182,0.85904,-0.07368,0.02031,-0.50617,0.0000,0.0000,0.0000,0.000,0.000,0.000,3,12
TRK,62202,0.85728,-0.06373,0.01237,-0.51074,0.0000,0.0000,0.0000,0.000,0.000,0.000,3,12
TRK,62224,0.85356,-0.05613,0.00383,-0.51794,0.0000,0.0000,0.0000,0.000,0.000,0.000,3,12
TRK,62244,0.85284,-0.05469,-0.00796,-0.51924,0.0000,0.0000,0.0000,0.000,0.000,0.000,3,12
TRK,62261,0.85133,-0.05204,-0.01433,-0.52184,0.0000,0.0000,0.0000,0.000,0.000,0.000,3,12
TRK,62281,0.84978,-0.04835,-0.02098,-0.52450,0.0000,0.0000,0.0000,0.000,0.000,0.000,3,12
TRK,62303,0.84907,-0.04139,-0.02787,-0.52592,0.0000,0.0000,0.0000,0.000,0.000,0.000,3,12
TRK,62324,0.84873,-0.03726,-0.03204,-0.52654,0.0000,0.0000,0.0000,0.000,0.000,0.000,3,12
TRK,62343,0.84750,-0.02670,-0.03747,-0.52880,0.0000,0.0000,0.0000,0.000,0.000,0.000,3,12
TRK,62361,0.84821,-0.01552,-0.04107,-0.52784,0.0000,0.0000,0.0000,0.000,0.000,0.000,3,12
TRK,62382,0.85237,-0.00049,-0.04662,-0.52085,0.0000,0.0000,0.0000,0.000,0.000,0.000,3,12
TRK,62402,0.85479,0.01258,-0.05115,-0.51629,0.0000,0.0000,0.0000,0.000,0.000,0.000,3,12
TRK,62422,0.85403,0.02085,-0.05336,-0.51706,0.0000,0.0000,0.0000,0.000,0.000,0.000,3,12
TRK,62443,0.85212,0.02661,-0.05392,-0.51989,0.0000,0.0000,0.0000,0.000,0.000,0.000,3,12
TRK,62464,0.85215,0.02915,-0.05089,-0.52000,0.0000,0.0000,0.0000,0.000,0.000,0.000,3,12
TRK,62482,0.85318,0.02638,-0.04499,-0.51901,0.0000,0.0000,0.0000,0.000,0.000,0.000,3,12
TRK,62502,0.85354,0.01712,-0.03889,-0.51930,0.0000,0.0000,0.0000,0.000,0.000,0.000,3,12
TRK,62522,0.85341,0.01262,-0.03913,-0.51962,0.0000,0.0000,0.0000,0.000,0.000,0.000,3,12
TRK,62544,0.85308,0.01946,-0.04372,-0.51958,0.0000,0.0000,0.0000,0.000,0.000,0.000,3,12
TRK,62563,0.85201,0.02578,-0.04760,-0.52071,0.0000,0.0000,0.0000,0.000,0.000,0.000,3,12
STAT,404.4,400.4,0,0,0,1.1476,45.260,0.1349,0.0414,0.0240,9.7909,1.48,0.072
TRK,62582,0.84885,0.03018,-0.05015,-0.52538,0.0000,0.0000,0.0000,0.000,0.000,0.000,3,12
TRK,62604,0.84077,0.03511,-0.05400,-0.53755,0.0000,0.0000,0.0000,0.000,0.000,0.000,3,12
TRK,62622,0.82972,0.03552,-0.05941,-0.55387,0.0000,0.0000,0.0000,0.000,0.000,0.000,3,12
TRK,62644,0.81167,0.02168,-0.06820,-0.57972,0.0000,0.0000,0.0000,0.000,0.000,0.000,3,12
TRK,62662,0.79772,0.00873,-0.06706,-0.59923,0.0000,0.0000,0.0000,0.000,0.000,0.000,3,12
TRK,62684,0.77799,-0.00621,-0.06618,-0.62475,0.0000,0.0000,0.0000,0.000,0.000,0.000,3,12
TRK,62702,0.76160,-0.01727,-0.06402,-0.64465,0.0000,0.0000,0.0000,0.000,0.000,0.000,3,12
TRK,62724,0.74050,-0.02485,-0.06198,-0.66873,0.0000,0.0000,0.0000,0.000,0.000,0.000,3,12
TRK,62743,0.72404,-0.02404,-0.06442,-0.68632,0.0000,0.0000,0.0000,0.000,0.000,0.000,3,12
TRK,62764,0.71105,-0.02181,-0.06593,-0.69971,0.0000,0.0000,0.0000,0.000,0.000,0.000,3,12
TRK,62784,0.70082,-0.01413,-0.07056,-0.70970,0.0000,0.0000,0.0000,0.000,0.000,0.000,3,12
TRK,62804,0.69326,-0.00871,-0.07617,-0.71660,0.0000,0.0000,0.0000,0.000,0.000,0.000,3,12
TRK,62823,0.68822,-0.00416,-0.08379,-0.72063,0.0000,0.0000,0.0000,0.000,0.000,0.000,3,12
TRK,62842,0.68626,0.00060,-0.09131,-0.72160,0.0000,0.0000,0.0000,0.000,0.000,0.000,3,12
TRK,62861,0.68769,0.00887,-0.09997,-0.71903,0.0000,0.0000,0.0000,0.000,0.000,0.000,3,12
TRK,62881,0.69251,0.02214,-0.11179,-0.71235,0.0000,0.0000,0.0000,0.000,0.000,0.000,3,12
TRK,62901,0.69976,0.03482,-0.12295,-0.70286,0.0000,0.0000,0.0000,0.000,0.000,0.000,3,12
TRK,62921,0.70931,0.04780,-0.13256,-0.69067,0.0000,0.0000,0.0000,0.000,0.000,0.000,3,12
TRK,62941,0.72263,0.05401,-0.13059,-0.67663,0.0000,0.0000,0.0000,0.000,0.000,0.000,3,12
TRK,62961,0.73971,0.04404,-0.10847,-0.66266,0.0000,0.0000,0.0000,0.000,0.000,0.000,3,12
TRK,62981,0.75956,0.02742,-0.07780,-0.64519,0.0000,0.0000,0.0000,0.000,0.000,0.000,3,12
TRK,63003,0.78186,0.01409,-0.04638,-0.62156,0.0000,0.0000,0.0000,0.000,0.000,0.000,3,12
TRK,63023,0.79836,0.00863,-0.02069,-0.60176,0.0000,0.0000,0.0000,0.000,0.000,0.000,3,12
TRK,63043,0.81195,0.00387,0.00377,-0.58370,0.0000,0.0000,0.0000,0.000,0.000,0.000,3,12
TRK,63063,0.82127,0.00684,0.02035,-0.57014,0.0000,0.0000,0.0000,0.000,0.000,0.000,3,12
TRK,63083,0.82784,0.01552,0.02921,-0.55999,0.0000,0.0000,0.0000,0.000,0.000,0.000,3,12
TRK,63103,0.83121,0.02327,0.03527,-0.55434,0.0000,0.0000,0.0000,0.000,0.000,0.000,3,12
TRK,63123,0.83035,0.02461,0.03784,-0.55541,0.0000,0.0000,0.0000,0.000,0.000,0.000,3,12
TRK,63143,0.82363,0.02356,0.03182,-0.56574,0.0000,0.0000,0.0000,0.000,0.000,0.000,3,12
TRK,63162,0.81034,0.02122,0.01986,-0.58524,0.0000,0.0000,0.0000,0.000,0.000,0.000,3,12
TRK,63183,0.79175,0.02046,0.00481,-0.61049,0.0000,0.0000,0.0000,0.000,0.000,0.000,3,12
TRK,63203,0.76935,0.02296,-0.01367,-0.63827,0.0000,0.0000,0.0000,0.000,0.000,0.000,3,12
TRK,63223,0.74606,0.02738,-0.03203,-0.66455,0.0000,0.0000,0.0000,0.000,0.000,0.000,3,12
TRK,63244,0.72246,0.02628,-0.04148,-0.68967,0.0000,0.0000,0.0000,0.000,0.000,0.000,3,12
TRK,63261,0.71048,0.01781,-0.03648,-0.70255,0.0000,0.0000,0.0000,0.000,0.000,0.000,3,12
TRK,63281,0.69886,0.00583,-0.02474,-0.71480,0.0000,0.0000,0.0000,0.000,0.000,0.000,3,12
TRK,63301,0.69147,0.00036,-0.01731,-0.72220,0.0000,0.0000,0.0000,0.000,0.000,0.000,3,12
TRK,63324,0.69052,0.00143,-0.02037,-0.72303,0.0000,0.0000,0.0000,0.000,0.000,0.000,3,12
TRK,63344,0.69524,0.00402,-0.02946,-0.71816,0.0000,0.0000,0.0000,0.000,0.000,0.000,3,12
TRK,63364,0.70438,0.01030,-0.04281,-0.70846,0.0000,0.0000,0.0000,0.000,0.000,0.000,3,12
TRK,63384,0.71832,0.01719,-0.05210,-0.69354,0.0000,0.0000,0.0000,0.000,0.000,0.000,3,12
TRK,63404,0.73723,0.02256,-0.05167,-0.67329,0.0000,0.0000,0.0000,0.000,0.000,0.000,3,12
TRK,63424,0.75878,0.02669,-0.04066,-0.64952,0.0000,0.0000,0.0000,0.000,0.000,0.000,3,12
TRK,63443,0.77655,0.03018,-0.02563,-0.62881,0.0000,0.0000,0.0000,0.000,0.000,0.000,3,12
TRK,63461,0.79302,0.03469,-0.00750,-0.60816,0.0000,0.0000,0.0000,0.000,0.000,0.000,3,12
TRK,63483,0.80453,0.03834,0.00895,-0.59261,0.0000,0.0000,0.0000,0.000,0.000,0.000,3,12
TRK,63502,0.81074,0.04204,0.01930,-0.58358,0.0000,0.0000,0.0000,0.000,0.000,0.000,3,12
TRK,63522,0.80974,0.04519,0.02481,-0.58451,0.0000,0.0000,0.0000,0.000,0.000,0.000,3,12
TRK,63542,0.80281,0.04335,0.02525,-0.59412,0.0000,0.0000,0.0000,0.000,0.000,0.000,3,12
TRK,63562,0.79040,0.03747,0.01974,-0.61113,0.0000,0.0000,0.0000,0.000,0.000,0.000,3,12
STAT,404.4,400.4,0,0,0,1.8354,96.355,0.1349,0.0414,0.0240,9.7909,1.48,0.072
TRK,63582,0.77242,0.03261,0.00772,-0.63422,0.0000,0.0000,0.0000,0.000,0.000,0.000,3,12
TRK,63601,0.75053,0.03160,-0.00884,-0.66002,0.0000,0.0000,0.0000,0.000,0.000,0.000,3,12
TRK,63621,0.72895,0.03147,-0.02343,-0.68344,0.0000,0.0000,0.0000,0.000,0.000,0.000,3,12
TRK,63641,0.71004,0.03531,-0.03505,-0.70240,0.0000,0.0000,0.0000,0.000,0.000,0.000,3,12
TRK,63662,0.69612,0.03874,-0.04078,-0.71572,0.0000,0.0000,0.0000,0.000,0.000,0.000,3,12
TRK,63682,0.68872,0.03680,-0.03894,-0.72304,0.0000,0.0000,0.0000,0.000,0.000,0.000,3,12
TRK,63702,0.68749,0.03378,-0.03520,-0.72455,0.0000,0.0000,0.0000,0.000,0.000,0.000,3,12
TRK,63722,0.69349,0.03135,-0.03462,-0.71896,0.0000,0.0000,0.0000,0.000,0.000,0.000,3,12
TRK,63743,0.70733,0.03446,-0.04276,-0.70475,0.0000,0.0000,0.0000,0.000,0.000,0.000,3,12
TRK,63763,0.72484,0.04231,-0.05244,-0.68561,0.0000,0.0000,0.0000,0.000,0.000,0.000,3,12
TRK,63782,0.74282,0.05193,-0.05737,-0.66500,0.0000,0.0000,0.0000,0.000,0.000,0.000,3,12
TRK,63801,0.76414,0.06324,-0.05501,-0.63959,0.0000,0.0000,0.0000,0.000,0.000,0.000,3,12
TRK,63821,0.78334,0.07231,-0.04348,-0.61584,0.0000,0.0000,0.0000,0.000,0.000,0.000,3,12
TRK,63841,0.79716,0.07916,-0.02757,-0.59791,0.0000,0.0000,0.0000,0.000,0.000,0.000,3,12
TRK,63861,0.80623,0.08070,-0.01218,-0.58594,0.0000,0.0000,0.0000,0.000,0.000,0.000,3,12
TRK,63884,0.80956,0.07791,-0.00326,-0.58183,0.0000,0.0000,0.0000,0.000,0.000,0.000,3,12
TRK,63904,0.80510,0.07530,-0.00718,-0.58830,0.0000,0.0000,0.0000,0.000,0.000,0.000,3,12
TRK,63924,0.79362,0.07025,-0.01775,-0.60408,0.0000,0.0000,0.0000,0.000,0.000,0.000,3,12
TRK,63944,0.77287,0.06783,-0.03174,-0.63013,0.0000,0.0000,0.0000,0.000,0.000,0.000,3,12
TRK,63963,0.74693,0.05860,-0.04002,-0.66111,0.0000,0.0000,0.0000,0.000,0.000,0.000,3,12
TRK,63984,0.72149,0.04126,-0.04309,-0.68985,0.0000,0.0000,0.0000,0.000,0.000,0.000,3,12
TRK,64002,0.69995,0.03053,-0.04773,-0.71194,0.0000,0.0000,0.0000,0.000,0.000,0.000,3,12
TRK,64024,0.67479,0.02429,-0.05570,-0.73551,0.0000,0.0000,0.0000,0.000,0.000,0.000,3,12
TRK,64042,0.66072,0.01955,-0.05730,-0.74819,0.0000,0.0000,0.0000,0.000,0.000,0.000,3,12
TRK,64061,0.65286,0.01462,-0.05499,-0.75534,0.0000,0.0000,0.0000,0.000,0.000,0.000,3,12
TRK,64081,0.65301,0.01800,-0.05979,-0.75477,0.0000,0.0000,0.0000,0.000,0.000,0.000,3,12
TRK,64101,0.66192,0.02358,-0.06817,-0.74610,0.0000,0.0000,0.0000,0.000,0.000,0.000,3,12
TRK,64121,0.67924,0.03002,-0.07724,-0.72922,0.0000,0.0000,0.0000,0.000,0.000,0.000,3,12
TRK,64141,0.70424,0.04132,-0.08446,-0.70371,0.0000,0.0000,0.0000,0.000,0.000,0.000,3,12
TRK,64164,0.74237,0.05390,-0.07904,-0.66312,0.0000,0.0000,0.0000,0.000,0.000,0.000,3,12
TRK,64183,0.78191,0.05717,-0.05710,-0.61814,0.0000,0.0000,0.0000,0.000,0.000,0.000,3,12
TRK,64201,0.80920,0.05463,-0.02836,-0.58430,0.0000,0.0000,0.0000,0.000,0.000,0.000,3,12
TRK,64224,0.82502,0.05662,-0.00264,-0.56226,0.0000,0.0000,0.0000,0.000,0.000,0.000,3,12
TRK,64243,0.82726,0.05701,0.00031,-0.55891,0.0000,0.0000,0.0000,0.000,0.000,0.000,3,12
TRK,64261,0.82600,0.05348,-0.00590,-0.56109,0.0000,0.0000,0.0000,0.000,0.000,0.000,3,12
TRK,64281,0.82134,0.05148,-0.01417,-0.56793,0.0000,0.0000,0.0000,0.000,0.000,0.000,3,12
TRK,64301,0.81625,0.05160,-0.02255,-0.57495,0.0000,0.0000,0.0000,0.000,0.000,0.000,3,12
TRK,64321,0.81151,0.05384,-0.03221,-0.58096,0.0000,0.0000,0.0000,0.000,0.000,0.000,3,12
TRK,64341,0.80753,0.05713,-0.04203,-0.58554,0.0000,0.0000,0.0000,0.000,0.000,0.000,3,12
TRK,64361,0.80410,0.06035,-0.04927,-0.58936,0.0000,0.0000,0.0000,0.000,0.000,0.000,3,12
TRK,64381,0.80161,0.06319,-0.05303,-0.59212,0.0000,0.0000,0.0000,0.000,0.000,0.000,3,12
TRK,64401,0.80009,0.06631,-0.05357,-0.59379,0.0000,0.0000,0.0000,0.000,0.000,0.000,3,12
TRK,64421,0.79974,0.06839,-0.05172,-0.59419,0.0000,0.0000,0.0000,0.000,0.000,0.000,3,12
TRK,64441,0.79978,0.06900,-0.04871,-0.59433,0.0000,0.0000,0.0000,0.000,0.000,0.000,3,12
TRK,64461,0.80007,0.06847,-0.04607,-0.59420,0.0000,0.0000,0.0000,0.000,0.000,0.000,3,12
TRK,64481,0.80037,0.06888,-0.04505,-0.59383,0.0000,0.0000,0.0000,0.000,0.000,0.000,3,12
TRK,64501,0.80044,0.07071,-0.04569,-0.59347,0.0000,0.0000,0.0000,0.000,0.000,0.000,3,12
TRK,64523,0.80017,0.07258,-0.04636,-0.59356,0.0000,0.0000,0.0000,0.000,0.000,0.000,3,12
TRK,64544,0.79975,0.07307,-0.04623,-0.59408,0.0000,0.0000,0.0000,0.000,0.000,0.000,3,12
TRK,64564,0.79939,0.07308,-0.04600,-0.59457,0.0000,0.0000,0.0000,0.000,0.000,0.000,3,12
STAT,404.4,400.9,0,0,0,0.2510,7.301,0.1349,0.0414,0.0240,9.7909,1.48,0.072
TRK,64583,0.79913,0.07277,-0.04581,-0.59498,0.0000,0.0000,0.0000,0.000,0.000,0.000,3,12
TRK,64601,0.79891,0.07280,-0.04607,-0.59525,0.0000,0.0000,0.0000,0.000,0.000,0.000,3,12
TRK,64621,0.79879,0.07272,-0.04670,-0.59537,0.0000,0.0000,0.0000,0.000,0.000,0.000,3,12
TRK,64641,0.79877,0.07218,-0.04681,-0.59545,0.0000,0.0000,0.0000,0.000,0.000,0.000,3,12
TRK,64661,0.79885,0.07122,-0.04610,-0.59552,0.0000,0.0000,0.0000,0.000,0.000,0.000,3,12
TRK,64681,0.79930,0.06913,-0.04513,-0.59523,0.0000,0.0000,0.0000,0.000,0.000,0.000,3,12
TRK,64704,0.79942,0.06439,-0.04559,-0.59557,0.0000,0.0000,0.0000,0.000,0.000,0.000,3,12
TRK,64723,0.79814,0.05696,-0.04618,-0.59799,0.0000,0.0000,0.0000,0.000,0.000,0.000,3,12
TRK,64744,0.79254,0.03943,-0.04965,-0.60651,0.0000,0.0000,0.0000,0.000,0.000,0.000,3,12
TRK,64764,0.78222,0.02173,-0.06468,-0.61925,0.0000,0.0000,0.0000,0.000,0.000,0.000,3,12
TRK,64783,0.76883,0.00548,-0.08872,-0.63325,0.0000,0.0000,0.0000,0.000,0.000,0.000,3,12
TRK,64803,0.74940,-0.01096,-0.13081,-0.64898,0.0000,0.0000,0.0000,0.000,0.000,0.000,3,12
TRK,64822,0.72954,-0.02385,-0.18198,-0.65886,0.0000,0.0000,0.0000,0.000,0.000,0.000,3,12
TRK,64842,0.71325,-0.03956,-0.22953,-0.66107,0.0000,0.0000,0.0000,0.000,0.000,0.000,3,12
TRK,64862,0.70194,-0.06295,-0.26351,-0.65870,0.0000,0.0000,0.0000,0.000,0.000,0.000,3,12
TRK,64882,0.69312,-0.09045,-0.28086,-0.65767,0.0000,0.0000,0.0000,0.000,0.000,0.000,3,12
TRK,64902,0.68441,-0.11757,-0.28599,-0.66028,0.0000,0.0000,0.0000,0.000,0.000,0.000,3,12
TRK,64922,0.67673,-0.14145,-0.28716,-0.66300,0.0000,0.0000,0.0000,0.000,0.000,0.000,3,12
TRK,64942,0.67040,-0.16101,-0.28810,-0.66456,0.0000,0.0000,0.0000,0.000,0.000,0.000,3,12
TRK,64961,0.66577,-0.17441,-0.28947,-0.66524,0.0000,0.0000,0.0000,0.000,0.000,0.000,3,12
TRK,64984,0.66229,-0.18288,-0.28958,-0.66638,0.0000,0.0000,0.0000,0.000,0.000,0.000,3,12
TRK,65003,0.66047,-0.18500,-0.28753,-0.66849,0.0000,0.0000,0.0000,0.000,0.000,0.000,3,12
TRK,65021,0.65948,-0.18375,-0.28371,-0.67144,0.0000,0.0000,0.0000,0.000,0.000,0.000,3,12
TRK,65043,0.65989,-0.17944,-0.27913,-0.67411,0.0000,0.0000,0.0000,0.000,0.000,0.000,3,12
TRK,65062,0.66180,-0.17174,-0.27368,-0.67648,0.0000,0.0000,0.0000,0.000,0.000,0.000,3,12
TRK,65082,0.66527,-0.15984,-0.26720,-0.67858,0.0000,0.0000,0.0000,0.000,0.000,0.000,3,12
TRK,65102,0.66948,-0.14364,-0.25830,-0.68150,0.0000,0.0000,0.0000,0.000,0.000,0.000,3,12
TRK,65124,0.67476,-0.12177,-0.24289,-0.68621,0.0000,0.0000,0.0000,0.000,0.000,0.000,3,12
TRK,65142,0.67944,-0.10065,-0.22766,-0.69021,0.0000,0.0000,0.0000,0.000,0.000,0.000,3,12
TRK,65162,0.68591,-0.07220,-0.20761,-0.69369,0.0000,0.0000,0.0000,0.000,0.000,0.000,3,12
TRK,65182,0.69340,-0.04534,-0.18250,-0.69558,0.0000,0.0000,0.0000,0.000,0.000,0.000,3,12
TRK,65202,0.70078,-0.02044,-0.15631,-0.69574,0.0000,0.0000,0.0000,0.000,0.000,0.000,3,12
TRK,65224,0.70820,0.00996,-0.13012,-0.69385,0.0000,0.0000,0.0000,0.000,0.000,0.000,3,12
TRK,65243,0.71487,0.03786,-0.10806,-0.68982,0.0000,0.0000,0.0000,0.000,0.000,0.000,3,12
TRK,65261,0.72169,0.05925,-0.08962,-0.68383,0.0000,0.0000,0.0000,0.000,0.000,0.000,3,12
TRK,65282,0.73016,0.08218,-0.07084,-0.67460,0.0000,0.0000,0.0000,0.000,0.000,0.000,3,12
TRK,65302,0.73793,0.10332,-0.05457,-0.66468,0.0000,0.0000,0.0000,0.000,0.000,0.000,3,12
TRK,65322,0.74414,0.12332,-0.03854,-0.65541,0.0000,0.0000,0.0000,0.000,0.000,0.000,3,12
TRK,65344,0.74871,0.14055,-0.01870,-0.64756,0.0000,0.0000,0.0000,0.000,0.000,0.000,3,12
TRK,65364,0.75250,0.14618,0.00075,-0.64216,0.0000,0.0000,0.0000,0.000,0.000,0.000,3,12
TRK,65382,0.75400,0.14550,0.01750,-0.64032,0.0000,0.0000,0.0000,0.000,0.000,0.000,3,12
TRK,65402,0.75341,0.14574,0.04052,-0.63991,0.0000,0.0000,0.0000,0.000,0.000,0.000,3,12
TRK,65424,0.75686,0.12359,0.06571,-0.63842,0.0000,0.0000,0.0000,0.000,0.000,0.000,3,12
TRK,65444,0.75886,0.11749,0.06757,-0.63699,0.0000,0.0000,0.0000,0.000,0.000,0.000,3,12
TRK,65463,0.75983,0.12195,0.06214,-0.63555,0.0000,0.0000,0.0000,0.000,0.000,0.000,3,12
TRK,65482,0.76218,0.12318,0.05935,-0.63276,0.0000,0.0000,0.0000,0.000,0.000,0.000,3,12
TRK,65504,0.76589,0.12509,0.05368,-0.62839,0.0000,0.0000,0.0000,0.000,0.000,0.000,3,12
TRK,65522,0.76747,0.12976,0.04661,-0.62609,0.0000,0.0000,0.0000,0.000,0.000,0.000,3,12
TRK,65544,0.76883,0.13365,0.04016,-0.62404,0.0000,0.0000,0.0000,0.000,0.000,0.000,3,12
TRK,65562,0.77045,0.13366,0.03855,-0.62214,0.0000,0.0000,0.0000,0.000,0.000,0.000,3,12
STAT,404.4,400.9,0,0,0,0.4277,37.571,0.1349,0.0414,0.0240,9.7909,1.48,0.072
TRK,65583,0.77263,0.13315,0.03702,-0.61963,0.0000,0.0000,0.0000,0.000,0.000,0.000,3,12
TRK,65602,0.77403,0.13298,0.03502,-0.61803,0.0000,0.0000,0.0000,0.000,0.000,0.000,3,12
TRK,65624,0.77563,0.13258,0.03106,-0.61633,0.0000,0.0000,0.0000,0.000,0.000,0.000,3,12
TRK,65643,0.77689,0.13265,0.02666,-0.61492,0.0000,0.0000,0.0000,0.000,0.000,0.000,3,12
TRK,65664,0.77904,0.13022,0.02306,-0.61287,0.0000,0.0000,0.0000,0.000,0.000,0.000,3,12
TRK,65684,0.78150,0.12622,0.01708,-0.61077,0.0000,0.0000,0.0000,0.000,0.000,0.000,3,12
TRK,65702,0.78312,0.12576,0.00636,-0.60898,0.0000,0.0000,0.0000,0.000,0.000,0.000,3,12
TRK,65722,0.78457,0.12759,-0.00551,-0.60674,0.0000,0.0000,0.0000,0.000,0.000,0.000,3,12
TRK,65742,0.78631,0.12578,-0.01456,-0.60472,0.0000,0.0000,0.0000,0.000,0.000,0.000,3,12
TRK,65762,0.78872,0.11898,-0.02107,-0.60277,0.0000,0.0000,0.0000,0.000,0.000,0.000,3,12
TRK,65783,0.79146,0.10998,-0.02746,-0.60062,0.0000,0.0000,0.0000,0.000,0.000,0.000,3,12
TRK,65803,0.79468,0.09968,-0.03492,-0.59777,0.0000,0.0000,0.0000,0.000,0.000,0.000,3,12
TRK,65823,0.79785,0.08834,-0.04464,-0.59467,0.0000,0.0000,0.0000,0.000,0.000,0.000,3,12
TRK,65841,0.80020,0.07800,-0.05499,-0.59210,0.0000,0.0000,0.0000,0.000,0.000,0.000,3,12
TRK,65861,0.80257,0.06277,-0.06677,-0.58948,0.0000,0.0000,0.0000,0.000,0.000,0.000,3,12
TRK,65883,0.80530,0.03774,-0.07864,-0.58642,0.0000,0.0000,0.0000,0.000,0.000,0.000,3,12
TRK,65904,0.80717,0.00704,-0.08805,-0.58367,0.0000,0.0000,0.0000,0.000,0.000,0.000,3,12
TRK,65922,0.80663,-0.02502,-0.10240,-0.58158,0.0000,0.0000,0.0000,0.000,0.000,0.000,3,12
TRK,65943,0.80263,-0.05536,-0.12257,-0.58112,0.0000,0.0000,0.0000,0.000,0.000,0.000,3,12
TRK,65962,0.79607,-0.08752,-0.14623,-0.58071,0.0000,0.0000,0.0000,0.000,0.000,0.000,3,12
TRK,65982,0.78600,-0.12637,-0.17073,-0.58059,0.0000,0.0000,0.0000,0.000,0.000,0.000,3,12
TRK,66002,0.77211,-0.16623,-0.19679,-0.58094,0.0000,0.0000,0.0000,0.000,0.000,0.000,3,12
TRK,66022,0.75695,-0.19660,-0.22381,-0.58162,0.0000,0.0000,0.0000,0.000,0.000,0.000,3,12
TRK,66042,0.74468,-0.21728,-0.24502,-0.58156,0.0000,0.0000,0.0000,0.000,0.000,0.000,3,12
TRK,66062,0.73709,-0.22966,-0.25587,-0.58179,0.0000,0.0000,0.0000,0.000,0.000,0.000,3,12
TRK,66083,0.73294,-0.23590,-0.25853,-0.58336,0.0000,0.0000,0.0000,0.000,0.000,0.000,3,12
TRK,66104,0.73052,-0.23688,-0.25523,-0.58743,0.0000,0.0000,0.0000,0.000,0.000,0.000,3,12
TRK,66124,0.73048,-0.23066,-0.25038,-0.59203,0.0000,0.0000,0.0000,0.000,0.000,0.000,3,12
TRK,66144,0.73307,-0.21910,-0.24539,-0.59530,0.0000,0.0000,0.0000,0.000,0.000,0.000,3,12
TRK,66164,0.73748,-0.20499,-0.23946,-0.59730,0.0000,0.0000,0.0000,0.000,0.000,0.000,3,12
TRK,66184,0.74262,-0.19030,-0.23142,-0.59895,0.0000,0.0000,0.0000,0.000,0.000,0.000,3,12
TRK,66204,0.74746,-0.17572,-0.22148,-0.60115,0.0000,0.0000,0.0000,0.000,0.000,0.000,3,12
TRK,66224,0.75180,-0.15833,-0.21171,-0.60407,0.0000,0.0000,0.0000,0.000,0.000,0.000,3,12
TRK,66244,0.75649,-0.13934,-0.20138,-0.60642,0.0000,0.0000,0.0000,0.000,0.000,0.000,3,12
TRK,66264,0.76160,-0.12194,-0.19024,-0.60738,0.0000,0.0000,0.0000,0.000,0.000,0.000,3,12
TRK,66282,0.76581,-0.10848,-0.18177,-0.60724,0.0000,0.0000,0.0000,0.000,0.000,0.000,3,12
TRK,66304,0.77030,-0.09101,-0.17227,-0.60719,0.0000,0.0000,0.0000,0.000,0.000,0.000,3,12
TRK,66323,0.77292,-0.07903,-0.16152,-0.60849,0.0000,0.0000,0.0000,0.000,0.000,0.000,3,12
TRK,66341,0.77584,-0.07035,-0.14145,-0.61083,0.0000,0.0000,0.0000,0.000,0.000,0.000,3,12
TRK,66363,0.77973,-0.06567,-0.11633,-0.61170,0.0000,0.0000,0.0000,0.000,0.000,0.000,3,12
TRK,66381,0.78443,-0.06257,-0.09245,-0.61009,0.0000,0.0000,0.0000,0.000,0.000,0.000,3,12
TRK,66403,0.78948,-0.05726,-0.07550,-0.60642,0.0000,0.0000,0.0000,0.000,0.000,0.000,3,12
TRK,66422,0.79504,-0.04932,-0.06319,-0.60124,0.0000,0.0000,0.0000,0.000,0.000,0.000,3,12
TRK,66442,0.80093,-0.04317,-0.04899,-0.59518,0.0000,0.0000,0.0000,0.000,0.000,0.000,3,12
TRK,66462,0.80850,-0.04018,-0.03158,-0.58627,0.0000,0.0000,0.0000,0.000,0.000,0.000,3,12
TRK,66482,0.81709,-0.03670,-0.01417,-0.57517,0.0000,0.0000,0.0000,0.000,0.000,0.000,3,12
TRK,66502,0.82536,-0.02917,-0.00117,-0.56384,0.0000,0.0000,0.0000,0.000,0.000,0.000,3,12
TRK,66524,0.83361,-0.02318,0.01234,-0.55172,0.0000,0.0000,0.0000,0.000,0.000,0.000,3,12
TRK,66544,0.84021,-0.02602,0.02361,-0.54112,0.0000,0.0000,0.0000,0.000,0.000,0.000,3,12
TRK,66564,0.84714,-0.02609,0.03345,-0.52968,0.0000,0.0000,0.0000,0.000,0.000,0.000,3,12
STAT,404.3,400.8,0,0,0,0.7536,106.076,0.1349,0.0414,0.0240,9.7909,1.48,0.072
TRK,66584,0.85368,-0.02261,0.03839,-0.51888,0.0000,0.0000,0.0000,0.000,0.000,0.000,3,12
TRK,66603,0.86059,-0.01937,0.03999,-0.50736,0.0000,0.0000,0.0000,0.000,0.000,0.000,3,12
TRK,66622,0.86662,-0.01668,0.04146,-0.49696,0.0000,0.0000,0.0000,0.000,0.000,0.000,3,12
TRK,66642,0.87241,-0.01587,0.04617,-0.48634,0.0000,0.0000,0.0000,0.000,0.000,0.000,3,12
TRK,66662,0.87429,-0.00701,0.04677,-0.48309,0.0000,0.0000,0.0000,0.000,0.000,0.000,3,12
TRK,66683,0.87782,0.01912,0.03743,-0.47714,0.0000,0.0000,0.0000,0.000,0.000,0.000,3,12
TRK,66704,0.88199,0.03016,0.03350,-0.46912,0.0000,0.0000,0.0000,0.000,0.000,0.000,3,12
TRK,66721,0.88473,0.03953,0.03012,-0.46345,0.0000,0.0000,0.0000,0.000,0.000,0.000,3,12
TRK,66741,0.88619,0.05359,0.02455,-0.45955,0.0000,0.0000,0.0000,0.000,0.000,0.000,3,12
TRK,66762,0.88731,0.06451,0.02207,-0.45610,0.0000,0.0000,0.0000,0.000,0.000,0.000,3,12
TRK,66784,0.88787,0.07318,0.02426,-0.45358,0.0000,0.0000,0.0000,0.000,0.000,0.000,3,12
TRK,66803,0.88722,0.08114,0.02445,-0.45350,0.0000,0.0000,0.0000,0.000,0.000,0.000,3,12
TRK,66821,0.88352,0.08290,0.01476,-0.46076,0.0000,0.0000,0.0000,0.000,0.000,0.000,3,12
TRK,66843,0.88029,0.08006,0.00518,-0.46760,0.0000,0.0000,0.0000,0.000,0.000,0.000,3,12
TRK,66863,0.88297,0.07814,0.00350,-0.46286,0.0000,0.0000,0.0000,0.000,0.000,0.000,3,12
TRK,66883,0.88675,0.07457,0.00120,-0.45619,0.0000,0.0000,0.0000,0.000,0.000,0.000,3,12
TRK,66904,0.89076,0.07094,-0.00443,-0.44889,0.0000,0.0000,0.0000,0.000,0.000,0.000,3,12
TRK,66924,0.89343,0.07144,-0.00512,-0.44346,0.0000,0.0000,0.0000,0.000,0.000,0.000,3,12
TRK,66944,0.89589,0.06858,0.00267,-0.43894,0.0000,0.0000,0.0000,0.000,0.000,0.000,3,12
TRK,66962,0.89704,0.06496,0.01132,-0.43699,0.0000,0.0000,0.0000,0.000,0.000,0.000,3,12
TRK,66982,0.89952,0.05744,0.01410,-0.43286,0.0000,0.0000,0.0000,0.000,0.000,0.000,3,12
TRK,67004,0.90332,0.05106,0.00880,-0.42583,0.0000,0.0000,0.0000,0.000,0.000,0.000,3,12
TRK,67023,0.90702,0.05191,0.00271,-0.41788,0.0000,0.0000,0.0000,0.000,0.000,0.000,3,12
TRK,67044,0.91013,0.05171,0.00360,-0.41108,0.0000,0.0000,0.0000,0.000,0.000,0.000,3,12
TRK,67063,0.88124,0.04628,0.01042,-0.47029,0.0000,0.0000,0.0000,0.000,0.000,0.000,3,12
TRK,67082,0.88343,0.04362,0.00715,-0.46647,0.0000,0.0000,0.0000,0.000,0.000,0.000,3,12
TRK,67104,0.88667,0.03903,0.01122,-0.46062,0.0000,0.0000,0.0000,0.000,0.000,0.000,3,12
TRK,67124,0.88959,0.03662,0.01111,-0.45516,0.0000,0.0000,0.0000,0.000,0.000,0.000,3,12
TRK,67142,0.89177,0.03697,0.01016,-0.45086,0.0000,0.0000,0.0000,0.000,0.000,0.000,3,12
TRK,67164,0.89385,0.03723,0.01171,-0.44666,0.0000,0.0000,0.0000,0.000,0.000,0.000,3,12
TRK,67182,0.89548,0.03299,0.01774,-0.44352,0.0000,0.0000,0.0000,0.000,0.000,0.000,3,12
TRK,67204,0.88028,0.02888,0.02322,-0.47300,0.0000,0.0000,0.0000,0.000,0.000,0.000,3,12
TRK,67223,0.87998,0.02869,0.02243,-0.47362,0.0000,0.0000,0.0000,0.000,0.000,0.000,3,12
TRK,67243,0.88006,0.02844,0.02203,-0.47350,0.0000,0.0000,0.0000,0.000,0.000,0.000,3,12
TRK,67263,0.87993,0.02879,0.02205,-0.47372,0.0000,0.0000,0.0000,0.000,0.000,0.000,3,12
TRK,67284,0.87969,0.03106,0.02169,-0.47404,0.0000,0.0000,0.0000,0.000,0.000,0.000,3,12
TRK,67303,0.87935,0.03352,0.02095,-0.47452,0.0000,0.0000,0.0000,0.000,0.000,0.000,3,12
TRK,67323,0.87886,0.03587,0.01964,-0.47533,0.0000,0.0000,0.0000,0.000,0.000,0.000,3,12
TRK,67343,0.87857,0.03670,0.02012,-0.47577,0.0000,0.0000,0.0000,0.000,0.000,0.000,3,12
TRK,67363,0.87803,0.03850,0.02089,-0.47659,0.0000,0.0000,0.0000,0.000,0.000,0.000,3,12
TRK,67383,0.87747,0.04013,0.01959,-0.47754,0.0000,0.0000,0.0000,0.000,0.000,0.000,3,12
TRK,67401,0.87676,0.04161,0.01842,-0.47876,0.0000,0.0000,0.0000,0.000,0.000,0.000,3,12
TRK,67421,0.87631,0.04221,0.01899,-0.47952,0.0000,0.0000,0.0000,0.000,0.000,0.000,3,12
TRK,67443,0.87603,0.04357,0.01942,-0.47990,0.0000,0.0000,0.0000,0.000,0.000,0.000,3,12
TRK,67464,0.87560,0.04622,0.01681,-0.48052,0.0000,0.0000,0.0000,0.000,0.000,0.000,3,12
TRK,67481,0.87540,0.04788,0.01503,-0.48079,0.0000,0.0000,0.0000,0.000,0.000,0.000,3,12
TRK,67504,0.87504,0.04941,0.01527,-0.48128,0.0000,0.0000,0.0000,0.000,0.000,0.000,3,12
TRK,67524,0.87482,0.05036,0.01514,-0.48159,0.0000,0.0000,0.0000,0.000,0.000,0.000,3,12
TRK,67542,0.87442,0.05161,0.01379,-0.48222,0.0000,0.0000,0.0000,0.000,0.000,0.000,3,12
TRK,67562,0.87392,0.05308,0.01279,-0.48300,0.0000,0.0000,0.0000,0.000,0.000,0.000,3,12
STAT,404.3,400.8,0,0,0,0.3742,10.216,0.1349,0.0414,0.0240,9.7909,1.48,0.072
TRK,67582,0.87333,0.05452,0.01239,-0.48390,0.0000,0.0000,0.0000,0.000,0.000,0.000,3,12
TRK,67602,0.87313,0.05588,0.01090,-0.48416,0.0000,0.0000,0.0000,0.000,0.000,0.000,3,12
TRK,67624,0.87246,0.05838,0.00812,-0.48512,0.0000,0.0000,0.0000,0.000,0.000,0.000,3,12
TRK,67643,0.87233,0.05989,0.00666,-0.48519,0.0000,0.0000,0.0000,0.000,0.000,0.000,3,12
TRK,67661,0.87223,0.06130,0.00609,-0.48520,0.0000,0.0000,0.0000,0.000,0.000,0.000,3,12
TRK,67683,0.87172,0.06372,0.00399,-0.48583,0.0000,0.0000,0.0000,0.000,0.000,0.000,3,12
TRK,67701,0.87141,0.06502,0.00272,-0.48622,0.0000,0.0000,0.0000,0.000,0.000,0.000,3,12
TRK,67723,0.87090,0.06641,0.00243,-0.48695,0.0000,0.0000,0.0000,0.000,0.000,0.000,3,12
TRK,67741,0.87063,0.06679,0.00235,-0.48739,0.0000,0.0000,0.0000,0.000,0.000,0.000,3,12
TRK,67762,0.87030,0.06731,0.00161,-0.48790,0.0000,0.0000,0.0000,0.000,0.000,0.000,3,12
TRK,67782,0.86994,0.06816,0.00075,-0.48842,0.0000,0.0000,0.0000,0.000,0.000,0.000,3,12
TRK,67802,0.87011,0.06811,0.00119,-0.48813,0.0000,0.0000,0.0000,0.000,0.000,0.000,3,12
TRK,67822,0.87011,0.06860,0.00107,-0.48806,0.0000,0.0000,0.0000,0.000,0.000,0.000,3,12
TRK,67842,0.87023,0.06948,-0.00043,-0.48773,0.0000,0.0000,0.0000,0.000,0.000,0.000,3,12
TRK,67861,0.87019,0.07032,-0.00209,-0.48766,0.0000,0.0000,0.0000,0.000,0.000,0.000,3,12
TRK,67881,0.87029,0.06972,-0.00242,-0.48758,0.0000,0.0000,0.0000,0.000,0.000,0.000,3,12
TRK,67901,0.87038,0.06927,-0.00289,-0.48748,0.0000,0.0000,0.0000,0.000,0.000,0.000,3,12
TRK,67921,0.87052,0.06867,-0.00372,-0.48730,0.0000,0.0000,0.0000,0.000,0.000,0.000,3,12
TRK,67943,0.86826,0.08536,-0.00637,-0.48867,0.0000,0.0000,0.0000,0.000,0.000,0.000,3,12
TRK,67962,0.86755,0.09189,-0.00377,-0.48877,0.0000,0.0000,0.0000,0.000,0.000,0.000,3,12
TRK,67982,0.86801,0.08779,-0.00293,-0.48871,0.0000,0.0000,0.0000,0.000,0.000,0.000,3,12
TRK,68002,0.86794,0.08818,-0.00926,-0.48869,0.0000,0.0000,0.0000,0.000,0.000,0.000,3,12
TRK,68023,0.86897,0.08447,-0.01183,-0.48746,0.0000,0.0000,0.0000,0.000,0.000,0.000,3,12
TRK,68043,0.86895,0.08287,-0.01075,-0.48779,0.0000,0.0000,0.0000,0.000,0.000,0.000,3,12
TRK,68062,0.86781,0.08919,-0.00917,-0.48875,0.0000,0.0000,0.0000,0.000,0.000,0.000,3,12
TRK,68082,0.86855,0.08102,-0.00288,-0.48892,0.0000,0.0000,0.0000,0.000,0.000,0.000,3,12
TRK,68102,0.86895,0.06874,-0.00169,-0.49009,0.0000,0.0000,0.0000,0.000,0.000,0.000,3,12
TRK,68122,0.86889,0.06048,-0.00594,-0.49126,0.0000,0.0000,0.0000,0.000,0.000,0.000,3,12
TRK,68142,0.86860,0.06773,-0.01592,-0.49060,0.0000,0.0000,0.0000,0.000,0.000,0.000,3,12
TRK,68162,0.86720,0.08917,-0.02098,-0.48946,0.0000,0.0000,0.0000,0.000,0.000,0.000,3,12
TRK,68182,0.86588,0.08536,-0.01266,-0.49276,0.0000,0.0000,0.0000,0.000,0.000,0.000,3,12
TRK,68202,0.86290,0.10892,-0.02295,-0.49297,0.0000,0.0000,0.0000,0.000,0.000,0.000,3,12
TRK,68222,0.85988,0.12810,-0.02725,-0.49342,0.0000,0.0000,0.0000,0.000,0.000,0.000,3,12
TRK,68242,0.85980,0.13154,-0.02559,-0.49274,0.0000,0.0000,0.0000,0.000,0.000,0.000,3,12
TRK,68264,0.86312,0.11525,-0.02558,-0.49101,0.0000,0.0000,0.0000,0.000,0.000,0.000,3,12
TRK,68283,0.86135,0.11479,-0.01892,-0.49451,0.0000,0.0000,0.0000,0.000,0.000,0.000,3,12
TRK,68302,0.86167,0.11695,-0.02223,-0.49330,0.0000,0.0000,0.0000,0.000,0.000,0.000,3,12
TRK,68321,0.86117,0.11952,-0.02537,-0.49341,0.0000,0.0000,0.0000,0.000,0.000,0.000,3,12
TRK,68341,0.86296,0.11359,-0.03259,-0.49125,0.0000,0.0000,0.0000,0.000,0.000,0.000,3,12
TRK,68361,0.86311,0.11372,-0.03156,-0.49104,0.0000,0.0000,0.0000,0.000,0.000,0.000,3,12
TRK,68381,0.86173,0.11702,-0.02839,-0.49287,0.0000,0.0000,0.0000,0.000,0.000,0.000,3,12
TRK,68401,0.86145,0.12225,-0.02665,-0.49220,0.0000,0.0000,0.0000,0.000,0.000,0.000,3,12
TRK,68424,0.86214,0.12966,-0.02500,-0.48916,0.0000,0.0000,0.0000,0.000,0.000,0.000,3,12
TRK,68443,0.86022,0.14562,-0.01775,-0.48836,0.0000,0.0000,0.0000,0.000,0.000,0.000,3,12
TRK,68462,0.85951,0.14585,0.00266,-0.48986,0.0000,0.0000,0.0000,0.000,0.000,0.000,3,12
TRK,68484,0.85792,0.13785,0.03584,-0.49365,0.0000,0.0000,0.0000,0.000,0.000,0.000,3,12
TRK,68502,0.85764,0.13487,0.04862,-0.49387,0.0000,0.0000,0.0000,0.000,0.000,0.000,3,12
TRK,68521,0.85864,0.12939,0.05317,-0.49311,0.0000,0.0000,0.0000,0.000,0.000,0.000,3,12
TRK,68541,0.85973,0.12605,0.05597,-0.49177,0.0000,0.0000,0.0000,0.000,0.000,0.000,3,12
TRK,68563,0.85973,0.12234,0.06358,-0.49179,0.0000,0.0000,0.0000,0.000,0.000,0.000,3,12
STAT,404.4,400.4,0,0,0,1.6983,68.096,0.1349,0.0414,0.0240,9.7909,1.48,0.072
TRK,68583,0.85894,0.10889,0.07914,-0.49407,0.0000,0.0000,0.0000,0.000,0.000,0.000,3,12
TRK,68603,0.85446,0.08618,0.10234,-0.50200,0.0000,0.0000,0.0000,0.000,0.000,0.000,3,12
TRK,68621,0.84671,0.04627,0.13165,-0.51343,0.0000,0.0000,0.0000,0.000,0.000,0.000,3,12
TRK,68643,0.84313,0.04296,0.12154,-0.52203,0.0000,0.0000,0.0000,0.000,0.000,0.000,3,12
TRK,68662,0.82768,0.09553,0.09877,-0.54411,0.0000,0.0000,0.0000,0.000,0.000,0.000,3,12
TRK,68682,0.83107,0.07364,0.07815,-0.54571,0.0000,0.0000,0.0000,0.000,0.000,0.000,3,12
TRK,68703,0.83389,0.05704,0.06836,-0.54470,0.0000,0.0000,0.0000,0.000,0.000,0.000,3,12
TRK,68723,0.83125,0.05267,0.06318,-0.54979,0.0000,0.0000,0.0000,0.000,0.000,0.000,3,12
TRK,68743,0.82978,0.05199,0.06278,-0.55211,0.0000,0.0000,0.0000,0.000,0.000,0.000,3,12
TRK,68761,0.82798,0.05217,0.06342,-0.55471,0.0000,0.0000,0.0000,0.000,0.000,0.000,3,12
TRK,68781,0.82390,0.05336,0.05674,-0.56136,0.0000,0.0000,0.0000,0.000,0.000,0.000,3,12
TRK,68803,0.82263,0.05341,0.05644,-0.56324,0.0000,0.0000,0.0000,0.000,0.000,0.000,3,12
TRK,68824,0.81958,0.05294,0.05647,-0.56771,0.0000,0.0000,0.0000,0.000,0.000,0.000,3,12
TRK,68843,0.81511,0.05308,0.05604,-0.57414,0.0000,0.0000,0.0000,0.000,0.000,0.000,3,12
TRK,68861,0.81047,0.05287,0.05571,-0.58072,0.0000,0.0000,0.0000,0.000,0.000,0.000,3,12
TRK,68883,0.80388,0.05143,0.05342,-0.59015,0.0000,0.0000,0.0000,0.000,0.000,0.000,3,12
TRK,68902,0.79893,0.04671,0.04634,-0.59781,0.0000,0.0000,0.0000,0.000,0.000,0.000,3,12
TRK,68922,0.79521,0.04231,0.03987,-0.60354,0.0000,0.0000,0.0000,0.000,0.000,0.000,3,12
TRK,68944,0.79499,0.03899,0.03478,-0.60437,0.0000,0.0000,0.0000,0.000,0.000,0.000,3,12
TRK,68964,0.79502,0.03509,0.02916,-0.60486,0.0000,0.0000,0.0000,0.000,0.000,0.000,3,12
TRK,68982,0.79307,0.03296,0.02645,-0.60766,0.0000,0.0000,0.0000,0.000,0.000,0.000,3,12
TRK,69004,0.78921,0.03168,0.02525,-0.61279,0.0000,0.0000,0.0000,0.000,0.000,0.000,3,12
TRK,69022,0.78471,0.03018,0.02385,-0.61867,0.0000,0.0000,0.0000,0.000,0.000,0.000,3,12
TRK,69043,0.77987,0.02715,0.02066,-0.62501,0.0000,0.0000,0.0000,0.000,0.000,0.000,3,12
TRK,69064,0.77529,0.02416,0.01765,-0.63090,0.0000,0.0000,0.0000,0.000,0.000,0.000,3,12
TRK,69081,0.77217,0.02431,0.01833,-0.63469,0.0000,0.0000,0.0000,0.000,0.000,0.000,3,12
TRK,69103,0.76935,0.02646,0.02126,-0.63792,0.0000,0.0000,0.0000,0.000,0.000,0.000,3,12
TRK,69122,0.76771,0.02659,0.02159,-0.63989,0.0000,0.0000,0.0000,0.000,0.000,0.000,3,12
TRK,69143,0.76707,0.02554,0.02040,-0.64073,0.0000,0.0000,0.0000,0.000,0.000,0.000,3,12
TRK,69164,0.76644,0.02291,0.01728,-0.64168,0.0000,0.0000,0.0000,0.000,0.000,0.000,3,12
TRK,69182,0.76664,0.02158,0.01561,-0.64153,0.0000,0.0000,0.0000,0.000,0.000,0.000,3,12
TRK,69202,0.76700,0.02025,0.01387,-0.64118,0.0000,0.0000,0.0000,0.000,0.000,0.000,3,12
TRK,69224,0.76751,0.01975,0.01320,-0.64059,0.0000,0.0000,0.0000,0.000,0.000,0.000,3,12
TRK,69244,0.76754,0.01900,0.01228,-0.64060,0.0000,0.0000,0.0000,0.000,0.000,0.000,3,12
TRK,69264,0.76746,0.01901,0.01225,-0.64070,0.0000,0.0000,0.0000,0.000,0.000,0.000,3,12
TRK,69283,0.76744,0.01919,0.01244,-0.64072,0.0000,0.0000,0.0000,0.000,0.000,0.000,3,12
TRK,69302,0.76754,0.01935,0.01256,-0.64058,0.0000,0.0000,0.0000,0.000,0.000,0.000,3,12
TRK,69322,0.76779,0.01935,0.01262,-0.64029,0.0000,0.0000,0.0000,0.000,0.000,0.000,3,12
TRK,69342,0.76780,0.02005,0.01347,-0.64024,0.0000,0.0000,0.0000,0.000,0.000,0.000,3,12
TRK,69362,0.76776,0.02092,0.01451,-0.64023,0.0000,0.0000,0.0000,0.000,0.000,0.000,3,12
TRK,69383,0.76783,0.02001,0.01155,-0.64024,0.0000,0.0000,0.0000,0.000,0.000,0.000,1,13
TRK,69402,0.76793,0.01831,0.00695,-0.64023,0.0000,0.0000,0.0000,0.000,0.000,0.000,1,13
TRK,69422,0.76799,0.01714,0.00357,-0.64022,0.0000,0.0000,0.0000,0.000,0.000,0.000,1,13
TRK,69442,0.76798,0.01760,0.00328,-0.64022,0.0036,-0.0064,-0.0004,0.040,-0.073,-0.004,2,13
TRK,69464,0.76797,0.01888,0.00478,-0.64019,0.0045,-0.0081,-0.0004,0.043,-0.079,-0.004,2,13
TRK,69483,0.76849,0.02014,0.00619,-0.63951,0.0053,-0.0095,-0.0005,0.047,-0.081,-0.004,2,13
TRK,69504,0.76944,0.02109,0.00727,-0.63833,0.0064,-0.0114,-0.0006,0.050,-0.088,-0.004,2,13
TRK,69521,0.76973,0.02149,0.00771,-0.63796,0.0072,-0.0130,-0.0007,0.052,-0.093,-0.005,2,13
TRK,69542,0.76967,0.02186,0.00818,-0.63801,0.0083,-0.0148,-0.0008,0.056,-0.098,-0.005,2,13
TRK,69562,0.76963,0.02306,0.00955,-0.63800,0.0094,-0.0168,-0.0009,0.058,-0.104,-0.005,2,13
STAT,404.4,400.4,0,0,0,0.0694,8.953,0.1349,0.0414,0.0240,9.7898,21.26,0.000
TRK,69582,0.76958,0.02432,0.01105,-0.63799,0.0106,-0.0189,-0.0010,0.061,-0.108,-0.005,2,13
TRK,69604,0.76955,0.02485,0.01165,-0.63800,0.0120,-0.0214,-0.0011,0.064,-0.113,-0.005,2,13
TRK,69624,0.76953,0.02514,0.01198,-0.63801,0.0133,-0.0237,-0.0012,0.067,-0.117,-0.005,2,13
TRK,69644,0.76952,0.02528,0.01213,-0.63801,0.0147,-0.0260,-0.0013,0.070,-0.122,-0.006,2,13
TRK,69664,0.76952,0.02531,0.01223,-0.63801,0.0161,-0.0285,-0.0014,0.073,-0.127,-0.006,2,13
TRK,69684,0.76950,0.02524,0.01220,-0.63803,0.0177,-0.0314,-0.0016,0.077,-0.133,-0.006,2,13
TRK,69700,0.76948,0.02517,0.01217,-0.63806,0.0189,-0.0334,-0.0016,0.080,-0.137,-0.006,2,13
TRK,69724,0.76946,0.02519,0.01222,-0.63808,0.0209,-0.0368,-0.0018,0.083,-0.142,-0.006,2,13
TRK,69743,0.76944,0.02510,0.01222,-0.63811,0.0224,-0.0393,-0.0019,0.085,-0.147,-0.006,2,13
TRK,69762,0.76950,0.02438,0.00999,-0.63810,0.0029,-0.0058,-0.0004,0.000,0.000,0.000,1,14
TRK,69784,0.76956,0.02356,0.00767,-0.63809,0.0029,-0.0058,-0.0004,0.000,0.000,0.000,1,14
TRK,69802,0.76960,0.02299,0.00611,-0.63808,0.0029,-0.0058,-0.0004,0.000,0.000,0.000,1,14
TRK,69824,0.76964,0.02252,0.00458,-0.63807,0.0029,-0.0058,-0.0004,0.000,0.000,0.000,1,14
TRK,69842,0.76966,0.02232,0.00374,-0.63806,0.0029,-0.0058,-0.0004,0.000,0.000,0.000,1,14
TRK,69864,0.76967,0.02235,0.00293,-0.63804,0.0029,-0.0058,-0.0004,0.000,0.000,0.000,1,14
TRK,69882,0.76967,0.02250,0.00246,-0.63803,0.0029,-0.0058,-0.0004,0.000,0.000,0.000,1,14
TRK,69904,0.76969,0.02228,0.00176,-0.63803,0.0029,-0.0058,-0.0004,0.000,0.000,0.000,1,14
TRK,69923,0.76971,0.02189,0.00097,-0.63802,0.0029,-0.0058,-0.0004,0.000,0.000,0.000,1,14
TRK,69943,0.76971,0.02179,0.00060,-0.63802,0.0029,-0.0058,-0.0004,0.000,0.000,0.000,1,14
TRK,69962,0.76971,0.02211,0.00065,-0.63801,0.0029,-0.0058,-0.0004,0.000,0.000,0.000,1,14
TRK,69981,0.76971,0.02215,0.00048,-0.63801,0.0029,-0.0058,-0.0004,0.000,0.000,0.000,1,14
TRK,70001,0.76972,0.02196,0.00006,-0.63800,0.0029,-0.0058,-0.0004,0.000,0.000,0.000,1,14
TRK,70021,0.76973,0.02164,-0.00049,-0.63800,0.0029,-0.0058,-0.0004,0.000,0.000,0.000,1,14
TRK,70041,0.76975,0.02126,-0.00101,-0.63800,0.0029,-0.0058,-0.0004,0.000,0.000,0.000,1,14
TRK,70064,0.76976,0.02076,-0.00148,-0.63799,0.0029,-0.0058,-0.0004,0.000,0.000,0.000,1,14
TRK,70083,0.76976,0.02064,-0.00147,-0.63800,0.0029,-0.0058,-0.0004,0.000,0.000,0.000,1,14
TRK,70101,0.76976,0.02063,-0.00131,-0.63800,0.0029,-0.0058,-0.0004,0.000,0.000,0.000,1,14
TRK,70121,0.76976,0.02061,-0.00126,-0.63800,0.0029,-0.0058,-0.0004,0.000,0.000,0.000,1,14
TRK,70143,0.76976,0.02046,-0.00142,-0.63800,0.0029,-0.0058,-0.0004,0.000,0.000,0.000,1,14
TRK,70164,0.76977,0.02045,-0.00153,-0.63800,0.0029,-0.0058,-0.0004,0.000,0.000,0.000,1,14
TRK,70183,0.76977,0.02046,-0.00168,-0.63799,0.0029,-0.0058,-0.0004,0.000,0.000,0.000,1,14
TRK,70201,0.76977,0.02048,-0.00179,-0.63799,0.0029,-0.0058,-0.0004,0.000,0.000,0.000,1,14
TRK,70223,0.76976,0.02065,-0.00170,-0.63799,0.0029,-0.0058,-0.0004,0.000,0.000,0.000,1,14
TRK,70243,0.76976,0.02076,-0.00156,-0.63799,0.0029,-0.0058,-0.0004,0.000,0.000,0.000,1,14
TRK,70262,0.76976,0.02072,-0.00150,-0.63799,0.0029,-0.0058,-0.0004,0.000,0.000,0.000,1,14
TRK,70282,0.76976,0.02067,-0.00139,-0.63800,0.0029,-0.0058,-0.0004,0.000,0.000,0.000,1,14
TRK,70304,0.76976,0.02063,-0.00144,-0.63800,0.0029,-0.0058,-0.0004,0.000,0.000,0.000,1,14
TRK,70322,0.76976,0.02076,-0.00121,-0.63800,0.0029,-0.0058,-0.0004,0.000,0.000,0.000,1,14
TRK,70344,0.76974,0.02113,-0.00074,-0.63800,0.0029,-0.0058,-0.0004,0.000,0.000,0.000,1,14
TRK,70363,0.76973,0.02149,-0.00038,-0.63800,0.0029,-0.0058,-0.0004,0.000,0.000,0.000,1,14
TRK,70383,0.76973,0.02160,-0.00022,-0.63800,0.0029,-0.0058,-0.0004,0.000,0.000,0.000,1,14
TRK,70403,0.76973,0.02151,-0.00015,-0.63801,0.0029,-0.0058,-0.0004,0.000,0.000,0.000,1,14
TRK,70421,0.76971,0.02217,0.00074,-0.63801,0.0029,-0.0058,-0.0004,0.000,0.000,0.000,1,14
TRK,70443,0.76967,0.02300,0.00191,-0.63802,0.0029,-0.0058,-0.0004,0.000,0.000,0.000,1,14
TRK,70462,0.76965,0.02360,0.00267,-0.63802,0.0029,-0.0058,-0.0004,0.000,0.000,0.000,1,14
TRK,70483,0.76964,0.02383,0.00295,-0.63802,0.0029,-0.0058,-0.0004,0.000,0.000,0.000,1,14
TRK,70504,0.77073,0.02544,0.00508,-0.63664,0.0027,-0.0055,-0.0005,-0.003,0.015,-0.001,2,14
TRK,70522,0.77168,0.02721,0.00766,-0.63538,0.0027,-0.0053,-0.0005,-0.003,0.012,-0.001,2,14
TRK,70542,0.77244,0.02854,0.00939,-0.63438,0.0026,-0.0052,-0.0005,-0.001,0.005,-0.000,2,14
TRK,70564,0.77407,0.03065,0.01208,-0.63224,0.0026,-0.0049,-0.0005,-0.003,0.008,-0.001,2,14
STAT,404.6,400.6,0,0,0,0.7234,16.816,0.1371,0.0613,0.0111,9.7841,0.46,0.171
TRK,70583,0.77424,0.03181,0.01351,-0.63194,0.0025,-0.0047,-0.0005,-0.007,0.018,-0.000,2,14
TRK,70604,0.77516,0.03496,0.01755,-0.63055,0.0023,-0.0043,-0.0006,-0.008,0.020,-0.001,2,14
TRK,70623,0.77564,0.03652,0.01961,-0.62982,0.0022,-0.0040,-0.0006,-0.004,0.011,-0.000,2,14
TRK,70641,0.77680,0.03758,0.02100,-0.62828,0.0022,-0.0039,-0.0006,-0.001,0.006,-0.000,2,14
TRK,70663,0.77753,0.03770,0.02123,-0.62736,0.0021,-0.0038,-0.0006,-0.001,0.005,-0.001,2,14
TRK,70682,0.77795,0.03715,0.02054,-0.62689,0.0021,-0.0037,-0.0006,-0.000,0.004,-0.001,2,14
TRK,70702,0.77885,0.03676,0.01995,-0.62581,0.0021,-0.0036,-0.0006,-0.001,0.006,-0.001,2,14
TRK,70722,0.77959,0.03724,0.02067,-0.62484,0.0021,-0.0035,-0.0006,-0.001,0.005,-0.001,2,14
TRK,70744,0.78048,0.03762,0.02148,-0.62367,0.0021,-0.0033,-0.0007,-0.001,0.004,-0.001,2,14
TRK,70764,0.78048,0.03853,0.02294,-0.62357,0.0021,-0.0033,-0.0007,-0.000,0.003,-0.002,2,14
TRK,70781,0.78043,0.03922,0.02399,-0.62355,0.0021,-0.0032,-0.0007,0.000,0.003,-0.002,2,14
TRK,70801,0.78033,0.03967,0.02464,-0.62362,0.0021,-0.0032,-0.0008,0.000,0.003,-0.002,2,14
TRK,70823,0.78042,0.04062,0.02567,-0.62341,0.0021,-0.0031,-0.0008,-0.000,0.006,-0.002,2,14
TRK,70844,0.78280,0.04227,0.02695,-0.62026,0.0020,-0.0028,-0.0008,-0.004,0.014,0.006,2,14
TRK,70863,0.78680,0.05155,0.02328,-0.61461,0.0020,-0.0025,-0.0005,0.008,0.030,0.029,2,14
TRK,70881,0.78946,0.07229,0.01424,-0.60937,0.0021,-0.0021,0.0002,0.007,0.043,0.057,2,14
TRK,70901,0.78604,0.10893,-0.01545,-0.60830,0.0022,-0.0021,0.0018,0.004,-0.026,0.093,2,14
TRK,70922,0.78113,0.16176,-0.07261,-0.59867,0.0025,-0.0024,0.0042,0.015,-0.003,0.132,2,14
TRK,70942,0.77730,0.21012,-0.12854,-0.57891,0.0022,-0.0026,0.0065,-0.033,-0.006,0.053,2,14
TRK,70962,0.76125,0.25603,-0.16301,-0.57304,0.0011,-0.0030,0.0084,-0.058,-0.015,0.099,2,14
TRK,70984,0.75151,0.27967,-0.17981,-0.56982,0.0007,-0.0030,0.0092,0.017,0.006,-0.008,2,14
TRK,71004,0.75139,0.27722,-0.17863,-0.57154,0.0010,-0.0030,0.0092,0.012,0.002,0.004,2,14
TRK,71024,0.74956,0.27844,-0.18012,-0.57287,0.0013,-0.0029,0.0093,0.014,0.002,0.007,2,14
TRK,71042,0.74839,0.27856,-0.18088,-0.57410,0.0016,-0.0029,0.0094,0.018,0.002,0.005,2,14
TRK,71064,0.74609,0.28099,-0.18298,-0.57524,0.0020,-0.0029,0.0097,0.021,0.002,0.018,2,14
TRK,71083,0.74396,0.28503,-0.18573,-0.57514,0.0024,-0.0028,0.0100,0.022,0.004,0.013,2,14
TRK,71102,0.74241,0.28694,-0.18740,-0.57565,0.0028,-0.0028,0.0102,0.015,-0.001,0.015,2,14
TRK,71122,0.73993,0.28992,-0.18987,-0.57654,0.0030,-0.0029,0.0105,0.012,-0.003,0.017,2,14
TRK,71142,0.73746,0.29377,-0.19262,-0.57684,0.0033,-0.0029,0.0109,0.013,-0.004,0.020,2,14
TRK,71162,0.73339,0.30116,-0.19720,-0.57668,0.0036,-0.0030,0.0114,0.017,-0.003,0.032,2,14
TRK,71183,0.72821,0.31029,-0.20284,-0.57644,0.0041,-0.0031,0.0121,0.025,-0.003,0.028,2,14
TRK,71203,0.72377,0.31730,-0.20718,-0.57668,0.0046,-0.0031,0.0126,0.028,-0.002,0.029,2,14
TRK,71223,0.71789,0.32378,-0.21250,-0.57848,0.0051,-0.0031,0.0132,0.013,-0.003,0.024,2,14
TRK,71241,0.71156,0.32556,-0.21844,-0.58308,0.0053,-0.0032,0.0137,0.028,-0.001,0.044,2,14
TRK,71261,0.70746,0.33858,-0.22680,-0.57743,0.0059,-0.0031,0.0146,0.022,0.002,0.037,2,14
TRK,71283,0.70376,0.34926,-0.23324,-0.57302,0.0065,-0.0031,0.0154,0.033,0.003,0.041,2,14
TRK,71304,0.70181,0.35943,-0.23840,-0.56696,0.0071,-0.0031,0.0163,0.020,0.001,0.035,2,14
TRK,71323,0.70026,0.36665,-0.24229,-0.56259,0.0075,-0.0030,0.0169,0.028,0.005,0.036,2,14
TRK,71341,0.70067,0.37096,-0.24301,-0.55893,0.0081,-0.0029,0.0175,0.034,0.003,0.028,2,14
TRK,71363,0.70124,0.37351,-0.24302,-0.55651,0.0088,-0.0029,0.0182,0.029,0.002,0.027,2,14
TRK,71382,0.70112,0.37408,-0.24263,-0.55644,0.0093,-0.0029,0.0186,0.025,0.001,0.030,2,14
TRK,71404,0.70052,0.37533,-0.24300,-0.55619,0.0098,-0.0028,0.0193,0.024,0.000,0.030,2,14
TRK,71422,0.70103,0.37357,-0.24203,-0.55716,0.0103,-0.0028,0.0198,0.025,0.002,0.033,2,14
TRK,71441,0.70280,0.36976,-0.23997,-0.55836,0.0107,-0.0028,0.0205,0.018,0.002,0.035,2,14
TRK,71464,0.70448,0.36562,-0.23795,-0.55983,0.0110,-0.0027,0.0213,0.014,0.001,0.036,2,14
TRK,71483,0.70482,0.36446,-0.23749,-0.56035,0.0114,-0.0027,0.0221,0.020,0.000,0.038,2,14
TRK,71501,0.70540,0.36259,-0.23652,-0.56125,0.0117,-0.0027,0.0228,0.024,-0.000,0.040,2,14
TRK,71523,0.70605,0.35927,-0.23520,-0.56311,0.0123,-0.0028,0.0237,0.023,-0.001,0.050,2,14
TRK,71541,0.70613,0.35809,-0.23560,-0.56360,0.0128,-0.0028,0.0247,0.030,0.001,0.048,2,14
TRK,71561,0.70700,0.35580,-0.23457,-0.56440,0.0134,-0.0028,0.0257,0.026,0.000,0.047,2,14
STAT,404.6,400.6,0,0,0,0.4088,16.026,0.1371,0.0613,0.0111,9.7841,0.46,0.171
TRK,71581,0.70792,0.35322,-0.23317,-0.56544,0.0139,-0.0028,0.0266,0.024,-0.001,0.047,2,14
TRK,71603,0.70716,0.35315,-0.23486,-0.56573,0.0143,-0.0028,0.0278,0.019,-0.001,0.056,2,14
TRK,71621,0.70805,0.35056,-0.23312,-0.56695,0.0146,-0.0028,0.0287,0.021,0.001,0.053,2,14
TRK,71644,0.70859,0.34873,-0.23225,-0.56776,0.0151,-0.0028,0.0301,0.018,0.002,0.066,2,14
TRK,71662,0.70844,0.34888,-0.23327,-0.56744,0.0154,-0.0027,0.0313,0.019,0.002,0.078,2,14
TRK,71684,0.70840,0.34906,-0.23486,-0.56671,0.0158,-0.0026,0.0331,0.022,0.004,0.080,2,14
TRK,71702,0.70875,0.34796,-0.23539,-0.56673,0.0163,-0.0026,0.0347,0.023,0.004,0.083,2,14
TRK,71724,0.70873,0.34767,-0.23667,-0.56641,0.0168,-0.0025,0.0366,0.026,0.005,0.089,2,14
TRK,71744,0.70863,0.34850,-0.23858,-0.56521,0.0173,-0.0024,0.0384,0.022,0.006,0.096,2,14
TRK,71764,0.70823,0.34922,-0.24070,-0.56437,0.0177,-0.0022,0.0403,0.020,0.006,0.096,2,14
TRK,71783,0.70766,0.34969,-0.24278,-0.56391,0.0181,-0.0021,0.0420,0.023,0.006,0.097,2,14
TRK,71802,0.70756,0.34898,-0.24399,-0.56395,0.0185,-0.0020,0.0439,0.023,0.006,0.098,2,14
TRK,71822,0.70780,0.34720,-0.24479,-0.56440,0.0190,-0.0019,0.0459,0.024,0.007,0.100,2,14
TRK,71844,0.70822,0.34553,-0.24541,-0.56463,0.0196,-0.0017,0.0481,0.024,0.008,0.103,2,14
TRK,71864,0.70874,0.34342,-0.24643,-0.56482,0.0200,-0.0016,0.0502,0.023,0.008,0.108,2,14
TRK,71882,0.70891,0.34208,-0.24753,-0.56494,0.0204,-0.0014,0.0521,0.023,0.009,0.110,2,14
TRK,71902,0.70934,0.34067,-0.24849,-0.56484,0.0209,-0.0012,0.0546,0.023,0.011,0.113,2,14
TRK,71924,0.71057,0.33730,-0.24861,-0.56525,0.0214,-0.0010,0.0569,0.021,0.011,0.121,2,14
TRK,71943,0.71158,0.33426,-0.24876,-0.56573,0.0218,-0.0007,0.0594,0.022,0.012,0.127,2,14
TRK,71964,0.71263,0.33139,-0.24954,-0.56575,0.0223,-0.0005,0.0623,0.021,0.013,0.133,2,14
TRK,71983,0.71358,0.32883,-0.25009,-0.56580,0.0227,-0.0002,0.0646,0.025,0.013,0.139,2,14
TRK,72004,0.71479,0.32545,-0.25079,-0.56592,0.0232,0.0000,0.0678,0.023,0.012,0.140,2,14
TRK,72024,0.71550,0.32296,-0.25131,-0.56621,0.0236,0.0003,0.0705,0.021,0.012,0.141,2,14
TRK,72044,0.71601,0.32149,-0.25214,-0.56604,0.0241,0.0005,0.0733,0.022,0.012,0.143,2,14
TRK,72064,0.71617,0.32093,-0.25362,-0.56549,0.0245,0.0007,0.0762,0.023,0.011,0.145,2,14
TRK,72084,0.71622,0.32056,-0.25507,-0.56498,0.0250,0.0010,0.0790,0.023,0.012,0.143,2,14
TRK,72104,0.71622,0.32027,-0.25639,-0.56456,0.0254,0.0012,0.0819,0.023,0.010,0.147,2,14
TRK,72120,0.71618,0.32031,-0.25766,-0.56400,0.0259,0.0013,0.0845,0.026,0.009,0.151,2,14
TRK,72142,0.71635,0.31958,-0.25916,-0.56352,0.0264,0.0015,0.0878,0.027,0.009,0.150,2,14
TRK,72162,0.71669,0.31835,-0.25984,-0.56346,0.0270,0.0017,0.0908,0.029,0.010,0.151,2,14
TRK,72182,0.71712,0.31690,-0.26052,-0.56342,0.0276,0.0019,0.0939,0.030,0.010,0.158,2,14
TRK,72202,0.71742,0.31555,-0.26176,-0.56322,0.0282,0.0021,0.0970,0.031,0.010,0.164,2,14
TRK,72222,0.71763,0.31443,-0.26311,-0.56295,0.0288,0.0024,0.1003,0.032,0.012,0.164,2,14
TRK,72242,0.71777,0.31364,-0.26445,-0.56259,0.0294,0.0026,0.1036,0.034,0.012,0.167,2,14
TRK,72262,0.71826,0.31228,-0.26538,-0.56228,0.0301,0.0028,0.1069,0.034,0.012,0.172,2,14
TRK,72282,0.71880,0.31060,-0.26631,-0.56208,0.0308,0.0031,0.1104,0.034,0.013,0.178,2,14
TRK,72304,0.71924,0.30923,-0.26775,-0.56159,0.0316,0.0034,0.1144,0.035,0.014,0.178,2,14
TRK,72324,0.71961,0.30795,-0.26889,-0.56127,0.0323,0.0036,0.1179,0.036,0.014,0.178,2,14
TRK,72342,0.71985,0.30663,-0.26977,-0.56127,0.0329,0.0039,0.1210,0.035,0.014,0.181,2,14
TRK,72362,0.72025,0.30514,-0.27095,-0.56099,0.0337,0.0042,0.1251,0.037,0.015,0.187,2,14
TRK,72382,0.72072,0.30360,-0.27244,-0.56051,0.0344,0.0045,0.1288,0.036,0.016,0.190,2,14
TRK,72401,0.72101,0.30249,-0.27405,-0.55995,0.0350,0.0048,0.1321,0.037,0.016,0.186,2,14
TRK,72421,0.72124,0.30146,-0.27533,-0.55958,0.0358,0.0051,0.1358,0.036,0.016,0.187,2,14
TRK,72441,0.72130,0.30079,-0.27690,-0.55909,0.0366,0.0055,0.1400,0.035,0.016,0.192,2,14
TRK,72461,0.72125,0.30018,-0.27860,-0.55863,0.0373,0.0058,0.1438,0.036,0.015,0.191,2,14
TRK,72483,0.72147,0.29879,-0.27990,-0.55845,0.0381,0.0061,0.1480,0.037,0.016,0.193,2,14
TRK,72503,0.72170,0.29729,-0.28106,-0.55837,0.0388,0.0064,0.1519,0.037,0.016,0.197,2,14
TRK,72522,0.72181,0.29630,-0.28231,-0.55812,0.0395,0.0067,0.1553,0.038,0.015,0.198,2,14
TRK,72542,0.72178,0.29548,-0.28383,-0.55782,0.0402,0.0070,0.1593,0.038,0.015,0.200,2,14
TRK,72564,0.72025,0.29730,-0.28905,-0.55614,0.0410,0.0073,0.1639,0.033,0.016,0.214,2,14
STAT,404.2,400.7,0,0,0,0.3329,17.669,0.1371,0.0613,0.0111,9.7841,0.46,0.171
TRK,72584,0.71887,0.29875,-0.29480,-0.55413,0.0416,0.0077,0.1682,0.034,0.016,0.217,2,14
TRK,72602,0.71840,0.29876,-0.29772,-0.55318,0.0424,0.0079,0.1723,0.044,0.013,0.201,2,14
TRK,72622,0.71845,0.29757,-0.29896,-0.55308,0.0433,0.0082,0.1763,0.046,0.011,0.205,2,14
TRK,72642,0.71857,0.29640,-0.30071,-0.55260,0.0443,0.0084,0.1804,0.052,0.010,0.205,2,14
TRK,72662,0.71908,0.29468,-0.30146,-0.55247,0.0453,0.0086,0.1844,0.057,0.006,0.201,2,14
TRK,72682,0.71904,0.29475,-0.30350,-0.55136,0.0465,0.0087,0.1884,0.058,0.004,0.203,2,14
TRK,72702,0.71949,0.29435,-0.30471,-0.55032,0.0477,0.0087,0.1923,0.064,0.001,0.195,2,14
TRK,72722,0.72016,0.29343,-0.30525,-0.54963,0.0490,0.0087,0.1962,0.065,-0.000,0.196,2,14
TRK,72743,0.72086,0.29278,-0.30612,-0.54856,0.0504,0.0087,0.2005,0.064,-0.002,0.196,2,14
TRK,72763,0.72085,0.29386,-0.30862,-0.54661,0.0517,0.0087,0.2045,0.065,-0.003,0.196,2,14
TRK,72783,0.72166,0.29292,-0.30903,-0.54580,0.0530,0.0086,0.2084,0.064,-0.004,0.198,2,14
TRK,72803,0.72213,0.29221,-0.30994,-0.54505,0.0542,0.0085,0.2123,0.058,-0.005,0.200,2,14
TRK,72823,0.72235,0.29197,-0.31115,-0.54419,0.0553,0.0084,0.2162,0.057,-0.006,0.196,2,14
TRK,72843,0.72284,0.29113,-0.31161,-0.54373,0.0564,0.0083,0.2201,0.056,-0.006,0.201,2,14
TRK,72863,0.72323,0.29002,-0.31229,-0.54342,0.0575,0.0081,0.2241,0.054,-0.006,0.205,2,14
TRK,72883,0.72268,0.29070,-0.31535,-0.54202,0.0585,0.0081,0.2283,0.048,-0.004,0.214,2,14
TRK,72901,0.72273,0.29006,-0.31653,-0.54161,0.0595,0.0080,0.2325,0.050,-0.003,0.213,2,14
TRK,72921,0.72240,0.28994,-0.31905,-0.54062,0.0605,0.0079,0.2368,0.043,-0.001,0.229,2,14
TRK,72941,0.72179,0.29021,-0.32259,-0.53920,0.0613,0.0079,0.2413,0.046,-0.001,0.221,2,14
TRK,72964,0.72143,0.28960,-0.32542,-0.53831,0.0623,0.0079,0.2464,0.036,0.003,0.240,2,14
TRK,72983,0.72090,0.28930,-0.32894,-0.53704,0.0630,0.0080,0.2512,0.039,0.004,0.241,2,14
TRK,73002,0.72006,0.28967,-0.33347,-0.53516,0.0637,0.0081,0.2554,0.035,0.007,0.250,2,14
TRK,73024,0.72009,0.28856,-0.33574,-0.53431,0.0645,0.0082,0.2609,0.036,0.006,0.243,2,14
TRK,73044,0.71970,0.28795,-0.33857,-0.53338,0.0652,0.0083,0.2658,0.035,0.006,0.247,2,14
TRK,73062,0.71994,0.28612,-0.33987,-0.53321,0.0659,0.0085,0.2706,0.038,0.006,0.248,2,14
TRK,73084,0.72011,0.28418,-0.34141,-0.53302,0.0666,0.0086,0.2756,0.038,0.006,0.250,2,14
TRK,73103,0.72032,0.28238,-0.34285,-0.53278,0.0674,0.0087,0.2806,0.037,0.005,0.256,2,14
TRK,73122,0.72059,0.28065,-0.34434,-0.53237,0.0681,0.0087,0.2856,0.036,0.002,0.257,2,14
TRK,73141,0.72085,0.27900,-0.34546,-0.53216,0.0688,0.0088,0.2908,0.030,0.001,0.267,2,14
TRK,73161,0.72010,0.27895,-0.34928,-0.53070,0.0694,0.0088,0.2961,0.031,0.001,0.269,2,14
TRK,73181,0.71987,0.27835,-0.35209,-0.52948,0.0700,0.0088,0.3015,0.032,-0.000,0.273,2,14
TRK,73201,0.72038,0.27617,-0.35311,-0.52925,0.0706,0.0088,0.3069,0.033,-0.003,0.275,2,14
TRK,73221,0.72077,0.27397,-0.35421,-0.52912,0.0713,0.0087,0.3124,0.031,-0.005,0.279,2,14
TRK,73241,0.72094,0.27228,-0.35575,-0.52873,0.0719,0.0086,0.3179,0.028,-0.006,0.287,2,14
TRK,73261,0.72082,0.27147,-0.35808,-0.52773,0.0725,0.0085,0.3236,0.031,-0.009,0.283,2,14
TRK,73281,0.72112,0.27012,-0.35913,-0.52731,0.0731,0.0083,0.3292,0.032,-0.010,0.285,2,14
TRK,73304,0.72091,0.26952,-0.36228,-0.52574,0.0738,0.0080,0.3357,0.034,-0.013,0.293,2,14
TRK,73322,0.72120,0.26780,-0.36334,-0.52549,0.0745,0.0077,0.3416,0.035,-0.015,0.299,2,14
TRK,73344,0.72113,0.26634,-0.36551,-0.52481,0.0750,0.0075,0.3460,0.000,0.000,0.000,3,14
TRK,73363,0.72117,0.26534,-0.36701,-0.52422,0.0750,0.0075,0.3460,0.000,0.000,0.000,3,14
TRK,73384,0.72124,0.26448,-0.36902,-0.52316,0.0750,0.0075,0.3460,0.000,0.000,0.000,3,14
TRK,73401,0.72064,0.26543,-0.37223,-0.52122,0.0750,0.0075,0.3460,0.000,0.000,0.000,3,14
TRK,73421,0.72066,0.26440,-0.37394,-0.52049,0.0750,0.0075,0.3460,0.000,0.000,0.000,3,14
TRK,73441,0.72070,0.26362,-0.37565,-0.51960,0.0750,0.0075,0.3460,0.000,0.000,0.000,3,14
TRK,73461,0.72100,0.26246,-0.37697,-0.51882,0.0750,0.0075,0.3460,0.000,0.000,0.000,3,14
TRK,73481,0.72136,0.26143,-0.37840,-0.51779,0.0750,0.0075,0.3460,0.000,0.000,0.000,3,14
TRK,73504,0.72174,0.26077,-0.38030,-0.51620,0.0750,0.0075,0.3460,0.000,0.000,0.000,3,14
TRK,73524,0.72228,0.25989,-0.38106,-0.51533,0.0750,0.0075,0.3460,0.000,0.000,0.000,3,14
TRK,73544,0.72242,0.26004,-0.38301,-0.51361,0.0750,0.0075,0.3460,0.000,0.000,0.000,3,14
TRK,73562,0.72276,0.25953,-0.38396,-0.51268,0.0750,0.0075,0.3460,0.000,0.000,0.000,3,14
STAT,404.2,400.7,0,0,0,0.4405,12.242,0.1371,0.0613,0.0111,9.7841,0.46,0.171
TRK,73583,0.72353,0.25786,-0.38388,-0.51250,0.0750,0.0075,0.3460,0.000,0.000,0.000,3,14
TRK,73601,0.72361,0.25837,-0.38587,-0.51062,0.0750,0.0075,0.3460,0.000,0.000,0.000,3,14
TRK,73624,0.72127,0.26398,-0.39439,-0.50451,0.0750,0.0075,0.3460,0.000,0.000,0.000,3,14
TRK,73641,0.72115,0.26692,-0.39779,-0.50046,0.0750,0.0075,0.3460,0.000,0.000,0.000,3,14
TRK,73661,0.72078,0.26994,-0.40113,-0.49669,0.0750,0.0075,0.3460,0.000,0.000,0.000,3,14
TRK,73681,0.72085,0.27014,-0.40208,-0.49572,0.0750,0.0075,0.3460,0.000,0.000,0.000,3,14
TRK,73701,0.72038,0.27260,-0.40519,-0.49251,0.0750,0.0075,0.3460,0.000,0.000,0.000,3,14
TRK,73721,0.72062,0.27265,-0.40554,-0.49184,0.0750,0.0075,0.3460,0.000,0.000,0.000,3,14
TRK,73741,0.72028,0.27460,-0.40711,-0.48996,0.0750,0.0075,0.3460,0.000,0.000,0.000,3,14
TRK,73761,0.72000,0.27685,-0.40826,-0.48813,0.0750,0.0075,0.3460,0.000,0.000,0.000,3,14
TRK,73784,0.71956,0.27984,-0.40943,-0.48610,0.0750,0.0075,0.3460,0.000,0.000,0.000,3,14
TRK,73804,0.71928,0.28146,-0.40970,-0.48534,0.0750,0.0075,0.3460,0.000,0.000,0.000,3,14
TRK,73823,0.71928,0.28248,-0.40942,-0.48498,0.0750,0.0075,0.3460,0.000,0.000,0.000,3,14
TRK,73841,0.71933,0.28351,-0.40885,-0.48479,0.0750,0.0075,0.3460,0.000,0.000,0.000,3,14
TRK,73863,0.71938,0.28454,-0.40805,-0.48479,0.0750,0.0075,0.3460,0.000,0.000,0.000,3,14
TRK,73882,0.71937,0.28582,-0.40731,-0.48468,0.0750,0.0075,0.3460,0.000,0.000,0.000,3,14
TRK,73902,0.71949,0.28728,-0.40624,-0.48453,0.0750,0.0075,0.3460,0.000,0.000,0.000,3,14
TRK,73923,0.71948,0.28889,-0.40517,-0.48449,0.0750,0.0075,0.3460,0.000,0.000,0.000,3,14
TRK,73942,0.71945,0.28996,-0.40448,-0.48447,0.0750,0.0075,0.3460,0.000,0.000,0.000,3,14
TRK,73964,0.71956,0.29073,-0.40307,-0.48503,0.0750,0.0075,0.3460,0.000,0.000,0.000,3,14
TRK,73983,0.71972,0.29124,-0.40193,-0.48542,0.0750,0.0075,0.3460,0.000,0.000,0.000,3,14
TRK,74003,0.71976,0.29204,-0.40162,-0.48514,0.0750,0.0075,0.3460,0.000,0.000,0.000,3,14
TRK,74023,0.71974,0.29277,-0.40140,-0.48492,0.0750,0.0075,0.3460,0.000,0.000,0.000,3,14
TRK,74043,0.71985,0.29329,-0.40074,-0.48497,0.0750,0.0075,0.3460,0.000,0.000,0.000,3,14
TRK,74062,0.71993,0.29364,-0.40013,-0.48516,0.0750,0.0075,0.3460,0.000,0.000,0.000,3,14
TRK,74082,0.72012,0.29380,-0.39922,-0.48552,0.0750,0.0075,0.3460,0.000,0.000,0.000,3,14
TRK,74102,0.72036,0.29395,-0.39844,-0.48572,0.0750,0.0075,0.3460,0.000,0.000,0.000,3,14
TRK,74122,0.72068,0.29421,-0.39779,-0.48563,0.0750,0.0075,0.3460,0.000,0.000,0.000,3,14
TRK,74142,0.72109,0.29398,-0.39709,-0.48573,0.0750,0.0075,0.3460,0.000,0.000,0.000,1,15
TRK,74164,0.72191,0.29346,-0.39575,-0.48591,0.0755,0.0073,0.3501,0.013,-0.005,0.048,2,15
TRK,74184,0.72278,0.29288,-0.39435,-0.48611,0.0757,0.0072,0.3511,0.011,-0.006,0.052,2,15
TRK,74202,0.72348,0.29227,-0.39300,-0.48653,0.0760,0.0070,0.3521,0.011,-0.008,0.050,2,15
TRK,74222,0.72406,0.29239,-0.39199,-0.48640,0.0761,0.0069,0.3531,0.007,-0.006,0.053,2,15
TRK,74242,0.72465,0.29252,-0.39067,-0.48651,0.0763,0.0067,0.3541,0.010,-0.010,0.047,2,15
TRK,74264,0.72542,0.29223,-0.38887,-0.48698,0.0765,0.0065,0.3551,0.010,-0.009,0.047,2,15
TRK,74283,0.72581,0.29187,-0.38762,-0.48760,0.0767,0.0063,0.3559,0.006,-0.011,0.043,2,15
TRK,74302,0.72598,0.29159,-0.38633,-0.48855,0.0768,0.0061,0.3567,0.005,-0.013,0.034,2,15
TRK,74322,0.72604,0.29169,-0.38473,-0.48966,0.0769,0.0058,0.3573,0.005,-0.015,0.029,2,15
TRK,74344,0.72617,0.29190,-0.38285,-0.49081,0.0770,0.0055,0.3579,0.005,-0.017,0.023,2,15
TRK,74363,0.72619,0.29207,-0.38123,-0.49194,0.0771,0.0051,0.3583,0.007,-0.019,0.017,2,15
TRK,74382,0.72623,0.29233,-0.37999,-0.49269,0.0773,0.0048,0.3585,0.010,-0.020,0.012,2,15
TRK,74404,0.72630,0.29295,-0.37830,-0.49352,0.0775,0.0043,0.3587,0.013,-0.024,0.003,2,15
TRK,74422,0.72628,0.29368,-0.37664,-0.49438,0.0778,0.0038,0.3586,0.016,-0.027,-0.005,2,15
TRK,74441,0.72621,0.29446,-0.37462,-0.49555,0.0781,0.0033,0.3585,0.020,-0.028,-0.007,2,15
TRK,74464,0.72614,0.29530,-0.37276,-0.49655,0.0786,0.0027,0.3584,0.024,-0.029,-0.006,2,15
TRK,74483,0.72621,0.29612,-0.37098,-0.49730,0.0791,0.0021,0.3583,0.026,-0.029,-0.006,2,15
TRK,74502,0.72617,0.29749,-0.36964,-0.49753,0.0797,0.0015,0.3581,0.028,-0.031,-0.007,2,15
TRK,74522,0.72603,0.29945,-0.36794,-0.49783,0.0802,0.0009,0.3580,0.028,-0.033,-0.009,2,15
TRK,74546,0.72577,0.30133,-0.36614,-0.49840,0.0809,0.0000,0.3577,0.029,-0.036,-0.011,2,15
TRK,74564,0.72553,0.30305,-0.36464,-0.49881,0.0814,-0.0006,0.3575,0.028,-0.038,-0.012,2,15
STAT,404.4,400.9,0,0,0,0.1426,13.931,0.1371,0.0613,0.0111,9.7984,3.80,0.000
TRK,74584,0.72518,0.30508,-0.36294,-0.49932,0.0820,-0.0014,0.3573,0.030,-0.039,-0.010,2,15
TRK,74604,0.72501,0.30712,-0.36128,-0.49952,0.0826,-0.0021,0.3571,0.030,-0.039,-0.006,2,15
TRK,74622,0.72481,0.30935,-0.35967,-0.49959,0.0830,-0.0028,0.3571,0.026,-0.038,-0.004,2,15
TRK,74644,0.72444,0.31152,-0.35812,-0.49990,0.0836,-0.0036,0.3570,0.022,-0.037,0.000,2,15
TRK,74662,0.72410,0.31335,-0.35660,-0.50033,0.0840,-0.0043,0.3570,0.023,-0.036,0.005,2,15
TRK,74684,0.72384,0.31486,-0.35500,-0.50089,0.0845,-0.0051,0.3571,0.024,-0.037,0.005,2,15
TRK,74703,0.72348,0.31665,-0.35334,-0.50146,0.0849,-0.0058,0.3572,0.023,-0.038,0.006,2,15
TRK,74723,0.72302,0.31853,-0.35187,-0.50197,0.0854,-0.0066,0.3574,0.025,-0.039,0.010,2,15
TRK,74743,0.72272,0.32057,-0.35064,-0.50195,0.0859,-0.0074,0.3577,0.028,-0.040,0.015,2,15
TRK,74761,0.72249,0.32240,-0.34964,-0.50182,0.0865,-0.0081,0.3580,0.028,-0.041,0.015,2,15
TRK,74781,0.72219,0.32441,-0.34817,-0.50198,0.0870,-0.0090,0.3582,0.029,-0.044,0.012,2,15
TRK,74803,0.72185,0.32685,-0.34620,-0.50225,0.0877,-0.0100,0.3585,0.032,-0.045,0.011,2,15
TRK,74823,0.72162,0.32885,-0.34426,-0.50260,0.0883,-0.0109,0.3587,0.031,-0.044,0.015,2,15
TRK,74842,0.72157,0.33025,-0.34223,-0.50315,0.0889,-0.0116,0.3590,0.029,-0.042,0.021,2,15
TRK,74861,0.72156,0.33128,-0.34061,-0.50358,0.0894,-0.0124,0.3595,0.027,-0.039,0.032,2,15
TRK,74884,0.72142,0.33287,-0.33912,-0.50374,0.0900,-0.0133,0.3604,0.023,-0.037,0.041,2,15
TRK,74903,0.72128,0.33406,-0.33827,-0.50372,0.0904,-0.0140,0.3612,0.021,-0.035,0.045,2,15
TRK,74921,0.72114,0.33512,-0.33734,-0.50384,0.0907,-0.0146,0.3620,0.016,-0.037,0.046,2,15
TRK,74943,0.72082,0.33625,-0.33566,-0.50466,0.0911,-0.0154,0.3630,0.014,-0.037,0.048,2,15
TRK,74964,0.72036,0.33747,-0.33410,-0.50554,0.0914,-0.0163,0.3642,0.013,-0.037,0.053,2,15
TRK,74984,0.72006,0.33827,-0.33276,-0.50632,0.0916,-0.0170,0.3652,0.013,-0.036,0.056,2,15
TRK,75004,0.71986,0.33869,-0.33113,-0.50739,0.0919,-0.0177,0.3664,0.013,-0.037,0.057,2,15
TRK,75022,0.71960,0.33923,-0.32968,-0.50835,0.0921,-0.0184,0.3673,0.015,-0.039,0.056,2,15
TRK,75042,0.71924,0.33993,-0.32789,-0.50954,0.0925,-0.0191,0.3684,0.018,-0.041,0.054,2,15
TRK,75062,0.71882,0.34090,-0.32595,-0.51072,0.0929,-0.0200,0.3695,0.024,-0.042,0.052,2,15
TRK,75082,0.71853,0.34224,-0.32398,-0.51148,0.0934,-0.0208,0.3705,0.027,-0.042,0.050,2,15
TRK,75102,0.71836,0.34346,-0.32174,-0.51233,0.0940,-0.0217,0.3716,0.027,-0.042,0.049,2,15
TRK,75122,0.71801,0.34472,-0.31965,-0.51328,0.0945,-0.0225,0.3726,0.025,-0.042,0.050,2,15
TRK,75142,0.71768,0.34574,-0.31760,-0.51432,0.0950,-0.0234,0.3735,0.024,-0.042,0.050,2,15
TRK,75161,0.71737,0.34671,-0.31549,-0.51541,0.0954,-0.0241,0.3744,0.026,-0.042,0.049,2,15
TRK,75184,0.71723,0.34763,-0.31311,-0.51643,0.0961,-0.0251,0.3756,0.028,-0.040,0.051,2,15
TRK,75203,0.71720,0.34825,-0.31134,-0.51712,0.0966,-0.0258,0.3765,0.028,-0.040,0.052,2,15
TRK,75221,0.71706,0.34900,-0.30929,-0.51804,0.0971,-0.0266,0.3775,0.031,-0.041,0.053,2,15
TRK,75243,0.71694,0.35009,-0.30734,-0.51863,0.0978,-0.0274,0.3786,0.036,-0.042,0.057,2,15
TRK,75262,0.71691,0.35140,-0.30557,-0.51883,0.0986,-0.0283,0.3798,0.041,-0.043,0.058,2,15
TRK,75284,0.71702,0.35267,-0.30306,-0.51928,0.0995,-0.0293,0.3810,0.042,-0.045,0.056,2,15
TRK,75304,0.71703,0.35377,-0.30086,-0.51981,0.1004,-0.0301,0.3822,0.044,-0.045,0.058,2,15
TRK,75322,0.71715,0.35462,-0.29897,-0.52016,0.1011,-0.0309,0.3832,0.044,-0.045,0.059,2,15
TRK,75342,0.71723,0.35567,-0.29678,-0.52058,0.1021,-0.0319,0.3845,0.043,-0.045,0.061,2,15
TRK,75362,0.71729,0.35677,-0.29456,-0.52100,0.1030,-0.0328,0.3857,0.042,-0.047,0.060,2,15
TRK,75381,0.71752,0.35742,-0.29209,-0.52164,0.1037,-0.0336,0.3868,0.042,-0.047,0.061,2,15
TRK,75401,0.71769,0.35806,-0.28959,-0.52235,0.1045,-0.0346,0.3880,0.040,-0.047,0.061,2,15
TRK,75421,0.71790,0.35860,-0.28705,-0.52309,0.1054,-0.0356,0.3893,0.040,-0.047,0.064,2,15
TRK,75441,0.71834,0.35892,-0.28457,-0.52363,0.1062,-0.0365,0.3906,0.043,-0.047,0.066,2,15
TRK,75461,0.71909,0.35859,-0.28207,-0.52417,0.1071,-0.0375,0.3920,0.045,-0.048,0.068,2,15
TRK,75483,0.71999,0.35797,-0.27873,-0.52514,0.1081,-0.0386,0.3934,0.045,-0.050,0.061,2,15
TRK,75502,0.72121,0.35619,-0.27489,-0.52671,0.1089,-0.0394,0.3944,0.052,-0.051,0.054,2,15
TRK,75522,0.72248,0.35496,-0.27065,-0.52800,0.1100,-0.0405,0.3955,0.056,-0.052,0.057,2,15
TRK,75544,0.72380,0.35470,-0.26647,-0.52848,0.1113,-0.0417,0.3968,0.062,-0.054,0.060,2,15
TRK,75564,0.72555,0.35332,-0.26208,-0.52921,0.1125,-0.0427,0.3980,0.060,-0.054,0.061,2,15
STAT,404.4,400.9,0,0,0,0.4812,26.417,0.1371,0.0613,0.0111,9.7984,3.80,0.000
TRK,75582,0.72630,0.35332,-0.25867,-0.52986,0.1136,-0.0438,0.3993,0.052,-0.054,0.069,2,15
TRK,75604,0.72645,0.35439,-0.25567,-0.53039,0.1146,-0.0448,0.4007,0.047,-0.051,0.071,2,15
TRK,75623,0.72706,0.35409,-0.25235,-0.53134,0.1155,-0.0458,0.4021,0.045,-0.050,0.074,2,15
TRK,75643,0.72826,0.35263,-0.24875,-0.53237,0.1164,-0.0468,0.4036,0.042,-0.050,0.079,2,15
TRK,75661,0.72878,0.35225,-0.24605,-0.53315,0.1172,-0.0478,0.4052,0.037,-0.050,0.081,2,15
TRK,75681,0.72877,0.35287,-0.24326,-0.53404,0.1179,-0.0488,0.4068,0.036,-0.050,0.082,2,15
TRK,75703,0.72894,0.35279,-0.23984,-0.53541,0.1187,-0.0499,0.4087,0.034,-0.050,0.087,2,15
TRK,75723,0.72950,0.35151,-0.23626,-0.53707,0.1193,-0.0509,0.4104,0.036,-0.050,0.088,2,15
TRK,75742,0.73048,0.34967,-0.23244,-0.53862,0.1200,-0.0517,0.4119,0.041,-0.047,0.086,2,15
TRK,75764,0.73267,0.34620,-0.22635,-0.54047,0.1210,-0.0528,0.4139,0.043,-0.048,0.095,2,15
TRK,75782,0.73377,0.34421,-0.22255,-0.54182,0.1217,-0.0536,0.4157,0.039,-0.049,0.107,2,15
TRK,75801,0.73327,0.34528,-0.22101,-0.54244,0.1224,-0.0546,0.4179,0.036,-0.049,0.116,2,15
TRK,75821,0.73234,0.34735,-0.22017,-0.54273,0.1231,-0.0555,0.4203,0.037,-0.046,0.125,2,15
TRK,75843,0.73093,0.35066,-0.22148,-0.54196,0.1239,-0.0565,0.4233,0.033,-0.044,0.136,2,15
TRK,75863,0.73045,0.35114,-0.22017,-0.54283,0.1245,-0.0574,0.4260,0.026,-0.044,0.145,2,15
TRK,75884,0.72967,0.35217,-0.21971,-0.54341,0.1250,-0.0584,0.4293,0.022,-0.043,0.150,2,15
TRK,75904,0.72859,0.35354,-0.21953,-0.54404,0.1254,-0.0592,0.4323,0.020,-0.041,0.155,2,15
TRK,75924,0.72772,0.35463,-0.21902,-0.54469,0.1258,-0.0600,0.4354,0.021,-0.040,0.160,2,15
TRK,75944,0.72702,0.35530,-0.21862,-0.54534,0.1263,-0.0608,0.4387,0.023,-0.040,0.173,2,15
TRK,75964,0.72651,0.35607,-0.21884,-0.54544,0.1268,-0.0616,0.4422,0.029,-0.040,0.175,2,15
TRK,75984,0.72620,0.35666,-0.21866,-0.54554,0.1274,-0.0624,0.4456,0.031,-0.039,0.176,2,15
TRK,76002,0.72580,0.35771,-0.21868,-0.54538,0.1280,-0.0631,0.4487,0.035,-0.039,0.181,2,15
TRK,76024,0.72583,0.35844,-0.21842,-0.54497,0.1288,-0.0639,0.4528,0.041,-0.040,0.185,2,15
TRK,76043,0.72583,0.35913,-0.21836,-0.54453,0.1296,-0.0647,0.4565,0.042,-0.041,0.188,2,15
TRK,76061,0.72582,0.35946,-0.21836,-0.54433,0.1304,-0.0655,0.4597,0.043,-0.042,0.189,2,15
TRK,76081,0.72595,0.35933,-0.21835,-0.54425,0.1312,-0.0663,0.4635,0.041,-0.043,0.193,2,15
TRK,76101,0.72584,0.35947,-0.21903,-0.54403,0.0884,-0.0223,0.2588,0.000,0.000,0.000,1,16
TRK,76121,0.72594,0.35936,-0.22022,-0.54348,0.0898,-0.0225,0.2608,0.010,-0.005,0.038,2,16
TRK,76144,0.72210,0.36179,-0.22940,-0.54319,0.0897,-0.0228,0.2623,-0.026,-0.026,0.103,2,16
TRK,76163,0.71730,0.36578,-0.24618,-0.53952,0.0897,-0.0230,0.2639,0.023,0.000,0.030,2,16
TRK,76182,0.71672,0.36048,-0.24986,-0.54216,0.0897,-0.0232,0.2646,-0.010,-0.018,0.047,2,16
TRK,76202,0.71467,0.36046,-0.24874,-0.54539,0.0899,-0.0234,0.2650,0.017,-0.010,0.020,2,16
TRK,76224,0.71414,0.36196,-0.24986,-0.54457,0.0903,-0.0236,0.2658,0.016,-0.006,0.038,2,16
TRK,76242,0.71382,0.36400,-0.25196,-0.54266,0.0906,-0.0236,0.2666,0.020,-0.003,0.042,2,16
TRK,76264,0.71396,0.36612,-0.25389,-0.54015,0.0911,-0.0237,0.2674,0.024,-0.002,0.044,2,16
TRK,76282,0.71465,0.36792,-0.25569,-0.53715,0.0915,-0.0237,0.2683,0.021,-0.004,0.052,2,16
TRK,76304,0.71512,0.36941,-0.25902,-0.53390,0.0921,-0.0238,0.2695,0.030,-0.004,0.051,2,16
TRK,76324,0.71611,0.37084,-0.26175,-0.53024,0.0927,-0.0239,0.2706,0.034,-0.003,0.058,2,16
TRK,76344,0.71361,0.38222,-0.26607,-0.52333,0.0935,-0.0240,0.2715,0.056,0.005,0.030,2,16
TRK,76363,0.71495,0.38945,-0.26300,-0.51770,0.0944,-0.0239,0.2720,0.049,-0.003,0.030,2,16
TRK,76382,0.71639,0.39474,-0.26043,-0.51297,0.0956,-0.0240,0.2727,0.070,-0.004,0.047,2,16
TRK,76402,0.71804,0.40306,-0.26031,-0.50419,0.0971,-0.0240,0.2737,0.081,-0.001,0.040,2,16
TRK,76422,0.72060,0.40964,-0.25787,-0.49643,0.0986,-0.0241,0.2745,0.063,-0.007,0.048,2,16
TRK,76443,0.71853,0.42028,-0.25886,-0.48997,0.0997,-0.0244,0.2754,0.055,-0.013,0.027,2,16
TRK,76464,0.71784,0.42761,-0.25533,-0.48648,0.1008,-0.0246,0.2761,0.052,-0.010,0.046,2,16
TRK,76484,0.71929,0.43269,-0.25456,-0.48020,0.1019,-0.0247,0.2773,0.052,-0.007,0.070,2,16
TRK,76502,0.71857,0.43744,-0.25609,-0.47615,0.1029,-0.0249,0.2785,0.051,-0.014,0.041,2,16
TRK,76523,0.71954,0.43743,-0.25090,-0.47746,0.1040,-0.0252,0.2790,0.051,-0.016,0.029,2,16
TRK,76544,0.72012,0.43511,-0.24460,-0.48195,0.1050,-0.0255,0.2795,0.051,-0.015,0.007,2,16
TRK,76563,0.71852,0.43758,-0.24226,-0.48328,0.1057,-0.0259,0.2801,0.023,-0.023,0.069,2,16
STAT,404.8,400.8,0,0,0,2.8728,48.918,0.1371,0.0613,0.0111,9.8132,2.10,0.207
TRK,76585,0.71778,0.43941,-0.24281,-0.48244,0.1066,-0.0261,0.2811,0.066,-0.001,0.012,2,16
TRK,76601,0.71868,0.43855,-0.24115,-0.48272,0.1073,-0.0264,0.2821,0.021,-0.023,0.095,2,16
TRK,76623,0.71442,0.44235,-0.24760,-0.48232,0.1080,-0.0269,0.2837,0.041,-0.021,0.064,2,16
TRK,76643,0.71307,0.44116,-0.24939,-0.48447,0.1088,-0.0274,0.2849,0.033,-0.029,0.068,2,16
TRK,76663,0.71073,0.44186,-0.25446,-0.48464,0.1096,-0.0279,0.2863,0.054,-0.020,0.065,2,16
TRK,76682,0.71108,0.44175,-0.25463,-0.48414,0.1105,-0.0283,0.2874,0.047,-0.021,0.067,2,16
TRK,76704,0.70995,0.44351,-0.25606,-0.48343,0.1115,-0.0287,0.2890,0.047,-0.019,0.071,2,16
TRK,76723,0.70887,0.44577,-0.25750,-0.48217,0.1124,-0.0290,0.2904,0.047,-0.018,0.073,2,16
TRK,76741,0.70810,0.44760,-0.25878,-0.48092,0.1133,-0.0294,0.2917,0.048,-0.019,0.070,2,16
TRK,76763,0.70873,0.44679,-0.25848,-0.48091,0.1144,-0.0298,0.2932,0.050,-0.018,0.068,2,16
TRK,76784,0.70935,0.44528,-0.25862,-0.48132,0.1155,-0.0302,0.2947,0.049,-0.019,0.071,2,16
TRK,76803,0.70943,0.44392,-0.25934,-0.48207,0.1164,-0.0305,0.2959,0.055,-0.015,0.069,2,16
TRK,76821,0.70950,0.44249,-0.25958,-0.48314,0.1174,-0.0308,0.2973,0.049,-0.016,0.069,2,16
TRK,76842,0.70957,0.43983,-0.26119,-0.48461,0.1183,-0.0311,0.2987,0.056,-0.014,0.077,2,16
TRK,76862,0.71520,0.43949,-0.25902,-0.47776,0.1198,-0.0311,0.3002,0.077,0.001,0.072,2,16
TRK,76882,0.72445,0.43457,-0.25213,-0.47197,0.1214,-0.0310,0.3016,0.067,0.002,0.067,2,16
TRK,76902,0.72516,0.43395,-0.25304,-0.47096,0.1224,-0.0311,0.3031,0.063,-0.003,0.082,2,16
TRK,76924,0.73345,0.43149,-0.24862,-0.46267,0.1242,-0.0310,0.3049,0.063,-0.015,0.076,2,16
TRK,76944,0.73309,0.43111,-0.25047,-0.46259,0.1253,-0.0316,0.3065,0.054,-0.028,0.088,2,16
TRK,76964,0.73400,0.42942,-0.24973,-0.46311,0.1265,-0.0320,0.3081,0.061,-0.019,0.083,2,16
TRK,76984,0.73515,0.42674,-0.25083,-0.46317,0.1279,-0.0322,0.3102,0.071,-0.003,0.103,2,16
TRK,77003,0.74003,0.41853,-0.25224,-0.46213,0.1291,-0.0324,0.3122,0.054,-0.024,0.122,2,16
TRK,77023,0.73841,0.41298,-0.25941,-0.46573,0.1298,-0.0330,0.3146,0.029,-0.029,0.120,2,16
TRK,77041,0.73777,0.40785,-0.26105,-0.47033,0.1304,-0.0336,0.3169,0.025,-0.029,0.122,2,16
TRK,77063,0.73595,0.40254,-0.26627,-0.47481,0.1308,-0.0343,0.3200,0.015,-0.032,0.154,2,16
TRK,77082,0.73306,0.40164,-0.27320,-0.47609,0.1312,-0.0348,0.3227,0.028,-0.031,0.154,2,16
TRK,77102,0.73228,0.39820,-0.27878,-0.47695,0.1320,-0.0353,0.3256,0.058,-0.022,0.134,2,16
TRK,77122,0.73356,0.39031,-0.28538,-0.47760,0.1330,-0.0358,0.3286,0.034,-0.025,0.177,2,16
TRK,77144,0.72797,0.39642,-0.30312,-0.47013,0.1339,-0.0363,0.3322,0.068,-0.023,0.120,2,16
TRK,77164,0.73075,0.39078,-0.30152,-0.47157,0.1353,-0.0368,0.3343,0.069,-0.024,0.111,2,16
TRK,77182,0.73118,0.39008,-0.30305,-0.47050,0.1367,-0.0373,0.3367,0.071,-0.026,0.123,2,16
TRK,77204,0.73198,0.38863,-0.30693,-0.46793,0.1383,-0.0378,0.3391,0.091,-0.023,0.120,2,16
TRK,77223,0.73669,0.37995,-0.30764,-0.46721,0.1402,-0.0382,0.3414,0.092,-0.025,0.119,2,16
TRK,77244,0.74077,0.37309,-0.30843,-0.46576,0.1423,-0.0388,0.3441,0.102,-0.027,0.129,2,16
TRK,77261,0.74420,0.36796,-0.30867,-0.46422,0.1439,-0.0393,0.3465,0.088,-0.025,0.146,2,16
TRK,77283,0.74820,0.36258,-0.31095,-0.46049,0.1456,-0.0397,0.3496,0.084,-0.023,0.169,2,16
TRK,77302,0.75019,0.36062,-0.31626,-0.45514,0.1475,-0.0402,0.3530,0.106,-0.014,0.170,2,16
TRK,77324,0.75464,0.35431,-0.32253,-0.44829,0.1499,-0.0405,0.3565,0.111,-0.018,0.137,2,16
TRK,77343,0.75865,0.34978,-0.32451,-0.44362,0.1519,-0.0409,0.3594,0.108,-0.024,0.147,2,16
TRK,77362,0.76244,0.34822,-0.32165,-0.44042,0.1538,-0.0414,0.3617,0.106,-0.031,0.131,2,16
TRK,77381,0.76863,0.34111,-0.31617,-0.43919,0.1556,-0.0420,0.3648,0.066,-0.025,0.190,2,16
TRK,77404,0.77282,0.33220,-0.31781,-0.43749,0.1568,-0.0425,0.3693,0.052,-0.024,0.203,2,16
TRK,77423,0.77753,0.32216,-0.31795,-0.43655,0.1578,-0.0430,0.3734,0.060,-0.021,0.214,2,16
TRK,77444,0.78140,0.31575,-0.32022,-0.43264,0.1593,-0.0435,0.3782,0.070,-0.034,0.203,2,16
TRK,77463,0.78535,0.30388,-0.32199,-0.43267,0.1605,-0.0442,0.3817,0.064,-0.037,0.205,2,16
TRK,77484,0.78831,0.29242,-0.32858,-0.43022,0.1618,-0.0449,0.3864,0.048,-0.038,0.212,2,16
TRK,77503,0.78884,0.28635,-0.33574,-0.42780,0.1626,-0.0456,0.3897,0.048,-0.044,0.167,2,16
TRK,77522,0.78504,0.29017,-0.34217,-0.42712,0.1633,-0.0468,0.3928,0.017,-0.090,0.147,2,16
TRK,77542,0.78327,0.28778,-0.34220,-0.43194,0.1642,-0.0482,0.3951,0.069,-0.039,0.097,2,16
TRK,77562,0.78304,0.29720,-0.34181,-0.42625,0.1655,-0.0491,0.3968,0.054,-0.067,0.077,2,16
TRK,77582,0.77959,0.30742,-0.33900,-0.42758,0.1667,-0.0506,0.3981,0.078,-0.072,0.049,2,16
STAT,404.8,400.8,0,0,0,2.8612,63.333,0.1371,0.0613,0.0111,9.8132,2.10,0.207
TRK,77604,0.78092,0.32098,-0.32235,-0.42805,0.1693,-0.0518,0.3989,0.119,-0.044,0.062,2,16
TRK,77622,0.78119,0.32978,-0.31690,-0.42493,0.1711,-0.0528,0.4011,0.072,-0.054,0.150,2,16
TRK,77644,0.77907,0.33337,-0.32453,-0.42023,0.1727,-0.0538,0.4040,0.101,-0.046,0.133,2,16
TRK,77662,0.78193,0.32874,-0.32167,-0.42076,0.1748,-0.0548,0.4065,0.096,-0.049,0.130,2,16
TRK,77683,0.78263,0.32677,-0.32147,-0.42115,0.1764,-0.0556,0.4094,0.074,-0.030,0.164,2,16
TRK,77704,0.78252,0.32849,-0.32658,-0.41605,0.1778,-0.0562,0.4136,0.062,-0.028,0.203,2,16
TRK,77724,0.78744,0.31381,-0.33099,-0.41461,0.1789,-0.0569,0.4175,0.042,-0.051,0.176,2,16
TRK,77743,0.78643,0.31401,-0.33029,-0.41694,0.1801,-0.0578,0.4199,0.114,-0.032,0.107,2,16
TRK,77762,0.79384,0.30652,-0.31725,-0.41859,0.1820,-0.0583,0.4223,0.062,-0.031,0.161,2,16
TRK,77782,0.79039,0.31664,-0.32523,-0.41140,0.1831,-0.0588,0.4260,0.071,-0.017,0.183,2,16
TRK,77802,0.79158,0.32715,-0.32538,-0.40063,0.1852,-0.0591,0.4289,0.128,-0.010,0.111,2,16
TRK,77824,0.79839,0.32962,-0.31266,-0.39519,0.1880,-0.0594,0.4316,0.114,-0.016,0.148,2,16
TRK,77844,0.79883,0.33566,-0.31402,-0.38806,0.1903,-0.0598,0.4347,0.123,-0.016,0.148,2,16
TRK,77864,0.80445,0.33168,-0.30750,-0.38510,0.1929,-0.0600,0.4370,0.135,-0.016,0.100,2,16
TRK,77882,0.80722,0.32892,-0.30181,-0.38616,0.1953,-0.0605,0.4392,0.119,-0.034,0.115,2,16
TRK,77903,0.80927,0.32474,-0.29676,-0.38930,0.1977,-0.0612,0.4414,0.116,-0.044,0.109,2,16
TRK,77924,0.81190,0.31105,-0.27954,-0.40734,0.2006,-0.0625,0.4432,0.146,-0.049,0.062,2,16
TRK,77943,0.81938,0.29237,-0.25926,-0.41943,0.2032,-0.0631,0.4444,0.148,-0.028,0.090,2,16
TRK,77961,0.82414,0.27978,-0.24734,-0.42585,0.2060,-0.0637,0.4467,0.138,-0.043,0.138,2,16
TRK,77983,0.82222,0.27543,-0.24756,-0.43220,0.2087,-0.0648,0.4496,0.136,-0.039,0.127,2,16
TRK,78002,0.82691,0.26700,-0.23928,-0.43322,0.2114,-0.0656,0.4516,0.135,-0.055,0.088,2,16
TRK,78022,0.83186,0.25294,-0.22446,-0.44006,0.2143,-0.0666,0.4528,0.153,-0.053,0.037,2,16
TRK,78043,0.83822,0.23305,-0.20098,-0.45020,0.2177,-0.0679,0.4534,0.154,-0.059,0.013,2,16
TRK,78062,0.84302,0.21457,-0.17568,-0.46088,0.2203,-0.0690,0.4539,0.143,-0.063,0.056,2,16
TRK,78084,0.84411,0.20677,-0.16310,-0.46704,0.2233,-0.0704,0.4557,0.129,-0.059,0.094,2,16
TRK,78104,0.84457,0.20591,-0.15349,-0.46984,0.2259,-0.0715,0.4572,0.139,-0.057,0.062,2,16
TRK,78123,0.84539,0.20617,-0.14137,-0.47205,0.2287,-0.0726,0.4582,0.143,-0.055,0.042,2,16
TRK,78141,0.84659,0.20278,-0.12626,-0.47564,0.2312,-0.0735,0.4590,0.143,-0.053,0.055,2,16
TRK,78163,0.84702,0.20259,-0.11372,-0.47810,0.2345,-0.0747,0.4602,0.153,-0.054,0.045,2,16
TRK,78181,0.84680,0.20144,-0.10140,-0.48173,0.2375,-0.0757,0.4612,0.154,-0.045,0.056,2,16
TRK,78203,0.84705,0.19946,-0.09312,-0.48378,0.2405,-0.0766,0.4625,0.151,-0.046,0.072,2,16
TRK,78221,0.84863,0.19204,-0.08179,-0.48606,0.2436,-0.0775,0.4637,0.153,-0.041,0.044,2,16
TRK,78242,0.84918,0.18786,-0.06683,-0.48901,0.2466,-0.0783,0.4643,0.150,-0.042,0.019,2,16
TRK,78262,0.84972,0.18110,-0.05039,-0.49258,0.2495,-0.0791,0.4647,0.145,-0.041,0.036,2,16
TRK,78282,0.85115,0.17245,-0.03506,-0.49455,0.2524,-0.0800,0.4656,0.151,-0.042,0.045,2,16
TRK,78304,0.85171,0.17077,-0.01675,-0.49513,0.2558,-0.0809,0.4666,0.160,-0.045,0.049,2,16
TRK,78324,0.84307,0.19187,-0.01066,-0.50230,0.2592,-0.0819,0.4672,0.167,-0.032,-0.014,2,16
TRK,78344,0.83990,0.19663,0.00901,-0.50578,0.2621,-0.0827,0.4677,0.135,-0.052,0.070,2,16
TRK,78364,0.83946,0.18732,0.02048,-0.50971,0.2648,-0.0837,0.4692,0.139,-0.050,0.102,2,16
TRK,78384,0.84046,0.17781,0.02187,-0.51140,0.2679,-0.0848,0.4722,0.138,-0.050,0.142,2,16
TRK,78403,0.84054,0.17276,0.02100,-0.51304,0.2703,-0.0857,0.4745,0.136,-0.048,0.129,2,16
TRK,78423,0.84406,0.15625,0.02385,-0.51242,0.2730,-0.0865,0.4768,0.142,-0.037,0.104,2,16
TRK,78441,0.84671,0.13965,0.03129,-0.51245,0.2760,-0.0873,0.4789,0.154,-0.038,0.107,2,16
TRK,78463,0.84756,0.12647,0.03758,-0.51404,0.2794,-0.0882,0.4817,0.152,-0.047,0.148,2,16
TRK,78483,0.84872,0.11733,0.03387,-0.51455,0.2823,-0.0889,0.4843,0.150,-0.030,0.122,2,16
TRK,78503,0.85254,0.09807,0.03155,-0.51240,0.2853,-0.0895,0.4866,0.153,-0.028,0.110,2,16
TRK,78522,0.85650,0.07675,0.02866,-0.50960,0.2880,-0.0900,0.4885,0.152,-0.028,0.108,2,16
TRK,78541,0.86064,0.05331,0.02760,-0.50567,0.2910,-0.0906,0.4906,0.156,-0.034,0.115,2,16
TRK,78564,0.86182,0.04078,0.03086,-0.50463,0.2945,-0.0914,0.4935,0.159,-0.035,0.133,2,16
TRK,78583,0.86251,0.03613,0.03293,-0.50367,0.2977,-0.0921,0.4962,0.160,-0.036,0.138,2,16
STAT,404.0,400.5,0,0,0,0.8611,98.721,0.1371,0.0613,0.0111,9.8132,2.10,0.207
TRK,78603,0.86281,0.03329,0.03406,-0.50328,0.3009,-0.0928,0.4989,0.161,-0.041,0.137,2,16
TRK,78623,0.86294,0.03080,0.03658,-0.50304,0.3041,-0.0937,0.5016,0.163,-0.045,0.137,2,16
TRK,78641,0.86289,0.02975,0.03767,-0.50311,0.3073,-0.0946,0.5044,0.163,-0.046,0.141,2,16
TRK,78661,0.86294,0.03061,0.03671,-0.50303,0.3105,-0.0955,0.5071,0.164,-0.046,0.141,2,16
TRK,78683,0.86299,0.03211,0.03522,-0.50296,0.3138,-0.0964,0.5099,0.165,-0.047,0.143,2,16
TRK,78702,0.86311,0.03409,0.03322,-0.50276,0.3171,-0.0973,0.5128,0.166,-0.046,0.141,2,16
TRK,78723,0.86321,0.03528,0.03211,-0.50258,0.3208,-0.0984,0.5159,0.168,-0.046,0.137,2,16
TRK,78742,0.86318,0.03530,0.03232,-0.50263,0.3237,-0.0992,0.5182,0.170,-0.046,0.136,2,16
TRK,78764,0.86292,0.03526,0.03296,-0.50302,0.3275,-0.1002,0.5213,0.172,-0.046,0.137,2,16
TRK,78784,0.86236,0.03823,0.03274,-0.50378,0.3310,-0.1011,0.5240,0.173,-0.045,0.145,2,16
TRK,78802,0.86169,0.04395,0.03112,-0.50457,0.3344,-0.1020,0.5269,0.175,-0.046,0.143,2,16
TRK,78822,0.86122,0.04824,0.02949,-0.50508,0.3379,-0.1029,0.5297,0.177,-0.047,0.138,2,16
TRK,78844,0.86098,0.05166,0.02853,-0.50520,0.3418,-0.1040,0.5328,0.178,-0.045,0.138,2,16
TRK,78864,0.86063,0.05500,0.02763,-0.50550,0.3454,-0.1049,0.5355,0.180,-0.046,0.135,2,16
TRK,78883,0.86030,0.05618,0.02790,-0.50591,0.3485,-0.1056,0.5378,0.183,-0.046,0.131,2,16
TRK,78902,0.86013,0.05701,0.02844,-0.50608,0.3521,-0.1065,0.5404,0.185,-0.045,0.134,2,16
TRK,78922,0.86014,0.05859,0.02841,-0.50589,0.3558,-0.1074,0.5430,0.187,-0.046,0.131,2,16
TRK,78942,0.86018,0.05979,0.02796,-0.50571,0.3595,-0.1083,0.5456,0.189,-0.047,0.131,2,16
TRK,78964,0.86014,0.06090,0.02755,-0.50565,0.3638,-0.1094,0.5485,0.191,-0.048,0.129,2,16
TRK,78982,0.86020,0.06086,0.02805,-0.50554,0.3652,-0.1098,0.5495,0.000,0.000,0.000,3,16
TRK,79001,0.86030,0.06027,0.02877,-0.50540,0.3652,-0.1098,0.5495,0.000,0.000,0.000,3,16
TRK,79024,0.86050,0.05977,0.02964,-0.50506,0.3652,-0.1098,0.5495,0.000,0.000,0.000,3,16
TRK,79042,0.86085,0.05988,0.02981,-0.50444,0.3652,-0.1098,0.5495,0.000,0.000,0.000,3,16
TRK,79063,0.86094,0.05937,0.03026,-0.50433,0.3652,-0.1098,0.5495,0.000,0.000,0.000,3,16
TRK,79083,0.86103,0.05881,0.03091,-0.50420,0.3652,-0.1098,0.5495,0.000,0.000,0.000,3,16
TRK,79103,0.86107,0.05828,0.03141,-0.50415,0.3652,-0.1098,0.5495,0.000,0.000,0.000,1,17
TRK,79121,0.86110,0.05831,0.03092,-0.50413,0.3652,-0.1098,0.5495,0.000,0.000,0.000,1,17
TRK,79141,0.86113,0.05848,0.03032,-0.50410,0.3652,-0.1098,0.5495,0.000,0.000,0.000,1,17
TRK,79161,0.86115,0.05884,0.02974,-0.50406,0.3652,-0.1098,0.5495,0.000,0.000,0.000,1,17
TRK,79181,0.86115,0.05990,0.02894,-0.50397,0.3652,-0.1098,0.5495,0.000,0.000,0.000,1,17
TRK,79201,0.86116,0.05999,0.02873,-0.50396,0.3652,-0.1098,0.5495,0.000,0.000,0.000,1,17
TRK,79221,0.86116,0.05957,0.02903,-0.50400,0.3652,-0.1098,0.5495,0.000,0.000,0.000,1,17
TRK,79244,0.86116,0.05966,0.02902,-0.50399,0.3652,-0.1098,0.5495,0.000,0.000,0.000,1,17
TRK,79263,0.86117,0.06013,0.02841,-0.50394,0.3652,-0.1098,0.5495,0.000,0.000,0.000,1,17
TRK,79281,0.86118,0.06010,0.02840,-0.50394,0.3652,-0.1098,0.5495,0.000,0.000,0.000,1,17
TRK,79303,0.86118,0.05999,0.02845,-0.50395,0.3652,-0.1098,0.5495,0.000,0.000,0.000,1,17
TRK,79324,0.86118,0.06057,0.02790,-0.50390,0.3652,-0.1098,0.5495,0.000,0.000,0.000,1,17
TRK,79343,0.86119,0.06187,0.02691,-0.50379,0.3652,-0.1098,0.5495,0.000,0.000,0.000,1,17
TRK,79361,0.86094,0.06368,0.02570,-0.50406,0.3654,-0.1100,0.5493,0.002,-0.001,-0.001,2,17
TRK,79384,0.86056,0.06550,0.02472,-0.50451,0.3655,-0.1100,0.5493,0.003,-0.001,-0.003,2,17
TRK,79404,0.86043,0.06581,0.02468,-0.50470,0.3655,-0.1100,0.5492,0.004,-0.001,-0.004,2,17
TRK,79424,0.86036,0.06573,0.02483,-0.50482,0.3656,-0.1100,0.5491,0.004,-0.001,-0.005,2,17
TRK,79444,0.86037,0.06544,0.02502,-0.50484,0.3657,-0.1101,0.5490,0.005,-0.001,-0.005,2,17
TRK,79462,0.86036,0.06522,0.02525,-0.50486,0.3658,-0.1101,0.5489,0.005,-0.001,-0.005,2,17
TRK,79484,0.86037,0.06529,0.02554,-0.50482,0.3659,-0.1101,0.5488,0.005,-0.001,-0.004,2,17
TRK,79503,0.86040,0.06572,0.02575,-0.50472,0.3660,-0.1101,0.5487,0.006,0.000,-0.005,2,17
TRK,79523,0.86053,0.06635,0.02584,-0.50441,0.3661,-0.1101,0.5486,0.007,0.000,-0.005,2,17
TRK,79544,0.86056,0.06739,0.02611,-0.50419,0.3650,-0.1102,0.5493,0.000,0.000,0.000,1,18
TRK,79564,0.86049,0.06855,0.02640,-0.50414,0.3650,-0.1102,0.5493,0.000,0.000,0.000,1,18
TRK,79584,0.86043,0.06906,0.02696,-0.50414,0.3650,-0.1102,0.5493,0.000,0.000,0.000,1,18
STAT,404.0,400.5,0,0,0,0.0636,5.503,0.1371,0.0613,0.0111,9.7964,0.34,0.008
TRK,79604,0.86047,0.06977,0.02796,-0.50393,0.3653,-0.1100,0.5494,0.004,0.004,0.001,2,18
TRK,79624,0.86073,0.07188,0.02958,-0.50310,0.3654,-0.1099,0.5494,0.004,0.004,0.002,2,18
TRK,79644,0.86095,0.07479,0.03148,-0.50217,0.3655,-0.1098,0.5495,0.005,0.005,0.002,2,18
TRK,79664,0.86118,0.07772,0.03371,-0.50119,0.3656,-0.1097,0.5495,0.005,0.006,0.001,2,18
TRK,79682,0.86131,0.08055,0.03696,-0.50029,0.3657,-0.1096,0.5495,0.002,0.003,0.006,2,18
TRK,79702,0.86140,0.08160,0.03671,-0.49998,0.3656,-0.1095,0.5499,-0.001,0.004,0.021,2,18
TRK,79722,0.86193,0.08180,0.03482,-0.49917,0.3656,-0.1094,0.5503,-0.003,0.006,0.020,2,18
TRK,79744,0.86256,0.08088,0.03356,-0.49832,0.3656,-0.1093,0.5507,-0.001,0.007,0.023,2,18
TRK,79763,0.86307,0.08077,0.03202,-0.49755,0.3655,-0.1092,0.5512,-0.003,0.007,0.022,2,18
TRK,79781,0.86368,0.07991,0.03094,-0.49671,0.3655,-0.1091,0.5516,-0.001,0.007,0.026,2,18
TRK,79803,0.86442,0.07796,0.02943,-0.49582,0.3654,-0.1089,0.5522,-0.004,0.005,0.024,2,18
TRK,79821,0.86451,0.07601,0.02842,-0.49603,0.3653,-0.1089,0.5526,-0.005,0.003,0.022,2,18
TRK,79843,0.86438,0.07398,0.02778,-0.49659,0.3652,-0.1088,0.5530,-0.010,0.004,0.015,2,18
TRK,79862,0.86431,0.07221,0.02779,-0.49698,0.3650,-0.1087,0.5533,-0.005,0.006,0.020,2,18
TRK,79882,0.86444,0.06953,0.02762,-0.49714,0.3649,-0.1086,0.5538,-0.005,0.007,0.023,2,18
TRK,79903,0.86449,0.06701,0.02697,-0.49744,0.3648,-0.1084,0.5543,-0.004,0.008,0.029,2,18
TRK,79923,0.86458,0.06452,0.02668,-0.49761,0.3647,-0.1082,0.5550,-0.005,0.010,0.033,2,18
TRK,79943,0.86466,0.06145,0.02669,-0.49788,0.3646,-0.1080,0.5557,-0.004,0.011,0.041,2,18
TRK,79961,0.86470,0.05921,0.02639,-0.49808,0.3646,-0.1078,0.5565,-0.003,0.013,0.049,2,18
TRK,79981,0.86494,0.05651,0.02558,-0.49803,0.3645,-0.1075,0.5574,-0.004,0.014,0.051,2,18
TRK,80001,0.86522,0.05287,0.02538,-0.49795,0.3644,-0.1072,0.5585,-0.007,0.015,0.052,2,18
TRK,80021,0.86544,0.04890,0.02571,-0.49796,0.3642,-0.1069,0.5596,-0.011,0.015,0.053,2,18
TRK,80043,0.86553,0.04465,0.02656,-0.49815,0.3639,-0.1066,0.5606,-0.015,0.014,0.051,2,18
TRK,80062,0.86551,0.04152,0.02737,-0.49842,0.3637,-0.1063,0.5616,-0.014,0.015,0.051,2,18
TRK,80082,0.86555,0.03835,0.02809,-0.49857,0.3634,-0.1060,0.5627,-0.014,0.015,0.057,2,18
TRK,80103,0.86555,0.03502,0.02800,-0.49881,0.3631,-0.1057,0.5641,-0.015,0.015,0.066,2,18
TRK,80122,0.86552,0.03270,0.02750,-0.49904,0.3628,-0.1054,0.5652,-0.017,0.016,0.065,2,18
TRK,80144,0.86556,0.02934,0.02735,-0.49920,0.3624,-0.1050,0.5667,-0.016,0.019,0.067,2,18
TRK,80162,0.86559,0.02649,0.02732,-0.49930,0.3621,-0.1047,0.5679,-0.014,0.020,0.074,2,18
TRK,80184,0.86560,0.02394,0.02604,-0.49949,0.3619,-0.1042,0.5697,-0.012,0.022,0.086,2,18
TRK,80203,0.86566,0.02155,0.02444,-0.49957,0.3616,-0.1038,0.5714,-0.010,0.025,0.087,2,18
TRK,80223,0.86573,0.01859,0.02345,-0.49961,0.3614,-0.1033,0.5731,-0.009,0.026,0.086,2,18
TRK,80241,0.86573,0.01612,0.02251,-0.49974,0.3613,-0.1028,0.5746,-0.009,0.027,0.087,2,18
TRK,80261,0.86563,0.01372,0.02111,-0.50004,0.3611,-0.1022,0.5766,-0.010,0.030,0.092,2,18
TRK,80281,0.86549,0.01202,0.01891,-0.50043,0.3609,-0.1016,0.5785,-0.010,0.032,0.093,2,18
TRK,80304,0.86528,0.01061,0.01651,-0.50091,0.3606,-0.1008,0.5805,-0.013,0.033,0.089,2,18
TRK,80323,0.86494,0.00962,0.01493,-0.50156,0.3604,-0.1002,0.5822,-0.014,0.036,0.086,2,18
TRK,80342,0.86461,0.00845,0.01407,-0.50218,0.3601,-0.0995,0.5837,-0.015,0.037,0.087,2,18
TRK,80364,0.86413,0.00703,0.01238,-0.50307,0.3598,-0.0987,0.5857,-0.013,0.039,0.093,2,18
TRK,80384,0.86383,0.00614,0.00995,-0.50365,0.3595,-0.0979,0.5876,-0.013,0.041,0.095,2,18
TRK,80402,0.86357,0.00552,0.00729,-0.50415,0.3593,-0.0971,0.5895,-0.013,0.043,0.095,2,18
TRK,80421,0.86333,0.00519,0.00473,-0.50459,0.3590,-0.0963,0.5911,-0.016,0.045,0.094,2,18
TRK,80444,0.86279,0.00457,0.00186,-0.50554,0.3586,-0.0952,0.5934,-0.021,0.047,0.093,2,18
TRK,80464,0.86225,0.00341,-0.00013,-0.50648,0.3581,-0.0942,0.5952,-0.024,0.050,0.093,2,18
TRK,80484,0.86169,0.00160,-0.00178,-0.50742,0.3576,-0.0932,0.5971,-0.025,0.051,0.094,2,18
TRK,80503,0.86103,-0.00029,-0.00341,-0.50855,0.3572,-0.0923,0.5987,-0.027,0.052,0.096,2,18
TRK,80522,0.86038,-0.00179,-0.00538,-0.50963,0.3567,-0.0913,0.6007,-0.027,0.053,0.100,2,18
TRK,80542,0.85986,-0.00329,-0.00745,-0.51047,0.3561,-0.0902,0.6027,-0.029,0.054,0.103,2,18
TRK,80564,0.85933,-0.00542,-0.00911,-0.51131,0.3555,-0.0890,0.6050,-0.029,0.053,0.106,2,18
TRK,80584,0.85885,-0.00765,-0.01045,-0.51206,0.3549,-0.0880,0.6071,-0.030,0.051,0.106,2,18
STAT,404.4,400.9,0,0,0,0.1673,16.071,0.1371,0.0613,0.0111,9.7958,0.34,0.008
TRK,80602,0.85828,-0.00972,-0.01156,-0.51296,0.3544,-0.0871,0.6090,-0.031,0.049,0.108,2,18
TRK,80624,0.85769,-0.01149,-0.01269,-0.51388,0.3537,-0.0861,0.6114,-0.031,0.047,0.108,2,18
TRK,80642,0.85727,-0.01354,-0.01357,-0.51452,0.3531,-0.0851,0.6136,-0.029,0.045,0.110,2,18
TRK,80664,0.85695,-0.01543,-0.01457,-0.51497,0.3525,-0.0843,0.6158,-0.029,0.043,0.111,2,18
TRK,80683,0.85671,-0.01709,-0.01570,-0.51528,0.3519,-0.0834,0.6180,-0.029,0.041,0.111,2,18
TRK,80703,0.85635,-0.01891,-0.01652,-0.51578,0.3513,-0.0827,0.6201,-0.031,0.039,0.108,2,18
TRK,80724,0.85598,-0.02090,-0.01708,-0.51630,0.3507,-0.0818,0.6225,-0.029,0.037,0.104,2,18
TRK,80744,0.85562,-0.02254,-0.01717,-0.51683,0.3501,-0.0811,0.6245,-0.027,0.035,0.101,2,18
TRK,80764,0.85530,-0.02435,-0.01731,-0.51728,0.3496,-0.0804,0.6265,-0.024,0.035,0.102,2,18
TRK,80784,0.85504,-0.02605,-0.01773,-0.51760,0.3492,-0.0797,0.6285,-0.022,0.033,0.100,2,18
TRK,80804,0.85477,-0.02768,-0.01804,-0.51795,0.3487,-0.0791,0.6304,-0.020,0.033,0.095,2,18
TRK,80824,0.85461,-0.02948,-0.01805,-0.51812,0.3483,-0.0784,0.6323,-0.020,0.033,0.092,2,18
TRK,80844,0.85440,-0.03126,-0.01793,-0.51836,0.3480,-0.0778,0.6341,-0.017,0.034,0.090,2,18
TRK,80864,0.85425,-0.03318,-0.01792,-0.51849,0.3477,-0.0771,0.6359,-0.014,0.034,0.088,2,18
TRK,80884,0.85410,-0.03500,-0.01796,-0.51862,0.3474,-0.0764,0.6375,-0.010,0.034,0.083,2,18
TRK,80904,0.85401,-0.03660,-0.01809,-0.51864,0.3472,-0.0756,0.6393,-0.008,0.035,0.078,2,18
TRK,80924,0.85392,-0.03784,-0.01838,-0.51871,0.3471,-0.0749,0.6408,-0.006,0.035,0.074,2,18
TRK,80944,0.85381,-0.03925,-0.01882,-0.51877,0.3470,-0.0742,0.6422,-0.004,0.035,0.067,2,18
TRK,80962,0.85376,-0.04042,-0.01905,-0.51875,0.3469,-0.0736,0.6433,-0.003,0.034,0.057,2,18
TRK,80982,0.85374,-0.04151,-0.01908,-0.51870,0.3469,-0.0730,0.6443,-0.003,0.032,0.044,2,18
TRK,81002,0.85366,-0.04246,-0.01887,-0.51875,0.3468,-0.0724,0.6451,-0.003,0.030,0.029,2,18
TRK,81024,0.85363,-0.04285,-0.01895,-0.51877,0.3468,-0.0717,0.6455,-0.000,0.028,0.014,2,18
TRK,81044,0.85369,-0.04258,-0.01931,-0.51868,0.3468,-0.0712,0.6456,0.003,0.026,-0.004,2,18
TRK,81064,0.85378,-0.04194,-0.01945,-0.51858,0.3469,-0.0707,0.6454,0.002,0.023,-0.024,2,18
TRK,81082,0.85383,-0.04128,-0.01929,-0.51856,0.3469,-0.0702,0.6447,0.000,0.022,-0.043,2,18
TRK,81102,0.85381,-0.04026,-0.01916,-0.51867,0.3469,-0.0698,0.6437,-0.001,0.020,-0.060,2,18
TRK,81122,0.85381,-0.04019,-0.01942,-0.51867,0.3476,-0.0859,0.6970,0.000,0.000,0.000,1,19
TRK,81141,0.85382,-0.03984,-0.01941,-0.51868,0.3476,-0.0859,0.6970,0.000,0.000,0.000,1,19
TRK,81164,0.85399,-0.03783,-0.01927,-0.51855,0.3481,-0.0873,0.6846,0.002,-0.014,-0.139,2,19
TRK,81183,0.85416,-0.03615,-0.01913,-0.51839,0.3482,-0.0876,0.6822,0.002,-0.013,-0.146,2,19
TRK,81201,0.85429,-0.03417,-0.01890,-0.51832,0.3482,-0.0878,0.6792,0.004,-0.012,-0.152,2,19
TRK,81223,0.85452,-0.03192,-0.01865,-0.51810,0.3483,-0.0880,0.6762,0.006,-0.009,-0.152,2,19
TRK,81242,0.85473,-0.02951,-0.01873,-0.51789,0.3485,-0.0882,0.6733,0.008,-0.006,-0.145,2,19
TRK,81262,0.85491,-0.02776,-0.01869,-0.51770,0.3486,-0.0883,0.6704,0.011,-0.004,-0.140,2,19
TRK,81282,0.85503,-0.02611,-0.01872,-0.51758,0.3489,-0.0883,0.6677,0.011,-0.002,-0.140,2,19
TRK,81301,0.85517,-0.02435,-0.01832,-0.51745,0.3491,-0.0884,0.6649,0.011,-0.002,-0.137,2,19
TRK,81321,0.85530,-0.02265,-0.01791,-0.51732,0.3493,-0.0884,0.6623,0.012,-0.001,-0.130,2,19
TRK,81344,0.85553,-0.02091,-0.01746,-0.51703,0.3496,-0.0884,0.6595,0.012,-0.000,-0.125,2,19
TRK,81363,0.85575,-0.01933,-0.01708,-0.51675,0.3498,-0.0884,0.6570,0.013,-0.000,-0.122,2,19
TRK,81381,0.85595,-0.01795,-0.01669,-0.51648,0.3501,-0.0884,0.6549,0.013,0.000,-0.121,2,19
TRK,81401,0.85611,-0.01622,-0.01622,-0.51628,0.3503,-0.0884,0.6523,0.011,-0.000,-0.119,2,19
TRK,81423,0.85624,-0.01382,-0.01587,-0.51614,0.3505,-0.0884,0.6499,0.011,0.000,-0.117,2,19
TRK,81442,0.85632,-0.01202,-0.01552,-0.51607,0.3508,-0.0884,0.6476,0.013,0.002,-0.117,2,19
TRK,81462,0.85644,-0.01029,-0.01498,-0.51593,0.3510,-0.0884,0.6453,0.014,0.003,-0.113,2,19
TRK,81482,0.85656,-0.00848,-0.01456,-0.51578,0.3513,-0.0883,0.6431,0.015,0.006,-0.112,2,19
TRK,81502,0.85673,-0.00682,-0.01399,-0.51554,0.3516,-0.0882,0.6409,0.014,0.007,-0.111,2,19
TRK,81524,0.85688,-0.00479,-0.01360,-0.51532,0.3519,-0.0880,0.6384,0.013,0.009,-0.110,2,19
TRK,81544,0.85695,-0.00288,-0.01334,-0.51523,0.3521,-0.0878,0.6363,0.011,0.011,-0.109,2,19
TRK,81562,0.85700,-0.00127,-0.01314,-0.51515,0.3524,-0.0876,0.6341,0.011,0.013,-0.109,2,19
TRK,81582,0.85705,0.00079,-0.01281,-0.51507,0.3526,-0.0873,0.6319,0.013,0.015,-0.111,2,19
STAT,404.4,400.9,0,0,0,0.1232,10.962,0.1371,0.0613,0.0111,9.6944,1.66,0.067
TRK,81602,0.85711,0.00286,-0.01232,-0.51498,0.3529,-0.0870,0.6298,0.014,0.017,-0.109,2,19
TRK,81622,0.85723,0.00454,-0.01160,-0.51478,0.3532,-0.0866,0.6276,0.016,0.020,-0.106,2,19
TRK,81642,0.85740,0.00611,-0.01086,-0.51450,0.3535,-0.0862,0.6256,0.017,0.022,-0.104,2,19
TRK,81662,0.85751,0.00781,-0.01004,-0.51431,0.3538,-0.0857,0.6235,0.018,0.024,-0.103,2,19
TRK,81682,0.85756,0.00977,-0.00919,-0.51421,0.3542,-0.0852,0.6215,0.019,0.027,-0.100,2,19
TRK,81704,0.85763,0.01162,-0.00794,-0.51407,0.3546,-0.0846,0.6193,0.015,0.030,-0.098,2,19
TRK,81723,0.85761,0.01289,-0.00638,-0.51411,0.3549,-0.0840,0.6174,0.014,0.032,-0.094,2,19
TRK,81742,0.85757,0.01418,-0.00526,-0.51414,0.3551,-0.0834,0.6158,0.014,0.033,-0.091,2,19
TRK,81764,0.85748,0.01628,-0.00411,-0.51424,0.3554,-0.0827,0.6138,0.015,0.033,-0.090,2,19
TRK,81782,0.85738,0.01766,-0.00275,-0.51437,0.3557,-0.0820,0.6120,0.015,0.034,-0.093,2,19
TRK,81801,0.85730,0.01934,-0.00087,-0.51446,0.3560,-0.0814,0.6103,0.016,0.035,-0.093,2,19
TRK,81821,0.85725,0.02133,0.00113,-0.51446,0.3563,-0.0807,0.6085,0.017,0.036,-0.092,2,19
TRK,81841,0.85723,0.02321,0.00299,-0.51440,0.3566,-0.0800,0.6067,0.019,0.038,-0.087,2,19
TRK,81861,0.85732,0.02467,0.00487,-0.51417,0.3571,-0.0791,0.6049,0.022,0.039,-0.081,2,19
TRK,81881,0.85743,0.02615,0.00648,-0.51390,0.3575,-0.0784,0.6033,0.024,0.040,-0.077,2,19
TRK,81901,0.85754,0.02774,0.00789,-0.51362,0.3580,-0.0776,0.6018,0.026,0.041,-0.072,2,19
TRK,81923,0.85773,0.02944,0.00965,-0.51317,0.3586,-0.0766,0.6002,0.024,0.043,-0.071,2,19
TRK,81943,0.85784,0.03055,0.01185,-0.51287,0.3590,-0.0758,0.5989,0.021,0.044,-0.068,2,19
TRK,81962,0.85777,0.03171,0.01439,-0.51284,0.3594,-0.0750,0.5977,0.017,0.044,-0.065,2,19
TRK,81981,0.85763,0.03270,0.01650,-0.51296,0.3597,-0.0741,0.5965,0.018,0.044,-0.061,2,19
TRK,82001,0.85751,0.03384,0.01865,-0.51301,0.3601,-0.0732,0.5953,0.021,0.046,-0.056,2,19
TRK,82024,0.85736,0.03564,0.02081,-0.51307,0.3606,-0.0722,0.5941,0.021,0.046,-0.052,2,19
TRK,82043,0.85721,0.03801,0.02282,-0.51305,0.3610,-0.0713,0.5931,0.022,0.048,-0.052,2,19
TRK,82061,0.85704,0.04003,0.02502,-0.51308,0.3614,-0.0704,0.5922,0.022,0.049,-0.053,2,19
TRK,82081,0.85676,0.04231,0.02813,-0.51320,0.3618,-0.0695,0.5911,0.022,0.050,-0.052,2,19
TRK,82101,0.85645,0.04463,0.03118,-0.51335,0.3623,-0.0685,0.5901,0.024,0.052,-0.049,2,19
TRK,82124,0.85616,0.04724,0.03404,-0.51343,0.3629,-0.0672,0.5890,0.028,0.054,-0.041,2,19
TRK,82144,0.85600,0.04993,0.03572,-0.51331,0.3635,-0.0661,0.5883,0.029,0.056,-0.033,2,19
TRK,82164,0.85590,0.05284,0.03703,-0.51309,0.3641,-0.0650,0.5876,0.030,0.058,-0.028,2,19
TRK,82184,0.85576,0.05518,0.03786,-0.51303,0.3646,-0.0638,0.5871,0.029,0.059,-0.023,2,19
TRK,82204,0.85558,0.05796,0.03911,-0.51293,0.3652,-0.0626,0.5867,0.027,0.062,-0.020,2,19
TRK,82224,0.85543,0.05994,0.04029,-0.51286,0.3657,-0.0614,0.5864,0.027,0.063,-0.012,2,19
TRK,82243,0.85531,0.06186,0.04074,-0.51280,0.3663,-0.0601,0.5862,0.029,0.064,-0.003,2,19
TRK,82262,0.85523,0.06412,0.04083,-0.51265,0.3669,-0.0588,0.5862,0.029,0.066,0.003,2,19
TRK,82284,0.85510,0.06621,0.04100,-0.51258,0.3674,-0.0575,0.5863,0.026,0.068,0.006,2,19
TRK,82303,0.85484,0.06825,0.04139,-0.51271,0.3679,-0.0562,0.5864,0.023,0.069,0.006,2,19
TRK,82324,0.85453,0.07042,0.04184,-0.51290,0.3684,-0.0546,0.5866,0.026,0.071,0.009,2,19
TRK,82344,0.85433,0.07211,0.04217,-0.51297,0.3689,-0.0532,0.5868,0.028,0.073,0.017,2,19
TRK,82363,0.85419,0.07339,0.04240,-0.51300,0.3694,-0.0519,0.5872,0.030,0.074,0.024,2,19
TRK,82382,0.85406,0.07513,0.04214,-0.51299,0.3701,-0.0504,0.5877,0.032,0.075,0.027,2,19
TRK,82402,0.85399,0.07615,0.04244,-0.51293,0.3707,-0.0489,0.5883,0.035,0.075,0.029,2,19
TRK,82424,0.85391,0.07658,0.04362,-0.51290,0.3715,-0.0473,0.5889,0.036,0.076,0.029,2,19
TRK,82444,0.85385,0.07691,0.04497,-0.51284,0.3722,-0.0457,0.5895,0.037,0.076,0.030,2,19
TRK,82462,0.85376,0.07689,0.04647,-0.51286,0.3729,-0.0444,0.5900,0.038,0.077,0.032,2,19
TRK,82482,0.85380,0.07683,0.04786,-0.51266,0.3738,-0.0427,0.5908,0.043,0.077,0.034,2,19
TRK,82501,0.85401,0.07669,0.04902,-0.51223,0.3746,-0.0414,0.5914,0.046,0.077,0.031,2,19
TRK,82524,0.85421,0.07601,0.05143,-0.51176,0.3757,-0.0395,0.5920,0.047,0.078,0.021,2,19
TRK,82544,0.85426,0.07453,0.05549,-0.51148,0.3767,-0.0379,0.5924,0.052,0.076,0.019,2,19
TRK,82563,0.85423,0.07396,0.05897,-0.51122,0.3776,-0.0366,0.5928,0.050,0.076,0.036,2,19
TRK,82581,0.85392,0.07328,0.06204,-0.51146,0.3786,-0.0351,0.5936,0.050,0.076,0.040,2,19
STAT,404.6,400.6,0,0,0,0.5605,17.399,0.1371,0.0613,0.0111,9.6944,1.66,0.067
TRK,82603,0.85360,0.07249,0.06525,-0.51172,0.3795,-0.0336,0.5944,0.049,0.077,0.040,2,19
TRK,82622,0.85358,0.06920,0.06362,-0.51240,0.3806,-0.0322,0.5956,0.052,0.072,0.078,2,19
TRK,82642,0.85365,0.06767,0.06130,-0.51279,0.3815,-0.0307,0.5971,0.047,0.078,0.076,2,19
TRK,82662,0.85363,0.06598,0.05966,-0.51322,0.3825,-0.0291,0.5986,0.048,0.081,0.077,2,19
TRK,82681,0.85373,0.06387,0.05828,-0.51349,0.3834,-0.0275,0.6002,0.049,0.082,0.079,2,19
TRK,82701,0.85374,0.06210,0.05773,-0.51374,0.3844,-0.0258,0.6017,0.051,0.083,0.081,2,19
TRK,82721,0.85389,0.06080,0.05683,-0.51376,0.3854,-0.0242,0.6034,0.052,0.085,0.083,2,19
TRK,82741,0.85391,0.05952,0.05598,-0.51397,0.3865,-0.0225,0.6050,0.053,0.084,0.085,2,19
TRK,82761,0.85382,0.05831,0.05412,-0.51445,0.3875,-0.0208,0.6067,0.050,0.083,0.086,2,19
TRK,82784,0.85365,0.05757,0.05133,-0.51510,0.3888,-0.0187,0.6089,0.054,0.086,0.088,2,19
TRK,82803,0.85347,0.05686,0.04986,-0.51562,0.3897,-0.0172,0.6104,0.056,0.087,0.091,2,19
TRK,82822,0.85351,0.05686,0.04826,-0.51572,0.3908,-0.0155,0.6122,0.057,0.088,0.093,2,19
TRK,82842,0.85354,0.05675,0.04671,-0.51582,0.3920,-0.0138,0.6141,0.058,0.087,0.093,2,19
TRK,82862,0.85312,0.05551,0.04570,-0.51674,0.3931,-0.0121,0.6159,0.053,0.084,0.092,2,19
TRK,82883,0.85242,0.05380,0.04487,-0.51814,0.3943,-0.0102,0.6180,0.056,0.086,0.095,2,19
TRK,82903,0.85213,0.05215,0.04447,-0.51882,0.3954,-0.0085,0.6199,0.061,0.088,0.097,2,19
TRK,82922,0.85224,0.05084,0.04342,-0.51886,0.3965,-0.0069,0.6216,0.061,0.087,0.097,2,19
TRK,82941,0.85225,0.04854,0.04300,-0.51911,0.3977,-0.0052,0.6235,0.064,0.090,0.099,2,19
TRK,82964,0.85244,0.04629,0.04305,-0.51900,0.3992,-0.0032,0.6258,0.065,0.089,0.101,2,19
TRK,82983,0.85252,0.04409,0.04329,-0.51903,0.4005,-0.0014,0.6278,0.066,0.089,0.103,2,19
TRK,83001,0.85253,0.04270,0.04353,-0.51911,0.4016,0.0001,0.6296,0.067,0.089,0.105,2,19
TRK,83021,0.85241,0.04130,0.04319,-0.51945,0.4030,0.0019,0.6317,0.067,0.089,0.106,2,19
TRK,83041,0.85211,0.03962,0.04278,-0.52010,0.4044,0.0038,0.6340,0.065,0.087,0.106,2,19
TRK,83064,0.85170,0.03763,0.04281,-0.52092,0.4059,0.0058,0.6364,0.069,0.090,0.109,2,19
TRK,83082,0.85155,0.03631,0.04282,-0.52126,0.4071,0.0074,0.6383,0.070,0.091,0.110,2,19
TRK,83104,0.85130,0.03446,0.04299,-0.52179,0.4087,0.0094,0.6408,0.070,0.091,0.112,2,19
TRK,83123,0.85097,0.03190,0.04340,-0.52244,0.4101,0.0112,0.6430,0.070,0.091,0.111,2,19
TRK,83142,0.85073,0.02944,0.04415,-0.52292,0.4113,0.0128,0.6450,0.071,0.092,0.114,2,19
TRK,83164,0.85061,0.02691,0.04492,-0.52319,0.4129,0.0148,0.6476,0.073,0.094,0.117,2,19
TRK,83182,0.85059,0.02495,0.04532,-0.52328,0.4143,0.0167,0.6499,0.072,0.093,0.118,2,19
TRK,83202,0.85046,0.02266,0.04586,-0.52355,0.4158,0.0186,0.6522,0.074,0.095,0.120,2,19
TRK,83222,0.85034,0.01979,0.04641,-0.52380,0.4173,0.0204,0.6546,0.077,0.095,0.121,2,19
TRK,83244,0.85024,0.01802,0.04773,-0.52391,0.4190,0.0226,0.6573,0.079,0.097,0.124,2,19
TRK,83263,0.85011,0.01623,0.04948,-0.52402,0.4204,0.0243,0.6595,0.080,0.098,0.125,2,19
TRK,83281,0.85004,0.01471,0.05095,-0.52405,0.4220,0.0262,0.6620,0.081,0.099,0.127,2,19
TRK,83301,0.85023,0.01162,0.05247,-0.52365,0.4236,0.0282,0.6645,0.082,0.100,0.127,2,19
TRK,83321,0.85015,0.00930,0.05247,-0.52384,0.4252,0.0301,0.6671,0.083,0.100,0.133,2,19
TRK,83341,0.84986,0.00818,0.05184,-0.52439,0.4269,0.0321,0.6697,0.084,0.100,0.134,2,19
TRK,83361,0.84961,0.00745,0.05140,-0.52485,0.4286,0.0341,0.6724,0.085,0.102,0.136,2,19
TRK,83381,0.84957,0.00703,0.05117,-0.52495,0.4303,0.0361,0.6751,0.087,0.102,0.138,2,19
TRK,83401,0.84950,0.00694,0.05108,-0.52507,0.4320,0.0382,0.6778,0.088,0.103,0.140,2,19
TRK,83421,0.84934,0.00690,0.05105,-0.52532,0.4337,0.0402,0.6806,0.088,0.103,0.141,2,19
TRK,83441,0.84915,0.00696,0.05097,-0.52563,0.4355,0.0422,0.6834,0.089,0.105,0.143,2,19
TRK,83461,0.84898,0.00688,0.05091,-0.52592,0.4373,0.0443,0.6863,0.090,0.106,0.145,2,19
TRK,83481,0.84894,0.00705,0.05084,-0.52599,0.4391,0.0464,0.6892,0.091,0.107,0.147,2,19
TRK,83501,0.84895,0.00765,0.05069,-0.52598,0.3255,-0.0864,0.5061,0.000,0.000,0.000,1,20
TRK,83521,0.84897,0.00842,0.05067,-0.52594,0.3255,-0.0864,0.5061,0.000,0.000,0.000,1,20
TRK,83541,0.84897,0.00890,0.05075,-0.52592,0.3255,-0.0864,0.5061,0.000,0.000,0.000,1,20
TRK,83561,0.84898,0.00918,0.05070,-0.52591,0.3255,-0.0864,0.5061,0.000,0.000,0.000,1,20
TRK,83581,0.84899,0.00948,0.05061,-0.52589,0.3255,-0.0864,0.5061,0.000,0.000,0.000,1,20
STAT,404.6,400.6,0,0,0,0.0291,0.989,0.1371,0.0613,0.0111,9.7186,2.50,0.204
TRK,83601,0.84900,0.00979,0.05050,-0.52588,0.3255,-0.0864,0.5061,0.000,0.000,0.000,1,20
TRK,83621,0.84901,0.01000,0.05044,-0.52587,0.3255,-0.0864,0.5061,0.000,0.000,0.000,1,20
TRK,83641,0.84902,0.01017,0.05016,-0.52587,0.3255,-0.0864,0.5061,0.000,0.000,0.000,1,20
TRK,83661,0.84903,0.01028,0.05005,-0.52587,0.3255,-0.0864,0.5061,0.000,0.000,0.000,1,20
TRK,83683,0.84904,0.01045,0.04994,-0.52586,0.3255,-0.0864,0.5061,0.000,0.000,0.000,1,20
TRK,83704,0.84906,0.01081,0.04963,-0.52585,0.3255,-0.0864,0.5061,0.000,0.000,0.000,1,20
TRK,83723,0.84907,0.01103,0.04942,-0.52584,0.3255,-0.0864,0.5061,0.000,0.000,0.000,1,20
TRK,83741,0.84909,0.01133,0.04917,-0.52583,0.3255,-0.0864,0.5061,0.000,0.000,0.000,1,20
TRK,83761,0.84908,0.01132,0.04933,-0.52583,0.3255,-0.0864,0.5061,0.000,0.000,0.000,1,20
TRK,83781,0.84908,0.01140,0.04934,-0.52583,0.3255,-0.0864,0.5061,0.000,0.000,0.000,1,20
TRK,83802,0.84910,0.01169,0.04917,-0.52582,0.3255,-0.0864,0.5061,0.000,0.000,0.000,1,20
TRK,83823,0.84911,0.01195,0.04888,-0.52581,0.3255,-0.0864,0.5061,0.000,0.000,0.000,1,20
TRK,83843,0.84913,0.01201,0.04865,-0.52581,0.3255,-0.0864,0.5061,0.000,0.000,0.000,1,20
TRK,83863,0.84912,0.01198,0.04874,-0.52581,0.3255,-0.0864,0.5061,0.000,0.000,0.000,1,20
TRK,83883,0.84912,0.01213,0.04881,-0.52580,0.3255,-0.0864,0.5061,0.000,0.000,0.000,1,20
TRK,83903,0.84913,0.01244,0.04865,-0.52579,0.3255,-0.0864,0.5061,0.000,0.000,0.000,1,20
TRK,83923,0.84915,0.01273,0.04847,-0.52578,0.3255,-0.0864,0.5061,0.000,0.000,0.000,1,20
TRK,83941,0.84915,0.01308,0.04852,-0.52576,0.3255,-0.0864,0.5061,0.000,0.000,0.000,1,20
TRK,83964,0.84915,0.01346,0.04857,-0.52574,0.3255,-0.0864,0.5061,0.000,0.000,0.000,1,20
TRK,83983,0.84915,0.01377,0.04866,-0.52572,0.3255,-0.0864,0.5061,0.000,0.000,0.000,1,20
TRK,84002,0.84916,0.01415,0.04860,-0.52571,0.3255,-0.0864,0.5061,0.000,0.000,0.000,1,20
TRK,84022,0.84918,0.01569,0.04849,-0.52563,0.3255,-0.0864,0.5061,0.000,0.000,0.000,1,20
TRK,84042,0.84921,0.01707,0.04821,-0.52557,0.3255,-0.0864,0.5061,0.000,0.000,0.000,1,20
TRK,84062,0.84922,0.01850,0.04822,-0.52551,0.3257,-0.0862,0.5063,0.003,0.003,0.002,2,20
TRK,84082,0.84907,0.01902,0.04822,-0.52573,0.3258,-0.0861,0.5063,0.002,0.003,0.002,2,20
TRK,84102,0.84902,0.01888,0.04845,-0.52580,0.3258,-0.0861,0.5064,0.002,0.003,0.002,2,20
TRK,84122,0.84910,0.01900,0.04843,-0.52566,0.3259,-0.0860,0.5064,0.004,0.004,0.002,2,20
TRK,84142,0.84926,0.01904,0.04836,-0.52541,0.3260,-0.0859,0.5064,0.004,0.003,0.001,2,20
TRK,84162,0.84960,0.01993,0.04776,-0.52487,0.3261,-0.0858,0.5065,0.007,0.004,0.004,2,20
TRK,84182,0.84981,0.02187,0.04712,-0.52453,0.3262,-0.0858,0.5066,0.005,0.003,0.003,2,20
TRK,84202,0.84977,0.02251,0.04714,-0.52456,0.3255,-0.0862,0.5062,0.000,0.000,0.000,1,21
TRK,84222,0.84982,0.02256,0.04831,-0.52437,0.3256,-0.0862,0.5062,0.001,0.001,-0.000,2,21
TRK,84242,0.85001,0.02324,0.04943,-0.52392,0.3256,-0.0862,0.5062,0.001,0.001,0.001,2,21
TRK,84262,0.85020,0.02360,0.05041,-0.52350,0.3257,-0.0862,0.5062,0.001,0.000,-0.000,2,21
TRK,84282,0.85034,0.02402,0.05151,-0.52315,0.3257,-0.0862,0.5062,0.000,0.000,0.001,2,21
TRK,84302,0.85044,0.02449,0.05201,-0.52292,0.3257,-0.0862,0.5062,0.001,-0.000,0.001,2,21
TRK,84324,0.85054,0.02524,0.05268,-0.52266,0.3257,-0.0862,0.5062,0.000,-0.001,0.001,2,21
TRK,84342,0.85057,0.02611,0.05318,-0.52251,0.3257,-0.0862,0.5063,0.001,-0.001,0.002,2,21
TRK,84362,0.85056,0.02743,0.05339,-0.52244,0.3257,-0.0862,0.5063,0.001,-0.002,0.002,2,21
TRK,84382,0.85057,0.02852,0.05375,-0.52232,0.3257,-0.0862,0.5063,0.001,-0.002,0.002,2,21
TRK,84402,0.85064,0.02967,0.05401,-0.52212,0.3258,-0.0863,0.5064,0.001,-0.002,0.001,2,21
TRK,84422,0.85069,0.03045,0.05455,-0.52194,0.3258,-0.0863,0.5064,0.002,-0.003,0.001,2,21
TRK,84442,0.85080,0.03130,0.05552,-0.52161,0.3258,-0.0864,0.5064,0.001,-0.002,0.001,2,21
TRK,84462,0.85087,0.03234,0.05713,-0.52126,0.3258,-0.0864,0.5064,0.002,-0.003,0.001,2,21
TRK,84482,0.85086,0.03321,0.05881,-0.52104,0.3259,-0.0865,0.5065,0.003,-0.003,0.001,2,21
TRK,84502,0.85088,0.03465,0.06060,-0.52071,0.3260,-0.0866,0.5065,0.004,-0.003,0.003,2,21
TRK,84523,0.85112,0.03693,0.06241,-0.51993,0.3261,-0.0866,0.5066,0.005,-0.003,0.011,2,21
TRK,84542,0.85150,0.03693,0.06252,-0.51930,0.3262,-0.0867,0.5068,0.005,-0.004,0.014,2,21
TRK,84564,0.85212,0.03672,0.06205,-0.51835,0.3262,-0.0867,0.5073,0.002,-0.003,0.027,2,21
TRK,84582,0.85236,0.03747,0.06009,-0.51814,0.3263,-0.0868,0.5079,-0.001,-0.004,0.036,2,21
STAT,403.9,400.4,0,0,0,0.2866,11.504,0.1371,0.0613,0.0111,9.7661,0.28,0.007
TRK,84602,0.85254,0.03851,0.05725,-0.51808,0.3262,-0.0869,0.5087,-0.004,-0.003,0.041,2,21
TRK,84621,0.85261,0.03936,0.05460,-0.51820,0.3261,-0.0869,0.5095,-0.008,-0.003,0.050,2,21
TRK,84641,0.85276,0.04043,0.05144,-0.51818,0.3259,-0.0870,0.5106,-0.012,-0.005,0.062,2,21
TRK,84661,0.85282,0.03966,0.04900,-0.51839,0.3256,-0.0871,0.5121,-0.015,-0.005,0.073,2,21
TRK,84681,0.85283,0.03853,0.04682,-0.51866,0.3253,-0.0872,0.5137,-0.015,-0.005,0.088,2,21
TRK,84705,0.85290,0.03621,0.04426,-0.51894,0.3250,-0.0873,0.5160,-0.012,-0.004,0.100,2,21
TRK,84724,0.85314,0.03307,0.04358,-0.51881,0.3248,-0.0874,0.5178,-0.011,-0.004,0.107,2,21
TRK,84743,0.85347,0.02891,0.04339,-0.51853,0.3246,-0.0875,0.5201,-0.007,-0.004,0.119,2,21
TRK,84762,0.85374,0.02467,0.04341,-0.51830,0.3245,-0.0876,0.5222,-0.005,-0.005,0.132,2,21
TRK,84781,0.85402,0.01929,0.04303,-0.51810,0.3244,-0.0877,0.5250,-0.003,-0.005,0.145,2,21
TRK,84801,0.85431,0.01353,0.04251,-0.51784,0.3243,-0.0878,0.5279,-0.002,-0.005,0.151,2,21
TRK,84821,0.85451,0.00809,0.04220,-0.51765,0.3243,-0.0879,0.5309,-0.000,-0.005,0.156,2,21
TRK,84844,0.85463,0.00254,0.04195,-0.51753,0.3243,-0.0880,0.5345,0.002,-0.005,0.162,2,21
TRK,84863,0.85474,-0.00183,0.04135,-0.51741,0.3244,-0.0881,0.5377,0.004,-0.004,0.170,2,21
TRK,84882,0.85478,-0.00526,0.03995,-0.51742,0.3245,-0.0881,0.5412,0.003,-0.003,0.178,2,21
TRK,84904,0.85476,-0.00735,0.03751,-0.51762,0.3246,-0.0882,0.5452,0.004,-0.001,0.183,2,21
TRK,84924,0.85479,-0.00877,0.03502,-0.51772,0.3246,-0.0881,0.5489,0.004,0.001,0.186,2,21
TRK,84944,0.85479,-0.01017,0.03298,-0.51782,0.3247,-0.0881,0.5526,0.003,0.003,0.190,2,21
TRK,84964,0.85481,-0.01194,0.03127,-0.51787,0.3247,-0.0880,0.5564,0.000,0.004,0.198,2,21
TRK,84984,0.85475,-0.01431,0.02980,-0.51799,0.3247,-0.0879,0.5604,0.000,0.006,0.205,2,21
TRK,85004,0.85477,-0.01679,0.02828,-0.51796,0.3247,-0.0878,0.5645,-0.001,0.008,0.211,2,21
TRK,85024,0.85478,-0.01977,0.02722,-0.51790,0.3247,-0.0876,0.5688,-0.003,0.012,0.217,2,21
TRK,85042,0.85472,-0.02319,0.02647,-0.51789,0.3246,-0.0873,0.5732,-0.002,0.015,0.228,2,21
TRK,85064,0.85463,-0.02720,0.02552,-0.51790,0.3246,-0.0870,0.5778,-0.002,0.019,0.236,2,21
TRK,85082,0.85448,-0.03089,0.02411,-0.51800,0.3246,-0.0866,0.5825,0.000,0.023,0.242,2,21
TRK,85103,0.85433,-0.03420,0.02253,-0.51811,0.3246,-0.0861,0.5873,0.003,0.027,0.246,2,21
TRK,85123,0.85423,-0.03733,0.02051,-0.51815,0.3247,-0.0855,0.5922,0.005,0.029,0.246,2,21
TRK,85143,0.85411,-0.04118,0.01902,-0.51811,0.3248,-0.0849,0.5971,0.007,0.032,0.246,2,21
TRK,85162,0.85399,-0.04527,0.01745,-0.51802,0.3250,-0.0843,0.6020,0.010,0.034,0.247,2,21
TRK,85181,0.85396,-0.04858,0.01579,-0.51782,0.3252,-0.0836,0.6068,0.014,0.036,0.246,2,21
TRK,85201,0.85402,-0.05243,0.01381,-0.51741,0.3255,-0.0829,0.6117,0.018,0.037,0.242,2,21
TRK,85221,0.85416,-0.05592,0.01148,-0.51687,0.3259,-0.0821,0.6164,0.020,0.039,0.236,2,21
TRK,85241,0.85422,-0.05944,0.00957,-0.51641,0.3263,-0.0814,0.6210,0.018,0.037,0.225,2,21
TRK,85261,0.85406,-0.06340,0.00874,-0.51623,0.3266,-0.0806,0.6253,0.017,0.036,0.216,2,21
TRK,85284,0.85374,-0.06815,0.00786,-0.51615,0.3270,-0.0798,0.6300,0.017,0.035,0.210,2,21
TRK,85303,0.85349,-0.07119,0.00692,-0.51617,0.3273,-0.0792,0.6341,0.017,0.034,0.203,2,21
TRK,85321,0.85327,-0.07420,0.00560,-0.51613,0.3276,-0.0786,0.6376,0.018,0.032,0.199,2,21
TRK,85343,0.85301,-0.07783,0.00352,-0.51605,0.3280,-0.0779,0.6419,0.017,0.029,0.190,2,21
TRK,85364,0.85261,-0.08090,0.00149,-0.51624,0.3283,-0.0773,0.6460,0.012,0.026,0.178,2,21
TRK,85384,0.85200,-0.08388,0.00040,-0.51678,0.3286,-0.0768,0.6494,0.010,0.023,0.165,2,21
TRK,85404,0.85141,-0.08707,-0.00032,-0.51722,0.3288,-0.0764,0.6526,0.013,0.020,0.153,2,21
TRK,85424,0.85107,-0.08967,-0.00121,-0.51734,0.3291,-0.0760,0.6555,0.016,0.017,0.140,2,21
TRK,85444,0.85087,-0.09173,-0.00221,-0.51730,0.3294,-0.0757,0.6581,0.016,0.014,0.126,2,21
TRK,85464,0.85069,-0.09375,-0.00295,-0.51723,0.3297,-0.0755,0.6605,0.016,0.013,0.113,2,21
TRK,85484,0.85041,-0.09572,-0.00326,-0.51732,0.3300,-0.0752,0.6626,0.016,0.010,0.097,2,21
TRK,85504,0.85014,-0.09724,-0.00329,-0.51748,0.3303,-0.0750,0.6643,0.017,0.010,0.082,2,21
TRK,85524,0.85007,-0.09819,-0.00347,-0.51742,0.3307,-0.0748,0.6658,0.020,0.009,0.068,2,21
TRK,85544,0.85015,-0.09870,-0.00366,-0.51720,0.3311,-0.0747,0.6670,0.023,0.008,0.052,2,21
TRK,85564,0.85031,-0.09895,-0.00355,-0.51689,0.3317,-0.0745,0.6680,0.025,0.007,0.035,2,21
TRK,85584,0.85057,-0.09871,-0.00368,-0.51651,0.3322,-0.0744,0.6685,0.026,0.007,0.021,2,21
STAT,403.9,400.4,0,0,0,0.1164,4.615,0.1371,0.0613,0.0111,9.7661,0.28,0.007
TRK,85603,0.85073,-0.09839,-0.00364,-0.51631,0.3326,-0.0743,0.6688,0.024,0.006,0.005,2,21
TRK,85621,0.85083,-0.09795,-0.00299,-0.51623,0.3331,-0.0742,0.6687,0.024,0.004,-0.013,2,21
TRK,85643,0.85102,-0.09722,-0.00206,-0.51606,0.3336,-0.0741,0.6683,0.026,0.004,-0.025,2,21
TRK,85662,0.85115,-0.09632,-0.00189,-0.51601,0.3127,-0.0776,0.6906,0.000,0.000,0.000,1,22
TRK,85682,0.85133,-0.09523,-0.00169,-0.51591,0.3136,-0.0781,0.6807,0.007,-0.004,-0.109,2,22
TRK,85703,0.85156,-0.09414,-0.00108,-0.51574,0.3137,-0.0782,0.6782,0.007,-0.004,-0.117,2,22
TRK,85723,0.85186,-0.09278,-0.00024,-0.51549,0.3139,-0.0782,0.6758,0.009,-0.003,-0.122,2,22
TRK,85743,0.85215,-0.09138,-0.00002,-0.51525,0.3141,-0.0783,0.6734,0.010,-0.002,-0.123,2,22
TRK,85763,0.85255,-0.08918,-0.00025,-0.51498,0.3143,-0.0783,0.6709,0.009,-0.002,-0.127,2,22
TRK,85783,0.85293,-0.08709,-0.00044,-0.51471,0.3144,-0.0784,0.6683,0.008,-0.004,-0.134,2,22
TRK,85803,0.85325,-0.08515,-0.00022,-0.51450,0.3146,-0.0785,0.6656,0.005,-0.005,-0.140,2,22
TRK,85823,0.85351,-0.08304,-0.00004,-0.51442,0.3146,-0.0786,0.6628,0.003,-0.006,-0.146,2,22
TRK,85842,0.85376,-0.08090,0.00011,-0.51434,0.3147,-0.0787,0.6598,0.001,-0.007,-0.156,2,22
TRK,85861,0.85405,-0.07835,0.00050,-0.51426,0.3147,-0.0789,0.6566,-0.001,-0.009,-0.167,2,22
TRK,85883,0.85433,-0.07546,0.00120,-0.51423,0.3147,-0.0791,0.6528,-0.002,-0.009,-0.177,2,22
TRK,85903,0.85458,-0.07274,0.00167,-0.51420,0.3146,-0.0792,0.6492,-0.001,-0.008,-0.184,2,22
TRK,85923,0.85481,-0.06979,0.00226,-0.51422,0.3146,-0.0794,0.6455,-0.000,-0.007,-0.193,2,22
TRK,85943,0.85499,-0.06655,0.00302,-0.51434,0.3146,-0.0795,0.6416,-0.000,-0.005,-0.201,2,22
TRK,85962,0.85510,-0.06359,0.00381,-0.51453,0.3146,-0.0796,0.6381,0.002,-0.004,-0.207,2,22
TRK,85981,0.85524,-0.06014,0.00449,-0.51472,0.3147,-0.0797,0.6339,0.003,-0.002,-0.215,2,22
TRK,86004,0.85538,-0.05601,0.00529,-0.51494,0.3148,-0.0797,0.6289,0.005,-0.003,-0.228,2,22
TRK,86023,0.85556,-0.05205,0.00638,-0.51504,0.3149,-0.0798,0.6243,0.007,-0.003,-0.238,2,22
TRK,86041,0.85577,-0.04834,0.00739,-0.51504,0.3150,-0.0798,0.6201,0.011,-0.004,-0.245,2,22
TRK,86061,0.85607,-0.04377,0.00837,-0.51493,0.3153,-0.0799,0.6152,0.015,-0.003,-0.252,2,22
TRK,86081,0.85642,-0.03884,0.00945,-0.51474,0.3157,-0.0800,0.6095,0.019,-0.003,-0.261,2,22
TRK,86101,0.85680,-0.03389,0.01100,-0.51442,0.3161,-0.0800,0.6043,0.021,-0.001,-0.266,2,22
TRK,86124,0.85727,-0.02837,0.01283,-0.51392,0.3165,-0.0800,0.5984,0.022,0.000,-0.263,2,22
TRK,86143,0.85769,-0.02332,0.01405,-0.51344,0.3170,-0.0800,0.5933,0.022,0.002,-0.260,2,22
TRK,86163,0.85791,-0.01838,0.01534,-0.51324,0.3174,-0.0799,0.5881,0.021,0.002,-0.263,2,22
TRK,86182,0.85809,-0.01439,0.01709,-0.51301,0.3178,-0.0799,0.5835,0.022,0.004,-0.265,2,22
TRK,86204,0.85835,-0.00941,0.01966,-0.51260,0.3183,-0.0797,0.5776,0.022,0.009,-0.263,2,22
TRK,86224,0.85861,-0.00493,0.02168,-0.51215,0.3187,-0.0795,0.5725,0.022,0.012,-0.251,2,22
TRK,86242,0.85876,-0.00117,0.02294,-0.51186,0.3192,-0.0793,0.5677,0.025,0.015,-0.241,2,22
TRK,86262,0.85893,0.00300,0.02415,-0.51151,0.3197,-0.0789,0.5630,0.029,0.018,-0.234,2,22
TRK,86284,0.85911,0.00739,0.02580,-0.51108,0.3204,-0.0785,0.5578,0.030,0.020,-0.228,2,22
TRK,86304,0.85922,0.01103,0.02761,-0.51074,0.3210,-0.0781,0.5533,0.029,0.019,-0.225,2,22
TRK,86323,0.85925,0.01410,0.02988,-0.51048,0.3215,-0.0778,0.5495,0.029,0.019,-0.222,2,22
TRK,86342,0.85923,0.01717,0.03205,-0.51030,0.3221,-0.0774,0.5451,0.031,0.018,-0.219,2,22
TRK,86362,0.85932,0.02091,0.03489,-0.50982,0.3227,-0.0771,0.5408,0.031,0.019,-0.212,2,22
TRK,86384,0.85942,0.02354,0.03750,-0.50934,0.3233,-0.0766,0.5363,0.030,0.020,-0.196,2,22
TRK,86404,0.85950,0.02607,0.03944,-0.50894,0.3240,-0.0762,0.5325,0.031,0.021,-0.183,2,22
TRK,86422,0.85952,0.02942,0.04097,-0.50861,0.3245,-0.0759,0.5294,0.030,0.022,-0.176,2,22
TRK,86441,0.85945,0.03252,0.04229,-0.50843,0.3251,-0.0754,0.5260,0.032,0.022,-0.167,2,22
TRK,86464,0.85936,0.03662,0.04349,-0.50820,0.3259,-0.0749,0.5225,0.037,0.022,-0.153,2,22
TRK,86482,0.85932,0.04028,0.04381,-0.50797,0.3266,-0.0745,0.5196,0.042,0.023,-0.142,2,22
TRK,86502,0.85934,0.04385,0.04396,-0.50763,0.3275,-0.0740,0.5168,0.049,0.023,-0.132,2,22
TRK,86523,0.85940,0.04762,0.04383,-0.50720,0.3286,-0.0736,0.5143,0.053,0.024,-0.124,2,22
TRK,86543,0.85941,0.05141,0.04401,-0.50678,0.3296,-0.0731,0.5119,0.057,0.025,-0.122,2,22
TRK,86561,0.85941,0.05452,0.04460,-0.50641,0.3308,-0.0726,0.5095,0.060,0.026,-0.116,2,22
TRK,86581,0.85936,0.05780,0.04518,-0.50608,0.3320,-0.0721,0.5073,0.063,0.026,-0.105,2,22
STAT,404.5,401.0,0,0,0,0.2186,20.997,0.1371,0.0613,0.0111,9.7209,1.59,0.039
TRK,86601,0.85933,0.06161,0.04496,-0.50571,0.3333,-0.0715,0.5053,0.062,0.028,-0.099,2,22
TRK,86621,0.85927,0.06510,0.04477,-0.50538,0.3344,-0.0710,0.5034,0.058,0.030,-0.095,2,22
TRK,86641,0.85918,0.06876,0.04451,-0.50508,0.3355,-0.0703,0.5016,0.052,0.031,-0.089,2,22
TRK,86664,0.85884,0.07258,0.04488,-0.50508,0.3366,-0.0696,0.4997,0.047,0.032,-0.080,2,22
TRK,86684,0.85857,0.07427,0.04655,-0.50514,0.3375,-0.0690,0.4982,0.043,0.033,-0.069,2,22
TRK,86704,0.85816,0.07581,0.04892,-0.50539,0.3383,-0.0683,0.4972,0.038,0.032,-0.034,2,22
TRK,86724,0.85787,0.07493,0.05110,-0.50580,0.3392,-0.0676,0.4967,0.040,0.034,-0.022,2,22
TRK,86744,0.85779,0.07274,0.05427,-0.50593,0.3400,-0.0669,0.4963,0.040,0.033,-0.015,2,22
TRK,86764,0.85770,0.07031,0.05762,-0.50604,0.3408,-0.0663,0.4960,0.038,0.031,-0.014,2,22
TRK,86784,0.85811,0.06516,0.05698,-0.50612,0.3416,-0.0657,0.4959,0.041,0.030,-0.004,2,22
TRK,86803,0.85854,0.05921,0.05605,-0.50623,0.3422,-0.0652,0.4958,0.039,0.028,-0.005,2,22
TRK,86822,0.85859,0.05334,0.05407,-0.50701,0.3430,-0.0647,0.4957,0.041,0.029,0.000,2,22
TRK,86842,0.85849,0.04858,0.05168,-0.50790,0.3438,-0.0641,0.4957,0.039,0.025,-0.003,2,22
TRK,86862,0.85804,0.04483,0.04904,-0.50926,0.3446,-0.0636,0.4957,0.044,0.032,0.005,2,22
TRK,86882,0.85805,0.04187,0.04763,-0.50964,0.3455,-0.0630,0.4958,0.046,0.031,0.004,2,22
TRK,86902,0.85800,0.03943,0.04542,-0.51011,0.3464,-0.0623,0.4959,0.046,0.031,0.007,2,22
TRK,86922,0.85776,0.03802,0.04247,-0.51088,0.3475,-0.0617,0.4961,0.046,0.030,0.009,2,22
TRK,86942,0.85729,0.03623,0.03889,-0.51209,0.3483,-0.0611,0.4963,0.042,0.024,0.007,2,22
TRK,86962,0.85638,0.03368,0.03612,-0.51397,0.3492,-0.0606,0.4965,0.042,0.026,0.009,2,22
TRK,86982,0.85544,0.03239,0.03370,-0.51578,0.3501,-0.0601,0.4967,0.049,0.032,0.019,2,22
TRK,87002,0.85548,0.03361,0.03230,-0.51573,0.3511,-0.0594,0.4970,0.051,0.032,0.016,2,22
TRK,87022,0.85550,0.03377,0.03200,-0.51572,0.3521,-0.0588,0.4974,0.052,0.032,0.017,2,22
TRK,87042,0.85517,0.03355,0.03197,-0.51627,0.3531,-0.0582,0.4977,0.053,0.032,0.015,2,22
TRK,87062,0.85500,0.03057,0.03263,-0.51669,0.3542,-0.0575,0.4980,0.053,0.034,0.015,2,22
TRK,87082,0.85494,0.02616,0.03370,-0.51696,0.3552,-0.0568,0.4983,0.054,0.034,0.015,2,22
TRK,87102,0.85468,0.02233,0.03399,-0.51756,0.3563,-0.0561,0.4986,0.054,0.034,0.019,2,22
TRK,87126,0.85455,0.02001,0.03288,-0.51795,0.3576,-0.0553,0.4992,0.054,0.033,0.024,2,22
TRK,87143,0.85438,0.01966,0.03103,-0.51835,0.3586,-0.0547,0.4996,0.054,0.033,0.026,2,22
TRK,87163,0.85437,0.02017,0.02863,-0.51849,0.3596,-0.0541,0.5001,0.054,0.033,0.028,2,22
TRK,87183,0.85436,0.02118,0.02629,-0.51858,0.3607,-0.0534,0.5007,0.055,0.033,0.029,2,22
TRK,87203,0.85431,0.02210,0.02418,-0.51874,0.3618,-0.0528,0.5013,0.055,0.034,0.030,2,22
TRK,87222,0.85433,0.02277,0.02265,-0.51874,0.3629,-0.0521,0.5019,0.056,0.034,0.031,2,22
TRK,87242,0.85436,0.02355,0.02142,-0.51871,0.3640,-0.0514,0.5025,0.056,0.035,0.032,2,22
TRK,87262,0.85438,0.02387,0.02061,-0.51869,0.3651,-0.0507,0.5031,0.057,0.035,0.033,2,22
TRK,87281,0.85428,0.02404,0.01987,-0.51887,0.3662,-0.0500,0.5038,0.058,0.035,0.033,2,22
TRK,87303,0.85397,0.02402,0.01923,-0.51941,0.3675,-0.0492,0.5045,0.058,0.036,0.034,2,22
TRK,87322,0.85391,0.02378,0.01911,-0.51952,0.3685,-0.0486,0.5051,0.059,0.036,0.035,2,22
TRK,87342,0.85383,0.02347,0.01888,-0.51968,0.3697,-0.0479,0.5058,0.059,0.037,0.037,2,22
TRK,87364,0.85373,0.02330,0.01824,-0.51987,0.3710,-0.0471,0.5067,0.059,0.037,0.039,2,22
TRK,87384,0.85359,0.02327,0.01749,-0.52014,0.3722,-0.0463,0.5075,0.060,0.038,0.040,2,22
TRK,87402,0.85355,0.02344,0.01710,-0.52021,0.3166,-0.0813,0.4702,0.000,0.000,0.000,1,23
TRK,87422,0.85355,0.02358,0.01674,-0.52020,0.3166,-0.0813,0.4702,0.000,0.000,0.000,1,23
TRK,87442,0.85356,0.02354,0.01663,-0.52020,0.3166,-0.0813,0.4702,0.000,0.000,0.000,1,23
TRK,87462,0.85356,0.02378,0.01631,-0.52019,0.3166,-0.0813,0.4702,0.000,0.000,0.000,1,23
TRK,87482,0.85357,0.02398,0.01596,-0.52018,0.3166,-0.0813,0.4702,0.000,0.000,0.000,1,23
TRK,87502,0.85357,0.02397,0.01581,-0.52018,0.3166,-0.0813,0.4702,0.000,0.000,0.000,1,23
TRK,87521,0.85358,0.02403,0.01557,-0.52018,0.3166,-0.0813,0.4702,0.000,0.000,0.000,1,23
TRK,87543,0.85358,0.02425,0.01528,-0.52017,0.3166,-0.0813,0.4702,0.000,0.000,0.000,1,23
TRK,87563,0.85359,0.02443,0.01490,-0.52016,0.3166,-0.0813,0.4702,0.000,0.000,0.000,1,23
TRK,87582,0.85360,0.02443,0.01470,-0.52016,0.3166,-0.0813,0.4702,0.000,0.000,0.000,1,23
STAT,404.5,401.0,0,0,0,0.0280,1.430,0.1371,0.0613,0.0111,9.7541,1.87,0.081
TRK,87601,0.85360,0.02435,0.01449,-0.52015,0.3166,-0.0813,0.4702,0.000,0.000,0.000,1,23
TRK,87624,0.85361,0.02430,0.01416,-0.52015,0.3166,-0.0813,0.4702,0.000,0.000,0.000,1,23
TRK,87642,0.85361,0.02435,0.01403,-0.52015,0.3166,-0.0813,0.4702,0.000,0.000,0.000,1,23
TRK,87661,0.85361,0.02444,0.01397,-0.52015,0.3166,-0.0813,0.4702,0.000,0.000,0.000,1,23
TRK,87681,0.85361,0.02452,0.01393,-0.52014,0.3166,-0.0813,0.4702,0.000,0.000,0.000,1,23
TRK,87701,0.85361,0.02467,0.01381,-0.52014,0.3166,-0.0813,0.4702,0.000,0.000,0.000,1,23
TRK,87721,0.85362,0.02472,0.01372,-0.52014,0.3166,-0.0813,0.4702,0.000,0.000,0.000,1,23
TRK,87741,0.85362,0.02480,0.01346,-0.52013,0.3166,-0.0813,0.4702,0.000,0.000,0.000,1,23
TRK,87764,0.85362,0.02485,0.01334,-0.52013,0.3166,-0.0813,0.4702,0.000,0.000,0.000,1,23
TRK,87784,0.85362,0.02486,0.01351,-0.52013,0.3166,-0.0813,0.4702,0.000,0.000,0.000,1,23
TRK,87804,0.85362,0.02520,0.01330,-0.52012,0.3166,-0.0813,0.4702,0.000,0.000,0.000,1,23
TRK,87824,0.85362,0.02558,0.01297,-0.52010,0.3166,-0.0813,0.4702,0.000,0.000,0.000,1,23
TRK,87842,0.85362,0.02584,0.01272,-0.52009,0.3166,-0.0813,0.4702,0.000,0.000,0.000,1,23
TRK,87862,0.85362,0.02603,0.01259,-0.52009,0.3166,-0.0813,0.4702,0.000,0.000,0.000,1,23
TRK,87884,0.85362,0.02627,0.01248,-0.52008,0.3166,-0.0813,0.4702,0.000,0.000,0.000,1,23
TRK,87903,0.85362,0.02655,0.01240,-0.52007,0.3166,-0.0813,0.4702,0.000,0.000,0.000,1,23
TRK,87922,0.85362,0.02663,0.01224,-0.52007,0.3166,-0.0813,0.4702,0.000,0.000,0.000,1,23
TRK,87944,0.85363,0.02689,0.01185,-0.52005,0.3166,-0.0813,0.4702,0.000,0.000,0.000,1,23
TRK,87963,0.85363,0.02742,0.01126,-0.52003,0.3166,-0.0813,0.4702,0.000,0.000,0.000,1,23
TRK,87984,0.85363,0.02765,0.01128,-0.52003,0.3166,-0.0813,0.4702,0.000,0.000,0.000,1,23
TRK,88001,0.85362,0.02789,0.01128,-0.52002,0.3166,-0.0813,0.4702,0.000,0.000,0.000,1,23
TRK,88021,0.85361,0.02818,0.01171,-0.52002,0.3166,-0.0813,0.4702,0.000,0.000,0.000,1,23
TRK,88042,0.85357,0.02862,0.01273,-0.52003,0.3166,-0.0813,0.4702,0.000,0.000,0.000,1,23
TRK,88061,0.85353,0.02886,0.01436,-0.52005,0.3166,-0.0813,0.4702,0.000,0.000,0.000,1,23
TRK,88084,0.85335,0.02924,0.01675,-0.52025,0.3168,-0.0814,0.4704,0.002,0.001,0.001,2,23
TRK,88102,0.85303,0.03001,0.01987,-0.52061,0.3168,-0.0813,0.4704,0.002,0.003,0.000,2,23
TRK,88124,0.85261,0.03081,0.02416,-0.52107,0.3169,-0.0813,0.4704,0.003,0.002,-0.000,2,23
TRK,88143,0.85223,0.03239,0.02949,-0.52133,0.3169,-0.0812,0.4704,0.004,0.005,0.001,2,23
TRK,88163,0.85209,0.03434,0.03342,-0.52119,0.3170,-0.0811,0.4705,0.008,0.006,0.005,2,23
TRK,88183,0.85231,0.03895,0.03692,-0.52028,0.3172,-0.0809,0.4707,0.013,0.011,0.012,2,23
TRK,88204,0.85306,0.04543,0.04179,-0.51816,0.3175,-0.0807,0.4709,0.009,0.009,0.011,2,23
TRK,88224,0.85351,0.05099,0.04615,-0.51651,0.3176,-0.0806,0.4712,0.004,0.005,0.022,2,23
TRK,88244,0.85428,0.05282,0.04520,-0.51514,0.3177,-0.0805,0.4719,-0.004,-0.001,0.047,2,23
TRK,88264,0.85455,0.05282,0.04260,-0.51491,0.3175,-0.0806,0.4730,-0.013,-0.005,0.063,2,23
TRK,88282,0.85479,0.05173,0.04049,-0.51481,0.3172,-0.0807,0.4741,-0.015,-0.005,0.070,2,23
TRK,88302,0.85519,0.04993,0.03893,-0.51444,0.3169,-0.0808,0.4757,-0.017,-0.006,0.089,2,23
TRK,88322,0.85553,0.04725,0.03745,-0.51423,0.3165,-0.0810,0.4779,-0.019,-0.006,0.109,2,23
TRK,88344,0.85590,0.04218,0.03669,-0.51412,0.3161,-0.0811,0.4803,-0.019,-0.007,0.134,2,23
TRK,88363,0.85610,0.03656,0.03621,-0.51425,0.3157,-0.0812,0.4832,-0.017,-0.007,0.162,2,23
TRK,88384,0.85647,0.02957,0.03422,-0.51421,0.3154,-0.0814,0.4871,-0.013,-0.007,0.186,2,23
TRK,88404,0.85681,0.02327,0.03273,-0.51407,0.3152,-0.0815,0.4909,-0.013,-0.006,0.198,2,23
TRK,88423,0.85710,0.01744,0.03225,-0.51385,0.3150,-0.0816,0.4945,-0.013,-0.006,0.210,2,23
TRK,88441,0.85740,0.00971,0.03298,-0.51350,0.3147,-0.0817,0.4987,-0.014,-0.007,0.222,2,23
TRK,88463,0.85763,0.00189,0.03379,-0.51316,0.3144,-0.0819,0.5033,-0.013,-0.008,0.243,2,23
TRK,88482,0.85774,-0.00461,0.03286,-0.51301,0.3142,-0.0820,0.5083,-0.010,-0.008,0.262,2,23
TRK,88502,0.85795,-0.00986,0.03063,-0.51273,0.3141,-0.0822,0.5137,-0.004,-0.009,0.277,2,23
TRK,88522,0.85817,-0.01462,0.02808,-0.51238,0.3140,-0.0824,0.5192,-0.004,-0.008,0.284,2,23
TRK,88542,0.85812,-0.01941,0.02632,-0.51241,0.3139,-0.0825,0.5249,-0.005,-0.007,0.291,2,23
TRK,88562,0.85806,-0.02442,0.02486,-0.51237,0.3138,-0.0827,0.5315,-0.003,-0.006,0.300,2,23
TRK,88582,0.85802,-0.02928,0.02358,-0.51223,0.3138,-0.0828,0.5376,0.002,-0.005,0.312,2,23
STAT,404.4,400.4,0,0,0,0.2606,30.340,0.1371,0.0613,0.0111,9.7784,1.87,0.081
TRK,88602,0.85800,-0.03476,0.02203,-0.51200,0.3138,-0.0828,0.5438,0.003,-0.002,0.315,2,23
TRK,88621,0.85797,-0.04041,0.02056,-0.51169,0.3139,-0.0829,0.5493,0.005,0.000,0.324,2,23
TRK,88644,0.85788,-0.04605,0.01814,-0.51145,0.3141,-0.0828,0.5574,0.008,0.003,0.331,2,23
TRK,88663,0.85770,-0.05056,0.01604,-0.51140,0.3142,-0.0828,0.5631,0.011,0.005,0.332,2,23
TRK,88682,0.85759,-0.05529,0.01384,-0.51117,0.3145,-0.0826,0.5697,0.016,0.010,0.334,2,23
TRK,88702,0.85757,-0.06005,0.01168,-0.51072,0.3149,-0.0824,0.5763,0.019,0.015,0.338,2,23
TRK,88722,0.85767,-0.06470,0.00909,-0.51004,0.3153,-0.0820,0.5831,0.022,0.020,0.343,2,23
TRK,88742,0.85775,-0.06974,0.00645,-0.50927,0.3157,-0.0816,0.5899,0.023,0.024,0.343,2,23
TRK,88762,0.85784,-0.07485,0.00390,-0.50842,0.3162,-0.0810,0.5967,0.022,0.029,0.342,2,23
TRK,88784,0.85780,-0.08039,0.00113,-0.50765,0.3166,-0.0803,0.6043,0.019,0.033,0.340,2,23
TRK,88802,0.85759,-0.08499,-0.00061,-0.50725,0.3169,-0.0798,0.6102,0.017,0.035,0.335,2,23
TRK,88822,0.85717,-0.09057,-0.00239,-0.50701,0.3173,-0.0790,0.6176,0.018,0.037,0.329,2,23
TRK,88842,0.85669,-0.09616,-0.00419,-0.50677,0.3177,-0.0782,0.6240,0.020,0.039,0.318,2,23
TRK,88862,0.85620,-0.10171,-0.00581,-0.50650,0.3181,-0.0774,0.6301,0.024,0.040,0.302,2,23
TRK,88882,0.85587,-0.10711,-0.00711,-0.50592,0.3186,-0.0766,0.6359,0.027,0.040,0.286,2,23
TRK,88902,0.85555,-0.11235,-0.00821,-0.50532,0.3192,-0.0758,0.6414,0.029,0.038,0.265,2,23
TRK,88922,0.85513,-0.11720,-0.00896,-0.50491,0.3198,-0.0751,0.6464,0.031,0.035,0.241,2,23
TRK,88942,0.85480,-0.12151,-0.00960,-0.50445,0.3204,-0.0745,0.6509,0.035,0.031,0.214,2,23
TRK,88962,0.85466,-0.12523,-0.01040,-0.50376,0.3212,-0.0739,0.6548,0.040,0.027,0.186,2,23
TRK,88983,0.85461,-0.12857,-0.01127,-0.50297,0.3221,-0.0733,0.6586,0.043,0.021,0.147,2,23
TRK,89002,0.85455,-0.13068,-0.01129,-0.50253,0.3228,-0.0730,0.6608,0.043,0.015,0.111,2,23
TRK,89024,0.85439,-0.13266,-0.01057,-0.50231,0.3238,-0.0728,0.6628,0.043,0.007,0.066,2,23
TRK,89042,0.85438,-0.13338,-0.00988,-0.50214,0.3246,-0.0727,0.6637,0.043,0.001,0.022,2,23
TRK,89061,0.85447,-0.13350,-0.00914,-0.50197,0.3254,-0.0728,0.6637,0.045,-0.006,-0.015,2,23
TRK,89081,0.85485,-0.13224,-0.00881,-0.50166,0.3263,-0.0730,0.6630,0.048,-0.013,-0.060,2,23
TRK,89101,0.85546,-0.12977,-0.00846,-0.50127,0.3273,-0.0733,0.6613,0.048,-0.021,-0.106,2,23
TRK,89121,0.85592,-0.12700,-0.00725,-0.50122,0.3283,-0.0739,0.6584,0.043,-0.029,-0.154,2,23
TRK,89141,0.85631,-0.12354,-0.00570,-0.50143,0.3291,-0.0745,0.6550,0.040,-0.032,-0.188,2,23
TRK,89161,0.85681,-0.11960,-0.00434,-0.50155,0.3299,-0.0751,0.6510,0.038,-0.035,-0.217,2,23
TRK,89184,0.85748,-0.11431,-0.00338,-0.50165,0.3307,-0.0759,0.6458,0.033,-0.038,-0.249,2,23
TRK,89203,0.85812,-0.10863,-0.00267,-0.50183,0.3313,-0.0767,0.6406,0.028,-0.041,-0.274,2,23
TRK,89222,0.85859,-0.10329,-0.00190,-0.50214,0.3317,-0.0774,0.6358,0.024,-0.041,-0.290,2,23
TRK,89241,0.85906,-0.09714,-0.00091,-0.50258,0.3321,-0.0782,0.6299,0.020,-0.039,-0.302,2,23
TRK,89261,0.85934,-0.09091,0.00003,-0.50326,0.3325,-0.0790,0.6238,0.019,-0.035,-0.312,2,23
TRK,89284,0.85960,-0.08379,0.00090,-0.50405,0.3330,-0.0797,0.6168,0.023,-0.032,-0.319,2,23
TRK,89303,0.85984,-0.07751,0.00180,-0.50464,0.3335,-0.0803,0.6104,0.026,-0.030,-0.327,2,23
TRK,89321,0.86005,-0.07197,0.00286,-0.50510,0.3339,-0.0808,0.6047,0.027,-0.029,-0.331,2,23
TRK,89341,0.86023,-0.06556,0.00436,-0.50566,0.3345,-0.0814,0.5981,0.028,-0.027,-0.335,2,23
TRK,89361,0.86031,-0.05924,0.00627,-0.50628,0.3350,-0.0819,0.5915,0.030,-0.024,-0.335,2,23
TRK,89381,0.86034,-0.05337,0.00857,-0.50685,0.3358,-0.0824,0.5841,0.035,-0.020,-0.329,2,23
TRK,89401,0.86041,-0.04776,0.01077,-0.50725,0.3365,-0.0828,0.5776,0.044,-0.018,-0.321,2,23
TRK,89421,0.86077,-0.04238,0.01268,-0.50707,0.3375,-0.0831,0.5714,0.054,-0.015,-0.311,2,23
TRK,89441,0.86124,-0.03682,0.01404,-0.50667,0.3387,-0.0834,0.5653,0.063,-0.014,-0.304,2,23
TRK,89461,0.86176,-0.03156,0.01574,-0.50610,0.3400,-0.0837,0.5594,0.070,-0.014,-0.294,2,23
TRK,89481,0.86225,-0.02686,0.01792,-0.50545,0.3414,-0.0839,0.5537,0.073,-0.013,-0.283,2,23
TRK,89501,0.86264,-0.02279,0.02057,-0.50489,0.3428,-0.0841,0.5482,0.070,-0.010,-0.272,2,23
TRK,89521,0.86287,-0.01922,0.02356,-0.50451,0.3442,-0.0843,0.5429,0.068,-0.007,-0.261,2,23
TRK,89542,0.86306,-0.01539,0.02671,-0.50416,0.3457,-0.0844,0.5373,0.074,-0.004,-0.249,2,23
TRK,89564,0.86346,-0.01180,0.02866,-0.50346,0.3475,-0.0845,0.5319,0.085,-0.003,-0.236,2,23
TRK,89583,0.86408,-0.00767,0.02975,-0.50242,0.3490,-0.0845,0.5279,0.091,-0.002,-0.228,2,23
STAT,404.4,400.4,0,0,0,0.3033,25.852,0.1371,0.0613,0.0111,9.7784,1.87,0.081
TRK,89602,0.86461,-0.00376,0.03173,-0.50143,0.3508,-0.0846,0.5234,0.091,-0.001,-0.223,2,23
TRK,89622,0.86491,-0.00012,0.03424,-0.50075,0.3526,-0.0846,0.5191,0.090,0.000,-0.215,2,23
TRK,89641,0.86509,0.00355,0.03627,-0.50029,0.3544,-0.0846,0.5149,0.090,0.002,-0.203,2,23
TRK,89661,0.86526,0.00716,0.03840,-0.49979,0.3562,-0.0845,0.5110,0.089,0.004,-0.188,2,23
TRK,89683,0.86548,0.01118,0.03972,-0.49924,0.3582,-0.0844,0.5070,0.089,0.004,-0.170,2,23
TRK,89702,0.86567,0.01464,0.04013,-0.49879,0.3597,-0.0843,0.5042,0.088,0.005,-0.162,2,23
TRK,89721,0.86571,0.01745,0.04093,-0.49857,0.3614,-0.0843,0.5010,0.087,0.006,-0.161,2,23
TRK,89744,0.86572,0.02148,0.04296,-0.49821,0.3634,-0.0841,0.4975,0.087,0.006,-0.152,2,23
TRK,89763,0.86570,0.02448,0.04410,-0.49802,0.3651,-0.0840,0.4946,0.087,0.005,-0.139,2,23
TRK,89781,0.86565,0.02727,0.04479,-0.49789,0.3666,-0.0839,0.4923,0.085,0.004,-0.131,2,23
TRK,89803,0.86553,0.03080,0.04568,-0.49782,0.3685,-0.0838,0.4895,0.084,0.004,-0.122,2,23
TRK,89824,0.86533,0.03408,0.04676,-0.49784,0.3703,-0.0838,0.4868,0.082,0.004,-0.115,2,23
TRK,89844,0.86504,0.03658,0.04815,-0.49805,0.3719,-0.0837,0.4846,0.080,0.005,-0.109,2,23
TRK,89864,0.86473,0.03904,0.04929,-0.49828,0.3735,-0.0836,0.4825,0.084,0.004,-0.098,2,23
TRK,89884,0.86453,0.04171,0.04937,-0.49840,0.3752,-0.0835,0.4807,0.086,0.004,-0.088,2,23
TRK,89903,0.86435,0.04379,0.04969,-0.49851,0.3769,-0.0834,0.4790,0.084,0.004,-0.086,2,23
TRK,89923,0.86414,0.04535,0.05066,-0.49864,0.3786,-0.0833,0.4773,0.085,0.005,-0.086,2,23
TRK,89942,0.86397,0.04632,0.05216,-0.49868,0.3800,-0.0833,0.4759,0.086,0.003,-0.079,2,23
TRK,89964,0.86380,0.04714,0.05394,-0.49872,0.3819,-0.0832,0.4740,0.084,0.004,-0.085,2,23
TRK,89982,0.86366,0.04740,0.05715,-0.49858,0.3836,-0.0831,0.4724,0.082,0.003,-0.075,2,23
TRK,90002,0.86336,0.04607,0.06278,-0.49854,0.3851,-0.0831,0.4710,0.073,0.002,-0.060,2,23
TRK,90022,0.86290,0.04448,0.06389,-0.49935,0.3866,-0.0831,0.4705,0.078,-0.002,-0.004,2,23
TRK,90041,0.86265,0.04109,0.06641,-0.49974,0.3879,-0.0831,0.4704,0.075,-0.001,-0.009,2,23
TRK,90063,0.86253,0.03830,0.06678,-0.50012,0.3896,-0.0832,0.4702,0.075,-0.006,-0.009,2,23
TRK,90081,0.86233,0.03484,0.06672,-0.50073,0.3911,-0.0834,0.4700,0.073,-0.010,-0.011,2,23
TRK,90103,0.86226,0.03048,0.06523,-0.50133,0.3925,-0.0836,0.4698,0.076,-0.009,-0.010,2,23
TRK,90122,0.86238,0.02662,0.06319,-0.50160,0.3940,-0.0838,0.4696,0.075,-0.012,-0.012,2,23
TRK,90142,0.86231,0.02180,0.06163,-0.50214,0.3956,-0.0840,0.4693,0.078,-0.010,-0.010,2,23
TRK,90162,0.86187,0.01773,0.06029,-0.50321,0.3971,-0.0842,0.4691,0.078,-0.011,-0.011,2,23
TRK,90182,0.86144,0.01508,0.05823,-0.50429,0.3987,-0.0844,0.4689,0.081,-0.009,-0.007,2,23
TRK,90204,0.86108,0.01371,0.05615,-0.50517,0.4005,-0.0846,0.4688,0.084,-0.008,-0.005,2,23
TRK,90222,0.86086,0.01457,0.05518,-0.50563,0.4022,-0.0847,0.4687,0.086,-0.008,-0.003,2,23
TRK,90242,0.86059,0.01529,0.05427,-0.50616,0.4039,-0.0849,0.4686,0.088,-0.008,-0.006,2,23
TRK,90264,0.86039,0.01481,0.05455,-0.50649,0.4059,-0.0851,0.4685,0.089,-0.008,-0.007,2,23
TRK,90284,0.86048,0.01369,0.05459,-0.50636,0.4077,-0.0852,0.4683,0.090,-0.008,-0.008,2,23
TRK,90303,0.86057,0.01168,0.05478,-0.50624,0.4092,-0.0854,0.4682,0.092,-0.009,-0.008,2,23
TRK,90322,0.85998,0.01008,0.05384,-0.50738,0.4110,-0.0855,0.4681,0.092,-0.009,-0.007,2,23
TRK,90342,0.85945,0.00791,0.05251,-0.50846,0.4129,-0.0857,0.4679,0.094,-0.010,-0.007,2,23
TRK,90362,0.85887,0.00582,0.05121,-0.50959,0.4148,-0.0859,0.4678,0.095,-0.009,-0.007,2,23
TRK,90382,0.85841,0.00389,0.04996,-0.51051,0.4166,-0.0861,0.4677,0.096,-0.010,-0.007,2,23
TRK,90402,0.85820,0.00279,0.04923,-0.51094,0.4186,-0.0863,0.4675,0.098,-0.010,-0.006,2,23
TRK,90424,0.85785,0.00274,0.04808,-0.51165,0.4208,-0.0865,0.4674,0.099,-0.010,-0.004,2,23
TRK,90443,0.85758,0.00326,0.04675,-0.51221,0.4227,-0.0867,0.4673,0.100,-0.010,-0.004,2,23
TRK,90461,0.85735,0.00366,0.04574,-0.51269,0.4245,-0.0869,0.4673,0.101,-0.010,-0.005,2,23
TRK,90481,0.85727,0.00419,0.04469,-0.51291,0.4265,-0.0871,0.4672,0.102,-0.010,-0.005,2,23
TRK,90501,0.85723,0.00482,0.04380,-0.51305,0.4285,-0.0873,0.4671,0.103,-0.010,-0.005,2,23
TRK,90521,0.85725,0.00565,0.04269,-0.51310,0.4306,-0.0875,0.4670,0.105,-0.010,-0.005,2,23
TRK,90541,0.85722,0.00617,0.04185,-0.51322,0.4329,-0.0877,0.4668,0.106,-0.011,-0.006,2,23
TRK,90561,0.85711,0.00644,0.04132,-0.51343,0.4350,-0.0879,0.4667,0.108,-0.011,-0.006,2,23
TRK,90584,0.85678,0.00680,0.04059,-0.51403,0.4374,-0.0882,0.4666,0.109,-0.011,-0.006,2,23
STAT,403.9,400.9,0,0,0,0.0563,5.623,0.1371,0.0613,0.0111,9.7784,1.87,0.081
TRK,90603,0.85669,0.00677,0.04038,-0.51421,0.4396,-0.0884,0.4665,0.110,-0.011,-0.007,2,23
TRK,90622,0.85659,0.00680,0.04021,-0.51438,0.4415,-0.0886,0.4663,0.111,-0.011,-0.006,2,23
TRK,90644,0.85649,0.00701,0.03970,-0.51459,0.4440,-0.0889,0.4662,0.111,-0.012,-0.007,2,23
TRK,90662,0.85652,0.00728,0.03893,-0.51459,0.2918,-0.0731,0.4754,0.000,0.000,0.000,1,24
TRK,90681,0.85656,0.00769,0.03809,-0.51459,0.2918,-0.0731,0.4754,0.000,0.000,0.000,1,24
TRK,90704,0.85658,0.00802,0.03755,-0.51458,0.2918,-0.0731,0.4754,0.000,0.000,0.000,1,24
TRK,90723,0.85658,0.00793,0.03744,-0.51459,0.2918,-0.0731,0.4754,0.000,0.000,0.000,1,24
TRK,90743,0.85658,0.00778,0.03747,-0.51459,0.2918,-0.0731,0.4754,0.000,0.000,0.000,1,24
TRK,90761,0.85659,0.00788,0.03724,-0.51459,0.2918,-0.0731,0.4754,0.000,0.000,0.000,1,24
TRK,90781,0.85662,0.00817,0.03667,-0.51459,0.2918,-0.0731,0.4754,0.000,0.000,0.000,1,24
TRK,90801,0.85664,0.00849,0.03598,-0.51458,0.2918,-0.0731,0.4754,0.000,0.000,0.000,1,24
TRK,90821,0.85666,0.00867,0.03554,-0.51458,0.2918,-0.0731,0.4754,0.000,0.000,0.000,1,24
TRK,90841,0.85666,0.00851,0.03541,-0.51459,0.2918,-0.0731,0.4754,0.000,0.000,0.000,1,24
TRK,90861,0.85666,0.00821,0.03541,-0.51460,0.2918,-0.0731,0.4754,0.000,0.000,0.000,1,24
TRK,90881,0.85666,0.00805,0.03521,-0.51461,0.2918,-0.0731,0.4754,0.000,0.000,0.000,1,24
TRK,90901,0.85668,0.00808,0.03491,-0.51461,0.2918,-0.0731,0.4754,0.000,0.000,0.000,1,24
TRK,90921,0.85668,0.00817,0.03466,-0.51461,0.2918,-0.0731,0.4754,0.000,0.000,0.000,1,24
TRK,90941,0.85669,0.00814,0.03446,-0.51461,0.2918,-0.0731,0.4754,0.000,0.000,0.000,1,24
TRK,90961,0.85670,0.00822,0.03426,-0.51461,0.2918,-0.0731,0.4754,0.000,0.000,0.000,1,24
TRK,90981,0.85671,0.00839,0.03407,-0.51461,0.2918,-0.0731,0.4754,0.000,0.000,0.000,1,24
TRK,91003,0.85672,0.00867,0.03375,-0.51460,0.2918,-0.0731,0.4754,0.000,0.000,0.000,1,24
TRK,91023,0.85673,0.00878,0.03352,-0.51460,0.2918,-0.0731,0.4754,0.000,0.000,0.000,1,24
TRK,91043,0.85673,0.00869,0.03352,-0.51460,0.2918,-0.0731,0.4754,0.000,0.000,0.000,1,24
TRK,91063,0.85674,0.00871,0.03332,-0.51461,0.2918,-0.0731,0.4754,0.000,0.000,0.000,1,24
TRK,91083,0.85674,0.00865,0.03304,-0.51461,0.2918,-0.0731,0.4754,0.000,0.000,0.000,1,24
TRK,91102,0.85676,0.00872,0.03258,-0.51461,0.2918,-0.0731,0.4754,0.000,0.000,0.000,1,24
TRK,91121,0.85676,0.00884,0.03245,-0.51461,0.2918,-0.0731,0.4754,0.000,0.000,0.000,1,24
TRK,91144,0.85680,0.00983,0.03160,-0.51458,0.2918,-0.0731,0.4754,0.000,0.000,0.000,1,24
TRK,91163,0.85682,0.01032,0.03098,-0.51457,0.2918,-0.0731,0.4754,0.000,0.000,0.000,1,24
TRK,91183,0.85683,0.01073,0.03079,-0.51456,0.2918,-0.0731,0.4754,0.000,0.000,0.000,1,24
TRK,91203,0.85684,0.01114,0.03061,-0.51455,0.2918,-0.0731,0.4754,0.000,0.000,0.000,1,24
TRK,91224,0.85687,0.01175,0.02982,-0.51454,0.2918,-0.0731,0.4754,0.000,0.000,0.000,1,24
TRK,91244,0.85688,0.01195,0.02952,-0.51453,0.2918,-0.0731,0.4754,0.000,0.000,0.000,1,24
TRK,91263,0.85689,0.01228,0.02936,-0.51452,0.2918,-0.0731,0.4754,0.000,0.000,0.000,1,24
TRK,91282,0.85689,0.01268,0.02933,-0.51451,0.2918,-0.0731,0.4754,0.000,0.000,0.000,1,24
TRK,91302,0.85690,0.01330,0.02914,-0.51449,0.2918,-0.0731,0.4754,0.000,0.000,0.000,1,24
TRK,91322,0.85691,0.01382,0.02892,-0.51447,0.2918,-0.0731,0.4754,0.000,0.000,0.000,1,24
TRK,91344,0.85691,0.01412,0.02879,-0.51446,0.2918,-0.0731,0.4754,0.000,0.000,0.000,1,24
TRK,91362,0.85691,0.01410,0.02895,-0.51446,0.2918,-0.0731,0.4754,0.000,0.000,0.000,1,24
TRK,91382,0.85690,0.01409,0.02924,-0.51446,0.2918,-0.0731,0.4754,0.000,0.000,0.000,1,24
TRK,91402,0.85688,0.01432,0.02970,-0.51446,0.2918,-0.0731,0.4754,0.000,0.000,0.000,1,24
TRK,91421,0.85687,0.01482,0.03022,-0.51444,0.2918,-0.0731,0.4754,0.000,0.000,0.000,1,24
TRK,91444,0.85685,0.01495,0.03082,-0.51443,0.2918,-0.0731,0.4754,0.000,0.000,0.000,1,24
TRK,91464,0.85682,0.01494,0.03169,-0.51443,0.2918,-0.0731,0.4754,0.000,0.000,0.000,1,24
TRK,91483,0.85674,0.01485,0.03420,-0.51440,0.2920,-0.0730,0.4752,0.001,0.002,-0.003,2,24
TRK,91501,0.85658,0.01477,0.03814,-0.51438,0.2921,-0.0730,0.4752,0.003,0.002,-0.003,2,24
TRK,91523,0.85640,0.01518,0.04342,-0.51425,0.2921,-0.0729,0.4751,0.003,0.007,-0.004,2,24
TRK,91543,0.85655,0.01652,0.05153,-0.51323,0.2922,-0.0727,0.4750,0.006,0.008,-0.003,2,24
TRK,91563,0.85718,0.01882,0.05764,-0.51144,0.2924,-0.0725,0.4751,0.011,0.013,0.010,2,24
TRK,91582,0.85785,0.02431,0.06248,-0.50951,0.2926,-0.0724,0.4754,0.009,0.005,0.031,2,24
STAT,403.9,400.9,0,0,0,0.9495,37.777,0.1371,0.0613,0.0111,9.7789,2.73,0.112
TRK,91604,0.85870,0.03009,0.05597,-0.50853,0.2929,-0.0723,0.4767,0.019,-0.003,0.090,2,24
TRK,91621,0.85904,0.03576,0.04584,-0.50860,0.2932,-0.0724,0.4786,0.015,-0.002,0.126,2,24
TRK,91641,0.85949,0.04007,0.03548,-0.50834,0.2934,-0.0724,0.4813,0.007,0.004,0.146,2,24
TRK,91662,0.86025,0.03961,0.02911,-0.50750,0.2935,-0.0722,0.4848,-0.000,0.011,0.171,2,24
TRK,91682,0.86117,0.03457,0.02636,-0.50646,0.2934,-0.0720,0.4885,-0.004,0.012,0.205,2,24
TRK,91702,0.86182,0.02731,0.02429,-0.50590,0.2933,-0.0717,0.4930,-0.007,0.012,0.245,2,24
TRK,91721,0.86242,0.01817,0.02272,-0.50535,0.2931,-0.0715,0.4982,-0.013,0.010,0.282,2,24
TRK,91741,0.86293,0.00782,0.02130,-0.50482,0.2928,-0.0713,0.5042,-0.015,0.009,0.320,2,24
TRK,91763,0.86324,-0.00395,0.01909,-0.50441,0.2924,-0.0711,0.5118,-0.025,0.010,0.361,2,24
TRK,91782,0.86318,-0.01274,0.01701,-0.50445,0.2919,-0.0709,0.5182,-0.027,0.012,0.385,2,24
TRK,91802,0.86305,-0.02240,0.01515,-0.50439,0.2914,-0.0707,0.5261,-0.024,0.015,0.411,2,24
TRK,91824,0.86288,-0.03381,0.01248,-0.50413,0.2909,-0.0703,0.5357,-0.021,0.020,0.449,2,24
TRK,91844,0.86256,-0.04190,0.00831,-0.50414,0.2906,-0.0699,0.5448,-0.012,0.025,0.475,2,24
TRK,91862,0.86230,-0.04921,0.00416,-0.50399,0.2904,-0.0693,0.5544,-0.004,0.033,0.493,2,24
TRK,91882,0.86193,-0.05846,0.00057,-0.50365,0.2904,-0.0685,0.5643,-0.002,0.043,0.503,2,24
TRK,91902,0.86130,-0.06859,-0.00192,-0.50344,0.2904,-0.0676,0.5744,0.002,0.051,0.517,2,24
TRK,91922,0.86047,-0.07907,-0.00464,-0.50331,0.2905,-0.0665,0.5847,0.007,0.059,0.530,2,24
TRK,91942,0.85952,-0.08949,-0.00791,-0.50315,0.2906,-0.0652,0.5953,0.008,0.070,0.534,2,24
TRK,91962,0.85850,-0.10006,-0.01096,-0.50285,0.2908,-0.0638,0.6058,0.006,0.080,0.533,2,24
TRK,91982,0.85717,-0.11100,-0.01367,-0.50274,0.2909,-0.0621,0.6163,0.005,0.088,0.528,2,24
TRK,92002,0.85576,-0.12134,-0.01704,-0.50265,0.2910,-0.0603,0.6267,0.006,0.095,0.520,2,24
TRK,92024,0.85443,-0.13196,-0.02185,-0.50206,0.2911,-0.0581,0.6381,0.008,0.101,0.502,2,24
TRK,92044,0.85334,-0.14081,-0.02644,-0.50129,0.2913,-0.0561,0.6478,0.008,0.103,0.477,2,24
TRK,92064,0.85208,-0.14950,-0.02990,-0.50072,0.2915,-0.0541,0.6569,0.008,0.099,0.441,2,24
TRK,92084,0.85076,-0.15774,-0.03160,-0.50033,0.2917,-0.0521,0.6652,0.011,0.096,0.403,2,24
TRK,92102,0.84956,-0.16465,-0.03207,-0.50011,0.2919,-0.0502,0.6729,0.014,0.093,0.371,2,24
TRK,92121,0.84817,-0.17215,-0.03272,-0.49990,0.2922,-0.0487,0.6791,0.020,0.088,0.342,2,24
TRK,92141,0.84708,-0.17915,-0.03342,-0.49925,0.2927,-0.0470,0.6854,0.024,0.080,0.303,2,24
TRK,92161,0.84629,-0.18533,-0.03427,-0.49826,0.2932,-0.0453,0.6917,0.026,0.069,0.256,2,24
TRK,92184,0.84594,-0.18985,-0.03633,-0.49701,0.2937,-0.0440,0.6968,0.017,0.050,0.200,2,24
TRK,92204,0.84555,-0.19319,-0.03655,-0.49638,0.2940,-0.0432,0.7002,0.014,0.028,0.143,2,24
TRK,92223,0.84513,-0.19605,-0.03570,-0.49603,0.2942,-0.0429,0.7024,0.009,0.009,0.086,2,24
TRK,92242,0.84496,-0.19757,-0.03459,-0.49580,0.2944,-0.0428,0.7035,0.010,-0.007,0.035,2,24
TRK,92263,0.84533,-0.19725,-0.03350,-0.49536,0.2947,-0.0432,0.7036,0.016,-0.025,-0.028,2,24
TRK,92282,0.84611,-0.19550,-0.03329,-0.49474,0.2950,-0.0438,0.7027,0.022,-0.039,-0.078,2,24
TRK,92301,0.84731,-0.19232,-0.03283,-0.49396,0.2955,-0.0447,0.7005,0.023,-0.055,-0.140,2,24
TRK,92324,0.84846,-0.18802,-0.03043,-0.49379,0.2959,-0.0461,0.6966,0.017,-0.069,-0.206,2,24
TRK,92343,0.84933,-0.18379,-0.02718,-0.49408,0.2963,-0.0475,0.6921,0.019,-0.075,-0.253,2,24
TRK,92361,0.85028,-0.17932,-0.02490,-0.49422,0.2966,-0.0488,0.6874,0.021,-0.078,-0.288,2,24
TRK,92381,0.85163,-0.17299,-0.02285,-0.49424,0.2970,-0.0504,0.6813,0.019,-0.082,-0.327,2,24
TRK,92401,0.85311,-0.16565,-0.02110,-0.49429,0.2973,-0.0520,0.6745,0.013,-0.084,-0.360,2,24
TRK,92421,0.85444,-0.15767,-0.01929,-0.49467,0.2975,-0.0539,0.6661,0.004,-0.087,-0.392,2,24
TRK,92442,0.85560,-0.14841,-0.01684,-0.49562,0.2975,-0.0557,0.6581,-0.002,-0.087,-0.416,2,24
TRK,92462,0.85639,-0.14024,-0.01421,-0.49671,0.2974,-0.0574,0.6497,-0.004,-0.086,-0.437,2,24
TRK,92482,0.85719,-0.13213,-0.01124,-0.49763,0.2974,-0.0590,0.6409,0.001,-0.083,-0.456,2,24
TRK,92501,0.85800,-0.12484,-0.00880,-0.49818,0.2975,-0.0607,0.6317,0.009,-0.079,-0.472,2,24
TRK,92521,0.85912,-0.11520,-0.00659,-0.49860,0.2978,-0.0622,0.6222,0.018,-0.074,-0.487,2,24
TRK,92544,0.86035,-0.10397,-0.00306,-0.49898,0.2982,-0.0637,0.6112,0.023,-0.066,-0.502,2,24
TRK,92563,0.86112,-0.09444,0.00172,-0.49954,0.2987,-0.0649,0.6012,0.022,-0.057,-0.504,2,24
TRK,92582,0.86168,-0.08552,0.00689,-0.50015,0.2991,-0.0660,0.5913,0.025,-0.046,-0.490,2,24
STAT,404.5,400.5,0,0,0,0.7957,58.751,0.1371,0.0613,0.0111,9.7789,2.73,0.112
TRK,92604,0.86248,-0.07574,0.01109,-0.50027,0.2998,-0.0669,0.5807,0.034,-0.035,-0.469,2,24
TRK,92624,0.86332,-0.06785,0.01393,-0.49988,0.3005,-0.0675,0.5715,0.035,-0.028,-0.459,2,24
TRK,92644,0.86409,-0.06075,0.01718,-0.49937,0.3012,-0.0680,0.5625,0.039,-0.021,-0.446,2,24
TRK,92663,0.86469,-0.05477,0.01996,-0.49891,0.3019,-0.0683,0.5549,0.046,-0.017,-0.429,2,24
TRK,92682,0.86540,-0.04819,0.02315,-0.49822,0.3030,-0.0686,0.5466,0.057,-0.013,-0.413,2,24
TRK,92702,0.86648,-0.04012,0.02533,-0.49695,0.3042,-0.0688,0.5386,0.068,-0.008,-0.396,2,24
TRK,92722,0.86728,-0.03242,0.02878,-0.49594,0.3055,-0.0689,0.5308,0.066,-0.008,-0.390,2,24
TRK,92742,0.86784,-0.02599,0.03288,-0.49507,0.3068,-0.0690,0.5233,0.064,-0.002,-0.366,2,24
TRK,92762,0.86835,-0.01900,0.03581,-0.49430,0.3081,-0.0690,0.5164,0.060,0.003,-0.331,2,24
TRK,92782,0.86857,-0.01220,0.03789,-0.49396,0.3093,-0.0689,0.5095,0.047,0.008,-0.293,2,24
TRK,92801,0.86829,-0.00574,0.03903,-0.49448,0.3100,-0.0688,0.5047,0.038,0.009,-0.265,2,24
TRK,92823,0.86746,0.00114,0.04102,-0.49581,0.3107,-0.0685,0.4991,0.028,0.011,-0.237,2,24
TRK,92844,0.86647,0.00720,0.04300,-0.49733,0.3113,-0.0683,0.4942,0.033,0.011,-0.201,2,24
TRK,92864,0.86600,0.01232,0.04405,-0.49795,0.3121,-0.0680,0.4905,0.040,0.013,-0.169,2,24
TRK,92884,0.86575,0.01685,0.04364,-0.49829,0.3129,-0.0678,0.4876,0.043,0.011,-0.133,2,24
TRK,92903,0.86555,0.02017,0.04336,-0.49854,0.3137,-0.0676,0.4854,0.044,0.012,-0.115,2,24
TRK,92922,0.86528,0.02337,0.04378,-0.49883,0.3146,-0.0673,0.4833,0.047,0.014,-0.102,2,24
TRK,92942,0.86515,0.02572,0.04531,-0.49880,0.3155,-0.0671,0.4814,0.051,0.014,-0.093,2,24
TRK,92962,0.86495,0.02779,0.04763,-0.49881,0.3166,-0.0668,0.4796,0.053,0.013,-0.086,2,24
TRK,92982,0.86464,0.02936,0.05157,-0.49888,0.3176,-0.0666,0.4782,0.053,0.012,-0.056,2,24
TRK,93002,0.86400,0.02829,0.05614,-0.49955,0.3187,-0.0663,0.4772,0.042,0.013,-0.038,2,24
TRK,93022,0.86313,0.02648,0.06068,-0.50063,0.3195,-0.0660,0.4766,0.040,0.013,-0.019,2,24
TRK,93042,0.86241,0.02405,0.06452,-0.50150,0.3203,-0.0658,0.4762,0.039,0.012,-0.021,2,24
TRK,93061,0.86156,0.02108,0.06921,-0.50248,0.3209,-0.0656,0.4758,0.034,0.007,-0.025,2,24
TRK,93084,0.86049,0.02179,0.06944,-0.50424,0.3218,-0.0655,0.4755,0.038,0.006,-0.003,2,24
TRK,93103,0.86034,0.02163,0.06580,-0.50499,0.3224,-0.0654,0.4754,0.037,0.004,-0.005,2,24
TRK,93121,0.86013,0.01878,0.06199,-0.50594,0.3232,-0.0653,0.4753,0.038,0.002,-0.006,2,24
TRK,93143,0.85943,0.01560,0.05725,-0.50780,0.3239,-0.0653,0.4751,0.040,0.002,-0.007,2,24
TRK,93162,0.85932,0.01419,0.05521,-0.50825,0.3248,-0.0652,0.4751,0.044,0.007,-0.001,2,24
TRK,93182,0.85902,0.01529,0.05317,-0.50894,0.3257,-0.0650,0.4751,0.047,0.009,-0.001,2,24
TRK,93202,0.85869,0.01427,0.05173,-0.50967,0.3266,-0.0648,0.4750,0.049,0.009,-0.005,2,24
TRK,93224,0.85820,0.01206,0.05097,-0.51064,0.3277,-0.0646,0.4749,0.049,0.009,-0.004,2,24
TRK,93242,0.85773,0.01092,0.05012,-0.51153,0.3286,-0.0645,0.4749,0.050,0.008,-0.003,2,24
TRK,93262,0.85722,0.01020,0.04824,-0.51258,0.3297,-0.0643,0.4748,0.051,0.008,-0.002,2,24
TRK,93282,0.85686,0.00899,0.04659,-0.51337,0.3307,-0.0641,0.4748,0.053,0.008,-0.004,2,24
TRK,93302,0.85655,0.00793,0.04568,-0.51397,0.3318,-0.0640,0.4747,0.052,0.008,-0.002,2,24
TRK,93324,0.85659,0.00821,0.04423,-0.51403,0.3329,-0.0638,0.4747,0.053,0.009,-0.002,2,24
TRK,93343,0.85673,0.00877,0.04310,-0.51388,0.3339,-0.0636,0.4746,0.053,0.009,-0.002,2,24
TRK,93362,0.85684,0.00951,0.04178,-0.51381,0.3349,-0.0635,0.4746,0.054,0.009,-0.001,2,24
TRK,93382,0.85696,0.01074,0.03960,-0.51374,0.3360,-0.0633,0.4746,0.055,0.009,-0.000,2,24
TRK,93403,0.85711,0.01215,0.03711,-0.51365,0.3372,-0.0631,0.4746,0.056,0.009,-0.002,2,24
TRK,93423,0.85719,0.01277,0.03600,-0.51358,0.3384,-0.0629,0.4745,0.057,0.008,-0.003,2,24
TRK,93442,0.85723,0.01331,0.03518,-0.51357,0.3394,-0.0628,0.4745,0.058,0.008,-0.003,2,24
TRK,93461,0.85723,0.01369,0.03447,-0.51360,0.3405,-0.0626,0.4744,0.059,0.008,-0.003,2,24
TRK,93481,0.85723,0.01413,0.03328,-0.51367,0.3417,-0.0625,0.4744,0.059,0.007,-0.002,2,24
TRK,93504,0.85721,0.01456,0.03185,-0.51378,0.3430,-0.0623,0.4743,0.060,0.008,-0.003,2,24
TRK,93523,0.85726,0.01452,0.03114,-0.51374,0.3442,-0.0622,0.4743,0.060,0.008,-0.003,2,24
TRK,93543,0.85730,0.01429,0.03070,-0.51370,0.3454,-0.0620,0.4742,0.061,0.008,-0.004,2,24
TRK,93561,0.85732,0.01392,0.03047,-0.51369,0.3466,-0.0619,0.4741,0.061,0.007,-0.004,2,24
TRK,93581,0.85739,0.01341,0.03006,-0.51362,0.3478,-0.0617,0.4740,0.062,0.007,-0.004,2,24
STAT,404.5,400.5,0,0,0,0.0407,4.016,0.1371,0.0613,0.0111,9.7789,2.73,0.112
TRK,93601,0.85747,0.01303,0.02934,-0.51354,0.3491,-0.0616,0.4740,0.062,0.007,-0.003,2,24
TRK,93624,0.85750,0.01317,0.02846,-0.51353,0.2783,-0.0694,0.4772,0.000,0.000,0.000,1,25
TRK,93643,0.85751,0.01310,0.02827,-0.51353,0.2783,-0.0694,0.4772,0.000,0.000,0.000,1,25
TRK,93664,0.85751,0.01294,0.02828,-0.51353,0.2783,-0.0694,0.4772,0.000,0.000,0.000,1,25
TRK,93682,0.85750,0.01264,0.02836,-0.51354,0.2783,-0.0694,0.4772,0.000,0.000,0.000,1,25
TRK,93704,0.85751,0.01265,0.02814,-0.51354,0.2783,-0.0694,0.4772,0.000,0.000,0.000,1,25
TRK,93722,0.85752,0.01274,0.02794,-0.51354,0.2783,-0.0694,0.4772,0.000,0.000,0.000,1,25
TRK,93742,0.85752,0.01264,0.02787,-0.51354,0.2783,-0.0694,0.4772,0.000,0.000,0.000,1,25
TRK,93764,0.85752,0.01259,0.02771,-0.51355,0.2783,-0.0694,0.4772,0.000,0.000,0.000,1,25
TRK,93784,0.85753,0.01256,0.02741,-0.51355,0.2783,-0.0694,0.4772,0.000,0.000,0.000,1,25
TRK,93804,0.85753,0.01247,0.02730,-0.51355,0.2783,-0.0694,0.4772,0.000,0.000,0.000,1,25
TRK,93823,0.85753,0.01240,0.02738,-0.51355,0.2783,-0.0694,0.4772,0.000,0.000,0.000,1,25
TRK,93842,0.85753,0.01237,0.02732,-0.51355,0.2783,-0.0694,0.4772,0.000,0.000,0.000,1,25
TRK,93862,0.85753,0.01234,0.02727,-0.51356,0.2783,-0.0694,0.4772,0.000,0.000,0.000,1,25
TRK,93884,0.85755,0.01274,0.02670,-0.51355,0.2783,-0.0694,0.4772,0.000,0.000,0.000,1,25
TRK,93904,0.85755,0.01269,0.02662,-0.51355,0.2783,-0.0694,0.4772,0.000,0.000,0.000,1,25
TRK,93922,0.85755,0.01268,0.02669,-0.51355,0.2783,-0.0694,0.4772,0.000,0.000,0.000,1,25
TRK,93944,0.85756,0.01273,0.02656,-0.51355,0.2783,-0.0694,0.4772,0.000,0.000,0.000,1,25
TRK,93962,0.85755,0.01259,0.02661,-0.51355,0.2783,-0.0694,0.4772,0.000,0.000,0.000,1,25
TRK,93984,0.85756,0.01275,0.02646,-0.51355,0.2783,-0.0694,0.4772,0.000,0.000,0.000,1,25
TRK,94003,0.85757,0.01297,0.02613,-0.51354,0.2783,-0.0694,0.4772,0.000,0.000,0.000,1,25
TRK,94023,0.85759,0.01340,0.02559,-0.51353,0.2783,-0.0694,0.4772,0.000,0.000,0.000,1,25
TRK,94043,0.85761,0.01397,0.02481,-0.51351,0.2783,-0.0694,0.4772,0.000,0.000,0.000,1,25
TRK,94061,0.85761,0.01378,0.02473,-0.51352,0.2783,-0.0694,0.4772,0.000,0.000,0.000,1,25
TRK,94081,0.85761,0.01375,0.02463,-0.51352,0.2783,-0.0694,0.4772,0.000,0.000,0.000,1,25
TRK,94103,0.85762,0.01409,0.02437,-0.51351,0.2783,-0.0694,0.4772,0.000,0.000,0.000,1,25
TRK,94123,0.85763,0.01450,0.02412,-0.51350,0.2783,-0.0694,0.4772,0.000,0.000,0.000,1,25
TRK,94143,0.85763,0.01459,0.02412,-0.51350,0.2783,-0.0694,0.4772,0.000,0.000,0.000,1,25
TRK,94162,0.85763,0.01470,0.02400,-0.51349,0.2783,-0.0694,0.4772,0.000,0.000,0.000,1,25
TRK,94184,0.85764,0.01491,0.02379,-0.51349,0.2783,-0.0694,0.4772,0.000,0.000,0.000,1,25
TRK,94203,0.85764,0.01507,0.02365,-0.51348,0.2783,-0.0694,0.4772,0.000,0.000,0.000,1,25
TRK,94222,0.85764,0.01526,0.02356,-0.51348,0.2783,-0.0694,0.4772,0.000,0.000,0.000,1,25
TRK,94243,0.85764,0.01534,0.02366,-0.51348,0.2783,-0.0694,0.4772,0.000,0.000,0.000,1,25
TRK,94264,0.85762,0.01540,0.02428,-0.51347,0.2783,-0.0694,0.4772,0.000,0.000,0.000,1,25
TRK,94283,0.85761,0.01525,0.02484,-0.51348,0.2783,-0.0694,0.4772,0.000,0.000,0.000,1,25
TRK,94301,0.85758,0.01503,0.02560,-0.51349,0.2783,-0.0694,0.4772,0.000,0.000,0.000,1,25
TRK,94321,0.85755,0.01512,0.02665,-0.51348,0.2783,-0.0694,0.4772,0.000,0.000,0.000,1,25
TRK,94342,0.85725,0.01614,0.02837,-0.51386,0.2785,-0.0693,0.4771,0.001,-0.000,0.001,2,25
TRK,94362,0.85628,0.01863,0.03119,-0.51523,0.2785,-0.0693,0.4771,-0.005,0.001,-0.001,2,25
TRK,94384,0.85507,0.01929,0.04152,-0.51649,0.2784,-0.0692,0.4770,-0.001,0.007,-0.009,2,25
TRK,94404,0.85450,0.01862,0.05712,-0.51597,0.2785,-0.0690,0.4769,0.012,0.015,0.011,2,25
TRK,94422,0.85588,0.01786,0.05822,-0.51357,0.2792,-0.0688,0.4780,0.045,0.010,0.098,2,25
TRK,94442,0.85804,0.01610,0.04930,-0.51095,0.2800,-0.0686,0.4806,0.037,0.008,0.160,2,25
TRK,94461,0.85959,0.01320,0.03939,-0.50930,0.2805,-0.0684,0.4837,0.023,0.018,0.206,2,25
TRK,94484,0.86055,0.00755,0.03064,-0.50840,0.2807,-0.0679,0.4894,-0.001,0.027,0.251,2,25
TRK,94504,0.86099,-0.00002,0.02623,-0.50794,0.2806,-0.0673,0.4948,-0.007,0.034,0.302,2,25
TRK,94523,0.86126,-0.00807,0.02226,-0.50762,0.2805,-0.0666,0.5005,-0.010,0.037,0.346,2,25
TRK,94542,0.86096,-0.02011,0.01839,-0.50794,0.2803,-0.0659,0.5078,-0.012,0.039,0.394,2,25
TRK,94562,0.86019,-0.03371,0.01490,-0.50864,0.2800,-0.0651,0.5160,-0.016,0.042,0.437,2,25
TRK,94582,0.85936,-0.04583,0.00999,-0.50922,0.2797,-0.0642,0.5251,-0.012,0.046,0.475,2,25
STAT,404.3,400.8,0,0,0,0.5722,69.477,0.1371,0.0613,0.0111,9.7782,2.28,0.063
TRK,94602,0.85885,-0.05638,0.00430,-0.50909,0.2795,-0.0633,0.5348,-0.007,0.050,0.507,2,25
TRK,94622,0.85850,-0.06604,-0.00209,-0.50855,0.2794,-0.0623,0.5451,-0.002,0.053,0.534,2,25
TRK,94641,0.85821,-0.07515,-0.00802,-0.50771,0.2794,-0.0612,0.5558,0.005,0.055,0.551,2,25
TRK,94661,0.85772,-0.08564,-0.01243,-0.50679,0.2795,-0.0601,0.5668,0.005,0.057,0.561,2,25
TRK,94681,0.85682,-0.09712,-0.01538,-0.50615,0.2797,-0.0589,0.5780,0.008,0.061,0.568,2,25
TRK,94701,0.85592,-0.10831,-0.01849,-0.50529,0.2799,-0.0577,0.5894,0.014,0.066,0.582,2,25
TRK,94721,0.85500,-0.11832,-0.02287,-0.50443,0.2802,-0.0563,0.6009,0.018,0.072,0.584,2,25
TRK,94741,0.85404,-0.12853,-0.02691,-0.50336,0.2807,-0.0546,0.6138,0.024,0.078,0.570,2,25
TRK,94763,0.85284,-0.14083,-0.02982,-0.50194,0.2811,-0.0531,0.6249,0.023,0.080,0.553,2,25
TRK,94782,0.85167,-0.15043,-0.03138,-0.50104,0.2816,-0.0515,0.6358,0.024,0.083,0.539,2,25
TRK,94802,0.85039,-0.16103,-0.03326,-0.49980,0.2821,-0.0498,0.6463,0.026,0.084,0.522,2,25
TRK,94822,0.84917,-0.17134,-0.03523,-0.49831,0.2826,-0.0481,0.6564,0.026,0.083,0.499,2,25
TRK,94842,0.84781,-0.18108,-0.03706,-0.49705,0.2831,-0.0465,0.6660,0.022,0.081,0.470,2,25
TRK,94862,0.84625,-0.18988,-0.03817,-0.49634,0.2835,-0.0450,0.6750,0.019,0.077,0.438,2,25
TRK,94884,0.84440,-0.19920,-0.03876,-0.49580,0.2839,-0.0433,0.6843,0.020,0.072,0.400,2,25
TRK,94902,0.84311,-0.20582,-0.03922,-0.49524,0.2844,-0.0419,0.6919,0.024,0.065,0.363,2,25
TRK,94922,0.84194,-0.21257,-0.03984,-0.49433,0.2849,-0.0407,0.6986,0.026,0.057,0.319,2,25
TRK,94944,0.84114,-0.21777,-0.04138,-0.49330,0.2854,-0.0396,0.7052,0.020,0.042,0.263,2,25
TRK,94964,0.84049,-0.22138,-0.04176,-0.49277,0.2857,-0.0390,0.7099,0.017,0.025,0.213,2,25
TRK,94983,0.83974,-0.22520,-0.04078,-0.49240,0.2860,-0.0387,0.7131,0.012,0.011,0.167,2,25
TRK,95002,0.83911,-0.22785,-0.03908,-0.49240,0.2862,-0.0386,0.7159,0.008,-0.005,0.112,2,25
TRK,95022,0.83864,-0.22941,-0.03677,-0.49265,0.2863,-0.0388,0.7176,0.008,-0.019,0.060,2,25
TRK,95044,0.83862,-0.22934,-0.03440,-0.49289,0.2865,-0.0394,0.7182,0.009,-0.033,-0.002,2,25
TRK,95063,0.83895,-0.22810,-0.03251,-0.49302,0.2867,-0.0402,0.7177,0.012,-0.042,-0.055,2,25
TRK,95082,0.83942,-0.22629,-0.03103,-0.49315,0.2869,-0.0410,0.7163,0.013,-0.052,-0.102,2,25
TRK,95104,0.84036,-0.22258,-0.02908,-0.49336,0.2873,-0.0422,0.7133,0.017,-0.061,-0.166,2,25
TRK,95122,0.84133,-0.21850,-0.02744,-0.49362,0.2876,-0.0435,0.7095,0.014,-0.069,-0.222,2,25
TRK,95141,0.84246,-0.21299,-0.02503,-0.49424,0.2878,-0.0448,0.7052,0.009,-0.074,-0.266,2,25
TRK,95161,0.84376,-0.20616,-0.02286,-0.49501,0.2879,-0.0463,0.6995,0.004,-0.078,-0.312,2,25
TRK,95181,0.84525,-0.19802,-0.02120,-0.49587,0.2880,-0.0478,0.6929,-0.002,-0.082,-0.352,2,25
TRK,95201,0.84679,-0.18875,-0.02003,-0.49691,0.2878,-0.0495,0.6856,-0.010,-0.085,-0.389,2,25
TRK,95221,0.84815,-0.17910,-0.01846,-0.49823,0.2875,-0.0514,0.6765,-0.018,-0.088,-0.430,2,25
TRK,95241,0.84925,-0.16930,-0.01582,-0.49987,0.2871,-0.0532,0.6676,-0.022,-0.088,-0.461,2,25
TRK,95264,0.85030,-0.15761,-0.01205,-0.50199,0.2866,-0.0551,0.6570,-0.021,-0.084,-0.490,2,25
TRK,95283,0.85125,-0.14667,-0.00860,-0.50377,0.2862,-0.0567,0.6472,-0.015,-0.077,-0.507,2,25
TRK,95303,0.85238,-0.13511,-0.00566,-0.50514,0.2860,-0.0581,0.6370,-0.011,-0.068,-0.516,2,25
TRK,95323,0.85345,-0.12346,-0.00311,-0.50634,0.2858,-0.0594,0.6268,-0.006,-0.060,-0.520,2,25
TRK,95343,0.85431,-0.11173,-0.00076,-0.50761,0.2858,-0.0605,0.6165,-0.000,-0.055,-0.525,2,25
TRK,95361,0.85489,-0.10193,0.00216,-0.50869,0.2858,-0.0614,0.6073,0.004,-0.050,-0.533,2,25
TRK,95381,0.85559,-0.09098,0.00705,-0.50955,0.2859,-0.0624,0.5967,0.011,-0.044,-0.539,2,25
TRK,95401,0.85640,-0.08013,0.01217,-0.50991,0.2862,-0.0631,0.5861,0.018,-0.036,-0.527,2,25
TRK,95421,0.85722,-0.06963,0.01598,-0.50998,0.2867,-0.0638,0.5759,0.025,-0.029,-0.503,2,25
TRK,95441,0.85794,-0.05996,0.01853,-0.50991,0.2872,-0.0643,0.5662,0.031,-0.024,-0.484,2,25
TRK,95461,0.85855,-0.05054,0.02143,-0.50979,0.2880,-0.0648,0.5555,0.040,-0.018,-0.472,2,25
TRK,95484,0.85933,-0.04051,0.02678,-0.50911,0.2890,-0.0651,0.5452,0.047,-0.011,-0.451,2,25
TRK,95504,0.86015,-0.03152,0.03099,-0.50812,0.2899,-0.0652,0.5367,0.049,-0.004,-0.413,2,25
TRK,95524,0.86066,-0.02288,0.03381,-0.50754,0.2909,-0.0653,0.5288,0.048,-0.000,-0.375,2,25
TRK,95544,0.86112,-0.01548,0.03584,-0.50689,0.2918,-0.0653,0.5218,0.049,0.003,-0.342,2,25
TRK,95564,0.86149,-0.00791,0.03688,-0.50638,0.2928,-0.0652,0.5152,0.051,0.004,-0.316,2,25
TRK,95584,0.86185,-0.00147,0.03805,-0.50574,0.2938,-0.0651,0.5092,0.052,0.004,-0.289,2,25
STAT,404.3,400.8,0,0,0,0.4047,44.541,0.1371,0.0613,0.0111,9.7782,2.28,0.063
TRK,95603,0.86195,0.00441,0.03894,-0.50547,0.2949,-0.0650,0.5038,0.053,0.004,-0.257,2,25
TRK,95622,0.86200,0.00974,0.04012,-0.50523,0.2959,-0.0650,0.4989,0.053,0.003,-0.238,2,25
TRK,95643,0.86183,0.01463,0.04195,-0.50525,0.2970,-0.0649,0.4944,0.056,0.003,-0.217,2,25
TRK,95663,0.86181,0.01951,0.04359,-0.50498,0.2982,-0.0649,0.4903,0.061,0.001,-0.196,2,25
TRK,95683,0.86157,0.02464,0.04500,-0.50504,0.2994,-0.0648,0.4866,0.061,0.000,-0.183,2,25
TRK,95701,0.86122,0.02861,0.04735,-0.50521,0.3006,-0.0648,0.4830,0.061,0.003,-0.185,2,25
TRK,95721,0.86067,0.03194,0.05181,-0.50551,0.3018,-0.0648,0.4795,0.062,0.001,-0.168,2,25
TRK,95743,0.85990,0.03592,0.05830,-0.50585,0.3031,-0.0648,0.4758,0.055,0.002,-0.159,2,25
TRK,95763,0.85966,0.03417,0.05159,-0.50711,0.3043,-0.0650,0.4745,0.051,-0.013,0.023,2,25
TRK,95782,0.85899,0.03513,0.05186,-0.50815,0.3049,-0.0650,0.4745,0.029,0.004,-0.013,2,25
TRK,95801,0.85765,0.03357,0.05276,-0.51042,0.3056,-0.0649,0.4744,0.039,0.002,-0.006,2,25
TRK,95824,0.85739,0.03022,0.05251,-0.51109,0.3064,-0.0649,0.4742,0.039,0.002,-0.011,2,25
TRK,95844,0.85804,0.02648,0.05112,-0.51035,0.3072,-0.0649,0.4739,0.041,-0.001,-0.011,2,25
TRK,95863,0.85892,0.02394,0.04861,-0.50923,0.3080,-0.0649,0.4737,0.040,-0.002,-0.008,2,25
TRK,95883,0.85954,0.02318,0.04634,-0.50844,0.3088,-0.0649,0.4736,0.038,-0.001,-0.002,2,25
TRK,95903,0.85972,0.02449,0.04485,-0.50820,0.3096,-0.0649,0.4736,0.040,-0.001,-0.005,2,25
TRK,95921,0.85969,0.02540,0.04373,-0.50831,0.3104,-0.0650,0.4735,0.041,-0.001,-0.005,2,25
TRK,95943,0.85949,0.02627,0.04269,-0.50868,0.3112,-0.0650,0.4734,0.041,-0.002,-0.003,2,25
TRK,95961,0.85913,0.02733,0.04145,-0.50935,0.3120,-0.0651,0.4733,0.041,-0.003,-0.004,2,25
TRK,95983,0.85856,0.02771,0.04101,-0.51031,0.3129,-0.0651,0.4732,0.041,-0.004,-0.008,2,25
TRK,96002,0.85800,0.02764,0.04108,-0.51126,0.3136,-0.0652,0.4731,0.041,-0.004,-0.006,2,25
TRK,96022,0.85766,0.02780,0.04089,-0.51183,0.3145,-0.0653,0.4729,0.041,-0.004,-0.005,2,25
TRK,96042,0.85758,0.02784,0.04085,-0.51197,0.3153,-0.0654,0.4728,0.042,-0.004,-0.006,2,25
TRK,96062,0.85757,0.02796,0.04071,-0.51200,0.3162,-0.0655,0.4727,0.043,-0.005,-0.006,2,25
TRK,96082,0.85760,0.02822,0.04048,-0.51195,0.3171,-0.0656,0.4726,0.044,-0.006,-0.006,2,25
TRK,96102,0.85760,0.02837,0.04032,-0.51194,0.3179,-0.0657,0.4725,0.044,-0.006,-0.005,2,25
TRK,96121,0.85750,0.02853,0.04007,-0.51213,0.3187,-0.0658,0.4724,0.044,-0.007,-0.006,2,25
TRK,96141,0.85752,0.02841,0.03968,-0.51213,0.2763,-0.0590,0.4788,0.000,0.000,0.000,1,26
TRK,96161,0.85754,0.02822,0.03934,-0.51214,0.2763,-0.0590,0.4788,0.000,0.000,0.000,1,26
TRK,96184,0.85756,0.02812,0.03885,-0.51214,0.2763,-0.0590,0.4788,0.000,0.000,0.000,1,26
TRK,96202,0.85757,0.02810,0.03858,-0.51214,0.2763,-0.0590,0.4788,0.000,0.000,0.000,1,26
TRK,96222,0.85759,0.02826,0.03825,-0.51213,0.2763,-0.0590,0.4788,0.000,0.000,0.000,1,26
TRK,96242,0.85761,0.02850,0.03785,-0.51212,0.2763,-0.0590,0.4788,0.000,0.000,0.000,1,26
TRK,96262,0.85762,0.02861,0.03754,-0.51211,0.2763,-0.0590,0.4788,0.000,0.000,0.000,1,26
TRK,96282,0.85762,0.02866,0.03749,-0.51211,0.2763,-0.0590,0.4788,0.000,0.000,0.000,1,26
TRK,96302,0.85763,0.02875,0.03724,-0.51210,0.2763,-0.0590,0.4788,0.000,0.000,0.000,1,26
TRK,96322,0.85765,0.02884,0.03685,-0.51210,0.2763,-0.0590,0.4788,0.000,0.000,0.000,1,26
TRK,96342,0.85768,0.02917,0.03626,-0.51208,0.2763,-0.0590,0.4788,0.000,0.000,0.000,1,26
TRK,96362,0.85769,0.02945,0.03589,-0.51206,0.2763,-0.0590,0.4788,0.000,0.000,0.000,1,26
TRK,96382,0.85770,0.02954,0.03572,-0.51206,0.2763,-0.0590,0.4788,0.000,0.000,0.000,1,26
TRK,96402,0.85771,0.02960,0.03541,-0.51205,0.2763,-0.0590,0.4788,0.000,0.000,0.000,1,26
TRK,96422,0.85774,0.02981,0.03488,-0.51204,0.2763,-0.0590,0.4788,0.000,0.000,0.000,1,26
TRK,96442,0.85775,0.02988,0.03446,-0.51203,0.2763,-0.0590,0.4788,0.000,0.000,0.000,1,26
TRK,96462,0.85778,0.02999,0.03384,-0.51202,0.2763,-0.0590,0.4788,0.000,0.000,0.000,1,26
TRK,96484,0.85781,0.03014,0.03311,-0.51201,0.2763,-0.0590,0.4788,0.000,0.000,0.000,1,26
TRK,96502,0.85783,0.03031,0.03270,-0.51200,0.2763,-0.0590,0.4788,0.000,0.000,0.000,1,26
TRK,96524,0.85784,0.03064,0.03225,-0.51198,0.2763,-0.0590,0.4788,0.000,0.000,0.000,1,26
TRK,96542,0.85786,0.03072,0.03189,-0.51197,0.2763,-0.0590,0.4788,0.000,0.000,0.000,1,26
TRK,96562,0.85788,0.03090,0.03146,-0.51196,0.2763,-0.0590,0.4788,0.000,0.000,0.000,1,26
TRK,96581,0.85790,0.03131,0.03076,-0.51194,0.2763,-0.0590,0.4788,0.000,0.000,0.000,1,26
STAT,404.3,400.8,0,0,0,0.0484,2.761,0.1371,0.0613,0.0111,9.7762,1.94,0.045
TRK,96601,0.85791,0.03166,0.03051,-0.51192,0.2763,-0.0590,0.4788,0.000,0.000,0.000,1,26
TRK,96621,0.85791,0.03206,0.03023,-0.51190,0.2763,-0.0590,0.4788,0.000,0.000,0.000,1,26
TRK,96641,0.85792,0.03213,0.03014,-0.51190,0.2763,-0.0590,0.4788,0.000,0.000,0.000,1,26
TRK,96661,0.85792,0.03241,0.02995,-0.51188,0.2763,-0.0590,0.4788,0.000,0.000,0.000,1,26
TRK,96684,0.85794,0.03293,0.02942,-0.51185,0.2763,-0.0590,0.4788,0.000,0.000,0.000,1,26
TRK,96703,0.85795,0.03321,0.02911,-0.51184,0.2763,-0.0590,0.4788,0.000,0.000,0.000,1,26
TRK,96722,0.85795,0.03309,0.02906,-0.51184,0.2763,-0.0590,0.4788,0.000,0.000,0.000,1,26
TRK,96741,0.85795,0.03295,0.02907,-0.51185,0.2763,-0.0590,0.4788,0.000,0.000,0.000,1,26
TRK,96764,0.85796,0.03297,0.02897,-0.51184,0.2763,-0.0590,0.4788,0.000,0.000,0.000,1,26
TRK,96783,0.85796,0.03328,0.02872,-0.51183,0.2763,-0.0590,0.4788,0.000,0.000,0.000,1,26
TRK,96801,0.85796,0.03362,0.02862,-0.51181,0.2763,-0.0590,0.4788,0.000,0.000,0.000,1,26
TRK,96821,0.85794,0.03418,0.02901,-0.51179,0.2763,-0.0590,0.4788,0.000,0.000,0.000,1,26
TRK,96841,0.85789,0.03497,0.02984,-0.51177,0.2763,-0.0590,0.4788,0.000,0.000,0.000,1,26
TRK,96861,0.85784,0.03459,0.03103,-0.51181,0.2763,-0.0590,0.4788,0.000,0.000,0.000,1,26
TRK,96881,0.85725,0.03180,0.03498,-0.51273,0.2762,-0.0590,0.4789,-0.003,0.001,-0.001,2,26
TRK,96901,0.85689,0.03131,0.04151,-0.51288,0.2761,-0.0589,0.4789,-0.002,0.007,0.001,2,26
TRK,96921,0.85694,0.03214,0.05216,-0.51176,0.2761,-0.0588,0.4789,0.001,0.010,0.009,2,26
TRK,96941,0.85800,0.03202,0.05535,-0.50966,0.2762,-0.0586,0.4795,0.007,0.009,0.047,2,26
TRK,96961,0.85954,0.03363,0.05283,-0.50721,0.2763,-0.0584,0.4810,-0.001,0.007,0.101,2,26
TRK,96981,0.86067,0.03347,0.04951,-0.50564,0.2761,-0.0583,0.4834,-0.010,0.007,0.152,2,26
TRK,97001,0.86142,0.03077,0.04659,-0.50481,0.2759,-0.0581,0.4871,-0.016,0.010,0.215,2,26
TRK,97021,0.86195,0.02557,0.04361,-0.50447,0.2756,-0.0579,0.4919,-0.017,0.012,0.273,2,26
TRK,97042,0.86238,0.01525,0.04165,-0.50431,0.2751,-0.0576,0.4986,-0.024,0.014,0.324,2,26
TRK,97063,0.86243,0.00451,0.04117,-0.50448,0.2745,-0.0573,0.5054,-0.033,0.013,0.363,2,26
TRK,97084,0.86203,-0.00861,0.04146,-0.50508,0.2737,-0.0570,0.5140,-0.038,0.015,0.406,2,26
TRK,97103,0.86159,-0.01827,0.04089,-0.50563,0.2731,-0.0568,0.5213,-0.036,0.016,0.439,2,26
TRK,97121,0.86109,-0.02765,0.04000,-0.50612,0.2724,-0.0564,0.5303,-0.030,0.019,0.467,2,26
TRK,97144,0.86043,-0.04017,0.03769,-0.50658,0.2718,-0.0559,0.5410,-0.025,0.025,0.498,2,26
TRK,97164,0.85994,-0.04954,0.03544,-0.50675,0.2714,-0.0554,0.5512,-0.016,0.032,0.525,2,26
TRK,97184,0.85919,-0.06019,0.03301,-0.50704,0.2712,-0.0547,0.5616,-0.012,0.039,0.533,2,26
TRK,97204,0.85851,-0.07102,0.03086,-0.50692,0.2710,-0.0538,0.5723,-0.006,0.048,0.542,2,26
TRK,97224,0.85779,-0.08106,0.02824,-0.50679,0.2709,-0.0528,0.5830,-0.002,0.055,0.545,2,26
TRK,97243,0.85701,-0.08963,0.02598,-0.50678,0.2709,-0.0516,0.5938,0.001,0.063,0.540,2,26
TRK,97262,0.85607,-0.09927,0.02394,-0.50667,0.2709,-0.0503,0.6044,0.000,0.069,0.526,2,26
TRK,97280,0.85510,-0.10793,0.02269,-0.50661,0.2709,-0.0491,0.6133,-0.003,0.073,0.513,2,26
TRK,97304,0.85366,-0.11993,0.02075,-0.50641,0.2708,-0.0472,0.6258,-0.001,0.078,0.496,2,26
TRK,97324,0.85280,-0.12848,0.01798,-0.50587,0.2709,-0.0456,0.6354,0.004,0.082,0.477,2,26
TRK,97344,0.85215,-0.13643,0.01482,-0.50498,0.2710,-0.0440,0.6446,0.004,0.081,0.452,2,26
TRK,97363,0.85153,-0.14351,0.01270,-0.50413,0.2710,-0.0426,0.6522,0.003,0.079,0.427,2,26
TRK,97382,0.85066,-0.15138,0.01101,-0.50332,0.2710,-0.0411,0.6604,-0.003,0.073,0.393,2,26
TRK,97402,0.84965,-0.15866,0.01004,-0.50281,0.2709,-0.0397,0.6679,-0.008,0.067,0.363,2,26
TRK,97422,0.84855,-0.16521,0.00909,-0.50257,0.2707,-0.0385,0.6747,-0.011,0.061,0.333,2,26
TRK,97442,0.84751,-0.17111,0.00812,-0.50238,0.2705,-0.0373,0.6810,-0.009,0.055,0.300,2,26
TRK,97461,0.84668,-0.17658,0.00729,-0.50190,0.2704,-0.0363,0.6866,-0.006,0.051,0.269,2,26
TRK,97481,0.84588,-0.18163,0.00675,-0.50145,0.2703,-0.0353,0.6916,-0.006,0.047,0.236,2,26
TRK,97501,0.84491,-0.18631,0.00724,-0.50137,0.2701,-0.0344,0.6960,-0.008,0.044,0.205,2,26
TRK,97524,0.84360,-0.19040,0.00790,-0.50202,0.2700,-0.0334,0.7006,-0.002,0.040,0.163,2,26
TRK,97544,0.84275,-0.19418,0.00906,-0.50198,0.2700,-0.0326,0.7035,0.010,0.039,0.136,2,26
TRK,97563,0.84243,-0.19666,0.00891,-0.50155,0.2703,-0.0320,0.7056,0.023,0.036,0.106,2,26
TRK,97581,0.84267,-0.19787,0.00829,-0.50068,0.2709,-0.0313,0.7074,0.033,0.031,0.071,2,26
STAT,404.3,400.8,0,0,0,0.3466,17.044,0.1371,0.0613,0.0111,9.7760,1.94,0.045
TRK,97603,0.84322,-0.19782,0.00743,-0.49980,0.2717,-0.0307,0.7085,0.040,0.023,0.024,2,26
TRK,97622,0.84350,-0.19753,0.00770,-0.49943,0.2724,-0.0303,0.7085,0.044,0.016,-0.016,2,26
TRK,97643,0.84406,-0.19620,0.00853,-0.49899,0.2735,-0.0301,0.7076,0.052,0.006,-0.066,2,26
TRK,97663,0.84493,-0.19379,0.00918,-0.49845,0.2746,-0.0301,0.7059,0.057,-0.003,-0.110,2,26
TRK,97682,0.84605,-0.19084,0.00958,-0.49768,0.2756,-0.0302,0.7036,0.058,-0.011,-0.149,2,26
TRK,97701,0.84752,-0.18649,0.01014,-0.49681,0.2767,-0.0305,0.7002,0.053,-0.021,-0.194,2,26
TRK,97724,0.84911,-0.18051,0.01151,-0.49629,0.2778,-0.0311,0.6954,0.046,-0.031,-0.242,2,26
TRK,97743,0.85045,-0.17448,0.01325,-0.49610,0.2786,-0.0318,0.6902,0.040,-0.037,-0.280,2,26
TRK,97763,0.85192,-0.16787,0.01486,-0.49581,0.2794,-0.0325,0.6843,0.037,-0.041,-0.310,2,26
TRK,97781,0.85327,-0.16170,0.01571,-0.49553,0.2800,-0.0333,0.6788,0.036,-0.041,-0.332,2,26
TRK,97801,0.85488,-0.15392,0.01608,-0.49520,0.2809,-0.0342,0.6710,0.038,-0.042,-0.365,2,26
TRK,97823,0.85659,-0.14477,0.01711,-0.49497,0.2817,-0.0350,0.6635,0.043,-0.041,-0.396,2,26
TRK,97842,0.85788,-0.13709,0.01892,-0.49486,0.2826,-0.0358,0.6554,0.049,-0.037,-0.423,2,26
TRK,97863,0.85959,-0.12624,0.02148,-0.49468,0.2837,-0.0365,0.6457,0.049,-0.027,-0.440,2,26
TRK,97882,0.86082,-0.11739,0.02278,-0.49465,0.2845,-0.0369,0.6381,0.047,-0.020,-0.445,2,26
TRK,97902,0.86219,-0.10705,0.02298,-0.49461,0.2855,-0.0372,0.6292,0.048,-0.013,-0.448,2,26
TRK,97924,0.86353,-0.09531,0.02266,-0.49469,0.2865,-0.0375,0.6191,0.049,-0.013,-0.463,2,26
TRK,97944,0.86439,-0.08495,0.02423,-0.49501,0.2875,-0.0378,0.6097,0.049,-0.015,-0.484,2,26
TRK,97962,0.86508,-0.07590,0.02719,-0.49512,0.2885,-0.0380,0.6001,0.054,-0.012,-0.492,2,26
TRK,97982,0.86600,-0.06587,0.03088,-0.49473,0.2896,-0.0382,0.5904,0.055,-0.007,-0.485,2,26
TRK,98004,0.86695,-0.05507,0.03389,-0.49419,0.2908,-0.0383,0.5798,0.051,-0.002,-0.470,2,26
TRK,98024,0.86756,-0.04617,0.03597,-0.49388,0.2918,-0.0383,0.5706,0.050,0.003,-0.459,2,26
TRK,98043,0.86806,-0.03796,0.03873,-0.49349,0.2927,-0.0382,0.5627,0.048,0.008,-0.445,2,26
TRK,98062,0.86834,-0.03133,0.04152,-0.49323,0.2936,-0.0380,0.5542,0.047,0.013,-0.417,2,26
TRK,98082,0.86856,-0.02482,0.04422,-0.49298,0.2945,-0.0377,0.5463,0.049,0.016,-0.386,2,26
TRK,98104,0.86900,-0.01915,0.04637,-0.49226,0.2957,-0.0373,0.5380,0.058,0.021,-0.354,2,26
TRK,98123,0.87001,-0.01424,0.04660,-0.49062,0.2970,-0.0369,0.5313,0.076,0.024,-0.322,2,26
TRK,98142,0.87129,-0.00940,0.04467,-0.48865,0.2985,-0.0365,0.5260,0.090,0.024,-0.290,2,26
TRK,98164,0.87329,-0.00306,0.03986,-0.48555,0.3006,-0.0359,0.5199,0.096,0.024,-0.267,2,26
TRK,98182,0.87460,0.00121,0.03738,-0.48340,0.3024,-0.0354,0.5146,0.084,0.024,-0.267,2,26
TRK,98201,0.87525,0.00517,0.03796,-0.48215,0.3037,-0.0350,0.5099,0.067,0.025,-0.268,2,26
TRK,98224,0.87512,0.00933,0.04101,-0.48208,0.3051,-0.0344,0.5036,0.051,0.027,-0.243,2,26
TRK,98244,0.87451,0.01307,0.04356,-0.48287,0.3060,-0.0338,0.4990,0.041,0.030,-0.219,2,26
TRK,98264,0.87378,0.01642,0.04575,-0.48389,0.3068,-0.0332,0.4949,0.038,0.034,-0.196,2,26
TRK,98284,0.87306,0.02034,0.04669,-0.48494,0.3076,-0.0325,0.4913,0.042,0.037,-0.177,2,26
TRK,98304,0.87250,0.02498,0.04727,-0.48568,0.3084,-0.0317,0.4879,0.041,0.041,-0.168,2,26
TRK,98324,0.87169,0.02913,0.04928,-0.48670,0.3092,-0.0309,0.4846,0.039,0.043,-0.162,2,26
TRK,98344,0.87069,0.03262,0.05239,-0.48794,0.3100,-0.0300,0.4815,0.042,0.045,-0.152,2,26
TRK,98364,0.86971,0.03533,0.05539,-0.48917,0.3109,-0.0291,0.4787,0.049,0.044,-0.134,2,26
TRK,98381,0.86887,0.03846,0.05861,-0.49006,0.3118,-0.0283,0.4764,0.053,0.046,-0.122,2,26
TRK,98401,0.86794,0.04100,0.05174,-0.49226,0.3129,-0.0276,0.4755,0.051,0.038,0.014,2,26
TRK,98421,0.86560,0.04249,0.05318,-0.49609,0.3136,-0.0267,0.4755,0.031,0.046,-0.006,2,26
TRK,98441,0.86388,0.04260,0.05195,-0.49919,0.3145,-0.0258,0.4753,0.051,0.052,-0.008,2,26
TRK,98463,0.86367,0.03879,0.05082,-0.49999,0.3157,-0.0247,0.4751,0.055,0.046,-0.016,2,26
TRK,98482,0.86426,0.03245,0.05092,-0.49941,0.3168,-0.0238,0.4748,0.058,0.043,-0.015,2,26
TRK,98502,0.86517,0.02773,0.04984,-0.49822,0.3179,-0.0230,0.4745,0.054,0.040,-0.013,2,26
TRK,98521,0.86603,0.02334,0.04856,-0.49707,0.3190,-0.0222,0.4742,0.053,0.036,-0.013,2,26
TRK,98544,0.86668,0.02334,0.04417,-0.49635,0.3201,-0.0214,0.4741,0.053,0.041,-0.001,2,26
TRK,98564,0.86717,0.02701,0.03984,-0.49568,0.3212,-0.0206,0.4741,0.053,0.042,-0.000,2,26
TRK,98583,0.86779,0.02905,0.03627,-0.49475,0.3223,-0.0197,0.4741,0.055,0.043,-0.004,2,26
STAT,404.3,400.3,0,0,0,0.4139,28.766,0.1371,0.0613,0.0111,9.7760,1.94,0.045
TRK,98602,0.86847,0.02900,0.03302,-0.49379,0.3232,-0.0190,0.4740,0.056,0.044,-0.006,2,26
TRK,98621,0.86899,0.02636,0.03201,-0.49309,0.3244,-0.0181,0.4738,0.059,0.045,-0.013,2,26
TRK,98644,0.86973,0.02005,0.03304,-0.49201,0.3257,-0.0171,0.4735,0.060,0.044,-0.013,2,26
TRK,98663,0.87010,0.01460,0.03451,-0.49145,0.3269,-0.0163,0.4732,0.059,0.039,-0.017,2,26
TRK,98681,0.87000,0.00737,0.03574,-0.49170,0.3279,-0.0156,0.4729,0.061,0.042,-0.014,2,26
TRK,98703,0.86989,0.00331,0.03570,-0.49193,0.3292,-0.0146,0.4727,0.061,0.042,-0.008,2,26
TRK,98724,0.86924,0.00335,0.03329,-0.49326,0.3306,-0.0137,0.4726,0.061,0.042,-0.006,2,26
TRK,98744,0.86876,0.00413,0.03102,-0.49424,0.3318,-0.0129,0.4724,0.062,0.043,-0.006,2,26
TRK,98764,0.86840,0.00543,0.02896,-0.49499,0.3331,-0.0120,0.4723,0.063,0.044,-0.006,2,26
TRK,98784,0.86827,0.00589,0.02764,-0.49528,0.3343,-0.0111,0.4722,0.063,0.046,-0.007,2,26
TRK,98804,0.86834,0.00609,0.02671,-0.49521,0.3355,-0.0102,0.4721,0.064,0.046,-0.006,2,26
TRK,98823,0.86841,0.00659,0.02593,-0.49512,0.3368,-0.0093,0.4719,0.064,0.046,-0.006,2,26
TRK,98843,0.86851,0.00744,0.02497,-0.49498,0.3381,-0.0084,0.4718,0.065,0.047,-0.007,2,26
TRK,98863,0.86859,0.00779,0.02460,-0.49486,0.3394,-0.0074,0.4717,0.065,0.048,-0.007,2,26
TRK,98881,0.86854,0.00807,0.02447,-0.49495,0.3405,-0.0066,0.4716,0.065,0.048,-0.006,2,26
TRK,98901,0.86839,0.00864,0.02406,-0.49522,0.3418,-0.0056,0.4714,0.066,0.048,-0.007,2,26
TRK,98924,0.86814,0.00915,0.02344,-0.49568,0.3434,-0.0044,0.4713,0.066,0.049,-0.007,2,26
TRK,98943,0.86794,0.00938,0.02290,-0.49605,0.3445,-0.0036,0.4712,0.066,0.050,-0.007,2,26
TRK,98961,0.86792,0.00946,0.02246,-0.49611,0.2708,-0.0587,0.4788,0.000,0.000,0.000,1,27
TRK,98983,0.86793,0.00961,0.02214,-0.49610,0.2708,-0.0587,0.4788,0.000,0.000,0.000,1,27
TRK,99002,0.86793,0.00994,0.02209,-0.49610,0.2708,-0.0587,0.4788,0.000,0.000,0.000,1,27
TRK,99022,0.86793,0.01040,0.02213,-0.49609,0.2708,-0.0587,0.4788,0.000,0.000,0.000,1,27
TRK,99042,0.86793,0.01080,0.02203,-0.49608,0.2708,-0.0587,0.4788,0.000,0.000,0.000,1,27
TRK,99062,0.86794,0.01100,0.02185,-0.49607,0.2708,-0.0587,0.4788,0.000,0.000,0.000,1,27
TRK,99081,0.86794,0.01108,0.02172,-0.49607,0.2708,-0.0587,0.4788,0.000,0.000,0.000,1,27
TRK,99104,0.86794,0.01117,0.02159,-0.49607,0.2708,-0.0587,0.4788,0.000,0.000,0.000,1,27
TRK,99124,0.86794,0.01108,0.02181,-0.49607,0.2708,-0.0587,0.4788,0.000,0.000,0.000,1,27
TRK,99144,0.86794,0.01149,0.02168,-0.49606,0.2708,-0.0587,0.4788,0.000,0.000,0.000,1,27
TRK,99164,0.86794,0.01132,0.02175,-0.49606,0.2708,-0.0587,0.4788,0.000,0.000,0.000,1,27
TRK,99184,0.86793,0.01092,0.02213,-0.49607,0.2708,-0.0587,0.4788,0.000,0.000,0.000,1,27
TRK,99203,0.86793,0.01110,0.02210,-0.49607,0.2708,-0.0587,0.4788,0.000,0.000,0.000,1,27
TRK,99222,0.86793,0.01125,0.02200,-0.49606,0.2708,-0.0587,0.4788,0.000,0.000,0.000,1,27
TRK,99242,0.86794,0.01155,0.02183,-0.49606,0.2708,-0.0587,0.4788,0.000,0.000,0.000,1,27
TRK,99263,0.86795,0.01230,0.02124,-0.49604,0.2708,-0.0587,0.4788,0.000,0.000,0.000,1,27
TRK,99283,0.86795,0.01198,0.02139,-0.49605,0.2708,-0.0587,0.4788,0.000,0.000,0.000,1,27
TRK,99303,0.86794,0.01178,0.02176,-0.49605,0.2708,-0.0587,0.4788,0.000,0.000,0.000,1,27
TRK,99322,0.86794,0.01190,0.02169,-0.49605,0.2708,-0.0587,0.4788,0.000,0.000,0.000,1,27
TRK,99341,0.86795,0.01247,0.02133,-0.49603,0.2708,-0.0587,0.4788,0.000,0.000,0.000,1,27
TRK,99361,0.86795,0.01301,0.02130,-0.49602,0.2708,-0.0587,0.4788,0.000,0.000,0.000,1,27
TRK,99381,0.86794,0.01318,0.02162,-0.49602,0.2708,-0.0587,0.4788,0.000,0.000,0.000,1,27
TRK,99401,0.86793,0.01294,0.02225,-0.49602,0.2708,-0.0587,0.4788,0.000,0.000,0.000,1,27
TRK,99421,0.86792,0.01270,0.02253,-0.49603,0.2708,-0.0587,0.4788,0.000,0.000,0.000,1,27
TRK,99441,0.86790,0.01286,0.02321,-0.49603,0.2708,-0.0587,0.4788,0.000,0.000,0.000,1,27
TRK,99461,0.86757,0.01261,0.02621,-0.49647,0.2709,-0.0588,0.4788,0.001,-0.001,-0.003,2,27
TRK,99481,0.86611,0.01051,0.03642,-0.49841,0.2708,-0.0588,0.4787,-0.007,-0.001,-0.010,2,27
TRK,99501,0.86445,0.00885,0.05075,-0.50007,0.2707,-0.0588,0.4785,-0.008,0.000,-0.001,2,27
TRK,99521,0.86273,0.00807,0.06206,-0.50177,0.2706,-0.0588,0.4789,-0.005,0.001,0.052,2,27
TRK,99541,0.86239,0.00900,0.05593,-0.50306,0.2706,-0.0589,0.4814,0.005,-0.006,0.190,2,27
TRK,99561,0.86232,0.00806,0.04159,-0.50459,0.2707,-0.0590,0.4860,0.010,-0.002,0.281,2,27
TRK,99584,0.86164,0.00739,0.02357,-0.50692,0.2708,-0.0588,0.4929,-0.005,0.019,0.325,2,27
STAT,404.3,400.3,0,0,0,2.3100,75.308,0.1371,0.0613,0.0111,9.7745,2.23,0.083
TRK,99603,0.86100,-0.00036,0.01724,-0.50832,0.2706,-0.0583,0.4997,-0.023,0.031,0.373,2,27
TRK,99623,0.86020,-0.01221,0.01442,-0.50961,0.2700,-0.0576,0.5078,-0.028,0.036,0.447,2,27
TRK,99643,0.85943,-0.02540,0.01108,-0.51050,0.2695,-0.0569,0.5174,-0.029,0.040,0.517,2,27
TRK,99661,0.85872,-0.03645,0.00597,-0.51111,0.2689,-0.0560,0.5282,-0.022,0.043,0.569,2,27
TRK,99681,0.85866,-0.04790,-0.00063,-0.51031,0.2686,-0.0552,0.5397,-0.012,0.046,0.597,2,27
TRK,99701,0.85904,-0.05776,-0.00712,-0.50858,0.2684,-0.0542,0.5516,-0.006,0.046,0.602,2,27
TRK,99724,0.85910,-0.07013,-0.00941,-0.50690,0.2683,-0.0532,0.5652,-0.005,0.049,0.621,2,27
TRK,99744,0.85855,-0.08339,-0.01002,-0.50581,0.2682,-0.0522,0.5776,-0.007,0.051,0.626,2,27
TRK,99764,0.85794,-0.09634,-0.01025,-0.50453,0.2681,-0.0511,0.5901,0.002,0.057,0.637,2,27
TRK,99784,0.85751,-0.10723,-0.01247,-0.50301,0.2683,-0.0500,0.6027,0.010,0.061,0.635,2,27
TRK,99804,0.85720,-0.11711,-0.01538,-0.50125,0.2685,-0.0487,0.6151,0.012,0.064,0.614,2,27
TRK,99822,0.85666,-0.12723,-0.01691,-0.49966,0.2687,-0.0475,0.6270,0.010,0.064,0.585,2,27
TRK,99844,0.85561,-0.13778,-0.01655,-0.49867,0.2689,-0.0462,0.6382,0.006,0.063,0.554,2,27
TRK,99863,0.85432,-0.14817,-0.01560,-0.49794,0.2690,-0.0450,0.6489,0.010,0.062,0.525,2,27
TRK,99883,0.85327,-0.15735,-0.01558,-0.49692,0.2693,-0.0437,0.6589,0.014,0.060,0.488,2,27
TRK,99903,0.85254,-0.16522,-0.01605,-0.49560,0.2696,-0.0426,0.6682,0.016,0.053,0.442,2,27
TRK,99921,0.85220,-0.17088,-0.01653,-0.49425,0.2698,-0.0417,0.6765,0.010,0.043,0.394,2,27
TRK,99944,0.85163,-0.17677,-0.01677,-0.49315,0.2699,-0.0409,0.6846,-0.005,0.029,0.335,2,27
TRK,99963,0.85081,-0.18156,-0.01562,-0.49287,0.2697,-0.0404,0.6907,-0.014,0.019,0.285,2,27
TRK,99983,0.84975,-0.18492,-0.01484,-0.49347,0.2693,-0.0402,0.6958,-0.021,0.007,0.231,2,27
TRK,100003,0.84864,-0.18846,-0.01317,-0.49409,0.2689,-0.0401,0.6999,-0.020,-0.003,0.181,2,27
TRK,100023,0.84786,-0.19100,-0.01234,-0.49447,0.2685,-0.0403,0.7029,-0.020,-0.013,0.124,2,27
TRK,100042,0.84750,-0.19212,-0.01139,-0.49468,0.2682,-0.0406,0.7048,-0.018,-0.021,0.066,2,27
TRK,100064,0.84737,-0.19152,-0.01011,-0.49516,0.2678,-0.0411,0.7055,-0.013,-0.028,0.010,2,27
TRK,100083,0.84721,-0.19066,-0.00861,-0.49580,0.2677,-0.0417,0.7052,-0.005,-0.033,-0.043,2,27
TRK,100104,0.84725,-0.18854,-0.00667,-0.49656,0.2677,-0.0425,0.7036,0.007,-0.037,-0.099,2,27
TRK,100123,0.84772,-0.18585,-0.00572,-0.49678,0.2679,-0.0431,0.7015,0.019,-0.040,-0.140,2,27
TRK,100143,0.84857,-0.18176,-0.00535,-0.49686,0.2684,-0.0440,0.6983,0.026,-0.045,-0.188,2,27
TRK,100161,0.84945,-0.17734,-0.00487,-0.49696,0.2689,-0.0449,0.6940,0.027,-0.053,-0.240,2,27
TRK,100181,0.85047,-0.17141,-0.00349,-0.49731,0.2694,-0.0461,0.6888,0.027,-0.060,-0.287,2,27
TRK,100201,0.85146,-0.16489,-0.00144,-0.49781,0.2700,-0.0473,0.6828,0.026,-0.065,-0.323,2,27
TRK,100221,0.85254,-0.15795,0.00022,-0.49823,0.2705,-0.0486,0.6761,0.026,-0.067,-0.348,2,27
TRK,100241,0.85371,-0.15048,0.00112,-0.49853,0.2710,-0.0500,0.6690,0.022,-0.068,-0.372,2,27
TRK,100261,0.85472,-0.14267,0.00215,-0.49909,0.2713,-0.0513,0.6614,0.017,-0.068,-0.396,2,27
TRK,100281,0.85555,-0.13455,0.00368,-0.49991,0.2717,-0.0527,0.6533,0.018,-0.066,-0.419,2,27
TRK,100301,0.85642,-0.12527,0.00602,-0.50081,0.2721,-0.0539,0.6449,0.025,-0.062,-0.438,2,27
TRK,100323,0.85724,-0.11701,0.00854,-0.50137,0.2727,-0.0552,0.6350,0.030,-0.056,-0.453,2,27
TRK,100343,0.85813,-0.10842,0.01107,-0.50174,0.2733,-0.0563,0.6259,0.032,-0.050,-0.462,2,27
TRK,100363,0.85895,-0.09992,0.01357,-0.50204,0.2740,-0.0572,0.6167,0.034,-0.043,-0.464,2,27
TRK,100381,0.85982,-0.09153,0.01567,-0.50209,0.2747,-0.0580,0.6076,0.037,-0.033,-0.456,2,27
TRK,100403,0.86074,-0.08354,0.01692,-0.50185,0.2754,-0.0585,0.5987,0.039,-0.023,-0.448,2,27
TRK,100422,0.86144,-0.07642,0.01865,-0.50173,0.2762,-0.0589,0.5898,0.038,-0.015,-0.447,2,27
TRK,100443,0.86196,-0.06956,0.02111,-0.50174,0.2771,-0.0592,0.5799,0.039,-0.009,-0.439,2,27
TRK,100462,0.86236,-0.06269,0.02419,-0.50183,0.2778,-0.0593,0.5724,0.041,-0.004,-0.423,2,27
TRK,100482,0.86273,-0.05583,0.02684,-0.50186,0.2786,-0.0593,0.5643,0.047,0.001,-0.402,2,27
TRK,100502,0.86322,-0.04932,0.02891,-0.50158,0.2798,-0.0592,0.5556,0.056,0.007,-0.382,2,27
TRK,100522,0.86383,-0.04252,0.03034,-0.50107,0.2809,-0.0590,0.5482,0.062,0.011,-0.364,2,27
TRK,100542,0.86452,-0.03465,0.03078,-0.50047,0.2823,-0.0588,0.5413,0.069,0.015,-0.338,2,27
TRK,100561,0.86513,-0.02814,0.03194,-0.49974,0.2835,-0.0585,0.5356,0.074,0.016,-0.322,2,27
TRK,100581,0.86573,-0.02216,0.03364,-0.49889,0.2850,-0.0582,0.5293,0.077,0.017,-0.308,2,27
STAT,404.1,400.6,0,0,0,0.3385,39.319,0.1371,0.0613,0.0111,9.7745,2.23,0.083
TRK,100605,0.86634,-0.01582,0.03608,-0.49790,0.2869,-0.0578,0.5220,0.078,0.017,-0.283,2,27
TRK,100621,0.86663,-0.01105,0.03790,-0.49738,0.2882,-0.0574,0.5173,0.078,0.019,-0.262,2,27
TRK,100643,0.86699,-0.00494,0.03946,-0.49673,0.2900,-0.0570,0.5118,0.077,0.020,-0.231,2,27
TRK,100663,0.86717,0.00019,0.03981,-0.49643,0.2914,-0.0566,0.5075,0.070,0.018,-0.206,2,27
TRK,100683,0.86701,0.00533,0.04010,-0.49664,0.2928,-0.0563,0.5036,0.063,0.016,-0.190,2,27
TRK,100703,0.86665,0.00975,0.04152,-0.49709,0.2940,-0.0560,0.5000,0.061,0.014,-0.176,2,27
TRK,100722,0.86626,0.01319,0.04315,-0.49756,0.2951,-0.0558,0.4971,0.064,0.012,-0.161,2,27
TRK,100741,0.86590,0.01659,0.04510,-0.49790,0.2963,-0.0556,0.4940,0.066,0.009,-0.149,2,27
TRK,100764,0.86567,0.01939,0.04816,-0.49791,0.2978,-0.0554,0.4908,0.068,0.008,-0.138,2,27
TRK,100783,0.86547,0.02196,0.05059,-0.49792,0.2992,-0.0553,0.4882,0.071,0.006,-0.127,2,27
TRK,100803,0.86529,0.02379,0.05434,-0.49775,0.3006,-0.0551,0.4857,0.071,0.006,-0.129,2,27
TRK,100821,0.86493,0.02518,0.05992,-0.49767,0.3019,-0.0550,0.4835,0.069,0.008,-0.117,2,27
TRK,100841,0.86464,0.02453,0.06326,-0.49779,0.3033,-0.0549,0.4818,0.070,-0.003,0.004,2,27
TRK,100863,0.86429,0.02245,0.06148,-0.49872,0.3046,-0.0548,0.4819,0.054,0.012,-0.003,2,27
TRK,100882,0.86410,0.02122,0.06023,-0.49926,0.3056,-0.0546,0.4819,0.054,0.008,-0.000,2,27
TRK,100904,0.86420,0.01700,0.05877,-0.49942,0.3068,-0.0544,0.4818,0.056,0.008,-0.005,2,27
TRK,100922,0.86455,0.01401,0.05699,-0.49912,0.3078,-0.0543,0.4818,0.057,0.006,-0.000,2,27
TRK,100944,0.86516,0.01331,0.05600,-0.49818,0.3091,-0.0541,0.4818,0.057,0.008,0.002,2,27
TRK,100964,0.86566,0.01413,0.05497,-0.49740,0.3102,-0.0540,0.4819,0.058,0.007,0.006,2,27
TRK,100984,0.86593,0.01601,0.05292,-0.49711,0.3114,-0.0539,0.4820,0.060,0.006,0.005,2,27
TRK,101002,0.86610,0.01686,0.05120,-0.49695,0.3126,-0.0537,0.4821,0.061,0.006,0.004,2,27
TRK,101022,0.86621,0.01652,0.04975,-0.49693,0.3138,-0.0536,0.4822,0.062,0.006,0.002,2,27
TRK,101044,0.86619,0.01484,0.04876,-0.49711,0.3152,-0.0535,0.4822,0.063,0.005,0.002,2,27
TRK,101064,0.86547,0.01305,0.04713,-0.49856,0.3165,-0.0534,0.4822,0.064,0.005,0.001,2,27
TRK,101083,0.86478,0.01087,0.04613,-0.49990,0.3176,-0.0533,0.4823,0.064,0.004,0.001,2,27
TRK,101102,0.86413,0.00947,0.04486,-0.50118,0.3189,-0.0532,0.4823,0.066,0.004,0.001,2,27
TRK,101122,0.86353,0.00766,0.04368,-0.50234,0.3202,-0.0532,0.4823,0.066,0.004,0.001,2,27
TRK,101144,0.86312,0.00639,0.04276,-0.50314,0.3216,-0.0531,0.4823,0.067,0.004,0.003,2,27
TRK,101163,0.86295,0.00619,0.04167,-0.50352,0.3230,-0.0530,0.4824,0.068,0.004,0.003,2,27
TRK,101182,0.86284,0.00644,0.04041,-0.50382,0.3242,-0.0529,0.4825,0.069,0.004,0.003,2,27
TRK,101201,0.86289,0.00685,0.03950,-0.50379,0.3255,-0.0529,0.4825,0.069,0.003,0.004,2,27
TRK,101224,0.86296,0.00740,0.03880,-0.50372,0.3271,-0.0528,0.4826,0.071,0.003,0.004,2,27
TRK,101242,0.86307,0.00798,0.03824,-0.50358,0.3285,-0.0527,0.4827,0.071,0.003,0.003,2,27
TRK,101264,0.86312,0.00823,0.03783,-0.50351,0.3299,-0.0527,0.4827,0.073,0.003,0.003,2,27
TRK,101283,0.86318,0.00865,0.03734,-0.50344,0.3314,-0.0526,0.4828,0.073,0.003,0.003,2,27
TRK,101304,0.86317,0.00941,0.03649,-0.50351,0.3330,-0.0525,0.4829,0.074,0.003,0.004,2,27
TRK,101324,0.86314,0.01017,0.03555,-0.50361,0.3345,-0.0525,0.4830,0.075,0.003,0.004,2,27
TRK,101344,0.86318,0.01075,0.03447,-0.50360,0.2586,-0.0551,0.4791,0.000,0.000,0.000,1,28
TRK,101364,0.86320,0.01099,0.03385,-0.50360,0.2586,-0.0551,0.4791,0.000,0.000,0.000,1,28
TRK,101384,0.86321,0.01100,0.03356,-0.50360,0.2586,-0.0551,0.4791,0.000,0.000,0.000,1,28
TRK,101404,0.86322,0.01116,0.03329,-0.50360,0.2586,-0.0551,0.4791,0.000,0.000,0.000,1,28
TRK,101422,0.86324,0.01143,0.03296,-0.50359,0.2586,-0.0551,0.4791,0.000,0.000,0.000,1,28
TRK,101441,0.86324,0.01158,0.03280,-0.50359,0.2586,-0.0551,0.4791,0.000,0.000,0.000,1,28
TRK,101464,0.86325,0.01152,0.03263,-0.50359,0.2586,-0.0551,0.4791,0.000,0.000,0.000,1,28
TRK,101483,0.86326,0.01159,0.03232,-0.50359,0.2586,-0.0551,0.4791,0.000,0.000,0.000,1,28
TRK,101502,0.86328,0.01180,0.03186,-0.50359,0.2586,-0.0551,0.4791,0.000,0.000,0.000,1,28
TRK,101524,0.86330,0.01230,0.03118,-0.50357,0.2586,-0.0551,0.4791,0.000,0.000,0.000,1,28
TRK,101544,0.86330,0.01241,0.03114,-0.50357,0.2586,-0.0551,0.4791,0.000,0.000,0.000,1,28
TRK,101563,0.86331,0.01245,0.03109,-0.50357,0.2586,-0.0551,0.4791,0.000,0.000,0.000,1,28
TRK,101582,0.86331,0.01250,0.03102,-0.50357,0.2586,-0.0551,0.4791,0.000,0.000,0.000,1,28
STAT,404.1,400.6,0,0,0,0.0405,1.518,0.1371,0.0613,0.0111,9.7750,2.03,0.075
TRK,101606,0.86331,0.01240,0.03101,-0.50357,0.2586,-0.0551,0.4791,0.000,0.000,0.000,1,28
TRK,101622,0.86332,0.01249,0.03081,-0.50357,0.2586,-0.0551,0.4791,0.000,0.000,0.000,1,28
TRK,101644,0.86332,0.01259,0.03057,-0.50357,0.2586,-0.0551,0.4791,0.000,0.000,0.000,1,28
TRK,101664,0.86334,0.01298,0.03027,-0.50355,0.2586,-0.0551,0.4791,0.000,0.000,0.000,1,28
TRK,101682,0.86335,0.01322,0.02999,-0.50355,0.2586,-0.0551,0.4791,0.000,0.000,0.000,1,28
TRK,101704,0.86334,0.01316,0.03001,-0.50355,0.2586,-0.0551,0.4791,0.000,0.000,0.000,1,28
TRK,101723,0.86335,0.01322,0.02996,-0.50355,0.2586,-0.0551,0.4791,0.000,0.000,0.000,1,28
TRK,101743,0.86335,0.01349,0.02979,-0.50354,0.2586,-0.0551,0.4791,0.000,0.000,0.000,1,28
TRK,101764,0.86336,0.01376,0.02972,-0.50353,0.2586,-0.0551,0.4791,0.000,0.000,0.000,1,28
TRK,101783,0.86336,0.01405,0.02948,-0.50352,0.2586,-0.0551,0.4791,0.000,0.000,0.000,1,28
TRK,101801,0.86337,0.01429,0.02932,-0.50352,0.2586,-0.0551,0.4791,0.000,0.000,0.000,1,28
TRK,101823,0.86338,0.01459,0.02912,-0.50351,0.2586,-0.0551,0.4791,0.000,0.000,0.000,1,28
TRK,101842,0.86339,0.01495,0.02883,-0.50350,0.2586,-0.0551,0.4791,0.000,0.000,0.000,1,28
TRK,101862,0.86339,0.01538,0.02861,-0.50348,0.2586,-0.0551,0.4791,0.000,0.000,0.000,1,28
TRK,101882,0.86340,0.01587,0.02835,-0.50347,0.2586,-0.0551,0.4791,0.000,0.000,0.000,1,28
TRK,101901,0.86341,0.01616,0.02818,-0.50346,0.2586,-0.0551,0.4791,0.000,0.000,0.000,1,28
TRK,101921,0.86341,0.01624,0.02822,-0.50345,0.2586,-0.0551,0.4791,0.000,0.000,0.000,1,28
TRK,101941,0.86340,0.01626,0.02856,-0.50345,0.2586,-0.0551,0.4791,0.000,0.000,0.000,1,28
TRK,101964,0.86340,0.01648,0.02844,-0.50345,0.2586,-0.0551,0.4791,0.000,0.000,0.000,1,28
TRK,101984,0.86341,0.01714,0.02808,-0.50342,0.2586,-0.0551,0.4791,0.000,0.000,0.000,1,28
TRK,102004,0.86342,0.01785,0.02771,-0.50340,0.2586,-0.0551,0.4791,0.000,0.000,0.000,1,28
TRK,102023,0.86342,0.01816,0.02773,-0.50339,0.2586,-0.0551,0.4791,0.000,0.000,0.000,1,28
TRK,102041,0.86342,0.01864,0.02778,-0.50337,0.2586,-0.0551,0.4791,0.000,0.000,0.000,1,28
TRK,102063,0.86342,0.01915,0.02762,-0.50336,0.2586,-0.0551,0.4791,0.000,0.000,0.000,1,28
TRK,102082,0.86342,0.01950,0.02763,-0.50335,0.2586,-0.0551,0.4791,0.000,0.000,0.000,1,28
TRK,102103,0.86343,0.01981,0.02749,-0.50333,0.2586,-0.0551,0.4791,0.000,0.000,0.000,1,28
TRK,102123,0.86343,0.02022,0.02724,-0.50332,0.2586,-0.0551,0.4791,0.000,0.000,0.000,1,28
TRK,102144,0.86341,0.02067,0.02786,-0.50331,0.2586,-0.0551,0.4791,0.000,0.000,0.000,1,28
TRK,102163,0.86340,0.02070,0.02821,-0.50331,0.2586,-0.0551,0.4791,0.000,0.000,0.000,1,28
TRK,102183,0.86340,0.02103,0.02821,-0.50330,0.2586,-0.0551,0.4791,0.000,0.000,0.000,1,28
TRK,102203,0.86339,0.02152,0.02824,-0.50328,0.2586,-0.0551,0.4791,0.000,0.000,0.000,1,28
TRK,102221,0.86339,0.02188,0.02821,-0.50327,0.2586,-0.0551,0.4791,0.000,0.000,0.000,1,28
TRK,102241,0.86339,0.02250,0.02827,-0.50325,0.2586,-0.0551,0.4791,0.000,0.000,0.000,1,28
TRK,102261,0.86338,0.02262,0.02860,-0.50324,0.2586,-0.0551,0.4791,0.000,0.000,0.000,1,28
TRK,102283,0.86338,0.02351,0.02836,-0.50321,0.2586,-0.0551,0.4791,0.000,0.000,0.000,1,28
TRK,102302,0.86338,0.02464,0.02822,-0.50317,0.2586,-0.0551,0.4791,0.000,0.000,0.000,1,28
TRK,102323,0.86327,0.02637,0.02729,-0.50331,0.2586,-0.0549,0.4792,0.002,0.003,0.002,2,28
TRK,102342,0.86290,0.02733,0.02689,-0.50392,0.2586,-0.0548,0.4793,0.003,0.004,0.001,2,28
TRK,102363,0.86270,0.02784,0.02697,-0.50423,0.2587,-0.0547,0.4793,0.003,0.005,0.001,2,28
TRK,102382,0.86255,0.02869,0.02701,-0.50443,0.2588,-0.0546,0.4793,0.003,0.005,0.001,2,28
TRK,102404,0.86243,0.02945,0.02666,-0.50461,0.2589,-0.0545,0.4793,0.004,0.006,0.001,2,28
TRK,102424,0.86246,0.02995,0.02652,-0.50455,0.2589,-0.0544,0.4793,0.004,0.005,0.001,2,28
TRK,102443,0.86247,0.03035,0.02627,-0.50452,0.2590,-0.0543,0.4793,0.004,0.006,0.001,2,28
TRK,102463,0.86244,0.03067,0.02608,-0.50455,0.2591,-0.0542,0.4794,0.004,0.006,0.001,2,28
TRK,102481,0.86243,0.03078,0.02602,-0.50457,0.2592,-0.0540,0.4794,0.004,0.006,0.000,2,28
TRK,102501,0.86243,0.03084,0.02607,-0.50456,0.2585,-0.0550,0.4794,0.000,0.000,0.000,1,29
TRK,102521,0.86243,0.03104,0.02598,-0.50455,0.2585,-0.0550,0.4794,0.000,0.000,0.000,1,29
TRK,102544,0.86244,0.03120,0.02576,-0.50454,0.2585,-0.0550,0.4794,0.000,0.000,0.000,1,29
TRK,102563,0.86244,0.03127,0.02571,-0.50454,0.2585,-0.0550,0.4794,0.000,0.000,0.000,1,29
TRK,102582,0.86244,0.03124,0.02575,-0.50454,0.2585,-0.0550,0.4794,0.000,0.000,0.000,1,29
STAT,404.1,401.1,0,0,0,0.0612,1.359,0.1371,0.0613,0.0111,9.7796,0.32,0.008
TRK,102604,0.86245,0.03160,0.02534,-0.50452,0.2585,-0.0550,0.4794,0.000,0.000,0.000,1,29
TRK,102622,0.86246,0.03184,0.02505,-0.50451,0.2585,-0.0550,0.4794,0.000,0.000,0.000,1,29
TRK,102641,0.86246,0.03202,0.02495,-0.50450,0.2585,-0.0550,0.4794,0.000,0.000,0.000,1,29
TRK,102661,0.86246,0.03211,0.02492,-0.50449,0.2585,-0.0550,0.4794,0.000,0.000,0.000,1,29
TRK,102684,0.86246,0.03205,0.02491,-0.50450,0.2585,-0.0550,0.4794,0.000,0.000,0.000,1,29
TRK,102704,0.86245,0.03218,0.02501,-0.50449,0.2585,-0.0550,0.4794,0.000,0.000,0.000,1,29
TRK,102724,0.86246,0.03218,0.02484,-0.50449,0.2585,-0.0550,0.4794,0.000,0.000,0.000,1,29
TRK,102744,0.86246,0.03214,0.02481,-0.50449,0.2585,-0.0550,0.4794,0.000,0.000,0.000,1,29
TRK,102764,0.86246,0.03226,0.02470,-0.50449,0.2585,-0.0550,0.4794,0.000,0.000,0.000,1,29
TRK,102784,0.86246,0.03243,0.02460,-0.50448,0.2585,-0.0550,0.4794,0.000,0.000,0.000,1,29
TRK,102804,0.86247,0.03238,0.02455,-0.50448,0.2585,-0.0550,0.4794,0.000,0.000,0.000,1,29
TRK,102824,0.86245,0.03238,0.02491,-0.50448,0.2585,-0.0550,0.4794,0.000,0.000,0.000,1,29
TRK,102843,0.86245,0.03212,0.02514,-0.50450,0.2585,-0.0550,0.4794,0.000,0.000,0.000,1,29
TRK,102861,0.86245,0.03224,0.02514,-0.50449,0.2585,-0.0550,0.4794,0.000,0.000,0.000,1,29
TRK,102881,0.86246,0.03256,0.02472,-0.50447,0.2585,-0.0550,0.4794,0.000,0.000,0.000,1,29
TRK,102902,0.86246,0.03334,0.02445,-0.50444,0.2585,-0.0550,0.4794,0.000,0.000,0.000,1,29
TRK,102924,0.86245,0.03346,0.02456,-0.50444,0.2585,-0.0550,0.4794,0.000,0.000,0.000,1,29
TRK,102943,0.86245,0.03306,0.02472,-0.50446,0.2585,-0.0550,0.4794,0.000,0.000,0.000,1,29
TRK,102963,0.86245,0.03326,0.02474,-0.50445,0.2585,-0.0550,0.4794,0.000,0.000,0.000,1,29
TRK,102984,0.86244,0.03366,0.02461,-0.50443,0.2585,-0.0550,0.4794,0.000,0.000,0.000,1,29
TRK,103004,0.86245,0.03394,0.02425,-0.50441,0.2585,-0.0550,0.4794,0.000,0.000,0.000,1,29
TRK,103022,0.86246,0.03395,0.02413,-0.50441,0.2585,-0.0550,0.4794,0.000,0.000,0.000,1,29
TRK,103043,0.86246,0.03406,0.02400,-0.50441,0.2585,-0.0550,0.4794,0.000,0.000,0.000,1,29
TRK,103063,0.86247,0.03440,0.02365,-0.50439,0.2585,-0.0550,0.4794,0.000,0.000,0.000,1,29
TRK,103083,0.86247,0.03453,0.02343,-0.50438,0.2585,-0.0550,0.4794,0.000,0.000,0.000,1,29
TRK,103103,0.86247,0.03452,0.02341,-0.50438,0.2585,-0.0550,0.4794,0.000,0.000,0.000,1,29
TRK,103123,0.86247,0.03445,0.02349,-0.50438,0.2585,-0.0550,0.4794,0.000,0.000,0.000,1,29
TRK,103143,0.86247,0.03455,0.02354,-0.50438,0.2585,-0.0550,0.4794,0.000,0.000,0.000,1,29
TRK,103164,0.86247,0.03459,0.02348,-0.50438,0.2585,-0.0550,0.4794,0.000,0.000,0.000,1,29
TRK,103184,0.86245,0.03491,0.02377,-0.50437,0.2585,-0.0550,0.4794,0.000,0.000,0.000,1,29
TRK,103204,0.86246,0.03499,0.02355,-0.50436,0.2585,-0.0550,0.4794,0.000,0.000,0.000,1,29
TRK,103224,0.86246,0.03504,0.02348,-0.50436,0.2585,-0.0550,0.4794,0.000,0.000,0.000,1,29
TRK,103244,0.86246,0.03495,0.02347,-0.50436,0.2585,-0.0550,0.4794,0.000,0.000,0.000,1,29
TRK,103264,0.86246,0.03489,0.02353,-0.50437,0.2585,-0.0550,0.4794,0.000,0.000,0.000,1,29
TRK,103283,0.86247,0.03471,0.02348,-0.50437,0.2585,-0.0550,0.4794,0.000,0.000,0.000,1,29
TRK,103303,0.86247,0.03463,0.02335,-0.50437,0.2585,-0.0550,0.4794,0.000,0.000,0.000,1,29
TRK,103323,0.86248,0.03467,0.02332,-0.50437,0.2585,-0.0550,0.4794,0.000,0.000,0.000,1,29
TRK,103343,0.86247,0.03481,0.02331,-0.50437,0.2585,-0.0550,0.4794,0.000,0.000,0.000,1,29
TRK,103363,0.86248,0.03486,0.02322,-0.50436,0.2585,-0.0550,0.4794,0.000,0.000,0.000,1,29
TRK,103383,0.86248,0.03486,0.02318,-0.50436,0.2585,-0.0550,0.4794,0.000,0.000,0.000,1,29
TRK,103401,0.86248,0.03481,0.02322,-0.50436,0.2585,-0.0550,0.4794,0.000,0.000,0.000,1,29
TRK,103424,0.86247,0.03479,0.02336,-0.50437,0.2585,-0.0550,0.4794,0.000,0.000,0.000,1,29
TRK,103443,0.86247,0.03474,0.02337,-0.50437,0.2585,-0.0550,0.4794,0.000,0.000,0.000,1,29
TRK,103461,0.86247,0.03470,0.02336,-0.50437,0.2585,-0.0550,0.4794,0.000,0.000,0.000,1,29
TRK,103483,0.86246,0.03483,0.02352,-0.50437,0.2585,-0.0550,0.4794,0.000,0.000,0.000,1,29
TRK,103502,0.86247,0.03481,0.02342,-0.50437,0.2585,-0.0550,0.4794,0.000,0.000,0.000,1,29
TRK,103522,0.86247,0.03481,0.02330,-0.50437,0.2585,-0.0550,0.4794,0.000,0.000,0.000,1,29
TRK,103542,0.86247,0.03482,0.02329,-0.50437,0.2585,-0.0550,0.4794,0.000,0.000,0.000,1,29
TRK,103562,0.86248,0.03474,0.02320,-0.50437,0.2585,-0.0550,0.4794,0.000,0.000,0.000,1,29
TRK,103581,0.86248,0.03470,0.02320,-0.50437,0.2585,-0.0550,0.4794,0.000,0.000,0.000,1,29
TRK,103601,0.86248,0.03467,0.02320,-0.50437,0.2585,-0.0550,0.4794,0.000,0.000,0.000,1,29
STAT,404.1,401.1,0,0,0,0.0328,0.364,0.1353,0.0637,0.0026,9.7830,0.32,0.008
TRK,103621,0.86248,0.03463,0.02325,-0.50437,0.2585,-0.0550,0.4794,0.000,0.000,0.000,1,29
TRK,103641,0.86247,0.03468,0.02338,-0.50437,0.2585,-0.0550,0.4794,0.000,0.000,0.000,1,29
TRK,103661,0.86248,0.03468,0.02326,-0.50437,0.2585,-0.0550,0.4794,0.000,0.000,0.000,1,29
TRK,103684,0.86248,0.03463,0.02329,-0.50437,0.2585,-0.0550,0.4794,0.000,0.000,0.000,1,29
TRK,103704,0.86248,0.03458,0.02332,-0.50438,0.2585,-0.0550,0.4794,0.000,0.000,0.000,1,29
TRK,103722,0.86248,0.03457,0.02336,-0.50438,0.2585,-0.0550,0.4794,0.000,0.000,0.000,1,29
TRK,103742,0.86248,0.03453,0.02337,-0.50438,0.2585,-0.0550,0.4794,0.000,0.000,0.000,1,29
TRK,103762,0.86248,0.03448,0.02335,-0.50438,0.2585,-0.0550,0.4794,0.000,0.000,0.000,1,29
TRK,103784,0.86248,0.03441,0.02323,-0.50438,0.2585,-0.0550,0.4794,0.000,0.000,0.000,1,29
TRK,103803,0.86249,0.03441,0.02313,-0.50438,0.2585,-0.0550,0.4794,0.000,0.000,0.000,1,29
TRK,103821,0.86249,0.03447,0.02311,-0.50438,0.2585,-0.0550,0.4794,0.000,0.000,0.000,1,29
TRK,103841,0.86249,0.03455,0.02308,-0.50437,0.2585,-0.0550,0.4794,0.000,0.000,0.000,1,29
TRK,103861,0.86248,0.03461,0.02312,-0.50437,0.2585,-0.0550,0.4794,0.000,0.000,0.000,1,29
TRK,103881,0.86248,0.03466,0.02322,-0.50437,0.2585,-0.0550,0.4794,0.000,0.000,0.000,1,29
TRK,103901,0.86248,0.03458,0.02327,-0.50438,0.2585,-0.0550,0.4794,0.000,0.000,0.000,1,29
TRK,103921,0.86248,0.03448,0.02326,-0.50438,0.2585,-0.0550,0.4794,0.000,0.000,0.000,1,29
TRK,103941,0.86248,0.03441,0.02318,-0.50438,0.2585,-0.0550,0.4794,0.000,0.000,0.000,1,29
TRK,103964,0.86249,0.03443,0.02302,-0.50438,0.2585,-0.0550,0.4794,0.000,0.000,0.000,1,29
TRK,103984,0.86249,0.03450,0.02286,-0.50437,0.2585,-0.0550,0.4794,0.000,0.000,0.000,1,29
TRK,104004,0.86250,0.03449,0.02280,-0.50437,0.2585,-0.0550,0.4794,0.000,0.000,0.000,1,29
TRK,104022,0.86250,0.03440,0.02274,-0.50437,0.2585,-0.0550,0.4794,0.000,0.000,0.000,1,29
TRK,104041,0.86250,0.03416,0.02287,-0.50438,0.2585,-0.0550,0.4794,0.000,0.000,0.000,1,29
TRK,104061,0.86250,0.03377,0.02304,-0.50440,0.2585,-0.0550,0.4794,0.000,0.000,0.000,1,29
TRK,104081,0.86250,0.03366,0.02308,-0.50441,0.2585,-0.0550,0.4794,0.000,0.000,0.000,1,29
TRK,104101,0.86250,0.03342,0.02334,-0.50442,0.2585,-0.0550,0.4794,0.000,0.000,0.000,1,29
TRK,104121,0.86249,0.03335,0.02362,-0.50443,0.2585,-0.0550,0.4794,0.000,0.000,0.000,1,29
TRK,104141,0.86251,0.03234,0.02594,-0.50434,0.2584,-0.0550,0.4793,0.002,0.001,-0.004,2,29
TRK,104161,0.86254,0.03042,0.03035,-0.50416,0.2584,-0.0550,0.4792,0.000,0.001,-0.004,2,29
TRK,104181,0.86264,0.02924,0.03408,-0.50382,0.2584,-0.0550,0.4792,-0.003,0.000,-0.001,2,29
TRK,104201,0.86249,0.02879,0.03653,-0.50393,0.2583,-0.0549,0.4791,-0.004,-0.000,-0.001,2,29
TRK,104221,0.86215,0.02855,0.03827,-0.50441,0.2582,-0.0550,0.4791,-0.004,-0.000,-0.001,2,29
TRK,104241,0.86189,0.02779,0.03948,-0.50478,0.2582,-0.0550,0.4791,-0.003,-0.001,-0.001,2,29
TRK,104261,0.86177,0.02751,0.03990,-0.50497,0.2581,-0.0550,0.4791,-0.001,-0.002,0.000,2,29
TRK,104284,0.86181,0.02746,0.04001,-0.50491,0.2581,-0.0550,0.4791,-0.001,-0.002,-0.000,2,29
TRK,104303,0.86183,0.02742,0.04005,-0.50488,0.2581,-0.0551,0.4791,-0.003,-0.002,-0.000,2,29
TRK,104321,0.86181,0.02759,0.03984,-0.50492,0.2580,-0.0551,0.4791,-0.004,-0.002,-0.000,2,29
TRK,104341,0.86181,0.02781,0.03962,-0.50492,0.2579,-0.0552,0.4791,-0.004,-0.002,-0.000,2,29
TRK,104361,0.86177,0.02814,0.03926,-0.50500,0.2578,-0.0552,0.4791,-0.005,-0.003,0.000,2,29
TRK,104381,0.86173,0.02858,0.03878,-0.50508,0.2587,-0.0546,0.4791,0.000,0.000,0.000,1,30
TRK,104401,0.86176,0.02915,0.03809,-0.50504,0.2587,-0.0546,0.4791,0.000,0.000,0.000,1,30
TRK,104424,0.86181,0.02997,0.03693,-0.50500,0.2587,-0.0546,0.4791,0.000,0.000,0.000,1,30
TRK,104444,0.86163,0.03066,0.03624,-0.50531,0.2583,-0.0548,0.4791,-0.001,-0.003,-0.000,2,30
TRK,104464,0.86121,0.03129,0.03591,-0.50602,0.2583,-0.0549,0.4791,-0.002,-0.003,-0.001,2,30
TRK,104484,0.86067,0.03229,0.03617,-0.50685,0.2583,-0.0549,0.4791,-0.001,-0.004,0.000,2,30
TRK,104504,0.85991,0.03403,0.03605,-0.50803,0.2583,-0.0550,0.4791,-0.001,-0.004,0.003,2,30
TRK,104523,0.85921,0.03734,0.03482,-0.50907,0.2583,-0.0551,0.4792,0.003,-0.001,0.007,2,30
TRK,104542,0.85887,0.04337,0.03211,-0.50935,0.2583,-0.0551,0.4793,0.003,-0.002,0.010,2,30
TRK,104564,0.85811,0.05184,0.02760,-0.51010,0.2584,-0.0551,0.4796,0.001,-0.004,0.011,2,30
TRK,104583,0.85737,0.05912,0.02432,-0.51071,0.2584,-0.0552,0.4798,0.003,-0.002,0.010,2,30
TRK,104604,0.85683,0.06640,0.02300,-0.51078,0.2585,-0.0552,0.4799,0.007,-0.001,0.005,2,30
STAT,404.6,400.6,0,0,0,0.3967,40.522,0.1273,0.0598,0.0233,9.7803,0.39,0.006
TRK,104623,0.85616,0.07103,0.02222,-0.51132,0.2586,-0.0553,0.4800,0.004,-0.003,0.006,2,30
TRK,104642,0.85559,0.07659,0.02148,-0.51150,0.2588,-0.0553,0.4802,0.007,-0.001,0.005,2,30
TRK,104662,0.85482,0.08101,0.02219,-0.51207,0.2589,-0.0553,0.4802,0.010,-0.000,0.003,2,30
TRK,104684,0.85393,0.08688,0.02396,-0.51253,0.2591,-0.0553,0.4803,0.010,0.002,0.006,2,30
TRK,104704,0.85307,0.09278,0.02622,-0.51281,0.2593,-0.0552,0.4805,0.011,0.001,0.008,2,30
TRK,104724,0.85245,0.09670,0.02519,-0.51316,0.2595,-0.0552,0.4807,0.010,-0.001,0.018,2,30
TRK,104744,0.85200,0.09791,0.02217,-0.51382,0.2597,-0.0553,0.4811,0.008,-0.003,0.020,2,30
TRK,104762,0.85162,0.09844,0.01992,-0.51446,0.2599,-0.0553,0.4815,0.010,0.001,0.024,2,30
TRK,104784,0.85167,0.09945,0.01528,-0.51432,0.2601,-0.0552,0.4822,0.015,0.008,0.041,2,30
TRK,104804,0.85222,0.09943,0.01084,-0.51354,0.2604,-0.0550,0.4832,0.013,0.013,0.057,2,30
TRK,104823,0.85250,0.10048,0.00486,-0.51295,0.2606,-0.0547,0.4844,0.003,0.016,0.069,2,30
TRK,104841,0.85227,0.10000,-0.00120,-0.51345,0.2605,-0.0544,0.4858,-0.006,0.018,0.079,2,30
TRK,104863,0.85173,0.09900,-0.00674,-0.51449,0.2604,-0.0540,0.4874,-0.011,0.020,0.088,2,30
TRK,104881,0.85132,0.09693,-0.01312,-0.51545,0.2601,-0.0536,0.4895,-0.022,0.024,0.115,2,30
TRK,104903,0.85058,0.09322,-0.02038,-0.51712,0.2594,-0.0530,0.4923,-0.036,0.028,0.141,2,30
TRK,104923,0.84969,0.08778,-0.02852,-0.51914,0.2586,-0.0524,0.4952,-0.048,0.031,0.148,2,30
TRK,104943,0.84852,0.07992,-0.03655,-0.52181,0.2575,-0.0518,0.4982,-0.059,0.034,0.159,2,30
TRK,104962,0.84724,0.07113,-0.04525,-0.52448,0.2564,-0.0512,0.5011,-0.064,0.039,0.172,2,30
TRK,104984,0.84571,0.06001,-0.05572,-0.52732,0.2550,-0.0502,0.5051,-0.063,0.044,0.192,2,30
TRK,105003,0.84462,0.04979,-0.06385,-0.52921,0.2538,-0.0493,0.5090,-0.063,0.048,0.203,2,30
TRK,105024,0.84247,0.03444,-0.07221,-0.53277,0.2524,-0.0483,0.5135,-0.064,0.045,0.205,2,30
TRK,105043,0.83700,0.01330,-0.07932,-0.54125,0.2511,-0.0477,0.5170,-0.073,0.033,0.204,2,30
TRK,105063,0.83319,-0.00219,-0.08923,-0.54574,0.2500,-0.0466,0.5214,-0.046,0.062,0.225,2,30
TRK,105081,0.83186,-0.00558,-0.09678,-0.54645,0.2492,-0.0454,0.5258,-0.039,0.063,0.227,2,30
TRK,105101,0.83058,-0.01078,-0.10496,-0.54682,0.2484,-0.0442,0.5304,-0.037,0.065,0.237,2,30
TRK,105123,0.82902,-0.01726,-0.11376,-0.54725,0.2476,-0.0426,0.5359,-0.035,0.069,0.252,2,30
TRK,105142,0.82748,-0.02400,-0.11976,-0.54806,0.2471,-0.0415,0.5403,-0.029,0.067,0.260,2,30
TRK,105162,0.82579,-0.03195,-0.12686,-0.54860,0.2466,-0.0401,0.5456,-0.019,0.067,0.275,2,30
TRK,105182,0.82398,-0.03884,-0.13583,-0.54873,0.2463,-0.0388,0.5512,-0.014,0.067,0.288,2,30
TRK,105204,0.82168,-0.04689,-0.14598,-0.54894,0.2460,-0.0373,0.5577,-0.014,0.063,0.295,2,30
TRK,105224,0.81972,-0.05380,-0.15395,-0.54906,0.2458,-0.0361,0.5635,-0.006,0.061,0.291,2,30
TRK,105243,0.81825,-0.05885,-0.16105,-0.54869,0.2457,-0.0350,0.5693,-0.001,0.055,0.299,2,30
TRK,105263,0.81529,-0.05823,-0.17395,-0.54923,0.2456,-0.0340,0.5755,-0.014,0.043,0.345,2,30
TRK,105284,0.80895,-0.05637,-0.19422,-0.55200,0.2454,-0.0331,0.5831,0.005,0.027,0.310,2,30
TRK,105303,0.80390,-0.06976,-0.19968,-0.55588,0.2455,-0.0327,0.5886,0.003,0.016,0.330,2,30
TRK,105323,0.79771,-0.09173,-0.20404,-0.56001,0.2458,-0.0322,0.5950,0.039,0.061,0.312,2,30
TRK,105342,0.79205,-0.12708,-0.20728,-0.55995,0.2463,-0.0313,0.6015,0.005,0.030,0.326,2,30
TRK,105364,0.78113,-0.15773,-0.21115,-0.56602,0.2465,-0.0307,0.6085,0.018,0.019,0.306,2,30
TRK,105382,0.77571,-0.17532,-0.21351,-0.56741,0.2469,-0.0305,0.6137,0.033,0.012,0.295,2,30
TRK,105404,0.77531,-0.18547,-0.21404,-0.56451,0.2478,-0.0304,0.6199,0.037,-0.008,0.272,2,30
TRK,105422,0.77455,-0.19072,-0.21285,-0.56427,0.2484,-0.0306,0.6246,0.041,-0.018,0.268,2,30
TRK,105444,0.77347,-0.19736,-0.21040,-0.56438,0.2495,-0.0312,0.6305,0.060,-0.031,0.258,2,30
TRK,105462,0.77275,-0.20323,-0.20937,-0.56367,0.2508,-0.0319,0.6355,0.068,-0.041,0.251,2,30
TRK,105484,0.77231,-0.21031,-0.20662,-0.56269,0.2522,-0.0328,0.6403,0.071,-0.054,0.233,2,30
TRK,105502,0.77203,-0.21539,-0.20334,-0.56234,0.2536,-0.0340,0.6448,0.067,-0.064,0.225,2,30
TRK,105523,0.77141,-0.22243,-0.19856,-0.56217,0.2548,-0.0354,0.6493,0.058,-0.072,0.224,2,30
TRK,105541,0.77156,-0.22778,-0.19509,-0.56102,0.2559,-0.0368,0.6537,0.049,-0.076,0.230,2,30
TRK,105561,0.77171,-0.23300,-0.19237,-0.55961,0.2568,-0.0384,0.6584,0.044,-0.075,0.243,2,30
TRK,105583,0.77180,-0.23917,-0.19087,-0.55740,0.2576,-0.0398,0.6635,0.035,-0.070,0.269,2,30
TRK,105602,0.77142,-0.24479,-0.19091,-0.55546,0.2581,-0.0412,0.6691,0.022,-0.070,0.297,2,30
STAT,404.6,400.6,0,0,0,0.6905,38.722,0.1273,0.0598,0.0233,9.7803,0.39,0.006
TRK,105621,0.77037,-0.25116,-0.19154,-0.55387,0.2585,-0.0426,0.6751,0.017,-0.074,0.313,2,30
TRK,105641,0.76959,-0.25663,-0.19210,-0.55225,0.2588,-0.0441,0.6814,0.018,-0.083,0.323,2,30
TRK,105664,0.76862,-0.26279,-0.19151,-0.55091,0.2593,-0.0461,0.6887,0.023,-0.093,0.334,2,30
TRK,105684,0.76793,-0.26808,-0.19011,-0.54979,0.2599,-0.0480,0.6954,0.037,-0.097,0.346,2,30
TRK,105703,0.76779,-0.27318,-0.18822,-0.54813,0.2608,-0.0499,0.7025,0.053,-0.096,0.367,2,30
TRK,105721,0.76797,-0.27690,-0.18759,-0.54622,0.2618,-0.0515,0.7090,0.066,-0.092,0.392,2,30
TRK,105743,0.76878,-0.28093,-0.18767,-0.54299,0.2634,-0.0535,0.7180,0.082,-0.089,0.409,2,30
TRK,105764,0.76993,-0.28436,-0.18759,-0.53959,0.2655,-0.0555,0.7272,0.097,-0.087,0.418,2,30
TRK,105783,0.77129,-0.28727,-0.18783,-0.53601,0.2672,-0.0571,0.7344,0.104,-0.095,0.413,2,30
TRK,105801,0.77279,-0.28900,-0.18756,-0.53300,0.2693,-0.0590,0.7425,0.105,-0.100,0.407,2,30
TRK,105823,0.77507,-0.28952,-0.18863,-0.52902,0.2715,-0.0610,0.7506,0.120,-0.103,0.406,2,30
TRK,105843,0.77779,-0.28937,-0.19192,-0.52390,0.2743,-0.0633,0.7596,0.134,-0.105,0.404,2,30
TRK,105864,0.78044,-0.28976,-0.19651,-0.51801,0.2770,-0.0655,0.7674,0.130,-0.118,0.385,2,30
TRK,105882,0.78252,-0.29030,-0.20174,-0.51253,0.2792,-0.0677,0.7739,0.126,-0.138,0.353,2,30
TRK,105903,0.78585,-0.28894,-0.20318,-0.50762,0.2819,-0.0710,0.7814,0.121,-0.154,0.323,2,30
TRK,105924,0.78959,-0.28653,-0.20283,-0.50331,0.2843,-0.0741,0.7876,0.121,-0.165,0.305,2,30
TRK,105942,0.79371,-0.28387,-0.20188,-0.49868,0.2866,-0.0775,0.7934,0.109,-0.174,0.287,2,30
TRK,105964,0.79784,-0.28049,-0.20173,-0.49404,0.2886,-0.0810,0.7988,0.093,-0.185,0.261,2,30
TRK,105983,0.80253,-0.27484,-0.20208,-0.48946,0.2902,-0.0848,0.8038,0.069,-0.197,0.241,2,30
TRK,106003,0.80679,-0.26769,-0.20260,-0.48619,0.2912,-0.0888,0.8083,0.030,-0.209,0.213,2,30
TRK,106023,0.81009,-0.26025,-0.20290,-0.48462,0.2914,-0.0930,0.8123,-0.009,-0.213,0.194,2,30
TRK,106041,0.81232,-0.25388,-0.20328,-0.48410,0.2909,-0.0972,0.8161,-0.040,-0.207,0.184,2,30
TRK,106063,0.81441,-0.24663,-0.20454,-0.48381,0.2899,-0.1012,0.8198,-0.061,-0.192,0.192,2,30
TRK,106082,0.81552,-0.24188,-0.20656,-0.48347,0.2885,-0.1048,0.8237,-0.078,-0.171,0.209,2,30
TRK,106103,0.81578,-0.23863,-0.20980,-0.48326,0.2866,-0.1083,0.8287,-0.097,-0.149,0.232,2,30
TRK,106122,0.81531,-0.23652,-0.21410,-0.48320,0.2848,-0.1108,0.8328,-0.106,-0.138,0.240,2,30
TRK,106142,0.81479,-0.23462,-0.21860,-0.48299,0.2826,-0.1134,0.8375,-0.118,-0.125,0.246,2,30
TRK,106162,0.81420,-0.23214,-0.22508,-0.48221,0.2798,-0.1160,0.8433,-0.136,-0.104,0.277,2,30
TRK,106182,0.81312,-0.22867,-0.23510,-0.48090,0.2769,-0.1179,0.8490,-0.158,-0.096,0.289,2,30
TRK,106203,0.81122,-0.22568,-0.24433,-0.48093,0.2735,-0.1199,0.8546,-0.185,-0.107,0.270,2,30
TRK,106223,0.80843,-0.22383,-0.25030,-0.48342,0.2697,-0.1221,0.8596,-0.201,-0.115,0.247,2,30
TRK,106243,0.80505,-0.22373,-0.25498,-0.48664,0.2657,-0.1243,0.8645,-0.194,-0.105,0.246,2,30
TRK,106264,0.80101,-0.22491,-0.26265,-0.48868,0.2618,-0.1264,0.8701,-0.156,-0.078,0.256,2,30
TRK,106281,0.79840,-0.22528,-0.27091,-0.48827,0.2595,-0.1275,0.8745,-0.111,-0.059,0.255,2,30
TRK,106303,0.79631,-0.22419,-0.28155,-0.48617,0.2577,-0.1287,0.8799,-0.044,-0.049,0.227,2,30
TRK,106324,0.79718,-0.21914,-0.29086,-0.48154,0.2575,-0.1297,0.8841,0.018,-0.050,0.191,2,30
TRK,106344,0.79938,-0.21586,-0.29534,-0.47662,0.2584,-0.1307,0.8875,0.071,-0.055,0.153,2,30
TRK,106364,0.80211,-0.21382,-0.29694,-0.47195,0.2602,-0.1319,0.8901,0.119,-0.067,0.115,2,30
TRK,106384,0.80430,-0.21404,-0.29704,-0.46804,0.2631,-0.1333,0.8920,0.170,-0.074,0.069,2,30
TRK,106404,0.80692,-0.21482,-0.29722,-0.46304,0.2669,-0.1348,0.8930,0.215,-0.077,0.035,2,30
TRK,106422,0.80957,-0.21406,-0.29955,-0.45721,0.2716,-0.1364,0.8935,0.251,-0.079,0.024,2,30
TRK,106442,0.81241,-0.21333,-0.30525,-0.44867,0.2768,-0.1381,0.8938,0.272,-0.098,-0.005,2,30
TRK,106462,0.81359,-0.21485,-0.30951,-0.44284,0.2823,-0.1404,0.8931,0.282,-0.139,-0.069,2,30
TRK,106482,0.81509,-0.21598,-0.30914,-0.43979,0.2879,-0.1436,0.8909,0.282,-0.186,-0.152,2,30
TRK,106502,0.81739,-0.21618,-0.30368,-0.43923,0.2934,-0.1477,0.8871,0.285,-0.221,-0.227,2,30
TRK,106522,0.82116,-0.21465,-0.29472,-0.43905,0.2992,-0.1522,0.8821,0.295,-0.231,-0.278,2,30
TRK,106542,0.82498,-0.21323,-0.28573,-0.43852,0.3050,-0.1568,0.8763,0.292,-0.231,-0.307,2,30
TRK,106562,0.82829,-0.21044,-0.27903,-0.43794,0.3107,-0.1613,0.8699,0.280,-0.233,-0.341,2,30
TRK,106582,0.83139,-0.20539,-0.27347,-0.43798,0.3162,-0.1660,0.8628,0.273,-0.236,-0.371,2,30
TRK,106604,0.83422,-0.19883,-0.26785,-0.43910,0.3219,-0.1714,0.8541,0.240,-0.257,-0.414,2,30
STAT,404.0,400.5,0,0,0,1.0365,50.865,0.1273,0.0598,0.0233,9.7803,0.39,0.006
TRK,106622,0.83363,-0.19552,-0.26513,-0.44333,0.3258,-0.1760,0.8466,0.208,-0.268,-0.446,2,30
TRK,106644,0.83099,-0.19705,-0.25956,-0.45084,0.3300,-0.1821,0.8363,0.172,-0.275,-0.476,2,30
TRK,106662,0.82758,-0.19858,-0.25280,-0.46018,0.3331,-0.1878,0.8265,0.133,-0.293,-0.505,2,30
TRK,106684,0.81873,-0.20445,-0.24578,-0.47694,0.3357,-0.1946,0.8153,0.106,-0.315,-0.494,2,30
TRK,106703,0.81015,-0.21186,-0.24166,-0.49027,0.3374,-0.1998,0.8066,0.087,-0.291,-0.525,2,30
TRK,106723,0.80288,-0.21642,-0.23159,-0.50489,0.3388,-0.2056,0.7959,0.052,-0.292,-0.547,2,30
TRK,106741,0.79697,-0.21721,-0.22161,-0.51822,0.3395,-0.2113,0.7852,0.027,-0.278,-0.528,2,30
TRK,106763,0.78815,-0.21796,-0.21132,-0.53540,0.3399,-0.2174,0.7741,0.013,-0.266,-0.479,2,30
TRK,106783,0.77994,-0.21933,-0.20385,-0.54957,0.3402,-0.2224,0.7648,0.012,-0.244,-0.467,2,30
TRK,106803,0.77165,-0.22286,-0.19170,-0.56404,0.3402,-0.2272,0.7556,-0.013,-0.245,-0.453,2,30
TRK,106823,0.76100,-0.22927,-0.17731,-0.58041,0.3398,-0.2319,0.7470,-0.018,-0.223,-0.406,2,30
TRK,106842,0.75370,-0.23200,-0.16943,-0.59110,0.3397,-0.2356,0.7405,-0.001,-0.198,-0.346,2,30
TRK,106861,0.74528,-0.23388,-0.16476,-0.60226,0.3398,-0.2393,0.7341,0.006,-0.182,-0.308,2,30
TRK,106884,0.73468,-0.23818,-0.15819,-0.61522,0.3401,-0.2431,0.7276,0.027,-0.159,-0.279,2,30
TRK,106903,0.72608,-0.24413,-0.14981,-0.62511,0.3408,-0.2461,0.7221,0.042,-0.148,-0.279,2,30
TRK,106923,0.71684,-0.25656,-0.13189,-0.63476,0.3416,-0.2490,0.7165,0.037,-0.147,-0.290,2,30
TRK,106943,0.70604,-0.27576,-0.10271,-0.64414,0.3422,-0.2520,0.7106,0.023,-0.150,-0.306,2,30
TRK,106963,0.69269,-0.30543,-0.06357,-0.65027,0.3427,-0.2549,0.7044,0.027,-0.144,-0.318,2,30
TRK,106981,0.68048,-0.33583,-0.02652,-0.65075,0.3436,-0.2575,0.6980,0.065,-0.124,-0.333,2,30
TRK,107003,0.66689,-0.37203,0.02077,-0.64531,0.3452,-0.2598,0.6914,0.096,-0.106,-0.337,2,30
TRK,107022,0.64715,-0.41041,0.06178,-0.63949,0.3468,-0.2619,0.6846,0.057,-0.099,-0.338,2,30
TRK,107043,0.63187,-0.43967,0.10188,-0.63012,0.3488,-0.2636,0.6771,0.096,-0.068,-0.330,2,30
TRK,107062,0.62192,-0.45753,0.12620,-0.62286,0.3505,-0.2647,0.6714,0.110,-0.054,-0.323,2,30
TRK,107084,0.60862,-0.47913,0.14673,-0.61521,0.3533,-0.2657,0.6644,0.131,-0.036,-0.311,2,30
TRK,107104,0.58589,-0.50546,0.16358,-0.61195,0.3558,-0.2662,0.6585,0.149,-0.014,-0.296,2,30
TRK,107122,0.57170,-0.52039,0.17347,-0.61013,0.3587,-0.2664,0.6527,0.147,-0.008,-0.274,2,30
TRK,107142,0.54737,-0.54281,0.17771,-0.61169,0.3620,-0.2667,0.6475,0.162,-0.024,-0.250,2,30
TRK,107164,0.51691,-0.56886,0.16788,-0.61726,0.3659,-0.2670,0.6420,0.186,0.001,-0.250,2,30
TRK,107183,0.49726,-0.58936,0.15589,-0.61732,0.3686,-0.2669,0.6378,0.133,-0.014,-0.225,2,30
TRK,107203,0.42635,-0.63350,0.17781,-0.62071,0.3693,-0.2698,0.6335,-0.086,-0.206,-0.299,2,30
TRK,107224,0.34729,-0.68782,0.28254,-0.57137,0.3684,-0.2737,0.6241,0.094,-0.228,-0.485,2,30
TRK,107241,0.30599,-0.71552,0.34642,-0.52382,0.3725,-0.2783,0.6150,0.387,-0.229,-0.625,2,30
TRK,107263,0.30219,-0.76353,0.38029,-0.42553,0.3837,-0.2817,0.5972,0.550,-0.080,-0.952,2,30
TRK,107282,0.23763,-0.83873,0.39803,-0.28573,0.3924,-0.2818,0.5827,0.000,0.000,0.000,3,30
TRK,107304,0.12122,-0.91310,0.36544,-0.13418,0.3924,-0.2818,0.5827,0.000,0.000,0.000,3,30
TRK,107322,0.23593,-0.89285,0.33848,-0.18052,0.3924,-0.2818,0.5827,0.000,0.000,0.000,3,30
TRK,107344,0.31318,-0.87540,0.29772,-0.21670,0.3924,-0.2818,0.5827,0.000,0.000,0.000,3,30
TRK,107362,0.30462,-0.87213,0.30391,-0.23286,0.3924,-0.2818,0.5827,0.000,0.000,0.000,3,30
TRK,107384,0.29091,-0.87768,0.29211,-0.24437,0.3924,-0.2818,0.5827,0.000,0.000,0.000,3,30
TRK,107402,0.36002,-0.84022,0.27577,-0.29726,0.3924,-0.2818,0.5827,0.000,0.000,0.000,3,30
TRK,107424,0.38466,-0.81953,0.29001,-0.31033,0.3924,-0.2818,0.5827,0.000,0.000,0.000,3,30
TRK,107441,0.32863,-0.84295,0.30095,-0.30142,0.3924,-0.2818,0.5827,0.000,0.000,0.000,3,30
TRK,107463,0.33830,-0.84134,0.29877,-0.29739,0.3924,-0.2818,0.5827,0.000,0.000,0.000,3,30
TRK,107481,0.36371,-0.83259,0.29014,-0.30056,0.3924,-0.2818,0.5827,0.000,0.000,0.000,3,30
TRK,107503,0.34285,-0.84615,0.28762,-0.28941,0.3924,-0.2818,0.5827,0.000,0.000,0.000,3,30
TRK,107523,0.33408,-0.85248,0.28035,-0.28821,0.3924,-0.2818,0.5827,0.000,0.000,0.000,3,30
TRK,107544,0.36949,-0.83275,0.27336,-0.30868,0.3924,-0.2818,0.5827,0.000,0.000,0.000,3,30
TRK,107562,0.38384,-0.81976,0.27724,-0.32217,0.3924,-0.2818,0.5827,0.000,0.000,0.000,3,30
TRK,107582,0.37182,-0.82141,0.28592,-0.32448,0.3924,-0.2818,0.5827,0.000,0.000,0.000,3,30
TRK,107602,0.35704,-0.82816,0.28969,-0.32055,0.3924,-0.2818,0.5827,0.000,0.000,0.000,3,30
STAT,404.0,400.5,0,0,0,3.1763,138.469,0.1273,0.0598,0.0233,9.7803,0.39,0.006
TRK,107624,0.35093,-0.83275,0.29964,-0.30594,0.3924,-0.2818,0.5827,0.000,0.000,0.000,3,30
TRK,107643,0.34050,-0.84204,0.29610,-0.29557,0.3924,-0.2818,0.5827,0.000,0.000,0.000,3,30
TRK,107664,0.33989,-0.84621,0.29079,-0.28957,0.3924,-0.2818,0.5827,0.000,0.000,0.000,3,30
TRK,107681,0.34817,-0.84296,0.28797,-0.29201,0.3924,-0.2818,0.5827,0.000,0.000,0.000,3,30
TRK,107703,0.35635,-0.83908,0.28715,-0.29413,0.3924,-0.2818,0.5827,0.000,0.000,0.000,3,30
TRK,107722,0.35235,-0.84114,0.28744,-0.29277,0.3924,-0.2818,0.5827,0.000,0.000,0.000,3,30
TRK,107742,0.34932,-0.84293,0.28800,-0.29069,0.3924,-0.2818,0.5827,0.000,0.000,0.000,3,30
TRK,107762,0.35000,-0.84259,0.28785,-0.29100,0.3924,-0.2818,0.5827,0.000,0.000,0.000,3,30
TRK,107783,0.35365,-0.84070,0.28722,-0.29268,0.3924,-0.2818,0.5827,0.000,0.000,0.000,3,30
TRK,107804,0.35372,-0.84065,0.28725,-0.29269,0.3924,-0.2818,0.5827,0.000,0.000,0.000,3,30
TRK,107821,0.35084,-0.84217,0.28760,-0.29147,0.3924,-0.2818,0.5827,0.000,0.000,0.000,3,30
TRK,107841,0.34003,-0.84467,0.28431,-0.30014,0.3924,-0.2818,0.5827,0.000,0.000,0.000,3,30
TRK,107862,0.35140,-0.84366,0.27552,-0.29806,0.3924,-0.2818,0.5827,0.000,0.000,0.000,3,30
TRK,107884,0.36374,-0.83466,0.27165,-0.31184,0.3924,-0.2818,0.5827,0.000,0.000,0.000,3,30
TRK,107901,0.37852,-0.81767,0.27369,-0.33651,0.3924,-0.2818,0.5827,0.000,0.000,0.000,3,30
TRK,107923,0.36757,-0.81716,0.28400,-0.34129,0.3924,-0.2818,0.5827,0.000,0.000,0.000,3,30
TRK,107941,0.36408,-0.81733,0.29170,-0.33811,0.3924,-0.2818,0.5827,0.000,0.000,0.000,3,30
TRK,107962,0.33536,-0.83368,0.30305,-0.31729,0.3924,-0.2818,0.5827,0.000,0.000,0.000,3,30
TRK,107982,0.31709,-0.85232,0.28819,-0.29990,0.3924,-0.2818,0.5827,0.000,0.000,0.000,3,30
TRK,108002,0.33811,-0.85215,0.25363,-0.30854,0.3924,-0.2818,0.5827,0.000,0.000,0.000,3,30
TRK,108022,0.34143,-0.86217,0.22427,-0.29966,0.3924,-0.2818,0.5827,0.000,0.000,0.000,3,30
TRK,108044,0.33828,-0.86438,0.21838,-0.30122,0.3924,-0.2818,0.5827,0.000,0.000,0.000,3,30
TRK,108064,0.34962,-0.85587,0.21850,-0.31227,0.3924,-0.2818,0.5827,0.000,0.000,0.000,3,30
TRK,108084,0.34456,-0.85657,0.22821,-0.30901,0.3924,-0.2818,0.5827,0.000,0.000,0.000,3,30
TRK,108104,0.34356,-0.85655,0.23316,-0.30646,0.3924,-0.2818,0.5827,0.000,0.000,0.000,3,30
TRK,108123,0.35575,-0.84800,0.22834,-0.31969,0.3924,-0.2818,0.5827,0.000,0.000,0.000,3,30
TRK,108143,0.37783,-0.83836,0.21624,-0.32807,0.3924,-0.2818,0.5827,0.000,0.000,0.000,3,30
TRK,108161,0.39346,-0.82351,0.22258,-0.34274,0.3924,-0.2818,0.5827,0.000,0.000,0.000,3,30
TRK,108183,0.36032,-0.83367,0.26154,-0.32674,0.3924,-0.2818,0.5827,0.000,0.000,0.000,3,30
TRK,108201,0.35173,-0.83442,0.27722,-0.32121,0.3924,-0.2818,0.5827,0.000,0.000,0.000,3,30
TRK,108222,0.33719,-0.84632,0.29126,-0.29193,0.3924,-0.2818,0.5827,0.000,0.000,0.000,3,30
TRK,108242,0.35020,-0.83711,0.29113,-0.30306,0.3924,-0.2818,0.5827,0.000,0.000,0.000,3,30
TRK,108264,0.36088,-0.83418,0.28763,-0.30196,0.3924,-0.2818,0.5827,0.000,0.000,0.000,3,30
TRK,108284,0.35294,-0.83768,0.28860,-0.30072,0.3924,-0.2818,0.5827,0.000,0.000,0.000,3,30
TRK,108302,0.34573,-0.84025,0.29158,-0.29906,0.3924,-0.2818,0.5827,0.000,0.000,0.000,3,30
TRK,108324,0.33907,-0.83912,0.29327,-0.30808,0.3924,-0.2818,0.5827,0.000,0.000,0.000,3,30
TRK,108343,0.31215,-0.85001,0.30257,-0.29749,0.3924,-0.2818,0.5827,0.000,0.000,0.000,3,30
TRK,108364,0.32476,-0.84711,0.28874,-0.30587,0.3924,-0.2818,0.5827,0.000,0.000,0.000,3,30
TRK,108381,0.33228,-0.85178,0.27297,-0.29924,0.3924,-0.2818,0.5827,0.000,0.000,0.000,3,30
TRK,108403,0.35184,-0.84792,0.26150,-0.29810,0.3924,-0.2818,0.5827,0.000,0.000,0.000,3,30
TRK,108422,0.34388,-0.84608,0.27972,-0.29606,0.3924,-0.2818,0.5827,0.000,0.000,0.000,3,30
TRK,108443,0.31851,-0.81185,0.35612,-0.33561,0.3924,-0.2818,0.5827,0.000,0.000,0.000,3,30
TRK,108462,0.31351,-0.76528,0.41481,-0.37946,0.3924,-0.2818,0.5827,0.000,0.000,0.000,3,30
TRK,108481,0.34040,-0.71119,0.45032,-0.41899,0.3924,-0.2818,0.5827,0.000,0.000,0.000,3,30
TRK,108501,0.37562,-0.71759,0.43378,-0.39473,0.3924,-0.2818,0.5827,0.000,0.000,0.000,3,30
TRK,108521,0.35164,-0.76525,0.39712,-0.36476,0.3924,-0.2818,0.5827,0.000,0.000,0.000,3,30
TRK,108544,0.30774,-0.75572,0.41674,-0.40064,0.3924,-0.2818,0.5827,0.000,0.000,0.000,3,30
TRK,108563,0.26219,-0.71454,0.45990,-0.45735,0.3924,-0.2818,0.5827,0.000,0.000,0.000,3,30
TRK,108581,0.23365,-0.67418,0.50224,-0.48851,0.3924,-0.2818,0.5827,0.000,0.000,0.000,3,30
TRK,108603,0.24840,-0.63254,0.53989,-0.49670,0.3924,-0.2818,0.5827,0.000,0.000,0.000,3,30
STAT,404.1,400.6,0,0,0,16.8089,392.960,0.1273,0.0598,0.0233,9.7803,0.39,0.006
TRK,108623,0.30519,-0.62716,0.54519,-0.46508,0.3924,-0.2818,0.5827,0.000,0.000,0.000,3,30
TRK,108641,0.36299,-0.63453,0.53315,-0.42587,0.3924,-0.2818,0.5827,0.000,0.000,0.000,3,30
TRK,108663,0.39697,-0.63187,0.53525,-0.39580,0.3924,-0.2818,0.5827,0.000,0.000,0.000,3,30
TRK,108682,0.37117,-0.62179,0.55961,-0.40304,0.3924,-0.2818,0.5827,0.000,0.000,0.000,3,30
TRK,108702,0.31148,-0.61352,0.58823,-0.42491,0.3924,-0.2818,0.5827,0.000,0.000,0.000,3,30
TRK,108722,0.27016,-0.60860,0.59855,-0.44536,0.3924,-0.2818,0.5827,0.000,0.000,0.000,3,30
TRK,108744,0.25797,-0.61448,0.60150,-0.44051,0.3924,-0.2818,0.5827,0.000,0.000,0.000,3,30
TRK,108762,0.29451,-0.61881,0.59537,-0.41938,0.3924,-0.2818,0.5827,0.000,0.000,0.000,3,30
TRK,108784,0.32125,-0.64381,0.59134,-0.36417,0.3924,-0.2818,0.5827,0.000,0.000,0.000,3,30
TRK,108802,0.33938,-0.64417,0.56263,-0.39155,0.3924,-0.2818,0.5827,0.000,0.000,0.000,3,30
TRK,108824,0.32819,-0.64146,0.56524,-0.40164,0.3924,-0.2818,0.5827,0.000,0.000,0.000,3,30
TRK,108843,0.33937,-0.64729,0.55577,-0.39619,0.3924,-0.2818,0.5827,0.000,0.000,0.000,3,30
TRK,108863,0.32098,-0.67528,0.55364,-0.36667,0.3924,-0.2818,0.5827,0.000,0.000,0.000,3,30
TRK,108881,0.32337,-0.67491,0.55488,-0.36336,0.3924,-0.2818,0.5827,0.000,0.000,0.000,3,30
TRK,108903,0.33512,-0.67292,0.54694,-0.36840,0.3924,-0.2818,0.5827,0.000,0.000,0.000,3,30
TRK,108923,0.32955,-0.67524,0.54916,-0.36589,0.3924,-0.2818,0.5827,0.000,0.000,0.000,3,30
TRK,108943,0.32943,-0.67677,0.54885,-0.36363,0.3924,-0.2818,0.5827,0.000,0.000,0.000,3,30
TRK,108964,0.33010,-0.67693,0.54817,-0.36374,0.3924,-0.2818,0.5827,0.000,0.000,0.000,3,30
TRK,108982,0.33001,-0.67694,0.54816,-0.36383,0.3924,-0.2818,0.5827,0.000,0.000,0.000,3,30
TRK,109004,0.33006,-0.67693,0.54814,-0.36383,0.3924,-0.2818,0.5827,0.000,0.000,0.000,3,30
TRK,109024,0.33002,-0.67696,0.54812,-0.36384,0.3924,-0.2818,0.5827,0.000,0.000,0.000,3,30
TRK,109044,0.32997,-0.67698,0.54810,-0.36387,0.3924,-0.2818,0.5827,0.000,0.000,0.000,3,30
TRK,109063,0.32995,-0.67695,0.54811,-0.36394,0.3924,-0.2818,0.5827,0.000,0.000,0.000,3,30
TRK,109083,0.32996,-0.67695,0.54809,-0.36396,0.3924,-0.2818,0.5827,0.000,0.000,0.000,3,30
TRK,109102,0.32989,-0.67698,0.54806,-0.36399,0.3924,-0.2818,0.5827,0.000,0.000,0.000,3,30
TRK,109122,0.32988,-0.67699,0.54805,-0.36401,0.3924,-0.2818,0.5827,0.000,0.000,0.000,3,30
TRK,109142,0.34014,-0.67142,0.55030,-0.36149,0.3924,-0.2818,0.5827,0.000,0.000,0.000,1,31
TRK,109162,0.35158,-0.66506,0.55275,-0.35853,0.3924,-0.2818,0.5827,0.000,0.000,0.000,1,31
TRK,109182,0.36091,-0.65976,0.55465,-0.35612,0.3924,-0.2818,0.5827,0.000,0.000,0.000,1,31
TRK,109204,0.36938,-0.65485,0.55621,-0.35407,0.3924,-0.2818,0.5827,0.000,0.000,0.000,1,31
TRK,109224,0.37552,-0.65122,0.55722,-0.35270,0.3924,-0.2818,0.5827,0.000,0.000,0.000,1,31
TRK,109244,0.38053,-0.64823,0.55797,-0.35167,0.3924,-0.2818,0.5827,0.000,0.000,0.000,1,31
TRK,109262,0.38457,-0.64579,0.55859,-0.35077,0.3924,-0.2818,0.5827,0.000,0.000,0.000,1,31
TRK,109282,0.38782,-0.64382,0.55914,-0.34995,0.3924,-0.2818,0.5827,0.000,0.000,0.000,1,31
TRK,109302,0.39039,-0.64224,0.55966,-0.34913,0.3924,-0.2818,0.5827,0.000,0.000,0.000,1,31
TRK,109322,0.39245,-0.64098,0.56013,-0.34840,0.3924,-0.2818,0.5827,0.000,0.000,0.000,1,31
TRK,109342,0.39418,-0.63992,0.56051,-0.34779,0.3924,-0.2818,0.5827,0.000,0.000,0.000,1,31
TRK,109362,0.39569,-0.63899,0.56080,-0.34732,0.3924,-0.2818,0.5827,0.000,0.000,0.000,1,31
TRK,109382,0.39698,-0.63819,0.56099,-0.34702,0.3924,-0.2818,0.5827,0.000,0.000,0.000,1,31
TRK,109404,0.39814,-0.63746,0.56112,-0.34681,0.3924,-0.2818,0.5827,0.000,0.000,0.000,1,31
TRK,109424,0.39905,-0.63690,0.56121,-0.34665,0.3924,-0.2818,0.5827,0.000,0.000,0.000,1,31
TRK,109442,0.39964,-0.63652,0.56135,-0.34643,0.3924,-0.2818,0.5827,0.000,0.000,0.000,1,31
TRK,109462,0.40018,-0.63619,0.56154,-0.34611,0.3924,-0.2818,0.5827,0.000,0.000,0.000,1,31
TRK,109482,0.40054,-0.63596,0.56169,-0.34588,0.3924,-0.2818,0.5827,0.000,0.000,0.000,1,31
TRK,109502,0.40082,-0.63578,0.56178,-0.34573,0.3924,-0.2818,0.5827,0.000,0.000,0.000,1,31
TRK,109524,0.40107,-0.63563,0.56186,-0.34560,0.3924,-0.2818,0.5827,0.000,0.000,0.000,1,31
TRK,109543,0.40126,-0.63551,0.56189,-0.34554,0.3924,-0.2818,0.5827,0.000,0.000,0.000,1,31
TRK,109561,0.40139,-0.63543,0.56189,-0.34553,0.3924,-0.2818,0.5827,0.000,0.000,0.000,1,31
TRK,109581,0.40146,-0.63539,0.56186,-0.34558,0.3924,-0.2818,0.5827,0.000,0.000,0.000,1,31
TRK,109602,0.40155,-0.63533,0.56184,-0.34562,0.3924,-0.2818,0.5827,0.000,0.000,0.000,1,31
STAT,404.1,400.6,0,0,0,0.0225,0.366,0.1238,0.0676,0.0285,9.7019,4.85,0.000
TRK,109622,0.40170,-0.63523,0.56177,-0.34572,0.3924,-0.2818,0.5827,0.000,0.000,0.000,1,31
TRK,109642,0.40185,-0.63514,0.56169,-0.34585,0.3924,-0.2818,0.5827,0.000,0.000,0.000,1,31
TRK,109662,0.40199,-0.63506,0.56166,-0.34590,0.3924,-0.2818,0.5827,0.000,0.000,0.000,1,31
TRK,109684,0.40207,-0.63500,0.56166,-0.34590,0.3924,-0.2818,0.5827,0.000,0.000,0.000,1,31
TRK,109704,0.40221,-0.63492,0.56172,-0.34580,0.3924,-0.2818,0.5827,0.000,0.000,0.000,1,31
TRK,109724,0.40226,-0.63488,0.56180,-0.34567,0.3924,-0.2818,0.5827,0.000,0.000,0.000,1,31
TRK,109744,0.40232,-0.63485,0.56190,-0.34552,0.3924,-0.2818,0.5827,0.000,0.000,0.000,1,31
TRK,109764,0.40229,-0.63486,0.56196,-0.34541,0.3924,-0.2818,0.5827,0.000,0.000,0.000,1,31
TRK,109783,0.40230,-0.63486,0.56196,-0.34542,0.3924,-0.2818,0.5827,0.000,0.000,0.000,1,31
TRK,109803,0.40235,-0.63483,0.56185,-0.34559,0.3924,-0.2818,0.5827,0.000,0.000,0.000,1,31
TRK,109821,0.40239,-0.63480,0.56175,-0.34575,0.3924,-0.2818,0.5827,0.000,0.000,0.000,1,31
TRK,109841,0.40241,-0.63479,0.56167,-0.34587,0.3924,-0.2818,0.5827,0.000,0.000,0.000,1,31
TRK,109862,0.40233,-0.63484,0.56165,-0.34590,0.3924,-0.2818,0.5827,0.000,0.000,0.000,1,31
TRK,109882,0.40247,-0.63476,0.56169,-0.34584,0.3924,-0.2818,0.5827,0.000,0.000,0.000,1,31
TRK,109904,0.40238,-0.63481,0.56174,-0.34577,0.3924,-0.2818,0.5827,0.000,0.000,0.000,1,31
TRK,109922,0.40233,-0.63485,0.56175,-0.34576,0.3924,-0.2818,0.5827,0.000,0.000,0.000,1,31
TRK,109944,0.40230,-0.63486,0.56177,-0.34572,0.3924,-0.2818,0.5827,0.000,0.000,0.000,1,31
TRK,109962,0.40236,-0.63483,0.56175,-0.34575,0.3924,-0.2818,0.5827,0.000,0.000,0.000,1,31
TRK,109982,0.40239,-0.63480,0.56174,-0.34576,0.3924,-0.2818,0.5827,0.000,0.000,0.000,1,31
TRK,110003,0.40235,-0.63483,0.56174,-0.34577,0.3924,-0.2818,0.5827,0.000,0.000,0.000,1,31
TRK,110023,0.40220,-0.63492,0.56178,-0.34570,0.3924,-0.2818,0.5827,0.000,0.000,0.000,1,31
TRK,110043,0.40234,-0.63483,0.56175,-0.34575,0.3924,-0.2818,0.5827,0.000,0.000,0.000,1,31
TRK,110061,0.40240,-0.63480,0.56168,-0.34585,0.3924,-0.2818,0.5827,0.000,0.000,0.000,1,31
TRK,110081,0.40240,-0.63480,0.56166,-0.34589,0.3924,-0.2818,0.5827,0.000,0.000,0.000,1,31
TRK,110101,0.40235,-0.63483,0.56165,-0.34591,0.3924,-0.2818,0.5827,0.000,0.000,0.000,1,31
TRK,110124,0.40234,-0.63483,0.56165,-0.34591,0.3924,-0.2818,0.5827,0.000,0.000,0.000,1,31
TRK,110143,0.40245,-0.63477,0.56167,-0.34587,0.3924,-0.2818,0.5827,0.000,0.000,0.000,1,31
TRK,110161,0.40243,-0.63478,0.56166,-0.34589,0.3924,-0.2818,0.5827,0.000,0.000,0.000,1,31
TRK,110181,0.40244,-0.63477,0.56161,-0.34598,0.3924,-0.2818,0.5827,0.000,0.000,0.000,1,31
TRK,110201,0.40252,-0.63473,0.56155,-0.34606,0.3924,-0.2818,0.5827,0.000,0.000,0.000,1,31
TRK,110221,0.40256,-0.63470,0.56155,-0.34607,0.3924,-0.2818,0.5827,0.000,0.000,0.000,1,31
TRK,110241,0.40248,-0.63475,0.56157,-0.34604,0.3924,-0.2818,0.5827,0.000,0.000,0.000,1,31
TRK,110261,0.40237,-0.63482,0.56162,-0.34596,0.3924,-0.2818,0.5827,0.000,0.000,0.000,1,31
TRK,110281,0.40233,-0.63484,0.56171,-0.34581,0.3924,-0.2818,0.5827,0.000,0.000,0.000,1,31
TRK,110301,0.40223,-0.63490,0.56178,-0.34571,0.3924,-0.2818,0.5827,0.000,0.000,0.000,1,31
TRK,110323,0.40221,-0.63492,0.56179,-0.34568,0.3924,-0.2818,0.5827,0.000,0.000,0.000,1,31
TRK,110342,0.40218,-0.63494,0.56176,-0.34574,0.3924,-0.2818,0.5827,0.000,0.000,0.000,1,31
TRK,110364,0.40220,-0.63492,0.56170,-0.34583,0.3924,-0.2818,0.5827,0.000,0.000,0.000,1,31
TRK,110382,0.40222,-0.63491,0.56169,-0.34585,0.3924,-0.2818,0.5827,0.000,0.000,0.000,1,31
TRK,110402,0.40224,-0.63490,0.56170,-0.34583,0.3924,-0.2818,0.5827,0.000,0.000,0.000,1,31
TRK,110422,0.40223,-0.63490,0.56175,-0.34575,0.3924,-0.2818,0.5827,0.000,0.000,0.000,1,31
TRK,110442,0.40225,-0.63489,0.56180,-0.34567,0.3924,-0.2818,0.5827,0.000,0.000,0.000,1,31
TRK,110463,0.40228,-0.63487,0.56186,-0.34558,0.3924,-0.2818,0.5827,0.000,0.000,0.000,1,31
TRK,110484,0.40233,-0.63484,0.56185,-0.34559,0.3924,-0.2818,0.5827,0.000,0.000,0.000,1,31
TRK,110503,0.40244,-0.63477,0.56184,-0.34560,0.3924,-0.2818,0.5827,0.000,0.000,0.000,1,31
TRK,110521,0.40252,-0.63472,0.56179,-0.34568,0.3924,-0.2818,0.5827,0.000,0.000,0.000,1,31
TRK,110543,0.40267,-0.63463,0.56177,-0.34571,0.3924,-0.2818,0.5827,0.000,0.000,0.000,1,31
TRK,110562,0.40279,-0.63455,0.56180,-0.34566,0.3924,-0.2818,0.5827,0.000,0.000,0.000,1,31
TRK,110584,0.40289,-0.63449,0.56187,-0.34554,0.3924,-0.2818,0.5827,0.000,0.000,0.000,1,31
TRK,110604,0.40290,-0.63448,0.56195,-0.34542,0.3924,-0.2818,0.5827,0.000,0.000,0.000,1,31
STAT,404.6,400.6,0,0,0,0.0476,0.723,0.1416,0.0921,0.0215,9.6843,4.85,0.000
TRK,110622,0.40284,-0.63452,0.56200,-0.34535,0.3924,-0.2818,0.5827,0.000,0.000,0.000,1,31
TRK,110642,0.40279,-0.63455,0.56203,-0.34530,0.3924,-0.2818,0.5827,0.000,0.000,0.000,1,31
TRK,110664,0.40278,-0.63455,0.56202,-0.34531,0.3924,-0.2818,0.5827,0.000,0.000,0.000,1,31
TRK,110683,0.40277,-0.63456,0.56198,-0.34537,0.3924,-0.2818,0.5827,0.000,0.000,0.000,1,31
TRK,110704,0.40277,-0.63456,0.56194,-0.34543,0.3924,-0.2818,0.5827,0.000,0.000,0.000,1,31
TRK,110723,0.40277,-0.63457,0.56189,-0.34551,0.3924,-0.2818,0.5827,0.000,0.000,0.000,1,31
TRK,110741,0.40276,-0.63457,0.56188,-0.34553,0.3924,-0.2818,0.5827,0.000,0.000,0.000,1,31
TRK,110761,0.40273,-0.63459,0.56188,-0.34553,0.3924,-0.2818,0.5827,0.000,0.000,0.000,1,31
TRK,110783,0.40272,-0.63460,0.56187,-0.34554,0.3924,-0.2818,0.5827,0.000,0.000,0.000,1,31
TRK,110802,0.40271,-0.63460,0.56184,-0.34560,0.3924,-0.2818,0.5827,0.000,0.000,0.000,1,31
TRK,110824,0.40270,-0.63461,0.56178,-0.34570,0.3924,-0.2818,0.5827,0.000,0.000,0.000,1,31
TRK,110844,0.40273,-0.63459,0.56172,-0.34580,0.3924,-0.2818,0.5827,0.000,0.000,0.000,1,31
TRK,110862,0.40273,-0.63459,0.56169,-0.34583,0.3924,-0.2818,0.5827,0.000,0.000,0.000,1,31
TRK,110882,0.40269,-0.63462,0.56170,-0.34583,0.3924,-0.2818,0.5827,0.000,0.000,0.000,1,31
TRK,110902,0.40259,-0.63468,0.56176,-0.34574,0.3924,-0.2818,0.5827,0.000,0.000,0.000,1,31
TRK,110924,0.40261,-0.63466,0.56184,-0.34561,0.3924,-0.2818,0.5827,0.000,0.000,0.000,1,31
TRK,110943,0.40257,-0.63469,0.56187,-0.34555,0.3924,-0.2818,0.5827,0.000,0.000,0.000,1,31
TRK,110961,0.40256,-0.63470,0.56183,-0.34562,0.3924,-0.2818,0.5827,0.000,0.000,0.000,1,31
TRK,110983,0.40259,-0.63468,0.56174,-0.34576,0.3924,-0.2818,0.5827,0.000,0.000,0.000,1,31
TRK,111001,0.40266,-0.63464,0.56166,-0.34589,0.3924,-0.2818,0.5827,0.000,0.000,0.000,1,31
TRK,111023,0.40268,-0.63463,0.56158,-0.34602,0.3924,-0.2818,0.5827,0.000,0.000,0.000,1,31
TRK,111043,0.40263,-0.63466,0.56156,-0.34604,0.3924,-0.2818,0.5827,0.000,0.000,0.000,1,31
TRK,111063,0.40261,-0.63467,0.56160,-0.34599,0.3924,-0.2818,0.5827,0.000,0.000,0.000,1,31
TRK,111082,0.40259,-0.63468,0.56165,-0.34591,0.3924,-0.2818,0.5827,0.000,0.000,0.000,1,31
TRK,111101,0.40257,-0.63469,0.56166,-0.34590,0.3924,-0.2818,0.5827,0.000,0.000,0.000,1,31
TRK,111124,0.40253,-0.63472,0.56161,-0.34597,0.3924,-0.2818,0.5827,0.000,0.000,0.000,1,31
TRK,111143,0.40253,-0.63472,0.56155,-0.34607,0.3924,-0.2818,0.5827,0.000,0.000,0.000,1,31
TRK,111163,0.40263,-0.63466,0.56152,-0.34612,0.3924,-0.2818,0.5827,0.000,0.000,0.000,1,31
TRK,111181,0.40269,-0.63462,0.56151,-0.34613,0.3924,-0.2818,0.5827,0.000,0.000,0.000,1,31
TRK,111201,0.40267,-0.63463,0.56152,-0.34611,0.3924,-0.2818,0.5827,0.000,0.000,0.000,1,31
TRK,111223,0.40265,-0.63464,0.56159,-0.34600,0.3924,-0.2818,0.5827,0.000,0.000,0.000,1,31
TRK,111241,0.40260,-0.63467,0.56165,-0.34590,0.3924,-0.2818,0.5827,0.000,0.000,0.000,1,31
TRK,111263,0.40249,-0.63474,0.56170,-0.34582,0.3924,-0.2818,0.5827,0.000,0.000,0.000,1,31
TRK,111282,0.40247,-0.63476,0.56170,-0.34582,0.3924,-0.2818,0.5827,0.000,0.000,0.000,1,31
TRK,111302,0.40252,-0.63473,0.56166,-0.34589,0.3924,-0.2818,0.5827,0.000,0.000,0.000,1,31
TRK,111324,0.40258,-0.63469,0.56156,-0.34605,0.3924,-0.2818,0.5827,0.000,0.000,0.000,1,31
TRK,111344,0.40256,-0.63470,0.56146,-0.34620,0.3924,-0.2818,0.5827,0.000,0.000,0.000,1,31
TRK,111364,0.40253,-0.63472,0.56140,-0.34631,0.3924,-0.2818,0.5827,0.000,0.000,0.000,1,31
TRK,111382,0.40244,-0.63478,0.56141,-0.34629,0.3924,-0.2818,0.5827,0.000,0.000,0.000,1,31
TRK,111402,0.40235,-0.63484,0.56149,-0.34617,0.3924,-0.2818,0.5827,0.000,0.000,0.000,1,31
TRK,111424,0.40230,-0.63486,0.56162,-0.34595,0.3924,-0.2818,0.5827,0.000,0.000,0.000,1,31
TRK,111443,0.40227,-0.63488,0.56169,-0.34585,0.3924,-0.2818,0.5827,0.000,0.000,0.000,1,31
TRK,111462,0.40228,-0.63487,0.56171,-0.34581,0.3924,-0.2818,0.5827,0.000,0.000,0.000,1,31
TRK,111481,0.40233,-0.63484,0.56167,-0.34587,0.3924,-0.2818,0.5827,0.000,0.000,0.000,1,31
TRK,111503,0.40241,-0.63480,0.56157,-0.34603,0.3924,-0.2818,0.5827,0.000,0.000,0.000,1,31
TRK,111522,0.40243,-0.63478,0.56152,-0.34611,0.3924,-0.2818,0.5827,0.000,0.000,0.000,1,31
TRK,111544,0.40243,-0.63478,0.56152,-0.34611,0.3924,-0.2818,0.5827,0.000,0.000,0.000,1,31
TRK,111562,0.40235,-0.63483,0.56154,-0.34608,0.3924,-0.2818,0.5827,0.000,0.000,0.000,1,31
TRK,111584,0.40228,-0.63488,0.56162,-0.34596,0.3924,-0.2818,0.5827,0.000,0.000,0.000,1,31
TRK,111604,0.40222,-0.63491,0.56167,-0.34588,0.3924,-0.2818,0.5827,0.000,0.000,0.000,1,31
STAT,404.6,400.6,0,0,0,0.0319,0.237,0.1377,0.0962,0.0103,9.6830,4.85,0.000
TRK,111623,0.40219,-0.63493,0.56166,-0.34589,0.3924,-0.2818,0.5827,0.000,0.000,0.000,1,31
TRK,111642,0.40220,-0.63493,0.56162,-0.34595,0.3924,-0.2818,0.5827,0.000,0.000,0.000,1,31
TRK,111664,0.40227,-0.63489,0.56157,-0.34604,0.3924,-0.2818,0.5827,0.000,0.000,0.000,1,31
TRK,111683,0.40228,-0.63488,0.56152,-0.34612,0.3924,-0.2818,0.5827,0.000,0.000,0.000,1,31
TRK,111701,0.40226,-0.63489,0.56152,-0.34612,0.3924,-0.2818,0.5827,0.000,0.000,0.000,1,31
TRK,111721,0.40223,-0.63491,0.56155,-0.34607,0.3924,-0.2818,0.5827,0.000,0.000,0.000,1,31
TRK,111743,0.40225,-0.63489,0.56163,-0.34594,0.3924,-0.2818,0.5827,0.000,0.000,0.000,1,31
TRK,111762,0.40229,-0.63487,0.56167,-0.34588,0.3924,-0.2818,0.5827,0.000,0.000,0.000,1,31
TRK,111784,0.40234,-0.63484,0.56165,-0.34591,0.3924,-0.2818,0.5827,0.000,0.000,0.000,1,31
TRK,111802,0.40238,-0.63482,0.56161,-0.34598,0.3924,-0.2818,0.5827,0.000,0.000,0.000,1,31
TRK,111824,0.40248,-0.63475,0.56156,-0.34605,0.3924,-0.2818,0.5827,0.000,0.000,0.000,1,31
TRK,111842,0.40248,-0.63475,0.56156,-0.34605,0.3924,-0.2818,0.5827,0.000,0.000,0.000,1,31
TRK,111864,0.40242,-0.63479,0.56159,-0.34601,0.3924,-0.2818,0.5827,0.000,0.000,0.000,1,31
TRK,111882,0.40237,-0.63482,0.56167,-0.34588,0.3924,-0.2818,0.5827,0.000,0.000,0.000,1,31
TRK,111904,0.40229,-0.63487,0.56176,-0.34574,0.3924,-0.2818,0.5827,0.000,0.000,0.000,1,31
TRK,111924,0.40226,-0.63489,0.56178,-0.34570,0.3924,-0.2818,0.5827,0.000,0.000,0.000,1,31
TRK,111943,0.40231,-0.63486,0.56174,-0.34577,0.3924,-0.2818,0.5827,0.000,0.000,0.000,1,31
TRK,111962,0.40243,-0.63478,0.56165,-0.34591,0.3924,-0.2818,0.5827,0.000,0.000,0.000,1,31
TRK,111982,0.40253,-0.63472,0.56161,-0.34597,0.3924,-0.2818,0.5827,0.000,0.000,0.000,1,31
TRK,112004,0.40253,-0.63472,0.56159,-0.34600,0.3924,-0.2818,0.5827,0.000,0.000,0.000,1,31
TRK,112024,0.40252,-0.63472,0.56161,-0.34597,0.3924,-0.2818,0.5827,0.000,0.000,0.000,1,31
TRK,112042,0.40253,-0.63472,0.56166,-0.34589,0.3924,-0.2818,0.5827,0.000,0.000,0.000,1,31
TRK,112062,0.40246,-0.63476,0.56171,-0.34582,0.3924,-0.2818,0.5827,0.000,0.000,0.000,1,31
TRK,112084,0.40244,-0.63477,0.56171,-0.34582,0.3924,-0.2818,0.5827,0.000,0.000,0.000,1,31
TRK,112102,0.40245,-0.63477,0.56167,-0.34588,0.3924,-0.2818,0.5827,0.000,0.000,0.000,1,31
TRK,112124,0.40244,-0.63478,0.56159,-0.34600,0.3924,-0.2818,0.5827,0.000,0.000,0.000,1,31
TRK,112143,0.40245,-0.63477,0.56157,-0.34603,0.3924,-0.2818,0.5827,0.000,0.000,0.000,1,31
TRK,112163,0.40238,-0.63481,0.56157,-0.34604,0.3924,-0.2818,0.5827,0.000,0.000,0.000,1,31
TRK,112181,0.40227,-0.63488,0.56162,-0.34596,0.3924,-0.2818,0.5827,0.000,0.000,0.000,1,31
TRK,112201,0.40224,-0.63490,0.56170,-0.34582,0.3924,-0.2818,0.5827,0.000,0.000,0.000,1,31
TRK,112223,0.40227,-0.63488,0.56173,-0.34578,0.3924,-0.2818,0.5827,0.000,0.000,0.000,1,31
TRK,112242,0.40234,-0.63484,0.56173,-0.34578,0.3924,-0.2818,0.5827,0.000,0.000,0.000,1,31
TRK,112264,0.40241,-0.63479,0.56167,-0.34588,0.3924,-0.2818,0.5827,0.000,0.000,0.000,1,31
TRK,112282,0.40246,-0.63476,0.56162,-0.34595,0.3924,-0.2818,0.5827,0.000,0.000,0.000,1,31
TRK,112304,0.40243,-0.63478,0.56162,-0.34596,0.3924,-0.2818,0.5827,0.000,0.000,0.000,1,31
TRK,112322,0.40237,-0.63482,0.56166,-0.34590,0.3924,-0.2818,0.5827,0.000,0.000,0.000,1,31
TRK,112344,0.40233,-0.63484,0.56170,-0.34583,0.3924,-0.2818,0.5827,0.000,0.000,0.000,1,31
TRK,112363,0.40227,-0.63488,0.56174,-0.34576,0.3924,-0.2818,0.5827,0.000,0.000,0.000,1,31
TRK,112384,0.40224,-0.63490,0.56173,-0.34578,0.3924,-0.2818,0.5827,0.000,0.000,0.000,1,31
TRK,112403,0.40228,-0.63488,0.56169,-0.34584,0.3924,-0.2818,0.5827,0.000,0.000,0.000,1,31
TRK,112421,0.40228,-0.63488,0.56164,-0.34593,0.3924,-0.2818,0.5827,0.000,0.000,0.000,1,31
TRK,112443,0.40229,-0.63487,0.56158,-0.34602,0.3924,-0.2818,0.5827,0.000,0.000,0.000,1,31
TRK,112462,0.40232,-0.63485,0.56159,-0.34601,0.3924,-0.2818,0.5827,0.000,0.000,0.000,1,31
TRK,112482,0.40236,-0.63482,0.56164,-0.34593,0.3924,-0.2818,0.5827,0.000,0.000,0.000,1,31
TRK,112503,0.40236,-0.63482,0.56169,-0.34585,0.3924,-0.2818,0.5827,0.000,0.000,0.000,1,31
TRK,112523,0.40239,-0.63481,0.56172,-0.34579,0.3924,-0.2818,0.5827,0.000,0.000,0.000,1,31
TRK,112543,0.40244,-0.63478,0.56170,-0.34582,0.3924,-0.2818,0.5827,0.000,0.000,0.000,1,31
TRK,112563,0.40246,-0.63476,0.56166,-0.34590,0.3924,-0.2818,0.5827,0.000,0.000,0.000,1,31
TRK,112583,0.40244,-0.63478,0.56161,-0.34597,0.3924,-0.2818,0.5827,0.000,0.000,0.000,1,31
TRK,112601,0.40242,-0.63479,0.56158,-0.34602,0.3924,-0.2818,0.5827,0.000,0.000,0.000,1,31
STAT,404.3,400.8,0,0,0,0.0286,0.272,0.1283,0.1156,0.0061,9.6850,4.85,0.000
TRK,112621,0.40238,-0.63481,0.56157,-0.34603,0.3924,-0.2818,0.5827,0.000,0.000,0.000,1,31
TRK,112641,0.40231,-0.63485,0.56160,-0.34599,0.3924,-0.2818,0.5827,0.000,0.000,0.000,1,31
TRK,112661,0.40223,-0.63491,0.56164,-0.34593,0.3924,-0.2818,0.5827,0.000,0.000,0.000,1,31
TRK,112683,0.40219,-0.63493,0.56164,-0.34593,0.3924,-0.2818,0.5827,0.000,0.000,0.000,1,31
TRK,112702,0.40219,-0.63493,0.56162,-0.34597,0.3924,-0.2818,0.5827,0.000,0.000,0.000,1,31
TRK,112722,0.40219,-0.63493,0.56157,-0.34604,0.3924,-0.2818,0.5827,0.000,0.000,0.000,1,31
TRK,112742,0.40219,-0.63493,0.56152,-0.34612,0.3924,-0.2818,0.5827,0.000,0.000,0.000,1,31
TRK,112764,0.40218,-0.63494,0.56146,-0.34622,0.3924,-0.2818,0.5827,0.000,0.000,0.000,1,31
TRK,112784,0.40223,-0.63491,0.56146,-0.34621,0.3924,-0.2818,0.5827,0.000,0.000,0.000,1,31
TRK,112804,0.40227,-0.63488,0.56150,-0.34614,0.3924,-0.2818,0.5827,0.000,0.000,0.000,1,31
TRK,112822,0.40230,-0.63486,0.56154,-0.34609,0.3924,-0.2818,0.5827,0.000,0.000,0.000,1,31
TRK,112844,0.40237,-0.63482,0.56156,-0.34605,0.3924,-0.2818,0.5827,0.000,0.000,0.000,1,31
TRK,112864,0.40241,-0.63480,0.56154,-0.34608,0.3924,-0.2818,0.5827,0.000,0.000,0.000,1,31
TRK,112883,0.40241,-0.63480,0.56153,-0.34609,0.3924,-0.2818,0.5827,0.000,0.000,0.000,1,31
TRK,112902,0.40243,-0.63478,0.56151,-0.34614,0.3924,-0.2818,0.5827,0.000,0.000,0.000,1,31
TRK,112924,0.40241,-0.63480,0.56149,-0.34616,0.3924,-0.2818,0.5827,0.000,0.000,0.000,1,31
TRK,112942,0.40240,-0.63480,0.56151,-0.34613,0.3924,-0.2818,0.5827,0.000,0.000,0.000,1,31
TRK,112964,0.40243,-0.63479,0.56156,-0.34606,0.3924,-0.2818,0.5827,0.000,0.000,0.000,1,31
TRK,112982,0.40247,-0.63476,0.56157,-0.34603,0.3924,-0.2818,0.5827,0.000,0.000,0.000,1,31
TRK,113004,0.40250,-0.63474,0.56158,-0.34601,0.3924,-0.2818,0.5827,0.000,0.000,0.000,1,31
TRK,113022,0.40258,-0.63469,0.56159,-0.34600,0.3924,-0.2818,0.5827,0.000,0.000,0.000,1,31
TRK,113044,0.40272,-0.63460,0.56161,-0.34597,0.3924,-0.2818,0.5827,0.000,0.000,0.000,1,31
TRK,113062,0.40279,-0.63456,0.56167,-0.34587,0.3924,-0.2818,0.5827,0.000,0.000,0.000,1,31
TRK,113084,0.40281,-0.63454,0.56172,-0.34580,0.3924,-0.2818,0.5827,0.000,0.000,0.000,1,31
TRK,113104,0.40280,-0.63455,0.56173,-0.34577,0.3924,-0.2818,0.5827,0.000,0.000,0.000,1,31
TRK,113123,0.40279,-0.63455,0.56172,-0.34579,0.3924,-0.2818,0.5827,0.000,0.000,0.000,1,31
TRK,113142,0.40282,-0.63454,0.56170,-0.34582,0.3924,-0.2818,0.5827,0.000,0.000,0.000,1,31
TRK,113162,0.40286,-0.63451,0.56166,-0.34589,0.3924,-0.2818,0.5827,0.000,0.000,0.000,1,31
TRK,113184,0.40280,-0.63455,0.56160,-0.34598,0.3924,-0.2818,0.5827,0.000,0.000,0.000,1,31
TRK,113202,0.40279,-0.63456,0.56158,-0.34601,0.3924,-0.2818,0.5827,0.000,0.000,0.000,1,31
TRK,113224,0.40265,-0.63465,0.56161,-0.34596,0.3924,-0.2818,0.5827,0.000,0.000,0.000,1,31
TRK,113244,0.40258,-0.63469,0.56167,-0.34587,0.3924,-0.2818,0.5827,0.000,0.000,0.000,1,31
TRK,113262,0.40249,-0.63475,0.56167,-0.34588,0.3924,-0.2818,0.5827,0.000,0.000,0.000,1,31
TRK,113284,0.40249,-0.63475,0.56166,-0.34590,0.3924,-0.2818,0.5827,0.000,0.000,0.000,1,31
TRK,113302,0.40253,-0.63472,0.56163,-0.34593,0.3924,-0.2818,0.5827,0.000,0.000,0.000,1,31
TRK,113323,0.40262,-0.63467,0.56161,-0.34596,0.3924,-0.2818,0.5827,0.000,0.000,0.000,1,31
TRK,113343,0.40266,-0.63464,0.56164,-0.34592,0.3924,-0.2818,0.5827,0.000,0.000,0.000,1,31
TRK,113363,0.40265,-0.63464,0.56171,-0.34581,0.3924,-0.2818,0.5827,0.000,0.000,0.000,1,31
TRK,113381,0.40262,-0.63466,0.56185,-0.34559,0.3924,-0.2818,0.5827,0.000,0.000,0.000,1,31
TRK,113403,0.40254,-0.63471,0.56196,-0.34541,0.3924,-0.2818,0.5827,0.000,0.000,0.000,1,31
TRK,113423,0.40253,-0.63472,0.56198,-0.34538,0.3924,-0.2818,0.5827,0.000,0.000,0.000,1,31
TRK,113442,0.40257,-0.63469,0.56195,-0.34543,0.3924,-0.2818,0.5827,0.000,0.000,0.000,1,31
TRK,113464,0.40269,-0.63461,0.56187,-0.34555,0.3924,-0.2818,0.5827,0.000,0.000,0.000,1,31
TRK,113482,0.40272,-0.63460,0.56182,-0.34563,0.3924,-0.2818,0.5827,0.000,0.000,0.000,1,31
TRK,113501,0.40273,-0.63459,0.56178,-0.34570,0.3924,-0.2818,0.5827,0.000,0.000,0.000,1,31
TRK,113521,0.40269,-0.63461,0.56181,-0.34564,0.3924,-0.2818,0.5827,0.000,0.000,0.000,1,31
TRK,113543,0.40260,-0.63467,0.56189,-0.34552,0.3924,-0.2818,0.5827,0.000,0.000,0.000,1,31
TRK,113564,0.40248,-0.63475,0.56196,-0.34541,0.3924,-0.2818,0.5827,0.000,0.000,0.000,1,31
TRK,113583,0.40245,-0.63477,0.56193,-0.34546,0.3924,-0.2818,0.5827,0.000,0.000,0.000,1,31
TRK,113601,0.40249,-0.63474,0.56188,-0.34554,0.3924,-0.2818,0.5827,0.000,0.000,0.000,1,31
STAT,404.3,400.8,0,0,0,0.0500,0.285,0.1230,0.1136,0.0004,9.6854,4.85,0.000
TRK,113624,0.40245,-0.63477,0.56181,-0.34565,0.3924,-0.2818,0.5827,0.000,0.000,0.000,1,31
TRK,113642,0.40245,-0.63477,0.56178,-0.34570,0.3924,-0.2818,0.5827,0.000,0.000,0.000,1,31
TRK,113662,0.40248,-0.63475,0.56178,-0.34570,0.3924,-0.2818,0.5827,0.000,0.000,0.000,1,31
TRK,113682,0.40248,-0.63475,0.56182,-0.34564,0.3924,-0.2818,0.5827,0.000,0.000,0.000,1,31
TRK,113704,0.40248,-0.63474,0.56183,-0.34562,0.3924,-0.2818,0.5827,0.000,0.000,0.000,1,31
TRK,113724,0.40250,-0.63474,0.56181,-0.34565,0.3924,-0.2818,0.5827,0.000,0.000,0.000,1,31
TRK,113744,0.40253,-0.63472,0.56177,-0.34571,0.3924,-0.2818,0.5827,0.000,0.000,0.000,1,31
TRK,113762,0.40255,-0.63471,0.56173,-0.34577,0.3924,-0.2818,0.5827,0.000,0.000,0.000,1,31
TRK,113782,0.40254,-0.63471,0.56172,-0.34579,0.3924,-0.2818,0.5827,0.000,0.000,0.000,1,31
TRK,113802,0.40251,-0.63473,0.56172,-0.34580,0.3924,-0.2818,0.5827,0.000,0.000,0.000,1,31
TRK,113822,0.40251,-0.63473,0.56171,-0.34581,0.3924,-0.2818,0.5827,0.000,0.000,0.000,1,31
TRK,113842,0.40256,-0.63470,0.56172,-0.34579,0.3924,-0.2818,0.5827,0.000,0.000,0.000,1,31
TRK,113862,0.40264,-0.63465,0.56169,-0.34584,0.3924,-0.2818,0.5827,0.000,0.000,0.000,1,31
TRK,113882,0.40265,-0.63464,0.56165,-0.34590,0.3924,-0.2818,0.5827,0.000,0.000,0.000,1,31
TRK,113904,0.40273,-0.63459,0.56167,-0.34587,0.3924,-0.2818,0.5827,0.000,0.000,0.000,1,31
TRK,113924,0.40276,-0.63457,0.56170,-0.34582,0.3924,-0.2818,0.5827,0.000,0.000,0.000,1,31
TRK,113942,0.40280,-0.63455,0.56171,-0.34581,0.3924,-0.2818,0.5827,0.000,0.000,0.000,1,31
TRK,113962,0.40273,-0.63459,0.56171,-0.34581,0.3924,-0.2818,0.5827,0.000,0.000,0.000,1,31
TRK,113982,0.40273,-0.63459,0.56169,-0.34583,0.3924,-0.2818,0.5827,0.000,0.000,0.000,1,31
TRK,114002,0.40275,-0.63458,0.56161,-0.34596,0.3924,-0.2818,0.5827,0.000,0.000,0.000,1,31
TRK,114024,0.40276,-0.63458,0.56159,-0.34600,0.3924,-0.2818,0.5827,0.000,0.000,0.000,1,31
TRK,114043,0.40277,-0.63457,0.56163,-0.34594,0.3924,-0.2818,0.5827,0.000,0.000,0.000,1,31
TRK,114064,0.40275,-0.63458,0.56170,-0.34582,0.3924,-0.2818,0.5827,0.000,0.000,0.000,1,31
TRK,114081,0.40275,-0.63458,0.56176,-0.34573,0.3924,-0.2818,0.5827,0.000,0.000,0.000,1,31
TRK,114102,0.40274,-0.63458,0.56182,-0.34563,0.3924,-0.2818,0.5827,0.000,0.000,0.000,1,31
TRK,114122,0.40279,-0.63455,0.56185,-0.34559,0.3924,-0.2818,0.5827,0.000,0.000,0.000,1,31
TRK,114142,0.40280,-0.63455,0.56181,-0.34564,0.3924,-0.2818,0.5827,0.000,0.000,0.000,1,31
TRK,114162,0.40285,-0.63452,0.56176,-0.34573,0.3924,-0.2818,0.5827,0.000,0.000,0.000,1,31
TRK,114184,0.40285,-0.63452,0.56171,-0.34580,0.3924,-0.2818,0.5827,0.000,0.000,0.000,1,31
TRK,114204,0.40281,-0.63454,0.56173,-0.34577,0.3924,-0.2818,0.5827,0.000,0.000,0.000,1,31
TRK,114224,0.40275,-0.63458,0.56179,-0.34567,0.3924,-0.2818,0.5827,0.000,0.000,0.000,1,31
TRK,114244,0.40272,-0.63460,0.56185,-0.34559,0.3924,-0.2818,0.5827,0.000,0.000,0.000,1,31
TRK,114264,0.40274,-0.63458,0.56190,-0.34550,0.3924,-0.2818,0.5827,0.000,0.000,0.000,1,31
TRK,114283,0.40276,-0.63457,0.56190,-0.34551,0.3924,-0.2818,0.5827,0.000,0.000,0.000,1,31
TRK,114303,0.40278,-0.63456,0.56187,-0.34555,0.3924,-0.2818,0.5827,0.000,0.000,0.000,1,31
TRK,114321,0.40281,-0.63454,0.56182,-0.34562,0.3924,-0.2818,0.5827,0.000,0.000,0.000,1,31
TRK,114341,0.40283,-0.63453,0.56177,-0.34571,0.3924,-0.2818,0.5827,0.000,0.000,0.000,1,31
TRK,114361,0.40281,-0.63454,0.56177,-0.34571,0.3924,-0.2818,0.5827,0.000,0.000,0.000,1,31
TRK,114381,0.40272,-0.63460,0.56181,-0.34566,0.3924,-0.2818,0.5827,0.000,0.000,0.000,1,31
TRK,114401,0.40267,-0.63463,0.56184,-0.34560,0.3924,-0.2818,0.5827,0.000,0.000,0.000,1,31
TRK,114421,0.40261,-0.63467,0.56188,-0.34553,0.3924,-0.2818,0.5827,0.000,0.000,0.000,1,31
TRK,114441,0.40262,-0.63466,0.56191,-0.34549,0.3924,-0.2818,0.5827,0.000,0.000,0.000,1,31
TRK,114464,0.40267,-0.63463,0.56188,-0.34554,0.3924,-0.2818,0.5827,0.000,0.000,0.000,1,31
TRK,114483,0.40269,-0.63461,0.56185,-0.34558,0.3924,-0.2818,0.5827,0.000,0.000,0.000,1,31
TRK,114503,0.40271,-0.63460,0.56182,-0.34564,0.3924,-0.2818,0.5827,0.000,0.000,0.000,1,31
TRK,114521,0.40268,-0.63462,0.56183,-0.34562,0.3924,-0.2818,0.5827,0.000,0.000,0.000,1,31
TRK,114541,0.40261,-0.63467,0.56188,-0.34553,0.3924,-0.2818,0.5827,0.000,0.000,0.000,1,31
TRK,114561,0.40258,-0.63468,0.56192,-0.34547,0.3924,-0.2818,0.5827,0.000,0.000,0.000,1,31
TRK,114583,0.40259,-0.63468,0.56194,-0.34545,0.3924,-0.2818,0.5827,0.000,0.000,0.000,1,31
TRK,114602,0.40261,-0.63466,0.56193,-0.34546,0.3924,-0.2818,0.5827,0.000,0.000,0.000,1,31
STAT,404.1,400.6,0,0,0,0.0493,0.276,0.1125,0.1121,-0.0020,9.6853,4.85,0.000
TRK,114624,0.40263,-0.63465,0.56192,-0.34547,0.3924,-0.2818,0.5827,0.000,0.000,0.000,1,31
TRK,114642,0.40266,-0.63463,0.56191,-0.34549,0.3924,-0.2818,0.5827,0.000,0.000,0.000,1,31
TRK,114664,0.40264,-0.63464,0.56191,-0.34549,0.3924,-0.2818,0.5827,0.000,0.000,0.000,1,31
TRK,114682,0.40258,-0.63468,0.56193,-0.34547,0.3924,-0.2818,0.5827,0.000,0.000,0.000,1,31
TRK,114701,0.40253,-0.63472,0.56195,-0.34542,0.3924,-0.2818,0.5827,0.000,0.000,0.000,1,31
TRK,114722,0.40243,-0.63478,0.56196,-0.34541,0.3924,-0.2818,0.5827,0.000,0.000,0.000,1,31
TRK,114744,0.40236,-0.63482,0.56192,-0.34548,0.3924,-0.2818,0.5827,0.000,0.000,0.000,1,31
TRK,114764,0.40234,-0.63484,0.56185,-0.34559,0.3924,-0.2818,0.5827,0.000,0.000,0.000,1,31
TRK,114784,0.40235,-0.63483,0.56179,-0.34568,0.3924,-0.2818,0.5827,0.000,0.000,0.000,1,31
TRK,114803,0.40242,-0.63479,0.56175,-0.34575,0.3924,-0.2818,0.5827,0.000,0.000,0.000,1,31
TRK,114822,0.40246,-0.63476,0.56175,-0.34575,0.3924,-0.2818,0.5827,0.000,0.000,0.000,1,31
TRK,114844,0.40246,-0.63476,0.56177,-0.34572,0.3924,-0.2818,0.5827,0.000,0.000,0.000,1,31
TRK,114862,0.40239,-0.63480,0.56179,-0.34569,0.3924,-0.2818,0.5827,0.000,0.000,0.000,1,31
TRK,114884,0.40241,-0.63479,0.56181,-0.34566,0.3924,-0.2818,0.5827,0.000,0.000,0.000,1,31
TRK,114902,0.40240,-0.63480,0.56181,-0.34566,0.3924,-0.2818,0.5827,0.000,0.000,0.000,1,31
TRK,114924,0.40238,-0.63481,0.56182,-0.34564,0.3924,-0.2818,0.5827,0.000,0.000,0.000,1,31
TRK,114942,0.40245,-0.63476,0.56184,-0.34561,0.3924,-0.2818,0.5827,0.000,0.000,0.000,1,31
TRK,114962,0.40253,-0.63472,0.56186,-0.34558,0.3924,-0.2818,0.5827,0.000,0.000,0.000,1,31
TRK,114983,0.40258,-0.63468,0.56189,-0.34553,0.3924,-0.2818,0.5827,0.000,0.000,0.000,1,31
TRK,115003,0.40269,-0.63462,0.56187,-0.34556,0.3924,-0.2818,0.5827,0.000,0.000,0.000,1,31
TRK,115023,0.40275,-0.63458,0.56181,-0.34564,0.3924,-0.2818,0.5827,0.000,0.000,0.000,1,31
TRK,115041,0.40280,-0.63455,0.56179,-0.34568,0.3924,-0.2818,0.5827,0.000,0.000,0.000,1,31
TRK,115061,0.40280,-0.63455,0.56176,-0.34573,0.3924,-0.2818,0.5827,0.000,0.000,0.000,1,31
TRK,115083,0.40278,-0.63456,0.56179,-0.34568,0.3924,-0.2818,0.5827,0.000,0.000,0.000,1,31
TRK,115103,0.40266,-0.63463,0.56185,-0.34559,0.3924,-0.2818,0.5827,0.000,0.000,0.000,1,31
TRK,115122,0.40255,-0.63470,0.56188,-0.34554,0.3924,-0.2818,0.5827,0.000,0.000,0.000,1,31
TRK,115144,0.40252,-0.63472,0.56184,-0.34560,0.3924,-0.2818,0.5827,0.000,0.000,0.000,1,31
TRK,115164,0.40254,-0.63471,0.56176,-0.34573,0.3924,-0.2818,0.5827,0.000,0.000,0.000,1,31
TRK,115183,0.40262,-0.63466,0.56167,-0.34587,0.3924,-0.2818,0.5827,0.000,0.000,0.000,1,31
TRK,115203,0.40270,-0.63461,0.56158,-0.34601,0.3924,-0.2818,0.5827,0.000,0.000,0.000,1,31
TRK,115221,0.40271,-0.63461,0.56159,-0.34600,0.3924,-0.2818,0.5827,0.000,0.000,0.000,1,31
TRK,115243,0.40264,-0.63465,0.56169,-0.34585,0.3924,-0.2818,0.5827,0.000,0.000,0.000,1,31
TRK,115261,0.40253,-0.63471,0.56180,-0.34567,0.3924,-0.2818,0.5827,0.000,0.000,0.000,1,31
TRK,115283,0.40244,-0.63477,0.56187,-0.34556,0.3924,-0.2818,0.5827,0.000,0.000,0.000,1,31
TRK,115301,0.40237,-0.63481,0.56186,-0.34557,0.3924,-0.2818,0.5827,0.000,0.000,0.000,1,31
TRK,115322,0.40242,-0.63478,0.56178,-0.34570,0.3924,-0.2818,0.5827,0.000,0.000,0.000,1,31
TRK,115342,0.40251,-0.63473,0.56167,-0.34588,0.3924,-0.2818,0.5827,0.000,0.000,0.000,1,31
TRK,115362,0.40260,-0.63467,0.56160,-0.34599,0.3924,-0.2818,0.5827,0.000,0.000,0.000,1,31
TRK,115382,0.40267,-0.63463,0.56165,-0.34590,0.3924,-0.2818,0.5827,0.000,0.000,0.000,1,31
TRK,115402,0.40264,-0.63465,0.56177,-0.34571,0.3924,-0.2818,0.5827,0.000,0.000,0.000,1,31
TRK,115424,0.40259,-0.63468,0.56189,-0.34552,0.3924,-0.2818,0.5827,0.000,0.000,0.000,1,31
TRK,115443,0.40256,-0.63470,0.56195,-0.34543,0.3924,-0.2818,0.5827,0.000,0.000,0.000,1,31
TRK,115464,0.40261,-0.63466,0.56190,-0.34550,0.3924,-0.2818,0.5827,0.000,0.000,0.000,1,31
TRK,115483,0.40269,-0.63462,0.56184,-0.34561,0.3924,-0.2818,0.5827,0.000,0.000,0.000,1,31
TRK,115502,0.40277,-0.63456,0.56178,-0.34569,0.3924,-0.2818,0.5827,0.000,0.000,0.000,1,31
TRK,115524,0.40277,-0.63457,0.56178,-0.34570,0.3924,-0.2818,0.5827,0.000,0.000,0.000,1,31
TRK,115542,0.40275,-0.63457,0.56186,-0.34556,0.3924,-0.2818,0.5827,0.000,0.000,0.000,1,31
TRK,115562,0.40271,-0.63460,0.56195,-0.34543,0.3924,-0.2818,0.5827,0.000,0.000,0.000,1,31
TRK,115582,0.40262,-0.63466,0.56197,-0.34539,0.3924,-0.2818,0.5827,0.000,0.000,0.000,1,31
TRK,115604,0.40264,-0.63464,0.56194,-0.34545,0.3924,-0.2818,0.5827,0.000,0.000,0.000,1,31
STAT,404.1,400.6,0,0,0,0.0421,0.442,0.1129,0.1042,-0.0060,9.6812,4.85,0.000
TRK,115622,0.40271,-0.63460,0.56186,-0.34557,0.3924,-0.2818,0.5827,0.000,0.000,0.000,1,31
TRK,115644,0.40275,-0.63458,0.56174,-0.34575,0.3924,-0.2818,0.5827,0.000,0.000,0.000,1,31
TRK,115662,0.40275,-0.63458,0.56171,-0.34582,0.3924,-0.2818,0.5827,0.000,0.000,0.000,1,31
TRK,115682,0.40270,-0.63461,0.56177,-0.34572,0.3924,-0.2818,0.5827,0.000,0.000,0.000,1,31
TRK,115704,0.40265,-0.63464,0.56190,-0.34550,0.3924,-0.2818,0.5827,0.000,0.000,0.000,1,31
TRK,115723,0.40262,-0.63466,0.56199,-0.34536,0.3924,-0.2818,0.5827,0.000,0.000,0.000,1,31
TRK,115743,0.40260,-0.63467,0.56202,-0.34531,0.3924,-0.2818,0.5827,0.000,0.000,0.000,1,31
TRK,115761,0.40262,-0.63465,0.56196,-0.34541,0.3924,-0.2818,0.5827,0.000,0.000,0.000,1,31
TRK,115783,0.40271,-0.63460,0.56181,-0.34565,0.3924,-0.2818,0.5827,0.000,0.000,0.000,1,31
TRK,115802,0.40278,-0.63456,0.56170,-0.34582,0.3924,-0.2818,0.5827,0.000,0.000,0.000,1,31
TRK,115821,0.40283,-0.63453,0.56163,-0.34593,0.3924,-0.2818,0.5827,0.000,0.000,0.000,1,31
TRK,115841,0.40280,-0.63455,0.56165,-0.34591,0.3924,-0.2818,0.5827,0.000,0.000,0.000,1,31
TRK,115861,0.40273,-0.63459,0.56173,-0.34578,0.3924,-0.2818,0.5827,0.000,0.000,0.000,1,31
TRK,115884,0.40265,-0.63464,0.56180,-0.34567,0.3924,-0.2818,0.5827,0.000,0.000,0.000,1,31
TRK,115903,0.40259,-0.63468,0.56177,-0.34572,0.3924,-0.2818,0.5827,0.000,0.000,0.000,1,31
TRK,115921,0.40263,-0.63465,0.56170,-0.34583,0.3924,-0.2818,0.5827,0.000,0.000,0.000,1,31
TRK,115943,0.40272,-0.63460,0.56158,-0.34602,0.3924,-0.2818,0.5827,0.000,0.000,0.000,1,31
TRK,115964,0.40272,-0.63460,0.56149,-0.34617,0.3924,-0.2818,0.5827,0.000,0.000,0.000,1,31
TRK,115983,0.40272,-0.63460,0.56148,-0.34618,0.3924,-0.2818,0.5827,0.000,0.000,0.000,1,31
TRK,116001,0.40265,-0.63464,0.56155,-0.34607,0.3924,-0.2818,0.5827,0.000,0.000,0.000,1,31
TRK,116023,0.40256,-0.63470,0.56165,-0.34592,0.3924,-0.2818,0.5827,0.000,0.000,0.000,1,31
TRK,116042,0.40254,-0.63471,0.56171,-0.34581,0.3924,-0.2818,0.5827,0.000,0.000,0.000,1,31
TRK,116064,0.40253,-0.63472,0.56173,-0.34578,0.3924,-0.2818,0.5827,0.000,0.000,0.000,1,31
TRK,116082,0.40252,-0.63472,0.56172,-0.34580,0.3924,-0.2818,0.5827,0.000,0.000,0.000,1,31
TRK,116104,0.40253,-0.63471,0.56164,-0.34593,0.3924,-0.2818,0.5827,0.000,0.000,0.000,1,31
TRK,116124,0.40260,-0.63467,0.56158,-0.34602,0.3924,-0.2818,0.5827,0.000,0.000,0.000,1,31
TRK,116143,0.40263,-0.63466,0.56157,-0.34603,0.3924,-0.2818,0.5827,0.000,0.000,0.000,1,31
TRK,116161,0.40259,-0.63468,0.56160,-0.34598,0.3924,-0.2818,0.5827,0.000,0.000,0.000,1,31
TRK,116183,0.40252,-0.63472,0.56167,-0.34588,0.3924,-0.2818,0.5827,0.000,0.000,0.000,1,31
TRK,116204,0.40247,-0.63475,0.56174,-0.34577,0.3924,-0.2818,0.5827,0.000,0.000,0.000,1,31
TRK,116223,0.40250,-0.63473,0.56176,-0.34573,0.3924,-0.2818,0.5827,0.000,0.000,0.000,1,31
TRK,116241,0.40251,-0.63472,0.56176,-0.34574,0.3924,-0.2818,0.5827,0.000,0.000,0.000,1,31
TRK,116263,0.40257,-0.63469,0.56172,-0.34580,0.3924,-0.2818,0.5827,0.000,0.000,0.000,1,31
TRK,116282,0.40260,-0.63467,0.56169,-0.34585,0.3924,-0.2818,0.5827,0.000,0.000,0.000,1,31
TRK,116302,0.40263,-0.63466,0.56167,-0.34587,0.3924,-0.2818,0.5827,0.000,0.000,0.000,1,31
TRK,116322,0.40258,-0.63468,0.56169,-0.34584,0.3924,-0.2818,0.5827,0.000,0.000,0.000,1,31
TRK,116344,0.40251,-0.63473,0.56173,-0.34578,0.3924,-0.2818,0.5827,0.000,0.000,0.000,1,31
TRK,116362,0.40247,-0.63475,0.56178,-0.34570,0.3924,-0.2818,0.5827,0.000,0.000,0.000,1,31
TRK,116384,0.40245,-0.63476,0.56179,-0.34568,0.3924,-0.2818,0.5827,0.000,0.000,0.000,1,31
TRK,116403,0.40244,-0.63477,0.56176,-0.34574,0.3924,-0.2818,0.5827,0.000,0.000,0.000,1,31
TRK,116423,0.40247,-0.63475,0.56171,-0.34581,0.3924,-0.2818,0.5827,0.000,0.000,0.000,1,31
TRK,116443,0.40252,-0.63472,0.56164,-0.34592,0.3924,-0.2818,0.5827,0.000,0.000,0.000,1,31
TRK,116464,0.40251,-0.63473,0.56162,-0.34595,0.3924,-0.2818,0.5827,0.000,0.000,0.000,1,31
TRK,116484,0.40250,-0.63474,0.56164,-0.34592,0.3924,-0.2818,0.5827,0.000,0.000,0.000,1,31
TRK,116501,0.40247,-0.63475,0.56168,-0.34586,0.3924,-0.2818,0.5827,0.000,0.000,0.000,1,31
TRK,116523,0.40250,-0.63473,0.56174,-0.34576,0.3924,-0.2818,0.5827,0.000,0.000,0.000,1,31
TRK,116542,0.40247,-0.63475,0.56177,-0.34572,0.3924,-0.2818,0.5827,0.000,0.000,0.000,1,31
TRK,116564,0.40246,-0.63476,0.56171,-0.34581,0.3924,-0.2818,0.5827,0.000,0.000,0.000,1,31
TRK,116582,0.40246,-0.63476,0.56166,-0.34590,0.3924,-0.2818,0.5827,0.000,0.000,0.000,1,31
TRK,116602,0.40249,-0.63474,0.56164,-0.34592,0.3924,-0.2818,0.5827,0.000,0.000,0.000,1,31
STAT,404.0,401.0,0,0,0,0.0305,0.285,0.1065,0.1307,-0.0050,9.6833,4.85,0.000
TRK,116622,0.40249,-0.63474,0.56164,-0.34592,0.3924,-0.2818,0.5827,0.000,0.000,0.000,1,31
TRK,116644,0.40249,-0.63474,0.56169,-0.34585,0.3924,-0.2818,0.5827,0.000,0.000,0.000,1,31
TRK,116663,0.40245,-0.63477,0.56175,-0.34575,0.3924,-0.2818,0.5827,0.000,0.000,0.000,1,31
TRK,116684,0.40246,-0.63476,0.56180,-0.34568,0.3924,-0.2818,0.5827,0.000,0.000,0.000,1,31
TRK,116703,0.40249,-0.63474,0.56179,-0.34569,0.3924,-0.2818,0.5827,0.000,0.000,0.000,1,31
TRK,116722,0.40251,-0.63473,0.56175,-0.34575,0.3924,-0.2818,0.5827,0.000,0.000,0.000,1,31
TRK,116742,0.40254,-0.63471,0.56170,-0.34584,0.3924,-0.2818,0.5827,0.000,0.000,0.000,1,31
TRK,116762,0.40258,-0.63468,0.56167,-0.34589,0.3924,-0.2818,0.5827,0.000,0.000,0.000,1,31
TRK,116782,0.40263,-0.63465,0.56165,-0.34592,0.3924,-0.2818,0.5827,0.000,0.000,0.000,1,31
TRK,116803,0.40265,-0.63464,0.56171,-0.34582,0.3924,-0.2818,0.5827,0.000,0.000,0.000,1,31
TRK,116824,0.40260,-0.63467,0.56176,-0.34573,0.3924,-0.2818,0.5827,0.000,0.000,0.000,1,31
TRK,116841,0.40261,-0.63467,0.56181,-0.34565,0.3924,-0.2818,0.5827,0.000,0.000,0.000,1,31
TRK,116861,0.40255,-0.63470,0.56185,-0.34559,0.3924,-0.2818,0.5827,0.000,0.000,0.000,1,31
TRK,116882,0.40251,-0.63473,0.56185,-0.34559,0.3924,-0.2818,0.5827,0.000,0.000,0.000,1,31
TRK,116904,0.40252,-0.63472,0.56179,-0.34568,0.3924,-0.2818,0.5827,0.000,0.000,0.000,1,31
TRK,116923,0.40251,-0.63473,0.56179,-0.34568,0.3924,-0.2818,0.5827,0.000,0.000,0.000,1,31
TRK,116941,0.40255,-0.63470,0.56178,-0.34570,0.3924,-0.2818,0.5827,0.000,0.000,0.000,1,31
TRK,116961,0.40257,-0.63469,0.56179,-0.34569,0.3924,-0.2818,0.5827,0.000,0.000,0.000,1,31
TRK,116981,0.40258,-0.63468,0.56181,-0.34565,0.3924,-0.2818,0.5827,0.000,0.000,0.000,1,31
TRK,117002,0.40253,-0.63471,0.56184,-0.34561,0.3924,-0.2818,0.5827,0.000,0.000,0.000,1,31
TRK,117022,0.40249,-0.63473,0.56185,-0.34560,0.3924,-0.2818,0.5827,0.000,0.000,0.000,1,31
TRK,117042,0.40244,-0.63477,0.56182,-0.34564,0.3924,-0.2818,0.5827,0.000,0.000,0.000,1,31
TRK,117064,0.40245,-0.63476,0.56176,-0.34573,0.3924,-0.2818,0.5827,0.000,0.000,0.000,1,31
TRK,117084,0.40251,-0.63473,0.56171,-0.34582,0.3924,-0.2818,0.5827,0.000,0.000,0.000,1,31
TRK,117104,0.40254,-0.63471,0.56169,-0.34584,0.3924,-0.2818,0.5827,0.000,0.000,0.000,1,31
TRK,117124,0.40254,-0.63471,0.56170,-0.34584,0.3924,-0.2818,0.5827,0.000,0.000,0.000,1,31
TRK,117143,0.40249,-0.63474,0.56171,-0.34581,0.3924,-0.2818,0.5827,0.000,0.000,0.000,1,31
TRK,117163,0.40248,-0.63474,0.56175,-0.34576,0.3924,-0.2818,0.5827,0.000,0.000,0.000,1,31
TRK,117183,0.40252,-0.63472,0.56177,-0.34572,0.3924,-0.2818,0.5827,0.000,0.000,0.000,1,31
TRK,117202,0.40256,-0.63469,0.56177,-0.34572,0.3924,-0.2818,0.5827,0.000,0.000,0.000,1,31
TRK,117222,0.40268,-0.63462,0.56175,-0.34575,0.3924,-0.2818,0.5827,0.000,0.000,0.000,1,31
TRK,117242,0.40271,-0.63460,0.56173,-0.34578,0.3924,-0.2818,0.5827,0.000,0.000,0.000,1,31
TRK,117262,0.40271,-0.63460,0.56173,-0.34578,0.3924,-0.2818,0.5827,0.000,0.000,0.000,1,31
TRK,117283,0.40266,-0.63464,0.56171,-0.34582,0.3924,-0.2818,0.5827,0.000,0.000,0.000,1,31
TRK,117303,0.40265,-0.63464,0.56171,-0.34581,0.3924,-0.2818,0.5827,0.000,0.000,0.000,1,31
TRK,117321,0.40262,-0.63466,0.56170,-0.34582,0.3924,-0.2818,0.5827,0.000,0.000,0.000,1,31
TRK,117341,0.40260,-0.63467,0.56172,-0.34581,0.3924,-0.2818,0.5827,0.000,0.000,0.000,1,31
TRK,117362,0.40259,-0.63468,0.56171,-0.34582,0.3924,-0.2818,0.5827,0.000,0.000,0.000,1,31
TRK,117384,0.40263,-0.63465,0.56169,-0.34585,0.3924,-0.2818,0.5827,0.000,0.000,0.000,1,31
TRK,117403,0.40267,-0.63463,0.56167,-0.34587,0.3924,-0.2818,0.5827,0.000,0.000,0.000,1,31
TRK,117421,0.40264,-0.63464,0.56168,-0.34586,0.3924,-0.2818,0.5827,0.000,0.000,0.000,1,31
TRK,117443,0.40262,-0.63466,0.56169,-0.34585,0.3924,-0.2818,0.5827,0.000,0.000,0.000,1,31
TRK,117463,0.40259,-0.63468,0.56173,-0.34579,0.3924,-0.2818,0.5827,0.000,0.000,0.000,1,31
TRK,117482,0.40256,-0.63469,0.56176,-0.34573,0.3924,-0.2818,0.5827,0.000,0.000,0.000,1,31
TRK,117504,0.40251,-0.63473,0.56179,-0.34568,0.3924,-0.2818,0.5827,0.000,0.000,0.000,1,31
TRK,117522,0.40247,-0.63475,0.56179,-0.34569,0.3924,-0.2818,0.5827,0.000,0.000,0.000,1,31
TRK,117541,0.40245,-0.63477,0.56179,-0.34569,0.3924,-0.2818,0.5827,0.000,0.000,0.000,1,31
TRK,117564,0.40244,-0.63477,0.56177,-0.34572,0.3924,-0.2818,0.5827,0.000,0.000,0.000,1,31
TRK,117583,0.40240,-0.63479,0.56173,-0.34579,0.3924,-0.2818,0.5827,0.000,0.000,0.000,1,31
TRK,117601,0.40241,-0.63479,0.56169,-0.34584,0.3924,-0.2818,0.5827,0.000,0.000,0.000,1,31
STAT,404.0,401.0,0,0,0,0.0175,0.240,0.1037,0.1349,-0.0113,9.6840,4.85,0.000
TRK,117623,0.40239,-0.63480,0.56166,-0.34590,0.3924,-0.2818,0.5827,0.000,0.000,0.000,1,31
TRK,117643,0.40243,-0.63478,0.56164,-0.34593,0.3924,-0.2818,0.5827,0.000,0.000,0.000,1,31
TRK,117661,0.40247,-0.63475,0.56165,-0.34592,0.3924,-0.2818,0.5827,0.000,0.000,0.000,1,31
TRK,117683,0.40256,-0.63470,0.56164,-0.34592,0.3924,-0.2818,0.5827,0.000,0.000,0.000,1,31
TRK,117702,0.40264,-0.63465,0.56162,-0.34596,0.3924,-0.2818,0.5827,0.000,0.000,0.000,1,31
TRK,117722,0.40264,-0.63465,0.56160,-0.34599,0.3924,-0.2818,0.5827,0.000,0.000,0.000,1,31
TRK,117742,0.40264,-0.63465,0.56161,-0.34598,0.3924,-0.2818,0.5827,0.000,0.000,0.000,1,31
TRK,117762,0.40262,-0.63466,0.56160,-0.34599,0.3924,-0.2818,0.5827,0.000,0.000,0.000,1,31
TRK,117784,0.40259,-0.63468,0.56160,-0.34599,0.3924,-0.2818,0.5827,0.000,0.000,0.000,1,31
TRK,117802,0.40251,-0.63472,0.56163,-0.34595,0.3924,-0.2818,0.5827,0.000,0.000,0.000,1,31
TRK,117824,0.40247,-0.63475,0.56164,-0.34593,0.3924,-0.2818,0.5827,0.000,0.000,0.000,1,31
TRK,117842,0.40246,-0.63476,0.56166,-0.34589,0.3924,-0.2818,0.5827,0.000,0.000,0.000,1,31
TRK,117864,0.40248,-0.63475,0.56170,-0.34584,0.3924,-0.2818,0.5827,0.000,0.000,0.000,1,31
TRK,117884,0.40248,-0.63474,0.56171,-0.34581,0.3924,-0.2818,0.5827,0.000,0.000,0.000,1,31
TRK,117903,0.40249,-0.63474,0.56173,-0.34579,0.3924,-0.2818,0.5827,0.000,0.000,0.000,1,31
TRK,117922,0.40254,-0.63471,0.56174,-0.34576,0.3924,-0.2818,0.5827,0.000,0.000,0.000,1,31
TRK,117942,0.40258,-0.63468,0.56175,-0.34575,0.3924,-0.2818,0.5827,0.000,0.000,0.000,1,31
TRK,117962,0.40264,-0.63464,0.56177,-0.34573,0.3924,-0.2818,0.5827,0.000,0.000,0.000,1,31
TRK,117982,0.40268,-0.63462,0.56180,-0.34567,0.3924,-0.2818,0.5827,0.000,0.000,0.000,1,31
TRK,118003,0.40274,-0.63458,0.56183,-0.34562,0.3924,-0.2818,0.5827,0.000,0.000,0.000,1,31
TRK,118024,0.40270,-0.63461,0.56182,-0.34564,0.3924,-0.2818,0.5827,0.000,0.000,0.000,1,31
TRK,118041,0.40273,-0.63459,0.56180,-0.34566,0.3924,-0.2818,0.5827,0.000,0.000,0.000,1,31
TRK,118061,0.40275,-0.63457,0.56179,-0.34569,0.3924,-0.2818,0.5827,0.000,0.000,0.000,1,31
TRK,118083,0.40275,-0.63457,0.56176,-0.34573,0.3924,-0.2818,0.5827,0.000,0.000,0.000,1,31
TRK,118104,0.40272,-0.63459,0.56176,-0.34574,0.3924,-0.2818,0.5827,0.000,0.000,0.000,1,31
TRK,118123,0.40271,-0.63460,0.56177,-0.34572,0.3924,-0.2818,0.5827,0.000,0.000,0.000,1,31
TRK,118141,0.40267,-0.63462,0.56179,-0.34568,0.3924,-0.2818,0.5827,0.000,0.000,0.000,1,31
TRK,118163,0.40258,-0.63468,0.56178,-0.34570,0.3924,-0.2818,0.5827,0.000,0.000,0.000,1,31
TRK,118181,0.40250,-0.63473,0.56178,-0.34571,0.3924,-0.2818,0.5827,0.000,0.000,0.000,1,31
TRK,118203,0.40243,-0.63478,0.56179,-0.34570,0.3924,-0.2818,0.5827,0.000,0.000,0.000,1,31
TRK,118223,0.40235,-0.63483,0.56179,-0.34570,0.3924,-0.2818,0.5827,0.000,0.000,0.000,1,31
TRK,118242,0.40234,-0.63483,0.56180,-0.34568,0.3924,-0.2818,0.5827,0.000,0.000,0.000,1,31
TRK,118261,0.40234,-0.63483,0.56181,-0.34565,0.3924,-0.2818,0.5827,0.000,0.000,0.000,1,31
TRK,118284,0.40243,-0.63478,0.56188,-0.34555,0.3924,-0.2818,0.5827,0.000,0.000,0.000,1,31
TRK,118303,0.40250,-0.63473,0.56188,-0.34555,0.3924,-0.2818,0.5827,0.000,0.000,0.000,1,31
TRK,118321,0.40256,-0.63469,0.56188,-0.34554,0.3924,-0.2818,0.5827,0.000,0.000,0.000,1,31
TRK,118343,0.40262,-0.63466,0.56186,-0.34558,0.3924,-0.2818,0.5827,0.000,0.000,0.000,1,31
TRK,118361,0.40268,-0.63462,0.56182,-0.34563,0.3924,-0.2818,0.5827,0.000,0.000,0.000,1,31
TRK,118383,0.40268,-0.63462,0.56179,-0.34569,0.3924,-0.2818,0.5827,0.000,0.000,0.000,1,31
TRK,118401,0.40267,-0.63463,0.56178,-0.34571,0.3924,-0.2818,0.5827,0.000,0.000,0.000,1,31
TRK,118421,0.40263,-0.63465,0.56179,-0.34570,0.3924,-0.2818,0.5827,0.000,0.000,0.000,1,31
TRK,118442,0.40259,-0.63467,0.56181,-0.34567,0.3924,-0.2818,0.5827,0.000,0.000,0.000,1,31
TRK,118462,0.40256,-0.63469,0.56181,-0.34566,0.3924,-0.2818,0.5827,0.000,0.000,0.000,1,31
TRK,118482,0.40251,-0.63472,0.56182,-0.34564,0.3924,-0.2818,0.5827,0.000,0.000,0.000,1,31
TRK,118504,0.40248,-0.63474,0.56182,-0.34565,0.3924,-0.2818,0.5827,0.000,0.000,0.000,1,31
TRK,118524,0.40244,-0.63477,0.56180,-0.34567,0.3924,-0.2818,0.5827,0.000,0.000,0.000,1,31
TRK,118544,0.40240,-0.63479,0.56176,-0.34574,0.3924,-0.2818,0.5827,0.000,0.000,0.000,1,31
TRK,118564,0.40241,-0.63479,0.56169,-0.34585,0.3924,-0.2818,0.5827,0.000,0.000,0.000,1,31
TRK,118584,0.40244,-0.63477,0.56163,-0.34594,0.3924,-0.2818,0.5827,0.000,0.000,0.000,1,31
TRK,118603,0.40242,-0.63478,0.56160,-0.34599,0.3924,-0.2818,0.5827,0.000,0.000,0.000,1,31
STAT,404.1,400.6,0,0,0,0.0200,0.216,0.1092,0.1218,-0.0220,9.6864,4.85,0.000
TRK,118625,0.40237,-0.63481,0.56157,-0.34604,0.3924,-0.2818,0.5827,0.000,0.000,0.000,1,31
TRK,118643,0.40239,-0.63480,0.56156,-0.34606,0.3924,-0.2818,0.5827,0.000,0.000,0.000,1,31
TRK,118662,0.40238,-0.63481,0.56157,-0.34605,0.3924,-0.2818,0.5827,0.000,0.000,0.000,1,31
TRK,118683,0.40236,-0.63482,0.56160,-0.34600,0.3924,-0.2818,0.5827,0.000,0.000,0.000,1,31
TRK,118703,0.40229,-0.63487,0.56165,-0.34592,0.3924,-0.2818,0.5827,0.000,0.000,0.000,1,31
TRK,118722,0.40226,-0.63488,0.56171,-0.34582,0.3924,-0.2818,0.5827,0.000,0.000,0.000,1,31
TRK,118741,0.40222,-0.63491,0.56179,-0.34570,0.3924,-0.2818,0.5827,0.000,0.000,0.000,1,31
TRK,118761,0.40221,-0.63491,0.56184,-0.34561,0.3924,-0.2818,0.5827,0.000,0.000,0.000,1,31
TRK,118784,0.40224,-0.63489,0.56182,-0.34565,0.3924,-0.2818,0.5827,0.000,0.000,0.000,1,31
TRK,118803,0.40233,-0.63484,0.56176,-0.34574,0.3924,-0.2818,0.5827,0.000,0.000,0.000,1,31
TRK,118823,0.40237,-0.63481,0.56169,-0.34586,0.3924,-0.2818,0.5827,0.000,0.000,0.000,1,31
TRK,118843,0.40240,-0.63480,0.56169,-0.34585,0.3924,-0.2818,0.5827,0.000,0.000,0.000,1,31
TRK,118864,0.40240,-0.63479,0.56174,-0.34577,0.3924,-0.2818,0.5827,0.000,0.000,0.000,1,31
TRK,118881,0.40237,-0.63481,0.56182,-0.34564,0.3924,-0.2818,0.5827,0.000,0.000,0.000,1,31
TRK,118903,0.40238,-0.63481,0.56189,-0.34553,0.3924,-0.2818,0.5827,0.000,0.000,0.000,1,31
TRK,118922,0.40240,-0.63479,0.56192,-0.34548,0.3924,-0.2818,0.5827,0.000,0.000,0.000,1,31
TRK,118944,0.40247,-0.63475,0.56193,-0.34546,0.3924,-0.2818,0.5827,0.000,0.000,0.000,1,31
TRK,118962,0.40252,-0.63472,0.56188,-0.34555,0.3924,-0.2818,0.5827,0.000,0.000,0.000,1,31
TRK,118984,0.40261,-0.63466,0.56180,-0.34567,0.3924,-0.2818,0.5827,0.000,0.000,0.000,1,31
TRK,119004,0.40268,-0.63462,0.56177,-0.34572,0.3924,-0.2818,0.5827,0.000,0.000,0.000,1,31
TRK,119022,0.40271,-0.63460,0.56179,-0.34569,0.3924,-0.2818,0.5827,0.000,0.000,0.000,1,31
TRK,119042,0.40272,-0.63459,0.56183,-0.34563,0.3924,-0.2818,0.5827,0.000,0.000,0.000,1,31
TRK,119064,0.40270,-0.63461,0.56186,-0.34557,0.3924,-0.2818,0.5827,0.000,0.000,0.000,1,31
TRK,119084,0.40269,-0.63461,0.56186,-0.34557,0.3924,-0.2818,0.5827,0.000,0.000,0.000,1,31
TRK,119103,0.40270,-0.63460,0.56183,-0.34562,0.3924,-0.2818,0.5827,0.000,0.000,0.000,1,31
TRK,119122,0.40271,-0.63460,0.56176,-0.34573,0.3924,-0.2818,0.5827,0.000,0.000,0.000,1,31
TRK,119142,0.40273,-0.63459,0.56171,-0.34581,0.3924,-0.2818,0.5827,0.000,0.000,0.000,1,31
TRK,119162,0.40271,-0.63460,0.56174,-0.34577,0.3924,-0.2818,0.5827,0.000,0.000,0.000,1,31
TRK,119182,0.40268,-0.63462,0.56179,-0.34568,0.3924,-0.2818,0.5827,0.000,0.000,0.000,1,31
TRK,119203,0.40264,-0.63464,0.56187,-0.34556,0.3924,-0.2818,0.5827,0.000,0.000,0.000,1,31
TRK,119223,0.40259,-0.63467,0.56193,-0.34547,0.3924,-0.2818,0.5827,0.000,0.000,0.000,1,31
TRK,119241,0.40255,-0.63469,0.56193,-0.34546,0.3924,-0.2818,0.5827,0.000,0.000,0.000,1,31
TRK,119261,0.40256,-0.63469,0.56190,-0.34552,0.3924,-0.2818,0.5827,0.000,0.000,0.000,1,31
TRK,119281,0.40279,-0.63455,0.56193,-0.34546,0.3924,-0.2818,0.5827,0.000,0.000,0.000,1,31
TRK,119303,0.40270,-0.63461,0.56183,-0.34562,0.3924,-0.2818,0.5827,0.000,0.000,0.000,1,31
TRK,119324,0.40267,-0.63462,0.56184,-0.34562,0.3924,-0.2818,0.5827,0.000,0.000,0.000,1,31
TRK,119343,0.40265,-0.63463,0.56188,-0.34555,0.3924,-0.2818,0.5827,0.000,0.000,0.000,1,31
TRK,119361,0.40261,-0.63466,0.56193,-0.34547,0.3924,-0.2818,0.5827,0.000,0.000,0.000,1,31
TRK,119383,0.40264,-0.63464,0.56200,-0.34536,0.3924,-0.2818,0.5827,0.000,0.000,0.000,1,31
TRK,119402,0.40262,-0.63465,0.56197,-0.34540,0.3924,-0.2818,0.5827,0.000,0.000,0.000,1,31
TRK,119422,0.40263,-0.63465,0.56193,-0.34547,0.3924,-0.2818,0.5827,0.000,0.000,0.000,1,31
TRK,119442,0.40265,-0.63464,0.56185,-0.34559,0.3924,-0.2818,0.5827,0.000,0.000,0.000,1,31
TRK,119464,0.40270,-0.63460,0.56178,-0.34571,0.3924,-0.2818,0.5827,0.000,0.000,0.000,1,31
TRK,119484,0.40272,-0.63459,0.56175,-0.34575,0.3924,-0.2818,0.5827,0.000,0.000,0.000,1,31
TRK,119502,0.40274,-0.63458,0.56177,-0.34572,0.3924,-0.2818,0.5827,0.000,0.000,0.000,1,31
TRK,119524,0.40277,-0.63456,0.56184,-0.34561,0.3924,-0.2818,0.5827,0.000,0.000,0.000,1,31
TRK,119544,0.40278,-0.63455,0.56192,-0.34548,0.3924,-0.2818,0.5827,0.000,0.000,0.000,1,31
TRK,119562,0.40274,-0.63458,0.56195,-0.34543,0.3924,-0.2818,0.5827,0.000,0.000,0.000,1,31
TRK,119584,0.40282,-0.63453,0.56198,-0.34539,0.3924,-0.2818,0.5827,0.000,0.000,0.000,1,31
TRK,119604,0.40284,-0.63451,0.56192,-0.34548,0.3924,-0.2818,0.5827,0.000,0.000,0.000,1,31
STAT,404.1,400.6,0,0,0,0.0279,0.266,0.1016,0.0739,-0.0311,9.6886,4.85,0.000
TRK,119624,0.40286,-0.63450,0.56187,-0.34556,0.3924,-0.2818,0.5827,0.000,0.000,0.000,1,31
TRK,119644,0.40286,-0.63450,0.56184,-0.34561,0.3924,-0.2818,0.5827,0.000,0.000,0.000,1,31
TRK,119664,0.40287,-0.63450,0.56183,-0.34562,0.3924,-0.2818,0.5827,0.000,0.000,0.000,1,31
TRK,119682,0.40284,-0.63452,0.56185,-0.34560,0.3924,-0.2818,0.5827,0.000,0.000,0.000,1,31
TRK,119702,0.40278,-0.63455,0.56189,-0.34553,0.3924,-0.2818,0.5827,0.000,0.000,0.000,1,31
TRK,119722,0.40275,-0.63457,0.56190,-0.34551,0.3924,-0.2818,0.5827,0.000,0.000,0.000,1,31
TRK,119742,0.40278,-0.63455,0.56190,-0.34551,0.3924,-0.2818,0.5827,0.000,0.000,0.000,1,31
TRK,119764,0.40277,-0.63456,0.56185,-0.34559,0.3924,-0.2818,0.5827,0.000,0.000,0.000,1,31
TRK,119783,0.40279,-0.63455,0.56177,-0.34571,0.3924,-0.2818,0.5827,0.000,0.000,0.000,1,31
TRK,119801,0.40278,-0.63456,0.56175,-0.34576,0.3924,-0.2818,0.5827,0.000,0.000,0.000,1,31
TRK,119823,0.40269,-0.63461,0.56172,-0.34580,0.3924,-0.2818,0.5827,0.000,0.000,0.000,1,31
TRK,119841,0.40259,-0.63468,0.56177,-0.34573,0.3924,-0.2818,0.5827,0.000,0.000,0.000,1,31
TRK,119863,0.40256,-0.63469,0.56188,-0.34555,0.3924,-0.2818,0.5827,0.000,0.000,0.000,1,31
TRK,119883,0.40251,-0.63472,0.56198,-0.34539,0.3924,-0.2818,0.5827,0.000,0.000,0.000,1,31
TRK,119903,0.40252,-0.63472,0.56202,-0.34533,0.3924,-0.2818,0.5827,0.000,0.000,0.000,1,31
TRK,119923,0.40253,-0.63471,0.56202,-0.34533,0.3924,-0.2818,0.5827,0.000,0.000,0.000,1,31
TRK,119942,0.40253,-0.63471,0.56202,-0.34532,0.3924,-0.2818,0.5827,0.000,0.000,0.000,1,31
TRK,119964,0.40251,-0.63472,0.56202,-0.34533,0.3924,-0.2818,0.5827,0.000,0.000,0.000,1,31
TRK,119983,0.40251,-0.63472,0.56203,-0.34531,0.3924,-0.2818,0.5827,0.000,0.000,0.000,1,31
TRK,120001,0.40248,-0.63474,0.56206,-0.34527,0.3924,-0.2818,0.5827,0.000,0.000,0.000,1,31
TRK,120022,0.40240,-0.63478,0.56209,-0.34521,0.3924,-0.2818,0.5827,0.000,0.000,0.000,1,31
TRK,120044,0.40238,-0.63480,0.56211,-0.34518,0.3924,-0.2818,0.5827,0.000,0.000,0.000,1,31
TRK,120063,0.40241,-0.63478,0.56211,-0.34519,0.3924,-0.2818,0.5827,0.000,0.000,0.000,1,31
TRK,120081,0.40246,-0.63475,0.56209,-0.34522,0.3924,-0.2818,0.5827,0.000,0.000,0.000,1,31
TRK,120102,0.40248,-0.63474,0.56205,-0.34528,0.3924,-0.2818,0.5827,0.000,0.000,0.000,1,31
TRK,120123,0.40249,-0.63473,0.56203,-0.34531,0.3924,-0.2818,0.5827,0.000,0.000,0.000,1,31
TRK,120142,0.40250,-0.63473,0.56201,-0.34535,0.3924,-0.2818,0.5827,0.000,0.000,0.000,1,31
TRK,120164,0.40239,-0.63479,0.56198,-0.34539,0.3924,-0.2818,0.5827,0.000,0.000,0.000,1,31
TRK,120182,0.40234,-0.63482,0.56198,-0.34539,0.3924,-0.2818,0.5827,0.000,0.000,0.000,1,31
TRK,120204,0.40224,-0.63489,0.56200,-0.34536,0.3924,-0.2818,0.5827,0.000,0.000,0.000,1,31
TRK,120223,0.40223,-0.63489,0.56199,-0.34538,0.3924,-0.2818,0.5827,0.000,0.000,0.000,1,31
TRK,120243,0.40223,-0.63490,0.56197,-0.34541,0.3924,-0.2818,0.5827,0.000,0.000,0.000,1,31
TRK,120261,0.40225,-0.63488,0.56196,-0.34543,0.3924,-0.2818,0.5827,0.000,0.000,0.000,1,31
TRK,120281,0.40228,-0.63486,0.56197,-0.34541,0.3924,-0.2818,0.5827,0.000,0.000,0.000,1,31
TRK,120301,0.40223,-0.63489,0.56201,-0.34534,0.3924,-0.2818,0.5827,0.000,0.000,0.000,1,31
TRK,120321,0.40219,-0.63492,0.56205,-0.34529,0.3924,-0.2818,0.5827,0.000,0.000,0.000,1,31
TRK,120343,0.40216,-0.63494,0.56208,-0.34524,0.3924,-0.2818,0.5827,0.000,0.000,0.000,1,31
TRK,120362,0.40215,-0.63494,0.56208,-0.34523,0.3924,-0.2818,0.5827,0.000,0.000,0.000,1,31
TRK,120384,0.40215,-0.63494,0.56207,-0.34525,0.3924,-0.2818,0.5827,0.000,0.000,0.000,1,31
TRK,120402,0.40220,-0.63491,0.56204,-0.34531,0.3924,-0.2818,0.5827,0.000,0.000,0.000,1,31
TRK,120424,0.40225,-0.63488,0.56201,-0.34535,0.3924,-0.2818,0.5827,0.000,0.000,0.000,1,31
TRK,120444,0.40229,-0.63486,0.56201,-0.34535,0.3924,-0.2818,0.5827,0.000,0.000,0.000,1,31
TRK,120462,0.40230,-0.63485,0.56203,-0.34531,0.3924,-0.2818,0.5827,0.000,0.000,0.000,1,31
TRK,120482,0.40232,-0.63484,0.56205,-0.34528,0.3924,-0.2818,0.5827,0.000,0.000,0.000,1,31
TRK,120504,0.40232,-0.63484,0.56205,-0.34528,0.3924,-0.2818,0.5827,0.000,0.000,0.000,1,31
TRK,120524,0.40233,-0.63483,0.56203,-0.34531,0.3924,-0.2818,0.5827,0.000,0.000,0.000,1,31
TRK,120543,0.40235,-0.63482,0.56200,-0.34537,0.3924,-0.2818,0.5827,0.000,0.000,0.000,1,31
TRK,120562,0.40237,-0.63481,0.56195,-0.34544,0.3924,-0.2818,0.5827,0.000,0.000,0.000,1,31
TRK,120584,0.40239,-0.63480,0.56191,-0.34551,0.3924,-0.2818,0.5827,0.000,0.000,0.000,1,31
TRK,120603,0.40239,-0.63480,0.56191,-0.34550,0.3924,-0.2818,0.5827,0.000,0.000,0.000,1,31
TRK,120622,0.40235,-0.63482,0.56195,-0.34545,0.3924,-0.2818,0.5827,0.000,0.000,0.000,1,31
STAT,404.4,400.4,0,0,0,0.0236,0.140,0.0889,0.0970,-0.0376,9.6817,4.85,0.000
TRK,120644,0.40231,-0.63485,0.56197,-0.34540,0.3924,-0.2818,0.5827,0.000,0.000,0.000,1,31
TRK,120662,0.40232,-0.63484,0.56195,-0.34545,0.3924,-0.2818,0.5827,0.000,0.000,0.000,1,31
TRK,120684,0.40199,-0.63478,0.56202,-0.34582,0.3924,-0.2817,0.5825,-0.000,-0.000,0.002,2,31
TRK,120702,0.40241,-0.63477,0.56199,-0.34540,0.3924,-0.2818,0.5826,-0.000,-0.001,0.003,2,31
TRK,120724,0.40224,-0.63487,0.56198,-0.34545,0.3924,-0.2817,0.5826,-0.001,0.000,0.001,2,31
TRK,120744,0.40225,-0.63483,0.56197,-0.34549,0.3923,-0.2818,0.5825,-0.001,-0.001,-0.007,2,31
TRK,120764,0.40216,-0.63480,0.56196,-0.34569,0.3923,-0.2817,0.5824,-0.000,0.001,-0.003,2,31
TRK,120782,0.40207,-0.63478,0.56199,-0.34576,0.3923,-0.2818,0.5825,-0.001,-0.001,0.005,2,31
TRK,120802,0.40232,-0.63476,0.56198,-0.34554,0.3923,-0.2818,0.5825,-0.000,0.000,0.000,2,31
TRK,120822,0.40217,-0.63472,0.56200,-0.34576,0.3923,-0.2818,0.5825,0.000,-0.001,-0.003,2,31
TRK,120842,0.40219,-0.63470,0.56199,-0.34577,0.3923,-0.2818,0.5825,0.001,-0.001,0.001,2,31
TRK,120862,0.40200,-0.63374,0.56309,-0.34597,0.3923,-0.2818,0.5825,-0.000,0.004,0.002,2,31
TRK,120884,0.40286,-0.63030,0.56530,-0.34764,0.3923,-0.2818,0.5825,-0.000,-0.001,-0.004,2,31
TRK,120902,0.40519,-0.62576,0.56779,-0.34908,0.3923,-0.2818,0.5825,-0.001,-0.008,0.008,2,31
TRK,120923,0.41123,-0.61892,0.57118,-0.34869,0.3924,-0.2820,0.5827,0.003,-0.006,0.008,2,31
TRK,120943,0.41463,-0.61422,0.57364,-0.34893,0.3924,-0.2822,0.5829,0.001,-0.015,0.007,2,31
TRK,120964,0.41924,-0.60983,0.57530,-0.34839,0.3925,-0.2825,0.5829,0.005,-0.002,-0.004,2,31
TRK,120983,0.41806,-0.60736,0.57826,-0.34922,0.3925,-0.2824,0.5829,0.000,-0.001,0.004,2,31
TRK,121004,0.42594,-0.60124,0.57941,-0.34838,0.3927,-0.2826,0.5831,0.010,0.001,0.008,2,31
TRK,121022,0.42786,-0.59716,0.58179,-0.34908,0.3927,-0.2826,0.5832,0.002,-0.006,0.002,2,31
TRK,121042,0.42921,-0.59625,0.58143,-0.34958,0.3927,-0.2827,0.5833,-0.005,0.001,0.009,2,31
TRK,121064,0.43126,-0.59231,0.58365,-0.35006,0.3927,-0.2828,0.5835,0.007,-0.015,0.012,2,31
TRK,121084,0.42931,-0.59192,0.58558,-0.34990,0.3927,-0.2831,0.5838,0.003,-0.016,0.023,2,31
TRK,121104,0.43093,-0.58808,0.58630,-0.35316,0.3929,-0.2834,0.5843,0.009,-0.020,0.026,2,31
TRK,121123,0.42943,-0.58915,0.58469,-0.35585,0.3930,-0.2839,0.5849,-0.008,-0.011,0.027,2,31
TRK,121143,0.42918,-0.58732,0.58701,-0.35536,0.3931,-0.2838,0.5851,0.021,0.009,-0.006,2,31
TRK,121164,0.43475,-0.58257,0.58636,-0.35747,0.3934,-0.2837,0.5850,0.001,-0.002,0.006,2,31
TRK,121182,0.43114,-0.58500,0.58841,-0.35451,0.3933,-0.2838,0.5852,0.002,-0.003,0.001,2,31
TRK,121203,0.43437,-0.58270,0.58732,-0.35613,0.3935,-0.2838,0.5850,0.011,0.003,-0.006,2,31
TRK,121223,0.43479,-0.58225,0.58772,-0.35571,0.3935,-0.2839,0.5851,-0.005,-0.006,0.010,2,31
TRK,121242,0.43273,-0.58345,0.58895,-0.35421,0.3936,-0.2839,0.5852,0.012,-0.001,-0.005,2,31
TRK,121262,0.43571,-0.58067,0.58870,-0.35553,0.3938,-0.2839,0.5851,0.007,-0.005,0.001,2,31
TRK,121282,0.43320,-0.58231,0.58957,-0.35447,0.3939,-0.2841,0.5852,0.007,-0.006,0.003,2,31
TRK,121302,0.43478,-0.58125,0.58911,-0.35507,0.3942,-0.2842,0.5851,0.014,-0.004,-0.003,2,31
TRK,121322,0.43446,-0.58104,0.58955,-0.35505,0.3943,-0.2843,0.5852,0.002,-0.006,0.005,2,31
TRK,121342,0.43315,-0.58132,0.59008,-0.35533,0.3944,-0.2844,0.5852,0.010,-0.005,-0.003,2,31
TRK,121364,0.43526,-0.57981,0.58984,-0.35562,0.3946,-0.2845,0.5851,0.005,-0.006,0.001,2,31
TRK,121384,0.43411,-0.57963,0.59143,-0.35468,0.3947,-0.2846,0.5852,0.005,-0.002,0.001,2,31
TRK,121404,0.43549,-0.57812,0.59179,-0.35483,0.3949,-0.2847,0.5851,0.011,-0.004,-0.003,2,31
TRK,121422,0.43586,-0.57754,0.59252,-0.35411,0.3951,-0.2848,0.5851,0.010,-0.008,0.001,2,31
TRK,121444,0.43612,-0.57740,0.59266,-0.35379,0.3953,-0.2850,0.5851,0.013,-0.007,-0.001,2,31
TRK,121462,0.43685,-0.57633,0.59349,-0.35324,0.3955,-0.2851,0.5851,0.011,-0.008,-0.000,2,31
TRK,121482,0.43654,-0.57657,0.59344,-0.35331,0.3957,-0.2853,0.5851,0.009,-0.010,0.000,2,31
TRK,121503,0.43706,-0.57639,0.59358,-0.35273,0.3959,-0.2854,0.5851,0.011,-0.009,-0.002,2,31
TRK,121524,0.43802,-0.57546,0.59412,-0.35215,0.3961,-0.2856,0.5851,0.007,-0.004,0.001,2,31
TRK,121542,0.43831,-0.57430,0.59572,-0.35098,0.3963,-0.2857,0.5851,0.011,-0.010,-0.001,2,31
TRK,121562,0.43920,-0.57338,0.59631,-0.35037,0.3965,-0.2859,0.5851,0.011,-0.008,-0.000,2,31
TRK,121582,0.43958,-0.57070,0.59909,-0.34952,0.3967,-0.2860,0.5851,0.018,-0.005,0.003,2,31
TRK,121603,0.44192,-0.56861,0.59836,-0.35121,0.3970,-0.2865,0.5857,-0.010,-0.026,0.053,2,31
TRK,121624,0.43454,-0.57210,0.59869,-0.35418,0.3971,-0.2868,0.5868,0.035,-0.005,0.064,2,31
STAT,404.4,400.4,0,0,0,2.1378,34.152,0.0895,0.0976,-0.0381,9.6793,4.85,0.000
TRK,121644,0.44350,-0.56534,0.59144,-0.36593,0.3977,-0.2868,0.5885,0.017,-0.015,0.117,2,31
TRK,121664,0.43169,-0.57471,0.58746,-0.37182,0.3978,-0.2874,0.5914,0.025,-0.038,0.168,2,31
TRK,121684,0.44445,-0.56983,0.57404,-0.38502,0.4005,-0.2875,0.5952,0.150,0.027,0.134,2,31
TRK,121704,0.44358,-0.55965,0.58850,-0.37908,0.4012,-0.2886,0.5979,-0.022,-0.122,0.103,2,31
TRK,121724,0.40768,-0.58276,0.60218,-0.36273,0.4009,-0.2910,0.6000,0.003,-0.101,0.118,2,31
TRK,121744,0.38764,-0.63325,0.59251,-0.31251,0.4011,-0.2929,0.6037,-0.015,-0.071,0.307,2,31
TRK,121764,0.32420,-0.70858,0.56639,-0.26833,0.4029,-0.2936,0.6094,0.218,-0.014,0.193,2,31
TRK,121782,0.37047,-0.72757,0.50250,-0.28440,0.4065,-0.2934,0.6119,0.147,0.029,0.123,2,31
TRK,121801,0.36609,-0.73717,0.47673,-0.30868,0.4074,-0.2946,0.6140,-0.087,-0.117,0.059,2,31
TRK,121823,0.38921,-0.71095,0.50047,-0.30429,0.4075,-0.2967,0.6122,0.031,-0.093,-0.133,2,31
TRK,121843,0.36652,-0.70762,0.53160,-0.28696,0.4051,-0.2986,0.6103,-0.143,-0.115,-0.110,2,31
TRK,121863,0.39252,-0.69447,0.53773,-0.27293,0.4040,-0.3004,0.6064,-0.080,-0.054,-0.227,2,31
TRK,121881,0.37363,-0.69835,0.56283,-0.23651,0.4024,-0.3015,0.6029,-0.049,-0.083,-0.149,2,31
TRK,121901,0.31176,-0.73147,0.57413,-0.19527,0.4036,-0.3028,0.6020,0.160,-0.034,0.033,2,31
TRK,121923,0.40076,-0.68044,0.55761,-0.25586,0.4082,-0.3034,0.6038,0.203,-0.044,0.129,2,31
TRK,121944,0.36364,-0.70082,0.55849,-0.25438,0.4114,-0.3054,0.6079,0.183,-0.088,0.142,2,31
TRK,121963,0.38326,-0.69575,0.54598,-0.26637,0.4154,-0.3059,0.6087,0.233,0.009,-0.009,2,31
TRK,121981,0.37962,-0.69929,0.54537,-0.26354,0.4194,-0.3065,0.6091,0.202,-0.066,0.021,2,31
TRK,122003,0.38469,-0.70459,0.53894,-0.25516,0.4240,-0.3071,0.6078,0.243,0.008,-0.131,2,31
TRK,122023,0.39359,-0.70481,0.53805,-0.24255,0.4289,-0.3074,0.6051,0.194,-0.030,-0.120,2,31
TRK,122042,0.38899,-0.70507,0.54341,-0.23721,0.4316,-0.3077,0.6031,0.124,-0.033,-0.058,2,31
TRK,122064,0.38513,-0.70821,0.54577,-0.22859,0.4354,-0.3092,0.6026,0.194,-0.052,-0.013,2,31
TRK,122082,0.39894,-0.69555,0.54776,-0.23880,0.4385,-0.3098,0.6023,0.176,-0.042,-0.011,2,31
TRK,122104,0.38904,-0.70085,0.54932,-0.23601,0.4427,-0.3110,0.6018,0.208,-0.047,-0.054,2,31
TRK,122124,0.38491,-0.70319,0.55287,-0.22736,0.4469,-0.3118,0.6008,0.217,-0.034,-0.035,2,31
TRK,122143,0.38003,-0.70321,0.55690,-0.22567,0.4510,-0.3125,0.6002,0.190,-0.040,-0.023,2,31
TRK,122161,0.38399,-0.70157,0.55768,-0.22214,0.4543,-0.3133,0.5998,0.183,-0.055,-0.027,2,31
TRK,122182,0.37496,-0.70359,0.56375,-0.21576,0.4582,-0.3145,0.5990,0.171,-0.046,-0.036,2,31
TRK,122203,0.36901,-0.70503,0.56831,-0.20925,0.4617,-0.3153,0.5984,0.188,-0.037,-0.027,2,31
TRK,122224,0.37040,-0.70340,0.57012,-0.20735,0.4660,-0.3161,0.5978,0.194,-0.037,-0.028,2,31
TRK,122242,0.37078,-0.70274,0.57085,-0.20689,0.4694,-0.3168,0.5973,0.193,-0.039,-0.028,2,31
TRK,122263,0.36993,-0.70291,0.57175,-0.20535,0.4736,-0.3176,0.5968,0.187,-0.040,-0.024,2,31
TRK,122283,0.36925,-0.70342,0.57167,-0.20504,0.4774,-0.3185,0.5962,0.193,-0.042,-0.032,2,31
TRK,122303,0.37021,-0.70285,0.57168,-0.20526,0.4812,-0.3193,0.5956,0.189,-0.041,-0.027,2,31
TRK,122324,0.36995,-0.70306,0.57153,-0.20544,0.4849,-0.3201,0.5951,0.188,-0.044,-0.028,2,31
TRK,122342,0.36943,-0.70321,0.57188,-0.20488,0.4887,-0.3210,0.5945,0.190,-0.043,-0.029,2,31
TRK,122364,0.36925,-0.70321,0.57239,-0.20378,0.4924,-0.3218,0.5940,0.190,-0.045,-0.030,2,31
TRK,122382,0.36871,-0.70353,0.57261,-0.20304,0.4961,-0.3227,0.5933,0.183,-0.045,-0.033,2,31
TRK,122404,0.36684,-0.70446,0.57303,-0.20199,0.5002,-0.3238,0.5927,0.189,-0.046,-0.027,2,31
TRK,122423,0.36709,-0.70422,0.57321,-0.20185,0.5035,-0.3246,0.5922,0.188,-0.047,-0.029,2,31
TRK,122444,0.36708,-0.70424,0.57319,-0.20187,0.5077,-0.3256,0.5915,0.187,-0.048,-0.029,2,31
TRK,122462,0.36711,-0.70425,0.57318,-0.20183,0.5109,-0.3264,0.5910,0.187,-0.049,-0.028,2,31
TRK,122482,0.36712,-0.70422,0.57320,-0.20184,0.5146,-0.3274,0.5905,0.187,-0.050,-0.028,2,31
TRK,122502,0.36712,-0.70425,0.57318,-0.20181,0.5183,-0.3284,0.5899,0.187,-0.051,-0.028,2,31
TRK,122524,0.36711,-0.70428,0.57314,-0.20182,0.5225,-0.3296,0.5893,0.187,-0.053,-0.028,2,31
TRK,122544,0.36709,-0.70424,0.57319,-0.20186,0.5262,-0.3306,0.5887,0.187,-0.054,-0.029,2,31
TRK,122563,0.36709,-0.70423,0.57318,-0.20189,0.5299,-0.3317,0.5882,0.186,-0.055,-0.028,2,31
TRK,122584,0.36687,-0.70437,0.57311,-0.20203,0.3403,-0.2751,0.6172,0.000,0.000,0.000,1,32
TRK,122604,0.36640,-0.70459,0.57309,-0.20217,0.3403,-0.2751,0.6172,0.000,0.000,0.000,1,32
TRK,122623,0.36603,-0.70477,0.57309,-0.20224,0.3403,-0.2751,0.6172,0.000,0.000,0.000,1,32
STAT,404.0,401.0,0,0,0,0.0243,0.339,0.0895,0.0976,-0.0381,9.6779,2.06,0.196
TRK,122643,0.36572,-0.70491,0.57310,-0.20225,0.3403,-0.2751,0.6172,0.000,0.000,0.000,1,32
TRK,122664,0.36549,-0.70501,0.57311,-0.20229,0.3403,-0.2751,0.6172,0.000,0.000,0.000,1,32
TRK,122684,0.36536,-0.70508,0.57305,-0.20243,0.3403,-0.2751,0.6172,0.000,0.000,0.000,1,32
TRK,122703,0.36524,-0.70515,0.57298,-0.20261,0.3403,-0.2751,0.6172,0.000,0.000,0.000,1,32
TRK,122722,0.36516,-0.70520,0.57291,-0.20278,0.3403,-0.2751,0.6172,0.000,0.000,0.000,1,32
TRK,122742,0.36506,-0.70526,0.57287,-0.20289,0.3403,-0.2751,0.6172,0.000,0.000,0.000,1,32
TRK,122762,0.36496,-0.70530,0.57289,-0.20286,0.3403,-0.2751,0.6172,0.000,0.000,0.000,1,32
TRK,122782,0.36480,-0.70537,0.57293,-0.20281,0.3403,-0.2751,0.6172,0.000,0.000,0.000,1,32
TRK,122804,0.36469,-0.70541,0.57300,-0.20267,0.3403,-0.2751,0.6172,0.000,0.000,0.000,1,32
TRK,122822,0.36464,-0.70542,0.57302,-0.20262,0.3403,-0.2751,0.6172,0.000,0.000,0.000,1,32
TRK,122844,0.36460,-0.70545,0.57301,-0.20266,0.3403,-0.2751,0.6172,0.000,0.000,0.000,1,32
TRK,122862,0.36461,-0.70545,0.57298,-0.20273,0.3403,-0.2751,0.6172,0.000,0.000,0.000,1,32
TRK,122884,0.36462,-0.70545,0.57294,-0.20282,0.3403,-0.2751,0.6172,0.000,0.000,0.000,1,32
TRK,122903,0.36460,-0.70546,0.57293,-0.20283,0.3403,-0.2751,0.6172,0.000,0.000,0.000,1,32
TRK,122921,0.36453,-0.70549,0.57296,-0.20279,0.3403,-0.2751,0.6172,0.000,0.000,0.000,1,32
TRK,122943,0.36445,-0.70552,0.57300,-0.20271,0.3403,-0.2751,0.6172,0.000,0.000,0.000,1,32
TRK,122961,0.36439,-0.70554,0.57303,-0.20265,0.3403,-0.2751,0.6172,0.000,0.000,0.000,1,32
TRK,122983,0.36441,-0.70552,0.57308,-0.20253,0.3403,-0.2751,0.6172,0.000,0.000,0.000,1,32
TRK,123003,0.36372,-0.70619,0.57390,-0.19912,0.3401,-0.2749,0.6173,-0.001,0.008,-0.001,2,32
TRK,123021,0.36207,-0.70813,0.57343,-0.19658,0.3400,-0.2748,0.6173,-0.006,0.006,0.000,2,32
TRK,123041,0.36171,-0.70852,0.57348,-0.19566,0.3400,-0.2748,0.6173,-0.001,0.002,-0.000,2,32
TRK,123061,0.36150,-0.70931,0.57306,-0.19445,0.3400,-0.2747,0.6173,-0.003,0.007,-0.000,2,32
TRK,123084,0.36094,-0.71003,0.57284,-0.19349,0.3399,-0.2746,0.6173,-0.001,0.001,-0.000,2,32
TRK,123103,0.36107,-0.71010,0.57273,-0.19331,0.3399,-0.2746,0.6173,-0.001,0.001,-0.000,2,32
TRK,123124,0.36105,-0.71021,0.57262,-0.19324,0.3399,-0.2746,0.6172,-0.001,0.001,-0.001,2,32
TRK,123142,0.36089,-0.71073,0.57231,-0.19254,0.3398,-0.2745,0.6172,-0.002,0.006,-0.001,2,32
TRK,123164,0.36015,-0.71291,0.57116,-0.18927,0.3398,-0.2743,0.6172,0.002,0.009,-0.003,2,32
TRK,123183,0.35800,-0.71497,0.57054,-0.18744,0.3399,-0.2741,0.6172,0.001,0.006,-0.000,2,32
TRK,123201,0.35919,-0.71450,0.57054,-0.18699,0.3399,-0.2741,0.6172,-0.001,0.001,-0.000,2,32
TRK,123222,0.35890,-0.71459,0.57051,-0.18727,0.3398,-0.2741,0.6172,-0.002,0.001,-0.000,2,32
TRK,123242,0.35890,-0.71459,0.57052,-0.18724,0.3398,-0.2741,0.6172,-0.001,0.001,-0.000,2,32
TRK,123262,0.35891,-0.71457,0.57054,-0.18723,0.3398,-0.2740,0.6172,-0.001,0.001,-0.000,2,32
TRK,123283,0.35890,-0.71459,0.57052,-0.18723,0.3398,-0.2740,0.6171,-0.001,0.001,-0.000,2,32
TRK,123304,0.35891,-0.71459,0.57052,-0.18722,0.3398,-0.2740,0.6171,-0.000,0.001,-0.000,2,32
TRK,123323,0.35893,-0.71458,0.57053,-0.18719,0.3398,-0.2740,0.6171,-0.000,0.001,-0.000,2,32
TRK,123343,0.35921,-0.71472,0.57025,-0.18696,0.3397,-0.2740,0.6171,-0.000,0.001,-0.000,2,32
TRK,123364,0.35908,-0.71462,0.57039,-0.18715,0.3399,-0.2741,0.6171,0.000,0.000,0.000,1,33
TRK,123384,0.35937,-0.71449,0.57041,-0.18705,0.3399,-0.2741,0.6171,0.000,0.000,0.000,1,33
TRK,123403,0.36142,-0.71491,0.56854,-0.18719,0.3401,-0.2740,0.6172,0.002,0.014,0.001,2,33
TRK,123422,0.36220,-0.71486,0.56822,-0.18684,0.3401,-0.2739,0.6172,-0.000,-0.000,-0.000,2,33
TRK,123443,0.36170,-0.71587,0.56766,-0.18564,0.3400,-0.2739,0.6171,-0.003,0.002,-0.002,2,33
TRK,123462,0.36097,-0.71731,0.56691,-0.18379,0.3400,-0.2738,0.6171,-0.003,0.008,-0.001,2,33
TRK,123482,0.35989,-0.71964,0.56559,-0.18086,0.3399,-0.2736,0.6171,-0.003,0.009,-0.001,2,33
TRK,123504,0.35986,-0.72064,0.56483,-0.17928,0.3399,-0.2735,0.6171,-0.000,0.002,0.000,2,33
TRK,123522,0.36004,-0.72082,0.56455,-0.17909,0.3399,-0.2735,0.6171,0.002,0.002,-0.000,2,33
TRK,123544,0.35965,-0.72079,0.56476,-0.17933,0.3399,-0.2734,0.6171,0.001,0.002,-0.001,2,33
TRK,123562,0.35904,-0.72179,0.56387,-0.17933,0.3399,-0.2733,0.6170,-0.004,0.013,-0.001,2,33
TRK,123584,0.35775,-0.72274,0.56389,-0.17805,0.3399,-0.2731,0.6171,0.002,0.004,0.001,2,33
TRK,123602,0.35930,-0.72192,0.56354,-0.17935,0.3399,-0.2730,0.6171,0.000,0.005,0.001,2,33
TRK,123622,0.35972,-0.72174,0.56339,-0.17965,0.3399,-0.2730,0.6171,0.000,0.002,-0.001,2,33
STAT,404.0,401.0,0,0,0,0.4873,8.879,0.0895,0.0976,-0.0381,9.6791,0.52,0.001
TRK,123644,0.35846,-0.72272,0.56318,-0.17889,0.3399,-0.2728,0.6170,-0.001,0.008,-0.001,2,33
TRK,123662,0.35824,-0.72282,0.56327,-0.17866,0.3399,-0.2727,0.6170,0.001,0.006,0.001,2,33
TRK,123683,0.35929,-0.72218,0.56325,-0.17920,0.3400,-0.2726,0.6171,0.001,0.002,0.000,2,33
TRK,123702,0.35942,-0.72208,0.56323,-0.17940,0.3400,-0.2726,0.6170,0.001,0.002,-0.001,2,33
TRK,123722,0.35858,-0.72260,0.56330,-0.17876,0.3400,-0.2726,0.6170,0.001,0.002,-0.000,2,33
TRK,123742,0.35824,-0.72285,0.56331,-0.17842,0.3400,-0.2725,0.6170,0.000,0.001,0.001,2,33
TRK,123764,0.35924,-0.72223,0.56320,-0.17926,0.3400,-0.2725,0.6171,-0.000,0.001,0.001,2,33
TRK,123782,0.35942,-0.72213,0.56318,-0.17938,0.3400,-0.2725,0.6171,0.000,0.002,-0.000,2,33
TRK,123804,0.35855,-0.72266,0.56330,-0.17861,0.3400,-0.2725,0.6171,-0.000,0.002,-0.001,2,33
TRK,123822,0.35866,-0.72254,0.56333,-0.17878,0.3400,-0.2724,0.6170,-0.001,0.001,-0.001,2,33
TRK,123844,0.35910,-0.72225,0.56329,-0.17917,0.3400,-0.2724,0.6170,-0.000,0.001,-0.001,2,33
TRK,123862,0.35884,-0.72240,0.56333,-0.17897,0.3400,-0.2724,0.6170,0.001,0.001,-0.002,2,33
TRK,123882,0.35837,-0.72273,0.56332,-0.17864,0.3400,-0.2724,0.6170,0.001,-0.000,-0.001,2,33
TRK,123903,0.35856,-0.72268,0.56317,-0.17893,0.3397,-0.2724,0.6174,0.000,0.000,0.000,1,34
TRK,123923,0.35888,-0.72257,0.56299,-0.17926,0.3397,-0.2724,0.6174,0.000,0.000,0.000,1,34
TRK,123941,0.35865,-0.72266,0.56304,-0.17920,0.3397,-0.2724,0.6174,0.000,0.000,0.000,1,34
TRK,123963,0.35861,-0.72269,0.56301,-0.17928,0.3397,-0.2724,0.6174,0.000,0.000,0.000,1,34
TRK,123982,0.35890,-0.72259,0.56288,-0.17952,0.3397,-0.2724,0.6174,0.000,0.000,0.000,1,34
TRK,124002,0.35833,-0.72280,0.56308,-0.17917,0.3397,-0.2724,0.6174,0.000,0.000,0.000,1,34
TRK,124024,0.35833,-0.72280,0.56306,-0.17921,0.3397,-0.2724,0.6174,0.000,0.000,0.000,1,34
TRK,124044,0.35872,-0.72265,0.56293,-0.17944,0.3397,-0.2724,0.6174,0.000,0.000,0.000,1,34
TRK,124063,0.35847,-0.72274,0.56304,-0.17924,0.3397,-0.2724,0.6174,0.000,0.000,0.000,1,34
TRK,124083,0.35813,-0.72287,0.56318,-0.17898,0.3397,-0.2724,0.6174,0.000,0.000,0.000,1,34
TRK,124103,0.35831,-0.72279,0.56315,-0.17902,0.3397,-0.2724,0.6174,0.000,0.000,0.000,1,34
TRK,124123,0.35867,-0.72266,0.56302,-0.17924,0.3397,-0.2724,0.6174,0.000,0.000,0.000,1,34
TRK,124144,0.35836,-0.72277,0.56317,-0.17897,0.3397,-0.2724,0.6174,0.000,0.000,0.000,1,34
TRK,124164,0.35826,-0.72280,0.56320,-0.17890,0.3397,-0.2724,0.6174,0.000,0.000,0.000,1,34
TRK,124181,0.35856,-0.72270,0.56305,-0.17919,0.3397,-0.2724,0.6174,0.000,0.000,0.000,1,34
TRK,124202,0.35845,-0.72274,0.56312,-0.17906,0.3397,-0.2724,0.6174,0.000,0.000,0.000,1,34
TRK,124222,0.35807,-0.72288,0.56324,-0.17884,0.3397,-0.2724,0.6174,0.000,0.000,0.000,1,34
TRK,124244,0.35818,-0.72284,0.56318,-0.17896,0.3397,-0.2724,0.6174,0.000,0.000,0.000,1,34
TRK,124262,0.35823,-0.72283,0.56314,-0.17905,0.3397,-0.2724,0.6174,0.000,0.000,0.000,1,34
TRK,124284,0.35791,-0.72295,0.56326,-0.17884,0.3397,-0.2724,0.6174,0.000,0.000,0.000,1,34
TRK,124302,0.35772,-0.72303,0.56328,-0.17882,0.3397,-0.2724,0.6174,0.000,0.000,0.000,1,34
TRK,124324,0.35800,-0.72293,0.56316,-0.17906,0.3397,-0.2724,0.6174,0.000,0.000,0.000,1,34
TRK,124344,0.35792,-0.72296,0.56318,-0.17903,0.3397,-0.2724,0.6174,0.000,0.000,0.000,1,34
TRK,124363,0.35751,-0.72312,0.56332,-0.17878,0.3397,-0.2724,0.6174,0.000,0.000,0.000,1,34
TRK,124381,0.35755,-0.72310,0.56328,-0.17886,0.3397,-0.2724,0.6174,0.000,0.000,0.000,1,34
TRK,124403,0.35785,-0.72299,0.56318,-0.17904,0.3397,-0.2724,0.6174,0.000,0.000,0.000,1,34
TRK,124422,0.35781,-0.72300,0.56322,-0.17896,0.3397,-0.2724,0.6174,0.000,0.000,0.000,1,34
TRK,124442,0.35745,-0.72313,0.56335,-0.17871,0.3397,-0.2724,0.6174,0.000,0.000,0.000,1,34
TRK,124462,0.35747,-0.72313,0.56337,-0.17867,0.3397,-0.2724,0.6174,0.000,0.000,0.000,1,34
TRK,124483,0.35777,-0.72301,0.56327,-0.17885,0.3397,-0.2724,0.6174,0.000,0.000,0.000,1,34
TRK,124504,0.35765,-0.72305,0.56333,-0.17874,0.3397,-0.2724,0.6174,0.000,0.000,0.000,1,34
TRK,124524,0.35744,-0.72313,0.56339,-0.17864,0.3397,-0.2724,0.6174,0.000,0.000,0.000,1,34
TRK,124542,0.35750,-0.72311,0.56334,-0.17873,0.3397,-0.2724,0.6174,0.000,0.000,0.000,1,34
TRK,124564,0.35760,-0.72308,0.56329,-0.17883,0.3397,-0.2724,0.6174,0.000,0.000,0.000,1,34
TRK,124583,0.35751,-0.72311,0.56335,-0.17871,0.3397,-0.2724,0.6174,0.000,0.000,0.000,1,34
TRK,124604,0.35740,-0.72314,0.56342,-0.17856,0.3397,-0.2724,0.6174,0.000,0.000,0.000,1,34
TRK,124621,0.35746,-0.72312,0.56341,-0.17859,0.3397,-0.2724,0.6174,0.000,0.000,0.000,1,34
STAT,404.5,400.5,0,0,0,0.0326,0.742,0.0900,0.0981,-0.0384,9.6763,0.65,0.001
TRK,124643,0.35755,-0.72308,0.56338,-0.17863,0.3397,-0.2724,0.6174,0.000,0.000,0.000,1,34
TRK,124662,0.35755,-0.72308,0.56338,-0.17862,0.3397,-0.2724,0.6174,0.000,0.000,0.000,1,34
TRK,124683,0.35765,-0.72305,0.56334,-0.17871,0.3397,-0.2724,0.6174,0.000,0.000,0.000,1,34
TRK,124703,0.35772,-0.72302,0.56332,-0.17873,0.3397,-0.2724,0.6174,0.000,0.000,0.000,1,34
TRK,124722,0.35775,-0.72301,0.56333,-0.17871,0.3397,-0.2724,0.6174,0.000,0.000,0.000,1,34
TRK,124741,0.35780,-0.72299,0.56331,-0.17875,0.3397,-0.2724,0.6174,0.000,0.000,0.000,1,34
TRK,124761,0.35779,-0.72299,0.56331,-0.17873,0.3397,-0.2724,0.6174,0.000,0.000,0.000,1,34
TRK,124784,0.35770,-0.72303,0.56334,-0.17870,0.3397,-0.2724,0.6174,0.000,0.000,0.000,1,34
TRK,124803,0.35774,-0.72302,0.56329,-0.17880,0.3397,-0.2724,0.6174,0.000,0.000,0.000,1,34
TRK,124823,0.35780,-0.72301,0.56322,-0.17895,0.3397,-0.2724,0.6174,0.000,0.000,0.000,1,34
TRK,124843,0.35758,-0.72310,0.56327,-0.17888,0.3397,-0.2724,0.6174,0.000,0.000,0.000,1,34
TRK,124859,0.35743,-0.72315,0.56331,-0.17883,0.3397,-0.2724,0.6174,0.000,0.000,0.000,1,34
TRK,124881,0.35750,-0.72313,0.56326,-0.17891,0.3397,-0.2724,0.6174,0.000,0.000,0.000,1,34
TRK,124903,0.35757,-0.72310,0.56323,-0.17896,0.3397,-0.2724,0.6174,0.000,0.000,0.000,1,34
TRK,124922,0.35739,-0.72318,0.56329,-0.17888,0.3397,-0.2724,0.6174,0.000,0.000,0.000,1,34
TRK,124943,0.35719,-0.72326,0.56329,-0.17891,0.3397,-0.2724,0.6174,0.000,0.000,0.000,1,34
TRK,124962,0.35746,-0.72316,0.56323,-0.17899,0.3397,-0.2724,0.6174,0.000,0.000,0.000,1,34
TRK,124984,0.35760,-0.72310,0.56319,-0.17906,0.3397,-0.2724,0.6174,0.000,0.000,0.000,1,34
TRK,125004,0.35739,-0.72318,0.56326,-0.17894,0.3397,-0.2724,0.6174,0.000,0.000,0.000,1,34
TRK,125022,0.35744,-0.72316,0.56326,-0.17893,0.3397,-0.2724,0.6174,0.000,0.000,0.000,1,34
TRK,125042,0.35754,-0.72312,0.56324,-0.17897,0.3397,-0.2724,0.6174,0.000,0.000,0.000,1,34
TRK,125064,0.35751,-0.72312,0.56328,-0.17886,0.3397,-0.2724,0.6174,0.000,0.000,0.000,1,34
TRK,125084,0.35734,-0.72319,0.56335,-0.17875,0.3397,-0.2724,0.6174,0.000,0.000,0.000,1,34
TRK,125104,0.35738,-0.72317,0.56335,-0.17873,0.3397,-0.2724,0.6174,0.000,0.000,0.000,1,34
TRK,125123,0.35747,-0.72313,0.56335,-0.17872,0.3397,-0.2724,0.6174,0.000,0.000,0.000,1,34
TRK,125142,0.35741,-0.72315,0.56337,-0.17867,0.3397,-0.2724,0.6174,0.000,0.000,0.000,1,34
TRK,125162,0.35731,-0.72319,0.56339,-0.17866,0.3397,-0.2724,0.6174,0.000,0.000,0.000,1,34
TRK,125182,0.35740,-0.72315,0.56337,-0.17869,0.3397,-0.2724,0.6174,0.000,0.000,0.000,1,34
TRK,125202,0.35740,-0.72315,0.56337,-0.17869,0.3397,-0.2724,0.6174,0.000,0.000,0.000,1,34
TRK,125224,0.35735,-0.72318,0.56334,-0.17876,0.3397,-0.2724,0.6174,0.000,0.000,0.000,1,34
TRK,125242,0.35729,-0.72321,0.56334,-0.17877,0.3397,-0.2724,0.6174,0.000,0.000,0.000,1,34
TRK,125264,0.35725,-0.72323,0.56333,-0.17881,0.3397,-0.2724,0.6174,0.000,0.000,0.000,1,34
TRK,125282,0.35719,-0.72326,0.56331,-0.17886,0.3397,-0.2724,0.6174,0.000,0.000,0.000,1,34
TRK,125304,0.35716,-0.72328,0.56328,-0.17894,0.3397,-0.2724,0.6174,0.000,0.000,0.000,1,34
TRK,125323,0.35713,-0.72330,0.56326,-0.17899,0.3397,-0.2724,0.6174,0.000,0.000,0.000,1,34
TRK,125343,0.35707,-0.72332,0.56326,-0.17901,0.3397,-0.2724,0.6174,0.000,0.000,0.000,1,34
TRK,125361,0.35703,-0.72334,0.56328,-0.17898,0.3397,-0.2724,0.6174,0.000,0.000,0.000,1,34
TRK,125381,0.35698,-0.72335,0.56330,-0.17892,0.3397,-0.2724,0.6174,0.000,0.000,0.000,1,34
TRK,125403,0.35699,-0.72334,0.56332,-0.17888,0.3397,-0.2724,0.6174,0.000,0.000,0.000,1,34
TRK,125422,0.35700,-0.72334,0.56333,-0.17886,0.3397,-0.2724,0.6174,0.000,0.000,0.000,1,34
TRK,125443,0.35703,-0.72333,0.56331,-0.17890,0.3397,-0.2724,0.6174,0.000,0.000,0.000,1,34
TRK,125462,0.35705,-0.72333,0.56329,-0.17893,0.3397,-0.2724,0.6174,0.000,0.000,0.000,1,34
TRK,125484,0.35709,-0.72331,0.56328,-0.17895,0.3397,-0.2724,0.6174,0.000,0.000,0.000,1,34
TRK,125503,0.35712,-0.72329,0.56329,-0.17892,0.3397,-0.2724,0.6174,0.000,0.000,0.000,1,34
TRK,125523,0.35717,-0.72327,0.56333,-0.17882,0.3397,-0.2724,0.6174,0.000,0.000,0.000,1,34
TRK,125543,0.35721,-0.72324,0.56334,-0.17879,0.3397,-0.2724,0.6174,0.000,0.000,0.000,1,34
TRK,125563,0.35719,-0.72325,0.56336,-0.17875,0.3397,-0.2724,0.6174,0.000,0.000,0.000,1,34
TRK,125583,0.35724,-0.72323,0.56336,-0.17874,0.3397,-0.2724,0.6174,0.000,0.000,0.000,1,34
TRK,125601,0.35725,-0.72323,0.56334,-0.17878,0.3397,-0.2724,0.6174,0.000,0.000,0.000,1,34
TRK,125623,0.35730,-0.72322,0.56329,-0.17889,0.3397,-0.2724,0.6174,0.000,0.000,0.000,1,34
STAT,404.5,400.5,0,0,0,0.0311,0.482,0.0781,0.1014,-0.0244,9.6768,0.65,0.001
TRK,125643,0.35740,-0.72317,0.56326,-0.17894,0.3397,-0.2724,0.6174,0.000,0.000,0.000,1,34
TRK,125662,0.35723,-0.72324,0.56332,-0.17883,0.3397,-0.2724,0.6174,0.000,0.000,0.000,1,34
TRK,125683,0.35720,-0.72325,0.56335,-0.17877,0.3397,-0.2724,0.6174,0.000,0.000,0.000,1,34
TRK,125704,0.35719,-0.72324,0.56338,-0.17870,0.3397,-0.2724,0.6174,0.000,0.000,0.000,1,34
TRK,125724,0.35707,-0.72328,0.56348,-0.17849,0.3397,-0.2724,0.6174,0.000,0.000,0.000,1,34
TRK,125742,0.35707,-0.72327,0.56353,-0.17838,0.3397,-0.2724,0.6174,0.000,0.000,0.000,1,34
TRK,125764,0.35713,-0.72324,0.56352,-0.17840,0.3397,-0.2724,0.6174,0.000,0.000,0.000,1,34
TRK,125784,0.35715,-0.72324,0.56351,-0.17841,0.3397,-0.2724,0.6174,0.000,0.000,0.000,1,34
TRK,125803,0.35721,-0.72322,0.56348,-0.17847,0.3397,-0.2724,0.6174,0.000,0.000,0.000,1,34
TRK,125821,0.35717,-0.72324,0.56346,-0.17851,0.3397,-0.2724,0.6174,0.000,0.000,0.000,1,34
TRK,125843,0.35720,-0.72322,0.56348,-0.17848,0.3397,-0.2724,0.6174,0.000,0.000,0.000,1,34
TRK,125862,0.35729,-0.72318,0.56347,-0.17847,0.3397,-0.2724,0.6174,0.000,0.000,0.000,1,34
TRK,125882,0.35720,-0.72321,0.56352,-0.17837,0.3397,-0.2724,0.6174,0.000,0.000,0.000,1,34
TRK,125902,0.35702,-0.72328,0.56359,-0.17826,0.3397,-0.2724,0.6174,0.000,0.000,0.000,1,34
TRK,125922,0.35711,-0.72325,0.56356,-0.17829,0.3397,-0.2724,0.6174,0.000,0.000,0.000,1,34
TRK,125944,0.35724,-0.72320,0.56350,-0.17842,0.3397,-0.2724,0.6174,0.000,0.000,0.000,1,34
TRK,125964,0.35729,-0.72319,0.56345,-0.17853,0.3397,-0.2724,0.6174,0.000,0.000,0.000,1,34
TRK,125981,0.35707,-0.72328,0.56349,-0.17847,0.3397,-0.2724,0.6174,0.000,0.000,0.000,1,34
TRK,126001,0.35712,-0.72325,0.56351,-0.17842,0.3397,-0.2724,0.6174,0.000,0.000,0.000,1,34
TRK,126022,0.35716,-0.72323,0.56351,-0.17841,0.3397,-0.2724,0.6174,0.000,0.000,0.000,1,34
TRK,126044,0.35709,-0.72326,0.56353,-0.17837,0.3397,-0.2724,0.6174,0.000,0.000,0.000,1,34
TRK,126063,0.35700,-0.72330,0.56355,-0.17834,0.3397,-0.2724,0.6174,0.000,0.000,0.000,1,34
TRK,126081,0.35714,-0.72324,0.56352,-0.17837,0.3397,-0.2724,0.6174,0.000,0.000,0.000,1,34
TRK,126101,0.35727,-0.72319,0.56349,-0.17844,0.3397,-0.2724,0.6174,0.000,0.000,0.000,1,34
TRK,126122,0.35739,-0.72315,0.56344,-0.17851,0.3397,-0.2724,0.6174,0.000,0.000,0.000,1,34
TRK,126142,0.35730,-0.72318,0.56345,-0.17851,0.3397,-0.2724,0.6174,0.000,0.000,0.000,1,34
TRK,126162,0.35731,-0.72317,0.56348,-0.17845,0.3397,-0.2724,0.6174,0.000,0.000,0.000,1,34
TRK,126182,0.35728,-0.72318,0.56350,-0.17840,0.3397,-0.2724,0.6174,0.000,0.000,0.000,1,34
TRK,126203,0.35727,-0.72319,0.56349,-0.17842,0.3397,-0.2724,0.6174,0.000,0.000,0.000,1,34
TRK,126224,0.35732,-0.72317,0.56347,-0.17846,0.3397,-0.2724,0.6174,0.000,0.000,0.000,1,34
TRK,126244,0.35739,-0.72315,0.56343,-0.17855,0.3397,-0.2724,0.6174,0.000,0.000,0.000,1,34
TRK,126264,0.35744,-0.72314,0.56337,-0.17869,0.3397,-0.2724,0.6174,0.000,0.000,0.000,1,34
TRK,126283,0.35741,-0.72315,0.56334,-0.17875,0.3397,-0.2724,0.6174,0.000,0.000,0.000,1,34
TRK,126303,0.35734,-0.72319,0.56335,-0.17874,0.3397,-0.2724,0.6174,0.000,0.000,0.000,1,34
TRK,126323,0.35723,-0.72323,0.56337,-0.17871,0.3397,-0.2724,0.6174,0.000,0.000,0.000,1,34
TRK,126341,0.35710,-0.72328,0.56341,-0.17865,0.3397,-0.2724,0.6174,0.000,0.000,0.000,1,34
TRK,126361,0.35699,-0.72333,0.56343,-0.17864,0.3397,-0.2724,0.6174,0.000,0.000,0.000,1,34
TRK,126381,0.35694,-0.72335,0.56340,-0.17870,0.3397,-0.2724,0.6174,0.000,0.000,0.000,1,34
TRK,126401,0.35698,-0.72334,0.56336,-0.17878,0.3397,-0.2724,0.6174,0.000,0.000,0.000,1,34
TRK,126421,0.35704,-0.72332,0.56332,-0.17888,0.3397,-0.2724,0.6174,0.000,0.000,0.000,1,34
TRK,126441,0.35704,-0.72333,0.56327,-0.17899,0.3397,-0.2724,0.6174,0.000,0.000,0.000,1,34
TRK,126461,0.35710,-0.72331,0.56328,-0.17896,0.3397,-0.2724,0.6174,0.000,0.000,0.000,1,34
TRK,126484,0.35710,-0.72330,0.56331,-0.17888,0.3397,-0.2724,0.6174,0.000,0.000,0.000,1,34
TRK,126503,0.35709,-0.72330,0.56334,-0.17881,0.3397,-0.2724,0.6174,0.000,0.000,0.000,1,34
TRK,126521,0.35712,-0.72328,0.56335,-0.17878,0.3397,-0.2724,0.6174,0.000,0.000,0.000,1,34
TRK,126543,0.35720,-0.72326,0.56330,-0.17888,0.3397,-0.2724,0.6174,0.000,0.000,0.000,1,34
TRK,126561,0.35725,-0.72325,0.56325,-0.17900,0.3397,-0.2724,0.6174,0.000,0.000,0.000,1,34
TRK,126583,0.35730,-0.72323,0.56320,-0.17910,0.3397,-0.2724,0.6174,0.000,0.000,0.000,1,34
TRK,126602,0.35734,-0.72322,0.56318,-0.17915,0.3397,-0.2724,0.6174,0.000,0.000,0.000,1,34
TRK,126622,0.35734,-0.72321,0.56321,-0.17906,0.3397,-0.2724,0.6174,0.000,0.000,0.000,1,34
STAT,404.0,400.5,0,0,0,0.0301,0.204,0.0858,0.1104,-0.0216,9.6778,0.65,0.001
TRK,126642,0.35730,-0.72322,0.56329,-0.17890,0.3397,-0.2724,0.6174,0.000,0.000,0.000,1,34
TRK,126664,0.35726,-0.72322,0.56336,-0.17874,0.3397,-0.2724,0.6174,0.000,0.000,0.000,1,34
TRK,126682,0.35728,-0.72321,0.56337,-0.17870,0.3397,-0.2724,0.6174,0.000,0.000,0.000,1,34
TRK,126704,0.35735,-0.72318,0.56334,-0.17877,0.3397,-0.2724,0.6174,0.000,0.000,0.000,1,34
TRK,126722,0.35745,-0.72315,0.56326,-0.17892,0.3397,-0.2724,0.6174,0.000,0.000,0.000,1,34
TRK,126744,0.35753,-0.72313,0.56321,-0.17903,0.3397,-0.2724,0.6174,0.000,0.000,0.000,1,34
TRK,126763,0.35759,-0.72310,0.56320,-0.17904,0.3397,-0.2724,0.6174,0.000,0.000,0.000,1,34
TRK,126783,0.35754,-0.72312,0.56324,-0.17896,0.3397,-0.2724,0.6174,0.000,0.000,0.000,1,34
TRK,126803,0.35744,-0.72315,0.56329,-0.17885,0.3397,-0.2724,0.6174,0.000,0.000,0.000,1,34
TRK,126821,0.35730,-0.72320,0.56335,-0.17874,0.3397,-0.2724,0.6174,0.000,0.000,0.000,1,34
TRK,126843,0.35719,-0.72324,0.56339,-0.17867,0.3397,-0.2724,0.6174,0.000,0.000,0.000,1,34
TRK,126862,0.35717,-0.72325,0.56338,-0.17872,0.3397,-0.2724,0.6174,0.000,0.000,0.000,1,34
TRK,126883,0.35723,-0.72324,0.56331,-0.17886,0.3397,-0.2724,0.6174,0.000,0.000,0.000,1,34
TRK,126904,0.35735,-0.72320,0.56327,-0.17894,0.3397,-0.2724,0.6174,0.000,0.000,0.000,1,34
TRK,126922,0.35742,-0.72317,0.56326,-0.17895,0.3397,-0.2724,0.6174,0.000,0.000,0.000,1,34
TRK,126944,0.35741,-0.72316,0.56329,-0.17888,0.3397,-0.2724,0.6174,0.000,0.000,0.000,1,34
TRK,126962,0.35732,-0.72319,0.56335,-0.17874,0.3397,-0.2724,0.6174,0.000,0.000,0.000,1,34
TRK,126984,0.35721,-0.72322,0.56343,-0.17858,0.3397,-0.2724,0.6174,0.000,0.000,0.000,1,34
TRK,127004,0.35715,-0.72325,0.56346,-0.17853,0.3397,-0.2724,0.6174,0.000,0.000,0.000,1,34
TRK,127024,0.35710,-0.72327,0.56344,-0.17858,0.3397,-0.2724,0.6174,0.000,0.000,0.000,1,34
TRK,127044,0.35707,-0.72330,0.56339,-0.17871,0.3397,-0.2724,0.6174,0.000,0.000,0.000,1,34
TRK,127063,0.35707,-0.72331,0.56335,-0.17880,0.3397,-0.2724,0.6174,0.000,0.000,0.000,1,34
TRK,127082,0.35705,-0.72331,0.56335,-0.17881,0.3397,-0.2724,0.6174,0.000,0.000,0.000,1,34
TRK,127102,0.35701,-0.72333,0.56337,-0.17877,0.3397,-0.2724,0.6174,0.000,0.000,0.000,1,34
TRK,127122,0.35699,-0.72333,0.56340,-0.17870,0.3397,-0.2724,0.6174,0.000,0.000,0.000,1,34
TRK,127142,0.35698,-0.72333,0.56342,-0.17865,0.3397,-0.2724,0.6174,0.000,0.000,0.000,1,34
TRK,127164,0.35708,-0.72329,0.56340,-0.17867,0.3397,-0.2724,0.6174,0.000,0.000,0.000,1,34
TRK,127184,0.35713,-0.72327,0.56337,-0.17874,0.3397,-0.2724,0.6174,0.000,0.000,0.000,1,34
TRK,127202,0.35720,-0.72326,0.56331,-0.17886,0.3397,-0.2724,0.6174,0.000,0.000,0.000,1,34
TRK,127224,0.35724,-0.72324,0.56327,-0.17895,0.3397,-0.2724,0.6174,0.000,0.000,0.000,1,34
TRK,127243,0.35726,-0.72323,0.56327,-0.17895,0.3397,-0.2724,0.6174,0.000,0.000,0.000,1,34
TRK,127264,0.35723,-0.72324,0.56331,-0.17886,0.3397,-0.2724,0.6174,0.000,0.000,0.000,1,34
TRK,127287,0.35716,-0.72326,0.56336,-0.17877,0.3397,-0.2724,0.6174,0.000,0.000,0.000,1,34
TRK,127303,0.35713,-0.72327,0.56338,-0.17872,0.3397,-0.2724,0.6174,0.000,0.000,0.000,1,34
TRK,127321,0.35711,-0.72328,0.56339,-0.17868,0.3397,-0.2724,0.6174,0.000,0.000,0.000,1,34
TRK,127343,0.35710,-0.72329,0.56336,-0.17876,0.3397,-0.2724,0.6174,0.000,0.000,0.000,1,34
TRK,127363,0.35712,-0.72328,0.56333,-0.17883,0.3397,-0.2724,0.6174,0.000,0.000,0.000,1,34
TRK,127383,0.35711,-0.72329,0.56331,-0.17888,0.3397,-0.2724,0.6174,0.000,0.000,0.000,1,34
TRK,127402,0.35712,-0.72329,0.56331,-0.17888,0.3397,-0.2724,0.6174,0.000,0.000,0.000,1,34
TRK,127424,0.35715,-0.72328,0.56331,-0.17887,0.3397,-0.2724,0.6174,0.000,0.000,0.000,1,34
TRK,127444,0.35713,-0.72328,0.56334,-0.17882,0.3397,-0.2724,0.6174,0.000,0.000,0.000,1,34
TRK,127463,0.35713,-0.72328,0.56334,-0.17882,0.3397,-0.2724,0.6174,0.000,0.000,0.000,1,34
TRK,127481,0.35716,-0.72327,0.56331,-0.17888,0.3397,-0.2724,0.6174,0.000,0.000,0.000,1,34
TRK,127503,0.35718,-0.72327,0.56324,-0.17903,0.3397,-0.2724,0.6174,0.000,0.000,0.000,1,34
TRK,127521,0.35719,-0.72328,0.56319,-0.17915,0.3397,-0.2724,0.6174,0.000,0.000,0.000,1,34
TRK,127541,0.35719,-0.72329,0.56316,-0.17922,0.3397,-0.2724,0.6174,0.000,0.000,0.000,1,34
TRK,127561,0.35719,-0.72329,0.56317,-0.17920,0.3397,-0.2724,0.6174,0.000,0.000,0.000,1,34
TRK,127583,0.35721,-0.72327,0.56319,-0.17914,0.3397,-0.2724,0.6174,0.000,0.000,0.000,1,34
TRK,127602,0.35725,-0.72325,0.56323,-0.17904,0.3397,-0.2724,0.6174,0.000,0.000,0.000,1,34
TRK,127622,0.35728,-0.72323,0.56327,-0.17894,0.3397,-0.2724,0.6174,0.000,0.000,0.000,1,34
STAT,404.0,400.5,0,0,0,0.0333,0.236,0.0944,0.1257,-0.0346,9.6796,0.65,0.001
TRK,127641,0.35730,-0.72322,0.56328,-0.17892,0.3397,-0.2724,0.6174,0.000,0.000,0.000,1,34
TRK,127662,0.35731,-0.72321,0.56326,-0.17896,0.3397,-0.2724,0.6174,0.000,0.000,0.000,1,34
TRK,127684,0.35736,-0.72320,0.56323,-0.17902,0.3397,-0.2724,0.6174,0.000,0.000,0.000,1,34
TRK,127704,0.35731,-0.72322,0.56322,-0.17905,0.3397,-0.2724,0.6174,0.000,0.000,0.000,1,34
TRK,127724,0.35728,-0.72323,0.56324,-0.17902,0.3397,-0.2724,0.6174,0.000,0.000,0.000,1,34
TRK,127743,0.35726,-0.72323,0.56327,-0.17895,0.3397,-0.2724,0.6174,0.000,0.000,0.000,1,34
TRK,127763,0.35721,-0.72325,0.56330,-0.17889,0.3397,-0.2724,0.6174,0.000,0.000,0.000,1,34
TRK,127781,0.35715,-0.72327,0.56334,-0.17880,0.3397,-0.2724,0.6174,0.000,0.000,0.000,1,34
TRK,127803,0.35716,-0.72326,0.56335,-0.17877,0.3397,-0.2724,0.6174,0.000,0.000,0.000,1,34
TRK,127822,0.35716,-0.72326,0.56335,-0.17877,0.3397,-0.2724,0.6174,0.000,0.000,0.000,1,34
TRK,127844,0.35717,-0.72326,0.56333,-0.17882,0.3397,-0.2724,0.6174,0.000,0.000,0.000,1,34
TRK,127864,0.35714,-0.72328,0.56332,-0.17885,0.3397,-0.2724,0.6174,0.000,0.000,0.000,1,34
TRK,127884,0.35712,-0.72329,0.56331,-0.17887,0.3397,-0.2724,0.6174,0.000,0.000,0.000,1,34
TRK,127904,0.35715,-0.72327,0.56333,-0.17883,0.3397,-0.2724,0.6174,0.000,0.000,0.000,1,34
TRK,127924,0.35712,-0.72328,0.56335,-0.17880,0.3397,-0.2724,0.6174,0.000,0.000,0.000,1,34
TRK,127942,0.35711,-0.72328,0.56336,-0.17878,0.3397,-0.2724,0.6174,0.000,0.000,0.000,1,34
TRK,127964,0.35711,-0.72328,0.56335,-0.17878,0.3397,-0.2724,0.6174,0.000,0.000,0.000,1,34
TRK,127983,0.35706,-0.72331,0.56336,-0.17878,0.3397,-0.2724,0.6174,0.000,0.000,0.000,1,34
TRK,128004,0.35707,-0.72330,0.56336,-0.17878,0.3397,-0.2724,0.6174,0.000,0.000,0.000,1,34
TRK,128021,0.35706,-0.72331,0.56336,-0.17878,0.3397,-0.2724,0.6174,0.000,0.000,0.000,1,34
TRK,128043,0.35705,-0.72331,0.56336,-0.17878,0.3397,-0.2724,0.6174,0.000,0.000,0.000,1,34
TRK,128063,0.35702,-0.72333,0.56336,-0.17878,0.3397,-0.2724,0.6174,0.000,0.000,0.000,1,34
TRK,128083,0.35700,-0.72333,0.56337,-0.17877,0.3397,-0.2724,0.6174,0.000,0.000,0.000,1,34
TRK,128102,0.35702,-0.72332,0.56337,-0.17875,0.3397,-0.2724,0.6174,0.000,0.000,0.000,1,34
TRK,128122,0.35706,-0.72330,0.56338,-0.17873,0.3397,-0.2724,0.6174,0.000,0.000,0.000,1,34
TRK,128144,0.35712,-0.72328,0.56336,-0.17878,0.3397,-0.2724,0.6174,0.000,0.000,0.000,1,34
TRK,128162,0.35716,-0.72327,0.56334,-0.17880,0.3397,-0.2724,0.6174,0.000,0.000,0.000,1,34
TRK,128184,0.35719,-0.72325,0.56333,-0.17882,0.3397,-0.2724,0.6174,0.000,0.000,0.000,1,34
TRK,128203,0.35719,-0.72326,0.56331,-0.17886,0.3397,-0.2724,0.6174,0.000,0.000,0.000,1,34
TRK,128221,0.35715,-0.72328,0.56331,-0.17889,0.3397,-0.2724,0.6174,0.000,0.000,0.000,1,34
TRK,128243,0.35712,-0.72329,0.56331,-0.17889,0.3397,-0.2724,0.6174,0.000,0.000,0.000,1,34
TRK,128261,0.35711,-0.72330,0.56331,-0.17888,0.3397,-0.2724,0.6174,0.000,0.000,0.000,1,34
TRK,128284,0.35710,-0.72330,0.56332,-0.17886,0.3397,-0.2724,0.6174,0.000,0.000,0.000,1,34
TRK,128301,0.35711,-0.72330,0.56331,-0.17889,0.3397,-0.2724,0.6174,0.000,0.000,0.000,1,34
TRK,128322,0.35713,-0.72329,0.56331,-0.17888,0.3397,-0.2724,0.6174,0.000,0.000,0.000,1,34
TRK,128342,0.35714,-0.72328,0.56332,-0.17886,0.3397,-0.2724,0.6174,0.000,0.000,0.000,1,34
TRK,128362,0.35718,-0.72326,0.56332,-0.17885,0.3397,-0.2724,0.6174,0.000,0.000,0.000,1,34
TRK,128383,0.35717,-0.72326,0.56335,-0.17879,0.3397,-0.2724,0.6174,0.000,0.000,0.000,1,34
TRK,128404,0.35716,-0.72326,0.56337,-0.17873,0.3397,-0.2724,0.6174,0.000,0.000,0.000,1,34
TRK,128422,0.35713,-0.72327,0.56341,-0.17865,0.3397,-0.2724,0.6174,0.000,0.000,0.000,1,34
TRK,128444,0.35710,-0.72328,0.56342,-0.17863,0.3397,-0.2724,0.6174,0.000,0.000,0.000,1,34
TRK,128464,0.35706,-0.72330,0.56341,-0.17867,0.3397,-0.2724,0.6174,0.000,0.000,0.000,1,34
TRK,128484,0.35707,-0.72330,0.56339,-0.17872,0.3397,-0.2724,0.6174,0.000,0.000,0.000,1,34
TRK,128504,0.35709,-0.72330,0.56335,-0.17880,0.3397,-0.2724,0.6174,0.000,0.000,0.000,1,34
TRK,128523,0.35708,-0.72331,0.56332,-0.17887,0.3397,-0.2724,0.6174,0.000,0.000,0.000,1,34
TRK,128542,0.35707,-0.72331,0.56332,-0.17887,0.3397,-0.2724,0.6174,0.000,0.000,0.000,1,34
TRK,128562,0.35706,-0.72331,0.56333,-0.17886,0.3397,-0.2724,0.6174,0.000,0.000,0.000,1,34
TRK,128582,0.35708,-0.72330,0.56335,-0.17879,0.3397,-0.2724,0.6174,0.000,0.000,0.000,1,34
TRK,128602,0.35705,-0.72331,0.56334,-0.17883,0.3397,-0.2724,0.6174,0.000,0.000,0.000,1,34
TRK,128624,0.35701,-0.72333,0.56334,-0.17885,0.3397,-0.2724,0.6174,0.000,0.000,0.000,1,34
STAT,404.0,401.0,0,0,0,0.0234,0.241,0.0953,0.1355,-0.0379,9.6745,0.65,0.001
TRK,128642,0.35699,-0.72335,0.56332,-0.17889,0.3397,-0.2724,0.6174,0.000,0.000,0.000,1,34
TRK,128664,0.35697,-0.72336,0.56330,-0.17893,0.3397,-0.2724,0.6174,0.000,0.000,0.000,1,34
TRK,128682,0.35695,-0.72337,0.56329,-0.17897,0.3397,-0.2724,0.6174,0.000,0.000,0.000,1,34
TRK,128704,0.35694,-0.72337,0.56331,-0.17893,0.3397,-0.2724,0.6174,0.000,0.000,0.000,1,34
TRK,128723,0.35692,-0.72338,0.56332,-0.17889,0.3397,-0.2724,0.6174,0.000,0.000,0.000,1,34
TRK,128741,0.35693,-0.72337,0.56334,-0.17886,0.3397,-0.2724,0.6174,0.000,0.000,0.000,1,34
TRK,128763,0.35695,-0.72336,0.56333,-0.17887,0.3397,-0.2724,0.6174,0.000,0.000,0.000,1,34
TRK,128781,0.35697,-0.72336,0.56330,-0.17893,0.3397,-0.2724,0.6174,0.000,0.000,0.000,1,34
TRK,128803,0.35699,-0.72336,0.56326,-0.17903,0.3397,-0.2724,0.6174,0.000,0.000,0.000,1,34
TRK,128823,0.35694,-0.72338,0.56323,-0.17910,0.3397,-0.2724,0.6174,0.000,0.000,0.000,1,34
TRK,128843,0.35692,-0.72339,0.56325,-0.17906,0.3397,-0.2724,0.6174,0.000,0.000,0.000,1,34
TRK,128862,0.35691,-0.72339,0.56329,-0.17898,0.3397,-0.2724,0.6174,0.000,0.000,0.000,1,34
TRK,128884,0.35685,-0.72340,0.56334,-0.17886,0.3397,-0.2724,0.6174,0.000,0.000,0.000,1,34
TRK,128904,0.35684,-0.72340,0.56337,-0.17881,0.3397,-0.2724,0.6174,0.000,0.000,0.000,1,34
TRK,128923,0.35680,-0.72342,0.56337,-0.17882,0.3397,-0.2724,0.6174,0.000,0.000,0.000,1,34
TRK,128941,0.35684,-0.72341,0.56335,-0.17885,0.3397,-0.2724,0.6174,0.000,0.000,0.000,1,34
TRK,128963,0.35687,-0.72340,0.56331,-0.17894,0.3397,-0.2724,0.6174,0.000,0.000,0.000,1,34
TRK,128981,0.35695,-0.72337,0.56329,-0.17896,0.3397,-0.2724,0.6174,0.000,0.000,0.000,1,34
TRK,129003,0.35698,-0.72335,0.56330,-0.17893,0.3397,-0.2724,0.6174,0.000,0.000,0.000,1,34
TRK,129021,0.35699,-0.72334,0.56332,-0.17889,0.3397,-0.2724,0.6174,0.000,0.000,0.000,1,34
TRK,129042,0.35698,-0.72335,0.56333,-0.17886,0.3397,-0.2724,0.6174,0.000,0.000,0.000,1,34
TRK,129062,0.35693,-0.72337,0.56333,-0.17888,0.3397,-0.2724,0.6174,0.000,0.000,0.000,1,34
TRK,129082,0.35692,-0.72338,0.56332,-0.17889,0.3397,-0.2724,0.6174,0.000,0.000,0.000,1,34
TRK,129104,0.35696,-0.72336,0.56329,-0.17896,0.3397,-0.2724,0.6174,0.000,0.000,0.000,1,34
TRK,129124,0.35699,-0.72336,0.56325,-0.17904,0.3397,-0.2724,0.6174,0.000,0.000,0.000,1,34
TRK,129144,0.35703,-0.72334,0.56325,-0.17904,0.3397,-0.2724,0.6174,0.000,0.000,0.000,1,34
TRK,129164,0.35707,-0.72332,0.56326,-0.17901,0.3397,-0.2724,0.6174,0.000,0.000,0.000,1,34
TRK,129184,0.35704,-0.72333,0.56329,-0.17895,0.3397,-0.2724,0.6174,0.000,0.000,0.000,1,34
TRK,129203,0.35710,-0.72330,0.56330,-0.17890,0.3397,-0.2724,0.6174,0.000,0.000,0.000,1,34
TRK,129223,0.35705,-0.72332,0.56332,-0.17887,0.3397,-0.2724,0.6174,0.000,0.000,0.000,1,34
TRK,129243,0.35709,-0.72331,0.56331,-0.17890,0.3397,-0.2724,0.6174,0.000,0.000,0.000,1,34
TRK,129261,0.35715,-0.72328,0.56328,-0.17896,0.3397,-0.2724,0.6174,0.000,0.000,0.000,1,34
TRK,129283,0.35720,-0.72326,0.56326,-0.17899,0.3397,-0.2724,0.6174,0.000,0.000,0.000,1,34
TRK,129302,0.35722,-0.72326,0.56326,-0.17899,0.3397,-0.2724,0.6174,0.000,0.000,0.000,1,34
TRK,129321,0.35726,-0.72324,0.56326,-0.17898,0.3397,-0.2724,0.6174,0.000,0.000,0.000,1,34
TRK,129341,0.35723,-0.72324,0.56328,-0.17893,0.3397,-0.2724,0.6174,0.000,0.000,0.000,1,34
TRK,129361,0.35725,-0.72323,0.56331,-0.17887,0.3397,-0.2724,0.6174,0.000,0.000,0.000,1,34
TRK,129384,0.35721,-0.72325,0.56330,-0.17889,0.3397,-0.2724,0.6174,0.000,0.000,0.000,1,34
TRK,129403,0.35718,-0.72326,0.56331,-0.17887,0.3397,-0.2724,0.6174,0.000,0.000,0.000,1,34
TRK,129423,0.35718,-0.72326,0.56331,-0.17886,0.3397,-0.2724,0.6174,0.000,0.000,0.000,1,34
TRK,129443,0.35715,-0.72327,0.56333,-0.17884,0.3397,-0.2724,0.6174,0.000,0.000,0.000,1,34
TRK,129463,0.35716,-0.72326,0.56334,-0.17881,0.3397,-0.2724,0.6174,0.000,0.000,0.000,1,34
TRK,129484,0.35716,-0.72327,0.56333,-0.17883,0.3397,-0.2724,0.6174,0.000,0.000,0.000,1,34
TRK,129501,0.35719,-0.72326,0.56330,-0.17889,0.3397,-0.2724,0.6174,0.000,0.000,0.000,1,34
TRK,129523,0.35717,-0.72327,0.56329,-0.17893,0.3397,-0.2724,0.6174,0.000,0.000,0.000,1,34
TRK,129542,0.35713,-0.72329,0.56328,-0.17895,0.3397,-0.2724,0.6174,0.000,0.000,0.000,1,34
TRK,129564,0.35709,-0.72331,0.56328,-0.17896,0.3397,-0.2724,0.6174,0.000,0.000,0.000,1,34
TRK,129582,0.35706,-0.72332,0.56330,-0.17892,0.3397,-0.2724,0.6174,0.000,0.000,0.000,1,34
TRK,129604,0.35707,-0.72331,0.56333,-0.17885,0.3397,-0.2724,0.6174,0.000,0.000,0.000,1,34
TRK,129622,0.35708,-0.72330,0.56334,-0.17881,0.3397,-0.2724,0.6174,0.000,0.000,0.000,1,34
STAT,404.0,401.0,0,0,0,0.0245,0.179,0.1037,0.1360,-0.0392,9.6796,0.65,0.001
TRK,129642,0.35711,-0.72329,0.56336,-0.17877,0.3397,-0.2724,0.6174,0.000,0.000,0.000,1,34
TRK,129664,0.35710,-0.72329,0.56338,-0.17874,0.3397,-0.2724,0.6174,0.000,0.000,0.000,1,34
TRK,129683,0.35707,-0.72329,0.56338,-0.17872,0.3397,-0.2724,0.6174,0.000,0.000,0.000,1,34
TRK,129703,0.35702,-0.72332,0.56339,-0.17871,0.3397,-0.2724,0.6174,0.000,0.000,0.000,1,34
TRK,129724,0.35694,-0.72335,0.56342,-0.17867,0.3397,-0.2724,0.6174,0.000,0.000,0.000,1,34
TRK,129741,0.35689,-0.72337,0.56343,-0.17866,0.3397,-0.2724,0.6174,0.000,0.000,0.000,1,34
TRK,129763,0.35682,-0.72339,0.56345,-0.17862,0.3397,-0.2724,0.6174,0.000,0.000,0.000,1,34
TRK,129782,0.35679,-0.72341,0.56345,-0.17862,0.3397,-0.2724,0.6174,0.000,0.000,0.000,1,34
TRK,129803,0.35679,-0.72342,0.56341,-0.17871,0.3397,-0.2724,0.6174,0.000,0.000,0.000,1,34
TRK,129824,0.35684,-0.72340,0.56335,-0.17884,0.3397,-0.2724,0.6174,0.000,0.000,0.000,1,34
TRK,129842,0.35693,-0.72337,0.56330,-0.17895,0.3397,-0.2724,0.6174,0.000,0.000,0.000,1,34
TRK,129862,0.35703,-0.72335,0.56322,-0.17912,0.3397,-0.2724,0.6174,0.000,0.000,0.000,1,34
TRK,129882,0.35707,-0.72334,0.56319,-0.17917,0.3397,-0.2724,0.6174,0.000,0.000,0.000,1,34
TRK,129902,0.35709,-0.72332,0.56321,-0.17913,0.3397,-0.2724,0.6174,0.000,0.000,0.000,1,34
TRK,129923,0.35710,-0.72331,0.56325,-0.17904,0.3397,-0.2724,0.6174,0.000,0.000,0.000,1,34
TRK,129943,0.35709,-0.72331,0.56327,-0.17899,0.3397,-0.2724,0.6174,0.000,0.000,0.000,1,34
TRK,129963,0.35712,-0.72329,0.56328,-0.17896,0.3397,-0.2724,0.6174,0.000,0.000,0.000,1,34
TRK,129981,0.35714,-0.72329,0.56325,-0.17901,0.3397,-0.2724,0.6174,0.000,0.000,0.000,1,34
TRK,130001,0.35718,-0.72328,0.56322,-0.17909,0.3397,-0.2724,0.6174,0.000,0.000,0.000,1,34
TRK,130023,0.35719,-0.72328,0.56319,-0.17915,0.3397,-0.2724,0.6174,0.000,0.000,0.000,1,34
TRK,130043,0.35714,-0.72330,0.56319,-0.17917,0.3397,-0.2724,0.6174,0.000,0.000,0.000,1,34
TRK,130062,0.35708,-0.72333,0.56321,-0.17913,0.3397,-0.2724,0.6174,0.000,0.000,0.000,1,34
TRK,130084,0.35707,-0.72333,0.56323,-0.17908,0.3397,-0.2724,0.6174,0.000,0.000,0.000,1,34
TRK,130104,0.35704,-0.72334,0.56325,-0.17905,0.3397,-0.2724,0.6174,0.000,0.000,0.000,1,34
TRK,130124,0.35705,-0.72334,0.56323,-0.17908,0.3397,-0.2724,0.6174,0.000,0.000,0.000,1,34
TRK,130143,0.35705,-0.72334,0.56322,-0.17912,0.3397,-0.2724,0.6174,0.000,0.000,0.000,1,34
TRK,130163,0.35704,-0.72335,0.56319,-0.17919,0.3397,-0.2724,0.6174,0.000,0.000,0.000,1,34
TRK,130183,0.35705,-0.72335,0.56317,-0.17923,0.3397,-0.2724,0.6174,0.000,0.000,0.000,1,34
TRK,130204,0.35710,-0.72332,0.56319,-0.17918,0.3397,-0.2724,0.6174,0.000,0.000,0.000,1,34
TRK,130224,0.35703,-0.72335,0.56322,-0.17912,0.3397,-0.2724,0.6174,0.000,0.000,0.000,1,34
TRK,130244,0.35699,-0.72336,0.56326,-0.17904,0.3397,-0.2724,0.6174,0.000,0.000,0.000,1,34
TRK,130264,0.35694,-0.72337,0.56330,-0.17896,0.3397,-0.2724,0.6174,0.000,0.000,0.000,1,34
TRK,130284,0.35688,-0.72340,0.56328,-0.17899,0.3397,-0.2724,0.6174,0.000,0.000,0.000,1,34
TRK,130304,0.35686,-0.72342,0.56326,-0.17906,0.3397,-0.2724,0.6174,0.000,0.000,0.000,1,34
TRK,130324,0.35689,-0.72341,0.56323,-0.17911,0.3397,-0.2724,0.6174,0.000,0.000,0.000,1,34
TRK,130344,0.35690,-0.72341,0.56321,-0.17917,0.3397,-0.2724,0.6174,0.000,0.000,0.000,1,34
TRK,130364,0.35694,-0.72339,0.56319,-0.17921,0.3397,-0.2724,0.6174,0.000,0.000,0.000,1,34
TRK,130382,0.35696,-0.72338,0.56320,-0.17918,0.3397,-0.2724,0.6174,0.000,0.000,0.000,1,34
TRK,130404,0.35696,-0.72338,0.56323,-0.17910,0.3397,-0.2724,0.6174,0.000,0.000,0.000,1,34
TRK,130423,0.35699,-0.72336,0.56326,-0.17903,0.3397,-0.2724,0.6174,0.000,0.000,0.000,1,34
TRK,130441,0.35704,-0.72333,0.56328,-0.17896,0.3397,-0.2724,0.6174,0.000,0.000,0.000,1,34
TRK,130461,0.35710,-0.72330,0.56328,-0.17896,0.3397,-0.2724,0.6174,0.000,0.000,0.000,1,34
TRK,130481,0.35713,-0.72330,0.56326,-0.17901,0.3397,-0.2724,0.6174,0.000,0.000,0.000,1,34
TRK,130502,0.35707,-0.72333,0.56323,-0.17909,0.3397,-0.2724,0.6174,0.000,0.000,0.000,1,34
TRK,130522,0.35703,-0.72335,0.56321,-0.17913,0.3397,-0.2724,0.6174,0.000,0.000,0.000,1,34
TRK,130542,0.35695,-0.72338,0.56321,-0.17915,0.3397,-0.2724,0.6174,0.000,0.000,0.000,1,34
TRK,130562,0.35690,-0.72341,0.56322,-0.17915,0.3397,-0.2724,0.6174,0.000,0.000,0.000,1,34
TRK,130584,0.35687,-0.72342,0.56323,-0.17913,0.3397,-0.2724,0.6174,0.000,0.000,0.000,1,34
TRK,130604,0.35694,-0.72339,0.56319,-0.17920,0.3397,-0.2724,0.6174,0.000,0.000,0.000,1,34
TRK,130624,0.35699,-0.72338,0.56316,-0.17927,0.3397,-0.2724,0.6174,0.000,0.000,0.000,1,34
STAT,404.3,400.3,0,0,0,0.0276,0.205,0.0978,0.1302,-0.0287,9.6759,0.65,0.001
TRK,130643,0.35703,-0.72337,0.56312,-0.17934,0.3397,-0.2724,0.6174,0.000,0.000,0.000,1,34
TRK,130663,0.35709,-0.72334,0.56313,-0.17931,0.3397,-0.2724,0.6174,0.000,0.000,0.000,1,34
TRK,130683,0.35713,-0.72331,0.56318,-0.17919,0.3397,-0.2724,0.6174,0.000,0.000,0.000,1,34
TRK,130703,0.35728,-0.72325,0.56313,-0.17926,0.3397,-0.2724,0.6174,0.000,0.000,0.000,1,34
TRK,130722,0.35589,-0.72393,0.56319,-0.17910,0.3397,-0.2723,0.6173,-0.004,-0.002,0.007,2,34
TRK,130742,0.35742,-0.72321,0.56310,-0.17926,0.3397,-0.2723,0.6174,-0.000,0.001,0.004,2,34
TRK,130762,0.35746,-0.72320,0.56307,-0.17935,0.3397,-0.2723,0.6174,0.002,0.001,-0.002,2,34
TRK,130782,0.35624,-0.72385,0.56322,-0.17866,0.3398,-0.2723,0.6174,0.002,-0.000,-0.003,2,34
TRK,130802,0.35634,-0.72372,0.56329,-0.17875,0.3398,-0.2723,0.6173,0.002,0.001,0.002,2,34
TRK,130824,0.35662,-0.72369,0.56323,-0.17854,0.3398,-0.2723,0.6174,-0.001,-0.001,0.005,2,34
TRK,130844,0.35774,-0.72303,0.56306,-0.17947,0.3398,-0.2723,0.6175,-0.003,0.001,-0.003,2,34
TRK,130862,0.35640,-0.72372,0.56325,-0.17875,0.3397,-0.2723,0.6174,-0.002,0.002,-0.001,2,34
TRK,130884,0.35661,-0.72374,0.56316,-0.17856,0.3397,-0.2723,0.6175,-0.001,-0.000,0.005,2,34
TRK,130904,0.35669,-0.72371,0.56312,-0.17865,0.3397,-0.2723,0.6175,0.002,-0.000,0.002,2,34
TRK,130921,0.35647,-0.72379,0.56318,-0.17854,0.3397,-0.2723,0.6175,0.002,-0.001,-0.001,2,34
TRK,130943,0.35638,-0.72382,0.56319,-0.17859,0.3398,-0.2723,0.6175,0.003,-0.001,0.002,2,34
TRK,130961,0.35638,-0.72381,0.56322,-0.17856,0.3398,-0.2723,0.6176,0.002,-0.001,0.004,2,34
TRK,130982,0.35646,-0.72379,0.56321,-0.17851,0.3399,-0.2723,0.6177,0.000,-0.000,0.003,2,34
TRK,131003,0.35649,-0.72381,0.56316,-0.17852,0.3399,-0.2723,0.6177,-0.001,0.000,0.001,2,34
TRK,131022,0.35635,-0.72387,0.56313,-0.17863,0.3398,-0.2723,0.6177,-0.002,-0.000,0.004,2,34
TRK,131044,0.35646,-0.72382,0.56316,-0.17851,0.3399,-0.2722,0.6170,0.000,0.000,0.000,1,35
TRK,131062,0.35643,-0.72383,0.56321,-0.17839,0.3399,-0.2722,0.6170,0.000,0.000,0.000,1,35
TRK,131081,0.35636,-0.72387,0.56316,-0.17851,0.3399,-0.2722,0.6170,0.000,0.000,0.000,1,35
TRK,131104,0.35656,-0.72381,0.56303,-0.17880,0.3399,-0.2722,0.6170,0.000,0.000,0.000,1,35
TRK,131123,0.35667,-0.72379,0.56289,-0.17910,0.3399,-0.2722,0.6170,0.000,0.000,0.000,1,35
TRK,131141,0.35686,-0.72371,0.56286,-0.17913,0.3399,-0.2722,0.6170,0.000,0.000,0.000,1,35
TRK,131163,0.35670,-0.72376,0.56293,-0.17900,0.3399,-0.2722,0.6170,0.000,0.000,0.000,1,35
TRK,131184,0.35663,-0.72376,0.56311,-0.17859,0.3399,-0.2722,0.6170,0.000,0.000,0.000,1,35
TRK,131203,0.35655,-0.72378,0.56321,-0.17836,0.3399,-0.2722,0.6170,0.000,0.000,0.000,1,35
TRK,131221,0.35653,-0.72378,0.56324,-0.17830,0.3399,-0.2722,0.6170,0.000,0.000,0.000,1,35
TRK,131243,0.35664,-0.72376,0.56311,-0.17859,0.3399,-0.2722,0.6170,0.000,0.000,0.000,1,35
TRK,131262,0.35672,-0.72375,0.56296,-0.17892,0.3399,-0.2722,0.6170,0.000,0.000,0.000,1,35
TRK,131282,0.35683,-0.72372,0.56284,-0.17918,0.3399,-0.2722,0.6170,0.000,0.000,0.000,1,35
TRK,131302,0.35684,-0.72373,0.56283,-0.17920,0.3399,-0.2722,0.6170,0.000,0.000,0.000,1,35
TRK,131324,0.35671,-0.72376,0.56295,-0.17895,0.3399,-0.2722,0.6170,0.000,0.000,0.000,1,35
TRK,131342,0.35660,-0.72377,0.56312,-0.17856,0.3399,-0.2722,0.6170,0.000,0.000,0.000,1,35
TRK,131364,0.35650,-0.72380,0.56322,-0.17835,0.3399,-0.2722,0.6170,0.000,0.000,0.000,1,35
TRK,131383,0.35653,-0.72378,0.56323,-0.17833,0.3399,-0.2722,0.6170,0.000,0.000,0.000,1,35
TRK,131401,0.35660,-0.72377,0.56315,-0.17850,0.3399,-0.2722,0.6170,0.000,0.000,0.000,1,35
TRK,131423,0.35672,-0.72374,0.56300,-0.17881,0.3399,-0.2722,0.6170,0.000,0.000,0.000,1,35
TRK,131441,0.35682,-0.72372,0.56292,-0.17901,0.3399,-0.2722,0.6170,0.000,0.000,0.000,1,35
TRK,131463,0.35683,-0.72372,0.56290,-0.17905,0.3399,-0.2722,0.6170,0.000,0.000,0.000,1,35
TRK,131481,0.35677,-0.72373,0.56295,-0.17893,0.3399,-0.2722,0.6170,0.000,0.000,0.000,1,35
TRK,131502,0.35669,-0.72375,0.56305,-0.17872,0.3399,-0.2722,0.6170,0.000,0.000,0.000,1,35
TRK,131522,0.35659,-0.72378,0.56310,-0.17861,0.3399,-0.2722,0.6170,0.000,0.000,0.000,1,35
TRK,131542,0.35653,-0.72380,0.56311,-0.17862,0.3399,-0.2722,0.6170,0.000,0.000,0.000,1,35
TRK,131564,0.35651,-0.72383,0.56302,-0.17881,0.3399,-0.2722,0.6170,0.000,0.000,0.000,1,35
TRK,131584,0.35656,-0.72382,0.56294,-0.17899,0.3399,-0.2722,0.6170,0.000,0.000,0.000,1,35
TRK,131602,0.35660,-0.72382,0.56289,-0.17911,0.3399,-0.2722,0.6170,0.000,0.000,0.000,1,35
TRK,131624,0.35652,-0.72385,0.56291,-0.17907,0.3399,-0.2722,0.6170,0.000,0.000,0.000,1,35
STAT,404.3,400.3,0,0,0,0.0418,0.242,0.0943,0.1225,-0.0331,9.6785,0.48,0.003
TRK,131644,0.35645,-0.72386,0.56301,-0.17885,0.3399,-0.2722,0.6170,0.000,0.000,0.000,1,35
TRK,131664,0.35635,-0.72388,0.56312,-0.17862,0.3399,-0.2722,0.6170,0.000,0.000,0.000,1,35
TRK,131684,0.35632,-0.72389,0.56316,-0.17853,0.3399,-0.2722,0.6170,0.000,0.000,0.000,1,35
TRK,131703,0.35626,-0.72392,0.56313,-0.17861,0.3399,-0.2722,0.6170,0.000,0.000,0.000,1,35
TRK,131722,0.35628,-0.72393,0.56306,-0.17876,0.3399,-0.2722,0.6170,0.000,0.000,0.000,1,35
TRK,131742,0.35635,-0.72391,0.56297,-0.17896,0.3399,-0.2722,0.6170,0.000,0.000,0.000,1,35
TRK,131762,0.35634,-0.72392,0.56293,-0.17906,0.3399,-0.2722,0.6170,0.000,0.000,0.000,1,35
TRK,131782,0.35639,-0.72390,0.56295,-0.17901,0.3399,-0.2722,0.6170,0.000,0.000,0.000,1,35
TRK,131804,0.35639,-0.72388,0.56303,-0.17882,0.3399,-0.2722,0.6170,0.000,0.000,0.000,1,35
TRK,131824,0.35640,-0.72387,0.56309,-0.17867,0.3399,-0.2722,0.6170,0.000,0.000,0.000,1,35
TRK,131842,0.35645,-0.72384,0.56311,-0.17863,0.3399,-0.2722,0.6170,0.000,0.000,0.000,1,35
TRK,131864,0.35651,-0.72382,0.56308,-0.17869,0.3399,-0.2722,0.6170,0.000,0.000,0.000,1,35
TRK,131883,0.35657,-0.72380,0.56304,-0.17877,0.3399,-0.2722,0.6170,0.000,0.000,0.000,1,35
TRK,131904,0.35657,-0.72380,0.56301,-0.17882,0.3399,-0.2722,0.6170,0.000,0.000,0.000,1,35
TRK,131923,0.35653,-0.72382,0.56304,-0.17876,0.3399,-0.2722,0.6170,0.000,0.000,0.000,1,35
TRK,131941,0.35641,-0.72386,0.56311,-0.17864,0.3399,-0.2722,0.6170,0.000,0.000,0.000,1,35
TRK,131963,0.35628,-0.72391,0.56316,-0.17854,0.3399,-0.2722,0.6170,0.000,0.000,0.000,1,35
TRK,131984,0.35612,-0.72396,0.56323,-0.17841,0.3399,-0.2722,0.6170,0.000,0.000,0.000,1,35
TRK,132004,0.35614,-0.72395,0.56323,-0.17841,0.3399,-0.2722,0.6170,0.000,0.000,0.000,1,35
TRK,132022,0.35622,-0.72393,0.56319,-0.17848,0.3399,-0.2722,0.6170,0.000,0.000,0.000,1,35
TRK,132041,0.35630,-0.72390,0.56314,-0.17859,0.3399,-0.2722,0.6170,0.000,0.000,0.000,1,35
TRK,132061,0.35638,-0.72387,0.56310,-0.17866,0.3399,-0.2722,0.6170,0.000,0.000,0.000,1,35
TRK,132084,0.35643,-0.72385,0.56308,-0.17869,0.3399,-0.2722,0.6170,0.000,0.000,0.000,1,35
TRK,132103,0.35645,-0.72384,0.56313,-0.17858,0.3399,-0.2722,0.6170,0.000,0.000,0.000,1,35
TRK,132121,0.35644,-0.72383,0.56317,-0.17849,0.3399,-0.2722,0.6170,0.000,0.000,0.000,1,35
TRK,132143,0.35640,-0.72385,0.56317,-0.17849,0.3399,-0.2722,0.6170,0.000,0.000,0.000,1,35
TRK,132164,0.35642,-0.72384,0.56317,-0.17850,0.3399,-0.2722,0.6170,0.000,0.000,0.000,1,35
TRK,132183,0.35643,-0.72385,0.56313,-0.17859,0.3399,-0.2722,0.6170,0.000,0.000,0.000,1,35
TRK,132201,0.35641,-0.72387,0.56308,-0.17871,0.3399,-0.2722,0.6170,0.000,0.000,0.000,1,35
TRK,132222,0.35636,-0.72389,0.56304,-0.17882,0.3399,-0.2722,0.6170,0.000,0.000,0.000,1,35
TRK,132242,0.35629,-0.72393,0.56303,-0.17885,0.3399,-0.2722,0.6170,0.000,0.000,0.000,1,35
TRK,132262,0.35622,-0.72396,0.56303,-0.17886,0.3399,-0.2722,0.6170,0.000,0.000,0.000,1,35
TRK,132282,0.35616,-0.72398,0.56304,-0.17884,0.3399,-0.2722,0.6170,0.000,0.000,0.000,1,35
TRK,132304,0.35620,-0.72397,0.56303,-0.17886,0.3399,-0.2722,0.6170,0.000,0.000,0.000,1,35
TRK,132324,0.35623,-0.72396,0.56299,-0.17895,0.3399,-0.2722,0.6170,0.000,0.000,0.000,1,35
TRK,132344,0.35624,-0.72397,0.56293,-0.17908,0.3399,-0.2722,0.6170,0.000,0.000,0.000,1,35
TRK,132362,0.35627,-0.72396,0.56291,-0.17912,0.3399,-0.2722,0.6170,0.000,0.000,0.000,1,35
TRK,132382,0.35621,-0.72398,0.56292,-0.17911,0.3399,-0.2722,0.6170,0.000,0.000,0.000,1,35
TRK,132404,0.35613,-0.72401,0.56299,-0.17897,0.3399,-0.2722,0.6170,0.000,0.000,0.000,1,35
TRK,132423,0.35609,-0.72401,0.56306,-0.17882,0.3399,-0.2722,0.6170,0.000,0.000,0.000,1,35
TRK,132442,0.35608,-0.72401,0.56310,-0.17872,0.3399,-0.2722,0.6170,0.000,0.000,0.000,1,35
TRK,132464,0.35609,-0.72400,0.56309,-0.17874,0.3399,-0.2722,0.6170,0.000,0.000,0.000,1,35
TRK,132482,0.35614,-0.72399,0.56304,-0.17885,0.3399,-0.2722,0.6170,0.000,0.000,0.000,1,35
TRK,132504,0.35617,-0.72399,0.56296,-0.17903,0.3399,-0.2722,0.6170,0.000,0.000,0.000,1,35
TRK,132522,0.35621,-0.72398,0.56292,-0.17911,0.3399,-0.2722,0.6170,0.000,0.000,0.000,1,35
TRK,132544,0.35622,-0.72398,0.56292,-0.17912,0.3399,-0.2722,0.6170,0.000,0.000,0.000,1,35
TRK,132562,0.35616,-0.72400,0.56295,-0.17905,0.3399,-0.2722,0.6170,0.000,0.000,0.000,1,35
TRK,132584,0.35611,-0.72401,0.56300,-0.17895,0.3399,-0.2722,0.6170,0.000,0.000,0.000,1,35
TRK,132602,0.35610,-0.72401,0.56305,-0.17882,0.3399,-0.2722,0.6170,0.000,0.000,0.000,1,35
TRK,132624,0.35612,-0.72400,0.56305,-0.17883,0.3399,-0.2722,0.6170,0.000,0.000,0.000,1,35
STAT,404.0,401.0,0,0,0,0.0261,0.194,0.0966,0.1298,-0.0360,9.6748,0.48,0.003
TRK,132644,0.35615,-0.72399,0.56304,-0.17885,0.3399,-0.2722,0.6170,0.000,0.000,0.000,1,35
TRK,132664,0.35623,-0.72395,0.56301,-0.17889,0.3399,-0.2722,0.6170,0.000,0.000,0.000,1,35
TRK,132683,0.35626,-0.72394,0.56301,-0.17889,0.3399,-0.2722,0.6170,0.000,0.000,0.000,1,35
TRK,132702,0.35621,-0.72396,0.56304,-0.17883,0.3399,-0.2722,0.6170,0.000,0.000,0.000,1,35
TRK,132722,0.35616,-0.72397,0.56311,-0.17868,0.3399,-0.2722,0.6170,0.000,0.000,0.000,1,35
TRK,132742,0.35613,-0.72397,0.56318,-0.17852,0.3399,-0.2722,0.6170,0.000,0.000,0.000,1,35
TRK,132763,0.35614,-0.72395,0.56323,-0.17839,0.3399,-0.2722,0.6170,0.000,0.000,0.000,1,35
TRK,132783,0.35621,-0.72393,0.56321,-0.17843,0.3399,-0.2722,0.6170,0.000,0.000,0.000,1,35
TRK,132801,0.35633,-0.72388,0.56316,-0.17854,0.3399,-0.2722,0.6170,0.000,0.000,0.000,1,35
TRK,132821,0.35642,-0.72386,0.56308,-0.17870,0.3399,-0.2722,0.6170,0.000,0.000,0.000,1,35
TRK,132842,0.35648,-0.72385,0.56302,-0.17884,0.3399,-0.2722,0.6170,0.000,0.000,0.000,1,35
TRK,132863,0.35652,-0.72383,0.56301,-0.17885,0.3399,-0.2722,0.6170,0.000,0.000,0.000,1,35
TRK,132884,0.35648,-0.72384,0.56303,-0.17880,0.3399,-0.2722,0.6170,0.000,0.000,0.000,1,35
TRK,132903,0.35647,-0.72384,0.56307,-0.17872,0.3399,-0.2722,0.6170,0.000,0.000,0.000,1,35
TRK,132921,0.35645,-0.72384,0.56309,-0.17866,0.3399,-0.2722,0.6170,0.000,0.000,0.000,1,35
TRK,132943,0.35645,-0.72385,0.56308,-0.17870,0.3399,-0.2722,0.6170,0.000,0.000,0.000,1,35
TRK,132962,0.35643,-0.72387,0.56303,-0.17882,0.3399,-0.2722,0.6170,0.000,0.000,0.000,1,35
TRK,132982,0.35645,-0.72387,0.56299,-0.17891,0.3399,-0.2722,0.6170,0.000,0.000,0.000,1,35
TRK,133002,0.35646,-0.72386,0.56298,-0.17893,0.3399,-0.2722,0.6170,0.000,0.000,0.000,1,35
TRK,133024,0.35643,-0.72387,0.56299,-0.17890,0.3399,-0.2722,0.6170,0.000,0.000,0.000,1,35
TRK,133044,0.35635,-0.72390,0.56303,-0.17882,0.3399,-0.2722,0.6170,0.000,0.000,0.000,1,35
TRK,133062,0.35631,-0.72391,0.56305,-0.17880,0.3399,-0.2722,0.6170,0.000,0.000,0.000,1,35
TRK,133084,0.35627,-0.72394,0.56301,-0.17889,0.3399,-0.2722,0.6170,0.000,0.000,0.000,1,35
TRK,133104,0.35628,-0.72394,0.56296,-0.17902,0.3399,-0.2722,0.6170,0.000,0.000,0.000,1,35
TRK,133124,0.35635,-0.72393,0.56289,-0.17915,0.3399,-0.2722,0.6170,0.000,0.000,0.000,1,35
TRK,133144,0.35641,-0.72391,0.56286,-0.17922,0.3399,-0.2722,0.6170,0.000,0.000,0.000,1,35
TRK,133163,0.35647,-0.72388,0.56285,-0.17922,0.3399,-0.2722,0.6170,0.000,0.000,0.000,1,35
TRK,133182,0.35648,-0.72387,0.56288,-0.17915,0.3399,-0.2722,0.6170,0.000,0.000,0.000,1,35
TRK,133202,0.35647,-0.72387,0.56293,-0.17904,0.3399,-0.2722,0.6170,0.000,0.000,0.000,1,35
TRK,133222,0.35650,-0.72384,0.56298,-0.17893,0.3399,-0.2722,0.6170,0.000,0.000,0.000,1,35
TRK,133244,0.35652,-0.72383,0.56301,-0.17884,0.3399,-0.2722,0.6170,0.000,0.000,0.000,1,35
TRK,133264,0.35653,-0.72382,0.56303,-0.17879,0.3399,-0.2722,0.6170,0.000,0.000,0.000,1,35
TRK,133284,0.35657,-0.72380,0.56303,-0.17879,0.3399,-0.2722,0.6170,0.000,0.000,0.000,1,35
TRK,133301,0.35660,-0.72380,0.56301,-0.17884,0.3399,-0.2722,0.6170,0.000,0.000,0.000,1,35
TRK,133321,0.35657,-0.72381,0.56301,-0.17884,0.3399,-0.2722,0.6170,0.000,0.000,0.000,1,35
TRK,133342,0.35649,-0.72384,0.56304,-0.17879,0.3399,-0.2722,0.6170,0.000,0.000,0.000,1,35
TRK,133364,0.35635,-0.72389,0.56308,-0.17871,0.3399,-0.2722,0.6170,0.000,0.000,0.000,1,35
TRK,133383,0.35625,-0.72393,0.56312,-0.17863,0.3399,-0.2722,0.6170,0.000,0.000,0.000,1,35
TRK,133401,0.35613,-0.72397,0.56315,-0.17858,0.3399,-0.2722,0.6170,0.000,0.000,0.000,1,35
TRK,133423,0.35608,-0.72399,0.56316,-0.17859,0.3399,-0.2722,0.6170,0.000,0.000,0.000,1,35
TRK,133441,0.35609,-0.72399,0.56313,-0.17864,0.3399,-0.2722,0.6170,0.000,0.000,0.000,1,35
TRK,133463,0.35614,-0.72398,0.56309,-0.17873,0.3399,-0.2722,0.6170,0.000,0.000,0.000,1,35
TRK,133483,0.35616,-0.72397,0.56307,-0.17878,0.3399,-0.2722,0.6170,0.000,0.000,0.000,1,35
TRK,133502,0.35622,-0.72395,0.56306,-0.17878,0.3399,-0.2722,0.6170,0.000,0.000,0.000,1,35
TRK,133521,0.35625,-0.72394,0.56307,-0.17877,0.3399,-0.2722,0.6170,0.000,0.000,0.000,1,35
TRK,133541,0.35627,-0.72393,0.56307,-0.17876,0.3399,-0.2722,0.6170,0.000,0.000,0.000,1,35
TRK,133564,0.35625,-0.72394,0.56304,-0.17882,0.3399,-0.2722,0.6170,0.000,0.000,0.000,1,35
TRK,133583,0.35629,-0.72393,0.56299,-0.17893,0.3399,-0.2722,0.6170,0.000,0.000,0.000,1,35
TRK,133603,0.35637,-0.72391,0.56295,-0.17902,0.3399,-0.2722,0.6170,0.000,0.000,0.000,1,35
TRK,133623,0.35640,-0.72390,0.56291,-0.17911,0.3399,-0.2722,0.6170,0.000,0.000,0.000,1,35
STAT,404.0,401.0,0,0,0,0.0342,0.182,0.1054,0.1433,-0.0326,9.6747,0.48,0.003
TRK,133641,0.35641,-0.72390,0.56291,-0.17910,0.3399,-0.2722,0.6170,0.000,0.000,0.000,1,35
TRK,133661,0.35641,-0.72389,0.56295,-0.17901,0.3399,-0.2722,0.6170,0.000,0.000,0.000,1,35
TRK,133683,0.35643,-0.72387,0.56303,-0.17882,0.3399,-0.2722,0.6170,0.000,0.000,0.000,1,35
TRK,133702,0.35642,-0.72386,0.56306,-0.17875,0.3399,-0.2722,0.6170,0.000,0.000,0.000,1,35
TRK,133722,0.35643,-0.72386,0.56305,-0.17877,0.3399,-0.2722,0.6170,0.000,0.000,0.000,1,35
TRK,133742,0.35649,-0.72385,0.56300,-0.17888,0.3399,-0.2722,0.6170,0.000,0.000,0.000,1,35
TRK,133764,0.35652,-0.72385,0.56292,-0.17906,0.3399,-0.2722,0.6170,0.000,0.000,0.000,1,35
TRK,133784,0.35651,-0.72386,0.56287,-0.17918,0.3399,-0.2722,0.6170,0.000,0.000,0.000,1,35
TRK,133804,0.35643,-0.72390,0.56286,-0.17920,0.3399,-0.2722,0.6170,0.000,0.000,0.000,1,35
TRK,133822,0.35633,-0.72393,0.56291,-0.17912,0.3399,-0.2722,0.6170,0.000,0.000,0.000,1,35
TRK,133844,0.35622,-0.72396,0.56299,-0.17895,0.3399,-0.2722,0.6170,0.000,0.000,0.000,1,35
TRK,133864,0.35619,-0.72397,0.56303,-0.17886,0.3399,-0.2722,0.6170,0.000,0.000,0.000,1,35
TRK,133883,0.35622,-0.72396,0.56302,-0.17888,0.3399,-0.2722,0.6170,0.000,0.000,0.000,1,35
TRK,133902,0.35625,-0.72395,0.56298,-0.17896,0.3399,-0.2722,0.6170,0.000,0.000,0.000,1,35
TRK,133924,0.35631,-0.72394,0.56292,-0.17911,0.3399,-0.2722,0.6170,0.000,0.000,0.000,1,35
TRK,133942,0.35634,-0.72394,0.56287,-0.17920,0.3399,-0.2722,0.6170,0.000,0.000,0.000,1,35
TRK,133962,0.35633,-0.72394,0.56288,-0.17920,0.3399,-0.2722,0.6170,0.000,0.000,0.000,1,35
TRK,133984,0.35625,-0.72396,0.56292,-0.17910,0.3399,-0.2722,0.6170,0.000,0.000,0.000,1,35
TRK,134002,0.35623,-0.72397,0.56297,-0.17899,0.3399,-0.2722,0.6170,0.000,0.000,0.000,1,35
TRK,134024,0.35621,-0.72397,0.56302,-0.17888,0.3399,-0.2722,0.6170,0.000,0.000,0.000,1,35
TRK,134042,0.35629,-0.72392,0.56304,-0.17882,0.3399,-0.2722,0.6170,0.000,0.000,0.000,1,35
TRK,134064,0.35635,-0.72390,0.56302,-0.17886,0.3399,-0.2722,0.6170,0.000,0.000,0.000,1,35
TRK,134083,0.35633,-0.72392,0.56300,-0.17890,0.3399,-0.2722,0.6170,0.000,0.000,0.000,1,35
TRK,134103,0.35634,-0.72391,0.56301,-0.17889,0.3399,-0.2722,0.6170,0.000,0.000,0.000,1,35
TRK,134124,0.35631,-0.72392,0.56304,-0.17882,0.3399,-0.2722,0.6170,0.000,0.000,0.000,1,35
TRK,134143,0.35626,-0.72393,0.56308,-0.17874,0.3399,-0.2722,0.6170,0.000,0.000,0.000,1,35
TRK,134162,0.35623,-0.72394,0.56312,-0.17864,0.3399,-0.2722,0.6170,0.000,0.000,0.000,1,35
TRK,134182,0.35623,-0.72393,0.56316,-0.17854,0.3399,-0.2722,0.6170,0.000,0.000,0.000,1,35
TRK,134202,0.35632,-0.72389,0.56316,-0.17853,0.3399,-0.2722,0.6170,0.000,0.000,0.000,1,35
TRK,134222,0.35639,-0.72386,0.56316,-0.17851,0.3399,-0.2722,0.6170,0.000,0.000,0.000,1,35
TRK,134244,0.35646,-0.72383,0.56315,-0.17854,0.3399,-0.2722,0.6170,0.000,0.000,0.000,1,35
TRK,134262,0.35649,-0.72381,0.56315,-0.17851,0.3399,-0.2722,0.6170,0.000,0.000,0.000,1,35
TRK,134284,0.35649,-0.72381,0.56316,-0.17850,0.3399,-0.2722,0.6170,0.000,0.000,0.000,1,35
TRK,134302,0.35645,-0.72383,0.56314,-0.17854,0.3399,-0.2722,0.6170,0.000,0.000,0.000,1,35
TRK,134324,0.35643,-0.72385,0.56312,-0.17861,0.3399,-0.2722,0.6170,0.000,0.000,0.000,1,35
TRK,134343,0.35642,-0.72386,0.56310,-0.17866,0.3399,-0.2722,0.6170,0.000,0.000,0.000,1,35
TRK,134363,0.35644,-0.72385,0.56308,-0.17869,0.3399,-0.2722,0.6170,0.000,0.000,0.000,1,35
TRK,134383,0.35646,-0.72384,0.56308,-0.17870,0.3399,-0.2722,0.6170,0.000,0.000,0.000,1,35
TRK,134403,0.35647,-0.72383,0.56310,-0.17865,0.3399,-0.2722,0.6170,0.000,0.000,0.000,1,35
TRK,134421,0.35646,-0.72384,0.56313,-0.17858,0.3399,-0.2722,0.6170,0.000,0.000,0.000,1,35
TRK,134443,0.35645,-0.72383,0.56316,-0.17852,0.3399,-0.2722,0.6170,0.000,0.000,0.000,1,35
TRK,134462,0.35641,-0.72385,0.56318,-0.17847,0.3399,-0.2722,0.6170,0.000,0.000,0.000,1,35
TRK,134482,0.35639,-0.72385,0.56318,-0.17847,0.3399,-0.2722,0.6170,0.000,0.000,0.000,1,35
TRK,134504,0.35638,-0.72386,0.56317,-0.17848,0.3399,-0.2722,0.6170,0.000,0.000,0.000,1,35
TRK,134524,0.35638,-0.72386,0.56317,-0.17850,0.3399,-0.2722,0.6170,0.000,0.000,0.000,1,35
TRK,134543,0.35633,-0.72388,0.56318,-0.17848,0.3399,-0.2722,0.6170,0.000,0.000,0.000,1,35
TRK,134562,0.35629,-0.72390,0.56318,-0.17850,0.3399,-0.2722,0.6170,0.000,0.000,0.000,1,35
TRK,134583,0.35627,-0.72391,0.56317,-0.17852,0.3399,-0.2722,0.6170,0.000,0.000,0.000,1,35
TRK,134604,0.35626,-0.72391,0.56319,-0.17847,0.3399,-0.2722,0.6170,0.000,0.000,0.000,1,35
TRK,134623,0.35627,-0.72391,0.56318,-0.17850,0.3399,-0.2722,0.6170,0.000,0.000,0.000,1,35
STAT,403.8,400.3,0,0,0,0.0191,0.209,0.1035,0.1306,-0.0334,9.6793,0.48,0.003
TRK,134641,0.35635,-0.72387,0.56315,-0.17854,0.3399,-0.2722,0.6170,0.000,0.000,0.000,1,35
TRK,134663,0.35640,-0.72386,0.56313,-0.17858,0.3399,-0.2722,0.6170,0.000,0.000,0.000,1,35
TRK,134682,0.35644,-0.72384,0.56312,-0.17861,0.3399,-0.2722,0.6170,0.000,0.000,0.000,1,35
TRK,134702,0.35647,-0.72383,0.56311,-0.17863,0.3399,-0.2722,0.6170,0.000,0.000,0.000,1,35
TRK,134724,0.35646,-0.72384,0.56309,-0.17867,0.3399,-0.2722,0.6170,0.000,0.000,0.000,1,35
TRK,134744,0.35642,-0.72386,0.56309,-0.17868,0.3399,-0.2722,0.6170,0.000,0.000,0.000,1,35
TRK,134764,0.35642,-0.72386,0.56309,-0.17867,0.3399,-0.2722,0.6170,0.000,0.000,0.000,1,35
TRK,134782,0.35643,-0.72385,0.56308,-0.17871,0.3399,-0.2722,0.6170,0.000,0.000,0.000,1,35
TRK,134801,0.35642,-0.72386,0.56306,-0.17874,0.3399,-0.2722,0.6170,0.000,0.000,0.000,1,35
TRK,134823,0.35642,-0.72387,0.56306,-0.17875,0.3399,-0.2722,0.6170,0.000,0.000,0.000,1,35
TRK,134841,0.35640,-0.72388,0.56304,-0.17879,0.3399,-0.2722,0.6170,0.000,0.000,0.000,1,35
TRK,134863,0.35633,-0.72390,0.56305,-0.17879,0.3399,-0.2722,0.6170,0.000,0.000,0.000,1,35
TRK,134881,0.35622,-0.72395,0.56306,-0.17879,0.3399,-0.2722,0.6170,0.000,0.000,0.000,1,35
TRK,134903,0.35616,-0.72398,0.56308,-0.17875,0.3399,-0.2722,0.6170,0.000,0.000,0.000,1,35
TRK,134922,0.35613,-0.72398,0.56310,-0.17871,0.3399,-0.2722,0.6170,0.000,0.000,0.000,1,35
TRK,134942,0.35609,-0.72400,0.56312,-0.17868,0.3399,-0.2722,0.6170,0.000,0.000,0.000,1,35
TRK,134962,0.35608,-0.72400,0.56312,-0.17866,0.3399,-0.2722,0.6170,0.000,0.000,0.000,1,35
TRK,134982,0.35607,-0.72400,0.56314,-0.17863,0.3399,-0.2722,0.6170,0.000,0.000,0.000,1,35
TRK,135002,0.35609,-0.72400,0.56312,-0.17866,0.3399,-0.2722,0.6170,0.000,0.000,0.000,1,35
TRK,135020,0.35611,-0.72399,0.56312,-0.17868,0.3399,-0.2722,0.6170,0.000,0.000,0.000,1,35
TRK,135044,0.35613,-0.72398,0.56311,-0.17869,0.3399,-0.2722,0.6170,0.000,0.000,0.000,1,35
TRK,135064,0.35616,-0.72397,0.56312,-0.17866,0.3399,-0.2722,0.6170,0.000,0.000,0.000,1,35
TRK,135083,0.35619,-0.72395,0.56312,-0.17866,0.3399,-0.2722,0.6170,0.000,0.000,0.000,1,35
TRK,135103,0.35622,-0.72394,0.56311,-0.17866,0.3399,-0.2722,0.6170,0.000,0.000,0.000,1,35
TRK,135121,0.35626,-0.72393,0.56309,-0.17871,0.3399,-0.2722,0.6170,0.000,0.000,0.000,1,35
TRK,135143,0.35636,-0.72389,0.56306,-0.17876,0.3399,-0.2722,0.6170,0.000,0.000,0.000,1,35
TRK,135161,0.35639,-0.72388,0.56303,-0.17882,0.3399,-0.2722,0.6170,0.000,0.000,0.000,1,35
TRK,135182,0.35640,-0.72388,0.56302,-0.17884,0.3399,-0.2722,0.6170,0.000,0.000,0.000,1,35
TRK,135202,0.35641,-0.72387,0.56304,-0.17879,0.3399,-0.2722,0.6170,0.000,0.000,0.000,1,35
TRK,135224,0.35639,-0.72388,0.56307,-0.17872,0.3399,-0.2722,0.6170,0.000,0.000,0.000,1,35
TRK,135244,0.35636,-0.72388,0.56310,-0.17866,0.3399,-0.2722,0.6170,0.000,0.000,0.000,1,35
TRK,135261,0.35640,-0.72386,0.56311,-0.17863,0.3399,-0.2722,0.6170,0.000,0.000,0.000,1,35
TRK,135282,0.35644,-0.72384,0.56313,-0.17858,0.3399,-0.2722,0.6170,0.000,0.000,0.000,1,35
TRK,135304,0.35647,-0.72383,0.56313,-0.17857,0.3399,-0.2722,0.6170,0.000,0.000,0.000,1,35
TRK,135323,0.35641,-0.72385,0.56313,-0.17859,0.3399,-0.2722,0.6170,0.000,0.000,0.000,1,35
TRK,135344,0.35635,-0.72388,0.56313,-0.17859,0.3399,-0.2722,0.6170,0.000,0.000,0.000,1,35
TRK,135361,0.35629,-0.72391,0.56315,-0.17855,0.3399,-0.2722,0.6170,0.000,0.000,0.000,1,35
TRK,135383,0.35626,-0.72392,0.56315,-0.17856,0.3399,-0.2722,0.6170,0.000,0.000,0.000,1,35
TRK,135403,0.35628,-0.72391,0.56316,-0.17854,0.3399,-0.2722,0.6170,0.000,0.000,0.000,1,35
TRK,135422,0.35627,-0.72391,0.56314,-0.17860,0.3399,-0.2722,0.6170,0.000,0.000,0.000,1,35
TRK,135441,0.35630,-0.72391,0.56311,-0.17865,0.3399,-0.2722,0.6170,0.000,0.000,0.000,1,35
TRK,135461,0.35631,-0.72390,0.56311,-0.17865,0.3399,-0.2722,0.6170,0.000,0.000,0.000,1,35
TRK,135481,0.35630,-0.72391,0.56312,-0.17862,0.3399,-0.2722,0.6170,0.000,0.000,0.000,1,35
TRK,135504,0.35629,-0.72391,0.56313,-0.17860,0.3399,-0.2722,0.6170,0.000,0.000,0.000,1,35
TRK,135523,0.35631,-0.72390,0.56315,-0.17856,0.3399,-0.2722,0.6170,0.000,0.000,0.000,1,35
TRK,135541,0.35630,-0.72389,0.56317,-0.17852,0.3399,-0.2722,0.6170,0.000,0.000,0.000,1,35
TRK,135563,0.35631,-0.72389,0.56316,-0.17854,0.3399,-0.2722,0.6170,0.000,0.000,0.000,1,35
TRK,135584,0.35634,-0.72389,0.56313,-0.17861,0.3399,-0.2722,0.6170,0.000,0.000,0.000,1,35
TRK,135603,0.35636,-0.72389,0.56310,-0.17867,0.3399,-0.2722,0.6170,0.000,0.000,0.000,1,35
TRK,135621,0.35633,-0.72390,0.56307,-0.17873,0.3399,-0.2722,0.6170,0.000,0.000,0.000,1,35
STAT,403.8,400.3,0,0,0,0.0295,0.195,0.1091,0.1222,-0.0310,9.6761,0.48,0.003
TRK,135642,0.35633,-0.72390,0.56306,-0.17875,0.3399,-0.2722,0.6170,0.000,0.000,0.000,1,35
TRK,135663,0.35632,-0.72391,0.56307,-0.17873,0.3399,-0.2722,0.6170,0.000,0.000,0.000,1,35
TRK,135682,0.35630,-0.72391,0.56310,-0.17868,0.3399,-0.2722,0.6170,0.000,0.000,0.000,1,35
TRK,135702,0.35631,-0.72390,0.56311,-0.17864,0.3399,-0.2722,0.6170,0.000,0.000,0.000,1,35
TRK,135724,0.35631,-0.72390,0.56312,-0.17862,0.3399,-0.2722,0.6170,0.000,0.000,0.000,1,35
TRK,135742,0.35631,-0.72390,0.56313,-0.17860,0.3399,-0.2722,0.6170,0.000,0.000,0.000,1,35
TRK,135764,0.35628,-0.72391,0.56313,-0.17861,0.3399,-0.2722,0.6170,0.000,0.000,0.000,1,35
TRK,135783,0.35626,-0.72392,0.56311,-0.17865,0.3399,-0.2722,0.6170,0.000,0.000,0.000,1,35
TRK,135801,0.35622,-0.72394,0.56310,-0.17869,0.3399,-0.2722,0.6170,0.000,0.000,0.000,1,35
TRK,135823,0.35621,-0.72395,0.56311,-0.17866,0.3399,-0.2722,0.6170,0.000,0.000,0.000,1,35
TRK,135841,0.35623,-0.72394,0.56311,-0.17867,0.3399,-0.2722,0.6170,0.000,0.000,0.000,1,35
TRK,135863,0.35627,-0.72392,0.56313,-0.17861,0.3399,-0.2722,0.6170,0.000,0.000,0.000,1,35
TRK,135882,0.35632,-0.72389,0.56313,-0.17860,0.3399,-0.2722,0.6170,0.000,0.000,0.000,1,35
TRK,135902,0.35636,-0.72388,0.56313,-0.17858,0.3399,-0.2722,0.6170,0.000,0.000,0.000,1,35
TRK,135922,0.35647,-0.72382,0.56315,-0.17853,0.3399,-0.2722,0.6170,0.000,0.000,0.000,1,35
TRK,135942,0.35654,-0.72379,0.56318,-0.17843,0.3399,-0.2722,0.6170,0.000,0.000,0.000,1,35
TRK,135962,0.35654,-0.72378,0.56319,-0.17841,0.3399,-0.2722,0.6170,0.000,0.000,0.000,1,35
TRK,135982,0.35659,-0.72376,0.56321,-0.17836,0.3399,-0.2722,0.6170,0.000,0.000,0.000,1,35
TRK,136004,0.35660,-0.72375,0.56321,-0.17835,0.3399,-0.2722,0.6170,0.000,0.000,0.000,1,35
TRK,136023,0.35658,-0.72377,0.56321,-0.17837,0.3399,-0.2722,0.6170,0.000,0.000,0.000,1,35
TRK,136044,0.35655,-0.72378,0.56318,-0.17844,0.3399,-0.2722,0.6170,0.000,0.000,0.000,1,35
TRK,136064,0.35649,-0.72381,0.56315,-0.17851,0.3399,-0.2722,0.6170,0.000,0.000,0.000,1,35
TRK,136084,0.35644,-0.72384,0.56313,-0.17857,0.3399,-0.2722,0.6170,0.000,0.000,0.000,1,35
TRK,136103,0.35639,-0.72387,0.56311,-0.17864,0.3399,-0.2722,0.6170,0.000,0.000,0.000,1,35
TRK,136122,0.35632,-0.72390,0.56313,-0.17860,0.3399,-0.2722,0.6170,0.000,0.000,0.000,1,35
TRK,136142,0.35631,-0.72389,0.56315,-0.17855,0.3399,-0.2722,0.6170,0.000,0.000,0.000,1,35
TRK,136162,0.35632,-0.72389,0.56316,-0.17853,0.3399,-0.2722,0.6170,0.000,0.000,0.000,1,35
TRK,136182,0.35632,-0.72389,0.56315,-0.17856,0.3399,-0.2722,0.6170,0.000,0.000,0.000,1,35
TRK,136204,0.35630,-0.72390,0.56313,-0.17861,0.3399,-0.2722,0.6170,0.000,0.000,0.000,1,35
TRK,136224,0.35631,-0.72391,0.56310,-0.17868,0.3399,-0.2722,0.6170,0.000,0.000,0.000,1,35
TRK,136242,0.35630,-0.72392,0.56307,-0.17876,0.3399,-0.2722,0.6170,0.000,0.000,0.000,1,35
TRK,136262,0.35631,-0.72391,0.56306,-0.17877,0.3399,-0.2722,0.6170,0.000,0.000,0.000,1,35
TRK,136284,0.35629,-0.72392,0.56308,-0.17873,0.3399,-0.2722,0.6170,0.000,0.000,0.000,1,35
TRK,136303,0.35632,-0.72391,0.56308,-0.17872,0.3399,-0.2722,0.6170,0.000,0.000,0.000,1,35
TRK,136321,0.35637,-0.72389,0.56306,-0.17875,0.3399,-0.2722,0.6170,0.000,0.000,0.000,1,35
TRK,136343,0.35638,-0.72389,0.56304,-0.17880,0.3399,-0.2722,0.6170,0.000,0.000,0.000,1,35
TRK,136361,0.35640,-0.72388,0.56303,-0.17881,0.3399,-0.2722,0.6170,0.000,0.000,0.000,1,35
TRK,136383,0.35641,-0.72387,0.56304,-0.17878,0.3399,-0.2722,0.6170,0.000,0.000,0.000,1,35
TRK,136403,0.35637,-0.72389,0.56304,-0.17879,0.3399,-0.2722,0.6170,0.000,0.000,0.000,1,35
TRK,136423,0.35634,-0.72390,0.56305,-0.17878,0.3399,-0.2722,0.6170,0.000,0.000,0.000,1,35
TRK,136442,0.35631,-0.72391,0.56307,-0.17873,0.3399,-0.2722,0.6170,0.000,0.000,0.000,1,35
TRK,136464,0.35631,-0.72390,0.56309,-0.17869,0.3399,-0.2722,0.6170,0.000,0.000,0.000,1,35
TRK,136484,0.35626,-0.72392,0.56311,-0.17866,0.3399,-0.2722,0.6170,0.000,0.000,0.000,1,35
TRK,136503,0.35630,-0.72391,0.56312,-0.17862,0.3399,-0.2722,0.6170,0.000,0.000,0.000,1,35
TRK,136521,0.35635,-0.72388,0.56313,-0.17859,0.3399,-0.2722,0.6170,0.000,0.000,0.000,1,35
TRK,136543,0.35640,-0.72386,0.56313,-0.17858,0.3399,-0.2722,0.6170,0.000,0.000,0.000,1,35
TRK,136564,0.35646,-0.72383,0.56314,-0.17855,0.3399,-0.2722,0.6170,0.000,0.000,0.000,1,35
TRK,136583,0.35651,-0.72381,0.56314,-0.17853,0.3399,-0.2722,0.6170,0.000,0.000,0.000,1,35
TRK,136601,0.35651,-0.72381,0.56315,-0.17851,0.3399,-0.2722,0.6170,0.000,0.000,0.000,1,35
TRK,136622,0.35653,-0.72379,0.56315,-0.17850,0.3399,-0.2722,0.6170,0.000,0.000,0.000,1,35
STAT,404.0,401.0,0,0,0,0.0222,0.177,0.1016,0.1312,-0.0220,9.6762,0.48,0.003
TRK,136642,0.35655,-0.72379,0.56314,-0.17853,0.3399,-0.2722,0.6170,0.000,0.000,0.000,1,35
TRK,136663,0.35655,-0.72379,0.56312,-0.17857,0.3399,-0.2722,0.6170,0.000,0.000,0.000,1,35
TRK,136684,0.35655,-0.72380,0.56310,-0.17863,0.3399,-0.2722,0.6170,0.000,0.000,0.000,1,35
TRK,136702,0.35651,-0.72382,0.56307,-0.17869,0.3399,-0.2722,0.6170,0.000,0.000,0.000,1,35
TRK,136724,0.35648,-0.72383,0.56308,-0.17869,0.3399,-0.2722,0.6170,0.000,0.000,0.000,1,35
TRK,136743,0.35645,-0.72384,0.56310,-0.17865,0.3399,-0.2722,0.6170,0.000,0.000,0.000,1,35
TRK,136761,0.35641,-0.72386,0.56311,-0.17863,0.3399,-0.2722,0.6170,0.000,0.000,0.000,1,35
TRK,136783,0.35637,-0.72387,0.56312,-0.17862,0.3399,-0.2722,0.6170,0.000,0.000,0.000,1,35
TRK,136804,0.35635,-0.72388,0.56313,-0.17858,0.3399,-0.2722,0.6170,0.000,0.000,0.000,1,35
TRK,136823,0.35639,-0.72386,0.56312,-0.17860,0.3399,-0.2722,0.6170,0.000,0.000,0.000,1,35
TRK,136841,0.35638,-0.72387,0.56310,-0.17865,0.3399,-0.2722,0.6170,0.000,0.000,0.000,1,35
TRK,136861,0.35636,-0.72389,0.56307,-0.17873,0.3399,-0.2722,0.6170,0.000,0.000,0.000,1,35
TRK,136883,0.35633,-0.72391,0.56306,-0.17876,0.3399,-0.2722,0.6170,0.000,0.000,0.000,1,35
TRK,136902,0.35629,-0.72392,0.56305,-0.17879,0.3399,-0.2722,0.6170,0.000,0.000,0.000,1,35
TRK,136924,0.35625,-0.72394,0.56307,-0.17876,0.3399,-0.2722,0.6170,0.000,0.000,0.000,1,35
TRK,136942,0.35624,-0.72394,0.56309,-0.17870,0.3399,-0.2722,0.6170,0.000,0.000,0.000,1,35
TRK,136961,0.35624,-0.72393,0.56312,-0.17863,0.3399,-0.2722,0.6170,0.000,0.000,0.000,1,35
TRK,136984,0.35629,-0.72390,0.56315,-0.17856,0.3399,-0.2722,0.6170,0.000,0.000,0.000,1,35
TRK,137003,0.35631,-0.72389,0.56315,-0.17856,0.3399,-0.2722,0.6170,0.000,0.000,0.000,1,35
TRK,137021,0.35635,-0.72388,0.56313,-0.17859,0.3399,-0.2722,0.6170,0.000,0.000,0.000,1,35
TRK,137043,0.35642,-0.72385,0.56312,-0.17859,0.3399,-0.2722,0.6170,0.000,0.000,0.000,1,35
TRK,137061,0.35648,-0.72382,0.56314,-0.17855,0.3399,-0.2722,0.6170,0.000,0.000,0.000,1,35
TRK,137083,0.35652,-0.72380,0.56313,-0.17855,0.3399,-0.2722,0.6170,0.000,0.000,0.000,1,35
TRK,137102,0.35651,-0.72380,0.56315,-0.17851,0.3399,-0.2722,0.6170,0.000,0.000,0.000,1,35
TRK,137123,0.35647,-0.72382,0.56318,-0.17844,0.3399,-0.2722,0.6170,0.000,0.000,0.000,1,35
TRK,137142,0.35641,-0.72384,0.56318,-0.17847,0.3399,-0.2722,0.6170,0.000,0.000,0.000,1,35
TRK,137164,0.35632,-0.72388,0.56317,-0.17851,0.3399,-0.2722,0.6170,0.000,0.000,0.000,1,35
TRK,137182,0.35627,-0.72391,0.56314,-0.17859,0.3399,-0.2722,0.6170,0.000,0.000,0.000,1,35
TRK,137204,0.35619,-0.72396,0.56309,-0.17872,0.3399,-0.2722,0.6170,0.000,0.000,0.000,1,35
TRK,137223,0.35615,-0.72398,0.56308,-0.17876,0.3399,-0.2722,0.6170,0.000,0.000,0.000,1,35
TRK,137241,0.35612,-0.72400,0.56306,-0.17880,0.3399,-0.2722,0.6170,0.000,0.000,0.000,1,35
TRK,137263,0.35613,-0.72399,0.56305,-0.17883,0.3399,-0.2722,0.6170,0.000,0.000,0.000,1,35
TRK,137284,0.35617,-0.72398,0.56305,-0.17881,0.3399,-0.2722,0.6170,0.000,0.000,0.000,1,35
TRK,137303,0.35624,-0.72395,0.56304,-0.17882,0.3399,-0.2722,0.6170,0.000,0.000,0.000,1,35
TRK,137321,0.35627,-0.72393,0.56305,-0.17879,0.3399,-0.2722,0.6170,0.000,0.000,0.000,1,35
TRK,137343,0.35626,-0.72393,0.56307,-0.17876,0.3399,-0.2722,0.6170,0.000,0.000,0.000,1,35
TRK,137363,0.35622,-0.72395,0.56308,-0.17874,0.3399,-0.2722,0.6170,0.000,0.000,0.000,1,35
TRK,137382,0.35622,-0.72395,0.56309,-0.17872,0.3399,-0.2722,0.6170,0.000,0.000,0.000,1,35
TRK,137402,0.35622,-0.72395,0.56310,-0.17870,0.3399,-0.2722,0.6170,0.000,0.000,0.000,1,35
TRK,137424,0.35624,-0.72394,0.56311,-0.17867,0.3399,-0.2722,0.6170,0.000,0.000,0.000,1,35
TRK,137442,0.35630,-0.72391,0.56311,-0.17866,0.3399,-0.2722,0.6170,0.000,0.000,0.000,1,35
TRK,137464,0.35639,-0.72387,0.56309,-0.17868,0.3399,-0.2722,0.6170,0.000,0.000,0.000,1,35
TRK,137483,0.35640,-0.72387,0.56308,-0.17870,0.3399,-0.2722,0.6170,0.000,0.000,0.000,1,35
TRK,137501,0.35640,-0.72387,0.56309,-0.17867,0.3399,-0.2722,0.6170,0.000,0.000,0.000,1,35
TRK,137523,0.35641,-0.72386,0.56311,-0.17863,0.3399,-0.2722,0.6170,0.000,0.000,0.000,1,35
TRK,137544,0.35641,-0.72386,0.56311,-0.17862,0.3399,-0.2722,0.6170,0.000,0.000,0.000,1,35
TRK,137563,0.35636,-0.72388,0.56312,-0.17861,0.3399,-0.2722,0.6170,0.000,0.000,0.000,1,35
TRK,137581,0.35634,-0.72389,0.56312,-0.17861,0.3399,-0.2722,0.6170,0.000,0.000,0.000,1,35
TRK,137603,0.35631,-0.72390,0.56312,-0.17862,0.3399,-0.2722,0.6170,0.000,0.000,0.000,1,35
TRK,137622,0.35627,-0.72392,0.56311,-0.17866,0.3399,-0.2722,0.6170,0.000,0.000,0.000,1,35
STAT,404.0,401.0,0,0,0,0.0212,0.203,0.1062,0.1360,-0.0253,9.6770,0.48,0.003
TRK,137642,0.35628,-0.72392,0.56309,-0.17871,0.3399,-0.2722,0.6170,0.000,0.000,0.000,1,35
TRK,137664,0.35629,-0.72392,0.56306,-0.17876,0.3399,-0.2722,0.6170,0.000,0.000,0.000,1,35
TRK,137684,0.35633,-0.72391,0.56304,-0.17880,0.3399,-0.2722,0.6170,0.000,0.000,0.000,1,35
TRK,137704,0.35637,-0.72389,0.56303,-0.17883,0.3399,-0.2722,0.6170,0.000,0.000,0.000,1,35
TRK,137722,0.35642,-0.72387,0.56303,-0.17881,0.3399,-0.2722,0.6170,0.000,0.000,0.000,1,35
TRK,137742,0.35642,-0.72387,0.56303,-0.17882,0.3399,-0.2722,0.6170,0.000,0.000,0.000,1,35
TRK,137763,0.35638,-0.72389,0.56304,-0.17880,0.3399,-0.2722,0.6170,0.000,0.000,0.000,1,35
TRK,137781,0.35637,-0.72389,0.56305,-0.17879,0.3399,-0.2722,0.6170,0.000,0.000,0.000,1,35
TRK,137803,0.35634,-0.72390,0.56304,-0.17881,0.3399,-0.2722,0.6170,0.000,0.000,0.000,1,35
TRK,137821,0.35629,-0.72393,0.56304,-0.17882,0.3399,-0.2722,0.6170,0.000,0.000,0.000,1,35
TRK,137843,0.35629,-0.72392,0.56305,-0.17879,0.3399,-0.2722,0.6170,0.000,0.000,0.000,1,35
TRK,137862,0.35630,-0.72391,0.56308,-0.17873,0.3399,-0.2722,0.6170,0.000,0.000,0.000,1,35
TRK,137882,0.35627,-0.72392,0.56311,-0.17866,0.3399,-0.2722,0.6170,0.000,0.000,0.000,1,35
TRK,137902,0.35629,-0.72391,0.56313,-0.17860,0.3399,-0.2722,0.6170,0.000,0.000,0.000,1,35
TRK,137922,0.35632,-0.72389,0.56315,-0.17855,0.3399,-0.2722,0.6170,0.000,0.000,0.000,1,35
TRK,137942,0.35634,-0.72388,0.56314,-0.17857,0.3399,-0.2722,0.6170,0.000,0.000,0.000,1,35
TRK,137964,0.35638,-0.72386,0.56316,-0.17852,0.3399,-0.2722,0.6170,0.000,0.000,0.000,1,35
TRK,137984,0.35640,-0.72385,0.56316,-0.17852,0.3399,-0.2722,0.6170,0.000,0.000,0.000,1,35
TRK,138004,0.35639,-0.72386,0.56317,-0.17849,0.3399,-0.2722,0.6170,0.000,0.000,0.000,1,35
TRK,138023,0.35634,-0.72388,0.56317,-0.17850,0.3399,-0.2722,0.6170,0.000,0.000,0.000,1,35
TRK,138041,0.35626,-0.72391,0.56317,-0.17851,0.3399,-0.2722,0.6170,0.000,0.000,0.000,1,35
TRK,138063,0.35621,-0.72394,0.56316,-0.17854,0.3399,-0.2722,0.6170,0.000,0.000,0.000,1,35
TRK,138082,0.35615,-0.72397,0.56313,-0.17863,0.3399,-0.2722,0.6170,0.000,0.000,0.000,1,35
TRK,138102,0.35614,-0.72398,0.56311,-0.17869,0.3399,-0.2722,0.6170,0.000,0.000,0.000,1,35
TRK,138122,0.35612,-0.72399,0.56309,-0.17874,0.3399,-0.2722,0.6170,0.000,0.000,0.000,1,35
TRK,138142,0.35614,-0.72399,0.56307,-0.17877,0.3399,-0.2722,0.6170,0.000,0.000,0.000,1,35
TRK,138164,0.35617,-0.72397,0.56307,-0.17877,0.3399,-0.2722,0.6170,0.000,0.000,0.000,1,35
TRK,138182,0.35621,-0.72396,0.56307,-0.17877,0.3399,-0.2722,0.6170,0.000,0.000,0.000,1,35
TRK,138204,0.35626,-0.72393,0.56308,-0.17874,0.3399,-0.2722,0.6170,0.000,0.000,0.000,1,35
TRK,138222,0.35628,-0.72392,0.56308,-0.17872,0.3399,-0.2722,0.6170,0.000,0.000,0.000,1,35
TRK,138244,0.35631,-0.72390,0.56311,-0.17864,0.3399,-0.2722,0.6170,0.000,0.000,0.000,1,35
TRK,138264,0.35636,-0.72388,0.56311,-0.17864,0.3399,-0.2722,0.6170,0.000,0.000,0.000,1,35
TRK,138284,0.35641,-0.72385,0.56312,-0.17861,0.3399,-0.2722,0.6170,0.000,0.000,0.000,1,35
TRK,138301,0.35643,-0.72385,0.56312,-0.17861,0.3399,-0.2722,0.6170,0.000,0.000,0.000,1,35
TRK,138322,0.35645,-0.72384,0.56311,-0.17861,0.3399,-0.2722,0.6170,0.000,0.000,0.000,1,35
TRK,138343,0.35651,-0.72381,0.56314,-0.17855,0.3399,-0.2722,0.6170,0.000,0.000,0.000,1,35
TRK,138362,0.35654,-0.72379,0.56314,-0.17854,0.3399,-0.2722,0.6170,0.000,0.000,0.000,1,35
TRK,138384,0.35655,-0.72379,0.56314,-0.17854,0.3399,-0.2722,0.6170,0.000,0.000,0.000,1,35
TRK,138402,0.35654,-0.72380,0.56312,-0.17859,0.3399,-0.2722,0.6170,0.000,0.000,0.000,1,35
TRK,138421,0.35649,-0.72382,0.56312,-0.17860,0.3399,-0.2722,0.6170,0.000,0.000,0.000,1,35
TRK,138441,0.35639,-0.72387,0.56311,-0.17863,0.3399,-0.2722,0.6170,0.000,0.000,0.000,1,35
TRK,138461,0.35626,-0.72393,0.56310,-0.17869,0.3399,-0.2722,0.6170,0.000,0.000,0.000,1,35
TRK,138482,0.35622,-0.72394,0.56310,-0.17870,0.3399,-0.2722,0.6170,0.000,0.000,0.000,1,35
TRK,138504,0.35616,-0.72398,0.56308,-0.17875,0.3399,-0.2722,0.6170,0.000,0.000,0.000,1,35
TRK,138523,0.35614,-0.72399,0.56306,-0.17880,0.3399,-0.2722,0.6170,0.000,0.000,0.000,1,35
TRK,138542,0.35615,-0.72399,0.56304,-0.17884,0.3399,-0.2722,0.6170,0.000,0.000,0.000,1,35
TRK,138561,0.35617,-0.72398,0.56301,-0.17891,0.3399,-0.2722,0.6170,0.000,0.000,0.000,1,35
TRK,138583,0.35622,-0.72397,0.56300,-0.17893,0.3399,-0.2722,0.6170,0.000,0.000,0.000,1,35
TRK,138602,0.35626,-0.72395,0.56299,-0.17894,0.3399,-0.2722,0.6170,0.000,0.000,0.000,1,35
TRK,138624,0.35631,-0.72392,0.56300,-0.17890,0.3399,-0.2722,0.6170,0.000,0.000,0.000,1,35
STAT,404.5,400.5,0,0,0,0.0236,0.205,0.0990,0.1332,-0.0392,9.6780,0.48,0.003
TRK,138642,0.35631,-0.72392,0.56302,-0.17885,0.3399,-0.2722,0.6170,0.000,0.000,0.000,1,35
TRK,138662,0.35633,-0.72391,0.56305,-0.17878,0.3399,-0.2722,0.6170,0.000,0.000,0.000,1,35
TRK,138684,0.35633,-0.72390,0.56310,-0.17868,0.3399,-0.2722,0.6170,0.000,0.000,0.000,1,35
TRK,138703,0.35632,-0.72390,0.56311,-0.17866,0.3399,-0.2722,0.6170,0.000,0.000,0.000,1,35
TRK,138721,0.35630,-0.72390,0.56312,-0.17863,0.3399,-0.2722,0.6170,0.000,0.000,0.000,1,35
TRK,138743,0.35631,-0.72390,0.56312,-0.17863,0.3399,-0.2722,0.6170,0.000,0.000,0.000,1,35
TRK,138764,0.35633,-0.72390,0.56310,-0.17866,0.3399,-0.2722,0.6170,0.000,0.000,0.000,1,35
TRK,138784,0.35634,-0.72389,0.56311,-0.17865,0.3399,-0.2722,0.6170,0.000,0.000,0.000,1,35
TRK,138803,0.35637,-0.72387,0.56312,-0.17862,0.3399,-0.2722,0.6170,0.000,0.000,0.000,1,35
TRK,138822,0.35639,-0.72386,0.56312,-0.17862,0.3399,-0.2722,0.6170,0.000,0.000,0.000,1,35
TRK,138842,0.35640,-0.72386,0.56313,-0.17859,0.3399,-0.2722,0.6170,0.000,0.000,0.000,1,35
TRK,138862,0.35640,-0.72386,0.56313,-0.17858,0.3399,-0.2722,0.6170,0.000,0.000,0.000,1,35
TRK,138882,0.35641,-0.72385,0.56313,-0.17858,0.3399,-0.2722,0.6170,0.000,0.000,0.000,1,35
TRK,138902,0.35643,-0.72384,0.56315,-0.17854,0.3399,-0.2722,0.6170,0.000,0.000,0.000,1,35
TRK,138922,0.35646,-0.72383,0.56316,-0.17850,0.3399,-0.2722,0.6170,0.000,0.000,0.000,1,35
TRK,138942,0.35647,-0.72382,0.56316,-0.17849,0.3399,-0.2722,0.6170,0.000,0.000,0.000,1,35
TRK,138962,0.35653,-0.72380,0.56315,-0.17852,0.3399,-0.2722,0.6170,0.000,0.000,0.000,1,35
TRK,138983,0.35649,-0.72382,0.56314,-0.17854,0.3399,-0.2722,0.6170,0.000,0.000,0.000,1,35
TRK,139003,0.35644,-0.72384,0.56315,-0.17853,0.3399,-0.2722,0.6170,0.000,0.000,0.000,1,35
TRK,139023,0.35636,-0.72387,0.56317,-0.17851,0.3399,-0.2722,0.6170,0.000,0.000,0.000,1,35
TRK,139041,0.35630,-0.72389,0.56320,-0.17845,0.3399,-0.2722,0.6170,0.000,0.000,0.000,1,35
TRK,139061,0.35623,-0.72391,0.56323,-0.17838,0.3399,-0.2722,0.6170,0.000,0.000,0.000,1,35
TRK,139083,0.35623,-0.72391,0.56324,-0.17836,0.3399,-0.2722,0.6170,0.000,0.000,0.000,1,35
TRK,139103,0.35624,-0.72391,0.56324,-0.17836,0.3399,-0.2722,0.6170,0.000,0.000,0.000,1,35
TRK,139122,0.35626,-0.72390,0.56322,-0.17839,0.3399,-0.2722,0.6170,0.000,0.000,0.000,1,35
TRK,139141,0.35627,-0.72390,0.56320,-0.17845,0.3399,-0.2722,0.6170,0.000,0.000,0.000,1,35
TRK,139164,0.35629,-0.72390,0.56318,-0.17848,0.3399,-0.2722,0.6170,0.000,0.000,0.000,1,35
TRK,139184,0.35631,-0.72389,0.56318,-0.17848,0.3399,-0.2722,0.6170,0.000,0.000,0.000,1,35
TRK,139203,0.35629,-0.72390,0.56317,-0.17851,0.3399,-0.2722,0.6170,0.000,0.000,0.000,1,35
TRK,139223,0.35623,-0.72393,0.56315,-0.17856,0.3399,-0.2722,0.6170,0.000,0.000,0.000,1,35
TRK,139243,0.35619,-0.72395,0.56313,-0.17861,0.3399,-0.2722,0.6170,0.000,0.000,0.000,1,35
TRK,139261,0.35618,-0.72396,0.56312,-0.17864,0.3399,-0.2722,0.6170,0.000,0.000,0.000,1,35
TRK,139283,0.35615,-0.72398,0.56311,-0.17868,0.3399,-0.2722,0.6170,0.000,0.000,0.000,1,35
TRK,139301,0.35616,-0.72398,0.56307,-0.17876,0.3399,-0.2722,0.6170,0.000,0.000,0.000,1,35
TRK,139323,0.35620,-0.72396,0.56306,-0.17878,0.3399,-0.2722,0.6170,0.000,0.000,0.000,1,35
TRK,139342,0.35622,-0.72395,0.56306,-0.17879,0.3399,-0.2722,0.6170,0.000,0.000,0.000,1,35
TRK,139362,0.35621,-0.72396,0.56306,-0.17878,0.3399,-0.2722,0.6170,0.000,0.000,0.000,1,35
TRK,139382,0.35621,-0.72396,0.56306,-0.17879,0.3399,-0.2722,0.6170,0.000,0.000,0.000,1,35
TRK,139402,0.35617,-0.72397,0.56307,-0.17876,0.3399,-0.2722,0.6170,0.000,0.000,0.000,1,35
TRK,139422,0.35619,-0.72396,0.56310,-0.17870,0.3399,-0.2722,0.6170,0.000,0.000,0.000,1,35
TRK,139444,0.35618,-0.72396,0.56311,-0.17869,0.3399,-0.2722,0.6170,0.000,0.000,0.000,1,35
TRK,139464,0.35616,-0.72397,0.56310,-0.17869,0.3399,-0.2722,0.6170,0.000,0.000,0.000,1,35
TRK,139483,0.35614,-0.72398,0.56310,-0.17871,0.3399,-0.2722,0.6170,0.000,0.000,0.000,1,35
TRK,139501,0.35614,-0.72398,0.56310,-0.17870,0.3399,-0.2722,0.6170,0.000,0.000,0.000,1,35
TRK,139523,0.35619,-0.72396,0.56310,-0.17870,0.3399,-0.2722,0.6170,0.000,0.000,0.000,1,35
TRK,139542,0.35620,-0.72396,0.56310,-0.17870,0.3399,-0.2722,0.6170,0.000,0.000,0.000,1,35
TRK,139562,0.35625,-0.72393,0.56308,-0.17872,0.3399,-0.2722,0.6170,0.000,0.000,0.000,1,35
TRK,139582,0.35632,-0.72390,0.56308,-0.17872,0.3399,-0.2722,0.6170,0.000,0.000,0.000,1,35
TRK,139602,0.35640,-0.72387,0.56306,-0.17874,0.3399,-0.2722,0.6170,0.000,0.000,0.000,1,35
TRK,139623,0.35644,-0.72385,0.56305,-0.17875,0.3399,-0.2722,0.6170,0.000,0.000,0.000,1,35
STAT,404.5,400.5,0,0,0,0.0189,0.206,0.0949,0.1187,-0.0499,9.6784,0.48,0.003
TRK,139643,0.35649,-0.72384,0.56304,-0.17877,0.3399,-0.2722,0.6170,0.000,0.000,0.000,1,35
TRK,139663,0.35648,-0.72384,0.56304,-0.17878,0.3399,-0.2722,0.6170,0.000,0.000,0.000,1,35
TRK,139681,0.35649,-0.72384,0.56304,-0.17879,0.3399,-0.2722,0.6170,0.000,0.000,0.000,1,35
TRK,139701,0.35650,-0.72383,0.56305,-0.17875,0.3399,-0.2722,0.6170,0.000,0.000,0.000,1,35
TRK,139723,0.35648,-0.72384,0.56306,-0.17872,0.3399,-0.2722,0.6170,0.000,0.000,0.000,1,35
TRK,139744,0.35645,-0.72385,0.56307,-0.17871,0.3399,-0.2722,0.6170,0.000,0.000,0.000,1,35
TRK,139763,0.35641,-0.72387,0.56307,-0.17873,0.3399,-0.2722,0.6170,0.000,0.000,0.000,1,35
TRK,139781,0.35634,-0.72390,0.56307,-0.17874,0.3399,-0.2722,0.6170,0.000,0.000,0.000,1,35
TRK,139802,0.35627,-0.72393,0.56306,-0.17878,0.3399,-0.2722,0.6170,0.000,0.000,0.000,1,35
TRK,139822,0.35623,-0.72395,0.56306,-0.17879,0.3399,-0.2722,0.6170,0.000,0.000,0.000,1,35
TRK,139842,0.35618,-0.72397,0.56307,-0.17877,0.3399,-0.2722,0.6170,0.000,0.000,0.000,1,35
TRK,139860,0.35616,-0.72398,0.56308,-0.17875,0.3399,-0.2722,0.6170,0.000,0.000,0.000,1,35
TRK,139884,0.35614,-0.72399,0.56307,-0.17877,0.3399,-0.2722,0.6170,0.000,0.000,0.000,1,35
TRK,139902,0.35618,-0.72397,0.56306,-0.17878,0.3399,-0.2722,0.6170,0.000,0.000,0.000,1,35
TRK,139924,0.35619,-0.72396,0.56308,-0.17875,0.3399,-0.2722,0.6170,0.000,0.000,0.000,1,35
TRK,139943,0.35624,-0.72395,0.56305,-0.17880,0.3399,-0.2722,0.6170,0.000,0.000,0.000,1,35
TRK,139961,0.35627,-0.72393,0.56305,-0.17879,0.3399,-0.2722,0.6170,0.000,0.000,0.000,1,35
TRK,139983,0.35629,-0.72392,0.56307,-0.17875,0.3399,-0.2722,0.6170,0.000,0.000,0.000,1,35
TRK,140003,0.35628,-0.72392,0.56307,-0.17874,0.3399,-0.2722,0.6170,0.000,0.000,0.000,1,35
TRK,140021,0.35629,-0.72392,0.56307,-0.17874,0.3399,-0.2722,0.6170,0.000,0.000,0.000,1,35
TRK,140043,0.35625,-0.72394,0.56307,-0.17876,0.3399,-0.2722,0.6170,0.000,0.000,0.000,1,35
TRK,140062,0.35624,-0.72394,0.56307,-0.17876,0.3399,-0.2722,0.6170,0.000,0.000,0.000,1,35
TRK,140083,0.35626,-0.72393,0.56307,-0.17874,0.3399,-0.2722,0.6170,0.000,0.000,0.000,1,35
TRK,140102,0.35624,-0.72394,0.56307,-0.17876,0.3399,-0.2722,0.6170,0.000,0.000,0.000,1,35
TRK,140124,0.35622,-0.72395,0.56307,-0.17877,0.3399,-0.2722,0.6170,0.000,0.000,0.000,1,35
TRK,140142,0.35622,-0.72395,0.56306,-0.17878,0.3399,-0.2722,0.6170,0.000,0.000,0.000,1,35
TRK,140164,0.35623,-0.72395,0.56307,-0.17876,0.3399,-0.2722,0.6170,0.000,0.000,0.000,1,35
TRK,140183,0.35629,-0.72392,0.56306,-0.17877,0.3399,-0.2722,0.6170,0.000,0.000,0.000,1,35
TRK,140201,0.35633,-0.72390,0.56307,-0.17874,0.3399,-0.2722,0.6170,0.000,0.000,0.000,1,35
TRK,140223,0.35640,-0.72387,0.56305,-0.17876,0.3399,-0.2722,0.6170,0.000,0.000,0.000,1,35
TRK,140244,0.35648,-0.72384,0.56307,-0.17871,0.3399,-0.2722,0.6170,0.000,0.000,0.000,1,35
TRK,140263,0.35652,-0.72382,0.56305,-0.17874,0.3399,-0.2722,0.6170,0.000,0.000,0.000,1,35
TRK,140281,0.35652,-0.72382,0.56305,-0.17874,0.3399,-0.2722,0.6170,0.000,0.000,0.000,1,35
TRK,140303,0.35650,-0.72383,0.56306,-0.17873,0.3399,-0.2722,0.6170,0.000,0.000,0.000,1,35
TRK,140322,0.35653,-0.72382,0.56305,-0.17874,0.3399,-0.2722,0.6170,0.000,0.000,0.000,1,35
TRK,140342,0.35650,-0.72383,0.56305,-0.17874,0.3399,-0.2722,0.6170,0.000,0.000,0.000,1,35
TRK,140364,0.35652,-0.72382,0.56304,-0.17877,0.3399,-0.2722,0.6170,0.000,0.000,0.000,1,35
TRK,140382,0.35654,-0.72382,0.56304,-0.17878,0.3399,-0.2722,0.6170,0.000,0.000,0.000,1,35
TRK,140404,0.35653,-0.72382,0.56304,-0.17877,0.3399,-0.2722,0.6170,0.000,0.000,0.000,1,35
TRK,140423,0.35649,-0.72383,0.56306,-0.17873,0.3399,-0.2722,0.6170,0.000,0.000,0.000,1,35
TRK,140441,0.35642,-0.72386,0.56308,-0.17870,0.3399,-0.2722,0.6170,0.000,0.000,0.000,1,35
TRK,140463,0.35633,-0.72390,0.56310,-0.17867,0.3399,-0.2722,0.6170,0.000,0.000,0.000,1,35
TRK,140484,0.35631,-0.72390,0.56312,-0.17862,0.3399,-0.2722,0.6170,0.000,0.000,0.000,1,35
TRK,140503,0.35626,-0.72392,0.56313,-0.17861,0.3399,-0.2722,0.6170,0.000,0.000,0.000,1,35
TRK,140521,0.35626,-0.72393,0.56311,-0.17866,0.3399,-0.2722,0.6170,0.000,0.000,0.000,1,35
TRK,140543,0.35632,-0.72390,0.56308,-0.17872,0.3399,-0.2722,0.6170,0.000,0.000,0.000,1,35
TRK,140562,0.35637,-0.72389,0.56305,-0.17878,0.3399,-0.2722,0.6170,0.000,0.000,0.000,1,35
TRK,140582,0.35639,-0.72388,0.56306,-0.17876,0.3399,-0.2722,0.6170,0.000,0.000,0.000,1,35
TRK,140602,0.35643,-0.72386,0.56306,-0.17873,0.3399,-0.2722,0.6170,0.000,0.000,0.000,1,35
TRK,140624,0.35645,-0.72384,0.56310,-0.17865,0.3399,-0.2722,0.6170,0.000,0.000,0.000,1,35
STAT,403.8,400.8,0,0,0,0.0233,0.177,0.0964,0.1099,-0.0517,9.6787,0.48,0.003
TRK,140644,0.35643,-0.72385,0.56311,-0.17862,0.3399,-0.2722,0.6170,0.000,0.000,0.000,1,35
TRK,140664,0.35640,-0.72386,0.56313,-0.17859,0.3399,-0.2722,0.6170,0.000,0.000,0.000,1,35
TRK,140683,0.35638,-0.72387,0.56313,-0.17858,0.3399,-0.2722,0.6170,0.000,0.000,0.000,1,35
TRK,140703,0.35633,-0.72389,0.56313,-0.17859,0.3399,-0.2722,0.6170,0.000,0.000,0.000,1,35
TRK,140723,0.35632,-0.72390,0.56312,-0.17862,0.3399,-0.2722,0.6170,0.000,0.000,0.000,1,35
TRK,140743,0.35639,-0.72387,0.56310,-0.17865,0.3399,-0.2722,0.6170,0.000,0.000,0.000,1,35
TRK,140761,0.35643,-0.72386,0.56307,-0.17872,0.3399,-0.2722,0.6170,0.000,0.000,0.000,1,35
TRK,140783,0.35644,-0.72386,0.56304,-0.17878,0.3399,-0.2722,0.6170,0.000,0.000,0.000,1,35
TRK,140802,0.35641,-0.72387,0.56302,-0.17884,0.3399,-0.2722,0.6170,0.000,0.000,0.000,1,35
TRK,140822,0.35640,-0.72389,0.56300,-0.17889,0.3399,-0.2722,0.6170,0.000,0.000,0.000,1,35
TRK,140842,0.35637,-0.72390,0.56298,-0.17894,0.3399,-0.2722,0.6170,0.000,0.000,0.000,1,35
TRK,140862,0.35638,-0.72390,0.56297,-0.17895,0.3399,-0.2722,0.6170,0.000,0.000,0.000,1,35
TRK,140882,0.35637,-0.72391,0.56297,-0.17897,0.3399,-0.2722,0.6170,0.000,0.000,0.000,1,35
TRK,140902,0.35632,-0.72393,0.56296,-0.17899,0.3399,-0.2722,0.6170,0.000,0.000,0.000,1,35
TRK,140924,0.35630,-0.72393,0.56296,-0.17899,0.3399,-0.2722,0.6170,0.000,0.000,0.000,1,35
TRK,140944,0.35622,-0.72397,0.56299,-0.17895,0.3399,-0.2722,0.6170,0.000,0.000,0.000,1,35
TRK,140963,0.35619,-0.72398,0.56299,-0.17894,0.3399,-0.2722,0.6170,0.000,0.000,0.000,1,35
TRK,140981,0.35622,-0.72397,0.56299,-0.17896,0.3399,-0.2722,0.6170,0.000,0.000,0.000,1,35
TRK,141003,0.35624,-0.72396,0.56298,-0.17897,0.3399,-0.2722,0.6170,0.000,0.000,0.000,1,35
TRK,141022,0.35631,-0.72393,0.56298,-0.17894,0.3399,-0.2722,0.6170,0.000,0.000,0.000,1,35
TRK,141042,0.35637,-0.72390,0.56299,-0.17892,0.3399,-0.2722,0.6170,0.000,0.000,0.000,1,35
TRK,141062,0.35642,-0.72388,0.56297,-0.17896,0.3399,-0.2722,0.6170,0.000,0.000,0.000,1,35
TRK,141082,0.35645,-0.72386,0.56299,-0.17891,0.3399,-0.2722,0.6170,0.000,0.000,0.000,1,35
TRK,141104,0.35649,-0.72384,0.56300,-0.17887,0.3399,-0.2722,0.6170,0.000,0.000,0.000,1,35
TRK,141124,0.35649,-0.72384,0.56301,-0.17884,0.3399,-0.2722,0.6170,0.000,0.000,0.000,1,35
TRK,141141,0.35647,-0.72385,0.56302,-0.17882,0.3399,-0.2722,0.6170,0.000,0.000,0.000,1,35
TRK,141161,0.35643,-0.72386,0.56306,-0.17874,0.3399,-0.2722,0.6170,0.000,0.000,0.000,1,35
TRK,141182,0.35641,-0.72387,0.56307,-0.17872,0.3399,-0.2722,0.6170,0.000,0.000,0.000,1,35
TRK,141204,0.35638,-0.72388,0.56309,-0.17868,0.3399,-0.2722,0.6170,0.000,0.000,0.000,1,35
TRK,141223,0.35639,-0.72387,0.56309,-0.17868,0.3399,-0.2722,0.6170,0.000,0.000,0.000,1,35
TRK,141241,0.35639,-0.72387,0.56310,-0.17865,0.3399,-0.2722,0.6170,0.000,0.000,0.000,1,35
TRK,141261,0.35641,-0.72386,0.56313,-0.17859,0.3399,-0.2722,0.6170,0.000,0.000,0.000,1,35
TRK,141282,0.35636,-0.72388,0.56314,-0.17857,0.3399,-0.2722,0.6170,0.000,0.000,0.000,1,35
TRK,141302,0.35630,-0.72390,0.56316,-0.17854,0.3399,-0.2722,0.6170,0.000,0.000,0.000,1,35
TRK,141322,0.35629,-0.72390,0.56316,-0.17854,0.3399,-0.2722,0.6170,0.000,0.000,0.000,1,35
TRK,141342,0.35627,-0.72391,0.56316,-0.17853,0.3399,-0.2722,0.6170,0.000,0.000,0.000,1,35
TRK,141364,0.35626,-0.72392,0.56316,-0.17854,0.3399,-0.2722,0.6170,0.000,0.000,0.000,1,35
TRK,141384,0.35625,-0.72392,0.56316,-0.17855,0.3399,-0.2722,0.6170,0.000,0.000,0.000,1,35
TRK,141402,0.35627,-0.72392,0.56315,-0.17857,0.3399,-0.2722,0.6170,0.000,0.000,0.000,1,35
TRK,141422,0.35630,-0.72390,0.56313,-0.17859,0.3399,-0.2722,0.6170,0.000,0.000,0.000,1,35
TRK,141444,0.35628,-0.72391,0.56312,-0.17863,0.3399,-0.2722,0.6170,0.000,0.000,0.000,1,35
TRK,141464,0.35629,-0.72391,0.56311,-0.17866,0.3399,-0.2722,0.6170,0.000,0.000,0.000,1,35
TRK,141483,0.35625,-0.72394,0.56308,-0.17872,0.3399,-0.2722,0.6170,0.000,0.000,0.000,1,35
TRK,141502,0.35622,-0.72395,0.56307,-0.17875,0.3399,-0.2722,0.6170,0.000,0.000,0.000,1,35
TRK,141524,0.35621,-0.72396,0.56307,-0.17877,0.3399,-0.2722,0.6170,0.000,0.000,0.000,1,35
TRK,141542,0.35622,-0.72395,0.56307,-0.17877,0.3399,-0.2722,0.6170,0.000,0.000,0.000,1,35
TRK,141563,0.35622,-0.72395,0.56308,-0.17874,0.3399,-0.2722,0.6170,0.000,0.000,0.000,1,35
TRK,141582,0.35625,-0.72393,0.56310,-0.17868,0.3399,-0.2722,0.6170,0.000,0.000,0.000,1,35
TRK,141604,0.35627,-0.72392,0.56311,-0.17866,0.3399,-0.2722,0.6170,0.000,0.000,0.000,1,35
TRK,141622,0.35627,-0.72392,0.56310,-0.17867,0.3399,-0.2722,0.6170,0.000,0.000,0.000,1,35
STAT,403.8,400.8,0,0,0,0.0197,0.164,0.1012,0.1191,-0.0295,9.6772,0.48,0.003
TRK,141644,0.35625,-0.72393,0.56308,-0.17873,0.3399,-0.2722,0.6170,0.000,0.000,0.000,1,35
TRK,141662,0.35626,-0.72394,0.56305,-0.17879,0.3399,-0.2722,0.6170,0.000,0.000,0.000,1,35
TRK,141683,0.35626,-0.72394,0.56303,-0.17885,0.3399,-0.2722,0.6170,0.000,0.000,0.000,1,35
TRK,141704,0.35631,-0.72392,0.56300,-0.17890,0.3399,-0.2722,0.6170,0.000,0.000,0.000,1,35
TRK,141724,0.35635,-0.72391,0.56300,-0.17891,0.3399,-0.2722,0.6170,0.000,0.000,0.000,1,35
TRK,141743,0.35640,-0.72389,0.56298,-0.17893,0.3399,-0.2722,0.6170,0.000,0.000,0.000,1,35
TRK,141762,0.35647,-0.72386,0.56297,-0.17893,0.3399,-0.2722,0.6170,0.000,0.000,0.000,1,35
TRK,141782,0.35646,-0.72386,0.56297,-0.17895,0.3399,-0.2722,0.6170,0.000,0.000,0.000,1,35
TRK,141804,0.35644,-0.72387,0.56297,-0.17894,0.3399,-0.2722,0.6170,0.000,0.000,0.000,1,35
TRK,141822,0.35638,-0.72390,0.56298,-0.17894,0.3399,-0.2722,0.6170,0.000,0.000,0.000,1,35
TRK,141844,0.35631,-0.72392,0.56300,-0.17891,0.3399,-0.2722,0.6170,0.000,0.000,0.000,1,35
TRK,141864,0.35627,-0.72394,0.56299,-0.17893,0.3399,-0.2722,0.6170,0.000,0.000,0.000,1,35
TRK,141882,0.35630,-0.72393,0.56299,-0.17894,0.3399,-0.2722,0.6170,0.000,0.000,0.000,1,35
TRK,141904,0.35631,-0.72393,0.56299,-0.17892,0.3399,-0.2722,0.6170,0.000,0.000,0.000,1,35
TRK,141922,0.35632,-0.72392,0.56299,-0.17892,0.3399,-0.2722,0.6170,0.000,0.000,0.000,1,35
TRK,141943,0.35637,-0.72390,0.56300,-0.17888,0.3399,-0.2722,0.6170,0.000,0.000,0.000,1,35
TRK,141963,0.35640,-0.72388,0.56301,-0.17885,0.3399,-0.2722,0.6170,0.000,0.000,0.000,1,35
TRK,141983,0.35643,-0.72387,0.56303,-0.17880,0.3399,-0.2722,0.6170,0.000,0.000,0.000,1,35
TRK,142001,0.35643,-0.72386,0.56303,-0.17882,0.3399,-0.2722,0.6170,0.000,0.000,0.000,1,35
TRK,142021,0.35640,-0.72387,0.56305,-0.17876,0.3399,-0.2722,0.6170,0.000,0.000,0.000,1,35
TRK,142043,0.35636,-0.72389,0.56306,-0.17875,0.3399,-0.2722,0.6170,0.000,0.000,0.000,1,35
TRK,142062,0.35633,-0.72390,0.56307,-0.17875,0.3399,-0.2722,0.6170,0.000,0.000,0.000,1,35
TRK,142084,0.35630,-0.72392,0.56306,-0.17876,0.3399,-0.2722,0.6170,0.000,0.000,0.000,1,35
TRK,142102,0.35629,-0.72392,0.56306,-0.17876,0.3399,-0.2722,0.6170,0.000,0.000,0.000,1,35
TRK,142121,0.35634,-0.72390,0.56305,-0.17878,0.3399,-0.2722,0.6170,0.000,0.000,0.000,1,35
TRK,142141,0.35637,-0.72389,0.56304,-0.17880,0.3399,-0.2722,0.6170,0.000,0.000,0.000,1,35
TRK,142163,0.35635,-0.72390,0.56302,-0.17885,0.3399,-0.2722,0.6170,0.000,0.000,0.000,1,35
TRK,142184,0.35635,-0.72391,0.56302,-0.17885,0.3399,-0.2722,0.6170,0.000,0.000,0.000,1,35
TRK,142203,0.35633,-0.72391,0.56303,-0.17884,0.3399,-0.2722,0.6170,0.000,0.000,0.000,1,35
TRK,142221,0.35629,-0.72392,0.56305,-0.17879,0.3399,-0.2722,0.6170,0.000,0.000,0.000,1,35
TRK,142243,0.35623,-0.72394,0.56308,-0.17872,0.3399,-0.2722,0.6170,0.000,0.000,0.000,1,35
TRK,142261,0.35621,-0.72395,0.56308,-0.17873,0.3399,-0.2722,0.6170,0.000,0.000,0.000,1,35
TRK,142283,0.35622,-0.72395,0.56308,-0.17875,0.3399,-0.2722,0.6170,0.000,0.000,0.000,1,35
TRK,142302,0.35624,-0.72394,0.56307,-0.17876,0.3399,-0.2722,0.6170,0.000,0.000,0.000,1,35
TRK,142322,0.35626,-0.72394,0.56306,-0.17877,0.3399,-0.2722,0.6170,0.000,0.000,0.000,1,35
TRK,142341,0.35628,-0.72392,0.56308,-0.17873,0.3399,-0.2722,0.6170,0.000,0.000,0.000,1,35
TRK,142364,0.35630,-0.72391,0.56310,-0.17867,0.3399,-0.2722,0.6170,0.000,0.000,0.000,1,35
TRK,142383,0.35629,-0.72391,0.56314,-0.17859,0.3399,-0.2722,0.6170,0.000,0.000,0.000,1,35
TRK,142401,0.35626,-0.72392,0.56315,-0.17857,0.3399,-0.2722,0.6170,0.000,0.000,0.000,1,35
TRK,142423,0.35627,-0.72392,0.56313,-0.17862,0.3399,-0.2722,0.6170,0.000,0.000,0.000,1,35
TRK,142444,0.35624,-0.72394,0.56308,-0.17873,0.3399,-0.2722,0.6170,0.000,0.000,0.000,1,35
TRK,142463,0.35618,-0.72397,0.56305,-0.17881,0.3399,-0.2722,0.6170,0.000,0.000,0.000,1,35
TRK,142481,0.35615,-0.72399,0.56304,-0.17884,0.3399,-0.2722,0.6170,0.000,0.000,0.000,1,35
TRK,142501,0.35610,-0.72401,0.56307,-0.17879,0.3399,-0.2722,0.6170,0.000,0.000,0.000,1,35
TRK,142522,0.35601,-0.72403,0.56311,-0.17870,0.3399,-0.2722,0.6170,0.000,0.000,0.000,1,35
TRK,142542,0.35601,-0.72403,0.56316,-0.17860,0.3399,-0.2722,0.6170,0.000,0.000,0.000,1,35
TRK,142562,0.35607,-0.72401,0.56313,-0.17864,0.3399,-0.2722,0.6170,0.000,0.000,0.000,1,35
TRK,142584,0.35620,-0.72396,0.56310,-0.17870,0.3399,-0.2722,0.6170,0.000,0.000,0.000,1,35
TRK,142604,0.35629,-0.72393,0.56303,-0.17885,0.3399,-0.2722,0.6170,0.000,0.000,0.000,1,35
TRK,142624,0.35637,-0.72390,0.56296,-0.17898,0.3399,-0.2722,0.6170,0.000,0.000,0.000,1,35
STAT,404.0,400.5,0,0,0,0.0385,0.318,0.0842,0.1275,-0.0474,9.6773,0.48,0.003
TRK,142644,0.35640,-0.72390,0.56294,-0.17903,0.3399,-0.2722,0.6170,0.000,0.000,0.000,1,35
TRK,142663,0.35635,-0.72392,0.56297,-0.17898,0.3399,-0.2722,0.6170,0.000,0.000,0.000,1,35
TRK,142683,0.35624,-0.72395,0.56302,-0.17888,0.3399,-0.2722,0.6170,0.000,0.000,0.000,1,35
TRK,142703,0.35607,-0.72402,0.56305,-0.17884,0.3399,-0.2722,0.6170,0.000,0.000,0.000,1,35
TRK,142721,0.35600,-0.72405,0.56307,-0.17880,0.3399,-0.2722,0.6170,0.000,0.000,0.000,1,35
TRK,142743,0.35602,-0.72404,0.56307,-0.17880,0.3399,-0.2722,0.6170,0.000,0.000,0.000,1,35
TRK,142763,0.35602,-0.72405,0.56305,-0.17884,0.3399,-0.2722,0.6170,0.000,0.000,0.000,1,35
TRK,142783,0.35610,-0.72401,0.56304,-0.17885,0.3399,-0.2722,0.6170,0.000,0.000,0.000,1,35
TRK,142803,0.35615,-0.72399,0.56303,-0.17887,0.3399,-0.2722,0.6170,0.000,0.000,0.000,1,35
TRK,142822,0.35620,-0.72397,0.56304,-0.17884,0.3399,-0.2722,0.6170,0.000,0.000,0.000,1,35
TRK,142841,0.35624,-0.72394,0.56305,-0.17879,0.3399,-0.2722,0.6170,0.000,0.000,0.000,1,35
TRK,142864,0.35630,-0.72392,0.56306,-0.17876,0.3399,-0.2722,0.6170,0.000,0.000,0.000,1,35
TRK,142883,0.35632,-0.72391,0.56306,-0.17875,0.3399,-0.2722,0.6170,0.000,0.000,0.000,1,35
TRK,142901,0.35633,-0.72391,0.56306,-0.17875,0.3399,-0.2722,0.6170,0.000,0.000,0.000,1,35
TRK,142923,0.35631,-0.72391,0.56305,-0.17878,0.3399,-0.2722,0.6170,0.000,0.000,0.000,1,35
TRK,142944,0.35629,-0.72393,0.56303,-0.17883,0.3399,-0.2722,0.6170,0.000,0.000,0.000,1,35
TRK,142963,0.35628,-0.72393,0.56304,-0.17882,0.3399,-0.2722,0.6170,0.000,0.000,0.000,1,35
TRK,142981,0.35623,-0.72395,0.56307,-0.17877,0.3399,-0.2722,0.6170,0.000,0.000,0.000,1,35
TRK,143003,0.35615,-0.72397,0.56311,-0.17868,0.3399,-0.2722,0.6170,0.000,0.000,0.000,1,35
TRK,143022,0.35612,-0.72398,0.56312,-0.17865,0.3399,-0.2722,0.6170,0.000,0.000,0.000,1,35
TRK,143044,0.35608,-0.72400,0.56314,-0.17863,0.3399,-0.2722,0.6170,0.000,0.000,0.000,1,35
TRK,143062,0.35609,-0.72400,0.56312,-0.17866,0.3399,-0.2722,0.6170,0.000,0.000,0.000,1,35
TRK,143081,0.35607,-0.72401,0.56310,-0.17873,0.3399,-0.2722,0.6170,0.000,0.000,0.000,1,35
TRK,143104,0.35607,-0.72402,0.56305,-0.17884,0.3399,-0.2722,0.6170,0.000,0.000,0.000,1,35
TRK,143123,0.35611,-0.72400,0.56304,-0.17884,0.3399,-0.2722,0.6170,0.000,0.000,0.000,1,35
TRK,143141,0.35613,-0.72399,0.56305,-0.17881,0.3399,-0.2722,0.6170,0.000,0.000,0.000,1,35
TRK,143163,0.35609,-0.72401,0.56309,-0.17874,0.3399,-0.2722,0.6170,0.000,0.000,0.000,1,35
TRK,143184,0.35607,-0.72401,0.56313,-0.17865,0.3399,-0.2722,0.6170,0.000,0.000,0.000,1,35
TRK,143203,0.35605,-0.72401,0.56315,-0.17861,0.3399,-0.2722,0.6170,0.000,0.000,0.000,1,35
TRK,143221,0.35605,-0.72401,0.56314,-0.17862,0.3399,-0.2722,0.6170,0.000,0.000,0.000,1,35
TRK,143243,0.35607,-0.72400,0.56314,-0.17862,0.3399,-0.2722,0.6170,0.000,0.000,0.000,1,35
TRK,143262,0.35607,-0.72401,0.56312,-0.17866,0.3399,-0.2722,0.6170,0.000,0.000,0.000,1,35
TRK,143282,0.35610,-0.72400,0.56311,-0.17870,0.3399,-0.2722,0.6170,0.000,0.000,0.000,1,35
TRK,143304,0.35608,-0.72400,0.56312,-0.17866,0.3399,-0.2722,0.6170,0.000,0.000,0.000,1,35
TRK,143323,0.35608,-0.72400,0.56314,-0.17863,0.3399,-0.2722,0.6170,0.000,0.000,0.000,1,35
TRK,143341,0.35605,-0.72401,0.56316,-0.17858,0.3399,-0.2722,0.6170,0.000,0.000,0.000,1,35
TRK,143361,0.35599,-0.72403,0.56317,-0.17858,0.3399,-0.2722,0.6170,0.000,0.000,0.000,1,35
TRK,143382,0.35593,-0.72406,0.56317,-0.17858,0.3399,-0.2722,0.6170,0.000,0.000,0.000,1,35
TRK,143403,0.35591,-0.72407,0.56316,-0.17861,0.3399,-0.2722,0.6170,0.000,0.000,0.000,1,35
TRK,143424,0.35594,-0.72406,0.56315,-0.17862,0.3399,-0.2722,0.6170,0.000,0.000,0.000,1,35
TRK,143443,0.35598,-0.72404,0.56317,-0.17857,0.3399,-0.2722,0.6170,0.000,0.000,0.000,1,35
TRK,143461,0.35600,-0.72402,0.56319,-0.17851,0.3399,-0.2722,0.6170,0.000,0.000,0.000,1,35
TRK,143483,0.35602,-0.72402,0.56319,-0.17852,0.3399,-0.2722,0.6170,0.000,0.000,0.000,1,35
TRK,143502,0.35604,-0.72401,0.56319,-0.17852,0.3399,-0.2722,0.6170,0.000,0.000,0.000,1,35
TRK,143522,0.35607,-0.72400,0.56315,-0.17860,0.3399,-0.2722,0.6170,0.000,0.000,0.000,1,35
TRK,143542,0.35610,-0.72399,0.56311,-0.17868,0.3399,-0.2722,0.6170,0.000,0.000,0.000,1,35
TRK,143564,0.35615,-0.72399,0.56306,-0.17880,0.3399,-0.2722,0.6170,0.000,0.000,0.000,1,35
TRK,143584,0.35619,-0.72397,0.56302,-0.17888,0.3399,-0.2722,0.6170,0.000,0.000,0.000,1,35
TRK,143602,0.35623,-0.72396,0.56299,-0.17893,0.3399,-0.2722,0.6170,0.000,0.000,0.000,1,35
TRK,143624,0.35617,-0.72398,0.56303,-0.17886,0.3399,-0.2722,0.6170,0.000,0.000,0.000,1,35
STAT,404.0,400.5,0,0,0,0.0223,0.177,0.0874,0.1335,-0.0563,9.6762,0.48,0.003
TRK,143644,0.35611,-0.72400,0.56308,-0.17876,0.3399,-0.2722,0.6170,0.000,0.000,0.000,1,35
TRK,143664,0.35609,-0.72400,0.56311,-0.17868,0.3399,-0.2722,0.6170,0.000,0.000,0.000,1,35
TRK,143683,0.35611,-0.72399,0.56313,-0.17863,0.3399,-0.2722,0.6170,0.000,0.000,0.000,1,35
TRK,143702,0.35613,-0.72397,0.56315,-0.17860,0.3399,-0.2722,0.6170,0.000,0.000,0.000,1,35
TRK,143722,0.35615,-0.72397,0.56314,-0.17861,0.3399,-0.2722,0.6170,0.000,0.000,0.000,1,35
TRK,143742,0.35619,-0.72396,0.56312,-0.17865,0.3399,-0.2722,0.6170,0.000,0.000,0.000,1,35
TRK,143762,0.35619,-0.72396,0.56312,-0.17865,0.3399,-0.2722,0.6170,0.000,0.000,0.000,1,35
TRK,143783,0.35612,-0.72398,0.56314,-0.17861,0.3399,-0.2722,0.6170,0.000,0.000,0.000,1,35
TRK,143804,0.35609,-0.72399,0.56316,-0.17857,0.3399,-0.2722,0.6170,0.000,0.000,0.000,1,35
TRK,143824,0.35605,-0.72401,0.56316,-0.17858,0.3399,-0.2722,0.6170,0.000,0.000,0.000,1,35
TRK,143842,0.35602,-0.72402,0.56316,-0.17859,0.3399,-0.2722,0.6170,0.000,0.000,0.000,1,35
TRK,143864,0.35602,-0.72402,0.56315,-0.17861,0.3399,-0.2722,0.6170,0.000,0.000,0.000,1,35
TRK,143883,0.35602,-0.72403,0.56314,-0.17863,0.3399,-0.2722,0.6170,0.000,0.000,0.000,1,35
TRK,143904,0.35600,-0.72403,0.56314,-0.17865,0.3399,-0.2722,0.6170,0.000,0.000,0.000,1,35
TRK,143923,0.35598,-0.72404,0.56314,-0.17864,0.3399,-0.2722,0.6170,0.000,0.000,0.000,1,35
TRK,143941,0.35594,-0.72406,0.56314,-0.17864,0.3399,-0.2722,0.6170,0.000,0.000,0.000,1,35
TRK,143963,0.35590,-0.72408,0.56315,-0.17863,0.3399,-0.2722,0.6170,0.000,0.000,0.000,1,35
TRK,143984,0.35590,-0.72408,0.56313,-0.17867,0.3399,-0.2722,0.6170,0.000,0.000,0.000,1,35
TRK,144004,0.35589,-0.72408,0.56313,-0.17868,0.3399,-0.2722,0.6170,0.000,0.000,0.000,1,35
TRK,144024,0.35592,-0.72407,0.56313,-0.17869,0.3399,-0.2722,0.6170,0.000,0.000,0.000,1,35
TRK,144044,0.35595,-0.72406,0.56313,-0.17867,0.3399,-0.2722,0.6170,0.000,0.000,0.000,1,35
TRK,144064,0.35597,-0.72405,0.56313,-0.17867,0.3399,-0.2722,0.6170,0.000,0.000,0.000,1,35
TRK,144082,0.35600,-0.72404,0.56313,-0.17867,0.3399,-0.2722,0.6170,0.000,0.000,0.000,1,35
TRK,144102,0.35600,-0.72404,0.56311,-0.17870,0.3399,-0.2722,0.6170,0.000,0.000,0.000,1,35
TRK,144122,0.35603,-0.72403,0.56311,-0.17871,0.3399,-0.2722,0.6170,0.000,0.000,0.000,1,35
TRK,144143,0.35606,-0.72402,0.56310,-0.17872,0.3399,-0.2722,0.6170,0.000,0.000,0.000,1,35
TRK,144163,0.35612,-0.72399,0.56310,-0.17871,0.3399,-0.2722,0.6170,0.000,0.000,0.000,1,35
TRK,144181,0.35620,-0.72396,0.56307,-0.17875,0.3399,-0.2722,0.6170,0.000,0.000,0.000,1,35
TRK,144202,0.35624,-0.72394,0.56306,-0.17877,0.3399,-0.2722,0.6170,0.000,0.000,0.000,1,35
TRK,144222,0.35627,-0.72393,0.56305,-0.17880,0.3399,-0.2722,0.6170,0.000,0.000,0.000,1,35
TRK,144242,0.35633,-0.72391,0.56304,-0.17881,0.3399,-0.2722,0.6170,0.000,0.000,0.000,1,35
TRK,144264,0.35636,-0.72389,0.56305,-0.17877,0.3399,-0.2722,0.6170,0.000,0.000,0.000,1,35
TRK,144282,0.35634,-0.72390,0.56306,-0.17877,0.3399,-0.2722,0.6170,0.000,0.000,0.000,1,35
TRK,144304,0.35634,-0.72390,0.56307,-0.17874,0.3399,-0.2722,0.6170,0.000,0.000,0.000,1,35
TRK,144322,0.35634,-0.72390,0.56307,-0.17874,0.3399,-0.2722,0.6170,0.000,0.000,0.000,1,35
TRK,144344,0.35636,-0.72389,0.56306,-0.17875,0.3399,-0.2722,0.6170,0.000,0.000,0.000,1,35
TRK,144364,0.35637,-0.72388,0.56306,-0.17874,0.3399,-0.2722,0.6170,0.000,0.000,0.000,1,35
TRK,144383,0.35640,-0.72387,0.56307,-0.17873,0.3399,-0.2722,0.6170,0.000,0.000,0.000,1,35
TRK,144403,0.35638,-0.72388,0.56307,-0.17873,0.3399,-0.2722,0.6170,0.000,0.000,0.000,1,35
TRK,144421,0.35637,-0.72389,0.56307,-0.17872,0.3399,-0.2722,0.6170,0.000,0.000,0.000,1,35
TRK,144441,0.35644,-0.72386,0.56307,-0.17872,0.3399,-0.2722,0.6170,0.000,0.000,0.000,1,35
TRK,144461,0.35650,-0.72383,0.56306,-0.17872,0.3399,-0.2722,0.6170,0.000,0.000,0.000,1,35
TRK,144481,0.35654,-0.72381,0.56306,-0.17871,0.3399,-0.2722,0.6170,0.000,0.000,0.000,1,35
TRK,144501,0.35657,-0.72380,0.56306,-0.17872,0.3399,-0.2722,0.6170,0.000,0.000,0.000,1,35
TRK,144521,0.35657,-0.72380,0.56306,-0.17870,0.3399,-0.2722,0.6170,0.000,0.000,0.000,1,35
TRK,144541,0.35650,-0.72383,0.56307,-0.17870,0.3399,-0.2722,0.6170,0.000,0.000,0.000,1,35
TRK,144564,0.35645,-0.72385,0.56308,-0.17868,0.3399,-0.2722,0.6170,0.000,0.000,0.000,1,35
TRK,144583,0.35636,-0.72388,0.56310,-0.17866,0.3399,-0.2722,0.6170,0.000,0.000,0.000,1,35
TRK,144601,0.35632,-0.72390,0.56311,-0.17865,0.3399,-0.2722,0.6170,0.000,0.000,0.000,1,35
TRK,144623,0.35628,-0.72392,0.56310,-0.17867,0.3399,-0.2722,0.6170,0.000,0.000,0.000,1,35
STAT,404.1,400.6,0,0,0,0.0245,0.180,0.1059,0.1196,-0.0389,9.6789,0.48,0.003
TRK,144644,0.35627,-0.72393,0.56309,-0.17870,0.3399,-0.2722,0.6170,0.000,0.000,0.000,1,35
TRK,144663,0.35622,-0.72394,0.56310,-0.17869,0.3399,-0.2722,0.6170,0.000,0.000,0.000,1,35
TRK,144681,0.35622,-0.72395,0.56310,-0.17869,0.3399,-0.2722,0.6170,0.000,0.000,0.000,1,35
TRK,144703,0.35621,-0.72395,0.56310,-0.17870,0.3399,-0.2722,0.6170,0.000,0.000,0.000,1,35
TRK,144722,0.35622,-0.72394,0.56310,-0.17869,0.3399,-0.2722,0.6170,0.000,0.000,0.000,1,35
TRK,144742,0.35621,-0.72395,0.56310,-0.17868,0.3399,-0.2722,0.6170,0.000,0.000,0.000,1,35
TRK,144764,0.35622,-0.72395,0.56308,-0.17872,0.3399,-0.2722,0.6170,0.000,0.000,0.000,1,35
TRK,144782,0.35626,-0.72393,0.56309,-0.17871,0.3399,-0.2722,0.6170,0.000,0.000,0.000,1,35
TRK,144804,0.35628,-0.72392,0.56310,-0.17867,0.3399,-0.2722,0.6170,0.000,0.000,0.000,1,35
TRK,144823,0.35629,-0.72391,0.56310,-0.17868,0.3399,-0.2722,0.6170,0.000,0.000,0.000,1,35
TRK,144841,0.35627,-0.72392,0.56312,-0.17863,0.3399,-0.2722,0.6170,0.000,0.000,0.000,1,35
TRK,144864,0.35620,-0.72394,0.56315,-0.17857,0.3399,-0.2722,0.6170,0.000,0.000,0.000,1,35
TRK,144883,0.35616,-0.72396,0.56317,-0.17854,0.3399,-0.2722,0.6170,0.000,0.000,0.000,1,35
TRK,144901,0.35613,-0.72397,0.56318,-0.17853,0.3399,-0.2722,0.6170,0.000,0.000,0.000,1,35
TRK,144923,0.35611,-0.72398,0.56316,-0.17857,0.3399,-0.2722,0.6170,0.000,0.000,0.000,1,35
TRK,144943,0.35611,-0.72399,0.56314,-0.17863,0.3399,-0.2722,0.6170,0.000,0.000,0.000,1,35
TRK,144962,0.35609,-0.72400,0.56314,-0.17862,0.3399,-0.2722,0.6170,0.000,0.000,0.000,1,35
TRK,144982,0.35607,-0.72400,0.56314,-0.17862,0.3399,-0.2722,0.6170,0.000,0.000,0.000,1,35
TRK,145002,0.35607,-0.72400,0.56313,-0.17864,0.3399,-0.2722,0.6170,0.000,0.000,0.000,1,35
TRK,145024,0.35610,-0.72399,0.56312,-0.17866,0.3399,-0.2722,0.6170,0.000,0.000,0.000,1,35
TRK,145044,0.35610,-0.72400,0.56310,-0.17870,0.3399,-0.2722,0.6170,0.000,0.000,0.000,1,35
TRK,145062,0.35612,-0.72399,0.56309,-0.17873,0.3399,-0.2722,0.6170,0.000,0.000,0.000,1,35
TRK,145084,0.35614,-0.72398,0.56309,-0.17872,0.3399,-0.2722,0.6170,0.000,0.000,0.000,1,35
TRK,145104,0.35617,-0.72397,0.56308,-0.17874,0.3399,-0.2722,0.6170,0.000,0.000,0.000,1,35
TRK,145124,0.35615,-0.72398,0.56310,-0.17871,0.3399,-0.2722,0.6170,0.000,0.000,0.000,1,35
TRK,145143,0.35611,-0.72399,0.56311,-0.17870,0.3399,-0.2722,0.6170,0.000,0.000,0.000,1,35
TRK,145162,0.35606,-0.72401,0.56312,-0.17868,0.3399,-0.2722,0.6170,0.000,0.000,0.000,1,35
TRK,145182,0.35603,-0.72402,0.56314,-0.17862,0.3399,-0.2722,0.6170,0.000,0.000,0.000,1,35
TRK,145202,0.35601,-0.72403,0.56316,-0.17858,0.3399,-0.2722,0.6170,0.000,0.000,0.000,1,35
TRK,145224,0.35596,-0.72406,0.56313,-0.17868,0.3399,-0.2722,0.6170,0.000,0.000,0.000,1,35
TRK,145242,0.35593,-0.72407,0.56313,-0.17868,0.3399,-0.2722,0.6170,0.000,0.000,0.000,1,35
TRK,145262,0.35600,-0.72403,0.56315,-0.17861,0.3399,-0.2722,0.6170,0.000,0.000,0.000,1,35
TRK,145282,0.35608,-0.72400,0.56313,-0.17864,0.3399,-0.2722,0.6170,0.000,0.000,0.000,1,35
TRK,145302,0.35614,-0.72398,0.56309,-0.17872,0.3399,-0.2722,0.6170,0.000,0.000,0.000,1,35
TRK,145322,0.35623,-0.72395,0.56307,-0.17875,0.3399,-0.2722,0.6170,0.000,0.000,0.000,1,35
TRK,145344,0.35637,-0.72388,0.56306,-0.17874,0.3399,-0.2722,0.6170,0.000,0.000,0.000,1,35
TRK,145363,0.35640,-0.72388,0.56304,-0.17880,0.3399,-0.2722,0.6170,0.000,0.000,0.000,1,35
TRK,145381,0.35638,-0.72389,0.56304,-0.17881,0.3399,-0.2722,0.6170,0.000,0.000,0.000,1,35
TRK,145403,0.35631,-0.72392,0.56305,-0.17879,0.3399,-0.2722,0.6170,0.000,0.000,0.000,1,35
TRK,145421,0.35624,-0.72394,0.56305,-0.17879,0.3399,-0.2722,0.6170,0.000,0.000,0.000,1,35
TRK,145443,0.35619,-0.72397,0.56306,-0.17879,0.3399,-0.2722,0.6170,0.000,0.000,0.000,1,35
TRK,145463,0.35619,-0.72397,0.56307,-0.17877,0.3399,-0.2722,0.6170,0.000,0.000,0.000,1,35
TRK,145482,0.35613,-0.72399,0.56308,-0.17874,0.3399,-0.2722,0.6170,0.000,0.000,0.000,1,35
TRK,145501,0.35612,-0.72398,0.56314,-0.17861,0.3399,-0.2722,0.6170,0.000,0.000,0.000,1,35
TRK,145524,0.35602,-0.72401,0.56322,-0.17845,0.3399,-0.2722,0.6170,0.000,0.000,0.000,1,35
TRK,145543,0.35593,-0.72404,0.56325,-0.17839,0.3399,-0.2722,0.6170,0.000,0.000,0.000,1,35
TRK,145561,0.35591,-0.72405,0.56324,-0.17842,0.3399,-0.2722,0.6170,0.000,0.000,0.000,1,35
TRK,145581,0.35591,-0.72407,0.56316,-0.17860,0.3399,-0.2722,0.6170,0.000,0.000,0.000,1,35
TRK,145601,0.35599,-0.72405,0.56310,-0.17873,0.3399,-0.2722,0.6170,0.000,0.000,0.000,1,35
TRK,145621,0.35639,-0.72382,0.56335,-0.17808,0.3399,-0.2722,0.6170,0.000,0.000,0.000,1,35
TRK,145643,0.35860,-0.72289,0.56312,-0.17815,0.3399,-0.2722,0.6170,0.000,0.000,0.000,1,35
STAT,404.1,400.6,0,0,0,0.2243,3.547,0.1055,0.1124,-0.0367,9.6754,0.48,0.003
TRK,145662,0.35930,-0.72257,0.56315,-0.17795,0.3399,-0.2722,0.6170,0.000,0.000,0.000,1,35
TRK,145683,0.35880,-0.72274,0.56337,-0.17754,0.3399,-0.2722,0.6170,0.000,0.000,0.000,1,35
TRK,145702,0.35839,-0.72288,0.56361,-0.17706,0.3399,-0.2722,0.6170,0.000,0.000,0.000,1,35
TRK,145722,0.35792,-0.72334,0.56362,-0.17609,0.3399,-0.2721,0.6171,-0.007,-0.001,-0.001,2,35
TRK,145744,0.35692,-0.72313,0.56458,-0.17591,0.3398,-0.2721,0.6171,-0.002,-0.001,0.000,2,35
TRK,145764,0.35706,-0.72301,0.56460,-0.17601,0.3398,-0.2721,0.6171,0.002,0.003,0.001,2,35
TRK,145784,0.35719,-0.72296,0.56462,-0.17592,0.3399,-0.2720,0.6171,0.003,0.003,0.000,2,35
TRK,145804,0.35674,-0.72346,0.56443,-0.17540,0.3399,-0.2719,0.6171,0.003,0.004,-0.000,2,35
TRK,145824,0.35696,-0.72353,0.56422,-0.17535,0.3398,-0.2725,0.6170,0.000,0.000,0.000,1,36
TRK,145843,0.35794,-0.72310,0.56419,-0.17520,0.3398,-0.2725,0.6170,0.000,0.000,0.000,1,36
TRK,145863,0.35837,-0.72293,0.56409,-0.17535,0.3398,-0.2725,0.6170,0.000,0.000,0.000,1,36
TRK,145881,0.35767,-0.72318,0.56437,-0.17485,0.3398,-0.2725,0.6170,0.000,0.000,0.000,1,36
TRK,145901,0.35750,-0.72324,0.56445,-0.17470,0.3398,-0.2725,0.6170,0.000,0.000,0.000,1,36
TRK,145921,0.35797,-0.72307,0.56426,-0.17504,0.3398,-0.2725,0.6170,0.000,0.000,0.000,1,36
TRK,145941,0.35842,-0.72293,0.56398,-0.17561,0.3398,-0.2725,0.6170,0.000,0.000,0.000,1,36
TRK,145961,0.35790,-0.72313,0.56415,-0.17531,0.3398,-0.2725,0.6170,0.000,0.000,0.000,1,36
TRK,145981,0.35765,-0.72324,0.56412,-0.17543,0.3398,-0.2725,0.6170,0.000,0.000,0.000,1,36
TRK,146001,0.35709,-0.72351,0.56404,-0.17574,0.3398,-0.2725,0.6170,0.000,0.000,0.000,1,36
TRK,146024,0.35556,-0.72413,0.56429,-0.17547,0.3398,-0.2725,0.6170,0.000,0.000,0.000,1,36
TRK,146043,0.35499,-0.72438,0.56430,-0.17557,0.3398,-0.2725,0.6170,0.000,0.000,0.000,1,36
TRK,146063,0.35489,-0.72441,0.56435,-0.17547,0.3398,-0.2725,0.6170,0.000,0.000,0.000,1,36
TRK,146083,0.35479,-0.72444,0.56443,-0.17530,0.3398,-0.2725,0.6170,0.000,0.000,0.000,1,36
TRK,146101,0.35572,-0.72402,0.56452,-0.17489,0.3398,-0.2725,0.6170,0.000,0.000,0.000,1,36
TRK,146121,0.35633,-0.72374,0.56446,-0.17495,0.3395,-0.2722,0.6172,-0.000,0.001,0.002,2,36
TRK,146143,0.35633,-0.72369,0.56447,-0.17516,0.3395,-0.2722,0.6172,-0.001,0.001,0.001,2,36
TRK,146161,0.35606,-0.72387,0.56437,-0.17528,0.3395,-0.2722,0.6172,-0.004,0.006,0.001,2,36
TRK,146183,0.35615,-0.72353,0.56466,-0.17554,0.3394,-0.2720,0.6173,-0.003,0.006,0.001,2,36
TRK,146203,0.35591,-0.72352,0.56475,-0.17579,0.3397,-0.2723,0.6172,0.000,0.000,0.000,1,37
TRK,146224,0.35539,-0.72373,0.56484,-0.17569,0.3397,-0.2723,0.6172,0.000,0.000,0.000,1,37
TRK,146242,0.35555,-0.72369,0.56469,-0.17600,0.3397,-0.2723,0.6172,0.000,0.000,0.000,1,37
TRK,146264,0.35566,-0.72370,0.56438,-0.17672,0.3397,-0.2723,0.6172,0.000,0.000,0.000,1,37
TRK,146282,0.35475,-0.72412,0.56434,-0.17701,0.3397,-0.2723,0.6172,0.000,0.000,0.000,1,37
TRK,146304,0.35412,-0.72438,0.56441,-0.17696,0.3397,-0.2723,0.6172,0.000,0.000,0.000,1,37
TRK,146322,0.35434,-0.72429,0.56440,-0.17694,0.3397,-0.2723,0.6172,0.000,0.000,0.000,1,37
TRK,146344,0.35480,-0.72410,0.56434,-0.17700,0.3397,-0.2723,0.6172,0.000,0.000,0.000,1,37
TRK,146363,0.35452,-0.72419,0.56449,-0.17669,0.3397,-0.2723,0.6172,0.000,0.000,0.000,1,37
TRK,146382,0.35399,-0.72438,0.56469,-0.17633,0.3397,-0.2723,0.6172,0.000,0.000,0.000,1,37
TRK,146402,0.35432,-0.72427,0.56452,-0.17665,0.3397,-0.2723,0.6172,0.000,0.000,0.000,1,37
TRK,146424,0.35493,-0.72406,0.56425,-0.17718,0.3397,-0.2723,0.6172,0.000,0.000,0.000,1,37
TRK,146442,0.35479,-0.72411,0.56427,-0.17715,0.3397,-0.2723,0.6172,0.000,0.000,0.000,1,37
TRK,146464,0.35420,-0.72432,0.56450,-0.17673,0.3397,-0.2723,0.6172,0.000,0.000,0.000,1,37
TRK,146484,0.35439,-0.72425,0.56445,-0.17680,0.3397,-0.2723,0.6172,0.000,0.000,0.000,1,37
TRK,146502,0.35501,-0.72401,0.56429,-0.17707,0.3397,-0.2723,0.6172,0.000,0.000,0.000,1,37
TRK,146522,0.35492,-0.72403,0.56439,-0.17685,0.3397,-0.2723,0.6172,0.000,0.000,0.000,1,37
TRK,146544,0.35421,-0.72429,0.56464,-0.17639,0.3397,-0.2723,0.6172,0.000,0.000,0.000,1,37
TRK,146563,0.35423,-0.72428,0.56465,-0.17638,0.3397,-0.2723,0.6172,0.000,0.000,0.000,1,37
TRK,146583,0.35492,-0.72403,0.56438,-0.17686,0.3397,-0.2723,0.6172,0.000,0.000,0.000,1,37
TRK,146603,0.35509,-0.72397,0.56434,-0.17694,0.3397,-0.2723,0.6172,0.000,0.000,0.000,1,37
TRK,146621,0.35447,-0.72419,0.56455,-0.17655,0.3397,-0.2723,0.6172,0.000,0.000,0.000,1,37
TRK,146641,0.35399,-0.72437,0.56475,-0.17619,0.3397,-0.2723,0.6172,0.000,0.000,0.000,1,37
STAT,404.1,400.6,0,0,0,0.0771,3.462,0.1055,0.1124,-0.0367,9.6758,0.23,0.004
TRK,146663,0.35440,-0.72422,0.56461,-0.17643,0.3397,-0.2723,0.6172,0.000,0.000,0.000,1,37
TRK,146683,0.35484,-0.72405,0.56445,-0.17672,0.3397,-0.2723,0.6172,0.000,0.000,0.000,1,37
TRK,146702,0.35426,-0.72427,0.56463,-0.17642,0.3397,-0.2723,0.6172,0.000,0.000,0.000,1,37
TRK,146724,0.35383,-0.72444,0.56475,-0.17622,0.3397,-0.2723,0.6172,0.000,0.000,0.000,1,37
TRK,146742,0.35433,-0.72426,0.56453,-0.17665,0.3397,-0.2723,0.6172,0.000,0.000,0.000,1,37
TRK,146761,0.35481,-0.72409,0.56434,-0.17700,0.3397,-0.2723,0.6172,0.000,0.000,0.000,1,37
TRK,146782,0.35438,-0.72424,0.56452,-0.17665,0.3397,-0.2723,0.6172,0.000,0.000,0.000,1,37
TRK,146803,0.35384,-0.72443,0.56475,-0.17621,0.3397,-0.2723,0.6172,0.000,0.000,0.000,1,37
TRK,146823,0.35429,-0.72426,0.56460,-0.17648,0.3397,-0.2723,0.6172,0.000,0.000,0.000,1,37
TRK,146841,0.35462,-0.72414,0.56449,-0.17668,0.3397,-0.2723,0.6172,0.000,0.000,0.000,1,37
TRK,146863,0.35407,-0.72435,0.56467,-0.17635,0.3397,-0.2723,0.6172,0.000,0.000,0.000,1,37
TRK,146881,0.35386,-0.72443,0.56471,-0.17631,0.3397,-0.2723,0.6172,0.000,0.000,0.000,1,37
TRK,146902,0.35444,-0.72422,0.56447,-0.17674,0.3397,-0.2723,0.6172,0.000,0.000,0.000,1,37
TRK,146922,0.35458,-0.72417,0.56444,-0.17680,0.3397,-0.2723,0.6172,0.000,0.000,0.000,1,37
TRK,146942,0.35406,-0.72436,0.56465,-0.17641,0.3397,-0.2723,0.6172,0.000,0.000,0.000,1,37
TRK,146962,0.35412,-0.72434,0.56462,-0.17647,0.3397,-0.2723,0.6172,0.000,0.000,0.000,1,37
TRK,146982,0.35467,-0.72414,0.56440,-0.17688,0.3397,-0.2723,0.6172,0.000,0.000,0.000,1,37
TRK,147002,0.35441,-0.72424,0.56446,-0.17679,0.3397,-0.2723,0.6172,0.000,0.000,0.000,1,37
TRK,147024,0.35385,-0.72445,0.56464,-0.17648,0.3397,-0.2723,0.6172,0.000,0.000,0.000,1,37
TRK,147044,0.35436,-0.72427,0.56440,-0.17693,0.3397,-0.2723,0.6172,0.000,0.000,0.000,1,37
TRK,147063,0.35476,-0.72413,0.56423,-0.17725,0.3397,-0.2723,0.6172,0.000,0.000,0.000,1,37
TRK,147081,0.35439,-0.72427,0.56438,-0.17699,0.3397,-0.2723,0.6172,0.000,0.000,0.000,1,37
TRK,147103,0.35409,-0.72437,0.56451,-0.17673,0.3397,-0.2723,0.6172,0.000,0.000,0.000,1,37
TRK,147122,0.35457,-0.72419,0.56435,-0.17701,0.3397,-0.2723,0.6172,0.000,0.000,0.000,1,37
TRK,147144,0.35480,-0.72410,0.56429,-0.17712,0.3397,-0.2723,0.6172,0.000,0.000,0.000,1,37
TRK,147162,0.35424,-0.72431,0.56450,-0.17673,0.3397,-0.2723,0.6172,0.000,0.000,0.000,1,37
TRK,147182,0.35408,-0.72437,0.56454,-0.17666,0.3397,-0.2723,0.6172,0.000,0.000,0.000,1,37
TRK,147204,0.35466,-0.72416,0.56430,-0.17712,0.3397,-0.2723,0.6172,0.000,0.000,0.000,1,37
TRK,147222,0.35455,-0.72421,0.56433,-0.17707,0.3397,-0.2723,0.6172,0.000,0.000,0.000,1,37
TRK,147244,0.35392,-0.72443,0.56457,-0.17661,0.3397,-0.2723,0.6172,0.000,0.000,0.000,1,37
TRK,147263,0.35406,-0.72438,0.56452,-0.17672,0.3397,-0.2723,0.6172,0.000,0.000,0.000,1,37
TRK,147284,0.35446,-0.72423,0.56440,-0.17692,0.3397,-0.2723,0.6172,0.000,0.000,0.000,1,37
TRK,147304,0.35416,-0.72433,0.56456,-0.17660,0.3397,-0.2723,0.6172,0.000,0.000,0.000,1,37
TRK,147323,0.35386,-0.72444,0.56468,-0.17637,0.3397,-0.2723,0.6172,0.000,0.000,0.000,1,37
TRK,147343,0.35431,-0.72428,0.56452,-0.17667,0.3397,-0.2723,0.6172,0.000,0.000,0.000,1,37
TRK,147361,0.35462,-0.72416,0.56442,-0.17683,0.3397,-0.2723,0.6172,0.000,0.000,0.000,1,37
TRK,147383,0.35428,-0.72427,0.56460,-0.17649,0.3397,-0.2723,0.6172,0.000,0.000,0.000,1,37
TRK,147403,0.35422,-0.72429,0.56464,-0.17640,0.3397,-0.2723,0.6172,0.000,0.000,0.000,1,37
TRK,147422,0.35460,-0.72415,0.56451,-0.17662,0.3397,-0.2723,0.6172,0.000,0.000,0.000,1,37
TRK,147442,0.35463,-0.72413,0.56450,-0.17665,0.3397,-0.2723,0.6172,0.000,0.000,0.000,1,37
TRK,147461,0.35422,-0.72429,0.56465,-0.17637,0.3397,-0.2723,0.6172,0.000,0.000,0.000,1,37
TRK,147481,0.35425,-0.72428,0.56462,-0.17643,0.3397,-0.2723,0.6172,0.000,0.000,0.000,1,37
TRK,147501,0.35464,-0.72414,0.56445,-0.17676,0.3397,-0.2723,0.6172,0.000,0.000,0.000,1,37
TRK,147524,0.35446,-0.72421,0.56451,-0.17665,0.3397,-0.2723,0.6172,0.000,0.000,0.000,1,37
TRK,147543,0.35415,-0.72432,0.56463,-0.17644,0.3397,-0.2723,0.6172,0.000,0.000,0.000,1,37
TRK,147563,0.35444,-0.72421,0.56455,-0.17656,0.3397,-0.2723,0.6172,0.000,0.000,0.000,1,37
TRK,147583,0.35470,-0.72411,0.56449,-0.17665,0.3397,-0.2723,0.6172,0.000,0.000,0.000,1,37
TRK,147601,0.35442,-0.72421,0.56461,-0.17643,0.3397,-0.2723,0.6172,0.000,0.000,0.000,1,37
TRK,147621,0.35415,-0.72431,0.56468,-0.17631,0.3397,-0.2723,0.6172,0.000,0.000,0.000,1,37
TRK,147643,0.35442,-0.72422,0.56454,-0.17659,0.3397,-0.2723,0.6172,0.000,0.000,0.000,1,37
STAT,404.1,400.6,0,0,0,0.0351,2.149,0.1055,0.1124,-0.0367,9.6784,0.23,0.004
TRK,147663,0.35445,-0.72422,0.56449,-0.17672,0.3397,-0.2723,0.6172,0.000,0.000,0.000,1,37
TRK,147682,0.35417,-0.72432,0.56457,-0.17658,0.3397,-0.2723,0.6172,0.000,0.000,0.000,1,37
TRK,147704,0.35408,-0.72436,0.56458,-0.17658,0.3397,-0.2723,0.6172,0.000,0.000,0.000,1,37
TRK,147722,0.35428,-0.72429,0.56449,-0.17675,0.3397,-0.2723,0.6172,0.000,0.000,0.000,1,37
TRK,147744,0.35421,-0.72432,0.56454,-0.17664,0.3397,-0.2723,0.6172,0.000,0.000,0.000,1,37
TRK,147762,0.35402,-0.72438,0.56464,-0.17644,0.3397,-0.2723,0.6172,0.000,0.000,0.000,1,37
TRK,147784,0.35420,-0.72431,0.56457,-0.17656,0.3397,-0.2723,0.6172,0.000,0.000,0.000,1,37
TRK,147804,0.35443,-0.72423,0.56450,-0.17669,0.3397,-0.2723,0.6172,0.000,0.000,0.000,1,37
TRK,147824,0.35440,-0.72423,0.56453,-0.17662,0.3397,-0.2723,0.6172,0.000,0.000,0.000,1,37
TRK,147843,0.35429,-0.72427,0.56457,-0.17655,0.3397,-0.2723,0.6172,0.000,0.000,0.000,1,37
TRK,147862,0.35443,-0.72422,0.56451,-0.17667,0.3397,-0.2723,0.6172,0.000,0.000,0.000,1,37
TRK,147882,0.35450,-0.72419,0.56452,-0.17663,0.3397,-0.2723,0.6172,0.000,0.000,0.000,1,37
TRK,147902,0.35431,-0.72426,0.56460,-0.17648,0.3397,-0.2723,0.6172,0.000,0.000,0.000,1,37
TRK,147922,0.35428,-0.72427,0.56462,-0.17643,0.3397,-0.2723,0.6172,0.000,0.000,0.000,1,37
TRK,147943,0.35441,-0.72422,0.56456,-0.17655,0.3397,-0.2723,0.6172,0.000,0.000,0.000,1,37
TRK,147963,0.35437,-0.72424,0.56453,-0.17662,0.3397,-0.2723,0.6172,0.000,0.000,0.000,1,37
TRK,147981,0.35426,-0.72429,0.56453,-0.17665,0.3397,-0.2723,0.6172,0.000,0.000,0.000,1,37
TRK,148001,0.35425,-0.72430,0.56449,-0.17674,0.3397,-0.2723,0.6172,0.000,0.000,0.000,1,37
TRK,148023,0.35437,-0.72426,0.56445,-0.17683,0.3397,-0.2723,0.6172,0.000,0.000,0.000,1,37
TRK,148044,0.35428,-0.72430,0.56448,-0.17676,0.3397,-0.2723,0.6172,0.000,0.000,0.000,1,37
TRK,148063,0.35416,-0.72434,0.56453,-0.17666,0.3397,-0.2723,0.6172,0.000,0.000,0.000,1,37
TRK,148081,0.35414,-0.72434,0.56455,-0.17663,0.3397,-0.2723,0.6172,0.000,0.000,0.000,1,37
TRK,148103,0.35421,-0.72431,0.56454,-0.17665,0.3397,-0.2723,0.6172,0.000,0.000,0.000,1,37
TRK,148121,0.35414,-0.72435,0.56452,-0.17669,0.3397,-0.2723,0.6172,0.000,0.000,0.000,1,37
TRK,148143,0.35413,-0.72436,0.56447,-0.17681,0.3397,-0.2723,0.6172,0.000,0.000,0.000,1,37
TRK,148163,0.35421,-0.72434,0.56442,-0.17692,0.3397,-0.2723,0.6172,0.000,0.000,0.000,1,37
TRK,148182,0.35419,-0.72435,0.56441,-0.17696,0.3397,-0.2723,0.6172,0.000,0.000,0.000,1,37
TRK,148204,0.35412,-0.72438,0.56442,-0.17694,0.3397,-0.2723,0.6172,0.000,0.000,0.000,1,37
TRK,148223,0.35414,-0.72437,0.56442,-0.17694,0.3397,-0.2723,0.6172,0.000,0.000,0.000,1,37
TRK,148243,0.35418,-0.72435,0.56441,-0.17695,0.3397,-0.2723,0.6172,0.000,0.000,0.000,1,37
TRK,148263,0.35412,-0.72437,0.56445,-0.17686,0.3397,-0.2723,0.6172,0.000,0.000,0.000,1,37
TRK,148283,0.35411,-0.72437,0.56447,-0.17682,0.3397,-0.2723,0.6172,0.000,0.000,0.000,1,37
TRK,148303,0.35413,-0.72437,0.56445,-0.17688,0.3397,-0.2723,0.6172,0.000,0.000,0.000,1,37
TRK,148324,0.35412,-0.72437,0.56445,-0.17687,0.3397,-0.2723,0.6172,0.000,0.000,0.000,1,37
TRK,148344,0.35409,-0.72438,0.56449,-0.17679,0.3397,-0.2723,0.6172,0.000,0.000,0.000,1,37
TRK,148364,0.35411,-0.72436,0.56452,-0.17670,0.3397,-0.2723,0.6172,0.000,0.000,0.000,1,37
TRK,148382,0.35419,-0.72433,0.56453,-0.17667,0.3397,-0.2723,0.6172,0.000,0.000,0.000,1,37
TRK,148402,0.35426,-0.72429,0.56453,-0.17664,0.3397,-0.2723,0.6172,0.000,0.000,0.000,1,37
TRK,148423,0.35427,-0.72428,0.56455,-0.17659,0.3397,-0.2723,0.6172,0.000,0.000,0.000,1,37
TRK,148442,0.35435,-0.72425,0.56454,-0.17661,0.3397,-0.2723,0.6172,0.000,0.000,0.000,1,37
TRK,148464,0.35437,-0.72425,0.56452,-0.17665,0.3397,-0.2723,0.6172,0.000,0.000,0.000,1,37
TRK,148482,0.35433,-0.72426,0.56453,-0.17663,0.3397,-0.2723,0.6172,0.000,0.000,0.000,1,37
TRK,148504,0.35432,-0.72426,0.56457,-0.17654,0.3397,-0.2723,0.6172,0.000,0.000,0.000,1,37
TRK,148524,0.35437,-0.72423,0.56461,-0.17643,0.3397,-0.2723,0.6172,0.000,0.000,0.000,1,37
TRK,148543,0.35435,-0.72423,0.56465,-0.17635,0.3397,-0.2723,0.6172,0.000,0.000,0.000,1,37
TRK,148561,0.35433,-0.72423,0.56471,-0.17621,0.3397,-0.2723,0.6172,0.000,0.000,0.000,1,37
TRK,148583,0.35428,-0.72424,0.56476,-0.17609,0.3397,-0.2723,0.6172,0.000,0.000,0.000,1,37
TRK,148602,0.35429,-0.72423,0.56477,-0.17607,0.3397,-0.2723,0.6172,0.000,0.000,0.000,1,37
TRK,148622,0.35429,-0.72423,0.56477,-0.17607,0.3397,-0.2723,0.6172,0.000,0.000,0.000,1,37
TRK,148642,0.35426,-0.72424,0.56479,-0.17603,0.3397,-0.2723,0.6172,0.000,0.000,0.000,1,37
STAT,404.1,401.1,0,0,0,0.0250,0.259,0.1103,0.1182,-0.0390,9.6836,0.23,0.004
TRK,148664,0.35422,-0.72426,0.56479,-0.17605,0.3397,-0.2723,0.6172,0.000,0.000,0.000,1,37
TRK,148682,0.35428,-0.72423,0.56477,-0.17608,0.3397,-0.2723,0.6172,0.000,0.000,0.000,1,37
TRK,148704,0.35432,-0.72423,0.56474,-0.17614,0.3397,-0.2723,0.6172,0.000,0.000,0.000,1,37
TRK,148722,0.35428,-0.72425,0.56472,-0.17619,0.3397,-0.2723,0.6172,0.000,0.000,0.000,1,37
TRK,148744,0.35424,-0.72427,0.56469,-0.17627,0.3397,-0.2723,0.6172,0.000,0.000,0.000,1,37
TRK,148763,0.35422,-0.72429,0.56463,-0.17641,0.3397,-0.2723,0.6172,0.000,0.000,0.000,1,37
TRK,148783,0.35418,-0.72431,0.56460,-0.17649,0.3397,-0.2723,0.6172,0.000,0.000,0.000,1,37
TRK,148803,0.35409,-0.72435,0.56461,-0.17650,0.3397,-0.2723,0.6172,0.000,0.000,0.000,1,37
TRK,148823,0.35411,-0.72435,0.56459,-0.17654,0.3397,-0.2723,0.6172,0.000,0.000,0.000,1,37
TRK,148841,0.35412,-0.72434,0.56460,-0.17652,0.3397,-0.2723,0.6172,0.000,0.000,0.000,1,37
TRK,148863,0.35410,-0.72434,0.56466,-0.17638,0.3397,-0.2723,0.6172,0.000,0.000,0.000,1,37
TRK,148883,0.35407,-0.72434,0.56470,-0.17629,0.3397,-0.2723,0.6172,0.000,0.000,0.000,1,37
TRK,148903,0.35416,-0.72431,0.56468,-0.17632,0.3397,-0.2723,0.6172,0.000,0.000,0.000,1,37
TRK,148922,0.35415,-0.72431,0.56466,-0.17636,0.3397,-0.2723,0.6172,0.000,0.000,0.000,1,37
TRK,148941,0.35414,-0.72432,0.56465,-0.17639,0.3397,-0.2723,0.6172,0.000,0.000,0.000,1,37
TRK,148961,0.35410,-0.72434,0.56463,-0.17644,0.3397,-0.2723,0.6172,0.000,0.000,0.000,1,37
TRK,148984,0.35413,-0.72434,0.56458,-0.17655,0.3397,-0.2723,0.6172,0.000,0.000,0.000,1,37
TRK,149003,0.35409,-0.72435,0.56460,-0.17652,0.3397,-0.2723,0.6172,0.000,0.000,0.000,1,37
TRK,149021,0.35404,-0.72437,0.56463,-0.17646,0.3397,-0.2723,0.6172,0.000,0.000,0.000,1,37
TRK,149043,0.35405,-0.72437,0.56463,-0.17646,0.3397,-0.2723,0.6172,0.000,0.000,0.000,1,37
TRK,149064,0.35410,-0.72435,0.56463,-0.17644,0.3397,-0.2723,0.6172,0.000,0.000,0.000,1,37
TRK,149083,0.35409,-0.72435,0.56461,-0.17648,0.3397,-0.2723,0.6172,0.000,0.000,0.000,1,37
TRK,149101,0.35410,-0.72435,0.56460,-0.17651,0.3397,-0.2723,0.6172,0.000,0.000,0.000,1,37
TRK,149123,0.35412,-0.72435,0.56456,-0.17661,0.3397,-0.2723,0.6172,0.000,0.000,0.000,1,37
TRK,149142,0.35416,-0.72434,0.56454,-0.17664,0.3397,-0.2723,0.6172,0.000,0.000,0.000,1,37
TRK,149164,0.35413,-0.72435,0.56454,-0.17665,0.3397,-0.2723,0.6172,0.000,0.000,0.000,1,37
TRK,149182,0.35409,-0.72436,0.56456,-0.17660,0.3397,-0.2723,0.6172,0.000,0.000,0.000,1,37
TRK,149201,0.35407,-0.72437,0.56458,-0.17658,0.3397,-0.2723,0.6172,0.000,0.000,0.000,1,37
TRK,149224,0.35402,-0.72439,0.56459,-0.17655,0.3397,-0.2723,0.6172,0.000,0.000,0.000,1,37
TRK,149243,0.35398,-0.72440,0.56462,-0.17649,0.3397,-0.2723,0.6172,0.000,0.000,0.000,1,37
TRK,149261,0.35397,-0.72440,0.56464,-0.17644,0.3397,-0.2723,0.6172,0.000,0.000,0.000,1,37
TRK,149283,0.35401,-0.72438,0.56464,-0.17644,0.3397,-0.2723,0.6172,0.000,0.000,0.000,1,37
TRK,149304,0.35404,-0.72437,0.56465,-0.17640,0.3397,-0.2723,0.6172,0.000,0.000,0.000,1,37
TRK,149323,0.35409,-0.72434,0.56465,-0.17639,0.3397,-0.2723,0.6172,0.000,0.000,0.000,1,37
TRK,149341,0.35414,-0.72433,0.56464,-0.17641,0.3397,-0.2723,0.6172,0.000,0.000,0.000,1,37
TRK,149363,0.35414,-0.72432,0.56464,-0.17640,0.3397,-0.2723,0.6172,0.000,0.000,0.000,1,37
TRK,149382,0.35417,-0.72431,0.56462,-0.17645,0.3397,-0.2723,0.6172,0.000,0.000,0.000,1,37
TRK,149402,0.35420,-0.72431,0.56459,-0.17653,0.3397,-0.2723,0.6172,0.000,0.000,0.000,1,37
TRK,149422,0.35415,-0.72433,0.56459,-0.17652,0.3397,-0.2723,0.6172,0.000,0.000,0.000,1,37
TRK,149444,0.35411,-0.72435,0.56459,-0.17654,0.3397,-0.2723,0.6172,0.000,0.000,0.000,1,37
TRK,149462,0.35417,-0.72433,0.56456,-0.17661,0.3397,-0.2723,0.6172,0.000,0.000,0.000,1,37
TRK,149484,0.35425,-0.72430,0.56453,-0.17664,0.3397,-0.2723,0.6172,0.000,0.000,0.000,1,37
TRK,149503,0.35428,-0.72429,0.56453,-0.17663,0.3397,-0.2723,0.6172,0.000,0.000,0.000,1,37
TRK,149521,0.35430,-0.72427,0.56454,-0.17661,0.3397,-0.2723,0.6172,0.000,0.000,0.000,1,37
TRK,149543,0.35439,-0.72424,0.56453,-0.17662,0.3397,-0.2723,0.6172,0.000,0.000,0.000,1,37
TRK,149564,0.35441,-0.72423,0.56452,-0.17663,0.3397,-0.2723,0.6172,0.000,0.000,0.000,1,37
TRK,149583,0.35428,-0.72427,0.56458,-0.17653,0.3397,-0.2723,0.6172,0.000,0.000,0.000,1,37
TRK,149601,0.35417,-0.72432,0.56461,-0.17647,0.3397,-0.2723,0.6172,0.000,0.000,0.000,1,37
TRK,149622,0.35416,-0.72432,0.56459,-0.17652,0.3397,-0.2723,0.6172,0.000,0.000,0.000,1,37
TRK,149642,0.35413,-0.72434,0.56459,-0.17653,0.3397,-0.2723,0.6172,0.000,0.000,0.000,1,37
STAT,404.1,401.1,0,0,0,0.0239,0.561,0.1127,0.1211,-0.0239,9.6780,0.23,0.004
TRK,149664,0.35403,-0.72438,0.56459,-0.17655,0.3397,-0.2723,0.6172,0.000,0.000,0.000,1,37
TRK,149684,0.35404,-0.72439,0.56455,-0.17664,0.3397,-0.2723,0.6172,0.000,0.000,0.000,1,37
TRK,149704,0.35413,-0.72435,0.56453,-0.17668,0.3397,-0.2723,0.6172,0.000,0.000,0.000,1,37
TRK,149722,0.35410,-0.72436,0.56454,-0.17667,0.3397,-0.2723,0.6172,0.000,0.000,0.000,1,37
TRK,149744,0.35398,-0.72440,0.56460,-0.17655,0.3397,-0.2723,0.6172,0.000,0.000,0.000,1,37
TRK,149764,0.35398,-0.72440,0.56460,-0.17653,0.3397,-0.2723,0.6172,0.000,0.000,0.000,1,37
TRK,149784,0.35400,-0.72439,0.56459,-0.17655,0.3397,-0.2723,0.6172,0.000,0.000,0.000,1,37
TRK,149804,0.35392,-0.72442,0.56463,-0.17648,0.3397,-0.2723,0.6172,0.000,0.000,0.000,1,37
TRK,149823,0.35384,-0.72445,0.56465,-0.17644,0.3397,-0.2723,0.6172,0.000,0.000,0.000,1,37
TRK,149842,0.35389,-0.72444,0.56462,-0.17652,0.3397,-0.2723,0.6172,0.000,0.000,0.000,1,37
TRK,149862,0.35396,-0.72441,0.56460,-0.17654,0.3397,-0.2723,0.6172,0.000,0.000,0.000,1,37
TRK,149882,0.35388,-0.72444,0.56464,-0.17646,0.3397,-0.2723,0.6172,0.000,0.000,0.000,1,37
TRK,149902,0.35379,-0.72448,0.56464,-0.17648,0.3397,-0.2723,0.6172,0.000,0.000,0.000,1,37
TRK,149924,0.35384,-0.72447,0.56459,-0.17659,0.3397,-0.2723,0.6172,0.000,0.000,0.000,1,37
TRK,149942,0.35385,-0.72447,0.56457,-0.17663,0.3397,-0.2723,0.6172,0.000,0.000,0.000,1,37
TRK,149964,0.35373,-0.72451,0.56459,-0.17660,0.3397,-0.2723,0.6172,0.000,0.000,0.000,1,37
TRK,149982,0.35381,-0.72448,0.56459,-0.17660,0.3397,-0.2723,0.6172,0.000,0.000,0.000,1,37
TRK,150004,0.35399,-0.72441,0.56453,-0.17670,0.3397,-0.2723,0.6172,0.000,0.000,0.000,1,37
TRK,150025,0.35395,-0.72443,0.56456,-0.17664,0.3397,-0.2723,0.6172,0.000,0.000,0.000,1,37
TRK,150041,0.35384,-0.72446,0.56462,-0.17652,0.3397,-0.2723,0.6172,0.000,0.000,0.000,1,37
TRK,150063,0.35390,-0.72443,0.56462,-0.17650,0.3397,-0.2723,0.6172,0.000,0.000,0.000,1,37
TRK,150081,0.35402,-0.72439,0.56460,-0.17653,0.3397,-0.2723,0.6172,0.000,0.000,0.000,1,37
TRK,150103,0.35395,-0.72441,0.56463,-0.17647,0.3397,-0.2723,0.6172,0.000,0.000,0.000,1,37
TRK,150123,0.35392,-0.72442,0.56465,-0.17643,0.3397,-0.2723,0.6172,0.000,0.000,0.000,1,37
TRK,150143,0.35412,-0.72434,0.56461,-0.17650,0.3397,-0.2723,0.6172,0.000,0.000,0.000,1,37
TRK,150162,0.35419,-0.72431,0.56458,-0.17653,0.3397,-0.2723,0.6172,0.000,0.000,0.000,1,37
TRK,150181,0.35409,-0.72435,0.56463,-0.17646,0.3397,-0.2723,0.6172,0.000,0.000,0.000,1,37
TRK,150204,0.35414,-0.72433,0.56461,-0.17649,0.3397,-0.2723,0.6172,0.000,0.000,0.000,1,37
TRK,150223,0.35427,-0.72428,0.56458,-0.17653,0.3397,-0.2723,0.6172,0.000,0.000,0.000,1,37
TRK,150243,0.35410,-0.72434,0.56464,-0.17642,0.3397,-0.2723,0.6172,0.000,0.000,0.000,1,37
TRK,150263,0.35398,-0.72439,0.56467,-0.17637,0.3397,-0.2723,0.6172,0.000,0.000,0.000,1,37
TRK,150284,0.35424,-0.72429,0.56459,-0.17652,0.3397,-0.2723,0.6172,0.000,0.000,0.000,1,37
TRK,150303,0.35437,-0.72425,0.56454,-0.17660,0.3397,-0.2723,0.6172,0.000,0.000,0.000,1,37
TRK,150321,0.35417,-0.72432,0.56459,-0.17652,0.3397,-0.2723,0.6172,0.000,0.000,0.000,1,37
TRK,150342,0.35403,-0.72438,0.56461,-0.17650,0.3397,-0.2723,0.6172,0.000,0.000,0.000,1,37
TRK,150362,0.35417,-0.72433,0.56455,-0.17663,0.3397,-0.2723,0.6172,0.000,0.000,0.000,1,37
TRK,150382,0.35417,-0.72434,0.56451,-0.17670,0.3397,-0.2723,0.6172,0.000,0.000,0.000,1,37
TRK,150402,0.35392,-0.72443,0.56458,-0.17660,0.3397,-0.2723,0.6172,0.000,0.000,0.000,1,37
TRK,150424,0.35400,-0.72440,0.56455,-0.17664,0.3397,-0.2723,0.6172,0.000,0.000,0.000,1,37
TRK,150444,0.35393,-0.72443,0.56459,-0.17658,0.3397,-0.2723,0.6172,0.000,0.000,0.000,1,37
TRK,150464,0.35371,-0.72450,0.56470,-0.17636,0.3397,-0.2723,0.6172,0.000,0.000,0.000,1,37
TRK,150482,0.35385,-0.72444,0.56469,-0.17635,0.3397,-0.2723,0.6172,0.000,0.000,0.000,1,37
TRK,150504,0.35440,-0.72423,0.56453,-0.17662,0.3397,-0.2723,0.6172,0.000,0.000,0.000,1,37
TRK,150524,0.35428,-0.72427,0.56461,-0.17646,0.3397,-0.2723,0.6172,0.000,0.000,0.000,1,37
TRK,150543,0.35379,-0.72444,0.56480,-0.17610,0.3397,-0.2723,0.6172,0.000,0.000,0.000,1,37
TRK,150562,0.35403,-0.72436,0.56471,-0.17627,0.3397,-0.2723,0.6172,0.000,0.000,0.000,1,37
TRK,150584,0.35463,-0.72414,0.56451,-0.17663,0.3397,-0.2723,0.6172,0.000,0.000,0.000,1,37
TRK,150602,0.35434,-0.72424,0.56463,-0.17641,0.3397,-0.2723,0.6172,0.000,0.000,0.000,1,37
TRK,150623,0.35367,-0.72448,0.56486,-0.17598,0.3397,-0.2723,0.6172,0.000,0.000,0.000,1,37
TRK,150642,0.35404,-0.72436,0.56471,-0.17626,0.3397,-0.2723,0.6172,0.000,0.000,0.000,1,37
STAT,404.3,400.3,0,0,0,0.0603,3.541,0.1100,0.1231,-0.0246,9.6784,0.23,0.004
TRK,150662,0.35461,-0.72415,0.56449,-0.17666,0.3397,-0.2723,0.6172,0.000,0.000,0.000,1,37
TRK,150684,0.35411,-0.72433,0.56466,-0.17637,0.3397,-0.2723,0.6172,0.000,0.000,0.000,1,37
TRK,150702,0.35363,-0.72451,0.56482,-0.17610,0.3397,-0.2723,0.6172,0.000,0.000,0.000,1,37
TRK,150724,0.35402,-0.72438,0.56463,-0.17646,0.3397,-0.2723,0.6172,0.000,0.000,0.000,1,37
TRK,150743,0.35438,-0.72425,0.56448,-0.17675,0.3397,-0.2723,0.6172,0.000,0.000,0.000,1,37
TRK,150764,0.35392,-0.72442,0.56463,-0.17648,0.3397,-0.2723,0.6172,0.000,0.000,0.000,1,37
TRK,150784,0.35368,-0.72451,0.56473,-0.17629,0.3397,-0.2723,0.6172,0.000,0.000,0.000,1,37
TRK,150803,0.35407,-0.72437,0.56458,-0.17657,0.3397,-0.2723,0.6172,0.000,0.000,0.000,1,37
TRK,150822,0.35422,-0.72431,0.56453,-0.17665,0.3397,-0.2723,0.6172,0.000,0.000,0.000,1,37
TRK,150842,0.35384,-0.72445,0.56468,-0.17638,0.3397,-0.2723,0.6172,0.000,0.000,0.000,1,37
TRK,150862,0.35371,-0.72450,0.56470,-0.17636,0.3397,-0.2723,0.6172,0.000,0.000,0.000,1,37
TRK,150882,0.35417,-0.72434,0.56452,-0.17670,0.3397,-0.2723,0.6172,0.000,0.000,0.000,1,37
TRK,150904,0.35417,-0.72434,0.56450,-0.17674,0.3397,-0.2723,0.6172,0.000,0.000,0.000,1,37
TRK,150922,0.35381,-0.72447,0.56463,-0.17651,0.3397,-0.2723,0.6172,0.000,0.000,0.000,1,37
TRK,150944,0.35392,-0.72443,0.56460,-0.17656,0.3397,-0.2723,0.6172,0.000,0.000,0.000,1,37
TRK,150962,0.35422,-0.72432,0.56450,-0.17674,0.3397,-0.2723,0.6172,0.000,0.000,0.000,1,37
TRK,150984,0.35411,-0.72436,0.56454,-0.17666,0.3397,-0.2723,0.6172,0.000,0.000,0.000,1,37
TRK,151003,0.35385,-0.72446,0.56462,-0.17651,0.3397,-0.2723,0.6172,0.000,0.000,0.000,1,37
TRK,151023,0.35399,-0.72441,0.56456,-0.17663,0.3397,-0.2723,0.6172,0.000,0.000,0.000,1,37
TRK,151043,0.35424,-0.72431,0.56447,-0.17679,0.3397,-0.2723,0.6172,0.000,0.000,0.000,1,37
TRK,151061,0.35423,-0.72432,0.56448,-0.17677,0.3397,-0.2723,0.6172,0.000,0.000,0.000,1,37
TRK,151081,0.35411,-0.72436,0.56453,-0.17668,0.3397,-0.2723,0.6172,0.000,0.000,0.000,1,37
TRK,151103,0.35425,-0.72431,0.56449,-0.17675,0.3397,-0.2723,0.6172,0.000,0.000,0.000,1,37
TRK,151123,0.35433,-0.72427,0.56448,-0.17676,0.3397,-0.2723,0.6172,0.000,0.000,0.000,1,37
TRK,151142,0.35430,-0.72428,0.56452,-0.17666,0.3397,-0.2723,0.6172,0.000,0.000,0.000,1,37
TRK,151164,0.35423,-0.72430,0.56454,-0.17662,0.3397,-0.2723,0.6172,0.000,0.000,0.000,1,37
TRK,151184,0.35412,-0.72435,0.56457,-0.17658,0.3397,-0.2723,0.6172,0.000,0.000,0.000,1,37
TRK,151203,0.35415,-0.72434,0.56456,-0.17660,0.3397,-0.2723,0.6172,0.000,0.000,0.000,1,37
TRK,151223,0.35424,-0.72430,0.56451,-0.17670,0.3397,-0.2723,0.6172,0.000,0.000,0.000,1,37
TRK,151243,0.35429,-0.72429,0.56448,-0.17676,0.3397,-0.2723,0.6172,0.000,0.000,0.000,1,37
TRK,151263,0.35420,-0.72432,0.56453,-0.17665,0.3397,-0.2723,0.6172,0.000,0.000,0.000,1,37
TRK,151283,0.35419,-0.72432,0.56457,-0.17656,0.3397,-0.2723,0.6172,0.000,0.000,0.000,1,37
TRK,151301,0.35437,-0.72424,0.56456,-0.17657,0.3397,-0.2723,0.6172,0.000,0.000,0.000,1,37
TRK,151323,0.35460,-0.72414,0.56452,-0.17661,0.3397,-0.2723,0.6172,0.000,0.000,0.000,1,37
TRK,151342,0.35440,-0.72421,0.56466,-0.17632,0.3397,-0.2723,0.6172,0.000,0.000,0.000,1,37
TRK,151363,0.35433,-0.72422,0.56473,-0.17616,0.3397,-0.2723,0.6172,0.000,0.000,0.000,1,37
TRK,151384,0.35455,-0.72415,0.56463,-0.17636,0.3397,-0.2723,0.6172,0.000,0.000,0.000,1,37
TRK,151402,0.35445,-0.72419,0.56463,-0.17637,0.3397,-0.2723,0.6172,0.000,0.000,0.000,1,37
TRK,151422,0.35415,-0.72431,0.56471,-0.17625,0.3397,-0.2723,0.6172,0.000,0.000,0.000,1,37
TRK,151442,0.35415,-0.72432,0.56465,-0.17638,0.3397,-0.2723,0.6172,0.000,0.000,0.000,1,37
TRK,151464,0.35439,-0.72423,0.56454,-0.17659,0.3397,-0.2723,0.6172,0.000,0.000,0.000,1,37
TRK,151484,0.35410,-0.72433,0.56468,-0.17633,0.3397,-0.2723,0.6172,0.000,0.000,0.000,1,37
TRK,151503,0.35385,-0.72442,0.56478,-0.17614,0.3397,-0.2723,0.6172,0.000,0.000,0.000,1,37
TRK,151521,0.35406,-0.72435,0.56470,-0.17629,0.3397,-0.2723,0.6172,0.000,0.000,0.000,1,37
TRK,151543,0.35423,-0.72429,0.56460,-0.17648,0.3397,-0.2723,0.6172,0.000,0.000,0.000,1,37
TRK,151562,0.35393,-0.72441,0.56469,-0.17633,0.3397,-0.2723,0.6172,0.000,0.000,0.000,1,37
TRK,151582,0.35383,-0.72445,0.56470,-0.17633,0.3397,-0.2723,0.6172,0.000,0.000,0.000,1,37
TRK,151602,0.35415,-0.72435,0.56447,-0.17680,0.3397,-0.2723,0.6172,0.000,0.000,0.000,1,37
TRK,151622,0.35401,-0.72440,0.56452,-0.17671,0.3397,-0.2723,0.6172,0.000,0.000,0.000,1,37
TRK,151644,0.35318,-0.72470,0.56487,-0.17606,0.3397,-0.2723,0.6172,0.000,0.000,0.000,1,37
STAT,404.3,400.3,0,0,0,0.1021,3.554,0.1082,0.1219,-0.0245,9.6778,0.23,0.004
TRK,151662,0.35381,-0.72446,0.56467,-0.17642,0.3397,-0.2723,0.6172,0.000,0.000,0.000,1,37
TRK,151684,0.35478,-0.72410,0.56433,-0.17702,0.3397,-0.2723,0.6172,0.000,0.000,0.000,1,37
TRK,151702,0.35418,-0.72431,0.56461,-0.17647,0.3397,-0.2723,0.6172,0.000,0.000,0.000,1,37
TRK,151724,0.35283,-0.72500,0.56489,-0.17547,0.3396,-0.2723,0.6171,-0.001,0.000,0.001,2,37
TRK,151744,0.35349,-0.72460,0.56480,-0.17604,0.3395,-0.2723,0.6172,-0.002,-0.000,0.003,2,37
TRK,151764,0.35485,-0.72380,0.56464,-0.17715,0.3395,-0.2723,0.6172,-0.001,0.000,0.001,2,37
TRK,151784,0.35399,-0.72431,0.56475,-0.17643,0.3395,-0.2723,0.6172,0.001,0.001,-0.000,2,37
TRK,151804,0.35286,-0.72496,0.56489,-0.17556,0.3395,-0.2722,0.6172,-0.000,-0.000,0.001,2,37
TRK,151822,0.35365,-0.72452,0.56477,-0.17621,0.3395,-0.2723,0.6173,-0.001,-0.001,0.002,2,37
TRK,151843,0.35468,-0.72392,0.56463,-0.17702,0.3395,-0.2723,0.6173,0.000,0.000,0.000,2,37
TRK,151863,0.35370,-0.72446,0.56479,-0.17626,0.3395,-0.2723,0.6173,0.000,0.001,-0.001,2,37
TRK,151882,0.35297,-0.72491,0.56484,-0.17571,0.3395,-0.2722,0.6173,-0.000,-0.000,0.001,2,37
TRK,151901,0.35359,-0.72453,0.56479,-0.17618,0.3395,-0.2723,0.6173,-0.001,-0.001,0.003,2,37
TRK,151924,0.35450,-0.72399,0.56470,-0.17688,0.3395,-0.2723,0.6174,0.002,-0.001,0.002,2,37
TRK,151943,0.35396,-0.72428,0.56479,-0.17649,0.3396,-0.2723,0.6174,0.003,-0.001,0.001,2,37
TRK,151961,0.35342,-0.72458,0.56487,-0.17607,0.3396,-0.2723,0.6174,0.002,-0.001,0.001,2,37
TRK,151983,0.35369,-0.72445,0.56480,-0.17630,0.3396,-0.2723,0.6175,0.001,-0.001,0.002,2,37
TRK,152004,0.35382,-0.72435,0.56481,-0.17640,0.3397,-0.2724,0.6175,-0.000,-0.000,0.001,2,37
TRK,152023,0.35396,-0.72428,0.56478,-0.17652,0.3397,-0.2724,0.6175,-0.000,-0.000,0.000,2,37
TRK,152041,0.35384,-0.72434,0.56481,-0.17640,0.3397,-0.2723,0.6174,0.000,0.000,0.000,1,38
TRK,152063,0.35348,-0.72447,0.56497,-0.17609,0.3397,-0.2723,0.6174,0.000,0.000,0.000,1,38
TRK,152083,0.35371,-0.72439,0.56487,-0.17628,0.3397,-0.2723,0.6174,0.000,0.000,0.000,1,38
TRK,152102,0.35416,-0.72423,0.56464,-0.17672,0.3397,-0.2723,0.6174,0.000,0.000,0.000,1,38
TRK,152124,0.35409,-0.72428,0.56458,-0.17690,0.3397,-0.2723,0.6174,0.000,0.000,0.000,1,38
TRK,152142,0.35349,-0.72451,0.56473,-0.17665,0.3397,-0.2723,0.6174,0.000,0.000,0.000,1,38
TRK,152161,0.35354,-0.72449,0.56471,-0.17670,0.3397,-0.2723,0.6174,0.000,0.000,0.000,1,38
TRK,152184,0.35427,-0.72421,0.56451,-0.17702,0.3397,-0.2723,0.6174,0.000,0.000,0.000,1,38
TRK,152203,0.35390,-0.72433,0.56472,-0.17659,0.3397,-0.2723,0.6174,0.000,0.000,0.000,1,38
TRK,152223,0.35312,-0.72461,0.56504,-0.17599,0.3397,-0.2723,0.6174,0.000,0.000,0.000,1,38
TRK,152243,0.35360,-0.72444,0.56482,-0.17642,0.3397,-0.2723,0.6174,0.000,0.000,0.000,1,38
TRK,152263,0.35438,-0.72418,0.56444,-0.17716,0.3397,-0.2723,0.6174,0.000,0.000,0.000,1,38
TRK,152281,0.35403,-0.72432,0.56451,-0.17707,0.3397,-0.2723,0.6174,0.000,0.000,0.000,1,38
TRK,152301,0.35323,-0.72462,0.56477,-0.17661,0.3397,-0.2723,0.6174,0.000,0.000,0.000,1,38
TRK,152323,0.35386,-0.72438,0.56458,-0.17694,0.3397,-0.2723,0.6174,0.000,0.000,0.000,1,38
TRK,152342,0.35435,-0.72419,0.56446,-0.17711,0.3397,-0.2723,0.6174,0.000,0.000,0.000,1,38
TRK,152364,0.35339,-0.72452,0.56492,-0.17623,0.3397,-0.2723,0.6174,0.000,0.000,0.000,1,38
TRK,152382,0.35296,-0.72471,0.56505,-0.17586,0.3396,-0.2723,0.6175,-0.000,-0.001,0.002,2,38
TRK,152404,0.35394,-0.72413,0.56495,-0.17663,0.3396,-0.2723,0.6176,0.001,-0.002,0.001,2,38
TRK,152422,0.35409,-0.72404,0.56494,-0.17674,0.3396,-0.2724,0.6176,0.002,-0.001,-0.001,2,38
TRK,152444,0.35292,-0.72474,0.56507,-0.17576,0.3397,-0.2724,0.6176,0.001,-0.001,0.000,2,38
TRK,152464,0.35299,-0.72471,0.56505,-0.17581,0.3397,-0.2724,0.6176,-0.001,-0.002,0.002,2,38
TRK,152482,0.35424,-0.72397,0.56489,-0.17684,0.3396,-0.2724,0.6176,-0.001,-0.001,0.000,2,38
TRK,152504,0.35393,-0.72416,0.56492,-0.17661,0.3396,-0.2725,0.6176,0.000,-0.000,-0.001,2,38
TRK,152523,0.35266,-0.72492,0.56505,-0.17559,0.3396,-0.2725,0.6176,0.001,-0.001,0.000,2,38
TRK,152542,0.35322,-0.72458,0.56501,-0.17603,0.3396,-0.2725,0.6176,0.001,-0.002,0.002,2,38
TRK,152562,0.35445,-0.72385,0.56486,-0.17703,0.3397,-0.2725,0.6176,0.002,-0.001,0.000,2,38
TRK,152581,0.35390,-0.72414,0.56495,-0.17662,0.3397,-0.2725,0.6176,0.003,-0.000,-0.001,2,38
TRK,152603,0.35227,-0.72509,0.56516,-0.17533,0.3398,-0.2726,0.6176,0.002,-0.001,0.001,2,38
TRK,152622,0.35302,-0.72463,0.56508,-0.17598,0.3398,-0.2726,0.6176,0.001,-0.002,0.002,2,38
TRK,152644,0.35456,-0.72377,0.56484,-0.17721,0.3399,-0.2726,0.6177,0.002,-0.001,-0.000,2,38
STAT,403.8,400.8,0,0,0,0.1417,9.535,0.1082,0.1219,-0.0245,9.6789,0.48,0.001
TRK,152663,0.35363,-0.72432,0.56496,-0.17646,0.3399,-0.2726,0.6176,0.004,-0.001,-0.002,2,38
TRK,152684,0.35213,-0.72519,0.56513,-0.17529,0.3400,-0.2726,0.6176,0.003,-0.001,0.001,2,38
TRK,152703,0.35293,-0.72474,0.56501,-0.17594,0.3401,-0.2727,0.6177,0.003,-0.002,0.004,2,38
TRK,152724,0.35457,-0.72377,0.56484,-0.17718,0.3401,-0.2727,0.6177,0.005,-0.002,0.001,2,38
TRK,152744,0.35343,-0.72448,0.56494,-0.17623,0.3403,-0.2728,0.6177,0.006,-0.001,-0.001,2,38
TRK,152763,0.35199,-0.72543,0.56501,-0.17498,0.3404,-0.2728,0.6177,0.005,-0.001,0.002,2,38
TRK,152782,0.35333,-0.72453,0.56512,-0.17566,0.3405,-0.2728,0.6178,0.007,0.001,0.004,2,38
TRK,152802,0.35532,-0.72372,0.56464,-0.17649,0.3406,-0.2728,0.6179,0.007,-0.001,0.001,2,38
TRK,152822,0.35455,-0.72481,0.56415,-0.17517,0.3407,-0.2728,0.6179,0.005,-0.001,-0.000,2,38
TRK,152842,0.35375,-0.72541,0.56413,-0.17438,0.3408,-0.2728,0.6179,0.005,-0.001,0.002,2,38
TRK,152863,0.35509,-0.72479,0.56385,-0.17512,0.3410,-0.2729,0.6180,0.005,-0.002,0.004,2,38
TRK,152884,0.35625,-0.72419,0.56364,-0.17590,0.3411,-0.2729,0.6180,0.007,-0.001,0.001,2,38
TRK,152904,0.35497,-0.72500,0.56377,-0.17474,0.3412,-0.2729,0.6180,0.007,0.000,0.001,2,38
TRK,152922,0.35455,-0.72529,0.56383,-0.17416,0.3414,-0.2729,0.6181,0.007,0.000,0.003,2,38
TRK,152942,0.35556,-0.72473,0.56372,-0.17481,0.3415,-0.2729,0.6181,0.004,-0.002,0.004,2,38
TRK,152964,0.35620,-0.72438,0.56361,-0.17531,0.3416,-0.2729,0.6182,0.005,-0.001,0.002,2,38
TRK,152983,0.35544,-0.72487,0.56366,-0.17468,0.3417,-0.2729,0.6182,0.006,-0.001,0.002,2,38
TRK,153001,0.35504,-0.72517,0.56365,-0.17430,0.3418,-0.2730,0.6183,0.006,-0.002,0.004,2,38
TRK,153023,0.35625,-0.72481,0.56331,-0.17442,0.3419,-0.2730,0.6184,0.007,-0.005,0.005,2,38
TRK,153041,0.35715,-0.72470,0.56275,-0.17484,0.3420,-0.2732,0.6185,0.003,-0.008,0.004,2,38
TRK,153063,0.35621,-0.72503,0.56311,-0.17420,0.3421,-0.2733,0.6185,0.001,-0.006,0.003,2,38
TRK,153083,0.35593,-0.72488,0.56350,-0.17416,0.3421,-0.2734,0.6186,0.004,-0.006,0.004,2,38
TRK,153103,0.35664,-0.72437,0.56357,-0.17461,0.3422,-0.2735,0.6187,0.002,-0.006,0.003,2,38
TRK,153122,0.35588,-0.72478,0.56370,-0.17401,0.3422,-0.2737,0.6187,0.000,-0.009,0.002,2,38
TRK,153144,0.35490,-0.72493,0.56421,-0.17378,0.3422,-0.2739,0.6188,0.001,-0.006,0.005,2,38
TRK,153164,0.35560,-0.72415,0.56452,-0.17455,0.3422,-0.2740,0.6189,0.001,-0.005,0.004,2,38
TRK,153183,0.35499,-0.72410,0.56508,-0.17421,0.3422,-0.2741,0.6190,0.000,-0.009,0.003,2,38
TRK,153204,0.35419,-0.72420,0.56551,-0.17400,0.3422,-0.2743,0.6190,-0.002,-0.005,0.004,2,38
TRK,153223,0.35468,-0.72343,0.56597,-0.17471,0.3422,-0.2744,0.6191,-0.002,-0.005,0.005,2,38
TRK,153244,0.35456,-0.72280,0.56677,-0.17500,0.3421,-0.2745,0.6192,-0.005,-0.005,0.003,2,38
TRK,153263,0.35313,-0.72287,0.56774,-0.17447,0.3421,-0.2745,0.6193,-0.001,-0.003,0.003,2,38
TRK,153281,0.35346,-0.72244,0.56793,-0.17495,0.3421,-0.2746,0.6194,0.007,-0.000,0.006,2,38
TRK,153302,0.35396,-0.72227,0.56776,-0.17518,0.3423,-0.2746,0.6195,0.008,0.000,0.004,2,38
TRK,153322,0.35321,-0.72276,0.56782,-0.17448,0.3424,-0.2746,0.6195,0.009,0.000,0.004,2,38
TRK,153342,0.35316,-0.72288,0.56775,-0.17431,0.3426,-0.2746,0.6196,0.009,-0.001,0.005,2,38
TRK,153364,0.35410,-0.72229,0.56778,-0.17472,0.3428,-0.2746,0.6198,0.010,-0.001,0.005,2,38
TRK,153384,0.35438,-0.72213,0.56784,-0.17462,0.3430,-0.2746,0.6198,0.010,-0.000,0.004,2,38
TRK,153403,0.35399,-0.72242,0.56787,-0.17414,0.3432,-0.2746,0.6199,0.009,0.000,0.003,2,38
TRK,153423,0.35397,-0.72249,0.56782,-0.17405,0.3434,-0.2746,0.6200,0.009,-0.000,0.004,2,38
TRK,153442,0.35456,-0.72226,0.56768,-0.17427,0.3381,-0.2745,0.6175,0.000,0.000,0.000,1,39
TRK,153464,0.35494,-0.72211,0.56759,-0.17439,0.3381,-0.2745,0.6175,0.000,0.000,0.000,1,39
TRK,153484,0.35455,-0.72224,0.56776,-0.17409,0.3381,-0.2745,0.6175,0.000,0.000,0.000,1,39
TRK,153503,0.35470,-0.72220,0.56767,-0.17426,0.3381,-0.2745,0.6175,0.000,0.000,0.000,1,39
TRK,153522,0.35507,-0.72207,0.56750,-0.17460,0.3381,-0.2745,0.6175,0.000,0.000,0.000,1,39
TRK,153544,0.35504,-0.72208,0.56752,-0.17454,0.3381,-0.2745,0.6175,0.000,0.000,0.000,1,39
TRK,153562,0.35491,-0.72212,0.56761,-0.17435,0.3381,-0.2745,0.6175,0.000,0.000,0.000,1,39
TRK,153584,0.35503,-0.72206,0.56762,-0.17432,0.3381,-0.2745,0.6175,0.000,0.000,0.000,1,39
TRK,153602,0.35504,-0.72205,0.56764,-0.17426,0.3381,-0.2745,0.6175,0.000,0.000,0.000,1,39
TRK,153624,0.35484,-0.72212,0.56775,-0.17404,0.3381,-0.2745,0.6175,0.000,0.000,0.000,1,39
TRK,153642,0.35485,-0.72212,0.56775,-0.17405,0.3381,-0.2745,0.6175,0.000,0.000,0.000,1,39
STAT,403.8,400.8,0,0,0,0.0351,1.192,0.1082,0.1219,-0.0245,9.6789,1.21,0.010
TRK,153662,0.35498,-0.72207,0.56767,-0.17420,0.3381,-0.2745,0.6175,0.000,0.000,0.000,1,39
TRK,153684,0.35494,-0.72209,0.56766,-0.17423,0.3381,-0.2745,0.6175,0.000,0.000,0.000,1,39
TRK,153703,0.35489,-0.72210,0.56774,-0.17406,0.3381,-0.2745,0.6175,0.000,0.000,0.000,1,39
TRK,153723,0.35499,-0.72206,0.56771,-0.17411,0.3381,-0.2745,0.6175,0.000,0.000,0.000,1,39
TRK,153743,0.35489,-0.72210,0.56775,-0.17403,0.3381,-0.2745,0.6175,0.000,0.000,0.000,1,39
TRK,153761,0.35474,-0.72214,0.56784,-0.17385,0.3381,-0.2745,0.6175,0.000,0.000,0.000,1,39
TRK,153784,0.35479,-0.72212,0.56787,-0.17377,0.3381,-0.2745,0.6175,0.000,0.000,0.000,1,39
TRK,153803,0.35488,-0.72208,0.56783,-0.17385,0.3381,-0.2745,0.6175,0.000,0.000,0.000,1,39
TRK,153822,0.35476,-0.72214,0.56783,-0.17387,0.3381,-0.2745,0.6175,0.000,0.000,0.000,1,39
TRK,153844,0.35470,-0.72217,0.56781,-0.17393,0.3381,-0.2745,0.6175,0.000,0.000,0.000,1,39
TRK,153864,0.35477,-0.72214,0.56779,-0.17396,0.3381,-0.2745,0.6175,0.000,0.000,0.000,1,39
TRK,153882,0.35469,-0.72217,0.56784,-0.17386,0.3381,-0.2745,0.6175,0.000,0.000,0.000,1,39
TRK,153904,0.35454,-0.72221,0.56794,-0.17366,0.3381,-0.2745,0.6175,0.000,0.000,0.000,1,39
TRK,153922,0.35484,-0.72207,0.56801,-0.17343,0.3381,-0.2745,0.6175,0.000,0.000,0.000,1,39
TRK,153943,0.35499,-0.72200,0.56800,-0.17343,0.3381,-0.2745,0.6175,0.000,0.000,0.000,1,39
TRK,153963,0.35487,-0.72205,0.56802,-0.17340,0.3381,-0.2745,0.6175,0.000,0.000,0.000,1,39
TRK,153983,0.35468,-0.72213,0.56804,-0.17340,0.3381,-0.2745,0.6175,0.000,0.000,0.000,1,39
TRK,154003,0.35475,-0.72211,0.56798,-0.17351,0.3381,-0.2745,0.6175,0.000,0.000,0.000,1,39
TRK,154023,0.35449,-0.72221,0.56804,-0.17343,0.3381,-0.2745,0.6175,0.000,0.000,0.000,1,39
TRK,154043,0.35475,-0.72207,0.56816,-0.17309,0.3381,-0.2745,0.6175,0.000,0.000,0.000,1,39
TRK,154062,0.35553,-0.72170,0.56830,-0.17259,0.3381,-0.2745,0.6175,0.000,0.000,0.000,1,39
TRK,154082,0.35423,-0.72206,0.56964,-0.16929,0.3379,-0.2744,0.6175,-0.010,0.008,0.000,2,39
TRK,154102,0.35180,-0.72273,0.57152,-0.16514,0.3378,-0.2743,0.6175,-0.004,0.004,-0.000,2,39
TRK,154124,0.34937,-0.72343,0.57356,-0.16008,0.3376,-0.2741,0.6175,-0.007,0.010,0.001,2,39
TRK,154144,0.34733,-0.72410,0.57510,-0.15591,0.3375,-0.2739,0.6176,-0.003,0.008,0.005,2,39
TRK,154162,0.34369,-0.72578,0.57658,-0.15059,0.3375,-0.2737,0.6177,-0.001,0.014,0.008,2,39
TRK,154184,0.34125,-0.72707,0.57745,-0.14650,0.3376,-0.2735,0.6180,0.012,0.006,0.017,2,39
TRK,154204,0.34304,-0.72788,0.57448,-0.14996,0.3379,-0.2735,0.6183,0.021,0.001,0.016,2,39
TRK,154224,0.34539,-0.72847,0.57130,-0.15384,0.3383,-0.2734,0.6187,0.015,0.000,0.018,2,39
TRK,154243,0.34687,-0.72881,0.56913,-0.15683,0.3385,-0.2734,0.6190,0.009,-0.004,0.013,2,39
TRK,154262,0.34774,-0.72905,0.56759,-0.15941,0.3385,-0.2735,0.6192,-0.004,-0.002,0.006,2,39
TRK,154282,0.34836,-0.72832,0.56789,-0.16031,0.3384,-0.2736,0.6192,-0.012,-0.003,-0.005,2,39
TRK,154302,0.34751,-0.72789,0.56929,-0.15914,0.3381,-0.2736,0.6190,-0.017,-0.001,-0.013,2,39
TRK,154322,0.34731,-0.72688,0.57132,-0.15692,0.3377,-0.2736,0.6187,-0.018,0.002,-0.018,2,39
TRK,154343,0.34653,-0.72647,0.57309,-0.15406,0.3373,-0.2735,0.6183,-0.015,0.003,-0.020,2,39
TRK,154364,0.34592,-0.72582,0.57510,-0.15095,0.3370,-0.2735,0.6179,-0.012,0.002,-0.012,2,39
TRK,154384,0.34185,-0.72797,0.57582,-0.14709,0.3369,-0.2734,0.6178,0.000,0.004,0.003,2,39
TRK,154402,0.34491,-0.72670,0.57523,-0.14852,0.3370,-0.2733,0.6180,0.005,0.007,0.011,2,39
TRK,154422,0.34357,-0.72805,0.57445,-0.14804,0.3371,-0.2733,0.6183,0.008,-0.000,0.021,2,39
TRK,154444,0.34354,-0.72940,0.57254,-0.14883,0.3373,-0.2732,0.6187,0.007,0.007,0.019,2,39
TRK,154463,0.34226,-0.73083,0.57143,-0.14906,0.3374,-0.2731,0.6191,0.009,-0.002,0.021,2,39
TRK,154481,0.34163,-0.73204,0.56998,-0.15009,0.3375,-0.2731,0.6195,0.003,0.003,0.017,2,39
TRK,154503,0.34134,-0.73270,0.56897,-0.15136,0.3375,-0.2731,0.6198,-0.004,-0.001,0.017,2,39
TRK,154521,0.34089,-0.73302,0.56857,-0.15231,0.3374,-0.2731,0.6200,-0.009,0.001,0.007,2,39
TRK,154543,0.34036,-0.73296,0.56889,-0.15262,0.3371,-0.2731,0.6201,-0.014,-0.001,0.002,2,39
TRK,154563,0.34037,-0.73241,0.56962,-0.15254,0.3368,-0.2731,0.6201,-0.015,0.002,-0.007,2,39
TRK,154583,0.34043,-0.73186,0.57047,-0.15182,0.3365,-0.2731,0.6199,-0.015,0.002,-0.010,2,39
TRK,154602,0.34119,-0.73116,0.57118,-0.15085,0.3363,-0.2730,0.6197,-0.012,0.005,-0.014,2,39
TRK,154621,0.34176,-0.73082,0.57166,-0.14937,0.3361,-0.2729,0.6194,-0.009,0.005,-0.013,2,39
TRK,154644,0.34320,-0.73046,0.57156,-0.14820,0.3359,-0.2728,0.6191,-0.009,0.008,-0.011,2,39
STAT,404.3,400.8,0,0,0,0.2909,9.560,0.1006,0.1200,-0.0134,9.6794,1.21,0.010
TRK,154663,0.34417,-0.73025,0.57145,-0.14740,0.3358,-0.2726,0.6189,-0.004,0.004,-0.009,2,39
TRK,154681,0.34546,-0.73028,0.57058,-0.14761,0.3358,-0.2726,0.6188,-0.006,0.003,-0.004,2,39
TRK,154703,0.34761,-0.72953,0.56978,-0.14933,0.3356,-0.2725,0.6187,-0.005,-0.000,-0.002,2,39
TRK,154724,0.34784,-0.72954,0.56924,-0.15079,0.3354,-0.2725,0.6188,-0.005,-0.003,0.002,2,39
TRK,154743,0.35045,-0.72906,0.56719,-0.15477,0.3353,-0.2726,0.6189,-0.011,0.001,0.006,2,39
TRK,154761,0.35194,-0.72806,0.56684,-0.15737,0.3351,-0.2726,0.6190,-0.009,-0.004,0.005,2,39
TRK,154782,0.35328,-0.72797,0.56493,-0.16157,0.3350,-0.2727,0.6190,-0.013,-0.002,0.005,2,39
TRK,154802,0.35549,-0.72642,0.56394,-0.16709,0.3348,-0.2728,0.6192,-0.002,-0.012,0.006,2,39
TRK,154822,0.35713,-0.72611,0.56265,-0.16924,0.3345,-0.2728,0.6193,-0.025,0.015,0.005,2,39
TRK,154844,0.35662,-0.72603,0.56300,-0.16950,0.3342,-0.2727,0.6194,-0.013,0.002,0.004,2,39
TRK,154864,0.35562,-0.72640,0.56322,-0.16928,0.3339,-0.2726,0.6195,-0.012,0.004,0.005,2,39
TRK,154884,0.35537,-0.72657,0.56304,-0.16966,0.3337,-0.2725,0.6196,-0.013,0.002,0.006,2,39
TRK,154904,0.35521,-0.72659,0.56305,-0.16991,0.3334,-0.2725,0.6197,-0.013,0.005,0.006,2,39
TRK,154924,0.35471,-0.72681,0.56280,-0.17084,0.3332,-0.2723,0.6198,-0.015,0.013,0.006,2,39
TRK,154944,0.35390,-0.72702,0.56309,-0.17066,0.3328,-0.2720,0.6199,-0.015,0.018,0.007,2,39
TRK,154962,0.35427,-0.72638,0.56341,-0.17156,0.3326,-0.2716,0.6201,-0.013,0.021,0.007,2,39
TRK,154983,0.35491,-0.72580,0.56345,-0.17257,0.3323,-0.2711,0.6202,-0.014,0.020,0.007,2,39
TRK,155002,0.35407,-0.72627,0.56335,-0.17265,0.3320,-0.2707,0.6203,-0.014,0.024,0.006,2,39
TRK,155022,0.35470,-0.72569,0.56340,-0.17361,0.3318,-0.2702,0.6205,-0.012,0.028,0.009,2,39
TRK,155044,0.35640,-0.72462,0.56319,-0.17529,0.3315,-0.2696,0.6207,-0.012,0.027,0.007,2,39
TRK,155064,0.35520,-0.72520,0.56337,-0.17472,0.3313,-0.2692,0.6208,-0.005,0.016,0.007,2,39
TRK,155084,0.35533,-0.72552,0.56284,-0.17486,0.3312,-0.2688,0.6210,-0.004,0.024,0.010,2,39
TRK,155104,0.35746,-0.72524,0.56164,-0.17552,0.3312,-0.2684,0.6212,-0.002,0.012,0.009,2,39
TRK,155124,0.35759,-0.72586,0.56083,-0.17529,0.3311,-0.2682,0.6213,-0.010,0.012,0.007,2,39
TRK,155142,0.35616,-0.72677,0.56094,-0.17409,0.3308,-0.2680,0.6214,-0.015,0.007,0.008,2,39
TRK,155163,0.35722,-0.72606,0.56089,-0.17503,0.3305,-0.2679,0.6216,-0.016,0.007,0.010,2,39
TRK,155184,0.35863,-0.72522,0.56071,-0.17618,0.3302,-0.2677,0.6219,-0.014,0.007,0.008,2,39
TRK,155202,0.35780,-0.72575,0.56078,-0.17549,0.3299,-0.2676,0.6220,-0.013,0.008,0.007,2,39
TRK,155222,0.35644,-0.72652,0.56097,-0.17443,0.3297,-0.2674,0.6221,-0.014,0.007,0.008,2,39
TRK,155243,0.35723,-0.72604,0.56089,-0.17508,0.3294,-0.2673,0.6223,-0.015,0.006,0.009,2,39
TRK,155261,0.35810,-0.72553,0.56077,-0.17580,0.3291,-0.2672,0.6225,-0.014,0.007,0.007,2,39
TRK,155283,0.35746,-0.72589,0.56086,-0.17535,0.3288,-0.2670,0.6226,-0.014,0.008,0.005,2,39
TRK,155302,0.35650,-0.72645,0.56097,-0.17463,0.3285,-0.2669,0.6227,-0.014,0.007,0.007,2,39
TRK,155324,0.35703,-0.72615,0.56087,-0.17511,0.3282,-0.2667,0.6229,-0.015,0.007,0.009,2,39
TRK,155342,0.35788,-0.72567,0.56073,-0.17579,0.3280,-0.2666,0.6230,-0.015,0.007,0.008,2,39
TRK,155364,0.35753,-0.72590,0.56075,-0.17551,0.3276,-0.2664,0.6232,-0.014,0.007,0.006,2,39
TRK,155383,0.35666,-0.72641,0.56086,-0.17481,0.3274,-0.2663,0.6233,-0.014,0.007,0.007,2,39
TRK,155401,0.35680,-0.72630,0.56087,-0.17493,0.3271,-0.2662,0.6234,-0.014,0.007,0.008,2,39
TRK,155421,0.35776,-0.72571,0.56078,-0.17571,0.3268,-0.2660,0.6236,-0.014,0.007,0.007,2,39
TRK,155443,0.35739,-0.72591,0.56084,-0.17543,0.3265,-0.2659,0.6237,-0.014,0.007,0.005,2,39
TRK,155464,0.35631,-0.72652,0.56101,-0.17460,0.3262,-0.2657,0.6239,-0.015,0.007,0.007,2,39
TRK,155483,0.35666,-0.72635,0.56092,-0.17488,0.3259,-0.2656,0.6240,-0.016,0.007,0.008,2,39
TRK,155504,0.35769,-0.72572,0.56082,-0.17570,0.3256,-0.2655,0.6242,-0.015,0.007,0.006,2,39
TRK,155521,0.35741,-0.72584,0.56090,-0.17552,0.3253,-0.2653,0.6243,-0.014,0.008,0.006,2,39
TRK,155542,0.35616,-0.72654,0.56108,-0.17457,0.3251,-0.2652,0.6244,-0.014,0.007,0.007,2,39
TRK,155562,0.35655,-0.72630,0.56105,-0.17487,0.3248,-0.2651,0.6245,-0.014,0.006,0.008,2,39
TRK,155582,0.35744,-0.72574,0.56098,-0.17561,0.3245,-0.2649,0.6247,-0.014,0.006,0.007,2,39
TRK,155604,0.35668,-0.72618,0.56108,-0.17499,0.3242,-0.2648,0.6248,-0.014,0.007,0.005,2,39
TRK,155622,0.35604,-0.72655,0.56116,-0.17452,0.3239,-0.2646,0.6249,-0.015,0.006,0.007,2,39
TRK,155644,0.35674,-0.72614,0.56107,-0.17507,0.3236,-0.2645,0.6251,-0.015,0.006,0.008,2,39
STAT,404.3,400.8,0,0,0,0.0800,5.859,0.1006,0.1200,-0.0134,9.6794,1.21,0.010
TRK,155663,0.35730,-0.72583,0.56100,-0.17548,0.3233,-0.2644,0.6252,-0.014,0.006,0.007,2,39
TRK,155683,0.35672,-0.72617,0.56107,-0.17502,0.3230,-0.2643,0.6253,-0.013,0.006,0.006,2,39
TRK,155703,0.35623,-0.72644,0.56112,-0.17469,0.3228,-0.2642,0.6255,-0.014,0.006,0.007,2,39
TRK,155723,0.35681,-0.72610,0.56106,-0.17518,0.3225,-0.2640,0.6256,-0.013,0.006,0.007,2,39
TRK,155741,0.35699,-0.72594,0.56109,-0.17534,0.3341,-0.2697,0.6202,0.000,0.000,0.000,1,40
TRK,155763,0.35625,-0.72622,0.56135,-0.17486,0.3341,-0.2697,0.6202,0.000,0.000,0.000,1,40
TRK,155782,0.35614,-0.72626,0.56139,-0.17479,0.3341,-0.2697,0.6202,0.000,0.000,0.000,1,40
TRK,155803,0.35667,-0.72606,0.56121,-0.17512,0.3341,-0.2697,0.6202,0.000,0.000,0.000,1,40
TRK,155823,0.35655,-0.72611,0.56124,-0.17506,0.3341,-0.2697,0.6202,0.000,0.000,0.000,1,40
TRK,155844,0.35603,-0.72631,0.56138,-0.17485,0.3341,-0.2697,0.6202,0.000,0.000,0.000,1,40
TRK,155862,0.35618,-0.72628,0.56122,-0.17519,0.3341,-0.2697,0.6202,0.000,0.000,0.000,1,40
TRK,155882,0.35642,-0.72621,0.56101,-0.17563,0.3341,-0.2697,0.6202,0.000,0.000,0.000,1,40
TRK,155902,0.35612,-0.72633,0.56109,-0.17552,0.3341,-0.2697,0.6202,0.000,0.000,0.000,1,40
TRK,155924,0.35598,-0.72638,0.56112,-0.17547,0.3341,-0.2697,0.6202,0.000,0.000,0.000,1,40
TRK,155943,0.35623,-0.72629,0.56103,-0.17562,0.3341,-0.2697,0.6202,0.000,0.000,0.000,1,40
TRK,155961,0.35617,-0.72630,0.56110,-0.17547,0.3341,-0.2697,0.6202,0.000,0.000,0.000,1,40
TRK,155983,0.35566,-0.72649,0.56130,-0.17510,0.3341,-0.2697,0.6202,0.000,0.000,0.000,1,40
TRK,156002,0.35567,-0.72649,0.56129,-0.17513,0.3341,-0.2697,0.6202,0.000,0.000,0.000,1,40
TRK,156022,0.35614,-0.72632,0.56109,-0.17551,0.3341,-0.2697,0.6202,0.000,0.000,0.000,1,40
TRK,156042,0.35606,-0.72636,0.56108,-0.17554,0.3341,-0.2697,0.6202,0.000,0.000,0.000,1,40
TRK,156064,0.35559,-0.72653,0.56122,-0.17530,0.3341,-0.2697,0.6202,0.000,0.000,0.000,1,40
TRK,156084,0.35587,-0.72643,0.56112,-0.17550,0.3341,-0.2697,0.6202,0.000,0.000,0.000,1,40
TRK,156104,0.35625,-0.72629,0.56101,-0.17567,0.3341,-0.2697,0.6202,0.000,0.000,0.000,1,40
TRK,156122,0.35600,-0.72637,0.56116,-0.17536,0.3341,-0.2697,0.6202,0.000,0.000,0.000,1,40
TRK,156142,0.35553,-0.72654,0.56136,-0.17500,0.3341,-0.2697,0.6202,0.000,0.000,0.000,1,40
TRK,156164,0.35576,-0.72645,0.56125,-0.17520,0.3341,-0.2697,0.6202,0.000,0.000,0.000,1,40
TRK,156183,0.35607,-0.72634,0.56113,-0.17542,0.3341,-0.2697,0.6202,0.000,0.000,0.000,1,40
TRK,156204,0.35575,-0.72647,0.56122,-0.17527,0.3341,-0.2697,0.6202,0.000,0.000,0.000,1,40
TRK,156221,0.35549,-0.72657,0.56128,-0.17518,0.3341,-0.2697,0.6202,0.000,0.000,0.000,1,40
TRK,156241,0.35575,-0.72647,0.56119,-0.17536,0.3341,-0.2697,0.6202,0.000,0.000,0.000,1,40
TRK,156262,0.35602,-0.72637,0.56111,-0.17547,0.3341,-0.2697,0.6202,0.000,0.000,0.000,1,40
TRK,156282,0.35581,-0.72643,0.56126,-0.17516,0.3341,-0.2697,0.6202,0.000,0.000,0.000,1,40
TRK,156302,0.35565,-0.72648,0.56136,-0.17497,0.3341,-0.2697,0.6202,0.000,0.000,0.000,1,40
TRK,156322,0.35617,-0.72629,0.56119,-0.17526,0.3341,-0.2697,0.6202,0.000,0.000,0.000,1,40
TRK,156344,0.35646,-0.72618,0.56110,-0.17542,0.3341,-0.2697,0.6202,0.000,0.000,0.000,1,40
TRK,156364,0.35605,-0.72633,0.56123,-0.17520,0.3341,-0.2697,0.6202,0.000,0.000,0.000,1,40
TRK,156384,0.35592,-0.72638,0.56127,-0.17513,0.3341,-0.2697,0.6202,0.000,0.000,0.000,1,40
TRK,156404,0.35630,-0.72624,0.56115,-0.17533,0.3341,-0.2697,0.6202,0.000,0.000,0.000,1,40
TRK,156424,0.35629,-0.72623,0.56121,-0.17518,0.3341,-0.2697,0.6202,0.000,0.000,0.000,1,40
TRK,156443,0.35567,-0.72645,0.56146,-0.17472,0.3341,-0.2697,0.6202,0.000,0.000,0.000,1,40
TRK,156463,0.35552,-0.72650,0.56153,-0.17458,0.3341,-0.2697,0.6202,0.000,0.000,0.000,1,40
TRK,156483,0.35600,-0.72633,0.56135,-0.17493,0.3341,-0.2697,0.6202,0.000,0.000,0.000,1,40
TRK,156501,0.35610,-0.72630,0.56129,-0.17504,0.3341,-0.2697,0.6202,0.000,0.000,0.000,1,40
TRK,156521,0.35563,-0.72648,0.56143,-0.17480,0.3341,-0.2697,0.6202,0.000,0.000,0.000,1,40
TRK,156542,0.35557,-0.72650,0.56142,-0.17483,0.3341,-0.2697,0.6202,0.000,0.000,0.000,1,40
TRK,156564,0.35616,-0.72629,0.56120,-0.17524,0.3341,-0.2697,0.6202,0.000,0.000,0.000,1,40
TRK,156584,0.35607,-0.72632,0.56124,-0.17516,0.3341,-0.2697,0.6202,0.000,0.000,0.000,1,40
TRK,156604,0.35558,-0.72650,0.56140,-0.17488,0.3341,-0.2697,0.6202,0.000,0.000,0.000,1,40
TRK,156624,0.35569,-0.72647,0.56131,-0.17507,0.3341,-0.2697,0.6202,0.000,0.000,0.000,1,40
TRK,156642,0.35604,-0.72635,0.56113,-0.17544,0.3341,-0.2697,0.6202,0.000,0.000,0.000,1,40
STAT,403.9,400.4,0,0,0,0.0428,2.712,0.1006,0.1200,-0.0134,9.6783,1.82,0.016
TRK,156662,0.35584,-0.72644,0.56114,-0.17544,0.3341,-0.2697,0.6202,0.000,0.000,0.000,1,40
TRK,156684,0.35546,-0.72659,0.56125,-0.17526,0.3341,-0.2697,0.6202,0.000,0.000,0.000,1,40
TRK,156703,0.35569,-0.72651,0.56114,-0.17549,0.3341,-0.2697,0.6202,0.000,0.000,0.000,1,40
TRK,156721,0.35581,-0.72646,0.56109,-0.17558,0.3341,-0.2697,0.6202,0.000,0.000,0.000,1,40
TRK,156743,0.35557,-0.72655,0.56120,-0.17536,0.3341,-0.2697,0.6202,0.000,0.000,0.000,1,40
TRK,156763,0.35550,-0.72657,0.56122,-0.17532,0.3341,-0.2697,0.6202,0.000,0.000,0.000,1,40
TRK,156783,0.35578,-0.72648,0.56111,-0.17553,0.3341,-0.2697,0.6202,0.000,0.000,0.000,1,40
TRK,156802,0.35571,-0.72650,0.56113,-0.17549,0.3341,-0.2697,0.6202,0.000,0.000,0.000,1,40
TRK,156824,0.35558,-0.72655,0.56119,-0.17538,0.3341,-0.2697,0.6202,0.000,0.000,0.000,1,40
TRK,156842,0.35576,-0.72648,0.56112,-0.17551,0.3341,-0.2697,0.6202,0.000,0.000,0.000,1,40
TRK,156864,0.35589,-0.72643,0.56110,-0.17553,0.3341,-0.2697,0.6202,0.000,0.000,0.000,1,40
TRK,156883,0.35562,-0.72652,0.56125,-0.17522,0.3341,-0.2697,0.6202,0.000,0.000,0.000,1,40
TRK,156901,0.35549,-0.72656,0.56134,-0.17505,0.3341,-0.2697,0.6202,0.000,0.000,0.000,1,40
TRK,156921,0.35579,-0.72644,0.56126,-0.17518,0.3341,-0.2697,0.6202,0.000,0.000,0.000,1,40
TRK,156941,0.35595,-0.72638,0.56122,-0.17525,0.3341,-0.2697,0.6202,0.000,0.000,0.000,1,40
TRK,156961,0.35569,-0.72647,0.56131,-0.17508,0.3341,-0.2697,0.6202,0.000,0.000,0.000,1,40
TRK,156981,0.35552,-0.72654,0.56133,-0.17506,0.3341,-0.2697,0.6202,0.000,0.000,0.000,1,40
TRK,157001,0.35575,-0.72647,0.56122,-0.17528,0.3341,-0.2697,0.6202,0.000,0.000,0.000,1,40
TRK,157023,0.35578,-0.72645,0.56123,-0.17524,0.3341,-0.2697,0.6202,0.000,0.000,0.000,1,40
TRK,157042,0.35552,-0.72654,0.56136,-0.17499,0.3341,-0.2697,0.6202,0.000,0.000,0.000,1,40
TRK,157063,0.35557,-0.72651,0.56139,-0.17492,0.3341,-0.2697,0.6202,0.000,0.000,0.000,1,40
TRK,157084,0.35574,-0.72645,0.56133,-0.17501,0.3341,-0.2697,0.6202,0.000,0.000,0.000,1,40
TRK,157102,0.35586,-0.72641,0.56126,-0.17515,0.3341,-0.2697,0.6202,0.000,0.000,0.000,1,40
TRK,157122,0.35583,-0.72643,0.56123,-0.17524,0.3341,-0.2697,0.6202,0.000,0.000,0.000,1,40
TRK,157142,0.35587,-0.72643,0.56115,-0.17541,0.3341,-0.2697,0.6202,0.000,0.000,0.000,1,40
TRK,157163,0.35581,-0.72645,0.56114,-0.17547,0.3341,-0.2697,0.6202,0.000,0.000,0.000,1,40
TRK,157183,0.35559,-0.72653,0.56123,-0.17528,0.3341,-0.2697,0.6202,0.000,0.000,0.000,1,40
TRK,157203,0.35560,-0.72652,0.56127,-0.17519,0.3341,-0.2697,0.6202,0.000,0.000,0.000,1,40
TRK,157223,0.35564,-0.72649,0.56133,-0.17505,0.3341,-0.2697,0.6202,0.000,0.000,0.000,1,40
TRK,157241,0.35548,-0.72654,0.56142,-0.17486,0.3341,-0.2697,0.6202,0.000,0.000,0.000,1,40
TRK,157261,0.35531,-0.72660,0.56152,-0.17465,0.3341,-0.2697,0.6202,0.000,0.000,0.000,1,40
TRK,157283,0.35543,-0.72655,0.56152,-0.17464,0.3341,-0.2697,0.6202,0.000,0.000,0.000,1,40
TRK,157304,0.35559,-0.72649,0.56145,-0.17477,0.3341,-0.2697,0.6202,0.000,0.000,0.000,1,40
TRK,157324,0.35563,-0.72649,0.56137,-0.17496,0.3341,-0.2697,0.6202,0.000,0.000,0.000,1,40
TRK,157344,0.35556,-0.72653,0.56132,-0.17509,0.3341,-0.2697,0.6202,0.000,0.000,0.000,1,40
TRK,157364,0.35558,-0.72654,0.56125,-0.17524,0.3341,-0.2697,0.6202,0.000,0.000,0.000,1,40
TRK,157382,0.35557,-0.72654,0.56123,-0.17530,0.3341,-0.2697,0.6202,0.000,0.000,0.000,1,40
TRK,157402,0.35559,-0.72653,0.56123,-0.17530,0.3341,-0.2697,0.6202,0.000,0.000,0.000,1,40
TRK,157423,0.35562,-0.72652,0.56123,-0.17529,0.3341,-0.2697,0.6202,0.000,0.000,0.000,1,40
TRK,157444,0.35555,-0.72654,0.56129,-0.17514,0.3341,-0.2697,0.6202,0.000,0.000,0.000,1,40
TRK,157463,0.35555,-0.72653,0.56131,-0.17510,0.3341,-0.2697,0.6202,0.000,0.000,0.000,1,40
TRK,157481,0.35569,-0.72648,0.56129,-0.17513,0.3341,-0.2697,0.6202,0.000,0.000,0.000,1,40
TRK,157503,0.35582,-0.72643,0.56126,-0.17517,0.3341,-0.2697,0.6202,0.000,0.000,0.000,1,40
TRK,157522,0.35574,-0.72645,0.56131,-0.17507,0.3341,-0.2697,0.6202,0.000,0.000,0.000,1,40
TRK,157543,0.35562,-0.72649,0.56138,-0.17493,0.3341,-0.2697,0.6202,0.000,0.000,0.000,1,40
TRK,157563,0.35568,-0.72647,0.56138,-0.17492,0.3341,-0.2697,0.6202,0.000,0.000,0.000,1,40
TRK,157582,0.35568,-0.72647,0.56137,-0.17494,0.3341,-0.2697,0.6202,0.000,0.000,0.000,1,40
TRK,157601,0.35562,-0.72649,0.56137,-0.17495,0.3341,-0.2697,0.6202,0.000,0.000,0.000,1,40
TRK,157624,0.35562,-0.72649,0.56135,-0.17499,0.3341,-0.2697,0.6202,0.000,0.000,0.000,1,40
TRK,157643,0.35569,-0.72647,0.56131,-0.17507,0.3341,-0.2697,0.6202,0.000,0.000,0.000,1,40
STAT,403.9,400.4,0,0,0,0.0280,0.377,0.0933,0.1201,-0.0336,9.6747,1.82,0.016
TRK,157661,0.35570,-0.72647,0.56131,-0.17507,0.3341,-0.2697,0.6202,0.000,0.000,0.000,1,40
TRK,157683,0.35563,-0.72649,0.56135,-0.17499,0.3341,-0.2697,0.6202,0.000,0.000,0.000,1,40
TRK,157701,0.35573,-0.72645,0.56135,-0.17497,0.3341,-0.2697,0.6202,0.000,0.000,0.000,1,40
TRK,157723,0.35582,-0.72641,0.56136,-0.17494,0.3341,-0.2697,0.6202,0.000,0.000,0.000,1,40
TRK,157741,0.35572,-0.72644,0.56140,-0.17486,0.3341,-0.2697,0.6202,0.000,0.000,0.000,1,40
TRK,157762,0.35565,-0.72648,0.56138,-0.17491,0.3341,-0.2697,0.6202,0.000,0.000,0.000,1,40
TRK,157782,0.35562,-0.72655,0.56109,-0.17561,0.3341,-0.2697,0.6202,0.000,0.000,0.000,1,40
TRK,157802,0.35565,-0.72653,0.56113,-0.17552,0.3341,-0.2697,0.6202,0.000,0.000,0.000,1,40
TRK,157822,0.35568,-0.72651,0.56114,-0.17549,0.3341,-0.2697,0.6202,0.000,0.000,0.000,1,40
TRK,157844,0.35569,-0.72651,0.56112,-0.17553,0.3341,-0.2697,0.6202,0.000,0.000,0.000,1,40
TRK,157864,0.35562,-0.72654,0.56116,-0.17545,0.3341,-0.2697,0.6202,0.000,0.000,0.000,1,40
TRK,157884,0.35559,-0.72654,0.56121,-0.17534,0.3341,-0.2697,0.6202,0.000,0.000,0.000,1,40
TRK,157903,0.35560,-0.72655,0.56115,-0.17546,0.3341,-0.2697,0.6202,0.000,0.000,0.000,1,40
TRK,157923,0.35552,-0.72659,0.56110,-0.17562,0.3341,-0.2697,0.6202,0.000,0.000,0.000,1,40
TRK,157943,0.35545,-0.72663,0.56106,-0.17572,0.3341,-0.2697,0.6202,0.000,0.000,0.000,1,40
TRK,157963,0.35542,-0.72665,0.56101,-0.17585,0.3341,-0.2697,0.6202,0.000,0.000,0.000,1,40
TRK,157981,0.35542,-0.72666,0.56097,-0.17594,0.3341,-0.2697,0.6202,0.000,0.000,0.000,1,40
TRK,158003,0.35544,-0.72665,0.56098,-0.17592,0.3341,-0.2697,0.6202,0.000,0.000,0.000,1,40
TRK,158023,0.35537,-0.72667,0.56104,-0.17578,0.3341,-0.2697,0.6202,0.000,0.000,0.000,1,40
TRK,158042,0.35516,-0.72674,0.56115,-0.17555,0.3341,-0.2697,0.6202,0.000,0.000,0.000,1,40
TRK,158062,0.35505,-0.72677,0.56124,-0.17536,0.3341,-0.2697,0.6202,0.000,0.000,0.000,1,40
TRK,158081,0.35520,-0.72671,0.56121,-0.17540,0.3341,-0.2697,0.6202,0.000,0.000,0.000,1,40
TRK,158101,0.35530,-0.72668,0.56114,-0.17555,0.3341,-0.2697,0.6202,0.000,0.000,0.000,1,40
TRK,158124,0.35502,-0.72679,0.56119,-0.17549,0.3341,-0.2697,0.6202,0.000,0.000,0.000,1,40
TRK,158143,0.35491,-0.72684,0.56120,-0.17549,0.3341,-0.2697,0.6202,0.000,0.000,0.000,1,40
TRK,158161,0.35524,-0.72672,0.56108,-0.17571,0.3341,-0.2697,0.6202,0.000,0.000,0.000,1,40
TRK,158183,0.35535,-0.72667,0.56107,-0.17571,0.3341,-0.2697,0.6202,0.000,0.000,0.000,1,40
TRK,158204,0.35489,-0.72682,0.56134,-0.17516,0.3341,-0.2697,0.6202,0.000,0.000,0.000,1,40
TRK,158223,0.35485,-0.72682,0.56143,-0.17497,0.3341,-0.2697,0.6202,0.000,0.000,0.000,1,40
TRK,158241,0.35529,-0.72665,0.56130,-0.17518,0.3341,-0.2697,0.6202,0.000,0.000,0.000,1,40
TRK,158263,0.35537,-0.72662,0.56125,-0.17527,0.3341,-0.2697,0.6202,0.000,0.000,0.000,1,40
TRK,158282,0.35496,-0.72678,0.56137,-0.17507,0.3341,-0.2697,0.6202,0.000,0.000,0.000,1,40
TRK,158304,0.35502,-0.72677,0.56128,-0.17528,0.3341,-0.2697,0.6202,0.000,0.000,0.000,1,40
TRK,158322,0.35556,-0.72659,0.56103,-0.17575,0.3341,-0.2697,0.6202,0.000,0.000,0.000,1,40
TRK,158341,0.35537,-0.72666,0.56109,-0.17565,0.3341,-0.2697,0.6202,0.000,0.000,0.000,1,40
TRK,158364,0.35475,-0.72689,0.56132,-0.17524,0.3341,-0.2697,0.6202,0.000,0.000,0.000,1,40
TRK,158383,0.35503,-0.72679,0.56121,-0.17544,0.3341,-0.2697,0.6202,0.000,0.000,0.000,1,40
TRK,158401,0.35543,-0.72664,0.56105,-0.17575,0.3341,-0.2697,0.6202,0.000,0.000,0.000,1,40
TRK,158423,0.35498,-0.72681,0.56120,-0.17549,0.3341,-0.2697,0.6202,0.000,0.000,0.000,1,40
TRK,158444,0.35451,-0.72699,0.56133,-0.17526,0.3341,-0.2697,0.6202,0.000,0.000,0.000,1,40
TRK,158463,0.35498,-0.72682,0.56114,-0.17562,0.3341,-0.2697,0.6202,0.000,0.000,0.000,1,40
TRK,158481,0.35539,-0.72667,0.56100,-0.17588,0.3341,-0.2697,0.6202,0.000,0.000,0.000,1,40
TRK,158503,0.35482,-0.72688,0.56121,-0.17548,0.3341,-0.2697,0.6202,0.000,0.000,0.000,1,40
TRK,158522,0.35449,-0.72699,0.56135,-0.17522,0.3341,-0.2697,0.6202,0.000,0.000,0.000,1,40
TRK,158542,0.35516,-0.72675,0.56112,-0.17563,0.3341,-0.2697,0.6202,0.000,0.000,0.000,1,40
TRK,158562,0.35549,-0.72662,0.56101,-0.17583,0.3341,-0.2697,0.6202,0.000,0.000,0.000,1,40
TRK,158584,0.35504,-0.72679,0.56118,-0.17552,0.3341,-0.2697,0.6202,0.000,0.000,0.000,1,40
TRK,158602,0.35492,-0.72683,0.56120,-0.17549,0.3341,-0.2697,0.6202,0.000,0.000,0.000,1,40
TRK,158624,0.35542,-0.72666,0.56101,-0.17584,0.3341,-0.2697,0.6202,0.000,0.000,0.000,1,40
TRK,158643,0.35553,-0.72661,0.56100,-0.17583,0.3341,-0.2697,0.6202,0.000,0.000,0.000,1,40
STAT,403.9,400.9,0,0,0,0.0564,2.700,0.0987,0.1252,-0.0401,9.6761,1.82,0.016
TRK,158664,0.35517,-0.72673,0.56119,-0.17546,0.3341,-0.2697,0.6202,0.000,0.000,0.000,1,40
TRK,158683,0.35519,-0.72671,0.56122,-0.17539,0.3341,-0.2697,0.6202,0.000,0.000,0.000,1,40
TRK,158704,0.35545,-0.72662,0.56113,-0.17555,0.3341,-0.2697,0.6202,0.000,0.000,0.000,1,40
TRK,158723,0.35527,-0.72668,0.56122,-0.17538,0.3341,-0.2697,0.6202,0.000,0.000,0.000,1,40
TRK,158741,0.35511,-0.72673,0.56128,-0.17525,0.3341,-0.2697,0.6202,0.000,0.000,0.000,1,40
TRK,158763,0.35546,-0.72661,0.56114,-0.17552,0.3341,-0.2697,0.6202,0.000,0.000,0.000,1,40
TRK,158782,0.35564,-0.72654,0.56110,-0.17558,0.3341,-0.2697,0.6202,0.000,0.000,0.000,1,40
TRK,158802,0.35543,-0.72660,0.56123,-0.17531,0.3341,-0.2697,0.6202,0.000,0.000,0.000,1,40
TRK,158822,0.35530,-0.72664,0.56133,-0.17510,0.3341,-0.2697,0.6202,0.000,0.000,0.000,1,40
TRK,158844,0.35551,-0.72656,0.56129,-0.17516,0.3341,-0.2697,0.6202,0.000,0.000,0.000,1,40
TRK,158864,0.35548,-0.72657,0.56129,-0.17516,0.3341,-0.2697,0.6202,0.000,0.000,0.000,1,40
TRK,158882,0.35507,-0.72673,0.56138,-0.17503,0.3341,-0.2697,0.6202,0.000,0.000,0.000,1,40
TRK,158904,0.35493,-0.72680,0.56134,-0.17515,0.3341,-0.2697,0.6202,0.000,0.000,0.000,1,40
TRK,158924,0.35522,-0.72671,0.56117,-0.17550,0.3341,-0.2697,0.6202,0.000,0.000,0.000,1,40
TRK,158943,0.35521,-0.72672,0.56114,-0.17557,0.3341,-0.2697,0.6202,0.000,0.000,0.000,1,40
TRK,158962,0.35487,-0.72684,0.56128,-0.17531,0.3341,-0.2697,0.6202,0.000,0.000,0.000,1,40
TRK,158982,0.35481,-0.72686,0.56133,-0.17520,0.3341,-0.2697,0.6202,0.000,0.000,0.000,1,40
TRK,159002,0.35520,-0.72671,0.56122,-0.17538,0.3341,-0.2697,0.6202,0.000,0.000,0.000,1,40
TRK,159022,0.35527,-0.72668,0.56122,-0.17537,0.3341,-0.2697,0.6202,0.000,0.000,0.000,1,40
TRK,159042,0.35486,-0.72683,0.56135,-0.17514,0.3341,-0.2697,0.6202,0.000,0.000,0.000,1,40
TRK,159062,0.35488,-0.72683,0.56133,-0.17518,0.3341,-0.2697,0.6202,0.000,0.000,0.000,1,40
TRK,159084,0.35540,-0.72664,0.56111,-0.17560,0.3341,-0.2697,0.6202,0.000,0.000,0.000,1,40
TRK,159104,0.35528,-0.72668,0.56117,-0.17550,0.3341,-0.2697,0.6202,0.000,0.000,0.000,1,40
TRK,159121,0.35485,-0.72684,0.56133,-0.17519,0.3341,-0.2697,0.6202,0.000,0.000,0.000,1,40
TRK,159142,0.35496,-0.72679,0.56132,-0.17519,0.3341,-0.2697,0.6202,0.000,0.000,0.000,1,40
TRK,159164,0.35553,-0.72658,0.56112,-0.17556,0.3341,-0.2697,0.6202,0.000,0.000,0.000,1,40
TRK,159183,0.35537,-0.72664,0.56119,-0.17544,0.3341,-0.2697,0.6202,0.000,0.000,0.000,1,40
TRK,159201,0.35481,-0.72685,0.56137,-0.17511,0.3341,-0.2697,0.6202,0.000,0.000,0.000,1,40
TRK,159221,0.35504,-0.72677,0.56127,-0.17529,0.3341,-0.2697,0.6202,0.000,0.000,0.000,1,40
TRK,159241,0.35550,-0.72660,0.56109,-0.17564,0.3341,-0.2697,0.6202,0.000,0.000,0.000,1,40
TRK,159262,0.35523,-0.72670,0.56119,-0.17545,0.3341,-0.2697,0.6202,0.000,0.000,0.000,1,40
TRK,159282,0.35480,-0.72686,0.56136,-0.17514,0.3341,-0.2697,0.6202,0.000,0.000,0.000,1,40
TRK,159302,0.35519,-0.72671,0.56125,-0.17531,0.3341,-0.2697,0.6202,0.000,0.000,0.000,1,40
TRK,159322,0.35547,-0.72660,0.56117,-0.17545,0.3341,-0.2697,0.6202,0.000,0.000,0.000,1,40
TRK,159344,0.35500,-0.72677,0.56135,-0.17512,0.3341,-0.2697,0.6202,0.000,0.000,0.000,1,40
TRK,159364,0.35516,-0.72671,0.56128,-0.17525,0.3341,-0.2697,0.6202,0.000,0.000,0.000,1,40
TRK,159384,0.35547,-0.72660,0.56114,-0.17552,0.3341,-0.2697,0.6202,0.000,0.000,0.000,1,40
TRK,159404,0.35523,-0.72670,0.56120,-0.17542,0.3341,-0.2697,0.6202,0.000,0.000,0.000,1,40
TRK,159424,0.35490,-0.72682,0.56130,-0.17525,0.3341,-0.2697,0.6202,0.000,0.000,0.000,1,40
TRK,159443,0.35532,-0.72667,0.56115,-0.17554,0.3341,-0.2697,0.6202,0.000,0.000,0.000,1,40
TRK,159463,0.35549,-0.72662,0.56105,-0.17573,0.3341,-0.2697,0.6202,0.000,0.000,0.000,1,40
TRK,159481,0.35496,-0.72681,0.56122,-0.17543,0.3341,-0.2697,0.6202,0.000,0.000,0.000,1,40
TRK,159503,0.35474,-0.72690,0.56125,-0.17541,0.3341,-0.2697,0.6202,0.000,0.000,0.000,1,40
TRK,159523,0.35522,-0.72674,0.56105,-0.17579,0.3341,-0.2697,0.6202,0.000,0.000,0.000,1,40
TRK,159543,0.35512,-0.72677,0.56107,-0.17575,0.3341,-0.2697,0.6202,0.000,0.000,0.000,1,40
TRK,159562,0.35470,-0.72692,0.56126,-0.17540,0.3341,-0.2697,0.6202,0.000,0.000,0.000,1,40
TRK,159581,0.35480,-0.72688,0.56124,-0.17541,0.3341,-0.2697,0.6202,0.000,0.000,0.000,1,40
TRK,159601,0.35527,-0.72670,0.56110,-0.17566,0.3341,-0.2697,0.6202,0.000,0.000,0.000,1,40
TRK,159624,0.35504,-0.72678,0.56120,-0.17546,0.3341,-0.2697,0.6202,0.000,0.000,0.000,1,40
TRK,159643,0.35471,-0.72690,0.56133,-0.17523,0.3341,-0.2697,0.6202,0.000,0.000,0.000,1,40
STAT,403.9,400.9,0,0,0,0.0554,2.864,0.0987,0.1252,-0.0401,9.6822,1.82,0.016
TRK,159663,0.35515,-0.72674,0.56115,-0.17556,0.3341,-0.2697,0.6202,0.000,0.000,0.000,1,40
TRK,159683,0.35544,-0.72664,0.56104,-0.17577,0.3341,-0.2697,0.6202,0.000,0.000,0.000,1,40
TRK,159703,0.35506,-0.72677,0.56119,-0.17548,0.3341,-0.2697,0.6202,0.000,0.000,0.000,1,40
TRK,159721,0.35493,-0.72682,0.56127,-0.17532,0.3341,-0.2697,0.6202,0.000,0.000,0.000,1,40
TRK,159741,0.35530,-0.72668,0.56115,-0.17552,0.3341,-0.2697,0.6202,0.000,0.000,0.000,1,40
TRK,159763,0.35546,-0.72661,0.56114,-0.17553,0.3341,-0.2697,0.6202,0.000,0.000,0.000,1,40
TRK,159782,0.35507,-0.72675,0.56129,-0.17525,0.3341,-0.2697,0.6202,0.000,0.000,0.000,1,40
TRK,159804,0.35505,-0.72676,0.56128,-0.17528,0.3341,-0.2697,0.6202,0.000,0.000,0.000,1,40
TRK,159824,0.35547,-0.72661,0.56111,-0.17560,0.3341,-0.2697,0.6202,0.000,0.000,0.000,1,40
TRK,159844,0.35531,-0.72667,0.56116,-0.17550,0.3341,-0.2697,0.6202,0.000,0.000,0.000,1,40
TRK,159862,0.35496,-0.72680,0.56127,-0.17531,0.3341,-0.2697,0.6202,0.000,0.000,0.000,1,40
TRK,159883,0.35517,-0.72673,0.56120,-0.17545,0.3341,-0.2697,0.6202,0.000,0.000,0.000,1,40
TRK,159904,0.35542,-0.72663,0.56111,-0.17562,0.3341,-0.2697,0.6202,0.000,0.000,0.000,1,40
TRK,159922,0.35507,-0.72676,0.56124,-0.17538,0.3341,-0.2697,0.6202,0.000,0.000,0.000,1,40
TRK,159944,0.35481,-0.72686,0.56131,-0.17526,0.3341,-0.2697,0.6202,0.000,0.000,0.000,1,40
TRK,159964,0.35518,-0.72673,0.56116,-0.17554,0.3341,-0.2697,0.6202,0.000,0.000,0.000,1,40
TRK,159983,0.35536,-0.72666,0.56110,-0.17565,0.3341,-0.2697,0.6202,0.000,0.000,0.000,1,40
TRK,160002,0.35496,-0.72681,0.56126,-0.17534,0.3341,-0.2697,0.6202,0.000,0.000,0.000,1,40
TRK,160024,0.35486,-0.72684,0.56131,-0.17525,0.3341,-0.2697,0.6202,0.000,0.000,0.000,1,40
TRK,160043,0.35537,-0.72664,0.56117,-0.17547,0.3341,-0.2697,0.6202,0.000,0.000,0.000,1,40
TRK,160062,0.35544,-0.72660,0.56120,-0.17538,0.3341,-0.2697,0.6202,0.000,0.000,0.000,1,40
TRK,160084,0.35491,-0.72680,0.56140,-0.17502,0.3341,-0.2697,0.6202,0.000,0.000,0.000,1,40
TRK,160102,0.35489,-0.72682,0.56135,-0.17515,0.3341,-0.2697,0.6202,0.000,0.000,0.000,1,40
TRK,160124,0.35536,-0.72666,0.56112,-0.17560,0.3341,-0.2697,0.6202,0.000,0.000,0.000,1,40
TRK,160142,0.35518,-0.72673,0.56113,-0.17560,0.3341,-0.2697,0.6202,0.000,0.000,0.000,1,40
TRK,160164,0.35459,-0.72696,0.56128,-0.17536,0.3341,-0.2697,0.6202,0.000,0.000,0.000,1,40
TRK,160184,0.35489,-0.72685,0.56118,-0.17554,0.3341,-0.2697,0.6202,0.000,0.000,0.000,1,40
TRK,160204,0.35528,-0.72670,0.56107,-0.17574,0.3341,-0.2697,0.6202,0.000,0.000,0.000,1,40
TRK,160223,0.35499,-0.72681,0.56120,-0.17548,0.3341,-0.2697,0.6202,0.000,0.000,0.000,1,40
TRK,160242,0.35462,-0.72693,0.56136,-0.17517,0.3341,-0.2697,0.6202,0.000,0.000,0.000,1,40
TRK,160262,0.35503,-0.72678,0.56121,-0.17544,0.3341,-0.2697,0.6202,0.000,0.000,0.000,1,40
TRK,160282,0.35542,-0.72664,0.56106,-0.17573,0.3341,-0.2697,0.6202,0.000,0.000,0.000,1,40
TRK,160304,0.35503,-0.72678,0.56122,-0.17541,0.3341,-0.2697,0.6202,0.000,0.000,0.000,1,40
TRK,160322,0.35484,-0.72685,0.56131,-0.17525,0.3341,-0.2697,0.6202,0.000,0.000,0.000,1,40
TRK,160342,0.35536,-0.72665,0.56112,-0.17558,0.3341,-0.2697,0.6202,0.000,0.000,0.000,1,40
TRK,160362,0.35549,-0.72661,0.56109,-0.17564,0.3341,-0.2697,0.6202,0.000,0.000,0.000,1,40
TRK,160384,0.35482,-0.72686,0.56132,-0.17522,0.3341,-0.2697,0.6202,0.000,0.000,0.000,1,40
TRK,160403,0.35472,-0.72690,0.56133,-0.17523,0.3341,-0.2697,0.6202,0.000,0.000,0.000,1,40
TRK,160424,0.35537,-0.72666,0.56108,-0.17570,0.3341,-0.2697,0.6202,0.000,0.000,0.000,1,40
TRK,160443,0.35537,-0.72667,0.56105,-0.17576,0.3341,-0.2697,0.6202,0.000,0.000,0.000,1,40
TRK,160463,0.35489,-0.72684,0.56122,-0.17545,0.3341,-0.2697,0.6202,0.000,0.000,0.000,1,40
TRK,160481,0.35493,-0.72682,0.56122,-0.17544,0.3341,-0.2697,0.6202,0.000,0.000,0.000,1,40
TRK,160501,0.35559,-0.72658,0.56102,-0.17579,0.3341,-0.2697,0.6202,0.000,0.000,0.000,1,40
TRK,160523,0.35555,-0.72658,0.56109,-0.17563,0.3341,-0.2697,0.6202,0.000,0.000,0.000,1,40
TRK,160542,0.35514,-0.72672,0.56127,-0.17528,0.3341,-0.2697,0.6202,0.000,0.000,0.000,1,40
TRK,160564,0.35530,-0.72667,0.56121,-0.17540,0.3341,-0.2697,0.6202,0.000,0.000,0.000,1,40
TRK,160584,0.35559,-0.72656,0.56108,-0.17564,0.3341,-0.2697,0.6202,0.000,0.000,0.000,1,40
TRK,160602,0.35531,-0.72667,0.56114,-0.17556,0.3341,-0.2697,0.6202,0.000,0.000,0.000,1,40
TRK,160622,0.35492,-0.72683,0.56123,-0.17542,0.3341,-0.2697,0.6202,0.000,0.000,0.000,1,40
TRK,160642,0.35507,-0.72678,0.56114,-0.17559,0.3341,-0.2697,0.6202,0.000,0.000,0.000,1,40
STAT,404.4,400.4,0,0,0,0.0380,2.271,0.0987,0.1252,-0.0401,9.6766,1.82,0.016
TRK,160662,0.35522,-0.72672,0.56109,-0.17569,0.3341,-0.2697,0.6202,0.000,0.000,0.000,1,40
TRK,160684,0.35488,-0.72685,0.56119,-0.17551,0.3341,-0.2697,0.6202,0.000,0.000,0.000,1,40
TRK,160704,0.35476,-0.72690,0.56122,-0.17547,0.3341,-0.2697,0.6202,0.000,0.000,0.000,1,40
TRK,160723,0.35488,-0.72686,0.56116,-0.17560,0.3341,-0.2697,0.6202,0.000,0.000,0.000,1,40
TRK,160741,0.35490,-0.72686,0.56113,-0.17565,0.3341,-0.2697,0.6202,0.000,0.000,0.000,1,40
TRK,160762,0.35476,-0.72691,0.56118,-0.17557,0.3341,-0.2697,0.6202,0.000,0.000,0.000,1,40
TRK,160782,0.35488,-0.72686,0.56113,-0.17566,0.3341,-0.2697,0.6202,0.000,0.000,0.000,1,40
TRK,160802,0.35504,-0.72681,0.56108,-0.17576,0.3341,-0.2697,0.6202,0.000,0.000,0.000,1,40
TRK,160824,0.35487,-0.72686,0.56119,-0.17552,0.3341,-0.2697,0.6202,0.000,0.000,0.000,1,40
TRK,160844,0.35484,-0.72686,0.56122,-0.17545,0.3341,-0.2697,0.6202,0.000,0.000,0.000,1,40
TRK,160864,0.35505,-0.72679,0.56115,-0.17558,0.3341,-0.2697,0.6202,0.000,0.000,0.000,1,40
TRK,160882,0.35508,-0.72677,0.56115,-0.17557,0.3341,-0.2697,0.6202,0.000,0.000,0.000,1,40
TRK,160902,0.35480,-0.72688,0.56124,-0.17542,0.3341,-0.2697,0.6202,0.000,0.000,0.000,1,40
TRK,160923,0.35484,-0.72687,0.56121,-0.17548,0.3341,-0.2697,0.6202,0.000,0.000,0.000,1,40
TRK,160941,0.35510,-0.72677,0.56111,-0.17567,0.3341,-0.2697,0.6202,0.000,0.000,0.000,1,40
TRK,160961,0.35504,-0.72679,0.56114,-0.17561,0.3341,-0.2697,0.6202,0.000,0.000,0.000,1,40
TRK,160983,0.35470,-0.72692,0.56126,-0.17539,0.3341,-0.2697,0.6202,0.000,0.000,0.000,1,40
TRK,161001,0.35482,-0.72687,0.56122,-0.17546,0.3341,-0.2697,0.6202,0.000,0.000,0.000,1,40
TRK,161023,0.35514,-0.72676,0.56112,-0.17563,0.3341,-0.2697,0.6202,0.000,0.000,0.000,1,40
TRK,161042,0.35501,-0.72680,0.56118,-0.17553,0.3341,-0.2697,0.6202,0.000,0.000,0.000,1,40
TRK,161062,0.35470,-0.72691,0.56130,-0.17530,0.3341,-0.2697,0.6202,0.000,0.000,0.000,1,40
TRK,161084,0.35471,-0.72690,0.56132,-0.17526,0.3341,-0.2697,0.6202,0.000,0.000,0.000,1,40
TRK,161104,0.35516,-0.72673,0.56119,-0.17547,0.3341,-0.2697,0.6202,0.000,0.000,0.000,1,40
TRK,161124,0.35521,-0.72671,0.56120,-0.17543,0.3341,-0.2697,0.6202,0.000,0.000,0.000,1,40
TRK,161142,0.35492,-0.72681,0.56132,-0.17522,0.3341,-0.2697,0.6202,0.000,0.000,0.000,1,40
TRK,161162,0.35482,-0.72685,0.56135,-0.17516,0.3341,-0.2697,0.6202,0.000,0.000,0.000,1,40
TRK,161184,0.35516,-0.72672,0.56122,-0.17540,0.3341,-0.2697,0.6202,0.000,0.000,0.000,1,40
TRK,161204,0.35541,-0.72663,0.56112,-0.17558,0.3341,-0.2697,0.6202,0.000,0.000,0.000,1,40
TRK,161223,0.35492,-0.72681,0.56130,-0.17525,0.3341,-0.2697,0.6202,0.000,0.000,0.000,1,40
TRK,161242,0.35468,-0.72690,0.56140,-0.17507,0.3341,-0.2697,0.6202,0.000,0.000,0.000,1,40
TRK,161264,0.35520,-0.72671,0.56121,-0.17541,0.3341,-0.2697,0.6202,0.000,0.000,0.000,1,40
TRK,161282,0.35549,-0.72660,0.56112,-0.17557,0.3341,-0.2697,0.6202,0.000,0.000,0.000,1,40
TRK,161303,0.35504,-0.72677,0.56126,-0.17534,0.3341,-0.2697,0.6202,0.000,0.000,0.000,1,40
TRK,161322,0.35482,-0.72685,0.56134,-0.17518,0.3341,-0.2697,0.6202,0.000,0.000,0.000,1,40
TRK,161344,0.35575,-0.72651,0.56101,-0.17578,0.3341,-0.2697,0.6202,0.000,0.000,0.000,1,40
TRK,161362,0.35594,-0.72643,0.56096,-0.17585,0.3341,-0.2697,0.6202,0.000,0.000,0.000,1,40
TRK,161384,0.35458,-0.72692,0.56149,-0.17487,0.3341,-0.2697,0.6202,0.000,0.000,0.000,1,40
TRK,161402,0.35458,-0.72692,0.56152,-0.17481,0.3341,-0.2697,0.6202,0.000,0.000,0.000,1,40
TRK,161424,0.35577,-0.72639,0.56119,-0.17565,0.3341,-0.2696,0.6200,-0.001,-0.000,-0.001,2,40
TRK,161442,0.35572,-0.72640,0.56121,-0.17563,0.3341,-0.2696,0.6200,0.001,0.001,-0.003,2,40
TRK,161464,0.35428,-0.72723,0.56142,-0.17443,0.3342,-0.2696,0.6199,0.001,0.000,-0.001,2,40
TRK,161482,0.35429,-0.72720,0.56146,-0.17443,0.3342,-0.2696,0.6199,-0.000,-0.001,0.000,2,40
TRK,161502,0.35575,-0.72634,0.56129,-0.17559,0.3342,-0.2696,0.6199,-0.000,-0.001,-0.001,2,40
TRK,161522,0.35547,-0.72648,0.56135,-0.17537,0.3342,-0.2696,0.6199,-0.000,-0.000,-0.003,2,40
TRK,161542,0.35401,-0.72734,0.56152,-0.17422,0.3342,-0.2697,0.6198,-0.001,-0.001,-0.001,2,40
TRK,161562,0.35457,-0.72703,0.56143,-0.17469,0.3341,-0.2697,0.6198,-0.002,-0.002,0.001,2,40
TRK,161583,0.35596,-0.72623,0.56122,-0.17581,0.3341,-0.2697,0.6198,-0.000,-0.002,-0.001,2,40
TRK,161603,0.35529,-0.72663,0.56130,-0.17528,0.3341,-0.2697,0.6198,0.001,-0.001,-0.003,2,40
TRK,161621,0.35401,-0.72739,0.56143,-0.17429,0.3341,-0.2698,0.6198,0.001,-0.002,-0.002,2,40
TRK,161641,0.35447,-0.72712,0.56138,-0.17467,0.3341,-0.2698,0.6197,-0.000,-0.002,-0.001,2,40
STAT,404.4,400.4,0,0,0,0.1219,9.258,0.0987,0.1252,-0.0401,9.6812,1.82,0.016
TRK,161663,0.35583,-0.72633,0.56119,-0.17578,0.3341,-0.2698,0.6197,-0.001,-0.001,-0.003,2,40
TRK,161684,0.35461,-0.72703,0.56135,-0.17483,0.3341,-0.2699,0.6196,-0.001,-0.001,-0.003,2,40
TRK,161703,0.35387,-0.72747,0.56143,-0.17426,0.3341,-0.2699,0.6196,-0.002,-0.002,-0.002,2,40
TRK,161721,0.35480,-0.72696,0.56127,-0.17500,0.3340,-0.2699,0.6196,-0.002,-0.002,-0.001,2,40
TRK,161743,0.35569,-0.72643,0.56116,-0.17575,0.3340,-0.2700,0.6195,-0.001,-0.002,-0.003,2,40
TRK,161761,0.35474,-0.72700,0.56127,-0.17497,0.3340,-0.2700,0.6194,0.000,-0.002,-0.004,2,40
TRK,161783,0.35401,-0.72741,0.56139,-0.17435,0.3340,-0.2701,0.6194,-0.001,-0.003,-0.002,2,40
TRK,161803,0.35511,-0.72675,0.56126,-0.17525,0.3340,-0.2701,0.6193,-0.001,-0.003,-0.003,2,40
TRK,161822,0.35541,-0.72658,0.56122,-0.17549,0.3339,-0.2702,0.6193,-0.001,-0.002,-0.004,2,40
TRK,161844,0.35413,-0.72732,0.56139,-0.17450,0.3339,-0.2702,0.6192,-0.001,-0.002,-0.004,2,40
TRK,161864,0.35428,-0.72722,0.56136,-0.17466,0.3339,-0.2703,0.6191,-0.002,-0.003,-0.003,2,40
TRK,161884,0.35524,-0.72667,0.56122,-0.17544,0.3339,-0.2703,0.6191,-0.001,-0.003,-0.003,2,40
TRK,161903,0.35509,-0.72677,0.56123,-0.17530,0.3338,-0.2704,0.6190,0.000,-0.003,-0.004,2,40
TRK,161923,0.35419,-0.72730,0.56134,-0.17458,0.3338,-0.2704,0.6189,0.000,-0.003,-0.004,2,40
TRK,161943,0.35438,-0.72719,0.56131,-0.17473,0.3338,-0.2705,0.6188,-0.000,-0.004,-0.003,2,40
TRK,161963,0.35516,-0.72676,0.56119,-0.17538,0.3338,-0.2706,0.6188,-0.001,-0.003,-0.003,2,40
TRK,161984,0.35463,-0.72707,0.56125,-0.17494,0.3338,-0.2706,0.6187,-0.001,-0.003,-0.004,2,40
TRK,162004,0.35411,-0.72742,0.56127,-0.17449,0.3338,-0.2707,0.6186,-0.001,-0.003,-0.003,2,40
TRK,162024,0.35472,-0.72718,0.56106,-0.17489,0.3344,-0.2694,0.6197,0.000,0.000,0.000,1,41
TRK,162044,0.35511,-0.72703,0.56095,-0.17508,0.3344,-0.2694,0.6197,0.000,0.000,0.000,1,41
TRK,162064,0.35446,-0.72727,0.56118,-0.17466,0.3344,-0.2694,0.6197,0.000,0.000,0.000,1,41
TRK,162084,0.35426,-0.72735,0.56122,-0.17462,0.3344,-0.2694,0.6197,0.000,0.000,0.000,1,41
TRK,162102,0.35485,-0.72715,0.56095,-0.17514,0.3344,-0.2694,0.6197,0.000,0.000,0.000,1,41
TRK,162122,0.35506,-0.72707,0.56087,-0.17530,0.3344,-0.2694,0.6197,0.000,0.000,0.000,1,41
TRK,162141,0.35441,-0.72731,0.56111,-0.17485,0.3344,-0.2694,0.6197,0.000,0.000,0.000,1,41
TRK,162162,0.35427,-0.72735,0.56118,-0.17471,0.3344,-0.2694,0.6197,0.000,0.000,0.000,1,41
TRK,162184,0.35482,-0.72715,0.56099,-0.17505,0.3344,-0.2694,0.6197,0.000,0.000,0.000,1,41
TRK,162203,0.35467,-0.72721,0.56105,-0.17495,0.3344,-0.2694,0.6197,0.000,0.000,0.000,1,41
TRK,162221,0.35413,-0.72741,0.56122,-0.17465,0.3344,-0.2694,0.6197,0.000,0.000,0.000,1,41
TRK,162243,0.35427,-0.72737,0.56110,-0.17491,0.3344,-0.2694,0.6197,0.000,0.000,0.000,1,41
TRK,162261,0.35478,-0.72719,0.56087,-0.17534,0.3344,-0.2694,0.6197,0.000,0.000,0.000,1,41
TRK,162283,0.35469,-0.72723,0.56088,-0.17534,0.3344,-0.2694,0.6197,0.000,0.000,0.000,1,41
TRK,162303,0.35447,-0.72731,0.56097,-0.17517,0.3344,-0.2694,0.6197,0.000,0.000,0.000,1,41
TRK,162323,0.35456,-0.72730,0.56081,-0.17553,0.3344,-0.2694,0.6197,0.000,0.000,0.000,1,41
TRK,162342,0.35133,-0.72938,0.56097,-0.17285,0.3346,-0.2695,0.6196,0.001,-0.000,0.008,2,41
TRK,162361,0.35395,-0.72770,0.56085,-0.17500,0.3346,-0.2695,0.6197,-0.001,-0.001,0.005,2,41
TRK,162384,0.35774,-0.72545,0.56042,-0.17795,0.3346,-0.2695,0.6197,0.003,-0.001,-0.005,2,41
TRK,162403,0.35367,-0.72776,0.56099,-0.17486,0.3347,-0.2695,0.6196,0.007,0.003,-0.006,2,41
TRK,162424,0.34908,-0.73046,0.56135,-0.17166,0.3348,-0.2695,0.6196,0.003,0.001,0.007,2,41
TRK,162443,0.35346,-0.72808,0.56071,-0.17482,0.3349,-0.2694,0.6197,0.007,0.006,0.008,2,41
TRK,162464,0.36053,-0.72435,0.55953,-0.17962,0.3351,-0.2693,0.6197,0.010,0.003,-0.007,2,41
TRK,162483,0.35404,-0.72764,0.56019,-0.17717,0.3351,-0.2692,0.6196,-0.007,0.003,-0.002,2,41
TRK,162501,0.35439,-0.72775,0.56037,-0.17544,0.3351,-0.2693,0.6197,0.001,0.000,0.006,2,41
TRK,162522,0.35627,-0.72668,0.56007,-0.17700,0.3351,-0.2692,0.6198,0.004,0.002,-0.002,2,41
TRK,162542,0.35468,-0.72722,0.56044,-0.17679,0.3352,-0.2692,0.6197,0.003,0.002,-0.003,2,41
TRK,162562,0.35474,-0.72717,0.56047,-0.17681,0.3353,-0.2692,0.6197,0.004,0.002,0.003,2,41
TRK,162582,0.35478,-0.72729,0.56028,-0.17683,0.3353,-0.2689,0.6198,0.006,0.023,0.003,2,41
TRK,162604,0.35598,-0.72649,0.56012,-0.17824,0.3355,-0.2682,0.6198,0.010,0.043,0.001,2,41
TRK,162624,0.35802,-0.72553,0.55942,-0.18023,0.3357,-0.2671,0.6198,0.008,0.064,-0.000,2,41
TRK,162642,0.36060,-0.72428,0.55726,-0.18667,0.3361,-0.2658,0.6199,0.057,0.071,0.012,2,41
STAT,403.6,400.6,0,0,0,3.7212,49.096,0.0987,0.1252,-0.0401,9.6751,0.75,0.005
TRK,162662,0.37914,-0.72070,0.53734,-0.21933,0.3371,-0.2657,0.6201,-0.047,-0.012,0.016,2,41
TRK,162684,0.38578,-0.71520,0.54209,-0.21401,0.3365,-0.2658,0.6203,-0.022,-0.031,0.004,2,41
TRK,162704,0.37058,-0.72169,0.54730,-0.20567,0.3360,-0.2659,0.6200,-0.006,0.012,-0.010,2,41
TRK,162723,0.36746,-0.72297,0.54849,-0.20359,0.3362,-0.2657,0.6201,0.018,0.013,0.010,2,41
TRK,162742,0.37640,-0.71933,0.54530,-0.20865,0.3366,-0.2654,0.6203,0.020,0.014,0.011,2,41
TRK,162762,0.37837,-0.71960,0.54360,-0.20861,0.3369,-0.2651,0.6204,0.011,0.013,-0.002,2,41
TRK,162784,0.37520,-0.72134,0.54372,-0.20800,0.3369,-0.2649,0.6204,-0.004,0.008,0.008,2,41
TRK,162802,0.37701,-0.72051,0.54366,-0.20776,0.3369,-0.2647,0.6206,-0.002,0.011,0.004,2,41
TRK,162824,0.37587,-0.72106,0.54375,-0.20768,0.3369,-0.2645,0.6206,-0.000,0.010,0.004,2,41
TRK,162842,0.37619,-0.72107,0.54362,-0.20740,0.3369,-0.2643,0.6207,0.001,0.010,0.004,2,41
TRK,162864,0.37614,-0.72105,0.54365,-0.20748,0.3369,-0.2641,0.6208,0.002,0.011,0.005,2,41
TRK,162882,0.37605,-0.72105,0.54369,-0.20757,0.3370,-0.2639,0.6209,0.002,0.011,0.006,2,41
TRK,162904,0.37608,-0.72105,0.54368,-0.20752,0.3370,-0.2636,0.6210,0.001,0.012,0.005,2,41
TRK,162922,0.37608,-0.72106,0.54368,-0.20751,0.3370,-0.2634,0.6211,0.000,0.012,0.005,2,41
TRK,162944,0.37605,-0.72107,0.54368,-0.20750,0.3370,-0.2631,0.6212,-0.000,0.013,0.006,2,41
TRK,162964,0.37604,-0.72110,0.54366,-0.20747,0.3370,-0.2629,0.6214,0.000,0.013,0.005,2,41
TRK,162984,0.37606,-0.72109,0.54368,-0.20743,0.3367,-0.2679,0.6192,0.000,0.000,0.000,1,42
TRK,163003,0.37616,-0.72104,0.54368,-0.20739,0.3367,-0.2679,0.6192,0.000,0.000,0.000,1,42
TRK,163022,0.37631,-0.72098,0.54362,-0.20751,0.3367,-0.2679,0.6192,0.000,0.000,0.000,1,42
TRK,163044,0.37656,-0.72087,0.54352,-0.20769,0.3367,-0.2679,0.6192,0.000,0.000,0.000,1,42
TRK,163063,0.37672,-0.72081,0.54346,-0.20780,0.3367,-0.2679,0.6192,0.000,0.000,0.000,1,42
TRK,163082,0.37679,-0.72077,0.54346,-0.20778,0.3367,-0.2679,0.6192,0.000,0.000,0.000,1,42
TRK,163104,0.37677,-0.72076,0.54356,-0.20756,0.3367,-0.2679,0.6192,0.000,0.000,0.000,1,42
TRK,163122,0.37668,-0.72078,0.54373,-0.20722,0.3367,-0.2679,0.6192,0.000,0.000,0.000,1,42
TRK,163142,0.37660,-0.72080,0.54386,-0.20696,0.3367,-0.2679,0.6192,0.000,0.000,0.000,1,42
TRK,163164,0.37664,-0.72078,0.54390,-0.20687,0.3367,-0.2679,0.6192,0.000,0.000,0.000,1,42
TRK,163183,0.37675,-0.72074,0.54381,-0.20704,0.3367,-0.2679,0.6192,0.000,0.000,0.000,1,42
TRK,163204,0.37740,-0.71989,0.54458,-0.20680,0.3365,-0.2678,0.6193,-0.001,-0.007,0.004,2,42
TRK,163224,0.37749,-0.71875,0.54719,-0.20369,0.3363,-0.2680,0.6193,-0.014,-0.006,-0.005,2,42
TRK,163242,0.37029,-0.72046,0.55191,-0.19805,0.3360,-0.2680,0.6192,-0.015,-0.005,-0.003,2,42
TRK,163262,0.36902,-0.71997,0.55484,-0.19395,0.3358,-0.2681,0.6192,-0.010,0.005,0.002,2,42
TRK,163282,0.36728,-0.72087,0.55744,-0.18631,0.3355,-0.2678,0.6192,-0.021,0.026,0.000,2,42
TRK,163302,0.36143,-0.72202,0.56084,-0.18309,0.3353,-0.2677,0.6192,-0.015,-0.005,-0.002,2,42
TRK,163322,0.36032,-0.72328,0.56259,-0.17475,0.3350,-0.2677,0.6192,-0.006,0.004,0.000,2,42
TRK,163343,0.35837,-0.72295,0.56521,-0.17164,0.3348,-0.2675,0.6192,-0.011,0.004,0.001,2,42
TRK,163364,0.35527,-0.72423,0.56699,-0.16673,0.3346,-0.2674,0.6192,-0.011,0.003,0.004,2,42
TRK,163381,0.35299,-0.72507,0.56837,-0.16318,0.3344,-0.2674,0.6193,-0.009,0.007,0.004,2,42
TRK,163401,0.35261,-0.72511,0.56893,-0.16182,0.3343,-0.2672,0.6193,-0.007,0.007,0.004,2,42
TRK,163423,0.35092,-0.72562,0.56985,-0.16002,0.3341,-0.2671,0.6195,-0.009,0.006,0.005,2,42
TRK,163444,0.35086,-0.72567,0.56978,-0.16018,0.3340,-0.2670,0.6195,-0.006,0.008,0.001,2,42
TRK,163463,0.35142,-0.72524,0.56991,-0.16039,0.3338,-0.2668,0.6195,-0.007,0.005,0.002,2,42
TRK,163481,0.35082,-0.72545,0.56995,-0.16061,0.3337,-0.2668,0.6196,-0.004,0.005,0.002,2,42
TRK,163502,0.35288,-0.72427,0.56959,-0.16276,0.3337,-0.2667,0.6196,0.002,0.002,-0.004,2,42
TRK,163523,0.35243,-0.72420,0.56912,-0.16563,0.3336,-0.2667,0.6196,-0.009,-0.004,0.002,2,42
TRK,163544,0.35264,-0.72444,0.56834,-0.16682,0.3335,-0.2668,0.6196,0.001,-0.001,0.004,2,42
TRK,163564,0.35225,-0.72415,0.56771,-0.17094,0.3334,-0.2668,0.6197,-0.008,0.003,0.003,2,42
TRK,163584,0.35571,-0.72287,0.56545,-0.17664,0.3334,-0.2669,0.6198,0.007,-0.013,0.007,2,42
TRK,163604,0.36145,-0.72183,0.56123,-0.18258,0.3334,-0.2669,0.6199,-0.014,0.020,0.006,2,42
TRK,163624,0.36118,-0.72111,0.56210,-0.18328,0.3332,-0.2666,0.6200,-0.012,0.008,0.001,2,42
TRK,163644,0.36023,-0.72255,0.56120,-0.18224,0.3330,-0.2663,0.6201,-0.011,0.016,0.004,2,42
STAT,403.6,400.6,0,0,0,1.3198,31.445,0.0987,0.1252,-0.0401,9.6801,0.80,0.014
TRK,163663,0.35910,-0.72314,0.56123,-0.18204,0.3328,-0.2659,0.6201,-0.005,0.025,0.005,2,42
TRK,163682,0.36043,-0.72303,0.56034,-0.18256,0.3327,-0.2654,0.6202,-0.001,0.036,0.006,2,42
TRK,163702,0.36690,-0.72146,0.55417,-0.19435,0.3331,-0.2644,0.6204,0.069,0.054,0.010,2,42
TRK,163722,0.39187,-0.72163,0.52119,-0.23249,0.3344,-0.2637,0.6206,-0.034,0.047,0.012,2,42
TRK,163742,0.39025,-0.71729,0.53317,-0.22121,0.3337,-0.2626,0.6208,0.015,0.035,0.004,2,42
TRK,163762,0.38720,-0.72394,0.52725,-0.21908,0.3336,-0.2618,0.6208,-0.025,0.053,-0.001,2,42
TRK,163782,0.38480,-0.72677,0.52595,-0.21703,0.3334,-0.2610,0.6209,-0.006,0.036,0.008,2,42
TRK,163802,0.38988,-0.72413,0.52470,-0.21982,0.3332,-0.2602,0.6211,-0.010,0.037,0.009,2,42
TRK,163822,0.39140,-0.72430,0.52332,-0.21984,0.3329,-0.2595,0.6212,-0.018,0.036,0.004,2,42
TRK,163843,0.38803,-0.72716,0.52296,-0.21723,0.3326,-0.2586,0.6213,-0.015,0.041,0.005,2,42
TRK,163863,0.38937,-0.72695,0.52214,-0.21751,0.3323,-0.2579,0.6214,-0.011,0.038,0.008,2,42
TRK,163883,0.39031,-0.72603,0.52239,-0.21830,0.3321,-0.2571,0.6215,-0.007,0.036,0.005,2,42
TRK,163901,0.38796,-0.72769,0.52240,-0.21690,0.3320,-0.2566,0.6216,0.004,0.022,0.002,2,42
TRK,163922,0.38434,-0.73071,0.52189,-0.21445,0.3322,-0.2559,0.6217,0.012,0.040,0.005,2,42
TRK,163944,0.38828,-0.72790,0.52120,-0.21851,0.3326,-0.2549,0.6218,0.008,0.054,0.010,2,42
TRK,163963,0.39250,-0.72299,0.52306,-0.22282,0.3327,-0.2541,0.6220,-0.001,0.034,0.005,2,42
TRK,163981,0.39146,-0.72203,0.52397,-0.22560,0.3326,-0.2534,0.6221,-0.006,0.038,0.006,2,42
TRK,164001,0.39272,-0.72412,0.52115,-0.22319,0.3325,-0.2525,0.6222,-0.006,0.059,0.003,2,42
TRK,164022,0.39312,-0.72848,0.51623,-0.21972,0.3323,-0.2513,0.6222,-0.010,0.056,0.003,2,42
TRK,164042,0.39362,-0.73361,0.51049,-0.21510,0.3321,-0.2503,0.6223,-0.009,0.047,0.003,2,42
TRK,164062,0.39372,-0.73662,0.50729,-0.21219,0.3319,-0.2494,0.6224,-0.008,0.040,0.005,2,42
TRK,164082,0.39464,-0.73763,0.50541,-0.21148,0.3318,-0.2487,0.6224,-0.007,0.032,0.004,2,42
TRK,164104,0.39520,-0.73719,0.50542,-0.21196,0.3317,-0.2481,0.6225,-0.008,0.024,0.003,2,42
TRK,164124,0.39480,-0.73709,0.50566,-0.21245,0.3315,-0.2476,0.6226,-0.008,0.023,0.005,2,42
TRK,164144,0.39508,-0.73674,0.50593,-0.21250,0.3313,-0.2472,0.6227,-0.009,0.021,0.004,2,42
TRK,164162,0.39514,-0.73664,0.50598,-0.21264,0.3311,-0.2468,0.6227,-0.010,0.020,0.003,2,42
TRK,164182,0.39510,-0.73666,0.50596,-0.21267,0.3309,-0.2464,0.6228,-0.010,0.021,0.004,2,42
TRK,164204,0.39511,-0.73664,0.50600,-0.21265,0.3307,-0.2459,0.6229,-0.011,0.021,0.005,2,42
TRK,164224,0.39512,-0.73661,0.50601,-0.21267,0.3305,-0.2455,0.6230,-0.011,0.022,0.004,2,42
TRK,164243,0.39512,-0.73661,0.50603,-0.21267,0.3303,-0.2451,0.6230,-0.010,0.022,0.003,2,42
TRK,164262,0.39514,-0.73659,0.50605,-0.21263,0.3363,-0.2582,0.6210,0.000,0.000,0.000,1,43
TRK,164284,0.39534,-0.73649,0.50608,-0.21255,0.3363,-0.2582,0.6210,0.000,0.000,0.000,1,43
TRK,164302,0.39541,-0.73646,0.50607,-0.21255,0.3363,-0.2582,0.6210,0.000,0.000,0.000,1,43
TRK,164324,0.39543,-0.73644,0.50609,-0.21251,0.3363,-0.2582,0.6210,0.000,0.000,0.000,1,43
TRK,164342,0.39545,-0.73642,0.50614,-0.21241,0.3363,-0.2582,0.6210,0.000,0.000,0.000,1,43
TRK,164364,0.39548,-0.73640,0.50625,-0.21218,0.3363,-0.2582,0.6210,0.000,0.000,0.000,1,43
TRK,164382,0.39546,-0.73640,0.50632,-0.21204,0.3363,-0.2582,0.6210,0.000,0.000,0.000,1,43
TRK,164404,0.39547,-0.73639,0.50634,-0.21200,0.3363,-0.2582,0.6210,0.000,0.000,0.000,1,43
TRK,164422,0.39561,-0.73632,0.50635,-0.21196,0.3363,-0.2582,0.6210,0.000,0.000,0.000,1,43
TRK,164443,0.39578,-0.73624,0.50631,-0.21204,0.3363,-0.2582,0.6210,0.000,0.000,0.000,1,43
TRK,164464,0.39589,-0.73619,0.50623,-0.21218,0.3363,-0.2582,0.6210,0.000,0.000,0.000,1,43
TRK,164484,0.39593,-0.73618,0.50619,-0.21226,0.3363,-0.2582,0.6210,0.000,0.000,0.000,1,43
TRK,164503,0.39601,-0.73614,0.50622,-0.21218,0.3363,-0.2582,0.6210,0.000,0.000,0.000,1,43
TRK,164522,0.39597,-0.73615,0.50628,-0.21208,0.3363,-0.2582,0.6210,0.000,0.000,0.000,1,43
TRK,164542,0.39586,-0.73620,0.50631,-0.21202,0.3363,-0.2582,0.6210,0.000,0.000,0.000,1,43
TRK,164560,0.39578,-0.73624,0.50634,-0.21197,0.3363,-0.2582,0.6210,0.000,0.000,0.000,1,43
TRK,164584,0.39577,-0.73624,0.50634,-0.21197,0.3363,-0.2582,0.6210,0.000,0.000,0.000,1,43
TRK,164602,0.39575,-0.73625,0.50630,-0.21205,0.3363,-0.2582,0.6210,0.000,0.000,0.000,1,43
TRK,164624,0.39570,-0.73629,0.50625,-0.21217,0.3363,-0.2582,0.6210,0.000,0.000,0.000,1,43
TRK,164642,0.39573,-0.73627,0.50623,-0.21219,0.3363,-0.2582,0.6210,0.000,0.000,0.000,1,43
STAT,404.1,400.6,0,0,0,0.0404,0.393,0.0987,0.1252,-0.0401,9.6873,1.20,0.025
TRK,164661,0.39574,-0.73627,0.50624,-0.21217,0.3363,-0.2582,0.6210,0.000,0.000,0.000,1,43
TRK,164682,0.39570,-0.73629,0.50626,-0.21214,0.3363,-0.2582,0.6210,0.000,0.000,0.000,1,43
TRK,164703,0.39564,-0.73632,0.50627,-0.21213,0.3363,-0.2582,0.6210,0.000,0.000,0.000,1,43
TRK,164723,0.39572,-0.73627,0.50627,-0.21212,0.3363,-0.2582,0.6210,0.000,0.000,0.000,1,43
TRK,164743,0.39582,-0.73623,0.50625,-0.21215,0.3363,-0.2582,0.6210,0.000,0.000,0.000,1,43
TRK,164761,0.39588,-0.73620,0.50619,-0.21227,0.3363,-0.2582,0.6210,0.000,0.000,0.000,1,43
TRK,164781,0.39594,-0.73618,0.50613,-0.21239,0.3363,-0.2582,0.6210,0.000,0.000,0.000,1,43
TRK,164803,0.39601,-0.73615,0.50611,-0.21242,0.3363,-0.2582,0.6210,0.000,0.000,0.000,1,43
TRK,164823,0.39607,-0.73612,0.50612,-0.21239,0.3363,-0.2582,0.6210,0.000,0.000,0.000,1,43
TRK,164842,0.39603,-0.73613,0.50613,-0.21236,0.3363,-0.2582,0.6210,0.000,0.000,0.000,1,43
TRK,164864,0.39604,-0.73613,0.50616,-0.21231,0.3363,-0.2582,0.6210,0.000,0.000,0.000,1,43
TRK,164882,0.39606,-0.73611,0.50620,-0.21222,0.3363,-0.2582,0.6210,0.000,0.000,0.000,1,43
TRK,164901,0.39609,-0.73609,0.50623,-0.21215,0.3363,-0.2582,0.6210,0.000,0.000,0.000,1,43
TRK,164922,0.39608,-0.73610,0.50621,-0.21220,0.3363,-0.2582,0.6210,0.000,0.000,0.000,1,43
TRK,164943,0.39610,-0.73609,0.50619,-0.21224,0.3363,-0.2582,0.6210,0.000,0.000,0.000,1,43
TRK,164964,0.39613,-0.73608,0.50617,-0.21226,0.3363,-0.2582,0.6210,0.000,0.000,0.000,1,43
TRK,164983,0.39610,-0.73610,0.50615,-0.21232,0.3363,-0.2582,0.6210,0.000,0.000,0.000,1,43
TRK,165001,0.39606,-0.73612,0.50614,-0.21233,0.3363,-0.2582,0.6210,0.000,0.000,0.000,1,43
TRK,165024,0.39608,-0.73610,0.50618,-0.21226,0.3363,-0.2582,0.6210,0.000,0.000,0.000,1,43
TRK,165042,0.39611,-0.73609,0.50621,-0.21220,0.3363,-0.2582,0.6210,0.000,0.000,0.000,1,43
TRK,165062,0.39612,-0.73608,0.50623,-0.21216,0.3363,-0.2582,0.6210,0.000,0.000,0.000,1,43
TRK,165083,0.39622,-0.73603,0.50624,-0.21212,0.3363,-0.2582,0.6210,0.000,0.000,0.000,1,43
TRK,165102,0.39628,-0.73600,0.50623,-0.21213,0.3363,-0.2582,0.6210,0.000,0.000,0.000,1,43
TRK,165121,0.39627,-0.73600,0.50623,-0.21213,0.3363,-0.2582,0.6210,0.000,0.000,0.000,1,43
TRK,165144,0.39624,-0.73602,0.50622,-0.21217,0.3363,-0.2582,0.6210,0.000,0.000,0.000,1,43
TRK,165163,0.39626,-0.73601,0.50622,-0.21215,0.3363,-0.2582,0.6210,0.000,0.000,0.000,1,43
TRK,165181,0.39626,-0.73601,0.50622,-0.21216,0.3363,-0.2582,0.6210,0.000,0.000,0.000,1,43
TRK,165203,0.39620,-0.73604,0.50622,-0.21217,0.3363,-0.2582,0.6210,0.000,0.000,0.000,1,43
TRK,165223,0.39615,-0.73607,0.50621,-0.21219,0.3363,-0.2582,0.6210,0.000,0.000,0.000,1,43
TRK,165241,0.39610,-0.73609,0.50620,-0.21221,0.3363,-0.2582,0.6210,0.000,0.000,0.000,1,43
TRK,165263,0.39603,-0.73612,0.50620,-0.21222,0.3363,-0.2582,0.6210,0.000,0.000,0.000,1,43
TRK,165281,0.39590,-0.73619,0.50623,-0.21218,0.3363,-0.2582,0.6210,0.000,0.000,0.000,1,43
TRK,165302,0.39584,-0.73622,0.50627,-0.21211,0.3363,-0.2582,0.6210,0.000,0.000,0.000,1,43
TRK,165322,0.39583,-0.73622,0.50630,-0.21204,0.3363,-0.2582,0.6210,0.000,0.000,0.000,1,43
TRK,165342,0.39580,-0.73623,0.50632,-0.21201,0.3363,-0.2582,0.6210,0.000,0.000,0.000,1,43
TRK,165362,0.39578,-0.73624,0.50632,-0.21201,0.3363,-0.2582,0.6210,0.000,0.000,0.000,1,43
TRK,165384,0.39589,-0.73619,0.50629,-0.21206,0.3363,-0.2582,0.6210,0.000,0.000,0.000,1,43
TRK,165402,0.39599,-0.73614,0.50628,-0.21208,0.3363,-0.2582,0.6210,0.000,0.000,0.000,1,43
TRK,165424,0.39607,-0.73610,0.50627,-0.21208,0.3363,-0.2582,0.6210,0.000,0.000,0.000,1,43
TRK,165444,0.39615,-0.73606,0.50627,-0.21207,0.3363,-0.2582,0.6210,0.000,0.000,0.000,1,43
TRK,165463,0.39619,-0.73604,0.50630,-0.21201,0.3363,-0.2582,0.6210,0.000,0.000,0.000,1,43
TRK,165483,0.39615,-0.73605,0.50630,-0.21201,0.3363,-0.2582,0.6210,0.000,0.000,0.000,1,43
TRK,165503,0.39613,-0.73607,0.50629,-0.21204,0.3363,-0.2582,0.6210,0.000,0.000,0.000,1,43
TRK,165521,0.39609,-0.73609,0.50625,-0.21212,0.3363,-0.2582,0.6210,0.000,0.000,0.000,1,43
TRK,165543,0.39607,-0.73610,0.50622,-0.21218,0.3363,-0.2582,0.6210,0.000,0.000,0.000,1,43
TRK,165563,0.39604,-0.73613,0.50617,-0.21228,0.3363,-0.2582,0.6210,0.000,0.000,0.000,1,43
TRK,165583,0.39606,-0.73612,0.50613,-0.21236,0.3363,-0.2582,0.6210,0.000,0.000,0.000,1,43
TRK,165602,0.39600,-0.73615,0.50612,-0.21239,0.3363,-0.2582,0.6210,0.000,0.000,0.000,1,43
TRK,165621,0.39593,-0.73618,0.50614,-0.21236,0.3363,-0.2582,0.6210,0.000,0.000,0.000,1,43
TRK,165641,0.39593,-0.73618,0.50615,-0.21234,0.3363,-0.2582,0.6210,0.000,0.000,0.000,1,43
STAT,404.1,400.6,0,0,0,0.0235,0.338,0.1116,0.1174,-0.0615,9.6889,1.20,0.025
TRK,165661,0.39596,-0.73617,0.50616,-0.21232,0.3363,-0.2582,0.6210,0.000,0.000,0.000,1,43
TRK,165684,0.39600,-0.73615,0.50615,-0.21233,0.3363,-0.2582,0.6210,0.000,0.000,0.000,1,43
TRK,165703,0.39604,-0.73613,0.50611,-0.21240,0.3363,-0.2582,0.6210,0.000,0.000,0.000,1,43
TRK,165724,0.39607,-0.73612,0.50607,-0.21248,0.3363,-0.2582,0.6210,0.000,0.000,0.000,1,43
TRK,165741,0.39610,-0.73611,0.50606,-0.21251,0.3363,-0.2582,0.6210,0.000,0.000,0.000,1,43
TRK,165763,0.39609,-0.73611,0.50607,-0.21249,0.3363,-0.2582,0.6210,0.000,0.000,0.000,1,43
TRK,165783,0.39606,-0.73612,0.50610,-0.21243,0.3363,-0.2582,0.6210,0.000,0.000,0.000,1,43
TRK,165803,0.39604,-0.73613,0.50615,-0.21232,0.3363,-0.2582,0.6210,0.000,0.000,0.000,1,43
TRK,165822,0.39604,-0.73613,0.50616,-0.21230,0.3363,-0.2582,0.6210,0.000,0.000,0.000,1,43
TRK,165844,0.39602,-0.73613,0.50615,-0.21232,0.3363,-0.2582,0.6210,0.000,0.000,0.000,1,43
TRK,165862,0.39604,-0.73613,0.50614,-0.21235,0.3363,-0.2582,0.6210,0.000,0.000,0.000,1,43
TRK,165881,0.39607,-0.73612,0.50611,-0.21240,0.3363,-0.2582,0.6210,0.000,0.000,0.000,1,43
TRK,165901,0.39604,-0.73613,0.50610,-0.21242,0.3363,-0.2582,0.6210,0.000,0.000,0.000,1,43
TRK,165921,0.39602,-0.73614,0.50614,-0.21235,0.3363,-0.2582,0.6210,0.000,0.000,0.000,1,43
TRK,165942,0.39601,-0.73614,0.50615,-0.21232,0.3363,-0.2582,0.6210,0.000,0.000,0.000,1,43
TRK,165964,0.39597,-0.73616,0.50618,-0.21227,0.3363,-0.2582,0.6210,0.000,0.000,0.000,1,43
TRK,165983,0.39596,-0.73616,0.50620,-0.21223,0.3363,-0.2582,0.6210,0.000,0.000,0.000,1,43
TRK,166002,0.39598,-0.73615,0.50619,-0.21226,0.3363,-0.2582,0.6210,0.000,0.000,0.000,1,43
TRK,166021,0.39603,-0.73613,0.50617,-0.21229,0.3363,-0.2582,0.6210,0.000,0.000,0.000,1,43
TRK,166043,0.39609,-0.73610,0.50615,-0.21232,0.3363,-0.2582,0.6210,0.000,0.000,0.000,1,43
TRK,166062,0.39615,-0.73608,0.50613,-0.21234,0.3363,-0.2582,0.6210,0.000,0.000,0.000,1,43
TRK,166082,0.39612,-0.73609,0.50613,-0.21235,0.3363,-0.2582,0.6210,0.000,0.000,0.000,1,43
TRK,166102,0.39610,-0.73610,0.50613,-0.21237,0.3363,-0.2582,0.6210,0.000,0.000,0.000,1,43
TRK,166124,0.39604,-0.73613,0.50609,-0.21245,0.3363,-0.2582,0.6210,0.000,0.000,0.000,1,43
TRK,166142,0.39606,-0.73613,0.50606,-0.21251,0.3363,-0.2582,0.6210,0.000,0.000,0.000,1,43
TRK,166164,0.39609,-0.73612,0.50601,-0.21260,0.3363,-0.2582,0.6210,0.000,0.000,0.000,1,43
TRK,166183,0.39618,-0.73608,0.50598,-0.21265,0.3363,-0.2582,0.6210,0.000,0.000,0.000,1,43
TRK,166201,0.39621,-0.73606,0.50597,-0.21267,0.3363,-0.2582,0.6210,0.000,0.000,0.000,1,43
TRK,166223,0.39628,-0.73602,0.50597,-0.21265,0.3363,-0.2582,0.6210,0.000,0.000,0.000,1,43
TRK,166241,0.39637,-0.73597,0.50603,-0.21253,0.3363,-0.2582,0.6210,0.000,0.000,0.000,1,43
TRK,166263,0.39643,-0.73594,0.50609,-0.21240,0.3363,-0.2582,0.6210,0.000,0.000,0.000,1,43
TRK,166281,0.39643,-0.73593,0.50615,-0.21229,0.3363,-0.2582,0.6210,0.000,0.000,0.000,1,43
TRK,166303,0.39645,-0.73592,0.50617,-0.21223,0.3363,-0.2582,0.6210,0.000,0.000,0.000,1,43
TRK,166322,0.39651,-0.73588,0.50619,-0.21220,0.3363,-0.2582,0.6210,0.000,0.000,0.000,1,43
TRK,166342,0.39648,-0.73590,0.50617,-0.21224,0.3363,-0.2582,0.6210,0.000,0.000,0.000,1,43
TRK,166364,0.39650,-0.73589,0.50618,-0.21222,0.3363,-0.2582,0.6210,0.000,0.000,0.000,1,43
TRK,166384,0.39649,-0.73589,0.50619,-0.21220,0.3363,-0.2582,0.6210,0.000,0.000,0.000,1,43
TRK,166404,0.39640,-0.73594,0.50621,-0.21217,0.3363,-0.2582,0.6210,0.000,0.000,0.000,1,43
TRK,166422,0.39651,-0.73588,0.50625,-0.21208,0.3363,-0.2582,0.6210,0.000,0.000,0.000,1,43
TRK,166444,0.39651,-0.73588,0.50625,-0.21208,0.3363,-0.2582,0.6210,0.000,0.000,0.000,1,43
TRK,166464,0.39653,-0.73587,0.50624,-0.21210,0.3363,-0.2582,0.6210,0.000,0.000,0.000,1,43
TRK,166484,0.39651,-0.73589,0.50618,-0.21221,0.3363,-0.2582,0.6210,0.000,0.000,0.000,1,43
TRK,166504,0.39650,-0.73590,0.50611,-0.21236,0.3363,-0.2582,0.6210,0.000,0.000,0.000,1,43
TRK,166523,0.39653,-0.73589,0.50606,-0.21246,0.3363,-0.2582,0.6210,0.000,0.000,0.000,1,43
TRK,166542,0.39649,-0.73591,0.50605,-0.21248,0.3363,-0.2582,0.6210,0.000,0.000,0.000,1,43
TRK,166562,0.39639,-0.73596,0.50607,-0.21245,0.3363,-0.2582,0.6210,0.000,0.000,0.000,1,43
TRK,166584,0.39633,-0.73599,0.50612,-0.21236,0.3363,-0.2582,0.6210,0.000,0.000,0.000,1,43
TRK,166604,0.39631,-0.73599,0.50615,-0.21229,0.3363,-0.2582,0.6210,0.000,0.000,0.000,1,43
TRK,166622,0.39629,-0.73600,0.50615,-0.21229,0.3363,-0.2582,0.6210,0.000,0.000,0.000,1,43
TRK,166644,0.39635,-0.73597,0.50611,-0.21237,0.3363,-0.2582,0.6210,0.000,0.000,0.000,1,43
STAT,404.0,401.0,0,0,0,0.0398,0.208,0.1261,0.1158,-0.0528,9.6863,1.20,0.025
TRK,166662,0.39644,-0.73593,0.50605,-0.21249,0.3363,-0.2582,0.6210,0.000,0.000,0.000,1,43
TRK,166682,0.39650,-0.73591,0.50601,-0.21255,0.3363,-0.2582,0.6210,0.000,0.000,0.000,1,43
TRK,166704,0.39650,-0.73591,0.50598,-0.21261,0.3363,-0.2582,0.6210,0.000,0.000,0.000,1,43
TRK,166723,0.39654,-0.73589,0.50598,-0.21262,0.3363,-0.2582,0.6210,0.000,0.000,0.000,1,43
TRK,166741,0.39663,-0.73585,0.50596,-0.21263,0.3363,-0.2582,0.6210,0.000,0.000,0.000,1,43
TRK,166763,0.39661,-0.73587,0.50591,-0.21273,0.3363,-0.2582,0.6210,0.000,0.000,0.000,1,43
TRK,166781,0.39662,-0.73587,0.50586,-0.21283,0.3363,-0.2582,0.6210,0.000,0.000,0.000,1,43
TRK,166803,0.39669,-0.73584,0.50582,-0.21292,0.3363,-0.2582,0.6210,0.000,0.000,0.000,1,43
TRK,166822,0.39671,-0.73583,0.50580,-0.21295,0.3363,-0.2582,0.6210,0.000,0.000,0.000,1,43
TRK,166842,0.39667,-0.73585,0.50581,-0.21294,0.3363,-0.2582,0.6210,0.000,0.000,0.000,1,43
TRK,166863,0.39661,-0.73587,0.50587,-0.21282,0.3363,-0.2582,0.6210,0.000,0.000,0.000,1,43
TRK,166883,0.39658,-0.73588,0.50594,-0.21269,0.3363,-0.2582,0.6210,0.000,0.000,0.000,1,43
TRK,166902,0.39650,-0.73591,0.50599,-0.21260,0.3363,-0.2582,0.6210,0.000,0.000,0.000,1,43
TRK,166922,0.39645,-0.73594,0.50599,-0.21261,0.3363,-0.2582,0.6210,0.000,0.000,0.000,1,43
TRK,166944,0.39650,-0.73592,0.50594,-0.21269,0.3363,-0.2582,0.6210,0.000,0.000,0.000,1,43
TRK,166963,0.39660,-0.73588,0.50587,-0.21283,0.3363,-0.2582,0.6210,0.000,0.000,0.000,1,43
TRK,166984,0.39671,-0.73583,0.50579,-0.21298,0.3363,-0.2582,0.6210,0.000,0.000,0.000,1,43
TRK,167001,0.39677,-0.73580,0.50578,-0.21299,0.3363,-0.2582,0.6210,0.000,0.000,0.000,1,43
TRK,167021,0.39680,-0.73578,0.50580,-0.21293,0.3363,-0.2582,0.6210,0.000,0.000,0.000,1,43
TRK,167042,0.39683,-0.73576,0.50588,-0.21279,0.3363,-0.2582,0.6210,0.000,0.000,0.000,1,43
TRK,167062,0.39675,-0.73579,0.50593,-0.21269,0.3363,-0.2582,0.6210,0.000,0.000,0.000,1,43
TRK,167082,0.39671,-0.73581,0.50595,-0.21265,0.3363,-0.2582,0.6210,0.000,0.000,0.000,1,43
TRK,167102,0.39663,-0.73585,0.50595,-0.21267,0.3363,-0.2582,0.6210,0.000,0.000,0.000,1,43
TRK,167124,0.39662,-0.73586,0.50591,-0.21274,0.3363,-0.2582,0.6210,0.000,0.000,0.000,1,43
TRK,167144,0.39665,-0.73585,0.50587,-0.21281,0.3363,-0.2582,0.6210,0.000,0.000,0.000,1,43
TRK,167164,0.39671,-0.73582,0.50587,-0.21281,0.3363,-0.2582,0.6210,0.000,0.000,0.000,1,43
TRK,167182,0.39670,-0.73582,0.50591,-0.21273,0.3363,-0.2582,0.6210,0.000,0.000,0.000,1,43
TRK,167202,0.39670,-0.73581,0.50596,-0.21263,0.3363,-0.2582,0.6210,0.000,0.000,0.000,1,43
TRK,167224,0.39671,-0.73580,0.50600,-0.21256,0.3363,-0.2582,0.6210,0.000,0.000,0.000,1,43
TRK,167244,0.39675,-0.73578,0.50599,-0.21257,0.3363,-0.2582,0.6210,0.000,0.000,0.000,1,43
TRK,167263,0.39677,-0.73578,0.50594,-0.21267,0.3363,-0.2582,0.6210,0.000,0.000,0.000,1,43
TRK,167282,0.39679,-0.73577,0.50589,-0.21277,0.3363,-0.2582,0.6210,0.000,0.000,0.000,1,43
TRK,167304,0.39683,-0.73576,0.50588,-0.21279,0.3363,-0.2582,0.6210,0.000,0.000,0.000,1,43
TRK,167322,0.39685,-0.73574,0.50594,-0.21266,0.3363,-0.2582,0.6210,0.000,0.000,0.000,1,43
TRK,167344,0.39678,-0.73576,0.50608,-0.21239,0.3363,-0.2582,0.6210,0.000,0.000,0.000,1,43
TRK,167362,0.39673,-0.73578,0.50616,-0.21224,0.3363,-0.2582,0.6210,0.000,0.000,0.000,1,43
TRK,167384,0.39667,-0.73580,0.50620,-0.21215,0.3363,-0.2582,0.6210,0.000,0.000,0.000,1,43
TRK,167402,0.39666,-0.73581,0.50617,-0.21221,0.3363,-0.2582,0.6210,0.000,0.000,0.000,1,43
TRK,167424,0.39671,-0.73580,0.50604,-0.21247,0.3363,-0.2582,0.6210,0.000,0.000,0.000,1,43
TRK,167442,0.39669,-0.73583,0.50590,-0.21275,0.3363,-0.2582,0.6210,0.000,0.000,0.000,1,43
TRK,167463,0.39672,-0.73582,0.50583,-0.21289,0.3363,-0.2582,0.6210,0.000,0.000,0.000,1,43
TRK,167484,0.39668,-0.73584,0.50584,-0.21288,0.3363,-0.2582,0.6210,0.000,0.000,0.000,1,43
TRK,167504,0.39662,-0.73586,0.50591,-0.21274,0.3363,-0.2582,0.6210,0.000,0.000,0.000,1,43
TRK,167523,0.39659,-0.73587,0.50600,-0.21257,0.3363,-0.2582,0.6210,0.000,0.000,0.000,1,43
TRK,167542,0.39659,-0.73586,0.50606,-0.21245,0.3363,-0.2582,0.6210,0.000,0.000,0.000,1,43
TRK,167562,0.39662,-0.73584,0.50606,-0.21243,0.3363,-0.2582,0.6210,0.000,0.000,0.000,1,43
TRK,167584,0.39670,-0.73581,0.50603,-0.21250,0.3363,-0.2582,0.6210,0.000,0.000,0.000,1,43
TRK,167602,0.39677,-0.73577,0.50599,-0.21257,0.3363,-0.2582,0.6210,0.000,0.000,0.000,1,43
TRK,167624,0.39677,-0.73578,0.50598,-0.21260,0.3363,-0.2582,0.6210,0.000,0.000,0.000,1,43
TRK,167642,0.39671,-0.73580,0.50601,-0.21254,0.3363,-0.2582,0.6210,0.000,0.000,0.000,1,43
STAT,404.0,401.0,0,0,0,0.0294,0.172,0.1365,0.1153,-0.0456,9.6842,1.20,0.025
TRK,167661,0.39664,-0.73583,0.50604,-0.21249,0.3363,-0.2582,0.6210,0.000,0.000,0.000,1,43
TRK,167682,0.39660,-0.73585,0.50610,-0.21237,0.3363,-0.2582,0.6210,0.000,0.000,0.000,1,43
TRK,167702,0.39655,-0.73587,0.50610,-0.21237,0.3363,-0.2582,0.6210,0.000,0.000,0.000,1,43
TRK,167723,0.39658,-0.73587,0.50603,-0.21251,0.3363,-0.2582,0.6210,0.000,0.000,0.000,1,43
TRK,167743,0.39665,-0.73584,0.50593,-0.21270,0.3363,-0.2582,0.6210,0.000,0.000,0.000,1,43
TRK,167763,0.39668,-0.73583,0.50584,-0.21287,0.3363,-0.2582,0.6210,0.000,0.000,0.000,1,43
TRK,167781,0.39669,-0.73583,0.50583,-0.21290,0.3363,-0.2582,0.6210,0.000,0.000,0.000,1,43
TRK,167801,0.39665,-0.73585,0.50587,-0.21283,0.3363,-0.2582,0.6210,0.000,0.000,0.000,1,43
TRK,167823,0.39659,-0.73587,0.50595,-0.21267,0.3363,-0.2582,0.6210,0.000,0.000,0.000,1,43
TRK,167843,0.39654,-0.73589,0.50600,-0.21257,0.3363,-0.2582,0.6210,0.000,0.000,0.000,1,43
TRK,167862,0.39649,-0.73592,0.50598,-0.21261,0.3363,-0.2582,0.6210,0.000,0.000,0.000,1,43
TRK,167884,0.39655,-0.73590,0.50590,-0.21278,0.3363,-0.2582,0.6210,0.000,0.000,0.000,1,43
TRK,167901,0.39664,-0.73586,0.50581,-0.21293,0.3363,-0.2582,0.6210,0.000,0.000,0.000,1,43
TRK,167924,0.39674,-0.73582,0.50575,-0.21305,0.3363,-0.2582,0.6210,0.000,0.000,0.000,1,43
TRK,167943,0.39674,-0.73582,0.50576,-0.21304,0.3363,-0.2582,0.6210,0.000,0.000,0.000,1,43
TRK,167963,0.39677,-0.73579,0.50582,-0.21290,0.3363,-0.2582,0.6210,0.000,0.000,0.000,1,43
TRK,167983,0.39675,-0.73579,0.50591,-0.21273,0.3363,-0.2582,0.6210,0.000,0.000,0.000,1,43
TRK,168003,0.39674,-0.73579,0.50597,-0.21262,0.3363,-0.2582,0.6210,0.000,0.000,0.000,1,43
TRK,168021,0.39678,-0.73578,0.50594,-0.21267,0.3363,-0.2582,0.6210,0.000,0.000,0.000,1,43
TRK,168043,0.39700,-0.73567,0.50582,-0.21288,0.3363,-0.2582,0.6210,0.000,0.000,0.000,1,43
TRK,168062,0.39729,-0.73555,0.50562,-0.21325,0.3363,-0.2582,0.6210,0.000,0.000,0.000,1,43
TRK,168083,0.39745,-0.73547,0.50556,-0.21335,0.3363,-0.2582,0.6210,0.000,0.000,0.000,1,43
TRK,168102,0.39740,-0.73550,0.50555,-0.21337,0.3363,-0.2582,0.6210,0.000,0.000,0.000,1,43
TRK,168122,0.39727,-0.73556,0.50561,-0.21327,0.3363,-0.2582,0.6210,0.000,0.000,0.000,1,43
TRK,168142,0.39721,-0.73558,0.50568,-0.21314,0.3363,-0.2582,0.6210,0.000,0.000,0.000,1,43
TRK,168162,0.39706,-0.73566,0.50574,-0.21303,0.3363,-0.2582,0.6210,0.000,0.000,0.000,1,43
TRK,168184,0.39699,-0.73569,0.50573,-0.21305,0.3363,-0.2582,0.6210,0.000,0.000,0.000,1,43
TRK,168204,0.39701,-0.73569,0.50569,-0.21313,0.3363,-0.2582,0.6210,0.000,0.000,0.000,1,43
TRK,168224,0.39712,-0.73564,0.50563,-0.21324,0.3363,-0.2582,0.6210,0.000,0.000,0.000,1,43
TRK,168243,0.39705,-0.73567,0.50562,-0.21328,0.3363,-0.2582,0.6210,0.000,0.000,0.000,1,43
TRK,168261,0.39702,-0.73569,0.50564,-0.21323,0.3363,-0.2582,0.6210,0.000,0.000,0.000,1,43
TRK,168283,0.39700,-0.73569,0.50569,-0.21314,0.3363,-0.2582,0.6210,0.000,0.000,0.000,1,43
TRK,168302,0.39695,-0.73571,0.50577,-0.21300,0.3363,-0.2582,0.6210,0.000,0.000,0.000,1,43
TRK,168322,0.39687,-0.73575,0.50581,-0.21292,0.3363,-0.2582,0.6210,0.000,0.000,0.000,1,43
TRK,168342,0.39687,-0.73574,0.50584,-0.21287,0.3363,-0.2582,0.6210,0.000,0.000,0.000,1,43
TRK,168362,0.39696,-0.73570,0.50581,-0.21290,0.3363,-0.2582,0.6210,0.000,0.000,0.000,1,43
TRK,168384,0.39704,-0.73566,0.50578,-0.21297,0.3363,-0.2582,0.6210,0.000,0.000,0.000,1,43
TRK,168404,0.39714,-0.73561,0.50574,-0.21303,0.3363,-0.2582,0.6210,0.000,0.000,0.000,1,43
TRK,168422,0.39721,-0.73558,0.50574,-0.21302,0.3363,-0.2582,0.6210,0.000,0.000,0.000,1,43
TRK,168444,0.39725,-0.73556,0.50574,-0.21302,0.3363,-0.2582,0.6210,0.000,0.000,0.000,1,43
TRK,168463,0.39720,-0.73558,0.50577,-0.21296,0.3363,-0.2582,0.6210,0.000,0.000,0.000,1,43
TRK,168484,0.39718,-0.73559,0.50579,-0.21293,0.3363,-0.2582,0.6210,0.000,0.000,0.000,1,43
TRK,168504,0.39718,-0.73559,0.50578,-0.21294,0.3363,-0.2582,0.6210,0.000,0.000,0.000,1,43
TRK,168521,0.39724,-0.73556,0.50575,-0.21300,0.3363,-0.2582,0.6210,0.000,0.000,0.000,1,43
TRK,168541,0.39728,-0.73554,0.50571,-0.21307,0.3363,-0.2582,0.6210,0.000,0.000,0.000,1,43
TRK,168562,0.39727,-0.73555,0.50570,-0.21309,0.3363,-0.2582,0.6210,0.000,0.000,0.000,1,43
TRK,168582,0.39730,-0.73553,0.50572,-0.21306,0.3363,-0.2582,0.6210,0.000,0.000,0.000,1,43
TRK,168602,0.39730,-0.73553,0.50576,-0.21296,0.3363,-0.2582,0.6210,0.000,0.000,0.000,1,43
TRK,168624,0.39730,-0.73552,0.50582,-0.21285,0.3363,-0.2582,0.6210,0.000,0.000,0.000,1,43
TRK,168644,0.39731,-0.73551,0.50584,-0.21281,0.3363,-0.2582,0.6210,0.000,0.000,0.000,1,43
STAT,403.8,400.3,0,0,0,0.0393,0.439,0.1361,0.1245,-0.0362,9.6859,1.20,0.025
TRK,168665,0.39735,-0.73550,0.50581,-0.21287,0.3363,-0.2582,0.6210,0.000,0.000,0.000,1,43
TRK,168682,0.39734,-0.73551,0.50575,-0.21298,0.3363,-0.2582,0.6210,0.000,0.000,0.000,1,43
TRK,168702,0.39735,-0.73551,0.50570,-0.21308,0.3363,-0.2582,0.6210,0.000,0.000,0.000,1,43
TRK,168724,0.39732,-0.73553,0.50568,-0.21314,0.3363,-0.2582,0.6210,0.000,0.000,0.000,1,43
TRK,168744,0.39725,-0.73556,0.50568,-0.21313,0.3363,-0.2582,0.6210,0.000,0.000,0.000,1,43
TRK,168763,0.39715,-0.73561,0.50569,-0.21312,0.3363,-0.2582,0.6210,0.000,0.000,0.000,1,43
TRK,168782,0.39706,-0.73565,0.50572,-0.21307,0.3363,-0.2582,0.6210,0.000,0.000,0.000,1,43
TRK,168804,0.39701,-0.73568,0.50571,-0.21310,0.3363,-0.2582,0.6210,0.000,0.000,0.000,1,43
TRK,168822,0.39699,-0.73570,0.50567,-0.21317,0.3363,-0.2582,0.6210,0.000,0.000,0.000,1,43
TRK,168843,0.39704,-0.73568,0.50562,-0.21327,0.3363,-0.2582,0.6210,0.000,0.000,0.000,1,43
TRK,168862,0.39709,-0.73565,0.50562,-0.21328,0.3363,-0.2582,0.6210,0.000,0.000,0.000,1,43
TRK,168884,0.39712,-0.73563,0.50563,-0.21325,0.3363,-0.2582,0.6210,0.000,0.000,0.000,1,43
TRK,168902,0.39715,-0.73562,0.50566,-0.21318,0.3363,-0.2582,0.6210,0.000,0.000,0.000,1,43
TRK,168924,0.39713,-0.73562,0.50571,-0.21309,0.3363,-0.2582,0.6210,0.000,0.000,0.000,1,43
TRK,168942,0.39712,-0.73562,0.50572,-0.21307,0.3363,-0.2582,0.6210,0.000,0.000,0.000,1,43
TRK,168962,0.39712,-0.73563,0.50572,-0.21307,0.3363,-0.2582,0.6210,0.000,0.000,0.000,1,43
TRK,168984,0.39707,-0.73566,0.50567,-0.21318,0.3363,-0.2582,0.6210,0.000,0.000,0.000,1,43
TRK,169003,0.39703,-0.73568,0.50562,-0.21327,0.3363,-0.2582,0.6210,0.000,0.000,0.000,1,43
TRK,169022,0.39707,-0.73566,0.50561,-0.21329,0.3363,-0.2582,0.6210,0.000,0.000,0.000,1,43
TRK,169042,0.39710,-0.73564,0.50563,-0.21325,0.3363,-0.2582,0.6210,0.000,0.000,0.000,1,43
TRK,169062,0.39714,-0.73562,0.50567,-0.21316,0.3363,-0.2582,0.6210,0.000,0.000,0.000,1,43
TRK,169082,0.39722,-0.73558,0.50572,-0.21306,0.3363,-0.2582,0.6210,0.000,0.000,0.000,1,43
TRK,169102,0.39731,-0.73552,0.50573,-0.21302,0.3363,-0.2582,0.6210,0.000,0.000,0.000,1,43
TRK,169124,0.39737,-0.73550,0.50568,-0.21311,0.3363,-0.2582,0.6210,0.000,0.000,0.000,1,43
TRK,169142,0.39739,-0.73550,0.50562,-0.21324,0.3363,-0.2582,0.6210,0.000,0.000,0.000,1,43
TRK,169164,0.39741,-0.73550,0.50556,-0.21336,0.3363,-0.2582,0.6210,0.000,0.000,0.000,1,43
TRK,169182,0.39739,-0.73551,0.50554,-0.21339,0.3363,-0.2582,0.6210,0.000,0.000,0.000,1,43
TRK,169204,0.39735,-0.73553,0.50558,-0.21333,0.3363,-0.2582,0.6210,0.000,0.000,0.000,1,43
TRK,169223,0.39728,-0.73555,0.50565,-0.21320,0.3363,-0.2582,0.6210,0.000,0.000,0.000,1,43
TRK,169243,0.39725,-0.73556,0.50571,-0.21308,0.3363,-0.2582,0.6210,0.000,0.000,0.000,1,43
TRK,169263,0.39726,-0.73555,0.50575,-0.21300,0.3363,-0.2582,0.6210,0.000,0.000,0.000,1,43
TRK,169283,0.39730,-0.73553,0.50574,-0.21300,0.3363,-0.2582,0.6210,0.000,0.000,0.000,1,43
TRK,169301,0.39732,-0.73552,0.50571,-0.21307,0.3363,-0.2582,0.6210,0.000,0.000,0.000,1,43
TRK,169323,0.39734,-0.73552,0.50568,-0.21312,0.3363,-0.2582,0.6210,0.000,0.000,0.000,1,43
TRK,169343,0.39734,-0.73552,0.50569,-0.21311,0.3363,-0.2582,0.6210,0.000,0.000,0.000,1,43
TRK,169362,0.39728,-0.73554,0.50573,-0.21303,0.3363,-0.2582,0.6210,0.000,0.000,0.000,1,43
TRK,169384,0.39723,-0.73556,0.50580,-0.21290,0.3363,-0.2582,0.6210,0.000,0.000,0.000,1,43
TRK,169404,0.39716,-0.73559,0.50584,-0.21283,0.3363,-0.2582,0.6210,0.000,0.000,0.000,1,43
TRK,169423,0.39711,-0.73562,0.50585,-0.21280,0.3363,-0.2582,0.6210,0.000,0.000,0.000,1,43
TRK,169443,0.39710,-0.73562,0.50583,-0.21285,0.3363,-0.2582,0.6210,0.000,0.000,0.000,1,43
TRK,169463,0.39710,-0.73563,0.50578,-0.21295,0.3363,-0.2582,0.6210,0.000,0.000,0.000,1,43
TRK,169483,0.39709,-0.73564,0.50576,-0.21299,0.3363,-0.2582,0.6210,0.000,0.000,0.000,1,43
TRK,169503,0.39707,-0.73564,0.50577,-0.21298,0.3363,-0.2582,0.6210,0.000,0.000,0.000,1,43
TRK,169521,0.39703,-0.73567,0.50576,-0.21300,0.3363,-0.2582,0.6210,0.000,0.000,0.000,1,43
TRK,169543,0.39704,-0.73566,0.50576,-0.21300,0.3363,-0.2582,0.6210,0.000,0.000,0.000,1,43
TRK,169562,0.39708,-0.73565,0.50573,-0.21306,0.3363,-0.2582,0.6210,0.000,0.000,0.000,1,43
TRK,169583,0.39714,-0.73562,0.50567,-0.21316,0.3363,-0.2582,0.6210,0.000,0.000,0.000,1,43
TRK,169602,0.39720,-0.73559,0.50565,-0.21321,0.3363,-0.2582,0.6210,0.000,0.000,0.000,1,43
TRK,169622,0.39725,-0.73557,0.50565,-0.21319,0.3363,-0.2582,0.6210,0.000,0.000,0.000,1,43
TRK,169642,0.39725,-0.73556,0.50570,-0.21310,0.3363,-0.2582,0.6210,0.000,0.000,0.000,1,43
STAT,403.8,400.3,0,0,0,0.0248,0.181,0.1238,0.1153,-0.0467,9.6848,1.20,0.025
TRK,169662,0.39720,-0.73558,0.50579,-0.21293,0.3363,-0.2582,0.6210,0.000,0.000,0.000,1,43
TRK,169684,0.39715,-0.73560,0.50583,-0.21284,0.3363,-0.2582,0.6210,0.000,0.000,0.000,1,43
TRK,169704,0.39711,-0.73561,0.50585,-0.21280,0.3363,-0.2582,0.6210,0.000,0.000,0.000,1,43
TRK,169724,0.39719,-0.73558,0.50581,-0.21289,0.3363,-0.2582,0.6210,0.000,0.000,0.000,1,43
TRK,169743,0.39723,-0.73557,0.50571,-0.21307,0.3363,-0.2582,0.6210,0.000,0.000,0.000,1,43
TRK,169761,0.39732,-0.73554,0.50563,-0.21323,0.3363,-0.2582,0.6210,0.000,0.000,0.000,1,43
TRK,169783,0.39734,-0.73553,0.50558,-0.21333,0.3363,-0.2582,0.6210,0.000,0.000,0.000,1,43
TRK,169802,0.39730,-0.73555,0.50558,-0.21333,0.3363,-0.2582,0.6210,0.000,0.000,0.000,1,43
TRK,169822,0.39720,-0.73560,0.50563,-0.21325,0.3363,-0.2582,0.6210,0.000,0.000,0.000,1,43
TRK,169842,0.39710,-0.73564,0.50568,-0.21315,0.3363,-0.2582,0.6210,0.000,0.000,0.000,1,43
TRK,169862,0.39708,-0.73565,0.50570,-0.21311,0.3363,-0.2582,0.6210,0.000,0.000,0.000,1,43
TRK,169882,0.39708,-0.73565,0.50568,-0.21316,0.3363,-0.2582,0.6210,0.000,0.000,0.000,1,43
TRK,169904,0.39712,-0.73564,0.50563,-0.21325,0.3363,-0.2582,0.6210,0.000,0.000,0.000,1,43
TRK,169922,0.39717,-0.73562,0.50558,-0.21335,0.3363,-0.2582,0.6210,0.000,0.000,0.000,1,43
TRK,169944,0.39716,-0.73562,0.50556,-0.21339,0.3363,-0.2582,0.6210,0.000,0.000,0.000,1,43
TRK,169963,0.39714,-0.73563,0.50560,-0.21331,0.3363,-0.2582,0.6210,0.000,0.000,0.000,1,43
TRK,169984,0.39714,-0.73562,0.50566,-0.21319,0.3363,-0.2582,0.6210,0.000,0.000,0.000,1,43
TRK,170004,0.39719,-0.73559,0.50572,-0.21307,0.3363,-0.2582,0.6210,0.000,0.000,0.000,1,43
TRK,170021,0.39724,-0.73557,0.50572,-0.21306,0.3363,-0.2582,0.6210,0.000,0.000,0.000,1,43
TRK,170041,0.39730,-0.73554,0.50568,-0.21312,0.3363,-0.2582,0.6210,0.000,0.000,0.000,1,43
TRK,170062,0.39735,-0.73552,0.50564,-0.21319,0.3363,-0.2582,0.6210,0.000,0.000,0.000,1,43
TRK,170082,0.39738,-0.73550,0.50562,-0.21324,0.3363,-0.2582,0.6210,0.000,0.000,0.000,1,43
TRK,170102,0.39737,-0.73551,0.50562,-0.21323,0.3363,-0.2582,0.6210,0.000,0.000,0.000,1,43
TRK,170124,0.39732,-0.73553,0.50567,-0.21314,0.3363,-0.2582,0.6210,0.000,0.000,0.000,1,43
TRK,170144,0.39733,-0.73552,0.50574,-0.21300,0.3363,-0.2582,0.6210,0.000,0.000,0.000,1,43
TRK,170164,0.39728,-0.73553,0.50579,-0.21292,0.3363,-0.2582,0.6210,0.000,0.000,0.000,1,43
TRK,170184,0.39729,-0.73553,0.50577,-0.21295,0.3363,-0.2582,0.6210,0.000,0.000,0.000,1,43
TRK,170204,0.39734,-0.73551,0.50570,-0.21308,0.3363,-0.2582,0.6210,0.000,0.000,0.000,1,43
TRK,170223,0.39739,-0.73550,0.50563,-0.21322,0.3363,-0.2582,0.6210,0.000,0.000,0.000,1,43
TRK,170244,0.39742,-0.73549,0.50558,-0.21331,0.3363,-0.2582,0.6210,0.000,0.000,0.000,1,43
TRK,170263,0.39744,-0.73548,0.50556,-0.21336,0.3363,-0.2582,0.6210,0.000,0.000,0.000,1,43
TRK,170282,0.39744,-0.73548,0.50557,-0.21333,0.3363,-0.2582,0.6210,0.000,0.000,0.000,1,43
TRK,170304,0.39743,-0.73548,0.50559,-0.21330,0.3363,-0.2582,0.6210,0.000,0.000,0.000,1,43
TRK,170322,0.39746,-0.73547,0.50560,-0.21327,0.3363,-0.2582,0.6210,0.000,0.000,0.000,1,43
TRK,170343,0.39744,-0.73548,0.50556,-0.21335,0.3363,-0.2582,0.6210,0.000,0.000,0.000,1,43
TRK,170362,0.39742,-0.73550,0.50553,-0.21341,0.3363,-0.2582,0.6210,0.000,0.000,0.000,1,43
TRK,170384,0.39743,-0.73550,0.50548,-0.21350,0.3363,-0.2582,0.6210,0.000,0.000,0.000,1,43
TRK,170402,0.39742,-0.73550,0.50546,-0.21354,0.3363,-0.2582,0.6210,0.000,0.000,0.000,1,43
TRK,170424,0.39739,-0.73552,0.50547,-0.21354,0.3363,-0.2582,0.6210,0.000,0.000,0.000,1,43
TRK,170442,0.39738,-0.73552,0.50549,-0.21350,0.3363,-0.2582,0.6210,0.000,0.000,0.000,1,43
TRK,170462,0.39734,-0.73553,0.50553,-0.21343,0.3363,-0.2582,0.6210,0.000,0.000,0.000,1,43
TRK,170484,0.39731,-0.73554,0.50557,-0.21335,0.3363,-0.2582,0.6210,0.000,0.000,0.000,1,43
TRK,170504,0.39730,-0.73555,0.50558,-0.21333,0.3363,-0.2582,0.6210,0.000,0.000,0.000,1,43
TRK,170523,0.39733,-0.73554,0.50558,-0.21333,0.3363,-0.2582,0.6210,0.000,0.000,0.000,1,43
TRK,170542,0.39740,-0.73550,0.50556,-0.21336,0.3363,-0.2582,0.6210,0.000,0.000,0.000,1,43
TRK,170562,0.39750,-0.73545,0.50554,-0.21339,0.3363,-0.2582,0.6210,0.000,0.000,0.000,1,43
TRK,170582,0.39758,-0.73541,0.50552,-0.21342,0.3363,-0.2582,0.6210,0.000,0.000,0.000,1,43
TRK,170602,0.39759,-0.73541,0.50555,-0.21335,0.3363,-0.2582,0.6210,0.000,0.000,0.000,1,43
TRK,170623,0.39752,-0.73543,0.50560,-0.21327,0.3363,-0.2582,0.6210,0.000,0.000,0.000,1,43
TRK,170643,0.39747,-0.73546,0.50562,-0.21322,0.3363,-0.2582,0.6210,0.000,0.000,0.000,1,43
STAT,404.0,401.0,0,0,0,0.0306,0.208,0.1101,0.1167,-0.0510,9.6852,1.20,0.025
TRK,170665,0.39741,-0.73549,0.50563,-0.21321,0.3363,-0.2582,0.6210,0.000,0.000,0.000,1,43
TRK,170682,0.39738,-0.73550,0.50563,-0.21321,0.3363,-0.2582,0.6210,0.000,0.000,0.000,1,43
TRK,170704,0.39741,-0.73549,0.50560,-0.21327,0.3363,-0.2582,0.6210,0.000,0.000,0.000,1,43
TRK,170723,0.39739,-0.73550,0.50560,-0.21328,0.3363,-0.2582,0.6210,0.000,0.000,0.000,1,43
TRK,170744,0.39735,-0.73552,0.50563,-0.21322,0.3363,-0.2582,0.6210,0.000,0.000,0.000,1,43
TRK,170763,0.39736,-0.73551,0.50566,-0.21316,0.3363,-0.2582,0.6210,0.000,0.000,0.000,1,43
TRK,170783,0.39733,-0.73552,0.50570,-0.21310,0.3363,-0.2582,0.6210,0.000,0.000,0.000,1,43
TRK,170803,0.39731,-0.73553,0.50570,-0.21310,0.3363,-0.2582,0.6210,0.000,0.000,0.000,1,43
TRK,170822,0.39733,-0.73552,0.50565,-0.21319,0.3363,-0.2582,0.6210,0.000,0.000,0.000,1,43
TRK,170842,0.39733,-0.73553,0.50559,-0.21330,0.3363,-0.2582,0.6210,0.000,0.000,0.000,1,43
TRK,170862,0.39734,-0.73553,0.50553,-0.21342,0.3363,-0.2582,0.6210,0.000,0.000,0.000,1,43
TRK,170884,0.39737,-0.73552,0.50549,-0.21350,0.3363,-0.2582,0.6210,0.000,0.000,0.000,1,43
TRK,170904,0.39737,-0.73552,0.50550,-0.21349,0.3363,-0.2582,0.6210,0.000,0.000,0.000,1,43
TRK,170924,0.39736,-0.73553,0.50553,-0.21342,0.3363,-0.2582,0.6210,0.000,0.000,0.000,1,43
TRK,170942,0.39735,-0.73553,0.50555,-0.21339,0.3363,-0.2582,0.6210,0.000,0.000,0.000,1,43
TRK,170964,0.39731,-0.73555,0.50552,-0.21344,0.3363,-0.2582,0.6210,0.000,0.000,0.000,1,43
TRK,170984,0.39739,-0.73551,0.50549,-0.21349,0.3363,-0.2582,0.6210,0.000,0.000,0.000,1,43
TRK,171004,0.39741,-0.73551,0.50544,-0.21359,0.3363,-0.2582,0.6210,0.000,0.000,0.000,1,43
TRK,171023,0.39737,-0.73553,0.50542,-0.21365,0.3363,-0.2582,0.6210,0.000,0.000,0.000,1,43
TRK,171042,0.39734,-0.73555,0.50542,-0.21364,0.3363,-0.2582,0.6210,0.000,0.000,0.000,1,43
TRK,171062,0.39727,-0.73557,0.50549,-0.21352,0.3363,-0.2582,0.6210,0.000,0.000,0.000,1,43
TRK,171082,0.39722,-0.73559,0.50556,-0.21337,0.3363,-0.2582,0.6210,0.000,0.000,0.000,1,43
TRK,171104,0.39721,-0.73559,0.50563,-0.21325,0.3363,-0.2582,0.6210,0.000,0.000,0.000,1,43
TRK,171122,0.39724,-0.73557,0.50563,-0.21323,0.3363,-0.2582,0.6210,0.000,0.000,0.000,1,43
TRK,171144,0.39729,-0.73555,0.50564,-0.21322,0.3363,-0.2582,0.6210,0.000,0.000,0.000,1,43
TRK,171162,0.39731,-0.73554,0.50562,-0.21324,0.3363,-0.2582,0.6210,0.000,0.000,0.000,1,43
TRK,171184,0.39733,-0.73553,0.50562,-0.21325,0.3363,-0.2582,0.6210,0.000,0.000,0.000,1,43
TRK,171203,0.39730,-0.73555,0.50564,-0.21322,0.3363,-0.2582,0.6210,0.000,0.000,0.000,1,43
TRK,171224,0.39723,-0.73558,0.50568,-0.21313,0.3363,-0.2582,0.6210,0.000,0.000,0.000,1,43
TRK,171243,0.39718,-0.73559,0.50571,-0.21307,0.3363,-0.2582,0.6210,0.000,0.000,0.000,1,43
TRK,171261,0.39717,-0.73560,0.50573,-0.21305,0.3363,-0.2582,0.6210,0.000,0.000,0.000,1,43
TRK,171283,0.39719,-0.73559,0.50570,-0.21309,0.3363,-0.2582,0.6210,0.000,0.000,0.000,1,43
TRK,171302,0.39721,-0.73559,0.50564,-0.21321,0.3363,-0.2582,0.6210,0.000,0.000,0.000,1,43
TRK,171322,0.39723,-0.73558,0.50561,-0.21327,0.3363,-0.2582,0.6210,0.000,0.000,0.000,1,43
TRK,171342,0.39724,-0.73557,0.50562,-0.21326,0.3363,-0.2582,0.6210,0.000,0.000,0.000,1,43
TRK,171362,0.39723,-0.73558,0.50565,-0.21320,0.3363,-0.2582,0.6210,0.000,0.000,0.000,1,43
TRK,171384,0.39717,-0.73560,0.50568,-0.21314,0.3363,-0.2582,0.6210,0.000,0.000,0.000,1,43
TRK,171404,0.39714,-0.73562,0.50570,-0.21310,0.3363,-0.2582,0.6210,0.000,0.000,0.000,1,43
TRK,171421,0.39717,-0.73561,0.50569,-0.21313,0.3363,-0.2582,0.6210,0.000,0.000,0.000,1,43
TRK,171441,0.39723,-0.73558,0.50564,-0.21322,0.3363,-0.2582,0.6210,0.000,0.000,0.000,1,43
TRK,171462,0.39724,-0.73558,0.50558,-0.21334,0.3363,-0.2582,0.6210,0.000,0.000,0.000,1,43
TRK,171484,0.39728,-0.73556,0.50556,-0.21337,0.3363,-0.2582,0.6210,0.000,0.000,0.000,1,43
TRK,171503,0.39725,-0.73558,0.50556,-0.21337,0.3363,-0.2582,0.6210,0.000,0.000,0.000,1,43
TRK,171521,0.39723,-0.73558,0.50562,-0.21325,0.3363,-0.2582,0.6210,0.000,0.000,0.000,1,43
TRK,171541,0.39709,-0.73565,0.50566,-0.21318,0.3363,-0.2582,0.6210,0.000,0.000,0.000,1,43
TRK,171562,0.39705,-0.73566,0.50571,-0.21310,0.3363,-0.2582,0.6210,0.000,0.000,0.000,1,43
TRK,171583,0.39693,-0.73572,0.50574,-0.21306,0.3363,-0.2582,0.6210,0.000,0.000,0.000,1,43
TRK,171602,0.39697,-0.73570,0.50573,-0.21306,0.3363,-0.2582,0.6210,0.000,0.000,0.000,1,43
TRK,171624,0.39706,-0.73566,0.50569,-0.21314,0.3363,-0.2582,0.6210,0.000,0.000,0.000,1,43
TRK,171642,0.39714,-0.73562,0.50566,-0.21318,0.3363,-0.2582,0.6210,0.000,0.000,0.000,1,43
STAT,404.0,401.0,0,0,0,0.0348,0.230,0.1023,0.0989,-0.0514,9.6854,1.20,0.025
TRK,171661,0.39719,-0.73560,0.50563,-0.21324,0.3363,-0.2582,0.6210,0.000,0.000,0.000,1,43
TRK,171684,0.39725,-0.73557,0.50562,-0.21325,0.3363,-0.2582,0.6210,0.000,0.000,0.000,1,43
TRK,171703,0.39723,-0.73558,0.50567,-0.21315,0.3363,-0.2582,0.6210,0.000,0.000,0.000,1,43
TRK,171721,0.39724,-0.73556,0.50572,-0.21305,0.3363,-0.2582,0.6210,0.000,0.000,0.000,1,43
TRK,171743,0.39725,-0.73556,0.50577,-0.21295,0.3363,-0.2582,0.6210,0.000,0.000,0.000,1,43
TRK,171764,0.39727,-0.73554,0.50578,-0.21293,0.3363,-0.2582,0.6210,0.000,0.000,0.000,1,43
TRK,171783,0.39738,-0.73549,0.50577,-0.21295,0.3363,-0.2582,0.6210,0.000,0.000,0.000,1,43
TRK,171801,0.39749,-0.73544,0.50572,-0.21303,0.3363,-0.2582,0.6210,0.000,0.000,0.000,1,43
TRK,171823,0.39755,-0.73541,0.50566,-0.21314,0.3363,-0.2582,0.6210,0.000,0.000,0.000,1,43
TRK,171842,0.39758,-0.73540,0.50567,-0.21312,0.3363,-0.2582,0.6210,0.000,0.000,0.000,1,43
TRK,171864,0.39757,-0.73540,0.50572,-0.21302,0.3363,-0.2582,0.6210,0.000,0.000,0.000,1,43
TRK,171882,0.39749,-0.73543,0.50577,-0.21293,0.3363,-0.2582,0.6210,0.000,0.000,0.000,1,43
TRK,171901,0.39749,-0.73543,0.50578,-0.21290,0.3363,-0.2582,0.6210,0.000,0.000,0.000,1,43
TRK,171921,0.39748,-0.73544,0.50576,-0.21294,0.3363,-0.2582,0.6210,0.000,0.000,0.000,1,43
TRK,171944,0.39751,-0.73543,0.50570,-0.21306,0.3363,-0.2582,0.6210,0.000,0.000,0.000,1,43
TRK,171963,0.39752,-0.73543,0.50564,-0.21317,0.3363,-0.2582,0.6210,0.000,0.000,0.000,1,43
TRK,171981,0.39754,-0.73542,0.50561,-0.21324,0.3363,-0.2582,0.6210,0.000,0.000,0.000,1,43
TRK,172003,0.39749,-0.73545,0.50561,-0.21325,0.3363,-0.2582,0.6210,0.000,0.000,0.000,1,43
TRK,172021,0.39745,-0.73546,0.50566,-0.21314,0.3363,-0.2582,0.6210,0.000,0.000,0.000,1,43
TRK,172043,0.39737,-0.73550,0.50574,-0.21299,0.3363,-0.2582,0.6210,0.000,0.000,0.000,1,43
TRK,172062,0.39733,-0.73551,0.50581,-0.21287,0.3363,-0.2582,0.6210,0.000,0.000,0.000,1,43
TRK,172082,0.39727,-0.73554,0.50583,-0.21284,0.3363,-0.2582,0.6210,0.000,0.000,0.000,1,43
TRK,172102,0.39729,-0.73553,0.50581,-0.21288,0.3363,-0.2582,0.6210,0.000,0.000,0.000,1,43
TRK,172122,0.39729,-0.73553,0.50576,-0.21296,0.3363,-0.2582,0.6210,0.000,0.000,0.000,1,43
TRK,172144,0.39728,-0.73554,0.50572,-0.21305,0.3363,-0.2582,0.6210,0.000,0.000,0.000,1,43
TRK,172162,0.39727,-0.73555,0.50574,-0.21301,0.3363,-0.2582,0.6210,0.000,0.000,0.000,1,43
TRK,172184,0.39724,-0.73556,0.50579,-0.21292,0.3363,-0.2582,0.6210,0.000,0.000,0.000,1,43
TRK,172202,0.39722,-0.73556,0.50584,-0.21281,0.3363,-0.2582,0.6210,0.000,0.000,0.000,1,43
TRK,172224,0.39720,-0.73557,0.50585,-0.21280,0.3363,-0.2582,0.6210,0.000,0.000,0.000,1,43
TRK,172244,0.39726,-0.73554,0.50585,-0.21279,0.3363,-0.2582,0.6210,0.000,0.000,0.000,1,43
TRK,172264,0.39733,-0.73551,0.50582,-0.21283,0.3363,-0.2582,0.6210,0.000,0.000,0.000,1,43
TRK,172283,0.39743,-0.73546,0.50578,-0.21292,0.3363,-0.2582,0.6210,0.000,0.000,0.000,1,43
TRK,172304,0.39756,-0.73540,0.50573,-0.21299,0.3363,-0.2582,0.6210,0.000,0.000,0.000,1,43
TRK,172323,0.39756,-0.73540,0.50574,-0.21297,0.3363,-0.2582,0.6210,0.000,0.000,0.000,1,43
TRK,172342,0.39756,-0.73539,0.50578,-0.21290,0.3363,-0.2582,0.6210,0.000,0.000,0.000,1,43
TRK,172363,0.39753,-0.73541,0.50578,-0.21290,0.3363,-0.2582,0.6210,0.000,0.000,0.000,1,43
TRK,172384,0.39747,-0.73544,0.50576,-0.21294,0.3363,-0.2582,0.6210,0.000,0.000,0.000,1,43
TRK,172402,0.39746,-0.73545,0.50573,-0.21301,0.3363,-0.2582,0.6210,0.000,0.000,0.000,1,43
TRK,172423,0.39745,-0.73547,0.50566,-0.21316,0.3363,-0.2582,0.6210,0.000,0.000,0.000,1,43
TRK,172442,0.39748,-0.73546,0.50559,-0.21328,0.3363,-0.2582,0.6210,0.000,0.000,0.000,1,43
TRK,172464,0.39743,-0.73548,0.50558,-0.21331,0.3363,-0.2582,0.6210,0.000,0.000,0.000,1,43
TRK,172484,0.39738,-0.73550,0.50561,-0.21327,0.3363,-0.2582,0.6210,0.000,0.000,0.000,1,43
TRK,172504,0.39734,-0.73552,0.50564,-0.21320,0.3363,-0.2582,0.6210,0.000,0.000,0.000,1,43
TRK,172524,0.39732,-0.73553,0.50568,-0.21312,0.3363,-0.2582,0.6210,0.000,0.000,0.000,1,43
TRK,172544,0.39732,-0.73553,0.50570,-0.21307,0.3363,-0.2582,0.6210,0.000,0.000,0.000,1,43
TRK,172563,0.39736,-0.73551,0.50569,-0.21309,0.3363,-0.2582,0.6210,0.000,0.000,0.000,1,43
TRK,172582,0.39744,-0.73547,0.50565,-0.21316,0.3363,-0.2582,0.6210,0.000,0.000,0.000,1,43
TRK,172604,0.39745,-0.73547,0.50562,-0.21323,0.3363,-0.2582,0.6210,0.000,0.000,0.000,1,43
TRK,172624,0.39742,-0.73549,0.50561,-0.21325,0.3363,-0.2582,0.6210,0.000,0.000,0.000,1,43
TRK,172642,0.39741,-0.73549,0.50564,-0.21319,0.3363,-0.2582,0.6210,0.000,0.000,0.000,1,43
STAT,404.0,400.5,0,0,0,0.0282,0.199,0.0971,0.1009,-0.0524,9.6870,1.20,0.025
TRK,172662,0.39739,-0.73549,0.50569,-0.21309,0.3363,-0.2582,0.6210,0.000,0.000,0.000,1,43
TRK,172682,0.39739,-0.73549,0.50574,-0.21299,0.3363,-0.2582,0.6210,0.000,0.000,0.000,1,43
TRK,172702,0.39745,-0.73545,0.50577,-0.21293,0.3363,-0.2582,0.6210,0.000,0.000,0.000,1,43
TRK,172724,0.39753,-0.73542,0.50576,-0.21294,0.3363,-0.2582,0.6210,0.000,0.000,0.000,1,43
TRK,172743,0.39757,-0.73539,0.50573,-0.21300,0.3363,-0.2582,0.6210,0.000,0.000,0.000,1,43
TRK,172761,0.39761,-0.73538,0.50569,-0.21308,0.3363,-0.2582,0.6210,0.000,0.000,0.000,1,43
TRK,172783,0.39764,-0.73537,0.50568,-0.21308,0.3363,-0.2582,0.6210,0.000,0.000,0.000,1,43
TRK,172801,0.39761,-0.73538,0.50568,-0.21308,0.3363,-0.2582,0.6210,0.000,0.000,0.000,1,43
TRK,172823,0.39759,-0.73539,0.50571,-0.21303,0.3363,-0.2582,0.6210,0.000,0.000,0.000,1,43
TRK,172842,0.39758,-0.73539,0.50574,-0.21297,0.3363,-0.2582,0.6210,0.000,0.000,0.000,1,43
TRK,172864,0.39753,-0.73541,0.50575,-0.21297,0.3363,-0.2582,0.6210,0.000,0.000,0.000,1,43
TRK,172884,0.39756,-0.73540,0.50571,-0.21304,0.3363,-0.2582,0.6210,0.000,0.000,0.000,1,43
TRK,172902,0.39758,-0.73540,0.50570,-0.21306,0.3363,-0.2582,0.6210,0.000,0.000,0.000,1,43
TRK,172922,0.39755,-0.73541,0.50570,-0.21305,0.3363,-0.2582,0.6210,0.000,0.000,0.000,1,43
TRK,172942,0.39753,-0.73542,0.50574,-0.21298,0.3363,-0.2582,0.6210,0.000,0.000,0.000,1,43
TRK,172962,0.39754,-0.73540,0.50581,-0.21284,0.3363,-0.2582,0.6210,0.000,0.000,0.000,1,43
TRK,172984,0.39752,-0.73541,0.50588,-0.21271,0.3363,-0.2582,0.6210,0.000,0.000,0.000,1,43
TRK,173003,0.39753,-0.73540,0.50589,-0.21268,0.3363,-0.2582,0.6210,0.000,0.000,0.000,1,43
TRK,173024,0.39758,-0.73538,0.50587,-0.21271,0.3363,-0.2582,0.6210,0.000,0.000,0.000,1,43
TRK,173041,0.39762,-0.73536,0.50582,-0.21281,0.3363,-0.2582,0.6210,0.000,0.000,0.000,1,43
TRK,173061,0.39767,-0.73534,0.50579,-0.21286,0.3363,-0.2582,0.6210,0.000,0.000,0.000,1,43
TRK,173082,0.39771,-0.73532,0.50579,-0.21286,0.3363,-0.2582,0.6210,0.000,0.000,0.000,1,43
TRK,173102,0.39766,-0.73534,0.50580,-0.21284,0.3363,-0.2582,0.6210,0.000,0.000,0.000,1,43
TRK,173122,0.39761,-0.73536,0.50584,-0.21278,0.3363,-0.2582,0.6210,0.000,0.000,0.000,1,43
TRK,173144,0.39754,-0.73540,0.50584,-0.21277,0.3363,-0.2582,0.6210,0.000,0.000,0.000,1,43
TRK,173164,0.39751,-0.73541,0.50583,-0.21281,0.3363,-0.2582,0.6210,0.000,0.000,0.000,1,43
TRK,173184,0.39751,-0.73542,0.50579,-0.21289,0.3363,-0.2582,0.6210,0.000,0.000,0.000,1,43
TRK,173204,0.39751,-0.73543,0.50573,-0.21300,0.3363,-0.2582,0.6210,0.000,0.000,0.000,1,43
TRK,173224,0.39746,-0.73546,0.50569,-0.21309,0.3363,-0.2582,0.6210,0.000,0.000,0.000,1,43
TRK,173244,0.39746,-0.73546,0.50568,-0.21311,0.3363,-0.2582,0.6210,0.000,0.000,0.000,1,43
TRK,173263,0.39746,-0.73546,0.50569,-0.21309,0.3363,-0.2582,0.6210,0.000,0.000,0.000,1,43
TRK,173283,0.39741,-0.73548,0.50573,-0.21302,0.3363,-0.2582,0.6210,0.000,0.000,0.000,1,43
TRK,173301,0.39736,-0.73550,0.50576,-0.21296,0.3363,-0.2582,0.6210,0.000,0.000,0.000,1,43
TRK,173321,0.39731,-0.73553,0.50575,-0.21299,0.3363,-0.2582,0.6210,0.000,0.000,0.000,1,43
TRK,173341,0.39727,-0.73555,0.50572,-0.21304,0.3363,-0.2582,0.6210,0.000,0.000,0.000,1,43
TRK,173361,0.39728,-0.73555,0.50570,-0.21309,0.3363,-0.2582,0.6210,0.000,0.000,0.000,1,43
TRK,173381,0.39730,-0.73554,0.50565,-0.21318,0.3363,-0.2582,0.6210,0.000,0.000,0.000,1,43
TRK,173401,0.39736,-0.73551,0.50565,-0.21319,0.3363,-0.2582,0.6210,0.000,0.000,0.000,1,43
TRK,173421,0.39739,-0.73549,0.50567,-0.21313,0.3363,-0.2582,0.6210,0.000,0.000,0.000,1,43
TRK,173444,0.39740,-0.73548,0.50570,-0.21308,0.3363,-0.2582,0.6210,0.000,0.000,0.000,1,43
TRK,173463,0.39736,-0.73550,0.50572,-0.21305,0.3363,-0.2582,0.6210,0.000,0.000,0.000,1,43
TRK,173483,0.39735,-0.73551,0.50572,-0.21304,0.3363,-0.2582,0.6210,0.000,0.000,0.000,1,43
TRK,173501,0.39736,-0.73551,0.50569,-0.21310,0.3363,-0.2582,0.6210,0.000,0.000,0.000,1,43
TRK,173521,0.39736,-0.73551,0.50564,-0.21319,0.3363,-0.2582,0.6210,0.000,0.000,0.000,1,43
TRK,173541,0.39740,-0.73549,0.50562,-0.21323,0.3363,-0.2582,0.6210,0.000,0.000,0.000,1,43
TRK,173561,0.39739,-0.73550,0.50563,-0.21321,0.3363,-0.2582,0.6210,0.000,0.000,0.000,1,43
TRK,173583,0.39741,-0.73548,0.50567,-0.21312,0.3363,-0.2582,0.6210,0.000,0.000,0.000,1,43
TRK,173602,0.39744,-0.73546,0.50572,-0.21304,0.3363,-0.2582,0.6210,0.000,0.000,0.000,1,43
TRK,173623,0.39744,-0.73546,0.50576,-0.21294,0.3363,-0.2582,0.6210,0.000,0.000,0.000,1,43
TRK,173642,0.39746,-0.73545,0.50578,-0.21291,0.3363,-0.2582,0.6210,0.000,0.000,0.000,1,43
STAT,404.0,400.5,0,0,0,0.0303,0.205,0.1020,0.1217,-0.0454,9.6872,1.20,0.025
TRK,173664,0.39756,-0.73540,0.50574,-0.21298,0.3363,-0.2582,0.6210,0.000,0.000,0.000,1,43
TRK,173682,0.39758,-0.73540,0.50568,-0.21309,0.3363,-0.2582,0.6210,0.000,0.000,0.000,1,43
TRK,173704,0.39757,-0.73540,0.50566,-0.21314,0.3363,-0.2582,0.6210,0.000,0.000,0.000,1,43
TRK,173722,0.39756,-0.73541,0.50565,-0.21315,0.3363,-0.2582,0.6210,0.000,0.000,0.000,1,43
TRK,173744,0.39755,-0.73541,0.50569,-0.21308,0.3363,-0.2582,0.6210,0.000,0.000,0.000,1,43
TRK,173763,0.39750,-0.73543,0.50570,-0.21307,0.3363,-0.2582,0.6210,0.000,0.000,0.000,1,43
TRK,173781,0.39748,-0.73544,0.50570,-0.21306,0.3363,-0.2582,0.6210,0.000,0.000,0.000,1,43
TRK,173803,0.39748,-0.73545,0.50568,-0.21311,0.3363,-0.2582,0.6210,0.000,0.000,0.000,1,43
TRK,173821,0.39752,-0.73543,0.50563,-0.21320,0.3363,-0.2582,0.6210,0.000,0.000,0.000,1,43
TRK,173843,0.39756,-0.73542,0.50557,-0.21332,0.3363,-0.2582,0.6210,0.000,0.000,0.000,1,43
TRK,173863,0.39759,-0.73541,0.50554,-0.21338,0.3363,-0.2582,0.6210,0.000,0.000,0.000,1,43
TRK,173884,0.39765,-0.73537,0.50556,-0.21333,0.3363,-0.2582,0.6210,0.000,0.000,0.000,1,43
TRK,173902,0.39760,-0.73539,0.50560,-0.21325,0.3363,-0.2582,0.6210,0.000,0.000,0.000,1,43
TRK,173922,0.39755,-0.73542,0.50566,-0.21314,0.3363,-0.2582,0.6210,0.000,0.000,0.000,1,43
TRK,173942,0.39745,-0.73546,0.50570,-0.21307,0.3363,-0.2582,0.6210,0.000,0.000,0.000,1,43
TRK,173962,0.39739,-0.73549,0.50570,-0.21308,0.3363,-0.2582,0.6210,0.000,0.000,0.000,1,43
TRK,173983,0.39736,-0.73551,0.50567,-0.21314,0.3363,-0.2582,0.6210,0.000,0.000,0.000,1,43
TRK,174003,0.39739,-0.73550,0.50561,-0.21326,0.3363,-0.2582,0.6210,0.000,0.000,0.000,1,43
TRK,174023,0.39746,-0.73547,0.50557,-0.21334,0.3363,-0.2582,0.6210,0.000,0.000,0.000,1,43
TRK,174043,0.39747,-0.73547,0.50555,-0.21336,0.3363,-0.2582,0.6210,0.000,0.000,0.000,1,43
TRK,174061,0.39737,-0.73551,0.50563,-0.21322,0.3363,-0.2582,0.6210,0.000,0.000,0.000,1,43
TRK,174081,0.39674,-0.73587,0.50563,-0.21313,0.3363,-0.2582,0.6209,-0.002,-0.000,0.006,2,43
TRK,174103,0.39708,-0.73570,0.50571,-0.21291,0.3363,-0.2582,0.6209,0.001,0.002,-0.001,2,43
TRK,174123,0.39709,-0.73568,0.50572,-0.21292,0.3363,-0.2581,0.6209,0.001,-0.001,-0.002,2,43
TRK,174142,0.39694,-0.73572,0.50579,-0.21291,0.3363,-0.2582,0.6209,0.003,-0.000,-0.003,2,43
TRK,174164,0.39694,-0.73578,0.50570,-0.21290,0.3364,-0.2582,0.6209,0.003,-0.001,0.004,2,43
TRK,174181,0.39722,-0.73570,0.50563,-0.21283,0.3364,-0.2582,0.6209,0.001,0.000,0.002,2,43
TRK,174203,0.39710,-0.73572,0.50568,-0.21289,0.3364,-0.2581,0.6208,-0.003,0.001,-0.007,2,43
TRK,174221,0.39676,-0.73583,0.50574,-0.21297,0.3363,-0.2581,0.6208,-0.004,0.001,0.000,2,43
TRK,174243,0.39688,-0.73578,0.50573,-0.21298,0.3363,-0.2581,0.6208,-0.003,0.001,0.002,2,43
TRK,174264,0.39703,-0.73576,0.50563,-0.21300,0.3362,-0.2581,0.6208,-0.001,0.000,-0.002,2,43
TRK,174283,0.39681,-0.73581,0.50565,-0.21317,0.3362,-0.2581,0.6207,0.001,0.001,-0.006,2,43
TRK,174301,0.39604,-0.73617,0.50561,-0.21344,0.3362,-0.2581,0.6207,0.003,-0.000,0.002,2,43
TRK,174323,0.39637,-0.73597,0.50578,-0.21314,0.3363,-0.2581,0.6208,0.003,0.000,0.002,2,43
TRK,174342,0.39635,-0.73595,0.50583,-0.21315,0.3363,-0.2580,0.6208,0.001,0.000,-0.002,2,43
TRK,174363,0.39621,-0.73599,0.50584,-0.21323,0.3366,-0.2582,0.6214,0.000,0.000,0.000,1,44
TRK,174383,0.39615,-0.73601,0.50593,-0.21305,0.3366,-0.2582,0.6214,0.000,0.000,0.000,1,44
TRK,174402,0.39616,-0.73598,0.50613,-0.21266,0.3366,-0.2582,0.6214,0.000,0.000,0.000,1,44
TRK,174421,0.39605,-0.73602,0.50628,-0.21237,0.3366,-0.2582,0.6214,0.000,0.000,0.000,1,44
TRK,174444,0.39587,-0.73611,0.50626,-0.21243,0.3366,-0.2582,0.6214,0.000,0.000,0.000,1,44
TRK,174463,0.39615,-0.73599,0.50611,-0.21270,0.3366,-0.2582,0.6214,0.000,0.000,0.000,1,44
TRK,174481,0.39653,-0.73582,0.50592,-0.21304,0.3366,-0.2582,0.6214,0.000,0.000,0.000,1,44
TRK,174501,0.39660,-0.73580,0.50576,-0.21334,0.3366,-0.2582,0.6214,0.000,0.000,0.000,1,44
TRK,174521,0.39652,-0.73584,0.50575,-0.21337,0.3366,-0.2582,0.6214,0.000,0.000,0.000,1,44
TRK,174543,0.39661,-0.73578,0.50590,-0.21307,0.3366,-0.2582,0.6214,0.000,0.000,0.000,1,44
TRK,174561,0.39646,-0.73583,0.50608,-0.21272,0.3366,-0.2582,0.6214,0.000,0.000,0.000,1,44
TRK,174583,0.39627,-0.73592,0.50616,-0.21259,0.3366,-0.2582,0.6214,0.000,0.000,0.000,1,44
TRK,174602,0.39631,-0.73591,0.50611,-0.21269,0.3366,-0.2582,0.6214,0.000,0.000,0.000,1,44
TRK,174622,0.39649,-0.73583,0.50592,-0.21303,0.3366,-0.2582,0.6214,0.000,0.000,0.000,1,44
TRK,174642,0.39664,-0.73578,0.50572,-0.21343,0.3366,-0.2582,0.6214,0.000,0.000,0.000,1,44
STAT,404.1,400.6,0,0,0,0.1398,0.581,0.1061,0.1346,-0.0440,9.6857,0.44,0.004
TRK,174664,0.39659,-0.73582,0.50559,-0.21368,0.3366,-0.2582,0.6214,0.000,0.000,0.000,1,44
TRK,174684,0.39661,-0.73581,0.50565,-0.21358,0.3366,-0.2582,0.6214,0.000,0.000,0.000,1,44
TRK,174702,0.39662,-0.73578,0.50582,-0.21323,0.3366,-0.2582,0.6214,0.000,0.000,0.000,1,44
TRK,174724,0.39648,-0.73583,0.50601,-0.21287,0.3366,-0.2582,0.6214,0.000,0.000,0.000,1,44
TRK,174743,0.39643,-0.73585,0.50605,-0.21278,0.3366,-0.2582,0.6214,0.000,0.000,0.000,1,44
TRK,174763,0.39655,-0.73580,0.50596,-0.21296,0.3366,-0.2582,0.6214,0.000,0.000,0.000,1,44
TRK,174784,0.39677,-0.73572,0.50572,-0.21341,0.3366,-0.2582,0.6214,0.000,0.000,0.000,1,44
TRK,174803,0.39678,-0.73573,0.50555,-0.21375,0.3366,-0.2582,0.6214,0.000,0.000,0.000,1,44
TRK,174821,0.39681,-0.73572,0.50548,-0.21387,0.3366,-0.2582,0.6214,0.000,0.000,0.000,1,44
TRK,174844,0.39680,-0.73572,0.50557,-0.21370,0.3366,-0.2582,0.6214,0.000,0.000,0.000,1,44
TRK,174864,0.39664,-0.73578,0.50577,-0.21332,0.3366,-0.2582,0.6214,0.000,0.000,0.000,1,44
TRK,174884,0.39639,-0.73589,0.50593,-0.21303,0.3366,-0.2582,0.6214,0.000,0.000,0.000,1,44
TRK,174902,0.39633,-0.73591,0.50598,-0.21293,0.3366,-0.2582,0.6214,0.000,0.000,0.000,1,44
TRK,174921,0.39641,-0.73588,0.50589,-0.21310,0.3366,-0.2582,0.6214,0.000,0.000,0.000,1,44
TRK,174944,0.39651,-0.73585,0.50570,-0.21348,0.3366,-0.2582,0.6214,0.000,0.000,0.000,1,44
TRK,174963,0.39659,-0.73583,0.50554,-0.21380,0.3366,-0.2582,0.6214,0.000,0.000,0.000,1,44
TRK,174983,0.39661,-0.73582,0.50548,-0.21391,0.3366,-0.2582,0.6214,0.000,0.000,0.000,1,44
TRK,175003,0.39656,-0.73584,0.50559,-0.21369,0.3366,-0.2582,0.6214,0.000,0.000,0.000,1,44
TRK,175023,0.39642,-0.73588,0.50578,-0.21332,0.3366,-0.2582,0.6214,0.000,0.000,0.000,1,44
TRK,175043,0.39639,-0.73589,0.50591,-0.21306,0.3366,-0.2582,0.6214,0.000,0.000,0.000,1,44
TRK,175061,0.39631,-0.73593,0.50593,-0.21304,0.3366,-0.2582,0.6214,0.000,0.000,0.000,1,44
TRK,175083,0.39636,-0.73591,0.50581,-0.21327,0.3366,-0.2582,0.6214,0.000,0.000,0.000,1,44
TRK,175102,0.39647,-0.73587,0.50565,-0.21359,0.3366,-0.2582,0.6214,0.000,0.000,0.000,1,44
TRK,175123,0.39674,-0.73575,0.50550,-0.21384,0.3366,-0.2582,0.6214,0.000,0.000,0.000,1,44
TRK,175144,0.39670,-0.73577,0.50548,-0.21389,0.3366,-0.2582,0.6214,0.000,0.000,0.000,1,44
TRK,175162,0.39672,-0.73575,0.50560,-0.21366,0.3366,-0.2582,0.6214,0.000,0.000,0.000,1,44
TRK,175184,0.39658,-0.73581,0.50578,-0.21331,0.3366,-0.2582,0.6214,0.000,0.000,0.000,1,44
TRK,175202,0.39646,-0.73585,0.50591,-0.21306,0.3366,-0.2582,0.6214,0.000,0.000,0.000,1,44
TRK,175224,0.39639,-0.73589,0.50589,-0.21312,0.3366,-0.2582,0.6214,0.000,0.000,0.000,1,44
TRK,175242,0.39650,-0.73584,0.50577,-0.21333,0.3366,-0.2582,0.6214,0.000,0.000,0.000,1,44
TRK,175264,0.39669,-0.73577,0.50558,-0.21369,0.3366,-0.2582,0.6214,0.000,0.000,0.000,1,44
TRK,175284,0.39669,-0.73578,0.50548,-0.21390,0.3366,-0.2582,0.6214,0.000,0.000,0.000,1,44
TRK,175303,0.39669,-0.73578,0.50548,-0.21389,0.3366,-0.2582,0.6214,0.000,0.000,0.000,1,44
TRK,175322,0.39663,-0.73580,0.50562,-0.21362,0.3366,-0.2582,0.6214,0.000,0.000,0.000,1,44
TRK,175342,0.39652,-0.73583,0.50580,-0.21328,0.3366,-0.2582,0.6214,0.000,0.000,0.000,1,44
TRK,175362,0.39646,-0.73585,0.50591,-0.21307,0.3366,-0.2582,0.6214,0.000,0.000,0.000,1,44
TRK,175382,0.39650,-0.73583,0.50590,-0.21308,0.3366,-0.2582,0.6214,0.000,0.000,0.000,1,44
TRK,175403,0.39663,-0.73578,0.50576,-0.21334,0.3366,-0.2582,0.6214,0.000,0.000,0.000,1,44
TRK,175424,0.39678,-0.73572,0.50561,-0.21362,0.3366,-0.2582,0.6214,0.000,0.000,0.000,1,44
TRK,175444,0.39683,-0.73571,0.50552,-0.21379,0.3366,-0.2582,0.6214,0.000,0.000,0.000,1,44
TRK,175462,0.39680,-0.73572,0.50555,-0.21375,0.3366,-0.2582,0.6214,0.000,0.000,0.000,1,44
TRK,175483,0.39674,-0.73574,0.50566,-0.21354,0.3366,-0.2582,0.6214,0.000,0.000,0.000,1,44
TRK,175504,0.39663,-0.73578,0.50581,-0.21325,0.3366,-0.2582,0.6214,0.000,0.000,0.000,1,44
TRK,175523,0.39659,-0.73579,0.50584,-0.21319,0.3366,-0.2582,0.6214,0.000,0.000,0.000,1,44
TRK,175541,0.39664,-0.73577,0.50578,-0.21330,0.3366,-0.2582,0.6214,0.000,0.000,0.000,1,44
TRK,175563,0.39682,-0.73570,0.50565,-0.21355,0.3366,-0.2582,0.6214,0.000,0.000,0.000,1,44
TRK,175581,0.39696,-0.73565,0.50549,-0.21386,0.3366,-0.2582,0.6214,0.000,0.000,0.000,1,44
TRK,175603,0.39700,-0.73563,0.50541,-0.21401,0.3366,-0.2582,0.6214,0.000,0.000,0.000,1,44
TRK,175623,0.39700,-0.73563,0.50547,-0.21389,0.3366,-0.2582,0.6214,0.000,0.000,0.000,1,44
TRK,175642,0.39690,-0.73567,0.50558,-0.21367,0.3366,-0.2582,0.6214,0.000,0.000,0.000,1,44
STAT,404.1,400.6,0,0,0,0.0605,0.272,0.1063,0.1341,-0.0435,9.6876,0.44,0.004
TRK,175661,0.39678,-0.73571,0.50574,-0.21337,0.3366,-0.2582,0.6214,0.000,0.000,0.000,1,44
TRK,175684,0.39672,-0.73573,0.50584,-0.21317,0.3366,-0.2582,0.6214,0.000,0.000,0.000,1,44
TRK,175702,0.39666,-0.73576,0.50581,-0.21324,0.3366,-0.2582,0.6214,0.000,0.000,0.000,1,44
TRK,175721,0.39672,-0.73574,0.50573,-0.21340,0.3366,-0.2582,0.6214,0.000,0.000,0.000,1,44
TRK,175742,0.39669,-0.73577,0.50560,-0.21366,0.3366,-0.2582,0.6214,0.000,0.000,0.000,1,44
TRK,175764,0.39672,-0.73576,0.50557,-0.21372,0.3366,-0.2582,0.6214,0.000,0.000,0.000,1,44
TRK,175783,0.39670,-0.73577,0.50560,-0.21366,0.3366,-0.2582,0.6214,0.000,0.000,0.000,1,44
TRK,175801,0.39661,-0.73580,0.50566,-0.21354,0.3366,-0.2582,0.6214,0.000,0.000,0.000,1,44
TRK,175823,0.39655,-0.73583,0.50573,-0.21342,0.3366,-0.2582,0.6214,0.000,0.000,0.000,1,44
TRK,175841,0.39654,-0.73583,0.50573,-0.21342,0.3366,-0.2582,0.6214,0.000,0.000,0.000,1,44
TRK,175863,0.39657,-0.73582,0.50565,-0.21357,0.3366,-0.2582,0.6214,0.000,0.000,0.000,1,44
TRK,175883,0.39661,-0.73582,0.50556,-0.21375,0.3366,-0.2582,0.6214,0.000,0.000,0.000,1,44
TRK,175902,0.39665,-0.73580,0.50551,-0.21384,0.3366,-0.2582,0.6214,0.000,0.000,0.000,1,44
TRK,175921,0.39668,-0.73578,0.50551,-0.21384,0.3366,-0.2582,0.6214,0.000,0.000,0.000,1,44
TRK,175944,0.39656,-0.73583,0.50559,-0.21368,0.3366,-0.2582,0.6214,0.000,0.000,0.000,1,44
TRK,175963,0.39649,-0.73586,0.50573,-0.21342,0.3366,-0.2582,0.6214,0.000,0.000,0.000,1,44
TRK,175981,0.39642,-0.73588,0.50580,-0.21328,0.3366,-0.2582,0.6214,0.000,0.000,0.000,1,44
TRK,176003,0.39636,-0.73592,0.50581,-0.21328,0.3366,-0.2582,0.6214,0.000,0.000,0.000,1,44
TRK,176023,0.39640,-0.73590,0.50573,-0.21342,0.3366,-0.2582,0.6214,0.000,0.000,0.000,1,44
TRK,176044,0.39648,-0.73587,0.50563,-0.21361,0.3366,-0.2582,0.6214,0.000,0.000,0.000,1,44
TRK,176063,0.39655,-0.73584,0.50559,-0.21370,0.3366,-0.2582,0.6214,0.000,0.000,0.000,1,44
TRK,176081,0.39656,-0.73583,0.50561,-0.21365,0.3366,-0.2582,0.6214,0.000,0.000,0.000,1,44
TRK,176102,0.39649,-0.73586,0.50570,-0.21347,0.3366,-0.2582,0.6214,0.000,0.000,0.000,1,44
TRK,176122,0.39640,-0.73589,0.50580,-0.21329,0.3366,-0.2582,0.6214,0.000,0.000,0.000,1,44
TRK,176142,0.39637,-0.73590,0.50585,-0.21320,0.3366,-0.2582,0.6214,0.000,0.000,0.000,1,44
TRK,176162,0.39637,-0.73591,0.50579,-0.21330,0.3366,-0.2582,0.6214,0.000,0.000,0.000,1,44
TRK,176184,0.39648,-0.73587,0.50566,-0.21355,0.3366,-0.2582,0.6214,0.000,0.000,0.000,1,44
TRK,176204,0.39662,-0.73581,0.50552,-0.21383,0.3366,-0.2582,0.6214,0.000,0.000,0.000,1,44
TRK,176224,0.39668,-0.73579,0.50542,-0.21401,0.3366,-0.2582,0.6214,0.000,0.000,0.000,1,44
TRK,176244,0.39669,-0.73579,0.50544,-0.21397,0.3366,-0.2582,0.6214,0.000,0.000,0.000,1,44
TRK,176264,0.39661,-0.73581,0.50557,-0.21373,0.3366,-0.2582,0.6214,0.000,0.000,0.000,1,44
TRK,176283,0.39657,-0.73582,0.50570,-0.21347,0.3366,-0.2582,0.6214,0.000,0.000,0.000,1,44
TRK,176303,0.39647,-0.73586,0.50581,-0.21326,0.3366,-0.2582,0.6214,0.000,0.000,0.000,1,44
TRK,176321,0.39652,-0.73583,0.50582,-0.21324,0.3366,-0.2582,0.6214,0.000,0.000,0.000,1,44
TRK,176342,0.39658,-0.73581,0.50571,-0.21346,0.3366,-0.2582,0.6214,0.000,0.000,0.000,1,44
TRK,176361,0.39669,-0.73577,0.50554,-0.21377,0.3366,-0.2582,0.6214,0.000,0.000,0.000,1,44
TRK,176381,0.39680,-0.73574,0.50541,-0.21402,0.3366,-0.2582,0.6214,0.000,0.000,0.000,1,44
TRK,176401,0.39683,-0.73572,0.50537,-0.21410,0.3366,-0.2582,0.6214,0.000,0.000,0.000,1,44
TRK,176421,0.39680,-0.73573,0.50546,-0.21392,0.3366,-0.2582,0.6214,0.000,0.000,0.000,1,44
TRK,176441,0.39674,-0.73574,0.50562,-0.21362,0.3366,-0.2582,0.6214,0.000,0.000,0.000,1,44
TRK,176464,0.39668,-0.73576,0.50574,-0.21338,0.3366,-0.2582,0.6214,0.000,0.000,0.000,1,44
TRK,176483,0.39666,-0.73576,0.50578,-0.21330,0.3366,-0.2582,0.6214,0.000,0.000,0.000,1,44
TRK,176503,0.39674,-0.73573,0.50573,-0.21340,0.3366,-0.2582,0.6214,0.000,0.000,0.000,1,44
TRK,176523,0.39672,-0.73575,0.50563,-0.21359,0.3366,-0.2582,0.6214,0.000,0.000,0.000,1,44
TRK,176541,0.39672,-0.73576,0.50555,-0.21376,0.3366,-0.2582,0.6214,0.000,0.000,0.000,1,44
TRK,176563,0.39669,-0.73577,0.50553,-0.21379,0.3366,-0.2582,0.6214,0.000,0.000,0.000,1,44
TRK,176581,0.39664,-0.73579,0.50560,-0.21367,0.3366,-0.2582,0.6214,0.000,0.000,0.000,1,44
TRK,176603,0.39655,-0.73583,0.50571,-0.21346,0.3366,-0.2582,0.6214,0.000,0.000,0.000,1,44
TRK,176622,0.39648,-0.73586,0.50577,-0.21335,0.3366,-0.2582,0.6214,0.000,0.000,0.000,1,44
TRK,176643,0.39652,-0.73584,0.50576,-0.21335,0.3366,-0.2582,0.6214,0.000,0.000,0.000,1,44
STAT,404.1,400.6,0,0,0,0.0457,0.203,0.1085,0.1258,-0.0439,9.6851,0.44,0.004
TRK,176662,0.39659,-0.73580,0.50572,-0.21342,0.3366,-0.2582,0.6214,0.000,0.000,0.000,1,44
TRK,176682,0.39670,-0.73576,0.50563,-0.21360,0.3366,-0.2582,0.6214,0.000,0.000,0.000,1,44
TRK,176704,0.39678,-0.73573,0.50555,-0.21374,0.3366,-0.2582,0.6214,0.000,0.000,0.000,1,44
TRK,176723,0.39677,-0.73573,0.50556,-0.21372,0.3366,-0.2582,0.6214,0.000,0.000,0.000,1,44
TRK,176741,0.39667,-0.73578,0.50564,-0.21359,0.3366,-0.2582,0.6214,0.000,0.000,0.000,1,44
TRK,176763,0.39649,-0.73586,0.50573,-0.21342,0.3366,-0.2582,0.6214,0.000,0.000,0.000,1,44
TRK,176784,0.39638,-0.73591,0.50577,-0.21335,0.3366,-0.2582,0.6214,0.000,0.000,0.000,1,44
TRK,176803,0.39637,-0.73591,0.50576,-0.21338,0.3366,-0.2582,0.6214,0.000,0.000,0.000,1,44
TRK,176821,0.39645,-0.73588,0.50568,-0.21351,0.3366,-0.2582,0.6214,0.000,0.000,0.000,1,44
TRK,176843,0.39655,-0.73584,0.50560,-0.21368,0.3366,-0.2582,0.6214,0.000,0.000,0.000,1,44
TRK,176863,0.39665,-0.73580,0.50553,-0.21381,0.3366,-0.2582,0.6214,0.000,0.000,0.000,1,44
TRK,176882,0.39666,-0.73579,0.50553,-0.21380,0.3366,-0.2582,0.6214,0.000,0.000,0.000,1,44
TRK,176902,0.39665,-0.73579,0.50560,-0.21366,0.3366,-0.2582,0.6214,0.000,0.000,0.000,1,44
TRK,176922,0.39658,-0.73582,0.50566,-0.21354,0.3366,-0.2582,0.6214,0.000,0.000,0.000,1,44
TRK,176944,0.39655,-0.73583,0.50571,-0.21346,0.3366,-0.2582,0.6214,0.000,0.000,0.000,1,44
TRK,176964,0.39654,-0.73583,0.50568,-0.21351,0.3366,-0.2582,0.6214,0.000,0.000,0.000,1,44
TRK,176982,0.39656,-0.73583,0.50561,-0.21366,0.3366,-0.2582,0.6214,0.000,0.000,0.000,1,44
TRK,177004,0.39661,-0.73582,0.50553,-0.21380,0.3366,-0.2582,0.6214,0.000,0.000,0.000,1,44
TRK,177024,0.39660,-0.73582,0.50552,-0.21384,0.3366,-0.2582,0.6214,0.000,0.000,0.000,1,44
TRK,177044,0.39655,-0.73584,0.50558,-0.21372,0.3366,-0.2582,0.6214,0.000,0.000,0.000,1,44
TRK,177064,0.39652,-0.73584,0.50568,-0.21351,0.3366,-0.2582,0.6214,0.000,0.000,0.000,1,44
TRK,177083,0.39646,-0.73587,0.50577,-0.21334,0.3366,-0.2582,0.6214,0.000,0.000,0.000,1,44
TRK,177102,0.39641,-0.73588,0.50583,-0.21323,0.3366,-0.2582,0.6214,0.000,0.000,0.000,1,44
TRK,177122,0.39645,-0.73587,0.50581,-0.21327,0.3366,-0.2582,0.6214,0.000,0.000,0.000,1,44
TRK,177143,0.39647,-0.73587,0.50571,-0.21346,0.3366,-0.2582,0.6214,0.000,0.000,0.000,1,44
TRK,177162,0.39651,-0.73586,0.50563,-0.21361,0.3366,-0.2582,0.6214,0.000,0.000,0.000,1,44
TRK,177184,0.39648,-0.73588,0.50558,-0.21372,0.3366,-0.2582,0.6214,0.000,0.000,0.000,1,44
TRK,177202,0.39645,-0.73589,0.50561,-0.21367,0.3366,-0.2582,0.6214,0.000,0.000,0.000,1,44
TRK,177222,0.39639,-0.73591,0.50569,-0.21351,0.3366,-0.2582,0.6214,0.000,0.000,0.000,1,44
TRK,177244,0.39634,-0.73593,0.50579,-0.21333,0.3366,-0.2582,0.6214,0.000,0.000,0.000,1,44
TRK,177264,0.39630,-0.73594,0.50585,-0.21320,0.3366,-0.2582,0.6214,0.000,0.000,0.000,1,44
TRK,177283,0.39627,-0.73596,0.50583,-0.21325,0.3366,-0.2582,0.6214,0.000,0.000,0.000,1,44
TRK,177304,0.39626,-0.73597,0.50573,-0.21344,0.3366,-0.2582,0.6214,0.000,0.000,0.000,1,44
TRK,177323,0.39629,-0.73596,0.50566,-0.21358,0.3366,-0.2582,0.6214,0.000,0.000,0.000,1,44
TRK,177342,0.39631,-0.73596,0.50560,-0.21370,0.3366,-0.2582,0.6214,0.000,0.000,0.000,1,44
TRK,177362,0.39635,-0.73594,0.50559,-0.21371,0.3366,-0.2582,0.6214,0.000,0.000,0.000,1,44
TRK,177382,0.39636,-0.73593,0.50565,-0.21360,0.3366,-0.2582,0.6214,0.000,0.000,0.000,1,44
TRK,177402,0.39634,-0.73593,0.50573,-0.21345,0.3366,-0.2582,0.6214,0.000,0.000,0.000,1,44
TRK,177422,0.39640,-0.73590,0.50578,-0.21334,0.3366,-0.2582,0.6214,0.000,0.000,0.000,1,44
TRK,177444,0.39646,-0.73587,0.50575,-0.21338,0.3366,-0.2582,0.6214,0.000,0.000,0.000,1,44
TRK,177464,0.39652,-0.73585,0.50569,-0.21350,0.3366,-0.2582,0.6214,0.000,0.000,0.000,1,44
TRK,177481,0.39659,-0.73581,0.50563,-0.21362,0.3366,-0.2582,0.6214,0.000,0.000,0.000,1,44
TRK,177502,0.39660,-0.73582,0.50557,-0.21373,0.3366,-0.2582,0.6214,0.000,0.000,0.000,1,44
TRK,177522,0.39658,-0.73583,0.50557,-0.21374,0.3366,-0.2582,0.6214,0.000,0.000,0.000,1,44
TRK,177544,0.39654,-0.73584,0.50561,-0.21366,0.3366,-0.2582,0.6214,0.000,0.000,0.000,1,44
TRK,177563,0.39650,-0.73586,0.50566,-0.21357,0.3366,-0.2582,0.6214,0.000,0.000,0.000,1,44
TRK,177581,0.39647,-0.73587,0.50566,-0.21357,0.3366,-0.2582,0.6214,0.000,0.000,0.000,1,44
TRK,177601,0.39652,-0.73585,0.50563,-0.21361,0.3366,-0.2582,0.6214,0.000,0.000,0.000,1,44
TRK,177622,0.39656,-0.73584,0.50557,-0.21374,0.3366,-0.2582,0.6214,0.000,0.000,0.000,1,44
TRK,177643,0.39666,-0.73580,0.50550,-0.21387,0.3366,-0.2582,0.6214,0.000,0.000,0.000,1,44
STAT,404.1,400.6,0,0,0,0.0351,0.253,0.1111,0.1116,-0.0517,9.6879,0.44,0.004
TRK,177662,0.39669,-0.73578,0.50547,-0.21393,0.3366,-0.2582,0.6214,0.000,0.000,0.000,1,44
TRK,177684,0.39663,-0.73581,0.50553,-0.21381,0.3366,-0.2582,0.6214,0.000,0.000,0.000,1,44
TRK,177702,0.39659,-0.73582,0.50560,-0.21368,0.3366,-0.2582,0.6214,0.000,0.000,0.000,1,44
TRK,177721,0.39655,-0.73583,0.50567,-0.21353,0.3366,-0.2582,0.6214,0.000,0.000,0.000,1,44
TRK,177744,0.39652,-0.73584,0.50570,-0.21348,0.3366,-0.2582,0.6214,0.000,0.000,0.000,1,44
TRK,177763,0.39657,-0.73582,0.50567,-0.21352,0.3366,-0.2582,0.6214,0.000,0.000,0.000,1,44
TRK,177783,0.39663,-0.73580,0.50561,-0.21365,0.3366,-0.2582,0.6214,0.000,0.000,0.000,1,44
TRK,177803,0.39666,-0.73579,0.50555,-0.21376,0.3366,-0.2582,0.6214,0.000,0.000,0.000,1,44
TRK,177823,0.39662,-0.73581,0.50552,-0.21383,0.3366,-0.2582,0.6214,0.000,0.000,0.000,1,44
TRK,177841,0.39656,-0.73584,0.50554,-0.21380,0.3366,-0.2582,0.6214,0.000,0.000,0.000,1,44
TRK,177863,0.39652,-0.73585,0.50560,-0.21368,0.3366,-0.2582,0.6214,0.000,0.000,0.000,1,44
TRK,177882,0.39652,-0.73585,0.50565,-0.21358,0.3366,-0.2582,0.6214,0.000,0.000,0.000,1,44
TRK,177903,0.39656,-0.73583,0.50566,-0.21355,0.3366,-0.2582,0.6214,0.000,0.000,0.000,1,44
TRK,177922,0.39661,-0.73580,0.50562,-0.21362,0.3366,-0.2582,0.6214,0.000,0.000,0.000,1,44
TRK,177944,0.39670,-0.73577,0.50557,-0.21373,0.3366,-0.2582,0.6214,0.000,0.000,0.000,1,44
TRK,177964,0.39676,-0.73574,0.50551,-0.21382,0.3366,-0.2582,0.6214,0.000,0.000,0.000,1,44
TRK,177984,0.39672,-0.73576,0.50552,-0.21381,0.3366,-0.2582,0.6214,0.000,0.000,0.000,1,44
TRK,178002,0.39666,-0.73579,0.50556,-0.21374,0.3366,-0.2582,0.6214,0.000,0.000,0.000,1,44
TRK,178022,0.39663,-0.73580,0.50562,-0.21362,0.3366,-0.2582,0.6214,0.000,0.000,0.000,1,44
TRK,178044,0.39656,-0.73583,0.50566,-0.21357,0.3366,-0.2582,0.6214,0.000,0.000,0.000,1,44
TRK,178064,0.39653,-0.73585,0.50565,-0.21357,0.3366,-0.2582,0.6214,0.000,0.000,0.000,1,44
TRK,178083,0.39657,-0.73583,0.50561,-0.21366,0.3366,-0.2582,0.6214,0.000,0.000,0.000,1,44
TRK,178102,0.39654,-0.73585,0.50556,-0.21376,0.3366,-0.2582,0.6214,0.000,0.000,0.000,1,44
TRK,178124,0.39650,-0.73587,0.50554,-0.21381,0.3366,-0.2582,0.6214,0.000,0.000,0.000,1,44
TRK,178142,0.39646,-0.73589,0.50556,-0.21376,0.3366,-0.2582,0.6214,0.000,0.000,0.000,1,44
TRK,178163,0.39635,-0.73594,0.50562,-0.21366,0.3366,-0.2582,0.6214,0.000,0.000,0.000,1,44
TRK,178182,0.39625,-0.73599,0.50566,-0.21359,0.3366,-0.2582,0.6214,0.000,0.000,0.000,1,44
TRK,178201,0.39620,-0.73601,0.50570,-0.21352,0.3366,-0.2582,0.6214,0.000,0.000,0.000,1,44
TRK,178224,0.39625,-0.73598,0.50570,-0.21351,0.3366,-0.2582,0.6214,0.000,0.000,0.000,1,44
TRK,178242,0.39632,-0.73595,0.50567,-0.21356,0.3366,-0.2582,0.6214,0.000,0.000,0.000,1,44
TRK,178264,0.39645,-0.73589,0.50563,-0.21363,0.3366,-0.2582,0.6214,0.000,0.000,0.000,1,44
TRK,178283,0.39657,-0.73583,0.50560,-0.21368,0.3366,-0.2582,0.6214,0.000,0.000,0.000,1,44
TRK,178304,0.39659,-0.73582,0.50562,-0.21363,0.3366,-0.2582,0.6214,0.000,0.000,0.000,1,44
TRK,178324,0.39651,-0.73585,0.50565,-0.21357,0.3366,-0.2582,0.6214,0.000,0.000,0.000,1,44
TRK,178343,0.39647,-0.73587,0.50569,-0.21350,0.3366,-0.2582,0.6214,0.000,0.000,0.000,1,44
TRK,178362,0.39643,-0.73588,0.50572,-0.21344,0.3366,-0.2582,0.6214,0.000,0.000,0.000,1,44
TRK,178382,0.39637,-0.73592,0.50574,-0.21342,0.3366,-0.2582,0.6214,0.000,0.000,0.000,1,44
TRK,178402,0.39636,-0.73592,0.50572,-0.21347,0.3366,-0.2582,0.6214,0.000,0.000,0.000,1,44
TRK,178422,0.39637,-0.73592,0.50568,-0.21354,0.3366,-0.2582,0.6214,0.000,0.000,0.000,1,44
TRK,178443,0.39641,-0.73590,0.50565,-0.21360,0.3366,-0.2582,0.6214,0.000,0.000,0.000,1,44
TRK,178464,0.39647,-0.73588,0.50562,-0.21364,0.3366,-0.2582,0.6214,0.000,0.000,0.000,1,44
TRK,178482,0.39651,-0.73586,0.50564,-0.21361,0.3366,-0.2582,0.6214,0.000,0.000,0.000,1,44
TRK,178504,0.39651,-0.73585,0.50564,-0.21359,0.3366,-0.2582,0.6214,0.000,0.000,0.000,1,44
TRK,178523,0.39656,-0.73582,0.50568,-0.21351,0.3366,-0.2582,0.6214,0.000,0.000,0.000,1,44
TRK,178544,0.39656,-0.73582,0.50570,-0.21347,0.3366,-0.2582,0.6214,0.000,0.000,0.000,1,44
TRK,178563,0.39660,-0.73580,0.50571,-0.21346,0.3366,-0.2582,0.6214,0.000,0.000,0.000,1,44
TRK,178583,0.39655,-0.73583,0.50571,-0.21345,0.3366,-0.2582,0.6214,0.000,0.000,0.000,1,44
TRK,178601,0.39656,-0.73582,0.50569,-0.21349,0.3366,-0.2582,0.6214,0.000,0.000,0.000,1,44
TRK,178621,0.39657,-0.73582,0.50567,-0.21353,0.3366,-0.2582,0.6214,0.000,0.000,0.000,1,44
TRK,178643,0.39658,-0.73582,0.50564,-0.21358,0.3366,-0.2582,0.6214,0.000,0.000,0.000,1,44
STAT,403.8,400.8,0,0,0,0.0233,0.263,0.1016,0.1050,-0.0631,9.6875,0.44,0.004
TRK,178663,0.39659,-0.73582,0.50562,-0.21363,0.3366,-0.2582,0.6214,0.000,0.000,0.000,1,44
TRK,178683,0.39657,-0.73583,0.50560,-0.21367,0.3366,-0.2582,0.6214,0.000,0.000,0.000,1,44
TRK,178702,0.39656,-0.73583,0.50559,-0.21369,0.3366,-0.2582,0.6214,0.000,0.000,0.000,1,44
TRK,178724,0.39657,-0.73583,0.50557,-0.21373,0.3366,-0.2582,0.6214,0.000,0.000,0.000,1,44
TRK,178744,0.39656,-0.73584,0.50559,-0.21369,0.3366,-0.2582,0.6214,0.000,0.000,0.000,1,44
TRK,178763,0.39656,-0.73583,0.50561,-0.21365,0.3366,-0.2582,0.6214,0.000,0.000,0.000,1,44
TRK,178783,0.39659,-0.73582,0.50564,-0.21359,0.3366,-0.2582,0.6214,0.000,0.000,0.000,1,44
TRK,178801,0.39661,-0.73580,0.50568,-0.21352,0.3366,-0.2582,0.6214,0.000,0.000,0.000,1,44
TRK,178823,0.39663,-0.73579,0.50570,-0.21348,0.3366,-0.2582,0.6214,0.000,0.000,0.000,1,44
TRK,178841,0.39666,-0.73578,0.50567,-0.21352,0.3366,-0.2582,0.6214,0.000,0.000,0.000,1,44
TRK,178863,0.39664,-0.73579,0.50567,-0.21353,0.3366,-0.2582,0.6214,0.000,0.000,0.000,1,44
TRK,178881,0.39667,-0.73577,0.50566,-0.21355,0.3366,-0.2582,0.6214,0.000,0.000,0.000,1,44
TRK,178902,0.39669,-0.73576,0.50565,-0.21355,0.3366,-0.2582,0.6214,0.000,0.000,0.000,1,44
TRK,178922,0.39669,-0.73577,0.50564,-0.21359,0.3366,-0.2582,0.6214,0.000,0.000,0.000,1,44
TRK,178942,0.39668,-0.73577,0.50564,-0.21359,0.3366,-0.2582,0.6214,0.000,0.000,0.000,1,44
TRK,178962,0.39670,-0.73576,0.50565,-0.21355,0.3366,-0.2582,0.6214,0.000,0.000,0.000,1,44
TRK,178982,0.39671,-0.73575,0.50567,-0.21353,0.3366,-0.2582,0.6214,0.000,0.000,0.000,1,44
TRK,179002,0.39668,-0.73576,0.50569,-0.21348,0.3366,-0.2582,0.6214,0.000,0.000,0.000,1,44
TRK,179024,0.39664,-0.73578,0.50573,-0.21341,0.3366,-0.2582,0.6214,0.000,0.000,0.000,1,44
TRK,179044,0.39660,-0.73579,0.50577,-0.21332,0.3366,-0.2582,0.6214,0.000,0.000,0.000,1,44
TRK,179063,0.39660,-0.73579,0.50579,-0.21329,0.3366,-0.2582,0.6214,0.000,0.000,0.000,1,44
TRK,179081,0.39657,-0.73581,0.50580,-0.21327,0.3366,-0.2582,0.6214,0.000,0.000,0.000,1,44
TRK,179103,0.39657,-0.73581,0.50581,-0.21326,0.3366,-0.2582,0.6214,0.000,0.000,0.000,1,44
TRK,179122,0.39659,-0.73580,0.50579,-0.21330,0.3366,-0.2582,0.6214,0.000,0.000,0.000,1,44
TRK,179142,0.39659,-0.73580,0.50573,-0.21341,0.3366,-0.2582,0.6214,0.000,0.000,0.000,1,44
TRK,179162,0.39654,-0.73583,0.50570,-0.21348,0.3366,-0.2582,0.6214,0.000,0.000,0.000,1,44
TRK,179182,0.39656,-0.73582,0.50568,-0.21352,0.3366,-0.2582,0.6214,0.000,0.000,0.000,1,44
TRK,179204,0.39657,-0.73582,0.50564,-0.21360,0.3366,-0.2582,0.6214,0.000,0.000,0.000,1,44
TRK,179224,0.39655,-0.73584,0.50564,-0.21360,0.3366,-0.2582,0.6214,0.000,0.000,0.000,1,44
TRK,179241,0.39662,-0.73580,0.50564,-0.21359,0.3366,-0.2582,0.6214,0.000,0.000,0.000,1,44
TRK,179261,0.39669,-0.73576,0.50562,-0.21361,0.3366,-0.2582,0.6214,0.000,0.000,0.000,1,44
TRK,179282,0.39671,-0.73576,0.50562,-0.21362,0.3366,-0.2582,0.6214,0.000,0.000,0.000,1,44
TRK,179304,0.39670,-0.73576,0.50564,-0.21358,0.3366,-0.2582,0.6214,0.000,0.000,0.000,1,44
TRK,179323,0.39666,-0.73578,0.50568,-0.21351,0.3366,-0.2582,0.6214,0.000,0.000,0.000,1,44
TRK,179341,0.39661,-0.73580,0.50571,-0.21344,0.3366,-0.2582,0.6214,0.000,0.000,0.000,1,44
TRK,179361,0.39662,-0.73579,0.50573,-0.21341,0.3366,-0.2582,0.6214,0.000,0.000,0.000,1,44
TRK,179383,0.39663,-0.73578,0.50573,-0.21342,0.3366,-0.2582,0.6214,0.000,0.000,0.000,1,44
TRK,179402,0.39665,-0.73578,0.50571,-0.21345,0.3366,-0.2582,0.6214,0.000,0.000,0.000,1,44
TRK,179423,0.39671,-0.73575,0.50567,-0.21352,0.3366,-0.2582,0.6214,0.000,0.000,0.000,1,44
TRK,179442,0.39680,-0.73571,0.50565,-0.21356,0.3366,-0.2582,0.6214,0.000,0.000,0.000,1,44
TRK,179461,0.39685,-0.73568,0.50566,-0.21353,0.3366,-0.2582,0.6214,0.000,0.000,0.000,1,44
TRK,179481,0.39684,-0.73568,0.50569,-0.21346,0.3366,-0.2582,0.6214,0.000,0.000,0.000,1,44
TRK,179504,0.39681,-0.73570,0.50569,-0.21346,0.3366,-0.2582,0.6214,0.000,0.000,0.000,1,44
TRK,179523,0.39671,-0.73575,0.50568,-0.21350,0.3366,-0.2582,0.6214,0.000,0.000,0.000,1,44
TRK,179543,0.39663,-0.73579,0.50567,-0.21353,0.3366,-0.2582,0.6214,0.000,0.000,0.000,1,44
TRK,179559,0.39657,-0.73582,0.50564,-0.21360,0.3366,-0.2582,0.6214,0.000,0.000,0.000,1,44
TRK,179584,0.39653,-0.73585,0.50563,-0.21363,0.3366,-0.2582,0.6214,0.000,0.000,0.000,1,44
TRK,179601,0.39657,-0.73582,0.50564,-0.21359,0.3366,-0.2582,0.6214,0.000,0.000,0.000,1,44
TRK,179623,0.39660,-0.73581,0.50566,-0.21355,0.3366,-0.2582,0.6214,0.000,0.000,0.000,1,44
TRK,179641,0.39663,-0.73579,0.50567,-0.21353,0.3366,-0.2582,0.6214,0.000,0.000,0.000,1,44
STAT,403.8,400.8,0,0,0,0.0233,0.209,0.1030,0.1055,-0.0587,9.6869,0.44,0.004
TRK,179663,0.39664,-0.73578,0.50568,-0.21351,0.3366,-0.2582,0.6214,0.000,0.000,0.000,1,44
TRK,179684,0.39665,-0.73578,0.50566,-0.21354,0.3366,-0.2582,0.6214,0.000,0.000,0.000,1,44
TRK,179704,0.39671,-0.73575,0.50567,-0.21353,0.3366,-0.2582,0.6214,0.000,0.000,0.000,1,44
TRK,179722,0.39673,-0.73574,0.50566,-0.21353,0.3366,-0.2582,0.6214,0.000,0.000,0.000,1,44
TRK,179744,0.39679,-0.73571,0.50567,-0.21351,0.3366,-0.2582,0.6214,0.000,0.000,0.000,1,44
TRK,179762,0.39684,-0.73569,0.50567,-0.21350,0.3366,-0.2582,0.6214,0.000,0.000,0.000,1,44
TRK,179784,0.39684,-0.73568,0.50570,-0.21345,0.3366,-0.2582,0.6214,0.000,0.000,0.000,1,44
TRK,179803,0.39684,-0.73568,0.50571,-0.21342,0.3366,-0.2582,0.6214,0.000,0.000,0.000,1,44
TRK,179821,0.39682,-0.73569,0.50573,-0.21338,0.3366,-0.2582,0.6214,0.000,0.000,0.000,1,44
TRK,179843,0.39680,-0.73569,0.50575,-0.21335,0.3366,-0.2582,0.6214,0.000,0.000,0.000,1,44
TRK,179861,0.39681,-0.73569,0.50573,-0.21338,0.3366,-0.2582,0.6214,0.000,0.000,0.000,1,44
TRK,179881,0.39679,-0.73571,0.50570,-0.21345,0.3366,-0.2582,0.6214,0.000,0.000,0.000,1,44
TRK,179903,0.39684,-0.73569,0.50567,-0.21350,0.3366,-0.2582,0.6214,0.000,0.000,0.000,1,44
TRK,179923,0.39685,-0.73568,0.50565,-0.21355,0.3366,-0.2582,0.6214,0.000,0.000,0.000,1,44
TRK,179942,0.39682,-0.73570,0.50563,-0.21359,0.3366,-0.2582,0.6214,0.000,0.000,0.000,1,44
TRK,179962,0.39676,-0.73573,0.50563,-0.21360,0.3366,-0.2582,0.6214,0.000,0.000,0.000,1,44
TRK,179982,0.39670,-0.73576,0.50564,-0.21357,0.3366,-0.2582,0.6214,0.000,0.000,0.000,1,44
TRK,180002,0.39665,-0.73578,0.50566,-0.21355,0.3366,-0.2582,0.6214,0.000,0.000,0.000,1,44
TRK,180028,0.39661,-0.73580,0.50562,-0.21363,0.3366,-0.2582,0.6214,0.000,0.000,0.000,1,44
TRK,180044,0.39660,-0.73581,0.50562,-0.21363,0.3366,-0.2582,0.6214,0.000,0.000,0.000,1,44
TRK,180064,0.39657,-0.73583,0.50562,-0.21364,0.3366,-0.2582,0.6214,0.000,0.000,0.000,1,44
TRK,180084,0.39660,-0.73581,0.50563,-0.21362,0.3366,-0.2582,0.6214,0.000,0.000,0.000,1,44
TRK,180103,0.39663,-0.73580,0.50562,-0.21363,0.3366,-0.2582,0.6214,0.000,0.000,0.000,1,44
TRK,180122,0.39670,-0.73576,0.50561,-0.21364,0.3366,-0.2582,0.6214,0.000,0.000,0.000,1,44
TRK,180142,0.39681,-0.73570,0.50562,-0.21360,0.3366,-0.2582,0.6214,0.000,0.000,0.000,1,44
TRK,180162,0.39683,-0.73569,0.50564,-0.21357,0.3366,-0.2582,0.6214,0.000,0.000,0.000,1,44
TRK,180184,0.39686,-0.73568,0.50565,-0.21355,0.3366,-0.2582,0.6214,0.000,0.000,0.000,1,44
TRK,180204,0.39693,-0.73564,0.50568,-0.21347,0.3366,-0.2582,0.6214,0.000,0.000,0.000,1,44
TRK,180222,0.39697,-0.73561,0.50573,-0.21337,0.3366,-0.2582,0.6214,0.000,0.000,0.000,1,44
TRK,180242,0.39703,-0.73558,0.50572,-0.21338,0.3366,-0.2582,0.6214,0.000,0.000,0.000,1,44
TRK,180264,0.39709,-0.73556,0.50569,-0.21345,0.3366,-0.2582,0.6214,0.000,0.000,0.000,1,44
TRK,180282,0.39716,-0.73552,0.50563,-0.21356,0.3366,-0.2582,0.6214,0.000,0.000,0.000,1,44
TRK,180304,0.39717,-0.73553,0.50558,-0.21365,0.3366,-0.2582,0.6214,0.000,0.000,0.000,1,44
TRK,180323,0.39715,-0.73554,0.50558,-0.21365,0.3366,-0.2582,0.6214,0.000,0.000,0.000,1,44
TRK,180341,0.39712,-0.73555,0.50563,-0.21356,0.3366,-0.2582,0.6214,0.000,0.000,0.000,1,44
TRK,180363,0.39707,-0.73556,0.50569,-0.21344,0.3366,-0.2582,0.6214,0.000,0.000,0.000,1,44
TRK,180381,0.39704,-0.73557,0.50575,-0.21333,0.3366,-0.2582,0.6214,0.000,0.000,0.000,1,44
TRK,180403,0.39703,-0.73558,0.50576,-0.21331,0.3366,-0.2582,0.6214,0.000,0.000,0.000,1,44
TRK,180422,0.39704,-0.73558,0.50573,-0.21336,0.3366,-0.2582,0.6214,0.000,0.000,0.000,1,44
TRK,180444,0.39708,-0.73556,0.50569,-0.21344,0.3366,-0.2582,0.6214,0.000,0.000,0.000,1,44
TRK,180464,0.39704,-0.73558,0.50566,-0.21350,0.3366,-0.2582,0.6214,0.000,0.000,0.000,1,44
TRK,180482,0.39695,-0.73563,0.50566,-0.21352,0.3366,-0.2582,0.6214,0.000,0.000,0.000,1,44
TRK,180504,0.39692,-0.73564,0.50570,-0.21344,0.3366,-0.2582,0.6214,0.000,0.000,0.000,1,44
TRK,180524,0.39685,-0.73567,0.50576,-0.21333,0.3366,-0.2582,0.6214,0.000,0.000,0.000,1,44
TRK,180542,0.39676,-0.73571,0.50578,-0.21329,0.3366,-0.2582,0.6214,0.000,0.000,0.000,1,44
TRK,180564,0.39677,-0.73571,0.50576,-0.21334,0.3366,-0.2582,0.6214,0.000,0.000,0.000,1,44
TRK,180584,0.39680,-0.73570,0.50568,-0.21348,0.3366,-0.2582,0.6214,0.000,0.000,0.000,1,44
TRK,180603,0.39686,-0.73568,0.50560,-0.21365,0.3366,-0.2582,0.6214,0.000,0.000,0.000,1,44
TRK,180621,0.39688,-0.73568,0.50554,-0.21376,0.3366,-0.2582,0.6214,0.000,0.000,0.000,1,44
TRK,180643,0.39686,-0.73569,0.50552,-0.21380,0.3366,-0.2582,0.6214,0.000,0.000,0.000,1,44
STAT,404.1,400.6,0,0,0,0.0285,0.157,0.0975,0.0907,-0.0575,9.6866,0.44,0.004
TRK,180663,0.39680,-0.73572,0.50554,-0.21377,0.3366,-0.2582,0.6214,0.000,0.000,0.000,1,44
TRK,180683,0.39673,-0.73575,0.50559,-0.21367,0.3366,-0.2582,0.6214,0.000,0.000,0.000,1,44
TRK,180703,0.39667,-0.73578,0.50563,-0.21361,0.3366,-0.2582,0.6214,0.000,0.000,0.000,1,44
TRK,180722,0.39670,-0.73576,0.50564,-0.21358,0.3366,-0.2582,0.6214,0.000,0.000,0.000,1,44
TRK,180741,0.39682,-0.73570,0.50561,-0.21363,0.3366,-0.2582,0.6214,0.000,0.000,0.000,1,44
TRK,180764,0.39693,-0.73565,0.50558,-0.21367,0.3366,-0.2582,0.6214,0.000,0.000,0.000,1,44
TRK,180783,0.39699,-0.73561,0.50559,-0.21365,0.3366,-0.2582,0.6214,0.000,0.000,0.000,1,44
TRK,180803,0.39706,-0.73558,0.50560,-0.21363,0.3366,-0.2582,0.6214,0.000,0.000,0.000,1,44
TRK,180821,0.39708,-0.73557,0.50564,-0.21354,0.3366,-0.2582,0.6214,0.000,0.000,0.000,1,44
TRK,180841,0.39701,-0.73559,0.50573,-0.21337,0.3366,-0.2582,0.6214,0.000,0.000,0.000,1,44
TRK,180863,0.39697,-0.73560,0.50580,-0.21324,0.3366,-0.2582,0.6214,0.000,0.000,0.000,1,44
TRK,180881,0.39701,-0.73558,0.50580,-0.21323,0.3366,-0.2582,0.6214,0.000,0.000,0.000,1,44
TRK,180903,0.39704,-0.73557,0.50576,-0.21331,0.3366,-0.2582,0.6214,0.000,0.000,0.000,1,44
TRK,180922,0.39708,-0.73556,0.50570,-0.21342,0.3366,-0.2582,0.6214,0.000,0.000,0.000,1,44
TRK,180943,0.39715,-0.73553,0.50564,-0.21353,0.3366,-0.2582,0.6214,0.000,0.000,0.000,1,44
TRK,180962,0.39715,-0.73553,0.50563,-0.21356,0.3366,-0.2582,0.6214,0.000,0.000,0.000,1,44
TRK,180984,0.39708,-0.73556,0.50567,-0.21348,0.3366,-0.2582,0.6214,0.000,0.000,0.000,1,44
TRK,181002,0.39704,-0.73558,0.50569,-0.21343,0.3366,-0.2582,0.6214,0.000,0.000,0.000,1,44
TRK,181024,0.39704,-0.73558,0.50572,-0.21338,0.3366,-0.2582,0.6214,0.000,0.000,0.000,1,44
TRK,181043,0.39701,-0.73559,0.50571,-0.21342,0.3366,-0.2582,0.6214,0.000,0.000,0.000,1,44
TRK,181062,0.39704,-0.73559,0.50565,-0.21352,0.3366,-0.2582,0.6214,0.000,0.000,0.000,1,44
TRK,181084,0.39706,-0.73558,0.50560,-0.21363,0.3366,-0.2582,0.6214,0.000,0.000,0.000,1,44
TRK,181103,0.39703,-0.73559,0.50558,-0.21366,0.3366,-0.2582,0.6214,0.000,0.000,0.000,1,44
TRK,181121,0.39699,-0.73561,0.50560,-0.21364,0.3366,-0.2582,0.6214,0.000,0.000,0.000,1,44
TRK,181143,0.39690,-0.73566,0.50564,-0.21356,0.3366,-0.2582,0.6214,0.000,0.000,0.000,1,44
TRK,181163,0.39679,-0.73571,0.50569,-0.21346,0.3366,-0.2582,0.6214,0.000,0.000,0.000,1,44
TRK,181182,0.39673,-0.73573,0.50573,-0.21339,0.3366,-0.2582,0.6214,0.000,0.000,0.000,1,44
TRK,181202,0.39671,-0.73574,0.50573,-0.21341,0.3366,-0.2582,0.6214,0.000,0.000,0.000,1,44
TRK,181224,0.39671,-0.73575,0.50567,-0.21353,0.3366,-0.2582,0.6214,0.000,0.000,0.000,1,44
TRK,181242,0.39675,-0.73573,0.50563,-0.21359,0.3366,-0.2582,0.6214,0.000,0.000,0.000,1,44
TRK,181264,0.39677,-0.73572,0.50562,-0.21362,0.3366,-0.2582,0.6214,0.000,0.000,0.000,1,44
TRK,181283,0.39680,-0.73571,0.50564,-0.21357,0.3366,-0.2582,0.6214,0.000,0.000,0.000,1,44
TRK,181301,0.39674,-0.73573,0.50569,-0.21348,0.3366,-0.2582,0.6214,0.000,0.000,0.000,1,44
TRK,181323,0.39669,-0.73575,0.50573,-0.21341,0.3366,-0.2582,0.6214,0.000,0.000,0.000,1,44
TRK,181344,0.39668,-0.73576,0.50574,-0.21338,0.3366,-0.2582,0.6214,0.000,0.000,0.000,1,44
TRK,181363,0.39667,-0.73576,0.50571,-0.21344,0.3366,-0.2582,0.6214,0.000,0.000,0.000,1,44
TRK,181383,0.39667,-0.73577,0.50565,-0.21356,0.3366,-0.2582,0.6214,0.000,0.000,0.000,1,44
TRK,181403,0.39670,-0.73576,0.50560,-0.21366,0.3366,-0.2582,0.6214,0.000,0.000,0.000,1,44
TRK,181423,0.39669,-0.73577,0.50561,-0.21365,0.3366,-0.2582,0.6214,0.000,0.000,0.000,1,44
TRK,181442,0.39663,-0.73579,0.50564,-0.21359,0.3366,-0.2582,0.6214,0.000,0.000,0.000,1,44
TRK,181462,0.39663,-0.73579,0.50569,-0.21349,0.3366,-0.2582,0.6214,0.000,0.000,0.000,1,44
TRK,181482,0.39661,-0.73579,0.50575,-0.21338,0.3366,-0.2582,0.6214,0.000,0.000,0.000,1,44
TRK,181504,0.39656,-0.73581,0.50579,-0.21330,0.3366,-0.2582,0.6214,0.000,0.000,0.000,1,44
TRK,181524,0.39657,-0.73581,0.50580,-0.21327,0.3366,-0.2582,0.6214,0.000,0.000,0.000,1,44
TRK,181542,0.39665,-0.73577,0.50578,-0.21330,0.3366,-0.2582,0.6214,0.000,0.000,0.000,1,44
TRK,181564,0.39671,-0.73574,0.50578,-0.21330,0.3366,-0.2582,0.6214,0.000,0.000,0.000,1,44
TRK,181584,0.39678,-0.73570,0.50579,-0.21327,0.3366,-0.2582,0.6214,0.000,0.000,0.000,1,44
TRK,181604,0.39684,-0.73567,0.50579,-0.21327,0.3366,-0.2582,0.6214,0.000,0.000,0.000,1,44
TRK,181624,0.39687,-0.73566,0.50581,-0.21322,0.3366,-0.2582,0.6214,0.000,0.000,0.000,1,44
TRK,181643,0.39685,-0.73566,0.50583,-0.21318,0.3366,-0.2582,0.6214,0.000,0.000,0.000,1,44
STAT,404.1,400.6,0,0,0,0.0293,0.224,0.1026,0.1017,-0.0623,9.6833,0.44,0.004
TRK,181666,0.39682,-0.73568,0.50581,-0.21323,0.3366,-0.2582,0.6214,0.000,0.000,0.000,1,44
TRK,181682,0.39686,-0.73566,0.50578,-0.21329,0.3366,-0.2582,0.6214,0.000,0.000,0.000,1,44
TRK,181704,0.39695,-0.73562,0.50572,-0.21340,0.3366,-0.2582,0.6214,0.000,0.000,0.000,1,44
TRK,181724,0.39698,-0.73561,0.50568,-0.21347,0.3366,-0.2582,0.6214,0.000,0.000,0.000,1,44
TRK,181742,0.39702,-0.73559,0.50567,-0.21348,0.3366,-0.2582,0.6214,0.000,0.000,0.000,1,44
TRK,181762,0.39641,-0.73554,0.50617,-0.21361,0.3368,-0.2581,0.6214,0.011,0.035,-0.007,2,44
TRK,181784,0.38316,-0.72958,0.51997,-0.22481,0.3369,-0.2572,0.6212,0.005,0.012,-0.001,2,44
TRK,181802,0.38141,-0.72463,0.52670,-0.22810,0.3370,-0.2571,0.6212,0.006,0.005,0.003,2,44
TRK,181824,0.38550,-0.72011,0.52979,-0.22838,0.3372,-0.2570,0.6213,0.008,0.008,0.006,2,44
TRK,181843,0.39130,-0.71746,0.52909,-0.22846,0.3373,-0.2569,0.6215,0.005,0.005,0.006,2,44
TRK,181861,0.39878,-0.71369,0.52746,-0.23113,0.3375,-0.2568,0.6216,0.002,0.004,0.004,2,44
TRK,181883,0.40169,-0.71309,0.52697,-0.22902,0.3375,-0.2567,0.6216,0.000,0.001,0.003,2,44
TRK,181901,0.40779,-0.71389,0.52075,-0.22998,0.3376,-0.2566,0.6217,0.012,0.021,0.006,2,44
TRK,181923,0.41424,-0.71585,0.51302,-0.22973,0.3378,-0.2560,0.6218,0.001,0.028,-0.002,2,44
TRK,181943,0.41320,-0.72212,0.50721,-0.22483,0.3379,-0.2554,0.6217,0.003,0.029,-0.003,2,44
TRK,181963,0.40943,-0.72871,0.50336,-0.21901,0.3379,-0.2548,0.6217,0.003,0.030,-0.002,2,44
TRK,181982,0.40826,-0.73270,0.50001,-0.21555,0.3380,-0.2543,0.6216,0.012,0.032,-0.001,2,44
TRK,182001,0.41039,-0.73244,0.49882,-0.21513,0.3383,-0.2537,0.6217,0.014,0.024,0.005,2,44
TRK,182023,0.42313,-0.72338,0.49928,-0.22002,0.3390,-0.2529,0.6219,0.051,0.057,0.017,2,44
TRK,182041,0.44286,-0.70733,0.49943,-0.23267,0.3400,-0.2519,0.6225,0.072,0.053,0.065,2,44
TRK,182062,0.43947,-0.71616,0.48643,-0.23952,0.3424,-0.2512,0.6259,0.131,-0.014,0.231,2,44
TRK,182084,0.41216,-0.74727,0.46222,-0.24098,0.3435,-0.2523,0.6305,-0.054,-0.052,0.126,2,44
TRK,182103,0.41889,-0.72718,0.47624,-0.26255,0.3413,-0.2531,0.6315,-0.174,-0.032,0.015,2,44
TRK,182121,0.43090,-0.70241,0.49434,-0.27672,0.3385,-0.2535,0.6320,-0.086,-0.014,0.045,2,44
TRK,182141,0.44208,-0.69372,0.48937,-0.28954,0.3376,-0.2538,0.6338,-0.031,-0.025,0.136,2,44
TRK,182163,0.44495,-0.69928,0.47472,-0.29608,0.3374,-0.2543,0.6365,-0.030,-0.022,0.110,2,44
TRK,182182,0.44240,-0.69597,0.47556,-0.30619,0.3359,-0.2548,0.6385,-0.107,-0.026,0.113,2,44
TRK,182203,0.43913,-0.68893,0.47805,-0.32250,0.3340,-0.2553,0.6409,-0.061,-0.018,0.105,2,44
TRK,182223,0.44532,-0.68381,0.47232,-0.33317,0.3334,-0.2555,0.6426,-0.005,-0.015,0.064,2,44
TRK,182242,0.45960,-0.67615,0.46503,-0.33961,0.3332,-0.2558,0.6436,-0.017,-0.012,0.063,2,44
TRK,182261,0.47282,-0.66504,0.45595,-0.35534,0.3330,-0.2561,0.6452,0.007,-0.017,0.089,2,44
TRK,182281,0.48110,-0.66552,0.44155,-0.36147,0.3335,-0.2564,0.6469,0.026,-0.016,0.084,2,44
TRK,182304,0.48535,-0.66512,0.43091,-0.36928,0.3336,-0.2569,0.6490,-0.010,-0.022,0.101,2,44
TRK,182323,0.48803,-0.65952,0.42279,-0.38484,0.3331,-0.2573,0.6512,-0.052,-0.019,0.131,2,44
TRK,182341,0.48321,-0.65336,0.41976,-0.40427,0.3318,-0.2575,0.6536,-0.086,-0.006,0.120,2,44
TRK,182361,0.47098,-0.64950,0.42421,-0.41996,0.3298,-0.2576,0.6558,-0.116,-0.002,0.123,2,44
TRK,182381,0.44838,-0.65090,0.43227,-0.43408,0.3270,-0.2575,0.6589,-0.124,0.008,0.149,2,44
TRK,182403,0.43117,-0.64426,0.43045,-0.46231,0.3250,-0.2573,0.6621,-0.078,0.005,0.171,2,44
TRK,182423,0.41830,-0.64522,0.42094,-0.48117,0.3239,-0.2572,0.6655,-0.041,0.009,0.117,2,44
TRK,182442,0.41317,-0.64419,0.41611,-0.49109,0.3233,-0.2570,0.6670,-0.014,0.014,0.068,2,44
TRK,182463,0.41489,-0.64323,0.40608,-0.49922,0.3231,-0.2566,0.6686,-0.020,0.017,0.084,2,44
TRK,182482,0.41005,-0.64528,0.40323,-0.50287,0.3228,-0.2564,0.6699,-0.005,0.014,0.058,2,44
TRK,182504,0.41854,-0.63974,0.39665,-0.50816,0.3230,-0.2560,0.6708,0.020,0.017,0.031,2,44
TRK,182524,0.42683,-0.63819,0.38925,-0.50894,0.3239,-0.2556,0.6717,0.079,0.031,0.073,2,44
TRK,182541,0.43036,-0.64598,0.37386,-0.50767,0.3257,-0.2549,0.6736,0.121,0.053,0.143,2,44
TRK,182564,0.42348,-0.66868,0.34483,-0.50460,0.3287,-0.2534,0.6776,0.138,0.072,0.198,2,44
TRK,182582,0.41862,-0.68504,0.32249,-0.50147,0.3314,-0.2520,0.6810,0.145,0.070,0.137,2,44
TRK,182602,0.42768,-0.69314,0.29627,-0.49886,0.3340,-0.2507,0.6836,0.092,0.049,0.141,2,44
TRK,182622,0.42265,-0.70076,0.28252,-0.50048,0.3352,-0.2496,0.6866,0.091,0.075,0.156,2,44
TRK,182642,0.42218,-0.71379,0.25627,-0.49658,0.3378,-0.2480,0.6892,0.126,0.057,0.101,2,44
STAT,404.1,400.6,0,0,0,5.4766,157.209,0.1022,0.1009,-0.0626,9.6844,0.44,0.004
TRK,182666,0.44031,-0.70574,0.24360,-0.49872,0.3396,-0.2476,0.6905,0.096,0.021,0.042,2,44
TRK,182682,0.45986,-0.69655,0.22940,-0.50072,0.3412,-0.2473,0.6913,0.090,0.016,0.056,2,44
TRK,182701,0.47129,-0.69013,0.22020,-0.50310,0.3425,-0.2471,0.6925,0.058,0.006,0.069,2,44
TRK,182721,0.47468,-0.68693,0.21250,-0.50760,0.3434,-0.2471,0.6939,0.032,-0.001,0.067,2,44
TRK,182744,0.47722,-0.68427,0.20514,-0.51182,0.3442,-0.2469,0.6952,0.038,0.007,0.059,2,44
TRK,182764,0.47341,-0.68528,0.19966,-0.51615,0.3446,-0.2469,0.6968,0.001,-0.002,0.102,2,44
TRK,182782,0.45941,-0.69032,0.19605,-0.52342,0.3447,-0.2469,0.6989,0.019,0.005,0.113,2,44
TRK,182804,0.44754,-0.69455,0.18717,-0.53129,0.3451,-0.2467,0.7011,0.004,0.006,0.102,2,44
TRK,182822,0.43183,-0.69939,0.18285,-0.53939,0.3451,-0.2467,0.7031,0.002,-0.001,0.092,2,44
TRK,182843,0.41558,-0.70327,0.18238,-0.54721,0.3449,-0.2468,0.7047,-0.022,-0.009,0.081,2,44
TRK,182863,0.39661,-0.70556,0.18468,-0.55748,0.3443,-0.2471,0.7062,-0.031,-0.033,0.048,2,44
TRK,182883,0.39281,-0.69854,0.19718,-0.56467,0.3440,-0.2484,0.7061,0.005,-0.088,-0.062,2,44
TRK,182901,0.41086,-0.68677,0.21131,-0.56115,0.3450,-0.2502,0.7041,0.094,-0.079,-0.123,2,44
TRK,182921,0.44555,-0.67224,0.21762,-0.54975,0.3469,-0.2513,0.7020,0.072,-0.036,-0.062,2,44
TRK,182941,0.46089,-0.66157,0.22032,-0.54897,0.3474,-0.2517,0.7022,-0.019,-0.000,0.075,2,44
TRK,182961,0.45175,-0.65844,0.21797,-0.56113,0.3464,-0.2514,0.7045,-0.067,0.024,0.151,2,44
TRK,182983,0.43658,-0.65405,0.21154,-0.58041,0.3445,-0.2508,0.7081,-0.089,0.020,0.169,2,44
TRK,183002,0.42511,-0.67022,0.20737,-0.57191,0.3448,-0.2502,0.7109,0.186,0.074,0.171,2,44
TRK,183021,0.44727,-0.67727,0.16744,-0.55966,0.3477,-0.2488,0.7141,0.053,0.033,0.129,2,44
TRK,183044,0.45890,-0.67390,0.14957,-0.55937,0.3491,-0.2481,0.7170,0.082,0.037,0.131,2,44
TRK,183063,0.46847,-0.67131,0.13364,-0.55859,0.3507,-0.2474,0.7195,0.078,0.035,0.130,2,44
TRK,183081,0.47473,-0.66840,0.12056,-0.55977,0.3519,-0.2468,0.7219,0.066,0.035,0.139,2,44
TRK,183103,0.48089,-0.66250,0.10351,-0.56491,0.3532,-0.2460,0.7250,0.044,0.036,0.145,2,44
TRK,183124,0.48409,-0.65567,0.08736,-0.57282,0.3541,-0.2452,0.7282,0.047,0.042,0.141,2,44
TRK,183143,0.49119,-0.64830,0.06785,-0.57779,0.3551,-0.2443,0.7307,0.072,0.056,0.144,2,44
TRK,183161,0.50056,-0.64073,0.04455,-0.58045,0.3567,-0.2432,0.7336,0.078,0.061,0.145,2,44
TRK,183183,0.50845,-0.63096,0.01665,-0.58574,0.3580,-0.2422,0.7362,0.059,0.043,0.122,2,44
TRK,183202,0.51415,-0.62252,-0.00204,-0.59001,0.3591,-0.2414,0.7384,0.057,0.038,0.100,2,44
TRK,183223,0.51937,-0.61360,-0.02108,-0.59439,0.3603,-0.2405,0.7406,0.046,0.036,0.092,2,44
TRK,183242,0.52417,-0.60531,-0.03497,-0.59801,0.3611,-0.2399,0.7422,0.044,0.033,0.097,2,44
TRK,183261,0.52761,-0.59671,-0.04992,-0.60255,0.3619,-0.2392,0.7442,0.039,0.034,0.103,2,44
TRK,183284,0.53106,-0.58637,-0.06709,-0.60799,0.3629,-0.2386,0.7463,0.057,0.032,0.075,2,44
TRK,183303,0.53690,-0.57804,-0.07864,-0.60944,0.3643,-0.2380,0.7478,0.075,0.028,0.084,2,44
TRK,183322,0.54322,-0.56974,-0.09250,-0.60971,0.3657,-0.2374,0.7496,0.080,0.028,0.086,2,44
TRK,183341,0.55591,-0.55963,-0.10732,-0.60519,0.3673,-0.2369,0.7510,0.097,0.027,0.091,2,44
TRK,183364,0.56519,-0.55254,-0.12497,-0.59970,0.3696,-0.2362,0.7534,0.081,0.021,0.090,2,44
TRK,183383,0.56159,-0.56262,-0.11627,-0.59544,0.3712,-0.2363,0.7547,0.131,0.051,0.084,2,44
TRK,183401,0.56331,-0.58078,-0.14231,-0.57020,0.3739,-0.2343,0.7569,0.071,0.035,0.101,2,44
TRK,183423,0.56595,-0.57004,-0.15504,-0.57508,0.3752,-0.2339,0.7590,0.083,0.032,0.109,2,44
TRK,183441,0.57055,-0.55746,-0.16749,-0.57936,0.3768,-0.2334,0.7609,0.075,0.008,0.086,2,44
TRK,183463,0.57409,-0.54352,-0.17517,-0.58680,0.3785,-0.2334,0.7631,0.074,-0.003,0.100,2,44
TRK,183483,0.57972,-0.52492,-0.18316,-0.59568,0.3799,-0.2335,0.7650,0.066,-0.009,0.095,2,44
TRK,183503,0.58712,-0.50264,-0.18698,-0.60637,0.3814,-0.2340,0.7668,0.088,-0.039,0.079,2,44
TRK,183523,0.59292,-0.48605,-0.18874,-0.61367,0.3832,-0.2342,0.7686,0.101,0.004,0.100,2,44
TRK,183543,0.59565,-0.47683,-0.19234,-0.61712,0.3853,-0.2343,0.7704,0.109,-0.010,0.083,2,44
TRK,183563,0.60030,-0.46537,-0.19583,-0.62026,0.3875,-0.2345,0.7720,0.111,-0.016,0.076,2,44
TRK,183583,0.60492,-0.45214,-0.19842,-0.62472,0.3897,-0.2349,0.7735,0.106,-0.015,0.080,2,44
TRK,183601,0.60920,-0.43667,-0.20442,-0.62961,0.3915,-0.2351,0.7749,0.101,-0.008,0.085,2,44
TRK,183624,0.61289,-0.42105,-0.21268,-0.63392,0.3939,-0.2352,0.7771,0.097,0.000,0.093,2,44
TRK,183643,0.61502,-0.41103,-0.21987,-0.63597,0.3957,-0.2352,0.7787,0.109,-0.001,0.087,2,44
TRK,183661,0.61876,-0.40179,-0.22545,-0.63629,0.3980,-0.2352,0.7803,0.126,-0.002,0.076,2,44
STAT,404.1,400.6,0,0,0,1.0165,86.729,0.1022,0.1009,-0.0626,9.6844,0.44,0.004
TRK,183681,0.62416,-0.39086,-0.23000,-0.63620,0.4006,-0.2353,0.7818,0.132,-0.006,0.076,2,44
TRK,183702,0.62881,-0.37993,-0.23302,-0.63714,0.4032,-0.2354,0.7833,0.131,-0.008,0.080,2,44
TRK,183722,0.63308,-0.36926,-0.23542,-0.63831,0.4057,-0.2356,0.7849,0.131,-0.003,0.084,2,44
TRK,183742,0.63705,-0.35863,-0.23752,-0.63964,0.4082,-0.2357,0.7867,0.115,-0.004,0.091,2,44
TRK,183764,0.63968,-0.35053,-0.23965,-0.64071,0.4108,-0.2357,0.7888,0.121,0.001,0.098,2,44
TRK,183784,0.64241,-0.34359,-0.24076,-0.64131,0.4132,-0.2358,0.7908,0.118,-0.010,0.101,2,44
TRK,183804,0.64367,-0.33779,-0.23998,-0.64343,0.4156,-0.2359,0.7928,0.125,-0.005,0.110,2,44
TRK,183822,0.64434,-0.33364,-0.24018,-0.64485,0.4181,-0.2360,0.7950,0.129,-0.012,0.110,2,44
TRK,183844,0.64398,-0.33063,-0.23760,-0.64771,0.4207,-0.2364,0.7972,0.133,-0.020,0.104,2,44
TRK,183863,0.64093,-0.33341,-0.23211,-0.65128,0.4233,-0.2369,0.7992,0.128,-0.032,0.103,2,44
TRK,183884,0.63207,-0.34394,-0.22425,-0.65719,0.4259,-0.2377,0.8016,0.101,-0.046,0.114,2,44
TRK,183903,0.61907,-0.35365,-0.21159,-0.66852,0.4275,-0.2386,0.8036,0.087,-0.056,0.111,2,44
TRK,183922,0.60676,-0.36292,-0.19753,-0.67905,0.4293,-0.2397,0.8057,0.101,-0.059,0.098,2,44
TRK,183942,0.59336,-0.37433,-0.17666,-0.69035,0.4315,-0.2410,0.8075,0.116,-0.061,0.088,2,44
TRK,183964,0.58262,-0.38586,-0.15519,-0.69828,0.4343,-0.2422,0.8095,0.129,-0.055,0.089,2,44
TRK,183983,0.57193,-0.39642,-0.13592,-0.70518,0.4366,-0.2433,0.8113,0.120,-0.052,0.091,2,44
TRK,184002,0.56178,-0.40523,-0.11825,-0.71148,0.4385,-0.2443,0.8129,0.098,-0.048,0.106,2,44
TRK,184024,0.56145,-0.40192,-0.11014,-0.71491,0.4414,-0.2448,0.8153,0.152,-0.016,0.098,2,44
TRK,184042,0.57571,-0.39063,-0.10386,-0.71076,0.4446,-0.2450,0.8167,0.210,-0.018,0.058,2,44
TRK,184064,0.59116,-0.38020,-0.09222,-0.70532,0.4493,-0.2455,0.8184,0.210,-0.013,0.114,2,44
TRK,184082,0.60047,-0.37513,-0.09322,-0.70002,0.4534,-0.2457,0.8208,0.193,-0.010,0.131,2,44
TRK,184102,0.60456,-0.37135,-0.09376,-0.69844,0.4569,-0.2459,0.8236,0.165,-0.006,0.153,2,44
TRK,184124,0.60693,-0.36860,-0.09974,-0.69701,0.4605,-0.2459,0.8273,0.158,0.012,0.187,2,44
TRK,184143,0.60577,-0.37198,-0.10747,-0.69507,0.4630,-0.2456,0.8307,0.147,0.026,0.203,2,44
TRK,184163,0.60462,-0.39069,-0.11878,-0.68387,0.4667,-0.2446,0.8351,0.206,0.059,0.230,2,44
TRK,184182,0.59889,-0.42380,-0.12916,-0.66712,0.4708,-0.2429,0.8403,0.196,0.118,0.296,2,44
TRK,184202,0.58168,-0.46605,-0.13597,-0.65265,0.4741,-0.2412,0.8455,0.152,0.070,0.262,2,44
TRK,184224,0.55879,-0.50343,-0.13955,-0.64408,0.4772,-0.2398,0.8514,0.128,0.036,0.239,2,44
TRK,184244,0.53003,-0.54479,-0.13260,-0.63615,0.4807,-0.2388,0.8560,0.231,0.066,0.213,2,44
TRK,184262,0.51904,-0.56929,-0.14684,-0.62044,0.4847,-0.2373,0.8595,0.163,0.133,0.251,2,44
TRK,184284,0.47828,-0.60310,-0.14423,-0.62186,0.4868,-0.2373,0.8642,0.102,-0.054,0.157,2,44
TRK,184302,0.47306,-0.58592,-0.15309,-0.63990,0.4870,-0.2388,0.8679,-0.110,-0.095,0.221,2,44
TRK,184324,0.41639,-0.58726,-0.14751,-0.67822,0.4843,-0.2394,0.8732,-0.132,0.026,0.286,2,44
TRK,184342,0.36298,-0.59404,-0.15232,-0.70154,0.4833,-0.2382,0.8786,0.052,0.072,0.258,2,44
TRK,184363,0.34540,-0.60278,-0.16096,-0.70103,0.4861,-0.2375,0.8831,0.210,-0.010,0.192,2,44
TRK,184383,0.36104,-0.60345,-0.16162,-0.69237,0.4905,-0.2385,0.8864,0.211,-0.074,0.159,2,44
TRK,184403,0.36837,-0.60267,-0.15483,-0.69074,0.4941,-0.2395,0.8899,0.151,-0.009,0.207,2,44
TRK,184421,0.35682,-0.60766,-0.15687,-0.69197,0.4969,-0.2389,0.8945,0.139,0.050,0.239,2,44
TRK,184441,0.34191,-0.61312,-0.16302,-0.69326,0.4999,-0.2381,0.8991,0.168,0.018,0.224,2,44
TRK,184463,0.34041,-0.61550,-0.16678,-0.69099,0.5043,-0.2383,0.9037,0.233,-0.029,0.190,2,44
TRK,184483,0.35132,-0.61603,-0.16908,-0.68446,0.5093,-0.2390,0.9075,0.258,-0.031,0.192,2,44
TRK,184502,0.36403,-0.60971,-0.15685,-0.68639,0.5132,-0.2402,0.9097,0.206,-0.114,0.071,2,44
TRK,184521,0.38882,-0.59429,-0.16148,-0.68524,0.5182,-0.2415,0.9119,0.231,-0.050,0.128,2,44
TRK,184541,0.40652,-0.57022,-0.17117,-0.69303,0.5223,-0.2424,0.9148,0.187,-0.035,0.162,2,44
TRK,184564,0.41815,-0.54391,-0.18210,-0.70438,0.5263,-0.2430,0.9187,0.177,-0.022,0.182,2,44
TRK,184583,0.42339,-0.52987,-0.18851,-0.71024,0.5298,-0.2434,0.9224,0.182,-0.019,0.189,2,44
TRK,184601,0.42840,-0.51870,-0.19153,-0.71466,0.5330,-0.2438,0.9256,0.193,-0.033,0.180,2,44
TRK,184623,0.43672,-0.50826,-0.18737,-0.71822,0.5345,-0.2441,0.9269,0.000,0.000,0.000,3,44
TRK,184644,0.44742,-0.50066,-0.18054,-0.71872,0.5345,-0.2441,0.9269,0.000,0.000,0.000,3,44
TRK,184664,0.45685,-0.49673,-0.17213,-0.71757,0.5345,-0.2441,0.9269,0.000,0.000,0.000,3,44
STAT,404.0,401.0,0,0,0,0.8181,86.168,0.1022,0.1009,-0.0626,9.6844,0.44,0.004
TRK,184683,0.46559,-0.49427,-0.16466,-0.71541,0.5345,-0.2441,0.9269,0.000,0.000,0.000,3,44
TRK,184701,0.47262,-0.49124,-0.15648,-0.71472,0.5345,-0.2441,0.9269,0.000,0.000,0.000,3,44
TRK,184723,0.47916,-0.48943,-0.14187,-0.71466,0.5345,-0.2441,0.9269,0.000,0.000,0.000,3,44
TRK,184742,0.48313,-0.49369,-0.12382,-0.71241,0.5345,-0.2441,0.9269,0.000,0.000,0.000,3,44
TRK,184764,0.48673,-0.50540,-0.10045,-0.70538,0.5345,-0.2441,0.9269,0.000,0.000,0.000,3,44
TRK,184782,0.48998,-0.51638,-0.08218,-0.69750,0.5345,-0.2441,0.9269,0.000,0.000,0.000,3,44
TRK,184804,0.48872,-0.53184,-0.06190,-0.68881,0.5345,-0.2441,0.9269,0.000,0.000,0.000,3,44
TRK,184823,0.48522,-0.54483,-0.04844,-0.68218,0.5345,-0.2441,0.9269,0.000,0.000,0.000,3,44
TRK,184841,0.48432,-0.55748,-0.03682,-0.67327,0.5345,-0.2441,0.9269,0.000,0.000,0.000,3,44
TRK,184863,0.48292,-0.58136,-0.01155,-0.65473,0.5345,-0.2441,0.9269,0.000,0.000,0.000,3,44
TRK,184884,0.48926,-0.61082,0.03266,-0.62165,0.5345,-0.2441,0.9269,0.000,0.000,0.000,3,44
TRK,184903,0.48941,-0.63973,0.08091,-0.58709,0.5345,-0.2441,0.9269,0.000,0.000,0.000,3,44
TRK,184921,0.49622,-0.66384,0.12095,-0.54630,0.5345,-0.2441,0.9269,0.000,0.000,0.000,3,44
TRK,184943,0.48396,-0.68687,0.15182,-0.52052,0.5345,-0.2441,0.9269,0.000,0.000,0.000,3,44
TRK,184964,0.44497,-0.71790,0.19969,-0.49673,0.5345,-0.2441,0.9269,0.000,0.000,0.000,3,44
TRK,184984,0.41690,-0.73802,0.24238,-0.47199,0.5345,-0.2441,0.9269,0.000,0.000,0.000,3,44
TRK,185002,0.38793,-0.76201,0.28433,-0.43360,0.5345,-0.2441,0.9269,0.000,0.000,0.000,3,44
TRK,185024,0.39656,-0.77184,0.33696,-0.36533,0.5345,-0.2441,0.9269,0.000,0.000,0.000,3,44
TRK,185044,0.40749,-0.78079,0.38193,-0.28009,0.5345,-0.2441,0.9269,0.000,0.000,0.000,3,44
TRK,185064,0.43536,-0.76350,0.42871,-0.20917,0.5345,-0.2441,0.9269,0.000,0.000,0.000,3,44
TRK,185082,0.28720,-0.82621,0.47213,-0.10952,0.5345,-0.2441,0.9269,0.000,0.000,0.000,3,44
TRK,185104,0.47452,-0.73438,0.43093,-0.22319,0.5345,-0.2441,0.9269,0.000,0.000,0.000,3,44
TRK,185123,0.42101,-0.76082,0.43503,-0.23379,0.5345,-0.2441,0.9269,0.000,0.000,0.000,3,44
TRK,185141,0.42379,-0.76276,0.41149,-0.26322,0.5345,-0.2441,0.9269,0.000,0.000,0.000,3,44
TRK,185163,0.41948,-0.76313,0.40784,-0.27449,0.5345,-0.2441,0.9269,0.000,0.000,0.000,3,44
TRK,185181,0.41151,-0.77221,0.39891,-0.27427,0.5345,-0.2441,0.9269,0.000,0.000,0.000,3,44
TRK,185203,0.43004,-0.76551,0.39934,-0.26380,0.5345,-0.2441,0.9269,0.000,0.000,0.000,3,44
TRK,185222,0.42100,-0.77554,0.40105,-0.24590,0.5345,-0.2441,0.9269,0.000,0.000,0.000,3,44
TRK,185242,0.44587,-0.76305,0.41190,-0.22203,0.5345,-0.2441,0.9269,0.000,0.000,0.000,3,44
TRK,185262,0.42667,-0.77579,0.42495,-0.18849,0.5345,-0.2441,0.9269,0.000,0.000,0.000,3,44
TRK,185284,0.40564,-0.78438,0.43593,-0.17367,0.5345,-0.2441,0.9269,0.000,0.000,0.000,3,44
TRK,185304,0.45462,-0.75562,0.42631,-0.20155,0.5345,-0.2441,0.9269,0.000,0.000,0.000,3,44
TRK,185324,0.41849,-0.77355,0.42754,-0.20905,0.5345,-0.2441,0.9269,0.000,0.000,0.000,3,44
TRK,185344,0.44560,-0.75536,0.42850,-0.21740,0.5345,-0.2441,0.9269,0.000,0.000,0.000,3,44
TRK,185364,0.42319,-0.76879,0.43099,-0.21004,0.5345,-0.2441,0.9269,0.000,0.000,0.000,3,44
TRK,185383,0.44380,-0.75655,0.43488,-0.20386,0.5345,-0.2441,0.9269,0.000,0.000,0.000,3,44
TRK,185403,0.41187,-0.77765,0.43947,-0.18027,0.5345,-0.2441,0.9269,0.000,0.000,0.000,3,44
TRK,185423,0.43094,-0.76736,0.43455,-0.19137,0.5345,-0.2441,0.9269,0.000,0.000,0.000,3,44
TRK,185441,0.44445,-0.76011,0.43105,-0.19721,0.5345,-0.2441,0.9269,0.000,0.000,0.000,3,44
TRK,185463,0.43271,-0.76751,0.43039,-0.19609,0.5345,-0.2441,0.9269,0.000,0.000,0.000,3,44
TRK,185481,0.44177,-0.76119,0.43294,-0.19491,0.5345,-0.2441,0.9269,0.000,0.000,0.000,3,44
TRK,185502,0.42387,-0.77224,0.43535,-0.18560,0.5345,-0.2441,0.9269,0.000,0.000,0.000,3,44
TRK,185524,0.43763,-0.76362,0.43356,-0.19338,0.5345,-0.2441,0.9269,0.000,0.000,0.000,3,44
TRK,185544,0.43496,-0.76453,0.43491,-0.19277,0.5345,-0.2441,0.9269,0.000,0.000,0.000,3,44
TRK,185564,0.43279,-0.76590,0.43543,-0.19103,0.5345,-0.2441,0.9269,0.000,0.000,0.000,3,44
TRK,185582,0.43472,-0.76460,0.43515,-0.19247,0.5345,-0.2441,0.9269,0.000,0.000,0.000,3,44
TRK,185604,0.43322,-0.76565,0.43535,-0.19120,0.5345,-0.2441,0.9269,0.000,0.000,0.000,3,44
TRK,185623,0.43374,-0.76528,0.43531,-0.19163,0.5345,-0.2441,0.9269,0.000,0.000,0.000,3,44
TRK,185644,0.43401,-0.76508,0.43528,-0.19187,0.5345,-0.2441,0.9269,0.000,0.000,0.000,3,44
TRK,185664,0.43323,-0.76563,0.43538,-0.19121,0.5345,-0.2441,0.9269,0.000,0.000,0.000,3,44
STAT,404.0,401.0,0,0,0,0.1927,9.640,0.1022,0.1009,-0.0626,9.6844,0.44,0.004
TRK,185683,0.43382,-0.76519,0.43535,-0.19171,0.5345,-0.2441,0.9269,0.000,0.000,0.000,3,44
TRK,185703,0.43353,-0.76540,0.43539,-0.19145,0.5345,-0.2441,0.9269,0.000,0.000,0.000,3,44
TRK,185723,0.43342,-0.76549,0.43537,-0.19139,0.5345,-0.2441,0.9269,0.000,0.000,0.000,3,44
TRK,185742,0.43360,-0.76535,0.43535,-0.19158,0.5345,-0.2441,0.9269,0.000,0.000,0.000,3,44
TRK,185764,0.43330,-0.76556,0.43540,-0.19129,0.5345,-0.2441,0.9269,0.000,0.000,0.000,3,44
TRK,185782,0.43320,-0.76556,0.43549,-0.19131,0.5345,-0.2441,0.9269,0.000,0.000,0.000,1,45
TRK,185801,0.43087,-0.76675,0.43617,-0.19027,0.5345,-0.2441,0.9269,0.000,0.000,0.000,1,45
TRK,185824,0.42884,-0.76777,0.43678,-0.18933,0.5345,-0.2441,0.9269,0.000,0.000,0.000,1,45
TRK,185843,0.42753,-0.76843,0.43715,-0.18876,0.5345,-0.2441,0.9269,0.000,0.000,0.000,1,45
TRK,185861,0.42641,-0.76899,0.43749,-0.18823,0.5345,-0.2441,0.9269,0.000,0.000,0.000,1,45
TRK,185881,0.42553,-0.76944,0.43771,-0.18789,0.5345,-0.2441,0.9269,0.000,0.000,0.000,1,45
TRK,185901,0.42465,-0.76988,0.43792,-0.18759,0.5345,-0.2441,0.9269,0.000,0.000,0.000,1,45
TRK,185921,0.42392,-0.77025,0.43808,-0.18734,0.5345,-0.2441,0.9269,0.000,0.000,0.000,1,45
TRK,185941,0.42337,-0.77052,0.43822,-0.18713,0.5345,-0.2441,0.9269,0.000,0.000,0.000,1,45
TRK,185963,0.42280,-0.77080,0.43840,-0.18685,0.5345,-0.2441,0.9269,0.000,0.000,0.000,1,45
TRK,185982,0.42242,-0.77099,0.43851,-0.18668,0.5345,-0.2441,0.9269,0.000,0.000,0.000,1,45
TRK,186003,0.42199,-0.77120,0.43864,-0.18647,0.5345,-0.2441,0.9269,0.000,0.000,0.000,1,45
TRK,186024,0.42174,-0.77133,0.43871,-0.18635,0.5345,-0.2441,0.9269,0.000,0.000,0.000,1,45
TRK,186042,0.42150,-0.77144,0.43878,-0.18625,0.5345,-0.2441,0.9269,0.000,0.000,0.000,1,45
TRK,186062,0.42134,-0.77152,0.43881,-0.18620,0.5345,-0.2441,0.9269,0.000,0.000,0.000,1,45
TRK,186082,0.42120,-0.77160,0.43883,-0.18618,0.5345,-0.2441,0.9269,0.000,0.000,0.000,1,45
TRK,186104,0.42102,-0.77169,0.43887,-0.18612,0.5345,-0.2441,0.9269,0.000,0.000,0.000,1,45
TRK,186123,0.42092,-0.77173,0.43887,-0.18613,0.5345,-0.2441,0.9269,0.000,0.000,0.000,1,45
TRK,186144,0.42078,-0.77181,0.43890,-0.18608,0.5345,-0.2441,0.9269,0.000,0.000,0.000,1,45
TRK,186164,0.42069,-0.77185,0.43892,-0.18606,0.5345,-0.2441,0.9269,0.000,0.000,0.000,1,45
TRK,186183,0.42066,-0.77187,0.43893,-0.18605,0.5345,-0.2441,0.9269,0.000,0.000,0.000,1,45
TRK,186202,0.42051,-0.77194,0.43899,-0.18593,0.5345,-0.2441,0.9269,0.000,0.000,0.000,1,45
TRK,186222,0.42055,-0.77191,0.43900,-0.18590,0.5345,-0.2441,0.9269,0.000,0.000,0.000,1,45
TRK,186242,0.42042,-0.77198,0.43906,-0.18581,0.5345,-0.2441,0.9269,0.000,0.000,0.000,1,45
TRK,186264,0.42039,-0.77199,0.43910,-0.18573,0.5345,-0.2441,0.9269,0.000,0.000,0.000,1,45
TRK,186282,0.42039,-0.77199,0.43911,-0.18571,0.5345,-0.2441,0.9269,0.000,0.000,0.000,1,45
TRK,186302,0.42033,-0.77202,0.43916,-0.18563,0.5345,-0.2441,0.9269,0.000,0.000,0.000,1,45
TRK,186322,0.42038,-0.77199,0.43915,-0.18563,0.5345,-0.2441,0.9269,0.000,0.000,0.000,1,45
TRK,186344,0.42032,-0.77201,0.43921,-0.18553,0.5345,-0.2441,0.9269,0.000,0.000,0.000,1,45
TRK,186362,0.42039,-0.77198,0.43918,-0.18558,0.5345,-0.2441,0.9269,0.000,0.000,0.000,1,45
TRK,186384,0.42043,-0.77196,0.43918,-0.18557,0.5345,-0.2441,0.9269,0.000,0.000,0.000,1,45
TRK,186403,0.42041,-0.77197,0.43919,-0.18556,0.5345,-0.2441,0.9269,0.000,0.000,0.000,1,45
TRK,186423,0.42046,-0.77194,0.43918,-0.18557,0.5345,-0.2441,0.9269,0.000,0.000,0.000,1,45
TRK,186441,0.42044,-0.77195,0.43921,-0.18551,0.5345,-0.2441,0.9269,0.000,0.000,0.000,1,45
TRK,186463,0.42043,-0.77196,0.43921,-0.18551,0.5345,-0.2441,0.9269,0.000,0.000,0.000,1,45
TRK,186481,0.42033,-0.77200,0.43924,-0.18548,0.5345,-0.2441,0.9269,0.000,0.000,0.000,1,45
TRK,186503,0.42031,-0.77202,0.43924,-0.18548,0.5345,-0.2441,0.9269,0.000,0.000,0.000,1,45
TRK,186522,0.42032,-0.77201,0.43924,-0.18547,0.5345,-0.2441,0.9269,0.000,0.000,0.000,1,45
TRK,186544,0.42027,-0.77203,0.43928,-0.18539,0.5345,-0.2441,0.9269,0.000,0.000,0.000,1,45
TRK,186562,0.42025,-0.77204,0.43931,-0.18535,0.5345,-0.2441,0.9269,0.000,0.000,0.000,1,45
TRK,186582,0.42030,-0.77201,0.43933,-0.18529,0.5345,-0.2441,0.9269,0.000,0.000,0.000,1,45
TRK,186602,0.42029,-0.77201,0.43937,-0.18521,0.5345,-0.2441,0.9269,0.000,0.000,0.000,1,45
TRK,186624,0.42025,-0.77203,0.43942,-0.18514,0.5345,-0.2441,0.9269,0.000,0.000,0.000,1,45
TRK,186643,0.42020,-0.77205,0.43945,-0.18507,0.5345,-0.2441,0.9269,0.000,0.000,0.000,1,45
TRK,186664,0.42021,-0.77204,0.43948,-0.18501,0.5345,-0.2441,0.9269,0.000,0.000,0.000,1,45
STAT,403.5,400.5,0,0,0,0.0299,0.284,0.0621,0.0910,-0.0645,9.6848,4.17,0.000
TRK,186681,0.42020,-0.77205,0.43950,-0.18498,0.5345,-0.2441,0.9269,0.000,0.000,0.000,1,45
TRK,186703,0.42015,-0.77207,0.43953,-0.18491,0.5345,-0.2441,0.9269,0.000,0.000,0.000,1,45
TRK,186721,0.42014,-0.77207,0.43953,-0.18492,0.5345,-0.2441,0.9269,0.000,0.000,0.000,1,45
TRK,186743,0.42008,-0.77211,0.43953,-0.18494,0.5345,-0.2441,0.9269,0.000,0.000,0.000,1,45
TRK,186763,0.42008,-0.77211,0.43951,-0.18497,0.5345,-0.2441,0.9269,0.000,0.000,0.000,1,45
TRK,186783,0.42002,-0.77214,0.43950,-0.18500,0.5345,-0.2441,0.9269,0.000,0.000,0.000,1,45
TRK,186802,0.42002,-0.77214,0.43947,-0.18506,0.5345,-0.2441,0.9269,0.000,0.000,0.000,1,45
TRK,186821,0.42005,-0.77213,0.43945,-0.18509,0.5345,-0.2441,0.9269,0.000,0.000,0.000,1,45
TRK,186844,0.41997,-0.77217,0.43945,-0.18509,0.5345,-0.2441,0.9269,0.000,0.000,0.000,1,45
TRK,186863,0.41996,-0.77218,0.43944,-0.18511,0.5345,-0.2441,0.9269,0.000,0.000,0.000,1,45
TRK,186883,0.41990,-0.77221,0.43944,-0.18513,0.5345,-0.2441,0.9269,0.000,0.000,0.000,1,45
TRK,186901,0.41986,-0.77223,0.43946,-0.18508,0.5345,-0.2441,0.9269,0.000,0.000,0.000,1,45
TRK,186921,0.41986,-0.77223,0.43947,-0.18506,0.5345,-0.2441,0.9269,0.000,0.000,0.000,1,45
TRK,186941,0.41984,-0.77223,0.43948,-0.18505,0.5345,-0.2441,0.9269,0.000,0.000,0.000,1,45
TRK,186963,0.41983,-0.77224,0.43948,-0.18506,0.5345,-0.2441,0.9269,0.000,0.000,0.000,1,45
TRK,186982,0.41979,-0.77226,0.43947,-0.18508,0.5345,-0.2441,0.9269,0.000,0.000,0.000,1,45
TRK,187003,0.41970,-0.77231,0.43948,-0.18506,0.5345,-0.2441,0.9269,0.000,0.000,0.000,1,45
TRK,187022,0.41968,-0.77232,0.43947,-0.18508,0.5345,-0.2441,0.9269,0.000,0.000,0.000,1,45
TRK,187044,0.41966,-0.77233,0.43946,-0.18512,0.5345,-0.2441,0.9269,0.000,0.000,0.000,1,45
TRK,187064,0.41961,-0.77236,0.43942,-0.18518,0.5345,-0.2441,0.9269,0.000,0.000,0.000,1,45
TRK,187084,0.41959,-0.77237,0.43942,-0.18520,0.5345,-0.2441,0.9269,0.000,0.000,0.000,1,45
TRK,187104,0.41960,-0.77237,0.43940,-0.18524,0.5345,-0.2441,0.9269,0.000,0.000,0.000,1,45
TRK,187122,0.41962,-0.77236,0.43937,-0.18529,0.5345,-0.2441,0.9269,0.000,0.000,0.000,1,45
TRK,187142,0.41957,-0.77239,0.43938,-0.18527,0.5345,-0.2441,0.9269,0.000,0.000,0.000,1,45
TRK,187164,0.41955,-0.77239,0.43938,-0.18527,0.5345,-0.2441,0.9269,0.000,0.000,0.000,1,45
TRK,187184,0.41954,-0.77240,0.43937,-0.18529,0.5345,-0.2441,0.9269,0.000,0.000,0.000,1,45
TRK,187203,0.41946,-0.77244,0.43938,-0.18529,0.5345,-0.2441,0.9269,0.000,0.000,0.000,1,45
TRK,187222,0.41944,-0.77245,0.43937,-0.18531,0.5345,-0.2441,0.9269,0.000,0.000,0.000,1,45
TRK,187244,0.41948,-0.77243,0.43936,-0.18532,0.5345,-0.2441,0.9269,0.000,0.000,0.000,1,45
TRK,187262,0.41955,-0.77240,0.43934,-0.18535,0.5345,-0.2441,0.9269,0.000,0.000,0.000,1,45
TRK,187284,0.41960,-0.77237,0.43935,-0.18533,0.5345,-0.2441,0.9269,0.000,0.000,0.000,1,45
TRK,187302,0.41962,-0.77236,0.43935,-0.18532,0.5345,-0.2441,0.9269,0.000,0.000,0.000,1,45
TRK,187324,0.41966,-0.77234,0.43936,-0.18530,0.5345,-0.2441,0.9269,0.000,0.000,0.000,1,45
TRK,187342,0.41961,-0.77236,0.43939,-0.18525,0.5345,-0.2441,0.9269,0.000,0.000,0.000,1,45
TRK,187364,0.41958,-0.77238,0.43943,-0.18518,0.5345,-0.2441,0.9269,0.000,0.000,0.000,1,45
TRK,187382,0.41957,-0.77238,0.43946,-0.18511,0.5345,-0.2441,0.9269,0.000,0.000,0.000,1,45
TRK,187404,0.41960,-0.77236,0.43949,-0.18506,0.5345,-0.2441,0.9269,0.000,0.000,0.000,1,45
TRK,187424,0.41963,-0.77234,0.43950,-0.18503,0.5345,-0.2441,0.9269,0.000,0.000,0.000,1,45
TRK,187444,0.41964,-0.77233,0.43951,-0.18502,0.5345,-0.2441,0.9269,0.000,0.000,0.000,1,45
TRK,187463,0.41970,-0.77231,0.43950,-0.18503,0.5345,-0.2441,0.9269,0.000,0.000,0.000,1,45
TRK,187482,0.41974,-0.77229,0.43950,-0.18503,0.5345,-0.2441,0.9269,0.000,0.000,0.000,1,45
TRK,187502,0.41972,-0.77229,0.43952,-0.18498,0.5345,-0.2441,0.9269,0.000,0.000,0.000,1,45
TRK,187524,0.41971,-0.77230,0.43954,-0.18496,0.5345,-0.2441,0.9269,0.000,0.000,0.000,1,45
TRK,187542,0.41984,-0.77225,0.43938,-0.18524,0.5345,-0.2441,0.9269,0.000,0.000,0.000,1,45
TRK,187564,0.41928,-0.77251,0.43965,-0.18479,0.5345,-0.2441,0.9269,0.000,0.000,0.000,1,45
TRK,187584,0.41953,-0.77239,0.43957,-0.18490,0.5345,-0.2441,0.9269,0.000,0.000,0.000,1,45
TRK,187602,0.41952,-0.77239,0.43956,-0.18492,0.5345,-0.2441,0.9269,0.000,0.000,0.000,1,45
TRK,187622,0.41963,-0.77234,0.43950,-0.18503,0.5345,-0.2441,0.9269,0.000,0.000,0.000,1,45
TRK,187644,0.41948,-0.77241,0.43960,-0.18485,0.5345,-0.2441,0.9269,0.000,0.000,0.000,1,45
TRK,187663,0.41951,-0.77240,0.43954,-0.18496,0.5345,-0.2441,0.9269,0.000,0.000,0.000,1,45
STAT,403.5,400.5,0,0,0,0.0964,2.592,0.0443,0.0976,-0.0512,9.6822,4.17,0.000
TRK,187684,0.41943,-0.77244,0.43952,-0.18501,0.5345,-0.2441,0.9269,0.000,0.000,0.000,1,45
TRK,187703,0.41918,-0.77256,0.43962,-0.18484,0.5345,-0.2441,0.9269,0.000,0.000,0.000,1,45
TRK,187721,0.41946,-0.77243,0.43949,-0.18506,0.5345,-0.2441,0.9269,0.000,0.000,0.000,1,45
TRK,187743,0.41906,-0.77262,0.43968,-0.18473,0.5345,-0.2441,0.9269,0.000,0.000,0.000,1,45
TRK,187762,0.41939,-0.77246,0.43956,-0.18495,0.5345,-0.2441,0.9269,0.000,0.000,0.000,1,45
TRK,187784,0.41908,-0.77261,0.43972,-0.18466,0.5345,-0.2441,0.9269,0.000,0.000,0.000,1,45
TRK,187804,0.41924,-0.77253,0.43967,-0.18474,0.5345,-0.2441,0.9269,0.000,0.000,0.000,1,45
TRK,187822,0.41936,-0.77247,0.43962,-0.18482,0.5345,-0.2441,0.9269,0.000,0.000,0.000,1,45
TRK,187842,0.41913,-0.77258,0.43969,-0.18472,0.5345,-0.2441,0.9269,0.000,0.000,0.000,1,45
TRK,187864,0.41907,-0.77262,0.43966,-0.18477,0.5345,-0.2441,0.9269,0.000,0.000,0.000,1,45
TRK,187882,0.41887,-0.77272,0.43971,-0.18470,0.5345,-0.2441,0.9269,0.000,0.000,0.000,1,45
TRK,187904,0.41909,-0.77261,0.43959,-0.18491,0.5345,-0.2441,0.9269,0.000,0.000,0.000,1,45
TRK,187923,0.41897,-0.77267,0.43965,-0.18482,0.5345,-0.2441,0.9269,0.000,0.000,0.000,1,45
TRK,187943,0.41881,-0.77274,0.43973,-0.18467,0.5345,-0.2441,0.9269,0.000,0.000,0.000,1,45
TRK,187961,0.41887,-0.77271,0.43974,-0.18465,0.5345,-0.2441,0.9269,0.000,0.000,0.000,1,45
TRK,187983,0.41894,-0.77267,0.43974,-0.18463,0.5345,-0.2441,0.9269,0.000,0.000,0.000,1,45
TRK,188001,0.41881,-0.77274,0.43980,-0.18454,0.5345,-0.2441,0.9269,0.000,0.000,0.000,1,45
TRK,188023,0.41881,-0.77274,0.43974,-0.18465,0.5345,-0.2441,0.9269,0.000,0.000,0.000,1,45
TRK,188042,0.41886,-0.77272,0.43968,-0.18477,0.5345,-0.2441,0.9269,0.000,0.000,0.000,1,45
TRK,188064,0.41905,-0.77264,0.43954,-0.18501,0.5345,-0.2441,0.9269,0.000,0.000,0.000,1,45
TRK,188082,0.41889,-0.77272,0.43960,-0.18492,0.5345,-0.2441,0.9269,0.000,0.000,0.000,1,45
TRK,188102,0.41872,-0.77280,0.43968,-0.18477,0.5345,-0.2441,0.9269,0.000,0.000,0.000,1,45
TRK,188122,0.41900,-0.77266,0.43962,-0.18486,0.5345,-0.2441,0.9269,0.000,0.000,0.000,1,45
TRK,188142,0.41881,-0.77274,0.43973,-0.18466,0.5345,-0.2441,0.9269,0.000,0.000,0.000,1,45
TRK,188164,0.41877,-0.77276,0.43974,-0.18466,0.5345,-0.2441,0.9269,0.000,0.000,0.000,1,45
TRK,188183,0.41874,-0.77278,0.43973,-0.18468,0.5345,-0.2441,0.9269,0.000,0.000,0.000,1,45
TRK,188201,0.41863,-0.77284,0.43971,-0.18472,0.5345,-0.2441,0.9269,0.000,0.000,0.000,1,45
TRK,188221,0.41900,-0.77266,0.43952,-0.18506,0.5345,-0.2441,0.9269,0.000,0.000,0.000,1,45
TRK,188241,0.41850,-0.77291,0.43971,-0.18473,0.5345,-0.2441,0.9269,0.000,0.000,0.000,1,45
TRK,188262,0.41889,-0.77271,0.43965,-0.18483,0.5345,-0.2441,0.9269,0.000,0.000,0.000,1,45
TRK,188283,0.41873,-0.77278,0.43979,-0.18456,0.5345,-0.2441,0.9269,0.000,0.000,0.000,1,45
TRK,188302,0.41865,-0.77282,0.43985,-0.18445,0.5345,-0.2441,0.9269,0.000,0.000,0.000,1,45
TRK,188324,0.41872,-0.77278,0.43981,-0.18452,0.5345,-0.2441,0.9269,0.000,0.000,0.000,1,45
TRK,188342,0.41864,-0.77283,0.43975,-0.18466,0.5345,-0.2441,0.9269,0.000,0.000,0.000,1,45
TRK,188361,0.41898,-0.77268,0.43952,-0.18507,0.5345,-0.2441,0.9269,0.000,0.000,0.000,1,45
TRK,188384,0.41870,-0.77282,0.43954,-0.18506,0.5345,-0.2441,0.9269,0.000,0.000,0.000,1,45
TRK,188403,0.41878,-0.77278,0.43951,-0.18509,0.5345,-0.2441,0.9269,0.000,0.000,0.000,1,45
TRK,188423,0.41871,-0.77281,0.43961,-0.18492,0.5345,-0.2441,0.9269,0.000,0.000,0.000,1,45
TRK,188441,0.41869,-0.77280,0.43972,-0.18469,0.5345,-0.2441,0.9269,0.000,0.000,0.000,1,45
TRK,188461,0.41866,-0.77281,0.43985,-0.18446,0.5345,-0.2441,0.9269,0.000,0.000,0.000,1,45
TRK,188483,0.41873,-0.77277,0.43983,-0.18448,0.5345,-0.2441,0.9269,0.000,0.000,0.000,1,45
TRK,188501,0.41876,-0.77277,0.43974,-0.18466,0.5345,-0.2441,0.9269,0.000,0.000,0.000,1,45
TRK,188523,0.41890,-0.77271,0.43960,-0.18492,0.5345,-0.2441,0.9269,0.000,0.000,0.000,1,45
TRK,188542,0.41885,-0.77274,0.43957,-0.18498,0.5345,-0.2441,0.9269,0.000,0.000,0.000,1,45
TRK,188562,0.41875,-0.77279,0.43959,-0.18494,0.5345,-0.2441,0.9269,0.000,0.000,0.000,1,45
TRK,188584,0.41880,-0.77275,0.43967,-0.18479,0.5345,-0.2441,0.9269,0.000,0.000,0.000,1,45
TRK,188604,0.41853,-0.77287,0.43987,-0.18443,0.5345,-0.2441,0.9269,0.000,0.000,0.000,1,45
TRK,188624,0.41865,-0.77281,0.43986,-0.18442,0.5345,-0.2441,0.9269,0.000,0.000,0.000,1,45
TRK,188642,0.41879,-0.77275,0.43976,-0.18462,0.5345,-0.2441,0.9269,0.000,0.000,0.000,1,45
TRK,188662,0.41853,-0.77288,0.43978,-0.18460,0.5345,-0.2441,0.9269,0.000,0.000,0.000,1,45
STAT,404.0,400.5,0,0,0,0.0643,1.900,0.0445,0.0967,-0.0500,9.6832,4.17,0.000
TRK,188684,0.41885,-0.77274,0.43956,-0.18501,0.5345,-0.2441,0.9269,0.000,0.000,0.000,1,45
TRK,188704,0.41856,-0.77288,0.43964,-0.18487,0.5345,-0.2441,0.9269,0.000,0.000,0.000,1,45
TRK,188723,0.41891,-0.77270,0.43960,-0.18492,0.5345,-0.2441,0.9269,0.000,0.000,0.000,1,45
TRK,188742,0.41889,-0.77270,0.43972,-0.18469,0.5345,-0.2441,0.9269,0.000,0.000,0.000,1,45
TRK,188761,0.41857,-0.77284,0.43995,-0.18427,0.5345,-0.2441,0.9269,0.000,0.000,0.000,1,45
TRK,188783,0.41893,-0.77267,0.43988,-0.18437,0.5345,-0.2441,0.9269,0.000,0.000,0.000,1,45
TRK,188802,0.41862,-0.77282,0.43996,-0.18424,0.5345,-0.2441,0.9269,0.000,0.000,0.000,1,45
TRK,188824,0.41878,-0.77276,0.43976,-0.18462,0.5345,-0.2441,0.9269,0.000,0.000,0.000,1,45
TRK,188842,0.41860,-0.77285,0.43971,-0.18474,0.5345,-0.2441,0.9269,0.000,0.000,0.000,1,45
TRK,188864,0.41857,-0.77288,0.43963,-0.18489,0.5345,-0.2441,0.9269,0.000,0.000,0.000,1,45
TRK,188882,0.41865,-0.77284,0.43959,-0.18496,0.5345,-0.2441,0.9269,0.000,0.000,0.000,1,45
TRK,188904,0.41842,-0.77294,0.43977,-0.18464,0.5345,-0.2441,0.9269,0.000,0.000,0.000,1,45
TRK,188922,0.41857,-0.77286,0.43981,-0.18453,0.5345,-0.2441,0.9269,0.000,0.000,0.000,1,45
TRK,188944,0.41858,-0.77284,0.43991,-0.18434,0.5345,-0.2441,0.9269,0.000,0.000,0.000,1,45
TRK,188963,0.41857,-0.77285,0.43992,-0.18433,0.5345,-0.2441,0.9269,0.000,0.000,0.000,1,45
TRK,188981,0.41866,-0.77281,0.43984,-0.18448,0.5345,-0.2441,0.9269,0.000,0.000,0.000,1,45
TRK,189001,0.41860,-0.77285,0.43979,-0.18457,0.5345,-0.2441,0.9269,0.000,0.000,0.000,1,45
TRK,189021,0.41871,-0.77279,0.43973,-0.18468,0.5345,-0.2441,0.9269,0.000,0.000,0.000,1,45
TRK,189043,0.41871,-0.77279,0.43980,-0.18455,0.5345,-0.2441,0.9269,0.000,0.000,0.000,1,45
TRK,189062,0.41853,-0.77286,0.43993,-0.18430,0.5345,-0.2441,0.9269,0.000,0.000,0.000,1,45
TRK,189083,0.41856,-0.77284,0.44003,-0.18411,0.5345,-0.2441,0.9269,0.000,0.000,0.000,1,45
TRK,189104,0.41840,-0.77292,0.44011,-0.18396,0.5345,-0.2441,0.9269,0.000,0.000,0.000,1,45
TRK,189122,0.41818,-0.77303,0.44016,-0.18390,0.5345,-0.2441,0.9269,0.000,0.000,0.000,1,45
TRK,189142,0.41855,-0.77286,0.43988,-0.18440,0.5345,-0.2441,0.9269,0.000,0.000,0.000,1,45
TRK,189162,0.41818,-0.77305,0.43988,-0.18445,0.5345,-0.2441,0.9269,0.000,0.000,0.000,1,45
TRK,189183,0.41850,-0.77291,0.43966,-0.18484,0.5345,-0.2441,0.9269,0.000,0.000,0.000,1,45
TRK,189203,0.41831,-0.77300,0.43970,-0.18478,0.5345,-0.2441,0.9269,0.000,0.000,0.000,1,45
TRK,189223,0.41850,-0.77291,0.43970,-0.18476,0.5345,-0.2441,0.9269,0.000,0.000,0.000,1,45
TRK,189243,0.41852,-0.77289,0.43979,-0.18459,0.5345,-0.2441,0.9269,0.000,0.000,0.000,1,45
TRK,189261,0.41803,-0.77311,0.44007,-0.18408,0.5345,-0.2441,0.9269,0.000,0.000,0.000,1,45
TRK,189281,0.41841,-0.77293,0.43993,-0.18432,0.5345,-0.2441,0.9269,0.000,0.000,0.000,1,45
TRK,189303,0.41816,-0.77305,0.43996,-0.18429,0.5345,-0.2441,0.9269,0.000,0.000,0.000,1,45
TRK,189323,0.41836,-0.77297,0.43978,-0.18461,0.5345,-0.2441,0.9269,0.000,0.000,0.000,1,45
TRK,189342,0.41822,-0.77305,0.43976,-0.18468,0.5345,-0.2441,0.9269,0.000,0.000,0.000,1,45
TRK,189364,0.41838,-0.77297,0.43967,-0.18483,0.5345,-0.2441,0.9269,0.000,0.000,0.000,1,45
TRK,189382,0.41824,-0.77303,0.43978,-0.18464,0.5345,-0.2441,0.9269,0.000,0.000,0.000,1,45
TRK,189401,0.41823,-0.77303,0.43983,-0.18454,0.5345,-0.2441,0.9269,0.000,0.000,0.000,1,45
TRK,189421,0.41806,-0.77310,0.43998,-0.18426,0.5345,-0.2441,0.9269,0.000,0.000,0.000,1,45
TRK,189442,0.41820,-0.77303,0.43999,-0.18423,0.5345,-0.2441,0.9269,0.000,0.000,0.000,1,45
TRK,189464,0.41826,-0.77300,0.43998,-0.18425,0.5345,-0.2441,0.9269,0.000,0.000,0.000,1,45
TRK,189483,0.41810,-0.77309,0.43997,-0.18428,0.5345,-0.2441,0.9269,0.000,0.000,0.000,1,45
TRK,189501,0.41857,-0.77287,0.43973,-0.18469,0.5345,-0.2441,0.9269,0.000,0.000,0.000,1,45
TRK,189523,0.41801,-0.77314,0.43993,-0.18437,0.5345,-0.2441,0.9269,0.000,0.000,0.000,1,45
TRK,189541,0.41833,-0.77298,0.43983,-0.18452,0.5345,-0.2441,0.9269,0.000,0.000,0.000,1,45
TRK,189563,0.41815,-0.77306,0.43998,-0.18426,0.5345,-0.2441,0.9269,0.000,0.000,0.000,1,45
TRK,189583,0.41805,-0.77310,0.44006,-0.18410,0.5345,-0.2441,0.9269,0.000,0.000,0.000,1,45
TRK,189603,0.41824,-0.77301,0.43999,-0.18423,0.5345,-0.2441,0.9269,0.000,0.000,0.000,1,45
TRK,189622,0.41798,-0.77314,0.44002,-0.18418,0.5345,-0.2441,0.9269,0.000,0.000,0.000,1,45
TRK,189644,0.41836,-0.77297,0.43982,-0.18455,0.5345,-0.2441,0.9269,0.000,0.000,0.000,1,45
TRK,189662,0.41824,-0.77302,0.43984,-0.18452,0.5345,-0.2441,0.9269,0.000,0.000,0.000,1,45
STAT,404.0,400.5,0,0,0,0.0561,1.923,0.0442,0.0983,-0.0493,9.6882,4.17,0.000
TRK,189682,0.41817,-0.77306,0.43989,-0.18443,0.5345,-0.2441,0.9269,0.000,0.000,0.000,1,45
TRK,189702,0.41832,-0.77298,0.43990,-0.18440,0.5345,-0.2441,0.9269,0.000,0.000,0.000,1,45
TRK,189723,0.41819,-0.77304,0.43998,-0.18424,0.5345,-0.2441,0.9269,0.000,0.000,0.000,1,45
TRK,189743,0.41819,-0.77304,0.43999,-0.18423,0.5345,-0.2441,0.9269,0.000,0.000,0.000,1,45
TRK,189761,0.41811,-0.77308,0.43997,-0.18427,0.5345,-0.2441,0.9269,0.000,0.000,0.000,1,45
TRK,189783,0.41815,-0.77307,0.43990,-0.18441,0.5345,-0.2441,0.9269,0.000,0.000,0.000,1,45
TRK,189802,0.41820,-0.77305,0.43979,-0.18462,0.5345,-0.2441,0.9269,0.000,0.000,0.000,1,45
TRK,189823,0.41807,-0.77312,0.43980,-0.18461,0.5345,-0.2441,0.9269,0.000,0.000,0.000,1,45
TRK,189843,0.41807,-0.77312,0.43984,-0.18454,0.5345,-0.2441,0.9269,0.000,0.000,0.000,1,45
TRK,189862,0.41808,-0.77311,0.43989,-0.18444,0.5345,-0.2441,0.9269,0.000,0.000,0.000,1,45
TRK,189881,0.41807,-0.77310,0.43997,-0.18428,0.5345,-0.2441,0.9269,0.000,0.000,0.000,1,45
TRK,189901,0.41803,-0.77311,0.44002,-0.18418,0.5345,-0.2441,0.9269,0.000,0.000,0.000,1,45
TRK,189924,0.41808,-0.77309,0.43997,-0.18427,0.5345,-0.2441,0.9269,0.000,0.000,0.000,1,45
TRK,189943,0.41815,-0.77306,0.43990,-0.18440,0.5345,-0.2441,0.9269,0.000,0.000,0.000,1,45
TRK,189963,0.41825,-0.77302,0.43982,-0.18455,0.5345,-0.2441,0.9269,0.000,0.000,0.000,1,45
TRK,189981,0.41822,-0.77304,0.43982,-0.18455,0.5345,-0.2441,0.9269,0.000,0.000,0.000,1,45
TRK,190001,0.41821,-0.77304,0.43987,-0.18447,0.5345,-0.2441,0.9269,0.000,0.000,0.000,1,45
TRK,190023,0.41822,-0.77303,0.43989,-0.18443,0.5345,-0.2441,0.9269,0.000,0.000,0.000,1,45
TRK,190041,0.41811,-0.77308,0.43999,-0.18424,0.5345,-0.2441,0.9269,0.000,0.000,0.000,1,45
TRK,190063,0.41823,-0.77302,0.43995,-0.18431,0.5345,-0.2441,0.9269,0.000,0.000,0.000,1,45
TRK,190082,0.41821,-0.77303,0.43994,-0.18432,0.5345,-0.2441,0.9269,0.000,0.000,0.000,1,45
TRK,190102,0.41829,-0.77300,0.43988,-0.18444,0.5345,-0.2441,0.9269,0.000,0.000,0.000,1,45
TRK,190124,0.41831,-0.77299,0.43983,-0.18453,0.5345,-0.2441,0.9269,0.000,0.000,0.000,1,45
TRK,190144,0.41826,-0.77301,0.43985,-0.18449,0.5345,-0.2441,0.9269,0.000,0.000,0.000,1,45
TRK,190164,0.41833,-0.77298,0.43987,-0.18444,0.5345,-0.2441,0.9269,0.000,0.000,0.000,1,45
TRK,190182,0.41817,-0.77304,0.44001,-0.18418,0.5345,-0.2441,0.9269,0.000,0.000,0.000,1,45
TRK,190202,0.41816,-0.77304,0.44009,-0.18403,0.5345,-0.2441,0.9269,0.000,0.000,0.000,1,45
TRK,190224,0.41824,-0.77300,0.44010,-0.18401,0.5345,-0.2441,0.9269,0.000,0.000,0.000,1,45
TRK,190244,0.41803,-0.77310,0.44015,-0.18393,0.5345,-0.2441,0.9269,0.000,0.000,0.000,1,45
TRK,190263,0.41825,-0.77300,0.44002,-0.18417,0.5345,-0.2441,0.9269,0.000,0.000,0.000,1,45
TRK,190282,0.41856,-0.77286,0.43985,-0.18447,0.5345,-0.2441,0.9269,0.000,0.000,0.000,1,45
TRK,190301,0.41808,-0.77309,0.44000,-0.18422,0.5345,-0.2441,0.9269,0.000,0.000,0.000,1,45
TRK,190323,0.41846,-0.77291,0.43989,-0.18439,0.5345,-0.2441,0.9269,0.000,0.000,0.000,1,45
TRK,190342,0.41801,-0.77312,0.44007,-0.18408,0.5345,-0.2441,0.9269,0.000,0.000,0.000,1,45
TRK,190363,0.41840,-0.77293,0.43995,-0.18428,0.5345,-0.2441,0.9269,0.000,0.000,0.000,1,45
TRK,190384,0.41823,-0.77302,0.43999,-0.18422,0.5345,-0.2441,0.9269,0.000,0.000,0.000,1,45
TRK,190402,0.41779,-0.77323,0.44011,-0.18403,0.5345,-0.2441,0.9269,0.000,0.000,0.000,1,45
TRK,190424,0.41844,-0.77293,0.43978,-0.18461,0.5345,-0.2441,0.9269,0.000,0.000,0.000,1,45
TRK,190442,0.41801,-0.77314,0.43990,-0.18442,0.5345,-0.2441,0.9269,0.000,0.000,0.000,1,45
TRK,190464,0.41824,-0.77303,0.43982,-0.18456,0.5345,-0.2441,0.9269,0.000,0.000,0.000,1,45
TRK,190482,0.41814,-0.77308,0.43987,-0.18446,0.5345,-0.2441,0.9269,0.000,0.000,0.000,1,45
TRK,190504,0.41803,-0.77312,0.43995,-0.18432,0.5345,-0.2441,0.9269,0.000,0.000,0.000,1,45
TRK,190524,0.41818,-0.77305,0.43991,-0.18439,0.5345,-0.2441,0.9269,0.000,0.000,0.000,1,45
TRK,190543,0.41781,-0.77323,0.44001,-0.18422,0.5345,-0.2441,0.9269,0.000,0.000,0.000,1,45
TRK,190562,0.41798,-0.77316,0.43987,-0.18449,0.5345,-0.2441,0.9269,0.000,0.000,0.000,1,45
TRK,190584,0.41815,-0.77308,0.43975,-0.18470,0.5345,-0.2441,0.9269,0.000,0.000,0.000,1,45
TRK,190603,0.41804,-0.77313,0.43977,-0.18467,0.5345,-0.2441,0.9269,0.000,0.000,0.000,1,45
TRK,190622,0.41827,-0.77302,0.43972,-0.18475,0.5345,-0.2441,0.9269,0.000,0.000,0.000,1,45
TRK,190644,0.41819,-0.77305,0.43984,-0.18452,0.5345,-0.2441,0.9269,0.000,0.000,0.000,1,45
TRK,190662,0.41831,-0.77299,0.43987,-0.18444,0.5345,-0.2441,0.9269,0.000,0.000,0.000,1,45
STAT,403.8,400.8,0,0,0,0.0401,1.291,0.0551,0.1076,-0.0415,9.6838,4.17,0.000
TRK,190684,0.41832,-0.77298,0.43992,-0.18436,0.5345,-0.2441,0.9269,0.000,0.000,0.000,1,45
TRK,190702,0.41811,-0.77308,0.43999,-0.18424,0.5345,-0.2441,0.9269,0.000,0.000,0.000,1,45
TRK,190724,0.41837,-0.77296,0.43983,-0.18453,0.5345,-0.2441,0.9269,0.000,0.000,0.000,1,45
TRK,190744,0.41817,-0.77306,0.43984,-0.18453,0.5345,-0.2441,0.9269,0.000,0.000,0.000,1,45
TRK,190764,0.41824,-0.77303,0.43977,-0.18466,0.5345,-0.2441,0.9269,0.000,0.000,0.000,1,45
TRK,190784,0.41825,-0.77303,0.43976,-0.18467,0.5345,-0.2441,0.9269,0.000,0.000,0.000,1,45
TRK,190803,0.41814,-0.77308,0.43983,-0.18455,0.5345,-0.2441,0.9269,0.000,0.000,0.000,1,45
TRK,190822,0.41828,-0.77301,0.43984,-0.18451,0.5345,-0.2441,0.9269,0.000,0.000,0.000,1,45
TRK,190842,0.41803,-0.77312,0.43996,-0.18429,0.5345,-0.2441,0.9269,0.000,0.000,0.000,1,45
TRK,190864,0.41816,-0.77306,0.43994,-0.18433,0.5345,-0.2441,0.9269,0.000,0.000,0.000,1,45
TRK,190884,0.41816,-0.77306,0.43994,-0.18432,0.5345,-0.2441,0.9269,0.000,0.000,0.000,1,45
TRK,190902,0.41813,-0.77307,0.43994,-0.18434,0.5345,-0.2441,0.9269,0.000,0.000,0.000,1,45
TRK,190922,0.41822,-0.77304,0.43985,-0.18451,0.5345,-0.2441,0.9269,0.000,0.000,0.000,1,45
TRK,190944,0.41817,-0.77306,0.43987,-0.18447,0.5345,-0.2441,0.9269,0.000,0.000,0.000,1,45
TRK,190962,0.41822,-0.77304,0.43988,-0.18445,0.5345,-0.2441,0.9269,0.000,0.000,0.000,1,45
TRK,190984,0.41806,-0.77311,0.43995,-0.18431,0.5345,-0.2441,0.9269,0.000,0.000,0.000,1,45
TRK,191003,0.41800,-0.77313,0.44001,-0.18421,0.5345,-0.2441,0.9269,0.000,0.000,0.000,1,45
TRK,191021,0.41805,-0.77311,0.43999,-0.18424,0.5345,-0.2441,0.9269,0.000,0.000,0.000,1,45
TRK,191043,0.41809,-0.77309,0.43995,-0.18432,0.5345,-0.2441,0.9269,0.000,0.000,0.000,1,45
TRK,191061,0.41803,-0.77313,0.43990,-0.18441,0.5345,-0.2441,0.9269,0.000,0.000,0.000,1,45
TRK,191083,0.41816,-0.77307,0.43983,-0.18455,0.5345,-0.2441,0.9269,0.000,0.000,0.000,1,45
TRK,191102,0.41810,-0.77310,0.43984,-0.18453,0.5345,-0.2441,0.9269,0.000,0.000,0.000,1,45
TRK,191124,0.41815,-0.77307,0.43989,-0.18444,0.5345,-0.2441,0.9269,0.000,0.000,0.000,1,45
TRK,191144,0.41806,-0.77310,0.44000,-0.18421,0.5345,-0.2441,0.9269,0.000,0.000,0.000,1,45
TRK,191162,0.41802,-0.77312,0.44008,-0.18408,0.5345,-0.2441,0.9269,0.000,0.000,0.000,1,45
TRK,191182,0.41810,-0.77307,0.44011,-0.18401,0.5345,-0.2441,0.9269,0.000,0.000,0.000,1,45
TRK,191202,0.41811,-0.77307,0.44006,-0.18410,0.5345,-0.2441,0.9269,0.000,0.000,0.000,1,45
TRK,191222,0.41812,-0.77307,0.44000,-0.18422,0.5345,-0.2441,0.9269,0.000,0.000,0.000,1,45
TRK,191244,0.41828,-0.77300,0.43989,-0.18441,0.5345,-0.2441,0.9269,0.000,0.000,0.000,1,45
TRK,191263,0.41827,-0.77300,0.43992,-0.18436,0.5345,-0.2441,0.9269,0.000,0.000,0.000,1,45
TRK,191284,0.41829,-0.77299,0.43993,-0.18434,0.5345,-0.2441,0.9269,0.000,0.000,0.000,1,45
TRK,191301,0.41818,-0.77304,0.44001,-0.18419,0.5345,-0.2441,0.9269,0.000,0.000,0.000,1,45
TRK,191321,0.41819,-0.77303,0.44004,-0.18414,0.5345,-0.2441,0.9269,0.000,0.000,0.000,1,45
TRK,191342,0.41823,-0.77302,0.43999,-0.18423,0.5345,-0.2441,0.9269,0.000,0.000,0.000,1,45
TRK,191362,0.41805,-0.77311,0.43997,-0.18428,0.5345,-0.2441,0.9269,0.000,0.000,0.000,1,45
TRK,191382,0.41818,-0.77305,0.43988,-0.18445,0.5345,-0.2441,0.9269,0.000,0.000,0.000,1,45
TRK,191402,0.41808,-0.77311,0.43986,-0.18450,0.5345,-0.2441,0.9269,0.000,0.000,0.000,1,45
TRK,191424,0.41827,-0.77302,0.43977,-0.18465,0.5345,-0.2441,0.9269,0.000,0.000,0.000,1,45
TRK,191444,0.41807,-0.77311,0.43985,-0.18451,0.5345,-0.2441,0.9269,0.000,0.000,0.000,1,45
TRK,191464,0.41815,-0.77307,0.43987,-0.18447,0.5345,-0.2441,0.9269,0.000,0.000,0.000,1,45
TRK,191484,0.41807,-0.77311,0.43991,-0.18440,0.5345,-0.2441,0.9269,0.000,0.000,0.000,1,45
TRK,191504,0.41796,-0.77316,0.43995,-0.18434,0.5345,-0.2441,0.9269,0.000,0.000,0.000,1,45
TRK,191523,0.41803,-0.77313,0.43992,-0.18438,0.5345,-0.2441,0.9269,0.000,0.000,0.000,1,45
TRK,191543,0.41790,-0.77319,0.43999,-0.18426,0.5345,-0.2441,0.9269,0.000,0.000,0.000,1,45
TRK,191561,0.41808,-0.77310,0.43991,-0.18439,0.5345,-0.2441,0.9269,0.000,0.000,0.000,1,45
TRK,191582,0.41787,-0.77320,0.43997,-0.18430,0.5345,-0.2441,0.9269,0.000,0.000,0.000,1,45
TRK,191601,0.41782,-0.77323,0.43999,-0.18427,0.5345,-0.2441,0.9269,0.000,0.000,0.000,1,45
TRK,191622,0.41787,-0.77320,0.43996,-0.18433,0.5345,-0.2441,0.9269,0.000,0.000,0.000,1,45
TRK,191644,0.41779,-0.77324,0.44001,-0.18422,0.5345,-0.2441,0.9269,0.000,0.000,0.000,1,45
TRK,191664,0.41795,-0.77316,0.43996,-0.18431,0.5345,-0.2441,0.9269,0.000,0.000,0.000,1,45
STAT,403.8,400.8,0,0,0,0.0420,1.719,0.0661,0.1136,-0.0520,9.6828,4.17,0.000
TRK,191682,0.41770,-0.77328,0.44004,-0.18417,0.5345,-0.2441,0.9269,0.000,0.000,0.000,1,45
TRK,191704,0.41803,-0.77313,0.43988,-0.18446,0.5345,-0.2441,0.9269,0.000,0.000,0.000,1,45
TRK,191722,0.41795,-0.77317,0.43988,-0.18446,0.5345,-0.2441,0.9269,0.000,0.000,0.000,1,45
TRK,191744,0.41785,-0.77322,0.43991,-0.18442,0.5345,-0.2441,0.9269,0.000,0.000,0.000,1,45
TRK,191763,0.41795,-0.77317,0.43989,-0.18444,0.5345,-0.2441,0.9269,0.000,0.000,0.000,1,45
TRK,191783,0.41792,-0.77318,0.43999,-0.18425,0.5345,-0.2441,0.9269,0.000,0.000,0.000,1,45
TRK,191803,0.41806,-0.77310,0.44001,-0.18420,0.5345,-0.2441,0.9269,0.000,0.000,0.000,1,45
TRK,191823,0.41794,-0.77315,0.44010,-0.18405,0.5345,-0.2441,0.9269,0.000,0.000,0.000,1,45
TRK,191843,0.41793,-0.77316,0.44007,-0.18409,0.5345,-0.2441,0.9269,0.000,0.000,0.000,1,45
TRK,191863,0.41804,-0.77311,0.44001,-0.18421,0.5345,-0.2441,0.9269,0.000,0.000,0.000,1,45
TRK,191882,0.41778,-0.77324,0.44007,-0.18411,0.5345,-0.2441,0.9269,0.000,0.000,0.000,1,45
TRK,191902,0.41800,-0.77313,0.44000,-0.18422,0.5345,-0.2441,0.9269,0.000,0.000,0.000,1,45
TRK,191924,0.41793,-0.77316,0.44007,-0.18409,0.5345,-0.2441,0.9269,0.000,0.000,0.000,1,45
TRK,191942,0.41788,-0.77319,0.44012,-0.18400,0.5345,-0.2441,0.9269,0.000,0.000,0.000,1,45
TRK,191964,0.41792,-0.77317,0.44009,-0.18405,0.5345,-0.2441,0.9269,0.000,0.000,0.000,1,45
TRK,191983,0.41787,-0.77319,0.44008,-0.18408,0.5345,-0.2441,0.9269,0.000,0.000,0.000,1,45
TRK,192001,0.41797,-0.77315,0.44000,-0.18424,0.5345,-0.2441,0.9269,0.000,0.000,0.000,1,45
TRK,192021,0.41792,-0.77318,0.43998,-0.18428,0.5345,-0.2441,0.9269,0.000,0.000,0.000,1,45
TRK,192041,0.41785,-0.77321,0.44000,-0.18424,0.5345,-0.2441,0.9269,0.000,0.000,0.000,1,45
TRK,192061,0.41794,-0.77316,0.44001,-0.18422,0.5345,-0.2441,0.9269,0.000,0.000,0.000,1,45
TRK,192081,0.41787,-0.77320,0.44005,-0.18414,0.5345,-0.2441,0.9269,0.000,0.000,0.000,1,45
TRK,192103,0.41782,-0.77322,0.44008,-0.18410,0.5345,-0.2441,0.9269,0.000,0.000,0.000,1,45
TRK,192122,0.41783,-0.77321,0.44006,-0.18413,0.5345,-0.2441,0.9269,0.000,0.000,0.000,1,45
TRK,192140,0.41786,-0.77320,0.44001,-0.18422,0.5345,-0.2441,0.9269,0.000,0.000,0.000,1,45
TRK,192162,0.41787,-0.77321,0.43993,-0.18438,0.5345,-0.2441,0.9269,0.000,0.000,0.000,1,45
TRK,192184,0.41786,-0.77322,0.43989,-0.18445,0.5345,-0.2441,0.9269,0.000,0.000,0.000,1,45
TRK,192202,0.41791,-0.77319,0.43990,-0.18443,0.5345,-0.2441,0.9269,0.000,0.000,0.000,1,45
TRK,192224,0.41790,-0.77319,0.43997,-0.18429,0.5345,-0.2441,0.9269,0.000,0.000,0.000,1,45
TRK,192243,0.41787,-0.77320,0.44003,-0.18418,0.5345,-0.2441,0.9269,0.000,0.000,0.000,1,45
TRK,192263,0.41780,-0.77322,0.44013,-0.18399,0.5345,-0.2441,0.9269,0.000,0.000,0.000,1,45
TRK,192283,0.41785,-0.77320,0.44011,-0.18403,0.5345,-0.2441,0.9269,0.000,0.000,0.000,1,45
TRK,192303,0.41775,-0.77325,0.44011,-0.18404,0.5345,-0.2441,0.9269,0.000,0.000,0.000,1,45
TRK,192324,0.41798,-0.77314,0.43999,-0.18425,0.5345,-0.2441,0.9269,0.000,0.000,0.000,1,45
TRK,192344,0.41781,-0.77322,0.44004,-0.18416,0.5345,-0.2441,0.9269,0.000,0.000,0.000,1,45
TRK,192364,0.41797,-0.77315,0.43999,-0.18425,0.5345,-0.2441,0.9269,0.000,0.000,0.000,1,45
TRK,192382,0.41796,-0.77315,0.44002,-0.18419,0.5345,-0.2441,0.9269,0.000,0.000,0.000,1,45
TRK,192403,0.41785,-0.77321,0.44006,-0.18413,0.5345,-0.2441,0.9269,0.000,0.000,0.000,1,45
TRK,192422,0.41813,-0.77307,0.43995,-0.18432,0.5345,-0.2441,0.9269,0.000,0.000,0.000,1,45
TRK,192444,0.41785,-0.77321,0.44002,-0.18420,0.5345,-0.2441,0.9269,0.000,0.000,0.000,1,45
TRK,192462,0.41815,-0.77307,0.43985,-0.18451,0.5345,-0.2441,0.9269,0.000,0.000,0.000,1,45
TRK,192482,0.41798,-0.77316,0.43989,-0.18444,0.5345,-0.2441,0.9269,0.000,0.000,0.000,1,45
TRK,192502,0.41812,-0.77309,0.43986,-0.18449,0.5345,-0.2441,0.9269,0.000,0.000,0.000,1,45
TRK,192523,0.41804,-0.77312,0.43995,-0.18432,0.5345,-0.2441,0.9269,0.000,0.000,0.000,1,45
TRK,192544,0.41800,-0.77313,0.44001,-0.18420,0.5345,-0.2441,0.9269,0.000,0.000,0.000,1,45
TRK,192563,0.41814,-0.77306,0.43998,-0.18426,0.5345,-0.2441,0.9269,0.000,0.000,0.000,1,45
TRK,192582,0.41792,-0.77317,0.44004,-0.18415,0.5345,-0.2441,0.9269,0.000,0.000,0.000,1,45
TRK,192602,0.41817,-0.77306,0.43990,-0.18441,0.5345,-0.2441,0.9269,0.000,0.000,0.000,1,45
TRK,192622,0.41804,-0.77312,0.43990,-0.18442,0.5345,-0.2441,0.9269,0.000,0.000,0.000,1,45
TRK,192644,0.41840,-0.77296,0.43972,-0.18475,0.5345,-0.2441,0.9269,0.000,0.000,0.000,1,45
TRK,192662,0.41814,-0.77308,0.43979,-0.18462,0.5345,-0.2441,0.9269,0.000,0.000,0.000,1,45
STAT,403.9,400.4,0,0,0,0.0464,1.943,0.0779,0.1179,-0.0530,9.6805,4.17,0.000
TRK,192682,0.41811,-0.77309,0.43985,-0.18451,0.5345,-0.2441,0.9269,0.000,0.000,0.000,1,45
TRK,192704,0.41817,-0.77306,0.43989,-0.18443,0.5345,-0.2441,0.9269,0.000,0.000,0.000,1,45
TRK,192722,0.41819,-0.77304,0.43993,-0.18436,0.5345,-0.2441,0.9269,0.000,0.000,0.000,1,45
TRK,192742,0.41815,-0.77306,0.43996,-0.18430,0.5345,-0.2441,0.9269,0.000,0.000,0.000,1,45
TRK,192762,0.41808,-0.77310,0.43997,-0.18428,0.5345,-0.2441,0.9269,0.000,0.000,0.000,1,45
TRK,192784,0.41816,-0.77306,0.43995,-0.18432,0.5345,-0.2441,0.9269,0.000,0.000,0.000,1,45
TRK,192804,0.41830,-0.77298,0.43993,-0.18434,0.5345,-0.2441,0.9269,0.000,0.000,0.000,1,45
TRK,192824,0.41819,-0.77304,0.44000,-0.18421,0.5345,-0.2441,0.9269,0.000,0.000,0.000,1,45
TRK,192841,0.41818,-0.77304,0.44002,-0.18417,0.5345,-0.2441,0.9269,0.000,0.000,0.000,1,45
TRK,192861,0.41828,-0.77299,0.43996,-0.18428,0.5345,-0.2441,0.9269,0.000,0.000,0.000,1,45
TRK,192882,0.41821,-0.77303,0.43994,-0.18433,0.5345,-0.2441,0.9269,0.000,0.000,0.000,1,45
TRK,192902,0.41825,-0.77301,0.43988,-0.18443,0.5345,-0.2441,0.9269,0.000,0.000,0.000,1,45
TRK,192922,0.41822,-0.77303,0.43987,-0.18447,0.5345,-0.2441,0.9269,0.000,0.000,0.000,1,45
TRK,192944,0.41832,-0.77299,0.43984,-0.18450,0.5345,-0.2441,0.9269,0.000,0.000,0.000,1,45
TRK,192964,0.41827,-0.77301,0.43990,-0.18439,0.5345,-0.2441,0.9269,0.000,0.000,0.000,1,45
TRK,192984,0.41825,-0.77301,0.43994,-0.18432,0.5345,-0.2441,0.9269,0.000,0.000,0.000,1,45
TRK,193003,0.41825,-0.77301,0.43995,-0.18430,0.5345,-0.2441,0.9269,0.000,0.000,0.000,1,45
TRK,193022,0.41820,-0.77304,0.43995,-0.18430,0.5345,-0.2441,0.9269,0.000,0.000,0.000,1,45
TRK,193044,0.41813,-0.77307,0.43993,-0.18434,0.5345,-0.2441,0.9269,0.000,0.000,0.000,1,45
TRK,193063,0.41807,-0.77310,0.43992,-0.18437,0.5345,-0.2441,0.9269,0.000,0.000,0.000,1,45
TRK,193083,0.41811,-0.77309,0.43990,-0.18441,0.5345,-0.2441,0.9269,0.000,0.000,0.000,1,45
TRK,193102,0.41804,-0.77312,0.43993,-0.18436,0.5345,-0.2441,0.9269,0.000,0.000,0.000,1,45
TRK,193123,0.41793,-0.77317,0.44001,-0.18421,0.5345,-0.2441,0.9269,0.000,0.000,0.000,1,45
TRK,193142,0.41800,-0.77313,0.44003,-0.18417,0.5345,-0.2441,0.9269,0.000,0.000,0.000,1,45
TRK,193163,0.41798,-0.77314,0.44008,-0.18407,0.5345,-0.2441,0.9269,0.000,0.000,0.000,1,45
TRK,193182,0.41802,-0.77312,0.44007,-0.18410,0.5345,-0.2441,0.9269,0.000,0.000,0.000,1,45
TRK,193204,0.41780,-0.77322,0.44011,-0.18404,0.5345,-0.2441,0.9269,0.000,0.000,0.000,1,45
TRK,193222,0.41794,-0.77316,0.44003,-0.18418,0.5345,-0.2441,0.9269,0.000,0.000,0.000,1,45
TRK,193244,0.41811,-0.77308,0.43991,-0.18439,0.5345,-0.2441,0.9269,0.000,0.000,0.000,1,45
TRK,193262,0.41794,-0.77317,0.43998,-0.18428,0.5345,-0.2441,0.9269,0.000,0.000,0.000,1,45
TRK,193282,0.41804,-0.77311,0.44000,-0.18423,0.5345,-0.2441,0.9269,0.000,0.000,0.000,1,45
TRK,193304,0.41778,-0.77323,0.44014,-0.18398,0.5345,-0.2441,0.9269,0.000,0.000,0.000,1,45
TRK,193324,0.41802,-0.77311,0.44009,-0.18406,0.5345,-0.2441,0.9269,0.000,0.000,0.000,1,45
TRK,193343,0.41777,-0.77323,0.44020,-0.18386,0.5345,-0.2441,0.9269,0.000,0.000,0.000,1,45
TRK,193362,0.41784,-0.77320,0.44015,-0.18395,0.5345,-0.2441,0.9269,0.000,0.000,0.000,1,45
TRK,193384,0.41780,-0.77323,0.44009,-0.18407,0.5345,-0.2441,0.9269,0.000,0.000,0.000,1,45
TRK,193402,0.41775,-0.77326,0.44005,-0.18415,0.5345,-0.2441,0.9269,0.000,0.000,0.000,1,45
TRK,193423,0.41777,-0.77325,0.44001,-0.18424,0.5345,-0.2441,0.9269,0.000,0.000,0.000,1,45
TRK,193442,0.41764,-0.77331,0.44005,-0.18416,0.5345,-0.2441,0.9269,0.000,0.000,0.000,1,45
TRK,193464,0.41768,-0.77329,0.44005,-0.18417,0.5345,-0.2441,0.9269,0.000,0.000,0.000,1,45
TRK,193482,0.41762,-0.77332,0.44008,-0.18412,0.5345,-0.2441,0.9269,0.000,0.000,0.000,1,45
TRK,193504,0.41762,-0.77332,0.44005,-0.18417,0.5345,-0.2441,0.9269,0.000,0.000,0.000,1,45
TRK,193522,0.41768,-0.77330,0.43996,-0.18434,0.5345,-0.2441,0.9269,0.000,0.000,0.000,1,45
TRK,193544,0.41771,-0.77329,0.43988,-0.18450,0.5345,-0.2441,0.9269,0.000,0.000,0.000,1,45
TRK,193564,0.41775,-0.77327,0.43986,-0.18454,0.5345,-0.2441,0.9269,0.000,0.000,0.000,1,45
TRK,193584,0.41784,-0.77323,0.43982,-0.18459,0.5345,-0.2441,0.9269,0.000,0.000,0.000,1,45
TRK,193603,0.41756,-0.77336,0.43998,-0.18432,0.5345,-0.2441,0.9269,0.000,0.000,0.000,1,45
TRK,193622,0.41788,-0.77320,0.43992,-0.18441,0.5345,-0.2441,0.9269,0.000,0.000,0.000,1,45
TRK,193642,0.41780,-0.77324,0.43999,-0.18427,0.5345,-0.2441,0.9269,0.000,0.000,0.000,1,45
TRK,193662,0.41775,-0.77326,0.44000,-0.18426,0.5345,-0.2441,0.9269,0.000,0.000,0.000,1,45
STAT,403.9,400.4,0,0,0,0.0641,1.765,0.0843,0.1191,-0.0610,9.6843,4.17,0.000
TRK,193684,0.41792,-0.77318,0.43993,-0.18438,0.5345,-0.2441,0.9269,0.000,0.000,0.000,1,45
TRK,193702,0.41783,-0.77322,0.43998,-0.18430,0.5345,-0.2441,0.9269,0.000,0.000,0.000,1,45
TRK,193724,0.41807,-0.77311,0.43992,-0.18438,0.5345,-0.2441,0.9269,0.000,0.000,0.000,1,45
TRK,193742,0.41772,-0.77327,0.44010,-0.18407,0.5345,-0.2441,0.9269,0.000,0.000,0.000,1,45
TRK,193764,0.41804,-0.77311,0.44003,-0.18416,0.5345,-0.2441,0.9269,0.000,0.000,0.000,1,45
TRK,193783,0.41797,-0.77314,0.44008,-0.18407,0.5345,-0.2441,0.9269,0.000,0.000,0.000,1,45
TRK,193803,0.41792,-0.77316,0.44009,-0.18407,0.5345,-0.2441,0.9269,0.000,0.000,0.000,1,45
TRK,193823,0.41798,-0.77314,0.44001,-0.18421,0.5345,-0.2441,0.9269,0.000,0.000,0.000,1,45
TRK,193843,0.41795,-0.77316,0.43996,-0.18431,0.5345,-0.2441,0.9269,0.000,0.000,0.000,1,45
TRK,193861,0.41810,-0.77309,0.43991,-0.18440,0.5345,-0.2441,0.9269,0.000,0.000,0.000,1,45
TRK,193881,0.41795,-0.77316,0.44000,-0.18423,0.5345,-0.2441,0.9269,0.000,0.000,0.000,1,45
TRK,193901,0.41798,-0.77314,0.44005,-0.18413,0.5345,-0.2441,0.9269,0.000,0.000,0.000,1,45
TRK,193923,0.41805,-0.77310,0.44012,-0.18398,0.5345,-0.2441,0.9269,0.000,0.000,0.000,1,45
TRK,193942,0.41815,-0.77304,0.44014,-0.18395,0.5345,-0.2441,0.9269,0.000,0.000,0.000,1,45
TRK,193964,0.41804,-0.77309,0.44018,-0.18387,0.5345,-0.2441,0.9269,0.000,0.000,0.000,1,45
TRK,193984,0.41831,-0.77297,0.44004,-0.18413,0.5345,-0.2441,0.9269,0.000,0.000,0.000,1,45
TRK,194004,0.41818,-0.77304,0.44001,-0.18419,0.5345,-0.2441,0.9269,0.000,0.000,0.000,1,45
TRK,194023,0.41822,-0.77303,0.43993,-0.18435,0.5345,-0.2441,0.9269,0.000,0.000,0.000,1,45
TRK,194041,0.41811,-0.77308,0.43995,-0.18431,0.5345,-0.2441,0.9269,0.000,0.000,0.000,1,45
TRK,194063,0.41804,-0.77311,0.43999,-0.18425,0.5345,-0.2441,0.9269,0.000,0.000,0.000,1,45
TRK,194084,0.41799,-0.77314,0.44000,-0.18423,0.5345,-0.2441,0.9269,0.000,0.000,0.000,1,45
TRK,194103,0.41780,-0.77323,0.44009,-0.18408,0.5345,-0.2441,0.9269,0.000,0.000,0.000,1,45
TRK,194121,0.41798,-0.77314,0.44001,-0.18421,0.5345,-0.2441,0.9269,0.000,0.000,0.000,1,45
TRK,194143,0.41785,-0.77320,0.44004,-0.18418,0.5345,-0.2441,0.9269,0.000,0.000,0.000,1,45
TRK,194162,0.41803,-0.77313,0.43992,-0.18439,0.5345,-0.2441,0.9269,0.000,0.000,0.000,1,45
TRK,194183,0.41786,-0.77321,0.43994,-0.18435,0.5345,-0.2441,0.9269,0.000,0.000,0.000,1,45
TRK,194203,0.41792,-0.77318,0.43993,-0.18437,0.5345,-0.2441,0.9269,0.000,0.000,0.000,1,45
TRK,194222,0.41787,-0.77320,0.43998,-0.18429,0.5345,-0.2441,0.9269,0.000,0.000,0.000,1,45
TRK,194244,0.41782,-0.77322,0.44002,-0.18422,0.5345,-0.2441,0.9269,0.000,0.000,0.000,1,45
TRK,194263,0.41780,-0.77323,0.44004,-0.18417,0.5345,-0.2441,0.9269,0.000,0.000,0.000,1,45
TRK,194281,0.41775,-0.77326,0.44005,-0.18416,0.5345,-0.2441,0.9269,0.000,0.000,0.000,1,45
TRK,194303,0.41791,-0.77318,0.43998,-0.18427,0.5345,-0.2441,0.9269,0.000,0.000,0.000,1,45
TRK,194324,0.41782,-0.77323,0.44002,-0.18421,0.5345,-0.2441,0.9269,0.000,0.000,0.000,1,45
TRK,194343,0.41796,-0.77315,0.43998,-0.18428,0.5345,-0.2441,0.9269,0.000,0.000,0.000,1,45
TRK,194361,0.41778,-0.77324,0.44007,-0.18412,0.5345,-0.2441,0.9269,0.000,0.000,0.000,1,45
TRK,194381,0.41789,-0.77318,0.44005,-0.18415,0.5345,-0.2441,0.9269,0.000,0.000,0.000,1,45
TRK,194402,0.41778,-0.77324,0.44009,-0.18408,0.5345,-0.2441,0.9269,0.000,0.000,0.000,1,45
TRK,194422,0.41782,-0.77322,0.44007,-0.18411,0.5345,-0.2441,0.9269,0.000,0.000,0.000,1,45
TRK,194442,0.41787,-0.77320,0.44002,-0.18420,0.5345,-0.2441,0.9269,0.000,0.000,0.000,1,45
TRK,194462,0.41778,-0.77324,0.44003,-0.18419,0.5345,-0.2441,0.9269,0.000,0.000,0.000,1,45
TRK,194484,0.41793,-0.77317,0.43999,-0.18427,0.5345,-0.2441,0.9269,0.000,0.000,0.000,1,45
TRK,194504,0.41781,-0.77323,0.44004,-0.18417,0.5345,-0.2441,0.9269,0.000,0.000,0.000,1,45
TRK,194524,0.41792,-0.77317,0.44003,-0.18418,0.5345,-0.2441,0.9269,0.000,0.000,0.000,1,45
TRK,194544,0.41781,-0.77322,0.44009,-0.18407,0.5345,-0.2441,0.9269,0.000,0.000,0.000,1,45
TRK,194564,0.41789,-0.77318,0.44007,-0.18410,0.5345,-0.2441,0.9269,0.000,0.000,0.000,1,45
TRK,194584,0.41787,-0.77319,0.44007,-0.18410,0.5345,-0.2441,0.9269,0.000,0.000,0.000,1,45
TRK,194603,0.41787,-0.77320,0.44005,-0.18415,0.5345,-0.2441,0.9269,0.000,0.000,0.000,1,45
TRK,194622,0.41791,-0.77318,0.44002,-0.18421,0.5345,-0.2441,0.9269,0.000,0.000,0.000,1,45
TRK,194642,0.41778,-0.77324,0.44003,-0.18419,0.5345,-0.2441,0.9269,0.000,0.000,0.000,1,45
TRK,194664,0.41780,-0.77323,0.44003,-0.18419,0.5345,-0.2441,0.9269,0.000,0.000,0.000,1,45
STAT,404.1,400.6,0,0,0,0.0308,0.516,0.0834,0.1046,-0.0657,9.6832,4.17,0.000
TRK,194682,0.41780,-0.77323,0.44004,-0.18417,0.5345,-0.2441,0.9269,0.000,0.000,0.000,1,45
TRK,194704,0.41771,-0.77328,0.44007,-0.18413,0.5345,-0.2441,0.9269,0.000,0.000,0.000,1,45
TRK,194722,0.41782,-0.77322,0.44002,-0.18420,0.5345,-0.2441,0.9269,0.000,0.000,0.000,1,45
TRK,194744,0.41779,-0.77324,0.44003,-0.18420,0.5345,-0.2441,0.9269,0.000,0.000,0.000,1,45
TRK,194762,0.41793,-0.77317,0.43999,-0.18426,0.5345,-0.2441,0.9269,0.000,0.000,0.000,1,45
TRK,194784,0.41792,-0.77317,0.44004,-0.18416,0.5345,-0.2441,0.9269,0.000,0.000,0.000,1,45
TRK,194802,0.41798,-0.77313,0.44008,-0.18408,0.5345,-0.2441,0.9269,0.000,0.000,0.000,1,45
TRK,194824,0.41803,-0.77311,0.44007,-0.18409,0.5345,-0.2441,0.9269,0.000,0.000,0.000,1,45
TRK,194844,0.41814,-0.77306,0.44002,-0.18418,0.5345,-0.2441,0.9269,0.000,0.000,0.000,1,45
TRK,194863,0.41814,-0.77307,0.43997,-0.18427,0.5345,-0.2441,0.9269,0.000,0.000,0.000,1,45
TRK,194882,0.41793,-0.77317,0.43998,-0.18427,0.5345,-0.2441,0.9269,0.000,0.000,0.000,1,45
TRK,194904,0.41808,-0.77311,0.43988,-0.18446,0.5345,-0.2441,0.9269,0.000,0.000,0.000,1,45
TRK,194922,0.41798,-0.77315,0.43991,-0.18441,0.5345,-0.2441,0.9269,0.000,0.000,0.000,1,45
TRK,194943,0.41807,-0.77311,0.43992,-0.18438,0.5345,-0.2441,0.9269,0.000,0.000,0.000,1,45
TRK,194962,0.41779,-0.77324,0.44004,-0.18418,0.5345,-0.2441,0.9269,0.000,0.000,0.000,1,45
TRK,194984,0.41796,-0.77315,0.43999,-0.18425,0.5345,-0.2441,0.9269,0.000,0.000,0.000,1,45
TRK,195002,0.41779,-0.77324,0.44005,-0.18416,0.5345,-0.2441,0.9269,0.000,0.000,0.000,1,45
TRK,195030,0.41796,-0.77317,0.43988,-0.18447,0.5345,-0.2441,0.9269,0.000,0.000,0.000,1,45
TRK,195042,0.41784,-0.77323,0.43989,-0.18446,0.5345,-0.2441,0.9269,0.000,0.000,0.000,1,45
TRK,195064,0.41796,-0.77317,0.43982,-0.18458,0.5345,-0.2441,0.9269,0.000,0.000,0.000,1,45
TRK,195084,0.41792,-0.77319,0.43987,-0.18450,0.5345,-0.2441,0.9269,0.000,0.000,0.000,1,45
TRK,195104,0.41791,-0.77318,0.43995,-0.18433,0.5345,-0.2441,0.9269,0.000,0.000,0.000,1,45
TRK,195123,0.41785,-0.77321,0.44004,-0.18417,0.5345,-0.2441,0.9269,0.000,0.000,0.000,1,45
TRK,195142,0.41752,-0.77336,0.44019,-0.18391,0.5345,-0.2441,0.9269,0.000,0.000,0.000,1,45
TRK,195162,0.41784,-0.77321,0.44007,-0.18411,0.5345,-0.2441,0.9269,0.000,0.000,0.000,1,45
TRK,195182,0.41771,-0.77327,0.44008,-0.18411,0.5345,-0.2441,0.9269,0.000,0.000,0.000,1,45
TRK,195202,0.41789,-0.77320,0.43991,-0.18443,0.5345,-0.2441,0.9269,0.000,0.000,0.000,1,45
TRK,195223,0.41776,-0.77327,0.43987,-0.18450,0.5345,-0.2441,0.9269,0.000,0.000,0.000,1,45
TRK,195243,0.41785,-0.77323,0.43983,-0.18457,0.5345,-0.2441,0.9269,0.000,0.000,0.000,1,45
TRK,195264,0.41782,-0.77324,0.43991,-0.18443,0.5345,-0.2441,0.9269,0.000,0.000,0.000,1,45
TRK,195282,0.41762,-0.77332,0.44005,-0.18416,0.5345,-0.2441,0.9269,0.000,0.000,0.000,1,45
TRK,195303,0.41768,-0.77329,0.44009,-0.18409,0.5345,-0.2441,0.9269,0.000,0.000,0.000,1,45
TRK,195324,0.41756,-0.77335,0.44013,-0.18402,0.5345,-0.2441,0.9269,0.000,0.000,0.000,1,45
TRK,195343,0.41763,-0.77332,0.44009,-0.18410,0.5345,-0.2441,0.9269,0.000,0.000,0.000,1,45
TRK,195364,0.41752,-0.77338,0.44005,-0.18419,0.5345,-0.2441,0.9269,0.000,0.000,0.000,1,45
TRK,195383,0.41753,-0.77337,0.43999,-0.18429,0.5345,-0.2441,0.9269,0.000,0.000,0.000,1,45
TRK,195401,0.41760,-0.77335,0.43997,-0.18433,0.5345,-0.2441,0.9269,0.000,0.000,0.000,1,45
TRK,195423,0.41753,-0.77337,0.44006,-0.18415,0.5345,-0.2441,0.9269,0.000,0.000,0.000,1,45
TRK,195443,0.41754,-0.77335,0.44015,-0.18399,0.5345,-0.2441,0.9269,0.000,0.000,0.000,1,45
TRK,195462,0.41751,-0.77336,0.44023,-0.18384,0.5345,-0.2441,0.9269,0.000,0.000,0.000,1,45
TRK,195484,0.41764,-0.77330,0.44018,-0.18391,0.5345,-0.2441,0.9269,0.000,0.000,0.000,1,45
TRK,195504,0.41756,-0.77334,0.44017,-0.18393,0.5345,-0.2441,0.9269,0.000,0.000,0.000,1,45
TRK,195524,0.41765,-0.77330,0.44009,-0.18409,0.5345,-0.2441,0.9269,0.000,0.000,0.000,1,45
TRK,195543,0.41758,-0.77334,0.44007,-0.18414,0.5345,-0.2441,0.9269,0.000,0.000,0.000,1,45
TRK,195563,0.41774,-0.77326,0.44001,-0.18424,0.5345,-0.2441,0.9269,0.000,0.000,0.000,1,45
TRK,195581,0.41776,-0.77325,0.44004,-0.18417,0.5345,-0.2441,0.9269,0.000,0.000,0.000,1,45
TRK,195603,0.41765,-0.77330,0.44011,-0.18405,0.5345,-0.2441,0.9269,0.000,0.000,0.000,1,45
TRK,195621,0.41778,-0.77324,0.44008,-0.18409,0.5345,-0.2441,0.9269,0.000,0.000,0.000,1,45
TRK,195643,0.41766,-0.77330,0.44012,-0.18403,0.5345,-0.2441,0.9269,0.000,0.000,0.000,1,45
TRK,195661,0.41786,-0.77321,0.44000,-0.18424,0.5345,-0.2441,0.9269,0.000,0.000,0.000,1,45
STAT,404.1,400.6,0,0,0,0.0405,1.220,0.0813,0.1095,-0.0685,9.6830,4.17,0.000
TRK,195683,0.41765,-0.77331,0.44000,-0.18427,0.5345,-0.2441,0.9269,0.000,0.000,0.000,1,45
TRK,195702,0.41788,-0.77321,0.43988,-0.18448,0.5345,-0.2441,0.9269,0.000,0.000,0.000,1,45
TRK,195724,0.41777,-0.77326,0.43987,-0.18451,0.5345,-0.2441,0.9269,0.000,0.000,0.000,1,45
TRK,195744,0.41786,-0.77323,0.43982,-0.18461,0.5345,-0.2441,0.9269,0.000,0.000,0.000,1,45
TRK,195761,0.41774,-0.77328,0.43988,-0.18449,0.5345,-0.2441,0.9269,0.000,0.000,0.000,1,45
TRK,195784,0.41768,-0.77330,0.43992,-0.18442,0.5345,-0.2441,0.9269,0.000,0.000,0.000,1,45
TRK,195803,0.41773,-0.77328,0.43993,-0.18439,0.5345,-0.2441,0.9269,0.000,0.000,0.000,1,45
TRK,195821,0.41757,-0.77335,0.44005,-0.18418,0.5345,-0.2441,0.9269,0.000,0.000,0.000,1,45
TRK,195843,0.41780,-0.77324,0.43997,-0.18431,0.5345,-0.2441,0.9269,0.000,0.000,0.000,1,45
TRK,195861,0.41758,-0.77334,0.44005,-0.18418,0.5345,-0.2441,0.9269,0.000,0.000,0.000,1,45
TRK,195883,0.41787,-0.77321,0.43995,-0.18434,0.5345,-0.2441,0.9269,0.000,0.000,0.000,1,45
TRK,195901,0.41763,-0.77332,0.44005,-0.18418,0.5345,-0.2441,0.9269,0.000,0.000,0.000,1,45
TRK,195922,0.41763,-0.77332,0.44006,-0.18416,0.5345,-0.2441,0.9269,0.000,0.000,0.000,1,45
TRK,195942,0.41763,-0.77332,0.44008,-0.18412,0.5345,-0.2441,0.9269,0.000,0.000,0.000,1,45
TRK,195962,0.41753,-0.77337,0.44010,-0.18409,0.5345,-0.2441,0.9269,0.000,0.000,0.000,1,45
TRK,195982,0.41759,-0.77334,0.44007,-0.18414,0.5345,-0.2441,0.9269,0.000,0.000,0.000,1,45
TRK,196004,0.41750,-0.77338,0.44009,-0.18410,0.5345,-0.2441,0.9269,0.000,0.000,0.000,1,45
TRK,196024,0.41760,-0.77333,0.44006,-0.18416,0.5345,-0.2441,0.9269,0.000,0.000,0.000,1,45
TRK,196044,0.41747,-0.77340,0.44011,-0.18407,0.5345,-0.2441,0.9269,0.000,0.000,0.000,1,45
TRK,196064,0.41751,-0.77337,0.44010,-0.18409,0.5345,-0.2441,0.9269,0.000,0.000,0.000,1,45
TRK,196084,0.41747,-0.77339,0.44014,-0.18402,0.5345,-0.2441,0.9269,0.000,0.000,0.000,1,45
TRK,196103,0.41756,-0.77335,0.44013,-0.18402,0.5345,-0.2441,0.9269,0.000,0.000,0.000,1,45
TRK,196123,0.41753,-0.77336,0.44018,-0.18392,0.5345,-0.2441,0.9269,0.000,0.000,0.000,1,45
TRK,196143,0.41764,-0.77330,0.44016,-0.18396,0.5345,-0.2441,0.9269,0.000,0.000,0.000,1,45
TRK,196162,0.41770,-0.77327,0.44014,-0.18398,0.5345,-0.2441,0.9269,0.000,0.000,0.000,1,45
TRK,196182,0.41779,-0.77323,0.44009,-0.18407,0.5345,-0.2441,0.9269,0.000,0.000,0.000,1,45
TRK,196204,0.41775,-0.77326,0.44009,-0.18409,0.5345,-0.2441,0.9269,0.000,0.000,0.000,1,45
TRK,196222,0.41779,-0.77324,0.44008,-0.18409,0.5345,-0.2441,0.9269,0.000,0.000,0.000,1,45
TRK,196244,0.41783,-0.77321,0.44009,-0.18408,0.5345,-0.2441,0.9269,0.000,0.000,0.000,1,45
TRK,196262,0.41785,-0.77320,0.44011,-0.18404,0.5345,-0.2441,0.9269,0.000,0.000,0.000,1,45
TRK,196284,0.41788,-0.77318,0.44011,-0.18403,0.5345,-0.2441,0.9269,0.000,0.000,0.000,1,45
TRK,196302,0.41781,-0.77322,0.44013,-0.18399,0.5345,-0.2441,0.9269,0.000,0.000,0.000,1,45
TRK,196324,0.41790,-0.77318,0.44004,-0.18416,0.5345,-0.2441,0.9269,0.000,0.000,0.000,1,45
TRK,196343,0.41779,-0.77323,0.44006,-0.18413,0.5345,-0.2441,0.9269,0.000,0.000,0.000,1,45
TRK,196363,0.41787,-0.77320,0.43999,-0.18427,0.5345,-0.2441,0.9269,0.000,0.000,0.000,1,45
TRK,196383,0.41788,-0.77320,0.43998,-0.18429,0.5345,-0.2441,0.9269,0.000,0.000,0.000,1,45
TRK,196401,0.41782,-0.77323,0.43997,-0.18430,0.5345,-0.2441,0.9269,0.000,0.000,0.000,1,45
TRK,196421,0.41779,-0.77324,0.43998,-0.18430,0.5345,-0.2441,0.9269,0.000,0.000,0.000,1,45
TRK,196441,0.41763,-0.77332,0.44004,-0.18420,0.5345,-0.2441,0.9269,0.000,0.000,0.000,1,45
TRK,196461,0.41768,-0.77329,0.44002,-0.18422,0.5345,-0.2441,0.9269,0.000,0.000,0.000,1,45
TRK,196484,0.41758,-0.77334,0.44010,-0.18409,0.5345,-0.2441,0.9269,0.000,0.000,0.000,1,45
TRK,196503,0.41759,-0.77334,0.44008,-0.18411,0.5345,-0.2441,0.9269,0.000,0.000,0.000,1,45
TRK,196521,0.41762,-0.77332,0.44005,-0.18417,0.5345,-0.2441,0.9269,0.000,0.000,0.000,1,45
TRK,196541,0.41766,-0.77330,0.44006,-0.18416,0.5345,-0.2441,0.9269,0.000,0.000,0.000,1,45
TRK,196561,0.41760,-0.77333,0.44009,-0.18410,0.5345,-0.2441,0.9269,0.000,0.000,0.000,1,45
TRK,196583,0.41763,-0.77331,0.44009,-0.18409,0.5345,-0.2441,0.9269,0.000,0.000,0.000,1,45
TRK,196604,0.41767,-0.77329,0.44011,-0.18405,0.5345,-0.2441,0.9269,0.000,0.000,0.000,1,45
TRK,196623,0.41775,-0.77325,0.44011,-0.18405,0.5345,-0.2441,0.9269,0.000,0.000,0.000,1,45
TRK,196641,0.41769,-0.77328,0.44012,-0.18403,0.5345,-0.2441,0.9269,0.000,0.000,0.000,1,45
TRK,196663,0.41768,-0.77329,0.44010,-0.18407,0.5345,-0.2441,0.9269,0.000,0.000,0.000,1,45
STAT,403.8,400.8,0,0,0,0.0321,0.627,0.0940,0.1107,-0.0653,9.6837,4.17,0.000
TRK,196682,0.41778,-0.77324,0.44004,-0.18418,0.5345,-0.2441,0.9269,0.000,0.000,0.000,1,45
TRK,196702,0.41767,-0.77330,0.44007,-0.18412,0.5345,-0.2441,0.9269,0.000,0.000,0.000,1,45
TRK,196722,0.41779,-0.77324,0.44001,-0.18424,0.5345,-0.2441,0.9269,0.000,0.000,0.000,1,45
TRK,196744,0.41769,-0.77329,0.44005,-0.18417,0.5345,-0.2441,0.9269,0.000,0.000,0.000,1,45
TRK,196762,0.41762,-0.77332,0.44011,-0.18405,0.5345,-0.2441,0.9269,0.000,0.000,0.000,1,45
TRK,196784,0.41764,-0.77330,0.44013,-0.18401,0.5345,-0.2441,0.9269,0.000,0.000,0.000,1,45
TRK,196803,0.41754,-0.77335,0.44021,-0.18387,0.5345,-0.2441,0.9269,0.000,0.000,0.000,1,45
TRK,196821,0.41782,-0.77321,0.44011,-0.18404,0.5345,-0.2441,0.9269,0.000,0.000,0.000,1,45
TRK,196843,0.41768,-0.77328,0.44014,-0.18399,0.5345,-0.2441,0.9269,0.000,0.000,0.000,1,45
TRK,196864,0.41764,-0.77331,0.44011,-0.18406,0.5345,-0.2441,0.9269,0.000,0.000,0.000,1,45
TRK,196883,0.41778,-0.77324,0.44005,-0.18416,0.5345,-0.2441,0.9269,0.000,0.000,0.000,1,45
TRK,196901,0.41788,-0.77319,0.44003,-0.18418,0.5345,-0.2441,0.9269,0.000,0.000,0.000,1,45
TRK,196923,0.41799,-0.77313,0.44004,-0.18415,0.5345,-0.2441,0.9269,0.000,0.000,0.000,1,45
TRK,196942,0.41771,-0.77326,0.44019,-0.18388,0.5345,-0.2441,0.9269,0.000,0.000,0.000,1,45
TRK,196962,0.41780,-0.77321,0.44023,-0.18381,0.5345,-0.2441,0.9269,0.000,0.000,0.000,1,45
TRK,196982,0.41797,-0.77313,0.44020,-0.18385,0.5345,-0.2441,0.9269,0.000,0.000,0.000,1,45
TRK,197004,0.41772,-0.77325,0.44028,-0.18371,0.5345,-0.2441,0.9269,0.000,0.000,0.000,1,45
TRK,197024,0.41776,-0.77323,0.44021,-0.18384,0.5345,-0.2441,0.9269,0.000,0.000,0.000,1,45
TRK,197042,0.41780,-0.77322,0.44012,-0.18401,0.5345,-0.2441,0.9269,0.000,0.000,0.000,1,45
TRK,197064,0.41791,-0.77318,0.44001,-0.18422,0.5345,-0.2441,0.9269,0.000,0.000,0.000,1,45
TRK,197084,0.41771,-0.77328,0.44002,-0.18423,0.5345,-0.2441,0.9269,0.000,0.000,0.000,1,45
TRK,197103,0.41758,-0.77334,0.44007,-0.18414,0.5345,-0.2441,0.9269,0.000,0.000,0.000,1,45
TRK,197124,0.41791,-0.77318,0.43999,-0.18426,0.5345,-0.2441,0.9269,0.000,0.000,0.000,1,45
TRK,197143,0.41771,-0.77327,0.44011,-0.18404,0.5345,-0.2441,0.9269,0.000,0.000,0.000,1,45
TRK,197162,0.41776,-0.77325,0.44010,-0.18407,0.5345,-0.2441,0.9269,0.000,0.000,0.000,1,45
TRK,197182,0.41775,-0.77325,0.44012,-0.18403,0.5345,-0.2441,0.9269,0.000,0.000,0.000,1,45
TRK,197202,0.41785,-0.77320,0.44007,-0.18412,0.5345,-0.2441,0.9269,0.000,0.000,0.000,1,45
TRK,197222,0.41784,-0.77321,0.44005,-0.18415,0.5345,-0.2441,0.9269,0.000,0.000,0.000,1,45
TRK,197243,0.41768,-0.77329,0.44010,-0.18406,0.5345,-0.2441,0.9269,0.000,0.000,0.000,1,45
TRK,197264,0.41774,-0.77326,0.44011,-0.18404,0.5345,-0.2441,0.9269,0.000,0.000,0.000,1,45
TRK,197284,0.41761,-0.77331,0.44021,-0.18386,0.5345,-0.2441,0.9269,0.000,0.000,0.000,1,45
TRK,197302,0.41757,-0.77333,0.44024,-0.18381,0.5345,-0.2441,0.9269,0.000,0.000,0.000,1,45
TRK,197324,0.41748,-0.77338,0.44022,-0.18385,0.5345,-0.2441,0.9269,0.000,0.000,0.000,1,45
TRK,197343,0.41749,-0.77338,0.44015,-0.18399,0.5345,-0.2441,0.9269,0.000,0.000,0.000,1,45
TRK,197364,0.41743,-0.77342,0.44008,-0.18414,0.5345,-0.2441,0.9269,0.000,0.000,0.000,1,45
TRK,197381,0.41749,-0.77339,0.44002,-0.18424,0.5345,-0.2441,0.9269,0.000,0.000,0.000,1,45
TRK,197401,0.41760,-0.77334,0.44001,-0.18426,0.5345,-0.2441,0.9269,0.000,0.000,0.000,1,45
TRK,197421,0.41753,-0.77336,0.44012,-0.18404,0.5345,-0.2441,0.9269,0.000,0.000,0.000,1,45
TRK,197442,0.41760,-0.77332,0.44019,-0.18390,0.5345,-0.2441,0.9269,0.000,0.000,0.000,1,45
TRK,197463,0.41747,-0.77337,0.44031,-0.18367,0.5345,-0.2441,0.9269,0.000,0.000,0.000,1,45
TRK,197482,0.41758,-0.77332,0.44027,-0.18374,0.5345,-0.2441,0.9269,0.000,0.000,0.000,1,45
TRK,197504,0.41746,-0.77338,0.44026,-0.18377,0.5345,-0.2441,0.9269,0.000,0.000,0.000,1,45
TRK,197522,0.41750,-0.77337,0.44017,-0.18395,0.5345,-0.2441,0.9269,0.000,0.000,0.000,1,45
TRK,197544,0.41752,-0.77337,0.44007,-0.18414,0.5345,-0.2441,0.9269,0.000,0.000,0.000,1,45
TRK,197563,0.41745,-0.77340,0.44010,-0.18409,0.5345,-0.2441,0.9269,0.000,0.000,0.000,1,45
TRK,197582,0.41747,-0.77339,0.44014,-0.18402,0.5345,-0.2441,0.9269,0.000,0.000,0.000,1,45
TRK,197604,0.41734,-0.77345,0.44025,-0.18382,0.5345,-0.2441,0.9269,0.000,0.000,0.000,1,45
TRK,197623,0.41736,-0.77344,0.44027,-0.18378,0.5345,-0.2441,0.9269,0.000,0.000,0.000,1,45
TRK,197641,0.41734,-0.77345,0.44025,-0.18381,0.5345,-0.2441,0.9269,0.000,0.000,0.000,1,45
TRK,197661,0.41741,-0.77342,0.44017,-0.18397,0.5345,-0.2441,0.9269,0.000,0.000,0.000,1,45
STAT,403.8,400.8,0,0,0,0.0282,0.440,0.1013,0.1165,-0.0619,9.6859,4.17,0.000
TRK,197683,0.41742,-0.77342,0.44010,-0.18410,0.5345,-0.2441,0.9269,0.000,0.000,0.000,1,45
TRK,197702,0.41753,-0.77337,0.44004,-0.18420,0.5345,-0.2441,0.9269,0.000,0.000,0.000,1,45
TRK,197723,0.41750,-0.77338,0.44008,-0.18413,0.5345,-0.2441,0.9269,0.000,0.000,0.000,1,45
TRK,197742,0.41762,-0.77332,0.44006,-0.18415,0.5345,-0.2441,0.9269,0.000,0.000,0.000,1,45
TRK,197761,0.41754,-0.77336,0.44013,-0.18402,0.5345,-0.2441,0.9269,0.000,0.000,0.000,1,45
TRK,197781,0.41760,-0.77333,0.44012,-0.18404,0.5345,-0.2441,0.9269,0.000,0.000,0.000,1,45
TRK,197804,0.41753,-0.77336,0.44013,-0.18402,0.5345,-0.2441,0.9269,0.000,0.000,0.000,1,45
TRK,197823,0.41762,-0.77332,0.44009,-0.18409,0.5345,-0.2441,0.9269,0.000,0.000,0.000,1,45
TRK,197843,0.41772,-0.77327,0.44003,-0.18420,0.5345,-0.2441,0.9269,0.000,0.000,0.000,1,45
TRK,197863,0.41762,-0.77332,0.44006,-0.18416,0.5345,-0.2441,0.9269,0.000,0.000,0.000,1,45
TRK,197884,0.41771,-0.77328,0.44003,-0.18419,0.5345,-0.2441,0.9269,0.000,0.000,0.000,1,45
TRK,197903,0.41748,-0.77339,0.44012,-0.18406,0.5345,-0.2441,0.9269,0.000,0.000,0.000,1,45
TRK,197921,0.41763,-0.77332,0.44009,-0.18410,0.5345,-0.2441,0.9269,0.000,0.000,0.000,1,45
TRK,197944,0.41747,-0.77339,0.44015,-0.18400,0.5345,-0.2441,0.9269,0.000,0.000,0.000,1,45
TRK,197963,0.41756,-0.77335,0.44012,-0.18405,0.5345,-0.2441,0.9269,0.000,0.000,0.000,1,45
TRK,197982,0.41766,-0.77330,0.44008,-0.18412,0.5345,-0.2441,0.9269,0.000,0.000,0.000,1,45
TRK,198001,0.41757,-0.77335,0.44008,-0.18412,0.5345,-0.2441,0.9269,0.000,0.000,0.000,1,45
TRK,198024,0.41765,-0.77331,0.44005,-0.18418,0.5345,-0.2441,0.9269,0.000,0.000,0.000,1,45
TRK,198044,0.41754,-0.77336,0.44011,-0.18407,0.5345,-0.2441,0.9269,0.000,0.000,0.000,1,45
TRK,198063,0.41770,-0.77328,0.44007,-0.18413,0.5345,-0.2441,0.9269,0.000,0.000,0.000,1,45
TRK,198081,0.41752,-0.77336,0.44013,-0.18403,0.5345,-0.2441,0.9269,0.000,0.000,0.000,1,45
TRK,198101,0.41764,-0.77331,0.44008,-0.18411,0.5345,-0.2441,0.9269,0.000,0.000,0.000,1,45
TRK,198121,0.41748,-0.77339,0.44012,-0.18406,0.5345,-0.2441,0.9269,0.000,0.000,0.000,1,45
TRK,198141,0.41749,-0.77339,0.44007,-0.18414,0.5345,-0.2441,0.9269,0.000,0.000,0.000,1,45
TRK,198161,0.41747,-0.77340,0.44009,-0.18412,0.5345,-0.2441,0.9269,0.000,0.000,0.000,1,45
TRK,198183,0.41742,-0.77342,0.44012,-0.18405,0.5345,-0.2441,0.9269,0.000,0.000,0.000,1,45
TRK,198202,0.41745,-0.77340,0.44014,-0.18401,0.5345,-0.2441,0.9269,0.000,0.000,0.000,1,45
TRK,198223,0.41740,-0.77342,0.44019,-0.18392,0.5345,-0.2441,0.9269,0.000,0.000,0.000,1,45
TRK,198244,0.41747,-0.77339,0.44017,-0.18395,0.5345,-0.2441,0.9269,0.000,0.000,0.000,1,45
TRK,198262,0.41747,-0.77339,0.44015,-0.18400,0.5345,-0.2441,0.9269,0.000,0.000,0.000,1,45
TRK,198284,0.41771,-0.77328,0.44004,-0.18418,0.5345,-0.2441,0.9269,0.000,0.000,0.000,1,45
TRK,198302,0.41757,-0.77335,0.44007,-0.18415,0.5345,-0.2441,0.9269,0.000,0.000,0.000,1,45
TRK,198324,0.41773,-0.77327,0.44002,-0.18421,0.5345,-0.2441,0.9269,0.000,0.000,0.000,1,45
TRK,198344,0.41761,-0.77333,0.44007,-0.18413,0.5345,-0.2441,0.9269,0.000,0.000,0.000,1,45
TRK,198364,0.41779,-0.77324,0.44004,-0.18418,0.5345,-0.2441,0.9269,0.000,0.000,0.000,1,45
TRK,198384,0.41763,-0.77331,0.44012,-0.18404,0.5345,-0.2441,0.9269,0.000,0.000,0.000,1,45
TRK,198403,0.41769,-0.77328,0.44013,-0.18401,0.5345,-0.2441,0.9269,0.000,0.000,0.000,1,45
TRK,198422,0.41776,-0.77325,0.44010,-0.18407,0.5345,-0.2441,0.9269,0.000,0.000,0.000,1,45
TRK,198442,0.41763,-0.77331,0.44014,-0.18400,0.5345,-0.2441,0.9269,0.000,0.000,0.000,1,45
TRK,198464,0.41766,-0.77330,0.44010,-0.18407,0.5345,-0.2441,0.9269,0.000,0.000,0.000,1,45
TRK,198484,0.41756,-0.77335,0.44013,-0.18403,0.5345,-0.2441,0.9269,0.000,0.000,0.000,1,45
TRK,198502,0.41773,-0.77327,0.44007,-0.18413,0.5345,-0.2441,0.9269,0.000,0.000,0.000,1,45
TRK,198522,0.41763,-0.77331,0.44012,-0.18403,0.5345,-0.2441,0.9269,0.000,0.000,0.000,1,45
TRK,198542,0.41777,-0.77324,0.44009,-0.18408,0.5345,-0.2441,0.9269,0.000,0.000,0.000,1,45
TRK,198564,0.41773,-0.77326,0.44011,-0.18404,0.5345,-0.2441,0.9269,0.000,0.000,0.000,1,45
TRK,198583,0.41777,-0.77325,0.44005,-0.18417,0.5345,-0.2441,0.9269,0.000,0.000,0.000,1,45
TRK,198604,0.41772,-0.77327,0.44004,-0.18418,0.5345,-0.2441,0.9269,0.000,0.000,0.000,1,45
TRK,198623,0.41771,-0.77328,0.44000,-0.18426,0.5345,-0.2441,0.9269,0.000,0.000,0.000,1,45
TRK,198641,0.41774,-0.77327,0.43996,-0.18434,0.5345,-0.2441,0.9269,0.000,0.000,0.000,1,45
TRK,198661,0.41756,-0.77336,0.44002,-0.18423,0.5345,-0.2441,0.9269,0.000,0.000,0.000,1,45
STAT,404.0,400.5,0,0,0,0.0328,0.920,0.1036,0.1166,-0.0614,9.6877,4.17,0.000
TRK,198681,0.41764,-0.77332,0.44003,-0.18421,0.5345,-0.2441,0.9269,0.000,0.000,0.000,1,45
TRK,198704,0.41745,-0.77341,0.44010,-0.18410,0.5345,-0.2441,0.9269,0.000,0.000,0.000,1,45
TRK,198724,0.41761,-0.77333,0.44004,-0.18420,0.5345,-0.2441,0.9269,0.000,0.000,0.000,1,45
TRK,198744,0.41750,-0.77338,0.44008,-0.18412,0.5345,-0.2441,0.9269,0.000,0.000,0.000,1,45
TRK,198764,0.41763,-0.77332,0.44002,-0.18423,0.5345,-0.2441,0.9269,0.000,0.000,0.000,1,45
TRK,198782,0.41760,-0.77334,0.43998,-0.18431,0.5345,-0.2441,0.9269,0.000,0.000,0.000,1,45
TRK,198802,0.41759,-0.77334,0.43998,-0.18431,0.5345,-0.2441,0.9269,0.000,0.000,0.000,1,45
TRK,198822,0.41767,-0.77331,0.43996,-0.18435,0.5345,-0.2441,0.9269,0.000,0.000,0.000,1,45
TRK,198844,0.41758,-0.77335,0.43999,-0.18429,0.5345,-0.2441,0.9269,0.000,0.000,0.000,1,45
TRK,198863,0.41776,-0.77326,0.43995,-0.18436,0.5345,-0.2441,0.9269,0.000,0.000,0.000,1,45
TRK,198881,0.41764,-0.77331,0.44001,-0.18425,0.5345,-0.2441,0.9269,0.000,0.000,0.000,1,45
TRK,198903,0.41776,-0.77326,0.43998,-0.18430,0.5345,-0.2441,0.9269,0.000,0.000,0.000,1,45
TRK,198921,0.41769,-0.77329,0.44000,-0.18427,0.5345,-0.2441,0.9269,0.000,0.000,0.000,1,45
TRK,198943,0.41768,-0.77330,0.44001,-0.18426,0.5345,-0.2441,0.9269,0.000,0.000,0.000,1,45
TRK,198962,0.41769,-0.77330,0.44000,-0.18427,0.5345,-0.2441,0.9269,0.000,0.000,0.000,1,45
TRK,198983,0.41761,-0.77333,0.44005,-0.18418,0.5345,-0.2441,0.9269,0.000,0.000,0.000,1,45
TRK,199003,0.41761,-0.77333,0.44003,-0.18422,0.5345,-0.2441,0.9269,0.000,0.000,0.000,1,45
TRK,199022,0.41748,-0.77339,0.44008,-0.18413,0.5345,-0.2441,0.9269,0.000,0.000,0.000,1,45
TRK,199041,0.41758,-0.77334,0.44005,-0.18418,0.5345,-0.2441,0.9269,0.000,0.000,0.000,1,45
TRK,199064,0.41754,-0.77336,0.44008,-0.18412,0.5345,-0.2441,0.9269,0.000,0.000,0.000,1,45
TRK,199083,0.41763,-0.77332,0.44005,-0.18416,0.5345,-0.2441,0.9269,0.000,0.000,0.000,1,45
TRK,199103,0.41762,-0.77332,0.44009,-0.18409,0.5345,-0.2441,0.9269,0.000,0.000,0.000,1,45
TRK,199121,0.41764,-0.77331,0.44011,-0.18405,0.5345,-0.2441,0.9269,0.000,0.000,0.000,1,45
TRK,199141,0.41772,-0.77326,0.44014,-0.18398,0.5345,-0.2441,0.9269,0.000,0.000,0.000,1,45
TRK,199163,0.41772,-0.77326,0.44018,-0.18392,0.5345,-0.2441,0.9269,0.000,0.000,0.000,1,45
TRK,199181,0.41783,-0.77320,0.44017,-0.18393,0.5345,-0.2441,0.9269,0.000,0.000,0.000,1,45
TRK,199203,0.41782,-0.77321,0.44018,-0.18391,0.5345,-0.2441,0.9269,0.000,0.000,0.000,1,45
TRK,199222,0.41788,-0.77318,0.44016,-0.18393,0.5345,-0.2441,0.9269,0.000,0.000,0.000,1,45
TRK,199242,0.41782,-0.77321,0.44017,-0.18393,0.5345,-0.2441,0.9269,0.000,0.000,0.000,1,45
TRK,199264,0.41787,-0.77318,0.44015,-0.18395,0.5345,-0.2441,0.9269,0.000,0.000,0.000,1,45
TRK,199284,0.41783,-0.77320,0.44017,-0.18391,0.5345,-0.2441,0.9269,0.000,0.000,0.000,1,45
TRK,199304,0.41788,-0.77318,0.44015,-0.18395,0.5345,-0.2441,0.9269,0.000,0.000,0.000,1,45
TRK,199322,0.41785,-0.77319,0.44017,-0.18393,0.5345,-0.2441,0.9269,0.000,0.000,0.000,1,45
TRK,199342,0.41784,-0.77320,0.44016,-0.18394,0.5345,-0.2441,0.9269,0.000,0.000,0.000,1,45
TRK,199364,0.41781,-0.77322,0.44011,-0.18405,0.5345,-0.2441,0.9269,0.000,0.000,0.000,1,45
TRK,199384,0.41772,-0.77327,0.44009,-0.18410,0.5345,-0.2441,0.9269,0.000,0.000,0.000,1,45
TRK,199403,0.41767,-0.77330,0.44007,-0.18414,0.5345,-0.2441,0.9269,0.000,0.000,0.000,1,45
TRK,199422,0.41754,-0.77336,0.44009,-0.18411,0.5345,-0.2441,0.9269,0.000,0.000,0.000,1,45
TRK,199444,0.41757,-0.77335,0.44007,-0.18414,0.5345,-0.2441,0.9269,0.000,0.000,0.000,1,45
TRK,199462,0.41748,-0.77339,0.44008,-0.18413,0.5345,-0.2441,0.9269,0.000,0.000,0.000,1,45
TRK,199482,0.41753,-0.77337,0.44007,-0.18414,0.5345,-0.2441,0.9269,0.000,0.000,0.000,1,45
TRK,199504,0.41753,-0.77337,0.44009,-0.18411,0.5345,-0.2441,0.9269,0.000,0.000,0.000,1,45
TRK,199524,0.41763,-0.77332,0.44008,-0.18413,0.5345,-0.2441,0.9269,0.000,0.000,0.000,1,45
TRK,199544,0.41767,-0.77329,0.44010,-0.18407,0.5345,-0.2441,0.9269,0.000,0.000,0.000,1,45
TRK,199562,0.41776,-0.77325,0.44011,-0.18404,0.5345,-0.2441,0.9269,0.000,0.000,0.000,1,45
TRK,199584,0.41781,-0.77322,0.44014,-0.18397,0.5345,-0.2441,0.9269,0.000,0.000,0.000,1,45
TRK,199602,0.41781,-0.77322,0.44015,-0.18396,0.5345,-0.2441,0.9269,0.000,0.000,0.000,1,45
TRK,199623,0.41788,-0.77318,0.44015,-0.18396,0.5345,-0.2441,0.9269,0.000,0.000,0.000,1,45
TRK,199643,0.41785,-0.77319,0.44018,-0.18390,0.5345,-0.2441,0.9269,0.000,0.000,0.000,1,45
TRK,199663,0.41796,-0.77314,0.44012,-0.18400,0.5345,-0.2441,0.9269,0.000,0.000,0.000,1,45
STAT,404.0,400.5,0,0,0,0.0255,0.560,0.0899,0.1132,-0.0756,9.6907,4.17,0.000
TRK,199682,0.41793,-0.77316,0.44012,-0.18401,0.5345,-0.2441,0.9269,0.000,0.000,0.000,1,45
TRK,199703,0.41796,-0.77314,0.44011,-0.18402,0.5345,-0.2441,0.9269,0.000,0.000,0.000,1,45
TRK,199723,0.41793,-0.77316,0.44010,-0.18405,0.5345,-0.2441,0.9269,0.000,0.000,0.000,1,45
TRK,199742,0.41794,-0.77315,0.44013,-0.18398,0.5345,-0.2441,0.9269,0.000,0.000,0.000,1,45
TRK,199762,0.41792,-0.77316,0.44014,-0.18396,0.5345,-0.2441,0.9269,0.000,0.000,0.000,1,45
TRK,199784,0.41782,-0.77320,0.44018,-0.18390,0.5345,-0.2441,0.9269,0.000,0.000,0.000,1,45
TRK,199802,0.41789,-0.77318,0.44014,-0.18397,0.5345,-0.2441,0.9269,0.000,0.000,0.000,1,45
TRK,199824,0.41781,-0.77322,0.44016,-0.18394,0.5345,-0.2441,0.9269,0.000,0.000,0.000,1,45
TRK,199843,0.41781,-0.77322,0.44014,-0.18399,0.5345,-0.2441,0.9269,0.000,0.000,0.000,1,45
TRK,199863,0.41779,-0.77323,0.44012,-0.18402,0.5345,-0.2441,0.9269,0.000,0.000,0.000,1,45
TRK,199882,0.41779,-0.77323,0.44010,-0.18406,0.5345,-0.2441,0.9269,0.000,0.000,0.000,1,45
TRK,199903,0.41781,-0.77322,0.44009,-0.18407,0.5345,-0.2441,0.9269,0.000,0.000,0.000,1,45
TRK,199921,0.41771,-0.77327,0.44011,-0.18405,0.5345,-0.2441,0.9269,0.000,0.000,0.000,1,45
TRK,199943,0.41779,-0.77323,0.44007,-0.18412,0.5345,-0.2441,0.9269,0.000,0.000,0.000,1,45
TRK,199961,0.41778,-0.77324,0.44008,-0.18410,0.5345,-0.2441,0.9269,0.000,0.000,0.000,1,45
TRK,199982,0.41785,-0.77320,0.44009,-0.18408,0.5345,-0.2441,0.9269,0.000,0.000,0.000,1,45
TRK,200003,0.41786,-0.77319,0.44011,-0.18403,0.5345,-0.2441,0.9269,0.000,0.000,0.000,1,45
TRK,200022,0.41791,-0.77317,0.44010,-0.18406,0.5345,-0.2441,0.9269,0.000,0.000,0.000,1,45
TRK,200044,0.41789,-0.77318,0.44014,-0.18397,0.5345,-0.2441,0.9269,0.000,0.000,0.000,1,45
TRK,200064,0.41790,-0.77317,0.44014,-0.18397,0.5345,-0.2441,0.9269,0.000,0.000,0.000,1,45
TRK,200083,0.41786,-0.77319,0.44014,-0.18398,0.5345,-0.2441,0.9269,0.000,0.000,0.000,1,45
TRK,200103,0.41783,-0.77321,0.44013,-0.18401,0.5345,-0.2441,0.9269,0.000,0.000,0.000,1,45
TRK,200123,0.41780,-0.77323,0.44011,-0.18403,0.5345,-0.2441,0.9269,0.000,0.000,0.000,1,45
TRK,200143,0.41779,-0.77323,0.44009,-0.18408,0.5345,-0.2441,0.9269,0.000,0.000,0.000,1,45
TRK,200161,0.41786,-0.77320,0.44006,-0.18414,0.5345,-0.2441,0.9269,0.000,0.000,0.000,1,45
TRK,200183,0.41779,-0.77324,0.44007,-0.18412,0.5345,-0.2441,0.9269,0.000,0.000,0.000,1,45
TRK,200201,0.41784,-0.77321,0.44006,-0.18414,0.5345,-0.2441,0.9269,0.000,0.000,0.000,1,45
TRK,200223,0.41776,-0.77325,0.44011,-0.18405,0.5345,-0.2441,0.9269,0.000,0.000,0.000,1,45
TRK,200242,0.41774,-0.77326,0.44011,-0.18406,0.5345,-0.2441,0.9269,0.000,0.000,0.000,1,45
TRK,200263,0.41765,-0.77330,0.44010,-0.18408,0.5345,-0.2441,0.9269,0.000,0.000,0.000,1,45
TRK,200284,0.41757,-0.77334,0.44008,-0.18412,0.5345,-0.2441,0.9269,0.000,0.000,0.000,1,45
TRK,200304,0.41753,-0.77337,0.44006,-0.18416,0.5345,-0.2441,0.9269,0.000,0.000,0.000,1,45
TRK,200324,0.41750,-0.77339,0.44005,-0.18419,0.5345,-0.2441,0.9269,0.000,0.000,0.000,1,45
TRK,200342,0.41747,-0.77340,0.44003,-0.18423,0.5345,-0.2441,0.9269,0.000,0.000,0.000,1,45
TRK,200362,0.41750,-0.77339,0.44003,-0.18423,0.5345,-0.2441,0.9269,0.000,0.000,0.000,1,45
TRK,200382,0.41760,-0.77334,0.44003,-0.18421,0.5345,-0.2441,0.9269,0.000,0.000,0.000,1,45
TRK,200402,0.41765,-0.77331,0.44005,-0.18417,0.5345,-0.2441,0.9269,0.000,0.000,0.000,1,45
TRK,200422,0.41766,-0.77330,0.44004,-0.18418,0.5345,-0.2441,0.9269,0.000,0.000,0.000,1,45
TRK,200442,0.41768,-0.77329,0.44006,-0.18415,0.5345,-0.2441,0.9269,0.000,0.000,0.000,1,45
TRK,200462,0.41771,-0.77328,0.44005,-0.18417,0.5345,-0.2441,0.9269,0.000,0.000,0.000,1,45
TRK,200482,0.41767,-0.77330,0.44005,-0.18418,0.5345,-0.2441,0.9269,0.000,0.000,0.000,1,45
TRK,200502,0.41776,-0.77326,0.44002,-0.18423,0.5345,-0.2441,0.9269,0.000,0.000,0.000,1,45
TRK,200522,0.41774,-0.77326,0.44004,-0.18418,0.5345,-0.2441,0.9269,0.000,0.000,0.000,1,45
TRK,200544,0.41779,-0.77324,0.44003,-0.18419,0.5345,-0.2441,0.9269,0.000,0.000,0.000,1,45
TRK,200564,0.41776,-0.77325,0.44004,-0.18418,0.5345,-0.2441,0.9269,0.000,0.000,0.000,1,45
TRK,200581,0.41781,-0.77323,0.44002,-0.18423,0.5345,-0.2441,0.9269,0.000,0.000,0.000,1,45
TRK,200601,0.41783,-0.77322,0.44001,-0.18424,0.5345,-0.2441,0.9269,0.000,0.000,0.000,1,45
TRK,200622,0.41776,-0.77325,0.44003,-0.18420,0.5345,-0.2441,0.9269,0.000,0.000,0.000,1,45
TRK,200644,0.41776,-0.77325,0.44004,-0.18418,0.5345,-0.2441,0.9269,0.000,0.000,0.000,1,45
TRK,200663,0.41773,-0.77327,0.44006,-0.18415,0.5345,-0.2441,0.9269,0.000,0.000,0.000,1,45
STAT,404.0,401.0,0,0,0,0.0242,0.332,0.1014,0.1075,-0.0613,9.6864,4.17,0.000
TRK,200681,0.41768,-0.77329,0.44007,-0.18413,0.5345,-0.2441,0.9269,0.000,0.000,0.000,1,45
TRK,200701,0.41755,-0.77335,0.44010,-0.18408,0.5345,-0.2441,0.9269,0.000,0.000,0.000,1,45
TRK,200722,0.41757,-0.77335,0.44006,-0.18416,0.5345,-0.2441,0.9269,0.000,0.000,0.000,1,45
TRK,200742,0.41752,-0.77337,0.44006,-0.18417,0.5345,-0.2441,0.9269,0.000,0.000,0.000,1,45
TRK,200764,0.41754,-0.77337,0.44002,-0.18424,0.5345,-0.2441,0.9269,0.000,0.000,0.000,1,45
TRK,200782,0.41749,-0.77339,0.44002,-0.18425,0.5345,-0.2441,0.9269,0.000,0.000,0.000,1,45
TRK,200801,0.41754,-0.77337,0.43998,-0.18432,0.5345,-0.2441,0.9269,0.000,0.000,0.000,1,45
TRK,200821,0.41756,-0.77336,0.44000,-0.18429,0.5345,-0.2441,0.9269,0.000,0.000,0.000,1,45
TRK,200844,0.41757,-0.77335,0.44002,-0.18424,0.5345,-0.2441,0.9269,0.000,0.000,0.000,1,45
TRK,200863,0.41764,-0.77332,0.44000,-0.18427,0.5345,-0.2441,0.9269,0.000,0.000,0.000,1,45
TRK,200883,0.41758,-0.77335,0.44001,-0.18427,0.5345,-0.2441,0.9269,0.000,0.000,0.000,1,45
TRK,200903,0.41766,-0.77331,0.44000,-0.18428,0.5345,-0.2441,0.9269,0.000,0.000,0.000,1,45
TRK,200923,0.41761,-0.77333,0.44003,-0.18422,0.5345,-0.2441,0.9269,0.000,0.000,0.000,1,45
TRK,200941,0.41764,-0.77331,0.44003,-0.18421,0.5345,-0.2441,0.9269,0.000,0.000,0.000,1,45
TRK,200963,0.41752,-0.77337,0.44006,-0.18416,0.5345,-0.2441,0.9269,0.000,0.000,0.000,1,45
TRK,200982,0.41749,-0.77338,0.44010,-0.18409,0.5345,-0.2441,0.9269,0.000,0.000,0.000,1,45
TRK,201003,0.41743,-0.77341,0.44013,-0.18404,0.5345,-0.2441,0.9269,0.000,0.000,0.000,1,45
TRK,201024,0.41744,-0.77341,0.44015,-0.18400,0.5345,-0.2441,0.9269,0.000,0.000,0.000,1,45
TRK,201042,0.41751,-0.77337,0.44014,-0.18401,0.5345,-0.2441,0.9269,0.000,0.000,0.000,1,45
TRK,201064,0.41757,-0.77334,0.44014,-0.18400,0.5345,-0.2441,0.9269,0.000,0.000,0.000,1,45
TRK,201082,0.41770,-0.77327,0.44012,-0.18403,0.5345,-0.2441,0.9269,0.000,0.000,0.000,1,45
TRK,201103,0.41775,-0.77325,0.44013,-0.18401,0.5345,-0.2441,0.9269,0.000,0.000,0.000,1,45
TRK,201124,0.41782,-0.77321,0.44011,-0.18403,0.5345,-0.2441,0.9269,0.000,0.000,0.000,1,45
TRK,201142,0.41788,-0.77318,0.44012,-0.18402,0.5345,-0.2441,0.9269,0.000,0.000,0.000,1,45
TRK,201164,0.41791,-0.77316,0.44018,-0.18389,0.5345,-0.2441,0.9269,0.000,0.000,0.000,1,45
TRK,201184,0.41799,-0.77312,0.44021,-0.18382,0.5345,-0.2441,0.9269,0.000,0.000,0.000,1,45
TRK,201203,0.41796,-0.77313,0.44023,-0.18380,0.5345,-0.2441,0.9269,0.000,0.000,0.000,1,45
TRK,201222,0.41797,-0.77313,0.44018,-0.18388,0.5345,-0.2441,0.9269,0.000,0.000,0.000,1,45
TRK,201242,0.41791,-0.77316,0.44017,-0.18392,0.5345,-0.2441,0.9269,0.000,0.000,0.000,1,45
TRK,201262,0.41787,-0.77318,0.44017,-0.18392,0.5345,-0.2441,0.9269,0.000,0.000,0.000,1,45
TRK,201282,0.41788,-0.77318,0.44015,-0.18396,0.5345,-0.2441,0.9269,0.000,0.000,0.000,1,45
TRK,201304,0.41775,-0.77324,0.44018,-0.18391,0.5345,-0.2441,0.9269,0.000,0.000,0.000,1,45
TRK,201322,0.41776,-0.77324,0.44018,-0.18390,0.5345,-0.2441,0.9269,0.000,0.000,0.000,1,45
TRK,201344,0.41765,-0.77329,0.44022,-0.18385,0.5345,-0.2441,0.9269,0.000,0.000,0.000,1,45
TRK,201362,0.41769,-0.77327,0.44019,-0.18390,0.5345,-0.2441,0.9269,0.000,0.000,0.000,1,45
TRK,201384,0.41768,-0.77328,0.44016,-0.18396,0.5345,-0.2441,0.9269,0.000,0.000,0.000,1,45
TRK,201403,0.41776,-0.77324,0.44013,-0.18401,0.5345,-0.2441,0.9269,0.000,0.000,0.000,1,45
TRK,201423,0.41775,-0.77325,0.44015,-0.18398,0.5345,-0.2441,0.9269,0.000,0.000,0.000,1,45
TRK,201443,0.41772,-0.77326,0.44018,-0.18392,0.5345,-0.2441,0.9269,0.000,0.000,0.000,1,45
TRK,201461,0.41780,-0.77321,0.44019,-0.18388,0.5345,-0.2441,0.9269,0.000,0.000,0.000,1,45
TRK,201481,0.41770,-0.77326,0.44025,-0.18378,0.5345,-0.2441,0.9269,0.000,0.000,0.000,1,45
TRK,201503,0.41777,-0.77323,0.44020,-0.18386,0.5345,-0.2441,0.9269,0.000,0.000,0.000,1,45
TRK,201523,0.41766,-0.77329,0.44020,-0.18388,0.5345,-0.2441,0.9269,0.000,0.000,0.000,1,45
TRK,201542,0.41782,-0.77321,0.44012,-0.18402,0.5345,-0.2441,0.9269,0.000,0.000,0.000,1,45
TRK,201564,0.41775,-0.77325,0.44010,-0.18406,0.5345,-0.2441,0.9269,0.000,0.000,0.000,1,45
TRK,201584,0.41776,-0.77325,0.44007,-0.18413,0.5345,-0.2441,0.9269,0.000,0.000,0.000,1,45
TRK,201604,0.41778,-0.77324,0.44006,-0.18414,0.5345,-0.2441,0.9269,0.000,0.000,0.000,1,45
TRK,201623,0.41766,-0.77330,0.44010,-0.18407,0.5345,-0.2441,0.9269,0.000,0.000,0.000,1,45
TRK,201643,0.41761,-0.77332,0.44008,-0.18413,0.5345,-0.2441,0.9269,0.000,0.000,0.000,1,45
TRK,201663,0.41752,-0.77337,0.44010,-0.18410,0.5345,-0.2441,0.9269,0.000,0.000,0.000,1,45
STAT,404.0,401.0,0,0,0,0.0413,0.765,0.1052,0.1123,-0.0584,9.6849,4.17,0.000
TRK,201684,0.41773,-0.77328,0.43996,-0.18435,0.5345,-0.2441,0.9269,0.000,0.000,0.000,1,45
TRK,201704,0.41769,-0.77330,0.43992,-0.18443,0.5345,-0.2441,0.9269,0.000,0.000,0.000,1,45
TRK,201724,0.41783,-0.77323,0.43987,-0.18451,0.5345,-0.2441,0.9269,0.000,0.000,0.000,1,45
TRK,201744,0.41765,-0.77332,0.43997,-0.18433,0.5345,-0.2441,0.9269,0.000,0.000,0.000,1,45
TRK,201762,0.41766,-0.77331,0.44001,-0.18426,0.5345,-0.2441,0.9269,0.000,0.000,0.000,1,45
TRK,201782,0.41775,-0.77326,0.44005,-0.18417,0.5345,-0.2441,0.9269,0.000,0.000,0.000,1,45
TRK,201804,0.41755,-0.77334,0.44021,-0.18387,0.5345,-0.2441,0.9269,0.000,0.000,0.000,1,45
TRK,201822,0.41777,-0.77324,0.44012,-0.18402,0.5345,-0.2441,0.9269,0.000,0.000,0.000,1,45
TRK,201844,0.41751,-0.77337,0.44017,-0.18395,0.5345,-0.2441,0.9269,0.000,0.000,0.000,1,45
TRK,201862,0.41780,-0.77324,0.43998,-0.18430,0.5345,-0.2441,0.9269,0.000,0.000,0.000,1,45
TRK,201884,0.41762,-0.77333,0.43997,-0.18433,0.5345,-0.2441,0.9269,0.000,0.000,0.000,1,45
TRK,201904,0.41780,-0.77325,0.43990,-0.18446,0.5345,-0.2441,0.9269,0.000,0.000,0.000,1,45
TRK,201923,0.41785,-0.77322,0.43991,-0.18442,0.5345,-0.2441,0.9269,0.000,0.000,0.000,1,45
TRK,201941,0.41770,-0.77329,0.44002,-0.18423,0.5345,-0.2441,0.9269,0.000,0.000,0.000,1,45
TRK,201963,0.41787,-0.77320,0.43999,-0.18426,0.5345,-0.2441,0.9269,0.000,0.000,0.000,1,45
TRK,201982,0.41767,-0.77330,0.44006,-0.18416,0.5345,-0.2441,0.9269,0.000,0.000,0.000,1,45
TRK,202002,0.41792,-0.77318,0.43992,-0.18440,0.5345,-0.2441,0.9269,0.000,0.000,0.000,1,45
TRK,202022,0.41769,-0.77330,0.43994,-0.18439,0.5345,-0.2441,0.9269,0.000,0.000,0.000,1,45
TRK,202042,0.41783,-0.77323,0.43986,-0.18453,0.5345,-0.2441,0.9269,0.000,0.000,0.000,1,45
TRK,202063,0.41772,-0.77328,0.43996,-0.18435,0.5345,-0.2441,0.9269,0.000,0.000,0.000,1,45
TRK,202083,0.41785,-0.77321,0.43997,-0.18432,0.5345,-0.2441,0.9269,0.000,0.000,0.000,1,45
TRK,202103,0.41771,-0.77327,0.44009,-0.18408,0.5345,-0.2441,0.9269,0.000,0.000,0.000,1,45
TRK,202121,0.41774,-0.77326,0.44010,-0.18406,0.5345,-0.2441,0.9269,0.000,0.000,0.000,1,45
TRK,202141,0.41792,-0.77317,0.44004,-0.18417,0.5345,-0.2441,0.9269,0.000,0.000,0.000,1,45
TRK,202163,0.41781,-0.77323,0.43999,-0.18428,0.5345,-0.2441,0.9269,0.000,0.000,0.000,1,45
TRK,202184,0.41801,-0.77314,0.43983,-0.18456,0.5345,-0.2441,0.9269,0.000,0.000,0.000,1,45
TRK,202203,0.41787,-0.77321,0.43988,-0.18448,0.5345,-0.2441,0.9269,0.000,0.000,0.000,1,45
TRK,202221,0.41804,-0.77313,0.43984,-0.18455,0.5345,-0.2441,0.9269,0.000,0.000,0.000,1,45
TRK,202241,0.41784,-0.77322,0.43998,-0.18428,0.5345,-0.2441,0.9269,0.000,0.000,0.000,1,45
TRK,202262,0.41782,-0.77322,0.44007,-0.18412,0.5345,-0.2441,0.9269,0.000,0.000,0.000,1,45
TRK,202282,0.41778,-0.77323,0.44013,-0.18401,0.5345,-0.2441,0.9269,0.000,0.000,0.000,1,45
TRK,202303,0.41776,-0.77325,0.44013,-0.18402,0.5345,-0.2441,0.9269,0.000,0.000,0.000,1,45
TRK,202324,0.41783,-0.77321,0.44006,-0.18414,0.5345,-0.2441,0.9269,0.000,0.000,0.000,1,45
TRK,202342,0.41779,-0.77324,0.44003,-0.18421,0.5345,-0.2441,0.9269,0.000,0.000,0.000,1,45
TRK,202364,0.41787,-0.77320,0.43995,-0.18435,0.5345,-0.2441,0.9269,0.000,0.000,0.000,1,45
TRK,202383,0.41780,-0.77323,0.44001,-0.18424,0.5345,-0.2441,0.9269,0.000,0.000,0.000,1,45
TRK,202403,0.41788,-0.77319,0.44004,-0.18418,0.5345,-0.2441,0.9269,0.000,0.000,0.000,1,45
TRK,202423,0.41783,-0.77321,0.44013,-0.18399,0.5345,-0.2441,0.9269,0.000,0.000,0.000,1,45
TRK,202443,0.41788,-0.77318,0.44012,-0.18401,0.5345,-0.2441,0.9269,0.000,0.000,0.000,1,45
TRK,202463,0.41788,-0.77318,0.44011,-0.18403,0.5345,-0.2441,0.9269,0.000,0.000,0.000,1,45
TRK,202481,0.41808,-0.77309,0.43999,-0.18425,0.5345,-0.2441,0.9269,0.000,0.000,0.000,1,45
TRK,202503,0.41761,-0.77340,0.43999,-0.18403,0.5345,-0.2440,0.9268,0.001,0.003,-0.002,2,45
TRK,202522,0.41569,-0.77481,0.44010,-0.18216,0.5345,-0.2439,0.9269,-0.003,-0.001,0.010,2,45
TRK,202543,0.42063,-0.77136,0.43972,-0.18632,0.5344,-0.2439,0.9270,-0.000,0.002,0.000,2,45
TRK,202562,0.41728,-0.77368,0.44004,-0.18346,0.5344,-0.2439,0.9270,0.000,0.001,-0.005,2,45
TRK,202584,0.41792,-0.77318,0.44002,-0.18417,0.5344,-0.2439,0.9269,0.000,0.001,0.000,2,45
TRK,202604,0.41728,-0.77363,0.44005,-0.18365,0.5344,-0.2439,0.9269,0.001,0.001,0.004,2,45
TRK,202622,0.41750,-0.77351,0.44000,-0.18378,0.5344,-0.2438,0.9270,-0.001,0.001,-0.000,2,45
TRK,202642,0.41843,-0.77278,0.44002,-0.18469,0.5344,-0.2438,0.9269,0.000,0.002,-0.004,2,45
TRK,202664,0.41589,-0.77456,0.44017,-0.18260,0.5344,-0.2438,0.9270,-0.003,0.001,0.004,2,45
STAT,404.0,400.5,0,0,0,0.3253,19.799,0.1048,0.1121,-0.0590,9.6804,4.17,0.000
TRK,202684,0.41839,-0.77282,0.43996,-0.18473,0.5343,-0.2438,0.9271,-0.002,0.001,0.005,2,45
TRK,202703,0.41796,-0.77315,0.43999,-0.18425,0.5343,-0.2437,0.9271,-0.000,0.002,-0.002,2,45
TRK,202724,0.41745,-0.77345,0.44010,-0.18393,0.5343,-0.2437,0.9270,0.001,0.001,-0.000,2,45
TRK,202741,0.41687,-0.77386,0.44014,-0.18340,0.5344,-0.2437,0.9271,0.001,-0.000,0.004,2,45
TRK,202763,0.41835,-0.77286,0.43999,-0.18460,0.5344,-0.2437,0.9271,0.001,0.000,0.002,2,45
TRK,202782,0.41722,-0.77364,0.44010,-0.18364,0.5344,-0.2437,0.9271,-0.000,0.001,-0.001,2,45
TRK,202803,0.41772,-0.77326,0.44007,-0.18416,0.5344,-0.2437,0.9271,-0.002,0.001,0.001,2,45
TRK,202824,0.41702,-0.77374,0.44012,-0.18360,0.5343,-0.2436,0.9272,-0.003,0.001,0.003,2,45
TRK,202842,0.41801,-0.77307,0.44000,-0.18447,0.5343,-0.2436,0.9272,-0.002,0.001,0.002,2,45
TRK,202862,0.41742,-0.77345,0.44007,-0.18405,0.5342,-0.2436,0.9272,0.000,0.001,0.000,2,45
TRK,202882,0.41697,-0.77376,0.44009,-0.18369,0.5343,-0.2436,0.9273,0.001,-0.001,0.003,2,45
TRK,202902,0.41785,-0.77316,0.44003,-0.18436,0.5343,-0.2436,0.9273,0.002,0.000,0.002,2,45
TRK,202923,0.41704,-0.77374,0.44010,-0.18361,0.5343,-0.2436,0.9273,0.001,-0.000,0.001,2,45
TRK,202944,0.41761,-0.77333,0.44007,-0.18411,0.5343,-0.2436,0.9274,-0.001,0.001,0.001,2,45
TRK,202964,0.41701,-0.77376,0.44010,-0.18359,0.5343,-0.2436,0.9274,-0.002,0.000,0.003,2,45
TRK,202983,0.41750,-0.77340,0.44008,-0.18403,0.5342,-0.2436,0.9275,-0.003,0.000,0.002,2,45
TRK,203002,0.41754,-0.77342,0.44002,-0.18403,0.5342,-0.2436,0.9275,-0.001,0.000,0.000,2,45
TRK,203022,0.41718,-0.77367,0.44007,-0.18368,0.5342,-0.2436,0.9275,-0.001,-0.001,0.002,2,45
TRK,203042,0.41750,-0.77343,0.44008,-0.18394,0.5342,-0.2436,0.9276,0.000,-0.001,0.003,2,45
TRK,203062,0.41741,-0.77350,0.44007,-0.18385,0.5342,-0.2436,0.9276,0.000,-0.002,0.002,2,45
TRK,203083,0.41732,-0.77356,0.43998,-0.18404,0.5341,-0.2430,0.9270,0.000,0.000,0.000,1,46
TRK,203104,0.41723,-0.77361,0.43996,-0.18408,0.5341,-0.2430,0.9270,0.000,0.000,0.000,1,46
TRK,203124,0.41713,-0.77365,0.44005,-0.18391,0.5341,-0.2430,0.9270,0.000,0.000,0.000,1,46
TRK,203142,0.41727,-0.77357,0.44012,-0.18376,0.5341,-0.2430,0.9270,0.000,0.000,0.000,1,46
TRK,203162,0.41706,-0.77366,0.44031,-0.18342,0.5341,-0.2430,0.9270,0.000,0.000,0.000,1,46
TRK,203183,0.41709,-0.77365,0.44028,-0.18347,0.5341,-0.2430,0.9270,0.000,0.000,0.000,1,46
TRK,203203,0.41734,-0.77353,0.44012,-0.18375,0.5341,-0.2430,0.9270,0.000,0.000,0.000,1,46
TRK,203221,0.41717,-0.77363,0.44007,-0.18387,0.5341,-0.2430,0.9270,0.000,0.000,0.000,1,46
TRK,203243,0.41731,-0.77356,0.43996,-0.18408,0.5341,-0.2430,0.9270,0.000,0.000,0.000,1,46
TRK,203261,0.41712,-0.77365,0.44003,-0.18395,0.5341,-0.2430,0.9270,0.000,0.000,0.000,1,46
TRK,203282,0.41735,-0.77354,0.44006,-0.18388,0.5341,-0.2430,0.9270,0.000,0.000,0.000,1,46
TRK,203302,0.41716,-0.77361,0.44029,-0.18344,0.5341,-0.2430,0.9270,0.000,0.000,0.000,1,46
TRK,203322,0.41712,-0.77362,0.44041,-0.18321,0.5341,-0.2430,0.9270,0.000,0.000,0.000,1,46
TRK,203342,0.41699,-0.77368,0.44045,-0.18314,0.5341,-0.2430,0.9270,0.000,0.000,0.000,1,46
TRK,203362,0.41700,-0.77369,0.44035,-0.18333,0.5341,-0.2430,0.9270,0.000,0.000,0.000,1,46
TRK,203382,0.41706,-0.77367,0.44018,-0.18367,0.5341,-0.2430,0.9270,0.000,0.000,0.000,1,46
TRK,203404,0.41699,-0.77372,0.44008,-0.18386,0.5341,-0.2430,0.9270,0.000,0.000,0.000,1,46
TRK,203424,0.41700,-0.77371,0.44006,-0.18391,0.5341,-0.2430,0.9270,0.000,0.000,0.000,1,46
TRK,203444,0.41685,-0.77378,0.44016,-0.18372,0.5341,-0.2430,0.9270,0.000,0.000,0.000,1,46
TRK,203463,0.41700,-0.77370,0.44018,-0.18367,0.5341,-0.2430,0.9270,0.000,0.000,0.000,1,46
TRK,203481,0.41684,-0.77377,0.44028,-0.18349,0.5341,-0.2430,0.9270,0.000,0.000,0.000,1,46
TRK,203503,0.41689,-0.77375,0.44025,-0.18355,0.5341,-0.2430,0.9270,0.000,0.000,0.000,1,46
TRK,203522,0.41685,-0.77378,0.44018,-0.18368,0.5341,-0.2430,0.9270,0.000,0.000,0.000,1,46
TRK,203542,0.41701,-0.77371,0.44002,-0.18399,0.5341,-0.2430,0.9270,0.000,0.000,0.000,1,46
TRK,203562,0.41714,-0.77366,0.43994,-0.18414,0.5341,-0.2430,0.9270,0.000,0.000,0.000,1,46
TRK,203582,0.41715,-0.77365,0.43994,-0.18412,0.5341,-0.2430,0.9270,0.000,0.000,0.000,1,46
TRK,203604,0.41697,-0.77373,0.44009,-0.18385,0.5341,-0.2430,0.9270,0.000,0.000,0.000,1,46
TRK,203624,0.41701,-0.77370,0.44017,-0.18369,0.5341,-0.2430,0.9270,0.000,0.000,0.000,1,46
TRK,203642,0.41693,-0.77373,0.44026,-0.18352,0.5341,-0.2430,0.9270,0.000,0.000,0.000,1,46
TRK,203664,0.41692,-0.77373,0.44026,-0.18352,0.5341,-0.2430,0.9270,0.000,0.000,0.000,1,46
STAT,404.0,400.5,0,0,0,0.0640,0.789,0.1046,0.1120,-0.0594,9.6871,0.71,0.002
TRK,203684,0.41693,-0.77374,0.44016,-0.18373,0.5341,-0.2430,0.9270,0.000,0.000,0.000,1,46
TRK,203703,0.41703,-0.77370,0.44002,-0.18398,0.5341,-0.2430,0.9270,0.000,0.000,0.000,1,46
TRK,203724,0.41719,-0.77364,0.43985,-0.18430,0.5341,-0.2430,0.9270,0.000,0.000,0.000,1,46
TRK,203741,0.41712,-0.77367,0.43987,-0.18427,0.5341,-0.2430,0.9270,0.000,0.000,0.000,1,46
TRK,203761,0.41722,-0.77362,0.43992,-0.18416,0.5341,-0.2430,0.9270,0.000,0.000,0.000,1,46
TRK,203782,0.41718,-0.77362,0.44007,-0.18387,0.5341,-0.2430,0.9270,0.000,0.000,0.000,1,46
TRK,203802,0.41713,-0.77363,0.44023,-0.18356,0.5341,-0.2430,0.9270,0.000,0.000,0.000,1,46
TRK,203822,0.41703,-0.77367,0.44035,-0.18335,0.5341,-0.2430,0.9270,0.000,0.000,0.000,1,46
TRK,203844,0.41716,-0.77361,0.44029,-0.18344,0.5341,-0.2430,0.9270,0.000,0.000,0.000,1,46
TRK,203864,0.41709,-0.77365,0.44025,-0.18353,0.5341,-0.2430,0.9270,0.000,0.000,0.000,1,46
TRK,203884,0.41718,-0.77362,0.44013,-0.18375,0.5341,-0.2430,0.9270,0.000,0.000,0.000,1,46
TRK,203902,0.41735,-0.77353,0.44006,-0.18388,0.5341,-0.2430,0.9270,0.000,0.000,0.000,1,46
TRK,203922,0.41723,-0.77359,0.44013,-0.18374,0.5341,-0.2430,0.9270,0.000,0.000,0.000,1,46
TRK,203942,0.41748,-0.77347,0.44010,-0.18378,0.5341,-0.2430,0.9270,0.000,0.000,0.000,1,46
TRK,203964,0.41702,-0.77368,0.44033,-0.18339,0.5341,-0.2430,0.9270,0.000,0.000,0.000,1,46
TRK,203983,0.41754,-0.77343,0.44013,-0.18371,0.5341,-0.2430,0.9270,0.000,0.000,0.000,1,46
TRK,204003,0.41721,-0.77359,0.44020,-0.18361,0.5341,-0.2430,0.9270,0.000,0.000,0.000,1,46
TRK,204022,0.41725,-0.77358,0.44013,-0.18374,0.5341,-0.2430,0.9270,0.000,0.000,0.000,1,46
TRK,204044,0.41730,-0.77356,0.44003,-0.18393,0.5341,-0.2430,0.9270,0.000,0.000,0.000,1,46
TRK,204062,0.41717,-0.77362,0.44009,-0.18383,0.5341,-0.2430,0.9270,0.000,0.000,0.000,1,46
TRK,204084,0.41744,-0.77349,0.44007,-0.18385,0.5341,-0.2430,0.9270,0.000,0.000,0.000,1,46
TRK,204102,0.41712,-0.77364,0.44024,-0.18356,0.5341,-0.2430,0.9270,0.000,0.000,0.000,1,46
TRK,204124,0.41729,-0.77355,0.44021,-0.18358,0.5341,-0.2430,0.9270,0.000,0.000,0.000,1,46
TRK,204142,0.41717,-0.77361,0.44028,-0.18347,0.5341,-0.2430,0.9270,0.000,0.000,0.000,1,46
TRK,204164,0.41726,-0.77357,0.44023,-0.18356,0.5341,-0.2430,0.9270,0.000,0.000,0.000,1,46
TRK,204182,0.41724,-0.77358,0.44018,-0.18366,0.5341,-0.2430,0.9270,0.000,0.000,0.000,1,46
TRK,204204,0.41734,-0.77354,0.44009,-0.18383,0.5341,-0.2430,0.9270,0.000,0.000,0.000,1,46
TRK,204224,0.41734,-0.77354,0.44007,-0.18386,0.5341,-0.2430,0.9270,0.000,0.000,0.000,1,46
TRK,204244,0.41734,-0.77353,0.44009,-0.18381,0.5341,-0.2430,0.9270,0.000,0.000,0.000,1,46
TRK,204263,0.41732,-0.77354,0.44014,-0.18372,0.5341,-0.2430,0.9270,0.000,0.000,0.000,1,46
TRK,204282,0.41729,-0.77356,0.44017,-0.18367,0.5341,-0.2430,0.9270,0.000,0.000,0.000,1,46
TRK,204302,0.41733,-0.77353,0.44015,-0.18371,0.5341,-0.2430,0.9270,0.000,0.000,0.000,1,46
TRK,204322,0.41724,-0.77358,0.44015,-0.18372,0.5341,-0.2430,0.9270,0.000,0.000,0.000,1,46
TRK,204342,0.41736,-0.77353,0.44004,-0.18392,0.5341,-0.2430,0.9270,0.000,0.000,0.000,1,46
TRK,204364,0.41729,-0.77357,0.44002,-0.18397,0.5341,-0.2430,0.9270,0.000,0.000,0.000,1,46
TRK,204382,0.41731,-0.77356,0.44000,-0.18399,0.5341,-0.2430,0.9270,0.000,0.000,0.000,1,46
TRK,204404,0.41723,-0.77359,0.44008,-0.18385,0.5341,-0.2430,0.9270,0.000,0.000,0.000,1,46
TRK,204422,0.41720,-0.77361,0.44013,-0.18375,0.5341,-0.2430,0.9270,0.000,0.000,0.000,1,46
TRK,204444,0.41720,-0.77360,0.44017,-0.18368,0.5341,-0.2430,0.9270,0.000,0.000,0.000,1,46
TRK,204463,0.41713,-0.77363,0.44019,-0.18364,0.5341,-0.2430,0.9270,0.000,0.000,0.000,1,46
TRK,204483,0.41714,-0.77364,0.44011,-0.18379,0.5341,-0.2430,0.9270,0.000,0.000,0.000,1,46
TRK,204503,0.41715,-0.77364,0.44003,-0.18396,0.5341,-0.2430,0.9270,0.000,0.000,0.000,1,46
TRK,204521,0.41681,-0.77381,0.44008,-0.18389,0.5341,-0.2430,0.9270,0.000,0.000,0.000,1,46
TRK,204541,0.41625,-0.77408,0.44025,-0.18362,0.5341,-0.2430,0.9270,0.000,0.000,0.000,1,46
TRK,204563,0.41720,-0.77363,0.43991,-0.18418,0.5341,-0.2430,0.9270,0.000,0.000,0.000,1,46
TRK,204583,0.41640,-0.77401,0.44024,-0.18363,0.5341,-0.2430,0.9270,0.000,0.000,0.000,1,46
TRK,204602,0.41670,-0.77387,0.44012,-0.18382,0.5341,-0.2430,0.9270,0.000,0.000,0.000,1,46
TRK,204624,0.41610,-0.77415,0.44033,-0.18347,0.5341,-0.2430,0.9270,0.000,0.000,0.000,1,46
TRK,204644,0.41695,-0.77375,0.44004,-0.18396,0.5341,-0.2430,0.9270,0.000,0.000,0.000,1,46
TRK,204664,0.41675,-0.77384,0.44013,-0.18380,0.5341,-0.2430,0.9270,0.000,0.000,0.000,1,46
STAT,403.8,400.8,0,0,0,0.1404,5.216,0.1055,0.1107,-0.0628,9.6864,0.71,0.002
TRK,204683,0.41612,-0.77413,0.44039,-0.18336,0.5341,-0.2430,0.9270,0.000,0.000,0.000,1,46
TRK,204703,0.41685,-0.77378,0.44015,-0.18376,0.5341,-0.2430,0.9270,0.000,0.000,0.000,1,46
TRK,204723,0.41661,-0.77390,0.44027,-0.18353,0.5341,-0.2430,0.9270,0.000,0.000,0.000,1,46
TRK,204741,0.41672,-0.77384,0.44025,-0.18357,0.5341,-0.2430,0.9270,0.000,0.000,0.000,1,46
TRK,204763,0.41676,-0.77382,0.44022,-0.18362,0.5341,-0.2430,0.9270,0.000,0.000,0.000,1,46
TRK,204781,0.41675,-0.77383,0.44018,-0.18371,0.5341,-0.2430,0.9270,0.000,0.000,0.000,1,46
TRK,204803,0.41713,-0.77365,0.44004,-0.18394,0.5341,-0.2430,0.9270,0.000,0.000,0.000,1,46
TRK,204823,0.41688,-0.77377,0.44012,-0.18380,0.5341,-0.2430,0.9270,0.000,0.000,0.000,1,46
TRK,204843,0.41687,-0.77377,0.44013,-0.18378,0.5341,-0.2430,0.9270,0.000,0.000,0.000,1,46
TRK,204861,0.41703,-0.77370,0.44008,-0.18387,0.5341,-0.2430,0.9270,0.000,0.000,0.000,1,46
TRK,204881,0.41683,-0.77380,0.44015,-0.18376,0.5341,-0.2430,0.9270,0.000,0.000,0.000,1,46
TRK,204904,0.41687,-0.77378,0.44010,-0.18386,0.5341,-0.2430,0.9270,0.000,0.000,0.000,1,46
TRK,204923,0.41678,-0.77382,0.44010,-0.18386,0.5341,-0.2430,0.9270,0.000,0.000,0.000,1,46
TRK,204941,0.41687,-0.77378,0.44005,-0.18394,0.5341,-0.2430,0.9270,0.000,0.000,0.000,1,46
TRK,204963,0.41698,-0.77373,0.44002,-0.18399,0.5341,-0.2430,0.9270,0.000,0.000,0.000,1,46
TRK,204983,0.41675,-0.77384,0.44012,-0.18383,0.5341,-0.2430,0.9270,0.000,0.000,0.000,1,46
TRK,205001,0.41696,-0.77374,0.44008,-0.18387,0.5341,-0.2430,0.9270,0.000,0.000,0.000,1,46
TRK,205023,0.41687,-0.77378,0.44012,-0.18380,0.5341,-0.2430,0.9270,0.000,0.000,0.000,1,46
TRK,205041,0.41691,-0.77375,0.44014,-0.18376,0.5341,-0.2430,0.9270,0.000,0.000,0.000,1,46
TRK,205062,0.41689,-0.77377,0.44013,-0.18378,0.5341,-0.2430,0.9270,0.000,0.000,0.000,1,46
TRK,205082,0.41696,-0.77373,0.44008,-0.18387,0.5341,-0.2430,0.9270,0.000,0.000,0.000,1,46
TRK,205102,0.41703,-0.77370,0.44005,-0.18392,0.5341,-0.2430,0.9270,0.000,0.000,0.000,1,46
TRK,205122,0.41705,-0.77369,0.44005,-0.18393,0.5341,-0.2430,0.9270,0.000,0.000,0.000,1,46
TRK,205144,0.41703,-0.77370,0.44007,-0.18389,0.5341,-0.2430,0.9270,0.000,0.000,0.000,1,46
TRK,205164,0.41704,-0.77369,0.44009,-0.18384,0.5341,-0.2430,0.9270,0.000,0.000,0.000,1,46
TRK,205184,0.41696,-0.77373,0.44012,-0.18380,0.5341,-0.2430,0.9270,0.000,0.000,0.000,1,46
TRK,205204,0.41690,-0.77376,0.44015,-0.18375,0.5341,-0.2430,0.9270,0.000,0.000,0.000,1,46
TRK,205223,0.41692,-0.77375,0.44012,-0.18381,0.5341,-0.2430,0.9270,0.000,0.000,0.000,1,46
TRK,205243,0.41687,-0.77378,0.44012,-0.18382,0.5341,-0.2430,0.9270,0.000,0.000,0.000,1,46
TRK,205263,0.41690,-0.77376,0.44007,-0.18391,0.5341,-0.2430,0.9270,0.000,0.000,0.000,1,46
TRK,205281,0.41680,-0.77382,0.44008,-0.18389,0.5341,-0.2430,0.9270,0.000,0.000,0.000,1,46
TRK,205303,0.41686,-0.77379,0.44007,-0.18392,0.5341,-0.2430,0.9270,0.000,0.000,0.000,1,46
TRK,205323,0.41681,-0.77381,0.44009,-0.18387,0.5341,-0.2430,0.9270,0.000,0.000,0.000,1,46
TRK,205342,0.41682,-0.77380,0.44011,-0.18384,0.5341,-0.2430,0.9270,0.000,0.000,0.000,1,46
TRK,205363,0.41685,-0.77379,0.44009,-0.18387,0.5341,-0.2430,0.9270,0.000,0.000,0.000,1,46
TRK,205383,0.41677,-0.77383,0.44009,-0.18387,0.5341,-0.2430,0.9270,0.000,0.000,0.000,1,46
TRK,205403,0.41685,-0.77379,0.44003,-0.18399,0.5341,-0.2430,0.9270,0.000,0.000,0.000,1,46
TRK,205421,0.41686,-0.77379,0.44002,-0.18400,0.5341,-0.2430,0.9270,0.000,0.000,0.000,1,46
TRK,205441,0.41692,-0.77376,0.44002,-0.18400,0.5341,-0.2430,0.9270,0.000,0.000,0.000,1,46
TRK,205462,0.41693,-0.77376,0.44002,-0.18399,0.5341,-0.2430,0.9270,0.000,0.000,0.000,1,46
TRK,205484,0.41687,-0.77379,0.44002,-0.18400,0.5341,-0.2430,0.9270,0.000,0.000,0.000,1,46
TRK,205503,0.41682,-0.77381,0.44003,-0.18400,0.5341,-0.2430,0.9270,0.000,0.000,0.000,1,46
TRK,205521,0.41675,-0.77384,0.44007,-0.18392,0.5341,-0.2430,0.9270,0.000,0.000,0.000,1,46
TRK,205543,0.41678,-0.77383,0.44006,-0.18393,0.5341,-0.2430,0.9270,0.000,0.000,0.000,1,46
TRK,205563,0.41675,-0.77384,0.44008,-0.18390,0.5341,-0.2430,0.9270,0.000,0.000,0.000,1,46
TRK,205583,0.41685,-0.77379,0.44008,-0.18389,0.5341,-0.2430,0.9270,0.000,0.000,0.000,1,46
TRK,205602,0.41686,-0.77378,0.44011,-0.18382,0.5341,-0.2430,0.9270,0.000,0.000,0.000,1,46
TRK,205624,0.41694,-0.77374,0.44012,-0.18381,0.5341,-0.2430,0.9270,0.000,0.000,0.000,1,46
TRK,205642,0.41696,-0.77373,0.44014,-0.18377,0.5341,-0.2430,0.9270,0.000,0.000,0.000,1,46
TRK,205664,0.41701,-0.77370,0.44013,-0.18377,0.5341,-0.2430,0.9270,0.000,0.000,0.000,1,46
STAT,403.8,400.8,0,0,0,0.0214,0.311,0.1028,0.1160,-0.0621,9.6849,0.71,0.002
TRK,205683,0.41701,-0.77370,0.44014,-0.18375,0.5341,-0.2430,0.9270,0.000,0.000,0.000,1,46
TRK,205701,0.41702,-0.77370,0.44016,-0.18372,0.5341,-0.2430,0.9270,0.000,0.000,0.000,1,46
TRK,205722,0.41698,-0.77371,0.44015,-0.18373,0.5341,-0.2430,0.9270,0.000,0.000,0.000,1,46
TRK,205743,0.41690,-0.77375,0.44016,-0.18372,0.5341,-0.2430,0.9270,0.000,0.000,0.000,1,46
TRK,205764,0.41691,-0.77375,0.44016,-0.18372,0.5341,-0.2430,0.9270,0.000,0.000,0.000,1,46
TRK,205783,0.41683,-0.77379,0.44018,-0.18369,0.5341,-0.2430,0.9270,0.000,0.000,0.000,1,46
TRK,205801,0.41686,-0.77378,0.44017,-0.18371,0.5341,-0.2430,0.9270,0.000,0.000,0.000,1,46
TRK,205823,0.41682,-0.77380,0.44017,-0.18371,0.5341,-0.2430,0.9270,0.000,0.000,0.000,1,46
TRK,205842,0.41676,-0.77383,0.44017,-0.18372,0.5341,-0.2430,0.9270,0.000,0.000,0.000,1,46
TRK,205862,0.41681,-0.77380,0.44015,-0.18376,0.5341,-0.2430,0.9270,0.000,0.000,0.000,1,46
TRK,205882,0.41673,-0.77384,0.44017,-0.18371,0.5341,-0.2430,0.9270,0.000,0.000,0.000,1,46
TRK,205904,0.41682,-0.77380,0.44015,-0.18376,0.5341,-0.2430,0.9270,0.000,0.000,0.000,1,46
TRK,205922,0.41674,-0.77384,0.44017,-0.18372,0.5341,-0.2430,0.9270,0.000,0.000,0.000,1,46
TRK,205944,0.41676,-0.77383,0.44014,-0.18378,0.5341,-0.2430,0.9270,0.000,0.000,0.000,1,46
TRK,205963,0.41672,-0.77385,0.44014,-0.18378,0.5341,-0.2430,0.9270,0.000,0.000,0.000,1,46
TRK,205981,0.41673,-0.77384,0.44014,-0.18377,0.5341,-0.2430,0.9270,0.000,0.000,0.000,1,46
TRK,206003,0.41681,-0.77381,0.44012,-0.18381,0.5341,-0.2430,0.9270,0.000,0.000,0.000,1,46
TRK,206024,0.41680,-0.77381,0.44016,-0.18374,0.5341,-0.2430,0.9270,0.000,0.000,0.000,1,46
TRK,206043,0.41688,-0.77377,0.44011,-0.18382,0.5341,-0.2430,0.9270,0.000,0.000,0.000,1,46
TRK,206061,0.41682,-0.77380,0.44016,-0.18373,0.5341,-0.2430,0.9270,0.000,0.000,0.000,1,46
TRK,206083,0.41689,-0.77376,0.44014,-0.18376,0.5341,-0.2430,0.9270,0.000,0.000,0.000,1,46
TRK,206102,0.41681,-0.77380,0.44017,-0.18371,0.5341,-0.2430,0.9270,0.000,0.000,0.000,1,46
TRK,206122,0.41687,-0.77377,0.44015,-0.18374,0.5341,-0.2430,0.9270,0.000,0.000,0.000,1,46
TRK,206142,0.41685,-0.77378,0.44013,-0.18379,0.5341,-0.2430,0.9270,0.000,0.000,0.000,1,46
TRK,206164,0.41689,-0.77377,0.44011,-0.18382,0.5341,-0.2430,0.9270,0.000,0.000,0.000,1,46
TRK,206184,0.41685,-0.77379,0.44010,-0.18384,0.5341,-0.2430,0.9270,0.000,0.000,0.000,1,46
TRK,206202,0.41680,-0.77381,0.44013,-0.18380,0.5341,-0.2430,0.9270,0.000,0.000,0.000,1,46
TRK,206224,0.41674,-0.77384,0.44014,-0.18378,0.5341,-0.2430,0.9270,0.000,0.000,0.000,1,46
TRK,206244,0.41665,-0.77388,0.44018,-0.18372,0.5341,-0.2430,0.9270,0.000,0.000,0.000,1,46
TRK,206264,0.41667,-0.77387,0.44018,-0.18372,0.5341,-0.2430,0.9270,0.000,0.000,0.000,1,46
TRK,206283,0.41666,-0.77388,0.44018,-0.18372,0.5341,-0.2430,0.9270,0.000,0.000,0.000,1,46
TRK,206302,0.41668,-0.77387,0.44018,-0.18371,0.5341,-0.2430,0.9270,0.000,0.000,0.000,1,46
TRK,206322,0.41669,-0.77386,0.44017,-0.18373,0.5341,-0.2430,0.9270,0.000,0.000,0.000,1,46
TRK,206342,0.41658,-0.77391,0.44022,-0.18364,0.5341,-0.2430,0.9270,0.000,0.000,0.000,1,46
TRK,206362,0.41672,-0.77385,0.44018,-0.18371,0.5341,-0.2430,0.9270,0.000,0.000,0.000,1,46
TRK,206382,0.41673,-0.77384,0.44019,-0.18368,0.5341,-0.2430,0.9270,0.000,0.000,0.000,1,46
TRK,206404,0.41671,-0.77385,0.44019,-0.18368,0.5341,-0.2430,0.9270,0.000,0.000,0.000,1,46
TRK,206424,0.41675,-0.77383,0.44019,-0.18369,0.5341,-0.2430,0.9270,0.000,0.000,0.000,1,46
TRK,206441,0.41669,-0.77386,0.44021,-0.18366,0.5341,-0.2430,0.9270,0.000,0.000,0.000,1,46
TRK,206461,0.41698,-0.77372,0.44010,-0.18384,0.5341,-0.2430,0.9270,0.000,0.000,0.000,1,46
TRK,206482,0.41683,-0.77379,0.44020,-0.18365,0.5341,-0.2430,0.9270,0.000,0.000,0.000,1,46
TRK,206504,0.41707,-0.77367,0.44018,-0.18367,0.5341,-0.2430,0.9270,0.000,0.000,0.000,1,46
TRK,206523,0.41697,-0.77371,0.44026,-0.18352,0.5341,-0.2430,0.9270,0.000,0.000,0.000,1,46
TRK,206541,0.41702,-0.77368,0.44027,-0.18349,0.5341,-0.2430,0.9270,0.000,0.000,0.000,1,46
TRK,206561,0.41714,-0.77363,0.44025,-0.18353,0.5341,-0.2430,0.9270,0.000,0.000,0.000,1,46
TRK,206582,0.41687,-0.77376,0.44031,-0.18343,0.5341,-0.2430,0.9270,0.000,0.000,0.000,1,46
TRK,206602,0.41711,-0.77365,0.44017,-0.18369,0.5341,-0.2430,0.9270,0.000,0.000,0.000,1,46
TRK,206622,0.41701,-0.77370,0.44015,-0.18373,0.5341,-0.2430,0.9270,0.000,0.000,0.000,1,46
TRK,206642,0.41711,-0.77366,0.44008,-0.18387,0.5341,-0.2430,0.9270,0.000,0.000,0.000,1,46
TRK,206664,0.41693,-0.77374,0.44014,-0.18376,0.5341,-0.2430,0.9270,0.000,0.000,0.000,1,46
STAT,404.0,400.5,0,0,0,0.0360,1.088,0.1122,0.1253,-0.0570,9.6843,0.71,0.002
TRK,206684,0.41697,-0.77372,0.44011,-0.18382,0.5341,-0.2430,0.9270,0.000,0.000,0.000,1,46
TRK,206702,0.41691,-0.77375,0.44014,-0.18377,0.5341,-0.2430,0.9270,0.000,0.000,0.000,1,46
TRK,206722,0.41698,-0.77372,0.44011,-0.18381,0.5341,-0.2430,0.9270,0.000,0.000,0.000,1,46
TRK,206744,0.41673,-0.77385,0.44016,-0.18375,0.5341,-0.2430,0.9270,0.000,0.000,0.000,1,46
TRK,206763,0.41686,-0.77378,0.44008,-0.18388,0.5341,-0.2430,0.9270,0.000,0.000,0.000,1,46
TRK,206783,0.41686,-0.77379,0.44005,-0.18395,0.5341,-0.2430,0.9270,0.000,0.000,0.000,1,46
TRK,206803,0.41659,-0.77392,0.44011,-0.18385,0.5341,-0.2430,0.9270,0.000,0.000,0.000,1,46
TRK,206822,0.41668,-0.77388,0.44008,-0.18391,0.5341,-0.2430,0.9270,0.000,0.000,0.000,1,46
TRK,206842,0.41649,-0.77397,0.44016,-0.18377,0.5341,-0.2430,0.9270,0.000,0.000,0.000,1,46
TRK,206862,0.41672,-0.77386,0.44007,-0.18391,0.5341,-0.2430,0.9270,0.000,0.000,0.000,1,46
TRK,206882,0.41661,-0.77391,0.44013,-0.18382,0.5341,-0.2430,0.9270,0.000,0.000,0.000,1,46
TRK,206904,0.41656,-0.77393,0.44015,-0.18378,0.5341,-0.2430,0.9270,0.000,0.000,0.000,1,46
TRK,206924,0.41671,-0.77386,0.44009,-0.18388,0.5341,-0.2430,0.9270,0.000,0.000,0.000,1,46
TRK,206944,0.41655,-0.77394,0.44016,-0.18375,0.5341,-0.2430,0.9270,0.000,0.000,0.000,1,46
TRK,206962,0.41665,-0.77388,0.44017,-0.18373,0.5341,-0.2430,0.9270,0.000,0.000,0.000,1,46
TRK,206984,0.41652,-0.77394,0.44025,-0.18359,0.5341,-0.2430,0.9270,0.000,0.000,0.000,1,46
TRK,207003,0.41664,-0.77388,0.44027,-0.18353,0.5341,-0.2430,0.9270,0.000,0.000,0.000,1,46
TRK,207024,0.41668,-0.77386,0.44030,-0.18348,0.5341,-0.2430,0.9270,0.000,0.000,0.000,1,46
TRK,207044,0.41663,-0.77388,0.44030,-0.18348,0.5341,-0.2430,0.9270,0.000,0.000,0.000,1,46
TRK,207061,0.41677,-0.77382,0.44025,-0.18357,0.5341,-0.2430,0.9270,0.000,0.000,0.000,1,46
TRK,207083,0.41676,-0.77382,0.44025,-0.18356,0.5341,-0.2430,0.9270,0.000,0.000,0.000,1,46
TRK,207103,0.41677,-0.77381,0.44023,-0.18360,0.5341,-0.2430,0.9270,0.000,0.000,0.000,1,46
TRK,207122,0.41682,-0.77379,0.44022,-0.18362,0.5341,-0.2430,0.9270,0.000,0.000,0.000,1,46
TRK,207140,0.41681,-0.77379,0.44024,-0.18359,0.5341,-0.2430,0.9270,0.000,0.000,0.000,1,46
TRK,207162,0.41683,-0.77378,0.44023,-0.18360,0.5341,-0.2430,0.9270,0.000,0.000,0.000,1,46
TRK,207181,0.41683,-0.77378,0.44023,-0.18360,0.5341,-0.2430,0.9270,0.000,0.000,0.000,1,46
TRK,207204,0.41681,-0.77380,0.44020,-0.18366,0.5341,-0.2430,0.9270,0.000,0.000,0.000,1,46
TRK,207223,0.41693,-0.77374,0.44013,-0.18379,0.5341,-0.2430,0.9270,0.000,0.000,0.000,1,46
TRK,207241,0.41680,-0.77381,0.44016,-0.18373,0.5341,-0.2430,0.9270,0.000,0.000,0.000,1,46
TRK,207261,0.41690,-0.77376,0.44015,-0.18375,0.5341,-0.2430,0.9270,0.000,0.000,0.000,1,46
TRK,207283,0.41691,-0.77375,0.44019,-0.18367,0.5341,-0.2430,0.9270,0.000,0.000,0.000,1,46
TRK,207304,0.41701,-0.77370,0.44019,-0.18365,0.5341,-0.2430,0.9270,0.000,0.000,0.000,1,46
TRK,207323,0.41689,-0.77375,0.44022,-0.18361,0.5341,-0.2430,0.9270,0.000,0.000,0.000,1,46
TRK,207341,0.41692,-0.77374,0.44019,-0.18366,0.5341,-0.2430,0.9270,0.000,0.000,0.000,1,46
TRK,207363,0.41702,-0.77370,0.44012,-0.18380,0.5341,-0.2430,0.9270,0.000,0.000,0.000,1,46
TRK,207382,0.41693,-0.77375,0.44012,-0.18380,0.5341,-0.2430,0.9270,0.000,0.000,0.000,1,46
TRK,207402,0.41689,-0.77376,0.44011,-0.18382,0.5341,-0.2430,0.9270,0.000,0.000,0.000,1,46
TRK,207424,0.41677,-0.77382,0.44020,-0.18367,0.5341,-0.2430,0.9270,0.000,0.000,0.000,1,46
TRK,207442,0.41687,-0.77377,0.44016,-0.18374,0.5341,-0.2430,0.9270,0.000,0.000,0.000,1,46
TRK,207464,0.41677,-0.77382,0.44018,-0.18370,0.5341,-0.2430,0.9270,0.000,0.000,0.000,1,46
TRK,207483,0.41681,-0.77380,0.44013,-0.18379,0.5341,-0.2430,0.9270,0.000,0.000,0.000,1,46
TRK,207501,0.41684,-0.77380,0.44007,-0.18391,0.5341,-0.2430,0.9270,0.000,0.000,0.000,1,46
TRK,207523,0.41680,-0.77382,0.44000,-0.18405,0.5341,-0.2430,0.9270,0.000,0.000,0.000,1,46
TRK,207544,0.41677,-0.77384,0.44000,-0.18406,0.5341,-0.2430,0.9270,0.000,0.000,0.000,1,46
TRK,207563,0.41675,-0.77385,0.44001,-0.18404,0.5341,-0.2430,0.9270,0.000,0.000,0.000,1,46
TRK,207581,0.41670,-0.77387,0.44004,-0.18398,0.5341,-0.2430,0.9270,0.000,0.000,0.000,1,46
TRK,207603,0.41662,-0.77391,0.44010,-0.18388,0.5341,-0.2430,0.9270,0.000,0.000,0.000,1,46
TRK,207622,0.41658,-0.77393,0.44012,-0.18385,0.5341,-0.2430,0.9270,0.000,0.000,0.000,1,46
TRK,207643,0.41651,-0.77396,0.44015,-0.18379,0.5341,-0.2430,0.9270,0.000,0.000,0.000,1,46
TRK,207662,0.41654,-0.77394,0.44012,-0.18385,0.5341,-0.2430,0.9270,0.000,0.000,0.000,1,46
STAT,404.0,400.5,0,0,0,0.0224,0.594,0.1055,0.1167,-0.0632,9.6826,0.71,0.002
TRK,207681,0.41648,-0.77398,0.44012,-0.18385,0.5341,-0.2430,0.9270,0.000,0.000,0.000,1,46
TRK,207704,0.41664,-0.77390,0.44008,-0.18392,0.5341,-0.2430,0.9270,0.000,0.000,0.000,1,46
TRK,207724,0.41659,-0.77392,0.44012,-0.18384,0.5341,-0.2430,0.9270,0.000,0.000,0.000,1,46
TRK,207743,0.41671,-0.77386,0.44010,-0.18386,0.5341,-0.2430,0.9270,0.000,0.000,0.000,1,46
TRK,207763,0.41666,-0.77388,0.44015,-0.18376,0.5341,-0.2430,0.9270,0.000,0.000,0.000,1,46
TRK,207784,0.41669,-0.77387,0.44014,-0.18380,0.5341,-0.2430,0.9270,0.000,0.000,0.000,1,46
TRK,207803,0.41663,-0.77390,0.44015,-0.18377,0.5341,-0.2430,0.9270,0.000,0.000,0.000,1,46
TRK,207821,0.41665,-0.77389,0.44014,-0.18380,0.5341,-0.2430,0.9270,0.000,0.000,0.000,1,46
TRK,207843,0.41670,-0.77386,0.44010,-0.18387,0.5341,-0.2430,0.9270,0.000,0.000,0.000,1,46
TRK,207861,0.41670,-0.77387,0.44010,-0.18387,0.5341,-0.2430,0.9270,0.000,0.000,0.000,1,46
TRK,207883,0.41677,-0.77383,0.44010,-0.18385,0.5341,-0.2430,0.9270,0.000,0.000,0.000,1,46
TRK,207903,0.41672,-0.77385,0.44015,-0.18377,0.5341,-0.2430,0.9270,0.000,0.000,0.000,1,46
TRK,207923,0.41685,-0.77379,0.44012,-0.18381,0.5341,-0.2430,0.9270,0.000,0.000,0.000,1,46
TRK,207942,0.41671,-0.77385,0.44020,-0.18368,0.5341,-0.2430,0.9270,0.000,0.000,0.000,1,46
TRK,207964,0.41682,-0.77380,0.44016,-0.18374,0.5341,-0.2430,0.9270,0.000,0.000,0.000,1,46
TRK,207983,0.41670,-0.77385,0.44021,-0.18366,0.5341,-0.2430,0.9270,0.000,0.000,0.000,1,46
TRK,208002,0.41676,-0.77382,0.44019,-0.18369,0.5341,-0.2430,0.9270,0.000,0.000,0.000,1,46
TRK,208024,0.41673,-0.77384,0.44017,-0.18372,0.5341,-0.2430,0.9270,0.000,0.000,0.000,1,46
TRK,208043,0.41666,-0.77388,0.44020,-0.18367,0.5341,-0.2430,0.9270,0.000,0.000,0.000,1,46
TRK,208061,0.41673,-0.77384,0.44019,-0.18369,0.5341,-0.2430,0.9270,0.000,0.000,0.000,1,46
TRK,208081,0.41659,-0.77391,0.44023,-0.18362,0.5341,-0.2430,0.9270,0.000,0.000,0.000,1,46
TRK,208101,0.41668,-0.77387,0.44018,-0.18371,0.5341,-0.2430,0.9270,0.000,0.000,0.000,1,46
TRK,208122,0.41661,-0.77390,0.44019,-0.18369,0.5341,-0.2430,0.9270,0.000,0.000,0.000,1,46
TRK,208142,0.41662,-0.77390,0.44015,-0.18377,0.5341,-0.2430,0.9270,0.000,0.000,0.000,1,46
TRK,208162,0.41660,-0.77391,0.44014,-0.18380,0.5341,-0.2430,0.9270,0.000,0.000,0.000,1,46
TRK,208182,0.41662,-0.77391,0.44012,-0.18384,0.5341,-0.2430,0.9270,0.000,0.000,0.000,1,46
TRK,208204,0.41662,-0.77390,0.44013,-0.18381,0.5341,-0.2430,0.9270,0.000,0.000,0.000,1,46
TRK,208224,0.41654,-0.77394,0.44017,-0.18374,0.5341,-0.2430,0.9270,0.000,0.000,0.000,1,46
TRK,208242,0.41656,-0.77393,0.44019,-0.18370,0.5341,-0.2430,0.9270,0.000,0.000,0.000,1,46
TRK,208262,0.41648,-0.77397,0.44022,-0.18365,0.5341,-0.2430,0.9270,0.000,0.000,0.000,1,46
TRK,208284,0.41649,-0.77396,0.44021,-0.18367,0.5341,-0.2430,0.9270,0.000,0.000,0.000,1,46
TRK,208303,0.41642,-0.77399,0.44023,-0.18364,0.5341,-0.2430,0.9270,0.000,0.000,0.000,1,46
TRK,208323,0.41639,-0.77401,0.44022,-0.18367,0.5341,-0.2430,0.9270,0.000,0.000,0.000,1,46
TRK,208342,0.41636,-0.77402,0.44023,-0.18365,0.5341,-0.2430,0.9270,0.000,0.000,0.000,1,46
TRK,208362,0.41635,-0.77403,0.44026,-0.18359,0.5341,-0.2430,0.9270,0.000,0.000,0.000,1,46
TRK,208382,0.41642,-0.77399,0.44026,-0.18358,0.5341,-0.2430,0.9270,0.000,0.000,0.000,1,46
TRK,208402,0.41640,-0.77400,0.44028,-0.18354,0.5341,-0.2430,0.9270,0.000,0.000,0.000,1,46
TRK,208422,0.41648,-0.77396,0.44028,-0.18354,0.5341,-0.2430,0.9270,0.000,0.000,0.000,1,46
TRK,208444,0.41650,-0.77395,0.44029,-0.18352,0.5341,-0.2430,0.9270,0.000,0.000,0.000,1,46
TRK,208464,0.41664,-0.77389,0.44021,-0.18365,0.5341,-0.2430,0.9270,0.000,0.000,0.000,1,46
TRK,208481,0.41665,-0.77388,0.44020,-0.18368,0.5341,-0.2430,0.9270,0.000,0.000,0.000,1,46
TRK,208501,0.41668,-0.77387,0.44017,-0.18373,0.5341,-0.2430,0.9270,0.000,0.000,0.000,1,46
TRK,208522,0.41666,-0.77388,0.44015,-0.18378,0.5341,-0.2430,0.9270,0.000,0.000,0.000,1,46
TRK,208544,0.41667,-0.77388,0.44014,-0.18379,0.5341,-0.2430,0.9270,0.000,0.000,0.000,1,46
TRK,208563,0.41666,-0.77388,0.44014,-0.18380,0.5341,-0.2430,0.9270,0.000,0.000,0.000,1,46
TRK,208581,0.41661,-0.77391,0.44015,-0.18378,0.5341,-0.2430,0.9270,0.000,0.000,0.000,1,46
TRK,208603,0.41669,-0.77387,0.44011,-0.18384,0.5341,-0.2430,0.9270,0.000,0.000,0.000,1,46
TRK,208623,0.41666,-0.77388,0.44010,-0.18387,0.5341,-0.2430,0.9270,0.000,0.000,0.000,1,46
TRK,208643,0.41674,-0.77385,0.44008,-0.18390,0.5341,-0.2430,0.9270,0.000,0.000,0.000,1,46
TRK,208662,0.41675,-0.77384,0.44009,-0.18388,0.5341,-0.2430,0.9270,0.000,0.000,0.000,1,46
STAT,403.8,400.8,0,0,0,0.0281,0.347,0.1016,0.1112,-0.0746,9.6847,0.71,0.002
TRK,208684,0.41682,-0.77380,0.44009,-0.18388,0.5341,-0.2430,0.9270,0.000,0.000,0.000,1,46
TRK,208702,0.41681,-0.77381,0.44011,-0.18384,0.5341,-0.2430,0.9270,0.000,0.000,0.000,1,46
TRK,208721,0.41682,-0.77380,0.44012,-0.18382,0.5341,-0.2430,0.9270,0.000,0.000,0.000,1,46
TRK,208744,0.41679,-0.77382,0.44013,-0.18380,0.5341,-0.2430,0.9270,0.000,0.000,0.000,1,46
TRK,208763,0.41678,-0.77382,0.44014,-0.18379,0.5341,-0.2430,0.9270,0.000,0.000,0.000,1,46
TRK,208781,0.41673,-0.77384,0.44016,-0.18374,0.5341,-0.2430,0.9270,0.000,0.000,0.000,1,46
TRK,208803,0.41666,-0.77387,0.44021,-0.18365,0.5341,-0.2430,0.9270,0.000,0.000,0.000,1,46
TRK,208824,0.41663,-0.77389,0.44024,-0.18361,0.5341,-0.2430,0.9270,0.000,0.000,0.000,1,46
TRK,208844,0.41653,-0.77393,0.44028,-0.18353,0.5341,-0.2430,0.9270,0.000,0.000,0.000,1,46
TRK,208863,0.41657,-0.77391,0.44027,-0.18354,0.5341,-0.2430,0.9270,0.000,0.000,0.000,1,46
TRK,208882,0.41655,-0.77392,0.44028,-0.18354,0.5341,-0.2430,0.9270,0.000,0.000,0.000,1,46
TRK,208902,0.41656,-0.77392,0.44026,-0.18356,0.5341,-0.2430,0.9270,0.000,0.000,0.000,1,46
TRK,208922,0.41658,-0.77391,0.44027,-0.18355,0.5341,-0.2430,0.9270,0.000,0.000,0.000,1,46
TRK,208942,0.41654,-0.77393,0.44029,-0.18351,0.5341,-0.2430,0.9270,0.000,0.000,0.000,1,46
TRK,208962,0.41664,-0.77388,0.44025,-0.18358,0.5341,-0.2430,0.9270,0.000,0.000,0.000,1,46
TRK,208984,0.41657,-0.77391,0.44027,-0.18354,0.5341,-0.2430,0.9270,0.000,0.000,0.000,1,46
TRK,209002,0.41660,-0.77390,0.44025,-0.18359,0.5341,-0.2430,0.9270,0.000,0.000,0.000,1,46
TRK,209024,0.41657,-0.77391,0.44024,-0.18360,0.5341,-0.2430,0.9270,0.000,0.000,0.000,1,46
TRK,209043,0.41661,-0.77390,0.44024,-0.18359,0.5341,-0.2430,0.9270,0.000,0.000,0.000,1,46
TRK,209064,0.41659,-0.77390,0.44028,-0.18353,0.5341,-0.2430,0.9270,0.000,0.000,0.000,1,46
TRK,209084,0.41653,-0.77393,0.44028,-0.18353,0.5341,-0.2430,0.9270,0.000,0.000,0.000,1,46
TRK,209103,0.41659,-0.77390,0.44028,-0.18352,0.5341,-0.2430,0.9270,0.000,0.000,0.000,1,46
TRK,209122,0.41655,-0.77392,0.44032,-0.18345,0.5341,-0.2430,0.9270,0.000,0.000,0.000,1,46
TRK,209142,0.41662,-0.77389,0.44030,-0.18347,0.5341,-0.2430,0.9270,0.000,0.000,0.000,1,46
TRK,209162,0.41656,-0.77391,0.44034,-0.18340,0.5341,-0.2430,0.9270,0.000,0.000,0.000,1,46
TRK,209182,0.41665,-0.77387,0.44032,-0.18344,0.5341,-0.2430,0.9270,0.000,0.000,0.000,1,46
TRK,209203,0.41654,-0.77392,0.44031,-0.18347,0.5341,-0.2430,0.9270,0.000,0.000,0.000,1,46
TRK,209224,0.41656,-0.77392,0.44027,-0.18356,0.5341,-0.2430,0.9270,0.000,0.000,0.000,1,46
TRK,209244,0.41654,-0.77393,0.44025,-0.18360,0.5341,-0.2430,0.9270,0.000,0.000,0.000,1,46
TRK,209262,0.41652,-0.77395,0.44023,-0.18363,0.5341,-0.2430,0.9270,0.000,0.000,0.000,1,46
TRK,209283,0.41654,-0.77393,0.44020,-0.18369,0.5341,-0.2430,0.9270,0.000,0.000,0.000,1,46
TRK,209304,0.41657,-0.77392,0.44022,-0.18364,0.5341,-0.2430,0.9270,0.000,0.000,0.000,1,46
TRK,209323,0.41664,-0.77389,0.44021,-0.18366,0.5341,-0.2430,0.9270,0.000,0.000,0.000,1,46
TRK,209341,0.41667,-0.77387,0.44023,-0.18361,0.5341,-0.2430,0.9270,0.000,0.000,0.000,1,46
TRK,209363,0.41674,-0.77383,0.44021,-0.18364,0.5341,-0.2430,0.9270,0.000,0.000,0.000,1,46
TRK,209381,0.41675,-0.77383,0.44022,-0.18363,0.5341,-0.2430,0.9270,0.000,0.000,0.000,1,46
TRK,209403,0.41673,-0.77384,0.44021,-0.18366,0.5341,-0.2430,0.9270,0.000,0.000,0.000,1,46
TRK,209423,0.41671,-0.77385,0.44022,-0.18362,0.5341,-0.2430,0.9270,0.000,0.000,0.000,1,46
TRK,209443,0.41663,-0.77389,0.44022,-0.18364,0.5341,-0.2430,0.9270,0.000,0.000,0.000,1,46
TRK,209462,0.41658,-0.77391,0.44024,-0.18361,0.5341,-0.2430,0.9270,0.000,0.000,0.000,1,46
TRK,209481,0.41666,-0.77387,0.44023,-0.18361,0.5341,-0.2430,0.9270,0.000,0.000,0.000,1,46
TRK,209504,0.41668,-0.77386,0.44025,-0.18357,0.5341,-0.2430,0.9270,0.000,0.000,0.000,1,46
TRK,209523,0.41669,-0.77385,0.44026,-0.18356,0.5341,-0.2430,0.9270,0.000,0.000,0.000,1,46
TRK,209541,0.41670,-0.77385,0.44026,-0.18356,0.5341,-0.2430,0.9270,0.000,0.000,0.000,1,46
TRK,209563,0.41665,-0.77387,0.44026,-0.18357,0.5341,-0.2430,0.9270,0.000,0.000,0.000,1,46
TRK,209584,0.41667,-0.77387,0.44023,-0.18361,0.5341,-0.2430,0.9270,0.000,0.000,0.000,1,46
TRK,209603,0.41662,-0.77389,0.44025,-0.18359,0.5341,-0.2430,0.9270,0.000,0.000,0.000,1,46
TRK,209621,0.41656,-0.77392,0.44025,-0.18358,0.5341,-0.2430,0.9270,0.000,0.000,0.000,1,46
TRK,209641,0.41657,-0.77391,0.44028,-0.18354,0.5341,-0.2430,0.9270,0.000,0.000,0.000,1,46
TRK,209662,0.41657,-0.77391,0.44029,-0.18351,0.5341,-0.2430,0.9270,0.000,0.000,0.000,1,46
STAT,403.8,400.8,0,0,0,0.0245,0.278,0.1077,0.1112,-0.0647,9.6854,0.71,0.002
TRK,209682,0.41665,-0.77387,0.44028,-0.18353,0.5341,-0.2430,0.9270,0.000,0.000,0.000,1,46
TRK,209702,0.41661,-0.77389,0.44029,-0.18350,0.5341,-0.2430,0.9270,0.000,0.000,0.000,1,46
TRK,209724,0.41662,-0.77389,0.44025,-0.18359,0.5341,-0.2430,0.9270,0.000,0.000,0.000,1,46
TRK,209742,0.41661,-0.77390,0.44022,-0.18364,0.5341,-0.2430,0.9270,0.000,0.000,0.000,1,46
TRK,209764,0.41655,-0.77393,0.44018,-0.18372,0.5341,-0.2430,0.9270,0.000,0.000,0.000,1,46
TRK,209783,0.41653,-0.77395,0.44016,-0.18376,0.5341,-0.2430,0.9270,0.000,0.000,0.000,1,46
TRK,209801,0.41651,-0.77396,0.44015,-0.18378,0.5341,-0.2430,0.9270,0.000,0.000,0.000,1,46
TRK,209821,0.41657,-0.77393,0.44011,-0.18386,0.5341,-0.2430,0.9270,0.000,0.000,0.000,1,46
TRK,209843,0.41657,-0.77393,0.44012,-0.18385,0.5341,-0.2430,0.9270,0.000,0.000,0.000,1,46
TRK,209861,0.41661,-0.77391,0.44009,-0.18389,0.5341,-0.2430,0.9270,0.000,0.000,0.000,1,46
TRK,209881,0.41664,-0.77390,0.44008,-0.18391,0.5341,-0.2430,0.9270,0.000,0.000,0.000,1,46
TRK,209903,0.41669,-0.77387,0.44004,-0.18398,0.5341,-0.2430,0.9270,0.000,0.000,0.000,1,46
TRK,209922,0.41668,-0.77388,0.44004,-0.18398,0.5341,-0.2430,0.9270,0.000,0.000,0.000,1,46
TRK,209942,0.41674,-0.77385,0.44006,-0.18395,0.5341,-0.2430,0.9270,0.000,0.000,0.000,1,46
TRK,209962,0.41676,-0.77383,0.44008,-0.18389,0.5341,-0.2430,0.9270,0.000,0.000,0.000,1,46
TRK,209984,0.41680,-0.77381,0.44013,-0.18380,0.5341,-0.2430,0.9270,0.000,0.000,0.000,1,46
TRK,210004,0.41679,-0.77381,0.44016,-0.18375,0.5341,-0.2430,0.9270,0.000,0.000,0.000,1,46
TRK,210030,0.41672,-0.77384,0.44021,-0.18365,0.5341,-0.2430,0.9270,0.000,0.000,0.000,1,46
TRK,210044,0.41672,-0.77384,0.44021,-0.18365,0.5341,-0.2430,0.9270,0.000,0.000,0.000,1,46
TRK,210063,0.41668,-0.77386,0.44025,-0.18357,0.5341,-0.2430,0.9270,0.000,0.000,0.000,1,46
TRK,210083,0.41673,-0.77383,0.44025,-0.18357,0.5341,-0.2430,0.9270,0.000,0.000,0.000,1,46
TRK,210103,0.41669,-0.77386,0.44024,-0.18359,0.5341,-0.2430,0.9270,0.000,0.000,0.000,1,46
TRK,210124,0.41673,-0.77384,0.44023,-0.18361,0.5341,-0.2430,0.9270,0.000,0.000,0.000,1,46
TRK,210141,0.41678,-0.77381,0.44022,-0.18363,0.5341,-0.2430,0.9270,0.000,0.000,0.000,1,46
TRK,210163,0.41679,-0.77380,0.44022,-0.18362,0.5341,-0.2430,0.9270,0.000,0.000,0.000,1,46
TRK,210182,0.41685,-0.77378,0.44019,-0.18368,0.5341,-0.2430,0.9270,0.000,0.000,0.000,1,46
TRK,210204,0.41686,-0.77378,0.44014,-0.18377,0.5341,-0.2430,0.9270,0.000,0.000,0.000,1,46
TRK,210222,0.41690,-0.77376,0.44012,-0.18381,0.5341,-0.2430,0.9270,0.000,0.000,0.000,1,46
TRK,210244,0.41690,-0.77376,0.44013,-0.18379,0.5341,-0.2430,0.9270,0.000,0.000,0.000,1,46
TRK,210264,0.41686,-0.77377,0.44017,-0.18372,0.5341,-0.2430,0.9270,0.000,0.000,0.000,1,46
TRK,210282,0.41687,-0.77377,0.44018,-0.18369,0.5341,-0.2430,0.9270,0.000,0.000,0.000,1,46
TRK,210302,0.41686,-0.77377,0.44018,-0.18370,0.5341,-0.2430,0.9270,0.000,0.000,0.000,1,46
TRK,210324,0.41688,-0.77377,0.44014,-0.18377,0.5341,-0.2430,0.9270,0.000,0.000,0.000,1,46
TRK,210344,0.41680,-0.77381,0.44014,-0.18377,0.5341,-0.2430,0.9270,0.000,0.000,0.000,1,46
TRK,210364,0.41677,-0.77382,0.44014,-0.18378,0.5341,-0.2430,0.9270,0.000,0.000,0.000,1,46
TRK,210383,0.41679,-0.77381,0.44016,-0.18375,0.5341,-0.2430,0.9270,0.000,0.000,0.000,1,46
TRK,210402,0.41671,-0.77385,0.44019,-0.18369,0.5341,-0.2430,0.9270,0.000,0.000,0.000,1,46
TRK,210422,0.41666,-0.77387,0.44021,-0.18365,0.5341,-0.2430,0.9270,0.000,0.000,0.000,1,46
TRK,210442,0.41666,-0.77387,0.44020,-0.18367,0.5341,-0.2430,0.9270,0.000,0.000,0.000,1,46
TRK,210462,0.41662,-0.77390,0.44017,-0.18374,0.5341,-0.2430,0.9270,0.000,0.000,0.000,1,46
TRK,210484,0.41660,-0.77391,0.44012,-0.18383,0.5341,-0.2430,0.9270,0.000,0.000,0.000,1,46
TRK,210502,0.41656,-0.77393,0.44013,-0.18382,0.5341,-0.2430,0.9270,0.000,0.000,0.000,1,46
TRK,210523,0.41656,-0.77393,0.44015,-0.18379,0.5341,-0.2430,0.9270,0.000,0.000,0.000,1,46
TRK,210544,0.41652,-0.77395,0.44018,-0.18373,0.5341,-0.2430,0.9270,0.000,0.000,0.000,1,46
TRK,210562,0.41650,-0.77395,0.44023,-0.18364,0.5341,-0.2430,0.9270,0.000,0.000,0.000,1,46
TRK,210584,0.41649,-0.77396,0.44025,-0.18360,0.5341,-0.2430,0.9270,0.000,0.000,0.000,1,46
TRK,210603,0.41647,-0.77397,0.44024,-0.18361,0.5341,-0.2430,0.9270,0.000,0.000,0.000,1,46
TRK,210623,0.41653,-0.77394,0.44021,-0.18366,0.5341,-0.2430,0.9270,0.000,0.000,0.000,1,46
TRK,210641,0.41655,-0.77393,0.44021,-0.18366,0.5341,-0.2430,0.9270,0.000,0.000,0.000,1,46
TRK,210661,0.41660,-0.77391,0.44018,-0.18372,0.5341,-0.2430,0.9270,0.000,0.000,0.000,1,46
STAT,404.0,400.5,0,0,0,0.0324,0.363,0.1012,0.1112,-0.0586,9.6863,0.71,0.002
TRK,210683,0.41656,-0.77393,0.44020,-0.18368,0.5341,-0.2430,0.9270,0.000,0.000,0.000,1,46
TRK,210703,0.41662,-0.77389,0.44021,-0.18365,0.5341,-0.2430,0.9270,0.000,0.000,0.000,1,46
TRK,210722,0.41650,-0.77395,0.44026,-0.18357,0.5341,-0.2430,0.9270,0.000,0.000,0.000,1,46
TRK,210744,0.41657,-0.77391,0.44025,-0.18359,0.5341,-0.2430,0.9270,0.000,0.000,0.000,1,46
TRK,210761,0.41659,-0.77391,0.44024,-0.18360,0.5341,-0.2430,0.9270,0.000,0.000,0.000,1,46
TRK,210784,0.41662,-0.77389,0.44023,-0.18361,0.5341,-0.2430,0.9270,0.000,0.000,0.000,1,46
TRK,210803,0.41669,-0.77386,0.44020,-0.18368,0.5341,-0.2430,0.9270,0.000,0.000,0.000,1,46
TRK,210823,0.41665,-0.77388,0.44020,-0.18367,0.5341,-0.2430,0.9270,0.000,0.000,0.000,1,46
TRK,210843,0.41673,-0.77384,0.44018,-0.18371,0.5341,-0.2430,0.9270,0.000,0.000,0.000,1,46
TRK,210863,0.41666,-0.77388,0.44021,-0.18366,0.5341,-0.2430,0.9270,0.000,0.000,0.000,1,46
TRK,210884,0.41668,-0.77386,0.44018,-0.18371,0.5341,-0.2430,0.9270,0.000,0.000,0.000,1,46
TRK,210904,0.41667,-0.77387,0.44017,-0.18373,0.5341,-0.2430,0.9270,0.000,0.000,0.000,1,46
TRK,210924,0.41669,-0.77387,0.44014,-0.18379,0.5341,-0.2430,0.9270,0.000,0.000,0.000,1,46
TRK,210942,0.41676,-0.77383,0.44011,-0.18384,0.5341,-0.2430,0.9270,0.000,0.000,0.000,1,46
TRK,210962,0.41667,-0.77388,0.44011,-0.18385,0.5341,-0.2430,0.9270,0.000,0.000,0.000,1,46
TRK,210984,0.41665,-0.77389,0.44009,-0.18389,0.5341,-0.2430,0.9270,0.000,0.000,0.000,1,46
TRK,211002,0.41659,-0.77392,0.44010,-0.18388,0.5341,-0.2430,0.9270,0.000,0.000,0.000,1,46
TRK,211024,0.41658,-0.77392,0.44013,-0.18382,0.5341,-0.2430,0.9270,0.000,0.000,0.000,1,46
TRK,211042,0.41658,-0.77392,0.44012,-0.18383,0.5341,-0.2430,0.9270,0.000,0.000,0.000,1,46
TRK,211064,0.41654,-0.77395,0.44011,-0.18386,0.5341,-0.2430,0.9270,0.000,0.000,0.000,1,46
TRK,211084,0.41653,-0.77395,0.44011,-0.18386,0.5341,-0.2430,0.9270,0.000,0.000,0.000,1,46
TRK,211103,0.41658,-0.77393,0.44007,-0.18393,0.5341,-0.2430,0.9270,0.000,0.000,0.000,1,46
TRK,211121,0.41655,-0.77394,0.44008,-0.18393,0.5341,-0.2430,0.9270,0.000,0.000,0.000,1,46
TRK,211143,0.41660,-0.77392,0.44006,-0.18396,0.5341,-0.2430,0.9270,0.000,0.000,0.000,1,46
TRK,211162,0.41660,-0.77392,0.44010,-0.18388,0.5341,-0.2430,0.9270,0.000,0.000,0.000,1,46
TRK,211182,0.41663,-0.77390,0.44012,-0.18384,0.5341,-0.2430,0.9270,0.000,0.000,0.000,1,46
TRK,211202,0.41662,-0.77390,0.44014,-0.18380,0.5341,-0.2430,0.9270,0.000,0.000,0.000,1,46
TRK,211222,0.41666,-0.77388,0.44014,-0.18380,0.5341,-0.2430,0.9270,0.000,0.000,0.000,1,46
TRK,211243,0.41668,-0.77387,0.44013,-0.18381,0.5341,-0.2430,0.9270,0.000,0.000,0.000,1,46
TRK,211263,0.41670,-0.77386,0.44012,-0.18383,0.5341,-0.2430,0.9270,0.000,0.000,0.000,1,46
TRK,211283,0.41673,-0.77385,0.44013,-0.18381,0.5341,-0.2430,0.9270,0.000,0.000,0.000,1,46
TRK,211301,0.41667,-0.77388,0.44016,-0.18375,0.5341,-0.2430,0.9270,0.000,0.000,0.000,1,46
TRK,211321,0.41672,-0.77385,0.44015,-0.18377,0.5341,-0.2430,0.9270,0.000,0.000,0.000,1,46
TRK,211341,0.41668,-0.77387,0.44016,-0.18376,0.5341,-0.2430,0.9270,0.000,0.000,0.000,1,46
TRK,211361,0.41674,-0.77384,0.44011,-0.18385,0.5341,-0.2430,0.9270,0.000,0.000,0.000,1,46
TRK,211383,0.41664,-0.77389,0.44009,-0.18389,0.5341,-0.2430,0.9270,0.000,0.000,0.000,1,46
TRK,211401,0.41663,-0.77391,0.44005,-0.18398,0.5341,-0.2430,0.9270,0.000,0.000,0.000,1,46
TRK,211421,0.41667,-0.77389,0.44001,-0.18405,0.5341,-0.2430,0.9270,0.000,0.000,0.000,1,46
TRK,211443,0.41685,-0.77381,0.43990,-0.18425,0.5341,-0.2430,0.9270,0.000,0.000,0.000,1,46
TRK,211462,0.41728,-0.77360,0.43976,-0.18447,0.5341,-0.2430,0.9270,0.000,0.000,0.000,1,46
TRK,211482,0.41805,-0.77322,0.43958,-0.18475,0.5341,-0.2430,0.9270,0.000,0.000,0.000,1,46
TRK,211504,0.41848,-0.77301,0.43946,-0.18493,0.5341,-0.2430,0.9270,0.000,0.000,0.000,1,46
TRK,211524,0.41866,-0.77293,0.43939,-0.18507,0.5341,-0.2430,0.9270,0.000,0.000,0.000,1,46
TRK,211544,0.41877,-0.77288,0.43932,-0.18519,0.5341,-0.2430,0.9270,0.000,0.000,0.000,1,46
TRK,211562,0.41894,-0.77279,0.43930,-0.18521,0.5341,-0.2430,0.9270,0.000,0.000,0.000,1,46
TRK,211582,0.41896,-0.77278,0.43928,-0.18525,0.5341,-0.2430,0.9270,0.000,0.000,0.000,1,46
TRK,211604,0.41905,-0.77273,0.43927,-0.18525,0.5341,-0.2430,0.9270,0.000,0.000,0.000,1,46
TRK,211624,0.41916,-0.77268,0.43925,-0.18528,0.5341,-0.2430,0.9270,0.000,0.000,0.000,1,46
TRK,211643,0.41921,-0.77265,0.43926,-0.18527,0.5341,-0.2430,0.9270,0.000,0.000,0.000,1,46
TRK,211662,0.41932,-0.77260,0.43924,-0.18528,0.5341,-0.2430,0.9270,0.000,0.000,0.000,1,46
STAT,404.0,400.5,0,0,0,0.0283,0.851,0.0906,0.1188,-0.0636,9.6856,0.71,0.002
TRK,211684,0.41920,-0.77266,0.43927,-0.18525,0.5341,-0.2430,0.9270,0.000,0.000,0.000,1,46
TRK,211703,0.41917,-0.77268,0.43924,-0.18530,0.5341,-0.2430,0.9270,0.000,0.000,0.000,1,46
TRK,211722,0.41914,-0.77269,0.43924,-0.18531,0.5341,-0.2430,0.9270,0.000,0.000,0.000,1,46
TRK,211744,0.41894,-0.77279,0.43931,-0.18519,0.5341,-0.2430,0.9270,0.000,0.000,0.000,1,46
TRK,211762,0.41885,-0.77283,0.43936,-0.18511,0.5341,-0.2430,0.9270,0.000,0.000,0.000,1,46
TRK,211784,0.41851,-0.77299,0.43951,-0.18484,0.5341,-0.2430,0.9270,0.000,0.000,0.000,1,46
TRK,211802,0.41762,-0.77341,0.43986,-0.18426,0.5341,-0.2430,0.9270,0.000,0.000,0.000,1,46
TRK,211823,0.41769,-0.77337,0.43989,-0.18417,0.5341,-0.2430,0.9270,0.000,0.000,0.000,1,46
TRK,211844,0.41769,-0.77338,0.43988,-0.18419,0.5341,-0.2430,0.9270,0.000,0.000,0.000,1,46
TRK,211862,0.41742,-0.77351,0.43993,-0.18413,0.5341,-0.2430,0.9270,0.000,0.000,0.000,1,46
TRK,211884,0.41754,-0.77346,0.43984,-0.18429,0.5341,-0.2430,0.9270,0.000,0.000,0.000,1,46
TRK,211904,0.41725,-0.77360,0.43995,-0.18412,0.5341,-0.2430,0.9270,0.000,0.000,0.000,1,46
TRK,211923,0.41737,-0.77354,0.43991,-0.18418,0.5341,-0.2430,0.9270,0.000,0.000,0.000,1,46
TRK,211942,0.41721,-0.77361,0.44002,-0.18397,0.5341,-0.2430,0.9270,0.000,0.000,0.000,1,46
TRK,211962,0.41718,-0.77362,0.44006,-0.18390,0.5341,-0.2430,0.9270,0.000,0.000,0.000,1,46
TRK,211982,0.41724,-0.77359,0.44003,-0.18396,0.5341,-0.2430,0.9270,0.000,0.000,0.000,1,46
TRK,212002,0.41712,-0.77366,0.44001,-0.18400,0.5341,-0.2430,0.9270,0.000,0.000,0.000,1,46
TRK,212024,0.41717,-0.77364,0.43994,-0.18414,0.5341,-0.2430,0.9270,0.000,0.000,0.000,1,46
TRK,212042,0.41708,-0.77368,0.43995,-0.18413,0.5341,-0.2430,0.9270,0.000,0.000,0.000,1,46
TRK,212064,0.41706,-0.77369,0.43996,-0.18410,0.5341,-0.2430,0.9270,0.000,0.000,0.000,1,46
TRK,212082,0.41697,-0.77373,0.44003,-0.18397,0.5341,-0.2430,0.9270,0.000,0.000,0.000,1,46
TRK,212104,0.41692,-0.77375,0.44008,-0.18389,0.5341,-0.2430,0.9270,0.000,0.000,0.000,1,46
TRK,212123,0.41693,-0.77375,0.44007,-0.18391,0.5341,-0.2430,0.9270,0.000,0.000,0.000,1,46
TRK,212143,0.41699,-0.77372,0.44001,-0.18402,0.5341,-0.2430,0.9270,0.000,0.000,0.000,1,46
TRK,212163,0.41704,-0.77370,0.43997,-0.18409,0.5341,-0.2430,0.9270,0.000,0.000,0.000,1,46
TRK,212181,0.41709,-0.77368,0.43992,-0.18419,0.5341,-0.2430,0.9270,0.000,0.000,0.000,1,46
TRK,212201,0.41706,-0.77370,0.43992,-0.18419,0.5341,-0.2430,0.9270,0.000,0.000,0.000,1,46
TRK,212223,0.41703,-0.77371,0.43997,-0.18409,0.5341,-0.2430,0.9270,0.000,0.000,0.000,1,46
TRK,212243,0.41695,-0.77374,0.44006,-0.18393,0.5341,-0.2430,0.9270,0.000,0.000,0.000,1,46
TRK,212262,0.41690,-0.77375,0.44015,-0.18375,0.5341,-0.2430,0.9270,0.000,0.000,0.000,1,46
TRK,212284,0.41690,-0.77375,0.44020,-0.18365,0.5341,-0.2430,0.9270,0.000,0.000,0.000,1,46
TRK,212304,0.41685,-0.77377,0.44021,-0.18363,0.5341,-0.2430,0.9270,0.000,0.000,0.000,1,46
TRK,212324,0.41685,-0.77378,0.44018,-0.18369,0.5341,-0.2430,0.9270,0.000,0.000,0.000,1,46
TRK,212343,0.41680,-0.77381,0.44013,-0.18380,0.5341,-0.2430,0.9270,0.000,0.000,0.000,1,46
TRK,212363,0.41671,-0.77386,0.44011,-0.18386,0.5341,-0.2430,0.9270,0.000,0.000,0.000,1,46
TRK,212383,0.41669,-0.77387,0.44010,-0.18387,0.5341,-0.2430,0.9270,0.000,0.000,0.000,1,46
TRK,212403,0.41658,-0.77392,0.44015,-0.18378,0.5341,-0.2430,0.9270,0.000,0.000,0.000,1,46
TRK,212421,0.41665,-0.77388,0.44017,-0.18374,0.5341,-0.2430,0.9270,0.000,0.000,0.000,1,46
TRK,212443,0.41666,-0.77387,0.44017,-0.18373,0.5341,-0.2430,0.9270,0.000,0.000,0.000,1,46
TRK,212461,0.41660,-0.77391,0.44020,-0.18369,0.5341,-0.2430,0.9270,0.000,0.000,0.000,1,46
TRK,212483,0.41682,-0.77381,0.44007,-0.18391,0.5341,-0.2430,0.9270,0.000,0.000,0.000,1,46
TRK,212502,0.41683,-0.77380,0.44003,-0.18400,0.5341,-0.2430,0.9270,0.000,0.000,0.000,1,46
TRK,212522,0.41695,-0.77375,0.43997,-0.18411,0.5341,-0.2430,0.9270,0.000,0.000,0.000,1,46
TRK,212542,0.41697,-0.77374,0.44001,-0.18402,0.5341,-0.2430,0.9270,0.000,0.000,0.000,1,46
TRK,212562,0.41700,-0.77371,0.44006,-0.18391,0.5341,-0.2430,0.9270,0.000,0.000,0.000,1,46
TRK,212582,0.41707,-0.77367,0.44009,-0.18386,0.5341,-0.2430,0.9270,0.000,0.000,0.000,1,46
TRK,212604,0.41692,-0.77374,0.44017,-0.18372,0.5341,-0.2430,0.9270,0.000,0.000,0.000,1,46
TRK,212624,0.41692,-0.77375,0.44013,-0.18379,0.5341,-0.2430,0.9270,0.000,0.000,0.000,1,46
TRK,212643,0.41687,-0.77377,0.44011,-0.18382,0.5341,-0.2430,0.9270,0.000,0.000,0.000,1,46
TRK,212661,0.41689,-0.77377,0.44008,-0.18389,0.5341,-0.2430,0.9270,0.000,0.000,0.000,1,46
STAT,403.8,400.8,0,0,0,0.0308,0.430,0.0835,0.1285,-0.0605,9.6872,0.71,0.002
TRK,212683,0.41691,-0.77376,0.44009,-0.18386,0.5341,-0.2430,0.9270,0.000,0.000,0.000,1,46
TRK,212702,0.41688,-0.77377,0.44013,-0.18380,0.5341,-0.2430,0.9270,0.000,0.000,0.000,1,46
TRK,212722,0.41685,-0.77378,0.44017,-0.18372,0.5341,-0.2430,0.9270,0.000,0.000,0.000,1,46
TRK,212742,0.41685,-0.77377,0.44022,-0.18362,0.5341,-0.2430,0.9270,0.000,0.000,0.000,1,46
TRK,212762,0.41687,-0.77376,0.44021,-0.18364,0.5341,-0.2430,0.9270,0.000,0.000,0.000,1,46
TRK,212783,0.41689,-0.77376,0.44014,-0.18376,0.5341,-0.2430,0.9270,0.000,0.000,0.000,1,46
TRK,212803,0.41689,-0.77377,0.44009,-0.18387,0.5341,-0.2430,0.9270,0.000,0.000,0.000,1,46
TRK,212823,0.41693,-0.77375,0.44006,-0.18393,0.5341,-0.2430,0.9270,0.000,0.000,0.000,1,46
TRK,212841,0.41694,-0.77374,0.44007,-0.18390,0.5341,-0.2430,0.9270,0.000,0.000,0.000,1,46
TRK,212862,0.41694,-0.77374,0.44013,-0.18379,0.5341,-0.2430,0.9270,0.000,0.000,0.000,1,46
TRK,212884,0.41691,-0.77374,0.44019,-0.18366,0.5341,-0.2430,0.9270,0.000,0.000,0.000,1,46
TRK,212903,0.41695,-0.77372,0.44023,-0.18359,0.5341,-0.2430,0.9270,0.000,0.000,0.000,1,46
TRK,212924,0.41691,-0.77374,0.44024,-0.18358,0.5341,-0.2430,0.9270,0.000,0.000,0.000,1,46
TRK,212941,0.41683,-0.77378,0.44023,-0.18360,0.5341,-0.2430,0.9270,0.000,0.000,0.000,1,46
TRK,212961,0.41684,-0.77378,0.44019,-0.18368,0.5341,-0.2430,0.9270,0.000,0.000,0.000,1,46
TRK,212982,0.41680,-0.77381,0.44015,-0.18377,0.5341,-0.2430,0.9270,0.000,0.000,0.000,1,46
TRK,213002,0.41676,-0.77383,0.44015,-0.18376,0.5341,-0.2430,0.9270,0.000,0.000,0.000,1,46
TRK,213022,0.41674,-0.77384,0.44019,-0.18370,0.5341,-0.2430,0.9270,0.000,0.000,0.000,1,46
TRK,213044,0.41673,-0.77384,0.44023,-0.18362,0.5341,-0.2430,0.9270,0.000,0.000,0.000,1,46
TRK,213064,0.41679,-0.77381,0.44022,-0.18363,0.5341,-0.2430,0.9270,0.000,0.000,0.000,1,46
TRK,213084,0.41675,-0.77382,0.44022,-0.18363,0.5341,-0.2430,0.9270,0.000,0.000,0.000,1,46
TRK,213102,0.41682,-0.77379,0.44016,-0.18374,0.5341,-0.2430,0.9270,0.000,0.000,0.000,1,46
TRK,213122,0.41677,-0.77382,0.44013,-0.18381,0.5341,-0.2430,0.9270,0.000,0.000,0.000,1,46
TRK,213144,0.41683,-0.77380,0.44009,-0.18387,0.5341,-0.2430,0.9270,0.000,0.000,0.000,1,46
TRK,213164,0.41676,-0.77383,0.44013,-0.18381,0.5341,-0.2430,0.9270,0.000,0.000,0.000,1,46
TRK,213183,0.41676,-0.77382,0.44016,-0.18374,0.5341,-0.2430,0.9270,0.000,0.000,0.000,1,46
TRK,213202,0.41678,-0.77381,0.44016,-0.18374,0.5341,-0.2430,0.9270,0.000,0.000,0.000,1,46
TRK,213224,0.41672,-0.77385,0.44018,-0.18371,0.5341,-0.2430,0.9270,0.000,0.000,0.000,1,46
TRK,213242,0.41675,-0.77383,0.44015,-0.18377,0.5341,-0.2430,0.9270,0.000,0.000,0.000,1,46
TRK,213262,0.41667,-0.77387,0.44016,-0.18377,0.5341,-0.2430,0.9270,0.000,0.000,0.000,1,46
TRK,213284,0.41679,-0.77382,0.44011,-0.18385,0.5341,-0.2430,0.9270,0.000,0.000,0.000,1,46
TRK,213302,0.41682,-0.77380,0.44011,-0.18383,0.5341,-0.2430,0.9270,0.000,0.000,0.000,1,46
TRK,213324,0.41687,-0.77378,0.44012,-0.18382,0.5341,-0.2430,0.9270,0.000,0.000,0.000,1,46
TRK,213342,0.41687,-0.77378,0.44012,-0.18382,0.5341,-0.2430,0.9270,0.000,0.000,0.000,1,46
TRK,213364,0.41686,-0.77378,0.44012,-0.18381,0.5341,-0.2430,0.9270,0.000,0.000,0.000,1,46
TRK,213382,0.41690,-0.77376,0.44009,-0.18387,0.5341,-0.2430,0.9270,0.000,0.000,0.000,1,46
TRK,213404,0.41686,-0.77379,0.44006,-0.18394,0.5341,-0.2430,0.9270,0.000,0.000,0.000,1,46
TRK,213424,0.41686,-0.77379,0.44003,-0.18399,0.5341,-0.2430,0.9270,0.000,0.000,0.000,1,46
TRK,213444,0.41685,-0.77379,0.44000,-0.18405,0.5341,-0.2430,0.9270,0.000,0.000,0.000,1,46
TRK,213463,0.41681,-0.77382,0.44000,-0.18405,0.5341,-0.2430,0.9270,0.000,0.000,0.000,1,46
TRK,213482,0.41685,-0.77379,0.44003,-0.18400,0.5341,-0.2430,0.9270,0.000,0.000,0.000,1,46
TRK,213502,0.41687,-0.77378,0.44004,-0.18397,0.5341,-0.2430,0.9270,0.000,0.000,0.000,1,46
TRK,213522,0.41685,-0.77379,0.44006,-0.18393,0.5341,-0.2430,0.9270,0.000,0.000,0.000,1,46
TRK,213542,0.41684,-0.77379,0.44009,-0.18388,0.5341,-0.2430,0.9270,0.000,0.000,0.000,1,46
TRK,213564,0.41685,-0.77379,0.44008,-0.18390,0.5341,-0.2430,0.9270,0.000,0.000,0.000,1,46
TRK,213582,0.41696,-0.77374,0.44004,-0.18397,0.5341,-0.2430,0.9270,0.000,0.000,0.000,1,46
TRK,213604,0.41699,-0.77372,0.44004,-0.18397,0.5341,-0.2430,0.9270,0.000,0.000,0.000,1,46
TRK,213622,0.41698,-0.77372,0.44006,-0.18392,0.5341,-0.2430,0.9270,0.000,0.000,0.000,1,46
TRK,213644,0.41694,-0.77374,0.44008,-0.18388,0.5341,-0.2430,0.9270,0.000,0.000,0.000,1,46
TRK,213663,0.41693,-0.77374,0.44010,-0.18384,0.5341,-0.2430,0.9270,0.000,0.000,0.000,1,46
STAT,403.8,400.8,0,0,0,0.0295,0.380,0.0953,0.1228,-0.0538,9.6832,0.71,0.002
TRK,213684,0.41686,-0.77378,0.44013,-0.18379,0.5341,-0.2430,0.9270,0.000,0.000,0.000,1,46
TRK,213703,0.41677,-0.77382,0.44014,-0.18378,0.5341,-0.2430,0.9270,0.000,0.000,0.000,1,46
TRK,213721,0.41676,-0.77383,0.44013,-0.18381,0.5341,-0.2430,0.9270,0.000,0.000,0.000,1,46
TRK,213743,0.41675,-0.77384,0.44010,-0.18387,0.5341,-0.2430,0.9270,0.000,0.000,0.000,1,46
TRK,213762,0.41674,-0.77385,0.44008,-0.18391,0.5341,-0.2430,0.9270,0.000,0.000,0.000,1,46
TRK,213782,0.41667,-0.77388,0.44009,-0.18390,0.5341,-0.2430,0.9270,0.000,0.000,0.000,1,46
TRK,213802,0.41674,-0.77385,0.44005,-0.18396,0.5341,-0.2430,0.9270,0.000,0.000,0.000,1,46
TRK,213824,0.41672,-0.77386,0.44006,-0.18395,0.5341,-0.2430,0.9270,0.000,0.000,0.000,1,46
TRK,213844,0.41675,-0.77384,0.44002,-0.18402,0.5341,-0.2430,0.9270,0.000,0.000,0.000,1,46
TRK,213861,0.41676,-0.77384,0.44001,-0.18403,0.5341,-0.2430,0.9270,0.000,0.000,0.000,1,46
TRK,213881,0.41679,-0.77383,0.44001,-0.18405,0.5341,-0.2430,0.9270,0.000,0.000,0.000,1,46
TRK,213903,0.41686,-0.77380,0.43997,-0.18411,0.5341,-0.2430,0.9270,0.000,0.000,0.000,1,46
TRK,213924,0.41679,-0.77383,0.44001,-0.18404,0.5341,-0.2430,0.9270,0.000,0.000,0.000,1,46
TRK,213943,0.41686,-0.77379,0.43999,-0.18406,0.5341,-0.2430,0.9270,0.000,0.000,0.000,1,46
TRK,213961,0.41684,-0.77380,0.44005,-0.18395,0.5341,-0.2430,0.9270,0.000,0.000,0.000,1,46
TRK,213983,0.41694,-0.77375,0.44003,-0.18399,0.5341,-0.2430,0.9270,0.000,0.000,0.000,1,46
TRK,214001,0.41688,-0.77378,0.44006,-0.18392,0.5341,-0.2430,0.9270,0.000,0.000,0.000,1,46
TRK,214023,0.41689,-0.77377,0.44004,-0.18397,0.5341,-0.2430,0.9270,0.000,0.000,0.000,1,46
TRK,214043,0.41688,-0.77378,0.44003,-0.18399,0.5341,-0.2430,0.9270,0.000,0.000,0.000,1,46
TRK,214063,0.41686,-0.77379,0.44001,-0.18403,0.5341,-0.2430,0.9270,0.000,0.000,0.000,1,46
TRK,214082,0.41697,-0.77374,0.43999,-0.18407,0.5341,-0.2430,0.9270,0.000,0.000,0.000,1,46
TRK,214101,0.41698,-0.77373,0.44000,-0.18403,0.5341,-0.2430,0.9270,0.000,0.000,0.000,1,46
TRK,214124,0.41703,-0.77370,0.44000,-0.18404,0.5341,-0.2430,0.9270,0.000,0.000,0.000,1,46
TRK,214143,0.41693,-0.77375,0.44004,-0.18397,0.5341,-0.2430,0.9270,0.000,0.000,0.000,1,46
TRK,214161,0.41692,-0.77376,0.44002,-0.18401,0.5341,-0.2430,0.9270,0.000,0.000,0.000,1,46
TRK,214183,0.41683,-0.77380,0.44004,-0.18398,0.5341,-0.2430,0.9270,0.000,0.000,0.000,1,46
TRK,214204,0.41677,-0.77383,0.44004,-0.18399,0.5341,-0.2430,0.9270,0.000,0.000,0.000,1,46
TRK,214223,0.41673,-0.77386,0.44002,-0.18403,0.5341,-0.2430,0.9270,0.000,0.000,0.000,1,46
TRK,214241,0.41672,-0.77386,0.44001,-0.18404,0.5341,-0.2430,0.9270,0.000,0.000,0.000,1,46
TRK,214262,0.41676,-0.77384,0.43998,-0.18411,0.5341,-0.2430,0.9270,0.000,0.000,0.000,1,46
TRK,214282,0.41673,-0.77386,0.43999,-0.18408,0.5341,-0.2430,0.9270,0.000,0.000,0.000,1,46
TRK,214302,0.41678,-0.77383,0.43999,-0.18408,0.5341,-0.2430,0.9270,0.000,0.000,0.000,1,46
TRK,214322,0.41680,-0.77382,0.43999,-0.18408,0.5341,-0.2430,0.9270,0.000,0.000,0.000,1,46
TRK,214344,0.41685,-0.77380,0.44000,-0.18406,0.5341,-0.2430,0.9270,0.000,0.000,0.000,1,46
TRK,214364,0.41690,-0.77377,0.44002,-0.18401,0.5341,-0.2430,0.9270,0.000,0.000,0.000,1,46
TRK,214384,0.41695,-0.77374,0.44003,-0.18399,0.5341,-0.2430,0.9270,0.000,0.000,0.000,1,46
TRK,214404,0.41696,-0.77373,0.44005,-0.18393,0.5341,-0.2430,0.9270,0.000,0.000,0.000,1,46
TRK,214424,0.41697,-0.77373,0.44007,-0.18391,0.5341,-0.2430,0.9270,0.000,0.000,0.000,1,46
TRK,214443,0.41697,-0.77373,0.44007,-0.18390,0.5341,-0.2430,0.9270,0.000,0.000,0.000,1,46
TRK,214463,0.41699,-0.77372,0.44008,-0.18389,0.5341,-0.2430,0.9270,0.000,0.000,0.000,1,46
TRK,214483,0.41702,-0.77371,0.44006,-0.18392,0.5341,-0.2430,0.9270,0.000,0.000,0.000,1,46
TRK,214501,0.41697,-0.77373,0.44007,-0.18390,0.5341,-0.2430,0.9270,0.000,0.000,0.000,1,46
TRK,214523,0.41691,-0.77376,0.44006,-0.18393,0.5341,-0.2430,0.9270,0.000,0.000,0.000,1,46
TRK,214542,0.41682,-0.77381,0.44006,-0.18393,0.5341,-0.2430,0.9270,0.000,0.000,0.000,1,46
TRK,214562,0.41679,-0.77382,0.44004,-0.18398,0.5341,-0.2430,0.9270,0.000,0.000,0.000,1,46
TRK,214581,0.41677,-0.77383,0.44003,-0.18399,0.5341,-0.2430,0.9270,0.000,0.000,0.000,1,46
TRK,214601,0.41673,-0.77386,0.44003,-0.18400,0.5341,-0.2430,0.9270,0.000,0.000,0.000,1,46
TRK,214621,0.41674,-0.77385,0.44003,-0.18400,0.5341,-0.2430,0.9270,0.000,0.000,0.000,1,46
TRK,214644,0.41676,-0.77384,0.44004,-0.18399,0.5341,-0.2430,0.9270,0.000,0.000,0.000,1,46
TRK,214663,0.41676,-0.77384,0.44006,-0.18393,0.5341,-0.2430,0.9270,0.000,0.000,0.000,1,46
STAT,404.3,400.8,0,0,0,0.0313,0.363,0.0975,0.1065,-0.0672,9.6865,0.71,0.002
TRK,214681,0.41674,-0.77385,0.44009,-0.18389,0.5341,-0.2430,0.9270,0.000,0.000,0.000,1,46
TRK,214703,0.41675,-0.77384,0.44010,-0.18386,0.5341,-0.2430,0.9270,0.000,0.000,0.000,1,46
TRK,214724,0.41677,-0.77383,0.44009,-0.18389,0.5341,-0.2430,0.9270,0.000,0.000,0.000,1,46
TRK,214743,0.41679,-0.77382,0.44007,-0.18393,0.5341,-0.2430,0.9270,0.000,0.000,0.000,1,46
TRK,214761,0.41683,-0.77380,0.44005,-0.18395,0.5341,-0.2430,0.9270,0.000,0.000,0.000,1,46
TRK,214783,0.41678,-0.77382,0.44008,-0.18390,0.5341,-0.2430,0.9270,0.000,0.000,0.000,1,46
TRK,214803,0.41685,-0.77379,0.44005,-0.18396,0.5341,-0.2430,0.9270,0.000,0.000,0.000,1,46
TRK,214822,0.41680,-0.77382,0.44005,-0.18395,0.5341,-0.2430,0.9270,0.000,0.000,0.000,1,46
TRK,214844,0.41679,-0.77382,0.44006,-0.18395,0.5341,-0.2430,0.9270,0.000,0.000,0.000,1,46
TRK,214862,0.41673,-0.77386,0.44004,-0.18398,0.5341,-0.2430,0.9270,0.000,0.000,0.000,1,46
TRK,214883,0.41669,-0.77387,0.44005,-0.18398,0.5341,-0.2430,0.9270,0.000,0.000,0.000,1,46
TRK,214901,0.41667,-0.77389,0.44004,-0.18399,0.5341,-0.2430,0.9270,0.000,0.000,0.000,1,46
TRK,214921,0.41653,-0.77395,0.44008,-0.18392,0.5341,-0.2430,0.9270,0.000,0.000,0.000,1,46
TRK,214942,0.41661,-0.77392,0.44007,-0.18394,0.5341,-0.2430,0.9270,0.000,0.000,0.000,1,46
TRK,214963,0.41662,-0.77390,0.44011,-0.18386,0.5341,-0.2430,0.9270,0.000,0.000,0.000,1,46
TRK,214984,0.41671,-0.77386,0.44007,-0.18392,0.5341,-0.2430,0.9270,0.000,0.000,0.000,1,46
TRK,215004,0.41670,-0.77387,0.44005,-0.18397,0.5341,-0.2430,0.9270,0.000,0.000,0.000,1,46
TRK,215023,0.41671,-0.77387,0.44003,-0.18402,0.5341,-0.2430,0.9270,0.000,0.000,0.000,1,46
TRK,215042,0.41674,-0.77385,0.43999,-0.18408,0.5341,-0.2430,0.9270,0.000,0.000,0.000,1,46
TRK,215062,0.41664,-0.77391,0.44000,-0.18407,0.5341,-0.2430,0.9270,0.000,0.000,0.000,1,46
TRK,215082,0.41659,-0.77393,0.43999,-0.18410,0.5341,-0.2430,0.9270,0.000,0.000,0.000,1,46
TRK,215102,0.41658,-0.77394,0.43999,-0.18409,0.5341,-0.2430,0.9270,0.000,0.000,0.000,1,46
TRK,215122,0.41656,-0.77394,0.44000,-0.18408,0.5341,-0.2430,0.9270,0.000,0.000,0.000,1,46
TRK,215142,0.41659,-0.77393,0.44000,-0.18407,0.5341,-0.2430,0.9270,0.000,0.000,0.000,1,46
TRK,215162,0.41653,-0.77396,0.44001,-0.18407,0.5341,-0.2430,0.9270,0.000,0.000,0.000,1,46
TRK,215182,0.41656,-0.77395,0.43999,-0.18409,0.5341,-0.2430,0.9270,0.000,0.000,0.000,1,46
TRK,215203,0.41653,-0.77396,0.44001,-0.18407,0.5341,-0.2430,0.9270,0.000,0.000,0.000,1,46
TRK,215223,0.41653,-0.77396,0.44001,-0.18406,0.5341,-0.2430,0.9270,0.000,0.000,0.000,1,46
TRK,215243,0.41649,-0.77398,0.44004,-0.18401,0.5341,-0.2430,0.9270,0.000,0.000,0.000,1,46
TRK,215263,0.41655,-0.77395,0.44005,-0.18399,0.5341,-0.2430,0.9270,0.000,0.000,0.000,1,46
TRK,215281,0.41647,-0.77398,0.44008,-0.18393,0.5341,-0.2430,0.9270,0.000,0.000,0.000,1,46
TRK,215301,0.41650,-0.77397,0.44009,-0.18392,0.5341,-0.2430,0.9270,0.000,0.000,0.000,1,46
TRK,215323,0.41651,-0.77396,0.44007,-0.18394,0.5341,-0.2430,0.9270,0.000,0.000,0.000,1,46
TRK,215343,0.41651,-0.77396,0.44007,-0.18395,0.5341,-0.2430,0.9270,0.000,0.000,0.000,1,46
TRK,215362,0.41654,-0.77395,0.44004,-0.18401,0.5341,-0.2430,0.9270,0.000,0.000,0.000,1,46
TRK,215384,0.41650,-0.77397,0.44004,-0.18402,0.5341,-0.2430,0.9270,0.000,0.000,0.000,1,46
TRK,215404,0.41656,-0.77394,0.44002,-0.18404,0.5341,-0.2430,0.9270,0.000,0.000,0.000,1,46
TRK,215423,0.41656,-0.77394,0.44004,-0.18400,0.5341,-0.2430,0.9270,0.000,0.000,0.000,1,46
TRK,215443,0.41663,-0.77390,0.44005,-0.18398,0.5341,-0.2430,0.9270,0.000,0.000,0.000,1,46
TRK,215463,0.41666,-0.77389,0.44006,-0.18396,0.5341,-0.2430,0.9270,0.000,0.000,0.000,1,46
TRK,215483,0.41667,-0.77388,0.44007,-0.18394,0.5341,-0.2430,0.9270,0.000,0.000,0.000,1,46
TRK,215501,0.41671,-0.77386,0.44009,-0.18389,0.5341,-0.2430,0.9270,0.000,0.000,0.000,1,46
TRK,215523,0.41681,-0.77381,0.44008,-0.18390,0.5341,-0.2430,0.9270,0.000,0.000,0.000,1,46
TRK,215541,0.41685,-0.77379,0.44008,-0.18390,0.5341,-0.2430,0.9270,0.000,0.000,0.000,1,46
TRK,215563,0.41692,-0.77375,0.44005,-0.18394,0.5341,-0.2430,0.9270,0.000,0.000,0.000,1,46
TRK,215582,0.41700,-0.77372,0.44002,-0.18399,0.5341,-0.2430,0.9270,0.000,0.000,0.000,1,46
TRK,215602,0.41686,-0.77379,0.44006,-0.18393,0.5341,-0.2430,0.9270,0.000,0.000,0.000,1,46
TRK,215624,0.41706,-0.77369,0.44001,-0.18400,0.5341,-0.2430,0.9270,0.000,0.000,0.000,1,46
TRK,215644,0.41694,-0.77374,0.44010,-0.18385,0.5341,-0.2430,0.9270,0.000,0.000,0.000,1,46
TRK,215664,0.41699,-0.77372,0.44010,-0.18384,0.5341,-0.2430,0.9270,0.000,0.000,0.000,1,46
STAT,404.3,400.8,0,0,0,0.0503,1.078,0.1055,0.1122,-0.0760,9.6841,0.71,0.002
TRK,215682,0.41691,-0.77376,0.44008,-0.18390,0.5341,-0.2430,0.9270,0.000,0.000,0.000,1,46
TRK,215704,0.41679,-0.77382,0.44005,-0.18396,0.5341,-0.2430,0.9270,0.000,0.000,0.000,1,46
TRK,215723,0.41696,-0.77375,0.43989,-0.18425,0.5341,-0.2430,0.9270,0.000,0.000,0.000,1,46
TRK,215741,0.41669,-0.77389,0.43994,-0.18420,0.5341,-0.2430,0.9270,0.000,0.000,0.000,1,46
TRK,215763,0.41675,-0.77386,0.43990,-0.18425,0.5341,-0.2430,0.9270,0.000,0.000,0.000,1,46
TRK,215781,0.41660,-0.77392,0.44003,-0.18401,0.5341,-0.2430,0.9270,0.000,0.000,0.000,1,46
TRK,215803,0.41657,-0.77393,0.44012,-0.18385,0.5341,-0.2430,0.9270,0.000,0.000,0.000,1,46
TRK,215822,0.41650,-0.77396,0.44017,-0.18375,0.5341,-0.2430,0.9270,0.000,0.000,0.000,1,46
TRK,215842,0.41644,-0.77399,0.44020,-0.18370,0.5341,-0.2430,0.9270,0.000,0.000,0.000,1,46
TRK,215863,0.41662,-0.77390,0.44011,-0.18385,0.5341,-0.2430,0.9270,0.000,0.000,0.000,1,46
TRK,215884,0.41657,-0.77393,0.44008,-0.18392,0.5341,-0.2430,0.9270,0.000,0.000,0.000,1,46
TRK,215904,0.41666,-0.77389,0.44002,-0.18404,0.5341,-0.2430,0.9270,0.000,0.000,0.000,1,46
TRK,215922,0.41656,-0.77394,0.44007,-0.18395,0.5341,-0.2430,0.9270,0.000,0.000,0.000,1,46
TRK,215942,0.41666,-0.77389,0.44008,-0.18391,0.5341,-0.2430,0.9270,0.000,0.000,0.000,1,46
TRK,215964,0.41664,-0.77389,0.44015,-0.18377,0.5341,-0.2430,0.9270,0.000,0.000,0.000,1,46
TRK,215983,0.41677,-0.77382,0.44015,-0.18377,0.5341,-0.2430,0.9270,0.000,0.000,0.000,1,46
TRK,216003,0.41686,-0.77378,0.44011,-0.18383,0.5341,-0.2430,0.9270,0.000,0.000,0.000,1,46
TRK,216023,0.41692,-0.77375,0.44007,-0.18391,0.5341,-0.2430,0.9270,0.000,0.000,0.000,1,46
TRK,216042,0.41707,-0.77369,0.43998,-0.18406,0.5341,-0.2430,0.9270,0.000,0.000,0.000,1,46
TRK,216062,0.41697,-0.77373,0.44000,-0.18403,0.5341,-0.2430,0.9270,0.000,0.000,0.000,1,46
TRK,216082,0.41706,-0.77369,0.43999,-0.18405,0.5341,-0.2430,0.9270,0.000,0.000,0.000,1,46
TRK,216104,0.41695,-0.77374,0.44004,-0.18395,0.5341,-0.2430,0.9270,0.000,0.000,0.000,1,46
TRK,216124,0.41698,-0.77372,0.44006,-0.18392,0.5341,-0.2430,0.9270,0.000,0.000,0.000,1,46
TRK,216144,0.41693,-0.77375,0.44008,-0.18388,0.5341,-0.2430,0.9270,0.000,0.000,0.000,1,46
TRK,216164,0.41690,-0.77377,0.44004,-0.18396,0.5341,-0.2430,0.9270,0.000,0.000,0.000,1,46
TRK,216181,0.41692,-0.77376,0.44000,-0.18404,0.5341,-0.2430,0.9270,0.000,0.000,0.000,1,46
TRK,216201,0.41689,-0.77377,0.44000,-0.18404,0.5341,-0.2430,0.9270,0.000,0.000,0.000,1,46
TRK,216222,0.41689,-0.77377,0.44002,-0.18402,0.5341,-0.2430,0.9270,0.000,0.000,0.000,1,46
TRK,216244,0.41689,-0.77377,0.44009,-0.18387,0.5341,-0.2430,0.9270,0.000,0.000,0.000,1,46
TRK,216263,0.41690,-0.77375,0.44016,-0.18373,0.5341,-0.2430,0.9270,0.000,0.000,0.000,1,46
TRK,216281,0.41693,-0.77373,0.44022,-0.18361,0.5341,-0.2430,0.9270,0.000,0.000,0.000,1,46
TRK,216303,0.41693,-0.77373,0.44025,-0.18355,0.5341,-0.2430,0.9270,0.000,0.000,0.000,1,46
TRK,216323,0.41700,-0.77369,0.44023,-0.18358,0.5341,-0.2430,0.9270,0.000,0.000,0.000,1,46
TRK,216343,0.41701,-0.77369,0.44018,-0.18367,0.5341,-0.2430,0.9270,0.000,0.000,0.000,1,46
TRK,216362,0.41698,-0.77372,0.44015,-0.18375,0.5341,-0.2430,0.9270,0.000,0.000,0.000,1,46
TRK,216384,0.41699,-0.77371,0.44013,-0.18378,0.5341,-0.2430,0.9270,0.000,0.000,0.000,1,46
TRK,216402,0.41691,-0.77375,0.44014,-0.18378,0.5341,-0.2430,0.9270,0.000,0.000,0.000,1,46
TRK,216421,0.41687,-0.77377,0.44016,-0.18374,0.5341,-0.2430,0.9270,0.000,0.000,0.000,1,46
TRK,216444,0.41679,-0.77381,0.44017,-0.18372,0.5341,-0.2430,0.9270,0.000,0.000,0.000,1,46
TRK,216463,0.41674,-0.77384,0.44017,-0.18372,0.5341,-0.2430,0.9270,0.000,0.000,0.000,1,46
TRK,216481,0.41674,-0.77384,0.44014,-0.18379,0.5341,-0.2430,0.9270,0.000,0.000,0.000,1,46
TRK,216503,0.41669,-0.77387,0.44009,-0.18389,0.5341,-0.2430,0.9270,0.000,0.000,0.000,1,46
TRK,216524,0.41677,-0.77384,0.44002,-0.18403,0.5341,-0.2430,0.9270,0.000,0.000,0.000,1,46
TRK,216543,0.41680,-0.77382,0.44003,-0.18400,0.5341,-0.2430,0.9270,0.000,0.000,0.000,1,46
TRK,216561,0.41680,-0.77382,0.44004,-0.18397,0.5341,-0.2430,0.9270,0.000,0.000,0.000,1,46
TRK,216583,0.41684,-0.77380,0.44007,-0.18392,0.5341,-0.2430,0.9270,0.000,0.000,0.000,1,46
TRK,216603,0.41686,-0.77378,0.44012,-0.18381,0.5341,-0.2430,0.9270,0.000,0.000,0.000,1,46
TRK,216622,0.41692,-0.77375,0.44014,-0.18376,0.5341,-0.2430,0.9270,0.000,0.000,0.000,1,46
TRK,216642,0.41693,-0.77374,0.44014,-0.18378,0.5341,-0.2430,0.9270,0.000,0.000,0.000,1,46
TRK,216664,0.41701,-0.77371,0.44009,-0.18385,0.5341,-0.2430,0.9270,0.000,0.000,0.000,1,46
STAT,403.6,400.6,0,0,0,0.0276,0.286,0.1007,0.1151,-0.0855,9.6844,0.71,0.002
TRK,216682,0.41700,-0.77371,0.44011,-0.18383,0.5341,-0.2430,0.9270,0.000,0.000,0.000,1,46
TRK,216704,0.41705,-0.77368,0.44011,-0.18382,0.5341,-0.2430,0.9270,0.000,0.000,0.000,1,46
TRK,216723,0.41699,-0.77371,0.44014,-0.18375,0.5341,-0.2430,0.9270,0.000,0.000,0.000,1,46
TRK,216743,0.41696,-0.77372,0.44016,-0.18372,0.5341,-0.2430,0.9270,0.000,0.000,0.000,1,46
TRK,216763,0.41690,-0.77375,0.44017,-0.18371,0.5341,-0.2430,0.9270,0.000,0.000,0.000,1,46
TRK,216783,0.41685,-0.77378,0.44015,-0.18376,0.5341,-0.2430,0.9270,0.000,0.000,0.000,1,46
TRK,216804,0.41684,-0.77379,0.44009,-0.18387,0.5341,-0.2430,0.9270,0.000,0.000,0.000,1,46
TRK,216824,0.41686,-0.77379,0.44006,-0.18393,0.5341,-0.2430,0.9270,0.000,0.000,0.000,1,46
TRK,216841,0.41689,-0.77377,0.44004,-0.18397,0.5341,-0.2430,0.9270,0.000,0.000,0.000,1,46
TRK,216863,0.41691,-0.77376,0.44006,-0.18393,0.5341,-0.2430,0.9270,0.000,0.000,0.000,1,46
TRK,216882,0.41696,-0.77373,0.44007,-0.18390,0.5341,-0.2430,0.9270,0.000,0.000,0.000,1,46
TRK,216904,0.41694,-0.77374,0.44011,-0.18384,0.5341,-0.2430,0.9270,0.000,0.000,0.000,1,46
TRK,216922,0.41697,-0.77372,0.44012,-0.18380,0.5341,-0.2430,0.9270,0.000,0.000,0.000,1,46
TRK,216944,0.41698,-0.77372,0.44012,-0.18380,0.5341,-0.2430,0.9270,0.000,0.000,0.000,1,46
TRK,216962,0.41699,-0.77372,0.44010,-0.18385,0.5341,-0.2430,0.9270,0.000,0.000,0.000,1,46
TRK,216984,0.41701,-0.77371,0.44009,-0.18387,0.5341,-0.2430,0.9270,0.000,0.000,0.000,1,46
TRK,217004,0.41700,-0.77371,0.44010,-0.18384,0.5341,-0.2430,0.9270,0.000,0.000,0.000,1,46
TRK,217023,0.41699,-0.77371,0.44013,-0.18377,0.5341,-0.2430,0.9270,0.000,0.000,0.000,1,46
TRK,217042,0.41697,-0.77372,0.44018,-0.18369,0.5341,-0.2430,0.9270,0.000,0.000,0.000,1,46
TRK,217062,0.41695,-0.77372,0.44021,-0.18362,0.5341,-0.2430,0.9270,0.000,0.000,0.000,1,46
TRK,217082,0.41696,-0.77372,0.44023,-0.18359,0.5341,-0.2430,0.9270,0.000,0.000,0.000,1,46
TRK,217102,0.41696,-0.77371,0.44023,-0.18359,0.5341,-0.2430,0.9270,0.000,0.000,0.000,1,46
TRK,217122,0.41696,-0.77372,0.44021,-0.18363,0.5341,-0.2430,0.9270,0.000,0.000,0.000,1,46
TRK,217142,0.41695,-0.77373,0.44016,-0.18374,0.5341,-0.2430,0.9270,0.000,0.000,0.000,1,46
TRK,217163,0.41700,-0.77370,0.44013,-0.18379,0.5341,-0.2430,0.9270,0.000,0.000,0.000,1,46
TRK,217184,0.41700,-0.77370,0.44013,-0.18378,0.5341,-0.2430,0.9270,0.000,0.000,0.000,1,46
TRK,217204,0.41694,-0.77374,0.44012,-0.18381,0.5341,-0.2430,0.9270,0.000,0.000,0.000,1,46
TRK,217222,0.41695,-0.77373,0.44012,-0.18381,0.5341,-0.2430,0.9270,0.000,0.000,0.000,1,46
TRK,217244,0.41695,-0.77373,0.44011,-0.18383,0.5341,-0.2430,0.9270,0.000,0.000,0.000,1,46
TRK,217263,0.41690,-0.77376,0.44008,-0.18389,0.5341,-0.2430,0.9270,0.000,0.000,0.000,1,46
TRK,217284,0.41687,-0.77378,0.44006,-0.18394,0.5341,-0.2430,0.9270,0.000,0.000,0.000,1,46
TRK,217304,0.41683,-0.77380,0.44002,-0.18401,0.5341,-0.2430,0.9270,0.000,0.000,0.000,1,46
TRK,217321,0.41684,-0.77380,0.44003,-0.18399,0.5341,-0.2430,0.9270,0.000,0.000,0.000,1,46
TRK,217343,0.41681,-0.77381,0.44007,-0.18393,0.5341,-0.2430,0.9270,0.000,0.000,0.000,1,46
TRK,217362,0.41677,-0.77383,0.44009,-0.18389,0.5341,-0.2430,0.9270,0.000,0.000,0.000,1,46
TRK,217383,0.41672,-0.77385,0.44011,-0.18385,0.5341,-0.2430,0.9270,0.000,0.000,0.000,1,46
TRK,217403,0.41672,-0.77385,0.44010,-0.18386,0.5341,-0.2430,0.9270,0.000,0.000,0.000,1,46
TRK,217422,0.41677,-0.77383,0.44008,-0.18390,0.5341,-0.2430,0.9270,0.000,0.000,0.000,1,46
TRK,217441,0.41677,-0.77383,0.44008,-0.18391,0.5341,-0.2430,0.9270,0.000,0.000,0.000,1,46
TRK,217461,0.41680,-0.77381,0.44007,-0.18391,0.5341,-0.2430,0.9270,0.000,0.000,0.000,1,46
TRK,217484,0.41680,-0.77381,0.44010,-0.18386,0.5341,-0.2430,0.9270,0.000,0.000,0.000,1,46
TRK,217503,0.41681,-0.77380,0.44014,-0.18379,0.5341,-0.2430,0.9270,0.000,0.000,0.000,1,46
TRK,217523,0.41676,-0.77383,0.44017,-0.18372,0.5341,-0.2430,0.9270,0.000,0.000,0.000,1,46
TRK,217543,0.41671,-0.77385,0.44019,-0.18370,0.5341,-0.2430,0.9270,0.000,0.000,0.000,1,46
TRK,217563,0.41668,-0.77387,0.44019,-0.18370,0.5341,-0.2430,0.9270,0.000,0.000,0.000,1,46
TRK,217581,0.41668,-0.77386,0.44017,-0.18374,0.5341,-0.2430,0.9270,0.000,0.000,0.000,1,46
TRK,217601,0.41668,-0.77387,0.44018,-0.18372,0.5341,-0.2430,0.9270,0.000,0.000,0.000,1,46
TRK,217622,0.41668,-0.77387,0.44015,-0.18377,0.5341,-0.2430,0.9270,0.000,0.000,0.000,1,46
TRK,217642,0.41670,-0.77386,0.44016,-0.18376,0.5341,-0.2430,0.9270,0.000,0.000,0.000,1,46
TRK,217664,0.41662,-0.77390,0.44019,-0.18371,0.5341,-0.2430,0.9270,0.000,0.000,0.000,1,46
STAT,403.6,400.6,0,0,0,0.0231,0.762,0.0922,0.1179,-0.0783,9.6831,0.71,0.002
TRK,217682,0.41653,-0.77393,0.44026,-0.18357,0.5341,-0.2430,0.9270,0.000,0.000,0.000,1,46
TRK,217704,0.41678,-0.77381,0.44021,-0.18365,0.5341,-0.2430,0.9270,0.000,0.000,0.000,1,46
TRK,217722,0.41662,-0.77389,0.44027,-0.18355,0.5341,-0.2430,0.9270,0.000,0.000,0.000,1,46
TRK,217744,0.41677,-0.77382,0.44021,-0.18366,0.5341,-0.2430,0.9270,0.000,0.000,0.000,1,46
TRK,217762,0.41670,-0.77385,0.44023,-0.18361,0.5341,-0.2430,0.9270,0.000,0.000,0.000,1,46
TRK,217784,0.41675,-0.77383,0.44020,-0.18368,0.5341,-0.2430,0.9270,0.000,0.000,0.000,1,46
TRK,217804,0.41672,-0.77384,0.44017,-0.18372,0.5341,-0.2430,0.9270,0.000,0.000,0.000,1,46
TRK,217823,0.41665,-0.77388,0.44020,-0.18368,0.5341,-0.2430,0.9270,0.000,0.000,0.000,1,46
TRK,217842,0.41666,-0.77387,0.44017,-0.18373,0.5341,-0.2430,0.9270,0.000,0.000,0.000,1,46
TRK,217864,0.41657,-0.77392,0.44019,-0.18370,0.5341,-0.2430,0.9270,0.000,0.000,0.000,1,46
TRK,217882,0.41659,-0.77391,0.44015,-0.18378,0.5341,-0.2430,0.9270,0.000,0.000,0.000,1,46
TRK,217903,0.41651,-0.77395,0.44016,-0.18376,0.5341,-0.2430,0.9270,0.000,0.000,0.000,1,46
TRK,217922,0.41648,-0.77397,0.44015,-0.18379,0.5341,-0.2430,0.9270,0.000,0.000,0.000,1,46
TRK,217944,0.41647,-0.77398,0.44016,-0.18378,0.5341,-0.2430,0.9270,0.000,0.000,0.000,1,46
TRK,217962,0.41642,-0.77400,0.44019,-0.18373,0.5341,-0.2430,0.9270,0.000,0.000,0.000,1,46
TRK,217984,0.41643,-0.77399,0.44022,-0.18367,0.5341,-0.2430,0.9270,0.000,0.000,0.000,1,46
TRK,218002,0.41639,-0.77400,0.44026,-0.18359,0.5341,-0.2430,0.9270,0.000,0.000,0.000,1,46
TRK,218024,0.41641,-0.77400,0.44027,-0.18357,0.5341,-0.2430,0.9270,0.000,0.000,0.000,1,46
TRK,218042,0.41646,-0.77397,0.44028,-0.18354,0.5341,-0.2430,0.9270,0.000,0.000,0.000,1,46
TRK,218064,0.41648,-0.77396,0.44030,-0.18350,0.5341,-0.2430,0.9270,0.000,0.000,0.000,1,46
TRK,218083,0.41654,-0.77393,0.44031,-0.18348,0.5341,-0.2430,0.9270,0.000,0.000,0.000,1,46
TRK,218102,0.41652,-0.77394,0.44031,-0.18348,0.5341,-0.2430,0.9270,0.000,0.000,0.000,1,46
TRK,218122,0.41657,-0.77391,0.44028,-0.18354,0.5341,-0.2430,0.9270,0.000,0.000,0.000,1,46
TRK,218142,0.41651,-0.77394,0.44030,-0.18350,0.5341,-0.2430,0.9270,0.000,0.000,0.000,1,46
TRK,218164,0.41648,-0.77395,0.44030,-0.18349,0.5341,-0.2430,0.9270,0.000,0.000,0.000,1,46
TRK,218182,0.41644,-0.77397,0.44032,-0.18347,0.5341,-0.2430,0.9270,0.000,0.000,0.000,1,46
TRK,218204,0.41646,-0.77397,0.44030,-0.18351,0.5341,-0.2430,0.9270,0.000,0.000,0.000,1,46
TRK,218222,0.41650,-0.77395,0.44030,-0.18349,0.5341,-0.2430,0.9270,0.000,0.000,0.000,1,46
TRK,218244,0.41649,-0.77395,0.44032,-0.18347,0.5341,-0.2430,0.9270,0.000,0.000,0.000,1,46
TRK,218262,0.41664,-0.77388,0.44028,-0.18353,0.5341,-0.2430,0.9270,0.000,0.000,0.000,1,46
TRK,218283,0.41663,-0.77388,0.44031,-0.18347,0.5341,-0.2430,0.9270,0.000,0.000,0.000,1,46
TRK,218303,0.41670,-0.77384,0.44031,-0.18345,0.5341,-0.2430,0.9270,0.000,0.000,0.000,1,46
TRK,218323,0.41662,-0.77388,0.44035,-0.18340,0.5341,-0.2430,0.9270,0.000,0.000,0.000,1,46
TRK,218343,0.41667,-0.77386,0.44031,-0.18346,0.5341,-0.2430,0.9270,0.000,0.000,0.000,1,46
TRK,218361,0.41667,-0.77385,0.44034,-0.18341,0.5341,-0.2430,0.9270,0.000,0.000,0.000,1,46
TRK,218381,0.41688,-0.77375,0.44026,-0.18354,0.5341,-0.2430,0.9270,0.000,0.000,0.000,1,46
TRK,218403,0.41656,-0.77391,0.44036,-0.18338,0.5341,-0.2430,0.9270,0.000,0.000,0.000,1,46
TRK,218423,0.41694,-0.77373,0.44021,-0.18363,0.5341,-0.2430,0.9270,0.000,0.000,0.000,1,46
TRK,218442,0.41685,-0.77377,0.44028,-0.18350,0.5341,-0.2430,0.9270,0.000,0.000,0.000,1,46
TRK,218464,0.41688,-0.77376,0.44022,-0.18361,0.5341,-0.2430,0.9270,0.000,0.000,0.000,1,46
TRK,218484,0.41680,-0.77380,0.44022,-0.18363,0.5341,-0.2430,0.9270,0.000,0.000,0.000,1,46
TRK,218503,0.41655,-0.77392,0.44028,-0.18353,0.5341,-0.2430,0.9270,0.000,0.000,0.000,1,46
TRK,218523,0.41697,-0.77373,0.44009,-0.18387,0.5341,-0.2430,0.9270,0.000,0.000,0.000,1,46
TRK,218543,0.41651,-0.77395,0.44020,-0.18370,0.5341,-0.2430,0.9270,0.000,0.000,0.000,1,46
TRK,218561,0.41675,-0.77384,0.44009,-0.18389,0.5341,-0.2430,0.9270,0.000,0.000,0.000,1,46
TRK,218583,0.41666,-0.77388,0.44012,-0.18384,0.5341,-0.2430,0.9270,0.000,0.000,0.000,1,46
TRK,218601,0.41666,-0.77388,0.44011,-0.18385,0.5341,-0.2430,0.9270,0.000,0.000,0.000,1,46
TRK,218623,0.41667,-0.77388,0.44011,-0.18386,0.5341,-0.2430,0.9270,0.000,0.000,0.000,1,46
TRK,218641,0.41652,-0.77395,0.44018,-0.18373,0.5341,-0.2430,0.9270,0.000,0.000,0.000,1,46
TRK,218662,0.41674,-0.77384,0.44012,-0.18383,0.5341,-0.2430,0.9270,0.000,0.000,0.000,1,46
STAT,404.1,400.6,0,0,0,0.0351,1.638,0.1217,0.1198,-0.0600,9.6819,0.71,0.002
TRK,218682,0.41660,-0.77390,0.44021,-0.18366,0.5341,-0.2430,0.9270,0.000,0.000,0.000,1,46
TRK,218704,0.41671,-0.77385,0.44020,-0.18367,0.5341,-0.2430,0.9270,0.000,0.000,0.000,1,46
TRK,218724,0.41672,-0.77384,0.44024,-0.18359,0.5341,-0.2430,0.9270,0.000,0.000,0.000,1,46
TRK,218744,0.41692,-0.77374,0.44023,-0.18360,0.5341,-0.2430,0.9270,0.000,0.000,0.000,1,46
TRK,218764,0.41678,-0.77380,0.44032,-0.18344,0.5341,-0.2430,0.9270,0.000,0.000,0.000,1,46
TRK,218784,0.41694,-0.77372,0.44028,-0.18349,0.5341,-0.2430,0.9270,0.000,0.000,0.000,1,46
TRK,218804,0.41686,-0.77376,0.44030,-0.18346,0.5341,-0.2430,0.9270,0.000,0.000,0.000,1,46
TRK,218823,0.41688,-0.77376,0.44026,-0.18354,0.5341,-0.2430,0.9270,0.000,0.000,0.000,1,46
TRK,218841,0.41682,-0.77379,0.44025,-0.18356,0.5341,-0.2430,0.9270,0.000,0.000,0.000,1,46
TRK,218863,0.41676,-0.77382,0.44024,-0.18359,0.5341,-0.2430,0.9270,0.000,0.000,0.000,1,46
TRK,218882,0.41690,-0.77375,0.44021,-0.18363,0.5341,-0.2430,0.9270,0.000,0.000,0.000,1,46
TRK,218902,0.41674,-0.77382,0.44028,-0.18351,0.5341,-0.2430,0.9270,0.000,0.000,0.000,1,46
TRK,218922,0.41688,-0.77376,0.44025,-0.18356,0.5341,-0.2430,0.9270,0.000,0.000,0.000,1,46
TRK,218942,0.41686,-0.77376,0.44027,-0.18352,0.5341,-0.2430,0.9270,0.000,0.000,0.000,1,46
TRK,218963,0.41692,-0.77373,0.44026,-0.18354,0.5341,-0.2430,0.9270,0.000,0.000,0.000,1,46
TRK,218983,0.41697,-0.77371,0.44026,-0.18354,0.5341,-0.2430,0.9270,0.000,0.000,0.000,1,46
TRK,219004,0.41703,-0.77368,0.44023,-0.18358,0.5341,-0.2430,0.9270,0.000,0.000,0.000,1,46
TRK,219022,0.41713,-0.77364,0.44018,-0.18367,0.5341,-0.2430,0.9270,0.000,0.000,0.000,1,46
TRK,219044,0.41706,-0.77367,0.44018,-0.18368,0.5341,-0.2430,0.9270,0.000,0.000,0.000,1,46
TRK,219063,0.41709,-0.77366,0.44014,-0.18375,0.5341,-0.2430,0.9270,0.000,0.000,0.000,1,46
TRK,219084,0.41702,-0.77369,0.44017,-0.18371,0.5341,-0.2430,0.9270,0.000,0.000,0.000,1,46
TRK,219104,0.41698,-0.77371,0.44015,-0.18374,0.5341,-0.2430,0.9270,0.000,0.000,0.000,1,46
TRK,219121,0.41704,-0.77369,0.44008,-0.18387,0.5341,-0.2430,0.9270,0.000,0.000,0.000,1,46
TRK,219141,0.41685,-0.77378,0.44015,-0.18375,0.5341,-0.2430,0.9270,0.000,0.000,0.000,1,46
TRK,219162,0.41695,-0.77374,0.44009,-0.18387,0.5341,-0.2430,0.9270,0.000,0.000,0.000,1,46
TRK,219183,0.41687,-0.77377,0.44011,-0.18383,0.5341,-0.2430,0.9270,0.000,0.000,0.000,1,46
TRK,219202,0.41686,-0.77378,0.44013,-0.18380,0.5341,-0.2430,0.9270,0.000,0.000,0.000,1,46
TRK,219224,0.41677,-0.77382,0.44017,-0.18373,0.5341,-0.2430,0.9270,0.000,0.000,0.000,1,46
TRK,219242,0.41679,-0.77381,0.44018,-0.18370,0.5341,-0.2430,0.9270,0.000,0.000,0.000,1,46
TRK,219264,0.41693,-0.77375,0.44011,-0.18382,0.5341,-0.2430,0.9270,0.000,0.000,0.000,1,46
TRK,219283,0.41667,-0.77387,0.44018,-0.18372,0.5341,-0.2430,0.9270,0.000,0.000,0.000,1,46
TRK,219301,0.41692,-0.77375,0.44006,-0.18393,0.5341,-0.2430,0.9270,0.000,0.000,0.000,1,46
TRK,219323,0.41682,-0.77380,0.44008,-0.18390,0.5341,-0.2430,0.9270,0.000,0.000,0.000,1,46
TRK,219344,0.41693,-0.77374,0.44009,-0.18388,0.5341,-0.2430,0.9270,0.000,0.000,0.000,1,46
TRK,219363,0.41681,-0.77380,0.44016,-0.18374,0.5341,-0.2430,0.9270,0.000,0.000,0.000,1,46
TRK,219381,0.41673,-0.77383,0.44022,-0.18363,0.5341,-0.2430,0.9270,0.000,0.000,0.000,1,46
TRK,219403,0.41680,-0.77381,0.44019,-0.18368,0.5341,-0.2430,0.9270,0.000,0.000,0.000,1,46
TRK,219423,0.41656,-0.77392,0.44021,-0.18368,0.5341,-0.2430,0.9270,0.000,0.000,0.000,1,46
TRK,219442,0.41668,-0.77387,0.44012,-0.18383,0.5341,-0.2430,0.9270,0.000,0.000,0.000,1,46
TRK,219464,0.41664,-0.77389,0.44012,-0.18384,0.5341,-0.2430,0.9270,0.000,0.000,0.000,1,46
TRK,219482,0.41674,-0.77384,0.44008,-0.18390,0.5341,-0.2430,0.9270,0.000,0.000,0.000,1,46
TRK,219504,0.41668,-0.77387,0.44015,-0.18378,0.5341,-0.2430,0.9270,0.000,0.000,0.000,1,46
TRK,219523,0.41674,-0.77383,0.44017,-0.18373,0.5341,-0.2430,0.9270,0.000,0.000,0.000,1,46
TRK,219541,0.41690,-0.77375,0.44016,-0.18374,0.5341,-0.2430,0.9270,0.000,0.000,0.000,1,46
TRK,219562,0.41677,-0.77382,0.44021,-0.18365,0.5341,-0.2430,0.9270,0.000,0.000,0.000,1,46
TRK,219583,0.41684,-0.77378,0.44017,-0.18372,0.5341,-0.2430,0.9270,0.000,0.000,0.000,1,46
TRK,219604,0.41701,-0.77370,0.44008,-0.18388,0.5341,-0.2430,0.9270,0.000,0.000,0.000,1,46
TRK,219623,0.41697,-0.77373,0.44009,-0.18386,0.5341,-0.2430,0.9270,0.000,0.000,0.000,1,46
TRK,219641,0.41680,-0.77381,0.44019,-0.18368,0.5341,-0.2430,0.9270,0.000,0.000,0.000,1,46
TRK,219663,0.41695,-0.77373,0.44017,-0.18370,0.5341,-0.2430,0.9270,0.000,0.000,0.000,1,46
STAT,404.1,400.6,0,0,0,0.0451,1.110,0.1209,0.1187,-0.0680,9.6847,0.71,0.002
TRK,219682,0.41685,-0.77377,0.44024,-0.18359,0.5341,-0.2430,0.9270,0.000,0.000,0.000,1,46
TRK,219702,0.41695,-0.77373,0.44017,-0.18371,0.5341,-0.2430,0.9270,0.000,0.000,0.000,1,46
TRK,219724,0.41671,-0.77385,0.44021,-0.18365,0.5341,-0.2430,0.9270,0.000,0.000,0.000,1,46
TRK,219742,0.41688,-0.77377,0.44013,-0.18380,0.5341,-0.2430,0.9270,0.000,0.000,0.000,1,46
TRK,219764,0.41717,-0.77363,0.44003,-0.18396,0.5341,-0.2430,0.9270,0.000,0.000,0.000,1,46
TRK,219783,0.41686,-0.77377,0.44019,-0.18368,0.5341,-0.2430,0.9270,0.000,0.000,0.000,1,46
TRK,219803,0.41708,-0.77366,0.44015,-0.18374,0.5341,-0.2430,0.9270,0.000,0.000,0.000,1,46
TRK,219821,0.41704,-0.77368,0.44019,-0.18367,0.5341,-0.2430,0.9270,0.000,0.000,0.000,1,46
TRK,219843,0.41708,-0.77366,0.44018,-0.18367,0.5341,-0.2430,0.9270,0.000,0.000,0.000,1,46
TRK,219864,0.41687,-0.77376,0.44023,-0.18359,0.5341,-0.2430,0.9270,0.000,0.000,0.000,1,46
TRK,219883,0.41701,-0.77371,0.44010,-0.18384,0.5341,-0.2430,0.9270,0.000,0.000,0.000,1,46
TRK,219901,0.41715,-0.77364,0.44002,-0.18399,0.5341,-0.2430,0.9270,0.000,0.000,0.000,1,46
TRK,219923,0.41695,-0.77374,0.44009,-0.18387,0.5341,-0.2430,0.9270,0.000,0.000,0.000,1,46
TRK,219942,0.41685,-0.77378,0.44014,-0.18377,0.5341,-0.2430,0.9270,0.000,0.000,0.000,1,46
TRK,219962,0.41684,-0.77378,0.44017,-0.18372,0.5341,-0.2430,0.9270,0.000,0.000,0.000,1,46
TRK,219982,0.41699,-0.77371,0.44017,-0.18371,0.5341,-0.2430,0.9270,0.000,0.000,0.000,1,46
TRK,220004,0.41670,-0.77384,0.44029,-0.18350,0.5341,-0.2430,0.9270,0.000,0.000,0.000,1,46
TRK,220024,0.41682,-0.77379,0.44020,-0.18367,0.5341,-0.2430,0.9270,0.000,0.000,0.000,1,46
TRK,220042,0.41710,-0.77366,0.44006,-0.18391,0.5341,-0.2430,0.9270,0.000,0.000,0.000,1,46
TRK,220064,0.41694,-0.77374,0.44010,-0.18385,0.5341,-0.2430,0.9270,0.000,0.000,0.000,1,46
TRK,220083,0.41690,-0.77376,0.44012,-0.18381,0.5341,-0.2430,0.9270,0.000,0.000,0.000,1,46
TRK,220102,0.41682,-0.77379,0.44018,-0.18369,0.5341,-0.2430,0.9270,0.000,0.000,0.000,1,46
TRK,220124,0.41703,-0.77368,0.44018,-0.18369,0.5341,-0.2430,0.9270,0.000,0.000,0.000,1,46
TRK,220144,0.41669,-0.77384,0.44037,-0.18334,0.5341,-0.2430,0.9270,0.000,0.000,0.000,1,46
TRK,220164,0.41657,-0.77390,0.44040,-0.18330,0.5341,-0.2430,0.9270,0.000,0.000,0.000,1,46
TRK,220182,0.41673,-0.77383,0.44027,-0.18353,0.5341,-0.2430,0.9270,0.000,0.000,0.000,1,46
TRK,220202,0.41661,-0.77390,0.44019,-0.18370,0.5341,-0.2430,0.9270,0.000,0.000,0.000,1,46
TRK,220223,0.41652,-0.77395,0.44013,-0.18383,0.5341,-0.2430,0.9270,0.000,0.000,0.000,1,46
TRK,220242,0.41646,-0.77398,0.44013,-0.18385,0.5341,-0.2430,0.9270,0.000,0.000,0.000,1,46
TRK,220264,0.41671,-0.77386,0.44006,-0.18395,0.5341,-0.2430,0.9270,0.000,0.000,0.000,1,46
TRK,220282,0.41670,-0.77386,0.44011,-0.18386,0.5341,-0.2430,0.9270,0.000,0.000,0.000,1,46
TRK,220304,0.41662,-0.77389,0.44021,-0.18367,0.5341,-0.2430,0.9270,0.000,0.000,0.000,1,46
TRK,220324,0.41684,-0.77379,0.44012,-0.18381,0.5341,-0.2430,0.9270,0.000,0.000,0.000,1,46
TRK,220343,0.41696,-0.77374,0.44004,-0.18397,0.5341,-0.2430,0.9270,0.000,0.000,0.000,1,46
TRK,220364,0.41688,-0.77377,0.44006,-0.18394,0.5341,-0.2430,0.9270,0.000,0.000,0.000,1,46
TRK,220383,0.41700,-0.77371,0.44003,-0.18398,0.5341,-0.2430,0.9270,0.000,0.000,0.000,1,46
TRK,220402,0.41699,-0.77371,0.44009,-0.18386,0.5341,-0.2430,0.9270,0.000,0.000,0.000,1,46
TRK,220422,0.41711,-0.77365,0.44014,-0.18376,0.5341,-0.2430,0.9270,0.000,0.000,0.000,1,46
TRK,220442,0.41692,-0.77373,0.44030,-0.18346,0.5341,-0.2430,0.9270,0.000,0.000,0.000,1,46
TRK,220462,0.41704,-0.77367,0.44029,-0.18346,0.5341,-0.2430,0.9270,0.000,0.000,0.000,1,46
TRK,220482,0.41701,-0.77369,0.44027,-0.18350,0.5341,-0.2430,0.9270,0.000,0.000,0.000,1,46
TRK,220504,0.41715,-0.77363,0.44013,-0.18376,0.5341,-0.2430,0.9270,0.000,0.000,0.000,1,46
TRK,220524,0.41694,-0.77374,0.44015,-0.18375,0.5341,-0.2430,0.9270,0.000,0.000,0.000,1,46
TRK,220541,0.41703,-0.77370,0.44006,-0.18392,0.5341,-0.2430,0.9270,0.000,0.000,0.000,1,46
TRK,220561,0.41714,-0.77365,0.44001,-0.18401,0.5341,-0.2430,0.9270,0.000,0.000,0.000,1,46
TRK,220581,0.41681,-0.77380,0.44018,-0.18370,0.5341,-0.2430,0.9270,0.000,0.000,0.000,1,46
TRK,220603,0.41707,-0.77367,0.44011,-0.18381,0.5341,-0.2430,0.9270,0.000,0.000,0.000,1,46
TRK,220623,0.41664,-0.77387,0.44026,-0.18356,0.5341,-0.2430,0.9270,0.000,0.000,0.000,1,46
TRK,220641,0.41709,-0.77367,0.44004,-0.18396,0.5341,-0.2430,0.9270,0.000,0.000,0.000,1,46
TRK,220663,0.41668,-0.77387,0.44015,-0.18378,0.5341,-0.2430,0.9270,0.000,0.000,0.000,1,46
STAT,403.6,400.6,0,0,0,0.0725,3.188,0.1209,0.1187,-0.0680,9.6856,0.71,0.002
TRK,220682,0.41689,-0.77377,0.44006,-0.18392,0.5341,-0.2430,0.9270,0.000,0.000,0.000,1,46
TRK,220704,0.41701,-0.77371,0.44007,-0.18390,0.5341,-0.2430,0.9270,0.000,0.000,0.000,1,46
TRK,220723,0.41680,-0.77380,0.44020,-0.18367,0.5341,-0.2430,0.9270,0.000,0.000,0.000,1,46
TRK,220742,0.41704,-0.77368,0.44017,-0.18371,0.5341,-0.2430,0.9270,0.000,0.000,0.000,1,46
TRK,220761,0.41661,-0.77389,0.44036,-0.18338,0.5341,-0.2430,0.9270,0.000,0.000,0.000,1,46
TRK,220781,0.41691,-0.77374,0.44018,-0.18369,0.5341,-0.2430,0.9270,0.000,0.000,0.000,1,46
TRK,220804,0.41678,-0.77382,0.44013,-0.18381,0.5341,-0.2430,0.9270,0.000,0.000,0.000,1,46
TRK,220823,0.41691,-0.77377,0.44000,-0.18405,0.5341,-0.2430,0.9270,0.000,0.000,0.000,1,46
TRK,220841,0.41496,-0.77545,0.44022,-0.18079,0.5341,-0.2430,0.9269,-0.009,0.001,0.000,2,46
TRK,220863,0.41036,-0.77913,0.43981,-0.17647,0.5341,-0.2431,0.9268,-0.007,0.002,-0.003,2,46
TRK,220884,0.40969,-0.78096,0.43808,-0.17418,0.5343,-0.2433,0.9268,0.018,-0.017,0.001,2,46
TRK,220903,0.41578,-0.78230,0.43014,-0.17355,0.5343,-0.2434,0.9269,-0.032,0.020,0.005,2,46
TRK,220921,0.42376,-0.77649,0.43038,-0.17961,0.5330,-0.2425,0.9270,-0.083,0.041,0.005,2,46
TRK,220943,0.42254,-0.77320,0.43640,-0.18217,0.5313,-0.2422,0.9269,-0.067,-0.007,-0.004,2,46
TRK,220962,0.42114,-0.77067,0.44125,-0.18440,0.5305,-0.2423,0.9269,-0.022,-0.001,0.004,2,46
TRK,220984,0.42197,-0.76870,0.44308,-0.18636,0.5304,-0.2423,0.9270,0.006,0.005,-0.002,2,46
TRK,221002,0.42081,-0.77077,0.44155,-0.18403,0.5306,-0.2421,0.9270,0.024,0.017,0.001,2,46
TRK,221024,0.42318,-0.77149,0.43819,-0.18360,0.5312,-0.2417,0.9270,0.021,0.019,-0.000,2,46
TRK,221044,0.41924,-0.77771,0.43390,-0.17644,0.5313,-0.2412,0.9271,-0.028,0.034,0.027,2,46
TRK,221063,0.39294,-0.79621,0.43208,-0.15797,0.5314,-0.2413,0.9280,0.038,-0.034,0.065,2,46
TRK,221081,0.38018,-0.80529,0.42801,-0.15419,0.5312,-0.2417,0.9299,-0.048,-0.010,0.157,2,46
TRK,221103,0.35530,-0.81384,0.42614,-0.17273,0.5306,-0.2426,0.9344,-0.005,-0.061,0.227,2,46
TRK,221124,0.35596,-0.80903,0.42149,-0.20274,0.5303,-0.2434,0.9394,-0.010,-0.023,0.226,2,46
TRK,221143,0.34808,-0.81011,0.41357,-0.22697,0.5302,-0.2438,0.9434,0.002,-0.012,0.214,2,46
TRK,221161,0.34447,-0.81100,0.40625,-0.24206,0.5305,-0.2436,0.9469,0.023,0.024,0.143,2,46
TRK,221183,0.33807,-0.81594,0.39646,-0.25055,0.5310,-0.2431,0.9493,0.030,0.028,0.098,2,46
TRK,221203,0.33440,-0.82030,0.38977,-0.25174,0.5317,-0.2423,0.9506,0.035,0.040,0.022,2,46
TRK,221222,0.33144,-0.82479,0.38520,-0.24797,0.5323,-0.2417,0.9507,0.028,0.027,-0.009,2,46
TRK,221242,0.32946,-0.82849,0.38358,-0.24066,0.5328,-0.2413,0.9500,0.019,0.019,-0.050,2,46
TRK,221262,0.33005,-0.82993,0.38441,-0.23348,0.5330,-0.2411,0.9489,0.006,-0.005,-0.064,2,46
TRK,221284,0.33216,-0.82935,0.38811,-0.22630,0.5328,-0.2413,0.9473,-0.021,-0.017,-0.078,2,46
TRK,221302,0.33330,-0.82774,0.39424,-0.21986,0.5322,-0.2418,0.9458,-0.040,-0.025,-0.073,2,46
TRK,221324,0.33557,-0.82495,0.40123,-0.21419,0.5312,-0.2422,0.9444,-0.068,-0.015,-0.066,2,46
TRK,221343,0.33567,-0.82143,0.40963,-0.21161,0.5300,-0.2428,0.9432,-0.043,-0.049,-0.049,2,46
TRK,221361,0.33533,-0.81908,0.41564,-0.20955,0.5291,-0.2435,0.9426,-0.053,-0.030,-0.031,2,46
TRK,221383,0.33659,-0.81603,0.42100,-0.20872,0.5285,-0.2441,0.9420,-0.020,-0.021,-0.009,2,46
TRK,221404,0.33491,-0.81590,0.42289,-0.20809,0.5283,-0.2443,0.9421,0.009,-0.000,0.007,2,46
TRK,221423,0.33584,-0.81625,0.42121,-0.20865,0.5285,-0.2442,0.9424,0.020,0.009,0.029,2,46
TRK,221441,0.33492,-0.81845,0.41730,-0.20937,0.5290,-0.2440,0.9431,0.030,0.017,0.041,2,46
TRK,221463,0.33530,-0.82063,0.41121,-0.21224,0.5297,-0.2436,0.9442,0.027,0.013,0.058,2,46
TRK,221482,0.33441,-0.82237,0.40624,-0.21642,0.5301,-0.2434,0.9452,0.023,0.011,0.056,2,46
TRK,221502,0.34183,-0.81911,0.40055,-0.22754,0.5306,-0.2432,0.9461,0.033,0.009,0.025,2,46
TRK,221524,0.37059,-0.80723,0.39069,-0.24167,0.5317,-0.2431,0.9457,0.054,-0.001,-0.069,2,46
TRK,221544,0.38506,-0.79860,0.39553,-0.23985,0.5320,-0.2431,0.9434,-0.034,0.013,-0.163,2,46
TRK,221564,0.38948,-0.79156,0.41355,-0.22521,0.5314,-0.2425,0.9392,0.001,0.033,-0.260,2,46
TRK,221582,0.39748,-0.78984,0.42311,-0.19785,0.5314,-0.2418,0.9336,0.002,0.049,-0.303,2,46
TRK,221604,0.38365,-0.79903,0.43836,-0.14899,0.5318,-0.2401,0.9280,0.104,0.109,-0.137,2,46
TRK,221623,0.41036,-0.78903,0.42657,-0.16452,0.5349,-0.2379,0.9264,0.193,0.123,-0.046,2,46
TRK,221642,0.39766,-0.79729,0.41882,-0.17546,0.5374,-0.2365,0.9266,0.112,0.059,0.013,2,46
TRK,221662,0.40714,-0.79338,0.41084,-0.18972,0.5398,-0.2347,0.9257,0.107,0.101,-0.080,2,46
STAT,403.6,400.6,0,0,0,8.7129,262.878,0.1209,0.1187,-0.0680,9.6838,0.71,0.002
TRK,221682,0.39586,-0.79789,0.41083,-0.19463,0.5415,-0.2334,0.9243,0.085,0.048,-0.088,2,46
TRK,221702,0.40330,-0.79236,0.41238,-0.19864,0.5431,-0.2319,0.9214,0.074,0.086,-0.178,2,46
TRK,221722,0.39761,-0.79350,0.41827,-0.19316,0.5445,-0.2307,0.9179,0.068,0.061,-0.195,2,46
TRK,221742,0.40575,-0.78739,0.42494,-0.18659,0.5459,-0.2290,0.9133,0.076,0.096,-0.246,2,46
TRK,221762,0.40576,-0.78657,0.43240,-0.17232,0.5474,-0.2272,0.9087,0.083,0.105,-0.234,2,46
TRK,221784,0.40861,-0.78509,0.43438,-0.16726,0.5498,-0.2249,0.9049,0.142,0.113,-0.132,2,46
TRK,221804,0.40948,-0.78620,0.42950,-0.17248,0.5525,-0.2229,0.9029,0.122,0.087,-0.080,2,46
TRK,221821,0.40650,-0.78889,0.42542,-0.17729,0.5547,-0.2212,0.9014,0.128,0.102,-0.100,2,46
TRK,221841,0.40475,-0.79013,0.42335,-0.18065,0.5571,-0.2193,0.8993,0.118,0.095,-0.114,2,46
TRK,221862,0.40501,-0.79017,0.42234,-0.18231,0.5596,-0.2171,0.8964,0.109,0.096,-0.143,2,46
TRK,221884,0.40468,-0.79001,0.42348,-0.18105,0.5619,-0.2150,0.8929,0.103,0.096,-0.168,2,46
TRK,221903,0.40608,-0.78886,0.42529,-0.17869,0.5637,-0.2133,0.8899,0.101,0.098,-0.181,2,46
TRK,221921,0.40941,-0.78659,0.42810,-0.17434,0.5658,-0.2113,0.8863,0.106,0.105,-0.184,2,46
TRK,221941,0.41248,-0.78469,0.43001,-0.17089,0.5678,-0.2093,0.8829,0.106,0.099,-0.156,2,46
TRK,221962,0.41369,-0.78410,0.43001,-0.17071,0.5700,-0.2074,0.8801,0.111,0.095,-0.126,2,46
TRK,221982,0.41065,-0.78596,0.42888,-0.17231,0.5722,-0.2055,0.8778,0.115,0.094,-0.110,2,46
TRK,222002,0.40695,-0.78816,0.42701,-0.17565,0.5745,-0.2037,0.8756,0.114,0.092,-0.109,2,46
TRK,222022,0.40554,-0.78910,0.42551,-0.17832,0.5768,-0.2018,0.8733,0.114,0.099,-0.129,2,46
TRK,222044,0.40588,-0.78912,0.42490,-0.17894,0.5793,-0.1996,0.8702,0.110,0.098,-0.147,2,46
TRK,222064,0.40655,-0.78883,0.42544,-0.17740,0.5814,-0.1976,0.8671,0.108,0.102,-0.165,2,46
TRK,222084,0.40971,-0.78696,0.42696,-0.17475,0.5835,-0.1956,0.8638,0.105,0.102,-0.167,2,46
TRK,222104,0.41143,-0.78567,0.42854,-0.17263,0.5856,-0.1936,0.8606,0.104,0.099,-0.154,2,46
TRK,222124,0.41184,-0.78515,0.42920,-0.17239,0.5880,-0.1915,0.8574,0.108,0.096,-0.132,2,46
TRK,222139,0.41056,-0.78581,0.42890,-0.17319,0.5896,-0.1900,0.8555,0.112,0.095,-0.123,2,46
TRK,222163,0.40773,-0.78761,0.42731,-0.17559,0.5921,-0.1879,0.8528,0.115,0.096,-0.123,2,46
TRK,222183,0.40648,-0.78863,0.42610,-0.17684,0.5944,-0.1860,0.8503,0.114,0.098,-0.134,2,46
TRK,222201,0.40680,-0.78862,0.42584,-0.17677,0.5966,-0.1840,0.8475,0.110,0.100,-0.149,2,46
TRK,222223,0.40843,-0.78762,0.42659,-0.17566,0.5990,-0.1818,0.8441,0.106,0.099,-0.155,2,46
TRK,222242,0.40955,-0.78678,0.42748,-0.17463,0.6008,-0.1801,0.8414,0.105,0.099,-0.152,2,46
TRK,222261,0.41032,-0.78611,0.42828,-0.17393,0.6029,-0.1781,0.8384,0.107,0.098,-0.144,2,46
TRK,222281,0.41023,-0.78612,0.42834,-0.17393,0.6050,-0.1762,0.8357,0.109,0.097,-0.134,2,46
TRK,222301,0.40904,-0.78687,0.42780,-0.17464,0.6072,-0.1743,0.8331,0.111,0.097,-0.130,2,46
TRK,222321,0.40783,-0.78768,0.42706,-0.17566,0.6094,-0.1723,0.8305,0.111,0.097,-0.134,2,46
TRK,222344,0.40784,-0.78777,0.42675,-0.17598,0.6119,-0.1702,0.8274,0.109,0.099,-0.143,2,46
TRK,222363,0.40859,-0.78734,0.42699,-0.17555,0.6141,-0.1682,0.8245,0.108,0.099,-0.147,2,46
TRK,222381,0.40914,-0.78698,0.42738,-0.17496,0.6159,-0.1665,0.8220,0.108,0.099,-0.147,2,46
TRK,222403,0.40969,-0.78659,0.42774,-0.17454,0.6183,-0.1643,0.8187,0.107,0.099,-0.143,2,46
TRK,222424,0.40976,-0.78658,0.42774,-0.17446,0.6207,-0.1621,0.8156,0.108,0.098,-0.137,2,46
TRK,222443,0.40914,-0.78697,0.42750,-0.17474,0.6226,-0.1604,0.8133,0.108,0.097,-0.135,2,46
TRK,222461,0.40835,-0.78740,0.42726,-0.17524,0.6247,-0.1584,0.8106,0.109,0.098,-0.137,2,46
TRK,222483,0.40819,-0.78749,0.42716,-0.17542,0.6272,-0.1562,0.8075,0.109,0.099,-0.142,2,46
TRK,222502,0.40888,-0.78715,0.42723,-0.17520,0.5288,-0.2453,0.9358,0.000,0.000,0.000,1,47
TRK,222524,0.40953,-0.78681,0.42735,-0.17488,0.5288,-0.2453,0.9358,0.000,0.000,0.000,1,47
TRK,222542,0.40950,-0.78682,0.42736,-0.17487,0.5288,-0.2453,0.9358,0.000,0.000,0.000,1,47
TRK,222561,0.40939,-0.78688,0.42734,-0.17493,0.5288,-0.2453,0.9358,0.000,0.000,0.000,1,47
TRK,222584,0.40912,-0.78701,0.42734,-0.17496,0.5288,-0.2453,0.9358,0.000,0.000,0.000,1,47
TRK,222603,0.40878,-0.78719,0.42734,-0.17497,0.5288,-0.2453,0.9358,0.000,0.000,0.000,1,47
TRK,222621,0.40872,-0.78721,0.42736,-0.17495,0.5288,-0.2453,0.9358,0.000,0.000,0.000,1,47
TRK,222641,0.40943,-0.78685,0.42746,-0.17468,0.5288,-0.2453,0.9358,0.000,0.000,0.000,1,47
TRK,222663,0.40982,-0.78665,0.42751,-0.17454,0.5288,-0.2453,0.9358,0.000,0.000,0.000,1,47
STAT,404.0,400.5,0,0,0,0.1223,2.482,0.1209,0.1187,-0.0680,9.6820,1.80,0.206
TRK,222684,0.40967,-0.78674,0.42738,-0.17482,0.5288,-0.2453,0.9358,0.000,0.000,0.000,1,47
TRK,222704,0.40952,-0.78683,0.42722,-0.17516,0.5288,-0.2453,0.9358,0.000,0.000,0.000,1,47
TRK,222721,0.40943,-0.78688,0.42713,-0.17533,0.5288,-0.2453,0.9358,0.000,0.000,0.000,1,47
TRK,222743,0.40927,-0.78696,0.42717,-0.17527,0.5288,-0.2453,0.9358,0.000,0.000,0.000,1,47
TRK,222763,0.40921,-0.78697,0.42734,-0.17493,0.5288,-0.2453,0.9358,0.000,0.000,0.000,1,47
TRK,222783,0.40945,-0.78683,0.42756,-0.17446,0.5288,-0.2453,0.9358,0.000,0.000,0.000,1,47
TRK,222804,0.40955,-0.78678,0.42764,-0.17431,0.5288,-0.2453,0.9358,0.000,0.000,0.000,1,47
TRK,222822,0.40921,-0.78695,0.42755,-0.17452,0.5288,-0.2453,0.9358,0.000,0.000,0.000,1,47
TRK,222842,0.40902,-0.78706,0.42738,-0.17487,0.5288,-0.2453,0.9358,0.000,0.000,0.000,1,47
TRK,222862,0.40913,-0.78702,0.42727,-0.17508,0.5288,-0.2453,0.9358,0.000,0.000,0.000,1,47
TRK,222883,0.40914,-0.78701,0.42724,-0.17514,0.5288,-0.2453,0.9358,0.000,0.000,0.000,1,47
TRK,222903,0.40912,-0.78701,0.42735,-0.17492,0.5288,-0.2453,0.9358,0.000,0.000,0.000,1,47
TRK,222923,0.40932,-0.78690,0.42749,-0.17462,0.5288,-0.2453,0.9358,0.000,0.000,0.000,1,47
TRK,222943,0.40951,-0.78680,0.42757,-0.17444,0.5288,-0.2453,0.9358,0.000,0.000,0.000,1,47
TRK,222961,0.40932,-0.78690,0.42748,-0.17464,0.5288,-0.2453,0.9358,0.000,0.000,0.000,1,47
TRK,222981,0.40902,-0.78707,0.42733,-0.17498,0.5288,-0.2453,0.9358,0.000,0.000,0.000,1,47
TRK,223001,0.40900,-0.78709,0.42721,-0.17521,0.5288,-0.2453,0.9358,0.000,0.000,0.000,1,47
TRK,223023,0.40924,-0.78696,0.42728,-0.17505,0.5288,-0.2453,0.9358,0.000,0.000,0.000,1,47
TRK,223042,0.40936,-0.78690,0.42738,-0.17485,0.5288,-0.2453,0.9358,0.000,0.000,0.000,1,47
TRK,223064,0.40936,-0.78688,0.42751,-0.17457,0.5288,-0.2453,0.9358,0.000,0.000,0.000,1,47
TRK,223084,0.40941,-0.78685,0.42759,-0.17441,0.5288,-0.2453,0.9358,0.000,0.000,0.000,1,47
TRK,223104,0.40932,-0.78690,0.42757,-0.17447,0.5288,-0.2453,0.9358,0.000,0.000,0.000,1,47
TRK,223123,0.40908,-0.78703,0.42746,-0.17470,0.5288,-0.2453,0.9358,0.000,0.000,0.000,1,47
TRK,223143,0.40901,-0.78707,0.42738,-0.17488,0.5288,-0.2453,0.9358,0.000,0.000,0.000,1,47
TRK,223163,0.40933,-0.78691,0.42742,-0.17476,0.5288,-0.2453,0.9358,0.000,0.000,0.000,1,47
TRK,223181,0.40951,-0.78680,0.42752,-0.17455,0.5288,-0.2453,0.9358,0.000,0.000,0.000,1,47
TRK,223203,0.40935,-0.78687,0.42761,-0.17438,0.5288,-0.2453,0.9358,0.000,0.000,0.000,1,47
TRK,223221,0.40927,-0.78692,0.42763,-0.17435,0.5288,-0.2453,0.9358,0.000,0.000,0.000,1,47
TRK,223243,0.40942,-0.78684,0.42762,-0.17435,0.5288,-0.2453,0.9358,0.000,0.000,0.000,1,47
TRK,223262,0.40952,-0.78680,0.42752,-0.17455,0.5288,-0.2453,0.9358,0.000,0.000,0.000,1,47
TRK,223282,0.40923,-0.78695,0.42747,-0.17467,0.5288,-0.2453,0.9358,0.000,0.000,0.000,1,47
TRK,223302,0.40971,-0.78672,0.42738,-0.17481,0.5288,-0.2453,0.9358,0.000,0.000,0.000,1,47
TRK,223322,0.40999,-0.78658,0.42736,-0.17483,0.5288,-0.2453,0.9358,0.000,0.000,0.000,1,47
TRK,223342,0.40956,-0.78679,0.42738,-0.17483,0.5288,-0.2453,0.9358,0.000,0.000,0.000,1,47
TRK,223362,0.40924,-0.78694,0.42749,-0.17464,0.5288,-0.2453,0.9358,0.000,0.000,0.000,1,47
TRK,223384,0.40961,-0.78674,0.42767,-0.17424,0.5288,-0.2453,0.9358,0.000,0.000,0.000,1,47
TRK,223404,0.40970,-0.78669,0.42774,-0.17408,0.5288,-0.2453,0.9358,0.000,0.000,0.000,1,47
TRK,223423,0.40944,-0.78682,0.42768,-0.17422,0.5288,-0.2453,0.9358,0.000,0.000,0.000,1,47
TRK,223441,0.40938,-0.78686,0.42761,-0.17437,0.5288,-0.2453,0.9358,0.000,0.000,0.000,1,47
TRK,223463,0.40961,-0.78675,0.42753,-0.17451,0.5288,-0.2453,0.9358,0.000,0.000,0.000,1,47
TRK,223482,0.40950,-0.78681,0.42746,-0.17467,0.5288,-0.2453,0.9358,0.000,0.000,0.000,1,47
TRK,223502,0.40928,-0.78693,0.42743,-0.17475,0.5288,-0.2453,0.9358,0.000,0.000,0.000,1,47
TRK,223522,0.40942,-0.78685,0.42748,-0.17463,0.5288,-0.2453,0.9358,0.000,0.000,0.000,1,47
TRK,223542,0.40968,-0.78671,0.42758,-0.17440,0.5288,-0.2453,0.9358,0.000,0.000,0.000,1,47
TRK,223563,0.40959,-0.78676,0.42757,-0.17443,0.5288,-0.2453,0.9358,0.000,0.000,0.000,1,47
TRK,223583,0.40942,-0.78685,0.42749,-0.17460,0.5288,-0.2453,0.9358,0.000,0.000,0.000,1,47
TRK,223603,0.40949,-0.78683,0.42740,-0.17478,0.5288,-0.2453,0.9358,0.000,0.000,0.000,1,47
TRK,223621,0.40952,-0.78682,0.42735,-0.17488,0.5288,-0.2453,0.9358,0.000,0.000,0.000,1,47
TRK,223642,0.40951,-0.78682,0.42734,-0.17491,0.5288,-0.2453,0.9358,0.000,0.000,0.000,1,47
TRK,223664,0.40954,-0.78680,0.42741,-0.17475,0.5288,-0.2453,0.9358,0.000,0.000,0.000,1,47
TRK,223683,0.40961,-0.78676,0.42748,-0.17461,0.5288,-0.2453,0.9358,0.000,0.000,0.000,1,47
STAT,404.0,400.5,0,0,0,0.0378,0.596,0.1231,0.1188,-0.0686,9.6895,1.80,0.206
TRK,223701,0.40955,-0.78679,0.42751,-0.17456,0.5288,-0.2453,0.9358,0.000,0.000,0.000,1,47
TRK,223721,0.40947,-0.78683,0.42748,-0.17462,0.5288,-0.2453,0.9358,0.000,0.000,0.000,1,47
TRK,223741,0.40954,-0.78680,0.42741,-0.17476,0.5288,-0.2453,0.9358,0.000,0.000,0.000,1,47
TRK,223762,0.40960,-0.78678,0.42731,-0.17497,0.5288,-0.2453,0.9358,0.000,0.000,0.000,1,47
TRK,223783,0.40956,-0.78681,0.42723,-0.17512,0.5288,-0.2453,0.9358,0.000,0.000,0.000,1,47
TRK,223802,0.40965,-0.78676,0.42727,-0.17503,0.5288,-0.2453,0.9358,0.000,0.000,0.000,1,47
TRK,223824,0.40981,-0.78667,0.42737,-0.17482,0.5288,-0.2453,0.9358,0.000,0.000,0.000,1,47
TRK,223842,0.40973,-0.78670,0.42743,-0.17470,0.5288,-0.2453,0.9358,0.000,0.000,0.000,1,47
TRK,223861,0.40949,-0.78682,0.42745,-0.17469,0.5288,-0.2453,0.9358,0.000,0.000,0.000,1,47
TRK,223884,0.40959,-0.78678,0.42742,-0.17475,0.5288,-0.2453,0.9358,0.000,0.000,0.000,1,47
TRK,223903,0.40976,-0.78670,0.42736,-0.17485,0.5288,-0.2453,0.9358,0.000,0.000,0.000,1,47
TRK,223921,0.40978,-0.78669,0.42727,-0.17501,0.5288,-0.2453,0.9358,0.000,0.000,0.000,1,47
TRK,223943,0.40975,-0.78671,0.42722,-0.17512,0.5288,-0.2453,0.9358,0.000,0.000,0.000,1,47
TRK,223964,0.40988,-0.78664,0.42730,-0.17496,0.5288,-0.2453,0.9358,0.000,0.000,0.000,1,47
TRK,223983,0.40981,-0.78667,0.42737,-0.17482,0.5288,-0.2453,0.9358,0.000,0.000,0.000,1,47
TRK,224001,0.40964,-0.78674,0.42745,-0.17467,0.5288,-0.2453,0.9358,0.000,0.000,0.000,1,47
TRK,224023,0.40957,-0.78678,0.42749,-0.17459,0.5288,-0.2453,0.9358,0.000,0.000,0.000,1,47
TRK,224042,0.40979,-0.78667,0.42748,-0.17460,0.5288,-0.2453,0.9358,0.000,0.000,0.000,1,47
TRK,224064,0.40985,-0.78664,0.42743,-0.17470,0.5288,-0.2453,0.9358,0.000,0.000,0.000,1,47
TRK,224082,0.40977,-0.78669,0.42738,-0.17481,0.5288,-0.2453,0.9358,0.000,0.000,0.000,1,47
TRK,224101,0.40976,-0.78670,0.42734,-0.17489,0.5288,-0.2453,0.9358,0.000,0.000,0.000,1,47
TRK,224124,0.40967,-0.78674,0.42735,-0.17487,0.5288,-0.2453,0.9358,0.000,0.000,0.000,1,47
TRK,224143,0.40959,-0.78678,0.42739,-0.17480,0.5288,-0.2453,0.9358,0.000,0.000,0.000,1,47
TRK,224161,0.40956,-0.78679,0.42747,-0.17465,0.5288,-0.2453,0.9358,0.000,0.000,0.000,1,47
TRK,224183,0.40972,-0.78670,0.42755,-0.17445,0.5288,-0.2453,0.9358,0.000,0.000,0.000,1,47
TRK,224204,0.40974,-0.78669,0.42756,-0.17444,0.5288,-0.2453,0.9358,0.000,0.000,0.000,1,47
TRK,224223,0.40956,-0.78678,0.42748,-0.17462,0.5288,-0.2453,0.9358,0.000,0.000,0.000,1,47
TRK,224241,0.40945,-0.78685,0.42739,-0.17481,0.5288,-0.2453,0.9358,0.000,0.000,0.000,1,47
TRK,224263,0.40956,-0.78680,0.42736,-0.17486,0.5288,-0.2453,0.9358,0.000,0.000,0.000,1,47
TRK,224283,0.40962,-0.78676,0.42743,-0.17472,0.5288,-0.2453,0.9358,0.000,0.000,0.000,1,47
TRK,224302,0.40965,-0.78674,0.42746,-0.17465,0.5288,-0.2453,0.9358,0.000,0.000,0.000,1,47
TRK,224322,0.40971,-0.78671,0.42748,-0.17461,0.5288,-0.2453,0.9358,0.000,0.000,0.000,1,47
TRK,224344,0.40971,-0.78671,0.42747,-0.17463,0.5288,-0.2453,0.9358,0.000,0.000,0.000,1,47
TRK,224362,0.40963,-0.78675,0.42741,-0.17475,0.5288,-0.2453,0.9358,0.000,0.000,0.000,1,47
TRK,224384,0.40955,-0.78680,0.42733,-0.17493,0.5288,-0.2453,0.9358,0.000,0.000,0.000,1,47
TRK,224403,0.40969,-0.78674,0.42730,-0.17497,0.5288,-0.2453,0.9358,0.000,0.000,0.000,1,47
TRK,224421,0.40980,-0.78668,0.42735,-0.17487,0.5288,-0.2453,0.9358,0.000,0.000,0.000,1,47
TRK,224443,0.40972,-0.78671,0.42739,-0.17479,0.5288,-0.2453,0.9358,0.000,0.000,0.000,1,47
TRK,224464,0.40960,-0.78677,0.42743,-0.17472,0.5288,-0.2453,0.9358,0.000,0.000,0.000,1,47
TRK,224483,0.40961,-0.78677,0.42743,-0.17473,0.5288,-0.2453,0.9358,0.000,0.000,0.000,1,47
TRK,224501,0.40962,-0.78676,0.42739,-0.17480,0.5288,-0.2453,0.9358,0.000,0.000,0.000,1,47
TRK,224523,0.40965,-0.78675,0.42735,-0.17487,0.5288,-0.2453,0.9358,0.000,0.000,0.000,1,47
TRK,224542,0.40978,-0.78669,0.42735,-0.17487,0.5288,-0.2453,0.9358,0.000,0.000,0.000,1,47
TRK,224562,0.40986,-0.78664,0.42738,-0.17480,0.5288,-0.2453,0.9358,0.000,0.000,0.000,1,47
TRK,224581,0.40974,-0.78670,0.42741,-0.17475,0.5288,-0.2453,0.9358,0.000,0.000,0.000,1,47
TRK,224604,0.40954,-0.78680,0.42744,-0.17471,0.5288,-0.2453,0.9358,0.000,0.000,0.000,1,47
TRK,224624,0.40964,-0.78675,0.42748,-0.17461,0.5288,-0.2453,0.9358,0.000,0.000,0.000,1,47
TRK,224644,0.40986,-0.78663,0.42751,-0.17452,0.5288,-0.2453,0.9358,0.000,0.000,0.000,1,47
TRK,224662,0.40986,-0.78663,0.42748,-0.17459,0.5288,-0.2453,0.9358,0.000,0.000,0.000,1,47
TRK,224684,0.40964,-0.78675,0.42740,-0.17478,0.5288,-0.2453,0.9358,0.000,0.000,0.000,1,47
STAT,403.9,400.9,0,0,0,0.0406,1.063,0.1262,0.1153,-0.0710,9.6903,1.80,0.206
TRK,224703,0.40959,-0.78678,0.42736,-0.17487,0.5288,-0.2453,0.9358,0.000,0.000,0.000,1,47
TRK,224724,0.40960,-0.78677,0.42740,-0.17477,0.5288,-0.2453,0.9358,0.000,0.000,0.000,1,47
TRK,224743,0.40962,-0.78675,0.42749,-0.17459,0.5288,-0.2453,0.9358,0.000,0.000,0.000,1,47
TRK,224762,0.40968,-0.78671,0.42760,-0.17437,0.5288,-0.2453,0.9358,0.000,0.000,0.000,1,47
TRK,224782,0.40980,-0.78664,0.42768,-0.17420,0.5288,-0.2453,0.9358,0.000,0.000,0.000,1,47
TRK,224802,0.40988,-0.78660,0.42770,-0.17414,0.5288,-0.2453,0.9358,0.000,0.000,0.000,1,47
TRK,224824,0.40967,-0.78672,0.42758,-0.17441,0.5288,-0.2453,0.9358,0.000,0.000,0.000,1,47
TRK,224842,0.40950,-0.78682,0.42740,-0.17478,0.5288,-0.2453,0.9358,0.000,0.000,0.000,1,47
TRK,224864,0.40953,-0.78681,0.42730,-0.17499,0.5288,-0.2453,0.9358,0.000,0.000,0.000,1,47
TRK,224882,0.40980,-0.78667,0.42738,-0.17480,0.5288,-0.2453,0.9358,0.000,0.000,0.000,1,47
TRK,224904,0.40991,-0.78660,0.42756,-0.17443,0.5288,-0.2453,0.9358,0.000,0.000,0.000,1,47
TRK,224922,0.40966,-0.78671,0.42768,-0.17421,0.5288,-0.2453,0.9358,0.000,0.000,0.000,1,47
TRK,224944,0.40950,-0.78679,0.42773,-0.17413,0.5288,-0.2453,0.9358,0.000,0.000,0.000,1,47
TRK,224963,0.40947,-0.78681,0.42769,-0.17420,0.5288,-0.2453,0.9358,0.000,0.000,0.000,1,47
TRK,224981,0.40946,-0.78683,0.42755,-0.17450,0.5288,-0.2453,0.9358,0.000,0.000,0.000,1,47
TRK,225003,0.40946,-0.78684,0.42739,-0.17482,0.5288,-0.2453,0.9358,0.000,0.000,0.000,1,47
TRK,225022,0.40974,-0.78671,0.42734,-0.17488,0.5288,-0.2453,0.9358,0.000,0.000,0.000,1,47
TRK,225044,0.40992,-0.78661,0.42742,-0.17470,0.5288,-0.2453,0.9358,0.000,0.000,0.000,1,47
TRK,225062,0.40983,-0.78665,0.42751,-0.17453,0.5288,-0.2453,0.9358,0.000,0.000,0.000,1,47
TRK,225082,0.40963,-0.78674,0.42759,-0.17440,0.5288,-0.2453,0.9358,0.000,0.000,0.000,1,47
TRK,225102,0.40960,-0.78675,0.42762,-0.17434,0.5288,-0.2453,0.9358,0.000,0.000,0.000,1,47
TRK,225122,0.40981,-0.78664,0.42761,-0.17433,0.5288,-0.2453,0.9358,0.000,0.000,0.000,1,47
TRK,225142,0.41002,-0.78655,0.42754,-0.17446,0.5288,-0.2453,0.9358,0.000,0.000,0.000,1,47
TRK,225164,0.41007,-0.78653,0.42744,-0.17466,0.5288,-0.2453,0.9358,0.000,0.000,0.000,1,47
TRK,225182,0.41006,-0.78655,0.42738,-0.17479,0.5288,-0.2453,0.9358,0.000,0.000,0.000,1,47
TRK,225204,0.41006,-0.78654,0.42739,-0.17476,0.5288,-0.2453,0.9358,0.000,0.000,0.000,1,47
TRK,225224,0.41003,-0.78655,0.42745,-0.17463,0.5288,-0.2453,0.9358,0.000,0.000,0.000,1,47
TRK,225244,0.40998,-0.78657,0.42751,-0.17451,0.5288,-0.2453,0.9358,0.000,0.000,0.000,1,47
TRK,225261,0.41004,-0.78654,0.42754,-0.17446,0.5288,-0.2453,0.9358,0.000,0.000,0.000,1,47
TRK,225281,0.41019,-0.78646,0.42751,-0.17450,0.5288,-0.2453,0.9358,0.000,0.000,0.000,1,47
TRK,225302,0.41025,-0.78644,0.42744,-0.17464,0.5288,-0.2453,0.9358,0.000,0.000,0.000,1,47
TRK,225323,0.41010,-0.78653,0.42733,-0.17488,0.5288,-0.2453,0.9358,0.000,0.000,0.000,1,47
TRK,225342,0.41006,-0.78655,0.42730,-0.17494,0.5288,-0.2453,0.9358,0.000,0.000,0.000,1,47
TRK,225364,0.41006,-0.78654,0.42741,-0.17472,0.5288,-0.2453,0.9358,0.000,0.000,0.000,1,47
TRK,225382,0.40999,-0.78657,0.42751,-0.17452,0.5288,-0.2453,0.9358,0.000,0.000,0.000,1,47
TRK,225401,0.40989,-0.78660,0.42763,-0.17429,0.5288,-0.2453,0.9358,0.000,0.000,0.000,1,47
TRK,225424,0.41001,-0.78653,0.42771,-0.17412,0.5288,-0.2453,0.9358,0.000,0.000,0.000,1,47
TRK,225443,0.41010,-0.78649,0.42768,-0.17417,0.5288,-0.2453,0.9358,0.000,0.000,0.000,1,47
TRK,225463,0.40995,-0.78658,0.42753,-0.17449,0.5288,-0.2453,0.9358,0.000,0.000,0.000,1,47
TRK,225481,0.40985,-0.78665,0.42734,-0.17487,0.5288,-0.2453,0.9358,0.000,0.000,0.000,1,47
TRK,225501,0.40983,-0.78667,0.42730,-0.17495,0.5288,-0.2453,0.9358,0.000,0.000,0.000,1,47
TRK,225521,0.40995,-0.78659,0.42742,-0.17470,0.5288,-0.2453,0.9358,0.000,0.000,0.000,1,47
TRK,225541,0.41008,-0.78652,0.42754,-0.17445,0.5288,-0.2453,0.9358,0.000,0.000,0.000,1,47
TRK,225563,0.40984,-0.78663,0.42761,-0.17433,0.5288,-0.2453,0.9358,0.000,0.000,0.000,1,47
TRK,225582,0.40973,-0.78669,0.42760,-0.17436,0.5288,-0.2453,0.9358,0.000,0.000,0.000,1,47
TRK,225604,0.40978,-0.78667,0.42757,-0.17442,0.5288,-0.2453,0.9358,0.000,0.000,0.000,1,47
TRK,225622,0.40976,-0.78668,0.42751,-0.17453,0.5288,-0.2453,0.9358,0.000,0.000,0.000,1,47
TRK,225644,0.40975,-0.78669,0.42745,-0.17466,0.5288,-0.2453,0.9358,0.000,0.000,0.000,1,47
TRK,225662,0.40987,-0.78663,0.42749,-0.17457,0.5288,-0.2453,0.9358,0.000,0.000,0.000,1,47
TRK,225684,0.41004,-0.78654,0.42758,-0.17438,0.5288,-0.2453,0.9358,0.000,0.000,0.000,1,47
STAT,403.9,400.9,0,0,0,0.0527,0.997,0.1226,0.1145,-0.0649,9.6871,1.80,0.206
TRK,225702,0.40991,-0.78659,0.42765,-0.17426,0.5288,-0.2453,0.9358,0.000,0.000,0.000,1,47
TRK,225724,0.40982,-0.78664,0.42764,-0.17428,0.5288,-0.2453,0.9358,0.000,0.000,0.000,1,47
TRK,225743,0.40993,-0.78659,0.42759,-0.17437,0.5288,-0.2453,0.9358,0.000,0.000,0.000,1,47
TRK,225761,0.41010,-0.78651,0.42755,-0.17444,0.5288,-0.2453,0.9358,0.000,0.000,0.000,1,47
TRK,225781,0.41004,-0.78654,0.42751,-0.17452,0.5288,-0.2453,0.9358,0.000,0.000,0.000,1,47
TRK,225803,0.40997,-0.78658,0.42749,-0.17456,0.5288,-0.2453,0.9358,0.000,0.000,0.000,1,47
TRK,225822,0.41006,-0.78653,0.42753,-0.17448,0.5288,-0.2453,0.9358,0.000,0.000,0.000,1,47
TRK,225843,0.41000,-0.78655,0.42756,-0.17443,0.5288,-0.2453,0.9358,0.000,0.000,0.000,1,47
TRK,225863,0.40984,-0.78663,0.42759,-0.17439,0.5288,-0.2453,0.9358,0.000,0.000,0.000,1,47
TRK,225884,0.40991,-0.78659,0.42761,-0.17433,0.5288,-0.2453,0.9358,0.000,0.000,0.000,1,47
TRK,225902,0.41007,-0.78652,0.42760,-0.17433,0.5288,-0.2453,0.9358,0.000,0.000,0.000,1,47
TRK,225922,0.41003,-0.78654,0.42753,-0.17449,0.5288,-0.2453,0.9358,0.000,0.000,0.000,1,47
TRK,225944,0.40986,-0.78664,0.42739,-0.17479,0.5288,-0.2453,0.9358,0.000,0.000,0.000,1,47
TRK,225963,0.40969,-0.78674,0.42727,-0.17504,0.5288,-0.2453,0.9358,0.000,0.000,0.000,1,47
TRK,225984,0.41021,-0.78648,0.42730,-0.17493,0.5288,-0.2453,0.9358,0.000,0.000,0.000,1,47
TRK,226004,0.41034,-0.78640,0.42739,-0.17473,0.5288,-0.2453,0.9358,0.000,0.000,0.000,1,47
TRK,226023,0.40992,-0.78660,0.42751,-0.17453,0.5288,-0.2453,0.9358,0.000,0.000,0.000,1,47
TRK,226042,0.40967,-0.78673,0.42746,-0.17465,0.5288,-0.2453,0.9358,0.000,0.000,0.000,1,47
TRK,226062,0.41006,-0.78654,0.42744,-0.17467,0.5288,-0.2453,0.9358,0.000,0.000,0.000,1,47
TRK,226082,0.41033,-0.78640,0.42742,-0.17466,0.5288,-0.2453,0.9358,0.000,0.000,0.000,1,47
TRK,226104,0.40981,-0.78667,0.42730,-0.17497,0.5288,-0.2453,0.9358,0.000,0.000,0.000,1,47
TRK,226124,0.40973,-0.78672,0.42723,-0.17512,0.5288,-0.2453,0.9358,0.000,0.000,0.000,1,47
TRK,226142,0.41024,-0.78646,0.42733,-0.17486,0.5288,-0.2453,0.9358,0.000,0.000,0.000,1,47
TRK,226162,0.41056,-0.78628,0.42748,-0.17453,0.5288,-0.2453,0.9358,0.000,0.000,0.000,1,47
TRK,226184,0.41012,-0.78650,0.42746,-0.17461,0.5288,-0.2453,0.9358,0.000,0.000,0.000,1,47
TRK,226202,0.41015,-0.78649,0.42742,-0.17469,0.5288,-0.2453,0.9358,0.000,0.000,0.000,1,47
TRK,226224,0.41046,-0.78634,0.42742,-0.17465,0.5288,-0.2453,0.9358,0.000,0.000,0.000,1,47
TRK,226244,0.41034,-0.78640,0.42740,-0.17471,0.5288,-0.2453,0.9358,0.000,0.000,0.000,1,47
TRK,226263,0.40998,-0.78659,0.42737,-0.17481,0.5288,-0.2453,0.9358,0.000,0.000,0.000,1,47
TRK,226281,0.41014,-0.78650,0.42744,-0.17466,0.5288,-0.2453,0.9358,0.000,0.000,0.000,1,47
