TRK,282893,-0.03277,0.83286,0.30945,0.45772,0.9545,3.0311,-0.4053,0.000,0.000,0.000,1,12
STAT,404.7,400.7,0,0,44713,0.0180,1.870,0.4747,0.8360,1.7463,9.8701,0.53,0.105
INIT,-0.0327711,0.8328605,0.3094492,0.4577232,0.0082859,0.0145911,0.0304785,0.95452,3.03113,-0.40526,9.87009,1,7.74150,2.23058,-5.70343,0.000000,0.00000,0.00000,0.00000
A,282898556,7.7393,2.2589,-5.6814
G,282900085,0.002131,0.002131,0.001065
A,282901028,7.7393,2.2553,-5.6886
G,282902599,0.004261,0.003196,0.004261
A,282903499,7.7428,2.2517,-5.6994
G,282905095,0.005326,0.007457,0.004261
A,282905971,7.7393,2.2410,-5.7102
G,282907597,0.006392,0.010653,0.005326
A,282908431,7.7357,2.2374,-5.7174
G,282910092,0.006392,0.009587,0.004261
A,282910922,7.7321,2.2374,-5.7245
G,282912574,0.006392,0.007457,0.002131
A,282913394,7.7321,2.2374,-5.7174
G,282915076,0.004261,0.003196,0.000000
A,282915855,7.7249,2.2482,-5.7066
G,282917572,0.001065,0.001065,-0.001065
A,282918326,7.7249,2.2446,-5.6922
TRK,282912,-0.03281,0.83285,0.30943,0.45775,0.9545,3.0311,-0.4053,0.000,0.000,0.000,1,12
G,282920064,-0.001065,-0.001065,-0.003196
A,282920779,7.7177,2.2482,-5.6814
G,282922560,-0.002131,-0.001065,-0.005326
A,282923263,7.7105,2.2374,-5.6814
G,282925032,-0.002131,0.000000,-0.005326
A,282925735,7.7105,2.2230,-5.6958
G,282927526,-0.001065,0.001065,-0.004261
A,282928191,7.7069,2.2087,-5.7030
G,282930030,0.000000,0.001065,-0.001065
A,282930657,7.7069,2.2015,-5.7102
G,282932525,0.001065,0.003196,0.002131
A,282933128,7.7105,2.1943,-5.7138
G,282935019,0.001065,0.004261,0.004261
A,282935585,7.7213,2.1943,-5.7138
G,282937514,0.000000,0.005326,0.003196
A,282938073,7.7357,2.1943,-5.7066
G,282939988,0.000000,0.004261,0.001065
A,282940544,7.7428,2.2015,-5.7030
G,282942484,0.003196,0.002131,0.000000
A,282943005,7.7464,2.2122,-5.6994
TRK,282940,-0.03274,0.83284,0.30946,0.45775,0.9545,3.0311,-0.4053,0.000,0.000,0.000,1,12
G,282944998,0.005326,-0.001065,-0.003196
A,282945485,7.7464,2.2230,-5.6958
G,282947493,0.005326,-0.002131,-0.005326
A,282947956,7.7428,2.2266,-5.6922
G,282949987,0.004261,0.000000,-0.007457
A,282950417,7.7428,2.2266,-5.6850
G,282952499,0.003196,0.004261,-0.005326
A,282952896,7.7393,2.2230,-5.6886
G,282954995,0.003196,0.007457,-0.001065
A,282955367,7.7393,2.2158,-5.6850
G,282957499,0.001065,0.007457,0.002131
A,282957839,7.7321,2.2122,-5.6958
G,282959994,-0.001065,0.007457,0.003196
A,282960311,7.7249,2.2051,-5.7102
G,282962470,-0.002131,0.006392,0.002131
A,282962756,7.7213,2.1943,-5.7209
TRK,282963,-0.03275,0.83284,0.30945,0.45777,0.9545,3.0311,-0.4053,0.000,0.000,0.000,1,12
G,282964985,-0.003196,0.004261,0.003196
A,282965241,7.7177,2.1907,-5.7353
G,282967480,-0.003196,0.003196,0.002131
A,282967712,7.7213,2.1835,-5.7353
G,282969974,-0.001065,0.003196,0.001065
A,282970177,7.7321,2.1799,-5.7353
G,282972470,0.002131,0.004261,0.001065
A,282972649,7.7500,2.1835,-5.7317
G,282974965,0.005326,0.004261,0.003196
A,282975116,7.7536,2.1907,-5.7209
G,282977460,0.006392,0.002131,0.002131
A,282977587,7.7572,2.2015,-5.7138
G,282979950,0.005326,-0.001065,0.000000
A,282980050,7.7500,2.2158,-5.6958
G,282982465,0.005326,-0.001065,-0.001065
A,282982539,7.7357,2.2158,-5.6814
G,282984961,0.004261,0.000000,0.002131
A,282985010,7.7357,2.2230,-5.6707
TRK,282980,-0.03282,0.83286,0.30943,0.45773,0.9545,3.0311,-0.4053,0.000,0.000,0.000,1,12
G,282987465,0.003196,0.004261,0.005326
A,282987490,7.7285,2.2230,-5.6707
G,282989961,0.002131,0.006392,0.004261
A,282989961,7.7285,2.2194,-5.6743
A,282992422,7.7285,2.2158,-5.6922
G,282992445,0.001065,0.006392,0.001065
A,282994906,7.7249,2.2158,-5.6922
G,282994953,0.001065,0.005326,-0.001065
A,282997377,7.7249,2.2122,-5.6994
G,282997449,0.001065,0.004261,-0.003196
TRK,282993,-0.03287,0.83288,0.30940,0.45771,0.9545,3.0311,-0.4053,0.000,0.000,0.000,1,12
A,282999849,7.7285,2.2087,-5.6958
G,282999944,-0.001065,0.003196,-0.003196
A,283002321,7.7357,2.2051,-5.6994
G,283002439,-0.002131,0.002131,-0.004261
A,283004766,7.7428,2.1907,-5.6958
G,283004906,-0.001065,0.001065,-0.003196
A,283007248,7.7428,2.1835,-5.6994
G,283007410,0.002131,0.001065,-0.002131
A,283009720,7.7464,2.1763,-5.7066
G,283009906,0.004261,0.002131,-0.002131
A,283012177,7.7428,2.1763,-5.7066
G,283012384,0.004261,0.003196,-0.005326
A,283014654,7.7464,2.1799,-5.7102
G,283014880,0.002131,0.002131,-0.007457
A,283017125,7.7500,2.1907,-5.7066
G,283017395,0.002131,0.001065,-0.009587
A,283019571,7.7500,2.2051,-5.7030
G,283019891,0.002131,0.000000,-0.009587
TRK,283020,-0.03297,0.83292,0.30936,0.45766,0.9545,3.0311,-0.4053,0.000,0.000,0.000,1,12
A,283022060,7.7572,2.2122,-5.7066
G,283022397,0.003196,0.000000,-0.008522
A,283024531,7.7536,2.2266,-5.7030
G,283024892,0.002131,0.000000,-0.006392
A,283027000,7.7500,2.2302,-5.6994
G,283027379,0.002131,0.001065,-0.001065
A,283029471,7.7393,2.2302,-5.6922
G,283029874,0.003196,0.002131,0.002131
A,283031928,7.7285,2.2338,-5.6778
G,283032347,0.005326,0.003196,0.006392
A,283034410,7.7213,2.2266,-5.6707
G,283034844,0.005326,0.004261,0.006392
A,283036881,7.7177,2.2266,-5.6635
G,283037340,0.003196,0.004261,0.004261
TRK,283036,-0.03311,0.83295,0.30929,0.45764,0.9545,3.0311,-0.4053,0.000,0.000,0.000,1,12
A,283039343,7.7177,2.2194,-5.6743
G,283039817,0.001065,0.006392,0.000000
A,283041814,7.7177,2.2158,-5.6886
G,283042312,-0.001065,0.007457,-0.002131
A,283044272,7.7213,2.2122,-5.7030
G,283044784,-0.002131,0.005326,-0.001065
A,283046767,7.7285,2.2158,-5.7138
G,283047293,-0.001065,0.003196,-0.001065
A,283049238,7.7357,2.2122,-5.7209
G,283049788,0.001065,0.001065,-0.001065
A,283051700,7.7428,2.2087,-5.7174
G,283052263,0.003196,0.001065,-0.001065
A,283054185,7.7428,2.2051,-5.7209
G,283054762,0.003196,-0.001065,0.000000
A,283056657,7.7428,2.2051,-5.7174
G,283057257,0.003196,-0.001065,0.002131
A,283059122,7.7393,2.2158,-5.7138
G,283059734,0.003196,-0.001065,0.004261
TRK,283060,-0.03322,0.83297,0.30924,0.45763,0.9545,3.0311,-0.4053,0.000,0.000,0.000,1,12
A,283061619,7.7393,2.2230,-5.7102
G,283062243,0.003196,-0.001065,0.005326
A,283064090,7.7393,2.2302,-5.7030
G,283064739,0.003196,0.000000,0.005326
A,283066568,7.7393,2.2302,-5.7066
G,283067228,0.003196,0.000000,0.003196
A,283069039,7.7393,2.2302,-5.7138
G,283069741,0.001065,-0.001065,0.000000
A,283071492,7.7393,2.2302,-5.7245
G,283072236,-0.001065,0.000000,-0.002131
A,283073982,7.7321,2.2266,-5.7281
G,283074736,-0.003196,0.002131,-0.002131
A,283076453,7.7285,2.2302,-5.7245
G,283077231,-0.002131,0.004261,-0.002131
A,283078913,7.7285,2.2266,-5.7102
G,283079700,0.000000,0.003196,-0.004261
A,283081385,7.7249,2.2230,-5.6994
TRK,283080,-0.03331,0.83298,0.30919,0.45764,0.9545,3.0311,-0.4053,0.000,0.000,0.000,1,12
G,283082210,0.001065,0.000000,-0.005326
A,283083837,7.7357,2.2194,-5.6850
G,283084705,0.002131,-0.002131,-0.005326
A,283086315,7.7393,2.2158,-5.6814
G,283087190,0.003196,-0.002131,-0.002131
A,283088786,7.7393,2.2158,-5.6850
G,283089686,0.002131,0.001065,0.000000
A,283091250,7.7500,2.2158,-5.6922
G,283092156,0.000000,0.005326,0.001065
A,283093745,7.7500,2.2194,-5.6958
G,283094657,-0.001065,0.008522,0.001065
A,283096216,7.7572,2.2302,-5.7030
G,283097167,0.000000,0.008522,0.002131
A,283098672,7.7536,2.2338,-5.7066
G,283099663,0.002131,0.007457,0.002131
A,283101158,7.7500,2.2410,-5.7066
G,283102153,0.002131,0.004261,0.000000
A,283103629,7.7428,2.2374,-5.7030
TRK,283099,-0.03329,0.83298,0.30920,0.45764,0.9545,3.0311,-0.4053,0.000,0.000,0.000,1,12
G,283104674,0.001065,0.002131,-0.001065
A,283106096,7.7357,2.2374,-5.7102
G,283107170,-0.001065,0.001065,-0.003196
A,283108586,7.7285,2.2302,-5.7174
G,283109662,-0.001065,0.003196,-0.003196
A,283111057,7.7285,2.2302,-5.7245
G,283112158,-0.002131,0.004261,-0.005326
A,283113531,7.7321,2.2338,-5.7281
G,283114634,-0.001065,0.004261,-0.005326
A,283116002,7.7393,2.2374,-5.7281
G,283117135,0.001065,0.005326,-0.003196
A,283118453,7.7500,2.2374,-5.7245
G,283119631,0.002131,0.006392,0.001065
A,283120923,7.7536,2.2374,-5.7209
G,283122102,0.004261,0.006392,0.005326
A,283123394,7.7500,2.2266,-5.7174
G,283124596,0.006392,0.005326,0.004261
A,283125839,7.7464,2.2230,-5.7102
G,283127092,0.007457,0.003196,0.002131
A,283128322,7.7393,2.2194,-5.7030
G,283129574,0.006392,0.002131,-0.001065
A,283130793,7.7393,2.2266,-5.6958
TRK,283130,-0.03326,0.83296,0.30921,0.45766,0.9545,3.0311,-0.4053,0.000,0.000,0.000,1,12
G,283132086,0.005326,0.004261,-0.001065
A,283133257,7.7428,2.2446,-5.6886
G,283134582,0.005326,0.006392,0.001065
A,283135728,7.7428,2.2517,-5.6886
G,283137074,0.006392,0.009587,0.004261
A,283138173,7.7464,2.2625,-5.6850
G,283139569,0.005326,0.009587,0.006392
A,283140645,7.7428,2.2589,-5.6886
G,283142062,0.006392,0.008522,0.007457
A,283143092,7.7393,2.2517,-5.6922
G,283144558,0.005326,0.006392,0.006392
TRK,283143,-0.03323,0.83296,0.30923,0.45767,0.9545,3.0311,-0.4053,0.000,0.000,0.000,1,12
A,283145570,7.7357,2.2446,-5.6994
G,283147030,0.006392,0.005326,0.004261
A,283148041,7.7285,2.2374,-5.7138
G,283149526,0.005326,0.004261,0.003196
A,283150492,7.7321,2.2338,-5.7174
G,283152021,0.003196,0.003196,0.001065
A,283152963,7.7357,2.2338,-5.7209
G,283154525,0.001065,0.003196,0.001065
A,283155424,7.7357,2.2446,-5.7138
G,283157021,0.000000,0.004261,-0.002131
TRK,283156,-0.03318,0.83294,0.30925,0.45767,0.9545,3.0311,-0.4053,0.000,0.000,0.000,1,12
A,283157915,7.7393,2.2517,-5.7066
G,283159504,-0.001065,0.005326,-0.002131
A,283160386,7.7393,2.2625,-5.6922
G,283162008,-0.001065,0.005326,-0.002131
A,283162848,7.7393,2.2661,-5.6886
G,283164503,0.000000,0.005326,0.000000
A,283165320,7.7393,2.2589,-5.6814
G,283166989,0.001065,0.006392,-0.001065
A,283167765,7.7393,2.2517,-5.6778
G,283169485,0.002131,0.006392,0.000000
A,283170249,7.7357,2.2410,-5.6814
G,283171959,0.001065,0.006392,-0.001065
A,283172721,7.7357,2.2446,-5.6814
G,283174458,-0.001065,0.004261,-0.001065
A,283175181,7.7393,2.2410,-5.6922
G,283176954,-0.001065,0.002131,-0.004261
A,283177677,7.7428,2.2482,-5.6994
G,283179438,0.000000,0.001065,-0.004261
A,283180148,7.7428,2.2374,-5.7102
G,283181953,0.002131,0.001065,-0.003196
A,283182625,7.7464,2.2374,-5.7209
G,283184449,0.002131,0.000000,-0.003196
A,283185096,7.7500,2.2338,-5.7245
TRK,283180,-0.03305,0.83289,0.30931,0.45775,0.9545,3.0311,-0.4053,0.000,0.000,0.000,1,12
G,283186944,0.001065,-0.001065,-0.005326
A,283187554,7.7464,2.2338,-5.7281
G,283189439,-0.001065,0.000000,-0.008522
A,283190043,7.7500,2.2374,-5.7317
G,283191914,-0.003196,0.002131,-0.009587
A,283192514,7.7464,2.2338,-5.7317
G,283194410,-0.004261,0.004261,-0.009587
A,283195004,7.7464,2.2302,-5.7317
G,283196886,-0.003196,0.003196,-0.007457
A,283197475,7.7536,2.2230,-5.7281
G,283199392,-0.001065,0.002131,-0.005326
A,283199945,7.7536,2.2230,-5.7245
G,283201887,0.001065,0.000000,-0.005326
A,283202432,7.7500,2.2194,-5.7209
G,283204360,0.002131,0.000000,-0.006392
A,283204904,7.7500,2.2230,-5.7245
TRK,283204,-0.03284,0.83285,0.30941,0.45777,0.9545,3.0311,-0.4053,0.000,0.000,0.000,1,12
G,283206857,0.002131,0.001065,-0.006392
A,283207365,7.7357,2.2338,-5.7317
G,283209372,0.002131,0.003196,-0.005326
A,283209847,7.7321,2.2374,-5.7353
G,283211868,0.002131,0.005326,-0.004261
A,283212318,7.7285,2.2374,-5.7461
G,283214368,0.003196,0.005326,-0.003196
A,283214785,7.7285,2.2302,-5.7425
G,283216863,0.002131,0.006392,-0.004261
A,283217256,7.7321,2.2194,-5.7317
G,283219370,0.001065,0.005326,-0.005326
A,283219731,7.7357,2.2194,-5.7174
G,283221865,0.000000,0.003196,-0.006392
A,283222202,7.7393,2.2230,-5.7030
G,283224348,0.001065,0.001065,-0.006392
A,283224653,7.7357,2.2338,-5.6922
G,283226852,0.003196,0.001065,-0.004261
A,283227127,7.7321,2.2374,-5.6886
G,283229347,0.002131,0.003196,-0.002131
A,283229598,7.7357,2.2410,-5.6814
TRK,283224,-0.03273,0.83283,0.30946,0.45777,0.9545,3.0311,-0.4053,0.000,0.000,0.000,1,12
G,283231824,0.001065,0.004261,-0.001065
A,283232046,7.7321,2.2338,-5.6850
G,283234339,-0.002131,0.003196,-0.005326
A,283234532,7.7357,2.2302,-5.6958
G,283236834,-0.003196,0.002131,-0.008522
A,283237003,7.7393,2.2266,-5.7030
G,283239342,-0.003196,0.003196,-0.008522
A,283239483,7.7393,2.2230,-5.7138
G,283241837,-0.002131,0.003196,-0.007457
A,283241955,7.7428,2.2266,-5.7209
TRK,283237,-0.03267,0.83283,0.30949,0.45776,0.9545,3.0311,-0.4053,0.000,0.000,0.000,1,12
G,283244344,-0.002131,0.001065,-0.007457
A,283244435,7.7428,2.2230,-5.7174
G,283246840,-0.001065,-0.001065,-0.008522
A,283246906,7.7464,2.2158,-5.7174
G,283249319,0.000000,0.000000,-0.008522
A,283249360,7.7428,2.2087,-5.7102
G,283251814,0.000000,0.003196,-0.006392
A,283251831,7.7464,2.2051,-5.6994
A,283254273,7.7500,2.2122,-5.6922
G,283254281,0.000000,0.004261,-0.005326
A,283256768,7.7464,2.2230,-5.6922
G,283256799,0.000000,0.003196,-0.006392
A,283259239,7.7464,2.2338,-5.6922
G,283259295,0.002131,0.002131,-0.006392
A,283261705,7.7464,2.2374,-5.7030
G,283261784,0.004261,0.002131,-0.007457
A,283264177,7.7500,2.2410,-5.7138
G,283264279,0.006392,0.003196,-0.004261
TRK,283258,-0.03260,0.83283,0.30953,0.45774,0.9545,3.0311,-0.4053,0.000,0.000,0.000,1,12
A,283266633,7.7536,2.2302,-5.7209
G,283266758,0.004261,0.004261,-0.005326
A,283269120,7.7608,2.2266,-5.7281
G,283269266,0.003196,0.004261,-0.005326
A,283271591,7.7644,2.2194,-5.7245
G,283271762,0.002131,0.003196,-0.007457
A,283274059,7.7608,2.2266,-5.7174
G,283274250,0.002131,0.002131,-0.007457
A,283276549,7.7500,2.2302,-5.7066
G,283276761,0.004261,0.002131,-0.007457
A,283279020,7.7393,2.2410,-5.7030
G,283279256,0.004261,0.002131,-0.006392
TRK,283274,-0.03260,0.83284,0.30954,0.45771,0.9545,3.0311,-0.4053,0.000,0.000,0.000,1,12
A,283281479,7.7321,2.2410,-5.7030
G,283281735,0.005326,0.003196,-0.003196
A,283283951,7.7285,2.2374,-5.7138
G,283284251,0.004261,0.002131,-0.001065
A,283286398,7.7249,2.2302,-5.7138
G,283286746,0.003196,0.000000,0.000000
A,283288885,7.7285,2.2266,-5.7138
G,283289250,0.002131,-0.003196,-0.002131
A,283291356,7.7249,2.2230,-5.7066
G,283291746,0.001065,-0.004261,-0.003196
A,283293829,7.7285,2.2302,-5.6958
G,283294235,0.001065,-0.002131,-0.002131
A,283296300,7.7321,2.2410,-5.6922
G,283296730,0.002131,0.004261,-0.001065
A,283298753,7.7393,2.2446,-5.6850
G,283299199,0.002131,0.008522,0.001065
A,283301225,7.7428,2.2482,-5.6850
TRK,283295,-0.03264,0.83288,0.30953,0.45764,0.9545,3.0311,-0.4053,0.000,0.000,0.000,1,12
G,283301719,0.001065,0.008522,0.001065
A,283303680,7.7464,2.2410,-5.6850
G,283304214,0.001065,0.006392,0.003196
A,283306154,7.7500,2.2374,-5.6850
G,283306702,0.002131,0.004261,0.003196
A,283308625,7.7500,2.2302,-5.6814
G,283309198,0.003196,0.001065,0.003196
A,283311083,7.7500,2.2338,-5.6886
G,283311668,0.003196,-0.002131,-0.001065
A,283313581,7.7464,2.2266,-5.6850
G,283314179,0.003196,-0.001065,-0.004261
A,283316052,7.7393,2.2266,-5.6886
G,283316699,0.003196,0.002131,-0.006392
A,283318511,7.7285,2.2266,-5.6958
G,283319194,0.002131,0.005326,-0.006392
A,283320992,7.7213,2.2302,-5.6922
G,283321686,0.002131,0.007457,-0.004261
TRK,283322,-0.03267,0.83286,0.30951,0.45769,0.9545,3.0311,-0.4053,0.000,0.000,0.000,1,12
A,283323492,7.7177,2.2266,-5.6922
G,283324196,0.002131,0.008522,-0.001065
A,283325963,7.7141,2.2302,-5.6814
G,283326692,0.001065,0.005326,0.000000
A,283328432,7.7105,2.2302,-5.6743
G,283329170,0.002131,0.003196,0.000000
A,283330904,7.7069,2.2338,-5.6707
G,283331691,0.004261,0.002131,0.000000
A,283333365,7.7069,2.2338,-5.6778
G,283334186,0.006392,0.003196,0.000000
A,283335837,7.7213,2.2302,-5.6814
G,283336687,0.006392,0.004261,0.000000
A,283338280,7.7357,2.2302,-5.6994
G,283339182,0.006392,0.003196,-0.001065
TRK,283338,-0.03270,0.83285,0.30949,0.45773,0.9545,3.0311,-0.4053,0.000,0.000,0.000,1,12
A,283340754,7.7500,2.2230,-5.7066
G,283341662,0.004261,0.000000,-0.002131
A,283343225,7.7644,2.2194,-5.7174
G,283344172,0.002131,-0.002131,-0.004261
A,283345679,7.7644,2.2158,-5.7245
G,283346667,0.002131,-0.002131,-0.004261
A,283348166,7.7680,2.2158,-5.7281
G,283349158,0.002131,-0.001065,-0.003196
A,283350637,7.7536,2.2194,-5.7245
G,283351679,0.002131,0.000000,-0.003196
A,283353104,7.7464,2.2230,-5.7245
G,283354174,0.001065,0.001065,-0.004261
A,283355575,7.7357,2.2266,-5.7066
G,283356675,0.001065,0.002131,-0.004261
A,283358024,7.7285,2.2194,-5.7030
G,283359170,0.002131,0.002131,-0.002131
A,283360503,7.7213,2.2194,-5.6994
G,283361651,0.002131,0.001065,0.000000
A,283362974,7.7177,2.2158,-5.6994
TRK,283362,-0.03272,0.83284,0.30947,0.45776,0.9545,3.0311,-0.4053,0.000,0.000,0.000,1,12
G,283364162,0.002131,0.000000,0.001065
A,283365434,7.7285,2.2158,-5.7030
G,283366657,0.002131,0.001065,0.002131
A,283367925,7.7428,2.2158,-5.7066
G,283369148,0.002131,0.001065,0.001065
A,283370397,7.7572,2.2194,-5.7066
G,283371643,0.002131,0.001065,0.002131
A,283372869,7.7680,2.2230,-5.7102
G,283374115,0.002131,0.000000,0.002131
A,283375340,7.7680,2.2338,-5.7174
G,283376636,0.003196,-0.001065,0.003196
A,283377813,7.7608,2.2374,-5.7209
G,283379132,0.003196,-0.003196,0.001065
A,283380284,7.7500,2.2410,-5.7209
G,283381623,0.005326,-0.002131,-0.002131
A,283382728,7.7428,2.2374,-5.7138
G,283384118,0.005326,-0.001065,-0.003196
TRK,283383,-0.03272,0.83284,0.30948,0.45774,0.9545,3.0311,-0.4053,0.000,0.000,0.000,1,12
A,283385213,7.7428,2.2338,-5.7030
G,283386600,0.003196,0.001065,-0.002131
A,283387684,7.7464,2.2266,-5.6922
G,283389103,0.000000,0.000000,-0.002131
A,283390142,7.7464,2.2194,-5.6886
G,283391599,-0.002131,-0.002131,-0.004261
A,283392614,7.7464,2.2051,-5.6886
G,283394091,-0.002131,-0.002131,-0.004261
A,283395061,7.7393,2.1979,-5.6994
G,283396586,0.000000,-0.002131,-0.002131
TRK,283396,-0.03271,0.83284,0.30948,0.45775,0.9545,3.0311,-0.4053,0.000,0.000,0.000,1,12
A,283397560,7.7357,2.1907,-5.7066
G,283399078,0.003196,0.000000,0.000000
A,283400031,7.7321,2.1907,-5.7066
G,283401592,0.003196,0.000000,0.001065
A,283402501,7.7357,2.1943,-5.7030
G,283404087,0.003196,0.001065,0.001065
A,283404972,7.7357,2.2015,-5.6958
G,283406589,0.002131,0.001065,0.000000
A,283407433,7.7357,2.2051,-5.6886
G,283409085,0.000000,0.000000,-0.001065
A,283409924,7.7357,2.2087,-5.6886
G,283411567,0.000000,-0.001065,-0.003196
A,283412395,7.7357,2.2051,-5.6886
G,283414080,0.000000,-0.001065,-0.002131
A,283414867,7.7393,2.2087,-5.6922
G,283416575,0.001065,0.000000,0.000000
A,283417338,7.7393,2.2122,-5.6922
TRK,283412,-0.03281,0.83285,0.30943,0.45775,0.9545,3.0311,-0.4053,0.000,0.000,0.000,1,12
G,283419087,0.000000,0.002131,0.002131
A,283419811,7.7393,2.2266,-5.6958
G,283421583,0.001065,0.003196,0.002131
A,283422303,7.7428,2.2374,-5.6994
G,283424063,0.001065,0.003196,0.001065
A,283424774,7.7393,2.2553,-5.6994
G,283426579,0.001065,0.003196,0.001065
A,283427251,7.7357,2.2661,-5.6958
G,283429074,0.000000,0.003196,0.001065
A,283429722,7.7357,2.2733,-5.6922
G,283431570,0.000000,0.004261,0.001065
A,283432181,7.7393,2.2697,-5.6886
G,283434082,0.001065,0.004261,0.000000
A,283434657,7.7428,2.2589,-5.6922
G,283436578,0.001065,0.003196,-0.002131
A,283437128,7.7500,2.2482,-5.7030
G,283439060,0.001065,0.002131,-0.003196
A,283439575,7.7536,2.2446,-5.7102
G,283441555,0.002131,-0.001065,-0.003196
A,283442046,7.7572,2.2374,-5.7174
TRK,283441,-0.03289,0.83286,0.30938,0.45777,0.9545,3.0311,-0.4053,0.000,0.000,0.000,1,12
G,283444048,0.004261,0.001065,-0.002131
A,283444505,7.7536,2.2410,-5.7209
G,283446544,0.005326,0.003196,-0.001065
A,283446991,7.7500,2.2410,-5.7102
G,283449013,0.005326,0.006392,-0.001065
A,283449462,7.7464,2.2446,-5.7138
G,283451516,0.002131,0.008522,-0.003196
A,283451933,7.7464,2.2410,-5.7102
G,283454012,0.000000,0.009587,-0.004261
A,283454404,7.7464,2.2482,-5.7066
G,283456494,0.000000,0.009587,-0.006392
A,283456854,7.7464,2.2410,-5.7066
G,283459008,0.002131,0.007457,-0.006392
A,283459337,7.7464,2.2446,-5.6994
G,283461503,0.003196,0.007457,-0.007457
A,283461808,7.7500,2.2446,-5.6958
G,283463992,0.002131,0.005326,-0.006392
A,283464267,7.7608,2.2446,-5.6886
G,283466488,0.001065,0.005326,-0.005326
TRK,283465,-0.03285,0.83282,0.30940,0.45782,0.9545,3.0311,-0.4053,0.000,0.000,0.000,1,12
A,283466761,7.7644,2.2446,-5.6850
G,283468962,0.001065,0.006392,-0.003196
A,283469232,7.7680,2.2446,-5.6814
G,283471467,0.004261,0.005326,-0.001065
A,283471707,7.7608,2.2374,-5.6814
G,283473962,0.004261,0.005326,0.001065
A,283474179,7.7500,2.2374,-5.6850
G,283476442,0.003196,0.002131,0.001065
A,283476630,7.7464,2.2302,-5.6850
TRK,283477,-0.03288,0.83280,0.30938,0.45787,0.9545,3.0311,-0.4053,0.000,0.000,0.000,1,12
G,283478957,0.001065,0.000000,0.002131
A,283479117,7.7357,2.2374,-5.6814
G,283481452,0.001065,-0.001065,0.001065
A,283481588,7.7321,2.2338,-5.6850
G,283483947,0.002131,0.000000,-0.001065
A,283484056,7.7321,2.2410,-5.6886
G,283486468,0.003196,0.004261,0.000000
A,283486551,7.7321,2.2338,-5.6958
G,283488963,0.002131,0.006392,0.001065
A,283489022,7.7321,2.2374,-5.7030
G,283491439,0.003196,0.005326,0.001065
A,283491472,7.7357,2.2338,-5.7102
G,283493954,0.002131,0.002131,-0.001065
A,283493963,7.7321,2.2410,-5.7138
A,283496434,7.7285,2.2410,-5.7174
G,283496450,0.002131,0.001065,-0.001065
A,283498885,7.7213,2.2410,-5.7209
G,283498925,0.002131,0.003196,0.002131
A,283501367,7.7141,2.2410,-5.7138
G,283501430,0.002131,0.005326,0.003196
A,283503838,7.7177,2.2374,-5.6994
G,283503925,0.000000,0.006392,0.003196
TRK,283499,-0.03285,0.83277,0.30938,0.45793,0.9545,3.0311,-0.4053,0.000,0.000,0.000,1,12
A,283506301,7.7213,2.2374,-5.6922
G,283506411,-0.001065,0.006392,-0.001065
A,283508785,7.7249,2.2338,-5.6814
G,283508917,0.000000,0.005326,-0.004261
A,283511257,7.7321,2.2302,-5.6850
G,283511412,0.001065,0.004261,-0.005326
A,283513732,7.7357,2.2230,-5.6994
G,283513908,0.003196,0.004261,-0.003196
A,283516203,7.7357,2.2158,-5.7066
G,283516404,0.004261,0.003196,-0.001065
TRK,283516,-0.03277,0.83273,0.30942,0.45798,0.9545,3.0311,-0.4053,0.000,0.000,0.000,1,12
A,283518679,7.7393,2.2158,-5.7066
G,283518900,0.004261,0.003196,0.000000
A,283521150,7.7428,2.2194,-5.7066
G,283521395,0.003196,0.002131,-0.002131
A,283523607,7.7464,2.2266,-5.6922
G,283523871,0.000000,0.002131,-0.003196
A,283526078,7.7500,2.2338,-5.6922
G,283526367,-0.002131,0.002131,-0.004261
A,283528537,7.7536,2.2374,-5.6886
G,283528844,-0.004261,0.004261,-0.003196
A,283531008,7.7500,2.2374,-5.6922
G,283531339,-0.003196,0.007457,-0.003196
A,283533467,7.7536,2.2338,-5.6994
G,283533816,-0.003196,0.009587,-0.004261
A,283535958,7.7536,2.2338,-5.7066
G,283536324,-0.001065,0.009587,-0.004261
A,283538429,7.7608,2.2302,-5.7138
G,283538819,0.000000,0.006392,-0.002131
A,283540900,7.7680,2.2230,-5.7209
G,283541307,0.001065,0.005326,0.000000
TRK,283542,-0.03267,0.83269,0.30945,0.45804,0.9545,3.0311,-0.4053,0.000,0.000,0.000,1,12
A,283543402,7.7680,2.2230,-5.7245
G,283543825,0.002131,0.003196,0.000000
A,283545873,7.7644,2.2158,-5.7281
G,283546320,0.003196,0.003196,0.001065
A,283548344,7.7536,2.2122,-5.7209
G,283548806,0.006392,0.005326,0.001065
A,283550815,7.7464,2.2087,-5.7138
G,283551301,0.006392,0.006392,0.002131
A,283553275,7.7357,2.2087,-5.7030
G,283553776,0.006392,0.006392,0.002131
A,283555758,7.7321,2.2122,-5.6958
G,283556273,0.005326,0.004261,0.001065
A,283558229,7.7357,2.2158,-5.6958
G,283558791,0.002131,0.002131,-0.001065
A,283560684,7.7428,2.2158,-5.6994
G,283561287,0.000000,0.002131,-0.002131
A,283563161,7.7536,2.2194,-5.6994
G,283563776,-0.002131,0.002131,-0.004261
A,283565633,7.7644,2.2194,-5.7066
G,283566271,-0.003196,0.003196,-0.005326
TRK,283560,-0.03270,0.83269,0.30944,0.45804,0.9545,3.0311,-0.4053,0.000,0.000,0.000,1,12
A,283568100,7.7752,2.2266,-5.7030
G,283568750,-0.003196,0.003196,-0.006392
A,283570571,7.7752,2.2302,-5.7066
G,283571245,-0.002131,0.002131,-0.004261
A,283573039,7.7716,2.2338,-5.7066
G,283573724,0.000000,0.001065,-0.003196
A,283575511,7.7572,2.2302,-5.7138
G,283576219,0.001065,0.000000,-0.002131
A,283577980,7.7428,2.2266,-5.7138
G,283578699,0.001065,0.001065,-0.002131
A,283580452,7.7285,2.2194,-5.7174
TRK,283575,-0.03269,0.83270,0.30945,0.45803,0.9545,3.0311,-0.4053,0.000,0.000,0.000,1,12
G,283581209,0.000000,0.002131,-0.003196
A,283582902,7.7213,2.2194,-5.7174
G,283583705,0.001065,0.004261,-0.001065
A,283585374,7.7213,2.2194,-5.7209
G,283586184,0.000000,0.004261,0.000000
A,283587845,7.7249,2.2194,-5.7174
G,283588680,0.002131,0.004261,0.004261
A,283590307,7.7321,2.2158,-5.7102
G,283591150,0.002131,0.003196,0.005326
A,283592779,7.7357,2.2122,-5.6958
G,283593670,0.004261,0.005326,0.005326
A,283595243,7.7428,2.2122,-5.6886
G,283596166,0.005326,0.006392,0.003196
A,283597728,7.7500,2.2230,-5.6886
G,283598657,0.006392,0.008522,0.002131
A,283600200,7.7500,2.2302,-5.6922
G,283601153,0.005326,0.006392,0.002131
TRK,283595,-0.03276,0.83272,0.30942,0.45799,0.9545,3.0311,-0.4053,0.000,0.000,0.000,1,12
A,283602675,7.7572,2.2410,-5.7030
G,283603633,0.003196,0.005326,0.003196
A,283605147,7.7536,2.2410,-5.7102
G,283606145,0.001065,0.004261,0.002131
A,283607603,7.7536,2.2374,-5.7138
G,283608640,0.000000,0.005326,0.000000
A,283610091,7.7500,2.2338,-5.7138
G,283611131,0.001065,0.006392,0.000000
A,283612563,7.7500,2.2338,-5.7209
G,283613627,0.002131,0.006392,-0.001065
A,283615051,7.7393,2.2410,-5.7138
G,283616118,0.001065,0.004261,-0.002131
A,283617522,7.7393,2.2517,-5.7066
G,283618631,0.000000,0.002131,-0.005326
A,283619983,7.7321,2.2517,-5.6958
G,283621126,-0.001065,0.002131,-0.005326
A,283622454,7.7321,2.2482,-5.6886
G,283623628,0.000000,0.002131,-0.006392
A,283624905,7.7357,2.2338,-5.6922
G,283626123,0.000000,0.003196,-0.006392
TRK,283625,-0.03283,0.83274,0.30938,0.45798,0.9545,3.0311,-0.4053,0.000,0.000,0.000,1,12
A,283627386,7.7393,2.2194,-5.7030
G,283628604,0.000000,0.003196,-0.006392
A,283629858,7.7428,2.2087,-5.7138
G,283631107,-0.001065,0.003196,-0.003196
A,283632311,7.7500,2.2015,-5.7245
G,283633603,-0.002131,0.002131,-0.002131
A,283634805,7.7464,2.1979,-5.7281
G,283636095,-0.003196,0.001065,-0.001065
A,283637276,7.7500,2.1979,-5.7245
G,283638590,-0.002131,0.000000,-0.002131
A,283639750,7.7428,2.1979,-5.7174
G,283641062,0.000000,0.002131,0.000000
A,283642222,7.7357,2.1943,-5.7138
TRK,283641,-0.03289,0.83276,0.30936,0.45795,0.9545,3.0311,-0.4053,0.000,0.000,0.000,1,12
G,283643565,0.001065,0.003196,0.001065
A,283644677,7.7321,2.1907,-5.7102
G,283646061,0.002131,0.003196,0.000000
A,283647160,7.7285,2.1907,-5.7030
G,283648540,0.002131,0.001065,0.000000
A,283649631,7.7285,2.1943,-5.6994
G,283651054,0.004261,0.000000,0.001065
A,283652099,7.7321,2.2015,-5.6958
G,283653549,0.003196,0.000000,0.004261
A,283654570,7.7357,2.2158,-5.6994
G,283656051,0.002131,0.002131,0.004261
A,283657028,7.7393,2.2266,-5.6994
G,283658574,0.001065,0.003196,0.001065
A,283659507,7.7428,2.2338,-5.7102
G,283661070,0.000000,0.003196,-0.002131
A,283661978,7.7428,2.2338,-5.7102
G,283663572,0.001065,0.002131,-0.005326
A,283664438,7.7393,2.2338,-5.7209
G,283666068,0.001065,0.002131,-0.007457
TRK,283665,-0.03292,0.83281,0.30936,0.45788,0.9545,3.0311,-0.4053,0.000,0.000,0.000,1,12
A,283666929,7.7321,2.2266,-5.7245
G,283668550,0.002131,0.003196,-0.007457
A,283669401,7.7321,2.2194,-5.7317
G,283671050,0.003196,0.002131,-0.006392
A,283671859,7.7357,2.2158,-5.7317
G,283673545,0.003196,0.002131,-0.005326
A,283674331,7.7393,2.2122,-5.7317
G,283676037,0.003196,0.000000,-0.003196
A,283676782,7.7464,2.2194,-5.7317
G,283678532,0.003196,0.001065,-0.002131
A,283679253,7.7464,2.2266,-5.7281
TRK,283678,-0.03296,0.83284,0.30934,0.45782,0.9545,3.0311,-0.4053,0.000,0.000,0.000,1,12
G,283681025,0.002131,0.002131,0.000000
A,283681708,7.7428,2.2338,-5.7281
G,283683521,0.002131,0.003196,0.000000
A,283684190,7.7357,2.2374,-5.7281
G,283685991,0.002131,0.003196,0.001065
A,283686661,7.7357,2.2302,-5.7245
G,283688495,0.002131,0.002131,0.000000
A,283689128,7.7321,2.2230,-5.7209
G,283691017,0.001065,0.001065,0.001065
A,283691613,7.7393,2.2158,-5.7138
G,283693512,-0.001065,0.001065,0.002131
A,283694084,7.7428,2.2122,-5.7066
G,283696006,0.000000,0.000000,0.003196
A,283696542,7.7500,2.2122,-5.7030
G,283698501,0.003196,-0.001065,0.002131
A,283699013,7.7464,2.2194,-5.6958
G,283700983,0.005326,0.000000,-0.002131
A,283701460,7.7464,2.2338,-5.6994
G,283703478,0.005326,0.001065,-0.005326
TRK,283702,-0.03297,0.83289,0.30935,0.45772,0.9545,3.0311,-0.4053,0.000,0.000,0.000,1,12
A,283703951,7.7393,2.2446,-5.7066
G,283705953,0.005326,0.003196,-0.007457
A,283706422,7.7357,2.2553,-5.7174
G,283708457,0.005326,0.002131,-0.006392
A,283708893,7.7321,2.2589,-5.7245
G,283710953,0.005326,0.001065,-0.005326
A,283711383,7.7285,2.2446,-5.7245
G,283713425,0.004261,-0.001065,-0.003196
A,283713854,7.7285,2.2374,-5.7209
G,283715940,0.004261,0.000000,0.001065
A,283716337,7.7321,2.2302,-5.7066
G,283718436,0.003196,0.002131,0.005326
A,283718808,7.7357,2.2302,-5.6958
G,283720924,0.002131,0.005326,0.009587
A,283721265,7.7428,2.2374,-5.6922
G,283723420,0.002131,0.005326,0.009587
TRK,283722,-0.03300,0.83294,0.30935,0.45764,0.9545,3.0311,-0.4053,0.000,0.000,0.000,1,12
A,283723759,7.7464,2.2374,-5.6922
G,283725896,0.002131,0.005326,0.007457
A,283726231,7.7500,2.2410,-5.6922
G,283728393,0.001065,0.005326,0.002131
A,283728698,7.7536,2.2410,-5.7066
G,283730889,0.000000,0.005326,-0.001065
A,283731169,7.7464,2.2374,-5.7102
G,283733375,-0.001065,0.005326,-0.004261
A,283733626,7.7428,2.2446,-5.7138
G,283735879,0.000000,0.006392,-0.003196
A,283736100,7.7321,2.2446,-5.7102
G,283738375,0.004261,0.007457,0.001065
A,283738572,7.7321,2.2410,-5.7030
G,283740851,0.006392,0.006392,0.006392
A,283741020,7.7321,2.2410,-5.6994
G,283743346,0.005326,0.004261,0.006392
A,283743491,7.7393,2.2374,-5.6994
G,283745823,0.003196,0.002131,0.005326
A,283745941,7.7464,2.2374,-5.7030
G,283748320,0.000000,0.001065,0.001065
A,283748411,7.7536,2.2410,-5.6994
TRK,283749,-0.03303,0.83295,0.30934,0.45761,0.9545,3.0311,-0.4053,0.000,0.000,0.000,1,12
G,283750837,0.000000,0.002131,-0.002131
A,283750902,7.7608,2.2482,-5.6994
G,283753333,-0.001065,0.002131,-0.005326
A,283753373,7.7608,2.2517,-5.6958
G,283755810,0.000000,0.002131,-0.006392
A,283755826,7.7608,2.2517,-5.6886
A,283758297,7.7536,2.2410,-5.6886
G,283758305,0.001065,0.001065,-0.005326
A,283760746,7.7428,2.2410,-5.6850
G,283760778,0.001065,0.002131,0.000000
TRK,283761,-0.03296,0.83294,0.30937,0.45761,0.9545,3.0311,-0.4053,0.000,0.000,0.000,1,12
A,283763231,7.7357,2.2338,-5.6850
G,283763287,0.001065,0.004261,0.002131
A,283765702,7.7357,2.2374,-5.6922
G,283765782,0.000000,0.007457,0.000000
A,283768161,7.7357,2.2338,-5.6994
G,283768263,0.000000,0.007457,-0.005326
A,283770657,7.7428,2.2266,-5.7066
G,283770782,-0.001065,0.004261,-0.008522
A,283773129,7.7500,2.2266,-5.7030
G,283773277,-0.001065,0.002131,-0.007457
A,283775597,7.7500,2.2338,-5.6994
G,283775767,0.000000,0.000000,-0.003196
A,283778085,7.7500,2.2410,-5.6922
G,283778275,0.002131,-0.001065,0.000000
A,283780556,7.7428,2.2517,-5.6922
G,283780771,0.003196,-0.001065,-0.002131
A,283783025,7.7357,2.2625,-5.6958
G,283783259,0.002131,0.002131,-0.004261
TRK,283784,-0.03285,0.83290,0.30942,0.45766,0.9545,3.0311,-0.4053,0.000,0.000,0.000,1,12
A,283785524,7.7321,2.2661,-5.6994
G,283785778,-0.001065,0.003196,-0.007457
A,283787995,7.7285,2.2661,-5.7066
G,283788274,-0.004261,0.003196,-0.008522
A,283790475,7.7321,2.2553,-5.7066
G,283790772,-0.005326,0.002131,-0.007457
A,283792946,7.7321,2.2482,-5.6994
G,283793267,-0.004261,0.002131,-0.004261
A,283795427,7.7321,2.2410,-5.6958
G,283795766,-0.001065,0.002131,-0.001065
A,283797899,7.7357,2.2302,-5.6922
G,283798262,0.003196,0.003196,0.001065
TRK,283793,-0.03277,0.83287,0.30945,0.45771,0.9545,3.0311,-0.4053,0.000,0.000,0.000,1,12
A,283800360,7.7357,2.2194,-5.6922
G,283800740,0.005326,0.005326,0.002131
A,283802852,7.7464,2.2158,-5.6886
G,283803248,0.005326,0.005326,0.003196
A,283805323,7.7536,2.2051,-5.6922
G,283805744,0.003196,0.006392,0.002131
A,283807789,7.7608,2.2051,-5.6850
G,283808226,0.002131,0.008522,0.003196
A,283810260,7.7680,2.2087,-5.6886
G,283810745,0.003196,0.010653,0.002131
A,283812715,7.7716,2.2194,-5.6886
G,283813241,0.003196,0.009587,0.002131
A,283815201,7.7680,2.2302,-5.6994
G,283815740,0.003196,0.007457,0.000000
A,283817672,7.7572,2.2410,-5.6994
G,283818235,0.002131,0.003196,-0.001065
A,283820132,7.7464,2.2482,-5.6958
G,283820709,0.000000,0.001065,-0.004261
TRK,283821,-0.03271,0.83279,0.30947,0.45784,0.9545,3.0311,-0.4053,0.000,0.000,0.000,1,12
A,283822629,7.7321,2.2446,-5.6886
G,283823218,0.000000,0.000000,-0.006392
A,283825101,7.7249,2.2446,-5.6850
G,283825735,0.000000,0.000000,-0.009587
A,283827556,7.7213,2.2410,-5.6778
G,283828231,-0.001065,0.001065,-0.008522
A,283830045,7.7249,2.2410,-5.6886
G,283830730,-0.002131,0.001065,-0.006392
A,283832516,7.7321,2.2410,-5.6958
G,283833226,-0.002131,-0.001065,-0.004261
A,283835005,7.7393,2.2302,-5.7066
G,283835725,-0.001065,-0.001065,-0.002131
A,283837476,7.7428,2.2194,-5.7138
G,283838220,0.001065,0.000000,-0.002131
A,283839938,7.7428,2.2051,-5.7174
G,283840691,0.002131,0.000000,-0.003196
TRK,283841,-0.03262,0.83275,0.30950,0.45791,0.9545,3.0311,-0.4053,0.000,0.000,0.000,1,12
A,283842439,7.7393,2.2051,-5.7138
G,283843201,0.003196,0.000000,-0.003196
A,283844910,7.7393,2.2122,-5.7138
G,283845697,0.004261,0.002131,0.000000
A,283847386,7.7321,2.2266,-5.7030
G,283848181,0.004261,0.002131,0.002131
A,283849857,7.7357,2.2338,-5.7030
G,283850701,0.005326,0.003196,0.003196
A,283852320,7.7357,2.2374,-5.6994
G,283853197,0.005326,0.004261,0.004261
A,283854813,7.7428,2.2338,-5.7030
G,283855697,0.005326,0.004261,0.004261
A,283857285,7.7428,2.2374,-5.7066
G,283858192,0.004261,0.003196,0.004261
A,283859759,7.7536,2.2338,-5.7066
G,283860672,0.004261,0.001065,0.002131
A,283862230,7.7536,2.2410,-5.7066
G,283863182,0.004261,0.000000,0.001065
A,283864684,7.7536,2.2446,-5.6994
G,283865677,0.003196,0.003196,0.000000
TRK,283865,-0.03266,0.83273,0.30948,0.45795,0.9545,3.0311,-0.4053,0.000,0.000,0.000,1,12
A,283867170,7.7536,2.2482,-5.6994
G,283868167,0.003196,0.005326,0.000000
A,283869641,7.7500,2.2482,-5.6994
G,283870663,0.003196,0.008522,-0.001065
A,283872108,7.7536,2.2446,-5.7066
G,283873133,0.002131,0.009587,-0.001065
A,283874596,7.7536,2.2410,-5.7138
G,283875625,0.001065,0.009587,0.000000
A,283877067,7.7536,2.2302,-5.7174
G,283878121,0.000000,0.007457,0.001065
TRK,283872,-0.03266,0.83272,0.30947,0.45797,0.9545,3.0311,-0.4053,0.000,0.000,0.000,1,12
A,283879546,7.7536,2.2266,-5.7209
G,283880602,0.001065,0.004261,0.002131
A,283882017,7.7464,2.2194,-5.7102
G,283883105,0.004261,0.001065,0.002131
A,283884468,7.7464,2.2230,-5.6994
G,283885600,0.006392,0.000000,0.000000
A,283886956,7.7464,2.2230,-5.6922
G,283888090,0.006392,0.000000,-0.002131
A,283889427,7.7428,2.2266,-5.6886
G,283890612,0.007457,0.001065,-0.003196
A,283891898,7.7428,2.2302,-5.6922
G,283893108,0.007457,0.002131,-0.003196
A,283894388,7.7428,2.2266,-5.7030
G,283895598,0.007457,0.001065,-0.003196
A,283896860,7.7428,2.2302,-5.7066
G,283898093,0.005326,0.001065,-0.004261
TRK,283897,-0.03269,0.83272,0.30945,0.45798,0.9545,3.0311,-0.4053,0.000,0.000,0.000,1,12
STAT,404.7,400.7,0,0,44713,0.0200,1.811,0.4747,0.8360,1.7463,9.8713,0.53,0.105
A,283899336,7.7393,2.2302,-5.7138
G,283900570,0.005326,0.000000,-0.001065
A,283901808,7.7428,2.2338,-5.7138
G,283903082,0.004261,0.001065,0.001065
A,283904271,7.7464,2.2338,-5.7174
G,283905578,0.004261,0.001065,0.002131
A,283906743,7.7500,2.2302,-5.7174
G,283908090,0.003196,0.001065,0.001065
A,283909208,7.7536,2.2230,-5.7245
G,283910586,0.002131,0.001065,-0.001065
A,283911691,7.7536,2.2122,-5.7209
G,283913066,0.001065,0.002131,0.000000
A,283914162,7.7428,2.2087,-5.7245
G,283915588,-0.001065,0.002131,-0.001065
A,283916639,7.7357,2.1979,-5.7245
G,283918084,-0.001065,0.003196,0.000000
A,283919110,7.7285,2.1979,-5.7245
G,283920582,-0.001065,0.002131,-0.001065
A,283921564,7.7321,2.2051,-5.7281
G,283923078,0.000000,0.003196,0.001065
A,283924035,7.7393,2.2087,-5.7281
TRK,283918,-0.03275,0.83274,0.30943,0.45797,0.9545,3.0311,-0.4053,0.000,0.000,0.000,1,12
G,283925580,-0.001065,0.003196,0.000000
A,283926494,7.7500,2.2194,-5.7281
G,283928076,-0.001065,0.002131,-0.001065
A,283928971,7.7536,2.2266,-5.7281
G,283930545,0.002131,0.001065,-0.001065
A,283931442,7.7536,2.2338,-5.7281
G,283933054,0.004261,0.002131,0.000000
A,283933909,7.7500,2.2374,-5.7245
G,283935549,0.004261,0.005326,0.001065
A,283936380,7.7464,2.2374,-5.7245
G,283938042,0.003196,0.006392,0.001065
A,283938832,7.7428,2.2374,-5.7281
G,283940537,0.003196,0.006392,0.002131
A,283941315,7.7393,2.2410,-5.7245
G,283943011,0.002131,0.003196,0.003196
A,283943787,7.7321,2.2446,-5.7209
G,283945534,0.001065,0.001065,0.003196
A,283946271,7.7213,2.2410,-5.7138
G,283948030,0.000000,0.000000,0.000000
A,283948742,7.7141,2.2374,-5.7066
TRK,283944,-0.03280,0.83278,0.30941,0.45790,0.9545,3.0311,-0.4053,0.000,0.000,0.000,1,12
G,283950533,0.001065,0.001065,-0.004261
A,283951207,7.7105,2.2230,-5.7030
G,283953028,0.003196,0.002131,-0.005326
A,283953678,7.7105,2.2194,-5.6994
G,283955512,0.003196,0.002131,-0.004261
A,283956124,7.7177,2.2194,-5.6994
G,283958026,0.002131,0.001065,-0.003196
A,283958602,7.7249,2.2194,-5.6958
G,283960521,0.001065,0.000000,-0.003196
A,283961073,7.7393,2.2266,-5.6922
TRK,283960,-0.03280,0.83281,0.30942,0.45783,0.9545,3.0311,-0.4053,0.000,0.000,0.000,1,12
G,283963007,0.001065,0.002131,-0.003196
A,283963524,7.7500,2.2266,-5.6922
G,283965502,0.002131,0.004261,-0.003196
A,283966009,7.7608,2.2266,-5.6850
G,283967972,0.004261,0.006392,-0.002131
A,283968480,7.7644,2.2266,-5.6886
G,283970477,0.005326,0.006392,0.000000
A,283970950,7.7644,2.2266,-5.6814
G,283972972,0.005326,0.006392,0.001065
A,283973422,7.7680,2.2338,-5.6922
G,283975457,0.003196,0.006392,0.001065
A,283975873,7.7716,2.2410,-5.6994
G,283977972,0.001065,0.005326,-0.001065
A,283978355,7.7680,2.2482,-5.7102
G,283980467,-0.001065,0.003196,-0.003196
A,283980827,7.7680,2.2410,-5.7245
G,283982949,-0.001065,0.002131,-0.003196
A,283983277,7.7644,2.2338,-5.7317
G,283985444,0.000000,0.001065,-0.004261
TRK,283984,-0.03279,0.83283,0.30943,0.45778,0.9545,3.0311,-0.4053,0.000,0.000,0.000,1,12
A,283985771,7.7644,2.2230,-5.7353
G,283987919,0.001065,0.001065,-0.003196
A,283988243,7.7608,2.2194,-5.7317
G,283990418,0.001065,0.000000,-0.004261
A,283990711,7.7536,2.2230,-5.7281
G,283992913,0.000000,0.001065,-0.004261
A,283993182,7.7500,2.2230,-5.7245
G,283995399,0.000000,0.004261,-0.003196
A,283995638,7.7464,2.2266,-5.7209
G,283997915,0.001065,0.004261,-0.001065
A,283998125,7.7428,2.2266,-5.7281
G,284000411,0.002131,0.004261,0.000000
A,284000596,7.7464,2.2230,-5.7317
TRK,283996,-0.03283,0.83285,0.30942,0.45776,0.9545,3.0311,-0.4053,0.000,0.000,0.000,1,12
G,284002886,0.004261,0.003196,-0.001065
A,284003044,7.7500,2.2230,-5.7281
G,284005381,0.004261,0.004261,-0.001065
A,284005512,7.7464,2.2302,-5.7245
G,284007877,0.005326,0.005326,0.001065
A,284007983,7.7464,2.2338,-5.7102
G,284010360,0.005326,0.007457,0.003196
A,284010441,7.7428,2.2410,-5.7102
G,284012856,0.004261,0.006392,0.005326
A,284012912,7.7428,2.2446,-5.7102
G,284015343,0.003196,0.003196,0.002131
A,284015373,7.7500,2.2446,-5.7066
G,284017855,0.002131,0.000000,0.000000
A,284017861,7.7536,2.2410,-5.7030
A,284020332,7.7608,2.2302,-5.6886
G,284020350,0.001065,-0.001065,-0.002131
TRK,284016,-0.03288,0.83288,0.30940,0.45772,0.9545,3.0311,-0.4053,0.000,0.000,0.000,1,12
A,284022805,7.7536,2.2266,-5.6814
G,284022847,-0.001065,0.000000,-0.003196
A,284025276,7.7500,2.2158,-5.6850
G,284025343,-0.001065,0.002131,-0.002131
A,284027731,7.7357,2.2194,-5.6922
G,284027820,0.000000,0.003196,0.000000
A,284030204,7.7249,2.2194,-5.7030
G,284030315,0.000000,0.001065,0.001065
A,284032675,7.7213,2.2158,-5.7138
G,284032810,0.000000,0.000000,0.000000
A,284035141,7.7249,2.2158,-5.7174
G,284035298,0.000000,-0.001065,-0.001065
A,284037627,7.7285,2.2087,-5.7245
G,284037806,0.001065,0.000000,-0.002131
A,284040099,7.7428,2.2122,-5.7281
G,284040301,0.001065,-0.001065,-0.003196
TRK,284040,-0.03285,0.83288,0.30942,0.45770,0.9545,3.0311,-0.4053,0.000,0.000,0.000,1,12
A,284042576,7.7464,2.2087,-5.7317
G,284042799,0.002131,-0.001065,-0.005326
A,284045048,7.7500,2.2087,-5.7353
G,284045294,0.002131,0.000000,-0.006392
A,284047500,7.7536,2.2087,-5.7317
G,284047766,0.002131,0.004261,-0.005326
A,284049990,7.7500,2.2087,-5.7245
G,284050275,0.003196,0.007457,-0.003196
A,284052461,7.7464,2.2087,-5.7209
G,284052770,0.004261,0.007457,-0.001065
A,284054932,7.7464,2.2087,-5.7138
G,284055259,0.005326,0.006392,0.002131
A,284057433,7.7428,2.2087,-5.7102
G,284057778,0.005326,0.004261,0.004261
A,284059904,7.7357,2.2015,-5.7066
G,284060273,0.005326,0.004261,0.006392
A,284062366,7.7285,2.2051,-5.7066
G,284062751,0.004261,0.002131,0.004261
A,284064858,7.7213,2.2087,-5.7030
G,284065260,0.003196,0.000000,0.001065
A,284067330,7.7213,2.2194,-5.7030
G,284067756,0.003196,-0.002131,-0.001065
TRK,284063,-0.03291,0.83289,0.30939,0.45769,0.9545,3.0311,-0.4053,0.000,0.000,0.000,1,12
A,284069803,7.7285,2.2266,-5.7030
G,284070244,0.003196,-0.001065,-0.002131
A,284072274,7.7321,2.2374,-5.7030
G,284072764,0.004261,0.002131,-0.003196
A,284074728,7.7393,2.2374,-5.7066
G,284075259,0.004261,0.005326,-0.004261
A,284077200,7.7393,2.2410,-5.7102
G,284077778,0.003196,0.007457,-0.002131
A,284079656,7.7393,2.2374,-5.7138
G,284080273,0.001065,0.008522,-0.001065
A,284082127,7.7393,2.2266,-5.7209
TRK,284076,-0.03297,0.83292,0.30936,0.45766,0.9545,3.0311,-0.4053,0.000,0.000,0.000,1,12
G,284082792,0.000000,0.007457,0.000000
A,284084584,7.7428,2.2122,-5.7245
G,284085287,-0.002131,0.008522,-0.002131
A,284087061,7.7428,2.2051,-5.7281
G,284087775,-0.003196,0.008522,-0.003196
A,284089532,7.7393,2.2015,-5.7209
G,284090270,-0.003196,0.008522,-0.002131
A,284091995,7.7357,2.2051,-5.7209
G,284092742,0.000000,0.005326,0.000000
A,284094495,7.7177,2.2230,-5.7174
G,284095251,0.003196,0.003196,0.001065
A,284096966,7.7177,2.2302,-5.7102
G,284097747,0.004261,0.000000,-0.002131
A,284099437,7.7141,2.2338,-5.7066
G,284100226,0.003196,-0.003196,-0.006392
A,284101908,7.7177,2.2374,-5.6994
TRK,284101,-0.03300,0.83294,0.30935,0.45762,0.9545,3.0311,-0.4053,0.000,0.000,0.000,1,12
G,284102745,0.001065,-0.007457,-0.007457
A,284104370,7.7213,2.2338,-5.6994
G,284105240,0.000000,-0.007457,-0.003196
A,284106853,7.7213,2.2374,-5.7030
G,284107731,0.001065,-0.005326,0.000000
A,284109324,7.7249,2.2410,-5.7030
G,284110226,0.003196,-0.001065,0.000000
A,284111798,7.7249,2.2482,-5.7102
G,284112706,0.002131,0.002131,-0.002131
A,284114302,7.7357,2.2482,-5.7102
G,284115216,0.000000,0.004261,-0.003196
A,284116773,7.7464,2.2410,-5.7066
G,284117711,0.000000,0.004261,-0.005326
A,284119237,7.7572,2.2410,-5.7030
G,284120181,0.002131,0.004261,-0.004261
A,284121708,7.7608,2.2338,-5.6994
G,284122701,0.003196,0.004261,-0.003196
A,284124174,7.7644,2.2338,-5.6958
G,284125196,0.003196,0.005326,-0.002131
TRK,284125,-0.03295,0.83297,0.30939,0.45754,0.9545,3.0311,-0.4053,0.000,0.000,0.000,1,12
A,284126670,7.7608,2.2410,-5.6922
G,284127696,0.002131,0.004261,-0.001065
A,284129141,7.7536,2.2446,-5.6922
G,284130192,0.000000,0.003196,-0.001065
A,284131618,7.7500,2.2446,-5.6922
G,284132672,0.000000,0.002131,0.000000
A,284134090,7.7464,2.2374,-5.6958
G,284135173,0.000000,-0.002131,0.000000
A,284136539,7.7464,2.2266,-5.6958
G,284137669,0.002131,-0.002131,0.000000
TRK,284132,-0.03298,0.83298,0.30937,0.45754,0.9545,3.0311,-0.4053,0.000,0.000,0.000,1,12
A,284139028,7.7428,2.2158,-5.6958
G,284140159,0.004261,-0.001065,0.000000
A,284141499,7.7428,2.2158,-5.6994
G,284142673,0.005326,0.003196,0.001065
A,284143961,7.7393,2.2122,-5.7030
G,284145168,0.005326,0.004261,0.000000
A,284146433,7.7393,2.2158,-5.7066
G,284147670,0.002131,0.003196,-0.001065
A,284148885,7.7393,2.2230,-5.7102
G,284150165,0.000000,0.001065,-0.003196
A,284151367,7.7428,2.2266,-5.7174
G,284152646,-0.003196,-0.001065,-0.004261
A,284153838,7.7464,2.2410,-5.7066
G,284155157,-0.003196,-0.001065,-0.005326
A,284156301,7.7500,2.2517,-5.7138
G,284157652,-0.002131,0.000000,-0.006392
A,284158793,7.7500,2.2589,-5.7066
G,284160141,-0.001065,0.001065,-0.005326
A,284161264,7.7608,2.2625,-5.7030
TRK,284161,-0.03293,0.83297,0.30940,0.45754,0.9545,3.0311,-0.4053,0.000,0.000,0.000,1,12
G,284162662,-0.001065,0.001065,-0.004261
A,284163739,7.7572,2.2517,-5.7030
G,284165158,0.001065,0.003196,-0.001065
A,284166210,7.7608,2.2446,-5.7066
G,284167657,0.003196,0.006392,0.001065
A,284168664,7.7500,2.2338,-5.6958
G,284170153,0.003196,0.007457,0.001065
A,284171136,7.7428,2.2302,-5.7030
G,284172642,0.002131,0.006392,0.000000
A,284173580,7.7357,2.2302,-5.6958
G,284175137,0.001065,0.004261,0.000000
A,284176069,7.7249,2.2338,-5.7030
G,284177618,0.001065,0.003196,0.003196
A,284178540,7.7213,2.2302,-5.7030
G,284180129,0.002131,0.004261,0.005326
A,284181008,7.7177,2.2302,-5.7102
G,284182625,0.002131,0.004261,0.005326
A,284183479,7.7213,2.2302,-5.7102
TRK,284178,-0.03289,0.83294,0.30941,0.45759,0.9545,3.0311,-0.4053,0.000,0.000,0.000,1,12
G,284185136,0.002131,0.003196,0.003196
A,284185950,7.7285,2.2302,-5.7138
G,284187631,0.002131,0.001065,0.000000
A,284188440,7.7357,2.2302,-5.7209
G,284190113,0.003196,0.001065,-0.002131
A,284190912,7.7464,2.2266,-5.7245
G,284192626,0.003196,0.003196,-0.003196
A,284193385,7.7500,2.2302,-5.7281
G,284195122,0.004261,0.006392,-0.001065
A,284195856,7.7536,2.2302,-5.7245
G,284197623,0.004261,0.007457,0.001065
A,284198319,7.7536,2.2230,-5.7209
G,284200118,0.005326,0.006392,0.001065
A,284200803,7.7500,2.2158,-5.7138
G,284202591,0.003196,0.005326,-0.001065
A,284203275,7.7464,2.1979,-5.7066
TRK,284203,-0.03285,0.83291,0.30942,0.45765,0.9545,3.0311,-0.4053,0.000,0.000,0.000,1,12
G,284205103,0.002131,0.003196,-0.005326
A,284205749,7.7393,2.1907,-5.7030
G,284207599,0.001065,0.001065,-0.007457
A,284208220,7.7357,2.1835,-5.6958
G,284210088,0.001065,0.000000,-0.007457
A,284210672,7.7321,2.1907,-5.6850
G,284212610,0.001065,-0.001065,-0.006392
A,284213159,7.7249,2.1979,-5.6814
G,284215105,0.001065,-0.001065,-0.005326
A,284215630,7.7249,2.2051,-5.6814
G,284217606,0.002131,0.000000,-0.004261
A,284218096,7.7213,2.2122,-5.6850
G,284220101,0.002131,0.003196,-0.002131
A,284220567,7.7213,2.2158,-5.6994
TRK,284215,-0.03282,0.83290,0.30943,0.45767,0.9545,3.0311,-0.4053,0.000,0.000,0.000,1,12
G,284222583,0.002131,0.006392,0.000000
A,284223015,7.7177,2.2194,-5.7174
G,284225091,0.003196,0.007457,-0.001065
A,284225491,7.7213,2.2230,-5.7245
G,284227587,0.002131,0.006392,-0.005326
A,284227962,7.7285,2.2266,-5.7245
G,284230079,0.002131,0.003196,-0.008522
A,284230423,7.7393,2.2374,-5.7138
G,284232575,0.001065,0.000000,-0.008522
A,284232894,7.7464,2.2482,-5.7066
G,284235067,0.001065,0.000000,-0.005326
A,284235356,7.7500,2.2517,-5.6994
G,284237584,0.001065,0.001065,-0.002131
A,284237843,7.7464,2.2482,-5.6958
G,284240079,0.001065,0.004261,0.000000
A,284240314,7.7357,2.2374,-5.6994
TRK,284236,-0.03283,0.83289,0.30943,0.45768,0.9545,3.0311,-0.4053,0.000,0.000,0.000,1,12
G,284242581,0.002131,0.007457,0.000000
A,284242787,7.7321,2.2194,-5.6958
G,284245077,0.003196,0.008522,0.000000
A,284245258,7.7321,2.2158,-5.6994
G,284247559,0.002131,0.007457,-0.001065
A,284247713,7.7393,2.2087,-5.7030
G,284250054,0.001065,0.002131,-0.004261
A,284250184,7.7464,2.2158,-5.7138
G,284252538,-0.001065,-0.003196,-0.008522
A,284252641,7.7572,2.2158,-5.7209
G,284255033,-0.001065,-0.004261,-0.007457
A,284255112,7.7608,2.2194,-5.7209
G,284257516,0.000000,-0.001065,-0.005326
A,284257569,7.7644,2.2230,-5.7245
G,284260027,0.000000,0.000000,-0.004261
A,284260055,7.7572,2.2302,-5.7138
G,284262522,0.000000,0.001065,-0.003196
A,284262526,7.7572,2.2374,-5.7138
TRK,284258,-0.03282,0.83289,0.30943,0.45767,0.9545,3.0311,-0.4053,0.000,0.000,0.000,1,12
A,284264995,7.7500,2.2338,-5.7174
G,284265015,0.000000,0.001065,-0.002131
A,284267490,7.7357,2.2302,-5.7174
G,284267534,0.000000,0.004261,0.001065
A,284269961,7.7285,2.2194,-5.7281
G,284270029,-0.001065,0.006392,0.003196
A,284272442,7.7285,2.2194,-5.7353
G,284272533,-0.002131,0.005326,0.001065
A,284274913,7.7249,2.2194,-5.7317
G,284275028,-0.002131,0.002131,0.000000
A,284277394,7.7285,2.2302,-5.7245
G,284277532,-0.002131,-0.001065,-0.001065
A,284279866,7.7285,2.2410,-5.7209
G,284280027,-0.001065,-0.001065,-0.002131
A,284282328,7.7249,2.2482,-5.7102
G,284282511,0.000000,-0.001065,-0.005326
A,284284811,7.7285,2.2553,-5.7066
G,284285014,0.001065,-0.001065,-0.005326
A,284287283,7.7357,2.2589,-5.7066
G,284287510,0.002131,0.000000,-0.004261
TRK,284282,-0.03285,0.83292,0.30943,0.45763,0.9545,3.0311,-0.4053,0.000,0.000,0.000,1,12
A,284289737,7.7464,2.2625,-5.7030
G,284289984,0.002131,0.001065,-0.002131
A,284292222,7.7572,2.2589,-5.6958
G,284292488,0.002131,0.003196,-0.002131
A,284294693,7.7608,2.2589,-5.6958
G,284294983,0.002131,0.005326,-0.002131
A,284297147,7.7608,2.2553,-5.6886
G,284297455,0.002131,0.007457,-0.001065
TRK,284298,-0.03285,0.83293,0.30943,0.45761,0.9545,3.0311,-0.4053,0.000,0.000,0.000,1,12
A,284299643,7.7536,2.2553,-5.6922
G,284299970,0.004261,0.008522,0.000000
A,284302115,7.7500,2.2517,-5.6958
G,284302465,0.006392,0.008522,0.001065
A,284304572,7.7428,2.2482,-5.6994
G,284304940,0.005326,0.007457,0.001065
A,284307043,7.7500,2.2517,-5.6994
G,284307435,0.004261,0.004261,0.000000
A,284309500,7.7536,2.2482,-5.6958
G,284309909,0.002131,0.003196,0.001065
A,284311990,7.7608,2.2446,-5.6886
G,284312415,0.001065,0.003196,0.002131
A,284314490,7.7644,2.2338,-5.6814
G,284314930,0.000000,0.004261,0.003196
A,284316961,7.7680,2.2158,-5.6814
G,284317426,0.000000,0.004261,0.003196
A,284319442,7.7644,2.2087,-5.6743
G,284319921,0.001065,0.004261,0.002131
A,284321913,7.7572,2.2015,-5.6850
G,284322416,0.003196,0.003196,0.000000
TRK,284317,-0.03284,0.83291,0.30943,0.45765,0.9545,3.0311,-0.4053,0.000,0.000,0.000,1,12
A,284324395,7.7500,2.2122,-5.6958
G,284324912,0.004261,0.002131,-0.001065
A,284326866,7.7393,2.2158,-5.7066
G,284327426,0.004261,0.002131,-0.001065
A,284329317,7.7285,2.2266,-5.7102
G,284329922,0.002131,0.000000,-0.002131
A,284331809,7.7177,2.2302,-5.7138
G,284332426,0.001065,-0.001065,-0.003196
A,284334280,7.7141,2.2338,-5.7102
G,284334921,0.000000,-0.001065,-0.003196
A,284336754,7.7177,2.2374,-5.7030
G,284337407,0.000000,-0.002131,-0.004261
A,284339225,7.7321,2.2374,-5.6994
G,284339922,0.001065,-0.002131,-0.004261
A,284341681,7.7428,2.2410,-5.6958
G,284342418,0.002131,-0.001065,-0.005326
A,284344152,7.7500,2.2410,-5.6958
G,284344933,0.002131,0.001065,-0.003196
A,284346609,7.7536,2.2374,-5.6994
G,284347429,0.002131,0.006392,-0.002131
TRK,284347,-0.03276,0.83287,0.30946,0.45769,0.9545,3.0311,-0.4053,0.000,0.000,0.000,1,12
A,284349096,7.7536,2.2410,-5.7066
G,284349924,0.002131,0.008522,0.000000
A,284351567,7.7500,2.2374,-5.7030
G,284352419,0.002131,0.009587,0.000000
A,284354036,7.7536,2.2410,-5.7030
G,284354895,0.001065,0.007457,-0.001065
A,284356535,7.7572,2.2410,-5.6958
G,284357401,0.001065,0.004261,-0.003196
A,284359006,7.7644,2.2410,-5.6850
G,284359917,0.000000,0.002131,-0.005326
A,284361466,7.7644,2.2374,-5.6850
G,284362413,-0.001065,0.001065,-0.006392
A,284363937,7.7572,2.2338,-5.6814
TRK,284358,-0.03277,0.83284,0.30945,0.45775,0.9545,3.0311,-0.4053,0.000,0.000,0.000,1,12
G,284364928,-0.002131,0.001065,-0.004261
A,284366398,7.7500,2.2302,-5.6850
G,284367424,-0.001065,0.003196,-0.001065
A,284368890,7.7428,2.2266,-5.6850
G,284369919,0.000000,0.005326,0.002131
A,284371361,7.7428,2.2302,-5.6922
G,284372415,0.003196,0.008522,0.003196
A,284373834,7.7500,2.2266,-5.6886
G,284374890,0.003196,0.007457,0.001065
A,284376305,7.7536,2.2338,-5.6886
G,284377397,0.002131,0.005326,-0.001065
A,284378759,7.7536,2.2338,-5.6958
G,284379892,0.001065,0.003196,0.001065
TRK,284379,-0.03269,0.83279,0.30947,0.45785,0.9545,3.0311,-0.4053,0.000,0.000,0.000,1,12
A,284381244,7.7608,2.2410,-5.7066
G,284382378,0.002131,0.001065,0.002131
A,284383715,7.7572,2.2446,-5.7174
G,284384895,0.004261,0.000000,0.001065
A,284386180,7.7536,2.2482,-5.7245
G,284387390,0.004261,-0.002131,-0.001065
A,284388671,7.7464,2.2517,-5.7209
G,284389880,0.003196,-0.003196,-0.003196
A,284391142,7.7357,2.2517,-5.7102
G,284392387,0.002131,-0.002131,-0.002131
A,284393599,7.7249,2.2517,-5.6994
G,284394882,0.001065,0.000000,0.000000
A,284396087,7.7285,2.2446,-5.6994
G,284397368,0.001065,0.003196,0.004261
A,284398558,7.7321,2.2410,-5.7030
G,284399881,0.002131,0.003196,0.006392
A,284401023,7.7285,2.2302,-5.7138
G,284402377,0.003196,0.003196,0.004261
TRK,284398,-0.03271,0.83275,0.30945,0.45792,0.9545,3.0311,-0.4053,0.000,0.000,0.000,1,12
A,284403522,7.7357,2.2230,-5.7174
G,284404873,0.003196,0.003196,0.001065
A,284405993,7.7357,2.2194,-5.7209
G,284407368,0.003196,0.004261,0.000000
A,284408473,7.7393,2.2122,-5.7174
G,284409845,0.003196,0.004261,-0.001065
A,284410945,7.7357,2.2051,-5.7102
G,284412344,0.003196,0.002131,-0.001065
A,284413397,7.7357,2.2051,-5.7030
G,284414839,0.003196,0.000000,-0.002131
A,284415877,7.7321,2.2087,-5.6958
G,284417314,0.004261,0.001065,-0.002131
A,284418348,7.7285,2.2194,-5.6958
G,284419812,0.005326,0.005326,0.000000
A,284420801,7.7249,2.2266,-5.6994
G,284422307,0.004261,0.007457,0.000000
A,284423276,7.7249,2.2410,-5.6958
G,284424776,0.002131,0.008522,-0.002131
A,284425747,7.7249,2.2410,-5.7102
TRK,284420,-0.03270,0.83274,0.30945,0.45795,0.9545,3.0311,-0.4053,0.000,0.000,0.000,1,12
G,284427284,-0.002131,0.006392,-0.005326
A,284428212,7.7357,2.2482,-5.7174
G,284429780,-0.003196,0.002131,-0.007457
A,284430683,7.7464,2.2482,-5.7317
G,284432267,-0.003196,0.001065,-0.007457
A,284433128,7.7500,2.2517,-5.7461
G,284434786,-0.002131,0.001065,-0.005326
A,284435605,7.7536,2.2517,-5.7497
G,284437281,-0.001065,0.003196,-0.002131
A,284438076,7.7428,2.2446,-5.7461
TRK,284437,-0.03269,0.83273,0.30946,0.45796,0.9545,3.0311,-0.4053,0.000,0.000,0.000,1,12
G,284439773,0.000000,0.005326,0.000000
A,284440528,7.7321,2.2482,-5.7389
G,284442269,0.002131,0.007457,0.001065
A,284443017,7.7213,2.2446,-5.7281
G,284444747,0.003196,0.007457,0.001065
A,284445489,7.7177,2.2446,-5.7209
G,284447244,0.003196,0.005326,0.000000
A,284447947,7.7249,2.2374,-5.7174
G,284449740,0.004261,0.002131,0.000000
A,284450428,7.7321,2.2266,-5.7138
G,284452209,0.003196,0.000000,-0.002131
A,284452899,7.7428,2.2194,-5.7138
G,284454729,0.003196,0.000000,-0.003196
A,284455381,7.7500,2.2230,-5.7102
G,284457224,0.001065,0.001065,-0.004261
A,284457852,7.7536,2.2266,-5.7102
G,284459724,0.000000,0.003196,-0.004261
A,284460315,7.7572,2.2410,-5.7030
G,284462219,0.000000,0.004261,-0.004261
A,284462808,7.7536,2.2589,-5.7066
G,284464699,0.002131,0.005326,-0.004261
A,284465280,7.7500,2.2697,-5.7030
TRK,284465,-0.03265,0.83275,0.30949,0.45790,0.9545,3.0311,-0.4053,0.000,0.000,0.000,1,12
G,284467208,0.002131,0.004261,-0.002131
A,284467754,7.7464,2.2733,-5.7030
G,284469704,0.001065,0.002131,-0.002131
A,284470225,7.7357,2.2589,-5.7066
G,284472183,-0.001065,-0.001065,-0.002131
A,284472670,7.7321,2.2482,-5.7066
G,284474679,-0.001065,-0.002131,-0.004261
A,284475141,7.7249,2.2302,-5.7138
G,284477169,0.001065,-0.001065,-0.002131
A,284477598,7.7213,2.2122,-5.7174
G,284479665,0.004261,0.001065,0.000000
A,284480070,7.7213,2.2087,-5.7138
TRK,284474,-0.03261,0.83277,0.30951,0.45786,0.9545,3.0311,-0.4053,0.000,0.000,0.000,1,12
G,284482155,0.007457,0.002131,0.004261
A,284482528,7.7213,2.2051,-5.7174
G,284484673,0.006392,0.005326,0.004261
A,284485013,7.7249,2.2122,-5.7138
G,284487168,0.005326,0.006392,0.002131
A,284487485,7.7249,2.2230,-5.7066
G,284489669,0.003196,0.007457,0.001065
A,284489955,7.7285,2.2374,-5.7066
G,284492164,0.002131,0.006392,0.001065
A,284492452,7.7357,2.2446,-5.7030
G,284494642,0.002131,0.006392,0.001065
A,284494924,7.7393,2.2482,-5.7030
G,284497153,0.003196,0.004261,-0.002131
A,284497405,7.7393,2.2446,-5.7030
G,284499648,0.003196,0.001065,-0.006392
A,284499876,7.7321,2.2338,-5.6994
G,284502128,0.003196,-0.004261,-0.009587
A,284502327,7.7213,2.2266,-5.7030
TRK,284503,-0.03259,0.83282,0.30954,0.45775,0.9545,3.0311,-0.4053,0.000,0.000,0.000,1,12
G,284504649,0.002131,-0.008522,-0.013848
A,284504820,7.7141,2.2266,-5.7030
G,284507145,0.001065,-0.008522,-0.013848
A,284507292,7.7069,2.2266,-5.7138
G,284509646,0.002131,-0.006392,-0.011718
A,284509766,7.7141,2.2302,-5.7138
G,284512141,0.002131,-0.004261,-0.007457
A,284512237,7.7249,2.2338,-5.7281
G,284514643,0.003196,-0.001065,-0.004261
A,284514712,7.7357,2.2338,-5.7353
G,284517138,0.004261,0.002131,0.000000
A,284517183,7.7464,2.2230,-5.7353
G,284519628,0.005326,0.005326,0.002131
A,284519648,7.7428,2.2194,-5.7389
A,284522119,7.7500,2.2122,-5.7353
G,284522123,0.004261,0.007457,0.004261
A,284524567,7.7428,2.2122,-5.7281
G,284524595,0.004261,0.009587,0.003196
TRK,284525,-0.03253,0.83287,0.30958,0.45763,0.9545,3.0311,-0.4053,0.000,0.000,0.000,1,12
A,284527055,7.7464,2.2158,-5.7174
G,284527107,0.004261,0.008522,0.001065
A,284529526,7.7428,2.2122,-5.7102
G,284529602,0.001065,0.006392,-0.002131
A,284531973,7.7393,2.2158,-5.6958
G,284532071,-0.001065,0.006392,-0.004261
A,284534444,7.7428,2.2230,-5.6994
G,284534567,-0.002131,0.004261,-0.006392
A,284536895,7.7428,2.2302,-5.6994
G,284537040,-0.001065,0.003196,-0.005326
A,284539367,7.7393,2.2374,-5.7030
G,284539535,0.001065,0.003196,-0.004261
A,284541819,7.7321,2.2410,-5.6994
G,284542008,0.002131,0.003196,-0.002131
A,284544300,7.7321,2.2374,-5.6922
G,284544510,0.002131,0.004261,-0.002131
A,284546771,7.7285,2.2374,-5.6886
G,284547005,0.002131,0.003196,-0.005326
TRK,284546,-0.03252,0.83289,0.30960,0.45759,0.9545,3.0311,-0.4053,0.000,0.000,0.000,1,12
A,284549236,7.7321,2.2338,-5.6850
G,284549489,0.002131,0.002131,-0.007457
A,284551725,7.7357,2.2266,-5.6958
G,284551997,0.002131,0.003196,-0.006392
A,284554196,7.7357,2.2230,-5.7030
G,284554492,0.002131,0.004261,-0.005326
A,284556672,7.7393,2.2230,-5.7138
G,284556987,0.003196,0.006392,0.000000
A,284559143,7.7393,2.2230,-5.7245
G,284559482,0.004261,0.007457,0.003196
A,284561620,7.7428,2.2302,-5.7281
G,284561976,0.006392,0.006392,0.005326
A,284564091,7.7428,2.2302,-5.7245
G,284564472,0.005326,0.003196,0.006392
TRK,284559,-0.03252,0.83289,0.30959,0.45759,0.9545,3.0311,-0.4053,0.000,0.000,0.000,1,12
A,284566549,7.7357,2.2410,-5.7209
G,284566946,0.004261,0.001065,0.004261
A,284569020,7.7321,2.2410,-5.7174
G,284569463,0.002131,0.002131,0.002131
A,284571471,7.7249,2.2446,-5.7102
G,284571958,0.002131,0.003196,0.000000
A,284573962,7.7285,2.2482,-5.7030
G,284574463,0.001065,0.004261,0.000000
A,284576433,7.7321,2.2482,-5.6994
G,284576959,0.000000,0.003196,0.002131
A,284578904,7.7357,2.2446,-5.6958
G,284579443,0.000000,0.003196,0.001065
TRK,284576,-0.03258,0.83292,0.30957,0.45755,0.9545,3.0311,-0.4053,0.000,0.000,0.000,1,12
A,284581406,7.7464,2.2446,-5.6994
G,284581958,0.001065,0.004261,0.001065
A,284583877,7.7500,2.2374,-5.7066
G,284584454,0.003196,0.005326,0.003196
A,284586359,7.7644,2.2410,-5.7138
G,284586948,0.005326,0.005326,0.005326
A,284588830,7.7680,2.2338,-5.7174
G,284589444,0.005326,0.005326,0.004261
A,284591294,7.7680,2.2374,-5.7245
G,284591919,0.005326,0.005326,0.003196
A,284593788,7.7644,2.2374,-5.7281
G,284594425,0.006392,0.005326,0.001065
A,284596259,7.7500,2.2266,-5.7317
G,284596940,0.005326,0.005326,0.001065
A,284598713,7.7428,2.2230,-5.7281
G,284599436,0.003196,0.003196,0.000000
A,284601199,7.7393,2.2158,-5.7174
G,284601931,0.001065,0.003196,0.001065
A,284603670,7.7321,2.2122,-5.7066
G,284604426,0.000000,0.002131,0.002131
TRK,284599,-0.03262,0.83293,0.30955,0.45755,0.9545,3.0311,-0.4053,0.000,0.000,0.000,1,12
A,284606156,7.7285,2.2087,-5.6958
G,284606921,-0.001065,0.002131,0.000000
A,284608628,7.7249,2.2122,-5.6886
G,284609417,-0.003196,0.001065,-0.003196
A,284611095,7.7213,2.2051,-5.6886
G,284611893,-0.002131,0.000000,-0.004261
A,284613581,7.7141,2.2015,-5.6922
G,284614387,0.000000,0.000000,-0.006392
A,284616052,7.7177,2.2051,-5.6994
G,284616882,0.002131,0.001065,-0.007457
A,284618531,7.7177,2.2015,-5.7102
G,284619368,0.003196,0.002131,-0.007457
A,284621002,7.7213,2.2122,-5.7174
G,284621875,0.003196,0.004261,-0.004261
A,284623452,7.7249,2.2194,-5.7245
G,284624371,0.003196,0.006392,0.000000
TRK,284624,-0.03264,0.83293,0.30955,0.45754,0.9545,3.0311,-0.4053,0.000,0.000,0.000,1,12
A,284625943,7.7393,2.2302,-5.7245
G,284626867,0.004261,0.007457,0.004261
A,284628414,7.7500,2.2410,-5.7209
G,284629363,0.005326,0.006392,0.003196
A,284630886,7.7572,2.2338,-5.7138
G,284631839,0.005326,0.003196,0.000000
A,284633357,7.7680,2.2374,-5.7030
G,284634357,0.005326,0.000000,-0.004261
A,284635820,7.7608,2.2302,-5.6922
G,284636853,0.004261,-0.001065,-0.005326
A,284638292,7.7608,2.2302,-5.6922
TRK,284637,-0.03270,0.83293,0.30951,0.45755,0.9545,3.0311,-0.4053,0.000,0.000,0.000,1,12
G,284639360,0.003196,-0.001065,-0.005326
A,284640746,7.7500,2.2302,-5.6958
G,284641855,0.000000,0.000000,-0.005326
A,284643230,7.7393,2.2302,-5.7102
G,284644342,-0.003196,0.000000,-0.005326
A,284645702,7.7285,2.2230,-5.7174
G,284646837,-0.003196,0.001065,-0.005326
A,284648186,7.7177,2.2158,-5.7209
G,284649323,-0.003196,0.000000,-0.006392
A,284650657,7.7105,2.2158,-5.7209
G,284651819,0.000000,0.003196,-0.005326
A,284653144,7.7069,2.2122,-5.7138
G,284654306,0.001065,0.005326,-0.005326
A,284655615,7.7141,2.2194,-5.7030
G,284656824,0.004261,0.007457,-0.004261
A,284658083,7.7177,2.2230,-5.6850
G,284659320,0.006392,0.006392,-0.004261
A,284660571,7.7249,2.2302,-5.6743
G,284661807,0.006392,0.004261,-0.003196
A,284663042,7.7357,2.2374,-5.6635
TRK,284658,-0.03266,0.83293,0.30954,0.45754,0.9545,3.0311,-0.4053,0.000,0.000,0.000,1,12
G,284664315,0.003196,0.002131,-0.004261
A,284665501,7.7357,2.2374,-5.6743
G,284666811,0.000000,0.001065,-0.004261
A,284667973,7.7393,2.2338,-5.6922
G,284669318,-0.001065,0.002131,-0.004261
A,284670433,7.7321,2.2302,-5.7066
G,284671814,0.001065,0.004261,-0.001065
A,284672915,7.7285,2.2266,-5.7138
G,284674293,0.002131,0.004261,0.000000
A,284675387,7.7249,2.2266,-5.7030
G,284676806,0.001065,0.002131,0.002131
A,284677853,7.7285,2.2374,-5.6922
G,284679301,0.000000,0.001065,0.000000
A,284680336,7.7428,2.2410,-5.6814
G,284681779,-0.002131,0.002131,-0.004261
A,284682808,7.7536,2.2517,-5.6778
G,284684279,-0.002131,0.002131,-0.007457
A,284685262,7.7644,2.2553,-5.6814
G,284686774,-0.001065,0.001065,-0.006392
TRK,284686,-0.03268,0.83293,0.30952,0.45756,0.9545,3.0311,-0.4053,0.000,0.000,0.000,1,12
A,284687757,7.7572,2.2589,-5.6850
G,284689262,0.001065,0.000000,-0.005326
A,284690228,7.7464,2.2517,-5.6958
G,284691779,0.002131,0.000000,-0.004261
A,284692701,7.7321,2.2482,-5.6994
G,284694274,0.002131,0.000000,-0.005326
A,284695172,7.7249,2.2374,-5.7066
G,284696773,0.001065,0.002131,-0.005326
A,284697628,7.7213,2.2338,-5.7102
G,284699291,-0.001065,0.002131,-0.004261
A,284700105,7.7249,2.2338,-5.7030
G,284701786,-0.002131,0.003196,-0.004261
A,284702576,7.7357,2.2338,-5.7030
TRK,284697,-0.03271,0.83292,0.30950,0.45758,0.9545,3.0311,-0.4053,0.000,0.000,0.000,1,12
G,284704275,-0.002131,0.003196,-0.003196
A,284705025,7.7428,2.2338,-5.7030
G,284706791,0.000000,0.001065,-0.003196
A,284707502,7.7500,2.2266,-5.6994
G,284709287,0.000000,-0.001065,-0.003196
A,284709974,7.7536,2.2158,-5.7066
G,284711786,0.001065,-0.001065,-0.004261
A,284712435,7.7536,2.2051,-5.7102
G,284714282,0.001065,0.000000,-0.005326
A,284714906,7.7500,2.1979,-5.7066
G,284716780,0.002131,0.004261,-0.005326
A,284717368,7.7464,2.2051,-5.7030
G,284719275,0.003196,0.006392,-0.004261
A,284719860,7.7393,2.2122,-5.6994
G,284721754,0.004261,0.006392,-0.004261
A,284722332,7.7393,2.2266,-5.6886
G,284724257,0.003196,0.005326,-0.005326
A,284724799,7.7393,2.2374,-5.6922
TRK,284725,-0.03269,0.83288,0.30950,0.45765,0.9545,3.0311,-0.4053,0.000,0.000,0.000,1,12
G,284726776,0.003196,0.005326,-0.006392
A,284727283,7.7428,2.2410,-5.6958
G,284729271,0.003196,0.005326,-0.007457
A,284729777,7.7500,2.2446,-5.7030
G,284731750,0.003196,0.006392,-0.006392
A,284732248,7.7500,2.2482,-5.7102
G,284734259,0.003196,0.005326,-0.004261
A,284734723,7.7500,2.2482,-5.7138
G,284736754,0.001065,0.005326,-0.003196
A,284737195,7.7464,2.2482,-5.7138
G,284739242,0.000000,0.006392,-0.003196
A,284739649,7.7428,2.2446,-5.7102
TRK,284736,-0.03268,0.83286,0.30950,0.45770,0.9545,3.0311,-0.4053,0.000,0.000,0.000,1,12
G,284741761,0.001065,0.007457,-0.003196
A,284742136,7.7464,2.2410,-5.7102
G,284744257,0.002131,0.007457,-0.002131
A,284744608,7.7428,2.2374,-5.7102
G,284746744,0.002131,0.004261,-0.004261
A,284747064,7.7428,2.2338,-5.7066
G,284749240,0.001065,0.002131,-0.005326
A,284749535,7.7393,2.2266,-5.7030
G,284751717,0.001065,0.002131,-0.005326
A,284751982,7.7285,2.2230,-5.6994
G,284754227,0.001065,0.003196,-0.003196
A,284754463,7.7249,2.2230,-5.6958
G,284756746,0.001065,0.003196,0.000000
A,284756953,7.7213,2.2266,-5.6994
G,284759242,0.001065,0.003196,0.003196
A,284759424,7.7213,2.2302,-5.6994
G,284761741,0.003196,0.003196,0.005326
A,284761896,7.7213,2.2302,-5.7066
G,284764237,0.006392,0.002131,0.005326
A,284764367,7.7177,2.2266,-5.7066
TRK,284763,-0.03267,0.83282,0.30949,0.45778,0.9545,3.0311,-0.4053,0.000,0.000,0.000,1,12
G,284766716,0.006392,0.001065,0.002131
A,284766820,7.7177,2.2230,-5.7138
G,284769226,0.005326,0.001065,0.001065
A,284769303,7.7105,2.2158,-5.7174
G,284771722,0.003196,0.001065,0.002131
A,284771775,7.7105,2.2194,-5.7209
G,284774212,0.001065,0.001065,0.003196
A,284774239,7.7141,2.2266,-5.7174
G,284776707,0.000000,0.001065,0.003196
A,284776710,7.7177,2.2302,-5.7174
A,284779156,7.7213,2.2338,-5.7138
G,284779177,0.000000,-0.001065,0.000000
TRK,284775,-0.03268,0.83282,0.30949,0.45777,0.9545,3.0311,-0.4053,0.000,0.000,0.000,1,12
A,284781641,7.7285,2.2338,-5.7138
G,284781686,-0.002131,-0.001065,-0.003196
A,284784112,7.7285,2.2302,-5.7174
G,284784182,0.000000,-0.002131,-0.004261
A,284786570,7.7285,2.2302,-5.7174
G,284786662,0.000000,0.000000,-0.005326
A,284789059,7.7285,2.2302,-5.7174
G,284789173,0.002131,0.000000,-0.004261
A,284791530,7.7321,2.2266,-5.7066
G,284791669,0.000000,0.001065,-0.001065
A,284793999,7.7357,2.2158,-5.6958
G,284794160,-0.001065,0.000000,0.004261
A,284796499,7.7428,2.2122,-5.6850
G,284796681,-0.002131,0.001065,0.005326
A,284798971,7.7464,2.2015,-5.6778
G,284799177,-0.001065,0.002131,0.005326
A,284801440,7.7464,2.2122,-5.6707
G,284801666,0.000000,0.003196,0.000000
A,284803911,7.7464,2.2230,-5.6743
G,284804161,0.003196,0.002131,-0.003196
TRK,284798,-0.03267,0.83285,0.30950,0.45772,0.9545,3.0311,-0.4053,0.000,0.000,0.000,1,12
A,284806373,7.7357,2.2338,-5.6778
G,284806642,0.004261,0.000000,-0.005326
A,284808865,7.7321,2.2482,-5.6886
G,284809153,0.003196,0.001065,-0.003196
A,284811336,7.7249,2.2482,-5.6922
G,284811649,0.002131,0.003196,-0.001065
A,284813800,7.7285,2.2482,-5.6994
G,284814130,0.002131,0.006392,0.000000
A,284816293,7.7249,2.2338,-5.7030
G,284816641,0.004261,0.007457,-0.001065
A,284818764,7.7249,2.2266,-5.7066
G,284819136,0.005326,0.006392,-0.003196
A,284821229,7.7213,2.2194,-5.7138
G,284821618,0.004261,0.004261,-0.003196
A,284823715,7.7177,2.2158,-5.7138
G,284824121,0.003196,0.003196,-0.002131
A,284826186,7.7177,2.2158,-5.7102
G,284826616,0.000000,0.002131,-0.002131
TRK,284821,-0.03268,0.83285,0.30950,0.45771,0.9545,3.0311,-0.4053,0.000,0.000,0.000,1,12
A,284828662,7.7249,2.2194,-5.7030
G,284829108,-0.001065,0.003196,-0.005326
A,284831134,7.7285,2.2194,-5.6922
G,284831624,-0.001065,0.003196,-0.006392
A,284833585,7.7393,2.2230,-5.6850
G,284834120,0.001065,0.003196,-0.006392
A,284836074,7.7500,2.2194,-5.6778
G,284836622,0.003196,0.003196,-0.004261
A,284838545,7.7572,2.2194,-5.6778
G,284839118,0.006392,0.003196,-0.003196
TRK,284838,-0.03266,0.83286,0.30951,0.45769,0.9545,3.0311,-0.4053,0.000,0.000,0.000,1,12
A,284841014,7.7572,2.2158,-5.6814
G,284841599,0.006392,0.004261,-0.002131
A,284843513,7.7572,2.2194,-5.6886
G,284844111,0.005326,0.006392,-0.005326
A,284845985,7.7500,2.2194,-5.6958
G,284846607,0.003196,0.007457,-0.006392
A,284848465,7.7428,2.2338,-5.6958
G,284849099,0.001065,0.007457,-0.005326
A,284850936,7.7357,2.2374,-5.6994
G,284851595,0.001065,0.006392,-0.003196
A,284853398,7.7321,2.2482,-5.6994
G,284854067,0.003196,0.004261,-0.002131
A,284855889,7.7285,2.2517,-5.7030
G,284856570,0.005326,0.001065,-0.002131
A,284858361,7.7321,2.2517,-5.7066
G,284859082,0.006392,0.000000,-0.001065
A,284860813,7.7357,2.2410,-5.7066
G,284861578,0.005326,0.002131,0.002131
A,284863286,7.7393,2.2302,-5.7066
G,284864060,0.003196,0.003196,0.003196
A,284865757,7.7464,2.2230,-5.7066
G,284866555,0.002131,0.004261,0.002131
TRK,284860,-0.03268,0.83286,0.30950,0.45770,0.9545,3.0311,-0.4053,0.000,0.000,0.000,1,12
A,284868222,7.7500,2.2158,-5.7102
G,284869028,0.001065,0.004261,0.001065
A,284870693,7.7572,2.2194,-5.7138
G,284871524,0.001065,0.004261,0.000000
A,284873159,7.7536,2.2194,-5.7209
G,284873998,0.001065,0.002131,0.000000
A,284875631,7.7536,2.2194,-5.7245
G,284876493,0.003196,0.001065,-0.001065
A,284878098,7.7464,2.2194,-5.7281
G,284878968,0.005326,0.000000,-0.003196
TRK,284879,-0.03271,0.83286,0.30948,0.45771,0.9545,3.0311,-0.4053,0.000,0.000,0.000,1,12
A,284880596,7.7393,2.2194,-5.7281
G,284881472,0.005326,0.000000,-0.004261
A,284883067,7.7321,2.2230,-5.7245
G,284883987,0.003196,0.001065,-0.003196
A,284885526,7.7357,2.2302,-5.7138
G,284886483,0.003196,0.003196,-0.003196
A,284888011,7.7393,2.2302,-5.7102
G,284888972,0.002131,0.006392,0.000000
A,284890482,7.7464,2.2374,-5.6994
G,284891468,0.001065,0.006392,0.000000
A,284892952,7.7536,2.2302,-5.6994
G,284893943,0.000000,0.006392,0.001065
A,284895424,7.7572,2.2302,-5.7030
G,284896439,0.000000,0.006392,0.000000
A,284897895,7.7608,2.2194,-5.7030
G,284898914,0.000000,0.006392,0.000000
A,284900366,7.7572,2.2158,-5.7066
G,284901420,0.000000,0.006392,-0.002131
A,284902819,7.7536,2.2051,-5.7030
G,284903915,0.001065,0.004261,-0.002131
A,284905302,7.7464,2.2051,-5.7030
G,284906401,0.003196,0.003196,0.000000
A,284907774,7.7357,2.2087,-5.6994
TRK,284907,-0.03279,0.83284,0.30943,0.45777,0.9545,3.0311,-0.4053,0.000,0.000,0.000,1,12
STAT,404.6,400.6,0,0,44713,0.0212,1.866,0.4747,0.8360,1.7463,9.8682,0.53,0.105
G,284908917,0.003196,0.000000,0.001065
A,284910238,7.7357,2.2158,-5.7030
G,284911413,0.002131,-0.003196,-0.001065
A,284912724,7.7285,2.2302,-5.7066
G,284913900,0.002131,-0.003196,-0.002131
A,284915195,7.7285,2.2410,-5.7138
G,284916395,0.003196,-0.001065,-0.003196
A,284917672,7.7213,2.2446,-5.7174
G,284918872,0.002131,0.001065,-0.003196
A,284920143,7.7177,2.2446,-5.7138
G,284921378,0.000000,0.000000,-0.005326
A,284922600,7.7177,2.2410,-5.7138
G,284923874,-0.002131,-0.002131,-0.004261
TRK,284919,-0.03281,0.83285,0.30943,0.45775,0.9545,3.0311,-0.4053,0.000,0.000,0.000,1,12
A,284925088,7.7213,2.2338,-5.7138
G,284926361,-0.001065,-0.003196,-0.002131
A,284927559,7.7321,2.2302,-5.7066
G,284928874,0.002131,-0.003196,-0.001065
A,284930024,7.7393,2.2302,-5.7066
G,284931370,0.004261,-0.002131,0.000000
A,284932496,7.7393,2.2302,-5.6994
G,284933867,0.003196,0.000000,0.000000
A,284934946,7.7428,2.2302,-5.7066
G,284936362,0.001065,0.001065,-0.002131
A,284937417,7.7393,2.2266,-5.7102
TRK,284936,-0.03281,0.83286,0.30943,0.45772,0.9545,3.0311,-0.4053,0.000,0.000,0.000,1,12
G,284938859,0.000000,0.003196,-0.005326
A,284939869,7.7393,2.2230,-5.7174
G,284941355,0.000000,0.004261,-0.007457
A,284942351,7.7393,2.2230,-5.7245
G,284943832,0.002131,0.005326,-0.006392
A,284944822,7.7428,2.2194,-5.7281
G,284946334,0.003196,0.005326,-0.001065
A,284947280,7.7464,2.2194,-5.7245
G,284948851,0.004261,0.004261,0.002131
A,284949755,7.7536,2.2266,-5.7245
G,284951347,0.003196,0.005326,0.004261
A,284952226,7.7572,2.2230,-5.7174
G,284953844,0.002131,0.004261,0.003196
A,284954681,7.7536,2.2338,-5.7138
G,284956340,0.001065,0.003196,0.002131
A,284957166,7.7500,2.2266,-5.7102
G,284958816,0.000000,0.000000,-0.001065
A,284959638,7.7428,2.2230,-5.7066
G,284961311,0.000000,-0.003196,-0.002131
TRK,284955,-0.03279,0.83287,0.30945,0.45770,0.9545,3.0311,-0.4053,0.000,0.000,0.000,1,12
A,284962125,7.7321,2.2158,-5.7030
G,284963789,0.001065,-0.006392,-0.003196
A,284964596,7.7357,2.2122,-5.7030
G,284966298,0.002131,-0.006392,-0.003196
A,284967064,7.7393,2.2087,-5.7066
G,284968793,0.001065,-0.005326,-0.006392
A,284969557,7.7500,2.2158,-5.7138
G,284971275,0.001065,-0.004261,-0.006392
A,284972028,7.7572,2.2230,-5.7174
G,284973794,0.000000,-0.003196,-0.005326
A,284974507,7.7644,2.2302,-5.7209
G,284976290,0.000000,-0.002131,-0.003196
A,284976978,7.7644,2.2374,-5.7209
G,284978788,0.001065,0.000000,-0.001065
A,284979439,7.7716,2.2302,-5.7245
G,284981284,0.001065,0.002131,-0.002131
A,284981910,7.7716,2.2230,-5.7245
G,284983782,0.002131,0.003196,-0.005326
A,284984372,7.7752,2.2087,-5.7281
G,284986278,0.003196,0.002131,-0.004261
TRK,284985,-0.03279,0.83292,0.30946,0.45761,0.9545,3.0311,-0.4053,0.000,0.000,0.000,1,12
A,284986864,7.7788,2.1979,-5.7209
G,284988756,0.004261,0.001065,-0.003196
A,284989336,7.7788,2.1907,-5.7138
G,284991265,0.003196,0.001065,-0.001065
A,284991809,7.7716,2.2015,-5.7066
G,284993761,0.002131,0.002131,0.000000
A,284994280,7.7608,2.2087,-5.7030
G,284996245,0.000000,0.001065,-0.001065
A,284996730,7.7428,2.2266,-5.6922
TRK,284997,-0.03287,0.83293,0.30942,0.45761,0.9545,3.0311,-0.4053,0.000,0.000,0.000,1,12
G,284998765,-0.001065,0.000000,-0.002131
A,284999215,7.7285,2.2446,-5.6886
G,285001260,-0.002131,-0.002131,-0.004261
A,285001687,7.7249,2.2517,-5.6886
G,285003755,-0.002131,-0.002131,-0.004261
A,285004149,7.7285,2.2517,-5.6958
G,285006251,-0.001065,-0.001065,-0.002131
A,285006620,7.7428,2.2446,-5.6994
G,285008737,0.000000,0.001065,0.000000
A,285009075,7.7500,2.2302,-5.6994
G,285011233,0.000000,0.002131,-0.001065
A,285011573,7.7572,2.2194,-5.6922
G,285013712,0.000000,0.003196,-0.001065
A,285014045,7.7572,2.2122,-5.6850
G,285016222,0.001065,0.003196,0.000000
A,285016523,7.7500,2.2158,-5.6814
G,285018718,0.003196,0.003196,-0.002131
A,285018995,7.7464,2.2158,-5.6886
TRK,285017,-0.03289,0.83293,0.30941,0.45761,0.9545,3.0311,-0.4053,0.000,0.000,0.000,1,12
G,285021198,0.005326,0.005326,-0.003196
A,285021446,7.7428,2.2266,-5.6994
G,285023706,0.005326,0.006392,-0.004261
A,285023924,7.7357,2.2266,-5.7102
G,285026202,0.005326,0.007457,0.000000
A,285026396,7.7393,2.2230,-5.7209
G,285028696,0.003196,0.008522,0.003196
A,285028861,7.7357,2.2194,-5.7245
G,285031191,0.001065,0.008522,0.004261
A,285031333,7.7321,2.2087,-5.7281
G,285033671,-0.001065,0.008522,0.001065
A,285033786,7.7285,2.2087,-5.7174
G,285036175,0.000000,0.006392,-0.002131
A,285036262,7.7213,2.2122,-5.7174
G,285038670,0.003196,0.003196,-0.003196
A,285038734,7.7177,2.2230,-5.7138
TRK,285034,-0.03295,0.83292,0.30937,0.45766,0.9545,3.0311,-0.4053,0.000,0.000,0.000,1,12
G,285041161,0.005326,0.002131,-0.002131
A,285041199,7.7213,2.2302,-5.7102
G,285043656,0.004261,0.001065,0.001065
A,285043670,7.7285,2.2446,-5.7066
A,285046137,7.7321,2.2410,-5.7066
G,285046147,0.001065,0.001065,0.003196
A,285048608,7.7321,2.2410,-5.7066
G,285048643,-0.001065,0.000000,0.003196
A,285051076,7.7285,2.2338,-5.7174
G,285051135,-0.001065,0.000000,0.002131
A,285053574,7.7285,2.2302,-5.7174
G,285053656,0.001065,-0.001065,0.000000
A,285056046,7.7285,2.2266,-5.7138
G,285056152,0.004261,0.001065,-0.001065
A,285058525,7.7357,2.2230,-5.7102
G,285058653,0.005326,0.003196,-0.001065
A,285060996,7.7357,2.2266,-5.6994
G,285061148,0.006392,0.004261,0.001065
A,285063456,7.7393,2.2302,-5.6958
G,285063630,0.004261,0.003196,0.002131
A,285065946,7.7393,2.2338,-5.6922
G,285066141,0.003196,0.000000,0.002131
A,285068418,7.7393,2.2374,-5.6850
G,285068637,0.002131,-0.002131,0.002131
TRK,285064,-0.03301,0.83293,0.30934,0.45765,0.9545,3.0311,-0.4053,0.000,0.000,0.000,1,12
A,285070869,7.7428,2.2482,-5.6850
G,285071108,0.002131,-0.003196,0.001065
A,285073341,7.7357,2.2410,-5.6850
G,285073604,0.003196,-0.004261,0.000000
A,285075794,7.7357,2.2410,-5.6886
G,285076076,0.003196,-0.002131,-0.003196
A,285078277,7.7285,2.2374,-5.6958
G,285078578,0.002131,0.002131,-0.004261
A,285080748,7.7285,2.2338,-5.7030
G,285081073,0.001065,0.005326,-0.004261
A,285083213,7.7321,2.2338,-5.7066
G,285083556,0.001065,0.007457,-0.002131
TRK,285080,-0.03300,0.83293,0.30935,0.45765,0.9545,3.0311,-0.4053,0.000,0.000,0.000,1,12
A,285085709,7.7357,2.2302,-5.7030
G,285086069,0.001065,0.007457,-0.001065
A,285088180,7.7357,2.2266,-5.7066
G,285088564,0.002131,0.007457,0.000000
A,285090656,7.7357,2.2374,-5.6994
G,285091057,0.002131,0.006392,-0.001065
A,285093128,7.7357,2.2338,-5.7030
G,285093571,0.003196,0.005326,-0.001065
A,285095576,7.7357,2.2482,-5.7066
G,285096067,0.002131,0.002131,-0.002131
TRK,285096,-0.03296,0.83291,0.30936,0.45768,0.9545,3.0311,-0.4053,0.000,0.000,0.000,1,12
A,285098064,7.7321,2.2482,-5.7174
G,285098569,0.001065,0.000000,-0.002131
A,285100535,7.7357,2.2482,-5.7174
G,285101065,0.002131,-0.001065,-0.003196
A,285103004,7.7428,2.2446,-5.7174
G,285103548,0.002131,-0.001065,-0.004261
A,285105502,7.7464,2.2338,-5.7066
G,285106059,0.002131,-0.002131,-0.004261
A,285107973,7.7536,2.2338,-5.6994
G,285108570,0.002131,-0.003196,-0.005326
A,285110422,7.7572,2.2266,-5.6994
G,285111066,0.003196,-0.002131,-0.004261
A,285112914,7.7608,2.2266,-5.7030
G,285113569,0.003196,0.001065,-0.003196
A,285115385,7.7572,2.2230,-5.7066
G,285116064,0.003196,0.004261,-0.002131
A,285117857,7.7536,2.2230,-5.7138
G,285118547,0.003196,0.004261,-0.002131
A,285120329,7.7464,2.2194,-5.7138
G,285121058,0.003196,0.004261,-0.002131
A,285122780,7.7393,2.2230,-5.7102
G,285123554,0.002131,0.004261,0.000000
TRK,285119,-0.03290,0.83291,0.30939,0.45767,0.9545,3.0311,-0.4053,0.000,0.000,0.000,1,12
A,285125264,7.7464,2.2230,-5.6994
G,285126047,0.003196,0.005326,0.001065
A,285127736,7.7393,2.2266,-5.6958
G,285128543,0.002131,0.005326,0.002131
A,285130201,7.7393,2.2266,-5.6886
G,285131016,0.003196,0.005326,-0.001065
A,285132672,7.7428,2.2194,-5.6994
G,285133511,0.002131,0.003196,-0.003196
A,285135139,7.7357,2.2194,-5.7138
G,285135986,0.002131,0.003196,-0.006392
A,285137610,7.7428,2.2158,-5.7209
G,285138481,0.000000,0.001065,-0.008522
A,285140078,7.7428,2.2122,-5.7281
G,285140956,0.000000,0.001065,-0.009587
A,285142567,7.7393,2.2122,-5.7209
G,285143452,0.000000,0.000000,-0.009587
A,285145038,7.7428,2.2158,-5.7138
G,285145947,0.002131,0.002131,-0.006392
TRK,285145,-0.03279,0.83288,0.30945,0.45768,0.9545,3.0311,-0.4053,0.000,0.000,0.000,1,12
A,285147517,7.7428,2.2194,-5.7066
G,285148432,0.003196,0.003196,-0.003196
A,285149989,7.7464,2.2194,-5.7030
G,285150937,0.003196,0.005326,0.000000
A,285152438,7.7464,2.2194,-5.7030
G,285153433,0.002131,0.004261,0.000000
A,285154930,7.7428,2.2122,-5.6994
G,285155929,0.001065,0.002131,-0.002131
A,285157401,7.7357,2.2122,-5.7030
TRK,285157,-0.03283,0.83288,0.30943,0.45770,0.9545,3.0311,-0.4053,0.000,0.000,0.000,1,12
G,285158454,0.002131,-0.001065,-0.004261
A,285159873,7.7249,2.2158,-5.7066
G,285160950,0.003196,-0.001065,-0.003196
A,285162344,7.7177,2.2230,-5.7066
G,285163455,0.005326,0.001065,-0.001065
A,285164797,7.7177,2.2338,-5.7138
G,285165951,0.005326,0.002131,0.000000
A,285167268,7.7177,2.2374,-5.7174
G,285168450,0.003196,0.002131,-0.003196
A,285169717,7.7285,2.2446,-5.7138
G,285170946,0.002131,0.001065,-0.005326
A,285172203,7.7357,2.2410,-5.7066
G,285173431,0.001065,0.002131,-0.003196
A,285174674,7.7464,2.2410,-5.7030
G,285175946,-0.002131,0.002131,0.000000
A,285177140,7.7536,2.2374,-5.6958
G,285178442,-0.004261,0.002131,0.000000
A,285179626,7.7608,2.2374,-5.6994
G,285180926,-0.004261,0.002131,-0.001065
A,285182097,7.7572,2.2338,-5.7066
G,285183421,-0.001065,0.002131,-0.003196
TRK,285177,-0.03278,0.83288,0.30945,0.45768,0.9545,3.0311,-0.4053,0.000,0.000,0.000,1,12
A,285184575,7.7536,2.2266,-5.7209
G,285185897,0.002131,0.005326,-0.001065
A,285187046,7.7428,2.2266,-5.7209
G,285188403,0.005326,0.005326,0.001065
A,285189505,7.7393,2.2230,-5.7174
G,285190899,0.005326,0.006392,0.004261
A,285191995,7.7393,2.2266,-5.7102
G,285193385,0.004261,0.005326,0.004261
A,285194467,7.7464,2.2338,-5.6958
G,285195881,0.003196,0.006392,0.005326
A,285196957,7.7536,2.2374,-5.6886
G,285198367,0.001065,0.005326,0.005326
A,285199428,7.7536,2.2410,-5.6922
G,285200876,0.001065,0.004261,0.000000
A,285201892,7.7536,2.2446,-5.6958
G,285203371,0.001065,0.002131,-0.004261
A,285204363,7.7500,2.2482,-5.6994
TRK,285203,-0.03286,0.83288,0.30941,0.45771,0.9545,3.0311,-0.4053,0.000,0.000,0.000,1,12
G,285205868,0.001065,0.003196,-0.005326
A,285206816,7.7500,2.2517,-5.7030
G,285208364,0.002131,0.005326,-0.002131
A,285209294,7.7500,2.2446,-5.6994
G,285210835,0.002131,0.008522,0.000000
A,285211765,7.7536,2.2410,-5.7030
G,285213343,0.004261,0.009587,-0.001065
A,285214230,7.7536,2.2302,-5.7066
G,285215838,0.003196,0.005326,-0.001065
A,285216701,7.7500,2.2266,-5.7102
G,285218346,0.002131,0.001065,-0.001065
A,285219167,7.7500,2.2338,-5.7138
G,285220841,0.001065,-0.002131,0.000000
A,285221638,7.7393,2.2410,-5.7102
G,285223329,0.001065,-0.001065,-0.001065
A,285224085,7.7321,2.2517,-5.7138
G,285225842,0.001065,0.001065,-0.002131
A,285226559,7.7213,2.2482,-5.7174
G,285228337,0.001065,0.004261,-0.002131
TRK,285227,-0.03282,0.83287,0.30943,0.45772,0.9545,3.0311,-0.4053,0.000,0.000,0.000,1,12
A,285229048,7.7141,2.2482,-5.7245
G,285230815,0.000000,0.004261,-0.001065
A,285231519,7.7213,2.2374,-5.7281
G,285233323,-0.001065,0.004261,0.001065
A,285233989,7.7321,2.2374,-5.7281
G,285235818,-0.002131,0.001065,0.001065
A,285236478,7.7393,2.2302,-5.7317
G,285238295,-0.002131,0.000000,0.001065
A,285238949,7.7464,2.2266,-5.7317
TRK,285239,-0.03283,0.83287,0.30942,0.45772,0.9545,3.0311,-0.4053,0.000,0.000,0.000,1,12
G,285240813,-0.003196,-0.001065,0.000000
A,285241430,7.7393,2.2194,-5.7353
G,285243309,-0.002131,0.001065,0.000000
A,285243901,7.7393,2.2194,-5.7353
G,285245806,-0.002131,0.002131,-0.001065
A,285246363,7.7357,2.2158,-5.7389
G,285248302,-0.003196,0.002131,-0.004261
A,285248834,7.7357,2.2158,-5.7389
G,285250800,-0.003196,0.001065,-0.008522
A,285251298,7.7357,2.2122,-5.7353
G,285253296,-0.002131,0.002131,-0.009587
A,285253769,7.7393,2.2194,-5.7317
G,285255794,-0.001065,0.003196,-0.007457
A,285256233,7.7393,2.2230,-5.7245
G,285258290,0.000000,0.006392,-0.002131
A,285258705,7.7357,2.2338,-5.7102
TRK,285257,-0.03276,0.83287,0.30946,0.45770,0.9545,3.0311,-0.4053,0.000,0.000,0.000,1,12
G,285260776,0.001065,0.008522,0.000000
A,285261158,7.7321,2.2338,-5.7030
G,285263271,0.002131,0.009587,0.001065
A,285263629,7.7249,2.2302,-5.6922
G,285265750,0.003196,0.007457,0.001065
A,285266077,7.7285,2.2194,-5.6922
G,285268246,0.002131,0.005326,0.002131
A,285268548,7.7285,2.2158,-5.6886
G,285270725,0.001065,0.002131,0.001065
A,285270997,7.7357,2.2122,-5.6886
G,285273223,0.001065,0.001065,0.000000
A,285273466,7.7357,2.2230,-5.6922
G,285275743,0.002131,0.001065,-0.001065
A,285275956,7.7428,2.2266,-5.6922
G,285278239,0.004261,0.001065,-0.001065
A,285278428,7.7357,2.2374,-5.6922
G,285280738,0.005326,0.000000,-0.003196
A,285280899,7.7393,2.2446,-5.6922
G,285283234,0.005326,-0.001065,-0.003196
A,285283370,7.7357,2.2517,-5.6958
G,285285723,0.006392,0.000000,-0.003196
A,285285833,7.7393,2.2517,-5.7066
TRK,285282,-0.03275,0.83289,0.30947,0.45766,0.9545,3.0311,-0.4053,0.000,0.000,0.000,1,12
G,285288233,0.006392,0.002131,0.000000
A,285288316,7.7428,2.2482,-5.7174
G,285290729,0.005326,0.004261,0.003196
A,285290788,7.7500,2.2374,-5.7245
G,285293218,0.004261,0.004261,0.005326
A,285293252,7.7572,2.2338,-5.7281
G,285295726,0.004261,0.004261,0.005326
A,285295735,7.7644,2.2266,-5.7245
A,285298206,7.7644,2.2266,-5.7209
G,285298222,0.004261,0.004261,0.003196
TRK,285293,-0.03275,0.83289,0.30947,0.45765,0.9545,3.0311,-0.4053,0.000,0.000,0.000,1,12
A,285300682,7.7680,2.2194,-5.7138
G,285300722,0.004261,0.004261,0.001065
A,285303153,7.7572,2.2266,-5.6994
G,285303217,0.002131,0.004261,0.001065
A,285305602,7.7500,2.2230,-5.6922
G,285305689,0.000000,0.003196,0.002131
A,285308073,7.7393,2.2302,-5.6778
G,285308184,0.000000,0.000000,0.002131
A,285310532,7.7321,2.2302,-5.6778
G,285310665,0.000000,-0.001065,0.000000
A,285313003,7.7285,2.2266,-5.6743
G,285313161,0.000000,0.000000,0.000000
A,285315463,7.7249,2.2266,-5.6814
G,285315641,0.000000,0.002131,-0.001065
A,285317947,7.7213,2.2230,-5.6850
G,285318146,0.000000,0.004261,0.001065
A,285320418,7.7213,2.2194,-5.6886
G,285320642,0.001065,0.005326,0.002131
TRK,285316,-0.03275,0.83291,0.30948,0.45762,0.9545,3.0311,-0.4053,0.000,0.000,0.000,1,12
A,285322890,7.7213,2.2158,-5.6958
G,285323133,0.003196,0.006392,0.003196
A,285325361,7.7249,2.2194,-5.6958
G,285325629,0.004261,0.008522,0.001065
A,285327814,7.7249,2.2230,-5.7030
G,285328100,0.004261,0.008522,-0.001065
A,285330285,7.7285,2.2266,-5.7066
G,285330596,0.004261,0.006392,-0.003196
A,285332740,7.7321,2.2338,-5.7138
G,285333068,0.003196,0.005326,-0.002131
A,285335211,7.7393,2.2374,-5.7174
G,285335564,0.002131,0.004261,-0.001065
A,285337666,7.7393,2.2374,-5.7281
G,285338036,0.001065,0.004261,-0.003196
A,285340137,7.7357,2.2338,-5.7245
TRK,285339,-0.03281,0.83290,0.30945,0.45764,0.9545,3.0311,-0.4053,0.000,0.000,0.000,1,12
G,285340560,0.002131,0.004261,-0.006392
A,285342594,7.7357,2.2230,-5.7245
G,285343055,0.003196,0.002131,-0.007457
A,285345082,7.7285,2.2122,-5.7174
G,285345558,0.003196,0.001065,-0.006392
A,285347554,7.7285,2.2087,-5.7102
G,285348054,0.003196,0.000000,-0.005326
A,285350022,7.7249,2.2087,-5.7138
G,285350536,0.002131,0.002131,-0.005326
A,285352493,7.7249,2.2230,-5.7174
G,285353032,0.002131,0.002131,-0.003196
A,285354963,7.7285,2.2338,-5.7245
G,285355515,0.002131,0.002131,0.000000
A,285357458,7.7321,2.2446,-5.7209
G,285358023,0.001065,0.002131,0.001065
A,285359929,7.7357,2.2482,-5.7174
G,285360519,0.000000,0.002131,0.000000
TRK,285356,-0.03275,0.83290,0.30947,0.45764,0.9545,3.0311,-0.4053,0.000,0.000,0.000,1,12
A,285362411,7.7285,2.2446,-5.7102
G,285363013,-0.001065,0.003196,-0.004261
A,285364882,7.7285,2.2410,-5.7066
G,285365508,-0.001065,0.002131,-0.005326
A,285367344,7.7285,2.2338,-5.7174
G,285367982,-0.002131,0.002131,-0.004261
A,285369815,7.7357,2.2230,-5.7174
G,285370503,0.000000,0.002131,-0.002131
A,285372275,7.7464,2.2158,-5.7245
G,285372998,0.001065,0.004261,-0.001065
A,285374746,7.7572,2.2122,-5.7209
G,285375522,0.001065,0.006392,-0.001065
A,285377211,7.7572,2.2122,-5.7209
G,285378018,-0.001065,0.004261,-0.002131
A,285379683,7.7608,2.2122,-5.7209
G,285380522,-0.001065,0.004261,-0.004261
A,285382129,7.7536,2.2122,-5.7209
G,285383017,0.000000,0.002131,-0.007457
A,285384606,7.7500,2.2087,-5.7174
G,285385501,0.001065,0.002131,-0.008522
A,285387077,7.7428,2.2158,-5.7138
TRK,285386,-0.03276,0.83290,0.30947,0.45764,0.9545,3.0311,-0.4053,0.000,0.000,0.000,1,12
G,285388015,0.002131,-0.001065,-0.007457
A,285389536,7.7357,2.2194,-5.7030
G,285390511,0.002131,-0.002131,-0.005326
A,285392013,7.7357,2.2302,-5.6922
G,285392993,0.001065,0.001065,-0.003196
A,285394484,7.7321,2.2446,-5.6778
G,285395510,-0.002131,0.002131,-0.002131
A,285396947,7.7249,2.2553,-5.6814
G,285398005,-0.003196,0.003196,-0.003196
TRK,285398,-0.03272,0.83290,0.30950,0.45762,0.9545,3.0311,-0.4053,0.000,0.000,0.000,1,12
A,285399448,7.7249,2.2553,-5.6778
G,285400509,-0.003196,0.003196,-0.005326
A,285401919,7.7249,2.2517,-5.6886
G,285403005,-0.003196,0.004261,-0.005326
A,285404389,7.7285,2.2410,-5.6922
G,285405478,-0.003196,0.004261,-0.004261
A,285406861,7.7357,2.2230,-5.7030
G,285407988,-0.003196,0.004261,0.000000
A,285409320,7.7357,2.2122,-5.7174
G,285410484,0.000000,0.004261,0.002131
A,285411813,7.7393,2.2015,-5.7245
G,285412978,0.002131,0.003196,0.002131
A,285414284,7.7464,2.1979,-5.7209
G,285415474,0.003196,0.003196,-0.001065
A,285416755,7.7464,2.2051,-5.7102
G,285417945,0.003196,0.003196,-0.002131
A,285419226,7.7464,2.2194,-5.7030
TRK,285418,-0.03276,0.83291,0.30948,0.45761,0.9545,3.0311,-0.4053,0.000,0.000,0.000,1,12
G,285420450,0.002131,0.002131,-0.001065
A,285421682,7.7393,2.2338,-5.6994
G,285422946,0.002131,0.001065,0.001065
A,285424161,7.7393,2.2446,-5.7066
G,285425424,0.003196,0.001065,0.000000
A,285426632,7.7393,2.2482,-5.7209
G,285427940,0.005326,0.002131,-0.001065
A,285429099,7.7393,2.2374,-5.7281
G,285430435,0.006392,0.001065,-0.001065
A,285431585,7.7393,2.2374,-5.7281
G,285432918,0.007457,0.000000,-0.001065
A,285434085,7.7428,2.2410,-5.7209
G,285435416,0.008522,0.002131,0.000000
A,285436556,7.7393,2.2482,-5.7102
G,285437912,0.009587,0.005326,0.000000
A,285439045,7.7464,2.2589,-5.6994
G,285440398,0.010653,0.008522,0.001065
A,285441516,7.7500,2.2697,-5.6922
TRK,285441,-0.03280,0.83294,0.30946,0.45757,0.9545,3.0311,-0.4053,0.000,0.000,0.000,1,12
G,285442914,0.008522,0.006392,0.002131
A,285443986,7.7572,2.2661,-5.6922
G,285445409,0.005326,0.003196,0.000000
A,285446457,7.7536,2.2625,-5.6922
G,285447905,0.002131,0.000000,-0.002131
A,285448908,7.7536,2.2517,-5.6886
G,285450421,0.002131,-0.002131,-0.003196
A,285451379,7.7393,2.2410,-5.6886
G,285452917,0.001065,-0.001065,-0.004261
A,285453851,7.7393,2.2374,-5.6814
G,285455422,-0.001065,0.000000,-0.007457
A,285456313,7.7357,2.2374,-5.6814
G,285457918,-0.002131,-0.001065,-0.008522
A,285458804,7.7357,2.2446,-5.6778
G,285460401,-0.001065,-0.001065,-0.005326
A,285461276,7.7357,2.2446,-5.6814
TRK,285461,-0.03274,0.83293,0.30949,0.45758,0.9545,3.0311,-0.4053,0.000,0.000,0.000,1,12
G,285462917,0.000000,0.001065,0.000000
A,285463750,7.7393,2.2446,-5.6814
G,285465413,0.002131,0.002131,0.005326
A,285466221,7.7464,2.2410,-5.6850
G,285467901,0.003196,0.003196,0.004261
A,285468669,7.7500,2.2374,-5.6922
G,285470396,0.004261,0.003196,0.003196
A,285471155,7.7428,2.2338,-5.6922
G,285472873,0.005326,0.003196,0.002131
A,285473627,7.7393,2.2338,-5.6958
G,285475379,0.004261,0.002131,0.001065
A,285476094,7.7357,2.2374,-5.6994
G,285477875,0.004261,0.002131,0.000000
A,285478587,7.7357,2.2338,-5.6958
G,285480356,0.003196,0.003196,-0.003196
A,285481058,7.7428,2.2338,-5.6958
G,285482873,0.004261,0.004261,-0.005326
A,285483537,7.7428,2.2338,-5.6922
G,285485369,0.003196,0.004261,-0.007457
A,285486008,7.7428,2.2302,-5.6922
G,285487864,0.002131,0.002131,-0.007457
A,285488467,7.7428,2.2338,-5.6958
G,285490360,0.001065,0.001065,-0.005326
TRK,285485,-0.03271,0.83287,0.30949,0.45768,0.9545,3.0311,-0.4053,0.000,0.000,0.000,1,12
A,285490957,7.7321,2.2230,-5.6958
G,285492837,0.001065,0.000000,-0.001065
A,285493428,7.7357,2.2266,-5.6958
G,285495344,0.002131,0.001065,0.002131
A,285495900,7.7321,2.2194,-5.6886
G,285497840,0.003196,0.002131,0.003196
A,285498371,7.7285,2.2122,-5.6958
G,285500327,0.004261,0.002131,0.004261
A,285500824,7.7321,2.2122,-5.7030
G,285502823,0.004261,0.001065,0.003196
A,285503295,7.7357,2.2015,-5.7102
TRK,285497,-0.03268,0.83285,0.30950,0.45772,0.9545,3.0311,-0.4053,0.000,0.000,0.000,1,12
G,285505311,0.004261,0.001065,-0.001065
A,285505749,7.7393,2.2051,-5.7102
G,285507822,0.003196,0.001065,-0.004261
A,285508228,7.7464,2.2051,-5.7030
G,285510318,0.003196,0.003196,-0.007457
A,285510699,7.7464,2.2122,-5.6922
G,285512816,0.004261,0.005326,-0.006392
A,285513165,7.7393,2.2230,-5.6886
G,285515312,0.005326,0.007457,-0.002131
A,285515661,7.7357,2.2266,-5.6814
G,285517788,0.005326,0.008522,0.000000
A,285518132,7.7357,2.2410,-5.6814
G,285520297,0.006392,0.007457,0.001065
A,285520609,7.7464,2.2482,-5.6922
G,285522792,0.004261,0.005326,0.000000
A,285523081,7.7608,2.2553,-5.7030
G,285525301,0.002131,0.002131,-0.001065
A,285525559,7.7680,2.2517,-5.7209
G,285527796,-0.001065,0.001065,-0.002131
A,285528030,7.7680,2.2410,-5.7281
TRK,285523,-0.03268,0.83280,0.30948,0.45781,0.9545,3.0311,-0.4053,0.000,0.000,0.000,1,12
G,285530284,-0.002131,-0.001065,-0.003196
A,285530489,7.7536,2.2266,-5.7281
G,285532790,-0.002131,-0.003196,-0.003196
A,285532967,7.7428,2.2158,-5.7209
G,285535286,-0.002131,-0.005326,-0.004261
A,285535438,7.7321,2.2051,-5.7102
G,285537781,0.000000,-0.004261,-0.005326
A,285537906,7.7357,2.2051,-5.7066
G,285540277,0.002131,-0.002131,-0.004261
TRK,285539,-0.03261,0.83278,0.30952,0.45783,0.9545,3.0311,-0.4053,0.000,0.000,0.000,1,12
A,285540408,7.7357,2.2015,-5.6994
G,285542755,0.003196,0.001065,0.000000
A,285542879,7.7428,2.2051,-5.6994
G,285545264,0.002131,0.002131,0.002131
A,285545361,7.7464,2.2122,-5.6958
G,285547760,0.002131,0.002131,0.002131
A,285547833,7.7464,2.2230,-5.6886
G,285550243,0.001065,0.002131,0.002131
A,285550290,7.7500,2.2338,-5.6850
G,285552762,0.001065,0.002131,0.001065
A,285552784,7.7536,2.2374,-5.6850
A,285555255,7.7572,2.2374,-5.6922
G,285555258,0.002131,0.001065,0.000000
A,285557730,7.7608,2.2302,-5.6994
G,285557757,0.002131,-0.001065,-0.001065
A,285560201,7.7500,2.2302,-5.7102
G,285560252,0.002131,-0.002131,0.001065
A,285562656,7.7393,2.2194,-5.7102
G,285562730,0.000000,-0.001065,0.004261
A,285565127,7.7285,2.2158,-5.7209
G,285565226,-0.001065,0.000000,0.003196
TRK,285559,-0.03271,0.83277,0.30946,0.45788,0.9545,3.0311,-0.4053,0.000,0.000,0.000,1,12
A,285567585,7.7249,2.2015,-5.7209
G,285567705,0.000000,0.002131,0.001065
A,285570064,7.7249,2.2015,-5.7317
G,285570207,0.001065,0.003196,-0.002131
A,285572536,7.7285,2.1979,-5.7389
G,285572702,0.003196,0.003196,-0.001065
A,285574998,7.7357,2.2051,-5.7389
G,285575186,0.005326,0.002131,0.000000
A,285577493,7.7428,2.2158,-5.7317
G,285577701,0.004261,0.001065,-0.001065
A,285579964,7.7536,2.2302,-5.7102
G,285580197,0.001065,-0.001065,-0.006392
TRK,285576,-0.03276,0.83278,0.30944,0.45787,0.9545,3.0311,-0.4053,0.000,0.000,0.000,1,12
A,285582425,7.7572,2.2338,-5.6958
G,285582677,-0.004261,-0.002131,-0.009587
A,285584896,7.7608,2.2410,-5.6886
G,285585195,-0.006392,-0.003196,-0.009587
A,285587345,7.7608,2.2338,-5.6922
G,285587690,-0.005326,-0.002131,-0.007457
A,285589838,7.7608,2.2302,-5.6958
G,285590201,-0.002131,-0.001065,-0.005326
A,285592310,7.7572,2.2266,-5.7066
G,285592696,0.002131,-0.001065,-0.004261
A,285594793,7.7464,2.2302,-5.7102
G,285595196,0.004261,-0.002131,-0.005326
A,285597264,7.7357,2.2374,-5.7174
G,285597716,0.005326,-0.001065,-0.005326
A,285599719,7.7177,2.2446,-5.7138
G,285600212,0.004261,0.000000,-0.005326
A,285602196,7.7069,2.2446,-5.7102
G,285602704,0.002131,0.000000,-0.002131
A,285604668,7.7069,2.2410,-5.6994
G,285605200,0.000000,0.000000,0.001065
TRK,285604,-0.03280,0.83282,0.30943,0.45781,0.9545,3.0311,-0.4053,0.000,0.000,0.000,1,12
A,285607134,7.7105,2.2338,-5.6922
G,285607680,0.000000,0.002131,0.002131
A,285609622,7.7213,2.2266,-5.6886
G,285610181,0.001065,0.003196,0.002131
A,285612093,7.7285,2.2194,-5.6922
G,285612676,0.002131,0.004261,0.001065
A,285614571,7.7357,2.2302,-5.6958
G,285615167,0.003196,0.003196,0.000000
A,285617043,7.7321,2.2338,-5.6958
G,285617663,0.003196,0.001065,-0.002131
TRK,285617,-0.03282,0.83283,0.30942,0.45780,0.9545,3.0311,-0.4053,0.000,0.000,0.000,1,12
A,285619522,7.7321,2.2446,-5.6994
G,285620153,0.003196,0.000000,-0.002131
A,285621993,7.7357,2.2482,-5.6994
G,285622671,0.003196,0.000000,0.000000
A,285624449,7.7357,2.2410,-5.7138
G,285625166,0.003196,0.003196,0.001065
A,285626940,7.7393,2.2410,-5.7209
G,285627667,0.004261,0.004261,0.000000
A,285629412,7.7428,2.2374,-5.7245
G,285630186,0.004261,0.003196,-0.002131
A,285631871,7.7428,2.2374,-5.7245
G,285632682,0.003196,0.001065,-0.005326
A,285634354,7.7393,2.2374,-5.7245
G,285635172,0.001065,-0.001065,-0.007457
A,285636825,7.7357,2.2374,-5.7209
G,285637682,-0.001065,-0.001065,-0.005326
A,285639277,7.7393,2.2410,-5.7102
G,285640177,-0.001065,0.000000,-0.003196
TRK,285640,-0.03281,0.83285,0.30943,0.45775,0.9545,3.0311,-0.4053,0.000,0.000,0.000,1,12
A,285641771,7.7428,2.2482,-5.7102
G,285642678,0.000000,0.002131,-0.001065
A,285644243,7.7500,2.2517,-5.7066
G,285645174,0.002131,0.002131,-0.003196
A,285646718,7.7572,2.2553,-5.7102
G,285647654,0.003196,0.002131,-0.005326
A,285649189,7.7608,2.2517,-5.7102
G,285650150,0.003196,0.003196,-0.006392
A,285651665,7.7644,2.2446,-5.7066
G,285652631,0.003196,0.003196,-0.007457
A,285654137,7.7680,2.2302,-5.7066
G,285655127,0.003196,0.005326,-0.005326
A,285656614,7.7608,2.2194,-5.7030
G,285657608,0.002131,0.005326,-0.002131
A,285659085,7.7536,2.2122,-5.7102
G,285660117,0.002131,0.005326,0.002131
A,285661540,7.7500,2.2087,-5.7102
G,285662612,0.003196,0.005326,0.005326
A,285664011,7.7572,2.2194,-5.7138
TRK,285658,-0.03280,0.83285,0.30944,0.45774,0.9545,3.0311,-0.4053,0.000,0.000,0.000,1,12
G,285665124,0.003196,0.005326,0.003196
A,285666471,7.7644,2.2158,-5.7066
G,285667620,0.004261,0.003196,0.002131
A,285668954,7.7716,2.2087,-5.7030
G,285670104,0.005326,0.002131,-0.001065
A,285671425,7.7752,2.2051,-5.7030
G,285672600,0.007457,0.000000,-0.003196
A,285673897,7.7680,2.2051,-5.6994
G,285675072,0.005326,-0.001065,-0.006392
A,285676389,7.7644,2.2122,-5.7030
G,285677565,0.003196,-0.002131,-0.007457
A,285678860,7.7500,2.2194,-5.7066
TRK,285674,-0.03277,0.83286,0.30945,0.45773,0.9545,3.0311,-0.4053,0.000,0.000,0.000,1,12
G,285680078,0.001065,0.000000,-0.005326
A,285681323,7.7464,2.2230,-5.7138
G,285682574,0.000000,0.003196,-0.002131
A,285683794,7.7357,2.2230,-5.7138
G,285685086,0.001065,0.004261,0.002131
A,285686258,7.7285,2.2266,-5.7102
G,285687582,0.003196,0.007457,0.003196
A,285688753,7.7249,2.2266,-5.7066
G,285690074,0.004261,0.009587,0.002131
A,285691224,7.7213,2.2302,-5.6958
G,285692570,0.004261,0.010653,-0.001065
A,285693700,7.7213,2.2302,-5.6958
G,285695043,0.004261,0.008522,-0.003196
A,285696171,7.7213,2.2302,-5.6958
G,285697546,0.004261,0.006392,-0.004261
A,285698628,7.7141,2.2302,-5.6994
G,285700042,0.003196,0.003196,-0.003196
A,285701115,7.7105,2.2266,-5.6994
G,285702525,0.003196,0.001065,0.000000
A,285703586,7.7033,2.2230,-5.7030
G,285705021,0.002131,0.000000,0.002131
TRK,285699,-0.03277,0.83284,0.30945,0.45776,0.9545,3.0311,-0.4053,0.000,0.000,0.000,1,12
A,285706075,7.7141,2.2158,-5.7030
G,285707504,0.001065,0.001065,0.002131
A,285708546,7.7213,2.2122,-5.6994
G,285710018,0.000000,0.003196,0.001065
A,285711015,7.7357,2.2194,-5.7066
G,285712514,-0.002131,0.003196,-0.002131
A,285713501,7.7428,2.2230,-5.7030
G,285714995,-0.003196,0.005326,-0.004261
A,285715973,7.7500,2.2266,-5.7066
G,285717490,-0.001065,0.005326,-0.004261
A,285718453,7.7500,2.2230,-5.7102
G,285719965,0.000000,0.005326,-0.001065
A,285720924,7.7536,2.2230,-5.7102
G,285722461,0.002131,0.003196,0.000000
A,285723377,7.7500,2.2194,-5.7102
G,285724957,0.002131,0.001065,0.000000
A,285725849,7.7464,2.2230,-5.7066
TRK,285720,-0.03281,0.83284,0.30943,0.45777,0.9545,3.0311,-0.4053,0.000,0.000,0.000,1,12
G,285727462,0.004261,-0.002131,-0.001065
A,285728312,7.7428,2.2338,-5.6958
G,285729957,0.004261,-0.002131,0.000000
A,285730805,7.7357,2.2410,-5.6958
G,285732442,0.004261,-0.001065,0.000000
A,285733276,7.7393,2.2446,-5.6922
G,285734956,0.003196,0.002131,0.000000
A,285735749,7.7393,2.2338,-5.7030
G,285737451,0.002131,0.005326,0.000000
A,285738220,7.7428,2.2194,-5.7138
TRK,285733,-0.03283,0.83285,0.30942,0.45775,0.9545,3.0311,-0.4053,0.000,0.000,0.000,1,12
G,285739946,0.002131,0.005326,0.000000
A,285740676,7.7428,2.1979,-5.7209
G,285742442,0.003196,0.003196,0.000000
A,285743157,7.7464,2.1907,-5.7209
G,285744913,0.003196,0.001065,0.000000
A,285745629,7.7464,2.1871,-5.7066
G,285747430,0.004261,0.001065,-0.001065
A,285748107,7.7500,2.2015,-5.6922
G,285749925,0.006392,0.003196,0.000000
A,285750578,7.7464,2.2158,-5.6778
G,285752431,0.006392,0.004261,-0.002131
A,285753047,7.7428,2.2302,-5.6743
G,285754926,0.005326,0.005326,-0.002131
A,285755518,7.7357,2.2410,-5.6743
G,285757412,0.003196,0.005326,-0.002131
A,285757967,7.7321,2.2446,-5.6886
G,285759920,0.003196,0.003196,0.000000
A,285760440,7.7393,2.2482,-5.6958
G,285762415,0.003196,0.001065,0.000000
TRK,285758,-0.03292,0.83286,0.30938,0.45776,0.9545,3.0311,-0.4053,0.000,0.000,0.000,1,12
A,285762931,7.7464,2.2374,-5.7138
G,285764891,0.003196,-0.001065,-0.002131
A,285765402,7.7536,2.2410,-5.7209
G,285767387,0.002131,0.000000,-0.004261
A,285767894,7.7500,2.2338,-5.7353
G,285769863,0.001065,0.001065,-0.005326
A,285770365,7.7464,2.2338,-5.7389
G,285772370,0.001065,0.001065,-0.005326
A,285772838,7.7393,2.2302,-5.7389
G,285774866,0.002131,0.002131,-0.003196
A,285775309,7.7357,2.2266,-5.7353
G,285777353,0.004261,0.005326,0.001065
A,285777763,7.7393,2.2230,-5.7281
G,285779870,0.007457,0.010653,0.006392
A,285780248,7.7393,2.2302,-5.7209
G,285782365,0.010653,0.012783,0.006392
TRK,285778,-0.03293,0.83287,0.30937,0.45774,0.9545,3.0311,-0.4053,0.000,0.000,0.000,1,12
A,285782743,7.7428,2.2266,-5.7138
G,285784842,0.009587,0.010653,0.003196
A,285785214,7.7464,2.2302,-5.7102
G,285787349,0.006392,0.006392,-0.002131
A,285787689,7.7464,2.2266,-5.7066
G,285789845,0.002131,0.001065,-0.004261
A,285790161,7.7500,2.2230,-5.7102
G,285792352,0.001065,-0.001065,-0.004261
A,285792638,7.7500,2.2230,-5.7138
G,285794848,0.000000,-0.002131,-0.005326
A,285795109,7.7464,2.2230,-5.7245
G,285797335,0.000000,0.000000,-0.005326
A,285797567,7.7464,2.2230,-5.7281
TRK,285794,-0.03295,0.83288,0.30936,0.45773,0.9545,3.0311,-0.4053,0.000,0.000,0.000,1,12
G,285799853,0.001065,0.002131,-0.003196
A,285800056,7.7464,2.2302,-5.7245
G,285802349,0.000000,0.002131,-0.003196
A,285802527,7.7536,2.2302,-5.7138
G,285804839,0.000000,0.000000,-0.003196
A,285804990,7.7608,2.2374,-5.7066
G,285807335,0.000000,-0.001065,-0.003196
A,285807461,7.7644,2.2410,-5.7030
G,285809812,0.002131,-0.001065,-0.003196
A,285809912,7.7644,2.2374,-5.7066
G,285812308,0.004261,-0.001065,-0.003196
A,285812383,7.7572,2.2338,-5.7174
G,285814786,0.005326,0.000000,-0.004261
A,285814835,7.7464,2.2338,-5.7245
G,285817294,0.004261,0.002131,-0.002131
A,285817318,7.7357,2.2338,-5.7317
G,285819790,0.003196,0.003196,-0.001065
A,285819790,7.7285,2.2302,-5.7281
TRK,285815,-0.03293,0.83290,0.30938,0.45770,0.9545,3.0311,-0.4053,0.000,0.000,0.000,1,12
A,285822254,7.7285,2.2302,-5.7209
G,285822278,0.004261,0.002131,0.002131
A,285824725,7.7249,2.2194,-5.7102
G,285824774,0.005326,0.002131,0.004261
A,285827170,7.7321,2.2122,-5.7030
G,285827242,0.005326,0.002131,0.003196
A,285829639,7.7357,2.2087,-5.6994
G,285829733,0.003196,0.003196,-0.001065
A,285832137,7.7393,2.2158,-5.7030
G,285832254,0.000000,0.003196,-0.005326
A,285834608,7.7464,2.2158,-5.7066
G,285834750,-0.002131,0.004261,-0.005326
A,285837076,7.7500,2.2302,-5.7102
G,285837239,-0.002131,0.006392,-0.004261
A,285839566,7.7572,2.2302,-5.7138
G,285839750,0.000000,0.007457,-0.002131
A,285842038,7.7608,2.2266,-5.7102
G,285842246,0.002131,0.006392,-0.001065
TRK,285838,-0.03293,0.83291,0.30938,0.45768,0.9545,3.0311,-0.4053,0.000,0.000,0.000,1,12
A,285844517,7.7608,2.2230,-5.7066
G,285844745,0.001065,0.005326,-0.002131
A,285846988,7.7536,2.2194,-5.6958
G,285847241,-0.001065,0.002131,-0.003196
A,285849442,7.7428,2.2194,-5.6994
G,285849714,-0.003196,0.001065,-0.003196
A,285851933,7.7357,2.2194,-5.6958
G,285852224,-0.003196,0.003196,-0.001065
A,285854405,7.7249,2.2230,-5.6958
G,285854719,-0.001065,0.004261,-0.001065
A,285856896,7.7177,2.2194,-5.6958
G,285857229,0.002131,0.003196,-0.001065
A,285859368,7.7141,2.2194,-5.6886
G,285859725,0.003196,0.001065,-0.001065
A,285861840,7.7177,2.2194,-5.6922
G,285862214,0.003196,-0.001065,0.000000
A,285864311,7.7321,2.2230,-5.6958
G,285864709,0.001065,-0.001065,-0.001065
TRK,285859,-0.03291,0.83291,0.30939,0.45767,0.9545,3.0311,-0.4053,0.000,0.000,0.000,1,12
A,285866784,7.7357,2.2230,-5.6994
G,285867199,0.001065,-0.002131,-0.002131
A,285869256,7.7428,2.2230,-5.7030
G,285869695,0.001065,-0.002131,-0.001065
A,285871711,7.7393,2.2194,-5.7066
G,285872165,0.002131,0.001065,0.001065
A,285874187,7.7464,2.2194,-5.7066
G,285874657,0.003196,0.004261,0.002131
A,285876659,7.7500,2.2194,-5.7102
G,285877153,0.004261,0.005326,0.003196
TRK,285876,-0.03292,0.83293,0.30939,0.45763,0.9545,3.0311,-0.4053,0.000,0.000,0.000,1,12
A,285879125,7.7644,2.2266,-5.7066
G,285879634,0.005326,0.004261,0.003196
A,285881617,7.7680,2.2194,-5.7066
G,285882140,0.005326,0.004261,0.004261
A,285884089,7.7680,2.2230,-5.7030
G,285884635,0.004261,0.005326,0.005326
A,285886554,7.7644,2.2194,-5.6994
G,285887114,0.002131,0.005326,0.004261
A,285889043,7.7572,2.2194,-5.6994
G,285889616,0.000000,0.004261,0.003196
A,285891514,7.7536,2.2266,-5.6994
G,285892112,0.000000,0.004261,0.001065
A,285893984,7.7464,2.2338,-5.7030
G,285894594,0.001065,0.003196,-0.001065
A,285896455,7.7428,2.2446,-5.7138
G,285897106,0.001065,0.001065,-0.004261
A,285898906,7.7428,2.2482,-5.7174
G,285899602,0.002131,0.001065,-0.005326
A,285901398,7.7500,2.2517,-5.7317
G,285902104,0.002131,0.002131,-0.005326
A,285903869,7.7536,2.2446,-5.7353
G,285904599,0.002131,0.003196,-0.005326
TRK,285904,-0.03296,0.83292,0.30937,0.45766,0.9545,3.0311,-0.4053,0.000,0.000,0.000,1,12
A,285906352,7.7572,2.2374,-5.7389
G,285907091,0.003196,0.002131,-0.003196
A,285908823,7.7572,2.2266,-5.7353
G,285909609,0.002131,0.001065,-0.003196
A,285911281,7.7500,2.2230,-5.7281
G,285912104,0.002131,0.003196,-0.002131
A,285913753,7.7464,2.2230,-5.7138
G,285914607,-0.001065,0.004261,-0.003196
A,285916198,7.7500,2.2230,-5.6994
G,285917103,-0.003196,0.005326,-0.004261
TRK,285912,-0.03299,0.83292,0.30935,0.45767,0.9545,3.0311,-0.4053,0.000,0.000,0.000,1,12
STAT,404.6,400.6,0,0,44713,0.0212,1.866,0.4747,0.8360,1.7463,9.8727,0.53,0.105
A,285918694,7.7464,2.2230,-5.6994
G,285919605,-0.005326,0.004261,-0.004261
A,285921166,7.7536,2.2266,-5.6958
G,285922100,-0.005326,0.003196,-0.004261
A,285923637,7.7500,2.2302,-5.7066
G,285924578,-0.003196,0.002131,-0.004261
A,285926109,7.7536,2.2374,-5.7030
G,285927091,0.000000,0.002131,-0.004261
A,285928567,7.7536,2.2446,-5.7030
G,285929586,0.003196,0.003196,-0.001065
A,285931055,7.7428,2.2482,-5.6958
G,285932079,0.005326,0.005326,0.003196
A,285933527,7.7393,2.2517,-5.6922
G,285934601,0.007457,0.006392,0.005326
A,285935996,7.7285,2.2553,-5.6922
G,285937097,0.007457,0.005326,0.004261
A,285938467,7.7285,2.2553,-5.6958
G,285939595,0.007457,0.002131,0.001065
A,285940914,7.7321,2.2553,-5.6994
G,285942091,0.005326,0.000000,-0.001065
TRK,285937,-0.03299,0.83289,0.30935,0.45772,0.9545,3.0311,-0.4053,0.000,0.000,0.000,1,12
A,285943395,7.7464,2.2446,-5.7102
G,285944573,0.003196,-0.001065,-0.003196
A,285945867,7.7608,2.2482,-5.7174
G,285947086,0.002131,-0.001065,-0.003196
A,285948329,7.7644,2.2410,-5.7245
G,285949581,0.003196,-0.001065,-0.001065
A,285950823,7.7680,2.2410,-5.7245
G,285952074,0.005326,-0.001065,-0.002131
A,285953294,7.7644,2.2338,-5.7281
G,285954595,0.007457,0.000000,-0.003196
A,285955767,7.7644,2.2266,-5.7209
G,285957091,0.006392,-0.001065,-0.005326
A,285958238,7.7572,2.2194,-5.7174
G,285959593,0.004261,0.000000,-0.002131
A,285960693,7.7572,2.2158,-5.7102
G,285962089,0.002131,-0.001065,-0.002131
A,285963178,7.7500,2.2194,-5.7030
G,285964570,0.002131,0.001065,-0.001065
A,285965649,7.7428,2.2302,-5.7030
TRK,285961,-0.03291,0.83289,0.30939,0.45771,0.9545,3.0311,-0.4053,0.000,0.000,0.000,1,12
G,285967083,0.001065,0.002131,-0.005326
A,285968116,7.7464,2.2446,-5.7066
G,285969578,0.002131,0.003196,-0.005326
A,285970603,7.7464,2.2553,-5.7138
G,285972060,0.004261,0.005326,-0.005326
A,285973074,7.7500,2.2625,-5.7245
G,285974575,0.006392,0.008522,0.000000
A,285975545,7.7536,2.2769,-5.7281
G,285977071,0.006392,0.008522,0.001065
A,285978016,7.7500,2.2733,-5.7245
TRK,285973,-0.03291,0.83287,0.30938,0.45774,0.9545,3.0311,-0.4053,0.000,0.000,0.000,1,12
G,285979574,0.004261,0.006392,-0.001065
A,285980476,7.7536,2.2733,-5.7138
G,285982069,0.003196,0.003196,-0.002131
A,285982958,7.7536,2.2625,-5.7030
G,285984544,0.002131,0.003196,-0.002131
A,285985430,7.7572,2.2517,-5.6958
G,285987058,0.004261,0.006392,0.000000
A,285987901,7.7572,2.2446,-5.6958
G,285989553,0.005326,0.009587,0.000000
A,285990372,7.7536,2.2374,-5.6994
G,285992056,0.005326,0.009587,-0.002131
A,285992835,7.7500,2.2338,-5.7030
G,285994552,0.003196,0.007457,-0.003196
A,285995318,7.7464,2.2302,-5.7102
G,285997025,0.000000,0.005326,-0.003196
A,285997789,7.7428,2.2266,-5.7102
G,285999521,-0.003196,0.002131,-0.002131
A,286000246,7.7357,2.2230,-5.7102
G,286002017,-0.003196,0.000000,-0.002131
TRK,286001,-0.03278,0.83282,0.30944,0.45780,0.9545,3.0311,-0.4053,0.000,0.000,0.000,1,12
A,286002741,7.7357,2.2230,-5.7102
G,286004500,-0.002131,-0.002131,-0.002131
A,286005212,7.7249,2.2230,-5.7030
G,286007010,-0.001065,-0.002131,-0.002131
A,286007683,7.7213,2.2158,-5.7066
G,286009506,0.000000,-0.001065,-0.001065
A,286010155,7.7141,2.2087,-5.7138
G,286012000,0.000000,0.000000,-0.002131
A,286012611,7.7069,2.2051,-5.7174
G,286014495,-0.001065,0.001065,-0.003196
A,286015083,7.7105,2.2015,-5.7209
G,286016989,-0.003196,0.003196,-0.004261
A,286017541,7.7177,2.2015,-5.7245
G,286019485,-0.002131,0.005326,-0.005326
A,286020030,7.7285,2.2051,-5.7245
G,286021959,-0.001065,0.006392,-0.004261
A,286022501,7.7357,2.2015,-5.7174
G,286024464,0.001065,0.007457,-0.003196
A,286024971,7.7393,2.2015,-5.7174
G,286026960,0.002131,0.008522,-0.001065
A,286027442,7.7393,2.1979,-5.7174
TRK,286022,-0.03272,0.83281,0.30947,0.45781,0.9545,3.0311,-0.4053,0.000,0.000,0.000,1,12
G,286029445,0.002131,0.006392,-0.001065
A,286029893,7.7357,2.1979,-5.7102
G,286031960,0.001065,0.004261,-0.001065
A,286032375,7.7357,2.2051,-5.7102
G,286034456,0.001065,0.002131,-0.002131
A,286034847,7.7357,2.2194,-5.7066
G,286036971,0.000000,0.003196,-0.002131
A,286037330,7.7357,2.2374,-5.6994
G,286039467,0.000000,0.003196,0.000000
A,286039801,7.7393,2.2517,-5.6958
TRK,286035,-0.03271,0.83281,0.30947,0.45781,0.9545,3.0311,-0.4053,0.000,0.000,0.000,1,12
G,286041981,0.000000,0.002131,-0.001065
A,286042285,7.7393,2.2553,-5.6994
G,286044477,0.001065,0.001065,-0.001065
A,286044756,7.7428,2.2625,-5.6922
G,286046971,0.002131,0.001065,-0.003196
A,286047221,7.7464,2.2553,-5.6994
G,286049467,0.003196,0.001065,-0.003196
A,286049692,7.7500,2.2482,-5.6958
G,286051938,0.003196,0.003196,-0.004261
A,286052134,7.7464,2.2410,-5.7030
G,286054431,0.002131,0.003196,-0.005326
A,286054599,7.7464,2.2302,-5.7066
G,286056947,0.001065,0.003196,-0.007457
A,286057087,7.7357,2.2374,-5.7138
G,286059442,0.001065,0.002131,-0.008522
A,286059559,7.7285,2.2446,-5.7174
G,286061926,0.001065,0.001065,-0.007457
A,286062016,7.7177,2.2482,-5.7245
G,286064422,0.002131,0.003196,-0.004261
A,286064487,7.7141,2.2517,-5.7317
TRK,286058,-0.03269,0.83283,0.30949,0.45776,0.9545,3.0311,-0.4053,0.000,0.000,0.000,1,12
G,286066897,0.003196,0.004261,0.000000
A,286066937,7.7105,2.2482,-5.7317
G,286069395,0.003196,0.005326,0.002131
A,286069410,7.7105,2.2410,-5.7353
A,286071882,7.7105,2.2374,-5.7317
G,286071891,0.002131,0.005326,0.003196
A,286074344,7.7141,2.2338,-5.7245
G,286074377,-0.001065,0.006392,0.003196
A,286076834,7.7177,2.2338,-5.7138
G,286076891,-0.002131,0.006392,0.001065
A,286079306,7.7213,2.2266,-5.7030
G,286079387,0.000000,0.007457,0.001065
TRK,286075,-0.03267,0.83284,0.30950,0.45774,0.9545,3.0311,-0.4053,0.000,0.000,0.000,1,12
A,286081780,7.7249,2.2194,-5.6994
G,286081883,0.003196,0.005326,0.001065
A,286084251,7.7357,2.2122,-5.7030
G,286084379,0.004261,0.002131,0.002131
A,286086702,7.7464,2.2087,-5.7066
G,286086852,0.003196,0.002131,0.002131
A,286089188,7.7572,2.2122,-5.7102
G,286089359,0.001065,0.002131,0.000000
A,286091659,7.7644,2.2194,-5.7174
G,286091855,0.000000,0.002131,-0.003196
A,286094126,7.7680,2.2230,-5.7174
G,286094342,0.000000,0.003196,-0.003196
A,286096598,7.7644,2.2230,-5.7174
G,286096838,0.002131,0.004261,0.001065
A,286099066,7.7644,2.2230,-5.7138
G,286099325,0.004261,0.006392,0.002131
A,286101537,7.7608,2.2266,-5.7066
G,286101821,0.006392,0.005326,0.001065
A,286104006,7.7536,2.2338,-5.6958
G,286104308,0.006392,0.004261,-0.002131
A,286106477,7.7464,2.2446,-5.6886
G,286106804,0.004261,0.004261,-0.002131
TRK,286101,-0.03271,0.83289,0.30950,0.45764,0.9545,3.0311,-0.4053,0.000,0.000,0.000,1,12
A,286108948,7.7393,2.2482,-5.6814
G,286109292,0.002131,0.005326,0.000000
A,286111419,7.7321,2.2482,-5.6778
G,286111810,0.001065,0.005326,0.002131
A,286113870,7.7321,2.2482,-5.6814
G,286114306,0.001065,0.005326,0.003196
A,286116343,7.7285,2.2410,-5.6886
G,286116794,0.002131,0.002131,0.002131
A,286118814,7.7321,2.2374,-5.6922
G,286119290,0.002131,0.001065,0.000000
TRK,286113,-0.03272,0.83290,0.30949,0.45763,0.9545,3.0311,-0.4053,0.000,0.000,0.000,1,12
A,286121278,7.7357,2.2302,-5.6994
G,286121768,0.003196,0.001065,0.000000
A,286123770,7.7428,2.2302,-5.7030
G,286124274,0.003196,0.001065,0.000000
A,286126241,7.7428,2.2302,-5.7066
G,286126770,0.004261,0.001065,-0.001065
A,286128716,7.7464,2.2302,-5.7066
G,286129259,0.003196,-0.001065,-0.003196
A,286131188,7.7500,2.2338,-5.7102
G,286131778,0.000000,-0.004261,-0.005326
A,286133644,7.7500,2.2302,-5.7066
G,286134273,-0.004261,-0.007457,-0.007457
A,286136131,7.7536,2.2302,-5.7030
G,286136772,-0.004261,-0.008522,-0.006392
A,286138602,7.7572,2.2338,-5.6922
G,286139267,-0.002131,-0.003196,-0.003196
A,286141059,7.7536,2.2338,-5.6958
G,286141736,0.000000,0.002131,0.001065
TRK,286142,-0.03265,0.83290,0.30953,0.45760,0.9545,3.0311,-0.4053,0.000,0.000,0.000,1,12
A,286143558,7.7500,2.2338,-5.6958
G,286144245,0.002131,0.006392,0.005326
A,286146029,7.7393,2.2302,-5.7066
G,286146741,0.002131,0.008522,0.006392
A,286148498,7.7393,2.2338,-5.7102
G,286149220,0.002131,0.008522,0.006392
A,286150970,7.7393,2.2374,-5.7066
G,286151715,0.001065,0.006392,0.002131
A,286153431,7.7464,2.2410,-5.7102
G,286154186,0.000000,0.002131,-0.003196
A,286155902,7.7500,2.2410,-5.7066
G,286156706,-0.001065,-0.002131,-0.006392
A,286158364,7.7536,2.2410,-5.7066
G,286159202,-0.001065,-0.004261,-0.006392
A,286160853,7.7536,2.2338,-5.7102
G,286161699,0.001065,-0.003196,-0.004261
A,286163325,7.7464,2.2302,-5.6994
G,286164195,0.002131,-0.003196,-0.004261
TRK,286159,-0.03264,0.83289,0.30953,0.45763,0.9545,3.0311,-0.4053,0.000,0.000,0.000,1,12
A,286165798,7.7464,2.2302,-5.6994
G,286166675,0.002131,-0.001065,-0.004261
A,286168292,7.7393,2.2338,-5.6922
G,286169175,0.000000,0.001065,-0.002131
A,286170763,7.7393,2.2482,-5.6886
G,286171671,-0.001065,0.003196,0.000000
A,286173240,7.7357,2.2589,-5.6958
G,286174153,0.000000,0.003196,-0.002131
A,286175711,7.7393,2.2661,-5.6994
G,286176674,0.001065,0.004261,-0.006392
A,286178176,7.7393,2.2661,-5.7138
G,286179170,0.001065,0.004261,-0.010653
A,286180660,7.7357,2.2589,-5.7245
G,286181658,0.001065,0.005326,-0.009587
A,286183131,7.7357,2.2482,-5.7281
G,286184153,0.001065,0.005326,-0.008522
TRK,286178,-0.03262,0.83286,0.30954,0.45768,0.9545,3.0311,-0.4053,0.000,0.000,0.000,1,12
A,286185608,7.7321,2.2374,-5.7281
G,286186634,0.000000,0.005326,-0.006392
A,286188080,7.7357,2.2374,-5.7138
G,286189130,0.002131,0.005326,-0.003196
A,286190558,7.7393,2.2338,-5.6994
G,286191611,0.003196,0.003196,0.000000
A,286193029,7.7428,2.2338,-5.6814
G,286194107,0.005326,0.002131,0.003196
A,286195509,7.7428,2.2410,-5.6778
G,286196589,0.006392,0.000000,0.004261
A,286197980,7.7357,2.2266,-5.6850
G,286199102,0.005326,0.001065,0.004261
A,286200440,7.7357,2.2266,-5.6922
G,286201597,0.004261,0.003196,0.002131
A,286202931,7.7357,2.2194,-5.7066
G,286204089,0.003196,0.004261,-0.002131
A,286205403,7.7321,2.2194,-5.7138
G,286206601,0.003196,0.005326,-0.005326
A,286207864,7.7321,2.2230,-5.7209
G,286209096,0.002131,0.004261,-0.006392
A,286210335,7.7285,2.2266,-5.7174
TRK,286204,-0.03263,0.83281,0.30952,0.45778,0.9545,3.0311,-0.4053,0.000,0.000,0.000,1,12
G,286211599,0.001065,0.001065,-0.005326
A,286212788,7.7285,2.2338,-5.7102
G,286214094,0.000000,-0.002131,-0.005326
A,286215272,7.7321,2.2446,-5.6958
G,286216577,-0.001065,-0.002131,-0.002131
A,286217744,7.7393,2.2517,-5.6886
G,286219089,-0.001065,-0.002131,-0.001065
A,286220209,7.7393,2.2553,-5.6778
G,286221585,0.001065,-0.002131,0.001065
TRK,286221,-0.03255,0.83280,0.30956,0.45778,0.9545,3.0311,-0.4053,0.000,0.000,0.000,1,12
A,286222704,7.7285,2.2589,-5.6778
G,286224077,0.003196,0.000000,0.000000
A,286225176,7.7213,2.2553,-5.6850
G,286226591,0.004261,0.001065,-0.002131
A,286227643,7.7033,2.2517,-5.6886
G,286229086,0.004261,0.002131,-0.005326
A,286230114,7.7069,2.2446,-5.6958
G,286231582,0.006392,0.003196,-0.005326
A,286232592,7.7105,2.2338,-5.6958
G,286234055,0.007457,0.005326,-0.001065
A,286235064,7.7321,2.2266,-5.6958
G,286236578,0.007457,0.005326,0.001065
A,286237542,7.7464,2.2230,-5.6922
G,286239073,0.004261,0.005326,0.001065
A,286240013,7.7572,2.2158,-5.6922
G,286241568,0.002131,0.004261,-0.002131
A,286242465,7.7608,2.2158,-5.6922
G,286244063,0.002131,0.004261,-0.004261
TRK,286243,-0.03252,0.83278,0.30957,0.45781,0.9545,3.0311,-0.4053,0.000,0.000,0.000,1,12
A,286244955,7.7644,2.2266,-5.6994
G,286246546,0.003196,0.003196,-0.005326
A,286247426,7.7572,2.2302,-5.7102
G,286249054,0.004261,0.005326,-0.004261
A,286249893,7.7644,2.2338,-5.7209
G,286251550,0.002131,0.003196,-0.004261
A,286252364,7.7644,2.2338,-5.7317
G,286254063,-0.002131,0.001065,-0.004261
A,286254837,7.7644,2.2338,-5.7425
G,286256559,-0.002131,-0.001065,-0.004261
A,286257308,7.7644,2.2302,-5.7389
G,286259072,0.000000,-0.001065,-0.002131
A,286259782,7.7536,2.2374,-5.7317
G,286261568,0.003196,0.000000,-0.001065
A,286262254,7.7464,2.2374,-5.7245
G,286264080,0.004261,0.002131,-0.001065
A,286264728,7.7393,2.2482,-5.7138
G,286266576,0.004261,0.003196,0.000000
A,286267200,7.7321,2.2482,-5.7030
TRK,286262,-0.03251,0.83277,0.30957,0.45783,0.9545,3.0311,-0.4053,0.000,0.000,0.000,1,12
G,286269068,0.003196,0.003196,-0.001065
A,286269655,7.7285,2.2517,-5.6958
G,286271564,0.003196,0.002131,-0.002131
A,286272142,7.7321,2.2482,-5.6886
G,286274037,0.002131,0.001065,-0.002131
A,286274613,7.7428,2.2446,-5.6850
G,286276533,0.003196,0.003196,-0.001065
A,286277101,7.7464,2.2338,-5.6778
G,286279006,0.003196,0.005326,0.000000
A,286279573,7.7500,2.2266,-5.6814
TRK,286280,-0.03250,0.83276,0.30957,0.45784,0.9545,3.0311,-0.4053,0.000,0.000,0.000,1,12
G,286281530,0.002131,0.005326,-0.004261
A,286282061,7.7464,2.2194,-5.6814
G,286284026,0.000000,0.005326,-0.007457
A,286284532,7.7428,2.2194,-5.6886
G,286286519,-0.002131,0.003196,-0.010653
A,286286991,7.7393,2.2158,-5.7066
G,286289014,-0.004261,0.002131,-0.012783
A,286289462,7.7357,2.2122,-5.7209
G,286291496,-0.003196,0.001065,-0.012783
A,286291910,7.7393,2.2122,-5.7317
G,286294010,-0.002131,-0.001065,-0.010653
A,286294392,7.7393,2.2087,-5.7317
G,286296505,-0.001065,-0.001065,-0.007457
A,286296863,7.7428,2.2087,-5.7281
G,286298995,-0.001065,0.000000,-0.003196
A,286299321,7.7357,2.2122,-5.7245
G,286301490,-0.001065,0.002131,0.000000
A,286301793,7.7393,2.2158,-5.7174
G,286303980,-0.001065,0.003196,0.000000
A,286304252,7.7357,2.2266,-5.7174
G,286306475,-0.001065,0.002131,0.000000
TRK,286301,-0.03246,0.83275,0.30959,0.45785,0.9545,3.0311,-0.4053,0.000,0.000,0.000,1,12
A,286306747,7.7357,2.2266,-5.7209
G,286308950,-0.001065,0.001065,-0.001065
A,286309218,7.7321,2.2302,-5.7209
G,286311455,0.000000,0.000000,0.001065
A,286311693,7.7357,2.2302,-5.7174
G,286313951,0.000000,0.000000,-0.001065
A,286314165,7.7357,2.2266,-5.7066
G,286316436,0.000000,0.001065,-0.004261
A,286316621,7.7428,2.2266,-5.6850
G,286318931,-0.001065,0.000000,-0.008522
A,286319093,7.7464,2.2266,-5.6671
TRK,286318,-0.03249,0.83276,0.30958,0.45783,0.9545,3.0311,-0.4053,0.000,0.000,0.000,1,12
G,286321417,-0.001065,0.000000,-0.008522
A,286321551,7.7536,2.2266,-5.6563
G,286323929,-0.001065,0.000000,-0.008522
A,286324036,7.7536,2.2302,-5.6671
G,286326425,0.001065,-0.001065,-0.005326
A,286326507,7.7464,2.2266,-5.6814
G,286328921,0.002131,0.000000,-0.003196
A,286328978,7.7393,2.2266,-5.7030
G,286331438,0.003196,-0.001065,0.000000
A,286331469,7.7357,2.2230,-5.7102
G,286333934,0.002131,0.001065,0.000000
A,286333940,7.7357,2.2194,-5.7102
A,286336402,7.7464,2.2122,-5.7102
G,286336419,0.001065,0.002131,-0.002131
A,286338873,7.7500,2.2194,-5.7102
G,286338915,0.002131,0.003196,-0.002131
A,286341324,7.7572,2.2158,-5.7174
G,286341390,0.003196,0.004261,-0.003196
TRK,286342,-0.03255,0.83278,0.30955,0.45782,0.9545,3.0311,-0.4053,0.000,0.000,0.000,1,12
A,286343818,7.7572,2.2266,-5.7317
G,286343906,0.001065,0.004261,-0.006392
A,286346289,7.7572,2.2338,-5.7317
G,286346401,-0.002131,0.002131,-0.009587
A,286348740,7.7500,2.2338,-5.7425
G,286348874,-0.004261,0.001065,-0.009587
A,286351211,7.7464,2.2338,-5.7353
G,286351370,-0.004261,0.001065,-0.006392
A,286353667,7.7357,2.2374,-5.7317
G,286353847,-0.001065,0.001065,-0.002131
A,286356153,7.7357,2.2338,-5.7281
G,286356354,0.002131,0.003196,0.000000
A,286358625,7.7321,2.2338,-5.7209
G,286358849,0.003196,0.006392,0.002131
A,286361091,7.7285,2.2446,-5.7138
G,286361336,0.002131,0.007457,0.001065
A,286363563,7.7321,2.2410,-5.7030
G,286363832,0.000000,0.006392,0.000000
TRK,286358,-0.03258,0.83279,0.30954,0.45781,0.9545,3.0311,-0.4053,0.000,0.000,0.000,1,12
A,286366031,7.7285,2.2410,-5.6958
G,286366319,-0.001065,0.004261,-0.002131
A,286368503,7.7321,2.2374,-5.6886
G,286368835,-0.002131,0.004261,-0.002131
A,286370951,7.7285,2.2266,-5.6814
G,286371330,0.001065,0.004261,0.000000
A,286373432,7.7285,2.2158,-5.6814
G,286373828,0.002131,0.003196,0.003196
A,286375903,7.7213,2.2051,-5.6814
G,286376324,0.002131,0.001065,0.002131
A,286378365,7.7249,2.2015,-5.6886
G,286378801,0.001065,0.001065,0.001065
A,286380857,7.7249,2.2087,-5.6958
G,286381310,0.001065,0.002131,0.002131
A,286383329,7.7357,2.2194,-5.7066
G,286383805,-0.001065,0.003196,0.004261
A,286385797,7.7428,2.2302,-5.7174
G,286386288,-0.003196,0.004261,0.004261
A,286388268,7.7428,2.2302,-5.7245
TRK,286383,-0.03267,0.83282,0.30950,0.45778,0.9545,3.0311,-0.4053,0.000,0.000,0.000,1,12
G,286388807,-0.002131,0.003196,0.002131
A,286390723,7.7393,2.2302,-5.7245
G,286391302,-0.001065,0.002131,-0.003196
A,286393208,7.7249,2.2194,-5.7174
G,286393800,0.002131,0.000000,-0.006392
A,286395680,7.7177,2.2230,-5.7174
G,286396316,0.004261,0.000000,-0.007457
A,286398134,7.7105,2.2194,-5.7066
G,286398812,0.005326,0.000000,-0.004261
TRK,286399,-0.03269,0.83284,0.30949,0.45774,0.9545,3.0311,-0.4053,0.000,0.000,0.000,1,12
A,286400631,7.7069,2.2158,-5.7138
G,286401320,0.004261,0.002131,-0.001065
A,286403102,7.7069,2.2122,-5.7066
G,286403815,0.004261,0.003196,0.000000
A,286405580,7.7105,2.2051,-5.7174
G,286406303,0.004261,0.004261,0.001065
A,286408051,7.7177,2.2087,-5.7174
G,286408821,0.004261,0.003196,0.001065
A,286410510,7.7285,2.2122,-5.7245
G,286411317,0.004261,0.002131,0.001065
A,286412991,7.7321,2.2158,-5.7281
G,286413805,0.002131,0.001065,0.000000
A,286415462,7.7393,2.2194,-5.7209
G,286416301,0.001065,0.001065,-0.001065
A,286417933,7.7393,2.2266,-5.7066
G,286418779,0.002131,0.001065,0.000000
A,286420404,7.7357,2.2338,-5.6922
TRK,286415,-0.03273,0.83286,0.30948,0.45770,0.9545,3.0311,-0.4053,0.000,0.000,0.000,1,12
G,286421288,0.003196,0.002131,0.001065
A,286422856,7.7357,2.2374,-5.6814
G,286423784,0.005326,0.003196,0.001065
A,286425327,7.7357,2.2446,-5.6814
G,286426287,0.006392,0.006392,-0.001065
A,286427775,7.7393,2.2482,-5.6814
G,286428782,0.006392,0.006392,-0.002131
A,286430260,7.7428,2.2517,-5.6886
G,286431271,0.004261,0.005326,-0.003196
A,286432731,7.7536,2.2517,-5.6958
G,286433788,0.002131,0.003196,-0.003196
A,286435194,7.7572,2.2482,-5.7030
G,286436283,0.000000,0.003196,-0.001065
A,286437690,7.7500,2.2410,-5.7102
G,286438782,0.001065,0.003196,0.000000
A,286440162,7.7536,2.2338,-5.7066
G,286441277,0.002131,0.003196,0.001065
A,286442631,7.7536,2.2230,-5.6994
G,286443749,0.002131,0.002131,0.002131
A,286445102,7.7608,2.2266,-5.6886
G,286446244,0.002131,0.001065,0.001065
TRK,286440,-0.03276,0.83290,0.30947,0.45764,0.9545,3.0311,-0.4053,0.000,0.000,0.000,1,12
A,286447580,7.7608,2.2230,-5.6850
G,286448723,0.002131,0.002131,-0.001065
A,286450052,7.7644,2.2302,-5.6922
G,286451227,0.004261,0.004261,-0.001065
A,286452504,7.7644,2.2446,-5.7066
G,286453722,0.005326,0.006392,0.001065
A,286454994,7.7644,2.2517,-5.7138
G,286456212,0.004261,0.006392,0.002131
A,286457465,7.7680,2.2589,-5.7138
G,286458708,0.005326,0.005326,0.001065
A,286459936,7.7608,2.2589,-5.7102
G,286461178,0.005326,0.003196,-0.001065
A,286462407,7.7572,2.2482,-5.6994
TRK,286457,-0.03278,0.83290,0.30946,0.45764,0.9545,3.0311,-0.4053,0.000,0.000,0.000,1,12
G,286463678,0.006392,0.002131,-0.003196
A,286464859,7.7464,2.2482,-5.6922
G,286466174,0.005326,0.003196,-0.004261
A,286467330,7.7393,2.2446,-5.6886
G,286468675,0.006392,0.004261,-0.003196
A,286469783,7.7393,2.2517,-5.6814
G,286471170,0.004261,0.005326,-0.003196
A,286472268,7.7428,2.2482,-5.6743
G,286473651,0.002131,0.006392,-0.002131
A,286474739,7.7464,2.2517,-5.6707
G,286476152,-0.001065,0.006392,-0.001065
A,286477194,7.7500,2.2446,-5.6707
G,286478673,-0.002131,0.004261,0.000000
A,286479670,7.7500,2.2482,-5.6778
G,286481169,-0.003196,0.002131,0.001065
A,286482141,7.7500,2.2446,-5.6886
G,286483664,-0.002131,0.002131,0.004261
A,286484593,7.7500,2.2482,-5.7030
G,286486160,0.001065,0.001065,0.005326
A,286487081,7.7500,2.2446,-5.7102
G,286488641,0.004261,0.001065,0.002131
A,286489552,7.7464,2.2374,-5.7138
TRK,286489,-0.03279,0.83286,0.30945,0.45773,0.9545,3.0311,-0.4053,0.000,0.000,0.000,1,12
G,286491152,0.005326,0.001065,-0.002131
A,286492021,7.7464,2.2338,-5.7138
G,286493648,0.004261,0.002131,-0.004261
A,286494515,7.7428,2.2194,-5.7138
G,286496133,0.003196,0.003196,-0.004261
A,286496986,7.7357,2.2087,-5.7174
G,286498651,0.002131,0.003196,-0.004261
A,286499463,7.7357,2.2051,-5.7209
G,286501147,0.004261,0.003196,-0.002131
A,286501934,7.7249,2.1943,-5.7174
TRK,286501,-0.03276,0.83283,0.30945,0.45777,0.9545,3.0311,-0.4053,0.000,0.000,0.000,1,12
G,286503648,0.005326,0.004261,0.000000
A,286504396,7.7357,2.2015,-5.7102
G,286506144,0.004261,0.005326,0.001065
A,286506867,7.7393,2.2051,-5.7030
G,286508645,0.002131,0.003196,-0.001065
A,286509330,7.7500,2.2230,-5.6958
G,286511141,0.000000,0.001065,-0.004261
A,286511801,7.7608,2.2338,-5.7030
G,286513642,0.001065,0.000000,-0.003196
A,286514265,7.7608,2.2446,-5.7102
G,286516137,0.002131,0.001065,-0.001065
A,286516736,7.7608,2.2553,-5.7281
G,286518619,0.003196,0.004261,0.002131
A,286519181,7.7572,2.2482,-5.7353
G,286521115,0.002131,0.005326,0.003196
TRK,286520,-0.03271,0.83279,0.30947,0.45784,0.9545,3.0311,-0.4053,0.000,0.000,0.000,1,12
A,286521678,7.7500,2.2446,-5.7389
G,286523596,0.002131,0.005326,0.003196
A,286524149,7.7464,2.2338,-5.7389
G,286526109,0.002131,0.004261,0.003196
A,286526626,7.7285,2.2302,-5.7317
G,286528604,0.002131,0.002131,0.003196
A,286529097,7.7177,2.2230,-5.7174
G,286531091,0.003196,0.002131,0.001065
A,286531550,7.7141,2.2194,-5.7030
G,286533587,0.005326,0.003196,-0.001065
A,286534039,7.7069,2.2158,-5.6850
G,286536060,0.006392,0.004261,-0.003196
A,286536511,7.7177,2.2230,-5.6778
G,286538563,0.004261,0.005326,-0.005326
A,286538980,7.7249,2.2302,-5.6707
G,286541058,0.002131,0.004261,-0.003196
A,286541452,7.7357,2.2446,-5.6778
G,286543541,0.001065,0.003196,0.000000
A,286543903,7.7428,2.2446,-5.6778
G,286546037,0.001065,0.001065,0.001065
A,286546374,7.7500,2.2482,-5.6886
TRK,286540,-0.03274,0.83277,0.30945,0.45790,0.9545,3.0311,-0.4053,0.000,0.000,0.000,1,12
G,286548520,0.002131,0.000000,0.000000
A,286548826,7.7500,2.2410,-5.6886
G,286551034,0.003196,0.000000,0.000000
A,286551310,7.7464,2.2374,-5.6994
G,286553530,0.005326,-0.001065,0.001065
A,286553781,7.7500,2.2302,-5.7030
G,286556016,0.006392,0.000000,0.001065
A,286556238,7.7464,2.2302,-5.7066
G,286558540,0.006392,0.001065,-0.002131
A,286558733,7.7464,2.2302,-5.7102
G,286561035,0.004261,0.002131,-0.004261
A,286561204,7.7393,2.2302,-5.7030
TRK,286557,-0.03273,0.83277,0.30945,0.45790,0.9545,3.0311,-0.4053,0.000,0.000,0.000,1,12
G,286563519,0.001065,0.003196,-0.004261
A,286563660,7.7357,2.2338,-5.6994
G,286566033,-0.002131,0.003196,-0.003196
A,286566147,7.7321,2.2410,-5.6922
G,286568528,-0.002131,0.002131,-0.003196
A,286568618,7.7285,2.2374,-5.6850
G,286571015,-0.003196,0.001065,-0.002131
A,286571079,7.7321,2.2410,-5.6743
G,286573511,-0.004261,0.001065,-0.002131
A,286573577,7.7321,2.2374,-5.6671
G,286575985,-0.003196,0.003196,-0.003196
A,286576049,7.7357,2.2338,-5.6743
G,286578483,-0.003196,0.004261,-0.004261
A,286578522,7.7393,2.2338,-5.6922
G,286580979,-0.002131,0.005326,-0.003196
A,286580993,7.7428,2.2338,-5.7102
TRK,286576,-0.03269,0.83275,0.30947,0.45791,0.9545,3.0311,-0.4053,0.000,0.000,0.000,1,12
A,286583453,7.7464,2.2266,-5.7317
G,286583463,-0.002131,0.004261,0.000000
A,286585941,7.7500,2.2266,-5.7353
G,286585976,-0.002131,0.003196,0.001065
A,286588413,7.7464,2.2194,-5.7281
G,286588471,-0.001065,0.001065,0.001065
A,286590884,7.7572,2.2122,-5.7209
G,286590966,-0.001065,0.000000,0.002131
A,286593376,7.7536,2.2051,-5.7102
G,286593480,0.001065,0.000000,0.003196
A,286595847,7.7644,2.2087,-5.7102
G,286595976,0.004261,0.000000,0.002131
A,286598310,7.7608,2.2158,-5.7102
G,286598460,0.005326,0.001065,0.000000
A,286600781,7.7536,2.2230,-5.7102
G,286600956,0.003196,0.001065,-0.001065
A,286603245,7.7500,2.2266,-5.7138
G,286603441,0.000000,0.004261,0.002131
TRK,286604,-0.03271,0.83277,0.30946,0.45788,0.9545,3.0311,-0.4053,0.000,0.000,0.000,1,12
A,286605740,7.7464,2.2266,-5.6994
G,286605956,-0.002131,0.005326,0.005326
A,286608212,7.7500,2.2230,-5.6886
G,286608452,-0.003196,0.006392,0.007457
A,286610683,7.7572,2.2230,-5.6814
G,286610942,0.000000,0.005326,0.005326
A,286613154,7.7572,2.2266,-5.6778
G,286613438,0.004261,0.005326,0.002131
A,286615628,7.7644,2.2302,-5.6886
G,286615931,0.007457,0.004261,-0.001065
TRK,286616,-0.03274,0.83277,0.30945,0.45790,0.9545,3.0311,-0.4053,0.000,0.000,0.000,1,12
A,286618122,7.7608,2.2302,-5.6958
G,286618443,0.007457,0.001065,-0.004261
A,286620593,7.7536,2.2266,-5.7030
G,286620938,0.004261,-0.001065,-0.005326
A,286623061,7.7464,2.2158,-5.7066
G,286623423,0.000000,-0.002131,-0.006392
A,286625533,7.7357,2.2158,-5.7102
G,286625919,-0.002131,0.000000,-0.005326
A,286628002,7.7321,2.2122,-5.7102
G,286628405,-0.003196,0.003196,-0.004261
A,286630500,7.7357,2.2158,-5.7030
G,286630920,-0.003196,0.006392,-0.004261
A,286632972,7.7393,2.2194,-5.7030
G,286633415,-0.002131,0.006392,-0.004261
A,286635452,7.7393,2.2158,-5.7066
G,286635911,-0.001065,0.005326,-0.005326
A,286637924,7.7393,2.2194,-5.7138
G,286638407,-0.001065,0.002131,-0.004261
A,286640380,7.7321,2.2194,-5.7209
G,286640877,-0.001065,0.000000,-0.003196
A,286642851,7.7285,2.2194,-5.7281
G,286643373,-0.001065,-0.001065,0.000000
TRK,286637,-0.03273,0.83275,0.30944,0.45794,0.9545,3.0311,-0.4053,0.000,0.000,0.000,1,12
A,286645314,7.7213,2.2122,-5.7317
G,286645850,0.000000,0.001065,-0.001065
A,286647807,7.7321,2.2087,-5.7245
G,286648357,0.000000,0.004261,-0.003196
A,286650279,7.7321,2.2015,-5.7245
G,286650852,0.001065,0.004261,-0.005326
A,286652740,7.7464,2.2087,-5.7138
G,286653326,0.000000,0.002131,-0.007457
A,286655225,7.7500,2.2122,-5.7030
G,286655824,0.000000,-0.001065,-0.006392
A,286657696,7.7464,2.2230,-5.6922
G,286658320,-0.002131,-0.004261,-0.006392
TRK,286653,-0.03275,0.83276,0.30943,0.45792,0.9545,3.0311,-0.4053,0.000,0.000,0.000,1,12
A,286660162,7.7393,2.2338,-5.6850
G,286660797,-0.004261,-0.003196,-0.006392
A,286662659,7.7321,2.2410,-5.6778
G,286663306,-0.005326,-0.001065,-0.005326
A,286665130,7.7285,2.2482,-5.6850
G,286665801,-0.004261,0.003196,-0.002131
A,286667604,7.7321,2.2482,-5.6850
G,286668286,-0.002131,0.003196,0.000000
A,286670075,7.7428,2.2446,-5.6922
G,286670804,0.001065,0.002131,-0.002131
A,286672534,7.7464,2.2446,-5.6886
G,286673300,0.004261,0.001065,-0.003196
A,286675023,7.7500,2.2338,-5.6958
G,286675798,0.005326,0.002131,-0.003196
A,286677494,7.7464,2.2338,-5.6922
G,286678294,0.005326,0.003196,-0.001065
A,286679959,7.7428,2.2338,-5.6922
G,286680767,0.003196,0.004261,-0.001065
TRK,286681,-0.03280,0.83278,0.30942,0.45788,0.9545,3.0311,-0.4053,0.000,0.000,0.000,1,12
A,286682460,7.7428,2.2410,-5.6886
G,286683276,0.002131,0.005326,0.001065
A,286684931,7.7321,2.2410,-5.6886
G,286685771,0.002131,0.006392,0.000000
A,286687413,7.7285,2.2446,-5.6850
G,286688260,0.002131,0.005326,-0.002131
A,286689884,7.7213,2.2374,-5.6922
G,286690773,0.001065,0.002131,-0.006392
A,286692340,7.7249,2.2374,-5.6958
G,286693268,0.000000,0.000000,-0.006392
A,286694833,7.7249,2.2338,-5.7030
G,286695767,0.002131,0.000000,-0.005326
A,286697304,7.7321,2.2338,-5.7066
G,286698285,0.004261,0.002131,-0.001065
A,286699767,7.7357,2.2374,-5.7030
G,286700780,0.005326,0.004261,0.001065
A,286702238,7.7464,2.2410,-5.6958
TRK,286696,-0.03286,0.83278,0.30939,0.45790,0.9545,3.0311,-0.4053,0.000,0.000,0.000,1,12
G,286703289,0.003196,0.004261,0.000000
A,286704693,7.7572,2.2446,-5.6922
G,286705785,0.000000,0.001065,-0.004261
A,286707165,7.7644,2.2517,-5.6886
G,286708293,-0.001065,-0.002131,-0.007457
A,286709621,7.7680,2.2482,-5.6958
G,286710789,0.000000,-0.003196,-0.007457
A,286712093,7.7608,2.2482,-5.6994
G,286713297,0.001065,-0.003196,-0.006392
A,286714551,7.7500,2.2446,-5.7030
G,286715793,0.000000,0.000000,-0.004261
A,286717037,7.7393,2.2374,-5.6994
G,286718279,-0.002131,0.001065,-0.006392
A,286719536,7.7285,2.2302,-5.6958
G,286720777,-0.001065,0.004261,-0.009587
A,286722008,7.7213,2.2302,-5.6814
TRK,286718,-0.03278,0.83278,0.30943,0.45788,0.9545,3.0311,-0.4053,0.000,0.000,0.000,1,12
G,286723286,-0.001065,0.004261,-0.010653
A,286724467,7.7213,2.2266,-5.6778
G,286725781,0.000000,0.005326,-0.009587
A,286726958,7.7249,2.2302,-5.6707
G,286728270,0.001065,0.005326,-0.006392
A,286729429,7.7285,2.2302,-5.6707
G,286730765,0.001065,0.005326,-0.004261
A,286731901,7.7357,2.2266,-5.6743
G,286733255,0.000000,0.006392,-0.001065
A,286734343,7.7321,2.2266,-5.6743
G,286735750,0.000000,0.007457,0.002131
A,286736825,7.7249,2.2230,-5.6850
G,286738229,0.000000,0.006392,0.003196
A,286739297,7.7249,2.2230,-5.6886
TRK,286739,-0.03277,0.83275,0.30943,0.45795,0.9545,3.0311,-0.4053,0.000,0.000,0.000,1,12
G,286740748,0.002131,0.003196,0.001065
A,286741771,7.7249,2.2230,-5.6994
G,286743244,0.002131,0.000000,-0.003196
A,286744242,7.7321,2.2230,-5.6958
G,286745737,0.001065,-0.002131,-0.006392
A,286746691,7.7393,2.2302,-5.6994
G,286748232,0.000000,-0.003196,-0.008522
A,286749177,7.7393,2.2374,-5.6958
G,286750712,0.000000,-0.003196,-0.007457
A,286751649,7.7393,2.2482,-5.6922
G,286753231,0.001065,0.000000,-0.005326
A,286754126,7.7428,2.2553,-5.6958
G,286755727,0.003196,0.002131,-0.003196
A,286756624,7.7464,2.2661,-5.6958
G,286758216,0.005326,0.003196,-0.002131
A,286759096,7.7500,2.2697,-5.6994
G,286760731,0.006392,0.004261,0.000000
A,286761569,7.7536,2.2661,-5.7102
G,286763227,0.006392,0.006392,0.003196
A,286764041,7.7536,2.2589,-5.7174
TRK,286759,-0.03270,0.83272,0.30945,0.45798,0.9545,3.0311,-0.4053,0.000,0.000,0.000,1,12
G,286765726,0.005326,0.008522,0.006392
A,286766500,7.7464,2.2482,-5.7317
G,286768222,0.003196,0.009587,0.007457
A,286768991,7.7464,2.2374,-5.7389
G,286770701,0.003196,0.008522,0.004261
A,286771462,7.7428,2.2266,-5.7425
G,286773211,0.002131,0.006392,0.001065
A,286773933,7.7500,2.2158,-5.7425
G,286775707,0.003196,0.004261,0.000000
A,286776405,7.7500,2.2051,-5.7281
G,286778197,0.003196,0.003196,0.001065
A,286778858,7.7572,2.2015,-5.7209
TRK,286775,-0.03269,0.83269,0.30945,0.45804,0.9545,3.0311,-0.4053,0.000,0.000,0.000,1,12
G,286780717,0.002131,0.002131,-0.002131
A,286781341,7.7536,2.2087,-5.7066
G,286783213,0.000000,0.002131,-0.006392
A,286783813,7.7500,2.2158,-5.6922
G,286785700,-0.001065,0.001065,-0.010653
A,286786265,7.7428,2.2266,-5.6886
G,286788196,-0.001065,0.002131,-0.010653
A,286788736,7.7428,2.2482,-5.6922
G,286790673,-0.001065,0.002131,-0.009587
A,286791179,7.7393,2.2517,-5.6922
G,286793183,0.000000,0.002131,-0.007457
A,286793656,7.7393,2.2625,-5.6958
G,286795679,0.000000,0.003196,-0.005326
A,286796143,7.7393,2.2661,-5.7030
G,286798149,-0.001065,0.004261,-0.006392
A,286798615,7.7357,2.2661,-5.7030
G,286800645,-0.002131,0.005326,-0.007457
A,286801103,7.7285,2.2625,-5.7066
G,286803116,-0.001065,0.004261,-0.008522
A,286803574,7.7321,2.2589,-5.7138
TRK,286803,-0.03259,0.83267,0.30950,0.45806,0.9545,3.0311,-0.4053,0.000,0.000,0.000,1,12
G,286805618,0.001065,0.003196,-0.007457
A,286806043,7.7357,2.2553,-5.7102
G,286808113,0.002131,0.003196,-0.005326
A,286808515,7.7464,2.2446,-5.7102
G,286810595,0.002131,0.004261,-0.003196
A,286810965,7.7536,2.2410,-5.7102
G,286813103,0.002131,0.004261,-0.002131
A,286813442,7.7644,2.2374,-5.6994
G,286815598,0.002131,0.003196,0.000000
A,286815914,7.7608,2.2302,-5.6958
G,286818090,0.003196,0.001065,0.002131
A,286818375,7.7608,2.2266,-5.6850
G,286820585,0.005326,0.001065,0.005326
TRK,286815,-0.03256,0.83266,0.30951,0.45806,0.9545,3.0311,-0.4053,0.000,0.000,0.000,1,12
A,286820868,7.7500,2.2266,-5.6850
G,286823058,0.005326,0.001065,0.004261
A,286823339,7.7464,2.2302,-5.6850
G,286825554,0.004261,0.003196,0.002131
A,286825807,7.7357,2.2302,-5.6922
G,286828050,0.003196,0.004261,-0.002131
A,286828279,7.7321,2.2266,-5.7030
G,286830533,0.001065,0.004261,-0.004261
A,286830733,7.7321,2.2194,-5.7138
G,286833039,0.000000,0.002131,-0.005326
A,286833211,7.7357,2.2194,-5.7174
G,286835534,0.000000,0.002131,-0.005326
A,286835683,7.7357,2.2158,-5.7245
G,286838007,0.001065,0.003196,-0.006392
A,286838130,7.7393,2.2230,-5.7281
G,286840505,0.003196,0.004261,-0.004261
A,286840601,7.7357,2.2302,-5.7317
G,286843000,0.004261,0.004261,-0.004261
A,286843073,7.7321,2.2410,-5.7353
TRK,286838,-0.03254,0.83267,0.30952,0.45804,0.9545,3.0311,-0.4053,0.000,0.000,0.000,1,12
G,286845484,0.006392,0.001065,-0.003196
A,286845531,7.7357,2.2446,-5.7317
G,286847998,0.006392,-0.001065,-0.006392
A,286848021,7.7393,2.2517,-5.7174
A,286850493,7.7536,2.2482,-5.7030
G,286850494,0.006392,-0.001065,-0.008522
A,286852963,7.7572,2.2338,-5.6922
G,286852988,0.005326,0.002131,-0.007457
A,286855435,7.7572,2.2158,-5.6886
G,286855484,0.003196,0.004261,-0.006392
A,286857903,7.7500,2.2051,-5.6886
G,286857974,0.003196,0.005326,-0.004261
A,286860375,7.7393,2.1979,-5.6886
G,286860470,0.002131,0.004261,-0.005326
TRK,286855,-0.03251,0.83269,0.30955,0.45799,0.9545,3.0311,-0.4053,0.000,0.000,0.000,1,12
A,286862827,7.7357,2.1943,-5.6922
G,286862944,0.002131,0.002131,-0.004261
A,286865299,7.7321,2.1943,-5.6958
G,286865440,0.000000,-0.001065,-0.005326
A,286867753,7.7357,2.1979,-5.7030
G,286867915,0.000000,-0.002131,-0.006392
A,286870233,7.7357,2.2051,-5.7102
G,286870415,0.000000,-0.002131,-0.007457
A,286872705,7.7393,2.2158,-5.7102
G,286872911,0.003196,0.000000,-0.005326
A,286875171,7.7428,2.2230,-5.7138
G,286875396,0.005326,0.002131,-0.004261
A,286877665,7.7464,2.2302,-5.7138
G,286877910,0.004261,0.004261,0.000000
A,286880137,7.7464,2.2266,-5.7138
G,286880405,0.002131,0.006392,0.002131
TRK,286876,-0.03252,0.83271,0.30955,0.45794,0.9545,3.0311,-0.4053,0.000,0.000,0.000,1,12
A,286882614,7.7428,2.2194,-5.7174
G,286882901,-0.001065,0.007457,0.002131
A,286885110,7.7428,2.2122,-5.7245
G,286885415,-0.001065,0.008522,0.001065
A,286887582,7.7393,2.2087,-5.7281
G,286887910,0.000000,0.008522,0.001065
A,286890052,7.7428,2.2158,-5.7245
G,286890397,-0.001065,0.007457,0.001065
A,286892551,7.7428,2.2338,-5.7174
G,286892913,-0.001065,0.004261,-0.002131
A,286895023,7.7464,2.2517,-5.7066
G,286895409,-0.001065,0.001065,-0.005326
A,286897503,7.7428,2.2589,-5.7066
G,286897905,0.001065,0.000000,-0.005326
A,286899974,7.7357,2.2625,-5.7102
G,286900422,0.002131,0.001065,-0.003196
A,286902426,7.7285,2.2553,-5.7281
G,286902917,0.001065,0.002131,0.000000
TRK,286898,-0.03262,0.83273,0.30950,0.45793,0.9545,3.0311,-0.4053,0.000,0.000,0.000,1,12
A,286904918,7.7213,2.2410,-5.7353
G,286905423,0.000000,0.001065,0.000000
A,286907390,7.7213,2.2410,-5.7389
G,286907918,0.002131,0.000000,0.000000
A,286909860,7.7249,2.2446,-5.7281
G,286910402,0.003196,0.000000,-0.002131
A,286912332,7.7213,2.2517,-5.7174
G,286912918,0.004261,0.001065,-0.004261
A,286914785,7.7249,2.2553,-5.7066
G,286915413,0.003196,0.000000,-0.006392
A,286917270,7.7213,2.2553,-5.7030
G,286917909,0.003196,0.002131,-0.005326
A,286919742,7.7213,2.2446,-5.7030
G,286920405,0.003196,0.003196,-0.005326
A,286922207,7.7213,2.2482,-5.7030
G,286922880,0.003196,0.005326,-0.003196
TRK,286915,-0.03261,0.83277,0.30952,0.45786,0.9545,3.0311,-0.4053,0.000,0.000,0.000,1,12
STAT,404.3,400.8,0,0,44713,0.0260,1.944,0.4747,0.8360,1.7463,9.8713,0.53,0.105
A,286924703,7.7177,2.2482,-5.7030
G,286925387,0.004261,0.004261,-0.003196
A,286927175,7.7177,2.2517,-5.7066
G,286927882,0.003196,0.002131,-0.002131
A,286929652,7.7213,2.2517,-5.7102
G,286930369,0.001065,-0.001065,-0.002131
A,286932124,7.7285,2.2553,-5.7102
G,286932886,-0.001065,-0.002131,-0.001065
A,286934582,7.7321,2.2446,-5.7138
G,286935381,-0.001065,0.000000,0.000000
A,286937071,7.7393,2.2446,-5.7174
G,286937878,0.000000,0.001065,-0.002131
A,286939543,7.7428,2.2374,-5.7138
G,286940373,0.001065,0.001065,-0.004261
TRK,286935,-0.03260,0.83281,0.30954,0.45777,0.9545,3.0311,-0.4053,0.000,0.000,0.000,1,12
A,286942012,7.7536,2.2374,-5.7066
G,286942850,0.002131,0.001065,-0.004261
A,286944484,7.7608,2.2410,-5.6994
G,286945357,0.003196,0.002131,-0.001065
A,286946934,7.7680,2.2446,-5.6886
G,286947852,0.003196,0.003196,0.000000
A,286949410,7.7680,2.2410,-5.6886
G,286950334,0.002131,0.005326,0.001065
A,286951882,7.7608,2.2410,-5.6958
G,286952851,-0.001065,0.004261,-0.001065
A,286954345,7.7536,2.2410,-5.7030
G,286955347,-0.003196,0.002131,0.000000
A,286956838,7.7428,2.2338,-5.7066
G,286957844,-0.003196,0.001065,-0.001065
A,286959310,7.7393,2.2302,-5.7102
G,286960339,-0.003196,-0.001065,-0.001065
A,286961779,7.7285,2.2302,-5.7066
G,286962812,-0.002131,-0.001065,-0.004261
A,286964251,7.7357,2.2302,-5.7030
G,286965307,-0.003196,0.000000,-0.006392
TRK,286959,-0.03256,0.83283,0.30956,0.45771,0.9545,3.0311,-0.4053,0.000,0.000,0.000,1,12
A,286966726,7.7393,2.2374,-5.7030
G,286967785,-0.002131,0.003196,-0.006392
A,286969198,7.7428,2.2446,-5.7030
G,286970293,-0.002131,0.005326,-0.004261
A,286971654,7.7393,2.2482,-5.7030
G,286972789,-0.003196,0.006392,-0.002131
A,286974126,7.7393,2.2374,-5.7102
G,286975297,-0.003196,0.007457,-0.002131
A,286976584,7.7321,2.2302,-5.7102
G,286977793,-0.002131,0.007457,-0.004261
A,286979056,7.7321,2.2158,-5.7138
G,286980301,0.001065,0.006392,-0.005326
A,286981515,7.7321,2.2194,-5.7174
G,286982797,0.004261,0.006392,-0.002131
A,286983995,7.7285,2.2266,-5.7209
G,286985274,0.004261,0.007457,0.002131
A,286986467,7.7249,2.2374,-5.7138
TRK,286986,-0.03250,0.83282,0.30959,0.45772,0.9545,3.0311,-0.4053,0.000,0.000,0.000,1,12
G,286987793,0.002131,0.006392,0.004261
A,286988938,7.7249,2.2482,-5.7066
G,286990288,0.000000,0.003196,0.002131
A,286991409,7.7285,2.2517,-5.6994
G,286992782,0.000000,0.000000,-0.002131
A,286993857,7.7285,2.2553,-5.6886
G,286995277,0.001065,0.000000,-0.006392
A,286996347,7.7357,2.2482,-5.6850
G,286997763,0.002131,0.002131,-0.007457
A,286998819,7.7428,2.2410,-5.6778
G,287000259,0.002131,0.003196,-0.006392
TRK,286994,-0.03244,0.83282,0.30962,0.45770,0.9545,3.0311,-0.4053,0.000,0.000,0.000,1,12
A,287001303,7.7464,2.2338,-5.6778
G,287002738,0.002131,0.002131,-0.003196
A,287003775,7.7500,2.2302,-5.6814
G,287005247,0.001065,-0.003196,-0.001065
A,287006239,7.7428,2.2302,-5.6814
G,287007742,0.000000,-0.006392,-0.001065
A,287008711,7.7357,2.2374,-5.6886
G,287010231,-0.001065,-0.006392,-0.001065
A,287011157,7.7285,2.2374,-5.6886
G,287012745,-0.001065,-0.003196,-0.002131
A,287013629,7.7213,2.2446,-5.6958
G,287015241,0.000000,0.001065,-0.004261
A,287016100,7.7177,2.2517,-5.6994
G,287017740,-0.001065,0.002131,-0.006392
A,287018559,7.7249,2.2589,-5.7066
G,287020235,-0.002131,0.002131,-0.005326
A,287021048,7.7321,2.2589,-5.7102
G,287022714,-0.002131,0.001065,-0.003196
A,287023520,7.7393,2.2517,-5.7138
G,287025215,-0.001065,0.002131,0.001065
A,287025981,7.7428,2.2410,-5.7066
G,287027711,0.002131,0.004261,0.002131
A,287028452,7.7464,2.2230,-5.7030
TRK,287022,-0.03237,0.83280,0.30965,0.45772,0.9545,3.0311,-0.4053,0.000,0.000,0.000,1,12
G,287030201,0.002131,0.003196,0.002131
A,287030904,7.7428,2.2087,-5.6994
G,287032696,0.002131,0.001065,-0.001065
A,287033386,7.7393,2.1979,-5.7066
G,287035166,0.000000,-0.002131,-0.002131
A,287035857,7.7357,2.1943,-5.7102
G,287037662,0.000000,-0.001065,-0.003196
A,287038341,7.7357,2.2051,-5.7138
G,287040133,-0.001065,0.002131,-0.001065
A,287040813,7.7393,2.2158,-5.7138
TRK,287036,-0.03234,0.83279,0.30967,0.45774,0.9545,3.0311,-0.4053,0.000,0.000,0.000,1,12
G,287042654,-0.001065,0.007457,0.001065
A,287043297,7.7464,2.2374,-5.7102
G,287045150,-0.001065,0.010653,0.001065
A,287045768,7.7500,2.2446,-5.7066
G,287047650,-0.001065,0.009587,0.000000
A,287048233,7.7536,2.2482,-5.7030
G,287050146,-0.001065,0.006392,0.001065
A,287050705,7.7572,2.2482,-5.7030
G,287052627,-0.001065,0.004261,0.002131
A,287053152,7.7500,2.2482,-5.7138
G,287055123,0.000000,0.003196,0.001065
A,287055649,7.7428,2.2446,-5.7209
G,287057604,0.003196,0.002131,-0.001065
A,287058121,7.7285,2.2338,-5.7317
G,287060114,0.004261,0.001065,-0.001065
A,287060596,7.7177,2.2266,-5.7317
G,287062609,0.003196,0.001065,-0.002131
A,287063068,7.7033,2.2122,-5.7317
TRK,287058,-0.03241,0.83277,0.30962,0.45780,0.9545,3.0311,-0.4053,0.000,0.000,0.000,1,12
G,287065101,0.000000,0.001065,-0.003196
A,287065526,7.7069,2.2087,-5.7209
G,287067596,-0.003196,0.000000,-0.006392
A,287068014,7.7069,2.2051,-5.7066
G,287070066,-0.004261,-0.001065,-0.007457
A,287070486,7.7141,2.2087,-5.6850
G,287072569,-0.004261,-0.001065,-0.007457
A,287072957,7.7213,2.2051,-5.6707
G,287075065,-0.002131,0.000000,-0.005326
A,287075429,7.7285,2.2087,-5.6671
G,287077548,-0.001065,0.002131,-0.003196
A,287077880,7.7321,2.2122,-5.6707
G,287080061,0.001065,0.003196,-0.001065
A,287080363,7.7357,2.2194,-5.6743
G,287082556,0.002131,0.006392,-0.002131
A,287082835,7.7464,2.2266,-5.6850
G,287085049,0.001065,0.007457,-0.003196
A,287085298,7.7572,2.2302,-5.6814
TRK,287086,-0.03242,0.83278,0.30962,0.45778,0.9545,3.0311,-0.4053,0.000,0.000,0.000,1,12
G,287087572,0.001065,0.008522,-0.002131
A,287087792,7.7716,2.2338,-5.6814
G,287090068,0.002131,0.006392,0.001065
A,287090264,7.7788,2.2374,-5.6814
G,287092546,0.003196,0.004261,0.003196
A,287092715,7.7788,2.2410,-5.6850
G,287095059,0.004261,0.001065,0.003196
A,287095201,7.7716,2.2374,-5.6922
G,287097555,0.005326,0.000000,0.002131
A,287097673,7.7608,2.2374,-5.6994
TRK,287093,-0.03245,0.83277,0.30960,0.45780,0.9545,3.0311,-0.4053,0.000,0.000,0.000,1,12
G,287100048,0.004261,0.000000,0.000000
A,287100140,7.7536,2.2338,-5.7030
G,287102543,0.002131,0.001065,0.000000
A,287102612,7.7428,2.2302,-5.7030
G,287105037,0.000000,0.002131,-0.002131
A,287105080,7.7464,2.2266,-5.6994
G,287107553,-0.003196,0.002131,-0.003196
A,287107571,7.7464,2.2230,-5.6958
A,287110043,7.7500,2.2230,-5.6958
G,287110048,-0.003196,0.001065,-0.005326
A,287112523,7.7572,2.2230,-5.6994
G,287112551,-0.002131,-0.001065,-0.003196
A,287114994,7.7572,2.2266,-5.7066
G,287115047,0.001065,-0.001065,-0.002131
A,287117448,7.7572,2.2338,-5.7102
G,287117523,0.003196,0.000000,0.000000
TRK,287118,-0.03253,0.83278,0.30956,0.45781,0.9545,3.0311,-0.4053,0.000,0.000,0.000,1,12
A,287119939,7.7500,2.2374,-5.7138
G,287120037,0.004261,0.002131,0.001065
A,287122411,7.7428,2.2338,-5.7174
G,287122532,0.003196,0.004261,0.002131
A,287124873,7.7285,2.2266,-5.7174
G,287125015,0.002131,0.003196,0.003196
A,287127345,7.7249,2.2158,-5.7102
G,287127511,0.000000,0.003196,0.002131
A,287129798,7.7249,2.2122,-5.7066
G,287129985,0.000000,0.005326,0.002131
A,287132283,7.7285,2.2122,-5.6958
G,287132489,0.002131,0.006392,0.003196
A,287134755,7.7357,2.2158,-5.6922
G,287134985,0.005326,0.007457,0.004261
A,287137220,7.7357,2.2122,-5.6958
G,287137469,0.006392,0.008522,0.002131
A,287139714,7.7393,2.2158,-5.6994
G,287139982,0.006392,0.008522,-0.001065
A,287142186,7.7393,2.2158,-5.6958
G,287142478,0.005326,0.006392,-0.003196
TRK,287138,-0.03264,0.83278,0.30950,0.45784,0.9545,3.0311,-0.4053,0.000,0.000,0.000,1,12
A,287144663,7.7464,2.2158,-5.6994
G,287144972,0.003196,0.003196,-0.005326
A,287147158,7.7500,2.2230,-5.6922
G,287147485,0.002131,0.002131,-0.004261
A,287149629,7.7536,2.2302,-5.7030
G,287149980,0.000000,0.001065,-0.005326
A,287152109,7.7536,2.2338,-5.7174
G,287152476,-0.001065,0.000000,-0.003196
A,287154581,7.7536,2.2374,-5.7317
G,287154972,0.000000,0.000000,-0.002131
A,287157049,7.7500,2.2338,-5.7425
G,287157456,0.000000,0.000000,-0.001065
A,287159521,7.7464,2.2266,-5.7461
G,287159972,0.000000,-0.001065,-0.001065
A,287161971,7.7464,2.2302,-5.7353
G,287162467,0.000000,-0.001065,-0.002131
A,287164442,7.7464,2.2338,-5.7138
G,287164951,0.001065,0.000000,0.000000
TRK,287161,-0.03270,0.83278,0.30947,0.45786,0.9545,3.0311,-0.4053,0.000,0.000,0.000,1,12
A,287166933,7.7428,2.2410,-5.6958
G,287167456,0.001065,0.001065,0.001065
A,287169405,7.7428,2.2446,-5.6814
G,287169952,0.001065,0.002131,0.003196
A,287171877,7.7393,2.2482,-5.6743
G,287172437,0.001065,0.003196,0.002131
A,287174349,7.7393,2.2446,-5.6778
G,287174948,0.001065,0.005326,-0.001065
A,287176798,7.7393,2.2374,-5.6814
G,287177443,0.002131,0.006392,-0.003196
TRK,287177,-0.03275,0.83277,0.30944,0.45789,0.9545,3.0311,-0.4053,0.000,0.000,0.000,1,12
A,287179282,7.7464,2.2374,-5.6850
G,287179938,0.002131,0.006392,-0.002131
A,287181754,7.7572,2.2302,-5.6886
G,287182434,0.003196,0.006392,-0.001065
A,287184219,7.7680,2.2302,-5.6814
G,287184909,0.003196,0.005326,-0.001065
A,287186691,7.7788,2.2266,-5.6778
G,287187415,0.002131,0.005326,-0.001065
A,287189137,7.7859,2.2230,-5.6850
G,287189911,0.004261,0.004261,-0.001065
A,287191615,7.7752,2.2194,-5.6850
G,287192397,0.005326,0.004261,0.001065
A,287194087,7.7680,2.2194,-5.6994
G,287194913,0.004261,0.004261,0.003196
A,287196546,7.7536,2.2230,-5.7030
G,287197408,0.002131,0.004261,0.004261
A,287199035,7.7500,2.2266,-5.6994
G,287199904,0.000000,0.003196,0.006392
A,287201507,7.7464,2.2302,-5.6994
G,287202417,0.002131,0.004261,0.006392
A,287203963,7.7500,2.2266,-5.6958
G,287204912,0.004261,0.004261,0.006392
TRK,287204,-0.03283,0.83275,0.30939,0.45795,0.9545,3.0311,-0.4053,0.000,0.000,0.000,1,12
A,287206444,7.7464,2.2230,-5.6922
G,287207398,0.005326,0.005326,0.004261
A,287208916,7.7464,2.2122,-5.6958
G,287209907,0.005326,0.002131,0.001065
A,287211371,7.7464,2.2122,-5.7030
G,287212403,0.004261,-0.001065,-0.004261
A,287213843,7.7428,2.2122,-5.7066
G,287214909,0.001065,-0.002131,-0.007457
A,287216297,7.7464,2.2158,-5.7102
G,287217404,-0.003196,-0.002131,-0.006392
TRK,287217,-0.03284,0.83276,0.30939,0.45795,0.9545,3.0311,-0.4053,0.000,0.000,0.000,1,12
A,287218791,7.7536,2.2194,-5.7066
G,287219900,-0.007457,-0.001065,-0.003196
A,287221263,7.7536,2.2194,-5.7030
G,287222396,-0.008522,0.000000,-0.002131
A,287223738,7.7536,2.2230,-5.7066
G,287224872,-0.005326,0.002131,-0.005326
A,287226210,7.7464,2.2266,-5.7102
G,287227367,-0.002131,0.004261,-0.006392
A,287228686,7.7393,2.2266,-5.7138
G,287229844,0.000000,0.007457,-0.004261
A,287231158,7.7285,2.2230,-5.7174
G,287232351,-0.001065,0.010653,-0.002131
A,287233615,7.7249,2.2158,-5.7174
G,287234847,-0.003196,0.012783,0.000000
A,287236103,7.7249,2.2051,-5.7102
G,287237334,-0.005326,0.014914,0.000000
A,287238575,7.7357,2.1979,-5.7030
G,287239848,-0.005326,0.014914,0.001065
A,287241041,7.7464,2.1979,-5.6922
G,287242344,0.000000,0.012783,0.000000
A,287243512,7.7572,2.2122,-5.6814
TRK,287238,-0.03289,0.83272,0.30935,0.45803,0.9545,3.0311,-0.4053,0.000,0.000,0.000,1,12
G,287244841,0.003196,0.008522,-0.002131
A,287245962,7.7644,2.2230,-5.6778
G,287247337,0.004261,0.003196,-0.006392
A,287248443,7.7644,2.2374,-5.6778
G,287249814,0.000000,-0.002131,-0.008522
A,287250915,7.7608,2.2482,-5.6850
G,287252322,-0.006392,-0.006392,-0.008522
A,287253377,7.7500,2.2446,-5.6886
G,287254817,-0.011718,-0.008522,-0.007457
A,287255849,7.7393,2.2410,-5.6922
G,287257325,-0.011718,-0.010653,-0.004261
A,287258312,7.7321,2.2302,-5.6922
G,287259820,-0.010653,-0.009587,-0.002131
A,287260804,7.7321,2.2230,-5.6922
G,287262306,-0.006392,-0.009587,-0.001065
A,287263276,7.7393,2.2230,-5.6958
TRK,287263,-0.03288,0.83271,0.30936,0.45805,0.9545,3.0311,-0.4053,0.000,0.000,0.000,1,12
G,287264824,-0.004261,-0.007457,-0.001065
A,287265751,7.7500,2.2230,-5.7030
G,287267319,-0.004261,-0.006392,-0.002131
A,287268223,7.7500,2.2266,-5.7174
G,287269809,-0.006392,-0.005326,-0.003196
A,287270671,7.7393,2.2266,-5.7317
G,287272305,-0.010653,-0.003196,-0.004261
A,287273160,7.7213,2.2302,-5.7389
G,287274785,-0.017044,0.001065,-0.002131
A,287275631,7.7033,2.2338,-5.7245
G,287277280,-0.026632,0.004261,0.002131
A,287278119,7.6890,2.2374,-5.6850
G,287279758,-0.037284,0.004261,0.009587
A,287280591,7.6962,2.2338,-5.6168
G,287282262,-0.038350,0.001065,0.019175
A,287283053,7.7249,2.2266,-5.5593
G,287284757,-0.021305,-0.002131,0.022371
A,287285546,7.7572,2.2230,-5.5378
G,287287239,0.013848,-0.005326,0.014914
A,287288018,7.7859,2.2194,-5.5809
TRK,287284,-0.03283,0.83269,0.30938,0.45808,0.9545,3.0311,-0.4053,0.000,0.000,0.000,1,12
G,287289739,0.045806,-0.009587,-0.001065
A,287290478,7.7967,2.2302,-5.6707
G,287292234,0.053263,-0.017044,-0.015979
A,287292969,7.7931,2.2374,-5.7569
G,287294713,0.028762,-0.025566,-0.021305
A,287295440,7.7752,2.2410,-5.8000
G,287297215,-0.007457,-0.033023,-0.019175
A,287297904,7.7536,2.2410,-5.7856
G,287299711,-0.036219,-0.035154,-0.015979
A,287300375,7.7285,2.2374,-5.7353
TRK,287299,-0.03287,0.83275,0.30937,0.45796,0.9545,3.0311,-0.4053,0.000,0.000,0.000,1,12
G,287302200,-0.039415,-0.030893,-0.014914
A,287302828,7.7177,2.2338,-5.6958
G,287304713,-0.020240,-0.023436,-0.010653
A,287305305,7.7285,2.2338,-5.6850
G,287307209,0.009587,-0.012783,-0.004261
A,287307777,7.7500,2.2338,-5.7102
G,287309702,0.037284,-0.003196,0.003196
A,287310235,7.7680,2.2230,-5.7604
G,287312198,0.046872,0.001065,0.006392
A,287312731,7.7752,2.2194,-5.8143
G,287314678,0.038350,0.002131,0.009587
A,287315203,7.7680,2.2122,-5.8430
G,287317177,0.015979,0.003196,0.007457
A,287317668,7.7680,2.2051,-5.8430
G,287319673,-0.006392,0.005326,0.001065
A,287320139,7.7716,2.2158,-5.8107
TRK,287314,-0.03290,0.83280,0.30937,0.45788,0.9545,3.0311,-0.4053,0.000,0.000,0.000,1,12
G,287322163,-0.018109,0.007457,-0.009587
A,287322597,7.7824,2.2266,-5.7892
G,287324659,-0.018109,0.008522,-0.017044
A,287325084,7.7824,2.2338,-5.7640
G,287327128,-0.011718,0.008522,-0.019175
A,287327556,7.7716,2.2446,-5.7497
G,287329630,-0.005326,0.008522,-0.014914
A,287330025,7.7536,2.2446,-5.7425
G,287332125,-0.001065,0.008522,-0.007457
A,287332497,7.7321,2.2446,-5.7353
G,287334607,0.003196,0.011718,-0.003196
A,287334947,7.7177,2.2446,-5.7353
G,287337102,0.004261,0.018109,-0.001065
A,287337419,7.7213,2.2374,-5.7281
G,287339585,0.001065,0.023436,-0.001065
A,287339871,7.7393,2.2302,-5.7174
G,287342097,-0.003196,0.028762,0.001065
A,287342354,7.7644,2.2302,-5.6958
G,287344592,-0.007457,0.030893,0.001065
A,287344826,7.7824,2.2302,-5.6707
G,287347076,-0.008522,0.027697,0.001065
A,287347281,7.7824,2.2410,-5.6491
TRK,287344,-0.03287,0.83275,0.30937,0.45797,0.9545,3.0311,-0.4053,0.000,0.000,0.000,1,12
G,287349579,-0.008522,0.020240,-0.002131
A,287349756,7.7644,2.2482,-5.6455
G,287352074,-0.007457,0.011718,-0.004261
A,287352228,7.7393,2.2589,-5.6491
G,287354557,-0.006392,0.005326,-0.008522
A,287354683,7.7141,2.2625,-5.6563
G,287357059,-0.005326,0.003196,-0.008522
A,287357159,7.6998,2.2661,-5.6707
G,287359555,-0.008522,0.004261,-0.005326
A,287359631,7.7033,2.2697,-5.6635
TRK,287354,-0.03285,0.83273,0.30938,0.45800,0.9545,3.0311,-0.4053,0.000,0.000,0.000,1,12
G,287362047,-0.009587,0.004261,0.000000
A,287362099,7.7141,2.2697,-5.6491
G,287364563,-0.007457,0.004261,0.006392
A,287364589,7.7249,2.2661,-5.6312
G,287367058,0.002131,0.005326,0.011718
A,287367061,7.7321,2.2589,-5.6168
A,287369540,7.7393,2.2482,-5.6312
G,287369561,0.014914,0.005326,0.014914
A,287372012,7.7393,2.2374,-5.6527
G,287372056,0.025566,0.004261,0.015979
A,287374472,7.7428,2.2302,-5.6814
G,287374539,0.026632,0.000000,0.013848
A,287376963,7.7464,2.2230,-5.6958
G,287377053,0.018109,-0.004261,0.010653
A,287379435,7.7428,2.2194,-5.6958
G,287379548,0.004261,-0.007457,0.008522
A,287381894,7.7428,2.2194,-5.6850
G,287382029,-0.006392,-0.011718,0.007457
A,287384365,7.7357,2.2230,-5.6743
TRK,287383,-0.03289,0.83276,0.30936,0.45797,0.9545,3.0311,-0.4053,0.000,0.000,0.000,1,12
G,287384552,-0.007457,-0.013848,0.006392
A,287386818,7.7357,2.2230,-5.6814
G,287387048,0.000000,-0.015979,0.004261
A,287389302,7.7357,2.2230,-5.6994
G,287389551,0.012783,-0.012783,0.004261
A,287391774,7.7285,2.2194,-5.7317
G,287392046,0.023436,-0.010653,0.004261
A,287394239,7.7321,2.2230,-5.7640
G,287394529,0.025566,-0.008522,0.006392
A,287396735,7.7249,2.2158,-5.7820
G,287397043,0.020240,-0.006392,0.008522
A,287399206,7.7285,2.2194,-5.7892
G,287399539,0.010653,-0.005326,0.007457
TRK,287395,-0.03286,0.83281,0.30939,0.45784,0.9545,3.0311,-0.4053,0.000,0.000,0.000,1,12
A,287401683,7.7285,2.2087,-5.7820
G,287402032,0.004261,-0.005326,0.004261
A,287404155,7.7285,2.2015,-5.7784
G,287404527,0.001065,-0.005326,0.000000
A,287406610,7.7321,2.1871,-5.7712
G,287406999,0.001065,-0.005326,-0.001065
A,287409098,7.7321,2.1799,-5.7676
G,287409504,0.001065,-0.005326,-0.002131
A,287411570,7.7321,2.1799,-5.7748
G,287411999,0.002131,-0.003196,-0.004261
A,287414034,7.7285,2.1799,-5.7784
G,287414478,0.000000,0.000000,-0.006392
A,287416528,7.7321,2.1871,-5.7784
G,287416986,0.000000,0.004261,-0.006392
A,287418999,7.7357,2.1943,-5.7748
G,287419482,-0.002131,0.009587,-0.005326
A,287421479,7.7428,2.1943,-5.7748
G,287421975,-0.003196,0.012783,-0.005326
A,287423951,7.7500,2.1943,-5.7604
G,287424471,-0.003196,0.013848,-0.006392
TRK,287419,-0.03281,0.83287,0.30944,0.45771,0.9545,3.0311,-0.4053,0.000,0.000,0.000,1,12
A,287426412,7.7536,2.1943,-5.7533
G,287426946,-0.001065,0.012783,-0.008522
A,287428884,7.7464,2.1979,-5.7425
G,287429441,0.000000,0.012783,-0.009587
A,287431346,7.7464,2.2087,-5.7353
G,287431916,-0.001065,0.012783,-0.009587
A,287433818,7.7357,2.2194,-5.7281
G,287434412,-0.004261,0.012783,-0.011718
A,287436282,7.7249,2.2410,-5.7138
G,287436888,-0.008522,0.013848,-0.014914
A,287438754,7.7141,2.2589,-5.6922
G,287439383,-0.011718,0.013848,-0.017044
TRK,287433,-0.03279,0.83286,0.30945,0.45773,0.9545,3.0311,-0.4053,0.000,0.000,0.000,1,12
A,287441219,7.7069,2.2733,-5.6635
G,287441860,-0.012783,0.013848,-0.018109
A,287443712,7.7033,2.2733,-5.6419
G,287444363,-0.010653,0.012783,-0.017044
A,287446184,7.7105,2.2697,-5.6276
G,287446859,-0.005326,0.013848,-0.014914
A,287448660,7.7213,2.2589,-5.6383
G,287449346,0.001065,0.013848,-0.009587
A,287451132,7.7321,2.2589,-5.6455
G,287451863,0.006392,0.013848,-0.005326
A,287453590,7.7500,2.2697,-5.6599
G,287454358,0.009587,0.011718,-0.003196
A,287456078,7.7572,2.2769,-5.6599
G,287456855,0.008522,0.006392,-0.004261
A,287458550,7.7608,2.2877,-5.6599
G,287459372,0.005326,0.003196,-0.004261
A,287461010,7.7644,2.2913,-5.6563
G,287461868,0.000000,-0.001065,-0.004261
A,287463482,7.7608,2.2913,-5.6491
TRK,287457,-0.03275,0.83284,0.30946,0.45775,0.9545,3.0311,-0.4053,0.000,0.000,0.000,1,12
G,287464375,-0.003196,-0.001065,-0.004261
A,287465932,7.7536,2.2841,-5.6455
G,287466870,-0.003196,-0.002131,-0.003196
A,287468414,7.7536,2.2769,-5.6419
G,287469357,0.000000,-0.003196,-0.003196
A,287470886,7.7500,2.2697,-5.6491
G,287471874,0.003196,-0.006392,-0.001065
A,287473348,7.7464,2.2625,-5.6707
G,287474369,0.005326,-0.009587,0.002131
A,287475820,7.7428,2.2553,-5.6850
G,287476886,0.006392,-0.009587,0.006392
A,287478284,7.7428,2.2517,-5.6994
G,287479381,0.008522,-0.005326,0.009587
A,287480779,7.7464,2.2446,-5.6994
G,287481878,0.009587,-0.003196,0.010653
A,287483250,7.7464,2.2446,-5.6994
G,287484373,0.011718,-0.004261,0.010653
A,287485726,7.7536,2.2410,-5.6958
G,287486850,0.011718,-0.006392,0.009587
A,287488197,7.7536,2.2410,-5.7030
TRK,287487,-0.03275,0.83291,0.30948,0.45760,0.9545,3.0311,-0.4053,0.000,0.000,0.000,1,12
G,287489357,0.011718,-0.006392,0.009587
A,287490654,7.7608,2.2338,-5.7102
G,287491852,0.010653,-0.003196,0.010653
A,287493129,7.7572,2.2266,-5.7209
G,287494327,0.009587,0.001065,0.013848
A,287495600,7.7536,2.2230,-5.7353
G,287496839,0.007457,0.005326,0.015979
A,287498063,7.7536,2.2122,-5.7425
G,287499335,0.007457,0.007457,0.013848
A,287500535,7.7500,2.2158,-5.7461
TRK,287499,-0.03280,0.83293,0.30946,0.45759,0.9545,3.0311,-0.4053,0.000,0.000,0.000,1,12
G,287501832,0.008522,0.008522,0.014914
A,287502985,7.7572,2.2266,-5.7425
G,287504327,0.009587,0.008522,0.014914
A,287505465,7.7608,2.2374,-5.7353
G,287506804,0.009587,0.009587,0.013848
A,287507937,7.7680,2.2446,-5.7245
G,287509313,0.009587,0.009587,0.013848
A,287510399,7.7716,2.2410,-5.7174
G,287511809,0.009587,0.009587,0.011718
A,287512892,7.7680,2.2302,-5.7174
G,287514297,0.007457,0.009587,0.010653
A,287515363,7.7680,2.2194,-5.7174
G,287516815,0.004261,0.008522,0.006392
A,287517836,7.7608,2.2158,-5.7245
G,287519310,0.001065,0.009587,0.005326
A,287520308,7.7608,2.2194,-5.7281
G,287521797,-0.001065,0.010653,0.007457
A,287522751,7.7572,2.2266,-5.7317
G,287524293,-0.003196,0.010653,0.009587
TRK,287523,-0.03280,0.83285,0.30944,0.45775,0.9545,3.0311,-0.4053,0.000,0.000,0.000,1,12
A,287525237,7.7500,2.2302,-5.7281
G,287526771,-0.004261,0.009587,0.007457
A,287527708,7.7464,2.2266,-5.7209
G,287529279,-0.004261,0.009587,0.005326
A,287530174,7.7357,2.2158,-5.7102
G,287531775,-0.003196,0.010653,0.003196
A,287532671,7.7285,2.2087,-5.6958
G,287534263,-0.001065,0.011718,0.002131
A,287535143,7.7249,2.2051,-5.6886
G,287536782,0.001065,0.011718,0.001065
A,287537621,7.7213,2.2015,-5.6850
G,287539278,0.002131,0.011718,-0.002131
A,287540092,7.7213,2.2015,-5.6850
TRK,287539,-0.03276,0.83275,0.30943,0.45793,0.9545,3.0311,-0.4053,0.000,0.000,0.000,1,12
G,287541776,0.001065,0.010653,-0.004261
A,287542551,7.7285,2.2051,-5.6850
G,287544272,0.001065,0.009587,-0.005326
A,287545040,7.7285,2.2087,-5.6886
G,287546750,-0.001065,0.006392,-0.006392
A,287547512,7.7357,2.2122,-5.6850
G,287549259,-0.002131,0.004261,-0.005326
A,287549982,7.7393,2.2158,-5.6778
G,287551755,-0.002131,0.000000,-0.005326
A,287552454,7.7393,2.2122,-5.6743
G,287554244,0.000000,-0.003196,-0.005326
A,287554905,7.7428,2.2158,-5.6671
G,287556740,0.002131,-0.006392,-0.008522
A,287557377,7.7428,2.2158,-5.6671
G,287559229,0.005326,-0.008522,-0.008522
A,287559830,7.7393,2.2194,-5.6743
G,287561748,0.006392,-0.009587,-0.008522
A,287562313,7.7285,2.2230,-5.6778
G,287564244,0.008522,-0.008522,-0.004261
A,287564785,7.7213,2.2230,-5.6778
G,287566731,0.008522,-0.007457,-0.003196
A,287567238,7.7213,2.2266,-5.6850
TRK,287563,-0.03271,0.83273,0.30945,0.45797,0.9545,3.0311,-0.4053,0.000,0.000,0.000,1,12
G,287569240,0.009587,-0.008522,-0.003196
A,287569713,7.7249,2.2302,-5.6958
G,287571736,0.009587,-0.009587,-0.003196
A,287572185,7.7357,2.2266,-5.7066
G,287574225,0.006392,-0.010653,-0.003196
A,287574642,7.7393,2.2194,-5.7209
G,287576721,0.003196,-0.011718,-0.006392
A,287577129,7.7357,2.2122,-5.7317
G,287579191,0.001065,-0.011718,-0.011718
A,287579601,7.7321,2.2051,-5.7389
TRK,287575,-0.03269,0.83277,0.30947,0.45789,0.9545,3.0311,-0.4053,0.000,0.000,0.000,1,12
G,287581711,0.002131,-0.011718,-0.018109
A,287582089,7.7249,2.2051,-5.7425
G,287584206,0.003196,-0.008522,-0.020240
A,287584561,7.7213,2.2051,-5.7497
G,287586706,0.003196,-0.006392,-0.020240
A,287587030,7.7285,2.2051,-5.7497
G,287589202,0.003196,-0.003196,-0.017044
A,287589502,7.7357,2.2122,-5.7533
G,287591677,0.001065,0.001065,-0.014914
A,287591948,7.7428,2.2158,-5.7569
G,287594174,0.000000,0.006392,-0.012783
A,287594416,7.7464,2.2338,-5.7604
G,287596695,-0.001065,0.009587,-0.012783
A,287596908,7.7428,2.2410,-5.7640
G,287599190,-0.001065,0.010653,-0.014914
A,287599380,7.7357,2.2446,-5.7640
G,287601679,-0.004261,0.009587,-0.017044
A,287601841,7.7357,2.2517,-5.7569
G,287604174,-0.006392,0.009587,-0.017044
A,287604313,7.7285,2.2446,-5.7497
TRK,287598,-0.03272,0.83282,0.30947,0.45779,0.9545,3.0311,-0.4053,0.000,0.000,0.000,1,12
G,287606655,-0.007457,0.009587,-0.014914
A,287606766,7.7321,2.2446,-5.7353
G,287609156,-0.006392,0.008522,-0.012783
A,287609242,7.7321,2.2410,-5.7281
G,287611652,-0.005326,0.006392,-0.011718
A,287611713,7.7321,2.2482,-5.7138
G,287614143,-0.005326,0.005326,-0.012783
A,287614180,7.7357,2.2482,-5.7066
G,287616638,-0.004261,0.006392,-0.012783
A,287616651,7.7357,2.2589,-5.7066
A,287619119,7.7428,2.2625,-5.7030
G,287619129,-0.003196,0.007457,-0.010653
A,287621590,7.7393,2.2733,-5.7102
G,287621625,-0.002131,0.009587,-0.008522
A,287624038,7.7500,2.2841,-5.7102
G,287624095,0.000000,0.009587,-0.006392
TRK,287625,-0.03268,0.83283,0.30950,0.45775,0.9545,3.0311,-0.4053,0.000,0.000,0.000,1,12
A,287626537,7.7500,2.2913,-5.7030
G,287626617,0.001065,0.011718,-0.003196
A,287629009,7.7572,2.2984,-5.6994
G,287629113,0.002131,0.011718,0.002131
A,287631466,7.7536,2.2984,-5.6850
G,287631591,0.002131,0.011718,0.005326
A,287633964,7.7572,2.2948,-5.6778
G,287634111,0.003196,0.010653,0.008522
A,287636436,7.7500,2.2877,-5.6743
G,287636606,0.004261,0.009587,0.011718
A,287638907,7.7428,2.2769,-5.6707
G,287639098,0.004261,0.009587,0.012783
A,287641379,7.7393,2.2697,-5.6707
G,287641594,0.003196,0.009587,0.012783
TRK,287636,-0.03270,0.83284,0.30949,0.45775,0.9545,3.0311,-0.4053,0.000,0.000,0.000,1,12
A,287643852,7.7321,2.2625,-5.6635
G,287644086,0.002131,0.010653,0.010653
A,287646324,7.7393,2.2553,-5.6635
G,287646608,0.004261,0.009587,0.011718
A,287648777,7.7393,2.2553,-5.6671
G,287649104,0.006392,0.006392,0.013848
A,287651261,7.7500,2.2517,-5.6814
G,287651605,0.007457,0.003196,0.014914
A,287653733,7.7500,2.2482,-5.6850
G,287654100,0.007457,-0.001065,0.014914
A,287656199,7.7500,2.2482,-5.6994
G,287656582,0.006392,-0.003196,0.014914
A,287658671,7.7464,2.2482,-5.7030
G,287659078,0.005326,-0.004261,0.015979
TRK,287653,-0.03272,0.83284,0.30948,0.45775,0.9545,3.0311,-0.4053,0.000,0.000,0.000,1,12
A,287661137,7.7393,2.2482,-5.7030
G,287661560,0.004261,-0.002131,0.018109
A,287663635,7.7357,2.2482,-5.6994
G,287664073,0.003196,-0.001065,0.021305
A,287666107,7.7285,2.2446,-5.7030
G,287666569,0.005326,0.000000,0.022371
A,287668585,7.7213,2.2410,-5.7030
G,287669061,0.008522,0.000000,0.020240
A,287671057,7.7213,2.2302,-5.7066
G,287671584,0.011718,0.000000,0.018109
A,287673516,7.7213,2.2266,-5.7102
G,287674080,0.010653,0.002131,0.017044
A,287676006,7.7321,2.2230,-5.7102
G,287676582,0.009587,0.004261,0.015979
A,287678478,7.7393,2.2158,-5.7066
G,287679078,0.005326,0.007457,0.015979
A,287680939,7.7428,2.2087,-5.7066
G,287681550,0.003196,0.007457,0.017044
TRK,287682,-0.03272,0.83287,0.30949,0.45768,0.9545,3.0311,-0.4053,0.000,0.000,0.000,1,12
A,287683440,7.7428,2.2051,-5.7066
G,287684063,0.003196,0.006392,0.018109
A,287685912,7.7393,2.1907,-5.7138
G,287686559,0.003196,0.006392,0.015979
A,287688374,7.7357,2.1907,-5.7174
G,287689032,0.002131,0.006392,0.013848
A,287690846,7.7285,2.1871,-5.7209
G,287691551,0.000000,0.006392,0.010653
A,287693305,7.7321,2.1835,-5.7102
G,287694046,-0.001065,0.007457,0.008522
A,287695777,7.7321,2.1835,-5.7030
G,287696550,-0.001065,0.009587,0.007457
A,287698222,7.7357,2.1691,-5.6922
G,287699045,-0.001065,0.009587,0.005326
A,287700698,7.7321,2.1584,-5.6922
G,287701528,-0.002131,0.008522,0.002131
A,287703170,7.7321,2.1476,-5.6994
G,287704042,-0.003196,0.005326,-0.002131
A,287705626,7.7213,2.1476,-5.7138
G,287706537,-0.002131,0.005326,-0.005326
A,287708107,7.7141,2.1512,-5.7209
G,287709023,-0.001065,0.006392,-0.006392
A,287710578,7.7141,2.1584,-5.7281
G,287711518,-0.001065,0.008522,-0.007457
TRK,287706,-0.03264,0.83281,0.30951,0.45778,0.9545,3.0311,-0.4053,0.000,0.000,0.000,1,12
A,287713047,7.7141,2.1691,-5.7281
G,287713992,-0.001065,0.009587,-0.007457
A,287715519,7.7285,2.1799,-5.7209
G,287716496,-0.001065,0.008522,-0.008522
A,287717969,7.7357,2.1871,-5.7174
G,287718992,-0.001065,0.006392,-0.009587
A,287720450,7.7464,2.2015,-5.7138
G,287721476,-0.002131,0.002131,-0.011718
A,287722922,7.7500,2.2051,-5.7030
TRK,287722,-0.03266,0.83279,0.30949,0.45784,0.9545,3.0311,-0.4053,0.000,0.000,0.000,1,12
G,287723991,-0.004261,0.001065,-0.013848
A,287725383,7.7500,2.2015,-5.7030
G,287726486,-0.005326,0.000000,-0.014914
A,287727866,7.7428,2.2015,-5.6994
G,287728971,-0.006392,0.001065,-0.013848
A,287730338,7.7357,2.1943,-5.7030
G,287731466,-0.004261,0.000000,-0.012783
A,287732807,7.7249,2.1907,-5.7030
G,287733936,-0.002131,-0.001065,-0.012783
A,287735279,7.7177,2.1943,-5.7102
G,287736461,0.001065,-0.003196,-0.014914
A,287737753,7.7177,2.1979,-5.7138
G,287738957,0.000000,-0.004261,-0.018109
A,287740225,7.7249,2.2087,-5.7138
G,287741460,0.000000,-0.004261,-0.019175
A,287742679,7.7321,2.2158,-5.7102
G,287743956,0.000000,-0.004261,-0.019175
A,287745151,7.7428,2.2302,-5.7066
TRK,287744,-0.03270,0.83283,0.30949,0.45776,0.9545,3.0311,-0.4053,0.000,0.000,0.000,1,12
G,287746461,0.000000,-0.008522,-0.018109
A,287747608,7.7464,2.2410,-5.7066
G,287748956,0.000000,-0.010653,-0.019175
A,287750088,7.7393,2.2517,-5.7102
G,287751432,-0.001065,-0.011718,-0.021305
A,287752559,7.7321,2.2589,-5.7138
G,287753947,0.000000,-0.010653,-0.024501
A,287755028,7.7321,2.2625,-5.7245
G,287756443,-0.001065,-0.008522,-0.024501
A,287757500,7.7321,2.2589,-5.7245
TRK,287757,-0.03272,0.83289,0.30950,0.45764,0.9545,3.0311,-0.4053,0.000,0.000,0.000,1,12
G,287758958,-0.002131,-0.007457,-0.024501
A,287759970,7.7357,2.2589,-5.7281
G,287761453,-0.004261,-0.007457,-0.025566
A,287762442,7.7428,2.2517,-5.7281
G,287763942,-0.004261,-0.008522,-0.026632
A,287764887,7.7393,2.2517,-5.7245
G,287766438,-0.003196,-0.009587,-0.026632
A,287767370,7.7357,2.2517,-5.7281
G,287768913,-0.003196,-0.008522,-0.024501
A,287769842,7.7393,2.2589,-5.7245
G,287771419,-0.003196,-0.006392,-0.023436
A,287772305,7.7428,2.2589,-5.7209
G,287773914,-0.003196,-0.004261,-0.020240
A,287774800,7.7428,2.2625,-5.7174
G,287776400,-0.002131,-0.002131,-0.015979
A,287777271,7.7464,2.2589,-5.7138
G,287778896,-0.002131,0.000000,-0.011718
TRK,287773,-0.03264,0.83295,0.30955,0.45751,0.9545,3.0311,-0.4053,0.000,0.000,0.000,1,12
A,287779766,7.7428,2.2589,-5.7066
G,287781382,-0.002131,0.002131,-0.009587
A,287782238,7.7393,2.2625,-5.7138
G,287783898,-0.002131,0.002131,-0.012783
A,287784713,7.7393,2.2769,-5.7209
G,287786394,-0.001065,0.001065,-0.014914
A,287787185,7.7428,2.2948,-5.7245
G,287788879,0.000000,0.002131,-0.013848
A,287789631,7.7464,2.3092,-5.7209
G,287791394,0.001065,0.006392,-0.010653
A,287792107,7.7536,2.3164,-5.7138
G,287793889,0.001065,0.011718,-0.006392
A,287794579,7.7572,2.3164,-5.7066
G,287796375,0.002131,0.015979,-0.003196
A,287797028,7.7572,2.3128,-5.7030
G,287798871,0.002131,0.014914,0.001065
A,287799499,7.7500,2.3092,-5.7102
G,287801358,0.001065,0.012783,0.003196
A,287801950,7.7393,2.3020,-5.7102
TRK,287802,-0.03271,0.83296,0.30952,0.45749,0.9545,3.0311,-0.4053,0.000,0.000,0.000,1,12
G,287803874,-0.001065,0.009587,0.003196
A,287804431,7.7321,2.2948,-5.7138
G,287806370,0.000000,0.008522,0.003196
A,287806920,7.7321,2.2913,-5.7030
G,287808844,0.002131,0.007457,0.004261
A,287809392,7.7357,2.2841,-5.6994
G,287811352,0.003196,0.008522,0.008522
A,287811865,7.7428,2.2805,-5.6886
G,287813847,0.002131,0.007457,0.012783
A,287814337,7.7464,2.2769,-5.6850
G,287816335,0.000000,0.006392,0.015979
A,287816791,7.7464,2.2697,-5.6850
G,287818830,0.001065,0.004261,0.017044
A,287819262,7.7536,2.2661,-5.6850
G,287821318,0.002131,0.003196,0.018109
A,287821718,7.7536,2.2589,-5.6850
G,287823813,0.005326,0.004261,0.018109
A,287824216,7.7608,2.2482,-5.6850
G,287826294,0.006392,0.006392,0.019175
A,287826688,7.7608,2.2410,-5.6886
TRK,287823,-0.03261,0.83292,0.30956,0.45755,0.9545,3.0311,-0.4053,0.000,0.000,0.000,1,12
G,287828792,0.007457,0.008522,0.021305
A,287829155,7.7572,2.2410,-5.6850
G,287831287,0.008522,0.009587,0.020240
A,287831626,7.7536,2.2374,-5.6850
G,287833766,0.009587,0.009587,0.018109
A,287834074,7.7536,2.2374,-5.6814
G,287836265,0.010653,0.008522,0.017044
A,287836544,7.7500,2.2266,-5.6814
G,287838761,0.011718,0.006392,0.017044
A,287839016,7.7536,2.2158,-5.6814
G,287841250,0.011718,0.003196,0.020240
A,287841476,7.7536,2.2051,-5.6778
TRK,287838,-0.03258,0.83287,0.30956,0.45764,0.9545,3.0311,-0.4053,0.000,0.000,0.000,1,12
G,287843769,0.010653,0.000000,0.019175
A,287843967,7.7500,2.1943,-5.6778
G,287846264,0.008522,-0.001065,0.020240
A,287846438,7.7500,2.1907,-5.6814
G,287848752,0.006392,0.001065,0.017044
A,287848899,7.7428,2.1835,-5.6850
G,287851247,0.005326,0.002131,0.017044
A,287851370,7.7428,2.1799,-5.7030
G,287853725,0.004261,0.002131,0.017044
A,287853822,7.7393,2.1727,-5.7102
G,287856221,0.003196,-0.001065,0.015979
A,287856294,7.7393,2.1691,-5.7138
G,287858700,0.003196,-0.003196,0.012783
A,287858748,7.7393,2.1691,-5.7138
G,287861210,0.002131,-0.001065,0.008522
A,287861234,7.7428,2.1763,-5.7030
A,287863705,7.7428,2.1835,-5.6958
G,287863706,0.000000,0.001065,0.005326
A,287866163,7.7464,2.1943,-5.6922
G,287866187,-0.002131,0.003196,0.003196
TRK,287866,-0.03252,0.83281,0.30958,0.45775,0.9545,3.0311,-0.4053,0.000,0.000,0.000,1,12
A,287868640,7.7428,2.1943,-5.6922
G,287868687,-0.002131,0.004261,0.004261
A,287871127,7.7393,2.1943,-5.7030
G,287871198,-0.001065,0.006392,0.006392
A,287873599,7.7321,2.1907,-5.7138
G,287873693,0.000000,0.005326,0.006392
A,287876068,7.7249,2.1907,-5.7209
G,287876184,0.000000,0.004261,0.003196
A,287878540,7.7213,2.1871,-5.7317
G,287878679,-0.002131,0.001065,-0.003196
TRK,287877,-0.03251,0.83277,0.30957,0.45782,0.9545,3.0311,-0.4053,0.000,0.000,0.000,1,12
A,287880989,7.7249,2.1907,-5.7317
G,287881150,-0.002131,0.000000,-0.007457
A,287883461,7.7285,2.1979,-5.7281
G,287883645,0.000000,-0.002131,-0.009587
A,287885912,7.7357,2.2051,-5.7174
G,287886116,0.000000,-0.002131,-0.009587
A,287888383,7.7357,2.2158,-5.7030
G,287888634,0.000000,-0.003196,-0.010653
A,287890833,7.7393,2.2194,-5.6994
G,287891130,-0.001065,0.000000,-0.010653
A,287893316,7.7321,2.2158,-5.6994
G,287893631,-0.001065,0.001065,-0.010653
A,287895788,7.7357,2.2122,-5.7030
G,287896126,-0.001065,0.001065,-0.013848
A,287898244,7.7321,2.2015,-5.7066
G,287898599,-0.002131,-0.002131,-0.017044
TRK,287899,-0.03248,0.83276,0.30958,0.45785,0.9545,3.0311,-0.4053,0.000,0.000,0.000,1,12
A,287900735,7.7321,2.2087,-5.7066
G,287901107,-0.004261,-0.004261,-0.018109
A,287903207,7.7285,2.2158,-5.7066
G,287903602,-0.005326,-0.005326,-0.020240
A,287905670,7.7321,2.2302,-5.6958
G,287906082,-0.004261,-0.004261,-0.022371
A,287908142,7.7285,2.2410,-5.6958
G,287908577,-0.002131,-0.003196,-0.024501
A,287910598,7.7285,2.2446,-5.6958
G,287911049,-0.001065,-0.001065,-0.025566
A,287913070,7.7249,2.2446,-5.6994
G,287913572,0.000000,0.000000,-0.024501
A,287915529,7.7249,2.2410,-5.7102
G,287916067,0.001065,0.000000,-0.023436
A,287918011,7.7213,2.2374,-5.7209
G,287918562,0.001065,0.000000,-0.022371
A,287920483,7.7285,2.2338,-5.7174
G,287921058,-0.001065,0.000000,-0.021305
A,287922953,7.7285,2.2338,-5.7174
G,287923541,-0.002131,0.000000,-0.018109
A,287925455,7.7464,2.2410,-5.7138
G,287926054,-0.005326,-0.001065,-0.014914
A,287927926,7.7536,2.2482,-5.7138
TRK,287924,-0.03251,0.83277,0.30957,0.45782,0.9545,3.0311,-0.4053,0.000,0.000,0.000,1,12
STAT,404.3,400.8,0,0,44713,0.0296,1.870,0.4747,0.8360,1.7463,9.8719,0.53,0.105
G,287928577,-0.004261,-0.003196,-0.015979
A,287930388,7.7608,2.2589,-5.7138
G,287931072,-0.001065,-0.004261,-0.019175
A,287932881,7.7608,2.2733,-5.7209
G,287933575,0.002131,-0.005326,-0.021305
A,287935352,7.7500,2.2769,-5.7209
G,287936070,0.003196,-0.007457,-0.021305
A,287937826,7.7572,2.2805,-5.7174
G,287938553,0.003196,-0.007457,-0.019175
A,287940298,7.7608,2.2805,-5.7174
G,287941066,0.002131,-0.005326,-0.017044
A,287942752,7.7680,2.2697,-5.7138
G,287943561,0.002131,-0.003196,-0.014914
A,287945237,7.7644,2.2661,-5.7066
G,287946054,0.001065,-0.002131,-0.015979
A,287947709,7.7572,2.2625,-5.6994
TRK,287943,-0.03255,0.83283,0.30957,0.45771,0.9545,3.0311,-0.4053,0.000,0.000,0.000,1,12
G,287948577,0.001065,-0.004261,-0.014914
A,287950175,7.7428,2.2625,-5.6958
G,287951073,0.002131,-0.005326,-0.013848
A,287952647,7.7321,2.2661,-5.6958
G,287953576,0.002131,-0.003196,-0.009587
A,287955094,7.7249,2.2661,-5.6994
G,287956071,0.001065,-0.001065,-0.006392
A,287957567,7.7285,2.2625,-5.7066
G,287958548,-0.001065,0.001065,-0.004261
A,287960039,7.7249,2.2661,-5.7174
G,287961059,-0.003196,0.003196,-0.003196
A,287962496,7.7285,2.2625,-5.7209
G,287963555,-0.002131,0.005326,-0.001065
TRK,287959,-0.03258,0.83286,0.30956,0.45767,0.9545,3.0311,-0.4053,0.000,0.000,0.000,1,12
A,287964987,7.7321,2.2625,-5.7245
G,287966048,0.000000,0.006392,0.001065
A,287967459,7.7393,2.2661,-5.7174
G,287968543,0.003196,0.006392,0.003196
A,287969950,7.7500,2.2697,-5.7102
G,287971036,0.004261,0.005326,0.002131
A,287972422,7.7608,2.2769,-5.6994
G,287973551,0.005326,0.005326,0.005326
A,287974885,7.7572,2.2841,-5.6886
G,287976046,0.005326,0.007457,0.007457
TRK,287976,-0.03254,0.83285,0.30958,0.45767,0.9545,3.0311,-0.4053,0.000,0.000,0.000,1,12
A,287977387,7.7500,2.2913,-5.6922
G,287978549,0.003196,0.008522,0.008522
A,287979859,7.7357,2.2877,-5.6886
G,287981045,0.001065,0.009587,0.008522
A,287982342,7.7249,2.2841,-5.6922
G,287983528,0.001065,0.009587,0.010653
A,287984814,7.7249,2.2697,-5.6922
G,287986042,0.003196,0.009587,0.013848
A,287987278,7.7249,2.2661,-5.6850
G,287988537,0.007457,0.008522,0.017044
A,287989750,7.7249,2.2589,-5.6886
G,287991051,0.009587,0.006392,0.019175
A,287992216,7.7213,2.2697,-5.6850
G,287993546,0.009587,0.005326,0.019175
A,287994711,7.7213,2.2733,-5.6886
G,287996039,0.007457,0.007457,0.018109
A,287997183,7.7213,2.2769,-5.6886
G,287998535,0.006392,0.009587,0.014914
A,287999658,7.7249,2.2697,-5.6886
G,288001006,0.005326,0.010653,0.015979
A,288002130,7.7357,2.2625,-5.6886
TRK,288001,-0.03251,0.83279,0.30958,0.45778,0.9545,3.0311,-0.4053,0.000,0.000,0.000,1,12
G,288003510,0.003196,0.008522,0.015979
A,288004587,7.7428,2.2517,-5.6886
G,288006005,0.003196,0.005326,0.015979
A,288007064,7.7536,2.2446,-5.6922
G,288008477,0.005326,0.002131,0.017044
A,288009535,7.7572,2.2302,-5.6958
G,288010992,0.007457,0.001065,0.017044
A,288012005,7.7572,2.2266,-5.6958
G,288013487,0.007457,0.000000,0.017044
A,288014495,7.7464,2.2122,-5.6958
G,288015971,0.006392,0.001065,0.015979
A,288016966,7.7428,2.2051,-5.6922
G,288018475,0.004261,0.001065,0.012783
A,288019427,7.7428,2.1943,-5.6958
G,288020971,0.004261,0.000000,0.010653
A,288021919,7.7428,2.1943,-5.6994
G,288023456,0.005326,0.000000,0.009587
A,288024391,7.7500,2.1907,-5.7030
G,288025957,0.007457,0.000000,0.011718
A,288026850,7.7500,2.1907,-5.7102
G,288028453,0.010653,0.001065,0.012783
TRK,288023,-0.03242,0.83275,0.30961,0.45785,0.9545,3.0311,-0.4053,0.000,0.000,0.000,1,12
A,288029333,7.7428,2.1799,-5.7102
G,288030928,0.009587,0.002131,0.010653
A,288031805,7.7393,2.1799,-5.7102
G,288033423,0.007457,0.003196,0.006392
A,288034289,7.7357,2.1763,-5.7066
G,288035899,0.003196,0.004261,0.004261
A,288036761,7.7321,2.1871,-5.6994
G,288038397,0.000000,0.004261,0.003196
A,288039219,7.7393,2.1943,-5.6958
G,288040893,-0.002131,0.002131,0.002131
A,288041714,7.7393,2.1943,-5.6994
G,288043379,-0.003196,0.000000,0.001065
A,288044186,7.7464,2.1943,-5.7030
TRK,288040,-0.03238,0.83273,0.30963,0.45787,0.9545,3.0311,-0.4053,0.000,0.000,0.000,1,12
G,288045895,-0.001065,-0.001065,-0.002131
A,288046663,7.7500,2.1943,-5.7138
G,288048391,0.001065,0.002131,-0.005326
A,288049135,7.7464,2.1907,-5.7281
G,288050879,0.002131,0.005326,-0.010653
A,288051584,7.7428,2.1907,-5.7425
G,288053374,0.002131,0.006392,-0.013848
A,288054056,7.7357,2.1907,-5.7497
G,288055860,0.001065,0.005326,-0.012783
A,288056504,7.7321,2.1943,-5.7497
G,288058373,-0.001065,0.004261,-0.010653
A,288058980,7.7249,2.1943,-5.7389
G,288060868,-0.003196,0.004261,-0.010653
A,288061452,7.7213,2.1979,-5.7209
TRK,288056,-0.03238,0.83271,0.30963,0.45791,0.9545,3.0311,-0.4053,0.000,0.000,0.000,1,12
G,288063355,-0.004261,0.003196,-0.012783
A,288063903,7.7177,2.2015,-5.7066
G,288065868,-0.003196,0.004261,-0.012783
A,288066382,7.7141,2.2051,-5.6958
G,288068364,-0.002131,0.004261,-0.012783
A,288068854,7.7177,2.2122,-5.6994
G,288070861,-0.001065,0.003196,-0.013848
A,288071317,7.7249,2.2230,-5.6958
G,288073356,-0.002131,0.002131,-0.014914
A,288073789,7.7285,2.2338,-5.6958
G,288075853,-0.002131,0.002131,-0.017044
A,288076253,7.7357,2.2446,-5.6958
G,288078372,-0.001065,0.002131,-0.018109
A,288078740,7.7393,2.2517,-5.6994
G,288080867,0.000000,0.002131,-0.020240
A,288081212,7.7393,2.2553,-5.6994
TRK,288077,-0.03238,0.83272,0.30963,0.45789,0.9545,3.0311,-0.4053,0.000,0.000,0.000,1,12
G,288083374,0.001065,0.001065,-0.019175
A,288083688,7.7321,2.2589,-5.7066
G,288085869,0.000000,0.000000,-0.017044
A,288086183,7.7249,2.2553,-5.6994
G,288088344,-0.001065,-0.002131,-0.013848
A,288088655,7.7285,2.2553,-5.6958
G,288090862,-0.001065,-0.002131,-0.012783
A,288091142,7.7321,2.2553,-5.6922
G,288093357,0.000000,-0.002131,-0.012783
A,288093614,7.7357,2.2553,-5.6958
G,288095874,0.000000,-0.001065,-0.010653
A,288096102,7.7428,2.2625,-5.7030
G,288098370,0.000000,-0.001065,-0.009587
A,288098574,7.7393,2.2661,-5.7066
G,288100865,0.001065,0.001065,-0.009587
A,288101041,7.7428,2.2733,-5.7138
G,288103380,0.000000,0.003196,-0.009587
A,288103529,7.7428,2.2769,-5.7138
G,288105875,0.000000,0.005326,-0.008522
A,288106001,7.7536,2.2733,-5.7138
TRK,288101,-0.03245,0.83277,0.30961,0.45781,0.9545,3.0311,-0.4053,0.000,0.000,0.000,1,12
G,288108362,0.001065,0.005326,-0.007457
A,288108461,7.7536,2.2769,-5.7174
G,288110879,0.004261,0.005326,-0.006392
A,288110952,7.7572,2.2697,-5.7102
G,288113374,0.005326,0.003196,-0.005326
A,288113424,7.7536,2.2625,-5.7102
G,288115859,0.005326,0.003196,-0.004261
A,288115884,7.7536,2.2553,-5.7066
G,288118355,0.002131,0.003196,-0.003196
A,288118356,7.7608,2.2553,-5.6994
TRK,288112,-0.03251,0.83279,0.30958,0.45779,0.9545,3.0311,-0.4053,0.000,0.000,0.000,1,12
A,288120829,7.7644,2.2553,-5.6886
G,288120852,-0.001065,0.006392,-0.002131
A,288123324,7.7680,2.2553,-5.6850
G,288123370,-0.004261,0.006392,-0.002131
A,288125796,7.7680,2.2517,-5.6778
G,288125866,-0.003196,0.004261,-0.002131
A,288128281,7.7572,2.2482,-5.6814
G,288128373,0.000000,0.002131,-0.001065
A,288130753,7.7428,2.2446,-5.6886
G,288130868,0.004261,0.003196,0.001065
A,288133238,7.7321,2.2410,-5.6886
G,288133375,0.005326,0.005326,0.003196
A,288135710,7.7249,2.2410,-5.6958
G,288135870,0.004261,0.007457,0.004261
A,288138167,7.7177,2.2374,-5.7030
G,288138349,0.003196,0.005326,0.005326
A,288140639,7.7213,2.2410,-5.7102
G,288140844,0.003196,0.002131,0.006392
TRK,288135,-0.03256,0.83280,0.30956,0.45778,0.9545,3.0311,-0.4053,0.000,0.000,0.000,1,12
A,288143107,7.7213,2.2410,-5.7138
G,288143331,0.003196,0.001065,0.009587
A,288145578,7.7285,2.2410,-5.7138
G,288145849,0.002131,0.001065,0.008522
A,288148027,7.7285,2.2338,-5.7102
G,288148344,0.002131,0.002131,0.008522
A,288150507,7.7321,2.2338,-5.6994
G,288150841,0.003196,0.004261,0.009587
A,288152979,7.7285,2.2374,-5.6994
G,288153337,0.005326,0.005326,0.012783
A,288155440,7.7249,2.2338,-5.7030
G,288155814,0.005326,0.007457,0.015979
TRK,288156,-0.03257,0.83280,0.30955,0.45779,0.9545,3.0311,-0.4053,0.000,0.000,0.000,1,12
A,288157931,7.7249,2.2374,-5.7066
G,288158322,0.006392,0.008522,0.015979
A,288160403,7.7249,2.2302,-5.7102
G,288160818,0.005326,0.009587,0.015979
A,288162874,7.7285,2.2266,-5.7030
G,288163304,0.004261,0.010653,0.012783
A,288165346,7.7357,2.2266,-5.6958
G,288165799,0.004261,0.009587,0.009587
A,288167808,7.7464,2.2374,-5.6850
G,288168277,0.003196,0.008522,0.006392
A,288170280,7.7536,2.2482,-5.6886
G,288170795,0.002131,0.005326,0.004261
A,288172735,7.7536,2.2517,-5.6958
G,288173291,0.002131,0.004261,0.003196
A,288175217,7.7464,2.2446,-5.7030
G,288175786,0.001065,0.004261,0.002131
A,288177689,7.7464,2.2374,-5.7138
G,288178281,0.000000,0.004261,0.004261
TRK,288173,-0.03255,0.83276,0.30955,0.45786,0.9545,3.0311,-0.4053,0.000,0.000,0.000,1,12
A,288180156,7.7428,2.2266,-5.7102
G,288180760,-0.001065,0.003196,0.005326
A,288182643,7.7464,2.2194,-5.7138
G,288183258,0.000000,0.002131,0.005326
A,288185114,7.7464,2.2158,-5.7138
G,288185754,0.001065,0.002131,0.006392
A,288187586,7.7428,2.2087,-5.7174
G,288188237,0.002131,0.003196,0.004261
A,288190058,7.7357,2.2015,-5.7174
G,288190756,0.003196,0.005326,0.000000
A,288192517,7.7321,2.1979,-5.7174
G,288193252,0.004261,0.005326,-0.004261
A,288194996,7.7321,2.1907,-5.7102
G,288195740,0.003196,0.003196,-0.005326
A,288197468,7.7393,2.1943,-5.7066
G,288198235,0.002131,0.001065,-0.002131
TRK,288192,-0.03248,0.83273,0.30957,0.45790,0.9545,3.0311,-0.4053,0.000,0.000,0.000,1,12
A,288199939,7.7464,2.1943,-5.7102
G,288200714,0.003196,0.000000,0.002131
A,288202411,7.7536,2.1979,-5.7030
G,288203210,0.004261,-0.001065,0.002131
A,288204883,7.7536,2.1979,-5.7066
G,288205690,0.005326,-0.001065,0.000000
A,288207355,7.7572,2.2087,-5.7030
G,288208185,0.004261,-0.001065,-0.003196
A,288209828,7.7536,2.2122,-5.7030
G,288210666,0.003196,-0.003196,-0.004261
A,288212300,7.7500,2.2194,-5.7030
G,288213176,0.000000,-0.005326,-0.005326
A,288214754,7.7428,2.2158,-5.6994
G,288215672,-0.002131,-0.005326,-0.007457
A,288217230,7.7357,2.2087,-5.6994
G,288218153,-0.003196,-0.003196,-0.009587
A,288219702,7.7213,2.1979,-5.6958
TRK,288214,-0.03249,0.83275,0.30958,0.45786,0.9545,3.0311,-0.4053,0.000,0.000,0.000,1,12
G,288220674,-0.002131,-0.001065,-0.010653
A,288222168,7.7105,2.1943,-5.7030
G,288223170,-0.001065,0.000000,-0.011718
A,288224640,7.7069,2.1943,-5.7102
G,288225670,-0.001065,0.001065,-0.011718
A,288227087,7.7105,2.2015,-5.7174
G,288228166,-0.003196,0.003196,-0.011718
A,288229558,7.7249,2.2122,-5.7245
G,288230638,-0.004261,0.004261,-0.011718
A,288232029,7.7393,2.2194,-5.7245
G,288233150,-0.005326,0.004261,-0.012783
A,288234489,7.7536,2.2230,-5.7209
G,288235645,-0.006392,0.003196,-0.014914
A,288236974,7.7536,2.2302,-5.7174
G,288238131,-0.005326,0.002131,-0.015979
A,288239446,7.7572,2.2338,-5.7209
TRK,288235,-0.03249,0.83276,0.30958,0.45783,0.9545,3.0311,-0.4053,0.000,0.000,0.000,1,12
G,288240652,-0.003196,0.000000,-0.014914
A,288241917,7.7464,2.2410,-5.7174
G,288243148,-0.001065,0.000000,-0.014914
A,288244389,7.7393,2.2482,-5.7209
G,288245649,-0.001065,-0.001065,-0.015979
A,288246841,7.7285,2.2446,-5.7174
G,288248144,-0.002131,0.000000,-0.017044
A,288249325,7.7213,2.2374,-5.7066
G,288250625,-0.003196,0.001065,-0.017044
A,288251797,7.7141,2.2338,-5.6922
G,288253137,-0.005326,0.002131,-0.015979
A,288254261,7.7177,2.2338,-5.6743
G,288255632,-0.006392,0.002131,-0.013848
A,288256733,7.7285,2.2446,-5.6671
G,288258144,-0.005326,0.002131,-0.013848
A,288259199,7.7321,2.2517,-5.6671
G,288260639,-0.003196,0.001065,-0.012783
A,288261695,7.7464,2.2589,-5.6814
G,288263130,-0.002131,0.001065,-0.010653
A,288264167,7.7464,2.2625,-5.6850
G,288265626,-0.002131,0.001065,-0.007457
TRK,288260,-0.03248,0.83279,0.30959,0.45777,0.9545,3.0311,-0.4053,0.000,0.000,0.000,1,12
A,288266664,7.7500,2.2589,-5.6886
G,288268117,-0.002131,0.002131,-0.004261
A,288269135,7.7536,2.2553,-5.6778
G,288270613,0.000000,0.003196,-0.001065
A,288271613,7.7536,2.2482,-5.6707
G,288273085,0.004261,0.005326,0.001065
A,288274109,7.7572,2.2482,-5.6635
G,288275575,0.005326,0.006392,0.001065
A,288276580,7.7644,2.2517,-5.6671
G,288278070,0.004261,0.005326,-0.001065
TRK,288272,-0.03253,0.83280,0.30957,0.45776,0.9545,3.0311,-0.4053,0.000,0.000,0.000,1,12
A,288279069,7.7680,2.2553,-5.6743
G,288280553,0.002131,0.004261,-0.002131
A,288281541,7.7716,2.2661,-5.6850
G,288283060,0.002131,0.004261,-0.001065
A,288284005,7.7644,2.2697,-5.6922
G,288285556,0.003196,0.004261,0.000000
A,288286477,7.7464,2.2697,-5.7030
G,288288069,0.004261,0.002131,0.002131
A,288288948,7.7321,2.2697,-5.6994
G,288290564,0.007457,0.001065,0.004261
A,288291419,7.7177,2.2553,-5.6994
G,288293077,0.008522,0.001065,0.006392
A,288293891,7.7213,2.2482,-5.6994
G,288295573,0.009587,0.002131,0.008522
A,288296363,7.7213,2.2482,-5.7030
G,288298060,0.007457,0.003196,0.008522
A,288298811,7.7285,2.2446,-5.7030
G,288300555,0.005326,0.003196,0.007457
TRK,288299,-0.03266,0.83280,0.30950,0.45780,0.9545,3.0311,-0.4053,0.000,0.000,0.000,1,12
A,288301295,7.7285,2.2517,-5.7102
G,288303028,0.002131,0.003196,0.007457
A,288303767,7.7213,2.2374,-5.7066
G,288305526,0.002131,0.005326,0.007457
A,288306226,7.7177,2.2302,-5.7066
G,288308022,0.002131,0.006392,0.008522
A,288308698,7.7105,2.2230,-5.7066
G,288310525,0.004261,0.006392,0.008522
A,288311164,7.7069,2.2194,-5.7102
G,288313021,0.005326,0.005326,0.008522
A,288313661,7.7069,2.2302,-5.7102
G,288315505,0.005326,0.003196,0.008522
A,288316133,7.7141,2.2302,-5.7066
G,288318018,0.004261,0.002131,0.009587
A,288318611,7.7249,2.2338,-5.6994
G,288320514,0.003196,0.002131,0.010653
A,288321082,7.7393,2.2230,-5.6958
G,288323001,0.003196,0.003196,0.011718
A,288323534,7.7500,2.2230,-5.6922
G,288325496,0.005326,0.005326,0.011718
TRK,288320,-0.03270,0.83278,0.30947,0.45785,0.9545,3.0311,-0.4053,0.000,0.000,0.000,1,12
A,288326024,7.7572,2.2230,-5.6886
G,288327970,0.006392,0.005326,0.010653
A,288328495,7.7572,2.2302,-5.6886
G,288330466,0.005326,0.007457,0.009587
A,288330986,7.7536,2.2302,-5.6922
G,288332940,0.004261,0.008522,0.008522
A,288333458,7.7536,2.2266,-5.6994
G,288335446,0.004261,0.009587,0.008522
A,288335929,7.7428,2.2194,-5.7174
G,288337941,0.005326,0.009587,0.007457
A,288338401,7.7393,2.2122,-5.7281
TRK,288333,-0.03270,0.83276,0.30947,0.45789,0.9545,3.0311,-0.4053,0.000,0.000,0.000,1,12
G,288340426,0.004261,0.008522,0.007457
A,288340853,7.7357,2.2194,-5.7353
G,288342938,0.003196,0.007457,0.005326
A,288343332,7.7249,2.2194,-5.7317
G,288345433,0.002131,0.007457,0.003196
A,288345804,7.7213,2.2194,-5.7281
G,288347928,0.004261,0.007457,0.000000
A,288348267,7.7141,2.2087,-5.7209
G,288350423,0.006392,0.007457,-0.002131
A,288350739,7.7141,2.2015,-5.7138
G,288352919,0.006392,0.007457,-0.002131
A,288353205,7.7177,2.1871,-5.7138
G,288355414,0.004261,0.005326,-0.001065
A,288355701,7.7213,2.1871,-5.7102
G,288357890,0.000000,0.002131,-0.003196
A,288358172,7.7321,2.1871,-5.7066
G,288360393,-0.003196,0.000000,-0.005326
A,288360646,7.7357,2.1907,-5.6994
G,288362889,-0.005326,-0.001065,-0.009587
A,288363118,7.7428,2.1943,-5.6958
TRK,288358,-0.03267,0.83272,0.30947,0.45796,0.9545,3.0311,-0.4053,0.000,0.000,0.000,1,12
G,288365375,-0.005326,-0.002131,-0.012783
A,288365576,7.7500,2.1943,-5.6922
G,288367892,-0.005326,-0.002131,-0.014914
A,288368065,7.7500,2.1943,-5.6922
G,288370387,-0.004261,-0.002131,-0.014914
A,288370537,7.7572,2.1979,-5.6958
G,288372897,-0.002131,-0.001065,-0.010653
A,288373019,7.7464,2.2015,-5.7030
G,288375392,0.001065,-0.001065,-0.007457
A,288375491,7.7428,2.2087,-5.7174
G,288377888,0.002131,0.000000,-0.006392
A,288377962,7.7321,2.2122,-5.7281
G,288380384,0.002131,0.002131,-0.007457
A,288380433,7.7213,2.2230,-5.7353
G,288382860,0.001065,0.003196,-0.007457
A,288382885,7.7177,2.2266,-5.7389
G,288385361,0.000000,0.005326,-0.007457
A,288385362,7.7105,2.2302,-5.7353
TRK,288386,-0.03262,0.83276,0.30951,0.45787,0.9545,3.0311,-0.4053,0.000,0.000,0.000,1,12
A,288387855,7.7105,2.2374,-5.7389
G,288387878,0.000000,0.005326,-0.008522
A,288390326,7.7105,2.2446,-5.7389
G,288390373,0.000000,0.004261,-0.011718
A,288392780,7.7141,2.2517,-5.7389
G,288392850,-0.002131,0.002131,-0.014914
A,288395273,7.7213,2.2625,-5.7425
G,288395365,-0.004261,0.000000,-0.017044
A,288397744,7.7249,2.2553,-5.7389
G,288397860,-0.005326,-0.002131,-0.017044
TRK,288393,-0.03262,0.83278,0.30952,0.45783,0.9545,3.0311,-0.4053,0.000,0.000,0.000,1,12
A,288400230,7.7249,2.2553,-5.7461
G,288400367,-0.005326,-0.001065,-0.013848
A,288402702,7.7249,2.2482,-5.7497
G,288402862,-0.005326,0.001065,-0.011718
A,288405159,7.7213,2.2410,-5.7569
G,288405340,-0.004261,0.002131,-0.012783
A,288407631,7.7177,2.2446,-5.7640
G,288407856,-0.003196,0.002131,-0.014914
A,288410077,7.7177,2.2446,-5.7569
G,288410352,-0.002131,0.003196,-0.015979
A,288412544,7.7213,2.2482,-5.7461
G,288412837,-0.002131,0.004261,-0.014914
A,288415034,7.7285,2.2517,-5.7317
G,288415344,-0.002131,0.004261,-0.014914
A,288417505,7.7321,2.2553,-5.7245
G,288417840,-0.003196,0.003196,-0.014914
A,288419964,7.7357,2.2589,-5.7138
G,288420316,-0.002131,0.002131,-0.013848
TRK,288421,-0.03254,0.83287,0.30958,0.45764,0.9545,3.0311,-0.4053,0.000,0.000,0.000,1,12
A,288422465,7.7357,2.2661,-5.7102
G,288422833,-0.002131,0.000000,-0.010653
A,288424937,7.7249,2.2697,-5.7030
G,288425329,-0.001065,-0.001065,-0.007457
A,288427398,7.7213,2.2697,-5.6994
G,288427806,-0.001065,0.000000,-0.005326
A,288429870,7.7213,2.2661,-5.6958
G,288430302,0.000000,0.002131,-0.006392
A,288432333,7.7249,2.2589,-5.6994
G,288432780,-0.001065,0.003196,-0.007457
A,288434827,7.7321,2.2589,-5.7030
G,288435288,-0.001065,0.003196,-0.008522
A,288437299,7.7393,2.2589,-5.7030
G,288437784,-0.001065,0.003196,-0.006392
A,288439773,7.7393,2.2661,-5.6994
G,288440272,0.001065,0.004261,-0.001065
A,288442245,7.7393,2.2733,-5.6958
G,288442768,0.003196,0.005326,0.005326
TRK,288437,-0.03250,0.83293,0.30962,0.45751,0.9545,3.0311,-0.4053,0.000,0.000,0.000,1,12
A,288444720,7.7428,2.2805,-5.6886
G,288445256,0.004261,0.006392,0.008522
A,288447192,7.7428,2.2841,-5.6922
G,288447766,0.005326,0.006392,0.009587
A,288449639,7.7464,2.2769,-5.6922
G,288450261,0.004261,0.005326,0.009587
A,288452127,7.7500,2.2769,-5.6994
G,288452760,0.002131,0.004261,0.009587
A,288454598,7.7572,2.2733,-5.7138
G,288455256,0.001065,0.004261,0.011718
A,288457067,7.7644,2.2769,-5.7138
G,288457735,0.001065,0.004261,0.011718
A,288459539,7.7644,2.2733,-5.7209
G,288460230,0.001065,0.002131,0.011718
TRK,288454,-0.03252,0.83296,0.30963,0.45744,0.9545,3.0311,-0.4053,0.000,0.000,0.000,1,12
A,288462008,7.7608,2.2661,-5.7138
G,288462710,0.001065,0.001065,0.010653
A,288464480,7.7500,2.2553,-5.7102
G,288465220,0.002131,0.000000,0.012783
A,288466931,7.7428,2.2410,-5.7066
G,288467715,0.004261,0.002131,0.015979
A,288469412,7.7321,2.2302,-5.7102
G,288470205,0.006392,0.004261,0.019175
A,288471884,7.7285,2.2302,-5.7066
G,288472725,0.007457,0.008522,0.022371
A,288474347,7.7249,2.2230,-5.7102
G,288475221,0.006392,0.011718,0.022371
A,288476840,7.7285,2.2230,-5.7138
G,288477720,0.004261,0.011718,0.020240
A,288479312,7.7357,2.2230,-5.7102
G,288480216,0.003196,0.008522,0.017044
A,288481784,7.7393,2.2194,-5.7066
G,288482715,0.004261,0.005326,0.013848
A,288484229,7.7464,2.2158,-5.7030
G,288485211,0.005326,0.004261,0.012783
A,288486700,7.7428,2.2122,-5.7030
TRK,288480,-0.03250,0.83297,0.30964,0.45742,0.9545,3.0311,-0.4053,0.000,0.000,0.000,1,12
G,288487711,0.006392,0.005326,0.010653
A,288489147,7.7393,2.2087,-5.7102
G,288490206,0.004261,0.006392,0.006392
A,288491618,7.7393,2.2087,-5.7066
G,288492706,0.003196,0.007457,0.003196
A,288494066,7.7393,2.2122,-5.7138
G,288495202,0.002131,0.006392,0.003196
A,288496535,7.7357,2.2122,-5.7138
G,288497671,0.001065,0.007457,0.006392
A,288499006,7.7357,2.2087,-5.7245
TRK,288493,-0.03243,0.83295,0.30967,0.45743,0.9545,3.0311,-0.4053,0.000,0.000,0.000,1,12
G,288500181,0.001065,0.006392,0.006392
A,288501467,7.7321,2.2015,-5.7245
G,288502677,0.001065,0.005326,0.006392
A,288503958,7.7285,2.1907,-5.7317
G,288505167,0.001065,0.004261,0.005326
A,288506429,7.7249,2.1799,-5.7245
G,288507663,0.000000,0.003196,0.002131
A,288508901,7.7285,2.1656,-5.7245
G,288510134,0.000000,0.003196,-0.001065
A,288511373,7.7285,2.1691,-5.7245
G,288512636,0.001065,0.001065,-0.004261
A,288513826,7.7285,2.1691,-5.7245
G,288515131,0.003196,0.000000,-0.004261
A,288516310,7.7285,2.1835,-5.7317
G,288517613,0.006392,-0.001065,-0.004261
A,288518782,7.7321,2.1979,-5.7317
G,288520122,0.007457,-0.001065,-0.005326
A,288521244,7.7285,2.2015,-5.7281
G,288522618,0.006392,-0.002131,-0.006392
TRK,288518,-0.03243,0.83293,0.30966,0.45747,0.9545,3.0311,-0.4053,0.000,0.000,0.000,1,12
A,288523739,7.7285,2.2158,-5.7245
G,288525109,0.003196,-0.002131,-0.009587
A,288526211,7.7249,2.2194,-5.7174
G,288527605,0.001065,-0.002131,-0.009587
A,288528687,7.7141,2.2230,-5.7102
G,288530077,-0.001065,-0.003196,-0.013848
A,288531159,7.7105,2.2266,-5.7066
G,288532567,-0.003196,-0.005326,-0.018109
A,288533605,7.7105,2.2302,-5.7030
G,288535063,-0.005326,-0.005326,-0.020240
A,288536093,7.7141,2.2338,-5.7102
G,288537546,-0.006392,-0.007457,-0.019175
A,288538565,7.7249,2.2302,-5.7066
G,288540049,-0.005326,-0.007457,-0.012783
A,288541024,7.7357,2.2230,-5.7102
G,288542545,-0.002131,-0.008522,-0.009587
TRK,288537,-0.03239,0.83295,0.30969,0.45743,0.9545,3.0311,-0.4053,0.000,0.000,0.000,1,12
A,288543524,7.7500,2.2194,-5.7102
G,288545038,-0.001065,-0.007457,-0.009587
A,288545995,7.7500,2.2158,-5.7174
G,288547552,-0.001065,-0.006392,-0.013848
A,288548467,7.7500,2.2266,-5.7245
G,288550048,-0.003196,-0.007457,-0.018109
A,288550939,7.7428,2.2446,-5.7317
G,288552541,-0.004261,-0.007457,-0.020240
A,288553390,7.7357,2.2482,-5.7389
G,288555036,-0.004261,-0.006392,-0.020240
A,288555883,7.7357,2.2517,-5.7389
G,288557520,-0.003196,-0.004261,-0.018109
A,288558355,7.7357,2.2446,-5.7317
G,288560033,-0.003196,-0.003196,-0.018109
A,288560828,7.7393,2.2410,-5.7281
G,288562529,-0.001065,-0.003196,-0.018109
A,288563300,7.7428,2.2338,-5.7174
G,288565014,-0.002131,-0.003196,-0.017044
A,288565745,7.7428,2.2338,-5.7138
TRK,288566,-0.03239,0.83302,0.30971,0.45729,0.9545,3.0311,-0.4053,0.000,0.000,0.000,1,12
G,288567537,-0.001065,-0.001065,-0.014914
A,288568231,7.7428,2.2374,-5.7102
G,288570033,-0.001065,0.001065,-0.011718
A,288570703,7.7428,2.2446,-5.7138
G,288572536,0.000000,0.003196,-0.009587
A,288573169,7.7428,2.2553,-5.7138
G,288575032,0.001065,0.003196,-0.010653
A,288575655,7.7393,2.2589,-5.7174
G,288577505,0.001065,0.001065,-0.009587
A,288578127,7.7393,2.2661,-5.7138
TRK,288578,-0.03243,0.83304,0.30969,0.45726,0.9545,3.0311,-0.4053,0.000,0.000,0.000,1,12
G,288580019,0.000000,-0.001065,-0.009587
A,288580605,7.7393,2.2625,-5.7209
G,288582514,-0.001065,-0.002131,-0.009587
A,288583076,7.7357,2.2625,-5.7209
G,288584997,-0.003196,-0.001065,-0.008522
A,288585525,7.7393,2.2589,-5.7281
G,288587511,-0.004261,0.001065,-0.009587
A,288588004,7.7321,2.2661,-5.7281
G,288590007,-0.004261,0.003196,-0.008522
A,288590476,7.7249,2.2697,-5.7209
G,288592511,-0.004261,0.004261,-0.007457
A,288592947,7.7213,2.2805,-5.7138
G,288595006,-0.003196,0.008522,-0.005326
A,288595419,7.7177,2.2805,-5.7102
G,288597489,-0.001065,0.010653,-0.003196
A,288597870,7.7249,2.2805,-5.7102
G,288599985,0.000000,0.008522,-0.002131
A,288600341,7.7321,2.2697,-5.7138
TRK,288594,-0.03244,0.83306,0.30969,0.45723,0.9545,3.0311,-0.4053,0.000,0.000,0.000,1,12
G,288602469,0.000000,0.005326,-0.001065
A,288602795,7.7357,2.2697,-5.7138
G,288604972,0.000000,0.003196,0.001065
A,288605268,7.7357,2.2697,-5.7138
G,288607468,0.000000,0.003196,0.000000
A,288607740,7.7357,2.2769,-5.7066
G,288609965,0.001065,0.004261,0.000000
A,288610208,7.7285,2.2769,-5.7030
G,288612460,0.002131,0.005326,0.002131
A,288612679,7.7285,2.2841,-5.6958
G,288614955,0.002131,0.006392,0.005326
A,288615146,7.7213,2.2769,-5.6958
G,288617450,0.002131,0.006392,0.006392
A,288617618,7.7321,2.2769,-5.6994
G,288619938,0.000000,0.003196,0.006392
A,288620079,7.7393,2.2697,-5.6958
G,288622434,-0.001065,0.000000,0.006392
TRK,288621,-0.03236,0.83303,0.30973,0.45725,0.9545,3.0311,-0.4053,0.000,0.000,0.000,1,12
A,288622577,7.7500,2.2661,-5.6994
G,288624909,-0.001065,-0.002131,0.005326
A,288625049,7.7536,2.2625,-5.6994
G,288627415,0.000000,-0.001065,0.007457
A,288627528,7.7500,2.2589,-5.6994
G,288629910,0.003196,0.002131,0.010653
A,288630000,7.7393,2.2553,-5.7066
G,288632384,0.006392,0.006392,0.012783
A,288632448,7.7393,2.2553,-5.7102
G,288634900,0.007457,0.008522,0.012783
A,288634939,7.7464,2.2482,-5.7138
G,288637395,0.007457,0.010653,0.014914
A,288637411,7.7608,2.2374,-5.7138
TRK,288637,-0.03234,0.83300,0.30973,0.45731,0.9545,3.0311,-0.4053,0.000,0.000,0.000,1,12
A,288639883,7.7716,2.2230,-5.7102
G,288639892,0.006392,0.011718,0.014914
A,288642355,7.7716,2.2122,-5.7066
G,288642387,0.004261,0.011718,0.014914
A,288644808,7.7680,2.2051,-5.6994
G,288644863,0.002131,0.008522,0.012783
A,288647292,7.7644,2.2087,-5.6922
G,288647370,0.003196,0.005326,0.012783
A,288649764,7.7536,2.2122,-5.6922
G,288649866,0.005326,0.004261,0.012783
A,288652229,7.7536,2.2158,-5.6922
G,288652353,0.007457,0.004261,0.014914
A,288654725,7.7572,2.2158,-5.6922
G,288654870,0.006392,0.004261,0.014914
A,288657197,7.7536,2.2087,-5.6958
G,288657365,0.005326,0.002131,0.013848
A,288659669,7.7536,2.2015,-5.6922
G,288659881,0.004261,0.001065,0.009587
A,288662114,7.7428,2.2015,-5.6922
G,288662376,0.004261,0.003196,0.008522
TRK,288663,-0.03234,0.83294,0.30971,0.45743,0.9545,3.0311,-0.4053,0.000,0.000,0.000,1,12
A,288664612,7.7393,2.2015,-5.6994
G,288664893,0.005326,0.003196,0.007457
A,288667084,7.7285,2.2051,-5.7066
G,288667388,0.007457,0.002131,0.006392
A,288669563,7.7285,2.2051,-5.7174
G,288669884,0.007457,0.002131,0.004261
A,288672034,7.7249,2.2051,-5.7281
G,288672399,0.005326,0.001065,0.000000
A,288674482,7.7213,2.2087,-5.7281
G,288674894,0.003196,0.002131,-0.001065
A,288676973,7.7249,2.2087,-5.7245
G,288677400,0.001065,0.001065,-0.003196
A,288679445,7.7213,2.2122,-5.7138
G,288679896,0.000000,0.001065,-0.001065
A,288681914,7.7213,2.2122,-5.7066
G,288682380,-0.001065,0.001065,0.000000
A,288684386,7.7213,2.2158,-5.7102
G,288684876,-0.003196,0.002131,0.000000
TRK,288679,-0.03232,0.83291,0.30972,0.45749,0.9545,3.0311,-0.4053,0.000,0.000,0.000,1,12
A,288686858,7.7141,2.2158,-5.7209
G,288687362,-0.004261,0.001065,-0.003196
A,288689350,7.7213,2.2122,-5.7281
G,288689867,-0.004261,0.001065,-0.004261
A,288691822,7.7249,2.2158,-5.7245
G,288692363,-0.003196,0.001065,-0.004261
A,288694303,7.7357,2.2122,-5.7102
G,288694857,-0.002131,0.002131,-0.003196
A,288696775,7.7393,2.2158,-5.6994
G,288697353,-0.004261,0.000000,-0.008522
A,288699240,7.7428,2.2158,-5.6850
G,288699830,-0.005326,-0.004261,-0.015979
A,288701735,7.7393,2.2158,-5.6886
G,288702337,-0.004261,-0.007457,-0.019175
A,288704207,7.7357,2.2158,-5.6994
G,288704833,-0.003196,-0.007457,-0.019175
A,288706683,7.7321,2.2158,-5.7102
G,288707320,-0.003196,-0.005326,-0.020240
A,288709155,7.7321,2.2194,-5.7245
TRK,288708,-0.03231,0.83288,0.30971,0.45754,0.9545,3.0311,-0.4053,0.000,0.000,0.000,1,12
G,288709837,-0.004261,-0.004261,-0.019175
A,288711612,7.7357,2.2230,-5.7353
G,288712333,-0.004261,-0.003196,-0.017044
A,288714100,7.7393,2.2302,-5.7389
G,288714830,-0.004261,-0.004261,-0.013848
A,288716572,7.7428,2.2302,-5.7425
G,288717326,-0.002131,-0.002131,-0.011718
A,288719031,7.7464,2.2302,-5.7353
G,288719794,0.001065,0.000000,-0.010653
TRK,288720,-0.03228,0.83288,0.30973,0.45752,0.9545,3.0311,-0.4053,0.000,0.000,0.000,1,12
A,288721531,7.7500,2.2266,-5.7281
G,288722302,0.004261,0.003196,-0.009587
A,288724003,7.7500,2.2266,-5.7281
G,288724798,0.006392,0.003196,-0.009587
A,288726475,7.7536,2.2266,-5.7209
G,288727277,0.005326,0.001065,-0.012783
A,288728946,7.7500,2.2230,-5.7174
G,288729790,0.003196,0.001065,-0.015979
A,288731402,7.7464,2.2302,-5.7138
G,288732285,0.002131,0.002131,-0.018109
A,288733894,7.7464,2.2374,-5.7138
G,288734784,0.001065,0.001065,-0.017044
A,288736366,7.7428,2.2482,-5.7174
G,288737279,0.001065,0.000000,-0.011718
A,288738839,7.7428,2.2625,-5.7209
G,288739758,0.001065,-0.002131,-0.006392
A,288741311,7.7428,2.2733,-5.7209
G,288742262,0.001065,-0.002131,-0.004261
A,288743760,7.7393,2.2841,-5.7102
G,288744758,0.003196,-0.002131,-0.006392
TRK,288740,-0.03244,0.83292,0.30966,0.45750,0.9545,3.0311,-0.4053,0.000,0.000,0.000,1,12
A,288746245,7.7357,2.2841,-5.7030
G,288747247,0.003196,-0.001065,-0.008522
A,288748717,7.7357,2.2841,-5.6922
G,288749742,0.001065,0.001065,-0.011718
A,288751203,7.7393,2.2769,-5.6850
G,288752231,0.000000,0.001065,-0.014914
A,288753675,7.7464,2.2697,-5.6886
G,288754744,-0.001065,-0.001065,-0.014914
A,288756135,7.7536,2.2625,-5.6922
G,288757240,0.000000,-0.002131,-0.010653
A,288758606,7.7536,2.2517,-5.6958
G,288759739,0.001065,0.000000,-0.003196
A,288761054,7.7500,2.2482,-5.6922
G,288762235,0.001065,0.000000,0.002131
TRK,288757,-0.03244,0.83294,0.30966,0.45746,0.9545,3.0311,-0.4053,0.000,0.000,0.000,1,12
A,288763534,7.7428,2.2517,-5.6886
G,288764714,0.001065,-0.001065,0.001065
A,288766005,7.7428,2.2589,-5.6886
G,288767218,0.001065,0.000000,-0.001065
A,288768459,7.7464,2.2697,-5.6922
G,288769713,0.001065,0.001065,-0.003196
A,288770950,7.7572,2.2805,-5.6994
G,288772203,0.000000,0.003196,0.000000
A,288773422,7.7680,2.2805,-5.7066
G,288774721,-0.001065,0.004261,-0.001065
A,288775892,7.7716,2.2841,-5.7138
G,288777217,-0.001065,0.004261,0.001065
A,288778363,7.7680,2.2805,-5.7209
G,288779717,0.000000,0.005326,0.002131
A,288780816,7.7536,2.2697,-5.7209
G,288782212,0.002131,0.005326,0.006392
A,288783295,7.7428,2.2661,-5.7209
G,288784687,0.003196,0.006392,0.007457
A,288785767,7.7321,2.2517,-5.7030
TRK,288781,-0.03241,0.83292,0.30967,0.45748,0.9545,3.0311,-0.4053,0.000,0.000,0.000,1,12
G,288787197,0.003196,0.006392,0.008522
A,288788232,7.7285,2.2446,-5.6922
G,288789693,0.003196,0.008522,0.011718
A,288790703,7.7285,2.2302,-5.6743
G,288792183,0.002131,0.011718,0.014914
A,288793150,7.7321,2.2230,-5.6599
G,288794693,0.002131,0.013848,0.017044
A,288795616,7.7464,2.2158,-5.6599
G,288797189,0.000000,0.011718,0.014914
A,288798111,7.7536,2.2122,-5.6599
G,288799676,0.001065,0.008522,0.011718
A,288800583,7.7572,2.2158,-5.6743
TRK,288796,-0.03244,0.83288,0.30964,0.45758,0.9545,3.0311,-0.4053,0.000,0.000,0.000,1,12
G,288802187,0.002131,0.007457,0.010653
A,288803051,7.7536,2.2122,-5.6850
G,288804682,0.004261,0.007457,0.010653
A,288805539,7.7428,2.2122,-5.6994
G,288807161,0.006392,0.008522,0.010653
A,288808011,7.7321,2.2051,-5.7138
G,288809673,0.006392,0.008522,0.011718
A,288810482,7.7285,2.1979,-5.7174
G,288812169,0.005326,0.007457,0.011718
A,288812953,7.7249,2.1979,-5.7209
G,288814669,0.004261,0.006392,0.009587
A,288815414,7.7249,2.1979,-5.7102
G,288817165,0.004261,0.003196,0.006392
A,288817902,7.7285,2.1943,-5.6994
G,288819642,0.005326,0.002131,0.004261
A,288820374,7.7321,2.1979,-5.6994
TRK,288820,-0.03250,0.83282,0.30959,0.45772,0.9545,3.0311,-0.4053,0.000,0.000,0.000,1,12
G,288822153,0.006392,0.002131,0.003196
A,288822847,7.7321,2.1943,-5.7030
G,288824649,0.007457,0.003196,0.003196
A,288825318,7.7357,2.1979,-5.7174
G,288827131,0.006392,0.004261,0.004261
A,288827763,7.7428,2.2015,-5.7281
G,288829626,0.005326,0.005326,0.005326
A,288830249,7.7464,2.2015,-5.7353
G,288832099,0.004261,0.005326,0.004261
A,288832721,7.7464,2.1979,-5.7389
G,288834621,0.003196,0.002131,0.002131
A,288835206,7.7464,2.1943,-5.7353
G,288837116,0.001065,-0.002131,-0.003196
A,288837678,7.7393,2.1835,-5.7317
G,288839618,0.000000,-0.002131,-0.005326
A,288840145,7.7321,2.1835,-5.7281
G,288842137,-0.002131,-0.001065,-0.005326
A,288842629,7.7321,2.1871,-5.7281
G,288844632,-0.002131,0.002131,-0.004261
A,288845100,7.7285,2.1871,-5.7245
TRK,288840,-0.03251,0.83279,0.30958,0.45777,0.9545,3.0311,-0.4053,0.000,0.000,0.000,1,12
G,288847124,-0.002131,0.004261,-0.004261
A,288847559,7.7357,2.1907,-5.7281
G,288849635,-0.001065,0.004261,-0.004261
A,288850037,7.7393,2.1979,-5.7281
G,288852131,0.000000,0.001065,-0.005326
A,288852509,7.7464,2.2015,-5.7209
G,288854628,0.001065,-0.002131,-0.007457
A,288854975,7.7536,2.2122,-5.7102
G,288857124,0.002131,-0.002131,-0.008522
A,288857447,7.7572,2.2194,-5.6994
G,288859625,0.003196,0.001065,-0.009587
A,288859918,7.7608,2.2302,-5.6850
G,288862121,0.003196,0.002131,-0.008522
A,288862390,7.7608,2.2338,-5.6814
TRK,288857,-0.03255,0.83280,0.30956,0.45777,0.9545,3.0311,-0.4053,0.000,0.000,0.000,1,12
G,288864603,0.003196,0.003196,-0.008522
A,288864842,7.7536,2.2482,-5.6814
G,288867115,0.002131,0.001065,-0.008522
A,288867325,7.7464,2.2517,-5.6814
G,288869610,0.001065,-0.001065,-0.011718
A,288869797,7.7393,2.2589,-5.6814
G,288872103,-0.002131,-0.002131,-0.017044
A,288872262,7.8793,2.4205,-3.9720
G,288874598,0.080960,0.035154,-0.038350
A,288874734,7.6998,3.0526,-0.2191
G,288877091,0.694552,0.148072,-0.104396
A,288877199,7.2616,4.1372,4.0438
G,288879586,2.234925,0.248207,-0.166181
A,288879671,6.3961,5.6383,7.3658
G,288882068,4.370780,0.165116,-0.061785
A,288882127,5.5234,7.0425,7.5669
G,288884564,5.902630,-0.206661,0.349407
TRK,288883,-0.04629,0.83194,0.31711,0.45296,0.9550,3.0316,-0.4055,0.090,0.016,-0.063,2,12
A,288884625,5.0027,8.0589,5.0494
G,288887037,5.806756,-0.775512,0.989631
A,288887097,5.1715,8.2959,1.9501
G,288889535,4.207794,-1.382713,1.635181
A,288889570,5.6455,7.7536,-0.2945
G,288892031,2.104962,-1.992044,2.086853
A,288892042,6.2920,6.1339,-1.3755
A,288894501,6.7912,3.6057,-1.9788
G,288894514,0.392017,-2.632268,2.309493
A,288896991,7.2042,0.4741,-3.0347
G,288897028,-0.623180,-3.259709,2.294580
A,288899463,7.2688,-2.3846,-4.0977
G,288899524,-1.053546,-3.687945,2.013350
A,288901925,7.1646,-4.3060,-4.8662
G,288902009,-1.136637,-3.761448,1.473261
A,288904397,6.7947,-5.0458,-5.4552
G,288904504,-1.053546,-3.632551,0.829841
TRK,288898,-0.05811,0.84327,0.31252,0.43342,0.9576,3.0316,-0.4073,0.174,0.002,-0.129,2,12
A,288906849,6.3746,-4.7728,-5.7604
G,288906978,-0.867125,-3.489806,0.305731
A,288909333,6.1663,-4.0330,-6.0585
G,288909483,-0.562460,-3.422694,0.036219
A,288911804,6.1734,-3.2286,-6.5505
G,288911979,-0.169377,-3.318298,0.000000
A,288914258,6.3710,-2.5462,-7.1180
G,288914453,0.217314,-3.140399,0.098004
A,288916753,6.6331,-2.0614,-7.6207
G,288916968,0.537959,-2.943325,0.218379
A,288919225,6.8917,-1.7597,-8.0373
G,288919464,0.782969,-2.755839,0.281230
A,288921689,7.0138,-1.6089,-8.6084
G,288921947,0.934237,-2.592854,0.262055
A,288924161,6.4608,-1.4617,-10.6985
G,288924443,1.009871,-2.406432,0.166181
TRK,288918,-0.04702,0.85851,0.30980,0.40592,0.9604,3.0325,-0.4102,0.108,0.076,-0.157,2,12
A,288926618,5.9687,-0.8511,-14.7387
G,288926918,1.254882,-1.936651,-0.019175
A,288929104,5.7353,0.0682,-19.0411
G,288929422,2.006958,-0.861799,-0.250337
A,288931575,6.1052,1.4509,-22.0075
G,288931917,3.374758,0.695618,-0.422910
A,288934045,7.3837,2.7869,-21.8315
G,288934404,5.189968,2.133724,-0.372843
A,288936517,8.3354,4.0330,-18.7430
G,288936920,7.030745,2.942260,-0.078830
A,288938966,8.7843,4.8052,-14.7674
G,288939415,8.411327,3.119094,0.352602
TRK,288935,-0.05940,0.85985,0.31773,0.39520,0.9613,3.0336,-0.4123,-0.014,0.028,-0.049,2,12
STAT,404.6,400.6,0,0,44713,7.4648,123.886,0.4747,0.8360,1.7463,9.8729,0.53,0.105
A,288941442,8.5904,5.3187,-11.5855
G,288941906,8.808671,3.018959,0.766990
A,288943914,8.1163,5.5198,-9.6750
G,288944422,8.031028,2.868757,1.084439
A,288946366,8.0086,5.1392,-8.6622
G,288946918,6.420348,2.726012,1.272991
A,288948860,8.3390,4.3670,-8.2205
G,288949424,4.627509,2.542786,1.335842
A,288951331,8.9172,3.2609,-8.1846
G,288951920,3.198989,2.271144,1.271926
A,288953805,9.6642,2.1081,-8.3282
G,288954406,2.333994,1.929194,1.112136
A,288956277,10.1778,1.1851,-8.4611
G,288956922,1.922802,1.575526,0.855407
A,288958731,10.4686,0.5279,-8.4755
G,288959417,1.732120,1.275122,0.509196
A,288961217,10.5261,0.1580,-8.4144
G,288961913,1.604288,1.080178,0.111853
A,288963689,10.4076,0.0503,-8.2923
G,288964409,1.503088,1.007740,-0.258859
A,288966155,10.3322,0.1185,-8.2133
G,288966885,1.470065,1.050351,-0.529436
TRK,288967,-0.13498,0.84261,0.33459,0.39981,0.9611,3.0331,-0.4121,0.002,-0.027,0.055,2,12
A,288968652,10.3537,0.3843,-8.2097
G,288969391,1.528654,1.185639,-0.684965
A,288971124,10.4220,0.7075,-8.2564
G,288971887,1.654356,1.386974,-0.751011
A,288973589,10.5979,1.0163,-8.3210
G,288974360,1.804558,1.637311,-0.742489
A,288976061,10.7021,1.2426,-8.3498
G,288976877,1.936651,1.943042,-0.658333
A,288978519,10.8134,1.3539,-8.2815
G,288979373,2.028263,2.295645,-0.494283
TRK,288979,-0.14611,0.83537,0.34125,0.40542,0.9612,3.0328,-0.4112,0.009,-0.028,0.099,2,12
A,288981009,10.8278,1.3216,-8.1523
G,288981869,2.075135,2.671683,-0.266316
A,288983481,10.8026,1.1384,-7.9224
G,288984365,2.085788,3.036003,-0.015979
A,288985952,10.7236,0.8188,-7.6854
G,288986842,2.074070,3.383280,0.209857
A,288988441,10.6518,0.4022,-7.4735
G,288989338,2.050634,3.718838,0.379234
A,288990913,10.6051,0.0359,-7.4376
G,288991834,2.031459,4.048005,0.481499
A,288993375,10.5046,-0.2765,-7.5597
G,288994301,2.001632,4.378236,0.527306
A,288995868,10.4435,-0.4956,-7.8865
G,288996799,1.929194,4.707404,0.541154
A,288998340,10.3753,-0.5962,-8.3857
G,288999308,1.784318,5.031244,0.559264
A,289000793,10.2208,-0.6895,-8.8526
G,289001803,1.562743,5.333779,0.595483
A,289003278,10.1993,-0.7111,-9.3625
G,289004291,1.276187,5.603291,0.668986
A,289005749,10.1382,-0.6500,-9.7396
G,289006787,0.927845,5.828061,0.763795
TRK,289001,-0.18101,0.81408,0.34012,0.43454,0.9615,3.0322,-0.4081,0.008,-0.028,0.173,2,12
A,289008235,10.1239,-0.6680,-9.9874
G,289009275,0.520914,6.015548,0.860734
A,289010706,10.1706,-0.7578,-10.0090
G,289011771,0.076699,6.158293,0.935302
A,289013172,10.3681,-0.8691,-9.8976
G,289014240,-0.361125,6.280798,1.012001
A,289015656,10.6051,-0.9481,-9.5457
G,289016726,-0.793622,6.404369,1.101483
A,289018128,11.0361,-0.8835,-9.1183
G,289019222,-1.244229,6.522614,1.154747
TRK,289013,-0.19817,0.79862,0.33028,0.46245,0.9614,3.0317,-0.4057,-0.024,-0.049,0.222,2,12
A,289020606,11.2551,-0.7578,-8.4432
G,289021701,-1.726794,6.574811,1.075917
A,289023077,11.3521,-0.7219,-7.6315
G,289024204,-2.194445,6.505569,0.874582
A,289025529,11.2982,-0.9373,-6.6834
G,289026700,-2.556635,6.295712,0.648746
A,289028018,11.1869,-1.3144,-5.7712
G,289029190,-2.750513,5.987851,0.499609
A,289030490,11.1294,-1.7095,-4.9919
G,289031710,-2.789927,5.650162,0.422910
A,289032960,11.1438,-2.0399,-4.4424
G,289034206,-2.747317,5.358280,0.363255
A,289035432,11.1690,-2.2266,-4.0618
G,289036705,-2.690858,5.156945,0.297209
A,289037883,11.2120,-2.3739,-3.8427
G,289039201,-2.638660,5.039766,0.241815
TRK,289038,-0.20357,0.77022,0.29502,0.52753,0.9602,3.0303,-0.3991,-0.064,-0.045,0.297,2,12
A,289040366,11.3090,-2.3846,-3.7385
G,289041681,-2.597115,4.981176,0.219444
A,289042837,11.4203,-2.3918,-3.6667
G,289044187,-2.569418,4.955610,0.221575
A,289045296,11.4024,-2.2482,-3.5913
G,289046682,-2.545982,4.920456,0.206661
A,289047768,11.3593,-2.1440,-3.4907
G,289049193,-2.514024,4.858671,0.151268
A,289050233,11.1761,-1.9896,-3.3471
G,289051689,-2.453304,4.758536,0.070307
A,289052728,10.9750,-1.9393,-3.2214
G,289054179,-2.353169,4.626443,-0.001065
A,289055200,10.8709,-1.9680,-3.1208
G,289056675,-2.229598,4.485828,-0.039415
A,289057676,10.8673,-2.0291,-3.0742
G,289059145,-2.115615,4.368649,-0.045806
A,289060148,11.0145,-2.2625,-3.0454
G,289061654,-2.025068,4.294081,-0.051133
A,289062613,11.1474,-2.3631,-3.0167
G,289064149,-1.965413,4.255731,-0.092678
TRK,289059,-0.19885,0.74940,0.27171,0.57011,0.9585,3.0298,-0.3920,-0.091,-0.004,0.337,2,12
A,289065101,11.3270,-2.4134,-2.9449
G,289066631,-1.929194,4.245079,-0.170442
A,289067572,11.4132,-2.3128,-2.8443
G,289069140,-1.918541,4.259992,-0.247141
A,289070039,11.4670,-2.1332,-2.7007
G,289071636,-1.929194,4.301538,-0.286556
A,289072511,11.5963,-2.1404,-2.5355
G,289074127,-1.941977,4.350540,-0.284426
A,289074961,11.7436,-2.4098,-2.3595
G,289076649,-1.939846,4.393150,-0.256729
A,289077442,11.8585,-2.8443,-2.1368
G,289079145,-1.901497,4.422977,-0.235423
A,289079914,11.9662,-3.0454,-1.9249
TRK,289075,-0.19547,0.73318,0.25804,0.59804,0.9570,3.0300,-0.3868,-0.115,0.025,0.364,2,12
G,289081646,-1.827994,4.440022,-0.230097
A,289082376,11.9375,-3.0598,-1.7310
G,289084142,-1.733185,4.440022,-0.246076
A,289084867,11.8549,-2.5642,-1.6305
G,289086622,-1.646899,4.422977,-0.259925
A,289087339,11.8944,-2.2446,-1.6448
G,289089134,-1.591505,4.417651,-0.272708
A,289089813,11.8154,-2.1512,-1.7418
G,289091629,-1.603223,4.476241,-0.303600
A,289092284,11.7974,-2.4672,-1.8783
G,289094141,-1.660747,4.601943,-0.392017
A,289094759,11.5712,-2.6396,-1.9752
G,289096637,-1.724663,4.747883,-0.534763
A,289097231,11.3449,-2.7869,-2.0183
G,289099120,-1.749164,4.851214,-0.668986
A,289099679,10.9786,-2.2194,-2.0578
TRK,289100,-0.19081,0.70126,0.23693,0.64475,0.9536,3.0314,-0.3772,-0.161,0.082,0.411,2,12
G,289101642,-1.729989,4.876781,-0.730771
A,289102165,10.8134,-1.5838,-2.1368
G,289104138,-1.678857,4.795820,-0.703074
A,289104637,10.6159,-0.9876,-2.2446
G,289106619,-1.595766,4.618987,-0.639159
A,289107085,10.4830,-0.5315,-2.4062
G,289109123,-1.512675,4.400607,-0.586961
A,289109556,10.3645,-0.4310,-2.4708
G,289111619,-1.469000,4.219512,-0.588026
A,289112045,10.1849,-0.3950,-2.4600
G,289114091,-1.483913,4.095942,-0.649811
A,289114517,10.0485,-0.3555,-2.2841
G,289116586,-1.535046,4.010720,-0.763795
A,289117007,9.9515,-0.3340,-2.0435
G,289119059,-1.588309,3.926564,-0.904409
A,289119478,9.9156,-0.3771,-1.6771
G,289121559,-1.626659,3.832821,-1.043959
A,289121946,9.9695,-0.7829,-1.2677
G,289124055,-1.592570,3.687945,-1.183509
A,289124418,9.9335,-1.0092,-0.9266
TRK,289119,-0.18515,0.67382,0.22326,0.67959,0.9500,3.0330,-0.3690,-0.203,0.081,0.420,2,12
G,289126538,-1.384844,3.394997,-1.353951
A,289126870,10.0341,-1.0379,-0.6572
G,289129051,-0.998153,2.940130,-1.577657
A,289129352,10.1957,-0.6752,-0.5926
G,289131547,-0.576308,2.439456,-1.827994
A,289131824,10.5369,0.0970,-0.6823
G,289134040,-0.316384,2.075135,-2.049569
A,289134288,10.9894,0.7865,-0.8655
G,289136536,-0.290817,1.931324,-2.218946
A,289136760,11.3413,1.2390,-1.0199
G,289139029,-0.433563,1.953695,-2.359561
A,289139225,11.4922,1.3862,-1.0989
G,289141545,-0.649811,2.055960,-2.495914
A,289141713,11.3880,1.3252,-1.0199
G,289144040,-0.863929,2.162487,-2.645051
A,289144184,11.1115,1.1097,-0.8045
TRK,289144,-0.16853,0.64770,0.22543,0.70800,0.9445,3.0351,-0.3584,-0.237,0.076,0.439,2,12
G,289146544,-1.035437,2.237055,-2.803776
A,289146661,10.7308,0.8188,-0.4525
G,289149039,-1.148355,2.273274,-2.949717
A,289149133,10.3609,0.4992,-0.0180
G,289151513,-1.198422,2.272209,-3.049852
A,289151580,10.0592,0.2406,0.5064
G,289154027,-1.188835,2.241316,-3.082875
A,289154070,9.9084,0.0467,1.0702
G,289156523,-1.106810,2.176335,-3.042395
A,289156541,9.9192,-0.0072,1.6520
TRK,289157,-0.15366,0.63464,0.23015,0.72156,0.9415,3.0360,-0.3530,-0.246,0.084,0.443,2,12
A,289159031,10.0916,0.0323,2.2158
G,289159037,-0.949151,2.064482,-2.936934
A,289161503,10.3609,0.1401,2.6899
G,289161532,-0.716923,1.903627,-2.781405
A,289163970,10.7308,0.2406,3.0311
G,289164023,-0.434628,1.705488,-2.612028
A,289166442,11.1007,0.3053,3.2034
G,289166519,-0.137419,1.491370,-2.457565
A,289168894,11.4383,0.3591,3.1999
G,289168993,0.144876,1.271926,-2.343582
A,289171366,11.6753,0.3950,3.0526
G,289171489,0.390952,1.054612,-2.258361
A,289173818,11.8010,0.5100,2.7940
G,289173963,0.592287,0.845820,-2.193379
A,289176302,11.8118,0.6608,2.4852
G,289176468,0.754207,0.649811,-2.139051
A,289178774,11.7687,0.8116,2.1691
G,289178964,0.889496,0.464455,-2.100701
A,289181239,11.6789,0.9768,1.8818
G,289181449,1.013066,0.286556,-2.077266
TRK,289182,-0.13613,0.61673,0.24825,0.73449,0.9356,3.0388,-0.3417,-0.235,0.134,0.480,2,12
A,289183735,11.5532,1.0846,1.6484
G,289183964,1.135572,0.112918,-2.060221
A,289186206,11.4132,1.1528,1.4509
G,289186460,1.261273,-0.052198,-2.045308
A,289188660,11.2336,1.1600,1.3036
G,289188933,1.393366,-0.205596,-2.031459
A,289191148,11.0433,1.1313,1.1672
G,289191438,1.524393,-0.335558,-2.021872
A,289193619,10.8386,1.0666,1.0558
G,289193962,1.642638,-0.435693,-2.018676
A,289196075,10.6446,0.9948,0.9732
G,289196457,1.738511,-0.503870,-2.017611
A,289198554,10.4543,0.9337,0.9158
G,289198952,1.806688,-0.544350,-2.020807
A,289201026,10.2783,0.8799,0.9050
G,289201448,1.848234,-0.562460,-2.022937
A,289203480,10.1131,0.8583,0.9301
G,289203918,1.868474,-0.565655,-2.028263
A,289205963,9.9659,0.8440,1.0020
G,289206416,1.878061,-0.560329,-2.039981
A,289208434,9.8725,0.8368,1.1169
TRK,289207,-0.12826,0.61080,0.27930,0.72970,0.9290,3.0428,-0.3282,-0.258,0.168,0.502,2,12
G,289208931,1.885518,-0.556068,-2.061286
A,289210886,9.7612,0.8260,1.2713
G,289211427,1.901497,-0.564590,-2.091114
A,289213368,9.6426,0.7901,1.4329
G,289213923,1.939846,-0.585895,-2.131594
A,289215840,9.4774,0.7183,1.5730
G,289216418,2.004827,-0.626375,-2.181661
A,289218300,9.2727,0.6644,1.6448
G,289218890,2.099636,-0.688161,-2.232794
TRK,289219,-0.12474,0.60817,0.29692,0.72554,0.9264,3.0446,-0.3233,-0.263,0.186,0.498,2,12
A,289220794,9.1004,0.5782,1.6305
G,289221397,2.214685,-0.775512,-2.274339
A,289223266,8.9998,0.5243,1.5155
G,289223892,2.339321,-0.878843,-2.303102
A,289225740,8.9926,0.4633,1.3252
G,289226378,2.459696,-0.985370,-2.333994
A,289228212,9.0249,0.4238,1.0774
G,289228873,2.557700,-1.076982,-2.374475
A,289230678,9.0716,0.4274,0.8260
G,289231350,2.623746,-1.154747,-2.424542
A,289233150,9.1147,0.4597,0.5890
G,289233867,2.649313,-1.216532,-2.461826
A,289235607,9.1650,0.5890,0.4202
G,289236363,2.634399,-1.265534,-2.475675
A,289238095,9.2512,0.7973,0.3232
G,289238860,2.584332,-1.302818,-2.461826
A,289240567,9.4056,1.0343,0.3124
TRK,289239,-0.11903,0.60543,0.33088,0.71401,0.9203,3.0492,-0.3124,-0.288,0.230,0.477,2,12
G,289241377,2.515089,-1.330515,-2.420281
A,289243026,9.5744,1.3216,0.3627
G,289243873,2.444782,-1.351821,-2.352104
A,289245497,9.7899,1.5945,0.4525
G,289246379,2.388323,-1.372061,-2.262622
A,289247948,10.0126,1.8531,0.5531
G,289248875,2.353169,-1.394431,-2.165683
A,289250419,10.2244,2.0542,0.6428
G,289251352,2.339321,-1.421063,-2.073004
A,289252891,10.4363,2.2338,0.7075
G,289253869,2.341451,-1.446629,-1.984588
A,289255353,10.6015,2.3308,0.7434
G,289256365,2.348908,-1.472195,-1.901497
A,289257836,10.7595,2.3918,0.7434
G,289258851,2.352104,-1.493501,-1.831189
A,289260308,10.8637,2.4241,0.7111
G,289261347,2.348908,-1.504153,-1.790709
TRK,289255,-0.11376,0.60513,0.35871,0.70157,0.9159,3.0528,-0.3054,-0.301,0.254,0.481,2,12
A,289262782,10.9212,2.4277,0.6608
G,289263824,2.335060,-1.497762,-1.775796
A,289265277,10.8924,2.4349,0.5638
G,289266322,2.309493,-1.475391,-1.771535
A,289267748,10.8278,2.4026,0.4417
G,289268817,2.271144,-1.446629,-1.752360
A,289270227,10.7416,2.3774,0.2945
G,289271299,2.227468,-1.421063,-1.714010
A,289272699,10.6913,2.3487,0.1401
G,289273817,2.181661,-1.406149,-1.670334
A,289275165,10.6841,2.3343,0.0072
G,289276313,2.134790,-1.401888,-1.644768
A,289277637,10.6734,2.3451,-0.1006
G,289278811,2.084722,-1.405084,-1.647964
A,289280085,10.6698,2.3667,-0.1616
G,289281307,2.033590,-1.408279,-1.666073
A,289282562,10.6446,2.4098,-0.1903
G,289283783,1.984588,-1.404018,-1.686314
A,289285033,10.6303,2.4744,-0.1903
TRK,289280,-0.10851,0.60642,0.39316,0.68257,0.9083,3.0597,-0.2932,-0.323,0.299,0.505,2,12
G,289286291,1.953695,-1.398692,-1.695901
A,289287493,10.6195,2.5642,-0.1580
G,289288787,1.946238,-1.400823,-1.707619
A,289289983,10.6231,2.6935,-0.1006
G,289291275,1.963282,-1.417867,-1.720402
A,289292455,10.6410,2.8299,-0.0215
G,289293782,1.997371,-1.453021,-1.737446
A,289294914,10.6769,2.9700,0.0754
G,289296277,2.039981,-1.499892,-1.747033
A,289297386,10.7129,3.1029,0.1724
G,289298776,2.087918,-1.552090,-1.755556
A,289299838,10.7595,3.2286,0.2693
G,289301272,2.141181,-1.592570,-1.764078
A,289302314,10.7200,3.3543,0.3484
G,289303743,2.197640,-1.574461,-1.772600
A,289304786,10.6015,3.4692,0.3915
TRK,289300,-0.10282,0.60715,0.41889,0.66733,0.9017,3.0659,-0.2830,-0.339,0.337,0.524,2,12
G,289306252,2.249839,-1.480717,-1.775796
A,289307250,10.4399,3.5626,0.3771
G,289308747,2.288188,-1.330515,-1.773665
A,289309737,10.2496,3.6129,0.3017
G,289311228,2.302037,-1.183509,-1.769404
A,289312208,10.1382,3.6524,0.1437
G,289313748,2.280731,-1.056742,-1.776861
A,289314685,10.1023,3.6631,-0.0611
G,289316244,2.215750,-0.952346,-1.802427
A,289317156,10.1095,3.6667,-0.2945
G,289318743,2.109223,-0.860734,-1.852495
A,289319614,10.1095,3.6667,-0.5243
G,289321238,1.971804,-0.786165,-1.917476
A,289322101,10.0556,3.6595,-0.7003
G,289323718,1.829059,-0.721184,-1.984588
A,289324573,9.9407,3.6380,-0.7973
G,289326218,1.698031,-0.664725,-2.033590
A,289327033,9.7648,3.5985,-0.8296
TRK,289323,-0.09833,0.60397,0.44869,0.65133,0.8933,3.0748,-0.2698,-0.344,0.382,0.544,2,12
G,289328738,1.596831,-0.623180,-2.060221
A,289329512,9.5780,3.5195,-0.8080
G,289331234,1.531850,-0.597613,-2.064482
A,289331984,9.4200,3.3902,-0.7721
G,289333733,1.502023,-0.589091,-2.062352
A,289334445,9.2943,3.2465,-0.7398
G,289336229,1.497762,-0.585895,-2.064482
A,289336916,9.2296,3.1316,-0.7147
G,289338709,1.507349,-0.580569,-2.076200
A,289339359,9.1794,3.1173,-0.6823
G,289341204,1.523328,-0.564590,-2.092179
TRK,289340,-0.09211,0.59776,0.46895,0.64365,0.8881,3.0807,-0.2617,-0.355,0.406,0.544,2,12
A,289341852,9.1866,3.1963,-0.6752
G,289343684,1.533981,-0.535828,-2.101767
A,289344323,9.2045,3.3866,-0.7003
G,289346187,1.530785,-0.492152,-2.095375
A,289346789,9.2692,3.6164,-0.7901
G,289348682,1.502023,-0.429302,-2.076200
A,289349260,9.3446,3.8319,-0.9266
G,289351173,1.433846,-0.341950,-2.043177
A,289351715,9.4272,4.0043,-1.0558
G,289353668,1.327320,-0.235423,-2.004827
A,289354202,9.5098,4.1192,-1.1349
G,289356139,1.192031,-0.118244,-1.966478
A,289356673,9.5852,4.1695,-1.1133
TRK,289356,-0.08711,0.59119,0.48519,0.63835,0.8819,3.0880,-0.2523,-0.366,0.434,0.546,2,12
G,289358641,1.048220,0.000000,-1.934520
A,289359140,9.6462,4.1803,-1.0092
G,289361136,0.911866,0.111853,-1.915345
A,289361612,9.7037,4.1515,-0.8475
G,289363616,0.795752,0.214118,-1.911084
A,289364059,9.7360,4.1084,-0.6536
G,289366128,0.699879,0.303600,-1.919606
A,289366538,9.7504,4.0725,-0.4633
G,289368624,0.621049,0.379234,-1.941977
A,289369010,9.7432,4.0654,-0.3017
G,289371116,0.557133,0.439954,-1.964347
A,289371470,9.7324,4.0941,-0.1939
G,289373612,0.504935,0.488956,-1.987783
A,289373942,9.7109,4.1623,-0.1472
G,289376104,0.462325,0.528371,-2.003762
A,289376403,9.6893,4.2485,-0.1616
G,289378612,0.426106,0.561394,-2.014415
A,289378882,9.6714,4.3239,-0.2191
G,289381131,0.401605,0.585895,-2.019741
A,289381371,9.6283,4.3814,-0.2945
G,289383627,0.384560,0.606135,-2.020807
A,289383843,9.5816,4.3958,-0.3699
TRK,289379,-0.07903,0.57723,0.50267,0.63865,0.8736,3.0981,-0.2401,-0.375,0.483,0.556,2,12
G,289386118,0.371777,0.623180,-2.022937
A,289386306,9.5313,4.3814,-0.4381
G,289388614,0.352602,0.646616,-2.024002
A,289388778,9.4559,4.3670,-0.4489
G,289391086,0.323840,0.676443,-2.022937
A,289391223,9.3984,4.3383,-0.4130
G,289393579,0.279099,0.706270,-2.017611
A,289393690,9.3015,4.3311,-0.3160
G,289396075,0.220510,0.727576,-2.012284
A,289396161,9.1794,4.3383,-0.1508
G,289398558,0.157659,0.729706,-2.002697
A,289398618,9.0537,4.3562,0.0215
G,289401063,0.104396,0.713727,-1.985653
A,289401098,8.9136,4.4101,0.2119
G,289403559,0.077764,0.686030,-1.961152
A,289403570,8.7879,4.4784,0.3807
TRK,289399,-0.07097,0.56246,0.51577,0.64233,0.8662,3.1081,-0.2290,-0.384,0.529,0.560,2,12
A,289406039,8.7017,4.5753,0.5243
G,289406051,0.082025,0.657268,-1.927063
A,289408511,8.6263,4.6759,0.6644
G,289408547,0.113983,0.628506,-1.885518
A,289410961,8.5473,4.7405,0.8045
G,289411020,0.162985,0.599744,-1.820537
A,289413442,8.4432,4.7369,0.9409
G,289413524,0.231162,0.568851,-1.737446
A,289415914,8.3175,4.6723,1.0630
G,289416020,0.311057,0.531567,-1.650095
A,289418368,8.1738,4.5322,1.1636
G,289418496,0.398409,0.478304,-1.581918
A,289420841,7.9978,4.3922,1.1851
G,289420991,0.481499,0.413323,-1.542503
A,289423313,7.8721,4.2449,1.1672
G,289423510,0.551807,0.344080,-1.533981
A,289425762,7.6890,4.1480,1.1205
G,289426006,0.601874,0.284426,-1.547829
TRK,289426,-0.06110,0.54487,0.53120,0.64591,0.8558,3.1234,-0.2140,-0.375,0.604,0.540,2,12
A,289428247,7.5381,4.0618,1.0774
G,289428509,0.632767,0.235423,-1.573395
A,289430719,7.3801,4.0079,1.0630
G,289431005,0.648746,0.193878,-1.596831
A,289433184,7.2903,3.9576,1.0630
G,289433489,0.667921,0.152333,-1.612810
A,289435670,7.2437,3.9289,1.0738
G,289435992,0.704140,0.111853,-1.622398
A,289438141,7.2472,3.9145,1.0523
G,289438488,0.760599,0.074569,-1.637311
TRK,289433,-0.05883,0.54105,0.53601,0.64536,0.8530,3.1280,-0.2101,-0.372,0.625,0.526,2,12
A,289440619,7.2616,3.9361,0.9984
G,289440982,0.829841,0.033023,-1.661812
A,289443090,7.2688,3.9828,0.8978
G,289443498,0.904409,-0.011718,-1.688444
A,289445540,7.2508,4.0618,0.7614
G,289445993,0.978978,-0.057524,-1.709749
A,289448028,7.2113,4.1659,0.6069
G,289448496,1.048220,-0.095874,-1.726794
A,289450499,7.1682,4.2880,0.4489
G,289450992,1.103614,-0.127832,-1.737446
A,289452970,7.1251,4.4137,0.3124
G,289453476,1.145159,-0.152333,-1.734250
A,289455441,7.0892,4.5358,0.1867
G,289455991,1.178182,-0.167247,-1.715076
A,289457893,7.0641,4.6328,0.0826
G,289458486,1.205879,-0.173638,-1.684183
A,289460365,6.9923,4.7082,-0.0108
TRK,289454,-0.05249,0.53147,0.55121,0.64106,0.8448,3.1426,-0.1989,-0.370,0.682,0.483,2,12
G,289461001,1.228250,-0.176834,-1.658617
A,289462817,6.9061,4.7585,-0.0718
G,289463496,1.246359,-0.176834,-1.636246
A,289465295,6.7624,4.7908,-0.0862
G,289465984,1.264469,-0.171508,-1.617071
A,289467767,6.6367,4.7872,-0.0539
G,289468480,1.288970,-0.160855,-1.591505
A,289470232,6.5038,4.7585,0.0180
G,289470954,1.325189,-0.144876,-1.574461
A,289472727,6.4069,4.7297,0.1293
G,289473459,1.372061,-0.122505,-1.569134
A,289475198,6.3135,4.7154,0.2334
G,289475974,1.423193,-0.095874,-1.579787
A,289477654,6.2417,4.7621,0.3304
G,289478469,1.474326,-0.071373,-1.589374
A,289480142,6.1950,4.8662,0.3735
G,289480964,1.516936,-0.053263,-1.587244
A,289482613,6.1770,5.0063,0.3340
G,289483460,1.552090,-0.039415,-1.572330
TRK,289478,-0.04671,0.52036,0.57245,0.63194,0.8366,3.1582,-0.1886,-0.366,0.723,0.440,2,12
A,289485101,6.1699,5.1571,0.2119
G,289485955,1.570200,-0.029827,-1.551025
A,289487573,6.1555,5.2828,0.0144
G,289488450,1.568069,-0.024501,-1.533981
A,289490042,6.1016,5.3582,-0.2227
G,289490925,1.546764,-0.023436,-1.520132
A,289492532,5.9939,5.3798,-0.4705
G,289493422,1.513741,-0.026632,-1.509480
A,289495004,5.8430,5.3367,-0.7362
G,289495917,1.478587,-0.030893,-1.496696
A,289497484,5.6563,5.2505,-0.9984
G,289498403,1.445564,-0.036219,-1.480717
A,289499956,5.4947,5.1356,-1.2749
G,289500910,1.414671,-0.038350,-1.456216
A,289502408,5.3762,5.0386,-1.5263
G,289503406,1.381648,-0.035154,-1.430650
TRK,289503,-0.04385,0.50867,0.59403,0.62166,0.8277,3.1766,-0.1783,-0.356,0.754,0.388,2,12
A,289504900,5.3187,4.9811,-1.7274
G,289505902,1.342233,-0.025566,-1.409345
A,289507372,5.3187,4.9811,-1.8459
G,289508398,1.301753,-0.011718,-1.393366
A,289509837,5.3510,5.0422,-1.8998
G,289510867,1.265534,0.005326,-1.368865
A,289512309,5.3977,5.1356,-1.8962
G,289513374,1.239968,0.026632,-1.334776
A,289514763,5.4588,5.2325,-1.8531
G,289515898,1.222924,0.046872,-1.286839
A,289517236,5.5198,5.3079,-1.7992
G,289518393,1.210140,0.059655,-1.232511
TRK,289514,-0.04268,0.50425,0.60154,0.61811,0.8233,3.1859,-0.1737,-0.360,0.756,0.360,2,12
A,289519731,5.5773,5.3403,-1.7059
G,289520890,1.202684,0.060720,-1.177117
A,289522203,5.6168,5.3367,-1.6197
G,289523408,1.196292,0.042611,-1.132376
A,289524671,5.6348,5.3008,-1.5514
G,289525903,1.198422,0.010653,-1.096157
A,289527142,5.6240,5.2469,-1.5371
G,289528410,1.208010,-0.024501,-1.074852
A,289529600,5.5845,5.2002,-1.6017
G,289530905,1.218663,-0.043676,-1.065264
A,289532088,5.5126,5.1607,-1.7095
G,289533391,1.220793,-0.035154,-1.066330
A,289534560,5.4336,5.1356,-1.8675
G,289535908,1.210140,0.000000,-1.075917
A,289537029,5.3798,5.1212,-2.0039
G,289538403,1.189900,0.056459,-1.086570
A,289539521,5.3618,5.1176,-2.1045
G,289540892,1.166465,0.116114,-1.097222
A,289541993,5.3941,5.1248,-2.0937
TRK,289541,-0.04122,0.49374,0.61957,0.60881,0.8134,3.2066,-0.1646,-0.368,0.766,0.303,2,12
G,289543398,1.141963,0.167247,-1.107875
A,289544453,5.4588,5.1284,-1.9321
G,289545894,1.129180,0.191748,-1.124919
A,289546945,5.5629,5.1463,-1.6269
G,289548380,1.148355,0.171508,-1.153681
A,289549416,5.6743,5.1715,-1.2318
G,289550876,1.217597,0.104396,-1.197357
A,289551888,5.7820,5.2182,-0.8475
G,289553363,1.337972,-0.001065,-1.258077
A,289554331,5.8179,5.2900,-0.5315
G,289555858,1.491370,-0.129962,-1.334776
A,289556824,5.8035,5.3582,-0.3915
G,289558345,1.658617,-0.267381,-1.416802
A,289559296,5.6922,5.4193,-0.4238
G,289560855,1.825863,-0.402670,-1.495631
A,289561763,5.5162,5.4731,-0.5782
G,289563351,1.978196,-0.519849,-1.559547
A,289564235,5.3474,5.5198,-0.7290
TRK,289559,-0.04021,0.48631,0.63178,0.60228,0.8070,3.2200,-0.1597,-0.368,0.789,0.265,2,12
G,289565848,2.099636,-0.611462,-1.605353
A,289566690,5.2002,5.5773,-0.8188
G,289568365,2.191249,-0.677508,-1.633050
A,289569167,5.0925,5.6527,-0.7542
G,289570861,2.262622,-0.726510,-1.653290
A,289571639,5.0386,5.7389,-0.6033
G,289573365,2.324407,-0.766990,-1.686314
A,289574104,4.9775,5.8395,-0.4848
G,289575861,2.377670,-0.806405,-1.737446
A,289576575,4.8554,5.9077,-0.4741
G,289578348,2.424542,-0.842624,-1.797101
A,289579024,4.6831,5.9364,-0.6680
G,289580844,2.461826,-0.869256,-1.849299
A,289581496,4.4855,5.9292,-1.0487
TRK,289580,-0.03572,0.47776,0.65602,0.58319,0.7990,3.2379,-0.1544,-0.351,0.820,0.212,2,12
G,289583331,2.481001,-0.872451,-1.883387
A,289583946,4.2916,5.8969,-1.5766
G,289585849,2.473544,-0.849016,-1.890844
A,289586428,4.1156,5.8790,-2.1261
G,289588344,2.438390,-0.802144,-1.871669
A,289588899,3.9828,5.8754,-2.6145
G,289590840,2.378736,-0.743555,-1.832255
A,289591361,3.8930,5.9005,-2.9628
G,289593336,2.305232,-0.677508,-1.776861
A,289593854,3.8427,5.9328,-3.1208
G,289595814,2.228533,-0.612527,-1.718271
A,289596325,3.8355,5.9580,-3.0095
G,289598322,2.161421,-0.558199,-1.661812
A,289598799,3.8499,5.9580,-2.6396
G,289600817,2.123072,-0.539024,-1.620267
A,289601271,3.8894,5.9221,-2.0758
G,289603299,2.135855,-0.573112,-1.600027
A,289603719,3.9504,5.8466,-1.4688
TRK,289604,-0.03108,0.46801,0.68057,0.56288,0.7913,3.2561,-0.1503,-0.338,0.817,0.159,2,12
G,289605817,2.214685,-0.658333,-1.614941
A,289606205,4.0294,5.7748,-1.0235
G,289608312,2.347843,-0.773382,-1.661812
A,289608698,4.1013,5.7138,-0.8547
G,289610787,2.508698,-0.892692,-1.731055
A,289611170,4.1264,5.6814,-1.0199
G,289613295,2.663161,-0.994957,-1.799232
A,289613646,4.0905,5.6778,-1.4832
G,289615790,2.787797,-1.065264,-1.842907
A,289616118,4.0043,5.6886,-2.1045
G,289618299,2.861300,-1.089765,-1.851429
A,289618595,3.9073,5.7066,-2.7833
G,289620794,2.879410,-1.073786,-1.830124
A,289621067,3.8535,5.7389,-3.3758
G,289623274,2.846386,-1.022654,-1.789644
A,289623517,3.8607,5.7676,-3.8247
TRK,289624,-0.02672,0.46013,0.70366,0.54076,0.7848,3.2725,-0.1477,-0.326,0.829,0.107,2,12
G,289625792,2.776079,-0.958738,-1.745968
A,289626007,3.9109,5.8071,-4.1480
G,289628288,2.683401,-0.888430,-1.708684
A,289628479,3.9756,5.8251,-4.3778
G,289630776,2.575809,-0.818123,-1.680987
A,289630939,4.0151,5.8143,-4.5645
G,289633272,2.462891,-0.743555,-1.657551
A,289633411,4.0151,5.7892,-4.7369
G,289635751,2.348908,-0.665790,-1.637311
A,289635864,3.9720,5.7389,-4.9093
G,289638247,2.235990,-0.580569,-1.614941
A,289638335,3.9145,5.6958,-5.0637
TRK,289637,-0.02428,0.45373,0.71964,0.52503,0.7799,3.2847,-0.1463,-0.333,0.814,0.084,2,12
G,289640726,2.126268,-0.491087,-1.590440
A,289640789,3.8642,5.6707,-5.1715
G,289643233,2.021872,-0.400539,-1.558482
A,289643271,3.8427,5.6778,-5.1858
G,289645729,1.927063,-0.314253,-1.523328
A,289645743,3.8822,5.7066,-5.0566
A,289648209,3.9971,5.7640,-4.8123
G,289648220,1.849299,-0.246076,-1.484978
A,289650696,4.2018,5.8323,-4.4855
G,289650730,1.802427,-0.207727,-1.449825
A,289653167,4.4784,5.9256,-4.1480
G,289653226,1.793905,-0.211988,-1.426389
A,289655624,4.7908,6.0406,-3.8786
G,289655705,1.824798,-0.256729,-1.424258
A,289658112,5.0853,6.1699,-3.7457
G,289658215,1.887648,-0.334493,-1.442368
A,289660584,5.3079,6.3099,-3.7637
G,289660711,1.971804,-0.427171,-1.474326
TRK,289656,-0.02282,0.44511,0.73428,0.51204,0.7741,3.2986,-0.1450,-0.342,0.803,0.060,2,12
A,289663052,5.4300,6.4284,-3.9720
G,289663201,2.065548,-0.514523,-1.511610
A,289665524,5.4336,6.4823,-4.3562
G,289665697,2.150769,-0.578439,-1.549960
A,289667974,5.3403,6.4895,-4.8626
G,289668167,2.207228,-0.606135,-1.584048
A,289670444,5.1679,6.4679,-5.3546
G,289670657,2.221076,-0.596548,-1.609614
A,289672916,4.9811,6.4715,-5.7964
G,289673179,2.185922,-0.553937,-1.622398
A,289675369,4.8159,6.5254,-6.0585
G,289675675,2.103897,-0.485761,-1.618137
A,289677842,4.6759,6.5936,-6.1339
G,289678166,1.981392,-0.401605,-1.600027
A,289680314,4.5394,6.6511,-6.0011
G,289680661,1.832255,-0.311057,-1.578722
A,289682766,4.3814,6.6547,-5.6850
G,289683131,1.674596,-0.230097,-1.564873
A,289685238,4.1659,6.5936,-5.2325
TRK,289684,-0.01921,0.43150,0.75783,0.48902,0.7636,3.3225,-0.1434,-0.363,0.804,0.052,2,12
G,289685652,1.535046,-0.171508,-1.562743
A,289687694,3.9109,6.4931,-4.7297
G,289688148,1.435976,-0.143811,-1.568069
A,289690168,3.6344,6.3494,-4.2844
G,289690638,1.391235,-0.145941,-1.578722
A,289692640,3.3435,6.2165,-3.9684
G,289693133,1.391235,-0.176834,-1.596831
A,289695100,3.0634,6.0980,-3.8355
G,289695607,1.422128,-0.229032,-1.620267
A,289697598,2.7940,6.0226,-3.8750
G,289698119,1.460477,-0.292948,-1.644768
A,289700070,2.5678,6.0011,-4.0582
G,289700615,1.492435,-0.355798,-1.660747
A,289702537,2.3990,6.0262,-4.3060
G,289703095,1.504153,-0.411192,-1.663943
A,289705009,2.2913,6.0944,-4.5717
TRK,289704,-0.01548,0.41993,0.77182,0.47718,0.7565,3.3384,-0.1427,-0.352,0.801,0.015,2,12
G,289705618,1.498827,-0.450607,-1.645833
A,289707469,2.2302,6.1806,-4.8088
G,289708113,1.480717,-0.469782,-1.607484
A,289709960,2.1907,6.2525,-4.9991
G,289710615,1.458347,-0.468716,-1.555286
A,289712432,2.1584,6.2848,-5.1715
G,289713111,1.428519,-0.451672,-1.502023
A,289714904,2.1081,6.2704,-5.3008
G,289715593,1.386974,-0.422910,-1.454086
A,289717375,2.0758,6.2130,-5.4085
G,289718089,1.329450,-0.386691,-1.414671
TRK,289712,-0.01287,0.41471,0.77868,0.47064,0.7540,3.3443,-0.1427,-0.346,0.793,0.003,2,12
A,289719848,2.0506,6.1375,-5.4588
G,289720571,1.258077,-0.346211,-1.383778
A,289722345,2.0435,6.0801,-5.4552
G,289723077,1.176052,-0.305731,-1.360343
A,289724817,2.0578,6.0621,-5.3905
G,289725573,1.094026,-0.267381,-1.343298
A,289727301,2.0865,6.0837,-5.3008
G,289728066,1.025850,-0.235423,-1.330515
A,289729773,2.1261,6.1411,-5.1966
G,289730584,0.981108,-0.215183,-1.320928
A,289732232,2.1691,6.2022,-5.1320
G,289733079,0.961934,-0.205596,-1.314536
A,289734708,2.2122,6.2632,-5.1284
G,289735562,0.958738,-0.201335,-1.309210
A,289737202,2.2338,6.3099,-5.1894
G,289738063,0.962999,-0.192813,-1.303884
A,289739673,2.2338,6.3422,-5.3008
G,289740572,0.966195,-0.176834,-1.297492
A,289742127,2.2230,6.3602,-5.4229
G,289743068,0.961934,-0.145941,-1.285774
TRK,289738,-0.00763,0.40270,0.79218,0.45850,0.7448,3.3655,-0.1432,-0.327,0.763,-0.040,2,12
A,289744605,2.1871,6.3638,-5.5270
G,289745551,0.949151,-0.098004,-1.268730
A,289747101,2.1404,6.3494,-5.6096
G,289748051,0.934237,-0.036219,-1.246359
A,289749572,2.0686,6.3315,-5.6707
G,289750547,0.915062,0.035154,-1.222924
A,289752041,1.9860,6.3063,-5.7209
G,289753021,0.886300,0.112918,-1.200553
A,289754513,1.9034,6.2812,-5.7569
G,289755524,0.847950,0.193878,-1.180313
A,289756963,1.8316,6.2417,-5.8000
G,289758020,0.805340,0.278034,-1.160073
A,289759444,1.7885,6.2094,-5.8323
G,289760504,0.769121,0.363255,-1.134507
A,289761916,1.7597,6.1806,-5.9041
G,289763008,0.740359,0.451672,-1.103614
A,289764368,1.7454,6.1663,-5.9831
G,289765504,0.714792,0.537959,-1.071656
TRK,289760,-0.00559,0.39122,0.80227,0.45086,0.7377,3.3822,-0.1444,-0.312,0.737,-0.068,2,12
A,289766861,1.7490,6.1878,-6.0657
G,289767998,0.689226,0.622114,-1.037567
A,289769332,1.4545,6.1914,-5.1032
G,289770493,0.663660,0.699879,-0.996022
A,289771806,0.7829,6.0262,-3.2465
G,289772968,0.758468,0.707336,-0.920388
A,289774278,0.0323,5.4624,-0.0611
G,289775473,1.212271,0.553937,-0.780839
A,289776733,-0.5459,4.7441,1.8998
G,289777968,2.228533,0.164051,-0.616788
TRK,289777,-0.00880,0.38235,0.80938,0.44568,0.7332,3.3930,-0.1456,-0.283,0.738,-0.120,2,12
A,289779218,-0.4345,4.0689,2.2051
G,289780453,3.597398,-0.419714,-0.511327
A,289781690,0.4345,3.9576,-0.2370
G,289782967,4.748949,-0.989631,-0.525175
A,289784155,1.5479,4.5789,-4.3419
G,289785463,5.172924,-1.267665,-0.618919
A,289786653,2.5139,5.6778,-8.3210
G,289787958,4.809669,-1.111071,-0.691357
A,289789124,3.0203,6.8199,-11.1510
G,289790453,3.986219,-0.607201,-0.665790
A,289791602,3.0813,7.5561,-12.4546
G,289792929,3.070092,0.021305,-0.531567
A,289794074,2.9054,7.7464,-12.4080
G,289795434,2.303102,0.602940,-0.334493
A,289796533,2.7043,7.4448,-11.4096
G,289797930,1.770469,1.056742,-0.152333
A,289799022,2.6432,6.8594,-9.9802
G,289800415,1.461543,1.361408,-0.030893
A,289801494,2.7402,6.2489,-8.4827
G,289802931,1.313471,1.529720,0.007457
A,289803964,2.9844,5.7856,-7.2544
G,289805427,1.269795,1.597896,-0.022371
A,289806436,3.2537,5.5629,-6.3566
TRK,289801,-0.01968,0.37832,0.82795,0.41351,0.7264,3.4110,-0.1492,-0.279,0.690,-0.120,2,12
G,289807922,1.286839,1.603223,-0.093743
A,289808888,3.4764,5.5557,-5.8502
G,289810418,1.345429,1.578722,-0.170442
A,289811370,3.5626,5.6707,-5.6707
G,289812894,1.431715,1.543568,-0.224771
A,289813842,3.5195,5.7892,-5.7353
G,289815389,1.545699,1.505219,-0.239684
A,289816320,3.3507,5.8610,-5.9508
G,289817861,1.678857,1.464738,-0.210922
A,289818792,3.1173,5.8430,-6.2058
G,289820368,1.821602,1.425324,-0.149137
A,289821256,2.8874,5.7712,-6.4500
G,289822863,1.956891,1.391235,-0.070307
A,289823728,2.6899,5.6563,-6.6367
G,289825350,2.074070,1.365669,0.010653
A,289826174,2.5534,5.5414,-6.7696
TRK,289826,-0.04161,0.36859,0.83605,0.40427,0.7194,3.4279,-0.1524,-0.283,0.681,-0.141,2,12
G,289827867,2.168878,1.355016,0.083091
A,289828651,2.4960,5.4552,-6.8486
G,289830363,2.237055,1.360343,0.140615
A,289831136,2.4780,5.4085,-6.8917
G,289832838,2.284992,1.386974,0.180030
A,289833607,2.5391,5.4265,-6.8989
G,289835347,2.313754,1.441303,0.207727
A,289836077,2.6109,5.4947,-6.8845
G,289837843,2.325472,1.520132,0.230097
A,289838549,2.6791,5.5952,-6.8342
G,289840343,2.321211,1.612810,0.257794
A,289841012,2.7330,5.6707,-6.8019
TRK,289838,-0.05445,0.36514,0.84096,0.39560,0.7159,3.4363,-0.1542,-0.279,0.668,-0.151,2,12
G,289842861,2.305232,1.706553,0.302535
A,289843492,2.7402,5.7281,-6.7014
G,289845357,2.291384,1.783252,0.368581
A,289845964,2.7294,5.7281,-6.6331
G,289847854,2.290318,1.837581,0.451672
A,289848425,2.7366,5.6707,-6.5254
G,289850349,2.312689,1.866343,0.541154
A,289850908,2.7581,5.6024,-6.4033
G,289852818,2.359561,1.880192,0.621049
A,289853380,2.8371,5.5234,-6.2920
G,289855326,2.423476,1.884453,0.684965
A,289855852,2.9090,5.4660,-6.1806
G,289857822,2.493784,1.888714,0.730771
A,289858324,2.9916,5.4049,-6.0980
G,289860303,2.558765,1.900432,0.758468
A,289860772,2.9808,5.3690,-6.0334
G,289862799,2.615224,1.922802,0.774447
A,289863244,2.9341,5.3115,-5.9867
TRK,289857,-0.07984,0.36053,0.84717,0.38203,0.7105,3.4493,-0.1574,-0.267,0.657,-0.169,2,12
G,289865287,2.666357,1.960086,0.786165
A,289865699,2.8730,5.2505,-5.9221
G,289867793,2.721750,2.015480,0.795752
A,289868173,2.8264,5.1679,-5.8430
G,289870289,2.784601,2.087918,0.800014
A,289870645,2.8012,5.0637,-5.7569
G,289872768,2.857039,2.165683,0.792557
A,289873092,2.6899,4.9416,-5.6886
G,289875277,2.931607,2.239186,0.785100
A,289875571,2.4313,4.8016,-5.6455
G,289877772,3.004045,2.304167,0.793622
A,289878043,2.2661,4.6220,-5.6096
G,289880261,3.067961,2.358495,0.833037
A,289880502,2.0219,4.3958,-5.6060
G,289882757,3.122290,2.391519,0.888430
A,289882974,1.9860,4.1803,-5.5665
G,289885246,3.173423,2.408563,0.939563
A,289885435,1.8926,3.9145,-5.5557
G,289887758,3.237338,2.437325,0.956607
A,289887920,1.8352,3.6955,-5.5629
G,289890254,3.314037,2.501241,0.941694
A,289890391,1.8028,3.4512,-5.5629
TRK,289886,-0.12286,0.35482,0.85484,0.35813,0.7036,3.4670,-0.1626,-0.241,0.645,-0.224,2,12
G,289892733,3.396063,2.605637,0.894822
A,289892844,1.9752,3.2178,-5.5809
G,289895230,3.461044,2.715359,0.835167
A,289895315,2.2877,3.0131,-5.5593
G,289897750,3.515372,2.813363,0.761664
A,289897809,2.8443,2.8443,-5.5450
G,289900245,3.572897,2.881540,0.680704
A,289900281,3.4333,2.7653,-5.5557
TRK,289900,-0.15101,0.34961,0.85891,0.34240,0.7001,3.4765,-0.1663,-0.234,0.630,-0.271,2,12
G,289902739,3.642139,2.909237,0.594418
A,289902749,3.9756,2.7761,-5.6204
A,289905221,4.4568,2.8551,-5.7712
G,289905235,3.714577,2.894323,0.510262
A,289907675,4.7585,2.9987,-5.9795
G,289907712,3.772101,2.846386,0.437824
A,289910147,4.9201,3.1603,-6.2273
G,289910208,3.801929,2.788862,0.379234
A,289912604,4.9668,3.2968,-6.4643
G,289912688,3.798733,2.740925,0.335558
A,289915088,4.9811,3.3974,-6.6619
G,289915194,3.761448,2.719620,0.300405
A,289917586,4.9452,3.4620,-6.7768
G,289917714,3.700728,2.729208,0.272708
A,289920058,4.9560,3.4692,-6.8163
G,289920210,3.627225,2.767557,0.247141
A,289922537,4.9740,3.4584,-6.7552
G,289922710,3.554787,2.825081,0.226901
A,289925009,5.0135,3.4153,-6.6116
G,289925205,3.499393,2.893258,0.205596
TRK,289925,-0.19816,0.33358,0.86651,0.31404,0.6941,3.4920,-0.1735,-0.248,0.622,-0.303,2,12
A,289927489,5.0889,3.3938,-6.3961
G,289927705,3.470631,2.964631,0.176834
A,289929961,5.1643,3.4369,-6.0944
G,289930201,3.480219,3.023220,0.132093
A,289932422,5.2577,3.5590,-5.7389
G,289932681,3.542004,3.061570,0.073503
A,289934914,5.3223,3.7673,-5.3331
G,289935192,3.666640,3.078614,0.009587
A,289937386,5.3546,3.9899,-4.9273
G,289937688,3.867975,3.083940,-0.051133
A,289939858,5.3510,4.1480,-4.6005
G,289940178,4.143878,3.091397,-0.109722
A,289942330,5.3187,4.2054,-4.4029
TRK,289937,-0.22201,0.32325,0.86936,0.30072,0.6910,3.4997,-0.1773,-0.250,0.630,-0.320,2,12
STAT,404.6,400.6,0,0,44713,1.6550,226.603,0.4747,0.8360,1.7463,9.8729,0.53,0.105
G,289942697,4.478372,3.109507,-0.173638
A,289944782,5.2756,4.1228,-4.4029
G,289945193,4.838431,3.137203,-0.241815
A,289947267,5.2613,3.9073,-4.6220
G,289947693,5.176120,3.170227,-0.307861
A,289949738,5.2792,3.5985,-5.0458
G,289950189,5.448828,3.198989,-0.370712
A,289952204,5.2720,3.2429,-5.6204
G,289952669,5.618204,3.208576,-0.420779
A,289954700,5.2900,2.8982,-6.2596
G,289955180,5.671467,3.193662,-0.456998
A,289957172,5.2828,2.6360,-6.8522
G,289957676,5.618204,3.173423,-0.478304
TRK,289957,-0.26438,0.29876,0.87732,0.26674,0.6861,3.5125,-0.1840,-0.247,0.651,-0.353,2,12
A,289959649,5.3079,2.4493,-7.3406
G,289960166,5.486112,3.167031,-0.486826
A,289962121,5.3654,2.3846,-7.6782
G,289962662,5.302886,3.187271,-0.487891
A,289964576,5.4767,2.3631,-7.8685
G,289965130,5.088768,3.225621,-0.481499
A,289967065,5.5665,2.4134,-7.9619
G,289967632,4.852280,3.269296,-0.464455
A,289969536,5.6096,2.4816,-7.9691
G,289970128,4.596616,3.310842,-0.434628
A,289972006,5.6455,2.5211,-7.9476
G,289972609,4.323908,3.355583,-0.398409
A,289974478,5.6168,2.5319,-7.8793
G,289975121,4.043744,3.416303,-0.366451
A,289976928,5.5701,2.4672,-7.7752
G,289977617,3.766775,3.490871,-0.337689
A,289979397,5.4803,2.3739,-7.5992
G,289980096,3.499393,3.568635,-0.311057
A,289981869,5.3510,2.2589,-7.3370
TRK,289981,-0.31038,0.27055,0.88077,0.23392,0.6802,3.5282,-0.1928,-0.228,0.628,-0.357,2,12
G,289982618,3.260774,3.644269,-0.280165
A,289984332,5.1787,2.1620,-6.9851
G,289985114,3.069026,3.719903,-0.240750
A,289986803,4.9847,2.0578,-6.5505
G,289987615,2.935869,3.795537,-0.192813
A,289989247,4.7908,1.9680,-6.0585
G,289990111,2.859169,3.865844,-0.141680
A,289991723,4.6112,1.8459,-5.5737
G,289992593,2.836799,3.930825,-0.093743
A,289994194,4.4891,1.7131,-5.1463
G,289995106,2.855974,3.993676,-0.054328
A,289996651,4.4245,1.5407,-4.8123
G,289997601,2.901780,4.049070,-0.023436
TRK,289997,-0.34634,0.25309,0.87600,0.22051,0.6769,3.5375,-0.1982,-0.216,0.622,-0.388,2,12
A,289999138,4.4532,1.3755,-4.5861
G,290000093,2.951848,4.086354,0.003196
A,290001610,4.5502,1.2462,-4.4353
G,290002589,2.987001,4.100203,0.030893
A,290004078,4.6651,1.2103,-4.3060
G,290005062,3.014698,4.101268,0.061785
A,290006550,4.8662,1.1600,-4.2234
G,290007565,3.043460,4.103398,0.091613
A,290009000,5.0637,1.1851,-4.0833
G,290010061,3.071157,4.102333,0.118244
A,290011480,5.2828,1.1708,-3.9217
G,290012544,3.087136,4.084224,0.153398
A,290013952,5.4767,1.1995,-3.6775
G,290015057,3.103115,4.044809,0.199204
A,290016413,5.5952,1.2713,-3.3471
G,290017553,3.149987,3.995807,0.256729
A,290018900,5.6994,1.3180,-2.9664
G,290020041,3.253317,3.948935,0.314253
A,290021372,5.7676,1.3934,-2.5534
G,290022537,3.405650,3.892476,0.367516
TRK,290017,-0.38923,0.23404,0.86734,0.20360,0.6727,3.5497,-0.2065,-0.219,0.623,-0.454,2,12
A,290023845,5.8395,1.4329,-2.1691
G,290025010,3.587810,3.815777,0.412257
A,290026317,5.9113,1.4868,-1.8136
G,290027514,3.782754,3.712446,0.451672
A,290028771,5.9939,1.5766,-1.5227
G,290030010,3.980893,3.583549,0.486826
A,290031256,6.1555,1.6376,-1.3396
G,290032494,4.167314,3.431216,0.527306
A,290033727,6.3997,1.7059,-1.2749
G,290034990,4.321777,3.255448,0.579504
A,290036213,6.7337,1.7382,-1.3827
G,290037474,4.437891,3.067961,0.639159
A,290038685,7.1359,1.7454,-1.6448
G,290039979,4.529504,2.899650,0.692422
A,290041141,7.5417,1.7238,-2.0506
G,290042474,4.612595,2.782471,0.719053
TRK,290042,-0.43819,0.21048,0.85767,0.16762,0.6669,3.5656,-0.2189,-0.256,0.667,-0.540,2,12
A,290043639,7.9224,1.6664,-2.5247
G,290044969,4.686098,2.722816,0.723314
A,290046110,8.2384,1.5802,-2.9880
G,290047464,4.738296,2.708967,0.715858
A,290048588,8.4791,1.4724,-3.3722
G,290049939,4.762797,2.719620,0.716923
A,290051060,8.6407,1.3575,-3.6200
G,290052445,4.761732,2.738795,0.727576
A,290053519,8.7700,1.2354,-3.7493
G,290054940,4.740427,2.740925,0.740359
A,290055991,8.9100,1.1025,-3.7709
G,290057446,4.709534,2.711098,0.746750
A,290058452,9.1111,0.9589,-3.7601
G,290059942,4.690359,2.643986,0.741424
TRK,290059,-0.46759,0.19347,0.85198,0.13437,0.6622,3.5774,-0.2284,-0.278,0.693,-0.553,2,12
A,290060943,9.3805,0.7973,-3.7852
G,290062427,4.698882,2.549178,0.719053
A,290063414,9.7181,0.6141,-3.9217
G,290064940,4.738296,2.441586,0.674312
A,290065884,10.0592,0.4094,-4.2018
G,290067436,4.794755,2.333994,0.607201
A,290068356,10.3501,0.1939,-4.6400
G,290069932,4.838431,2.233859,0.520914
A,290070810,10.5620,-0.0251,-5.2146
G,290072428,4.837366,2.146508,0.422910
A,290073294,10.6626,-0.2514,-5.8538
G,290074903,4.753210,2.071939,0.321710
A,290075766,10.6734,-0.4525,-6.4823
G,290077409,4.558267,2.008023,0.225836
A,290078231,10.5943,-0.6500,-7.0066
G,290079905,4.255731,1.956891,0.134223
A,290080715,10.4399,-0.8152,-7.3694
G,290082380,3.880758,1.928128,0.047937
A,290083187,10.2065,-0.9409,-7.5202
TRK,290083,-0.49814,0.16942,0.84527,0.09311,0.6551,3.5947,-0.2417,-0.288,0.691,-0.509,2,12
G,290084897,3.486610,1.930259,-0.041545
A,290085663,9.8904,-1.0379,-7.4555
G,290087392,3.118029,1.960086,-0.131028
A,290088135,9.5205,-1.0918,-7.1898
G,290089889,2.800580,2.006958,-0.210922
A,290090593,9.1040,-1.1205,-6.7409
G,290092384,2.537460,2.051699,-0.272708
A,290093064,8.6910,-1.1169,-6.1663
G,290094881,2.329733,2.078331,-0.313188
A,290095524,8.3282,-1.0918,-5.5198
G,290097377,2.176335,2.073004,-0.333428
A,290097995,8.0517,-1.0307,-4.8878
G,290099874,2.085788,2.036785,-0.337689
A,290100456,7.8757,-0.9481,-4.3383
G,290102369,2.062352,1.975000,-0.327036
TRK,290097,-0.51398,0.15622,0.83973,0.07921,0.6509,3.6048,-0.2491,-0.273,0.672,-0.494,2,12
A,290102947,7.7788,-0.8368,-3.9504
G,290104846,2.092179,1.899366,-0.309992
A,290105419,7.7177,-0.7542,-3.7529
G,290107352,2.153965,1.822667,-0.288687
A,290107889,7.6638,-0.6931,-3.7385
G,290109848,2.221076,1.760882,-0.257794
A,290110361,7.5776,-0.6931,-3.8786
G,290112335,2.264752,1.724663,-0.220510
A,290112814,7.4627,-0.7470,-4.0977
G,290114841,2.263687,1.716141,-0.171508
A,290115287,7.3155,-0.8440,-4.2916
G,290117337,2.216815,1.735316,-0.111853
A,290117781,7.1718,-0.9553,-4.3922
G,290119814,2.147573,1.776861,-0.045806
A,290120253,7.0354,-1.0523,-4.3491
G,290122312,2.086853,1.835451,0.017044
A,290122718,6.9168,-1.1061,-4.1695
G,290124808,2.053830,1.906823,0.075634
A,290125190,6.7947,-1.1133,-3.9002
TRK,290119,-0.53433,0.13961,0.83124,0.06351,0.6449,3.6196,-0.2603,-0.268,0.658,-0.523,2,12
G,290127296,2.055960,1.988849,0.129962
A,290127647,6.6906,-1.0846,-3.5877
G,290129814,2.082592,2.078331,0.181095
A,290130134,6.5972,-1.0127,-3.2681
G,290132310,2.117746,2.156095,0.225836
A,290132606,6.5434,-0.9086,-2.9556
G,290134808,2.142247,2.209358,0.264186
A,290135074,6.5469,-0.8009,-2.6755
G,290137303,2.160356,2.229598,0.294013
A,290137546,6.5936,-0.6859,-2.4493
TRK,290132,-0.54636,0.13238,0.82524,0.05415,0.6416,3.6277,-0.2670,-0.264,0.649,-0.551,2,12
G,290139801,2.188053,2.227468,0.314253
A,290140015,6.6511,-0.6069,-2.2984
G,290142297,2.241316,2.211489,0.323840
A,290142487,6.7157,-0.5962,-2.2410
G,290144772,2.320146,2.189118,0.324906
A,290144934,6.7624,-0.6321,-2.2589
G,290147281,2.419215,2.164617,0.317449
A,290147415,6.7804,-0.7398,-2.3774
G,290149776,2.525742,2.140116,0.303600
A,290149887,6.7660,-0.9086,-2.5821
G,290152265,2.623746,2.117746,0.283360
A,290152350,6.7050,-1.1241,-2.8766
G,290154784,2.691923,2.100701,0.259925
A,290154843,6.5829,-1.4114,-3.2681
G,290157279,2.715359,2.090049,0.234358
A,290157315,6.4069,-1.7669,-3.6847
G,290159778,2.687662,2.090049,0.213053
A,290159789,6.1806,-2.1763,-4.0941
A,290162260,5.9221,-2.6612,-4.4317
G,290162274,2.614159,2.107093,0.200270
TRK,290157,-0.57224,0.11714,0.81108,0.03124,0.6350,3.6436,-0.2814,-0.266,0.638,-0.616,2,12
A,290164735,5.6348,-3.1891,-4.6615
G,290164772,2.503371,2.143312,0.201335
A,290167207,5.3295,-3.7134,-4.7728
G,290167268,2.355300,2.200836,0.224771
A,290169663,5.0242,-4.1982,-4.7549
G,290169747,2.167813,2.278601,0.266316
A,290172143,4.7477,-4.5933,-4.5897
G,290172249,1.947303,2.375540,0.325971
A,290174615,4.5250,-4.8518,-4.2808
G,290174745,1.718271,2.488458,0.397344
A,290177083,4.3742,-4.9524,-3.8068
G,290177234,1.506284,2.614159,0.485761
A,290179580,4.2952,-4.8914,-3.2178
G,290179752,1.333711,2.734534,0.588026
A,290182052,4.3096,-4.6795,-2.5570
G,290182248,1.218663,2.835734,0.705205
TRK,290178,-0.59296,0.10608,0.79808,0.01472,0.6301,3.6556,-0.2942,-0.230,0.567,-0.679,2,12
A,290184551,4.4101,-4.3347,-1.8890
G,290184767,1.173921,2.908172,0.835167
A,290187023,4.6184,-3.9504,-1.3072
G,290187262,1.196292,2.944391,0.972586
A,290189502,4.9380,-3.5733,-0.8619
G,290189761,1.271926,2.946521,1.112136
A,290191974,5.3439,-3.2789,-0.5962
G,290192257,1.378452,2.914563,1.242098
A,290194435,5.8251,-3.0957,-0.5207
G,290194736,1.493501,2.857039,1.358212
A,290196907,6.3386,-2.9951,-0.5782
G,290197232,1.594701,2.779275,1.448759
A,290199369,6.8809,-2.9485,-0.7506
G,290199712,1.665008,2.691923,1.507349
TRK,290196,-0.61692,0.10570,0.77989,0.00120,0.6255,3.6661,-0.3085,-0.240,0.504,-0.763,2,12
A,290201862,7.4340,-2.8587,-0.9445
G,290202221,1.700162,2.605637,1.527589
A,290204334,7.9799,-2.6791,-1.1241
G,290204717,1.695901,2.530003,1.505219
A,290206803,8.5042,-2.3523,-1.2462
G,290207202,1.657551,2.470348,1.438107
A,290209274,8.9890,-1.7921,-1.2677
G,290209723,1.577657,2.426672,1.304949
A,290211729,9.3769,-1.0343,-1.2103
G,290212218,1.448759,2.406432,1.064199
A,290214215,9.6893,-0.1724,-1.1205
G,290214718,1.253816,2.408563,0.673247
A,290216687,9.9766,0.6393,-1.0415
G,290217214,0.959803,2.395780,0.167247
A,290219153,10.2639,1.1744,-1.0953
G,290219694,0.545415,2.305232,-0.340885
A,290221641,10.6877,1.4688,-1.1779
G,290222195,0.049002,2.112419,-0.724380
A,290224113,11.0145,1.4078,-1.4329
G,290224690,-0.420779,1.876996,-0.980043
TRK,290219,-0.63976,0.10449,0.76130,-0.01454,0.6200,3.6771,-0.3258,-0.257,0.506,-0.785,2,12
A,290226591,11.4168,1.1815,-1.6915
G,290227181,-0.764860,1.691640,-1.165399
A,290229063,11.5855,0.8691,-2.0686
G,290229676,-0.981108,1.575526,-1.348625
A,290231521,11.8154,0.6033,-2.4780
G,290232147,-1.143029,1.486044,-1.513741
A,290234012,12.0129,0.5136,-2.8982
G,290234649,-1.341168,1.353951,-1.601092
A,290236484,12.1997,0.6357,-3.3291
G,290237145,-1.581918,1.169660,-1.575526
TRK,290236,-0.64959,0.10105,0.75354,0.00011,0.6156,3.6863,-0.3393,-0.247,0.551,-0.757,2,12
A,290238949,12.3900,0.9122,-3.6559
G,290239620,-1.820537,0.970456,-1.443433
A,290241420,12.3541,1.2785,-3.8966
G,290242131,-1.997371,0.810666,-1.263404
A,290243871,12.2068,1.5838,-4.0043
G,290244626,-2.092179,0.755272,-1.087635
A,290246348,11.8800,1.7526,-3.9756
G,290247112,-2.133724,0.815992,-0.947020
A,290248828,11.4994,1.7382,-3.8463
G,290249601,-2.168878,0.967260,-0.854342
A,290251300,11.0792,1.4976,-3.6775
G,290252096,-2.237055,1.154747,-0.814927
A,290253774,10.7200,1.0558,-3.5518
G,290254579,-2.341451,1.346494,-0.819188
A,290256246,10.4543,0.4956,-3.4907
G,290257091,-2.455435,1.530785,-0.839428
A,290258701,10.3717,-0.1185,-3.5267
G,290259587,-2.553439,1.696966,-0.846885
TRK,290259,-0.65615,0.10842,0.74629,0.02747,0.6107,3.6992,-0.3555,-0.194,0.598,-0.718,2,12
A,290261187,10.4758,-0.6859,-3.6057
G,290262079,-2.632268,1.840777,-0.826645
A,290263659,10.7272,-1.0953,-3.6164
G,290264575,-2.704706,1.969674,-0.795752
A,290266126,11.0468,-1.3144,-3.5554
G,290267047,-2.786732,2.101767,-0.763795
A,290268598,11.3737,-1.3611,-3.3794
G,290269551,-2.893258,2.240251,-0.746750
A,290271046,11.6502,-1.2785,-3.1137
G,290272046,-3.027481,2.381931,-0.754207
A,290273545,11.8405,-1.1205,-2.8120
G,290274550,-3.178749,2.514024,-0.801079
A,290276017,11.9698,-0.9194,-2.4924
G,290277045,-3.326821,2.625877,-0.886300
A,290278486,12.0309,-0.6859,-2.2302
G,290279518,-3.458913,2.711098,-1.003479
A,290280958,12.0919,-0.4202,-1.9680
TRK,290280,-0.66916,0.12104,0.73091,0.05787,0.6068,3.7124,-0.3711,-0.158,0.590,-0.675,2,12
G,290282031,-3.579288,2.765426,-1.143029
A,290283419,12.1602,-0.1508,-1.7741
G,290284527,-3.694337,2.788862,-1.295362
A,290285905,12.2463,0.0862,-1.5838
G,290287015,-3.805124,2.777144,-1.448759
A,290288377,12.3254,0.2586,-1.3539
G,290289510,-3.906324,2.733469,-1.595766
A,290290849,12.3613,0.3879,-1.1133
G,290291984,-3.984089,2.658900,-1.742772
A,290293321,12.3002,0.5926,-0.6823
G,290294480,-4.028830,2.567287,-1.889779
A,290295795,11.4419,1.9142,1.3575
G,290296955,-4.003263,2.456500,-2.019741
A,290298267,11.1582,3.4836,3.9397
TRK,290297,-0.68058,0.13186,0.71446,0.09470,0.6042,3.7227,-0.3824,-0.161,0.621,-0.639,2,12
G,290299460,-3.681554,2.261556,-1.982457
A,290300722,10.8206,4.8267,6.0944
G,290301955,-2.832538,1.906823,-1.720402
A,290303206,11.0038,5.5557,7.0856
G,290304438,-1.605353,1.428519,-1.349690
A,290305677,11.7831,4.8518,5.9544
G,290306954,-0.495348,1.006675,-1.119593
A,290308144,12.1099,3.7385,3.7098
G,290309450,0.068177,0.761664,-1.166465
A,290310616,12.2535,2.7833,1.6376
G,290311945,0.113983,0.630637,-1.390170
A,290313064,11.7220,2.4672,-0.2406
G,290314441,-0.111853,0.491087,-1.659682
A,290315543,11.5245,2.2733,-1.2929
G,290316916,-0.427171,0.395213,-1.849299
A,290318015,10.8565,2.4960,-1.9644
G,290319417,-0.736098,0.366451,-1.993110
A,290320470,10.4112,2.6863,-1.9249
G,290321913,-0.974717,0.384560,-2.117746
TRK,290321,-0.68495,0.12504,0.70767,0.12003,0.5999,3.7379,-0.3963,-0.186,0.719,-0.610,2,12
A,290322961,9.7468,2.9772,-1.4724
G,290324399,-1.096157,0.370712,-2.223207
A,290325433,9.1506,3.2070,-0.7219
G,290326915,-1.116397,0.403735,-2.205097
A,290327904,8.7843,3.2286,0.1329
G,290329411,-1.090831,0.515588,-2.041047
A,290330376,8.8095,2.9305,1.1492
G,290331901,-1.032241,0.611462,-1.806688
A,290332823,9.1075,2.3451,2.1620
G,290334396,-0.919323,0.567786,-1.613876
A,290335307,9.3805,1.6017,2.8048
G,290336873,-0.762729,0.386691,-1.509480
A,290337779,9.4774,0.8691,2.9090
G,290339375,-0.631702,0.175769,-1.463673
A,290340239,9.4451,0.2011,2.5821
G,290341871,-0.585895,0.041545,-1.419997
TRK,290341,-0.68409,0.11799,0.70617,0.13933,0.5963,3.7527,-0.4085,-0.199,0.766,-0.623,2,12
A,290342734,9.3733,-0.3304,2.1404
G,290344357,-0.627441,0.021305,-1.358212
A,290345206,9.3984,-0.7290,1.7921
G,290346874,-0.715858,0.091613,-1.294296
A,290347682,9.5062,-0.9732,1.6448
G,290349370,-0.810666,0.203465,-1.260208
A,290350154,9.7145,-1.0846,1.6987
G,290351867,-0.889496,0.319579,-1.251686
A,290352611,9.9587,-1.0989,1.9609
G,290354363,-0.939563,0.413323,-1.257012
A,290355099,10.2137,-1.0558,2.3415
G,290356840,-0.945955,0.470847,-1.272991
A,290357571,10.4256,-1.0020,2.7545
G,290359347,-0.895887,0.472977,-1.307079
A,290360040,10.4974,-0.9158,3.0885
G,290361843,-0.795752,0.402670,-1.347559
A,290362528,10.4579,-0.8116,3.2394
G,290364319,-0.662594,0.263120,-1.360343
A,290365000,10.3645,-0.6716,3.1963
TRK,290365,-0.68305,0.11325,0.70439,0.15638,0.5906,3.7715,-0.4240,-0.272,0.758,-0.623,2,12
G,290366837,-0.519849,0.064981,-1.323058
A,290367480,10.3501,-0.5243,2.9664
G,290369332,-0.378169,-0.165116,-1.238903
A,290369952,10.4615,-0.3699,2.6181
G,290371830,-0.242880,-0.414388,-1.141963
A,290372413,10.6949,-0.1975,2.1871
G,290374345,-0.112918,-0.675378,-1.047155
A,290374893,10.9714,0.0108,1.7310
G,290376870,0.011718,-0.943824,-0.956607
A,290377383,11.2192,0.2693,1.1205
G,290379366,0.129962,-1.185639,-0.867125
A,290379855,11.4168,0.5997,0.4345
TRK,290375,-0.68079,0.11029,0.70588,0.16151,0.5877,3.7790,-0.4301,-0.299,0.758,-0.616,2,12
G,290381863,0.218379,-1.356082,-0.781904
A,290382318,11.5568,1.0235,-0.3555
G,290384378,0.247141,-1.435976,-0.700944
A,290384800,11.6143,1.5263,-1.3539
G,290386874,0.198139,-1.400823,-0.616788
A,290387272,11.5460,2.0614,-2.4493
G,290389361,0.059655,-1.205879,-0.518784
A,290389727,11.5281,2.5175,-3.4189
G,290391878,-0.180030,-0.854342,-0.396278
A,290392213,11.5820,2.8910,-4.0402
G,290394373,-0.503870,-0.459129,-0.255663
A,290394685,11.7256,3.2142,-3.8032
G,290396870,-0.840494,-0.232228,-0.113983
A,290397151,12.0955,3.4943,-2.7294
G,290399366,-1.059938,-0.318514,0.014914
A,290399623,12.4080,3.8283,-1.2570
G,290401842,-1.067395,-0.711597,0.116114
A,290402071,12.5049,4.1695,-0.0180
G,290404338,-0.856473,-1.241033,0.206661
A,290404543,12.4115,4.5071,0.4956
TRK,290398,-0.67095,0.10886,0.71433,0.16649,0.5806,3.7978,-0.4448,-0.258,0.771,-0.566,2,12
G,290406815,-0.531567,-1.690575,0.311057
A,290406992,11.9878,4.8052,0.1329
G,290409321,-0.229032,-1.925998,0.472977
A,290409470,11.3665,5.0817,-0.7111
G,290411817,-0.049002,-1.950499,0.713727
A,290411942,10.7667,5.2002,-1.3934
G,290414305,0.006392,-1.836516,1.036502
A,290414404,10.2424,5.1392,-1.5443
G,290416815,0.012783,-1.663943,1.424258
A,290416888,9.9838,4.9021,-0.9840
G,290419311,0.076699,-1.479652,1.840777
A,290419359,9.8114,4.6220,0.0108
TRK,290415,-0.66268,0.11553,0.72121,0.16541,0.5769,3.8096,-0.4529,-0.238,0.823,-0.536,2,12
G,290421788,0.272708,-1.329450,2.262622
A,290421812,9.8114,4.3742,1.9070
A,290424290,9.8509,4.2665,4.4784
G,290424291,0.644485,-1.227185,2.684466
A,290426762,9.9587,4.3024,5.5557
G,290426787,1.361408,-1.222924,3.098854
A,290429228,10.1418,3.9540,5.8000
G,290429275,2.424542,-1.366734,3.505785
A,290431723,10.8529,2.9592,3.5410
G,290431794,3.568635,-1.587244,3.902063
A,290434195,11.7005,1.8711,0.5567
G,290434290,4.302603,-1.780057,4.281298
A,290436651,11.8549,0.8763,-1.4329
G,290436768,4.444283,-1.826928,4.581702
A,290439132,11.0145,0.8080,-1.2426
G,290439271,4.278101,-1.878061,4.932174
TRK,290440,-0.65778,0.13011,0.73259,0.11714,0.5706,3.8312,-0.4661,-0.275,0.913,-0.521,2,12
A,290441630,9.4272,1.2175,0.4561
G,290441789,4.364388,-2.087918,5.701295
A,290444102,7.9978,1.1133,2.4708
G,290444285,5.172924,-2.490588,7.121292
A,290446560,8.2600,-0.4130,3.7314
G,290446763,6.735666,-2.860235,8.930111
A,290449032,11.9985,-5.5234,1.2641
G,290449259,8.608401,-3.037069,10.471549
A,290451487,18.0930,-13.0544,-4.4855
G,290451734,10.068879,-3.085006,11.187407
A,290453977,22.9556,-20.1616,-10.0269
G,290454243,10.211625,-3.143595,10.603642
A,290456449,26.2273,-24.9631,-15.9059
G,290456762,8.970592,-3.056243,8.746885
A,290458900,25.9041,-25.1894,-17.8488
G,290459258,6.873085,-2.737730,6.215817
A,290461382,23.1639,-21.4293,-17.0623
G,290461757,4.893825,-2.163552,3.888215
A,290463854,20.2442,-16.4302,-14.5089
G,290464253,3.392867,-1.373126,2.193379
TRK,290459,-0.65284,0.14528,0.74343,0.00067,0.5648,3.8486,-0.4758,-0.262,0.739,-0.350,2,12
A,290466317,17.9098,-12.0488,-11.3449
G,290466732,2.380866,-0.511327,1.170726
A,290468799,15.7838,-9.2584,-7.1575
G,290469229,1.796036,0.203465,0.733967
A,290471271,13.8912,-8.4432,-4.3455
G,290471725,1.689509,0.337689,0.827710
A,290473746,12.5085,-9.5924,-2.2589
G,290474215,2.063417,-0.072438,1.260208
A,290476218,11.7005,-11.1007,-2.0686
G,290476711,2.783536,-0.566721,1.806688
TRK,290476,-0.65210,0.14068,0.74447,-0.02717,0.5612,3.8597,-0.4799,-0.194,0.573,-0.177,2,12
A,290478694,11.5137,-12.2787,-2.6217
G,290479201,3.511111,-0.600809,2.254100
A,290481166,12.2679,-12.4870,-3.1639
G,290481721,3.906324,-0.056459,2.458630
A,290483622,13.0652,-11.2695,-3.3148
G,290484216,3.903129,0.666856,2.395780
A,290486110,14.0061,-9.9874,-2.6360
G,290486716,3.597398,1.128115,2.192314
A,290488582,14.0097,-8.6910,-2.0614
G,290489212,3.158509,1.204814,1.956891
A,290491051,14.1713,-8.5006,-0.7219
G,290491692,2.665292,1.021589,1.799232
A,290493522,13.6613,-7.9691,-0.2191
G,290494188,2.249839,0.784035,1.711880
A,290495992,13.6936,-7.4160,0.9697
G,290496668,1.911084,0.576308,1.658617
A,290498464,13.7762,-6.4428,1.6089
G,290499179,1.537176,0.351537,1.574461
A,290500915,13.8804,-5.2325,2.2589
G,290501674,1.146224,0.090547,1.412541
A,290503384,13.8445,-4.3778,2.8156
G,290504152,0.840494,-0.127832,1.170726
TRK,290504,-0.66021,0.13654,0.73532,-0.06913,0.5556,3.8729,-0.4827,-0.246,0.446,-0.034,2,12
A,290505877,13.2950,-4.1228,2.9736
G,290506653,0.720119,-0.206661,0.874582
A,290508348,12.4510,-3.9037,2.7330
G,290509165,0.625310,-0.177899,0.611462
A,290510802,11.4634,-3.7098,2.3200
G,290511660,0.381365,-0.128897,0.449542
A,290513286,10.6877,-3.4692,1.9142
G,290514151,-0.060720,-0.108657,0.396278
A,290515758,10.1382,-3.3866,1.7202
G,290516647,-0.611462,-0.134223,0.374973
A,290518239,9.8114,-3.5446,1.6269
G,290519134,-1.151551,-0.219444,0.321710
A,290520711,9.7324,-3.9397,1.6484
TRK,290516,-0.65939,0.13797,0.73548,-0.07231,0.5522,3.8784,-0.4829,-0.292,0.447,-0.010,2,12
G,290521656,-1.581918,-0.348341,0.216249
A,290523177,9.6247,-4.5179,1.5479
G,290524151,-1.865278,-0.454868,0.080960
A,290525662,9.4092,-5.1535,1.2965
G,290526641,-1.987783,-0.494283,-0.080960
A,290528134,9.3015,-5.7389,1.0271
G,290529137,-1.995240,-0.476173,-0.232228
A,290530607,9.1937,-6.0118,0.6644
G,290531613,-1.962217,-0.430367,-0.325971
A,290533078,9.1973,-6.0011,0.3986
G,290534125,-1.933455,-0.353668,-0.368581
A,290535537,9.4487,-5.6707,0.3053
G,290536621,-1.915345,-0.241815,-0.395213
A,290538023,9.5888,-5.1248,0.4417
G,290539110,-1.895105,-0.110787,-0.449542
A,290540495,9.6642,-4.5645,0.6249
TRK,290540,-0.65355,0.14971,0.73976,-0.05660,0.5442,3.8890,-0.4830,-0.355,0.401,0.001,2,12
G,290541631,-1.880192,0.000000,-0.518784
A,290542966,9.4774,-4.0366,0.8727
G,290544127,-1.874865,0.094809,-0.588026
A,290545437,9.3661,-3.6595,1.0558
G,290546629,-1.879126,0.169377,-0.642354
A,290547889,8.9136,-3.2860,1.1851
G,290549124,-1.887648,0.236489,-0.675378
A,290550372,8.9998,-3.1280,1.3072
G,290551607,-1.892975,0.311057,-0.679639
A,290552844,8.8382,-2.8695,1.4150
G,290554117,-1.894040,0.387756,-0.682835
A,290555305,9.1291,-2.6863,1.2318
G,290556638,-1.874865,0.406931,-0.681769
A,290557779,9.3374,-2.4349,0.9732
G,290559134,-1.834385,0.345146,-0.698813
A,290560251,9.8976,-2.3774,0.3376
G,290561635,-1.785383,0.201335,-0.687096
A,290562706,10.6303,-2.4421,-0.3519
G,290564131,-1.770469,-0.020240,-0.638093
A,290565192,10.5584,-2.6935,-0.8906
G,290566613,-1.804558,-0.384560,-0.612527
A,290567664,10.1706,-2.9305,-1.6269
TRK,290567,-0.65147,0.15962,0.74103,-0.03128,0.5336,3.8998,-0.4831,-0.408,0.401,0.001,2,12
G,290569124,-1.884453,-0.917193,-0.644485
A,290570131,8.6658,-2.7509,-1.8423
G,290571620,-1.995240,-1.455151,-0.775512
A,290572616,6.9312,-2.5462,-2.2589
G,290574099,-2.106028,-1.830124,-0.935302
A,290575087,5.6635,-2.0219,-2.3667
G,290576614,-2.213619,-1.971804,-1.084439
A,290577558,5.2038,-1.6628,-2.3164
G,290579110,-2.326538,-1.995240,-1.173921
A,290580030,5.5126,-1.3647,-2.2338
TRK,290575,-0.64642,0.16208,0.74517,-0.02459,0.5306,3.9028,-0.4831,-0.402,0.395,-0.015,2,12
G,290581611,-2.469283,-2.015480,-1.183509
A,290582490,6.3530,-1.1636,-1.9034
G,290584107,-2.625877,-2.067678,-1.118528
A,290584977,7.4232,-0.9230,-1.8028
G,290586586,-2.767557,-2.172074,-1.008805
A,290587448,8.6263,-0.7721,-1.7059
G,290589098,-2.896454,-2.310559,-0.866060
A,290589920,9.5493,-0.6285,-1.9249
G,290591594,-3.012568,-2.440521,-0.716923
A,290592392,10.4686,-0.4776,-2.3308
G,290594086,-3.128681,-2.536395,-0.560329
A,290594844,11.0361,-0.4274,-2.6252
G,290596582,-3.260774,-2.580070,-0.416518
A,290597327,11.2049,-0.3555,-2.5893
G,290599054,-3.418433,-2.613094,-0.289752
A,290599799,11.2192,-0.3950,-2.2697
G,290601548,-3.576092,-2.665292,-0.176834
A,290602254,10.6949,-0.3160,-1.5083
G,290604044,-3.682619,-2.761165,-0.074569
A,290604749,10.0987,-0.2155,-0.9768
G,290606527,-3.765709,-2.923085,0.028762
A,290607221,9.4846,0.0718,-0.6788
TRK,290607,-0.60861,0.18410,0.77171,0.01309,0.5180,3.9159,-0.4845,-0.394,0.439,-0.040,2,12
G,290609040,-3.863714,-3.111637,0.145941
A,290609696,9.0573,0.2729,-0.7362
G,290611536,-4.022438,-3.299124,0.270577
A,290612168,8.8418,0.2550,-0.9481
G,290614029,-4.221642,-3.435477,0.363255
A,290614625,8.6802,-0.0395,-1.0235
G,290616525,-4.452805,-3.572897,0.385626
A,290617112,8.6407,-0.5854,-1.2246
G,290618997,-4.704208,-3.760383,0.348341
A,290619583,8.5006,-1.0774,-1.1959
TRK,290619,-0.58679,0.20174,0.78368,0.02859,0.5131,3.9215,-0.4851,-0.407,0.463,-0.057,2,12
G,290621502,-4.938566,-3.987284,0.290817
A,290622052,8.5114,-1.5407,-1.3647
G,290623997,-5.161206,-4.228034,0.241815
A,290624543,8.5114,-1.9716,-1.4222
G,290626473,-5.396630,-4.469850,0.200270
A,290627014,8.5222,-2.2841,-1.5299
G,290628988,-5.685316,-4.753210,0.153398
A,290629495,8.8202,-2.5750,-3.2465
G,290631484,-5.802495,-4.848019,0.102265
A,290631967,8.9890,-2.2625,-4.2629
G,290633999,-5.365737,-4.441087,0.091613
A,290634448,9.6355,-1.9465,-6.4500
G,290636494,-4.376106,-3.585680,0.159790
A,290636919,10.0341,-1.1456,-7.5812
G,290638988,-3.217098,-2.621616,0.305731
A,290639381,10.3465,-0.7039,-7.6567
G,290641502,-2.412824,-1.933455,0.479369
A,290641863,10.3286,-0.4992,-7.3227
G,290643997,-2.030394,-1.494566,0.613592
A,290644335,9.9479,-0.5279,-6.3925
TRK,290639,-0.54318,0.23309,0.80450,0.05840,0.5049,3.9307,-0.4863,-0.400,0.458,-0.048,2,12
G,290646482,-1.929194,-1.211206,0.694552
A,290646788,9.5241,-0.8009,-5.4013
G,290648996,-1.939846,-1.020523,0.729706
A,290649273,9.0393,-1.0989,-4.5179
G,290651492,-1.949434,-0.891626,0.737163
A,290651744,8.6838,-1.3252,-3.9684
G,290653986,-1.922802,-0.811731,0.726510
A,290654210,8.5401,-1.4222,-3.6883
G,290656482,-1.858886,-0.765925,0.698813
A,290656682,8.5653,-1.4832,-3.5733
G,290658977,-1.798166,-0.751011,0.666856
A,290659148,8.7305,-1.4581,-3.6129
G,290661472,-1.740642,-0.762729,0.604005
A,290661620,8.8238,-1.3719,-3.7098
G,290663947,-1.662878,-0.780839,0.514523
A,290664068,8.9028,-1.2605,-3.7996
TRK,290664,-0.52717,0.25303,0.80814,0.07057,0.4953,3.9420,-0.4872,-0.389,0.465,-0.039,2,12
G,290666452,-1.560612,-0.785100,0.425040
A,290666547,8.8202,-1.0594,-3.9325
G,290668965,-1.460477,-0.775512,0.377104
A,290669034,8.7520,-0.8440,-4.0151
G,290671461,-1.384844,-0.763795,0.364320
A,290671505,8.7161,-0.7326,-4.0115
G,290673956,-1.333711,-0.752077,0.361125
A,290673976,8.7915,-0.7362,-4.0079
A,290676448,8.6981,-0.6608,-4.0115
G,290676451,-1.288970,-0.739293,0.352602
A,290678919,8.6694,-0.7254,-3.8930
G,290678947,-1.237837,-0.731837,0.355798
A,290681391,8.7807,-0.8296,-3.9397
G,290681464,-1.211206,-0.758468,0.385626
A,290683836,8.7520,-1.0630,-3.8499
G,290683960,-1.219728,-0.819188,0.431432
TRK,290684,-0.51763,0.26349,0.81031,0.07761,0.4876,3.9514,-0.4880,-0.389,0.479,-0.044,2,12
A,290686319,8.8741,-1.3683,-3.9971
G,290686465,-1.248490,-0.893757,0.449542
A,290688791,8.6838,-1.5119,-4.1049
G,290688961,-1.261273,-0.937433,0.420779
A,290691255,8.5617,-1.5227,-4.2880
G,290691445,-1.260208,-0.967260,0.369647
A,290693740,8.3929,-1.5048,-4.2593
G,290693951,-1.288970,-1.009871,0.336624
A,290696212,8.3785,-1.3970,-4.3132
G,290696446,-1.382713,-1.079113,0.318514
A,290698677,8.3965,-1.3252,-4.2198
G,290698931,-1.536111,-1.170726,0.292948
TRK,290695,-0.51062,0.26991,0.81227,0.08141,0.4828,3.9573,-0.4886,-0.393,0.481,-0.047,2,12
A,290701164,8.3462,-1.2498,-4.2772
G,290701437,-1.703358,-1.259143,0.259925
A,290703636,8.1415,-1.0163,-4.1695
G,290703932,-1.841842,-1.348625,0.249272
A,290706099,8.0517,-0.9840,-4.3993
G,290706414,-1.912150,-1.504153,0.282295
A,290708571,7.9188,-0.9481,-4.2952
G,290708930,-1.917476,-1.749164,0.337689
A,290711020,7.9296,-1.0307,-4.5107
G,290711425,-1.945173,-2.060221,0.364320
A,290713500,7.9942,-1.0666,-4.4819
G,290713921,-2.125202,-2.354234,0.332363
A,290715972,8.0948,-1.1061,-4.2557
G,290716417,-2.479936,-2.586462,0.264186
A,290718433,8.2384,-1.0882,-3.7852
G,290718892,-2.927346,-2.771818,0.205596
A,290720924,8.3354,-0.9948,-3.4046
G,290721399,-3.392867,-2.935869,0.175769
A,290723396,8.5078,-1.0738,-3.3758
G,290723894,-3.861583,-3.118029,0.170442
A,290725868,8.5688,-0.9625,-3.8499
G,290726381,-4.209925,-3.232012,0.171508
A,290728340,8.7089,-0.8799,-4.6507
TRK,290727,-0.47357,0.29406,0.82405,0.10102,0.4701,3.9729,-0.4904,-0.405,0.495,-0.067,2,12
G,290728897,-4.259992,-3.154248,0.169377
A,290730793,8.8166,-0.6823,-5.4372
G,290731393,-3.954261,-2.860235,0.153398
A,290733266,8.9280,-0.5315,-5.8646
G,290733877,-3.454652,-2.472479,0.155529
A,290735738,8.9854,-0.4597,-5.9364
G,290736373,-2.974218,-2.128398,0.194943
A,290738203,8.8597,-0.5207,-5.6886
G,290738850,-2.623746,-1.867408,0.255663
A,290740675,8.6874,-0.7649,-5.3439
G,290741345,-2.419215,-1.687379,0.318514
TRK,290735,-0.45714,0.30458,0.82810,0.11185,0.4671,3.9766,-0.4909,-0.404,0.498,-0.061,2,12
A,290743142,8.3641,-1.0343,-4.9309
G,290743823,-2.338255,-1.588309,0.378169
A,290745613,8.0876,-1.3396,-4.6831
G,290746330,-2.351039,-1.564873,0.430367
A,290748061,7.8075,-1.5658,-4.5179
G,290748826,-2.410693,-1.573395,0.456998
A,290750541,7.6387,-1.7202,-4.6795
G,290751314,-2.468218,-1.594701,0.465521
A,290753012,7.4879,-1.6771,-4.8806
G,290753832,-2.459696,-1.613876,0.481499
A,290755472,7.4520,-1.5658,-5.2110
G,290756328,-2.372344,-1.627724,0.526241
A,290757963,7.4950,-1.4401,-5.5019
G,290758826,-2.259426,-1.611745,0.585895
A,290760434,7.6172,-1.3144,-5.6312
G,290761322,-2.211489,-1.573395,0.645550
A,290762905,7.7680,-1.2605,-5.6491
G,290763801,-2.264752,-1.527589,0.698813
A,290765393,7.9583,-1.1851,-5.5486
G,290766296,-2.394714,-1.484978,0.743555
A,290767865,8.0553,-1.1456,-5.4229
G,290768801,-2.569418,-1.458347,0.782969
A,290770314,8.0912,-1.1097,-5.4660
G,290771297,-2.733469,-1.476456,0.814927
TRK,290766,-0.42651,0.32915,0.83225,0.13078,0.4538,3.9926,-0.4930,-0.426,0.493,-0.072,2,12
A,290772788,8.0373,-1.0953,-5.6024
G,290773776,-2.789927,-1.524393,0.838363
A,290775280,7.9655,-1.1241,-5.8826
G,290776273,-2.681271,-1.565939,0.851146
A,290777752,7.8829,-1.1025,-6.2596
G,290778792,-2.440521,-1.568069,0.853277
A,290780217,7.8578,-1.0343,-6.5793
G,290781288,-2.151834,-1.548894,0.835167
A,290782688,7.8757,-0.9266,-6.8594
G,290783787,-1.865278,-1.528654,0.791491
A,290785134,7.9440,-0.7937,-7.0246
G,290786283,-1.601092,-1.498827,0.732902
TRK,290785,-0.40683,0.34761,0.83276,0.14198,0.4464,4.0011,-0.4942,-0.432,0.487,-0.067,2,12
A,290787611,8.0445,-0.6752,-7.0282
G,290788762,-1.378452,-1.449825,0.679639
A,290790083,8.1882,-0.5710,-6.8809
G,290791271,-1.212271,-1.390170,0.637028
A,290792541,8.3426,-0.4956,-6.6762
G,290793768,-1.095092,-1.340103,0.606135
A,290795023,8.5114,-0.4525,-6.4859
G,290796249,-1.012001,-1.306014,0.581634
A,290797512,8.6838,-0.4633,-6.4177
G,290798739,-0.953412,-1.284709,0.560329
A,290799984,8.8166,-0.5100,-6.4931
G,290801235,-0.910801,-1.268730,0.541154
A,290802464,8.8741,-0.6033,-6.6906
G,290803715,-0.877778,-1.254882,0.525175
A,290804935,8.8095,-0.7434,-6.9456
TRK,290800,-0.39610,0.35592,0.83415,0.14357,0.4399,4.0083,-0.4951,-0.435,0.489,-0.054,2,12
G,290806225,-0.849016,-1.235707,0.514523
A,290807396,8.6191,-0.9086,-7.1862
G,290808721,-0.814927,-1.205879,0.507066
A,290809868,8.3282,-1.0702,-7.3478
G,290811211,-0.770186,-1.160073,0.501740
A,290812310,7.9727,-1.2354,-7.4304
G,290813727,-0.713727,-1.095092,0.493217
A,290814779,7.5417,-1.3539,-7.4591
G,290816223,-0.642354,-1.006675,0.477238
A,290817251,7.1108,-1.3970,-7.4340
TRK,290816,-0.38715,0.36245,0.83548,0.14394,0.4324,4.0167,-0.4959,-0.441,0.480,-0.035,2,12
G,290818723,-0.544350,-0.885235,0.442085
A,290819705,6.7588,-1.3288,-7.3263
G,290821219,-0.412257,-0.730771,0.392017
A,290822191,6.5577,-1.1277,-7.1036
G,290823699,-0.256729,-0.559264,0.332363
A,290824662,6.5829,-0.8116,-6.7516
G,290826195,-0.111853,-0.401605,0.271642
A,290827149,6.7516,-0.4884,-6.3494
G,290828676,-0.006392,-0.285491,0.218379
A,290829621,6.9887,-0.2191,-6.0226
G,290831172,0.056459,-0.222640,0.177899
A,290832108,7.1862,-0.0539,-5.8430
G,290833653,0.098004,-0.202400,0.155529
A,290834580,7.3155,-0.0539,-5.8430
G,290836165,0.142745,-0.209857,0.148072
A,290837048,7.3981,-0.1329,-5.9759
G,290838661,0.194943,-0.218379,0.151268
A,290839519,7.4627,-0.2729,-6.2022
TRK,290834,-0.38338,0.36551,0.83608,0.14283,0.4247,4.0249,-0.4965,-0.440,0.475,-0.043,2,12
G,290841152,0.241815,-0.221575,0.154463
A,290841969,7.4484,-0.4417,-6.4392
G,290843648,0.280165,-0.209857,0.148072
A,290844449,7.4304,-0.5531,-6.6655
G,290846120,0.311057,-0.178964,0.133158
A,290846920,7.4196,-0.6105,-6.8558
G,290848611,0.347276,-0.128897,0.118244
A,290849371,7.4160,-0.6428,-6.9779
G,290851107,0.393083,-0.062851,0.106526
A,290851863,7.4448,-0.6393,-7.0533
G,290853589,0.446346,0.006392,0.084156
A,290854334,7.4986,-0.6249,-7.0605
G,290856089,0.494283,0.077764,0.046872
A,290856795,7.5022,-0.6428,-7.0282
G,290858585,0.517718,0.147006,-0.005326
A,290859267,7.4555,-0.6644,-7.0390
TRK,290853,-0.38316,0.36548,0.83675,0.13945,0.4160,4.0343,-0.4974,-0.441,0.474,-0.040,2,12
G,290861078,0.523045,0.227967,-0.067112
A,290861721,7.3981,-0.6105,-7.0749
G,290863596,0.546481,0.334493,-0.142745
A,290864201,7.3694,-0.5064,-7.1323
G,290866092,0.613592,0.471912,-0.231162
A,290866673,7.3837,-0.3196,-7.1323
G,290868595,0.708401,0.609331,-0.322775
A,290869139,7.4627,-0.1041,-7.0030
G,290871091,0.786165,0.719053,-0.393083
A,290871611,7.5669,0.0718,-6.7624
G,290873593,0.813862,0.776578,-0.439954
A,290874078,7.6423,0.1975,-6.4572
G,290876089,0.791491,0.779773,-0.458064
A,290876550,7.6926,0.2442,-6.1483
G,290878569,0.735032,0.729706,-0.456998
A,290878995,7.8254,0.1903,-5.7389
TRK,290879,-0.39055,0.35867,0.83683,0.13619,0.4052,4.0460,-0.4983,-0.435,0.479,-0.034,2,12
G,290881082,0.651942,0.628506,-0.437824
A,290881475,8.0768,-0.1185,-5.3977
G,290883578,0.501740,0.447411,-0.417584
A,290883962,8.2456,-0.4310,-5.1104
G,290886048,0.265251,0.205596,-0.429302
A,290886434,8.3139,-0.7721,-5.0027
G,290888552,-0.040480,-0.052198,-0.480434
A,290888905,8.0948,-0.7865,-5.0494
G,290891048,-0.335558,-0.241815,-0.545415
A,290891377,7.7716,-0.6141,-5.1499
G,290893551,-0.568851,-0.363255,-0.570982
A,290893849,7.3945,-0.2191,-5.3151
G,290896048,-0.733967,-0.455933,-0.546481
A,290896320,7.2760,0.1544,-5.3439
G,290898525,-0.849016,-0.557133,-0.494283
A,290898768,7.3083,0.3807,-5.3546
TRK,290899,-0.38880,0.35497,0.83872,0.13923,0.3964,4.0557,-0.4990,-0.450,0.498,-0.045,2,12
G,290901039,-0.951281,-0.693487,-0.437824
A,290901252,7.3945,0.5531,-5.3439
G,290903535,-1.071656,-0.864995,-0.380299
A,290903724,7.5525,0.5818,-5.1930
G,290906024,-1.229315,-1.065264,-0.321710
A,290906184,7.5776,0.4956,-5.0781
G,290908547,-1.421063,-1.280448,-0.268447
A,290908679,7.5238,0.4166,-4.9740
G,290911043,-1.626659,-1.497762,-0.221575
A,290911151,7.4448,0.3124,-4.9057
G,290913547,-1.826928,-1.706553,-0.172573
A,290913628,7.3729,0.2370,-4.9165
G,290916043,-1.997371,-1.896170,-0.112918
A,290916099,7.3478,0.2406,-5.0314
G,290918527,-2.130529,-2.060221,-0.040480
A,290918557,7.3801,0.2406,-5.1392
G,290921041,-2.228533,-2.207228,0.045806
A,290921046,7.4555,0.2514,-5.3259
A,290923517,7.5381,0.2550,-5.5091
G,290923537,-2.299906,-2.342516,0.133158
A,290925986,7.6100,0.2478,-5.7138
G,290926030,-2.345712,-2.463957,0.214118
A,290928458,7.6243,0.2155,-5.9292
G,290928527,-2.370213,-2.572613,0.276969
A,290930908,7.5920,0.1939,-6.1627
G,290931000,-2.375540,-2.659965,0.325971
TRK,290927,-0.35687,0.36714,0.84517,0.15340,0.3829,4.0710,-0.5007,-0.463,0.534,-0.069,2,12
A,290933390,7.5058,0.1329,-6.3674
G,290933505,-2.365952,-2.720685,0.366451
A,290935861,7.3873,0.0934,-6.5757
G,290936001,-2.340386,-2.750513,0.406931
A,290938324,7.2724,0.0323,-6.7265
G,290938485,-2.308428,-2.757970,0.445280
A,290940807,7.1323,-0.0036,-6.8917
G,290940990,-2.272209,-2.753709,0.476173
A,290943278,7.0138,-0.0287,-7.0425
G,290943486,-2.228533,-2.740925,0.493217
TRK,290938,-0.34126,0.37486,0.84745,0.15765,0.3783,4.0763,-0.5014,-0.468,0.540,-0.070,2,12
STAT,404.9,400.4,0,0,44713,0.9454,84.812,0.4747,0.8360,1.7463,9.8729,0.53,0.105
A,290945752,6.8917,-0.0323,-7.2077
G,290945981,-2.164617,-2.718555,0.497478
A,290948224,6.7912,-0.0144,-7.3729
G,290948497,-2.081527,-2.683401,0.493217
A,290950671,6.7086,0.0036,-7.5346
G,290950993,-1.988849,-2.635464,0.483630
A,290953157,6.6583,0.0323,-7.6674
G,290953498,-1.896170,-2.577940,0.476173
A,290955629,6.5936,0.0646,-7.7680
G,290955994,-1.806688,-2.516155,0.470847
A,290958116,6.5757,0.0754,-7.8326
G,290958499,-1.721467,-2.452239,0.470847
A,290960587,6.5290,0.1221,-7.8614
G,290960995,-1.634115,-2.389388,0.465521
TRK,290956,-0.31510,0.38795,0.85071,0.16281,0.3702,4.0857,-0.5026,-0.471,0.538,-0.067,2,12
A,290963056,6.5146,0.1365,-7.8685
G,290963479,-1.545699,-2.320146,0.458064
A,290965550,6.4931,0.1472,-7.8685
G,290965990,-1.457282,-2.243447,0.432497
A,290968021,6.4643,0.1437,-7.8614
G,290968486,-1.373126,-2.157160,0.402670
A,290970501,6.4536,0.1185,-7.8362
G,290970981,-1.302818,-2.074070,0.362190
A,290972973,6.4464,0.0826,-7.8003
G,290973477,-1.249555,-1.997371,0.328101
A,290975453,6.4643,0.0287,-7.7752
G,290975972,-1.216532,-1.935585,0.291882
A,290977924,6.4787,-0.0215,-7.7608
G,290978468,-1.203749,-1.888714,0.248207
A,290980383,6.5003,-0.0934,-7.7824
G,290980941,-1.203749,-1.859952,0.194943
TRK,290981,-0.28607,0.40116,0.85424,0.16585,0.3585,4.0989,-0.5042,-0.478,0.531,-0.060,2,12
A,290982875,6.4967,-0.1221,-7.8434
G,290983446,-1.214401,-1.842907,0.135289
A,290985346,6.4715,-0.1149,-7.9260
G,290985942,-1.229315,-1.826928,0.078830
A,290987809,6.4428,-0.0790,-8.0337
G,290988418,-1.243164,-1.803493,0.028762
A,290990281,6.3674,0.0180,-8.1163
G,290990933,-1.246359,-1.765143,-0.008522
A,290992734,6.3135,0.0862,-8.1882
G,290993429,-1.242098,-1.715076,-0.033023
A,290995219,6.2740,0.1006,-8.1989
G,290995925,-1.235707,-1.643703,-0.044741
A,290997690,6.1950,0.0431,-8.1343
G,290998421,-1.253816,-1.533981,-0.031958
A,291000156,6.3889,-0.2263,-7.9511
G,291000897,-1.318797,-1.347559,0.024501
A,291002644,6.4141,-0.2658,-7.8398
G,291003395,-1.504153,-1.033306,0.129962
A,291005115,6.5613,-0.3160,-7.7500
TRK,291000,-0.26647,0.40736,0.85688,0.16975,0.3489,4.1093,-0.5053,-0.491,0.525,-0.053,2,12
G,291005911,-1.734250,-0.699879,0.223706
A,291007573,6.4643,-0.0072,-7.8650
G,291008407,-1.900432,-0.484695,0.255663
A,291010061,6.2309,0.4022,-8.0984
G,291010904,-1.869539,-0.499609,0.208792
A,291012533,5.9364,0.7901,-8.3677
G,291013400,-1.676726,-0.662594,0.137419
A,291015002,5.7102,1.0127,-8.5688
G,291015876,-1.427454,-0.834102,0.090547
A,291017473,5.5845,1.0451,-8.6766
G,291018383,-1.223989,-0.927845,0.078830
A,291019924,5.5952,0.9194,-8.6514
G,291020880,-1.120658,-0.932106,0.093743
A,291022395,5.6563,0.7398,-8.5760
TRK,291016,-0.25686,0.41254,0.85563,0.17813,0.3403,4.1184,-0.5062,-0.499,0.522,-0.047,2,12
G,291023386,-1.112136,-0.884169,0.115049
A,291024847,5.7856,0.5997,-8.4647
G,291025883,-1.157942,-0.822384,0.135289
A,291027325,5.9113,0.5567,-8.3929
G,291028364,-1.213336,-0.759533,0.154463
A,291029796,6.0262,0.6321,-8.3570
G,291030871,-1.250620,-0.702009,0.162985
A,291032250,6.1627,0.7793,-8.3498
G,291033367,-1.257012,-0.645550,0.162985
A,291034737,6.2956,0.9589,-8.3570
G,291035856,-1.244229,-0.579504,0.156594
A,291037208,6.4141,1.1169,-8.3426
G,291038364,-1.233576,-0.502805,0.150202
A,291039664,6.4572,1.2246,-8.2995
G,291040860,-1.232511,-0.432497,0.138484
A,291042138,6.3243,1.2570,-8.2528
G,291043335,-1.225054,-0.398409,0.116114
A,291044610,6.1447,1.2139,-8.1702
TRK,291044,-0.24190,0.41965,0.85442,0.18802,0.3267,4.1325,-0.5073,-0.505,0.520,-0.033,2,12
G,291045853,-1.195227,-0.411192,0.089482
A,291047077,5.9580,1.1025,-8.0840
G,291048349,-1.141963,-0.452737,0.067112
A,291049566,5.8430,0.9912,-8.0014
G,291050837,-1.083374,-0.491087,0.050067
A,291052038,5.8897,0.9301,-7.9260
G,291053333,-1.041829,-0.511327,0.039415
A,291054517,5.9508,0.9409,-7.8829
G,291055812,-1.024784,-0.507066,0.028762
A,291056989,5.9975,1.0235,-7.8650
G,291058308,-1.024784,-0.491087,0.025566
TRK,291057,-0.23533,0.42243,0.85367,0.19343,0.3204,4.1389,-0.5077,-0.510,0.522,-0.032,2,12
A,291059469,6.0047,1.1456,-7.8542
G,291060786,-1.025850,-0.478304,0.020240
A,291061940,5.9436,1.2462,-7.8506
G,291063295,-1.018393,-0.470847,0.014914
A,291064401,5.8754,1.3001,-7.8254
G,291065791,-0.994957,-0.470847,0.009587
A,291066893,5.7784,1.2893,-7.7895
G,291068279,-0.964064,-0.468716,0.005326
A,291069364,5.6850,1.2175,-7.7536
G,291070775,-0.934237,-0.464455,0.004261
A,291071837,5.5522,1.1025,-7.7213
G,291073245,-0.911866,-0.460194,0.006392
A,291074308,5.4552,0.9948,-7.7141
G,291075744,-0.892692,-0.459129,0.017044
A,291076762,5.3905,0.9014,-7.7249
G,291078240,-0.877778,-0.460194,0.031958
A,291079247,5.3834,0.8655,-7.7428
G,291080720,-0.872451,-0.454868,0.046872
A,291081718,5.4121,0.8440,-7.7572
TRK,291077,-0.22715,0.42545,0.85297,0.19961,0.3102,4.1493,-0.5083,-0.516,0.524,-0.035,2,12
G,291083230,-0.880974,-0.437824,0.055394
A,291084183,5.4696,0.8511,-7.7644
G,291085726,-0.904409,-0.410127,0.062851
A,291086655,5.5234,0.8691,-7.7680
G,291088216,-0.934237,-0.380299,0.070307
A,291089102,5.5952,0.8942,-7.7572
G,291090736,-0.966195,-0.355798,0.076699
A,291091579,5.6599,0.9050,-7.7464
G,291093232,-0.990696,-0.341950,0.080960
A,291094067,5.7461,0.8942,-7.7033
G,291095712,-1.006675,-0.343015,0.080960
A,291096538,5.8179,0.9014,-7.6710
G,291098222,-1.022654,-0.356864,0.075634
A,291099007,5.9113,0.9050,-7.6207
G,291100718,-1.054612,-0.380299,0.067112
A,291101479,5.9544,0.9589,-7.5920
TRK,291096,-0.22069,0.42829,0.85195,0.20507,0.2999,4.1596,-0.5091,-0.529,0.522,-0.041,2,12
G,291103208,-1.095092,-0.400539,0.064981
A,291103929,5.9544,1.0343,-7.5669
G,291105704,-1.133441,-0.414388,0.069242
A,291106411,5.8897,1.1133,-7.5525
G,291108175,-1.151551,-0.420779,0.074569
A,291108882,5.7604,1.1959,-7.5597
G,291110671,-1.148355,-0.421845,0.076699
A,291111365,5.6312,1.2785,-7.5992
G,291113142,-1.122789,-0.419714,0.073503
A,291113836,5.5126,1.3503,-7.6602
G,291115638,-1.083374,-0.411192,0.072438
A,291116293,5.4480,1.4222,-7.7213
G,291118134,-1.035437,-0.398409,0.073503
A,291118787,5.4085,1.4868,-7.7788
G,291120616,-0.985370,-0.380299,0.079895
A,291121259,5.3977,1.5586,-7.8039
TRK,291117,-0.21149,0.43233,0.85017,0.21347,0.2893,4.1700,-0.5100,-0.544,0.526,-0.047,2,12
G,291123128,-0.933172,-0.363255,0.080960
A,291123733,5.3941,1.6305,-7.8111
G,291125624,-0.877778,-0.353668,0.074569
A,291126205,5.3977,1.7023,-7.8111
G,291128117,-0.819188,-0.350472,0.063916
A,291128661,5.4157,1.7705,-7.8039
G,291130613,-0.757403,-0.350472,0.057524
A,291131132,5.4552,1.8244,-7.8003
G,291133105,-0.695618,-0.348341,0.057524
A,291133589,5.4911,1.8783,-7.8003
G,291135627,-0.633832,-0.344080,0.064981
A,291136077,5.5378,1.9034,-7.7967
G,291138123,-0.577373,-0.344080,0.074569
TRK,291137,-0.20500,0.43511,0.84906,0.21852,0.2785,4.1804,-0.5109,-0.547,0.529,-0.051,2,12
A,291138570,5.5701,1.9106,-7.8075
G,291140600,-0.526241,-0.349407,0.080960
A,291141041,5.5988,1.8926,-7.8147
G,291143112,-0.488956,-0.357929,0.083091
A,291143520,5.6168,1.8747,-7.8254
G,291145608,-0.461259,-0.366451,0.079895
A,291145992,5.6312,1.8675,-7.8326
G,291148088,-0.442085,-0.372843,0.075634
A,291148438,5.6348,1.8711,-7.8434
G,291150590,-0.425040,-0.378169,0.072438
A,291150910,5.6419,1.8818,-7.8398
G,291153086,-0.410127,-0.377104,0.075634
A,291153398,5.6348,1.8998,-7.8470
G,291155556,-0.396278,-0.371777,0.080960
A,291155869,5.6276,1.9106,-7.8506
G,291158049,-0.385626,-0.363255,0.084156
A,291158332,5.5988,1.9142,-7.8650
G,291160545,-0.377104,-0.350472,0.078830
TRK,291159,-0.19934,0.43751,0.84859,0.22077,0.2662,4.1922,-0.5121,-0.553,0.536,-0.053,2,12
A,291160825,5.5486,1.9213,-7.8793
G,291163019,-0.368581,-0.333428,0.071373
A,291163296,5.4875,1.9213,-7.8937
G,291165523,-0.352602,-0.316384,0.060720
A,291165770,5.4121,1.9249,-7.9009
G,291168019,-0.334493,-0.302535,0.049002
A,291168242,5.3403,1.9142,-7.9080
G,291170503,-0.313188,-0.292948,0.037284
A,291170697,5.2900,1.8890,-7.9224
G,291173018,-0.296144,-0.285491,0.029827
A,291173183,5.2684,1.8567,-7.9511
G,291175514,-0.287621,-0.280165,0.027697
A,291175654,5.2900,1.8208,-7.9835
G,291177997,-0.288687,-0.276969,0.031958
A,291178110,5.3367,1.7921,-8.0050
TRK,291178,-0.19579,0.43878,0.84844,0.22198,0.2553,4.2029,-0.5132,-0.557,0.539,-0.055,2,12
G,291180501,-0.298274,-0.276969,0.035154
A,291180587,5.3941,1.7633,-8.0158
G,291182997,-0.311057,-0.280165,0.037284
A,291183059,5.4336,1.7490,-8.0086
G,291185482,-0.322775,-0.287621,0.035154
A,291185517,5.4372,1.7346,-8.0122
G,291187997,-0.330232,-0.297209,0.036219
A,291188007,5.4085,1.7238,-8.0266
A,291190478,5.3618,1.7202,-8.0697
G,291190493,-0.335558,-0.308927,0.034088
A,291192936,5.3115,1.7166,-8.1271
G,291192975,-0.337689,-0.321710,0.029827
TRK,291193,-0.19274,0.43981,0.84833,0.22306,0.2470,4.2109,-0.5140,-0.563,0.540,-0.055,2,12
A,291195417,5.2684,1.7166,-8.1846
G,291195480,-0.341950,-0.333428,0.021305
A,291197888,5.2325,1.7238,-8.2313
G,291197976,-0.349407,-0.344080,0.013848
A,291200350,5.2110,1.7238,-8.2564
G,291200461,-0.360059,-0.352602,0.013848
A,291202843,5.1966,1.7238,-8.2672
G,291202976,-0.370712,-0.358994,0.020240
A,291205315,5.1930,1.7166,-8.2780
G,291205472,-0.378169,-0.366451,0.028762
A,291207779,5.1894,1.7059,-8.2923
G,291207958,-0.385626,-0.378169,0.031958
A,291210270,5.1894,1.6951,-8.3210
G,291210471,-0.395213,-0.388821,0.024501
A,291212742,5.1787,1.6915,-8.3462
G,291212967,-0.406931,-0.396278,0.010653
A,291215207,5.1679,1.6915,-8.3749
G,291215452,-0.415453,-0.401605,0.000000
TRK,291216,-0.18714,0.44148,0.84824,0.22487,0.2343,4.2229,-0.5152,-0.571,0.535,-0.054,2,12
A,291217702,5.1463,1.7023,-8.4108
G,291217967,-0.417584,-0.403735,0.002131
A,291220174,5.1248,1.7131,-8.4467
G,291220463,-0.416518,-0.404800,0.008522
A,291222651,5.1176,1.7166,-8.4755
G,291222960,-0.418649,-0.405866,0.011718
A,291225123,5.1140,1.7238,-8.4970
G,291225456,-0.429302,-0.406931,0.010653
A,291227580,5.1068,1.7346,-8.5006
G,291227931,-0.444215,-0.404800,0.004261
A,291230055,5.1176,1.7669,-8.4862
G,291230424,-0.460194,-0.395213,-0.001065
A,291232554,5.1284,1.7957,-8.4683
G,291232940,-0.476173,-0.381365,-0.005326
A,291235025,5.1643,1.8352,-8.4288
G,291235459,-0.488956,-0.365386,-0.004261
A,291237477,5.2182,1.8639,-8.3857
G,291237955,-0.496413,-0.348341,0.004261
TRK,291238,-0.18092,0.44320,0.84805,0.22728,0.2215,4.2347,-0.5164,-0.579,0.529,-0.051,2,12
A,291239968,5.2936,1.8890,-8.3390
G,291240460,-0.498544,-0.327036,0.014914
A,291242439,5.3834,1.9070,-8.3067
G,291242956,-0.493217,-0.303600,0.028762
A,291244910,5.4624,1.9142,-8.2815
G,291245442,-0.485761,-0.280165,0.037284
A,291247382,5.4767,1.8998,-8.2815
G,291247957,-0.475108,-0.259925,0.038350
A,291249834,5.4875,1.9213,-8.2815
G,291250453,-0.463390,-0.256729,0.030893
A,291252306,5.4839,1.8926,-8.2959
G,291252938,-0.431432,-0.285491,0.017044
A,291254799,5.5091,1.9249,-8.2959
G,291255443,-0.382430,-0.323840,0.002131
A,291257271,5.5809,1.9429,-8.3067
G,291257953,-0.337689,-0.337689,-0.006392
A,291259719,5.6276,1.9824,-8.2995
G,291260449,-0.321710,-0.308927,-0.004261
TRK,291256,-0.17682,0.44450,0.84761,0.22959,0.2100,4.2452,-0.5173,-0.590,0.530,-0.046,2,12
A,291262205,5.6455,2.0327,-8.3067
G,291262945,-0.327036,-0.260990,0.009587
A,291264676,5.6312,2.0901,-8.3175
G,291265441,-0.334493,-0.224771,0.025566
A,291267143,5.5773,2.1332,-8.3570
G,291267917,-0.336624,-0.207727,0.035154
A,291269614,5.5486,2.1656,-8.3857
G,291270423,-0.336624,-0.213053,0.026632
A,291272062,5.4731,2.1189,-8.4001
G,291272919,-0.341950,-0.229032,0.008522
A,291274540,5.4336,2.0937,-8.3965
G,291275405,-0.343015,-0.255663,-0.015979
A,291277011,5.3941,2.0506,-8.3821
G,291277921,-0.321710,-0.284426,-0.034088
A,291279471,5.3654,2.0650,-8.3785
G,291280417,-0.285491,-0.312122,-0.044741
TRK,291276,-0.17297,0.44554,0.84738,0.23133,0.1982,4.2557,-0.5182,-0.600,0.534,-0.039,2,12
A,291281961,5.3654,2.1045,-8.3821
G,291282913,-0.257794,-0.331297,-0.046872
A,291284433,5.3474,2.1476,-8.3713
G,291285409,-0.263120,-0.334493,-0.045806
A,291286904,5.3295,2.1476,-8.3210
G,291287886,-0.298274,-0.321710,-0.039415
A,291289376,5.2972,2.1189,-8.2492
G,291290393,-0.339819,-0.296144,-0.028762
A,291291828,5.2433,2.0542,-8.1630
G,291292889,-0.369647,-0.267381,-0.021305
A,291294311,5.1787,1.9860,-8.0768
G,291295376,-0.380299,-0.240750,-0.019175
A,291296783,5.1284,1.9070,-8.0014
TRK,291296,-0.16873,0.44626,0.84746,0.23278,0.1863,4.2663,-0.5189,-0.609,0.536,-0.037,2,12
G,291297893,-0.374973,-0.218379,-0.023436
A,291299247,5.0745,1.8531,-7.9476
G,291300389,-0.358994,-0.201335,-0.033023
A,291301718,5.0566,1.8100,-7.9152
G,291302885,-0.339819,-0.186421,-0.047937
A,291304164,5.0386,1.7957,-7.9045
G,291305381,-0.317449,-0.177899,-0.068177
A,291306635,5.0530,1.8208,-7.8901
G,291307878,-0.290817,-0.171508,-0.080960
A,291309082,5.0817,1.8495,-7.9045
G,291310396,-0.259925,-0.169377,-0.085221
A,291311551,5.1032,1.8998,-7.9116
G,291312892,-0.230097,-0.169377,-0.086286
A,291314040,5.1356,1.9573,-7.9440
G,291315379,-0.208792,-0.172573,-0.091613
A,291316512,5.1176,1.9860,-7.9583
TRK,291316,-0.16547,0.44643,0.84750,0.23465,0.1741,4.2769,-0.5197,-0.622,0.537,-0.043,2,12
G,291317894,-0.204531,-0.172573,-0.103331
A,291318979,5.0961,2.0147,-7.9799
G,291320390,-0.216249,-0.168312,-0.113983
A,291321450,5.0494,2.0219,-7.9835
G,291322886,-0.234358,-0.158724,-0.115049
A,291323901,5.0099,2.0255,-7.9799
G,291325383,-0.248207,-0.151268,-0.103331
A,291326373,4.9524,2.0291,-8.0014
G,291327879,-0.260990,-0.143811,-0.087352
A,291328825,4.9416,2.0363,-8.0230
G,291330376,-0.281230,-0.139550,-0.073503
A,291331302,4.9057,2.0291,-8.0409
G,291332846,-0.311057,-0.134223,-0.069242
A,291333773,4.8878,2.0363,-8.0445
G,291335353,-0.338754,-0.135289,-0.070307
A,291336237,4.8878,2.0399,-8.0302
G,291337849,-0.354733,-0.142745,-0.073503
TRK,291333,-0.16296,0.44622,0.84770,0.23609,0.1633,4.2862,-0.5205,-0.630,0.538,-0.047,2,12
A,291338732,4.8770,2.0650,-7.9763
G,291340337,-0.355798,-0.160855,-0.073503
A,291341204,4.8878,2.0973,-7.9260
G,291342855,-0.346211,-0.181095,-0.073503
A,291343680,4.8985,2.1261,-7.8578
G,291345351,-0.329167,-0.200270,-0.068177
A,291346151,4.8985,2.1584,-7.8075
G,291347849,-0.311057,-0.216249,-0.060720
A,291348608,4.9093,2.1727,-7.7716
G,291350345,-0.291882,-0.230097,-0.046872
A,291351096,4.9273,2.1943,-7.7644
G,291352822,-0.271642,-0.236489,-0.034088
A,291353567,4.9488,2.2087,-7.7824
G,291355318,-0.251402,-0.236489,-0.024501
A,291356023,4.9883,2.2266,-7.8111
TRK,291356,-0.15911,0.44652,0.84765,0.23831,0.1492,4.2981,-0.5216,-0.640,0.540,-0.055,2,12
G,291357836,-0.234358,-0.231162,-0.019175
A,291358502,5.0242,2.2446,-7.8470
G,291360332,-0.220510,-0.226901,-0.017044
A,291360974,5.0637,2.2733,-7.8721
G,291362830,-0.204531,-0.222640,-0.011718
A,291363434,5.1104,2.3056,-7.8973
G,291365326,-0.188552,-0.219444,-0.006392
A,291365925,5.1463,2.3308,-7.9224
G,291367804,-0.174703,-0.216249,-0.001065
A,291368397,5.1930,2.3523,-7.9511
G,291370307,-0.168312,-0.217314,-0.001065
A,291370864,5.2182,2.3559,-7.9871
G,291372803,-0.168312,-0.221575,-0.004261
A,291373335,5.2361,2.3379,-8.0122
G,291375292,-0.172573,-0.229032,-0.012783
A,291375788,5.2397,2.3236,-8.0337
TRK,291376,-0.15612,0.44706,0.84773,0.23900,0.1364,4.3089,-0.5227,-0.650,0.546,-0.058,2,12
G,291377810,-0.177899,-0.237554,-0.022371
A,291378272,5.2325,2.2948,-8.0373
G,291380306,-0.178964,-0.247141,-0.027697
A,291380743,5.2253,2.2697,-8.0266
G,291382805,-0.174703,-0.254598,-0.028762
A,291383208,5.2218,2.2374,-8.0122
G,291385301,-0.166181,-0.259925,-0.028762
A,291385680,5.2182,2.2051,-7.9871
G,291387779,-0.153398,-0.260990,-0.028762
A,291388126,5.2110,2.1835,-7.9583
G,291390275,-0.136354,-0.257794,-0.027697
A,291390597,5.1858,2.1620,-7.9332
G,291392754,-0.116114,-0.250337,-0.025566
A,291393045,5.1607,2.1440,-7.9224
G,291395264,-0.090547,-0.240750,-0.023436
A,291395524,5.1284,2.1189,-7.9296
G,291397778,-0.062851,-0.229032,-0.020240
A,291398008,5.1176,2.0901,-7.9547
G,291400274,-0.035154,-0.216249,-0.019175
A,291400480,5.1284,2.0614,-7.9942
TRK,291396,-0.15303,0.44746,0.84802,0.23924,0.1235,4.3197,-0.5239,-0.663,0.552,-0.061,2,12
G,291402773,-0.010653,-0.201335,-0.019175
A,291402950,5.1535,2.0399,-8.0589
G,291405269,0.006392,-0.185356,-0.022371
A,291405421,5.1822,2.0363,-8.1379
G,291407748,0.014914,-0.170442,-0.026632
A,291407873,5.1858,2.0327,-8.2133
G,291410264,0.019175,-0.156594,-0.033023
A,291410362,5.1715,2.0542,-8.2887
G,291412760,0.017044,-0.145941,-0.042611
A,291412833,5.1427,2.0865,-8.3354
G,291415250,0.013848,-0.136354,-0.047937
A,291415296,5.1104,2.1225,-8.3677
G,291417769,0.006392,-0.129962,-0.052198
A,291417790,5.0961,2.1584,-8.3929
A,291420262,5.0817,2.1799,-8.4144
G,291420265,-0.002131,-0.124636,-0.055394
A,291422723,5.0745,2.1907,-8.4324
G,291422751,-0.008522,-0.117179,-0.058590
TRK,291423,-0.15064,0.44729,0.84876,0.23841,0.1051,4.3347,-0.5256,-0.683,0.554,-0.060,2,12
A,291425208,5.0637,2.1943,-8.4539
G,291425260,-0.012783,-0.109722,-0.061785
A,291427700,5.0566,2.1943,-8.4575
G,291427776,-0.012783,-0.099070,-0.066046
A,291430172,5.0494,2.2015,-8.4575
G,291430272,-0.012783,-0.089482,-0.069242
A,291432648,5.0386,2.2122,-8.4467
G,291432771,-0.011718,-0.080960,-0.071373
A,291435142,5.0278,2.2266,-8.4503
G,291435288,-0.008522,-0.074569,-0.070307
A,291437614,5.0099,2.2482,-8.4539
G,291437784,-0.002131,-0.071373,-0.071373
TRK,291433,-0.15001,0.44702,0.84904,0.23833,0.0983,4.3402,-0.5261,-0.689,0.554,-0.058,2,12
A,291440081,4.9919,2.2661,-8.4647
G,291440273,0.003196,-0.068177,-0.070307
A,291442553,4.9704,2.2769,-8.4683
G,291442769,0.009587,-0.069242,-0.071373
A,291445002,4.9560,2.2805,-8.4683
G,291445238,0.013848,-0.069242,-0.071373
A,291447481,4.9380,2.2877,-8.4611
G,291447738,0.017044,-0.070307,-0.069242
A,291449953,4.9273,2.2948,-8.4396
G,291450234,0.019175,-0.074569,-0.069242
A,291452413,4.9165,2.3164,-8.4288
G,291452714,0.020240,-0.082025,-0.069242
A,291454885,4.9165,2.3343,-8.4072
G,291455210,0.022371,-0.092678,-0.068177
A,291457347,4.9237,2.3451,-8.3929
G,291457690,0.025566,-0.102265,-0.064981
TRK,291458,-0.14876,0.44623,0.84978,0.23797,0.0812,4.3539,-0.5275,-0.702,0.553,-0.054,2,12
A,291459840,4.9380,2.3415,-8.3821
G,291460200,0.027697,-0.112918,-0.057524
A,291462311,4.9524,2.3308,-8.3749
G,291462697,0.030893,-0.126766,-0.054328
A,291464785,4.9632,2.3056,-8.3821
G,291465187,0.034088,-0.145941,-0.055394
A,291467256,4.9560,2.2913,-8.3821
G,291467684,0.034088,-0.165116,-0.059655
A,291469711,4.9309,2.2805,-8.3929
G,291470154,0.029827,-0.182160,-0.062851
A,291472183,4.9021,2.2769,-8.3857
G,291472642,0.022371,-0.197074,-0.066046
A,291474679,4.8734,2.2805,-8.3713
G,291475154,0.012783,-0.209857,-0.067112
A,291477151,4.8554,2.2805,-8.3426
G,291477650,0.002131,-0.220510,-0.070307
TRK,291473,-0.14760,0.44594,0.85030,0.23736,0.0707,4.3621,-0.5283,-0.710,0.554,-0.052,2,12
A,291479628,4.8483,2.2877,-8.3175
G,291480141,-0.010653,-0.226901,-0.070307
A,291482099,4.8483,2.2913,-8.2923
G,291482637,-0.025566,-0.232228,-0.064981
A,291484557,4.8554,2.2913,-8.2780
G,291485109,-0.041545,-0.236489,-0.050067
A,291487046,4.8590,2.2877,-8.2600
G,291487612,-0.053263,-0.240750,-0.039415
A,291489517,4.8698,2.2769,-8.2456
G,291490108,-0.062851,-0.243946,-0.035154
A,291491987,4.8806,2.2733,-8.2313
G,291492590,-0.069242,-0.240750,-0.038350
A,291494487,4.8878,2.2625,-8.2097
G,291495103,-0.076699,-0.227967,-0.037284
A,291496958,4.8949,2.2517,-8.1846
G,291497599,-0.083091,-0.211988,-0.034088
A,291499426,4.8985,2.2410,-8.1594
G,291500078,-0.091613,-0.197074,-0.029827
TRK,291496,-0.14450,0.44589,0.85105,0.23668,0.0529,4.3759,-0.5296,-0.723,0.555,-0.053,2,12
A,291501917,4.9021,2.2374,-8.1271
G,291502581,-0.098004,-0.185356,-0.022371
A,291504389,4.9129,2.2446,-8.0984
G,291505077,-0.103331,-0.174703,-0.015979
A,291506854,4.9344,2.2553,-8.0661
G,291507553,-0.106526,-0.165116,-0.009587
A,291509346,4.9524,2.2661,-8.0409
G,291510056,-0.106526,-0.155529,-0.006392
A,291511817,4.9668,2.2733,-8.0194
G,291512553,-0.105461,-0.147006,-0.003196
A,291514281,4.9740,2.2769,-8.0086
G,291515026,-0.104396,-0.138484,-0.001065
A,291516775,4.9740,2.2769,-8.0086
G,291517530,-0.104396,-0.133158,-0.001065
A,291519246,4.9704,2.2948,-8.0086
G,291520026,-0.103331,-0.127832,-0.006392
TRK,291518,-0.14218,0.44613,0.85124,0.23694,0.0367,4.3883,-0.5308,-0.737,0.561,-0.056,2,12
A,291521711,4.9668,2.2984,-8.0230
G,291522499,-0.102265,-0.121440,-0.013848
A,291524182,4.9632,2.3200,-8.0445
G,291525014,-0.099070,-0.113983,-0.014914
A,291526638,4.9596,2.3308,-8.0697
G,291527510,-0.095874,-0.107592,-0.010653
A,291529125,4.9632,2.3343,-8.0948
G,291530004,-0.092678,-0.105461,-0.006392
A,291531597,4.9596,2.3343,-8.1163
G,291532500,-0.088417,-0.106526,-0.004261
A,291534065,4.9668,2.3379,-8.1235
G,291534975,-0.083091,-0.107592,-0.001065
A,291536563,4.9740,2.3379,-8.1163
G,291537480,-0.075634,-0.107592,0.006392
A,291539034,4.9847,2.3415,-8.0948
G,291539976,-0.067112,-0.107592,0.010653
A,291541501,5.0063,2.3308,-8.0768
G,291542448,-0.059655,-0.107592,0.010653
TRK,291538,-0.14062,0.44627,0.85134,0.23725,0.0220,4.3995,-0.5319,-0.749,0.567,-0.059,2,12
A,291543991,5.0278,2.3128,-8.0553
G,291544944,-0.050067,-0.107592,0.006392
A,291546462,5.0494,2.2913,-8.0517
G,291547463,-0.039415,-0.105461,0.002131
A,291548926,5.0458,2.2769,-8.0481
G,291549959,-0.026632,-0.101200,-0.001065
A,291551397,5.0422,2.2697,-8.0589
G,291552464,-0.014914,-0.094809,-0.001065
A,291553849,5.0278,2.2769,-8.0697
G,291554960,-0.007457,-0.090547,-0.001065
TRK,291554,-0.13969,0.44634,0.85148,0.23716,0.0108,4.4079,-0.5328,-0.760,0.572,-0.061,2,12
A,291556332,5.0135,2.2913,-8.0948
G,291557445,-0.001065,-0.090547,-0.001065
A,291558803,5.0135,2.3092,-8.1271
G,291559961,0.004261,-0.093743,-0.004261
A,291561267,5.0099,2.3272,-8.1666
G,291562457,0.008522,-0.095874,-0.006392
A,291563752,5.0135,2.3451,-8.2061
G,291564942,0.010653,-0.096939,-0.007457
A,291566223,5.0099,2.3559,-8.2420
G,291567448,0.011718,-0.099070,-0.012783
A,291568678,5.0063,2.3703,-8.2744
G,291569944,0.009587,-0.106526,-0.017044
A,291571165,4.9919,2.3846,-8.2887
G,291572430,0.006392,-0.112918,-0.021305
A,291573636,4.9883,2.3990,-8.2995
TRK,291573,-0.13876,0.44627,0.85178,0.23677,-0.0044,4.4193,-0.5340,-0.773,0.578,-0.061,2,12
G,291574945,0.004261,-0.117179,-0.020240
A,291576103,4.9775,2.4062,-8.2923
G,291577442,0.004261,-0.118244,-0.017044
A,291578574,4.9740,2.4026,-8.2923
G,291579937,0.005326,-0.117179,-0.014914
A,291581023,4.9704,2.3954,-8.2780
G,291582433,0.004261,-0.117179,-0.010653
A,291583502,4.9668,2.3810,-8.2672
G,291584909,0.001065,-0.116114,-0.005326
A,291585974,4.9632,2.3595,-8.2564
G,291587410,-0.002131,-0.118244,-0.002131
A,291588429,4.9596,2.3379,-8.2528
G,291589906,-0.001065,-0.119310,0.000000
A,291590920,4.9452,2.3128,-8.2564
G,291592393,0.002131,-0.121440,0.000000
A,291593391,4.9344,2.3020,-8.2744
G,291594909,0.009587,-0.121440,0.002131
A,291595863,4.9237,2.2913,-8.2959
G,291597405,0.014914,-0.120375,0.003196
A,291598335,4.9201,2.2948,-8.3246
TRK,291593,-0.13751,0.44626,0.85212,0.23628,-0.0198,4.4307,-0.5352,-0.786,0.583,-0.060,2,12
G,291599902,0.018109,-0.119310,0.004261
A,291600788,4.9237,2.2948,-8.3390
G,291602398,0.019175,-0.119310,0.002131
A,291603272,4.9309,2.2984,-8.3570
G,291604874,0.021305,-0.117179,-0.003196
A,291605743,4.9380,2.3056,-8.3641
G,291607381,0.023436,-0.115049,-0.009587
A,291608208,4.9452,2.3200,-8.3713
G,291609877,0.027697,-0.115049,-0.014914
A,291610680,4.9452,2.3343,-8.3713
G,291612364,0.029827,-0.118244,-0.019175
A,291613126,4.9344,2.3451,-8.3749
G,291614882,0.028762,-0.120375,-0.020240
A,291615603,4.9165,2.3595,-8.3749
G,291617378,0.024501,-0.122505,-0.018109
A,291618086,4.8914,2.3631,-8.3821
G,291619850,0.021305,-0.122505,-0.012783
A,291620558,4.8698,2.3703,-8.3821
TRK,291620,-0.13590,0.44622,0.85265,0.23538,-0.0414,4.4466,-0.5368,-0.804,0.588,-0.058,2,12
G,291622357,0.018109,-0.123571,-0.010653
A,291623026,4.8518,2.3703,-8.3677
G,291624853,0.018109,-0.127832,-0.010653
A,291625513,4.8375,2.3667,-8.3534
G,291627328,0.020240,-0.129962,-0.011718
A,291627984,4.8339,2.3703,-8.3354
G,291629846,0.022371,-0.132093,-0.008522
A,291630464,4.8267,2.3846,-8.3282
G,291632342,0.023436,-0.131028,-0.008522
A,291632936,4.8267,2.3918,-8.3282
G,291634826,0.023436,-0.131028,-0.010653
A,291635383,4.8267,2.3990,-8.3318
G,291637334,0.017044,-0.127832,-0.013848
A,291637856,4.8303,2.3918,-8.3210
G,291639848,0.007457,-0.123571,-0.015979
A,291640334,4.8375,2.3739,-8.3175
G,291642344,0.001065,-0.115049,-0.015979
A,291642806,4.8411,2.3523,-8.3031
TRK,291638,-0.13479,0.44619,0.85301,0.23478,-0.0554,4.4568,-0.5378,-0.815,0.591,-0.058,2,12
G,291644842,-0.001065,-0.107592,-0.017044
A,291645269,4.8375,2.3236,-8.2887
G,291647338,0.002131,-0.098004,-0.013848
A,291647741,4.8303,2.2948,-8.2744
G,291649816,0.007457,-0.089482,-0.008522
A,291650186,4.8267,2.2733,-8.2528
G,291652331,0.011718,-0.076699,-0.001065
A,291652669,4.8231,2.2589,-8.2313
G,291654827,0.013848,-0.066046,0.001065
A,291655140,4.8267,2.2482,-8.2097
G,291657315,0.013848,-0.056459,0.003196
A,291657597,4.8267,2.2410,-8.2097
TRK,291658,-0.13379,0.44611,0.85332,0.23437,-0.0716,4.4685,-0.5390,-0.828,0.595,-0.059,2,12
G,291659833,0.014914,-0.051133,0.004261
A,291660085,4.8303,2.2410,-8.2133
G,291662329,0.015979,-0.044741,0.007457
A,291662557,4.8303,2.2374,-8.2241
G,291664804,0.019175,-0.041545,0.006392
A,291665003,4.8339,2.2482,-8.2349
G,291667313,0.023436,-0.037284,0.006392
A,291667483,4.8303,2.2553,-8.2384
G,291669809,0.029827,-0.035154,0.001065
A,291669954,4.8267,2.2697,-8.2456
G,291672288,0.035154,-0.034088,-0.001065
A,291672405,4.8231,2.2769,-8.2528
G,291674797,0.038350,-0.036219,-0.001065
A,291674887,4.8123,2.2733,-8.2672
G,291677293,0.036219,-0.040480,0.000000
A,291677359,4.8016,2.2733,-8.2744
G,291679772,0.029827,-0.045806,-0.001065
A,291679811,4.7800,2.2697,-8.2708
TRK,291680,-0.13328,0.44596,0.85359,0.23395,-0.0902,4.4818,-0.5403,-0.844,0.600,-0.061,2,12
G,291682281,0.022371,-0.051133,-0.005326
A,291682295,4.7513,2.2769,-8.2744
A,291684786,4.7262,2.2805,-8.2708
G,291684797,0.015979,-0.056459,-0.011718
A,291687257,4.7046,2.2841,-8.2780
G,291687293,0.011718,-0.060720,-0.011718
A,291689732,4.6902,2.2841,-8.2887
G,291689791,0.008522,-0.064981,-0.008522
A,291692225,4.6902,2.2841,-8.2887
G,291692308,0.005326,-0.067112,-0.002131
A,291694696,4.6902,2.2805,-8.2887
G,291694804,0.000000,-0.064981,0.002131
A,291697182,4.7010,2.2769,-8.2780
G,291697312,-0.005326,-0.060720,0.007457
A,291699654,4.7190,2.2697,-8.2672
G,291699808,-0.010653,-0.054328,0.011718
TRK,291695,-0.13274,0.44586,0.85380,0.23372,-0.1028,4.4908,-0.5412,-0.853,0.602,-0.062,2,12
A,291702120,4.7369,2.2517,-8.2564
G,291702297,-0.013848,-0.047937,0.015979
A,291704592,4.7728,2.2446,-8.2492
G,291704793,-0.014914,-0.040480,0.018109
A,291707041,4.7944,2.2338,-8.2528
G,291707263,-0.011718,-0.031958,0.017044
A,291709520,4.8159,2.2374,-8.2600
G,291709762,-0.007457,-0.022371,0.014914
A,291712008,4.8267,2.2517,-8.2744
G,291712269,-0.003196,-0.011718,0.012783
A,291714479,4.8231,2.2625,-8.2851
G,291714765,-0.001065,0.000000,0.010653
A,291716949,4.8195,2.2697,-8.2959
G,291717255,0.001065,0.008522,0.006392
A,291719437,4.8159,2.2733,-8.2923
G,291719761,0.005326,0.017044,0.003196
A,291721908,4.8195,2.2625,-8.2923
G,291722257,0.011718,0.029827,0.005326
TRK,291717,-0.13220,0.44583,0.85391,0.23368,-0.1220,4.5042,-0.5426,-0.869,0.606,-0.064,2,12
A,291724370,4.8411,2.2553,-8.2995
G,291724736,0.019175,0.045806,0.009587
A,291726863,4.8662,2.2482,-8.3175
G,291727246,0.024501,0.058590,0.011718
A,291729334,4.8949,2.2517,-8.3426
G,291729742,0.028762,0.070307,0.011718
A,291731807,4.9165,2.2697,-8.3677
G,291732232,0.033023,0.078830,0.007457
A,291734299,4.9129,2.2877,-8.3929
G,291734740,0.037284,0.087352,0.001065
A,291736770,4.9093,2.3020,-8.4144
G,291737236,0.041545,0.091613,-0.003196
A,291739235,4.8949,2.3128,-8.4396
G,291739716,0.042611,0.093743,-0.004261
A,291741706,4.8770,2.3092,-8.4575
G,291742212,0.039415,0.091613,-0.005326
TRK,291736,-0.13260,0.44549,0.85400,0.23377,-0.1284,4.5087,-0.5431,0.000,0.000,0.000,3,12
A,291744172,4.8518,2.3128,-8.4719
G,291744692,0.029827,0.086286,-0.004261
A,291746643,4.8303,2.3128,-8.4791
G,291747203,0.017044,0.079895,-0.002131
A,291749091,4.8088,2.3164,-8.4755
G,291749699,0.004261,0.072438,0.004261
A,291751569,4.7980,2.3343,-8.4647
G,291752190,-0.005326,0.066046,0.009587
A,291754040,4.7872,2.3487,-8.4467
G,291754686,-0.013848,0.059655,0.012783
A,291756499,4.7836,2.3703,-8.4288
G,291757156,-0.020240,0.055394,0.010653
TRK,291753,-0.13305,0.44513,0.85405,0.23399,-0.1284,4.5087,-0.5431,0.000,0.000,0.000,3,12
A,291758989,4.7836,2.3882,-8.4072
G,291759658,-0.024501,0.050067,0.005326
A,291761460,4.7800,2.3918,-8.3857
G,291762154,-0.025566,0.046872,0.002131
A,291763931,4.7764,2.3918,-8.3641
G,291764635,-0.023436,0.043676,0.000000
A,291766402,4.7800,2.3774,-8.3498
G,291767147,-0.021305,0.041545,-0.001065
A,291768854,4.7872,2.3631,-8.3534
G,291769643,-0.020240,0.041545,0.001065
A,291771337,4.7944,2.3415,-8.3534
G,291772135,-0.020240,0.039415,0.003196
A,291773808,4.8016,2.3343,-8.3641
G,291774631,-0.023436,0.035154,0.004261
A,291776272,4.8016,2.3200,-8.3677
G,291777103,-0.029827,0.027697,-0.002131
TRK,291773,-0.13310,0.44487,0.85406,0.23442,-0.1284,4.5087,-0.5431,0.000,0.000,0.000,3,12
A,291778766,4.7908,2.3236,-8.3677
G,291779605,-0.038350,0.015979,-0.011718
A,291781238,4.7800,2.3200,-8.3713
G,291782101,-0.045806,0.005326,-0.014914
A,291783713,4.7764,2.3200,-8.3606
G,291784584,-0.054328,-0.005326,-0.013848
A,291786184,4.7764,2.3164,-8.3498
G,291787097,-0.061785,-0.013848,-0.004261
A,291788640,4.7764,2.3128,-8.3246
G,291789593,-0.070307,-0.023436,0.004261
A,291791127,4.7836,2.3200,-8.2959
G,291792085,-0.076699,-0.030893,0.013848
A,291793599,4.7836,2.3200,-8.2672
G,291794581,-0.083091,-0.036219,0.018109
A,291796067,4.7872,2.3272,-8.2528
G,291797054,-0.088417,-0.037284,0.022371
TRK,291793,-0.13421,0.44498,0.85382,0.23447,-0.1284,4.5087,-0.5431,0.000,0.000,0.000,1,13
A,291798565,4.7944,2.3236,-8.2384
G,291799558,-0.092678,-0.035154,0.024501
A,291801036,4.7944,2.3164,-8.2349
G,291802054,-0.096939,-0.030893,0.024501
A,291803516,4.7980,2.3056,-8.2349
G,291804537,-0.102265,-0.027697,0.021305
A,291805987,4.8088,2.2913,-8.2241
G,291807051,-0.109722,-0.022371,0.020240
A,291808447,4.8231,2.2697,-8.2061
G,291809547,-0.116114,-0.012783,0.020240
A,291810925,4.8554,2.2410,-8.1738
G,291812027,-0.122505,0.002131,0.025566
A,291813412,4.8914,2.2230,-8.1523
G,291814518,-0.128897,0.017044,0.034088
A,291815884,4.9129,2.1907,-8.1307
G,291817032,-0.136354,0.034088,0.042611
A,291818346,4.9380,2.1799,-8.1343
G,291819528,-0.143811,0.050067,0.046872
TRK,291815,-0.14010,0.44608,0.85255,0.23354,-0.1284,4.5087,-0.5431,0.000,0.000,0.000,1,13
A,291820839,4.9488,2.1656,-8.1451
G,291822022,-0.150202,0.064981,0.043676
A,291823310,4.9524,2.1548,-8.1666
G,291824518,-0.155529,0.078830,0.039415
A,291825791,4.9524,2.1440,-8.1918
G,291827000,-0.159790,0.092678,0.036219
A,291828263,4.9309,2.1440,-8.2169
G,291829511,-0.162985,0.105461,0.031958
A,291830724,4.9021,2.1512,-8.2528
G,291832007,-0.164051,0.116114,0.027697
A,291833196,4.8554,2.1871,-8.2887
G,291834512,-0.161920,0.124636,0.027697
A,291835652,4.8016,2.2410,-8.3282
G,291837008,-0.154463,0.125701,0.028762
A,291838139,4.7405,2.3056,-8.3570
G,291839492,-0.143811,0.123571,0.027697
A,291840610,4.6902,2.3667,-8.3821
TRK,291839,-0.14628,0.44692,0.85100,0.23381,-0.1284,4.5087,-0.5431,0.000,0.000,0.000,1,13
G,291841993,-0.129962,0.117179,0.020240
A,291843064,4.6687,2.4098,-8.4001
G,291844489,-0.113983,0.115049,0.011718
A,291845536,4.6723,2.4385,-8.4072
G,291846984,-0.101200,0.112918,0.003196
A,291847985,4.7082,2.4385,-8.4036
G,291849480,-0.092678,0.112918,0.001065
A,291850465,4.7513,2.4241,-8.3929
G,291851955,-0.089482,0.110787,0.003196
A,291852936,4.7872,2.4062,-8.3677
G,291854461,-0.090547,0.106526,0.005326
A,291855397,4.8159,2.3846,-8.3282
G,291856957,-0.094809,0.098004,0.005326
TRK,291856,-0.14705,0.44677,0.85066,0.23484,-0.1372,4.5110,-0.5432,-0.102,0.025,-0.002,2,13
A,291857889,4.8303,2.3667,-8.2959
G,291859442,-0.104396,0.086286,0.003196
A,291860361,4.8447,2.3667,-8.2528
G,291861958,-0.115049,0.075634,0.004261
A,291862833,4.8626,2.3667,-8.2277
G,291864454,-0.121440,0.067112,0.008522
A,291865326,4.8914,2.3739,-8.2133
G,291866939,-0.122505,0.061785,0.014914
A,291867798,4.9201,2.3846,-8.2205
G,291869445,-0.121440,0.057524,0.015979
A,291870262,4.9416,2.3882,-8.2384
G,291871941,-0.121440,0.053263,0.012783
A,291872733,4.9560,2.3954,-8.2564
G,291874426,-0.123571,0.050067,0.009587
A,291875178,4.9560,2.3954,-8.2887
G,291876942,-0.125701,0.055394,0.012783
A,291877654,4.9632,2.3990,-8.3067
G,291879438,-0.131028,0.067112,0.019175
TRK,291878,-0.14682,0.44667,0.85033,0.23635,-0.1396,4.5116,-0.5433,-0.112,0.029,-0.002,2,13
A,291880136,4.9704,2.4205,-8.3246
G,291881909,-0.138484,0.080960,0.022371
A,291882608,4.9775,2.4493,-8.3318
G,291884416,-0.145941,0.088417,0.019175
A,291885075,4.9775,2.4852,-8.3282
G,291886912,-0.143811,0.086286,0.013848
A,291887567,4.9596,2.5067,-8.3103
G,291889392,-0.134223,0.074569,0.008522
A,291890039,4.9344,2.5139,-8.2887
G,291891899,-0.119310,0.058590,0.010653
A,291892509,4.9057,2.5031,-8.2708
G,291894395,-0.102265,0.039415,0.013848
A,291894980,4.8806,2.4816,-8.2600
G,291896892,-0.084156,0.023436,0.019175
A,291897440,4.8698,2.4708,-8.2492
G,291899388,-0.068177,0.007457,0.022371
TRK,291898,-0.14659,0.44663,0.85004,0.23762,-0.1419,4.5122,-0.5433,-0.119,0.032,-0.001,2,13
A,291899931,4.8590,2.4636,-8.2420
G,291901864,-0.056459,-0.004261,0.025566
A,291902402,4.8554,2.4636,-8.2349
G,291904372,-0.047937,-0.013848,0.028762
A,291904874,4.8518,2.4672,-8.2313
G,291906868,-0.042611,-0.020240,0.028762
A,291907346,4.8554,2.4672,-8.2349
G,291909355,-0.037284,-0.024501,0.025566
A,291909799,4.8590,2.4708,-8.2420
G,291911872,-0.033023,-0.031958,0.019175
A,291912283,4.8662,2.4672,-8.2492
G,291914368,-0.026632,-0.040480,0.013848
A,291914754,4.8698,2.4780,-8.2564
G,291916866,-0.021305,-0.050067,0.010653
A,291917219,4.8662,2.4780,-8.2600
G,291919362,-0.015979,-0.055394,0.010653
A,291919690,4.8698,2.4852,-8.2528
TRK,291918,-0.14599,0.44672,0.85005,0.23781,-0.1446,4.5129,-0.5433,-0.127,0.036,-0.001,2,13
TRK,291934,-0.14548,0.44670,0.85021,0.23755,-0.1466,4.5135,-0.5433,-0.133,0.039,-0.001,2,13
G,291941764,0.041545,-0.055394,-0.003196
A,291941891,4.8698,2.4313,-8.0912
G,291944273,0.042611,-0.054328,-0.005326
A,291944374,4.8554,2.4169,-8.0948
G,291946769,0.042611,-0.052198,-0.008522
A,291946845,4.8447,2.4205,-8.0912
G,291949259,0.041545,-0.049002,-0.009587
A,291949308,4.8447,2.4385,-8.0912
G,291951778,0.040480,-0.047937,-0.009587
A,291951802,4.8411,2.4529,-8.0804
A,291954273,4.8339,2.4636,-8.0732
G,291954274,0.040480,-0.050067,-0.013848
A,291956725,4.8267,2.4565,-8.0625
G,291956751,0.039415,-0.053263,-0.020240
A,291959210,4.8123,2.4421,-8.0625
G,291959260,0.038350,-0.054328,-0.025566
TRK,291957,-0.14489,0.44646,0.85060,0.23697,-0.1496,4.5144,-0.5434,-0.142,0.044,-0.004,2,13
STAT,404.9,400.4,0,0,44733,0.0997,5.965,0.4747,0.8360,1.7463,9.8772,3.06,0.000
A,291961706,4.8016,2.4313,-8.0589
G,291961779,0.037284,-0.055394,-0.026632
A,291964177,4.7872,2.4205,-8.0589
G,291964275,0.036219,-0.057524,-0.023436
A,291966653,4.7800,2.4241,-8.0625
G,291966774,0.036219,-0.062851,-0.019175
A,291969147,4.7728,2.4169,-8.0768
G,291969290,0.038350,-0.071373,-0.014914
A,291971618,4.7692,2.4169,-8.0768
G,291971786,0.039415,-0.080960,-0.014914
A,291974086,4.7657,2.4169,-8.0840
G,291974275,0.041545,-0.088417,-0.015979
A,291976557,4.7692,2.4169,-8.0768
G,291976771,0.043676,-0.091613,-0.014914
A,291979004,4.7836,2.4169,-8.0661
G,291979239,0.046872,-0.091613,-0.011718
A,291981476,4.8088,2.4026,-8.0589
G,291981758,0.050067,-0.092678,-0.009587
A,291983926,4.8267,2.3882,-8.0553
G,291984254,0.052198,-0.092678,-0.012783
A,291986407,4.8375,2.3703,-8.0589
G,291986754,0.053263,-0.091613,-0.018109
A,291988879,4.8375,2.3559,-8.0768
G,291989250,0.054328,-0.088417,-0.022371
TRK,291984,-0.14388,0.44613,0.85118,0.23612,-0.1536,4.5157,-0.5436,-0.153,0.050,-0.010,2,13
A,291991341,4.8339,2.3595,-8.0984
G,291991729,0.056459,-0.083091,-0.024501
A,291993812,4.8267,2.3667,-8.1271
G,291994225,0.058590,-0.078830,-0.023436
A,291996276,4.8267,2.3810,-8.1487
G,291996705,0.061785,-0.075634,-0.021305
A,291998759,4.8195,2.3990,-8.1702
G,291999205,0.063916,-0.075634,-0.018109
A,292001231,4.8159,2.4098,-8.1882
G,292001701,0.064981,-0.076699,-0.015979
TRK,291996,-0.14342,0.44596,0.85149,0.23563,-0.1555,4.5163,-0.5437,-0.159,0.052,-0.012,2,13
A,292003686,4.8088,2.4241,-8.2097
G,292004171,0.064981,-0.077764,-0.012783
A,292006172,4.8016,2.4277,-8.2420
G,292006673,0.063916,-0.076699,-0.008522
A,292008644,4.7980,2.4277,-8.2708
G,292009169,0.062851,-0.074569,-0.005326
A,292011100,4.7980,2.4313,-8.2995
G,292011639,0.058590,-0.073503,-0.006392
A,292013597,4.8123,2.4241,-8.3210
G,292014151,0.053263,-0.070307,-0.007457
A,292016069,4.8195,2.4241,-8.3354
G,292016647,0.047937,-0.064981,-0.009587
A,292018547,4.8375,2.4205,-8.3282
G,292019138,0.042611,-0.059655,-0.008522
A,292021019,4.8518,2.4205,-8.3246
G,292021634,0.036219,-0.051133,-0.007457
A,292023478,4.8698,2.4241,-8.3175
G,292024106,0.030893,-0.038350,-0.002131
TRK,292020,-0.14267,0.44569,0.85200,0.23473,-0.1596,4.5176,-0.5440,-0.169,0.056,-0.012,2,13
A,292025968,4.8878,2.4205,-8.3031
G,292026608,0.026632,-0.024501,0.001065
A,292028440,4.9057,2.4134,-8.2995
G,292029104,0.025566,-0.013848,0.002131
A,292030911,4.9165,2.4026,-8.2959
G,292031587,0.025566,-0.012783,0.000000
A,292033382,4.9165,2.3954,-8.3067
G,292034093,0.025566,-0.013848,-0.001065
A,292035828,4.9093,2.3918,-8.3175
G,292036589,0.022371,-0.013848,0.000000
A,292038311,4.8949,2.3954,-8.3390
G,292039082,0.013848,-0.012783,-0.001065
A,292040783,4.8806,2.4026,-8.3498
G,292041578,0.003196,-0.009587,-0.002131
TRK,292036,-0.14245,0.44556,0.85216,0.23454,-0.1321,4.5084,-0.5422,0.000,0.000,0.000,1,14
A,292043247,4.8698,2.4098,-8.3641
G,292044051,-0.006392,-0.007457,-0.001065
A,292045718,4.8590,2.4062,-8.3641
G,292046555,-0.012783,-0.005326,-0.001065
A,292048164,4.8590,2.3954,-8.3606
G,292049051,-0.014914,-0.005326,0.001065
A,292050637,4.8590,2.3774,-8.3606
G,292051531,-0.014914,-0.007457,0.002131
A,292053109,4.8554,2.3667,-8.3534
G,292054045,-0.012783,-0.008522,0.004261
A,292055567,4.8590,2.3631,-8.3498
G,292056541,-0.010653,-0.012783,0.005326
A,292058055,4.8590,2.3703,-8.3426
G,292059035,-0.009587,-0.019175,0.002131
A,292060526,4.8518,2.3918,-8.3390
G,292061531,-0.008522,-0.025566,0.000000
A,292063016,4.8411,2.4134,-8.3282
G,292064025,-0.006392,-0.026632,-0.001065
A,292065487,4.8159,2.4349,-8.3246
G,292066521,-0.004261,-0.025566,-0.003196
TRK,292061,-0.14742,0.44631,0.85095,0.23443,-0.1321,4.5084,-0.5422,0.000,0.000,0.000,1,14
A,292067957,4.7944,2.4493,-8.3175
G,292068995,0.000000,-0.022371,-0.005326
A,292070429,4.7692,2.4636,-8.3067
G,292071500,0.001065,-0.021305,-0.008522
A,292072880,4.7549,2.4636,-8.2995
G,292073996,0.001065,-0.021305,-0.006392
A,292075362,4.7477,2.4600,-8.2923
G,292076481,-0.001065,-0.025566,-0.006392
A,292077834,4.7585,2.4529,-8.2959
G,292078996,-0.004261,-0.033023,-0.007457
A,292080297,4.7800,2.4457,-8.2923
G,292081492,-0.007457,-0.039415,-0.011718
A,292082768,4.7980,2.4421,-8.2851
TRK,292077,-0.15013,0.44679,0.85032,0.23409,-0.1321,4.5084,-0.5422,0.000,0.000,0.000,1,14
G,292083986,-0.009587,-0.044741,-0.012783
A,292085213,4.8123,2.4457,-8.2744
G,292086482,-0.009587,-0.046872,-0.011718
A,292087684,4.8088,2.4529,-8.2528
G,292088977,-0.010653,-0.047937,-0.010653
A,292090130,4.7944,2.4565,-8.2384
G,292091473,-0.010653,-0.046872,-0.006392
A,292092602,4.7728,2.4636,-8.2241
G,292093943,-0.011718,-0.044741,-0.003196
A,292095073,4.7513,2.4636,-8.2097
G,292096448,-0.012783,-0.044741,0.000000
A,292097532,4.7369,2.4565,-8.1918
G,292098944,-0.013848,-0.047937,-0.003196
A,292100021,4.7333,2.4600,-8.1846
G,292101430,-0.012783,-0.051133,-0.006392
A,292102492,4.7262,2.4529,-8.1810
G,292103926,-0.011718,-0.054328,-0.007457
TRK,292098,-0.15217,0.44719,0.84986,0.23366,-0.1321,4.5084,-0.5422,0.000,0.000,0.000,1,14
A,292104982,4.7297,2.4565,-8.1846
G,292106412,-0.008522,-0.055394,-0.007457
A,292107454,4.7333,2.4636,-8.1918
G,292108928,-0.007457,-0.055394,-0.005326
A,292109924,4.7405,2.4744,-8.1954
G,292111424,-0.008522,-0.055394,-0.005326
A,292112412,4.7513,2.4744,-8.2025
G,292113907,-0.008522,-0.055394,-0.005326
A,292114884,4.7585,2.4780,-8.2097
G,292116403,-0.008522,-0.055394,-0.006392
A,292117366,4.7621,2.4744,-8.2205
G,292118879,-0.009587,-0.054328,-0.003196
A,292119837,4.7621,2.4708,-8.2277
G,292121380,-0.012783,-0.054328,-0.003196
A,292122293,4.7585,2.4600,-8.2313
G,292123876,-0.015979,-0.055394,-0.001065
TRK,292123,-0.15404,0.44756,0.84945,0.23323,-0.1321,4.5084,-0.5422,0.000,0.000,0.000,1,14
A,292124787,4.7549,2.4493,-8.2277
G,292126363,-0.015979,-0.056459,0.000000
A,292127259,4.7513,2.4277,-8.2169
G,292128872,-0.013848,-0.054328,0.005326
A,292129725,4.7585,2.4098,-8.2061
G,292131368,-0.010653,-0.050067,0.009587
A,292132197,4.7692,2.3954,-8.2061
G,292133865,-0.005326,-0.044741,0.009587
A,292134653,4.7872,2.3882,-8.2133
G,292136361,-0.003196,-0.039415,0.007457
A,292137139,4.7944,2.3918,-8.2313
G,292138838,-0.003196,-0.036219,0.002131
A,292139611,4.7908,2.3918,-8.2564
TRK,292135,-0.15479,0.44771,0.84928,0.23307,-0.1321,4.5084,-0.5422,0.000,0.000,0.000,1,14
G,292141346,-0.006392,-0.031958,-0.001065
A,292142078,4.7908,2.3990,-8.2708
G,292143842,-0.007457,-0.026632,0.001065
A,292144550,4.7800,2.4062,-8.2815
G,292146330,-0.007457,-0.022371,0.005326
A,292146999,4.7728,2.4134,-8.2815
G,292148837,-0.005326,-0.020240,0.011718
A,292149468,4.7621,2.4241,-8.2815
G,292151333,-0.002131,-0.020240,0.011718
A,292151959,4.7513,2.4313,-8.2851
G,292153811,0.000000,-0.020240,0.012783
A,292154430,4.7369,2.4385,-8.2851
G,292156320,0.000000,-0.020240,0.012783
A,292156901,4.7333,2.4493,-8.2959
G,292158816,-0.001065,-0.020240,0.013848
A,292159373,4.7369,2.4529,-8.3031
G,292161300,-0.003196,-0.020240,0.015979
A,292161821,4.7441,2.4565,-8.3103
TRK,292162,-0.15632,0.44796,0.84891,0.23292,-0.1321,4.5084,-0.5422,0.000,0.000,0.000,1,14
G,292163818,-0.006392,-0.022371,0.017044
A,292164305,4.7549,2.4529,-8.3103
G,292166314,-0.009587,-0.024501,0.019175
A,292166776,4.7657,2.4349,-8.3067
G,292168813,-0.010653,-0.026632,0.018109
A,292169240,4.7764,2.4134,-8.2887
G,292171329,-0.010653,-0.025566,0.019175
A,292171724,4.7836,2.3918,-8.2744
G,292173825,-0.007457,-0.025566,0.019175
A,292174195,4.7836,2.3703,-8.2600
G,292176333,-0.004261,-0.022371,0.018109
A,292176671,4.7800,2.3703,-8.2564
G,292178829,-0.002131,-0.018109,0.013848
A,292179142,4.7657,2.3739,-8.2600
G,292181310,-0.002131,-0.014914,0.009587
A,292181592,4.7549,2.3774,-8.2672
G,292183828,-0.003196,-0.015979,0.007457
A,292184080,4.7513,2.3774,-8.2672
G,292186324,-0.002131,-0.018109,0.009587
A,292186551,4.7549,2.3703,-8.2708
TRK,292182,-0.15711,0.44809,0.84872,0.23283,-0.1321,4.5084,-0.5422,0.000,0.000,0.000,1,14
G,292188822,0.002131,-0.020240,0.011718
A,292189020,4.7585,2.3559,-8.2672
G,292191318,0.007457,-0.019175,0.017044
A,292191510,4.7621,2.3487,-8.2636
G,292193787,0.011718,-0.019175,0.018109
A,292193982,4.7585,2.3487,-8.2708
G,292196295,0.013848,-0.018109,0.019175
A,292196461,4.7549,2.3559,-8.2744
G,292198791,0.018109,-0.019175,0.019175
A,292198932,4.7585,2.3523,-8.2887
G,292201269,0.021305,-0.018109,0.021305
A,292201383,4.7585,2.3451,-8.3031
TRK,292197,-0.15778,0.44825,0.84858,0.23259,-0.1321,4.5084,-0.5422,0.000,0.000,0.000,1,14
G,292203768,0.024501,-0.013848,0.022371
A,292203855,4.7657,2.3272,-8.3139
G,292206286,0.027697,-0.009587,0.023436
A,292206347,4.7764,2.3164,-8.3210
G,292208782,0.028762,-0.005326,0.022371
A,292208818,4.7944,2.3020,-8.3210
G,292211289,0.029827,-0.002131,0.020240
A,292211299,4.8159,2.2984,-8.3210
A,292213771,4.8339,2.2984,-8.3318
G,292213785,0.029827,0.003196,0.015979
A,292216235,4.8518,2.2984,-8.3498
G,292216274,0.028762,0.009587,0.010653
A,292218724,4.8518,2.3056,-8.3713
G,292218787,0.025566,0.017044,0.000000
A,292221196,4.8447,2.3164,-8.3965
G,292221283,0.020240,0.026632,-0.008522
TRK,292217,-0.15858,0.44848,0.84843,0.23212,-0.1321,4.5084,-0.5422,0.000,0.000,0.000,1,14
A,292223672,4.8231,2.3308,-8.4036
G,292223782,0.014914,0.035154,-0.015979
A,292226143,4.8016,2.3451,-8.4108
G,292226278,0.008522,0.043676,-0.020240
A,292228593,4.7728,2.3523,-8.4144
G,292228750,0.004261,0.050067,-0.021305
A,292231065,4.7477,2.3631,-8.4144
G,292231246,0.003196,0.055394,-0.022371
A,292233524,4.7262,2.3595,-8.4216
G,292233726,0.004261,0.056459,-0.024501
A,292235995,4.7118,2.3631,-8.4396
G,292236222,0.006392,0.053263,-0.027697
A,292238455,4.6938,2.3595,-8.4467
G,292238702,0.007457,0.049002,-0.027697
A,292240946,4.6866,2.3595,-8.4611
G,292241213,0.008522,0.044741,-0.023436
A,292243417,4.6902,2.3595,-8.4683
G,292243709,0.008522,0.042611,-0.022371
TRK,292243,-0.15987,0.44876,0.84816,0.23169,-0.1321,4.5084,-0.5422,0.000,0.000,0.000,1,14
A,292245888,4.7046,2.3487,-8.4611
G,292246199,0.006392,0.040480,-0.019175
A,292248360,4.7262,2.3379,-8.4539
G,292248695,0.006392,0.039415,-0.018109
A,292250832,4.7477,2.3236,-8.4432
G,292251186,0.005326,0.038350,-0.013848
A,292253304,4.7657,2.2984,-8.4324
G,292253682,0.005326,0.034088,-0.012783
A,292255777,4.7728,2.2877,-8.4288
G,292256173,0.002131,0.030893,-0.010653
A,292258249,4.7800,2.2841,-8.4252
G,292258686,-0.001065,0.026632,-0.009587
A,292260696,4.7800,2.2913,-8.4216
G,292261182,-0.003196,0.023436,-0.010653
TRK,292261,-0.16037,0.44896,0.84809,0.23120,-0.1321,4.5084,-0.5422,0.000,0.000,0.000,1,14
A,292263182,4.7728,2.3128,-8.4216
G,292263682,-0.004261,0.019175,-0.010653
A,292265653,4.7621,2.3272,-8.4216
G,292266178,-0.002131,0.017044,-0.010653
A,292268120,4.7513,2.3415,-8.4252
G,292268660,0.001065,0.017044,-0.008522
A,292270591,4.7405,2.3523,-8.4252
G,292271156,0.003196,0.018109,-0.011718
A,292273059,4.7297,2.3631,-8.4216
G,292273637,0.002131,0.021305,-0.011718
A,292275531,4.7226,2.3703,-8.4180
G,292276133,-0.001065,0.022371,-0.012783
A,292278000,4.7154,2.3739,-8.4001
G,292278615,-0.004261,0.022371,-0.009587
A,292280471,4.7082,2.3810,-8.3929
G,292281125,-0.004261,0.021305,-0.005326
A,292282920,4.7082,2.3774,-8.3857
G,292283621,-0.002131,0.020240,0.001065
TRK,292283,-0.16081,0.44924,0.84809,0.23036,-0.1321,4.5084,-0.5422,0.000,0.000,0.000,1,14
A,292285401,4.7082,2.3739,-8.3821
G,292286113,0.000000,0.019175,0.007457
A,292287872,4.7118,2.3667,-8.3713
G,292288629,0.001065,0.015979,0.012783
A,292290328,4.7118,2.3559,-8.3534
G,292291125,0.001065,0.013848,0.013848
A,292292822,4.7118,2.3487,-8.3246
G,292293627,0.001065,0.010653,0.012783
A,292295293,4.7082,2.3415,-8.2959
G,292296123,0.001065,0.010653,0.010653
TRK,292296,-0.16097,0.44939,0.84812,0.22984,-0.1321,4.5084,-0.5422,0.000,0.000,0.000,1,14
A,292297787,4.7010,2.3379,-8.2708
G,292298625,0.003196,0.012783,0.009587
A,292300259,4.6938,2.3308,-8.2528
G,292301122,0.005326,0.018109,0.011718
A,292302733,4.6902,2.3379,-8.2384
G,292303604,0.007457,0.022371,0.012783
A,292305205,4.6866,2.3487,-8.2349
G,292306116,0.009587,0.023436,0.014914
A,292307661,4.6866,2.3739,-8.2277
G,292308612,0.010653,0.022371,0.015979
A,292310148,4.6902,2.3918,-8.2241
G,292311105,0.011718,0.022371,0.020240
A,292312619,4.6938,2.4134,-8.2241
G,292313601,0.011718,0.023436,0.024501
A,292315086,4.6938,2.4205,-8.2241
G,292316073,0.010653,0.025566,0.028762
A,292317558,4.7082,2.4241,-8.2241
G,292318584,0.010653,0.028762,0.031958
A,292320014,4.7262,2.4169,-8.2241
G,292321080,0.010653,0.031958,0.034088
A,292322486,4.7513,2.4062,-8.2169
TRK,292321,-0.16127,0.44968,0.84817,0.22887,-0.1321,4.5084,-0.5422,0.000,0.000,0.000,1,14
G,292323583,0.009587,0.035154,0.031958
A,292324936,4.7836,2.3990,-8.2133
G,292326079,0.010653,0.038350,0.028762
A,292327405,4.8195,2.3918,-8.2205
G,292328550,0.010653,0.040480,0.027697
A,292329876,4.8483,2.3954,-8.2349
G,292331059,0.010653,0.043676,0.027697
A,292332334,4.8662,2.3918,-8.2564
G,292333555,0.008522,0.043676,0.025566
A,292334816,4.8662,2.3882,-8.2780
G,292336038,0.004261,0.042611,0.024501
A,292337288,4.8447,2.3774,-8.2851
G,292338554,0.001065,0.040480,0.023436
A,292339754,4.8195,2.3703,-8.2887
G,292341050,0.000000,0.040480,0.024501
A,292342225,4.7944,2.3559,-8.2887
G,292343553,0.001065,0.040480,0.026632
A,292344680,4.7764,2.3559,-8.2815
G,292346049,0.003196,0.038350,0.025566
TRK,292345,-0.16165,0.44979,0.84810,0.22866,-0.1321,4.5084,-0.5422,0.000,0.000,0.000,1,14
A,292347167,4.7692,2.3523,-8.2744
G,292348533,0.004261,0.034088,0.027697
A,292349638,4.7621,2.3559,-8.2708
G,292351036,0.005326,0.031958,0.030893
A,292352094,4.7692,2.3595,-8.2672
G,292353532,0.007457,0.031958,0.033023
A,292354566,4.7908,2.3523,-8.2636
G,292356026,0.009587,0.028762,0.035154
A,292357015,4.8123,2.3487,-8.2708
G,292358522,0.010653,0.023436,0.036219
TRK,292358,-0.16189,0.44983,0.84804,0.22862,-0.1321,4.5084,-0.5422,0.000,0.000,0.000,1,14
A,292359514,4.8483,2.3415,-8.2672
G,292361016,0.011718,0.021305,0.036219
A,292361986,4.8698,2.3308,-8.2744
G,292363512,0.013848,0.022371,0.035154
A,292364466,4.8842,2.3272,-8.2744
G,292365986,0.014914,0.025566,0.031958
A,292366937,4.8914,2.3236,-8.2744
G,292368491,0.017044,0.029827,0.027697
A,292369398,4.8878,2.3236,-8.2851
G,292370987,0.022371,0.035154,0.023436
A,292371890,4.8878,2.3200,-8.2923
G,292373472,0.028762,0.039415,0.021305
A,292374362,4.8842,2.3200,-8.3031
G,292375987,0.034088,0.042611,0.021305
A,292376834,4.8842,2.3272,-8.3175
G,292378483,0.033023,0.041545,0.017044
A,292379305,4.8806,2.3343,-8.3246
G,292380998,0.026632,0.040480,0.009587
A,292381779,4.8770,2.3487,-8.3354
G,292383494,0.018109,0.041545,-0.001065
A,292384251,4.8662,2.3631,-8.3390
TRK,292379,-0.16247,0.44990,0.84788,0.22867,-0.1321,4.5084,-0.5422,0.000,0.000,0.000,1,14
G,292385989,0.010653,0.045806,-0.007457
A,292386705,4.8554,2.3739,-8.3354
G,292388485,0.006392,0.050067,-0.009587
A,292389191,4.8447,2.3846,-8.3318
G,292390960,0.006392,0.052198,-0.008522
A,292391662,4.8411,2.3990,-8.3210
G,292393452,0.008522,0.051133,-0.004261
A,292394117,4.8483,2.4098,-8.3175
G,292395949,0.010653,0.051133,-0.001065
A,292396614,4.8483,2.4134,-8.3175
G,292398434,0.011718,0.050067,0.000000
A,292399085,4.8590,2.4169,-8.3210
G,292400944,0.013848,0.049002,-0.002131
A,292401558,4.8554,2.4134,-8.3246
G,292403440,0.015979,0.046872,-0.003196
A,292404029,4.8518,2.4062,-8.3246
TRK,292403,-0.16332,0.44988,0.84760,0.22916,-0.1321,4.5084,-0.5422,0.000,0.000,0.000,1,14
G,292405936,0.015979,0.044741,-0.003196
A,292406489,4.8447,2.4098,-8.3246
G,292408432,0.017044,0.043676,0.001065
A,292408973,4.8303,2.4098,-8.3318
G,292410903,0.015979,0.038350,0.004261
A,292411445,4.8159,2.4169,-8.3426
G,292413409,0.014914,0.031958,0.009587
A,292413916,4.8016,2.4277,-8.3606
G,292415932,0.014914,0.026632,0.015979
A,292416404,4.7908,2.4349,-8.3713
G,292418428,0.017044,0.021305,0.021305
A,292418875,4.7908,2.4421,-8.3821
G,292420924,0.018109,0.017044,0.024501
A,292421338,4.7908,2.4421,-8.3821
G,292423420,0.017044,0.011718,0.027697
A,292423809,4.7944,2.4313,-8.3857
G,292425905,0.014914,0.009587,0.027697
A,292426261,4.7944,2.4205,-8.3821
G,292428401,0.010653,0.009587,0.028762
TRK,292427,-0.16395,0.44990,0.84740,0.22940,-0.1321,4.5084,-0.5422,0.000,0.000,0.000,1,14
A,292428756,4.7944,2.4062,-8.3713
G,292430877,0.007457,0.011718,0.030893
A,292431227,4.7980,2.3918,-8.3606
G,292433384,0.004261,0.012783,0.031958
A,292433702,4.8016,2.3846,-8.3426
G,292435880,0.001065,0.012783,0.033023
A,292436174,4.8123,2.3810,-8.3354
G,292438367,-0.002131,0.013848,0.030893
A,292438630,4.8231,2.3846,-8.3210
G,292440863,-0.003196,0.017044,0.029827
A,292441102,4.8339,2.3810,-8.3175
TRK,292435,-0.16412,0.44991,0.84735,0.22945,-0.1321,4.5084,-0.5422,0.000,0.000,0.000,1,14
G,292443351,-0.002131,0.018109,0.028762
A,292443559,4.8411,2.3882,-8.3067
G,292445847,0.001065,0.020240,0.027697
A,292446031,4.8518,2.3810,-8.2995
G,292448330,0.004261,0.025566,0.023436
A,292448486,4.8554,2.3703,-8.2923
G,292450826,0.007457,0.033023,0.020240
A,292450976,4.8662,2.3595,-8.2887
G,292453294,0.008522,0.037284,0.015979
A,292453448,4.8662,2.3451,-8.2851
G,292455793,0.008522,0.041545,0.012783
A,292455919,4.8626,2.3343,-8.2815
G,292458289,0.008522,0.044741,0.006392
A,292458390,4.8554,2.3200,-8.2744
G,292460768,0.009587,0.050067,0.003196
A,292460842,4.8518,2.3164,-8.2672
G,292463277,0.011718,0.054328,0.001065
A,292463325,4.8447,2.3056,-8.2636
G,292465773,0.014914,0.058590,0.003196
A,292465797,4.8411,2.3092,-8.2636
A,292468247,4.8375,2.3092,-8.2708
G,292468249,0.020240,0.059655,0.003196
TRK,292464,-0.16472,0.44990,0.84715,0.22977,-0.1321,4.5084,-0.5422,0.000,0.000,0.000,1,14
A,292470722,4.8375,2.3200,-8.2780
G,292470749,0.024501,0.060720,0.004261
A,292473194,4.8375,2.3272,-8.2851
G,292473245,0.025566,0.060720,0.005326
A,292475650,4.8447,2.3415,-8.2923
G,292475724,0.024501,0.060720,0.005326
A,292478131,4.8518,2.3523,-8.2923
G,292478229,0.023436,0.060720,0.003196
A,292480602,4.8554,2.3631,-8.2959
G,292480725,0.024501,0.060720,0.003196
A,292483070,4.8518,2.3739,-8.2923
G,292483215,0.024501,0.060720,0.004261
TRK,292480,-0.16510,0.44991,0.84703,0.22991,-0.1321,4.5084,-0.5422,0.000,0.000,0.000,1,14
A,292485568,4.8554,2.3810,-8.2887
G,292485735,0.022371,0.060720,0.007457
A,292488040,4.8554,2.3882,-8.2815
G,292488231,0.019175,0.061785,0.008522
A,292490519,4.8554,2.3990,-8.2780
G,292490731,0.013848,0.060720,0.009587
A,292492990,4.8626,2.3954,-8.2815
G,292493227,0.009587,0.058590,0.009587
A,292495440,4.8590,2.3918,-8.2923
G,292495696,0.006392,0.055394,0.008522
TRK,292496,-0.16541,0.44991,0.84693,0.23008,-0.1321,4.5084,-0.5422,0.000,0.000,0.000,1,14
A,292497931,4.8518,2.3810,-8.3031
G,292498207,0.004261,0.053263,0.008522
A,292500402,4.8339,2.3667,-8.3031
G,292500703,0.001065,0.053263,0.005326
A,292502868,4.8159,2.3703,-8.2923
G,292503188,-0.003196,0.051133,0.003196
A,292505340,4.8016,2.3774,-8.2815
G,292505684,-0.009587,0.049002,0.002131
A,292507793,4.7980,2.3918,-8.2744
G,292508155,-0.012783,0.045806,0.007457
A,292510264,4.8052,2.4134,-8.2744
G,292510676,-0.012783,0.043676,0.018109
A,292512719,4.8159,2.4277,-8.2780
G,292513172,-0.010653,0.041545,0.025566
A,292515199,4.8267,2.4349,-8.2780
G,292515668,-0.007457,0.040480,0.028762
A,292517670,4.8375,2.4385,-8.2744
G,292518164,-0.004261,0.039415,0.026632
TRK,292513,-0.16561,0.44987,0.84684,0.23033,-0.1321,4.5084,-0.5422,0.000,0.000,0.000,1,14
A,292520137,4.8411,2.4385,-8.2636
G,292520645,-0.002131,0.036219,0.025566
A,292522634,4.8411,2.4313,-8.2492
G,292523157,-0.001065,0.031958,0.027697
A,292525105,4.8411,2.4241,-8.2384
G,292525653,0.000000,0.026632,0.028762
A,292527575,4.8375,2.4169,-8.2277
G,292528136,0.004261,0.023436,0.028762
A,292530046,4.8339,2.4134,-8.2277
G,292530632,0.007457,0.017044,0.024501
A,292532525,4.8339,2.4134,-8.2313
G,292533124,0.008522,0.011718,0.021305
A,292534996,4.8375,2.4205,-8.2313
G,292535641,0.005326,0.009587,0.020240
A,292537451,4.8447,2.4205,-8.2277
G,292538137,0.000000,0.008522,0.018109
TRK,292538,-0.16584,0.44986,0.84676,0.23048,-0.1321,4.5084,-0.5422,0.000,0.000,0.000,1,14
A,292539942,4.8554,2.4205,-8.2241
G,292540639,-0.006392,0.010653,0.017044
A,292542413,4.8698,2.4169,-8.2133
G,292543135,-0.009587,0.012783,0.015979
A,292544879,4.8806,2.4241,-8.2061
G,292545610,-0.010653,0.013848,0.018109
A,292547350,4.8914,2.4241,-8.1954
G,292548123,-0.008522,0.017044,0.022371
A,292549803,4.8914,2.4205,-8.1918
G,292550619,-0.006392,0.019175,0.024501
A,292552287,4.9021,2.4098,-8.1846
G,292553111,-0.004261,0.023436,0.026632
A,292554758,4.9021,2.3990,-8.1882
G,292555633,-0.002131,0.023436,0.026632
A,292557223,4.9057,2.3882,-8.1882
G,292558129,0.000000,0.024501,0.028762
A,292559718,4.8985,2.3846,-8.1882
G,292560631,0.000000,0.024501,0.027697
A,292562189,4.8949,2.3846,-8.1918
G,292563150,0.001065,0.025566,0.029827
A,292564653,4.8878,2.3739,-8.1882
G,292565646,0.001065,0.024501,0.030893
TRK,292565,-0.16611,0.44978,0.84663,0.23092,-0.1321,4.5084,-0.5422,0.000,0.000,0.000,1,14
A,292567140,4.8914,2.3667,-8.1918
G,292568138,0.002131,0.024501,0.033023
A,292569611,4.8985,2.3595,-8.1954
G,292570647,0.002131,0.024501,0.031958
A,292572065,4.9165,2.3487,-8.1989
G,292573143,0.003196,0.024501,0.031958
A,292574555,4.9344,2.3451,-8.2097
G,292575635,0.005326,0.023436,0.029827
A,292577026,4.9416,2.3379,-8.2205
G,292578131,0.007457,0.023436,0.024501
TRK,292572,-0.16622,0.44975,0.84658,0.23106,-0.1321,4.5084,-0.5422,0.000,0.000,0.000,1,14
A,292579506,4.9488,2.3308,-8.2384
G,292580613,0.009587,0.022371,0.018109
A,292581977,4.9416,2.3236,-8.2564
G,292583121,0.007457,0.023436,0.008522
A,292584433,4.9273,2.3236,-8.2708
G,292585617,0.005326,0.021305,0.003196
A,292586925,4.9021,2.3272,-8.2780
G,292588110,0.002131,0.020240,-0.002131
A,292589396,4.8770,2.3343,-8.2672
G,292590606,0.002131,0.019175,-0.003196
A,292591868,4.8554,2.3451,-8.2564
G,292593078,0.001065,0.017044,-0.002131
A,292594339,4.8375,2.3523,-8.2456
G,292595581,0.001065,0.014914,0.002131
A,292596792,4.8375,2.3595,-8.2349
G,292598077,0.002131,0.012783,0.005326
A,292599270,4.8375,2.3667,-8.2349
G,292600553,0.003196,0.007457,0.004261
A,292601741,4.8411,2.3739,-8.2384
TRK,292601,-0.16660,0.44966,0.84641,0.23162,-0.1321,4.5084,-0.5422,0.000,0.000,0.000,1,14
G,292603067,0.004261,0.000000,0.001065
A,292604206,4.8447,2.3882,-8.2456
G,292605563,0.005326,-0.008522,-0.001065
A,292606677,4.8447,2.3990,-8.2492
G,292608056,0.008522,-0.013848,0.003196
A,292609123,4.8411,2.4062,-8.2492
G,292610572,0.012783,-0.017044,0.008522
A,292611593,4.8339,2.4062,-8.2349
G,292613068,0.017044,-0.020240,0.009587
A,292614064,4.8231,2.4026,-8.2169
G,292615571,0.021305,-0.023436,0.009587
A,292616523,4.8123,2.3954,-8.1954
G,292618067,0.024501,-0.026632,0.011718
A,292619012,4.7980,2.3739,-8.1846
G,292620550,0.027697,-0.029827,0.015979
A,292621484,4.7908,2.3667,-8.1810
G,292623051,0.029827,-0.031958,0.020240
A,292623941,4.7980,2.3595,-8.1846
G,292625547,0.031958,-0.033023,0.023436
TRK,292620,-0.16666,0.44964,0.84638,0.23170,-0.1321,4.5084,-0.5422,0.000,0.000,0.000,1,14
A,292626422,4.7980,2.3631,-8.1989
G,292628020,0.030893,-0.035154,0.024501
A,292628893,4.8123,2.3667,-8.2205
G,292630525,0.027697,-0.037284,0.026632
A,292631355,4.8088,2.3810,-8.2456
G,292633021,0.022371,-0.039415,0.031958
A,292633835,4.8052,2.3846,-8.2636
G,292635492,0.017044,-0.039415,0.036219
A,292636307,4.7980,2.3990,-8.2815
TRK,292631,-0.16664,0.44968,0.84641,0.23155,-0.1321,4.5084,-0.5422,0.000,0.000,0.000,1,14
G,292638006,0.010653,-0.040480,0.037284
A,292638780,4.7800,2.4026,-8.2887
G,292640502,0.003196,-0.040480,0.036219
A,292641252,4.7764,2.4026,-8.2887
G,292642992,-0.003196,-0.042611,0.039415
A,292643701,4.7657,2.4062,-8.2887
G,292645488,-0.008522,-0.041545,0.045806
A,292646187,4.7692,2.3990,-8.2780
G,292647963,-0.011718,-0.040480,0.052198
A,292648659,4.7728,2.3882,-8.2672
G,292650468,-0.014914,-0.034088,0.055394
A,292651126,4.7764,2.3846,-8.2528
G,292652964,-0.015979,-0.024501,0.056459
A,292653623,4.7800,2.3739,-8.2420
G,292655450,-0.009587,-0.006392,0.055394
A,292656094,4.7836,2.3631,-8.2277
G,292657959,0.002131,0.018109,0.053263
A,292658566,4.7872,2.3523,-8.2097
G,292660455,0.018109,0.051133,0.045806
A,292661037,4.7908,2.3379,-8.1882
TRK,292656,-0.16662,0.44971,0.84642,0.23145,-0.1321,4.5084,-0.5422,0.000,0.000,0.000,1,14
G,292662950,0.036219,0.085221,0.035154
A,292663496,4.8016,2.3200,-8.1702
G,292665446,0.052198,0.122505,0.024501
A,292665968,4.8195,2.3020,-8.1523
G,292667942,0.067112,0.156594,0.015979
A,292668428,4.8590,2.2877,-8.1379
G,292670438,0.077764,0.186421,0.009587
A,292670900,4.9093,2.2697,-8.1271
G,292672934,0.085221,0.207727,0.003196
A,292673362,4.9704,2.2589,-8.1092
G,292675430,0.090547,0.220510,-0.006392
A,292675854,5.0170,2.2482,-8.1092
G,292677906,0.092678,0.227967,-0.018109
A,292678326,5.0494,2.2553,-8.1199
G,292680412,0.092678,0.231162,-0.027697
A,292680799,5.0637,2.2589,-8.1379
G,292682908,0.090547,0.227967,-0.038350
A,292683270,5.0673,2.2733,-8.1738
TRK,292678,-0.16797,0.44982,0.84604,0.23167,-0.1321,4.5084,-0.5422,0.000,0.000,0.000,1,14
G,292685395,0.086286,0.220510,-0.043676
A,292685725,5.0637,2.2877,-8.2097
G,292687904,0.079895,0.210922,-0.049002
A,292688203,5.0601,2.2984,-8.2384
G,292690400,0.072438,0.202400,-0.047937
A,292690674,5.0494,2.2984,-8.2636
G,292692884,0.064981,0.194943,-0.043676
A,292693128,5.0422,2.3128,-8.2780
G,292695380,0.059655,0.185356,-0.039415
A,292695599,5.0278,2.3092,-8.2887
G,292697857,0.052198,0.174703,-0.036219
A,292698048,5.0170,2.3200,-8.2923
G,292700363,0.045806,0.164051,-0.035154
A,292700525,5.0135,2.3236,-8.2995
G,292702859,0.038350,0.154463,-0.036219
A,292703023,5.0099,2.3164,-8.3031
G,292705335,0.030893,0.142745,-0.036219
A,292705494,5.0170,2.3056,-8.3031
TRK,292701,-0.16966,0.44987,0.84549,0.23233,-0.1321,4.5084,-0.5422,0.000,0.000,0.000,1,14
G,292707833,0.024501,0.131028,-0.035154
A,292707964,5.0242,2.2913,-8.2923
G,292710329,0.015979,0.118244,-0.031958
A,292710435,5.0206,2.2805,-8.2815
G,292712827,0.008522,0.106526,-0.026632
A,292712907,5.0063,2.2697,-8.2564
G,292715323,0.002131,0.096939,-0.019175
A,292715378,4.9811,2.2661,-8.2420
G,292717801,-0.004261,0.086286,-0.013848
A,292717830,4.9632,2.2661,-8.2241
G,292720309,-0.012783,0.079895,-0.008522
A,292720314,4.9452,2.2769,-8.1989
TRK,292718,-0.17020,0.44987,0.84532,0.23256,-0.1321,4.5084,-0.5422,0.000,0.000,0.000,1,14
A,292722807,4.9380,2.2948,-8.1774
G,292722828,-0.020240,0.070307,-0.006392
A,292725279,4.9309,2.3200,-8.1487
G,292725324,-0.026632,0.061785,-0.003196
A,292727753,4.9309,2.3415,-8.1199
G,292727822,-0.028762,0.052198,-0.001065
A,292730247,4.9309,2.3559,-8.0912
G,292730339,-0.026632,0.044741,0.002131
A,292732718,4.9344,2.3631,-8.0625
G,292732835,-0.021305,0.037284,0.007457
A,292735204,4.9380,2.3595,-8.0373
G,292735343,-0.015979,0.028762,0.011718
A,292737675,4.9488,2.3523,-8.0050
G,292737839,-0.012783,0.020240,0.013848
A,292740139,4.9560,2.3451,-7.9906
G,292740325,-0.011718,0.012783,0.012783
A,292742611,4.9632,2.3343,-7.9727
G,292742821,-0.011718,0.003196,0.012783
TRK,292737,-0.17062,0.44988,0.84518,0.23274,-0.1321,4.5084,-0.5422,0.000,0.000,0.000,1,14
A,292745078,4.9740,2.3200,-7.9691
G,292745309,-0.011718,-0.005326,0.011718
A,292747565,4.9883,2.3164,-7.9763
G,292747815,-0.011718,-0.011718,0.013848
A,292750036,5.0063,2.3128,-7.9906
G,292750311,-0.010653,-0.017044,0.015979
A,292752507,5.0314,2.3128,-8.0086
G,292752802,-0.010653,-0.020240,0.018109
A,292754978,5.0494,2.3128,-8.0337
G,292755298,-0.012783,-0.026632,0.018109
A,292757456,5.0530,2.3200,-8.0517
G,292757793,-0.015979,-0.033023,0.020240
A,292759928,5.0422,2.3200,-8.0732
G,292760289,-0.019175,-0.042611,0.022371
TRK,292755,-0.17098,0.44993,0.84508,0.23273,-0.1321,4.5084,-0.5422,0.000,0.000,0.000,1,14
A,292762389,5.0314,2.3308,-8.0984
G,292762767,-0.022371,-0.054328,0.025566
A,292764879,5.0135,2.3415,-8.1163
G,292765273,-0.024501,-0.063916,0.026632
A,292767351,5.0063,2.3523,-8.1379
G,292767769,-0.024501,-0.073503,0.027697
A,292769824,4.9955,2.3631,-8.1594
G,292770258,-0.024501,-0.079895,0.024501
A,292772324,4.9811,2.3667,-8.1738
G,292772773,-0.026632,-0.087352,0.022371
A,292774796,4.9596,2.3667,-8.1918
G,292775269,-0.028762,-0.092678,0.022371
A,292777280,4.9488,2.3595,-8.2025
G,292777768,-0.031958,-0.096939,0.025566
A,292779752,4.9380,2.3451,-8.2025
G,292780264,-0.035154,-0.098004,0.029827
A,292782209,4.9380,2.3379,-8.2025
G,292782735,-0.038350,-0.095874,0.034088
TRK,292783,-0.17125,0.44997,0.84501,0.23273,-0.1321,4.5084,-0.5422,0.000,0.000,0.000,1,14
A,292784705,4.9237,2.3236,-8.2061
G,292785244,-0.041545,-0.092678,0.038350
A,292787177,4.9057,2.3200,-8.2097
G,292787740,-0.040480,-0.087352,0.040480
A,292789642,4.8770,2.3164,-8.2133
G,292790218,-0.037284,-0.083091,0.039415
A,292792114,4.8483,2.3128,-8.2169
G,292792714,-0.029827,-0.074569,0.037284
A,292794571,4.8303,2.3164,-8.2205
G,292795183,-0.023436,-0.068177,0.031958
A,292797042,4.8195,2.3128,-8.2313
TRK,292796,-0.17132,0.44997,0.84499,0.23276,-0.1321,4.5084,-0.5422,0.000,0.000,0.000,1,14
G,292797703,-0.018109,-0.058590,0.027697
A,292799502,4.8195,2.3200,-8.2420
G,292800199,-0.014914,-0.051133,0.023436
A,292801992,4.8267,2.3164,-8.2528
G,292802699,-0.010653,-0.043676,0.020240
A,292804463,4.8375,2.3128,-8.2744
G,292805195,-0.006392,-0.037284,0.020240
A,292806930,4.8411,2.2948,-8.2923
G,292807671,-0.004261,-0.030893,0.022371
A,292809402,4.8375,2.2841,-8.3103
G,292810182,-0.003196,-0.023436,0.026632
A,292811854,4.8375,2.2697,-8.3210
G,292812678,-0.003196,-0.017044,0.028762
A,292814337,4.8375,2.2661,-8.3210
G,292815169,-0.005326,-0.011718,0.030893
A,292816809,4.8447,2.2697,-8.3210
G,292817689,-0.007457,-0.007457,0.030893
A,292819273,4.8554,2.2733,-8.3246
G,292820185,-0.010653,-0.005326,0.030893
A,292821762,4.8662,2.2841,-8.3354
G,292822680,-0.012783,-0.004261,0.029827
A,292824233,4.8698,2.2913,-8.3426
TRK,292823,-0.17150,0.44999,0.84494,0.23277,-0.1321,4.5084,-0.5422,0.000,0.000,0.000,1,14
G,292825190,-0.014914,-0.004261,0.029827
A,292826689,4.8698,2.2984,-8.3498
G,292827686,-0.015979,-0.004261,0.031958
A,292829162,4.8698,2.3092,-8.3498
G,292830164,-0.018109,-0.002131,0.035154
A,292831634,4.8626,2.3200,-8.3498
G,292832675,-0.021305,0.000000,0.039415
A,292834092,4.8590,2.3343,-8.3534
G,292835171,-0.022371,0.002131,0.041545
A,292836590,4.8518,2.3487,-8.3534
G,292837671,-0.023436,0.003196,0.041545
A,292839061,4.8411,2.3631,-8.3534
G,292840167,-0.024501,0.001065,0.038350
A,292841540,4.8267,2.3667,-8.3606
G,292842648,-0.027697,-0.002131,0.036219
A,292844036,4.8123,2.3703,-8.3606
G,292845145,-0.031958,-0.005326,0.037284
A,292846508,4.8088,2.3631,-8.3677
G,292847641,-0.033023,-0.006392,0.039415
TRK,292842,-0.17149,0.45000,0.84495,0.23271,-0.1321,4.5084,-0.5422,0.000,0.000,0.000,1,14
A,292848978,4.8159,2.3667,-8.3641
G,292850112,-0.034088,-0.005326,0.041545
A,292851466,4.8303,2.3595,-8.3498
G,292852602,-0.034088,-0.003196,0.039415
A,292853938,4.8483,2.3631,-8.3426
G,292855114,-0.035154,0.000000,0.040480
A,292856399,4.8698,2.3595,-8.3318
G,292857610,-0.036219,0.004261,0.041545
A,292858887,4.8878,2.3595,-8.3282
G,292860098,-0.039415,0.010653,0.043676
A,292861359,4.9021,2.3523,-8.3282
G,292862594,-0.042611,0.015979,0.041545
TRK,292862,-0.17107,0.45003,0.84510,0.23243,-0.1321,4.5084,-0.5422,0.000,0.000,0.000,1,14
A,292863852,4.9273,2.3415,-8.3246
G,292865086,-0.044741,0.021305,0.036219
A,292866324,4.9416,2.3343,-8.3210
G,292867582,-0.046872,0.027697,0.028762
A,292868797,4.9524,2.3308,-8.3139
G,292870054,-0.047937,0.030893,0.025566
A,292871269,4.9596,2.3272,-8.3175
G,292872558,-0.051133,0.033023,0.023436
A,292873724,4.9560,2.3379,-8.3175
G,292875053,-0.054328,0.031958,0.022371
A,292876210,4.9488,2.3415,-8.3210
G,292877537,-0.056459,0.031958,0.021305
A,292878681,4.9416,2.3523,-8.3246
G,292880050,-0.057524,0.034088,0.020240
A,292881148,4.9309,2.3595,-8.3246
G,292882546,-0.055394,0.033023,0.019175
A,292883619,4.9201,2.3739,-8.3318
G,292885049,-0.050067,0.030893,0.018109
A,292886078,4.9093,2.3774,-8.3354
G,292887545,-0.043676,0.030893,0.018109
TRK,292887,-0.17045,0.45000,0.84529,0.23222,-0.1321,4.5084,-0.5422,0.000,0.000,0.000,1,14
A,292888576,4.9021,2.3918,-8.3354
G,292890038,-0.039415,0.033023,0.020240
A,292891048,4.8949,2.3954,-8.3390
G,292892534,-0.034088,0.037284,0.020240
A,292893527,4.8949,2.3954,-8.3318
G,292895007,-0.030893,0.039415,0.015979
A,292895999,4.8985,2.3954,-8.3175
G,292897499,-0.026632,0.041545,0.010653
A,292898447,4.8985,2.3846,-8.3031
G,292899995,-0.023436,0.043676,0.010653
TRK,292894,-0.17024,0.45002,0.84537,0.23204,-0.1321,4.5084,-0.5422,0.000,0.000,0.000,1,14
A,292900938,4.9021,2.3703,-8.2815
G,292902479,-0.019175,0.043676,0.011718
A,292903409,4.8985,2.3631,-8.2636
G,292904990,-0.013848,0.043676,0.012783
A,292905878,4.8985,2.3523,-8.2528
G,292907486,-0.009587,0.042611,0.012783
A,292908350,4.8949,2.3487,-8.2456
G,292909981,-0.004261,0.041545,0.013848
A,292910803,4.8985,2.3487,-8.2384
G,292912496,0.001065,0.040480,0.013848
A,292913277,4.9057,2.3487,-8.2349
G,292914991,0.006392,0.040480,0.013848
A,292915749,4.9165,2.3559,-8.2241
G,292917495,0.008522,0.039415,0.012783
A,292918214,4.9309,2.3523,-8.2169
G,292919991,0.011718,0.039415,0.011718
A,292920685,4.9416,2.3523,-8.2061
G,292922475,0.015979,0.041545,0.009587
A,292923132,4.9488,2.3487,-8.1954
G,292924971,0.020240,0.045806,0.006392
A,292925603,4.9524,2.3451,-8.1918
G,292927456,0.023436,0.050067,0.003196
A,292928051,4.9560,2.3523,-8.1810
G,292929971,0.025566,0.054328,0.003196
A,292930530,4.9596,2.3595,-8.1882
G,292932466,0.027697,0.057524,0.004261
TRK,292928,-0.16995,0.45008,0.84550,0.23170,-0.1321,4.5084,-0.5422,0.000,0.000,0.000,1,14
A,292933020,4.9668,2.3667,-8.1918
G,292934941,0.028762,0.059655,0.006392
A,292935492,4.9704,2.3774,-8.2025
G,292937447,0.028762,0.061785,0.006392
A,292937962,4.9775,2.3739,-8.2061
G,292939942,0.026632,0.062851,0.007457
A,292940434,4.9775,2.3739,-8.2097
G,292942420,0.024501,0.060720,0.006392
A,292942877,4.9740,2.3739,-8.2025
TRK,292943,-0.17012,0.45010,0.84545,0.23170,-0.1321,4.5084,-0.5422,0.000,0.000,0.000,1,14
G,292944935,0.023436,0.057524,0.005326
A,292945359,4.9704,2.3703,-8.2025
G,292947431,0.023436,0.053263,0.005326
A,292947831,4.9560,2.3739,-8.2061
G,292949920,0.025566,0.050067,0.008522
A,292950288,4.9560,2.3774,-8.2097
G,292952415,0.026632,0.049002,0.014914
A,292952782,4.9560,2.3774,-8.2169
G,292954891,0.023436,0.049002,0.021305
A,292955254,4.9632,2.3774,-8.2133
G,292957398,0.019175,0.049002,0.026632
A,292957729,4.9704,2.3667,-8.2133
G,292959893,0.013848,0.051133,0.026632
A,292960200,4.9811,2.3667,-8.2061
TRK,292955,-0.17034,0.45010,0.84538,0.23179,-0.1321,4.5084,-0.5422,0.000,0.000,0.000,1,14
STAT,404.4,400.9,0,0,44733,0.0661,2.322,0.4747,0.8360,1.7463,9.8729,0.34,0.186
G,292962380,0.010653,0.055394,0.026632
A,292962656,4.9847,2.3667,-8.1954
G,292964896,0.006392,0.059655,0.024501
A,292965143,4.9919,2.3739,-8.1774
G,292967392,0.003196,0.059655,0.024501
A,292967615,4.9847,2.3846,-8.1594
G,292969878,0.000000,0.056459,0.025566
A,292970073,4.9775,2.3918,-8.1307
G,292972393,-0.003196,0.052198,0.029827
A,292972560,4.9632,2.4026,-8.1128
G,292974889,-0.005326,0.049002,0.034088
A,292975032,4.9632,2.4062,-8.0984
G,292977395,-0.004261,0.044741,0.038350
A,292977511,4.9668,2.4026,-8.0984
G,292979891,-0.003196,0.041545,0.038350
A,292979983,4.9775,2.3990,-8.1199
G,292982377,-0.004261,0.037284,0.037284
A,292982443,4.9775,2.3954,-8.1343
TRK,292979,-0.17088,0.45004,0.84517,0.23227,-0.1321,4.5084,-0.5422,0.000,0.000,0.000,1,14
G,292984894,-0.006392,0.034088,0.034088
A,292984934,4.9775,2.3882,-8.1487
G,292987389,-0.013848,0.028762,0.030893
A,292987406,4.9668,2.3918,-8.1487
A,292989873,4.9596,2.3990,-8.1415
G,292989881,-0.023436,0.027697,0.027697
A,292992345,4.9524,2.3990,-8.1235
G,292992377,-0.035154,0.024501,0.026632
A,292994798,4.9488,2.4134,-8.1056
G,292994854,-0.041545,0.023436,0.028762
A,292997271,4.9452,2.4205,-8.0912
G,292997349,-0.044741,0.021305,0.030893
TRK,292998,-0.17110,0.44992,0.84504,0.23283,-0.1321,4.5084,-0.5422,0.000,0.000,0.000,1,14
A,292999765,4.9452,2.4313,-8.0804
G,292999866,-0.044741,0.018109,0.031958
A,293002237,4.9452,2.4349,-8.0732
G,293002362,-0.044741,0.012783,0.035154
A,293004712,4.9488,2.4277,-8.0697
G,293004859,-0.044741,0.008522,0.040480
A,293007184,4.9524,2.4134,-8.0625
G,293007354,-0.041545,0.006392,0.043676
A,293009640,4.9416,2.3954,-8.0589
G,293009831,-0.037284,0.005326,0.045806
A,293012122,4.9309,2.3774,-8.0625
G,293012333,-0.033023,0.000000,0.045806
A,293014594,4.9237,2.3703,-8.0589
G,293014829,-0.027697,-0.006392,0.042611
A,293017062,4.9165,2.3667,-8.0625
G,293017317,-0.022371,-0.010653,0.039415
TRK,293018,-0.17127,0.44975,0.84490,0.23354,-0.1321,4.5084,-0.5422,0.000,0.000,0.000,1,14
A,293019561,4.9273,2.3667,-8.0732
G,293019834,-0.017044,-0.011718,0.036219
A,293022032,4.9416,2.3739,-8.0768
G,293022330,-0.011718,-0.011718,0.035154
A,293024510,4.9632,2.3810,-8.0948
G,293024826,-0.006392,-0.012783,0.036219
A,293026982,4.9740,2.3918,-8.1092
G,293027322,-0.002131,-0.014914,0.036219
A,293029443,4.9811,2.3954,-8.1307
G,293029800,-0.001065,-0.013848,0.038350
A,293031922,4.9704,2.3954,-8.1487
G,293032296,-0.002131,-0.012783,0.040480
TRK,293033,-0.17139,0.44967,0.84482,0.23388,-0.1321,4.5084,-0.5422,0.000,0.000,0.000,1,14
A,293034423,4.9488,2.3882,-8.1630
G,293034814,-0.005326,-0.009587,0.043676
A,293036895,4.9344,2.3846,-8.1702
G,293037309,-0.009587,-0.008522,0.041545
A,293039377,4.9273,2.3739,-8.1810
G,293039807,-0.014914,-0.005326,0.040480
A,293041849,4.9344,2.3595,-8.1774
G,293042303,-0.021305,-0.001065,0.040480
A,293044312,4.9524,2.3415,-8.1774
G,293044781,-0.024501,0.007457,0.041545
A,293046800,4.9740,2.3343,-8.1738
G,293047284,-0.024501,0.019175,0.039415
A,293049272,5.0027,2.3200,-8.1666
G,293049803,-0.020240,0.030893,0.037284
A,293051726,5.0242,2.3164,-8.1630
G,293052298,-0.014914,0.041545,0.035154
A,293054202,5.0494,2.3056,-8.1630
G,293054786,-0.010653,0.051133,0.034088
TRK,293055,-0.17176,0.44954,0.84463,0.23454,-0.1321,4.5084,-0.5422,0.000,0.000,0.000,1,14
A,293056698,5.0673,2.2984,-8.1702
G,293057295,-0.007457,0.059655,0.029827
A,293059170,5.0853,2.2984,-8.1846
G,293059790,-0.006392,0.067112,0.026632
A,293061641,5.0925,2.3020,-8.2097
G,293062299,-0.008522,0.072438,0.025566
A,293064088,5.0925,2.3128,-8.2349
G,293064794,-0.007457,0.077764,0.024501
A,293066554,5.0853,2.3128,-8.2672
G,293067270,-0.006392,0.082025,0.023436
A,293069043,5.0709,2.3128,-8.2851
G,293069768,-0.006392,0.090547,0.022371
A,293071514,5.0601,2.3020,-8.3067
G,293072285,-0.011718,0.101200,0.026632
A,293073972,5.0601,2.3092,-8.3139
G,293074780,-0.021305,0.116114,0.031958
A,293076452,5.0709,2.3056,-8.3282
G,293077269,-0.033023,0.132093,0.036219
A,293078924,5.0925,2.3020,-8.3318
TRK,293074,-0.17265,0.44946,0.84429,0.23527,-0.1321,4.5084,-0.5422,0.000,0.000,0.000,1,14
G,293079788,-0.049002,0.149137,0.037284
A,293081386,5.1140,2.2913,-8.3426
G,293082283,-0.067112,0.167247,0.035154
A,293083857,5.1284,2.2697,-8.3390
G,293084789,-0.090547,0.187487,0.031958
A,293086307,5.1320,2.2446,-8.3318
G,293087285,-0.112918,0.205596,0.029827
A,293088781,5.1284,2.2194,-8.3210
G,293089763,-0.134223,0.219444,0.027697
A,293091274,5.1284,2.2122,-8.3031
G,293092260,-0.150202,0.230097,0.029827
A,293093746,5.1104,2.2087,-8.2887
G,293094779,-0.164051,0.239684,0.033023
A,293096211,5.0961,2.2158,-8.2708
G,293097275,-0.172573,0.251402,0.036219
TRK,293097,-0.17416,0.44922,0.84358,0.23716,-0.1323,4.5093,-0.5426,-0.008,0.008,-0.000,2,14
A,293098707,5.0709,2.2266,-8.2528
G,293099774,-0.176834,0.260990,0.037284
A,293101178,5.0386,2.2338,-8.2313
G,293102269,-0.176834,0.267381,0.039415
A,293103655,5.0170,2.2374,-8.2133
G,293104748,-0.171508,0.265251,0.040480
A,293106127,4.9991,2.2446,-8.1989
G,293107265,-0.161920,0.257794,0.040480
A,293108592,4.9811,2.2482,-8.1882
G,293109761,-0.153398,0.245011,0.040480
A,293111080,4.9704,2.2553,-8.1774
G,293112250,-0.147006,0.227967,0.039415
A,293113552,4.9560,2.2661,-8.1702
G,293114769,-0.142745,0.209857,0.039415
A,293116021,4.9488,2.2769,-8.1594
G,293117264,-0.137419,0.192813,0.039415
A,293118492,4.9452,2.2948,-8.1523
TRK,293113,-0.17511,0.44908,0.84293,0.23904,-0.1325,4.5095,-0.5426,-0.011,0.006,-0.000,2,14
G,293119763,-0.133158,0.173638,0.042611
A,293120942,4.9488,2.3164,-8.1523
G,293122259,-0.128897,0.154463,0.046872
A,293123424,4.9524,2.3487,-8.1487
G,293124738,-0.126766,0.135289,0.052198
A,293125896,4.9380,2.3739,-8.1558
G,293127247,-0.124636,0.118244,0.059655
A,293128358,4.9380,2.4026,-8.1594
G,293129743,-0.121440,0.101200,0.068177
A,293130851,4.9344,2.4205,-8.1558
G,293132232,-0.118244,0.087352,0.076699
A,293133322,4.9452,2.4385,-8.1558
TRK,293133,-0.17566,0.44919,0.84226,0.24075,-0.1327,4.5095,-0.5426,-0.011,0.003,-0.001,2,14
G,293134752,-0.113983,0.075634,0.085221
A,293135796,4.9632,2.4421,-8.1415
G,293137247,-0.111853,0.064981,0.090547
A,293138267,4.9740,2.4457,-8.1271
G,293139746,-0.109722,0.053263,0.093743
A,293140722,4.9847,2.4349,-8.1092
G,293142242,-0.107592,0.040480,0.093743
A,293143208,5.0027,2.4313,-8.0876
G,293144721,-0.106526,0.028762,0.093743
A,293145679,5.0135,2.4241,-8.0768
G,293147219,-0.105461,0.019175,0.093743
A,293148134,5.0206,2.4277,-8.0589
G,293149715,-0.106526,0.011718,0.094809
A,293150606,5.0206,2.4313,-8.0445
G,293152205,-0.105461,0.003196,0.098004
A,293153054,5.0099,2.4385,-8.0373
TRK,293153,-0.17548,0.44987,0.84166,0.24172,-0.1329,4.5096,-0.5427,-0.010,0.003,-0.002,2,14
G,293154725,-0.104396,-0.005326,0.102265
A,293155533,4.9991,2.4457,-8.0194
G,293157221,-0.102265,-0.011718,0.107592
A,293158004,4.9919,2.4457,-8.0122
G,293159720,-0.103331,-0.020240,0.108657
A,293160464,4.9919,2.4457,-8.0014
G,293162216,-0.104396,-0.028762,0.107592
A,293162949,4.9991,2.4313,-7.9942
G,293164690,-0.104396,-0.037284,0.106526
A,293165421,4.9955,2.4313,-7.9871
G,293167187,-0.102265,-0.042611,0.111853
A,293167879,4.9883,2.4241,-7.9942
G,293169707,-0.100135,-0.047937,0.118244
A,293170362,4.9524,2.4457,-8.0086
G,293172203,-0.103331,-0.053263,0.127832
A,293172833,4.9452,2.4385,-8.0158
G,293174690,-0.113983,-0.059655,0.138484
A,293175284,4.9524,2.4134,-8.0158
TRK,293175,-0.17467,0.45101,0.84103,0.24238,-0.1332,4.5097,-0.5427,-0.010,0.002,-0.005,2,14
G,293177200,-0.128897,-0.066046,0.148072
A,293177758,4.9847,2.3703,-8.0050
G,293179696,-0.138484,-0.069242,0.153398
A,293180230,5.0422,2.3092,-7.9835
G,293182186,-0.137419,-0.066046,0.155529
A,293182685,5.0853,2.2697,-7.9727
G,293184682,-0.133158,-0.063916,0.153398
A,293185172,5.1248,2.2553,-7.9727
G,293187152,-0.128897,-0.064981,0.147006
A,293187643,5.1499,2.2517,-7.9763
G,293189642,-0.127832,-0.069242,0.136354
A,293190099,5.1679,2.2661,-7.9906
G,293192153,-0.129962,-0.071373,0.122505
A,293192577,5.1787,2.2733,-7.9906
G,293194649,-0.135289,-0.071373,0.107592
A,293195072,5.1822,2.2913,-7.9942
G,293197127,-0.139550,-0.067112,0.093743
A,293197544,5.1787,2.3056,-7.9871
G,293199628,-0.142745,-0.060720,0.083091
A,293200013,5.1787,2.3128,-7.9727
G,293202124,-0.139550,-0.054328,0.074569
A,293202485,5.1822,2.3092,-7.9583
TRK,293197,-0.17347,0.45250,0.84027,0.24309,-0.1334,4.5097,-0.5429,-0.015,0.003,-0.007,2,14
G,293204606,-0.134223,-0.050067,0.069242
A,293204935,5.1894,2.2948,-7.9404
G,293207118,-0.127832,-0.045806,0.062851
A,293207417,5.2038,2.2769,-7.9152
G,293209614,-0.121440,-0.041545,0.060720
A,293209889,5.2182,2.2661,-7.8973
G,293212106,-0.116114,-0.037284,0.055394
A,293212351,5.2361,2.2517,-7.8793
TRK,293212,-0.17267,0.45303,0.83997,0.24370,-0.1337,4.5098,-0.5430,-0.019,0.005,-0.009,2,14
G,293214617,-0.111853,-0.036219,0.050067
A,293214833,5.2397,2.2553,-7.8650
G,293217112,-0.105461,-0.036219,0.041545
A,293217304,5.2541,2.2733,-7.8614
G,293219614,-0.096939,-0.035154,0.036219
A,293219778,5.2613,2.2984,-7.8650
G,293222110,-0.086286,-0.031958,0.029827
A,293222250,5.2936,2.3200,-7.8685
G,293224592,-0.073503,-0.026632,0.026632
A,293224705,5.3259,2.3451,-7.8793
G,293227096,-0.058590,-0.022371,0.022371
A,293227183,5.3798,2.3631,-7.8901
G,293229592,-0.039415,-0.015979,0.019175
A,293229679,5.4193,2.3810,-7.9116
G,293232064,-0.021305,-0.009587,0.009587
A,293232151,5.4516,2.4026,-7.9440
G,293234567,-0.007457,0.000000,0.001065
A,293234628,5.4624,2.4205,-7.9799
G,293237062,0.004261,0.009587,-0.006392
A,293237100,5.4696,2.4313,-8.0158
G,293239545,0.011718,0.019175,-0.012783
A,293239558,5.4696,2.4385,-8.0445
A,293242035,5.4624,2.4421,-8.0697
G,293242047,0.017044,0.028762,-0.019175
A,293244507,5.4480,2.4457,-8.0840
G,293244543,0.021305,0.039415,-0.027697
TRK,293239,-0.17189,0.45316,0.83991,0.24424,-0.1343,4.5100,-0.5433,-0.027,0.012,-0.009,2,14
A,293246957,5.4193,2.4493,-8.0984
G,293247016,0.027697,0.051133,-0.035154
A,293249438,5.3834,2.4529,-8.1092
G,293249520,0.031958,0.062851,-0.040480
A,293251910,5.3546,2.4493,-8.1235
G,293252016,0.035154,0.073503,-0.044741
A,293254371,5.3331,2.4493,-8.1379
G,293254499,0.035154,0.082025,-0.049002
A,293256852,5.3223,2.4457,-8.1379
G,293257002,0.034088,0.085221,-0.055394
A,293259324,5.3115,2.4457,-8.1379
G,293259497,0.031958,0.085221,-0.060720
A,293261777,5.3008,2.4493,-8.1307
G,293261972,0.029827,0.080960,-0.064981
A,293264249,5.2900,2.4529,-8.1271
G,293264467,0.026632,0.076699,-0.063916
TRK,293258,-0.17222,0.45240,0.84020,0.24441,-0.1349,4.5103,-0.5434,-0.032,0.016,-0.006,2,14
A,293266704,5.2720,2.4672,-8.1271
G,293266942,0.022371,0.071373,-0.064981
A,293269191,5.2541,2.4888,-8.1307
G,293269448,0.019175,0.064981,-0.062851
A,293271663,5.2253,2.5175,-8.1307
G,293271944,0.018109,0.060720,-0.059655
A,293274129,5.1894,2.5355,-8.1235
G,293274429,0.020240,0.057524,-0.053263
A,293276616,5.1571,2.5534,-8.1199
G,293276934,0.024501,0.053263,-0.046872
A,293279087,5.1320,2.5534,-8.1128
G,293279429,0.029827,0.047937,-0.042611
A,293281546,5.1140,2.5534,-8.1020
G,293281905,0.033023,0.041545,-0.042611
A,293284018,5.0961,2.5498,-8.0984
G,293284401,0.036219,0.035154,-0.043676
TRK,293278,-0.17249,0.45152,0.84055,0.24465,-0.1356,4.5106,-0.5435,-0.034,0.018,-0.004,2,14
A,293286477,5.0709,2.5462,-8.0912
G,293286877,0.039415,0.027697,-0.046872
A,293288968,5.0494,2.5355,-8.0948
G,293289384,0.042611,0.022371,-0.046872
A,293291440,5.0278,2.5247,-8.0948
G,293291880,0.044741,0.019175,-0.044741
A,293293911,5.0135,2.5175,-8.0912
G,293294366,0.045806,0.015979,-0.041545
A,293296402,5.0027,2.5067,-8.0948
G,293296872,0.044741,0.009587,-0.035154
A,293298874,4.9991,2.5031,-8.0804
G,293299367,0.046872,0.003196,-0.027697
A,293301336,5.0027,2.5031,-8.0768
G,293301844,0.049002,-0.001065,-0.019175
A,293303808,5.0099,2.4924,-8.0732
G,293304340,0.053263,-0.002131,-0.012783
TRK,293298,-0.17252,0.45084,0.84094,0.24453,-0.1362,4.5110,-0.5436,-0.034,0.018,-0.004,2,14
A,293306272,5.0170,2.4888,-8.0661
G,293306817,0.055394,-0.001065,-0.010653
A,293308767,5.0278,2.4780,-8.0661
G,293309326,0.056459,0.001065,-0.010653
A,293311239,5.0242,2.4636,-8.0697
G,293311822,0.057524,0.003196,-0.013848
A,293313714,5.0242,2.4457,-8.0768
G,293314309,0.059655,0.007457,-0.014914
A,293316209,5.0242,2.4277,-8.0984
G,293316816,0.062851,0.012783,-0.014914
A,293318681,5.0350,2.4169,-8.1128
G,293319312,0.063916,0.019175,-0.015979
A,293321147,5.0494,2.4098,-8.1307
G,293321790,0.062851,0.025566,-0.018109
A,293323619,5.0637,2.4134,-8.1451
G,293324286,0.061785,0.031958,-0.015979
TRK,293318,-0.17255,0.45041,0.84128,0.24415,-0.1369,4.5113,-0.5437,-0.035,0.017,-0.004,2,14
A,293326087,5.0781,2.4169,-8.1487
G,293326764,0.058590,0.038350,-0.013848
A,293328558,5.0817,2.4277,-8.1451
G,293329273,0.056459,0.045806,-0.010653
A,293331008,5.0889,2.4385,-8.1379
G,293331769,0.056459,0.053263,-0.010653
A,293333488,5.0925,2.4385,-8.1343
G,293334258,0.056459,0.059655,-0.010653
A,293335985,5.1032,2.4313,-8.1235
G,293336763,0.057524,0.064981,-0.009587
A,293338456,5.1104,2.4169,-8.1235
G,293339259,0.058590,0.069242,-0.008522
A,293340927,5.1212,2.3954,-8.1271
G,293341738,0.061785,0.073503,-0.005326
A,293343399,5.1284,2.3846,-8.1307
G,293344234,0.067112,0.078830,-0.004261
TRK,293338,-0.17296,0.44988,0.84153,0.24396,-0.1376,4.5116,-0.5438,-0.037,0.017,-0.004,2,14
A,293345871,5.1427,2.3631,-8.1307
G,293346713,0.071373,0.087352,-0.002131
A,293348342,5.1643,2.3523,-8.1307
G,293349224,0.073503,0.100135,-0.001065
A,293350796,5.1858,2.3415,-8.1199
G,293351719,0.073503,0.112918,0.000000
A,293353280,5.2038,2.3379,-8.1092
G,293354209,0.073503,0.123571,-0.001065
A,293355752,5.2110,2.3379,-8.1163
G,293356716,0.072438,0.131028,-0.004261
A,293358204,5.2182,2.3379,-8.1163
G,293359211,0.071373,0.138484,-0.006392
A,293360680,5.2146,2.3343,-8.1307
G,293361691,0.068177,0.145941,-0.010653
TRK,293361,-0.17408,0.44917,0.84169,0.24392,-0.1385,4.5120,-0.5438,-0.042,0.017,-0.003,2,14
A,293363173,5.2146,2.3343,-8.1343
G,293364188,0.064981,0.154463,-0.015979
A,293365645,5.2074,2.3451,-8.1379
G,293366709,0.062851,0.160855,-0.022371
A,293368112,5.2002,2.3559,-8.1271
G,293369205,0.061785,0.165116,-0.023436
A,293370584,5.1894,2.3631,-8.1199
G,293371705,0.058590,0.167247,-0.020240
A,293373032,5.1715,2.3703,-8.0984
G,293374200,0.054328,0.167247,-0.017044
A,293375503,5.1607,2.3667,-8.0732
G,293376671,0.050067,0.167247,-0.015979
A,293377993,5.1356,2.3667,-8.0481
G,293379162,0.046872,0.168312,-0.014914
A,293380489,5.1104,2.3667,-8.0158
G,293381660,0.044741,0.169377,-0.012783
A,293382961,5.0925,2.3739,-7.9763
G,293384155,0.043676,0.172573,-0.007457
TRK,293379,-0.17532,0.44879,0.84157,0.24414,-0.1296,4.5086,-0.5434,0.000,0.000,0.000,1,15
A,293385442,5.0745,2.3846,-7.9404
G,293386636,0.044741,0.174703,-0.002131
A,293387914,5.0745,2.3954,-7.9045
G,293389148,0.049002,0.175769,0.004261
A,293390376,5.0817,2.3918,-7.8685
G,293391644,0.051133,0.177899,0.012783
A,293392868,5.1068,2.3846,-7.8362
G,293394135,0.055394,0.177899,0.025566
A,293395340,5.1284,2.3667,-7.8003
TRK,293395,-0.17661,0.44889,0.84125,0.24414,-0.1309,4.5093,-0.5427,-0.019,0.005,0.004,2,15
G,293396656,0.062851,0.177899,0.038350
A,293397813,5.1607,2.3379,-7.7680
G,293399152,0.071373,0.173638,0.046872
A,293400285,5.1751,2.3092,-7.7428
G,293401653,0.085221,0.169377,0.052198
A,293402739,5.1607,2.2877,-7.7285
G,293404149,0.102265,0.165116,0.060720
A,293405211,5.1320,2.2661,-7.7213
G,293406650,0.119310,0.168312,0.072438
A,293407667,5.1463,2.3020,-7.7105
G,293409146,0.129962,0.180030,0.085221
A,293410144,5.1787,2.3379,-7.6962
G,293411617,0.139550,0.198139,0.100135
A,293412641,5.2577,2.4098,-7.6710
G,293414109,0.152333,0.211988,0.115049
A,293415113,5.3367,2.4672,-7.6638
G,293416605,0.170442,0.216249,0.125701
A,293417565,5.3726,2.5031,-7.6567
G,293419101,0.194943,0.215183,0.127832
A,293420054,5.3654,2.5319,-7.6854
G,293421583,0.221575,0.210922,0.124636
A,293422525,5.3187,2.5319,-7.7213
TRK,293418,-0.17923,0.44865,0.84093,0.24379,-0.1314,4.5094,-0.5427,-0.023,0.010,-0.002,2,15
G,293424096,0.249272,0.211988,0.120375
A,293424995,5.2828,2.5283,-7.7716
G,293426591,0.275903,0.210922,0.119310
A,293427466,5.2469,2.5175,-7.8219
G,293429084,0.304666,0.206661,0.124636
A,293429917,5.2325,2.5031,-7.8614
G,293431606,0.330232,0.199204,0.136354
A,293432399,5.2361,2.4960,-7.8901
G,293434102,0.349407,0.194943,0.144876
A,293434890,5.2289,2.4924,-7.9009
G,293436582,0.362190,0.201335,0.150202
A,293437361,5.2218,2.4852,-7.9152
G,293439095,0.366451,0.215183,0.148072
A,293439834,5.2110,2.4744,-7.9368
G,293441591,0.368581,0.238619,0.144876
A,293442306,5.1930,2.4600,-7.9619
TRK,293437,-0.18198,0.44853,0.84085,0.24224,-0.1319,4.5097,-0.5427,-0.023,0.015,-0.004,2,15
G,293444083,0.368581,0.264186,0.139550
A,293444760,5.1787,2.4529,-7.9906
G,293446579,0.373908,0.290817,0.135289
A,293447245,5.1715,2.4457,-8.0122
G,293449052,0.383495,0.316384,0.131028
A,293449717,5.1751,2.4349,-8.0373
G,293451555,0.399474,0.341950,0.125701
A,293452182,5.1966,2.4277,-8.0553
G,293454050,0.417584,0.367516,0.119310
A,293454679,5.2397,2.4098,-8.0804
G,293456533,0.433563,0.389887,0.110787
A,293457150,5.3044,2.3810,-8.0984
TRK,293453,-0.18569,0.44811,0.84078,0.24041,-0.1322,4.5099,-0.5428,-0.022,0.016,-0.004,2,15
G,293459047,0.447411,0.410127,0.102265
A,293459627,5.3762,2.3559,-8.1199
G,293461542,0.460194,0.428236,0.095874
A,293462099,5.4552,2.3272,-8.1379
G,293464036,0.472977,0.446346,0.090547
A,293464557,5.5306,2.2984,-8.1451
G,293466532,0.482565,0.463390,0.084156
A,293467046,5.6060,2.2661,-8.1594
G,293469005,0.490022,0.478304,0.076699
A,293469518,5.6707,2.2230,-8.1523
G,293471509,0.494283,0.490022,0.071373
A,293471988,5.6743,2.1440,-8.1379
G,293474005,0.500674,0.500674,0.068177
A,293474459,5.7066,2.1153,-8.1415
G,293476489,0.517718,0.513457,0.063916
A,293476910,5.7030,2.0542,-8.1379
TRK,293476,-0.19238,0.44644,0.84083,0.23809,-0.1328,4.5103,-0.5428,-0.027,0.019,0.001,2,15
G,293478991,0.539024,0.531567,0.060720
A,293479379,5.7712,2.0399,-8.1487
G,293481486,0.551807,0.551807,0.063916
A,293481872,5.8323,1.9896,-8.1594
G,293483961,0.541154,0.570982,0.069242
A,293484343,5.8861,1.9429,-8.1666
G,293486466,0.516653,0.585895,0.069242
A,293486817,5.8826,1.8962,-8.1702
G,293488961,0.497478,0.598679,0.055394
A,293489308,5.8502,1.8747,-8.1810
G,293491434,0.496413,0.611462,0.036219
A,293491780,5.8000,1.8747,-8.2097
G,293493929,0.509196,0.624245,0.018109
A,293494244,5.7748,1.8818,-8.2349
G,293496445,0.520914,0.639159,0.010653
A,293496729,5.7712,1.8783,-8.2636
G,293498940,0.515588,0.655138,0.005326
A,293499201,5.7748,1.8747,-8.2780
G,293501426,0.493217,0.671117,-0.003196
A,293501657,5.7820,1.8711,-8.2708
TRK,293502,-0.20141,0.44354,0.84084,0.23599,-0.1336,4.5108,-0.5427,-0.038,0.020,0.010,2,15
G,293503941,0.464455,0.683900,-0.017044
A,293504144,5.7784,1.8818,-8.2564
G,293506437,0.441019,0.691357,-0.033023
A,293506638,5.7533,1.9034,-8.2349
G,293508909,0.429302,0.697748,-0.046872
A,293509109,5.7317,1.9106,-8.2097
G,293511415,0.426106,0.703074,-0.059655
A,293511587,5.7138,1.9142,-8.2025
G,293513938,0.429302,0.708401,-0.069242
A,293514083,5.7174,1.8962,-8.1954
G,293516433,0.432497,0.713727,-0.077764
A,293516554,5.7389,1.8711,-8.1918
G,293518949,0.430367,0.722249,-0.091613
A,293519043,5.7569,1.8495,-8.1846
G,293521445,0.421845,0.732902,-0.110787
A,293521515,5.7676,1.8423,-8.1558
TRK,293517,-0.20701,0.44115,0.84082,0.23569,-0.1342,4.5111,-0.5425,-0.042,0.018,0.015,2,15
G,293523940,0.415453,0.745685,-0.131028
A,293523985,5.7604,1.8423,-8.1163
G,293526435,0.411192,0.760599,-0.148072
A,293526456,5.7281,1.8567,-8.0697
A,293528909,5.6922,1.8603,-8.0086
G,293528912,0.416518,0.775512,-0.160855
A,293531391,5.6671,1.8818,-7.9871
G,293531418,0.428236,0.787230,-0.171508
A,293533881,5.6743,1.8926,-7.9655
G,293533932,0.445280,0.796818,-0.180030
A,293536353,5.7030,1.9178,-7.9655
G,293536428,0.458064,0.802144,-0.188552
A,293538826,5.7317,1.9213,-7.9619
G,293538924,0.456998,0.806405,-0.200270
A,293541316,5.7425,1.9393,-7.9691
G,293541436,0.450607,0.813862,-0.213053
A,293543788,5.7353,1.9501,-7.9763
G,293543932,0.452737,0.826645,-0.227967
TRK,293539,-0.21576,0.43640,0.84106,0.23585,-0.1352,4.5115,-0.5421,-0.048,0.016,0.019,2,15
A,293546252,5.7281,1.9644,-7.9799
G,293546417,0.465521,0.846885,-0.239684
A,293548724,5.7461,1.9824,-7.9799
G,293548933,0.479369,0.872451,-0.248207
A,293551170,5.7640,1.9752,-7.9476
G,293551429,0.487891,0.903344,-0.253533
A,293553646,5.7676,1.9609,-7.9009
G,293553925,0.499609,0.934237,-0.262055
A,293556118,5.7856,1.9393,-7.8362
G,293556420,0.526241,0.965129,-0.272708
A,293558576,5.8143,1.9285,-7.7644
G,293558896,0.565655,1.002414,-0.283360
TRK,293555,-0.22335,0.43168,0.84141,0.23619,-0.1360,4.5118,-0.5418,-0.049,0.015,0.021,2,15
A,293561064,5.8754,1.9321,-7.6962
G,293561402,0.611462,1.046090,-0.288687
A,293563536,5.9687,1.9465,-7.6279
G,293563898,0.649811,1.092961,-0.292948
A,293566005,6.0442,1.9429,-7.5705
G,293566384,0.674312,1.140898,-0.301470
A,293568477,6.1304,1.9501,-7.5310
G,293568901,0.690291,1.183509,-0.315318
A,293570928,6.1699,1.9249,-7.5058
G,293571396,0.700944,1.216532,-0.333428
A,293573400,6.2094,1.9142,-7.5310
G,293573883,0.714792,1.236772,-0.354733
A,293575892,6.2596,1.8890,-7.5812
G,293576390,0.722249,1.247425,-0.374973
A,293578389,6.2704,1.8352,-7.6172
G,293578900,0.711597,1.253816,-0.392017
A,293580860,6.2489,1.7741,-7.6674
G,293581396,0.683900,1.258077,-0.406931
TRK,293577,-0.23485,0.42458,0.84187,0.23630,-0.1370,4.5121,-0.5413,-0.053,0.019,0.022,2,15
A,293583323,6.2058,1.6951,-7.6746
G,293583872,0.656203,1.253816,-0.421845
A,293585803,6.1375,1.6376,-7.6998
G,293586366,0.639159,1.237837,-0.433563
A,293588275,6.1124,1.6053,-7.7393
G,293588882,0.627441,1.215467,-0.435693
A,293590730,6.1160,1.5730,-7.7572
G,293591378,0.602940,1.196292,-0.425040
A,293593205,6.1447,1.5299,-7.7644
G,293593864,0.559264,1.185639,-0.410127
A,293595676,6.1447,1.4509,-7.7428
G,293596371,0.499609,1.180313,-0.397344
A,293598123,6.1160,1.3647,-7.6926
G,293598867,0.435693,1.172856,-0.392017
TRK,293598,-0.24785,0.41558,0.84228,0.23756,-0.1383,4.5125,-0.5408,-0.061,0.016,0.025,2,15
A,293600601,6.0478,1.2857,-7.6459
G,293601354,0.382430,1.159008,-0.390952
A,293603072,5.9687,1.2498,-7.6172
G,293603871,0.351537,1.137702,-0.386691
A,293605531,5.8969,1.2605,-7.5920
G,293606367,0.338754,1.108940,-0.377104
A,293608021,5.8610,1.3144,-7.6064
G,293608864,0.325971,1.074852,-0.364320
A,293610492,5.8646,1.3827,-7.6136
G,293611360,0.299339,1.038633,-0.351537
A,293612963,5.8933,1.4401,-7.6279
G,293613836,0.245011,1.006675,-0.338754
A,293615434,5.9400,1.4724,-7.6172
G,293616344,0.168312,0.976847,-0.330232
A,293617886,5.9831,1.4832,-7.5992
G,293618839,0.078830,0.944889,-0.328101
TRK,293618,-0.25678,0.40915,0.84189,0.24060,-0.1396,4.5127,-0.5403,-0.067,0.006,0.022,2,15
A,293620368,6.0334,1.4832,-7.5669
G,293621327,-0.006392,0.906540,-0.327036
A,293622840,6.0729,1.4832,-7.5417
G,293623842,-0.075634,0.861799,-0.329167
A,293625300,6.0980,1.4976,-7.5381
G,293626337,-0.123571,0.813862,-0.336624
A,293627772,6.0980,1.5443,-7.5310
G,293628835,-0.152333,0.766990,-0.350472
A,293630216,6.0442,1.6412,-7.5346
G,293631330,-0.168312,0.722249,-0.363255
A,293632712,5.8610,2.0111,-7.5812
G,293633828,-0.172573,0.674312,-0.358994
A,293635184,5.5629,2.4062,-7.8470
G,293636342,-0.151268,0.647681,-0.320645
A,293637647,5.3474,2.6396,-7.9152
G,293638838,-0.068177,0.690291,-0.255663
TRK,293638,-0.26168,0.40463,0.84112,0.24560,-0.1409,4.5128,-0.5399,-0.064,-0.002,0.021,2,15
A,293640134,5.5055,2.8659,-8.0589
G,293641325,0.049002,0.786165,-0.200270
A,293642606,5.6132,2.7150,-7.9080
G,293643843,0.151268,0.864995,-0.171508
A,293645074,5.9903,2.5067,-7.6854
G,293646339,0.231162,0.857538,-0.172573
A,293647545,6.0585,2.3667,-7.3837
G,293648836,0.348341,0.801079,-0.173638
A,293649995,5.9400,2.1512,-7.2544
G,293651332,0.551807,0.747816,-0.175769
A,293652466,5.7425,2.0004,-7.1216
G,293653829,0.805340,0.733967,-0.170442
A,293654917,5.6455,1.7095,-7.2257
G,293656325,1.050351,0.755272,-0.154463
TRK,293655,-0.26852,0.40041,0.84100,0.24553,-0.1419,4.5127,-0.5395,-0.052,-0.007,0.019,2,15
A,293657399,5.5306,1.4509,-7.2760
G,293658802,1.292166,0.822384,-0.147006
A,293659870,5.4265,1.2857,-7.4340
G,293661310,1.552090,0.920388,-0.166181
A,293662333,5.2648,1.3252,-7.4089
G,293663806,1.838646,1.005610,-0.206661
A,293664826,5.1966,1.4545,-7.3227
G,293666294,2.085788,1.027980,-0.243946
A,293667298,5.1751,1.7597,-7.1323
G,293668799,2.199771,1.000283,-0.255663
A,293669759,5.3510,1.7885,-7.0964
G,293671295,2.146508,0.959803,-0.247141
A,293672231,5.5126,1.8100,-7.1646
G,293673793,2.018676,0.970456,-0.243946
A,293674686,5.6599,1.4796,-7.5274
TRK,293674,-0.28141,0.39212,0.84352,0.23565,-0.1428,4.5124,-0.5393,-0.046,-0.022,0.005,2,15
G,293676308,2.005893,1.062069,-0.264186
A,293677159,5.7245,0.9050,-7.8829
G,293678804,2.278601,1.269795,-0.319579
A,293679631,5.5557,-0.1688,-8.4108
G,293681292,2.936934,1.575526,-0.399474
A,293682078,5.4013,-0.5674,-8.9172
G,293683810,4.000068,1.996305,-0.519849
A,293684557,5.5557,0.2298,-8.3606
G,293686306,5.013134,2.474609,-0.648746
A,293687028,6.0226,0.8404,-7.4986
G,293688794,5.234709,2.760100,-0.651942
A,293689478,6.9923,2.4134,-5.7604
G,293691290,4.296211,2.650378,-0.497478
A,293691968,7.8685,2.5175,-4.2952
G,293693768,2.645051,2.113484,-0.255663
A,293694440,8.3641,2.0650,-3.6775
TRK,293694,-0.31055,0.37323,0.84746,0.21465,-0.1438,4.5117,-0.5392,-0.053,-0.027,-0.003,2,15
G,293696277,1.146224,1.444498,-0.094809
A,293696911,8.1558,1.3719,-4.0510
G,293698772,0.256729,0.886300,-0.055394
A,293699383,7.6926,0.7506,-5.0925
G,293701261,-0.008522,0.563525,-0.099070
A,293701835,7.0461,0.3735,-6.2956
G,293703757,0.136354,0.495348,-0.174703
A,293704319,6.7229,0.0970,-7.2975
G,293706226,0.460194,0.612527,-0.233293
A,293706790,6.5434,0.0323,-7.9332
G,293708713,0.786165,0.820254,-0.270577
A,293709243,6.6655,-0.0180,-8.1738
G,293711223,1.019458,1.018393,-0.292948
A,293711718,6.7337,0.0646,-8.1271
G,293713737,1.137702,1.160073,-0.309992
A,293714198,6.9312,0.1185,-7.9224
G,293716232,1.162203,1.237837,-0.317449
A,293716669,6.9779,0.1939,-7.6387
G,293718732,1.120658,1.268730,-0.317449
A,293719136,7.0354,0.1867,-7.3442
TRK,293719,-0.32309,0.36528,0.84680,0.21240,-0.1454,4.5110,-0.5394,-0.074,-0.040,-0.002,2,15
G,293721248,1.052481,1.276187,-0.320645
A,293721620,7.0892,0.1975,-6.9564
G,293723743,0.961934,1.268730,-0.329167
A,293724091,7.1718,0.2263,-6.6331
G,293726233,0.837298,1.236772,-0.336624
A,293726550,7.2688,0.2981,-6.3422
G,293728752,0.689226,1.168595,-0.337689
A,293729039,7.3909,0.4345,-6.1088
G,293731248,0.536893,1.068460,-0.333428
A,293731510,7.5633,0.6141,-5.9795
G,293733747,0.388821,0.953412,-0.333428
A,293733980,7.7428,0.8583,-5.9077
G,293736243,0.217314,0.831971,-0.331297
A,293736452,7.9727,1.1061,-5.8646
G,293738722,0.038350,0.709466,-0.317449
A,293738903,8.1810,1.3503,-5.9185
G,293741222,-0.104396,0.598679,-0.296144
A,293741375,8.3534,1.5407,-6.0154
TRK,293742,-0.33380,0.35765,0.84576,0.21296,-0.1473,4.5102,-0.5395,-0.094,-0.031,-0.004,2,15
G,293743742,-0.180030,0.512392,-0.280165
A,293743868,8.4575,1.6412,-6.1770
G,293746238,-0.200270,0.448476,-0.278034
A,293746363,8.5581,1.7095,-6.3207
G,293748709,-0.194943,0.400539,-0.282295
A,293748834,8.6550,1.7382,-6.4572
G,293751219,-0.192813,0.355798,-0.288687
A,293751318,8.7520,1.7418,-6.5900
G,293753715,-0.215183,0.308927,-0.297209
A,293753789,8.8490,1.7454,-6.6870
G,293756192,-0.266316,0.257794,-0.308927
A,293756241,8.9316,1.7238,-6.7876
TRK,293756,-0.33503,0.35558,0.84535,0.21611,-0.1488,4.5098,-0.5394,-0.103,-0.013,0.012,2,15
G,293758692,-0.330232,0.204531,-0.322775
A,293758716,8.9854,1.6987,-6.8271
G,293761188,-0.394148,0.154463,-0.336624
A,293761188,9.0034,1.6592,-6.8558
A,293763644,8.9531,1.5981,-6.8522
G,293763668,-0.453803,0.106526,-0.354733
A,293766132,8.8382,1.5586,-6.8666
G,293766179,-0.507066,0.063916,-0.369647
A,293768603,8.6622,1.4976,-6.8881
G,293768675,-0.555003,0.025566,-0.381365
A,293771071,8.4288,1.4581,-6.9599
G,293771165,-0.595483,-0.004261,-0.385626
A,293773543,8.1774,1.4257,-7.0497
G,293773661,-0.629571,-0.028762,-0.388821
A,293775992,7.9152,1.4042,-7.1682
G,293776132,-0.661529,-0.049002,-0.387756
A,293778463,7.6890,1.3898,-7.2796
G,293778624,-0.687096,-0.061785,-0.385626
TRK,293775,-0.33269,0.35389,0.84546,0.22201,-0.1509,4.5097,-0.5389,-0.113,0.000,0.037,2,15
A,293780954,7.4843,1.3719,-7.3550
G,293781136,-0.700944,-0.062851,-0.378169
A,293783425,7.3334,1.3431,-7.3729
G,293783631,-0.699879,-0.051133,-0.373908
A,293785894,7.2185,1.2893,-7.3263
G,293786121,-0.688161,-0.029827,-0.368581
A,293788366,7.1251,1.2390,-7.2401
G,293788616,-0.671117,-0.005326,-0.363255
A,293790819,7.0246,1.2067,-7.1431
G,293791088,-0.658333,0.014914,-0.357929
A,293793303,6.9240,1.1744,-7.0425
G,293793590,-0.649811,0.029827,-0.352602
A,293795774,6.8163,1.1708,-6.9779
G,293796086,-0.645550,0.045806,-0.345146
A,293798239,6.7409,1.1636,-6.9204
G,293798568,-0.642354,0.064981,-0.333428
TRK,293799,-0.32880,0.35274,0.84537,0.22983,-0.1534,4.5097,-0.5380,-0.113,-0.009,0.045,2,15
A,293800734,6.6978,1.1636,-6.8702
G,293801081,-0.634898,0.088417,-0.322775
A,293803206,6.6834,1.1492,-6.7983
G,293803599,-0.622114,0.112918,-0.321710
A,293805657,6.6870,1.1205,-6.7301
G,293806095,-0.601874,0.138484,-0.325971
A,293808144,6.6619,1.0810,-6.6439
G,293808597,-0.579504,0.160855,-0.329167
A,293810616,6.6116,1.0343,-6.5505
G,293811093,-0.558199,0.178964,-0.323840
A,293813074,6.5505,1.0163,-6.4643
G,293813566,-0.539024,0.191748,-0.312122
TRK,293814,-0.32743,0.35174,0.84494,0.23483,-0.1551,4.5095,-0.5373,-0.115,-0.016,0.039,2,15
A,293815573,6.5038,1.0020,-6.3494
G,293816078,-0.517718,0.202400,-0.292948
A,293818044,6.4967,1.0630,-6.2453
G,293818574,-0.490022,0.210922,-0.275903
A,293820523,6.5649,1.0666,-6.1447
G,293821067,-0.449542,0.218379,-0.271642
A,293822995,6.6188,1.0953,-6.0621
G,293823562,-0.397344,0.222640,-0.282295
A,293825455,6.6726,1.1025,-6.0047
G,293826035,-0.340885,0.221575,-0.299339
A,293827927,6.7157,1.0451,-5.9616
G,293828531,-0.288687,0.215183,-0.313188
A,293830388,6.6978,1.0199,-5.9723
G,293831004,-0.238619,0.203465,-0.319579
A,293832881,6.6690,0.9481,-6.0047
G,293833508,-0.182160,0.194943,-0.321710
A,293835378,6.6224,0.9481,-6.0693
G,293836017,-0.119310,0.199204,-0.314253
A,293837850,6.5362,0.9409,-6.1375
G,293838513,-0.057524,0.214118,-0.307861
TRK,293834,-0.32701,0.34973,0.84456,0.23971,-0.1575,4.5091,-0.5367,-0.124,-0.022,0.023,2,15
A,293855183,6.7768,1.5083,-6.1519
G,293855945,0.176834,0.325971,-0.225836
A,294134513,17.6117,-6.5003,3.3866
G,294135508,11.672101,6.588660,2.752643
A,294136985,19.8348,-8.5150,-2.1691
G,294138004,11.218299,6.312757,2.333994
A,294139458,20.0646,-8.7161,-6.4464
G,294140481,9.796172,6.027266,1.721467
A,294141930,19.0698,-7.8183,-8.4252
TRK,295948,-0.72018,0.25197,0.62601,0.16114,-0.9951,3.7771,-0.5203,-1.135,-0.254,-0.146,2,15
G,295954846,-1.238903,-1.766208,1.299623
A,295956290,9.7432,-2.3128,0.6393
G,295957341,-1.423193,-1.913215,1.425324
A,295958753,9.1758,-2.5139,0.8511
G,295959807,-1.556351,-1.967543,1.552090
A,295961224,8.9352,-2.6935,1.1600
G,295962315,-1.640507,-1.948369,1.665008
A,295963680,8.6622,-2.8479,1.5838
G,295964811,-1.672465,-1.851429,1.766208
A,295966166,8.7340,-2.8407,1.9860
G,295967299,-1.640507,-1.742772,1.866343
A,295968637,8.8562,-2.7114,2.3595
G,295969794,-1.540372,-1.642638,1.954760
A,295971105,9.1830,-2.5391,2.4565
G,295972263,-1.398692,-1.588309,2.034655
A,295973577,9.5062,-2.3667,2.3523
G,295974782,-1.266599,-1.567004,2.124137
A,295976045,9.8294,-2.2266,2.0794
G,295977277,-1.167530,-1.554221,2.198706
A,295978516,10.3465,-2.1261,1.7561
G,295979776,-1.111071,-1.532915,2.237055
A,295980966,10.8314,-2.0614,1.4832
G,295982271,-1.096157,-1.551025,2.222142
TRK,295977,-0.70212,0.28637,0.63458,0.14941,-1.0290,3.7694,-0.5246,-1.169,-0.253,-0.148,2,15
STAT,404.8,400.8,0,0,47191,5.1752,152.051,0.4747,0.8360,1.7463,9.8641,0.43,0.047
A,295983446,11.4634,-2.0614,1.2498
G,295984750,-1.119593,-1.613876,2.178466
A,295985918,11.9447,-2.1404,1.0846
G,295987259,-1.174987,-1.700162,2.065548
A,295988379,12.3577,-2.2913,0.9158
G,295989754,-1.260208,-1.777926,1.875931
A,295990872,12.3325,-2.5283,0.7793
G,295992243,-1.383778,-1.854625,1.639442
A,295993343,12.1602,-2.8012,0.6393
G,295994763,-1.542503,-1.937716,1.439172
A,295995816,11.7579,-3.1137,0.5710
G,295997258,-1.716141,-2.019741,1.301753
A,295998287,11.3449,-3.4477,0.5351
G,295999749,-1.866343,-2.104962,1.212271
A,296000734,11.0361,-3.7673,0.5459
G,296002245,-1.978196,-2.201901,1.143029
A,296003219,10.9499,-4.0259,0.6105
G,296004724,-2.054895,-2.310559,1.083374
A,296005690,10.9571,-4.2234,0.6357
G,296007234,-2.096440,-2.404302,1.001348
A,296008156,11.2192,-4.3634,0.5854
G,296009729,-2.116680,-2.481001,0.874582
A,296010653,11.5424,-4.4424,0.4130
G,296012219,-2.146508,-2.570483,0.703074
A,296013125,11.7436,-4.4855,0.0754
G,296014714,-2.221076,-2.703641,0.502805
TRK,296009,-0.67724,0.32448,0.64559,0.13882,-1.0639,3.7622,-0.5281,-1.192,-0.242,-0.086,2,15
A,296015602,11.8405,-4.4927,-0.4022
G,296017184,-2.348908,-2.849582,0.284426
A,296018073,11.6071,-4.4676,-0.8835
G,296019676,-2.514024,-2.940130,0.074569
A,296020523,11.1187,-4.4245,-1.3503
G,296022172,-2.704706,-2.903911,-0.063916
A,296023013,10.4220,-4.3670,-1.7346
G,296024652,-2.909237,-2.755839,-0.078830
A,296025484,9.8007,-4.1659,-2.1225
G,296027163,-3.090332,-2.549178,0.021305
A,296027954,9.3482,-3.6703,-2.6432
G,296029659,-3.246926,-2.330799,0.148072
A,296030442,8.9926,-3.0849,-3.2681
G,296032137,-3.484480,-2.136920,0.172573
A,296032914,8.5293,-2.8012,-3.6955
TRK,296033,-0.64768,0.35026,0.66031,0.14772,-1.0937,3.7560,-0.5296,-1.198,-0.274,-0.050,2,15
G,296034658,-3.950000,-1.984588,0.010653
A,296035395,7.7357,-3.1855,-3.7996
G,296037154,-4.640292,-1.880192,-0.351537
A,296037867,6.5110,-4.3275,-3.2789
G,296039655,-5.324192,-1.775796,-0.870321
A,296040329,5.1715,-5.8179,-2.2482
G,296042150,-5.687446,-1.629854,-1.454086
A,296042823,3.9253,-6.9528,-0.9517
G,296044631,-5.536179,-1.390170,-1.975000
A,296045294,3.1711,-7.3801,0.4597
G,296047127,-4.859736,-1.065264,-2.269013
A,296047766,3.3866,-7.0856,1.7597
G,296049609,-3.751861,-0.673247,-2.232794
A,296050210,4.4173,-6.3063,2.7150
TRK,296046,-0.62454,0.37018,0.66537,0.17376,-1.1116,3.7515,-0.5306,-1.238,-0.325,-0.103,2,15
G,296052121,-2.358495,-0.245011,-1.902562
A,296052686,6.2884,-5.4265,3.1173
G,296054616,-0.868190,0.194943,-1.412541
A,296055158,8.5186,-4.6902,2.8587
G,296057099,0.483630,0.593352,-0.925715
A,296057606,10.3968,-4.2234,1.9824
G,296059615,1.460477,0.849016,-0.542220
A,296060087,11.7112,-4.0977,0.7829
G,296062110,1.940912,0.926780,-0.308927
A,296062558,12.3074,-4.2557,-0.4453
TRK,296058,-0.61988,0.36980,0.66713,0.18420,-1.1241,3.7483,-0.5318,-1.290,-0.320,-0.123,2,15
G,296064612,1.948369,0.859668,-0.255663
A,296065027,12.2248,-4.5610,-1.4365
G,296067108,1.600027,0.697748,-0.385626
A,296067498,11.9590,-4.9021,-2.0291
G,296069588,1.024784,0.456998,-0.682835
A,296069946,11.5317,-5.1068,-2.2302
G,296072100,0.330232,0.131028,-1.108940
A,296072427,11.1797,-5.0996,-2.0650
G,296074596,-0.380299,-0.234358,-1.582983
A,296074899,10.8781,-4.8303,-1.6233
G,296077088,-1.008805,-0.576308,-2.026133
A,296077361,10.5046,-4.3347,-0.9481
G,296079583,-1.474326,-0.846885,-2.356365
TRK,296074,-0.62531,0.35862,0.66843,0.18325,-1.1467,3.7427,-0.5335,-1.323,-0.339,-0.078,2,15
A,296079853,10.0987,-3.7134,-0.1437
G,296082056,-1.714010,-1.032241,-2.516155
A,296082325,9.6139,-3.0813,0.6931
G,296084549,-1.687379,-1.123854,-2.500176
A,296084789,9.1255,-2.5570,1.3827
G,296087045,-1.392301,-1.117462,-2.355300
A,296087260,8.6514,-2.1799,1.7669
G,296089521,-0.892692,-1.033306,-2.150769
A,296089707,8.2456,-1.9573,1.7238
G,296092016,-0.321710,-0.908670,-1.949434
A,296092179,7.9009,-1.8459,1.2390
TRK,296086,-0.61525,0.35544,0.67567,0.19645,-1.1632,3.7385,-0.5345,-1.353,-0.331,-0.079,2,15
G,296094500,0.171508,-0.781904,-1.778991
A,296094635,7.6890,-1.8028,0.4597
G,296097007,0.474043,-0.678573,-1.653290
A,296097115,7.6602,-1.7849,-0.3950
G,296099502,0.543285,-0.605070,-1.576591
A,296099586,7.8075,-1.7382,-1.0953
G,296101996,0.416518,-0.564590,-1.547829
A,296102054,8.1487,-1.6305,-1.4724
G,296104491,0.177899,-0.558199,-1.557416
TRK,296103,-0.60793,0.34583,0.68523,0.20317,-1.1834,3.7337,-0.5358,-1.374,-0.321,-0.107,2,15
A,296104553,8.5437,-1.4437,-1.4617
G,296106965,-0.073503,-0.592287,-1.579787
A,296107024,8.9747,-1.1923,-1.1420
G,296109458,-0.252468,-0.666856,-1.590440
A,296109491,9.3482,-0.9194,-0.6572
G,296111953,-0.305731,-0.771251,-1.578722
A,296111963,9.6570,-0.6536,-0.2263
A,296114420,9.8474,-0.4202,-0.0215
G,296114436,-0.230097,-0.883104,-1.545699
A,296116912,9.9012,-0.2334,-0.1329
G,296116951,-0.075634,-0.984304,-1.500957
A,296119383,9.7791,-0.0934,-0.5028
G,296119447,0.075634,-1.072721,-1.443433
A,296121836,9.5026,0.0000,-0.9984
G,296121922,0.154463,-1.144094,-1.370995
A,296124314,9.1363,0.0467,-1.4581
G,296124423,0.141680,-1.196292,-1.285774
TRK,296125,-0.59814,0.33779,0.69582,0.20968,-1.2141,3.7268,-0.5383,-1.379,-0.294,-0.118,2,15
A,296126808,8.7556,0.0575,-1.7849
G,296126939,0.070307,-1.217597,-1.193096
A,296129279,8.4360,0.0539,-1.9644
G,296129434,-0.004261,-1.208010,-1.103614
A,296131734,8.2241,0.0575,-2.0506
G,296131910,-0.033023,-1.170726,-1.023719
A,296134205,8.1343,0.0826,-2.1332
G,296134405,-0.003196,-1.119593,-0.955542
A,296136661,8.1630,0.1401,-2.2553
G,296136881,0.066046,-1.064199,-0.888430
A,296139148,8.2887,0.2263,-2.4313
G,296139388,0.139550,-1.008805,-0.813862
A,296141619,8.4755,0.3053,-2.6145
G,296141883,0.190682,-0.951281,-0.725445
TRK,296141,-0.58963,0.33354,0.70462,0.21120,-1.2379,3.7218,-0.5406,-1.362,-0.287,-0.140,2,15
A,296144087,8.6838,0.3735,-2.7761
G,296144370,0.210922,-0.892692,-0.624245
A,296146585,8.8741,0.4130,-2.8838
G,296146886,0.211988,-0.833037,-0.517718
A,296149056,9.0178,0.4202,-2.9485
G,296149382,0.214118,-0.772317,-0.410127
A,296151530,9.1399,0.4094,-2.9951
G,296151873,0.230097,-0.712662,-0.311057
A,296154002,9.2296,0.3771,-3.0526
G,296154369,0.259925,-0.660464,-0.222640
A,296156462,9.3015,0.3304,-3.1496
G,296156846,0.291882,-0.619984,-0.149137
A,296158952,9.3553,0.2693,-3.2932
G,296159353,0.308927,-0.588026,-0.086286
A,296161424,9.3877,0.2011,-3.4548
TRK,296157,-0.58552,0.33161,0.70934,0.20987,-1.2579,3.7176,-0.5427,-1.340,-0.284,-0.147,2,15
G,296161870,0.299339,-0.560329,-0.037284
A,296163875,9.4056,0.1293,-3.6093
G,296164366,0.255663,-0.532632,0.007457
A,296166357,9.4272,0.0646,-3.7134
G,296166862,0.188552,-0.504935,0.049002
A,296168829,9.4523,0.0000,-3.7601
G,296169377,0.116114,-0.471912,0.089482
A,296171280,9.4810,-0.0467,-3.7637
G,296171872,0.058590,-0.433563,0.128897
A,296173774,9.5026,-0.1041,-3.7529
G,296174379,0.027697,-0.387756,0.167247
A,296176245,9.4954,-0.1580,-3.7529
G,296176874,0.019175,-0.336624,0.205596
A,296178717,9.4882,-0.2191,-3.7781
G,296179358,0.024501,-0.280165,0.245011
A,296181188,9.4595,-0.2873,-3.8176
TRK,296180,-0.58239,0.33225,0.71254,0.20667,-1.2905,3.7105,-0.5463,-1.300,-0.292,-0.143,2,15
G,296181874,0.033023,-0.217314,0.291882
A,296183644,9.4344,-0.3699,-3.8463
G,296184370,0.035154,-0.148072,0.339819
A,296186131,9.4056,-0.4525,-3.8678
G,296186867,0.030893,-0.073503,0.385626
A,296188603,9.3769,-0.5351,-3.8642
G,296189381,0.020240,0.001065,0.422910
A,296191058,9.3661,-0.6177,-3.8427
G,296191876,0.006392,0.072438,0.451672
A,296193557,9.3733,-0.6931,-3.7960
G,296194383,-0.008522,0.139550,0.478304
A,296196028,9.4128,-0.7614,-3.7242
G,296196878,-0.025566,0.203465,0.502805
A,296198494,9.4739,-0.8368,-3.6344
G,296199352,-0.042611,0.263120,0.526241
A,296200966,9.5493,-0.9086,-3.5446
TRK,296200,-0.58330,0.33504,0.71113,0.20444,-1.3160,3.7046,-0.5491,-1.276,-0.308,-0.139,2,15
G,296201869,-0.059655,0.318514,0.544350
A,296203426,9.6103,-0.9732,-3.4620
G,296204364,-0.078830,0.365386,0.558199
A,296205918,9.6606,-1.0487,-3.3866
G,296206861,-0.103331,0.405866,0.570982
A,296208389,9.6822,-1.1133,-3.3112
G,296209357,-0.133158,0.441019,0.581634
A,296210862,9.6857,-1.1851,-3.2286
G,296211834,-0.161920,0.471912,0.590156
A,296213360,9.6570,-1.2534,-3.1352
G,296214337,-0.183225,0.500674,0.595483
A,296215831,9.6139,-1.3216,-3.0275
G,296216855,-0.196009,0.528371,0.600809
A,296218295,9.5600,-1.3898,-2.9233
G,296219350,-0.201335,0.557133,0.609331
A,296220778,9.4846,-1.4509,-2.8228
G,296221837,-0.203465,0.585895,0.621049
A,296223250,9.3769,-1.5227,-2.7330
G,296224332,-0.203465,0.615723,0.634898
TRK,296218,-0.58700,0.33893,0.70644,0.20372,-1.3380,3.6991,-0.5515,-1.267,-0.320,-0.134,2,15
A,296225725,9.2440,-1.6089,-2.6468
G,296226810,-0.202400,0.646616,0.654072
A,296228196,9.1040,-1.7059,-2.5391
G,296229317,-0.201335,0.678573,0.672182
A,296230652,8.9854,-1.8100,-2.4385
G,296231813,-0.200270,0.705205,0.682835
A,296233139,8.9316,-1.8998,-2.3272
G,296234301,-0.197074,0.732902,0.680704
A,296235610,8.9531,-1.9537,-2.2194
G,296236819,-0.197074,0.766990,0.667921
A,296238078,9.0393,-1.9860,-2.0865
G,296239315,-0.203465,0.810666,0.661529
A,296240549,9.1901,-2.0004,-1.8998
TRK,296235,-0.59082,0.34217,0.70168,0.20371,-1.3599,3.6935,-0.5538,-1.270,-0.332,-0.138,2,15
G,296241812,-0.220510,0.850081,0.665790
A,296242998,9.3661,-2.0111,-1.6484
G,296244308,-0.236489,0.876713,0.682835
A,296245478,9.5349,-2.0399,-1.3575
G,296246786,-0.235423,0.887365,0.705205
A,296247950,9.6534,-2.0901,-1.0702
G,296249294,-0.202400,0.883104,0.725445
A,296250411,9.7181,-2.1584,-0.8547
G,296251790,-0.139550,0.868190,0.740359
A,296252882,9.7252,-2.2482,-0.7326
G,296254278,-0.067112,0.842624,0.746750
A,296255325,9.6786,-2.3451,-0.7003
G,296256797,-0.013848,0.808536,0.745685
A,296257798,9.5996,-2.4493,-0.7290
G,296259292,0.003196,0.768056,0.736098
A,296260282,9.4882,-2.5534,-0.7542
G,296261771,-0.021305,0.726510,0.721184
A,296262753,9.3661,-2.6504,-0.7326
G,296264279,-0.073503,0.686030,0.699879
A,296265218,9.2656,-2.7330,-0.6393
G,296266775,-0.125701,0.650877,0.675378
TRK,296266,-0.60116,0.34855,0.68980,0.20319,-1.3693,3.6910,-0.5548,0.000,0.000,0.000,3,15
A,296267713,9.2009,-2.7976,-0.4812
G,296269263,-0.153398,0.615723,0.648746
A,296270185,9.1937,-2.8551,-0.2945
G,296271759,-0.140615,0.582700,0.625310
A,296272661,9.2368,-2.8910,-0.1221
G,296274228,-0.095874,0.547546,0.606135
A,296275132,9.3158,-2.9377,-0.0036
G,296276715,-0.034088,0.509196,0.590156
A,296277578,9.4092,-2.9808,0.0503
G,296279211,0.023436,0.465521,0.574178
TRK,296278,-0.60396,0.35069,0.68645,0.20256,-1.3693,3.6910,-0.5548,0.000,0.000,0.000,3,15
A,296280066,9.4882,-3.0347,0.0431
G,296281690,0.064981,0.415453,0.557133
A,296282537,9.5565,-3.0921,-0.0036
G,296284196,0.086286,0.363255,0.539024
A,296285001,9.5924,-3.1496,-0.0754
G,296286691,0.088417,0.309992,0.510262
A,296287473,9.6103,-3.2142,-0.1437
G,296289182,0.076699,0.253533,0.470847
A,296289923,9.6139,-3.2681,-0.1939
G,296291677,0.058590,0.193878,0.419714
A,296292395,9.6175,-3.3148,-0.2334
G,296294168,0.040480,0.134223,0.368581
A,296294847,9.6175,-3.3615,-0.2550
G,296296685,0.025566,0.078830,0.320645
A,296297326,9.6211,-3.3974,-0.2801
G,296299180,0.017044,0.029827,0.275903
A,296299797,9.6139,-3.4225,-0.3196
TRK,296295,-0.60615,0.35231,0.68417,0.20091,-1.3693,3.6910,-0.5548,0.000,0.000,0.000,3,15
G,296301681,0.014914,-0.015979,0.229032
A,296302261,9.6067,-3.4512,-0.3663
G,296304176,0.014914,-0.057524,0.180030
A,296304733,9.5996,-3.4620,-0.4202
G,296306657,0.014914,-0.091613,0.133158
A,296307178,9.5960,-3.4728,-0.4812
G,296309168,0.015979,-0.121440,0.091613
A,296309654,9.6031,-3.4764,-0.5423
G,296311663,0.019175,-0.148072,0.049002
A,296312126,9.6103,-3.4872,-0.6177
G,296314174,0.023436,-0.173638,0.003196
A,296314603,9.6211,-3.4907,-0.6967
G,296316670,0.024501,-0.199204,-0.050067
A,296317074,9.6355,-3.4943,-0.7901
G,296319149,0.019175,-0.224771,-0.104396
A,296319522,9.6498,-3.4800,-0.8727
TRK,296320,-0.60549,0.35320,0.68464,0.19973,-1.3693,3.6910,-0.5548,0.000,0.000,0.000,3,15
G,296321670,0.006392,-0.249272,-0.158724
A,296322011,9.6714,-3.4548,-0.9445
G,296324166,-0.013848,-0.273773,-0.213053
A,296324483,9.6893,-3.4225,-1.0020
G,296326667,-0.036219,-0.297209,-0.266316
A,296326953,9.7037,-3.3722,-1.0343
G,296329162,-0.057524,-0.319579,-0.320645
A,296329424,9.7037,-3.3148,-1.0738
G,296331640,-0.071373,-0.338754,-0.371777
A,296331872,9.6965,-3.2501,-1.0989
G,296334135,-0.078830,-0.355798,-0.418649
A,296334344,9.6822,-3.1855,-1.1349
G,296336616,-0.080960,-0.367516,-0.460194
A,296336797,9.6714,-3.1173,-1.1815
G,296339128,-0.079895,-0.380299,-0.500674
A,296339281,9.6606,-3.0562,-1.2390
G,296341624,-0.078830,-0.392017,-0.539024
A,296341752,9.6534,-2.9880,-1.3036
G,296344115,-0.082025,-0.405866,-0.578439
A,296344217,9.6391,-2.9125,-1.3611
TRK,296345,-0.60115,0.35103,0.68895,0.20185,-1.3693,3.6910,-0.5548,0.000,0.000,0.000,3,15
G,296346637,-0.089482,-0.416518,-0.613592
A,296346712,9.6139,-2.8371,-1.4293
G,296349133,-0.099070,-0.427171,-0.647681
A,296349184,9.5852,-2.7509,-1.4760
G,296351610,-0.105461,-0.436758,-0.678573
A,296351636,9.5744,-2.6576,-1.5299
G,296354119,-0.110787,-0.446346,-0.705205
A,296354120,9.5744,-2.5606,-1.5945
A,296356592,9.5780,-2.4421,-1.6520
G,296356615,-0.112918,-0.450607,-0.729706
TRK,296352,-0.59935,0.34986,0.69075,0.20307,-1.3693,3.6910,-0.5548,0.000,0.000,0.000,3,15
A,296359080,9.5708,-2.3308,-1.7059
G,296359126,-0.116114,-0.445280,-0.752077
A,296361551,9.5349,-2.2122,-1.7274
G,296361622,-0.126766,-0.437824,-0.768056
A,296364010,9.4846,-2.1081,-1.7166
G,296364103,-0.142745,-0.436758,-0.773382
A,296366505,9.4344,-2.0219,-1.6843
G,296366620,-0.148072,-0.441019,-0.766990
A,296368976,9.3984,-1.9465,-1.6807
G,296369116,-0.125701,-0.437824,-0.760599
A,296371456,9.3661,-1.8711,-1.7238
G,296371618,-0.078830,-0.422910,-0.756338
A,296373928,9.3338,-1.7885,-1.8136
G,296374113,-0.031958,-0.403735,-0.754207
A,296376381,9.3015,-1.6987,-1.9321
G,296376587,-0.008522,-0.389887,-0.746750
TRK,296377,-0.59301,0.34504,0.69719,0.20789,-1.3693,3.6910,-0.5548,0.000,0.000,0.000,3,15
A,296378873,9.2907,-1.6053,-2.0111
G,296379099,-0.011718,-0.379234,-0.730771
A,296381345,9.2907,-1.5119,-2.0435
G,296381595,-0.031958,-0.366451,-0.710531
A,296383818,9.3158,-1.4257,-2.0255
G,296384087,-0.049002,-0.351537,-0.689226
A,296386289,9.3374,-1.3396,-1.9968
G,296386583,-0.052198,-0.338754,-0.672182
A,296388743,9.3589,-1.2534,-1.9824
G,296389055,-0.038350,-0.330232,-0.657268
A,296391228,9.3697,-1.1708,-2.0111
G,296391558,-0.015979,-0.323840,-0.637028
A,296393723,9.3733,-1.0918,-2.0542
G,296394071,0.007457,-0.316384,-0.608266
A,296396195,9.3733,-1.0092,-2.1225
G,296396566,0.022371,-0.306796,-0.573112
TRK,296396,-0.58900,0.34113,0.70158,0.21096,-1.3693,3.6910,-0.5548,0.000,0.000,0.000,3,15
A,296398671,9.3553,-0.9373,-2.1799
G,296399059,0.026632,-0.297209,-0.537959
A,296401142,9.3338,-0.8691,-2.2302
G,296401555,0.021305,-0.288687,-0.504935
A,296403619,9.3087,-0.8188,-2.2661
G,296404048,0.011718,-0.278034,-0.474043
A,296406091,9.2835,-0.7757,-2.2948
G,296406543,0.007457,-0.265251,-0.442085
A,296408549,9.2584,-0.7398,-2.3128
G,296409016,0.009587,-0.249272,-0.404800
A,296411038,9.2332,-0.7075,-2.3379
G,296411520,0.017044,-0.229032,-0.363255
A,296413509,9.2189,-0.6716,-2.3595
G,296414016,0.026632,-0.207727,-0.319579
A,296415979,9.2117,-0.6428,-2.3846
G,296416500,0.034088,-0.185356,-0.276969
A,296418450,9.2153,-0.6249,-2.4134
G,296419012,0.038350,-0.160855,-0.236489
A,296420900,9.2332,-0.6069,-2.4385
G,296421508,0.037284,-0.137419,-0.198139
A,296423371,9.2584,-0.6033,-2.4565
G,296424022,0.037284,-0.113983,-0.159790
A,296425824,9.2871,-0.5997,-2.4636
G,296426518,0.038350,-0.091613,-0.121440
TRK,296426,-0.58557,0.33782,0.70546,0.21287,-1.3693,3.6910,-0.5548,0.000,0.000,0.000,3,15
A,296428307,9.3158,-0.5997,-2.4600
G,296429011,0.039415,-0.068177,-0.079895
A,296430779,9.3446,-0.6069,-2.4565
G,296431522,0.039415,-0.045806,-0.039415
A,296433230,9.3589,-0.6105,-2.4529
G,296434018,0.037284,-0.022371,-0.001065
A,296435726,9.3661,-0.6249,-2.4493
G,296436522,0.034088,0.001065,0.036219
A,296438197,9.3625,-0.6393,-2.4493
G,296439017,0.030893,0.023436,0.074569
A,296440673,9.3482,-0.6716,-2.4385
G,296441501,0.028762,0.043676,0.110787
A,296443144,9.3230,-0.7111,-2.4241
TRK,296442,-0.58547,0.33767,0.70565,0.21272,-1.3693,3.6910,-0.5548,0.000,0.000,0.000,3,15
G,296444015,0.026632,0.060720,0.141680
A,296445601,9.3087,-0.7578,-2.3990
G,296446510,0.023436,0.077764,0.171508
A,296448082,9.2943,-0.8045,-2.3631
G,296448998,0.020240,0.098004,0.201335
A,296450554,9.2943,-0.8511,-2.3272
G,296451493,0.017044,0.118244,0.233293
A,296453023,9.3015,-0.9014,-2.2805
G,296453968,0.015979,0.138484,0.262055
A,296455516,9.3194,-0.9481,-2.2302
G,296456466,0.014914,0.155529,0.287621
A,296457987,9.3338,-1.0092,-2.1907
G,296458980,0.012783,0.170442,0.312122
A,296460447,9.3553,-1.0702,-2.1584
G,296461476,0.011718,0.182160,0.337689
A,296462928,9.3733,-1.1384,-2.1261
G,296463961,0.008522,0.191748,0.358994
A,296465400,9.3877,-1.2139,-2.1009
G,296466456,0.005326,0.199204,0.373908
TRK,296460,-0.58674,0.33888,0.70431,0.21178,-1.3693,3.6910,-0.5548,0.000,0.000,0.000,3,15
A,296467871,9.3948,-1.2857,-2.0758
G,296468931,-0.002131,0.204531,0.385626
A,296470364,9.3948,-1.3575,-2.0470
G,296471427,-0.010653,0.208792,0.397344
A,296472836,9.3984,-1.4293,-2.0183
G,296473922,-0.020240,0.213053,0.411192
A,296475319,9.3913,-1.4904,-1.9860
G,296476408,-0.029827,0.216249,0.422910
A,296477791,9.3877,-1.5550,-1.9501
TRK,296477,-0.58827,0.34055,0.70253,0.21077,-1.3693,3.6910,-0.5548,0.000,0.000,0.000,3,15
G,296478924,-0.038350,0.219444,0.435693
A,296480255,9.3841,-1.6161,-1.9070
G,296481420,-0.046872,0.223706,0.446346
A,296482726,9.3805,-1.6879,-1.8603
G,296483914,-0.050067,0.229032,0.453803
A,296485170,9.3877,-1.7597,-1.8136
G,296486410,-0.049002,0.236489,0.456998
A,296487655,9.3841,-1.8387,-1.7705
G,296488894,-0.044741,0.242880,0.456998
A,296490126,9.3948,-1.9106,-1.7310
G,296491390,-0.037284,0.250337,0.459129
A,296492604,9.4092,-1.9752,-1.6951
G,296493866,-0.030893,0.256729,0.463390
A,296495075,9.4344,-2.0327,-1.6556
G,296496370,-0.026632,0.260990,0.467651
A,296497531,9.4739,-2.0901,-1.6340
G,296498866,-0.025566,0.260990,0.465521
TRK,296498,-0.59088,0.34367,0.69927,0.20920,-1.3693,3.6910,-0.5548,0.000,0.000,0.000,3,15
A,296500020,9.4954,-2.1476,-1.6053
G,296501352,-0.025566,0.256729,0.461259
A,296502492,9.5277,-2.2087,-1.5694
G,296503848,-0.028762,0.248207,0.453803
A,296504962,9.5600,-2.2733,-1.5227
G,296506315,-0.029827,0.236489,0.448476
A,296507433,9.5924,-2.3451,-1.4868
G,296508810,-0.028762,0.223706,0.437824
A,296509905,9.6139,-2.4026,-1.4545
G,296511279,-0.021305,0.214118,0.422910
A,296512406,9.6103,-2.4565,-1.4509
G,296513777,-0.013848,0.205596,0.403735
A,296514878,9.5636,-2.4960,-1.4509
G,296516285,-0.010653,0.199204,0.385626
A,296517340,9.5170,-2.5391,-1.4365
G,296518781,-0.011718,0.193878,0.376038
A,296519824,9.4954,-2.5893,-1.3970
G,296521260,-0.009587,0.189617,0.366451
A,296522295,9.5062,-2.6396,-1.3539
TRK,296521,-0.59327,0.34641,0.69636,0.20764,-1.3693,3.6910,-0.5548,0.000,0.000,0.000,3,15
G,296523759,0.002131,0.185356,0.351537
A,296524749,9.5529,-2.6935,-1.3288
G,296526255,0.023436,0.178964,0.324906
A,296527234,9.6031,-2.7294,-1.3467
G,296528733,0.042611,0.166181,0.290817
A,296529705,9.6355,-2.7545,-1.4006
G,296531229,0.050067,0.150202,0.251402
A,296532191,9.6606,-2.7617,-1.4581
G,296533709,0.034088,0.135289,0.215183
A,296534663,9.6678,-2.7653,-1.4832
G,296536219,0.001065,0.123571,0.183225
A,296537129,9.6714,-2.7653,-1.4724
G,296538714,-0.037284,0.115049,0.157659
A,296539616,9.6642,-2.7761,-1.4186
G,296541193,-0.060720,0.105461,0.134223
A,296542088,9.6462,-2.7904,-1.3431
G,296543709,-0.058590,0.096939,0.110787
A,296544561,9.6175,-2.8120,-1.2749
G,296546205,-0.038350,0.089482,0.087352
TRK,296545,-0.59472,0.34775,0.69466,0.20693,-1.3693,3.6910,-0.5548,0.000,0.000,0.000,3,15
A,296547050,9.5924,-2.8264,-1.2426
G,296548685,-0.009587,0.084156,0.060720
A,296549521,9.5636,-2.8335,-1.2498
G,296551195,0.012783,0.076699,0.030893
A,296551991,9.5529,-2.8264,-1.2893
G,296553690,0.018109,0.064981,-0.002131
A,296554462,9.5529,-2.8156,-1.3288
G,296556201,0.003196,0.051133,-0.034088
A,296556933,9.5636,-2.7869,-1.3431
G,296558696,-0.026632,0.035154,-0.064981
A,296559404,9.5744,-2.7545,-1.3180
TRK,296554,-0.59488,0.34771,0.69453,0.20702,-1.3693,3.6910,-0.5548,0.000,0.000,0.000,3,15
G,296561207,-0.056459,0.017044,-0.094809
A,296561876,9.5888,-2.7114,-1.2677
G,296563702,-0.073503,-0.003196,-0.125701
A,296564347,9.5924,-2.6683,-1.2103
G,296566183,-0.074569,-0.022371,-0.156594
A,296566792,9.5924,-2.6324,-1.1779
G,296568700,-0.066046,-0.042611,-0.186421
A,296569272,9.5780,-2.5857,-1.1672
G,296571195,-0.055394,-0.060720,-0.215183
A,296571743,9.5565,-2.5534,-1.1887
G,296573695,-0.049002,-0.078830,-0.238619
A,296574208,9.5277,-2.5067,-1.2210
G,296576191,-0.049002,-0.095874,-0.254598
A,296576679,9.5026,-2.4672,-1.2570
G,296578669,-0.053263,-0.111853,-0.268447
A,296579123,9.4882,-2.4277,-1.2857
TRK,296579,-0.59372,0.34657,0.69556,0.20877,-1.3693,3.6910,-0.5548,0.000,0.000,0.000,3,15
G,296581179,-0.058590,-0.125701,-0.283360
A,296581601,9.4810,-2.3810,-1.3036
G,296583675,-0.062851,-0.136354,-0.302535
A,296584072,9.4882,-2.3308,-1.3144
G,296586166,-0.066046,-0.147006,-0.320645
A,296586531,9.4882,-2.2769,-1.3324
G,296588681,-0.066046,-0.157659,-0.336624
A,296589014,9.4990,-2.2230,-1.3539
G,296591176,-0.061785,-0.168312,-0.347276
A,296591486,9.4954,-2.1691,-1.3898
G,296593677,-0.055394,-0.176834,-0.350472
A,296593956,9.4882,-2.1189,-1.4222
G,296596172,-0.046872,-0.184291,-0.349407
A,296596427,9.4810,-2.0686,-1.4617
G,296598653,-0.039415,-0.191748,-0.348341
A,296598878,9.4703,-2.0219,-1.5083
G,296601159,-0.031958,-0.203465,-0.352602
A,296601356,9.4559,-1.9788,-1.5550
TRK,296602,-0.59121,0.34457,0.69802,0.21098,-1.3693,3.6910,-0.5548,0.000,0.000,0.000,3,15
G,296603680,-0.027697,-0.211988,-0.358994
A,296603848,9.4415,-1.9321,-1.6053
G,296606175,-0.026632,-0.220510,-0.365386
A,296606320,9.4451,-1.8854,-1.6448
G,296608655,-0.028762,-0.227967,-0.365386
A,296608772,9.4595,-1.8423,-1.6700
G,296611166,-0.030893,-0.234358,-0.358994
A,296611257,9.4774,-1.7957,-1.6951
G,296613661,-0.027697,-0.238619,-0.351537
A,296613728,9.4810,-1.7561,-1.7238
G,296616140,-0.021305,-0.238619,-0.349407
A,296616182,9.4487,-1.7131,-1.7705
G,296618656,-0.015979,-0.232228,-0.345146
A,296618672,9.3948,-1.6735,-1.8172
A,296621144,9.3446,-1.6340,-1.8567
G,296621152,-0.011718,-0.219444,-0.332363
TRK,296617,-0.58923,0.34308,0.70004,0.21225,-1.3693,3.6910,-0.5548,0.000,0.000,0.000,3,15
A,296623621,9.3158,-1.6053,-1.8890
G,296623653,-0.003196,-0.203465,-0.312122
A,296626092,9.3122,-1.5694,-1.9178
G,296626148,0.011718,-0.185356,-0.294013
A,296628540,9.3302,-1.5407,-1.9609
G,296628619,0.033023,-0.167247,-0.279099
A,296631024,9.3697,-1.5083,-2.0111
G,296631126,0.051133,-0.149137,-0.268447
A,296633496,9.4164,-1.4688,-2.0650
G,296633621,0.059655,-0.136354,-0.255663
A,296635965,9.4631,-1.4365,-2.1117
G,296636113,0.052198,-0.127832,-0.243946
A,296638437,9.4918,-1.4078,-2.1332
G,296638609,0.030893,-0.126766,-0.234358
A,296640888,9.4954,-1.3755,-2.1368
G,296641080,0.004261,-0.125701,-0.225836
A,296643370,9.4739,-1.3575,-2.1153
G,296643583,-0.019175,-0.122505,-0.216249
A,296645842,9.4487,-1.3324,-2.1009
G,296646078,-0.031958,-0.116114,-0.203465
TRK,296641,-0.58687,0.34076,0.70273,0.21364,-1.3693,3.6910,-0.5548,0.000,0.000,0.000,3,15
A,296648304,9.4164,-1.3144,-2.0937
G,296648561,-0.028762,-0.106526,-0.187487
A,296650786,9.3913,-1.2929,-2.1081
G,296651061,-0.019175,-0.099070,-0.171508
A,296653258,9.3697,-1.2785,-2.1296
G,296653557,-0.007457,-0.090547,-0.154463
A,296655713,9.3482,-1.2677,-2.1476
G,296656030,-0.005326,-0.083091,-0.138484
A,296658199,9.3446,-1.2534,-2.1584
G,296658534,-0.010653,-0.071373,-0.121440
A,296660670,9.3230,-1.2354,-2.1476
G,296661030,-0.021305,-0.056459,-0.104396
TRK,296656,-0.58585,0.33997,0.70373,0.21439,-1.3693,3.6910,-0.5548,0.000,0.000,0.000,3,15
A,296663156,9.3553,-1.2103,-2.1225
G,296663533,-0.031958,-0.042611,-0.085221
A,296665628,9.3877,-1.1959,-2.0865
G,296666029,-0.039415,-0.029827,-0.064981
A,296668089,9.4272,-1.1851,-2.0578
G,296668506,-0.039415,-0.022371,-0.044741
A,296670583,9.4559,-1.1851,-2.0435
G,296671016,-0.034088,-0.019175,-0.025566
A,296673055,9.4379,-1.1923,-2.0506
G,296673512,-0.025566,-0.014914,-0.007457
A,296675534,9.3948,-1.2139,-2.0542
G,296676006,-0.022371,-0.007457,0.013848
A,296678005,9.3446,-1.2462,-2.0435
G,296678520,-0.021305,0.004261,0.038350
A,296680456,9.3051,-1.2893,-2.0327
G,296681016,-0.010653,0.020240,0.066046
TRK,296681,-0.58519,0.33976,0.70420,0.21500,-1.3693,3.6910,-0.5548,0.000,0.000,0.000,3,15
A,296682946,9.2871,-1.3252,-2.0219
G,296683520,0.012783,0.038350,0.091613
A,296685418,9.2871,-1.3575,-2.0363
G,296686015,0.041545,0.057524,0.112918
A,296687889,9.3087,-1.3719,-2.0614
G,296688499,0.059655,0.075634,0.131028
A,296690361,9.3553,-1.3862,-2.0650
G,296691007,0.058590,0.089482,0.147006
A,296692807,9.4200,-1.4078,-2.0470
G,296693503,0.042611,0.099070,0.162985
A,296695291,9.4739,-1.4329,-1.9968
G,296695997,0.023436,0.105461,0.175769
A,296697763,9.5098,-1.4653,-1.9429
G,296698511,0.009587,0.106526,0.184291
A,296700218,9.5170,-1.5012,-1.8962
G,296701007,0.006392,0.103331,0.190682
TRK,296696,-0.58578,0.34008,0.70370,0.21453,-1.3693,3.6910,-0.5548,0.000,0.000,0.000,3,15
A,296702713,9.5062,-1.5335,-1.8675
G,296703511,0.009587,0.099070,0.197074
A,296705184,9.4882,-1.5730,-1.8711
G,296706006,0.014914,0.095874,0.203465
A,296707661,9.4667,-1.6089,-1.8890
G,296708490,0.017044,0.094809,0.208792
A,296710132,9.4523,-1.6448,-1.9034
G,296710995,0.010653,0.095874,0.214118
A,296712580,9.4344,-1.6879,-1.9106
G,296713491,-0.002131,0.099070,0.220510
A,296715068,9.4272,-1.7382,-1.8890
G,296715985,-0.014914,0.104396,0.227967
A,296717540,9.4200,-1.7921,-1.8531
G,296718497,-0.021305,0.112918,0.234358
A,296719997,9.4236,-1.8423,-1.8136
G,296720993,-0.015979,0.121440,0.238619
A,296722468,9.4344,-1.8783,-1.7849
TRK,296716,-0.58674,0.34114,0.70260,0.21380,-1.3693,3.6910,-0.5548,0.000,0.000,0.000,3,15
G,296723497,-0.001065,0.132093,0.242880
A,296724919,9.4451,-1.9106,-1.7633
G,296725993,0.014914,0.139550,0.247141
A,296727393,9.4703,-1.9429,-1.7561
G,296728470,0.025566,0.143811,0.251402
A,296729864,9.4918,-1.9716,-1.7490
G,296730983,0.025566,0.142745,0.249272
A,296732326,9.5098,-2.0075,-1.7346
G,296733479,0.020240,0.138484,0.245011
A,296734819,9.5277,-2.0399,-1.7131
G,296735973,0.012783,0.132093,0.236489
A,296737291,9.5421,-2.0650,-1.6879
G,296738469,0.006392,0.127832,0.230097
A,296739763,9.5493,-2.0901,-1.6592
G,296740942,0.001065,0.124636,0.223706
A,296742256,9.5529,-2.1117,-1.6376
G,296743436,-0.004261,0.122505,0.217314
A,296744728,9.5565,-2.1440,-1.6197
TRK,296740,-0.58832,0.34267,0.70084,0.21278,-1.3693,3.6910,-0.5548,0.000,0.000,0.000,3,15
G,296745951,-0.011718,0.118244,0.205596
A,296747193,9.5529,-2.1763,-1.5945
G,296748447,-0.020240,0.109722,0.190682
A,296749681,9.5385,-2.2051,-1.5694
G,296750933,-0.026632,0.099070,0.175769
A,296752152,9.5313,-2.2338,-1.5371
G,296753429,-0.027697,0.092678,0.165116
A,296754629,9.5170,-2.2553,-1.5155
G,296755905,-0.021305,0.089482,0.158724
A,296757101,9.5062,-2.2769,-1.4904
G,296758410,-0.012783,0.087352,0.149137
A,296759558,9.5026,-2.2877,-1.4832
G,296760905,-0.005326,0.085221,0.138484
TRK,296756,-0.58897,0.34346,0.70000,0.21247,-1.3693,3.6910,-0.5548,0.000,0.000,0.000,3,15
A,296762047,9.5062,-2.3020,-1.4832
G,296763391,-0.001065,0.079895,0.125701
A,296764519,9.5098,-2.3128,-1.4868
G,296765895,0.001065,0.075634,0.115049
A,296766976,9.5241,-2.3343,-1.4976
G,296768390,-0.001065,0.068177,0.102265
A,296769457,9.5421,-2.3487,-1.5048
G,296770867,-0.004261,0.058590,0.089482
A,296771929,9.5600,-2.3667,-1.5012
G,296773362,-0.008522,0.046872,0.073503
A,296774411,9.5708,-2.3739,-1.5048
G,296775839,-0.011718,0.035154,0.056459
A,296776883,9.5816,-2.3739,-1.5012
G,296778347,-0.012783,0.024501,0.038350
A,296779346,9.5780,-2.3667,-1.4940
G,296780842,-0.011718,0.015979,0.020240
A,296781818,9.5816,-2.3523,-1.4904
G,296783329,-0.011718,0.005326,0.001065
A,296784262,9.5636,-2.3379,-1.4796
TRK,296784,-0.58942,0.34397,0.69940,0.21238,-1.3693,3.6910,-0.5548,0.000,0.000,0.000,3,15
G,296785847,-0.013848,-0.004261,-0.018109
A,296786737,9.5457,-2.3272,-1.4760
G,296788342,-0.019175,-0.014914,-0.035154
A,296789221,9.5205,-2.3200,-1.4760
G,296790818,-0.022371,-0.025566,-0.050067
A,296791693,9.4990,-2.3092,-1.4868
G,296793326,-0.024501,-0.034088,-0.061785
A,296794160,9.4882,-2.2948,-1.4976
G,296795821,-0.023436,-0.040480,-0.073503
A,296796632,9.4882,-2.2805,-1.5155
TRK,296796,-0.58909,0.34379,0.69967,0.21271,-1.3693,3.6910,-0.5548,0.000,0.000,0.000,3,15
G,296798329,-0.022371,-0.044741,-0.087352
A,296799099,9.4954,-2.2625,-1.5299
G,296800825,-0.021305,-0.051133,-0.101200
A,296801571,9.5062,-2.2446,-1.5550
G,296803312,-0.022371,-0.056459,-0.112918
A,296804020,9.5098,-2.2230,-1.5730
G,296805830,-0.023436,-0.060720,-0.125701
A,296806501,9.5134,-2.2015,-1.5981
G,296808326,-0.023436,-0.066046,-0.139550
A,296808973,9.5134,-2.1727,-1.6233
G,296810817,-0.022371,-0.071373,-0.154463
A,296811427,9.5098,-2.1512,-1.6376
G,296813325,-0.022371,-0.075634,-0.166181
A,296813899,9.5205,-2.1296,-1.6592
G,296815820,-0.023436,-0.079895,-0.173638
A,296816371,9.5241,-2.1009,-1.6700
G,296818304,-0.026632,-0.084156,-0.180030
A,296818820,9.5349,-2.0758,-1.6807
TRK,296819,-0.58793,0.34286,0.70078,0.21376,-1.3693,3.6910,-0.5548,0.000,0.000,0.000,3,15
G,296820822,-0.029827,-0.085221,-0.186421
A,296821304,9.5421,-2.0435,-1.6879
G,296823318,-0.030893,-0.085221,-0.191748
A,296823795,9.5385,-2.0111,-1.6987
G,296825792,-0.033023,-0.082025,-0.196009
A,296826267,9.5241,-1.9680,-1.7023
G,296828298,-0.033023,-0.082025,-0.199204
A,296828740,9.5026,-1.9285,-1.7166
G,296830794,-0.028762,-0.079895,-0.201335
A,296831212,9.4774,-1.8926,-1.7310
G,296833282,-0.023436,-0.079895,-0.200270
A,296833668,9.4667,-1.8603,-1.7454
G,296835791,-0.021305,-0.080960,-0.202400
A,296836146,9.4559,-1.8387,-1.7561
G,296838287,-0.024501,-0.083091,-0.204531
A,296838618,9.4667,-1.8172,-1.7669
TRK,296833,-0.58696,0.34200,0.70172,0.21471,-1.3693,3.6910,-0.5548,0.000,0.000,0.000,3,15
G,296840785,-0.027697,-0.084156,-0.203465
A,296841086,9.4631,-1.7921,-1.7741
G,296843281,-0.030893,-0.086286,-0.200270
A,296843577,9.4703,-1.7633,-1.7849
G,296845751,-0.031958,-0.087352,-0.193878
A,296846049,9.4631,-1.7310,-1.7992
G,296848261,-0.031958,-0.087352,-0.188552
A,296848529,9.4667,-1.6987,-1.8136
G,296850757,-0.028762,-0.084156,-0.181095
A,296851001,9.4631,-1.6664,-1.8280
G,296853245,-0.025566,-0.082025,-0.175769
A,296853461,9.4595,-1.6376,-1.8459
G,296855765,-0.022371,-0.078830,-0.168312
A,296855952,9.4523,-1.6089,-1.8531
G,296858260,-0.020240,-0.075634,-0.161920
A,296858424,9.4379,-1.5874,-1.8567
G,296860759,-0.018109,-0.071373,-0.153398
A,296860896,9.4308,-1.5730,-1.8531
G,296863276,-0.017044,-0.067112,-0.148072
A,296863387,9.4128,-1.5586,-1.8495
G,296865772,-0.015979,-0.062851,-0.138484
A,296865859,9.4020,-1.5479,-1.8459
TRK,296861,-0.58523,0.34048,0.70341,0.21632,-1.3693,3.6910,-0.5548,0.000,0.000,0.000,3,15
G,296868261,-0.012783,-0.058590,-0.128897
A,296868322,9.3984,-1.5299,-1.8459
G,296870756,-0.010653,-0.056459,-0.117179
A,296870794,9.3948,-1.5155,-1.8567
G,296873225,-0.007457,-0.053263,-0.106526
A,296873239,9.3948,-1.5048,-1.8639
A,296875715,9.3948,-1.5012,-1.8711
G,296875725,-0.006392,-0.049002,-0.094809
A,296878187,9.4020,-1.4940,-1.8818
G,296878221,-0.006392,-0.042611,-0.080960
TRK,296873,-0.58465,0.33996,0.70399,0.21683,-1.3693,3.6910,-0.5548,0.000,0.000,0.000,3,15
A,296880643,9.3948,-1.4904,-1.8962
G,296880700,-0.006392,-0.040480,-0.069242
A,296883126,9.3984,-1.4832,-1.9106
G,296883205,-0.006392,-0.039415,-0.057524
A,296885598,9.3948,-1.4904,-1.9285
G,296885701,-0.004261,-0.038350,-0.045806
A,296888066,9.3984,-1.4940,-1.9357
G,296888190,-0.001065,-0.030893,-0.034088
A,296890565,9.4056,-1.4940,-1.9501
G,296890711,0.002131,-0.021305,-0.019175
A,296893037,9.4056,-1.4940,-1.9573
G,296893206,0.003196,-0.013848,-0.005326
A,296895496,9.4056,-1.5012,-1.9680
G,296895686,0.005326,-0.007457,0.010653
A,296897976,9.4056,-1.5083,-1.9716
G,296898185,0.006392,-0.002131,0.026632
A,296900448,9.4020,-1.5263,-1.9716
G,296900681,0.008522,0.004261,0.041545
TRK,296895,-0.58406,0.33955,0.70455,0.21723,-1.3693,3.6910,-0.5548,0.000,0.000,0.000,3,15
A,296902899,9.4092,-1.5443,-1.9680
G,296903151,0.008522,0.011718,0.051133
A,296905371,9.4200,-1.5586,-1.9573
G,296905647,0.008522,0.019175,0.057524
A,296907824,9.4379,-1.5730,-1.9429
G,296908118,0.008522,0.026632,0.061785
A,296910308,9.4451,-1.5838,-1.9357
G,296910620,0.008522,0.033023,0.069242
A,296912780,9.4559,-1.5981,-1.9249
G,296913116,0.009587,0.037284,0.078830
A,296915245,9.4631,-1.6125,-1.9285
G,296915597,0.012783,0.041545,0.092678
A,296917732,9.4631,-1.6376,-1.9213
G,296918101,0.014914,0.046872,0.105461
A,296920204,9.4631,-1.6592,-1.9106
G,296920597,0.014914,0.052198,0.116114
TRK,296916,-0.58417,0.33974,0.70441,0.21707,-1.3693,3.6910,-0.5548,0.000,0.000,0.000,3,15
A,296922680,9.4631,-1.6915,-1.8890
G,296923089,0.013848,0.057524,0.121440
A,296925152,9.4631,-1.7166,-1.8675
G,296925584,0.010653,0.062851,0.123571
A,296927610,9.4667,-1.7382,-1.8459
G,296928057,0.009587,0.069242,0.126766
A,296930098,9.4703,-1.7561,-1.8208
G,296930560,0.008522,0.073503,0.129962
A,296932570,9.4667,-1.7705,-1.8028
G,296933055,0.008522,0.074569,0.133158
A,296935039,9.4667,-1.7921,-1.7885
G,296935538,0.009587,0.072438,0.134223
A,296937511,9.4631,-1.8100,-1.7777
G,296938052,0.010653,0.069242,0.135289
A,296939961,9.4631,-1.8352,-1.7705
G,296940547,0.009587,0.069242,0.134223
A,296942437,9.4631,-1.8639,-1.7597
G,296943035,0.008522,0.072438,0.136354
TRK,296943,-0.58497,0.34050,0.70356,0.21651,-1.3693,3.6910,-0.5548,0.000,0.000,0.000,3,15
A,296944928,9.4703,-1.8962,-1.7490
G,296945538,0.008522,0.075634,0.139550
A,296947400,9.4739,-1.9249,-1.7346
G,296948034,0.007457,0.076699,0.138484
A,296949861,9.4810,-1.9537,-1.7274
G,296950506,0.004261,0.073503,0.134223
A,296952357,9.4882,-1.9788,-1.7095
G,296953012,0.002131,0.070307,0.131028
A,296954829,9.4918,-2.0004,-1.6987
G,296955507,0.003196,0.067112,0.129962
A,296957293,9.4990,-2.0183,-1.6879
G,296957982,0.006392,0.063916,0.129962
TRK,296958,-0.58542,0.34097,0.70304,0.21622,-1.3693,3.6910,-0.5548,0.000,0.000,0.000,3,15
A,296959788,9.5026,-2.0327,-1.6735
G,296960486,0.006392,0.059655,0.124636
A,296962260,9.5062,-2.0435,-1.6592
G,296962982,0.004261,0.055394,0.118244
A,296964732,9.5098,-2.0506,-1.6412
G,296965463,0.002131,0.053263,0.109722
A,296967204,9.5170,-2.0578,-1.6376
G,296967978,-0.001065,0.051133,0.101200
A,296969660,9.5205,-2.0722,-1.6340
G,296970474,-0.003196,0.046872,0.090547
A,296972140,9.5170,-2.0830,-1.6376
G,296972961,-0.005326,0.041545,0.082025
A,296974638,9.5134,-2.0973,-1.6340
G,296975466,-0.004261,0.036219,0.076699
A,296977110,9.5062,-2.1081,-1.6340
G,296977974,-0.003196,0.030893,0.070307
A,296979561,9.5062,-2.1117,-1.6269
G,296980469,-0.001065,0.026632,0.063916
TRK,296976,-0.58574,0.34138,0.70264,0.21602,-1.3693,3.6910,-0.5548,0.000,0.000,0.000,3,15
STAT,404.2,400.7,0,0,47191,0.2520,4.863,0.4747,0.8360,1.7463,9.8641,0.43,0.047
A,296982050,9.5134,-2.1117,-1.6233
G,296982964,0.000000,0.022371,0.053263
A,296984522,9.5205,-2.1189,-1.6197
G,296985460,0.001065,0.019175,0.042611
A,296986992,9.5313,-2.1117,-1.6161
G,296987935,-0.002131,0.014914,0.033023
A,296989464,9.5421,-2.1117,-1.6197
G,296990440,-0.004261,0.010653,0.022371
A,296991915,9.5421,-2.1117,-1.6197
G,296992936,-0.005326,0.005326,0.012783
A,296994386,9.5421,-2.1153,-1.6197
G,296995410,-0.005326,0.002131,0.005326
TRK,296995,-0.58573,0.34149,0.70258,0.21605,-1.3693,3.6910,-0.5548,0.000,0.000,0.000,3,15
A,296996879,9.5385,-2.1261,-1.6305
G,296997906,-0.005326,0.000000,-0.001065
A,296999351,9.5313,-2.1332,-1.6340
G,297000401,-0.005326,-0.003196,-0.007457
A,297001824,9.5277,-2.1404,-1.6448
G,297002877,-0.005326,-0.007457,-0.015979
A,297004296,9.5313,-2.1404,-1.6484
G,297005384,-0.006392,-0.012783,-0.026632
A,297006751,9.5205,-2.1332,-1.6556
G,297007879,-0.010653,-0.014914,-0.036219
A,297009226,9.5205,-2.1189,-1.6520
G,297010356,-0.013848,-0.019175,-0.047937
A,297011722,9.5062,-2.1009,-1.6592
G,297012853,-0.017044,-0.021305,-0.056459
A,297014194,9.4990,-2.0865,-1.6628
G,297015348,-0.018109,-0.025566,-0.067112
A,297016670,9.4918,-2.0758,-1.6664
G,297017826,-0.019175,-0.029827,-0.075634
A,297019142,9.4954,-2.0578,-1.6771
TRK,297014,-0.58534,0.34121,0.70292,0.21646,-1.3693,3.6910,-0.5548,0.000,0.000,0.000,3,15
G,297020333,-0.020240,-0.031958,-0.083091
A,297021600,9.5026,-2.0435,-1.6807
G,297022829,-0.019175,-0.033023,-0.087352
A,297024086,9.5062,-2.0183,-1.6915
G,297025314,-0.019175,-0.034088,-0.091613
A,297026558,9.5098,-2.0004,-1.6987
G,297027832,-0.020240,-0.036219,-0.095874
A,297029027,9.5062,-1.9788,-1.6987
G,297030327,-0.022371,-0.038350,-0.101200
A,297031499,9.5026,-1.9644,-1.7095
G,297032825,-0.023436,-0.040480,-0.104396
A,297033950,9.4990,-1.9465,-1.7166
G,297035320,-0.024501,-0.042611,-0.108657
A,297036431,9.4918,-1.9285,-1.7238
G,297037798,-0.025566,-0.044741,-0.111853
A,297038903,9.4810,-1.9142,-1.7346
G,297040294,-0.028762,-0.046872,-0.116114
A,297041353,9.4667,-1.8962,-1.7418
TRK,297037,-0.58538,0.34117,0.70291,0.21646,-1.3693,3.6910,-0.5548,0.000,0.000,0.000,1,16
G,297042812,-0.029827,-0.049002,-0.118244
A,297043827,9.4595,-1.8818,-1.7490
G,297045308,-0.026632,-0.050067,-0.118244
A,297046299,9.4487,-1.8603,-1.7526
G,297047803,-0.022371,-0.050067,-0.116114
A,297048751,9.4415,-1.8423,-1.7490
G,297050299,-0.017044,-0.046872,-0.112918
A,297051236,9.4415,-1.8172,-1.7490
G,297052777,-0.012783,-0.043676,-0.106526
A,297053708,9.4415,-1.7921,-1.7454
G,297055279,-0.009587,-0.040480,-0.102265
A,297056167,9.4487,-1.7705,-1.7490
G,297057774,-0.009587,-0.039415,-0.099070
A,297058639,9.4559,-1.7418,-1.7633
G,297060263,-0.011718,-0.039415,-0.100135
A,297061087,9.4523,-1.7238,-1.7741
G,297062758,-0.013848,-0.040480,-0.103331
TRK,297062,-0.59124,0.34535,0.69773,0.21058,-1.3693,3.6910,-0.5548,0.000,0.000,0.000,1,16
A,297063586,9.4487,-1.7023,-1.7921
G,297065247,-0.013848,-0.041545,-0.102265
A,297066058,9.4451,-1.6915,-1.8064
G,297067767,-0.013848,-0.040480,-0.099070
A,297068537,9.4487,-1.6807,-1.8208
G,297070262,-0.012783,-0.037284,-0.092678
A,297071009,9.4559,-1.6700,-1.8316
G,297072761,-0.011718,-0.037284,-0.088417
A,297073469,9.4631,-1.6628,-1.8352
G,297075277,-0.010653,-0.036219,-0.083091
A,297075947,9.4631,-1.6520,-1.8352
G,297077772,-0.010653,-0.034088,-0.075634
A,297078419,9.4631,-1.6484,-1.8352
TRK,297073,-0.59397,0.34732,0.69526,0.20780,-1.3693,3.6910,-0.5548,0.000,0.000,0.000,1,16
G,297080261,-0.010653,-0.029827,-0.068177
A,297080871,9.4559,-1.6376,-1.8352
G,297082780,-0.008522,-0.025566,-0.059655
A,297083354,9.4487,-1.6340,-1.8423
G,297085275,-0.006392,-0.023436,-0.055394
A,297085826,9.4415,-1.6305,-1.8531
G,297087774,-0.004261,-0.022371,-0.050067
A,297088290,9.4344,-1.6233,-1.8603
G,297090269,-0.004261,-0.021305,-0.043676
A,297090784,9.4272,-1.6197,-1.8639
G,297092748,-0.005326,-0.019175,-0.037284
A,297093256,9.4272,-1.6125,-1.8675
TRK,297093,-0.59344,0.34688,0.69578,0.20831,-1.3843,3.6857,-0.5560,-0.161,-0.057,-0.015,2,16
G,297095257,-0.006392,-0.015979,-0.029827
A,297095732,9.4308,-1.6197,-1.8711
G,297097753,-0.006392,-0.013848,-0.022371
A,297098204,9.4344,-1.6269,-1.8818
G,297100242,-0.006392,-0.010653,-0.014914
A,297100660,9.4415,-1.6412,-1.8854
G,297102761,-0.005326,-0.009587,-0.010653
A,297103147,9.4415,-1.6484,-1.8818
G,297105257,-0.004261,-0.007457,-0.003196
A,297105619,9.4415,-1.6520,-1.8747
G,297107744,-0.003196,-0.004261,0.008522
A,297108076,9.4308,-1.6520,-1.8603
G,297110261,-0.002131,0.001065,0.020240
A,297110562,9.4308,-1.6556,-1.8567
G,297112756,0.000000,0.006392,0.026632
A,297113034,9.4272,-1.6520,-1.8495
G,297115245,0.000000,0.009587,0.033023
A,297115494,9.4308,-1.6556,-1.8459
TRK,297116,-0.59317,0.34678,0.69600,0.20852,-1.3880,3.6844,-0.5564,-0.171,-0.061,-0.018,2,16
G,297117764,0.003196,0.013848,0.040480
A,297117984,9.4344,-1.6592,-1.8387
G,297120260,0.004261,0.018109,0.049002
A,297120456,9.4379,-1.6628,-1.8316
G,297122753,0.004261,0.022371,0.052198
A,297122922,9.4451,-1.6700,-1.8316
G,297125249,0.003196,0.024501,0.052198
A,297125394,9.4487,-1.6807,-1.8316
G,297127728,0.002131,0.027697,0.054328
A,297127847,9.4595,-1.6879,-1.8352
G,297130238,0.003196,0.028762,0.056459
A,297130330,9.4667,-1.7059,-1.8316
G,297132733,0.004261,0.026632,0.059655
A,297132802,9.4667,-1.7238,-1.8316
G,297135223,0.006392,0.025566,0.060720
A,297135266,9.4703,-1.7418,-1.8244
G,297137742,0.007457,0.027697,0.063916
A,297137761,9.4667,-1.7633,-1.8100
A,297140233,9.4739,-1.7777,-1.7885
G,297140238,0.008522,0.034088,0.067112
A,297142683,9.4739,-1.7992,-1.7705
G,297142711,0.010653,0.037284,0.070307
TRK,297139,-0.59331,0.34699,0.69580,0.20841,-1.3924,3.6829,-0.5569,-0.184,-0.066,-0.020,2,16
A,297145170,9.4846,-1.8172,-1.7597
G,297145221,0.012783,0.040480,0.074569
A,297147642,9.4918,-1.8352,-1.7526
G,297147717,0.010653,0.042611,0.076699
A,297150104,9.4954,-1.8459,-1.7526
G,297150201,0.008522,0.042611,0.077764
A,297152592,9.4954,-1.8531,-1.7526
G,297152711,0.006392,0.042611,0.077764
A,297155064,9.5026,-1.8531,-1.7490
G,297155207,0.008522,0.041545,0.075634
TRK,297154,-0.59352,0.34718,0.69557,0.20827,-1.3952,3.6818,-0.5572,-0.194,-0.070,-0.021,2,16
A,297157533,9.4954,-1.8567,-1.7526
G,297157696,0.008522,0.039415,0.074569
A,297160004,9.4954,-1.8639,-1.7454
G,297160191,0.007457,0.038350,0.076699
A,297162465,9.4882,-1.8783,-1.7382
G,297162671,0.004261,0.035154,0.076699
A,297164956,9.4882,-1.8962,-1.7238
G,297165182,0.002131,0.033023,0.074569
A,297167428,9.4846,-1.9142,-1.7166
G,297167678,0.004261,0.030893,0.071373
A,297169889,9.4882,-1.9357,-1.7131
G,297170158,0.007457,0.030893,0.068177
A,297172361,9.4882,-1.9501,-1.7131
G,297172678,0.010653,0.029827,0.066046
A,297174814,9.4846,-1.9644,-1.7166
G,297175174,0.011718,0.028762,0.061785
TRK,297175,-0.59373,0.34743,0.69531,0.20811,-1.3992,3.6804,-0.5576,-0.209,-0.075,-0.022,2,16
A,297177298,9.4846,-1.9788,-1.7202
G,297177675,0.009587,0.025566,0.057524
A,297179770,9.4810,-1.9896,-1.7166
G,297180170,0.008522,0.022371,0.052198
A,297182235,9.4882,-2.0039,-1.7166
G,297182651,0.004261,0.020240,0.046872
A,297184731,9.4954,-2.0111,-1.7166
G,297185162,0.000000,0.019175,0.040480
A,297187203,9.5134,-2.0183,-1.7166
G,297187658,-0.002131,0.018109,0.036219
A,297189669,9.5170,-2.0183,-1.7131
G,297190138,-0.003196,0.017044,0.031958
A,297192141,9.5277,-2.0183,-1.7131
G,297192634,-0.005326,0.014914,0.026632
A,297194599,9.5313,-2.0183,-1.7059
G,297195105,-0.007457,0.010653,0.020240
A,297197070,9.5313,-2.0183,-1.7059
G,297197627,-0.005326,0.008522,0.013848
A,297199529,9.5277,-2.0255,-1.7059
G,297200123,-0.003196,0.006392,0.010653
TRK,297200,-0.59372,0.34752,0.69527,0.20817,-1.4046,3.6785,-0.5582,-0.229,-0.082,-0.023,2,16
A,297202019,9.5241,-2.0183,-1.6987
G,297202624,-0.002131,0.005326,0.007457
A,297204491,9.5205,-2.0219,-1.6987
G,297205120,-0.002131,0.004261,0.003196
A,297206959,9.5134,-2.0147,-1.6915
G,297207599,-0.004261,0.000000,-0.004261
A,297209431,9.5098,-2.0111,-1.6915
G,297210111,-0.005326,-0.004261,-0.009587
A,297211883,9.4990,-2.0111,-1.6915
G,297212607,-0.007457,-0.008522,-0.015979
A,297214366,9.4918,-2.0111,-1.6915
G,297215099,-0.009587,-0.010653,-0.022371
A,297216838,9.4846,-2.0111,-1.6951
G,297217610,-0.010653,-0.011718,-0.031958
A,297219291,9.4774,-2.0039,-1.6987
G,297220106,-0.011718,-0.013848,-0.041545
TRK,297215,-0.59630,0.34947,0.69290,0.20540,-1.3733,3.6898,-0.5550,0.000,0.000,0.000,1,17
A,297221766,9.4774,-1.9896,-1.6987
G,297222588,-0.011718,-0.018109,-0.047937
A,297224238,9.4774,-1.9716,-1.7023
G,297225097,-0.011718,-0.019175,-0.050067
A,297226690,9.4810,-1.9573,-1.7131
G,297227592,-0.011718,-0.018109,-0.049002
A,297229177,9.4774,-1.9357,-1.7238
G,297230085,-0.011718,-0.019175,-0.049002
A,297231649,9.4774,-1.9285,-1.7346
