itch:  -7.4  Roll:-115.5  Gyro(dps) X:   0.86 Y:  -0.86 Z:   0.60   x +2.117 y -3.427 z +5.044 m  still, 348 moves
TRK,1590266,0.53457,-0.82772,-0.16784,0.03081,2.1173,-3.4269,5.0443,0.000,0.000,0.000,1,348
STAT,404.6,400.6,2,4,0,0.0809,1.175,0.1208,0.1285,-0.0505,9.8408,0.40,0.004
TRK,1590288,0.53464,-0.82768,-0.16782,0.03084,2.1173,-3.4269,5.0443,0.000,0.000,0.000,1,348
TRK,1590306,0.53456,-0.82773,-0.16778,0.03091,2.1173,-3.4269,5.0443,0.000,0.000,0.000,1,348
TRK,1590326,0.53450,-0.82777,-0.16778,0.03092,2.1173,-3.4269,5.0443,0.000,0.000,0.000,1,348
TRK,1590347,0.53448,-0.82778,-0.16779,0.03091,2.1173,-3.4269,5.0443,0.000,0.000,0.000,1,348
TRK,1590368,0.53474,-0.82762,-0.16775,0.03092,2.1173,-3.4269,5.0443,0.000,0.000,0.000,1,348
TRK,1590386,0.53491,-0.82751,-0.16777,0.03087,2.1173,-3.4269,5.0443,0.000,0.000,0.000,1,348
TRK,1590408,0.53483,-0.82755,-0.16788,0.03072,2.1173,-3.4269,5.0443,0.000,0.000,0.000,1,348
TRK,1590426,0.53461,-0.82768,-0.16795,0.03063,2.1173,-3.4269,5.0443,0.000,0.000,0.000,1,348
TRK,1590448,0.53471,-0.82762,-0.16790,0.03069,2.1173,-3.4269,5.0443,0.000,0.000,0.000,1,348
TRK,1590466,0.53490,-0.82751,-0.16782,0.03080,2.1173,-3.4269,5.0443,0.000,0.000,0.000,1,348
TRK,1590486,0.53471,-0.82763,-0.16783,0.03081,2.1173,-3.4269,5.0443,0.000,0.000,0.000,1,348
TRK,1590506,0.53438,-0.82784,-0.16786,0.03082,2.1173,-3.4269,5.0443,0.000,0.000,0.000,1,348
TRK,1590526,0.53451,-0.82776,-0.16779,0.03090,2.1173,-3.4269,5.0443,0.000,0.000,0.000,1,348
TRK,1590546,0.53475,-0.82762,-0.16773,0.03096,2.1173,-3.4269,5.0443,0.000,0.000,0.000,1,348
TRK,1590566,0.53465,-0.82768,-0.16779,0.03089,2.1173,-3.4269,5.0443,0.000,0.000,0.000,1,348
TRK,1590588,0.53437,-0.82784,-0.16788,0.03078,2.1173,-3.4269,5.0443,0.000,0.000,0.000,1,348
TRK,1590608,0.53439,-0.82783,-0.16788,0.03078,2.1173,-3.4269,5.0443,0.000,0.000,0.000,1,348
TRK,1590626,0.53459,-0.82771,-0.16782,0.03084,2.1173,-3.4269,5.0443,0.000,0.000,0.000,1,348
TRK,1590647,0.53461,-0.82770,-0.16779,0.03088,2.1173,-3.4269,5.0443,0.000,0.000,0.000,1,348
TRK,1590668,0.53446,-0.82779,-0.16785,0.03081,2.1173,-3.4269,5.0443,0.000,0.000,0.000,1,348
TRK,1590687,0.53441,-0.82781,-0.16790,0.03074,2.1173,-3.4269,5.0443,0.000,0.000,0.000,1,348
TRK,1590708,0.53468,-0.82764,-0.16788,0.03074,2.1173,-3.4269,5.0443,0.000,0.000,0.000,1,348
TRK,1590728,0.53480,-0.82756,-0.16788,0.03071,2.1173,-3.4269,5.0443,0.000,0.000,0.000,1,348
TRK,1590748,0.53467,-0.82763,-0.16797,0.03059,2.1173,-3.4269,5.0443,0.000,0.000,0.000,1,348
TRK,1590768,0.53460,-0.82767,-0.16800,0.03055,2.1173,-3.4269,5.0443,0.000,0.000,0.000,1,348
TRK,1590788,0.53470,-0.82761,-0.16801,0.03053,2.1173,-3.4269,5.0443,0.000,0.000,0.000,1,348
TRK,1590806,0.53480,-0.82755,-0.16797,0.03057,2.1173,-3.4269,5.0443,0.000,0.000,0.000,1,348
TRK,1590826,0.53467,-0.82764,-0.16797,0.03060,2.1173,-3.4269,5.0443,0.000,0.000,0.000,1,348
TRK,1590846,0.53451,-0.82774,-0.16794,0.03066,2.1173,-3.4269,5.0443,0.000,0.000,0.000,1,348
TRK,1590866,0.53445,-0.82779,-0.16789,0.03075,2.1173,-3.4269,5.0443,0.000,0.000,0.000,1,348
TRK,1590886,0.53451,-0.82776,-0.16783,0.03083,2.1173,-3.4269,5.0443,0.000,0.000,0.000,1,348
TRK,1590906,0.53443,-0.82781,-0.16782,0.03087,2.1173,-3.4269,5.0443,0.000,0.000,0.000,1,348
TRK,1590926,0.53434,-0.82787,-0.16781,0.03089,2.1173,-3.4269,5.0443,0.000,0.000,0.000,1,348
TRK,1590947,0.53438,-0.82784,-0.16782,0.03087,2.1173,-3.4269,5.0443,0.000,0.000,0.000,1,348
TRK,1590965,0.53450,-0.82777,-0.16780,0.03088,2.1173,-3.4269,5.0443,0.000,0.000,0.000,1,348
TRK,1590987,0.53452,-0.82775,-0.16784,0.03082,2.1173,-3.4269,5.0443,0.000,0.000,0.000,1,348
TRK,1591006,0.53442,-0.82781,-0.16788,0.03078,2.1173,-3.4269,5.0443,0.000,0.000,0.000,1,348
TRK,1591026,0.53440,-0.82782,-0.16788,0.03077,2.1173,-3.4269,5.0443,0.000,0.000,0.000,1,348
TRK,1591046,0.53450,-0.82776,-0.16786,0.03080,2.1173,-3.4269,5.0443,0.000,0.000,0.000,1,348
TRK,1591068,0.53455,-0.82772,-0.16788,0.03076,2.1173,-3.4269,5.0443,0.000,0.000,0.000,1,348
TRK,1591088,0.53448,-0.82777,-0.16789,0.03075,2.1173,-3.4269,5.0443,0.000,0.000,0.000,1,348
TRK,1591106,0.53445,-0.82779,-0.16789,0.03076,2.1173,-3.4269,5.0443,0.000,0.000,0.000,1,348
TRK,1591128,0.53452,-0.82774,-0.16789,0.03075,2.1173,-3.4269,5.0443,0.000,0.000,0.000,1,348
TRK,1591146,0.53453,-0.82773,-0.16793,0.03068,2.1173,-3.4269,5.0443,0.000,0.000,0.000,1,348
TRK,1591166,0.53447,-0.82777,-0.16795,0.03065,2.1173,-3.4269,5.0443,0.000,0.000,0.000,1,348
TRK,1591186,0.53444,-0.82778,-0.16798,0.03061,2.1173,-3.4269,5.0443,0.000,0.000,0.000,1,348
TRK,1591206,0.53449,-0.82774,-0.16800,0.03057,2.1173,-3.4269,5.0443,0.000,0.000,0.000,1,348
TRK,1591227,0.53447,-0.82776,-0.16802,0.03055,2.1173,-3.4269,5.0443,0.000,0.000,0.000,1,348
TRK,1591246,0.53432,-0.82785,-0.16803,0.03055,2.1173,-3.4269,5.0443,0.000,0.000,0.000,1,348
TRK,1591266,0.53430,-0.82787,-0.16800,0.03059,2.1173,-3.4269,5.0443,0.000,0.000,0.000,1,348
STAT,404.6,400.6,2,4,0,0.0244,0.562,0.1144,0.1206,-0.0539,9.8394,0.40,0.004
TRK,1591288,0.53439,-0.82782,-0.16794,0.03069,2.1173,-3.4269,5.0443,0.000,0.000,0.000,1,348
TRK,1591306,0.53436,-0.82784,-0.16794,0.03069,2.1173,-3.4269,5.0443,0.000,0.000,0.000,1,348
TRK,1591328,0.53431,-0.82787,-0.16794,0.03070,2.1173,-3.4269,5.0443,0.000,0.000,0.000,1,348
TRK,1591346,0.53439,-0.82782,-0.16791,0.03072,2.1173,-3.4269,5.0443,0.000,0.000,0.000,1,348
TRK,1591366,0.53452,-0.82774,-0.16791,0.03072,2.1173,-3.4269,5.0443,0.000,0.000,0.000,1,348
TRK,1591386,0.53453,-0.82774,-0.16789,0.03074,2.1173,-3.4269,5.0443,0.000,0.000,0.000,1,348
TRK,1591406,0.53440,-0.82782,-0.16791,0.03073,2.1173,-3.4269,5.0443,0.000,0.000,0.000,1,348
TRK,1591426,0.53442,-0.82781,-0.16789,0.03076,2.1173,-3.4269,5.0443,0.000,0.000,0.000,1,348
TRK,1591447,0.53455,-0.82773,-0.16784,0.03081,2.1173,-3.4269,5.0443,0.000,0.000,0.000,1,348
TRK,1591468,0.53448,-0.82777,-0.16787,0.03078,2.1173,-3.4269,5.0443,0.000,0.000,0.000,1,348
TRK,1591488,0.53437,-0.82784,-0.16792,0.03071,2.1173,-3.4269,5.0443,0.000,0.000,0.000,1,348
TRK,1591508,0.53449,-0.82775,-0.16794,0.03067,2.1173,-3.4269,5.0443,0.000,0.000,0.000,1,348
TRK,1591528,0.53460,-0.82769,-0.16794,0.03065,2.1173,-3.4269,5.0443,0.000,0.000,0.000,1,348
TRK,1591548,0.53451,-0.82773,-0.16798,0.03061,2.1173,-3.4269,5.0443,0.000,0.000,0.000,1,348
TRK,1591568,0.53437,-0.82782,-0.16798,0.03062,2.1173,-3.4269,5.0443,0.000,0.000,0.000,1,348
TRK,1591586,0.53453,-0.82773,-0.16793,0.03067,2.1173,-3.4269,5.0443,0.000,0.000,0.000,1,348
TRK,1591607,0.53476,-0.82759,-0.16788,0.03073,2.1173,-3.4269,5.0443,0.000,0.000,0.000,1,348
TRK,1591627,0.53464,-0.82765,-0.16795,0.03062,2.1173,-3.4269,5.0443,0.000,0.000,0.000,1,348
TRK,1591647,0.53452,-0.82772,-0.16803,0.03052,2.1173,-3.4269,5.0443,0.000,0.000,0.000,1,348
TRK,1591668,0.53467,-0.82762,-0.16805,0.03046,2.1173,-3.4269,5.0443,0.000,0.000,0.000,1,348
TRK,1591688,0.53483,-0.82753,-0.16803,0.03047,2.1173,-3.4269,5.0443,0.000,0.000,0.000,1,348
TRK,1591708,0.53473,-0.82758,-0.16809,0.03039,2.1173,-3.4269,5.0443,0.000,0.000,0.000,1,348
TRK,1591728,0.53468,-0.82761,-0.16808,0.03042,2.1173,-3.4269,5.0443,0.000,0.000,0.000,1,348
TRK,1591746,0.53466,-0.82763,-0.16802,0.03052,2.1173,-3.4269,5.0443,0.000,0.000,0.000,1,348
TRK,1591767,0.53470,-0.82762,-0.16796,0.03060,2.1173,-3.4269,5.0443,0.000,0.000,0.000,1,348
TRK,1591787,0.53468,-0.82763,-0.16793,0.03066,2.1173,-3.4269,5.0443,0.000,0.000,0.000,1,348
TRK,1591807,0.53468,-0.82763,-0.16793,0.03066,2.1173,-3.4269,5.0443,0.000,0.000,0.000,1,348
TRK,1591826,0.53476,-0.82758,-0.16792,0.03065,2.1173,-3.4269,5.0443,0.000,0.000,0.000,1,348
TRK,1591846,0.53476,-0.82758,-0.16797,0.03058,2.1173,-3.4269,5.0443,0.000,0.000,0.000,1,348
TRK,1591866,0.53463,-0.82765,-0.16804,0.03048,2.1173,-3.4269,5.0443,0.000,0.000,0.000,1,348
TRK,1591886,0.53459,-0.82767,-0.16805,0.03048,2.1173,-3.4269,5.0443,0.000,0.000,0.000,1,348
TRK,1591906,0.53470,-0.82761,-0.16804,0.03048,2.1173,-3.4269,5.0443,0.000,0.000,0.000,1,348
TRK,1591926,0.53472,-0.82759,-0.16803,0.03049,2.1173,-3.4269,5.0443,0.000,0.000,0.000,1,348
TRK,1591946,0.53467,-0.82762,-0.16804,0.03049,2.1173,-3.4269,5.0443,0.000,0.000,0.000,1,348
TRK,1591966,0.53462,-0.82766,-0.16801,0.03053,2.1173,-3.4269,5.0443,0.000,0.000,0.000,1,348
TRK,1591986,0.53473,-0.82760,-0.16794,0.03063,2.1173,-3.4269,5.0443,0.000,0.000,0.000,1,348
TRK,1592008,0.53475,-0.82759,-0.16791,0.03067,2.1173,-3.4269,5.0443,0.000,0.000,0.000,1,348
TRK,1592027,0.53466,-0.82764,-0.16796,0.03061,2.1173,-3.4269,5.0443,0.000,0.000,0.000,1,348
TRK,1592048,0.53458,-0.82769,-0.16798,0.03060,2.1173,-3.4269,5.0443,0.000,0.000,0.000,1,348
TRK,1592066,0.53470,-0.82761,-0.16797,0.03058,2.1173,-3.4269,5.0443,0.000,0.000,0.000,1,348
TRK,1592087,0.53477,-0.82757,-0.16798,0.03057,2.1173,-3.4269,5.0443,0.000,0.000,0.000,1,348
TRK,1592108,0.53470,-0.82761,-0.16800,0.03054,2.1173,-3.4269,5.0443,0.000,0.000,0.000,1,348
TRK,1592127,0.53464,-0.82765,-0.16801,0.03054,2.1173,-3.4269,5.0443,0.000,0.000,0.000,1,348
TRK,1592148,0.53473,-0.82759,-0.16799,0.03056,2.1173,-3.4269,5.0443,0.000,0.000,0.000,1,348
TRK,1592168,0.53480,-0.82755,-0.16798,0.03056,2.1173,-3.4269,5.0443,0.000,0.000,0.000,1,348
TRK,1592188,0.53477,-0.82757,-0.16800,0.03053,2.1173,-3.4269,5.0443,0.000,0.000,0.000,1,348
TRK,1592208,0.53472,-0.82760,-0.16801,0.03053,2.1173,-3.4269,5.0443,0.000,0.000,0.000,1,348
TRK,1592227,0.53471,-0.82760,-0.16798,0.03057,2.1173,-3.4269,5.0443,0.000,0.000,0.000,1,348
TRK,1592247,0.53466,-0.82764,-0.16797,0.03059,2.1173,-3.4269,5.0443,0.000,0.000,0.000,1,348
TRK,1592268,0.53454,-0.82771,-0.16797,0.03061,2.1173,-3.4269,5.0443,0.000,0.000,0.000,1,348
STAT,403.8,400.8,2,4,0,0.0256,0.345,0.1227,0.1190,-0.0654,9.8428,0.40,0.004
TRK,1592288,0.53455,-0.82771,-0.16799,0.03058,2.1173,-3.4269,5.0443,0.000,0.000,0.000,1,348
TRK,1592306,0.53461,-0.82767,-0.16797,0.03060,2.1173,-3.4269,5.0443,0.000,0.000,0.000,1,348
TRK,1592328,0.53458,-0.82769,-0.16800,0.03057,2.1173,-3.4269,5.0443,0.000,0.000,0.000,1,348
TRK,1592347,0.53457,-0.82770,-0.16800,0.03056,2.1173,-3.4269,5.0443,0.000,0.000,0.000,1,348
TRK,1592366,0.53461,-0.82767,-0.16800,0.03056,2.1173,-3.4269,5.0443,0.000,0.000,0.000,1,348
TRK,1592385,0.53460,-0.82767,-0.16800,0.03055,2.1173,-3.4269,5.0443,0.000,0.000,0.000,1,348
TRK,1592407,0.53450,-0.82773,-0.16803,0.03052,2.1173,-3.4269,5.0443,0.000,0.000,0.000,1,348
TRK,1592428,0.53448,-0.82774,-0.16808,0.03044,2.1173,-3.4269,5.0443,0.000,0.000,0.000,1,348
TRK,1592448,0.53456,-0.82769,-0.16809,0.03042,2.1173,-3.4269,5.0443,0.000,0.000,0.000,1,348
TRK,1592468,0.53456,-0.82769,-0.16809,0.03043,2.1173,-3.4269,5.0443,0.000,0.000,0.000,1,348
TRK,1592488,0.53454,-0.82770,-0.16811,0.03039,2.1173,-3.4269,5.0443,0.000,0.000,0.000,1,348
TRK,1592506,0.53457,-0.82768,-0.16810,0.03040,2.1173,-3.4269,5.0443,0.000,0.000,0.000,1,348
TRK,1592528,0.53469,-0.82761,-0.16806,0.03045,2.1173,-3.4269,5.0443,0.000,0.000,0.000,1,348
TRK,1592546,0.53474,-0.82757,-0.16806,0.03044,2.1173,-3.4269,5.0443,0.000,0.000,0.000,1,348
TRK,1592568,0.53473,-0.82759,-0.16804,0.03047,2.1173,-3.4269,5.0443,0.000,0.000,0.000,1,348
TRK,1592588,0.53472,-0.82759,-0.16803,0.03049,2.1173,-3.4269,5.0443,0.000,0.000,0.000,1,348
TRK,1592605,0.50771,-0.84503,-0.16665,0.01969,2.1167,-3.4278,5.0440,-0.048,-0.126,-0.030,2,348
TRK,1592627,0.46549,-0.86759,-0.17464,0.01015,2.1163,-3.4301,5.0435,-0.008,-0.106,-0.018,2,348
TRK,1592646,0.45589,-0.87157,-0.17940,0.01863,2.1159,-3.4320,5.0433,-0.019,-0.096,-0.006,2,348
TRK,1592667,0.44976,-0.87528,-0.17616,0.02391,2.1159,-3.4341,5.0431,0.017,-0.084,-0.009,2,348
TRK,1592687,0.46554,-0.86906,-0.16601,0.02125,2.1164,-3.4351,5.0433,0.041,-0.024,0.048,2,348
TRK,1592707,0.54989,-0.82189,-0.14497,0.03317,2.1177,-3.4358,5.0441,0.077,-0.080,0.012,2,348
TRK,1592726,0.55543,-0.82057,-0.13333,0.01955,2.1191,-3.4381,5.0441,0.077,-0.175,-0.016,2,348
TRK,1592745,0.51636,-0.84590,-0.13341,0.00405,2.1202,-3.4406,5.0437,0.022,-0.049,-0.006,2,348
TRK,1592768,0.54148,-0.83123,-0.12534,0.01183,2.1205,-3.4412,5.0438,0.012,-0.025,0.006,2,348
TRK,1592786,0.54800,-0.82692,-0.12549,0.01222,2.1207,-3.4414,5.0438,0.004,0.003,-0.005,2,348
TRK,1592806,0.53324,-0.83566,-0.13105,0.01252,2.1207,-3.4412,5.0437,0.003,0.011,-0.009,2,348
TRK,1592826,0.52176,-0.84178,-0.13803,0.01127,2.1209,-3.4410,5.0436,0.017,0.001,0.000,2,348
TRK,1592846,0.52763,-0.83843,-0.13594,0.01229,2.1212,-3.4413,5.0437,0.016,-0.020,0.003,2,348
TRK,1592866,0.54012,-0.83103,-0.13215,0.01424,2.1215,-3.4417,5.0437,0.013,-0.015,-0.000,2,348
TRK,1592886,0.53124,-0.83630,-0.13497,0.01347,2.1218,-3.4418,5.0435,0.018,0.010,-0.020,2,348
TRK,1592906,0.50184,-0.85323,-0.14167,0.00948,2.1220,-3.4416,5.0433,0.010,0.003,-0.011,2,348
TRK,1592926,0.48754,-0.86095,-0.14491,0.00861,2.1222,-3.4415,5.0431,0.008,0.004,-0.009,2,348
TRK,1592947,0.47323,-0.86832,-0.14818,0.01057,2.1227,-3.4413,5.0428,0.043,0.037,-0.008,2,348
TRK,1592965,0.47540,-0.86575,-0.15592,0.01293,2.1233,-3.4402,5.0429,0.002,0.034,0.013,2,348
TRK,1592988,0.49355,-0.85462,-0.16033,0.01832,2.1231,-3.4410,5.0437,-0.007,-0.083,0.094,2,348
TRK,1593008,0.48890,-0.85714,-0.16179,0.01036,2.1231,-3.4429,5.0462,0.007,-0.100,0.155,2,348
TRK,1593028,0.48813,-0.85739,-0.16314,-0.00010,2.1232,-3.4449,5.0499,-0.002,-0.099,0.222,2,348
TRK,1593048,0.48822,-0.85693,-0.16472,-0.01348,2.1233,-3.4475,5.0558,0.020,-0.136,0.302,2,348
TRK,1593068,0.48115,-0.86142,-0.15657,-0.04391,2.1237,-3.4504,5.0625,0.017,-0.161,0.383,2,348
TRK,1593088,0.46607,-0.86892,-0.14491,-0.08220,2.1239,-3.4539,5.0711,0.003,-0.194,0.493,2,348
TRK,1593108,0.44356,-0.87748,-0.13376,-0.12405,2.1239,-3.4579,5.0818,-0.002,-0.207,0.580,2,348
TRK,1593128,0.41802,-0.88455,-0.12263,-0.16673,2.1237,-3.4619,5.0939,-0.018,-0.195,0.642,2,348
TRK,1593148,0.39366,-0.88987,-0.11575,-0.19941,2.1233,-3.4657,5.1071,-0.026,-0.187,0.695,2,348
TRK,1593168,0.36232,-0.89708,-0.11036,-0.22757,2.1228,-3.4694,5.1215,-0.027,-0.192,0.759,2,348
TRK,1593186,0.33195,-0.90269,-0.10789,-0.25165,2.1224,-3.4727,5.1349,-0.010,-0.190,0.791,2,348
TRK,1593208,0.29330,-0.90781,-0.10641,-0.28023,2.1226,-3.4770,5.1529,0.036,-0.198,0.829,2,348
TRK,1593226,0.26298,-0.90703,-0.10573,-0.31138,2.1237,-3.4809,5.1698,0.064,-0.186,0.874,2,348
TRK,1593248,0.22771,-0.90784,-0.10921,-0.33475,2.1249,-3.4843,5.1875,0.064,-0.164,0.911,2,348
TRK,1593266,0.20002,-0.90869,-0.10896,-0.34986,2.1266,-3.4875,5.2055,0.108,-0.158,0.900,2,348
STAT,403.8,400.8,2,4,0,1.8481,240.650,0.1170,0.1176,-0.0726,9.8418,0.40,0.004
TRK,1593288,0.16544,-0.90929,-0.11136,-0.36527,2.1293,-3.4909,5.2254,0.136,-0.149,0.894,2,348
TRK,1593306,0.13302,-0.90975,-0.11335,-0.37659,2.1321,-3.4933,5.2409,0.188,-0.133,0.899,2,348
TRK,1593328,0.10182,-0.91024,-0.11537,-0.38443,2.1371,-3.4962,5.2605,0.269,-0.133,0.852,2,348
TRK,1593346,0.07905,-0.91127,-0.12066,-0.38572,2.1421,-3.4986,5.2750,0.305,-0.135,0.825,2,348
TRK,1593366,0.06143,-0.91363,-0.12611,-0.38159,2.1484,-3.5012,5.2911,0.327,-0.127,0.797,2,348
TRK,1593386,0.04090,-0.91688,-0.12862,-0.37565,2.1554,-3.5037,5.3065,0.380,-0.130,0.766,2,348
TRK,1593406,0.02220,-0.91923,-0.13115,-0.37057,2.1632,-3.5063,5.3214,0.419,-0.136,0.732,2,348
TRK,1593426,0.00336,-0.92025,-0.13569,-0.36703,2.1721,-3.5091,5.3355,0.469,-0.144,0.695,2,348
TRK,1593448,-0.01204,-0.92181,-0.13824,-0.36196,2.1831,-3.5124,5.3505,0.523,-0.148,0.648,2,348
TRK,1593466,-0.02410,-0.92378,-0.14215,-0.35473,2.1940,-3.5154,5.3628,0.577,-0.165,0.587,2,348
TRK,1593488,-0.03125,-0.92730,-0.14501,-0.34366,2.2062,-3.5189,5.3737,0.663,-0.185,0.526,2,348
TRK,1593506,-0.03519,-0.92912,-0.15891,-0.33202,2.2200,-3.5227,5.3835,0.725,-0.195,0.460,2,348
TRK,1593528,-0.03916,-0.93172,-0.17305,-0.31688,2.2370,-3.5271,5.3930,0.799,-0.203,0.382,2,348
TRK,1593547,-0.04096,-0.93270,-0.18683,-0.30576,2.2512,-3.5308,5.3989,0.842,-0.226,0.299,2,348
TRK,1593566,-0.03733,-0.93367,-0.20099,-0.29406,2.2683,-3.5356,5.4037,0.881,-0.258,0.189,2,348
TRK,1593586,-0.02830,-0.93385,-0.21447,-0.28482,2.2860,-3.5410,5.4064,0.911,-0.288,0.077,2,348
TRK,1593606,-0.01470,-0.93338,-0.22472,-0.27945,2.3042,-3.5471,5.4066,0.936,-0.325,-0.054,2,348
TRK,1593626,0.00215,-0.93390,-0.23103,-0.27286,2.3232,-3.5536,5.4043,0.978,-0.323,-0.171,2,348
TRK,1593646,0.01719,-0.93440,-0.23698,-0.26542,2.3426,-3.5598,5.3999,0.977,-0.304,-0.273,2,348
TRK,1593666,0.02732,-0.93650,-0.23775,-0.25632,2.3617,-3.5658,5.3934,0.944,-0.305,-0.391,2,348
TRK,1593687,0.03180,-0.94057,-0.23062,-0.24723,2.3824,-3.5727,5.3829,0.920,-0.319,-0.559,2,348
TRK,1593708,0.04057,-0.94669,-0.21690,-0.23470,2.4006,-3.5790,5.3701,0.915,-0.321,-0.730,2,348
TRK,1593726,0.06040,-0.94907,-0.21154,-0.22554,2.4183,-3.5853,5.3541,0.864,-0.305,-0.879,2,348
TRK,1593748,0.09950,-0.94963,-0.21126,-0.20896,2.4367,-3.5913,5.3333,0.792,-0.221,-0.989,2,348
TRK,1593768,0.13738,-0.94594,-0.21603,-0.19915,2.4516,-3.5946,5.3133,0.711,-0.113,-1.013,2,348
TRK,1593788,0.16617,-0.94152,-0.22205,-0.19140,2.4645,-3.5960,5.2935,0.581,-0.034,-0.994,2,348
TRK,1593807,0.18319,-0.93867,-0.22502,-0.18631,2.4734,-3.5962,5.2765,0.457,0.001,-0.967,2,348
TRK,1593826,0.19733,-0.93715,-0.22489,-0.17956,2.4814,-3.5959,5.2575,0.358,0.035,-0.952,2,348
TRK,1593846,0.21227,-0.93621,-0.22139,-0.17157,2.4877,-3.5948,5.2386,0.276,0.069,-0.964,2,348
TRK,1593866,0.22928,-0.93497,-0.22010,-0.15754,2.4929,-3.5929,5.2195,0.266,0.138,-0.961,2,348
TRK,1593886,0.25578,-0.92576,-0.24101,-0.13947,2.4978,-3.5897,5.2007,0.200,0.159,-0.926,2,348
TRK,1593906,0.28084,-0.91599,-0.26241,-0.11500,2.5010,-3.5869,5.1832,0.157,0.137,-0.837,2,348
TRK,1593927,0.28140,-0.91518,-0.28413,-0.05026,2.5030,-3.5846,5.1660,0.041,0.062,-0.699,2,348
TRK,1593948,0.27044,-0.91596,-0.29642,0.00437,2.5033,-3.5835,5.1531,-0.013,0.044,-0.611,2,348
TRK,1593965,0.25793,-0.91491,-0.30645,0.05007,2.5030,-3.5829,5.1433,-0.016,0.031,-0.531,2,348
TRK,1593986,0.25015,-0.91237,-0.31182,0.08812,2.5024,-3.5825,5.1324,-0.035,-0.003,-0.437,2,348
TRK,1594008,0.24460,-0.91271,-0.30849,0.10938,2.5019,-3.5830,5.1237,-0.018,-0.037,-0.353,2,348
TRK,1594027,0.24429,-0.91605,-0.29632,0.11563,2.5013,-3.5842,5.1180,-0.023,-0.086,-0.301,2,348
TRK,1594045,0.24220,-0.91467,-0.29853,0.12493,2.5017,-3.5857,5.1125,0.043,-0.081,-0.261,2,348
TRK,1594067,0.24485,-0.91766,-0.28615,0.12677,2.5022,-3.5878,5.1079,0.025,-0.105,-0.212,2,348
TRK,1594088,0.23923,-0.91638,-0.28456,0.14847,2.5034,-3.5898,5.1039,0.067,-0.087,-0.152,2,348
TRK,1594108,0.23605,-0.91271,-0.28884,0.16676,2.5048,-3.5913,5.1009,0.082,-0.062,-0.154,2,348
TRK,1594128,0.23482,-0.90748,-0.29654,0.18275,2.5061,-3.5924,5.0977,0.036,-0.050,-0.179,2,348
TRK,1594147,0.23996,-0.90345,-0.29783,0.19364,2.5065,-3.5935,5.0939,0.012,-0.065,-0.199,2,348
TRK,1594167,0.25188,-0.89709,-0.30013,0.20423,2.5067,-3.5949,5.0898,0.002,-0.067,-0.217,2,348
TRK,1594186,0.27455,-0.89602,-0.29538,0.18578,2.5067,-3.5969,5.0860,0.011,-0.139,-0.149,2,348
TRK,1594206,0.25351,-0.91035,-0.29117,0.14905,2.5064,-3.5988,5.0833,-0.033,-0.084,-0.133,2,348
TRK,1594229,0.23061,-0.91909,-0.29181,0.13016,2.5054,-3.6010,5.0802,-0.065,-0.116,-0.143,2,348
TRK,1594247,0.18138,-0.93142,-0.29296,0.11722,2.5040,-3.6031,5.0776,-0.082,-0.122,-0.157,2,348
TRK,1594267,0.12151,-0.93754,-0.30806,0.10658,2.5024,-3.6056,5.0745,-0.070,-0.135,-0.143,2,348
STAT,404.6,400.6,2,4,0,4.5763,279.445,0.1170,0.1176,-0.0726,9.8418,0.40,0.004
TRK,1594286,0.12909,-0.93664,-0.30909,0.10253,2.5014,-3.6089,5.0718,-0.037,-0.166,-0.136,2,348
TRK,1594306,0.12491,-0.93497,-0.31469,0.10585,2.5008,-3.6116,5.0691,-0.030,-0.108,-0.135,2,348
TRK,1594326,0.12576,-0.93634,-0.31038,0.10542,2.5002,-3.6135,5.0664,-0.022,-0.087,-0.136,2,348
TRK,1594346,0.12336,-0.93778,-0.30624,0.10761,2.4997,-3.6152,5.0637,-0.029,-0.086,-0.142,2,348
TRK,1594366,0.12185,-0.93976,-0.30018,0.10904,2.4991,-3.6167,5.0608,-0.031,-0.073,-0.141,2,348
TRK,1594388,0.11105,-0.94092,-0.29726,0.11818,2.4983,-3.6182,5.0577,-0.032,-0.060,-0.142,2,348
TRK,1594408,0.10203,-0.94232,-0.29287,0.12593,2.4978,-3.6194,5.0548,-0.029,-0.058,-0.149,2,348
TRK,1594428,0.09520,-0.93928,-0.30274,0.13054,2.4975,-3.6204,5.0518,-0.007,-0.054,-0.152,2,348
TRK,1594446,0.09284,-0.93802,-0.30663,0.13221,2.4971,-3.6214,5.0487,-0.026,-0.043,-0.158,2,348
TRK,1594467,0.09200,-0.93759,-0.30785,0.13300,2.4967,-3.6222,5.0456,-0.010,-0.053,-0.161,2,348
TRK,1594486,0.09313,-0.93749,-0.30820,0.13210,2.4965,-3.6232,5.0423,-0.010,-0.054,-0.168,2,348
TRK,1594506,0.09618,-0.93806,-0.30656,0.12969,2.4963,-3.6245,5.0390,-0.004,-0.070,-0.173,2,348
TRK,1594526,0.10063,-0.93898,-0.30377,0.12611,2.4963,-3.6259,5.0355,-0.004,-0.080,-0.176,2,348
TRK,1594546,0.09881,-0.93867,-0.30478,0.12746,2.4961,-3.6278,5.0320,-0.013,-0.102,-0.182,2,348
TRK,1594567,0.09924,-0.93869,-0.30475,0.12707,2.4958,-3.6300,5.0279,-0.011,-0.102,-0.185,2,348
TRK,1594586,0.09742,-0.93880,-0.30437,0.12856,2.4956,-3.6318,5.0246,-0.010,-0.102,-0.189,2,348
TRK,1594608,0.09396,-0.93899,-0.30365,0.13138,2.4954,-3.6341,5.0204,-0.009,-0.104,-0.194,2,348
TRK,1594628,0.09131,-0.93914,-0.30308,0.13353,2.4953,-3.6362,5.0165,-0.008,-0.106,-0.199,2,348
TRK,1594648,0.09053,-0.93916,-0.30296,0.13415,2.4951,-3.6383,5.0125,-0.007,-0.107,-0.203,2,348
TRK,1594666,0.08745,-0.93788,-0.30685,0.13632,2.4951,-3.6403,5.0085,-0.003,-0.103,-0.206,2,348
TRK,1594687,0.08540,-0.93738,-0.30827,0.13786,2.4949,-3.6425,5.0043,-0.005,-0.109,-0.212,2,348
TRK,1594707,0.08414,-0.93677,-0.31012,0.13857,2.4949,-3.6446,5.0001,-0.003,-0.108,-0.216,2,348
TRK,1594727,0.08387,-0.93634,-0.31147,0.13861,2.4948,-3.6468,4.9958,-0.004,-0.113,-0.222,2,348
TRK,1594748,0.08472,-0.93628,-0.31174,0.13789,2.4947,-3.6493,4.9907,-0.003,-0.114,-0.227,2,348
TRK,1594766,0.08648,-0.93621,-0.31210,0.13647,2.4947,-3.6513,4.9868,-0.002,-0.116,-0.231,2,348
TRK,1594786,0.08757,-0.93616,-0.31232,0.13560,2.4947,-3.6536,4.9822,-0.000,-0.116,-0.235,2,348
TRK,1594806,0.08855,-0.93611,-0.31254,0.13485,2.4947,-3.6559,4.9775,0.001,-0.118,-0.239,2,348
TRK,1594826,0.08908,-0.93607,-0.31267,0.13444,2.4947,-3.6583,4.9727,0.001,-0.119,-0.243,2,348
TRK,1594847,0.08831,-0.93610,-0.31254,0.13506,2.4947,-3.6609,4.9672,0.002,-0.120,-0.248,2,348
TRK,1594867,0.08866,-0.93609,-0.31258,0.13479,2.4948,-3.6633,4.9623,0.003,-0.122,-0.254,2,348
TRK,1594885,0.09006,-0.93600,-0.31292,0.13367,2.4948,-3.6654,4.9579,0.004,-0.123,-0.257,2,348
TRK,1594905,0.09208,-0.93590,-0.31331,0.13208,2.4949,-3.6679,4.9527,0.004,-0.124,-0.262,2,348
TRK,1594925,0.09387,-0.93580,-0.31369,0.13065,2.4950,-3.6703,4.9475,0.005,-0.125,-0.266,2,348
TRK,1594947,0.09482,-0.93573,-0.31391,0.12990,2.4951,-3.6731,4.9415,0.006,-0.125,-0.270,2,348
TRK,1594967,0.09445,-0.93576,-0.31382,0.13021,2.4953,-3.6756,4.9361,0.007,-0.126,-0.274,2,348
TRK,1594985,0.09375,-0.93581,-0.31366,0.13073,2.4954,-3.6781,4.9307,0.008,-0.128,-0.278,2,348
TRK,1595006,0.09296,-0.93586,-0.31348,0.13135,2.4956,-3.6806,4.9251,0.009,-0.129,-0.283,2,348
TRK,1595027,0.09129,-0.93588,-0.31338,0.13263,2.4958,-3.6832,4.9195,0.011,-0.128,-0.287,2,348
TRK,1595046,0.08851,-0.93480,-0.31661,0.13447,2.4960,-3.6857,4.9138,0.012,-0.130,-0.291,2,348
TRK,1595067,0.08754,-0.93470,-0.31684,0.13522,2.4963,-3.6887,4.9072,0.012,-0.133,-0.297,2,348
TRK,1595086,0.08659,-0.93473,-0.31670,0.13597,2.4965,-3.6910,4.9020,0.014,-0.133,-0.301,2,348
TRK,1595105,0.08573,-0.93461,-0.31702,0.13659,2.4968,-3.6936,4.8960,0.015,-0.134,-0.305,2,348
TRK,1595128,0.08547,-0.93462,-0.31697,0.13679,2.4972,-3.6966,4.8892,0.016,-0.136,-0.311,2,348
TRK,1595147,0.08620,-0.93457,-0.31717,0.13620,2.4975,-3.6993,4.8830,0.016,-0.138,-0.316,2,348
TRK,1595165,0.08719,-0.93452,-0.31740,0.13540,2.4978,-3.7017,4.8775,0.017,-0.139,-0.320,2,348
TRK,1595187,0.08833,-0.93445,-0.31764,0.13453,2.4982,-3.7048,4.8703,0.018,-0.139,-0.325,2,348
TRK,1595208,0.08874,-0.93441,-0.31777,0.13423,2.4986,-3.7079,4.8630,0.019,-0.140,-0.329,2,348
TRK,1595227,0.08776,-0.93445,-0.31760,0.13500,2.4989,-3.7104,4.8573,0.020,-0.141,-0.333,2,348
TRK,1595245,0.08670,-0.93442,-0.31766,0.13580,2.4993,-3.7131,4.8507,0.023,-0.139,-0.337,2,348
TRK,1595267,0.08540,-0.93402,-0.31878,0.13669,2.4998,-3.7163,4.8431,0.022,-0.143,-0.342,2,348
STAT,404.6,400.6,2,4,0,0.1677,7.442,0.1170,0.1176,-0.0726,9.8418,0.40,0.004
TRK,1595287,0.08542,-0.93401,-0.31884,0.13663,2.5003,-3.7191,4.8363,0.023,-0.145,-0.347,2,348
TRK,1595306,0.08618,-0.93398,-0.31898,0.13602,2.5007,-3.7216,4.8303,0.024,-0.145,-0.351,2,348
TRK,1595328,0.08634,-0.93398,-0.31901,0.13591,2.5012,-3.7249,4.8224,0.025,-0.146,-0.356,2,348
TRK,1595346,0.08596,-0.93401,-0.31889,0.13619,2.5017,-3.7278,4.8153,0.025,-0.147,-0.360,2,348
TRK,1595366,0.08529,-0.93403,-0.31878,0.13674,2.5022,-3.7307,4.8081,0.026,-0.147,-0.364,2,348
TRK,1595388,0.08439,-0.93366,-0.31984,0.13731,2.5028,-3.7336,4.8009,0.027,-0.148,-0.369,2,348
TRK,1595407,0.08486,-0.93364,-0.31992,0.13697,2.5033,-3.7365,4.7935,0.028,-0.150,-0.374,2,348
TRK,1595425,0.08612,-0.93358,-0.32018,0.13600,2.5038,-3.7392,4.7870,0.029,-0.151,-0.378,2,348
TRK,1595447,0.08689,-0.93355,-0.32034,0.13536,2.5043,-3.7418,4.7804,0.000,0.000,0.000,3,348
TRK,1595465,0.08658,-0.93356,-0.32028,0.13564,2.5043,-3.7418,4.7804,0.000,0.000,0.000,3,348
TRK,1595487,0.08470,-0.93318,-0.32130,0.13699,2.5043,-3.7418,4.7804,0.000,0.000,0.000,3,348
TRK,1595506,0.08284,-0.93290,-0.32201,0.13834,2.5043,-3.7418,4.7804,0.000,0.000,0.000,3,348
TRK,1595526,0.08229,-0.93292,-0.32191,0.13877,2.5043,-3.7418,4.7804,0.000,0.000,0.000,3,348
TRK,1595546,0.08233,-0.93291,-0.32196,0.13873,2.5043,-3.7418,4.7804,0.000,0.000,0.000,3,348
TRK,1595568,0.08286,-0.93288,-0.32209,0.13827,2.5043,-3.7418,4.7804,0.000,0.000,0.000,3,348
TRK,1595588,0.08317,-0.93287,-0.32218,0.13798,2.5043,-3.7418,4.7804,0.000,0.000,0.000,3,348
TRK,1595608,0.08331,-0.93286,-0.32220,0.13789,2.5043,-3.7418,4.7804,0.000,0.000,0.000,3,348
TRK,1595626,0.08342,-0.93285,-0.32225,0.13782,2.5043,-3.7418,4.7804,0.000,0.000,0.000,3,348
TRK,1595648,0.08326,-0.93271,-0.32265,0.13794,2.5043,-3.7418,4.7804,0.000,0.000,0.000,3,348
TRK,1595668,0.08253,-0.93245,-0.32335,0.13842,2.5043,-3.7418,4.7804,0.000,0.000,0.000,3,348
TRK,1595687,0.08254,-0.93245,-0.32336,0.13843,2.5043,-3.7418,4.7804,0.000,0.000,0.000,3,348
TRK,1595706,0.08279,-0.93244,-0.32341,0.13826,2.5043,-3.7418,4.7804,0.000,0.000,0.000,3,348
TRK,1595726,0.08325,-0.93242,-0.32347,0.13793,2.5043,-3.7418,4.7804,0.000,0.000,0.000,3,348
TRK,1595746,0.08329,-0.93242,-0.32349,0.13789,2.5043,-3.7418,4.7804,0.000,0.000,0.000,3,348
TRK,1595766,0.08303,-0.93244,-0.32342,0.13809,2.5043,-3.7418,4.7804,0.000,0.000,0.000,3,348
TRK,1595786,0.08258,-0.93244,-0.32337,0.13844,2.5043,-3.7418,4.7804,0.000,0.000,0.000,3,348
TRK,1595808,0.08035,-0.93181,-0.32510,0.13993,2.5043,-3.7418,4.7804,0.000,0.000,0.000,3,348
TRK,1595828,0.07815,-0.93123,-0.32668,0.14139,2.5043,-3.7418,4.7804,0.000,0.000,0.000,3,348
TRK,1595845,0.07810,-0.93123,-0.32666,0.14143,2.5043,-3.7418,4.7804,0.000,0.000,0.000,3,348
TRK,1595866,0.07852,-0.93121,-0.32676,0.14109,2.5043,-3.7418,4.7804,0.000,0.000,0.000,3,348
TRK,1595888,0.07919,-0.93117,-0.32695,0.14055,2.5043,-3.7418,4.7804,0.000,0.000,0.000,3,348
TRK,1595907,0.07935,-0.93117,-0.32697,0.14043,2.5043,-3.7418,4.7804,0.000,0.000,0.000,3,348
TRK,1595928,0.07931,-0.93117,-0.32696,0.14046,2.5043,-3.7418,4.7804,0.000,0.000,0.000,3,348
TRK,1595947,0.07928,-0.93116,-0.32698,0.14051,2.5043,-3.7418,4.7804,0.000,0.000,0.000,3,348
TRK,1595966,0.07951,-0.93116,-0.32700,0.14031,2.5043,-3.7418,4.7804,0.000,0.000,0.000,3,348
TRK,1595987,0.07938,-0.93117,-0.32696,0.14041,2.5043,-3.7418,4.7804,0.000,0.000,0.000,3,348
TRK,1596007,0.07860,-0.93125,-0.32683,0.14066,2.5043,-3.7418,4.7804,0.000,0.000,0.000,1,349
TRK,1596026,0.07767,-0.93134,-0.32670,0.14085,2.5043,-3.7418,4.7804,0.000,0.000,0.000,1,349
TRK,1596045,0.07703,-0.93142,-0.32663,0.14085,2.5043,-3.7418,4.7804,0.000,0.000,0.000,1,349
TRK,1596065,0.07690,-0.93146,-0.32665,0.14057,2.5043,-3.7418,4.7804,0.000,0.000,0.000,1,349
TRK,1596088,0.07670,-0.93151,-0.32665,0.14039,2.5043,-3.7418,4.7804,0.000,0.000,0.000,1,349
TRK,1596107,0.07615,-0.93155,-0.32656,0.14061,2.5043,-3.7418,4.7804,0.000,0.000,0.000,1,349
TRK,1596127,0.07551,-0.93159,-0.32646,0.14092,2.5043,-3.7418,4.7804,0.000,0.000,0.000,1,349
TRK,1596145,0.07480,-0.93163,-0.32633,0.14137,2.5043,-3.7418,4.7804,0.000,0.000,0.000,1,349
TRK,1596167,0.07408,-0.93167,-0.32620,0.14179,2.5043,-3.7418,4.7804,0.000,0.000,0.000,1,349
TRK,1596185,0.07417,-0.93168,-0.32623,0.14158,2.5043,-3.7418,4.7804,0.000,0.000,0.000,1,349
TRK,1596207,0.07480,-0.93168,-0.32638,0.14092,2.5043,-3.7418,4.7804,0.000,0.000,0.000,1,349
TRK,1596226,0.07521,-0.93168,-0.32648,0.14041,2.5043,-3.7418,4.7804,0.000,0.000,0.000,1,349
TRK,1596247,0.07549,-0.93169,-0.32656,0.14005,2.5043,-3.7418,4.7804,0.000,0.000,0.000,1,349
TRK,1596266,0.07483,-0.93172,-0.32643,0.14051,2.5043,-3.7418,4.7804,0.000,0.000,0.000,1,349
STAT,404.0,400.5,2,4,0,0.0434,4.730,0.1170,0.1176,-0.0726,9.7025,3.56,0.000
TRK,1596286,0.07411,-0.93175,-0.32629,0.14103,2.5043,-3.7418,4.7804,0.000,0.000,0.000,1,349
TRK,1596308,0.07384,-0.93175,-0.32623,0.14129,2.5043,-3.7418,4.7804,0.000,0.000,0.000,1,349
TRK,1596327,0.07410,-0.93174,-0.32628,0.14109,2.5043,-3.7418,4.7804,0.000,0.000,0.000,1,349
TRK,1596345,0.07455,-0.93173,-0.32637,0.14074,2.5043,-3.7418,4.7804,0.000,0.000,0.000,1,349
TRK,1596365,0.07499,-0.93172,-0.32647,0.14036,2.5043,-3.7418,4.7804,0.000,0.000,0.000,1,349
TRK,1596385,0.07461,-0.93173,-0.32640,0.14061,2.5043,-3.7418,4.7804,0.000,0.000,0.000,1,349
TRK,1596405,0.07374,-0.93176,-0.32622,0.14127,2.5043,-3.7418,4.7804,0.000,0.000,0.000,1,349
TRK,1596425,0.07307,-0.93178,-0.32609,0.14181,2.5043,-3.7418,4.7804,0.000,0.000,0.000,1,349
TRK,1596447,0.07279,-0.93179,-0.32603,0.14201,2.5043,-3.7418,4.7804,0.000,0.000,0.000,1,349
TRK,1596466,0.07319,-0.93177,-0.32610,0.14178,2.5043,-3.7418,4.7804,0.000,0.000,0.000,1,349
TRK,1596487,0.07383,-0.93176,-0.32624,0.14121,2.5043,-3.7418,4.7804,0.000,0.000,0.000,1,349
TRK,1596506,0.07332,-0.93179,-0.32615,0.14150,2.5043,-3.7418,4.7804,0.000,0.000,0.000,1,349
TRK,1596528,0.07252,-0.93182,-0.32600,0.14205,2.5043,-3.7418,4.7804,0.000,0.000,0.000,1,349
TRK,1596546,0.07228,-0.93182,-0.32594,0.14231,2.5043,-3.7418,4.7804,0.000,0.000,0.000,1,349
TRK,1596568,0.07254,-0.93180,-0.32598,0.14220,2.5043,-3.7418,4.7804,0.000,0.000,0.000,1,349
TRK,1596586,0.07288,-0.93178,-0.32604,0.14204,2.5043,-3.7418,4.7804,0.000,0.000,0.000,1,349
TRK,1596608,0.07263,-0.93177,-0.32597,0.14239,2.5043,-3.7418,4.7804,0.000,0.000,0.000,1,349
TRK,1596628,0.07033,-0.93176,-0.32573,0.14414,2.5042,-3.7418,4.7799,0.002,0.003,-0.005,2,349
TRK,1596649,0.06652,-0.93071,-0.32842,0.14663,2.5043,-3.7418,4.7798,-0.001,-0.001,-0.007,2,349
TRK,1596667,0.06547,-0.93075,-0.32818,0.14738,2.5042,-3.7418,4.7796,-0.001,-0.001,-0.008,2,349
TRK,1596686,0.06617,-0.93073,-0.32833,0.14684,2.5042,-3.7418,4.7795,-0.001,-0.003,-0.009,2,349
TRK,1596706,0.06756,-0.93071,-0.32857,0.14582,2.5042,-3.7419,4.7793,-0.001,-0.003,-0.010,2,349
TRK,1596726,0.06893,-0.93067,-0.32885,0.14478,2.5042,-3.7419,4.7791,-0.001,-0.002,-0.011,2,349
TRK,1596747,0.07018,-0.93064,-0.32906,0.14386,2.5042,-3.7420,4.7788,-0.000,-0.002,-0.011,2,349
TRK,1596767,0.07082,-0.93063,-0.32918,0.14339,2.5042,-3.7420,4.7786,-0.000,-0.002,-0.012,2,349
TRK,1596788,0.07110,-0.93062,-0.32925,0.14313,2.5042,-3.7421,4.7783,-0.000,-0.002,-0.013,2,349
TRK,1596806,0.07105,-0.93062,-0.32925,0.14316,2.5042,-3.7421,4.7781,-0.000,-0.001,-0.013,2,349
TRK,1596827,0.07124,-0.93062,-0.32927,0.14302,2.5042,-3.7421,4.7778,-0.000,-0.001,-0.014,2,349
TRK,1596848,0.07146,-0.93062,-0.32930,0.14281,2.5042,-3.7421,4.7775,-0.000,-0.001,-0.014,2,349
TRK,1596867,0.07134,-0.93064,-0.32926,0.14288,2.5042,-3.7422,4.7773,-0.000,-0.001,-0.014,2,349
TRK,1596885,0.07100,-0.93065,-0.32918,0.14314,2.5042,-3.7420,4.7801,0.000,0.000,0.000,1,350
TRK,1596905,0.07107,-0.93065,-0.32919,0.14312,2.5042,-3.7420,4.7801,0.000,0.000,0.000,1,350
TRK,1596927,0.07146,-0.93063,-0.32927,0.14281,2.5042,-3.7420,4.7801,0.000,0.000,0.000,1,350
TRK,1596947,0.07098,-0.93065,-0.32918,0.14313,2.5042,-3.7420,4.7801,0.000,0.000,0.000,1,350
TRK,1596967,0.07017,-0.93068,-0.32902,0.14370,2.5042,-3.7420,4.7801,0.000,0.000,0.000,1,350
TRK,1596986,0.07009,-0.93069,-0.32900,0.14375,2.5042,-3.7420,4.7801,0.000,0.000,0.000,1,350
TRK,1597005,0.07054,-0.93068,-0.32910,0.14338,2.5042,-3.7420,4.7801,0.000,0.000,0.000,1,350
TRK,1597028,0.07114,-0.93066,-0.32922,0.14295,2.5042,-3.7420,4.7801,0.000,0.000,0.000,1,350
TRK,1597047,0.07085,-0.93066,-0.32915,0.14321,2.5042,-3.7420,4.7801,0.000,0.000,0.000,1,350
TRK,1597067,0.07056,-0.93067,-0.32909,0.14344,2.5042,-3.7420,4.7801,0.000,0.000,0.000,1,350
TRK,1597085,0.07023,-0.93068,-0.32903,0.14366,2.5042,-3.7420,4.7801,0.000,0.000,0.000,1,350
TRK,1597107,0.07005,-0.93070,-0.32900,0.14372,2.5042,-3.7420,4.7801,0.000,0.000,0.000,1,350
TRK,1597125,0.07037,-0.93069,-0.32907,0.14342,2.5042,-3.7420,4.7801,0.000,0.000,0.000,1,350
TRK,1597147,0.07118,-0.93067,-0.32924,0.14276,2.5042,-3.7420,4.7801,0.000,0.000,0.000,1,350
TRK,1597166,0.07332,-0.93059,-0.32970,0.14113,2.5042,-3.7420,4.7800,-0.000,-0.002,-0.004,2,350
TRK,1597186,0.07480,-0.93055,-0.32999,0.13998,2.5042,-3.7421,4.7799,-0.000,-0.001,-0.003,2,350
TRK,1597206,0.07463,-0.93056,-0.32993,0.14011,2.5042,-3.7421,4.7798,0.000,-0.001,-0.002,2,350
TRK,1597226,0.07385,-0.93060,-0.32977,0.14066,2.5042,-3.7421,4.7798,-0.000,-0.001,-0.003,2,350
TRK,1597248,0.07344,-0.93062,-0.32966,0.14099,2.5042,-3.7421,4.7797,-0.001,-0.002,-0.004,2,350
TRK,1597266,0.07356,-0.93061,-0.32968,0.14093,2.5042,-3.7422,4.7796,-0.001,-0.002,-0.004,2,350
STAT,404.0,400.5,2,4,0,0.0438,3.370,0.1170,0.1176,-0.0726,9.6212,0.42,0.015
TRK,1597286,0.07365,-0.93063,-0.32965,0.14083,2.5042,-3.7422,4.7796,-0.001,-0.002,-0.004,2,350
TRK,1597306,0.07376,-0.93062,-0.32968,0.14075,2.5041,-3.7422,4.7795,-0.001,-0.002,-0.004,2,350
TRK,1597328,0.07419,-0.93058,-0.32984,0.14042,2.5041,-3.7423,4.7794,-0.001,-0.002,-0.004,2,350
TRK,1597347,0.07445,-0.93058,-0.32987,0.14025,2.5041,-3.7423,4.7793,-0.002,-0.001,-0.004,2,350
TRK,1597365,0.07437,-0.93057,-0.32984,0.14041,2.5044,-3.7421,4.7800,0.000,0.000,0.000,1,351
TRK,1597387,0.07410,-0.93057,-0.32978,0.14072,2.5044,-3.7421,4.7800,0.000,0.000,0.000,1,351
TRK,1597406,0.07345,-0.93058,-0.32964,0.14127,2.5044,-3.7421,4.7800,0.000,0.000,0.000,1,351
TRK,1597426,0.07299,-0.93059,-0.32954,0.14166,2.5044,-3.7421,4.7800,0.000,0.000,0.000,1,351
TRK,1597446,0.07314,-0.93059,-0.32957,0.14157,2.5044,-3.7421,4.7800,0.000,0.000,0.000,1,351
TRK,1597467,0.07309,-0.93060,-0.32957,0.14155,2.5044,-3.7421,4.7800,0.000,0.000,0.000,1,351
TRK,1597487,0.07285,-0.93061,-0.32953,0.14167,2.5044,-3.7421,4.7800,0.000,0.000,0.000,1,351
TRK,1597507,0.07301,-0.93061,-0.32956,0.14153,2.5044,-3.7421,4.7800,0.000,0.000,0.000,1,351
TRK,1597527,0.07363,-0.93059,-0.32969,0.14103,2.5044,-3.7421,4.7800,0.000,0.000,0.000,1,351
TRK,1597547,0.07447,-0.93056,-0.32985,0.14042,2.5044,-3.7421,4.7800,0.000,0.000,0.000,1,351
TRK,1597567,0.07499,-0.93053,-0.32995,0.14006,2.5044,-3.7421,4.7800,0.000,0.000,0.000,1,351
TRK,1597585,0.07305,-0.93061,-0.32953,0.14158,2.5044,-3.7422,4.7798,0.000,0.000,-0.001,2,351
TRK,1597607,0.07018,-0.93072,-0.32888,0.14377,2.5044,-3.7422,4.7798,0.000,0.000,-0.002,2,351
TRK,1597627,0.06814,-0.93070,-0.32868,0.14531,2.5044,-3.7421,4.7798,0.002,0.002,-0.002,2,351
TRK,1597645,0.06726,-0.93015,-0.33020,0.14580,2.5044,-3.7421,4.7797,0.000,-0.001,-0.003,2,351
TRK,1597667,0.06864,-0.93014,-0.33040,0.14478,2.5045,-3.7421,4.7796,0.000,-0.001,-0.004,2,351
TRK,1597686,0.07010,-0.93009,-0.33073,0.14363,2.5045,-3.7422,4.7795,-0.000,-0.000,-0.004,2,351
TRK,1597708,0.07121,-0.93006,-0.33095,0.14282,2.5044,-3.7421,4.7795,-0.000,0.000,-0.003,2,351
TRK,1597728,0.07171,-0.93004,-0.33105,0.14244,2.5044,-3.7421,4.7794,-0.000,0.000,-0.003,2,351
TRK,1597748,0.07202,-0.93001,-0.33118,0.14217,2.5044,-3.7421,4.7793,-0.000,0.001,-0.004,2,351
TRK,1597766,0.07236,-0.93000,-0.33124,0.14193,2.5044,-3.7421,4.7793,-0.000,0.001,-0.004,2,351
TRK,1597788,0.07264,-0.92998,-0.33132,0.14176,2.5044,-3.7421,4.7792,0.000,0.001,-0.004,2,351
TRK,1597808,0.07262,-0.92998,-0.33130,0.14181,2.5044,-3.7420,4.7791,0.001,0.002,-0.004,2,351
TRK,1597828,0.07256,-0.92996,-0.33132,0.14189,2.5045,-3.7420,4.7790,0.000,0.002,-0.005,2,351
TRK,1597847,0.07262,-0.92996,-0.33134,0.14186,2.5043,-3.7425,4.7800,0.000,0.000,0.000,1,352
TRK,1597866,0.07307,-0.92994,-0.33143,0.14151,2.5043,-3.7425,4.7800,0.000,0.000,0.000,1,352
TRK,1597886,0.07295,-0.92995,-0.33141,0.14157,2.5043,-3.7425,4.7800,0.000,0.000,0.000,1,352
TRK,1597906,0.07253,-0.92996,-0.33132,0.14194,2.5043,-3.7425,4.7800,0.000,0.000,0.000,1,352
TRK,1597927,0.07238,-0.92996,-0.33128,0.14209,2.5043,-3.7425,4.7800,0.000,0.000,0.000,1,352
TRK,1597946,0.07267,-0.92994,-0.33134,0.14190,2.5043,-3.7425,4.7800,0.000,0.000,0.000,1,352
TRK,1597968,0.07313,-0.92993,-0.33143,0.14151,2.5043,-3.7425,4.7800,0.000,0.000,0.000,1,352
TRK,1597986,0.07339,-0.92993,-0.33149,0.14127,2.5043,-3.7425,4.7800,0.000,0.000,0.000,1,352
TRK,1598008,0.07328,-0.92994,-0.33147,0.14134,2.5043,-3.7425,4.7800,0.000,0.000,0.000,1,352
TRK,1598026,0.07298,-0.92995,-0.33141,0.14157,2.5043,-3.7425,4.7800,0.000,0.000,0.000,1,352
TRK,1598048,0.07242,-0.92997,-0.33130,0.14198,2.5043,-3.7425,4.7800,0.000,0.000,0.000,1,352
TRK,1598068,0.07190,-0.92998,-0.33120,0.14237,2.5043,-3.7425,4.7800,0.000,0.000,0.000,1,352
TRK,1598087,0.07186,-0.92998,-0.33119,0.14241,2.5043,-3.7425,4.7800,0.000,0.000,0.000,1,352
TRK,1598106,0.07209,-0.92998,-0.33124,0.14217,2.5043,-3.7425,4.7800,0.000,0.000,0.000,1,352
TRK,1598126,0.07234,-0.92999,-0.33131,0.14187,2.5043,-3.7425,4.7800,0.000,0.000,0.000,1,352
TRK,1598148,0.07254,-0.92999,-0.33135,0.14165,2.5043,-3.7425,4.7800,0.000,0.000,0.000,1,352
TRK,1598168,0.07270,-0.92999,-0.33139,0.14150,2.5043,-3.7425,4.7800,0.000,0.000,0.000,1,352
TRK,1598186,0.07270,-0.92998,-0.33138,0.14155,2.5043,-3.7425,4.7800,0.000,0.000,0.000,1,352
TRK,1598206,0.07268,-0.92997,-0.33137,0.14165,2.5043,-3.7425,4.7800,0.000,0.000,0.000,1,352
TRK,1598228,0.07273,-0.92996,-0.33137,0.14172,2.5043,-3.7425,4.7800,0.000,0.000,0.000,1,352
TRK,1598246,0.07276,-0.92995,-0.33136,0.14177,2.5043,-3.7425,4.7800,0.000,0.000,0.000,1,352
TRK,1598268,0.07291,-0.92994,-0.33139,0.14172,2.5043,-3.7425,4.7800,0.000,0.000,0.000,1,352
STAT,404.1,400.6,2,4,0,0.0214,0.478,0.1184,0.1198,-0.0737,9.6098,0.42,0.006
TRK,1598288,0.07305,-0.92993,-0.33142,0.14159,2.5043,-3.7425,4.7800,0.000,0.000,0.000,1,352
TRK,1598307,0.07304,-0.92994,-0.33142,0.14158,2.5043,-3.7425,4.7800,0.000,0.000,0.000,1,352
TRK,1598325,0.07292,-0.92995,-0.33140,0.14163,2.5043,-3.7425,4.7800,0.000,0.000,0.000,1,352
TRK,1598345,0.07291,-0.92995,-0.33140,0.14160,2.5043,-3.7425,4.7800,0.000,0.000,0.000,1,352
TRK,1598365,0.07319,-0.92994,-0.33145,0.14140,2.5043,-3.7425,4.7800,0.000,0.000,0.000,1,352
TRK,1598387,0.07333,-0.92994,-0.33149,0.14128,2.5043,-3.7425,4.7800,0.000,0.000,0.000,1,352
TRK,1598406,0.07341,-0.92994,-0.33150,0.14120,2.5043,-3.7425,4.7800,0.000,0.000,0.000,1,352
TRK,1598428,0.07358,-0.92992,-0.33153,0.14112,2.5043,-3.7425,4.7800,0.000,0.000,0.000,1,352
TRK,1598446,0.07366,-0.92993,-0.33155,0.14100,2.5043,-3.7425,4.7800,0.000,0.000,0.000,1,352
TRK,1598466,0.07349,-0.92994,-0.33153,0.14108,2.5043,-3.7425,4.7800,0.000,0.000,0.000,1,352
TRK,1598486,0.07331,-0.92995,-0.33149,0.14119,2.5043,-3.7425,4.7800,0.000,0.000,0.000,1,352
TRK,1598508,0.07322,-0.92995,-0.33148,0.14123,2.5043,-3.7425,4.7800,0.000,0.000,0.000,1,352
TRK,1598527,0.07311,-0.92996,-0.33146,0.14130,2.5043,-3.7425,4.7800,0.000,0.000,0.000,1,352
TRK,1598545,0.07326,-0.92995,-0.33148,0.14123,2.5043,-3.7425,4.7800,0.000,0.000,0.000,1,352
TRK,1598567,0.07359,-0.92994,-0.33154,0.14101,2.5043,-3.7425,4.7800,0.000,0.000,0.000,1,352
TRK,1598585,0.07403,-0.92992,-0.33163,0.14068,2.5043,-3.7425,4.7800,0.000,0.000,0.000,1,352
TRK,1598607,0.07396,-0.92992,-0.33162,0.14075,2.5043,-3.7425,4.7800,0.000,0.000,0.000,1,352
TRK,1598627,0.07373,-0.92993,-0.33157,0.14092,2.5043,-3.7425,4.7800,0.000,0.000,0.000,1,352
TRK,1598647,0.07359,-0.92993,-0.33154,0.14107,2.5043,-3.7425,4.7800,0.000,0.000,0.000,1,352
TRK,1598666,0.07364,-0.92992,-0.33154,0.14108,2.5043,-3.7425,4.7800,0.000,0.000,0.000,1,352
TRK,1598688,0.07402,-0.92990,-0.33161,0.14087,2.5043,-3.7425,4.7800,0.000,0.000,0.000,1,352
TRK,1598706,0.07414,-0.92989,-0.33163,0.14084,2.5043,-3.7425,4.7800,0.000,0.000,0.000,1,352
TRK,1598726,0.07425,-0.92988,-0.33164,0.14078,2.5043,-3.7425,4.7800,0.000,0.000,0.000,1,352
TRK,1598746,0.07443,-0.92987,-0.33168,0.14067,2.5043,-3.7425,4.7800,0.000,0.000,0.000,1,352
TRK,1598766,0.07453,-0.92987,-0.33170,0.14057,2.5043,-3.7425,4.7800,0.000,0.000,0.000,1,352
TRK,1598786,0.07445,-0.92987,-0.33168,0.14065,2.5043,-3.7425,4.7800,0.000,0.000,0.000,1,352
TRK,1598806,0.07432,-0.92987,-0.33165,0.14080,2.5043,-3.7425,4.7800,0.000,0.000,0.000,1,352
TRK,1598826,0.07433,-0.92987,-0.33165,0.14085,2.5043,-3.7425,4.7800,0.000,0.000,0.000,1,352
TRK,1598846,0.07436,-0.92987,-0.33166,0.14079,2.5043,-3.7425,4.7800,0.000,0.000,0.000,1,352
TRK,1598866,0.07463,-0.92986,-0.33171,0.14059,2.5043,-3.7425,4.7800,0.000,0.000,0.000,1,352
TRK,1598886,0.07498,-0.92985,-0.33178,0.14027,2.5043,-3.7425,4.7800,0.000,0.000,0.000,1,352
TRK,1598908,0.07526,-0.92985,-0.33186,0.13994,2.5043,-3.7425,4.7800,0.000,0.000,0.000,1,352
TRK,1598928,0.07511,-0.92987,-0.33184,0.13993,2.5043,-3.7425,4.7800,0.000,0.000,0.000,1,352
TRK,1598945,0.07492,-0.92988,-0.33180,0.14007,2.5043,-3.7425,4.7800,0.000,0.000,0.000,1,352
TRK,1598965,0.07485,-0.92989,-0.33179,0.14008,2.5043,-3.7425,4.7800,0.000,0.000,0.000,1,352
TRK,1598985,0.07501,-0.92987,-0.33182,0.14001,2.5043,-3.7425,4.7800,0.000,0.000,0.000,1,352
TRK,1599005,0.07512,-0.92987,-0.33184,0.13997,2.5043,-3.7425,4.7800,0.000,0.000,0.000,1,352
TRK,1599025,0.07517,-0.92986,-0.33185,0.13993,2.5043,-3.7425,4.7800,0.000,0.000,0.000,1,352
TRK,1599045,0.07521,-0.92986,-0.33185,0.13995,2.5043,-3.7425,4.7800,0.000,0.000,0.000,1,352
TRK,1599065,0.07534,-0.92985,-0.33187,0.13991,2.5043,-3.7425,4.7800,0.000,0.000,0.000,1,352
TRK,1599087,0.07563,-0.92983,-0.33192,0.13976,2.5043,-3.7425,4.7800,0.000,0.000,0.000,1,352
TRK,1599106,0.07542,-0.92982,-0.33186,0.14002,2.5043,-3.7425,4.7800,0.000,0.000,0.000,1,352
TRK,1599128,0.07514,-0.92982,-0.33180,0.14033,2.5043,-3.7425,4.7800,0.000,0.000,0.000,1,352
TRK,1599146,0.07504,-0.92983,-0.33178,0.14038,2.5043,-3.7425,4.7800,0.000,0.000,0.000,1,352
TRK,1599168,0.07503,-0.92984,-0.33178,0.14033,2.5043,-3.7425,4.7800,0.000,0.000,0.000,1,352
TRK,1599186,0.07515,-0.92985,-0.33182,0.14012,2.5043,-3.7425,4.7800,0.000,0.000,0.000,1,352
TRK,1599206,0.07497,-0.92986,-0.33180,0.14017,2.5043,-3.7425,4.7800,0.000,0.000,0.000,1,352
TRK,1599228,0.07408,-0.92990,-0.33162,0.14079,2.5043,-3.7425,4.7800,0.000,0.000,0.000,1,352
TRK,1599248,0.07204,-0.92998,-0.33119,0.14236,2.5044,-3.7426,4.7800,0.001,-0.000,0.001,2,352
TRK,1599267,0.06725,-0.93015,-0.33011,0.14602,2.5045,-3.7426,4.7800,0.001,0.000,0.002,2,352
STAT,404.1,400.6,2,4,0,0.0922,14.520,0.1215,0.1279,-0.0732,9.6086,0.42,0.006
TRK,1599286,0.06041,-0.93021,-0.32896,0.15112,2.5045,-3.7426,4.7801,0.004,-0.009,0.005,2,352
TRK,1599306,0.04901,-0.92990,-0.32785,0.15938,2.5045,-3.7428,4.7801,0.001,-0.006,0.002,2,352
TRK,1599326,0.04222,-0.92968,-0.32696,0.16432,2.5046,-3.7429,4.7802,0.002,-0.005,0.000,2,352
TRK,1599346,0.03938,-0.92949,-0.32685,0.16631,2.5046,-3.7430,4.7801,0.002,-0.003,-0.001,2,352
TRK,1599366,0.03467,-0.92928,-0.32627,0.16964,2.5047,-3.7431,4.7801,0.004,-0.008,-0.001,2,352
TRK,1599388,0.03026,-0.92778,-0.32966,0.17213,2.5048,-3.7434,4.7801,0.005,-0.019,-0.003,2,352
TRK,1599406,0.02600,-0.92531,-0.33589,0.17407,2.5048,-3.7439,4.7800,-0.002,-0.034,-0.004,2,352
TRK,1599428,0.02118,-0.92336,-0.34028,0.17654,2.5047,-3.7446,4.7799,-0.007,-0.034,-0.006,2,352
TRK,1599446,0.01755,-0.92118,-0.34565,0.17787,2.5047,-3.7451,4.7798,0.002,-0.012,-0.006,2,352
TRK,1599468,0.01708,-0.92037,-0.34778,0.17796,2.5047,-3.7453,4.7796,0.003,-0.014,-0.004,2,352
TRK,1599487,-0.00248,-0.91606,-0.35379,0.18884,2.5048,-3.7458,4.7796,0.006,-0.038,0.000,2,352
TRK,1599507,-0.03201,-0.90863,-0.36304,0.20389,2.5049,-3.7464,4.7796,0.004,-0.022,-0.004,2,352
TRK,1599527,-0.04209,-0.90555,-0.36719,0.20828,2.5048,-3.7470,4.7794,-0.008,-0.029,-0.012,2,352
TRK,1599547,-0.04110,-0.90416,-0.37143,0.20700,2.5043,-3.7478,4.7791,-0.059,-0.065,-0.019,2,352
TRK,1599567,-0.03970,-0.90334,-0.37439,0.20551,2.5031,-3.7494,4.7787,-0.043,-0.072,-0.023,2,352
TRK,1599587,-0.02523,-0.90741,-0.36928,0.19902,2.5024,-3.7507,4.7782,-0.023,-0.065,-0.026,2,352
TRK,1599607,0.00197,-0.91220,-0.36596,0.18426,2.5021,-3.7519,4.7776,-0.014,-0.046,-0.034,2,352
TRK,1599627,0.03847,-0.91791,-0.35954,0.16336,2.5019,-3.7525,4.7770,-0.009,-0.021,-0.025,2,352
TRK,1599647,0.08213,-0.92187,-0.34638,0.15307,2.5015,-3.7529,4.7766,-0.031,-0.022,-0.007,2,352
TRK,1599668,0.14029,-0.92279,-0.32366,0.15498,2.5006,-3.7532,4.7766,-0.056,-0.019,-0.001,2,352
TRK,1599686,0.17508,-0.92073,-0.31051,0.15867,2.4993,-3.7539,4.7765,-0.078,-0.034,-0.007,2,352
TRK,1599708,0.20008,-0.91907,-0.29802,0.16269,2.4973,-3.7545,4.7763,-0.103,-0.026,-0.016,2,352
TRK,1599728,0.21593,-0.91833,-0.28967,0.16166,2.4951,-3.7550,4.7759,-0.127,-0.008,-0.018,2,352
TRK,1599748,0.23203,-0.91607,-0.28685,0.15717,2.4920,-3.7545,4.7755,-0.177,0.055,-0.021,2,352
TRK,1599767,0.24578,-0.91291,-0.28800,0.15244,2.4887,-3.7531,4.7752,-0.209,0.103,-0.014,2,352
TRK,1599786,0.26462,-0.91127,-0.28076,0.14404,2.4846,-3.7508,4.7749,-0.212,0.091,-0.022,2,352
TRK,1599806,0.26746,-0.91466,-0.27056,0.13662,2.4804,-3.7500,4.7744,-0.234,0.024,-0.023,2,352
TRK,1599826,0.27378,-0.92020,-0.25002,0.12558,2.4755,-3.7494,4.7740,-0.266,0.026,-0.024,2,352
TRK,1599846,0.27921,-0.92584,-0.22697,0.11554,2.4700,-3.7487,4.7735,-0.285,0.042,-0.022,2,352
TRK,1599867,0.28644,-0.93059,-0.20332,0.10304,2.4635,-3.7474,4.7731,-0.294,0.080,-0.019,2,352
TRK,1599887,0.29327,-0.93399,-0.18292,0.09052,2.4576,-3.7455,4.7728,-0.304,0.111,-0.014,2,352
TRK,1599908,0.29863,-0.93536,-0.17150,0.08065,2.4515,-3.7432,4.7725,-0.325,0.123,-0.011,2,352
TRK,1599926,0.30198,-0.93547,-0.16761,0.07484,2.4448,-3.7405,4.7723,-0.348,0.147,-0.006,2,352
TRK,1599948,0.31232,-0.93066,-0.17188,0.08244,2.4372,-3.7371,4.7724,-0.333,0.170,0.018,2,352
TRK,1599966,0.33492,-0.91796,-0.18860,0.09797,2.4312,-3.7341,4.7728,-0.358,0.172,0.024,2,352
TRK,1599986,0.35016,-0.90447,-0.20953,0.12415,2.4240,-3.7308,4.7732,-0.373,0.167,0.024,2,352
TRK,1600007,0.31090,-0.89325,-0.24591,0.21205,2.4168,-3.7278,4.7742,-0.398,0.149,0.058,2,352
TRK,1600025,0.35140,-0.86724,-0.25219,0.24660,2.4085,-3.7244,4.7749,-0.422,0.191,0.031,2,352
TRK,1600046,0.39685,-0.83583,-0.25971,0.27648,2.4001,-3.7205,4.7756,-0.428,0.208,0.024,2,352
TRK,1600066,0.43854,-0.81172,-0.25868,0.28615,2.3915,-3.7163,4.7760,-0.441,0.207,0.018,2,352
TRK,1600087,0.47159,-0.79289,-0.25218,0.29211,2.3813,-3.7119,4.7763,-0.471,0.189,0.012,2,352
TRK,1600107,0.50093,-0.77847,-0.23829,0.29371,2.3719,-3.7083,4.7765,-0.478,0.172,0.011,2,352
TRK,1600126,0.52120,-0.76834,-0.22352,0.29670,2.3636,-3.7055,4.7768,-0.482,0.165,0.021,2,352
TRK,1600148,0.55330,-0.74959,-0.20160,0.30221,2.3526,-3.7015,4.7773,-0.503,0.181,0.020,2,352
TRK,1600167,0.58522,-0.73078,-0.18093,0.30125,2.3425,-3.6979,4.7777,-0.514,0.173,0.020,2,352
TRK,1600185,0.61271,-0.71220,-0.16678,0.29923,2.3335,-3.6950,4.7780,-0.526,0.159,0.023,2,352
TRK,1600207,0.63481,-0.69752,-0.15290,0.29514,2.3215,-3.6918,4.7785,-0.555,0.131,0.018,2,352
TRK,1600228,0.65450,-0.68370,-0.13444,0.29346,2.3090,-3.6889,4.7791,-0.562,0.132,0.031,2,352
TRK,1600247,0.67637,-0.66763,-0.11133,0.29052,2.2993,-3.6865,4.7797,-0.550,0.158,0.047,2,352
TRK,1600265,0.69945,-0.64976,-0.08768,0.28442,2.2889,-3.6832,4.7807,-0.499,0.158,0.056,2,352
STAT,404.5,401.0,2,4,0,2.1630,195.417,0.1215,0.1279,-0.0732,9.6086,0.42,0.006
TRK,1600286,0.72067,-0.63590,-0.06968,0.26722,2.2795,-3.6799,4.7820,-0.459,0.174,0.074,2,352
TRK,1600306,0.74134,-0.62208,-0.05692,0.24534,2.2704,-3.6766,4.7836,-0.468,0.146,0.075,2,352
TRK,1600327,0.75212,-0.61479,-0.04912,0.23223,2.2596,-3.6738,4.7852,-0.507,0.108,0.067,2,352
TRK,1600346,0.75654,-0.61205,-0.03842,0.22708,2.2504,-3.6722,4.7864,-0.547,0.082,0.085,2,352
TRK,1600365,0.76418,-0.60545,-0.01839,0.22165,2.2399,-3.6708,4.7886,-0.501,0.055,0.139,2,352
TRK,1600385,0.77100,-0.59980,-0.00063,0.21402,2.2310,-3.6701,4.7920,-0.383,0.012,0.205,2,352
TRK,1600408,0.77295,-0.60096,0.00827,0.20332,2.2243,-3.6705,4.7974,-0.228,-0.037,0.279,2,352
TRK,1600426,0.77412,-0.60285,0.00709,0.19305,2.2207,-3.6711,4.8032,-0.139,-0.024,0.298,2,352
TRK,1600446,0.77542,-0.60452,0.00118,0.18241,2.2187,-3.6714,4.8089,-0.064,0.003,0.271,2,352
TRK,1600466,0.77757,-0.60544,-0.00446,0.16974,2.2182,-3.6710,4.8139,0.021,0.030,0.237,2,352
TRK,1600486,0.78007,-0.60344,-0.00834,0.16517,2.2196,-3.6702,4.8185,0.120,0.044,0.220,2,352
TRK,1600507,0.78302,-0.60108,-0.01348,0.15939,2.2228,-3.6693,4.8226,0.192,0.044,0.198,2,352
TRK,1600528,0.78268,-0.60077,-0.02149,0.16137,2.2278,-3.6685,4.8268,0.274,0.029,0.181,2,352
TRK,1600548,0.78158,-0.60308,-0.03255,0.15610,2.2341,-3.6677,4.8299,0.339,0.051,0.126,2,352
TRK,1600568,0.78056,-0.60364,-0.04141,0.15694,2.2407,-3.6666,4.8320,0.322,0.060,0.080,2,352
TRK,1600588,0.78178,-0.60284,-0.04283,0.15351,2.2469,-3.6655,4.8334,0.302,0.057,0.065,2,352
TRK,1600608,0.78491,-0.59773,-0.04485,0.15693,2.2524,-3.6640,4.8344,0.270,0.086,0.038,2,352
TRK,1600628,0.78828,-0.59115,-0.04770,0.16397,2.2575,-3.6624,4.8348,0.239,0.089,0.009,2,352
TRK,1600646,0.79050,-0.58574,-0.05014,0.17179,2.2621,-3.6608,4.8350,0.231,0.070,0.013,2,352
TRK,1600667,0.78876,-0.58480,-0.06139,0.17919,2.2666,-3.6595,4.8355,0.225,0.063,0.041,2,352
TRK,1600687,0.78550,-0.58658,-0.08384,0.17858,2.2708,-3.6582,4.8365,0.193,0.060,0.051,2,352
TRK,1600707,0.76084,-0.61157,-0.11968,0.18105,2.2744,-3.6571,4.8374,0.158,0.088,0.054,2,352
TRK,1600728,0.73908,-0.62844,-0.16067,0.18167,2.2776,-3.6547,4.8389,0.138,0.106,0.084,2,352
TRK,1600747,0.73641,-0.62555,-0.17998,0.18437,2.2794,-3.6525,4.8399,0.085,0.127,0.047,2,352
TRK,1600766,0.75745,-0.59865,-0.17679,0.19141,2.2811,-3.6495,4.8412,0.090,0.188,0.086,2,352
TRK,1600786,0.78337,-0.56732,-0.16673,0.19151,2.2831,-3.6464,4.8431,0.107,0.105,0.093,2,352
TRK,1600806,0.78892,-0.55989,-0.16641,0.19089,2.2850,-3.6448,4.8448,0.085,0.083,0.080,2,352
TRK,1600828,0.79691,-0.55289,-0.16029,0.18317,2.2862,-3.6427,4.8466,-0.002,0.101,0.154,2,352
TRK,1600846,0.82020,-0.51898,-0.15102,0.18741,2.2858,-3.6413,4.8499,-0.031,0.065,0.191,2,352
TRK,1600868,0.83396,-0.49705,-0.14481,0.19101,2.2852,-3.6397,4.8542,-0.018,0.082,0.198,2,352
TRK,1600886,0.84462,-0.47938,-0.13961,0.19319,2.2849,-3.6379,4.8583,-0.004,0.094,0.210,2,352
TRK,1600908,0.84643,-0.47851,-0.13791,0.18857,2.2851,-3.6361,4.8625,0.011,0.088,0.220,2,352
TRK,1600927,0.84557,-0.48125,-0.13729,0.18590,2.2848,-3.6346,4.8669,-0.046,0.064,0.225,2,352
TRK,1600947,0.83727,-0.49672,-0.13847,0.18188,2.2837,-3.6340,4.8714,-0.064,-0.016,0.232,2,352
TRK,1600967,0.78120,-0.58556,-0.14973,0.15630,2.2833,-3.6370,4.8759,0.071,-0.379,0.204,2,352
TRK,1600988,0.64287,-0.74342,-0.15492,0.10023,2.2845,-3.6427,4.8805,0.083,-0.115,0.206,2,352
TRK,1601005,0.56614,-0.80572,-0.15470,0.07981,2.2860,-3.6447,4.8842,0.076,-0.128,0.207,2,352
TRK,1601026,0.43933,-0.88484,-0.14774,0.04700,2.2876,-3.6480,4.8878,0.082,-0.106,0.202,2,352
TRK,1601047,0.42838,-0.88911,-0.16113,0.00261,2.2894,-3.6475,4.8942,0.077,0.048,0.273,2,352
TRK,1601067,0.42219,-0.88982,-0.17311,0.00319,2.2914,-3.6454,4.8993,0.130,0.129,0.268,2,352
TRK,1601087,0.43401,-0.88344,-0.17635,0.00806,2.2937,-3.6432,4.9044,0.095,0.062,0.259,2,352
TRK,1601107,0.44304,-0.88184,-0.16146,0.00090,2.2955,-3.6421,4.9098,0.079,0.064,0.281,2,352
TRK,1601128,0.46000,-0.87554,-0.14617,-0.02150,2.2968,-3.6408,4.9155,0.063,0.081,0.296,2,352
TRK,1601147,0.49917,-0.85398,-0.13614,-0.05493,2.2980,-3.6386,4.9219,0.042,0.140,0.347,2,352
TRK,1601168,0.56381,-0.80861,-0.13762,-0.09660,2.2984,-3.6352,4.9292,-0.003,0.136,0.282,2,352
TRK,1601187,0.56183,-0.81096,-0.14082,-0.08277,2.2983,-3.6329,4.9339,-0.004,0.161,0.288,2,352
TRK,1601207,0.57459,-0.80111,-0.15667,-0.05942,2.2981,-3.6297,4.9396,-0.010,0.163,0.293,2,352
TRK,1601228,0.60076,-0.78167,-0.16404,-0.03430,2.2978,-3.6259,4.9463,-0.014,0.181,0.302,2,352
TRK,1601248,0.64141,-0.74983,-0.16170,-0.01386,2.2976,-3.6219,4.9525,-0.011,0.205,0.313,2,352
TRK,1601268,0.67311,-0.72344,-0.15267,0.01571,2.2974,-3.6181,4.9584,-0.012,0.170,0.292,2,352
STAT,404.5,401.0,2,4,0,2.1683,244.773,0.1215,0.1279,-0.0732,9.6086,0.42,0.006
TRK,1601286,0.67429,-0.72136,-0.14551,0.06169,2.2970,-3.6153,4.9634,-0.027,0.138,0.277,2,352
TRK,1601308,0.66479,-0.72599,-0.14276,0.10305,2.2962,-3.6127,4.9700,-0.054,0.095,0.323,2,352
TRK,1601328,0.66271,-0.72714,-0.14581,0.10402,2.2950,-3.6106,4.9764,-0.067,0.157,0.332,2,352
TRK,1601348,0.68455,-0.70380,-0.15072,0.11554,2.2937,-3.6073,4.9831,-0.059,0.113,0.334,2,352
TRK,1601366,0.68805,-0.70043,-0.15135,0.11435,2.2926,-3.6053,4.9898,-0.057,0.119,0.348,2,352
TRK,1601388,0.70298,-0.68400,-0.15703,0.11531,2.2913,-3.6033,4.9976,-0.057,0.082,0.355,2,352
TRK,1601408,0.72194,-0.66293,-0.16212,0.11423,2.2902,-3.6017,5.0047,-0.055,0.078,0.362,2,352
TRK,1601428,0.74405,-0.63842,-0.16243,0.11142,2.2891,-3.6002,5.0119,-0.050,0.077,0.364,2,352
TRK,1601447,0.76242,-0.61820,-0.15663,0.10961,2.2883,-3.5988,5.0182,-0.049,0.077,0.366,2,352
TRK,1601466,0.77954,-0.60089,-0.14380,0.10284,2.2873,-3.5972,5.0254,-0.049,0.089,0.368,2,352
TRK,1601490,0.78878,-0.58821,-0.13821,0.11282,2.2860,-3.5947,5.0346,-0.053,0.104,0.375,2,352
TRK,1601508,0.79810,-0.57492,-0.13373,0.12091,2.2851,-3.5930,5.0412,-0.053,0.097,0.383,2,352
TRK,1601525,0.80989,-0.55814,-0.12940,0.12576,2.2841,-3.5913,5.0479,-0.055,0.094,0.391,2,352
TRK,1601545,0.82567,-0.53530,-0.12315,0.12863,2.2831,-3.5895,5.0557,-0.053,0.091,0.395,2,352
TRK,1601566,0.84496,-0.50523,-0.11292,0.13430,2.2821,-3.5877,5.0635,-0.051,0.089,0.400,2,352
TRK,1601587,0.86399,-0.47125,-0.10774,0.14084,2.2811,-3.5860,5.0726,-0.022,0.031,0.415,2,352
TRK,1601607,0.86522,-0.47024,-0.10807,0.13638,2.2808,-3.5863,5.0809,-0.011,-0.018,0.425,2,352
TRK,1601627,0.86314,-0.47617,-0.10585,0.13058,2.2806,-3.5860,5.0894,-0.014,0.050,0.431,2,352
TRK,1601647,0.86296,-0.47788,-0.09937,0.13061,2.2804,-3.5848,5.0980,-0.006,0.068,0.443,2,352
TRK,1601667,0.86415,-0.47604,-0.09722,0.13106,2.2800,-3.5830,5.1069,-0.042,0.113,0.451,2,352
TRK,1601685,0.87104,-0.46290,-0.09427,0.13463,2.2790,-3.5808,5.1158,-0.063,0.108,0.457,2,352
TRK,1601706,0.88547,-0.44056,-0.08195,0.12299,2.2777,-3.5787,5.1249,-0.065,0.101,0.461,2,352
TRK,1601727,0.90444,-0.40812,-0.06553,0.10549,2.2767,-3.5766,5.1341,-0.045,0.106,0.466,2,352
TRK,1601746,0.92550,-0.36791,-0.04641,0.07701,2.2759,-3.5745,5.1434,-0.025,0.109,0.472,2,352
TRK,1601766,0.94156,-0.33148,-0.02792,0.05303,2.2755,-3.5726,5.1529,-0.021,0.087,0.488,2,352
TRK,1601788,0.94510,-0.32512,-0.01855,0.02706,2.2755,-3.5712,5.1640,0.004,0.055,0.506,2,352
TRK,1601807,0.94760,-0.31919,-0.00872,0.00965,2.2749,-3.5694,5.1741,-0.068,0.122,0.512,2,352
TRK,1601827,0.95660,-0.29108,0.01125,-0.00836,2.2732,-3.5670,5.1843,-0.098,0.118,0.520,2,352
TRK,1601847,0.96091,-0.27564,0.02333,-0.01187,2.2712,-3.5649,5.1947,-0.097,0.099,0.533,2,352
TRK,1601867,0.96265,-0.26941,0.02658,0.00351,2.2697,-3.5628,5.2053,-0.055,0.135,0.539,2,352
TRK,1601887,0.97661,-0.20723,0.04056,0.04061,2.2686,-3.5588,5.2159,-0.035,0.233,0.521,2,352
TRK,1601908,0.98927,-0.11921,0.02985,0.07907,2.2685,-3.5536,5.2270,0.014,0.212,0.480,2,352
TRK,1601927,0.99573,-0.01596,0.01493,0.08964,2.2683,-3.5505,5.2353,-0.043,0.138,0.517,2,352
TRK,1601946,0.99588,-0.01359,0.01787,0.08791,2.2674,-3.5484,5.2464,-0.047,0.093,0.559,2,352
TRK,1601966,0.99625,-0.01856,0.00474,0.08442,2.2664,-3.5463,5.2575,-0.051,0.115,0.568,2,352
TRK,1601986,0.99607,-0.02265,-0.00646,0.08537,2.2654,-3.5441,5.2688,-0.057,0.119,0.582,2,352
TRK,1602006,0.99456,-0.02376,-0.01001,0.10092,2.2641,-3.5418,5.2805,-0.057,0.114,0.592,2,352
TRK,1602028,0.99351,-0.02514,-0.01463,0.10998,2.2631,-3.5392,5.2938,-0.044,0.106,0.603,2,352
TRK,1602048,0.99327,-0.02657,-0.01874,0.11112,2.2622,-3.5372,5.3059,-0.044,0.107,0.616,2,352
TRK,1602068,0.99286,-0.02670,-0.01932,0.11464,2.2613,-3.5350,5.3182,-0.045,0.116,0.627,2,352
TRK,1602086,0.99268,-0.02593,-0.01733,0.11667,2.2605,-3.5327,5.3307,-0.036,0.115,0.638,2,352
TRK,1602108,0.99293,-0.02522,-0.01535,0.11495,2.2603,-3.5321,5.3339,0.000,0.000,0.000,3,352
TRK,1602127,0.99318,-0.02462,-0.01363,0.11311,2.2603,-3.5321,5.3339,0.000,0.000,0.000,3,352
TRK,1602148,0.99318,-0.02313,-0.00902,0.11394,2.2603,-3.5321,5.3339,0.000,0.000,0.000,3,352
TRK,1602167,0.99304,-0.02137,-0.00369,0.11578,2.2603,-3.5321,5.3339,0.000,0.000,0.000,3,352
TRK,1602185,0.99300,-0.02111,-0.00307,0.11620,2.2603,-3.5321,5.3339,0.000,0.000,0.000,3,352
TRK,1602205,0.99335,-0.02141,-0.00411,0.11309,2.2603,-3.5321,5.3339,0.000,0.000,0.000,3,352
TRK,1602227,0.99364,-0.02170,-0.00506,0.11039,2.2603,-3.5321,5.3339,0.000,0.000,0.000,3,352
TRK,1602247,0.99363,-0.02185,-0.00552,0.11039,2.2603,-3.5321,5.3339,0.000,0.000,0.000,3,352
TRK,1602266,0.99362,-0.02199,-0.00584,0.11042,2.2603,-3.5321,5.3339,0.000,0.000,0.000,3,352
STAT,403.9,400.4,2,4,0,0.2891,10.273,0.1215,0.1279,-0.0732,9.6086,0.42,0.006
TRK,1602285,0.99359,-0.02238,-0.00696,0.11058,2.2603,-3.5321,5.3339,0.000,0.000,0.000,3,352
TRK,1602308,0.99346,-0.02246,-0.00720,0.11176,2.2603,-3.5321,5.3339,0.000,0.000,0.000,3,352
TRK,1602327,0.99325,-0.02234,-0.00710,0.11359,2.2603,-3.5321,5.3339,0.000,0.000,0.000,3,352
TRK,1602345,0.99306,-0.02229,-0.00710,0.11523,2.2603,-3.5321,5.3339,0.000,0.000,0.000,3,352
TRK,1602367,0.99294,-0.02247,-0.00778,0.11621,2.2603,-3.5321,5.3339,0.000,0.000,0.000,3,352
TRK,1602388,0.99291,-0.02257,-0.00815,0.11644,2.2603,-3.5321,5.3339,0.000,0.000,0.000,3,352
TRK,1602407,0.99290,-0.02275,-0.00868,0.11644,2.2603,-3.5321,5.3339,0.000,0.000,0.000,3,352
TRK,1602425,0.99289,-0.02297,-0.00936,0.11642,2.2603,-3.5321,5.3339,0.000,0.000,0.000,3,352
TRK,1602447,0.99286,-0.02330,-0.01044,0.11656,2.2603,-3.5321,5.3339,0.000,0.000,0.000,3,352
TRK,1602466,0.99270,-0.02349,-0.01092,0.11784,2.2603,-3.5321,5.3339,0.000,0.000,0.000,3,352
TRK,1602487,0.99263,-0.02395,-0.01236,0.11819,2.2603,-3.5321,5.3339,0.000,0.000,0.000,3,352
TRK,1602506,0.99257,-0.02449,-0.01416,0.11833,2.2603,-3.5321,5.3339,0.000,0.000,0.000,3,352
TRK,1602525,0.99256,-0.02470,-0.01488,0.11832,2.2603,-3.5321,5.3339,0.000,0.000,0.000,3,352
TRK,1602545,0.99255,-0.02488,-0.01536,0.11830,2.2603,-3.5321,5.3339,0.000,0.000,0.000,3,352
TRK,1602568,0.99254,-0.02493,-0.01547,0.11832,2.2603,-3.5321,5.3339,0.000,0.000,0.000,3,352
TRK,1602587,0.99253,-0.02513,-0.01606,0.11831,2.2603,-3.5321,5.3339,0.000,0.000,0.000,3,352
TRK,1602605,0.99244,-0.02489,-0.01546,0.11915,2.2603,-3.5321,5.3339,0.000,0.000,0.000,3,352
TRK,1602627,0.99236,-0.02505,-0.01610,0.11971,2.2603,-3.5321,5.3339,0.000,0.000,0.000,3,352
TRK,1602648,0.99233,-0.02577,-0.01741,0.11962,2.2603,-3.5321,5.3339,0.000,0.000,0.000,1,353
TRK,1602667,0.99231,-0.02651,-0.01773,0.11963,2.2603,-3.5321,5.3339,0.000,0.000,0.000,1,353
TRK,1602685,0.99228,-0.02725,-0.01785,0.11963,2.2603,-3.5321,5.3339,0.000,0.000,0.000,1,353
TRK,1602706,0.99224,-0.02841,-0.01833,0.11964,2.2603,-3.5321,5.3339,0.000,0.000,0.000,1,353
TRK,1602726,0.99222,-0.02887,-0.01858,0.11963,2.2603,-3.5321,5.3339,0.000,0.000,0.000,1,353
TRK,1602748,0.99221,-0.02912,-0.01917,0.11962,2.2603,-3.5321,5.3339,0.000,0.000,0.000,1,353
TRK,1602766,0.99219,-0.02948,-0.01986,0.11960,2.2603,-3.5321,5.3339,0.000,0.000,0.000,1,353
TRK,1602785,0.99217,-0.02978,-0.02039,0.11959,2.2603,-3.5321,5.3339,0.000,0.000,0.000,1,353
TRK,1602808,0.99216,-0.02998,-0.02071,0.11958,2.2603,-3.5321,5.3339,0.000,0.000,0.000,1,353
TRK,1602827,0.99215,-0.03003,-0.02070,0.11959,2.2603,-3.5321,5.3339,0.000,0.000,0.000,1,353
TRK,1602845,0.99215,-0.03024,-0.02079,0.11959,2.2603,-3.5321,5.3339,0.000,0.000,0.000,1,353
TRK,1602867,0.99214,-0.03028,-0.02085,0.11959,2.2603,-3.5321,5.3339,0.000,0.000,0.000,1,353
TRK,1602888,0.99213,-0.03044,-0.02131,0.11957,2.2603,-3.5321,5.3339,0.000,0.000,0.000,1,353
TRK,1602907,0.99212,-0.03056,-0.02153,0.11957,2.2603,-3.5321,5.3339,0.000,0.000,0.000,1,353
TRK,1602925,0.99212,-0.03067,-0.02159,0.11957,2.2603,-3.5321,5.3339,0.000,0.000,0.000,1,353
TRK,1602945,0.99212,-0.03070,-0.02158,0.11957,2.2603,-3.5321,5.3339,0.000,0.000,0.000,1,353
TRK,1602966,0.99211,-0.03073,-0.02172,0.11956,2.2603,-3.5321,5.3339,0.000,0.000,0.000,1,353
TRK,1602986,0.99211,-0.03076,-0.02187,0.11956,2.2603,-3.5321,5.3339,0.000,0.000,0.000,1,353
TRK,1603006,0.99211,-0.03076,-0.02191,0.11956,2.2603,-3.5321,5.3339,0.000,0.000,0.000,1,353
TRK,1603028,0.99211,-0.03077,-0.02204,0.11955,2.2603,-3.5321,5.3339,0.000,0.000,0.000,1,353
TRK,1603048,0.99210,-0.03081,-0.02232,0.11955,2.2603,-3.5321,5.3339,0.000,0.000,0.000,1,353
TRK,1603067,0.99210,-0.03081,-0.02245,0.11954,2.2603,-3.5321,5.3339,0.000,0.000,0.000,1,353
TRK,1603087,0.99210,-0.03079,-0.02250,0.11954,2.2603,-3.5321,5.3339,0.000,0.000,0.000,1,353
TRK,1603108,0.99210,-0.03075,-0.02254,0.11954,2.2603,-3.5321,5.3339,0.000,0.000,0.000,1,353
TRK,1603128,0.99210,-0.03067,-0.02252,0.11954,2.2603,-3.5321,5.3339,0.000,0.000,0.000,1,353
TRK,1603147,0.99210,-0.03062,-0.02249,0.11954,2.2603,-3.5321,5.3339,0.000,0.000,0.000,1,353
TRK,1603166,0.99210,-0.03061,-0.02253,0.11954,2.2603,-3.5321,5.3339,0.000,0.000,0.000,1,353
TRK,1603186,0.99210,-0.03063,-0.02263,0.11953,2.2603,-3.5321,5.3339,0.000,0.000,0.000,1,353
TRK,1603206,0.99210,-0.03062,-0.02260,0.11953,2.2603,-3.5321,5.3339,0.000,0.000,0.000,1,353
TRK,1603226,0.99210,-0.03060,-0.02244,0.11954,2.2603,-3.5321,5.3339,0.000,0.000,0.000,1,353
TRK,1603247,0.99211,-0.03058,-0.02238,0.11954,2.2603,-3.5321,5.3339,0.000,0.000,0.000,1,353
TRK,1603267,0.99210,-0.03062,-0.02240,0.11954,2.2603,-3.5321,5.3339,0.000,0.000,0.000,1,353
STAT,403.9,400.4,2,4,0,0.0280,0.546,0.1198,0.1119,-0.0689,10.0768,3.55,0.000
TRK,1603287,0.99210,-0.03069,-0.02244,0.11954,2.2603,-3.5321,5.3339,0.000,0.000,0.000,1,353
TRK,1603307,0.99211,-0.03061,-0.02229,0.11954,2.2603,-3.5321,5.3339,0.000,0.000,0.000,1,353
TRK,1603327,0.99211,-0.03059,-0.02220,0.11955,2.2603,-3.5321,5.3339,0.000,0.000,0.000,1,353
TRK,1603345,0.99211,-0.03062,-0.02224,0.11955,2.2603,-3.5321,5.3339,0.000,0.000,0.000,1,353
TRK,1603365,0.99210,-0.03074,-0.02258,0.11954,2.2603,-3.5321,5.3339,0.000,0.000,0.000,1,353
TRK,1603385,0.99209,-0.03077,-0.02274,0.11953,2.2603,-3.5321,5.3339,0.000,0.000,0.000,1,353
TRK,1603407,0.99209,-0.03083,-0.02288,0.11953,2.2603,-3.5321,5.3339,0.000,0.000,0.000,1,353
TRK,1603426,0.99209,-0.03084,-0.02290,0.11953,2.2603,-3.5321,5.3339,0.000,0.000,0.000,1,353
TRK,1603447,0.99209,-0.03084,-0.02279,0.11953,2.2603,-3.5321,5.3339,0.000,0.000,0.000,1,353
TRK,1603466,0.99209,-0.03086,-0.02284,0.11953,2.2603,-3.5321,5.3339,0.000,0.000,0.000,1,353
TRK,1603488,0.99208,-0.03090,-0.02293,0.11953,2.2603,-3.5321,5.3339,0.000,0.000,0.000,1,353
TRK,1603506,0.99208,-0.03093,-0.02310,0.11952,2.2603,-3.5321,5.3339,0.000,0.000,0.000,1,353
TRK,1603528,0.99209,-0.03047,-0.02318,0.11951,2.2603,-3.5321,5.3339,0.000,0.000,0.000,1,353
TRK,1603546,0.99209,-0.03048,-0.02318,0.11951,2.2603,-3.5321,5.3339,0.000,0.000,0.000,1,353
TRK,1603568,0.99209,-0.03047,-0.02321,0.11951,2.2603,-3.5321,5.3339,0.000,0.000,0.000,1,353
TRK,1603587,0.99209,-0.03046,-0.02323,0.11951,2.2603,-3.5321,5.3339,0.000,0.000,0.000,1,353
TRK,1603605,0.99209,-0.03048,-0.02316,0.11951,2.2603,-3.5321,5.3339,0.000,0.000,0.000,1,353
TRK,1603625,0.99209,-0.03088,-0.02282,0.11953,2.2603,-3.5321,5.3339,0.000,0.000,0.000,1,353
TRK,1603645,0.99209,-0.03096,-0.02278,0.11953,2.2603,-3.5321,5.3339,0.000,0.000,0.000,1,353
TRK,1603665,0.99208,-0.03112,-0.02287,0.11953,2.2603,-3.5321,5.3339,0.000,0.000,0.000,1,353
TRK,1603687,0.99207,-0.03124,-0.02301,0.11953,2.2603,-3.5321,5.3339,0.000,0.000,0.000,1,353
TRK,1603707,0.99207,-0.03127,-0.02295,0.11953,2.2603,-3.5321,5.3339,0.000,0.000,0.000,1,353
TRK,1603726,0.99208,-0.03123,-0.02285,0.11954,2.2603,-3.5321,5.3339,0.000,0.000,0.000,1,353
TRK,1603748,0.99208,-0.03119,-0.02277,0.11954,2.2603,-3.5321,5.3339,0.000,0.000,0.000,1,353
TRK,1603766,0.99208,-0.03116,-0.02273,0.11954,2.2603,-3.5321,5.3339,0.000,0.000,0.000,1,353
TRK,1603785,0.99208,-0.03117,-0.02281,0.11954,2.2603,-3.5321,5.3339,0.000,0.000,0.000,1,353
TRK,1603805,0.99209,-0.03104,-0.02265,0.11954,2.2603,-3.5321,5.3339,0.000,0.000,0.000,1,353
TRK,1603828,0.99209,-0.03099,-0.02268,0.11954,2.2603,-3.5321,5.3339,0.000,0.000,0.000,1,353
TRK,1603847,0.99209,-0.03095,-0.02280,0.11953,2.2603,-3.5321,5.3339,0.000,0.000,0.000,1,353
TRK,1603868,0.99208,-0.03092,-0.02295,0.11953,2.2603,-3.5321,5.3339,0.000,0.000,0.000,1,353
TRK,1603887,0.99208,-0.03090,-0.02305,0.11952,2.2603,-3.5321,5.3339,0.000,0.000,0.000,1,353
TRK,1603906,0.99209,-0.03084,-0.02299,0.11952,2.2603,-3.5321,5.3339,0.000,0.000,0.000,1,353
TRK,1603928,0.99209,-0.03085,-0.02284,0.11953,2.2603,-3.5321,5.3339,0.000,0.000,0.000,1,353
TRK,1603948,0.99209,-0.03086,-0.02277,0.11953,2.2603,-3.5321,5.3339,0.000,0.000,0.000,1,353
TRK,1603968,0.99209,-0.03088,-0.02280,0.11953,2.2603,-3.5321,5.3339,0.000,0.000,0.000,1,353
TRK,1603986,0.99209,-0.03092,-0.02289,0.11953,2.2603,-3.5321,5.3339,0.000,0.000,0.000,1,353
TRK,1604008,0.99208,-0.03088,-0.02298,0.11953,2.2603,-3.5321,5.3339,0.000,0.000,0.000,1,353
TRK,1604026,0.99209,-0.03083,-0.02302,0.11952,2.2603,-3.5321,5.3339,0.000,0.000,0.000,1,353
TRK,1604048,0.99209,-0.03080,-0.02304,0.11952,2.2603,-3.5321,5.3339,0.000,0.000,0.000,1,353
TRK,1604066,0.99209,-0.03078,-0.02309,0.11952,2.2603,-3.5321,5.3339,0.000,0.000,0.000,1,353
TRK,1604086,0.99209,-0.03076,-0.02303,0.11952,2.2603,-3.5321,5.3339,0.000,0.000,0.000,1,353
TRK,1604106,0.99209,-0.03078,-0.02308,0.11952,2.2603,-3.5321,5.3339,0.000,0.000,0.000,1,353
TRK,1604126,0.99208,-0.03080,-0.02314,0.11952,2.2603,-3.5321,5.3339,0.000,0.000,0.000,1,353
TRK,1604145,0.99208,-0.03085,-0.02328,0.11951,2.2603,-3.5321,5.3339,0.000,0.000,0.000,1,353
TRK,1604165,0.99208,-0.03085,-0.02333,0.11951,2.2603,-3.5321,5.3339,0.000,0.000,0.000,1,353
TRK,1604187,0.99208,-0.03084,-0.02328,0.11951,2.2603,-3.5321,5.3339,0.000,0.000,0.000,1,353
TRK,1604207,0.99208,-0.03082,-0.02312,0.11952,2.2603,-3.5321,5.3339,0.000,0.000,0.000,1,353
TRK,1604226,0.99208,-0.03087,-0.02312,0.11952,2.2603,-3.5321,5.3339,0.000,0.000,0.000,1,353
TRK,1604245,0.99208,-0.03092,-0.02325,0.11952,2.2603,-3.5321,5.3339,0.000,0.000,0.000,1,353
TRK,1604268,0.99208,-0.03092,-0.02333,0.11951,2.2603,-3.5321,5.3339,0.000,0.000,0.000,1,353
STAT,404.1,400.6,2,4,0,0.0334,0.711,0.0986,0.0920,-0.0852,10.1400,3.55,0.000
TRK,1604287,0.99208,-0.03090,-0.02331,0.11951,2.2603,-3.5321,5.3339,0.000,0.000,0.000,1,353
TRK,1604306,0.99208,-0.03088,-0.02338,0.11951,2.2603,-3.5321,5.3339,0.000,0.000,0.000,1,353
TRK,1604327,0.99208,-0.03082,-0.02346,0.11951,2.2603,-3.5321,5.3339,0.000,0.000,0.000,1,353
TRK,1604348,0.99208,-0.03081,-0.02350,0.11951,2.2603,-3.5321,5.3339,0.000,0.000,0.000,1,353
TRK,1604367,0.99208,-0.03080,-0.02345,0.11951,2.2603,-3.5321,5.3339,0.000,0.000,0.000,1,353
TRK,1604385,0.99208,-0.03078,-0.02337,0.11951,2.2603,-3.5321,5.3339,0.000,0.000,0.000,1,353
TRK,1604405,0.99208,-0.03077,-0.02330,0.11951,2.2603,-3.5321,5.3339,0.000,0.000,0.000,1,353
TRK,1604426,0.99208,-0.03077,-0.02328,0.11951,2.2603,-3.5321,5.3339,0.000,0.000,0.000,1,353
TRK,1604446,0.99208,-0.03076,-0.02327,0.11951,2.2603,-3.5321,5.3339,0.000,0.000,0.000,1,353
TRK,1604467,0.99208,-0.03069,-0.02332,0.11951,2.2603,-3.5321,5.3339,0.000,0.000,0.000,1,353
TRK,1604487,0.99208,-0.03066,-0.02338,0.11951,2.2603,-3.5321,5.3339,0.000,0.000,0.000,1,353
TRK,1604507,0.99208,-0.03061,-0.02352,0.11950,2.2603,-3.5321,5.3339,0.000,0.000,0.000,1,353
TRK,1604527,0.99208,-0.03057,-0.02365,0.11950,2.2603,-3.5321,5.3339,0.000,0.000,0.000,1,353
TRK,1604547,0.99208,-0.03052,-0.02368,0.11949,2.2603,-3.5321,5.3339,0.000,0.000,0.000,1,353
TRK,1604568,0.99208,-0.03054,-0.02366,0.11950,2.2603,-3.5321,5.3339,0.000,0.000,0.000,1,353
TRK,1604588,0.99208,-0.03055,-0.02373,0.11949,2.2603,-3.5321,5.3339,0.000,0.000,0.000,1,353
TRK,1604607,0.99208,-0.03062,-0.02380,0.11949,2.2603,-3.5321,5.3339,0.000,0.000,0.000,1,353
TRK,1604626,0.99207,-0.03070,-0.02388,0.11949,2.2603,-3.5321,5.3339,0.000,0.000,0.000,1,353
TRK,1604646,0.99207,-0.03075,-0.02394,0.11949,2.2603,-3.5321,5.3339,0.000,0.000,0.000,1,353
TRK,1604666,0.99208,-0.03070,-0.02371,0.11950,2.2603,-3.5321,5.3339,0.000,0.000,0.000,1,353
TRK,1604686,0.99208,-0.03065,-0.02353,0.11950,2.2603,-3.5321,5.3339,0.000,0.000,0.000,1,353
TRK,1604706,0.99208,-0.03072,-0.02357,0.11950,2.2603,-3.5321,5.3339,0.000,0.000,0.000,1,353
TRK,1604726,0.99207,-0.03080,-0.02377,0.11950,2.2603,-3.5321,5.3339,0.000,0.000,0.000,1,353
TRK,1604746,0.99207,-0.03085,-0.02379,0.11950,2.2603,-3.5321,5.3339,0.000,0.000,0.000,1,353
TRK,1604765,0.99207,-0.03083,-0.02378,0.11950,2.2603,-3.5321,5.3339,0.000,0.000,0.000,1,353
TRK,1604785,0.99207,-0.03079,-0.02373,0.11950,2.2603,-3.5321,5.3339,0.000,0.000,0.000,1,353
TRK,1604805,0.99207,-0.03075,-0.02377,0.11950,2.2603,-3.5321,5.3339,0.000,0.000,0.000,1,353
TRK,1604825,0.99207,-0.03072,-0.02379,0.11949,2.2603,-3.5321,5.3339,0.000,0.000,0.000,1,353
TRK,1604845,0.99208,-0.03065,-0.02376,0.11949,2.2603,-3.5321,5.3339,0.000,0.000,0.000,1,353
TRK,1604865,0.99208,-0.03062,-0.02373,0.11950,2.2603,-3.5321,5.3339,0.000,0.000,0.000,1,353
TRK,1604885,0.99208,-0.03058,-0.02371,0.11949,2.2603,-3.5321,5.3339,0.000,0.000,0.000,1,353
TRK,1604907,0.99208,-0.03058,-0.02365,0.11950,2.2603,-3.5321,5.3339,0.000,0.000,0.000,1,353
TRK,1604926,0.99208,-0.03057,-0.02355,0.11950,2.2603,-3.5321,5.3339,0.000,0.000,0.000,1,353
TRK,1604947,0.99209,-0.03056,-0.02347,0.11950,2.2603,-3.5321,5.3339,0.000,0.000,0.000,1,353
TRK,1604967,0.99209,-0.03054,-0.02342,0.11950,2.2603,-3.5321,5.3339,0.000,0.000,0.000,1,353
TRK,1604987,0.99209,-0.03051,-0.02336,0.11951,2.2603,-3.5321,5.3339,0.000,0.000,0.000,1,353
TRK,1605007,0.99209,-0.03047,-0.02341,0.11950,2.2603,-3.5321,5.3339,0.000,0.000,0.000,1,353
TRK,1605027,0.99209,-0.03042,-0.02345,0.11950,2.2603,-3.5321,5.3339,0.000,0.000,0.000,1,353
TRK,1605046,0.99209,-0.03043,-0.02352,0.11950,2.2603,-3.5321,5.3339,0.000,0.000,0.000,1,353
TRK,1605066,0.99209,-0.03048,-0.02359,0.11950,2.2603,-3.5321,5.3339,0.000,0.000,0.000,1,353
TRK,1605086,0.99209,-0.03049,-0.02358,0.11950,2.2603,-3.5321,5.3339,0.000,0.000,0.000,1,353
TRK,1605106,0.99209,-0.03052,-0.02353,0.11950,2.2603,-3.5321,5.3339,0.000,0.000,0.000,1,353
TRK,1605126,0.99209,-0.03052,-0.02348,0.11950,2.2603,-3.5321,5.3339,0.000,0.000,0.000,1,353
TRK,1605146,0.99209,-0.03053,-0.02339,0.11950,2.2603,-3.5321,5.3339,0.000,0.000,0.000,1,353
TRK,1605165,0.99209,-0.03048,-0.02340,0.11950,2.2603,-3.5321,5.3339,0.000,0.000,0.000,1,353
TRK,1605185,0.99209,-0.03045,-0.02345,0.11950,2.2603,-3.5321,5.3339,0.000,0.000,0.000,1,353
TRK,1605205,0.99209,-0.03042,-0.02348,0.11950,2.2603,-3.5321,5.3339,0.000,0.000,0.000,1,353
TRK,1605225,0.99209,-0.03042,-0.02344,0.11950,2.2603,-3.5321,5.3339,0.000,0.000,0.000,1,353
TRK,1605245,0.99209,-0.03044,-0.02345,0.11950,2.2603,-3.5321,5.3339,0.000,0.000,0.000,1,353
TRK,1605265,0.99209,-0.03048,-0.02343,0.11950,2.2603,-3.5321,5.3339,0.000,0.000,0.000,1,353
STAT,404.1,400.6,2,4,0,0.0170,0.268,0.1064,0.1002,-0.0908,10.1467,3.55,0.000
TRK,1605285,0.99209,-0.03046,-0.02340,0.11950,2.2603,-3.5321,5.3339,0.000,0.000,0.000,1,353
TRK,1605305,0.99209,-0.03045,-0.02337,0.11950,2.2603,-3.5321,5.3339,0.000,0.000,0.000,1,353
TRK,1605325,0.99209,-0.03046,-0.02343,0.11950,2.2603,-3.5321,5.3339,0.000,0.000,0.000,1,353
TRK,1605345,0.99209,-0.03046,-0.02352,0.11950,2.2603,-3.5321,5.3339,0.000,0.000,0.000,1,353
TRK,1605365,0.99209,-0.03047,-0.02347,0.11950,2.2603,-3.5321,5.3339,0.000,0.000,0.000,1,353
TRK,1605385,0.99209,-0.03043,-0.02345,0.11950,2.2603,-3.5321,5.3339,0.000,0.000,0.000,1,353
TRK,1605405,0.99209,-0.03042,-0.02348,0.11950,2.2603,-3.5321,5.3339,0.000,0.000,0.000,1,353
TRK,1605425,0.99209,-0.03042,-0.02353,0.11950,2.2603,-3.5321,5.3339,0.000,0.000,0.000,1,353
TRK,1605445,0.99209,-0.03042,-0.02356,0.11950,2.2603,-3.5321,5.3339,0.000,0.000,0.000,1,353
TRK,1605465,0.99209,-0.03039,-0.02352,0.11950,2.2603,-3.5321,5.3339,0.000,0.000,0.000,1,353
TRK,1605488,0.99209,-0.03045,-0.02355,0.11950,2.2603,-3.5321,5.3339,0.000,0.000,0.000,1,353
TRK,1605507,0.99209,-0.03050,-0.02344,0.11950,2.2603,-3.5321,5.3339,0.000,0.000,0.000,1,353
TRK,1605525,0.99209,-0.03053,-0.02334,0.11951,2.2603,-3.5321,5.3339,0.000,0.000,0.000,1,353
TRK,1605547,0.99209,-0.03060,-0.02326,0.11951,2.2603,-3.5321,5.3339,0.000,0.000,0.000,1,353
TRK,1605566,0.99209,-0.03066,-0.02323,0.11951,2.2603,-3.5321,5.3339,0.000,0.000,0.000,1,353
TRK,1605586,0.99209,-0.03068,-0.02316,0.11952,2.2603,-3.5321,5.3339,0.000,0.000,0.000,1,353
TRK,1605606,0.99209,-0.03065,-0.02305,0.11952,2.2603,-3.5321,5.3339,0.000,0.000,0.000,1,353
TRK,1605626,0.99210,-0.03059,-0.02294,0.11952,2.2603,-3.5321,5.3339,0.000,0.000,0.000,1,353
TRK,1605646,0.99210,-0.03058,-0.02295,0.11952,2.2603,-3.5321,5.3339,0.000,0.000,0.000,1,353
TRK,1605665,0.99209,-0.03058,-0.02307,0.11952,2.2603,-3.5321,5.3339,0.000,0.000,0.000,1,353
TRK,1605685,0.99209,-0.03059,-0.02324,0.11951,2.2603,-3.5321,5.3339,0.000,0.000,0.000,1,353
TRK,1605705,0.99209,-0.03054,-0.02329,0.11951,2.2603,-3.5321,5.3339,0.000,0.000,0.000,1,353
TRK,1605728,0.99209,-0.03055,-0.02332,0.11951,2.2603,-3.5321,5.3339,0.000,0.000,0.000,1,353
TRK,1605747,0.99209,-0.03058,-0.02336,0.11951,2.2603,-3.5321,5.3339,0.000,0.000,0.000,1,353
TRK,1605766,0.99209,-0.03059,-0.02333,0.11951,2.2603,-3.5321,5.3339,0.000,0.000,0.000,1,353
TRK,1605788,0.99209,-0.03060,-0.02323,0.11951,2.2603,-3.5321,5.3339,0.000,0.000,0.000,1,353
TRK,1605808,0.99209,-0.03061,-0.02322,0.11951,2.2603,-3.5321,5.3339,0.000,0.000,0.000,1,353
TRK,1605828,0.99209,-0.03063,-0.02323,0.11951,2.2603,-3.5321,5.3339,0.000,0.000,0.000,1,353
TRK,1605848,0.99209,-0.03059,-0.02333,0.11951,2.2603,-3.5321,5.3339,0.000,0.000,0.000,1,353
TRK,1605868,0.99209,-0.03059,-0.02334,0.11951,2.2603,-3.5321,5.3339,0.000,0.000,0.000,1,353
TRK,1605888,0.99209,-0.03058,-0.02334,0.11951,2.2603,-3.5321,5.3339,0.000,0.000,0.000,1,353
TRK,1605908,0.99209,-0.03051,-0.02322,0.11951,2.2603,-3.5321,5.3339,0.000,0.000,0.000,1,353
TRK,1605928,0.99210,-0.03042,-0.02307,0.11951,2.2603,-3.5321,5.3339,0.000,0.000,0.000,1,353
TRK,1605948,0.99210,-0.03037,-0.02308,0.11951,2.2603,-3.5321,5.3339,0.000,0.000,0.000,1,353
TRK,1605968,0.99210,-0.03035,-0.02317,0.11951,2.2603,-3.5321,5.3339,0.000,0.000,0.000,1,353
TRK,1605988,0.99210,-0.03033,-0.02326,0.11951,2.2603,-3.5321,5.3339,0.000,0.000,0.000,1,353
TRK,1606008,0.99210,-0.03030,-0.02333,0.11950,2.2603,-3.5321,5.3339,0.000,0.000,0.000,1,353
TRK,1606028,0.99210,-0.03030,-0.02335,0.11950,2.2603,-3.5321,5.3339,0.000,0.000,0.000,1,353
TRK,1606048,0.99210,-0.03032,-0.02338,0.11950,2.2603,-3.5321,5.3339,0.000,0.000,0.000,1,353
TRK,1606067,0.99210,-0.03033,-0.02333,0.11950,2.2603,-3.5321,5.3339,0.000,0.000,0.000,1,353
TRK,1606086,0.99210,-0.03032,-0.02323,0.11951,2.2603,-3.5321,5.3339,0.000,0.000,0.000,1,353
TRK,1606106,0.99210,-0.03042,-0.02321,0.11951,2.2603,-3.5321,5.3339,0.000,0.000,0.000,1,353
TRK,1606126,0.99209,-0.03045,-0.02330,0.11951,2.2603,-3.5321,5.3339,0.000,0.000,0.000,1,353
TRK,1606146,0.99209,-0.03045,-0.02326,0.11951,2.2603,-3.5321,5.3339,0.000,0.000,0.000,1,353
TRK,1606166,0.99210,-0.03040,-0.02314,0.11951,2.2603,-3.5321,5.3339,0.000,0.000,0.000,1,353
TRK,1606186,0.99210,-0.03045,-0.02319,0.11951,2.2603,-3.5321,5.3339,0.000,0.000,0.000,1,353
TRK,1606206,0.99209,-0.03048,-0.02317,0.11951,2.2603,-3.5321,5.3339,0.000,0.000,0.000,1,353
TRK,1606226,0.99210,-0.03049,-0.02306,0.11951,2.2603,-3.5321,5.3339,0.000,0.000,0.000,1,353
TRK,1606246,0.99210,-0.03050,-0.02303,0.11952,2.2603,-3.5321,5.3339,0.000,0.000,0.000,1,353
TRK,1606266,0.99210,-0.03048,-0.02303,0.11952,2.2603,-3.5321,5.3339,0.000,0.000,0.000,1,353
STAT,404.1,401.1,2,4,0,0.0208,0.310,0.1038,0.1095,-0.0715,10.1541,3.55,0.000
TRK,1606286,0.99210,-0.03043,-0.02293,0.11952,2.2603,-3.5321,5.3339,0.000,0.000,0.000,1,353
TRK,1606306,0.99210,-0.03042,-0.02292,0.11952,2.2603,-3.5321,5.3339,0.000,0.000,0.000,1,353
TRK,1606326,0.99210,-0.03038,-0.02296,0.11952,2.2603,-3.5321,5.3339,0.000,0.000,0.000,1,353
TRK,1606345,0.99210,-0.03041,-0.02301,0.11951,2.2603,-3.5321,5.3339,0.000,0.000,0.000,1,353
TRK,1606366,0.99210,-0.03041,-0.02296,0.11952,2.2603,-3.5321,5.3339,0.000,0.000,0.000,1,353
TRK,1606386,0.99210,-0.03049,-0.02302,0.11952,2.2603,-3.5321,5.3339,0.000,0.000,0.000,1,353
TRK,1606406,0.99209,-0.03055,-0.02307,0.11952,2.2603,-3.5321,5.3339,0.000,0.000,0.000,1,353
TRK,1606426,0.99209,-0.03057,-0.02306,0.11952,2.2603,-3.5321,5.3339,0.000,0.000,0.000,1,353
TRK,1606446,0.99209,-0.03061,-0.02301,0.11952,2.2603,-3.5321,5.3339,0.000,0.000,0.000,1,353
TRK,1606466,0.99210,-0.03054,-0.02301,0.11952,2.2603,-3.5321,5.3339,0.000,0.000,0.000,1,353
TRK,1606485,0.99210,-0.03048,-0.02301,0.11952,2.2603,-3.5321,5.3339,0.000,0.000,0.000,1,353
TRK,1606505,0.99210,-0.03038,-0.02299,0.11952,2.2603,-3.5321,5.3339,0.000,0.000,0.000,1,353
TRK,1606525,0.99210,-0.03035,-0.02296,0.11952,2.2603,-3.5321,5.3339,0.000,0.000,0.000,1,353
TRK,1606545,0.99210,-0.03034,-0.02300,0.11951,2.2603,-3.5321,5.3339,0.000,0.000,0.000,1,353
TRK,1606565,0.99210,-0.03035,-0.02301,0.11951,2.2603,-3.5321,5.3339,0.000,0.000,0.000,1,353
TRK,1606585,0.99210,-0.03034,-0.02297,0.11951,2.2603,-3.5321,5.3339,0.000,0.000,0.000,1,353
TRK,1606608,0.99210,-0.03035,-0.02298,0.11951,2.2603,-3.5321,5.3339,0.000,0.000,0.000,1,353
TRK,1606628,0.99210,-0.03033,-0.02307,0.11951,2.2603,-3.5321,5.3339,0.000,0.000,0.000,1,353
TRK,1606648,0.99210,-0.03033,-0.02308,0.11951,2.2603,-3.5321,5.3339,0.000,0.000,0.000,1,353
TRK,1606666,0.99210,-0.03032,-0.02305,0.11951,2.2603,-3.5321,5.3339,0.000,0.000,0.000,1,353
TRK,1606688,0.99210,-0.03031,-0.02306,0.11951,2.2603,-3.5321,5.3339,0.000,0.000,0.000,1,353
TRK,1606706,0.99210,-0.03029,-0.02312,0.11951,2.2603,-3.5321,5.3339,0.000,0.000,0.000,1,353
TRK,1606726,0.99210,-0.03026,-0.02316,0.11951,2.2603,-3.5321,5.3339,0.000,0.000,0.000,1,353
TRK,1606746,0.99210,-0.03021,-0.02317,0.11951,2.2603,-3.5321,5.3339,0.000,0.000,0.000,1,353
TRK,1606766,0.99210,-0.03022,-0.02313,0.11951,2.2603,-3.5321,5.3339,0.000,0.000,0.000,1,353
TRK,1606786,0.99210,-0.03026,-0.02308,0.11951,2.2603,-3.5321,5.3339,0.000,0.000,0.000,1,353
TRK,1606806,0.99210,-0.03030,-0.02306,0.11951,2.2603,-3.5321,5.3339,0.000,0.000,0.000,1,353
TRK,1606825,0.99210,-0.03035,-0.02303,0.11951,2.2603,-3.5321,5.3339,0.000,0.000,0.000,1,353
TRK,1606845,0.99210,-0.03040,-0.02307,0.11951,2.2603,-3.5321,5.3339,0.000,0.000,0.000,1,353
TRK,1606865,0.99210,-0.03045,-0.02315,0.11951,2.2603,-3.5321,5.3339,0.000,0.000,0.000,1,353
TRK,1606885,0.99210,-0.03048,-0.02313,0.11951,2.2603,-3.5321,5.3339,0.000,0.000,0.000,1,353
TRK,1606905,0.99210,-0.03046,-0.02301,0.11952,2.2603,-3.5321,5.3339,0.000,0.000,0.000,1,353
TRK,1606925,0.99210,-0.03048,-0.02303,0.11952,2.2603,-3.5321,5.3339,0.000,0.000,0.000,1,353
TRK,1606948,0.99210,-0.03047,-0.02310,0.11951,2.2603,-3.5321,5.3339,0.000,0.000,0.000,1,353
TRK,1606967,0.99210,-0.03045,-0.02307,0.11951,2.2603,-3.5321,5.3339,0.000,0.000,0.000,1,353
TRK,1606985,0.99210,-0.03040,-0.02308,0.11951,2.2603,-3.5321,5.3339,0.000,0.000,0.000,1,353
TRK,1607005,0.99210,-0.03037,-0.02316,0.11951,2.2603,-3.5321,5.3339,0.000,0.000,0.000,1,353
TRK,1607025,0.99210,-0.03035,-0.02321,0.11951,2.2603,-3.5321,5.3339,0.000,0.000,0.000,1,353
TRK,1607045,0.99210,-0.03028,-0.02318,0.11951,2.2603,-3.5321,5.3339,0.000,0.000,0.000,1,353
TRK,1607065,0.99210,-0.03035,-0.02325,0.11951,2.2603,-3.5321,5.3339,0.000,0.000,0.000,1,353
TRK,1607085,0.99210,-0.03035,-0.02327,0.11950,2.2603,-3.5321,5.3339,0.000,0.000,0.000,1,353
TRK,1607105,0.99210,-0.03035,-0.02322,0.11951,2.2603,-3.5321,5.3339,0.000,0.000,0.000,1,353
TRK,1607125,0.99210,-0.03030,-0.02315,0.11951,2.2603,-3.5321,5.3339,0.000,0.000,0.000,1,353
TRK,1607145,0.99210,-0.03032,-0.02314,0.11951,2.2603,-3.5321,5.3339,0.000,0.000,0.000,1,353
TRK,1607165,0.99210,-0.03031,-0.02331,0.11950,2.2603,-3.5321,5.3339,0.000,0.000,0.000,1,353
TRK,1607188,0.99209,-0.03032,-0.02342,0.11950,2.2603,-3.5321,5.3339,0.000,0.000,0.000,1,353
TRK,1607206,0.99210,-0.03029,-0.02344,0.11950,2.2603,-3.5321,5.3339,0.000,0.000,0.000,1,353
TRK,1607228,0.99210,-0.03020,-0.02343,0.11950,2.2603,-3.5321,5.3339,0.000,0.000,0.000,1,353
TRK,1607247,0.99210,-0.03014,-0.02341,0.11950,2.2603,-3.5321,5.3339,0.000,0.000,0.000,1,353
TRK,1607268,0.99210,-0.03007,-0.02337,0.11950,2.2603,-3.5321,5.3339,0.000,0.000,0.000,1,353
STAT,404.1,401.1,2,4,0,0.0190,0.242,0.1018,0.1068,-0.0670,10.1532,3.55,0.000
TRK,1607288,0.99211,-0.03000,-0.02328,0.11950,2.2603,-3.5321,5.3339,0.000,0.000,0.000,1,353
TRK,1607308,0.99211,-0.03001,-0.02315,0.11950,2.2603,-3.5321,5.3339,0.000,0.000,0.000,1,353
TRK,1607328,0.99211,-0.03002,-0.02311,0.11950,2.2603,-3.5321,5.3339,0.000,0.000,0.000,1,353
TRK,1607348,0.99211,-0.03006,-0.02309,0.11951,2.2603,-3.5321,5.3339,0.000,0.000,0.000,1,353
TRK,1607368,0.99211,-0.03013,-0.02306,0.11951,2.2603,-3.5321,5.3339,0.000,0.000,0.000,1,353
TRK,1607388,0.99211,-0.03017,-0.02304,0.11951,2.2603,-3.5321,5.3339,0.000,0.000,0.000,1,353
TRK,1607408,0.99211,-0.03016,-0.02292,0.11951,2.2603,-3.5321,5.3339,0.000,0.000,0.000,1,353
TRK,1607428,0.99211,-0.03020,-0.02282,0.11952,2.2603,-3.5321,5.3339,0.000,0.000,0.000,1,353
TRK,1607447,0.99211,-0.03023,-0.02278,0.11952,2.2603,-3.5321,5.3339,0.000,0.000,0.000,1,353
TRK,1607465,0.99211,-0.03026,-0.02276,0.11952,2.2603,-3.5321,5.3339,0.000,0.000,0.000,1,353
TRK,1607488,0.99211,-0.03026,-0.02252,0.11953,2.2603,-3.5321,5.3339,0.000,0.000,0.000,1,353
TRK,1607507,0.99212,-0.03027,-0.02244,0.11953,2.2603,-3.5321,5.3339,0.000,0.000,0.000,1,353
TRK,1607525,0.99211,-0.03036,-0.02270,0.11952,2.2603,-3.5321,5.3339,0.000,0.000,0.000,1,353
TRK,1607545,0.99210,-0.03041,-0.02302,0.11951,2.2603,-3.5321,5.3339,0.000,0.000,0.000,1,353
TRK,1607565,0.99209,-0.03033,-0.02373,0.11949,2.2603,-3.5321,5.3339,0.000,0.000,0.000,1,353
TRK,1607587,0.99263,-0.03037,-0.02470,0.11467,2.2606,-3.5319,5.3339,0.011,0.014,0.000,2,353
TRK,1607606,0.99375,-0.03026,-0.02471,0.10455,2.2608,-3.5316,5.3339,0.013,0.018,0.001,2,353
TRK,1607627,0.99498,-0.03001,-0.02404,0.09242,2.2612,-3.5311,5.3339,0.023,0.025,0.002,2,353
TRK,1607647,0.99593,-0.02966,-0.02351,0.08180,2.2617,-3.5306,5.3340,0.025,0.024,0.002,2,353
TRK,1607667,0.99662,-0.03062,-0.02322,0.07262,2.2622,-3.5301,5.3341,0.029,0.013,0.011,2,353
TRK,1607687,0.99579,-0.05046,-0.02423,0.07257,2.2629,-3.5301,5.3344,0.038,-0.003,0.024,2,353
TRK,1607707,0.99326,-0.08504,-0.02652,0.07413,2.2637,-3.5303,5.3349,0.046,-0.013,0.026,2,353
TRK,1607727,0.98906,-0.12261,-0.02783,0.07719,2.2647,-3.5306,5.3355,0.058,-0.018,0.028,2,353
TRK,1607745,0.98283,-0.16366,-0.02878,0.08015,2.2657,-3.5309,5.3360,0.062,-0.019,0.028,2,353
TRK,1607767,0.97156,-0.22055,-0.03802,0.07737,2.2677,-3.5316,5.3366,0.112,-0.044,0.037,2,353
TRK,1607788,0.94387,-0.31526,-0.06116,0.07735,2.2701,-3.5327,5.3377,0.090,-0.049,0.047,2,353
TRK,1607805,0.89882,-0.42713,-0.06041,0.07765,2.2722,-3.5336,5.3383,0.210,-0.098,0.029,2,353
TRK,1607826,0.78106,-0.62025,-0.06204,0.03709,2.2767,-3.5392,5.3382,0.240,-0.550,-0.059,2,353
TRK,1607847,0.56769,-0.82140,-0.03935,-0.03847,2.2799,-3.5519,5.3375,-0.008,-0.136,-0.215,2,353
TRK,1607866,0.62628,-0.77950,-0.01224,-0.00141,2.2794,-3.5523,5.3352,-0.037,-0.043,-0.016,2,353
TRK,1607886,0.62070,-0.78380,0.00667,-0.01849,2.2790,-3.5551,5.3336,-0.021,-0.160,-0.170,2,353
TRK,1607907,0.59375,-0.80371,0.02852,-0.02635,2.2783,-3.5578,5.3302,-0.020,-0.073,-0.103,2,353
TRK,1607927,0.62384,-0.77995,0.03758,-0.03293,2.2780,-3.5586,5.3285,-0.015,-0.050,-0.102,2,353
TRK,1607947,0.61126,-0.78946,0.03984,-0.03904,2.2781,-3.5601,5.3262,0.014,-0.076,-0.119,2,353
TRK,1607967,0.61172,-0.78898,0.03988,-0.04130,2.2784,-3.5609,5.3241,0.030,-0.022,-0.096,2,353
TRK,1607986,0.62225,-0.78069,0.03935,-0.04218,2.2791,-3.5617,5.3220,0.032,-0.058,-0.119,2,353
TRK,1608006,0.61526,-0.78639,0.03671,-0.04123,2.2798,-3.5630,5.3196,0.044,-0.065,-0.124,2,353
TRK,1608027,0.60756,-0.79261,0.03377,-0.03862,2.2807,-3.5646,5.3170,0.046,-0.103,-0.134,2,353
TRK,1608047,0.60686,-0.79318,0.03474,-0.03717,2.2816,-3.5670,5.3143,0.052,-0.139,-0.141,2,353
TRK,1608068,0.60764,-0.79256,0.03582,-0.03661,2.2828,-3.5705,5.3110,0.060,-0.173,-0.152,2,353
TRK,1608086,0.60684,-0.79318,0.03564,-0.03658,2.2839,-3.5737,5.3083,0.064,-0.197,-0.161,2,353
TRK,1608105,0.60455,-0.79496,0.03524,-0.03634,2.2853,-3.5779,5.3050,0.069,-0.230,-0.170,2,353
TRK,1608127,0.60442,-0.79504,0.03544,-0.03638,2.2869,-3.5834,5.3012,0.075,-0.267,-0.180,2,353
TRK,1608147,0.60582,-0.79396,0.03568,-0.03659,2.2884,-3.5890,5.2975,0.080,-0.297,-0.190,2,353
TRK,1608167,0.60500,-0.79460,0.03545,-0.03645,2.2900,-3.5952,5.2936,0.085,-0.325,-0.199,2,353
TRK,1608188,0.60237,-0.79665,0.03478,-0.03605,2.2917,-3.6019,5.2896,0.090,-0.356,-0.208,2,353
TRK,1608206,0.60142,-0.79737,0.03460,-0.03592,2.2936,-3.6093,5.2854,0.095,-0.390,-0.217,2,353
TRK,1608227,0.60284,-0.79627,0.03496,-0.03611,2.2955,-3.6173,5.2810,0.100,-0.422,-0.227,2,353
TRK,1608247,0.60328,-0.79593,0.03507,-0.03622,2.2975,-3.6260,5.2764,0.105,-0.450,-0.236,2,353
TRK,1608267,0.55378,-0.83118,0.03968,-0.02990,2.2996,-3.6374,5.2706,0.080,-0.867,-0.406,2,353
STAT,404.1,400.6,2,4,0,12.4708,161.904,0.1153,0.1332,-0.0663,10.1527,3.55,0.000
TRK,1608285,0.48488,-0.87119,0.06849,-0.03516,2.3006,-3.6543,5.2635,0.059,-0.823,-0.339,2,353
TRK,1608306,0.55290,-0.82536,0.09882,-0.05752,2.3022,-3.6691,5.2586,0.090,-0.634,-0.180,2,353
TRK,1608327,0.61698,-0.77465,0.11534,-0.07718,2.3039,-3.6855,5.2543,0.085,-0.851,-0.207,2,353
TRK,1608347,0.58859,-0.79555,0.11573,-0.08525,2.3056,-3.6986,5.2471,0.085,-0.488,-0.507,2,353
TRK,1608368,0.57813,-0.80469,0.11611,-0.06896,2.3083,-3.7089,5.2394,0.171,-0.525,-0.309,2,353
TRK,1608386,0.56305,-0.81816,0.10135,-0.05751,2.3112,-3.7174,5.2338,0.174,-0.478,-0.312,2,353
TRK,1608407,0.59924,-0.79309,0.09122,-0.05996,2.3153,-3.7285,5.2270,0.178,-0.538,-0.333,2,353
TRK,1608428,0.58614,-0.80372,0.08529,-0.05652,2.3188,-3.7403,5.2201,0.181,-0.623,-0.363,2,353
TRK,1608446,0.57166,-0.81486,0.08118,-0.05114,2.3224,-3.7530,5.2128,0.184,-0.666,-0.361,2,353
TRK,1608468,0.58494,-0.80505,0.08335,-0.05292,2.3261,-3.7668,5.2056,0.190,-0.724,-0.371,2,353
TRK,1608487,0.59586,-0.79656,0.08560,-0.05572,2.3299,-3.7813,5.1981,0.196,-0.740,-0.386,2,353
TRK,1608507,0.59008,-0.80104,0.08460,-0.05460,2.3339,-3.7961,5.1903,0.201,-0.757,-0.399,2,353
TRK,1608527,0.57893,-0.80951,0.08254,-0.05219,2.3379,-3.8115,5.1823,0.206,-0.797,-0.407,2,353
TRK,1608548,0.58083,-0.80810,0.08278,-0.05256,2.3426,-3.8298,5.1732,0.211,-0.849,-0.412,2,353
TRK,1608565,0.58975,-0.80133,0.08437,-0.05434,2.3462,-3.8448,5.1660,0.216,-0.873,-0.423,2,353
TRK,1608587,0.59090,-0.80044,0.08462,-0.05459,2.3511,-3.8644,5.1564,0.223,-0.892,-0.439,2,353
TRK,1608607,0.58192,-0.80727,0.08296,-0.05290,2.3556,-3.8824,5.1476,0.228,-0.926,-0.448,2,353
TRK,1608627,0.57956,-0.80905,0.08246,-0.05240,2.3602,-3.9012,5.1387,0.232,-0.970,-0.454,2,353
TRK,1608647,0.58650,-0.80381,0.08379,-0.05365,2.3648,-3.9208,5.1296,0.237,-1.004,-0.464,2,353
TRK,1608668,0.58975,-0.80133,0.08441,-0.05432,2.3696,-3.9408,5.1203,0.243,-1.024,-0.477,2,353
TRK,1608686,0.58403,-0.80568,0.08337,-0.05327,2.3744,-3.9614,5.1108,0.248,-1.053,-0.487,2,353
TRK,1608707,0.57978,-0.80889,0.08251,-0.05236,2.3794,-3.9826,5.1011,0.253,-1.093,-0.494,2,353
TRK,1608728,0.58446,-0.80538,0.08339,-0.05316,2.3851,-4.0074,5.0900,0.259,-1.133,-0.504,2,353
TRK,1608747,0.58775,-0.80286,0.08406,-0.05383,2.3896,-4.0272,5.0811,0.264,-1.155,-0.515,2,353
TRK,1608767,0.58487,-0.80505,0.08354,-0.05333,2.3949,-4.0503,5.0708,0.270,-1.181,-0.526,2,353
TRK,1608788,0.58046,-0.80837,0.08273,-0.05249,2.4010,-4.0770,5.0590,0.275,-1.222,-0.535,2,353
TRK,1608808,0.57293,-0.81408,0.08354,-0.04517,2.4065,-4.1015,5.0481,0.278,-1.272,-0.576,2,353
TRK,1608828,0.52183,-0.84766,0.08777,-0.03834,2.4122,-4.1279,5.0364,0.303,-1.353,-0.597,2,353
TRK,1608848,0.49249,-0.86516,0.08788,-0.03502,2.4182,-4.1544,5.0248,0.299,-1.336,-0.574,2,353
TRK,1608867,0.49348,-0.86467,0.08721,-0.03498,2.4241,-4.1810,5.0135,0.296,-1.353,-0.574,2,353
TRK,1608887,0.49029,-0.86658,0.08650,-0.03422,2.4300,-4.2081,5.0020,0.302,-1.390,-0.601,2,353
TRK,1608908,0.45488,-0.88613,0.08353,-0.02971,2.4360,-4.2358,4.9898,0.306,-1.413,-0.621,2,353
TRK,1608926,0.42032,-0.90320,0.08303,-0.02576,2.4422,-4.2640,4.9774,0.317,-1.429,-0.634,2,353
TRK,1608948,0.36018,-0.92863,0.08678,-0.01947,2.4494,-4.2960,4.9630,0.340,-1.446,-0.655,2,353
TRK,1608968,0.30789,-0.94785,0.08127,-0.01343,2.4563,-4.3248,4.9501,0.352,-1.471,-0.644,2,353
TRK,1608988,0.30140,-0.95011,0.07923,-0.01292,2.4633,-4.3544,4.9376,0.353,-1.511,-0.628,2,353
TRK,1609007,0.31733,-0.94501,0.07755,-0.01586,2.4693,-4.3808,4.9268,0.340,-1.546,-0.631,2,353
TRK,1609026,0.33688,-0.93837,0.07538,-0.01739,2.4760,-4.4118,4.9141,0.331,-1.581,-0.647,2,353
TRK,1609046,0.35233,-0.93322,0.06835,-0.01722,2.4825,-4.4434,4.9012,0.330,-1.616,-0.658,2,353
TRK,1609066,0.37834,-0.92295,0.06822,-0.01906,2.4891,-4.4756,4.8882,0.341,-1.628,-0.656,2,353
TRK,1609086,0.40784,-0.91128,0.05404,-0.01778,2.4962,-4.5069,4.8753,0.373,-1.543,-0.649,2,353
TRK,1609106,0.42829,-0.90274,0.03742,-0.01494,2.5036,-4.5379,4.8622,0.380,-1.597,-0.666,2,353
TRK,1609127,0.44306,-0.89620,0.01976,-0.01139,2.5122,-4.5739,4.8472,0.389,-1.629,-0.684,2,353
TRK,1609148,0.46094,-0.88741,-0.00216,-0.00650,2.5200,-4.6065,4.8336,0.399,-1.658,-0.683,2,353
TRK,1609165,0.48883,-0.87219,-0.01803,-0.00139,2.5269,-4.6354,4.8218,0.393,-1.692,-0.688,2,353
TRK,1609186,0.51865,-0.85438,-0.03169,0.00530,2.5357,-4.6739,4.8061,0.406,-1.773,-0.728,2,353
TRK,1609208,0.49034,-0.86924,-0.06035,0.01846,2.5452,-4.7130,4.7895,0.431,-1.671,-0.733,2,353
TRK,1609226,0.51360,-0.85464,-0.07337,0.02049,2.5525,-4.7426,4.7774,0.437,-1.805,-0.692,2,353
TRK,1609247,0.59277,-0.79797,-0.10507,0.02872,2.5608,-4.7785,4.7637,0.408,-1.844,-0.706,2,353
TRK,1609265,0.62482,-0.77125,-0.12017,0.01850,2.5690,-4.8163,4.7493,0.422,-1.968,-0.739,2,353
STAT,404.1,400.6,2,4,0,6.5196,302.710,0.1153,0.1332,-0.0663,10.1527,3.55,0.000
TRK,1609285,0.63060,-0.76514,-0.12946,0.01202,2.5775,-4.8556,4.7344,0.437,-2.006,-0.758,2,353
TRK,1609306,0.63661,-0.75965,-0.13283,0.00327,2.5863,-4.8954,4.7194,0.462,-1.959,-0.780,2,353
TRK,1609327,0.66714,-0.73300,-0.13118,-0.02063,2.5968,-4.9396,4.7016,0.467,-2.024,-0.797,2,353
TRK,1609346,0.69030,-0.71094,-0.12745,-0.04242,2.6049,-4.9747,4.6880,0.468,-2.042,-0.780,2,353
TRK,1609368,0.72003,-0.67963,-0.12113,-0.07060,2.6152,-5.0205,4.6705,0.452,-2.071,-0.813,2,353
TRK,1609385,0.73878,-0.66015,-0.10993,-0.07948,2.6230,-5.0569,4.6557,0.450,-2.130,-0.858,2,353
TRK,1609408,0.73986,-0.66047,-0.10099,-0.07862,2.6328,-5.1053,4.6371,0.436,-2.193,-0.839,2,353
TRK,1609426,0.74186,-0.65869,-0.09645,-0.08043,2.6415,-5.1490,4.6204,0.434,-2.227,-0.844,2,353
TRK,1609446,0.74396,-0.65657,-0.09196,-0.08348,2.6501,-5.1932,4.6037,0.438,-2.251,-0.847,2,353
TRK,1609466,0.75247,-0.64715,-0.08724,-0.08589,2.6588,-5.2379,4.5869,0.443,-2.253,-0.850,2,353
TRK,1609486,0.76502,-0.63338,-0.08290,-0.08180,2.6675,-5.2828,4.5700,0.438,-2.291,-0.859,2,353
TRK,1609506,0.76775,-0.63105,-0.08385,-0.07282,2.6763,-5.3287,4.5529,0.445,-2.321,-0.865,2,353
TRK,1609526,0.77764,-0.61975,-0.08268,-0.06602,2.6851,-5.3745,4.5358,0.443,-2.319,-0.859,2,353
TRK,1609546,0.79758,-0.59528,-0.07752,-0.05925,2.6937,-5.4206,4.5188,0.431,-2.349,-0.871,2,353
TRK,1609566,0.82027,-0.56598,-0.06735,-0.04785,2.7022,-5.4672,4.5015,0.423,-2.350,-0.875,2,353
TRK,1609586,0.84819,-0.52559,-0.05418,-0.03730,2.7106,-5.5140,4.4841,0.427,-2.364,-0.882,2,353
TRK,1609608,0.87227,-0.48670,-0.04190,-0.02243,2.7204,-5.5674,4.4643,0.447,-2.431,-0.895,2,353
TRK,1609628,0.88771,-0.45927,-0.03127,-0.00763,2.7293,-5.6160,4.4465,0.452,-2.480,-0.906,2,353
TRK,1609646,0.89688,-0.44174,-0.02050,0.00657,2.7384,-5.6656,4.4285,0.463,-2.525,-0.906,2,353
TRK,1609667,0.91081,-0.41224,-0.01740,0.01311,2.7475,-5.7156,4.4106,0.467,-2.544,-0.905,2,353
TRK,1609687,0.92254,-0.38513,-0.01782,0.01675,2.7568,-5.7664,4.3926,0.470,-2.584,-0.912,2,353
TRK,1609707,0.94127,-0.33492,-0.01916,0.03837,2.7658,-5.8171,4.3746,0.437,-2.527,-0.914,2,353
TRK,1609728,0.97333,-0.21227,-0.02157,0.08435,2.7757,-5.8731,4.3536,0.455,-2.528,-0.974,2,353
TRK,1609745,0.98939,-0.09958,-0.02418,0.10297,2.7837,-5.9175,4.3366,0.477,-2.612,-0.976,2,353
TRK,1609767,0.99398,-0.00817,-0.00749,0.10899,2.7935,-5.9704,4.3175,0.507,-2.714,-0.955,2,353
TRK,1609786,0.99403,0.02074,0.00041,0.10708,2.8035,-6.0245,4.2987,0.507,-2.757,-0.951,2,353
TRK,1609807,0.99356,0.04940,0.00027,0.10202,2.8149,-6.0863,4.2774,0.513,-2.784,-0.950,2,353
TRK,1609826,0.99294,0.05880,0.00840,0.10269,2.8238,-6.1347,4.2613,0.523,-2.817,-0.935,2,353
TRK,1609848,0.99268,0.06060,0.01327,0.10360,2.8354,-6.1978,4.2403,0.520,-2.852,-0.946,2,353
TRK,1609866,0.99247,0.06161,0.01599,0.10464,2.8444,-6.2475,4.2238,0.515,-2.881,-0.958,2,353
TRK,1609888,0.99250,0.06181,0.01651,0.10414,2.8559,-6.3120,4.2023,0.512,-2.909,-0.972,2,353
TRK,1609907,0.99287,0.06155,0.01538,0.10093,2.8659,-6.3700,4.1829,0.506,-2.946,-0.988,2,353
TRK,1609925,0.99342,0.05918,0.00932,0.09765,2.8747,-6.4213,4.1656,0.505,-2.980,-0.999,2,353
TRK,1609945,0.99449,0.05545,-0.00022,0.08892,2.8848,-6.4806,4.1459,0.513,-3.010,-1.002,2,353
TRK,1609965,0.99522,0.05219,-0.00847,0.08205,2.8949,-6.5405,4.1260,0.515,-3.043,-1.004,2,353
TRK,1609985,0.99543,0.05087,-0.01209,0.07993,2.9064,-6.6088,4.1036,0.520,-3.080,-1.005,2,353
TRK,1610005,0.99546,0.05035,-0.01394,0.07954,2.9168,-6.6700,4.0837,0.525,-3.111,-1.005,2,353
TRK,1610027,0.99546,0.05050,-0.01340,0.07958,2.9285,-6.7397,4.0613,0.532,-3.146,-1.009,2,353
TRK,1610046,0.99547,0.05030,-0.01411,0.07949,2.9378,-6.7943,4.0438,0.536,-3.173,-1.011,2,353
TRK,1610067,0.99547,0.05027,-0.01442,0.07942,2.9498,-6.8655,4.0212,0.542,-3.208,-1.012,2,353
TRK,1610086,0.99547,0.05026,-0.01450,0.07943,2.9592,-6.9213,4.0037,0.547,-3.235,-1.013,2,353
TRK,1610108,0.99547,0.05021,-0.01459,0.07938,2.9715,-6.9937,3.9811,0.553,-3.270,-1.017,2,353
TRK,1610126,0.99547,0.05022,-0.01460,0.07936,2.9825,-7.0587,3.9609,0.559,-3.301,-1.021,2,353
TRK,1610148,0.99547,0.05021,-0.01449,0.07943,2.9936,-7.1244,3.9407,0.564,-3.333,-1.021,2,353
TRK,1610166,0.99546,0.05045,-0.01369,0.07960,3.0048,-7.1908,3.9205,0.570,-3.365,-1.024,2,353
TRK,1610188,0.99524,0.05082,-0.01269,0.08213,3.0176,-7.2661,3.8976,0.573,-3.400,-1.028,2,353
TRK,1610208,0.99509,0.05056,-0.01373,0.08402,3.0290,-7.3337,3.8772,0.578,-3.432,-1.031,2,353
TRK,1610227,0.99482,0.05016,-0.01543,0.08705,3.0390,-7.3933,3.8594,0.580,-3.459,-1.033,2,353
TRK,1610246,0.99435,0.05022,-0.01575,0.09217,3.0505,-7.4622,3.8389,0.586,-3.491,-1.036,2,353
TRK,1610266,0.99406,0.05104,-0.01308,0.09525,3.0622,-7.5316,3.8183,0.594,-3.523,-1.039,2,353
STAT,404.0,400.5,2,4,0,0.1948,22.825,0.1153,0.1332,-0.0663,10.1527,3.55,0.000
TRK,1610286,0.99377,0.05197,-0.01047,0.09802,3.0740,-7.6016,3.7977,0.600,-3.554,-1.042,2,353
TRK,1610308,0.99359,0.05233,-0.00968,0.09973,3.0875,-7.6812,3.7745,0.605,-3.590,-1.044,2,353
TRK,1610326,0.99318,0.05379,-0.00574,0.10325,3.0980,-7.7436,3.7564,0.611,-3.618,-1.046,2,353
TRK,1610348,0.99243,0.05689,0.00263,0.10877,3.1117,-7.8246,3.7331,0.620,-3.654,-1.050,2,353
TRK,1610366,0.99212,0.05874,0.00755,0.11039,3.1225,-7.8881,3.7148,0.624,-3.681,-1.053,2,353
TRK,1610388,0.99207,0.05927,0.00897,0.11051,3.1365,-7.9705,3.6913,0.630,-3.715,-1.060,2,353
TRK,1610407,0.99208,0.05948,0.00949,0.11019,3.1490,-8.0443,3.6703,0.635,-3.747,-1.062,2,353
TRK,1610427,0.99155,0.06088,0.01331,0.11377,3.1616,-8.1188,3.6493,0.639,-3.778,-1.063,2,353
TRK,1610447,0.99109,0.06281,0.01854,0.11597,3.1616,-8.1188,3.6493,0.000,0.000,0.000,3,353
TRK,1610467,0.99078,0.06472,0.02359,0.11666,3.1616,-8.1188,3.6493,0.000,0.000,0.000,3,353
TRK,1610485,0.99085,0.06475,0.02380,0.11601,3.1616,-8.1188,3.6493,0.000,0.000,0.000,3,353
TRK,1610505,0.99168,0.06520,0.02488,0.10818,3.1616,-8.1188,3.6493,0.000,0.000,0.000,3,353
TRK,1610527,0.99224,0.06551,0.02557,0.10258,3.1616,-8.1188,3.6493,0.000,0.000,0.000,3,353
TRK,1610547,0.99258,0.06575,0.02609,0.09891,3.1616,-8.1188,3.6493,0.000,0.000,0.000,3,353
TRK,1610567,0.99249,0.06568,0.02584,0.09992,3.1616,-8.1188,3.6493,0.000,0.000,0.000,3,353
TRK,1610586,0.99200,0.06390,0.02149,0.10673,3.1616,-8.1188,3.6493,0.000,0.000,0.000,3,353
TRK,1610608,0.99148,0.06208,0.01690,0.11325,3.1616,-8.1188,3.6493,0.000,0.000,0.000,3,353
TRK,1610628,0.99140,0.05994,0.01115,0.11580,3.1616,-8.1188,3.6493,0.000,0.000,0.000,3,353
TRK,1610647,0.99173,0.05802,0.00609,0.11431,3.1616,-8.1188,3.6493,0.000,0.000,0.000,3,353
TRK,1610667,0.99191,0.05813,0.00582,0.11267,3.1616,-8.1188,3.6493,0.000,0.000,0.000,3,353
TRK,1610685,0.99206,0.05661,0.00114,0.11227,3.1616,-8.1188,3.6493,0.000,0.000,0.000,3,353
TRK,1610707,0.99191,0.05668,0.00101,0.11362,3.1616,-8.1188,3.6493,0.000,0.000,0.000,3,353
TRK,1610725,0.99167,0.05630,-0.00027,0.11586,3.1616,-8.1188,3.6493,0.000,0.000,0.000,3,353
TRK,1610747,0.99121,0.05483,-0.00472,0.12029,3.1616,-8.1188,3.6493,0.000,0.000,0.000,3,353
TRK,1610766,0.99083,0.05291,-0.01085,0.12384,3.1616,-8.1188,3.6493,0.000,0.000,0.000,3,353
TRK,1610786,0.99021,0.05050,-0.01903,0.12872,3.1616,-8.1188,3.6493,0.000,0.000,0.000,3,353
TRK,1610806,0.98940,0.04972,-0.02300,0.13446,3.1616,-8.1188,3.6493,0.000,0.000,0.000,3,353
TRK,1610826,0.98866,0.05176,-0.02359,0.13897,3.1616,-8.1188,3.6493,0.000,0.000,0.000,3,353
TRK,1610848,0.98807,0.05683,-0.02275,0.14129,3.1616,-8.1188,3.6493,0.000,0.000,0.000,3,353
TRK,1610868,0.98751,0.06091,-0.02193,0.14367,3.1616,-8.1188,3.6493,0.000,0.000,0.000,3,353
TRK,1610886,0.98706,0.06088,-0.02231,0.14666,3.1616,-8.1188,3.6493,0.000,0.000,0.000,3,353
TRK,1610908,0.98617,0.06402,-0.02299,0.15113,3.1616,-8.1188,3.6493,0.000,0.000,0.000,3,353
TRK,1610927,0.98525,0.06908,-0.02390,0.15471,3.1616,-8.1188,3.6493,0.000,0.000,0.000,3,353
TRK,1610948,0.98461,0.07160,-0.02434,0.15759,3.1616,-8.1188,3.6493,0.000,0.000,0.000,3,353
TRK,1610967,0.98376,0.07455,-0.02654,0.16108,3.1616,-8.1188,3.6493,0.000,0.000,0.000,3,353
TRK,1610986,0.98328,0.07625,-0.02828,0.16296,3.1616,-8.1188,3.6493,0.000,0.000,0.000,3,353
TRK,1611006,0.98284,0.07891,-0.02938,0.16411,3.1616,-8.1188,3.6493,0.000,0.000,0.000,3,353
TRK,1611026,0.98247,0.08187,-0.03042,0.16472,3.1616,-8.1188,3.6493,0.000,0.000,0.000,3,353
TRK,1611046,0.98243,0.08152,-0.03017,0.16517,3.1616,-8.1188,3.6493,0.000,0.000,0.000,3,353
TRK,1611067,0.98267,0.07916,-0.02930,0.16501,3.1616,-8.1188,3.6493,0.000,0.000,0.000,3,353
TRK,1611087,0.98270,0.07908,-0.02968,0.16482,3.1616,-8.1188,3.6493,0.000,0.000,0.000,3,353
TRK,1611107,0.98275,0.07824,-0.02991,0.16490,3.1616,-8.1188,3.6493,0.000,0.000,0.000,3,353
TRK,1611125,0.98280,0.07649,-0.02974,0.16543,3.1616,-8.1188,3.6493,0.000,0.000,0.000,3,353
TRK,1611145,0.98298,0.07366,-0.02874,0.16583,3.1616,-8.1188,3.6493,0.000,0.000,0.000,3,353
TRK,1611167,0.98345,0.06681,-0.02544,0.16647,3.1616,-8.1188,3.6493,0.000,0.000,0.000,3,353
TRK,1611185,0.98386,0.05735,-0.02205,0.16805,3.1616,-8.1188,3.6493,0.000,0.000,0.000,3,353
TRK,1611205,0.98411,0.05127,-0.01859,0.16899,3.1616,-8.1188,3.6493,0.000,0.000,0.000,3,353
TRK,1611225,0.98444,0.05204,-0.01605,0.16707,3.1616,-8.1188,3.6493,0.000,0.000,0.000,3,353
TRK,1611247,0.98492,0.05253,-0.01452,0.16417,3.1616,-8.1188,3.6493,0.000,0.000,0.000,3,353
TRK,1611266,0.98549,0.05270,-0.01388,0.16077,3.1616,-8.1188,3.6493,0.000,0.000,0.000,3,353
STAT,404.0,400.5,2,4,0,0.5669,23.955,0.1153,0.1332,-0.0663,10.1527,3.55,0.000
TRK,1611287,0.98561,0.05276,-0.01359,0.16001,3.1616,-8.1188,3.6493,0.000,0.000,0.000,3,353
TRK,1611306,0.98564,0.05278,-0.01355,0.15984,3.1616,-8.1188,3.6493,0.000,0.000,0.000,3,353
TRK,1611328,0.98568,0.05285,-0.01333,0.15955,3.1616,-8.1188,3.6493,0.000,0.000,0.000,3,353
TRK,1611346,0.98597,0.05291,-0.01312,0.15777,3.1616,-8.1188,3.6493,0.000,0.000,0.000,3,353
TRK,1611368,0.98613,0.05300,-0.01269,0.15675,3.1616,-8.1188,3.6493,0.000,0.000,0.000,3,353
TRK,1611387,0.98629,0.05270,-0.01365,0.15581,3.1616,-8.1188,3.6493,0.000,0.000,0.000,3,353
TRK,1611407,0.98638,0.05246,-0.01456,0.15521,3.1616,-8.1188,3.6493,0.000,0.000,0.000,3,353
TRK,1611425,0.98651,0.05223,-0.01529,0.15439,3.1616,-8.1188,3.6493,0.000,0.000,0.000,3,353
TRK,1611448,0.98648,0.05218,-0.01552,0.15455,3.1616,-8.1188,3.6493,0.000,0.000,0.000,3,353
TRK,1611467,0.98635,0.05217,-0.01568,0.15538,3.1616,-8.1188,3.6493,0.000,0.000,0.000,3,353
TRK,1611485,0.98630,0.05217,-0.01584,0.15571,3.1616,-8.1188,3.6493,0.000,0.000,0.000,3,353
TRK,1611507,0.98629,0.05210,-0.01606,0.15575,3.1616,-8.1188,3.6493,0.000,0.000,0.000,3,353
TRK,1611526,0.98637,0.05200,-0.01632,0.15527,3.1616,-8.1188,3.6493,0.000,0.000,0.000,3,353
TRK,1611548,0.98691,0.03954,-0.01657,0.15549,3.1616,-8.1188,3.6493,0.000,0.000,0.000,1,354
TRK,1611566,0.98723,0.02906,-0.01666,0.15572,3.1616,-8.1188,3.6493,0.000,0.000,0.000,1,354
TRK,1611585,0.98745,0.01914,-0.01656,0.15592,3.1616,-8.1188,3.6493,0.000,0.000,0.000,1,354
TRK,1611608,0.98755,0.01003,-0.01657,0.15609,3.1616,-8.1188,3.6493,0.000,0.000,0.000,1,354
TRK,1611627,0.98758,0.00349,-0.01652,0.15621,3.1616,-8.1188,3.6493,0.000,0.000,0.000,1,354
TRK,1611645,0.98757,-0.00125,-0.01653,0.15628,3.1616,-8.1188,3.6493,0.000,0.000,0.000,1,354
TRK,1611665,0.98755,-0.00546,-0.01669,0.15635,3.1616,-8.1188,3.6493,0.000,0.000,0.000,1,354
TRK,1611687,0.98750,-0.00981,-0.01660,0.15642,3.1616,-8.1188,3.6493,0.000,0.000,0.000,1,354
TRK,1611705,0.98746,-0.01275,-0.01665,0.15646,3.1616,-8.1188,3.6493,0.000,0.000,0.000,1,354
TRK,1611727,0.98742,-0.01507,-0.01667,0.15649,3.1616,-8.1188,3.6493,0.000,0.000,0.000,1,354
TRK,1611745,0.98739,-0.01696,-0.01663,0.15652,3.1616,-8.1188,3.6493,0.000,0.000,0.000,1,354
TRK,1611766,0.98736,-0.01849,-0.01653,0.15654,3.1616,-8.1188,3.6493,0.000,0.000,0.000,1,354
TRK,1611788,0.98733,-0.01997,-0.01654,0.15656,3.1616,-8.1188,3.6493,0.000,0.000,0.000,1,354
TRK,1611808,0.98730,-0.02102,-0.01678,0.15657,3.1616,-8.1188,3.6493,0.000,0.000,0.000,1,354
TRK,1611826,0.98728,-0.02182,-0.01718,0.15657,3.1616,-8.1188,3.6493,0.000,0.000,0.000,1,354
TRK,1611848,0.98726,-0.02261,-0.01714,0.15658,3.1616,-8.1188,3.6493,0.000,0.000,0.000,1,354
TRK,1611867,0.98724,-0.02318,-0.01707,0.15659,3.1616,-8.1188,3.6493,0.000,0.000,0.000,1,354
TRK,1611885,0.98723,-0.02359,-0.01703,0.15660,3.1616,-8.1188,3.6493,0.000,0.000,0.000,1,354
TRK,1611907,0.98722,-0.02402,-0.01706,0.15660,3.1616,-8.1188,3.6493,0.000,0.000,0.000,1,354
TRK,1611928,0.98721,-0.02434,-0.01705,0.15661,3.1616,-8.1188,3.6493,0.000,0.000,0.000,1,354
TRK,1611947,0.98721,-0.02450,-0.01706,0.15661,3.1616,-8.1188,3.6493,0.000,0.000,0.000,1,354
TRK,1611965,0.98720,-0.02470,-0.01708,0.15661,3.1616,-8.1188,3.6493,0.000,0.000,0.000,1,354
TRK,1611985,0.98720,-0.02489,-0.01719,0.15661,3.1616,-8.1188,3.6493,0.000,0.000,0.000,1,354
TRK,1612006,0.98720,-0.02501,-0.01710,0.15662,3.1616,-8.1188,3.6493,0.000,0.000,0.000,1,354
TRK,1612028,0.98720,-0.02505,-0.01695,0.15662,3.1616,-8.1188,3.6493,0.000,0.000,0.000,1,354
TRK,1612046,0.98719,-0.02512,-0.01701,0.15662,3.1616,-8.1188,3.6493,0.000,0.000,0.000,1,354
TRK,1612065,0.98719,-0.02520,-0.01722,0.15661,3.1616,-8.1188,3.6493,0.000,0.000,0.000,1,354
TRK,1612088,0.98718,-0.02529,-0.01743,0.15661,3.1616,-8.1188,3.6493,0.000,0.000,0.000,1,354
TRK,1612107,0.98718,-0.02538,-0.01743,0.15661,3.1616,-8.1188,3.6493,0.000,0.000,0.000,1,354
TRK,1612127,0.98718,-0.02544,-0.01733,0.15661,3.1616,-8.1188,3.6493,0.000,0.000,0.000,1,354
TRK,1612145,0.98718,-0.02550,-0.01728,0.15662,3.1616,-8.1188,3.6493,0.000,0.000,0.000,1,354
TRK,1612167,0.98717,-0.02563,-0.01733,0.15662,3.1616,-8.1188,3.6493,0.000,0.000,0.000,1,354
TRK,1612185,0.98717,-0.02571,-0.01748,0.15661,3.1616,-8.1188,3.6493,0.000,0.000,0.000,1,354
TRK,1612207,0.98717,-0.02579,-0.01765,0.15661,3.1616,-8.1188,3.6493,0.000,0.000,0.000,1,354
TRK,1612225,0.98716,-0.02584,-0.01787,0.15660,3.1616,-8.1188,3.6493,0.000,0.000,0.000,1,354
TRK,1612246,0.98716,-0.02593,-0.01804,0.15660,3.1616,-8.1188,3.6493,0.000,0.000,0.000,1,354
TRK,1612267,0.98716,-0.02592,-0.01787,0.15661,3.1616,-8.1188,3.6493,0.000,0.000,0.000,1,354
TRK,1612286,0.98716,-0.02597,-0.01781,0.15661,3.1616,-8.1188,3.6493,0.000,0.000,0.000,1,354
STAT,404.5,400.5,2,4,0,0.0335,0.978,0.1125,0.1043,-0.0574,10.1386,4.11,0.000
TRK,1612308,0.98716,-0.02594,-0.01777,0.15661,3.1616,-8.1188,3.6493,0.000,0.000,0.000,1,354
TRK,1612326,0.98716,-0.02600,-0.01771,0.15661,3.1616,-8.1188,3.6493,0.000,0.000,0.000,1,354
TRK,1612346,0.98716,-0.02605,-0.01760,0.15662,3.1616,-8.1188,3.6493,0.000,0.000,0.000,1,354
TRK,1612366,0.98716,-0.02609,-0.01765,0.15661,3.1616,-8.1188,3.6493,0.000,0.000,0.000,1,354
TRK,1612386,0.98716,-0.02611,-0.01776,0.15661,3.1616,-8.1188,3.6493,0.000,0.000,0.000,1,354
TRK,1612406,0.98717,-0.02568,-0.01792,0.15660,3.1616,-8.1188,3.6493,0.000,0.000,0.000,1,354
TRK,1612428,0.98716,-0.02578,-0.01776,0.15661,3.1616,-8.1188,3.6493,0.000,0.000,0.000,1,354
TRK,1612447,0.98716,-0.02600,-0.01763,0.15661,3.1616,-8.1188,3.6493,0.000,0.000,0.000,1,354
TRK,1612466,0.98716,-0.02595,-0.01776,0.15661,3.1616,-8.1188,3.6493,0.000,0.000,0.000,1,354
TRK,1612486,0.98716,-0.02594,-0.01794,0.15660,3.1616,-8.1188,3.6493,0.000,0.000,0.000,1,354
TRK,1612506,0.98716,-0.02589,-0.01791,0.15660,3.1616,-8.1188,3.6493,0.000,0.000,0.000,1,354
TRK,1612526,0.98716,-0.02585,-0.01799,0.15660,3.1616,-8.1188,3.6493,0.000,0.000,0.000,1,354
TRK,1612547,0.98716,-0.02582,-0.01797,0.15660,3.1616,-8.1188,3.6493,0.000,0.000,0.000,1,354
TRK,1612567,0.98716,-0.02578,-0.01790,0.15660,3.1616,-8.1188,3.6493,0.000,0.000,0.000,1,354
TRK,1612587,0.98716,-0.02576,-0.01795,0.15660,3.1616,-8.1188,3.6493,0.000,0.000,0.000,1,354
TRK,1612607,0.98717,-0.02572,-0.01783,0.15660,3.1616,-8.1188,3.6493,0.000,0.000,0.000,1,354
TRK,1612627,0.98717,-0.02572,-0.01777,0.15661,3.1616,-8.1188,3.6493,0.000,0.000,0.000,1,354
TRK,1612645,0.98716,-0.02572,-0.01787,0.15660,3.1616,-8.1188,3.6493,0.000,0.000,0.000,1,354
TRK,1612665,0.98716,-0.02574,-0.01796,0.15660,3.1616,-8.1188,3.6493,0.000,0.000,0.000,1,354
TRK,1612687,0.98716,-0.02577,-0.01792,0.15660,3.1616,-8.1188,3.6493,0.000,0.000,0.000,1,354
TRK,1612705,0.98716,-0.02582,-0.01786,0.15661,3.1616,-8.1188,3.6493,0.000,0.000,0.000,1,354
TRK,1612727,0.98716,-0.02590,-0.01775,0.15661,3.1616,-8.1188,3.6493,0.000,0.000,0.000,1,354
TRK,1612746,0.98716,-0.02599,-0.01773,0.15661,3.1616,-8.1188,3.6493,0.000,0.000,0.000,1,354
TRK,1612768,0.98716,-0.02605,-0.01777,0.15661,3.1616,-8.1188,3.6493,0.000,0.000,0.000,1,354
TRK,1612786,0.98716,-0.02606,-0.01776,0.15661,3.1616,-8.1188,3.6493,0.000,0.000,0.000,1,354
TRK,1612808,0.98716,-0.02603,-0.01771,0.15661,3.1616,-8.1188,3.6493,0.000,0.000,0.000,1,354
TRK,1612826,0.98716,-0.02595,-0.01780,0.15661,3.1616,-8.1188,3.6493,0.000,0.000,0.000,1,354
TRK,1612846,0.98716,-0.02592,-0.01785,0.15661,3.1616,-8.1188,3.6493,0.000,0.000,0.000,1,354
TRK,1612866,0.98716,-0.02589,-0.01788,0.15661,3.1616,-8.1188,3.6493,0.000,0.000,0.000,1,354
TRK,1612888,0.98716,-0.02582,-0.01798,0.15660,3.1616,-8.1188,3.6493,0.000,0.000,0.000,1,354
TRK,1612908,0.98716,-0.02582,-0.01804,0.15660,3.1616,-8.1188,3.6493,0.000,0.000,0.000,1,354
TRK,1612928,0.98716,-0.02582,-0.01802,0.15660,3.1616,-8.1188,3.6493,0.000,0.000,0.000,1,354
TRK,1612947,0.98716,-0.02582,-0.01810,0.15660,3.1616,-8.1188,3.6493,0.000,0.000,0.000,1,354
TRK,1612966,0.98716,-0.02582,-0.01808,0.15660,3.1616,-8.1188,3.6493,0.000,0.000,0.000,1,354
TRK,1612988,0.98716,-0.02575,-0.01795,0.15660,3.1616,-8.1188,3.6493,0.000,0.000,0.000,1,354
TRK,1613008,0.98716,-0.02569,-0.01794,0.15660,3.1616,-8.1188,3.6493,0.000,0.000,0.000,1,354
TRK,1613028,0.98717,-0.02565,-0.01800,0.15660,3.1616,-8.1188,3.6493,0.000,0.000,0.000,1,354
TRK,1613046,0.98717,-0.02559,-0.01804,0.15660,3.1616,-8.1188,3.6493,0.000,0.000,0.000,1,354
TRK,1613068,0.98717,-0.02558,-0.01796,0.15660,3.1616,-8.1188,3.6493,0.000,0.000,0.000,1,354
TRK,1613086,0.98717,-0.02559,-0.01796,0.15660,3.1616,-8.1188,3.6493,0.000,0.000,0.000,1,354
TRK,1613108,0.98716,-0.02568,-0.01810,0.15660,3.1616,-8.1188,3.6493,0.000,0.000,0.000,1,354
TRK,1613127,0.98716,-0.02576,-0.01813,0.15660,3.1616,-8.1188,3.6493,0.000,0.000,0.000,1,354
TRK,1613147,0.98716,-0.02577,-0.01808,0.15660,3.1616,-8.1188,3.6493,0.000,0.000,0.000,1,354
TRK,1613167,0.98716,-0.02566,-0.01822,0.15659,3.1616,-8.1188,3.6493,0.000,0.000,0.000,1,354
TRK,1613185,0.98717,-0.02535,-0.01845,0.15658,3.1616,-8.1188,3.6493,0.000,0.000,0.000,1,354
TRK,1613207,0.98717,-0.02538,-0.01844,0.15658,3.1616,-8.1188,3.6493,0.000,0.000,0.000,1,354
TRK,1613226,0.98716,-0.02569,-0.01821,0.15659,3.1616,-8.1188,3.6493,0.000,0.000,0.000,1,354
TRK,1613247,0.98716,-0.02579,-0.01811,0.15660,3.1616,-8.1188,3.6493,0.000,0.000,0.000,1,354
TRK,1613266,0.98716,-0.02559,-0.01818,0.15659,3.1616,-8.1188,3.6493,0.000,0.000,0.000,1,354
TRK,1613288,0.98716,-0.02558,-0.01832,0.15659,3.1616,-8.1188,3.6493,0.000,0.000,0.000,1,354
STAT,404.5,400.5,2,4,0,0.0344,1.283,0.1006,0.0684,-0.0931,10.1412,4.11,0.000
TRK,1613306,0.98716,-0.02573,-0.01836,0.15659,3.1616,-8.1188,3.6493,0.000,0.000,0.000,1,354
TRK,1613325,0.98716,-0.02579,-0.01831,0.15659,3.1616,-8.1188,3.6493,0.000,0.000,0.000,1,354
TRK,1613345,0.98716,-0.02571,-0.01825,0.15659,3.1616,-8.1188,3.6493,0.000,0.000,0.000,1,354
TRK,1613367,0.98716,-0.02567,-0.01824,0.15659,3.1616,-8.1188,3.6493,0.000,0.000,0.000,1,354
TRK,1613388,0.98716,-0.02559,-0.01846,0.15659,3.1616,-8.1188,3.6493,0.000,0.000,0.000,1,354
TRK,1613407,0.98716,-0.02541,-0.01865,0.15658,3.1616,-8.1188,3.6493,0.000,0.000,0.000,1,354
TRK,1613425,0.98715,-0.02581,-0.01843,0.15659,3.1616,-8.1188,3.6493,0.000,0.000,0.000,1,354
TRK,1613445,0.98715,-0.02590,-0.01831,0.15659,3.1616,-8.1188,3.6493,0.000,0.000,0.000,1,354
TRK,1613465,0.98716,-0.02586,-0.01828,0.15659,3.1616,-8.1188,3.6493,0.000,0.000,0.000,1,354
TRK,1613486,0.98716,-0.02583,-0.01833,0.15659,3.1616,-8.1188,3.6493,0.000,0.000,0.000,1,354
TRK,1613508,0.98716,-0.02574,-0.01828,0.15659,3.1616,-8.1188,3.6493,0.000,0.000,0.000,1,354
TRK,1613526,0.98716,-0.02575,-0.01825,0.15659,3.1616,-8.1188,3.6493,0.000,0.000,0.000,1,354
TRK,1613545,0.98716,-0.02579,-0.01829,0.15659,3.1616,-8.1188,3.6493,0.000,0.000,0.000,1,354
TRK,1613568,0.98716,-0.02581,-0.01835,0.15659,3.1616,-8.1188,3.6493,0.000,0.000,0.000,1,354
TRK,1613587,0.98716,-0.02581,-0.01832,0.15659,3.1616,-8.1188,3.6493,0.000,0.000,0.000,1,354
TRK,1613605,0.98716,-0.02582,-0.01828,0.15659,3.1616,-8.1188,3.6493,0.000,0.000,0.000,1,354
TRK,1613627,0.98716,-0.02582,-0.01827,0.15659,3.1616,-8.1188,3.6493,0.000,0.000,0.000,1,354
TRK,1613647,0.98716,-0.02580,-0.01828,0.15659,3.1616,-8.1188,3.6493,0.000,0.000,0.000,1,354
TRK,1613665,0.98716,-0.02582,-0.01836,0.15659,3.1616,-8.1188,3.6493,0.000,0.000,0.000,1,354
TRK,1613687,0.98715,-0.02583,-0.01842,0.15659,3.1616,-8.1188,3.6493,0.000,0.000,0.000,1,354
TRK,1613705,0.98715,-0.02582,-0.01858,0.15659,3.1616,-8.1188,3.6493,0.000,0.000,0.000,1,354
TRK,1613726,0.98715,-0.02574,-0.01860,0.15658,3.1616,-8.1188,3.6493,0.000,0.000,0.000,1,354
TRK,1613746,0.98715,-0.02577,-0.01859,0.15658,3.1616,-8.1188,3.6493,0.000,0.000,0.000,1,354
TRK,1613768,0.98715,-0.02579,-0.01867,0.15658,3.1616,-8.1188,3.6493,0.000,0.000,0.000,1,354
TRK,1613786,0.98715,-0.02584,-0.01872,0.15658,3.1616,-8.1188,3.6493,0.000,0.000,0.000,1,354
TRK,1613808,0.98715,-0.02585,-0.01886,0.15658,3.1616,-8.1188,3.6493,0.000,0.000,0.000,1,354
TRK,1613826,0.98715,-0.02584,-0.01884,0.15658,3.1616,-8.1188,3.6493,0.000,0.000,0.000,1,354
TRK,1613846,0.98714,-0.02607,-0.01862,0.15659,3.1616,-8.1188,3.6493,0.000,0.000,0.000,1,354
TRK,1613866,0.98715,-0.02604,-0.01855,0.15659,3.1616,-8.1188,3.6493,0.000,0.000,0.000,1,354
TRK,1613886,0.98715,-0.02606,-0.01857,0.15659,3.1616,-8.1188,3.6493,0.000,0.000,0.000,1,354
TRK,1613906,0.98715,-0.02597,-0.01858,0.15659,3.1616,-8.1188,3.6493,0.000,0.000,0.000,1,354
TRK,1613926,0.98715,-0.02592,-0.01857,0.15659,3.1616,-8.1188,3.6493,0.000,0.000,0.000,1,354
TRK,1613946,0.98715,-0.02588,-0.01859,0.15659,3.1616,-8.1188,3.6493,0.000,0.000,0.000,1,354
TRK,1613966,0.98715,-0.02566,-0.01870,0.15658,3.1616,-8.1188,3.6493,0.000,0.000,0.000,1,354
TRK,1613986,0.98716,-0.02555,-0.01879,0.15658,3.1616,-8.1188,3.6493,0.000,0.000,0.000,1,354
TRK,1614006,0.98715,-0.02564,-0.01877,0.15658,3.1616,-8.1188,3.6493,0.000,0.000,0.000,1,354
TRK,1614028,0.98715,-0.02600,-0.01866,0.15659,3.1616,-8.1188,3.6493,0.000,0.000,0.000,1,354
TRK,1614046,0.98715,-0.02601,-0.01863,0.15659,3.1616,-8.1188,3.6493,0.000,0.000,0.000,1,354
TRK,1614066,0.98715,-0.02574,-0.01869,0.15658,3.1616,-8.1188,3.6493,0.000,0.000,0.000,1,354
TRK,1614088,0.98715,-0.02560,-0.01885,0.15658,3.1616,-8.1188,3.6493,0.000,0.000,0.000,1,354
TRK,1614106,0.98715,-0.02562,-0.01898,0.15657,3.1616,-8.1188,3.6493,0.000,0.000,0.000,1,354
TRK,1614128,0.98714,-0.02588,-0.01900,0.15658,3.1616,-8.1188,3.6493,0.000,0.000,0.000,1,354
TRK,1614147,0.98714,-0.02605,-0.01903,0.15658,3.1616,-8.1188,3.6493,0.000,0.000,0.000,1,354
TRK,1614167,0.98714,-0.02603,-0.01908,0.15658,3.1616,-8.1188,3.6493,0.000,0.000,0.000,1,354
TRK,1614185,0.98714,-0.02601,-0.01913,0.15657,3.1616,-8.1188,3.6493,0.000,0.000,0.000,1,354
TRK,1614207,0.98714,-0.02597,-0.01916,0.15657,3.1616,-8.1188,3.6493,0.000,0.000,0.000,1,354
TRK,1614227,0.98714,-0.02599,-0.01917,0.15657,3.1616,-8.1188,3.6493,0.000,0.000,0.000,1,354
TRK,1614246,0.98714,-0.02600,-0.01909,0.15657,3.1616,-8.1188,3.6493,0.000,0.000,0.000,1,354
TRK,1614265,0.98714,-0.02597,-0.01907,0.15657,3.1616,-8.1188,3.6493,0.000,0.000,0.000,1,354
TRK,1614285,0.98714,-0.02596,-0.01909,0.15657,3.1616,-8.1188,3.6493,0.000,0.000,0.000,1,354
STAT,403.9,400.9,2,4,0,0.0253,0.346,0.0962,0.0430,-0.0510,10.1451,4.11,0.000
TRK,1614308,0.98714,-0.02590,-0.01916,0.15657,3.1616,-8.1188,3.6493,0.000,0.000,0.000,1,354
TRK,1614327,0.98714,-0.02590,-0.01916,0.15657,3.1616,-8.1188,3.6493,0.000,0.000,0.000,1,354
TRK,1614345,0.98714,-0.02596,-0.01921,0.15657,3.1616,-8.1188,3.6493,0.000,0.000,0.000,1,354
TRK,1614365,0.98714,-0.02598,-0.01923,0.15657,3.1616,-8.1188,3.6493,0.000,0.000,0.000,1,354
TRK,1614385,0.98714,-0.02596,-0.01916,0.15657,3.1616,-8.1188,3.6493,0.000,0.000,0.000,1,354
TRK,1614405,0.98714,-0.02589,-0.01910,0.15657,3.1616,-8.1188,3.6493,0.000,0.000,0.000,1,354
TRK,1614425,0.98714,-0.02583,-0.01908,0.15657,3.1616,-8.1188,3.6493,0.000,0.000,0.000,1,354
TRK,1614447,0.98714,-0.02583,-0.01907,0.15657,3.1616,-8.1188,3.6493,0.000,0.000,0.000,1,354
TRK,1614466,0.98715,-0.02585,-0.01899,0.15658,3.1616,-8.1188,3.6493,0.000,0.000,0.000,1,354
TRK,1614487,0.98714,-0.02589,-0.01894,0.15658,3.1616,-8.1188,3.6493,0.000,0.000,0.000,1,354
TRK,1614506,0.98714,-0.02595,-0.01889,0.15658,3.1616,-8.1188,3.6493,0.000,0.000,0.000,1,354
TRK,1614528,0.98714,-0.02598,-0.01885,0.15658,3.1616,-8.1188,3.6493,0.000,0.000,0.000,1,354
TRK,1614546,0.98715,-0.02597,-0.01876,0.15658,3.1616,-8.1188,3.6493,0.000,0.000,0.000,1,354
TRK,1614568,0.98715,-0.02592,-0.01872,0.15658,3.1616,-8.1188,3.6493,0.000,0.000,0.000,1,354
TRK,1614586,0.98715,-0.02588,-0.01867,0.15659,3.1616,-8.1188,3.6493,0.000,0.000,0.000,1,354
TRK,1614608,0.98715,-0.02579,-0.01875,0.15658,3.1616,-8.1188,3.6493,0.000,0.000,0.000,1,354
TRK,1614627,0.98715,-0.02577,-0.01879,0.15658,3.1616,-8.1188,3.6493,0.000,0.000,0.000,1,354
TRK,1614645,0.98715,-0.02580,-0.01884,0.15658,3.1616,-8.1188,3.6493,0.000,0.000,0.000,1,354
TRK,1614665,0.98715,-0.02585,-0.01887,0.15658,3.1616,-8.1188,3.6493,0.000,0.000,0.000,1,354
TRK,1614687,0.98714,-0.02591,-0.01890,0.15658,3.1616,-8.1188,3.6493,0.000,0.000,0.000,1,354
TRK,1614707,0.98714,-0.02593,-0.01884,0.15658,3.1616,-8.1188,3.6493,0.000,0.000,0.000,1,354
TRK,1614726,0.98714,-0.02594,-0.01885,0.15658,3.1616,-8.1188,3.6493,0.000,0.000,0.000,1,354
TRK,1614747,0.98714,-0.02599,-0.01888,0.15658,3.1616,-8.1188,3.6493,0.000,0.000,0.000,1,354
TRK,1614766,0.98714,-0.02603,-0.01888,0.15658,3.1616,-8.1188,3.6493,0.000,0.000,0.000,1,354
TRK,1614788,0.98714,-0.02608,-0.01885,0.15658,3.1616,-8.1188,3.6493,0.000,0.000,0.000,1,354
TRK,1614808,0.98714,-0.02617,-0.01881,0.15659,3.1616,-8.1188,3.6493,0.000,0.000,0.000,1,354
TRK,1614828,0.98714,-0.02618,-0.01875,0.15659,3.1616,-8.1188,3.6493,0.000,0.000,0.000,1,354
TRK,1614847,0.98714,-0.02616,-0.01874,0.15659,3.1616,-8.1188,3.6493,0.000,0.000,0.000,1,354
TRK,1614868,0.98714,-0.02604,-0.01869,0.15659,3.1616,-8.1188,3.6493,0.000,0.000,0.000,1,354
TRK,1614888,0.98714,-0.02600,-0.01876,0.15658,3.1616,-8.1188,3.6493,0.000,0.000,0.000,1,354
TRK,1614907,0.98714,-0.02598,-0.01886,0.15658,3.1616,-8.1188,3.6493,0.000,0.000,0.000,1,354
TRK,1614926,0.98714,-0.02593,-0.01891,0.15658,3.1616,-8.1188,3.6493,0.000,0.000,0.000,1,354
TRK,1614946,0.98714,-0.02589,-0.01900,0.15658,3.1616,-8.1188,3.6493,0.000,0.000,0.000,1,354
TRK,1614968,0.98714,-0.02590,-0.01907,0.15657,3.1616,-8.1188,3.6493,0.000,0.000,0.000,1,354
TRK,1614988,0.98714,-0.02589,-0.01903,0.15658,3.1616,-8.1188,3.6493,0.000,0.000,0.000,1,354
TRK,1615006,0.98715,-0.02587,-0.01893,0.15658,3.1616,-8.1188,3.6493,0.000,0.000,0.000,1,354
TRK,1615026,0.98715,-0.02588,-0.01886,0.15658,3.1616,-8.1188,3.6493,0.000,0.000,0.000,1,354
TRK,1615048,0.98715,-0.02591,-0.01884,0.15658,3.1616,-8.1188,3.6493,0.000,0.000,0.000,1,354
TRK,1615066,0.98715,-0.02594,-0.01877,0.15658,3.1616,-8.1188,3.6493,0.000,0.000,0.000,1,354
TRK,1615088,0.98715,-0.02595,-0.01879,0.15658,3.1616,-8.1188,3.6493,0.000,0.000,0.000,1,354
TRK,1615107,0.98714,-0.02594,-0.01888,0.15658,3.1616,-8.1188,3.6493,0.000,0.000,0.000,1,354
TRK,1615125,0.98714,-0.02599,-0.01892,0.15658,3.1616,-8.1188,3.6493,0.000,0.000,0.000,1,354
TRK,1615147,0.98714,-0.02599,-0.01892,0.15658,3.1616,-8.1188,3.6493,0.000,0.000,0.000,1,354
TRK,1615165,0.98714,-0.02597,-0.01892,0.15658,3.1616,-8.1188,3.6493,0.000,0.000,0.000,1,354
TRK,1615187,0.98714,-0.02597,-0.01891,0.15658,3.1616,-8.1188,3.6493,0.000,0.000,0.000,1,354
TRK,1615206,0.98714,-0.02595,-0.01885,0.15658,3.1616,-8.1188,3.6493,0.000,0.000,0.000,1,354
TRK,1615228,0.98715,-0.02591,-0.01877,0.15658,3.1616,-8.1188,3.6493,0.000,0.000,0.000,1,354
TRK,1615248,0.98715,-0.02587,-0.01881,0.15658,3.1616,-8.1188,3.6493,0.000,0.000,0.000,1,354
TRK,1615266,0.98715,-0.02586,-0.01893,0.15658,3.1616,-8.1188,3.6493,0.000,0.000,0.000,1,354
TRK,1615286,0.98714,-0.02582,-0.01913,0.15657,3.1616,-8.1188,3.6493,0.000,0.000,0.000,1,354
STAT,403.9,400.9,2,4,0,0.0259,0.643,0.1043,0.0667,0.0003,10.1444,4.11,0.000
TRK,1615306,0.98714,-0.02582,-0.01909,0.15657,3.1616,-8.1188,3.6493,0.000,0.000,0.000,1,354
TRK,1615328,0.98715,-0.02581,-0.01905,0.15657,3.1616,-8.1188,3.6493,0.000,0.000,0.000,1,354
TRK,1615347,0.98715,-0.02576,-0.01902,0.15657,3.1616,-8.1188,3.6493,0.000,0.000,0.000,1,354
TRK,1615368,0.98715,-0.02578,-0.01904,0.15657,3.1616,-8.1188,3.6493,0.000,0.000,0.000,1,354
TRK,1615387,0.98714,-0.02583,-0.01917,0.15657,3.1616,-8.1188,3.6493,0.000,0.000,0.000,1,354
TRK,1615405,0.98714,-0.02588,-0.01927,0.15657,3.1616,-8.1188,3.6493,0.000,0.000,0.000,1,354
TRK,1615427,0.98714,-0.02596,-0.01942,0.15657,3.1616,-8.1188,3.6493,0.000,0.000,0.000,1,354
TRK,1615447,0.98713,-0.02609,-0.01969,0.15656,3.1616,-8.1188,3.6493,0.000,0.000,0.000,1,354
TRK,1615467,0.98713,-0.02616,-0.01965,0.15656,3.1616,-8.1188,3.6493,0.000,0.000,0.000,1,354
TRK,1615487,0.98713,-0.02619,-0.01945,0.15657,3.1616,-8.1188,3.6493,0.000,0.000,0.000,1,354
TRK,1615506,0.98713,-0.02628,-0.01937,0.15657,3.1616,-8.1188,3.6493,0.000,0.000,0.000,1,354
TRK,1615525,0.98712,-0.02639,-0.01943,0.15657,3.1616,-8.1188,3.6493,0.000,0.000,0.000,1,354
TRK,1615548,0.98711,-0.02656,-0.01978,0.15656,3.1616,-8.1188,3.6493,0.000,0.000,0.000,1,354
TRK,1615567,0.98711,-0.02666,-0.02001,0.15656,3.1616,-8.1188,3.6493,0.000,0.000,0.000,1,354
TRK,1615587,0.98710,-0.02665,-0.02031,0.15655,3.1616,-8.1188,3.6493,0.000,0.000,0.000,1,354
TRK,1615605,0.98710,-0.02659,-0.02057,0.15654,3.1616,-8.1188,3.6493,0.000,0.000,0.000,1,354
TRK,1615625,0.98710,-0.02657,-0.02085,0.15653,3.1616,-8.1188,3.6493,0.000,0.000,0.000,1,354
TRK,1615647,0.98710,-0.02647,-0.02074,0.15653,3.1616,-8.1188,3.6493,0.000,0.000,0.000,1,354
TRK,1615665,0.98712,-0.02620,-0.01989,0.15656,3.1616,-8.1188,3.6493,0.000,0.000,0.000,1,354
TRK,1615687,0.98715,-0.02590,-0.01863,0.15659,3.1616,-8.1188,3.6493,0.000,0.000,0.000,1,354
TRK,1615707,0.98715,-0.02589,-0.01849,0.15659,3.1616,-8.1188,3.6493,0.000,0.000,0.000,1,354
TRK,1615726,0.98714,-0.02613,-0.01906,0.15658,3.1616,-8.1187,3.6493,-0.009,0.000,0.002,2,354
TRK,1615748,0.98738,-0.02266,-0.00675,0.15657,3.1606,-8.1188,3.6493,-0.056,-0.006,0.000,2,354
TRK,1615768,0.98747,-0.02349,-0.00279,0.15604,3.1597,-8.1190,3.6494,-0.035,-0.015,0.007,2,354
TRK,1615787,0.98551,-0.04513,-0.00470,0.16344,3.1592,-8.1194,3.6496,-0.017,-0.030,0.018,2,354
TRK,1615807,0.98087,-0.08772,-0.02141,0.17246,3.1588,-8.1202,3.6500,-0.029,-0.049,0.024,2,354
TRK,1615827,0.97161,-0.14653,-0.03563,0.18230,3.1579,-8.1214,3.6507,-0.030,-0.099,0.039,2,354
TRK,1615847,0.95936,-0.24646,-0.05527,0.12582,3.1588,-8.1255,3.6515,0.027,-0.252,0.042,2,354
TRK,1615867,0.91309,-0.39546,-0.06281,0.07709,3.1590,-8.1328,3.6524,0.005,-0.533,0.049,2,354
TRK,1615887,0.75390,-0.65406,-0.06185,0.00447,3.1589,-8.1483,3.6523,-0.014,-1.062,-0.091,2,354
TRK,1615908,0.60071,-0.79836,-0.00657,-0.04143,3.1578,-8.1670,3.6498,-0.120,-0.512,-0.111,2,354
TRK,1615926,0.66182,-0.74537,0.05772,-0.05546,3.1560,-8.1752,3.6498,-0.081,-0.475,0.038,2,354
TRK,1615945,0.64072,-0.75653,0.09901,-0.08562,3.1540,-8.1860,3.6493,-0.125,-0.512,-0.093,2,354
TRK,1615965,0.60521,-0.77885,0.13618,-0.09255,3.1520,-8.1935,3.6483,-0.058,-0.255,0.029,2,354
TRK,1615985,0.63906,-0.74924,0.14176,-0.10073,3.1514,-8.1970,3.6492,-0.018,-0.144,0.031,2,354
TRK,1616008,0.61799,-0.76912,0.12972,-0.09852,3.1516,-8.1998,3.6499,0.030,-0.096,0.037,2,354
TRK,1616027,0.61318,-0.77545,0.11785,-0.09379,3.1525,-8.2017,3.6508,0.061,-0.094,0.054,2,354
TRK,1616048,0.62941,-0.76430,0.10935,-0.08795,3.1536,-8.2040,3.6516,0.047,-0.157,0.026,2,354
TRK,1616066,0.61510,-0.77669,0.10502,-0.08594,3.1544,-8.2079,3.6518,0.042,-0.226,-0.000,2,354
TRK,1616087,0.61136,-0.78005,0.10384,-0.08358,3.1553,-8.2130,3.6517,0.041,-0.285,-0.002,2,354
TRK,1616107,0.62395,-0.76948,0.10550,-0.08639,3.1561,-8.2190,3.6516,0.045,-0.321,-0.012,2,354
TRK,1616127,0.62586,-0.76764,0.10713,-0.08688,3.1570,-8.2256,3.6512,0.048,-0.340,-0.028,2,354
TRK,1616147,0.61572,-0.77629,0.10570,-0.08426,3.1581,-8.2325,3.6506,0.058,-0.365,-0.036,2,354
TRK,1616167,0.60992,-0.78106,0.10502,-0.08316,3.1592,-8.2402,3.6498,0.060,-0.413,-0.043,2,354
TRK,1616187,0.61648,-0.77558,0.10617,-0.08458,3.1606,-8.2500,3.6488,0.063,-0.459,-0.052,2,354
TRK,1616207,0.62218,-0.77073,0.10712,-0.08595,3.1619,-8.2593,3.6476,0.068,-0.482,-0.065,2,354
TRK,1616227,0.61672,-0.77536,0.10623,-0.08478,3.1633,-8.2691,3.6462,0.073,-0.507,-0.076,2,354
TRK,1616247,0.60930,-0.78158,0.10489,-0.08294,3.1648,-8.2795,3.6446,0.075,-0.550,-0.084,2,354
TRK,1616268,0.61130,-0.77992,0.10529,-0.08342,3.1663,-8.2908,3.6429,0.078,-0.593,-0.092,2,354
TRK,1616286,0.61737,-0.77481,0.10639,-0.08489,3.1679,-8.3029,3.6410,0.083,-0.623,-0.103,2,354
STAT,403.8,400.8,2,4,0,0.6143,40.022,0.0752,0.0111,-0.0507,10.1432,4.11,0.000
TRK,1616308,0.61566,-0.77622,0.10624,-0.08466,3.1698,-8.3171,3.6385,0.090,-0.651,-0.116,2,354
TRK,1616327,0.61042,-0.78059,0.10539,-0.08348,3.1714,-8.3286,3.6364,0.093,-0.683,-0.124,2,354
TRK,1616347,0.60939,-0.78144,0.10523,-0.08318,3.1732,-8.3425,3.6339,0.095,-0.726,-0.132,2,354
TRK,1616367,0.61348,-0.77804,0.10589,-0.08411,3.1752,-8.3573,3.6312,0.099,-0.760,-0.141,2,354
TRK,1616385,0.61462,-0.77708,0.10612,-0.08442,3.1771,-8.3726,3.6283,0.103,-0.788,-0.152,2,354
TRK,1616406,0.61062,-0.78040,0.10553,-0.08356,3.1792,-8.3885,3.6252,0.107,-0.820,-0.162,2,354
TRK,1616428,0.60899,-0.78174,0.10528,-0.08320,3.1816,-8.4072,3.6215,0.111,-0.865,-0.171,2,354
TRK,1616448,0.61150,-0.77967,0.10569,-0.08374,3.1839,-8.4247,3.6180,0.115,-0.900,-0.180,2,354
TRK,1616468,0.61230,-0.77900,0.10588,-0.08395,3.1862,-8.4428,3.6144,0.120,-0.931,-0.190,2,354
TRK,1616488,0.61217,-0.77918,0.10656,-0.08235,3.1886,-8.4616,3.6105,0.122,-0.986,-0.207,2,354
TRK,1616508,0.57338,-0.80713,0.11876,-0.07531,3.1905,-8.4835,3.6054,0.072,-1.204,-0.297,2,354
TRK,1616526,0.50322,-0.85158,0.13222,-0.06403,3.1920,-8.5069,3.5994,0.076,-1.156,-0.304,2,354
TRK,1616546,0.42594,-0.89183,0.14499,-0.04681,3.1938,-8.5297,3.5933,0.108,-1.143,-0.313,2,354
TRK,1616567,0.32507,-0.93378,0.14668,-0.02939,3.1962,-8.5518,3.5870,0.137,-1.092,-0.302,2,354
TRK,1616588,0.29625,-0.94324,0.14945,-0.01396,3.1993,-8.5767,3.5812,0.147,-1.096,-0.256,2,354
TRK,1616606,0.29466,-0.94423,0.14655,-0.01131,3.2019,-8.5957,3.5767,0.151,-1.113,-0.265,2,354
TRK,1616626,0.29468,-0.94511,0.14082,-0.01032,3.2049,-8.6180,3.5713,0.154,-1.140,-0.274,2,354
TRK,1616645,0.29733,-0.94546,0.13240,-0.01299,3.2080,-8.6407,3.5658,0.164,-1.144,-0.281,2,354
TRK,1616667,0.30003,-0.94621,0.12017,-0.01529,3.2117,-8.6663,3.5595,0.173,-1.158,-0.286,2,354
TRK,1616688,0.30147,-0.94802,0.10080,-0.01476,3.2154,-8.6894,3.5538,0.194,-1.184,-0.294,2,354
TRK,1616708,0.29852,-0.95044,0.08650,-0.00849,3.2194,-8.7135,3.5478,0.217,-1.257,-0.311,2,354
TRK,1616728,0.29659,-0.95215,0.07366,-0.00424,3.2239,-8.7388,3.5416,0.228,-1.290,-0.322,2,354
TRK,1616748,0.29444,-0.95355,0.06360,-0.00024,3.2284,-8.7651,3.5350,0.232,-1.370,-0.342,2,354
TRK,1616768,0.29226,-0.95471,0.05574,0.00347,3.2332,-8.7926,3.5281,0.249,-1.388,-0.353,2,354
TRK,1616786,0.29614,-0.95399,0.04692,-0.00009,3.2381,-8.8200,3.5211,0.229,-1.382,-0.354,2,354
TRK,1616807,0.30135,-0.95290,0.03378,-0.00457,3.2424,-8.8473,3.5140,0.210,-1.390,-0.361,2,354
TRK,1616826,0.30783,-0.95129,0.01421,-0.00953,3.2466,-8.8746,3.5069,0.215,-1.360,-0.357,2,354
TRK,1616846,0.31430,-0.94923,-0.01052,-0.00867,3.2507,-8.9020,3.4998,0.200,-1.428,-0.364,2,354
TRK,1616866,0.33361,-0.94229,-0.02735,-0.00681,3.2547,-8.9308,3.4925,0.211,-1.473,-0.367,2,354
TRK,1616886,0.36309,-0.93072,-0.04376,-0.00419,3.2591,-8.9602,3.4852,0.237,-1.505,-0.371,2,354
TRK,1616906,0.39475,-0.91699,-0.05743,0.00015,3.2638,-8.9907,3.4777,0.229,-1.581,-0.396,2,354
TRK,1616926,0.41602,-0.90734,-0.06044,0.00248,3.2680,-9.0233,3.4694,0.204,-1.700,-0.437,2,354
TRK,1616946,0.43952,-0.89531,-0.07239,-0.00280,3.2724,-9.0572,3.4610,0.238,-1.705,-0.406,2,354
TRK,1616966,0.49323,-0.86533,-0.08589,-0.02358,3.2770,-9.0906,3.4532,0.222,-1.667,-0.381,2,354
TRK,1616988,0.54871,-0.82984,-0.07815,-0.06460,3.2822,-9.1286,3.4455,0.265,-1.827,-0.285,2,354
TRK,1617008,0.54459,-0.82824,-0.07825,-0.10640,3.2873,-9.1653,3.4401,0.237,-1.855,-0.278,2,354
TRK,1617025,0.53951,-0.82803,-0.08037,-0.12977,3.2914,-9.1980,3.4349,0.244,-1.911,-0.333,2,354
TRK,1617046,0.53439,-0.82887,-0.09015,-0.13885,3.2968,-9.2408,3.4259,0.241,-1.932,-0.467,2,354
TRK,1617068,0.55093,-0.81695,-0.10120,-0.13723,3.3023,-9.2839,3.4146,0.250,-1.952,-0.525,2,354
TRK,1617088,0.56906,-0.80470,-0.10746,-0.13067,3.3071,-9.3234,3.4041,0.239,-2.050,-0.557,2,354
TRK,1617108,0.57794,-0.80249,-0.09244,-0.11596,3.3119,-9.3644,3.3918,0.245,-2.076,-0.695,2,354
TRK,1617127,0.59379,-0.79640,-0.07007,-0.09087,3.3164,-9.3997,3.3792,0.267,-1.995,-0.734,2,354
TRK,1617146,0.60182,-0.79385,-0.06398,-0.05935,3.3217,-9.4391,3.3642,0.258,-1.991,-0.814,2,354
TRK,1617166,0.47947,-0.86900,-0.11834,0.03071,3.3281,-9.4749,3.3479,0.398,-1.701,-0.791,2,354
TRK,1617186,0.38771,-0.91379,-0.12049,0.01230,3.3347,-9.5108,3.3327,0.263,-1.870,-0.750,2,354
TRK,1617208,0.38155,-0.91685,-0.11701,0.01037,3.3401,-9.5527,3.3163,0.220,-1.893,-0.731,2,354
TRK,1617228,0.39315,-0.91323,-0.10660,0.00961,3.3444,-9.5908,3.3015,0.226,-1.954,-0.759,2,354
TRK,1617248,0.38562,-0.91705,-0.10127,0.00757,3.3490,-9.6299,3.2862,0.230,-1.981,-0.781,2,354
TRK,1617266,0.36289,-0.92600,-0.10396,0.00500,3.3535,-9.6692,3.2706,0.210,-2.008,-0.810,2,354
TRK,1617287,0.30867,-0.94425,-0.11453,0.00002,3.3578,-9.7096,3.2543,0.220,-2.071,-0.812,2,354
STAT,403.8,400.8,2,4,0,2.8660,139.388,0.0752,0.0111,-0.0507,10.1432,4.11,0.000
TRK,1617307,0.31338,-0.94321,-0.11025,0.00025,3.3619,-9.7509,3.2385,0.218,-2.133,-0.813,2,354
TRK,1617328,0.31384,-0.94364,-0.10501,0.00330,3.3669,-9.7990,3.2203,0.227,-2.161,-0.809,2,354
TRK,1617345,0.32434,-0.94026,-0.10234,0.01523,3.3708,-9.8365,3.2063,0.221,-2.176,-0.812,2,354
TRK,1617367,0.34255,-0.93398,-0.09909,0.02303,3.3749,-9.8795,3.1901,0.212,-2.189,-0.829,2,354
TRK,1617388,0.34862,-0.93130,-0.10446,0.01537,3.3799,-9.9291,3.1711,0.223,-2.252,-0.867,2,354
TRK,1617408,0.35283,-0.92951,-0.10514,0.02189,3.3845,-9.9740,3.1543,0.232,-2.277,-0.844,2,354
TRK,1617428,0.38490,-0.91756,-0.09780,0.01946,3.3889,-10.0196,3.1373,0.217,-2.320,-0.848,2,354
TRK,1617448,0.51665,-0.85252,-0.07789,0.01479,3.3932,-10.0659,3.1215,0.229,-2.343,-0.766,2,354
TRK,1617468,0.61641,-0.78507,-0.05993,0.01064,3.3984,-10.1154,3.1065,0.307,-2.733,-0.747,2,354
TRK,1617488,0.53557,-0.84250,-0.05385,-0.02126,3.4039,-10.1677,3.0887,0.231,-2.410,-1.124,2,354
TRK,1617506,0.55832,-0.82868,-0.03939,0.00240,3.4082,-10.2130,3.0656,0.246,-2.212,-1.091,2,354
TRK,1617528,0.54400,-0.83792,-0.04397,0.00433,3.4128,-10.2554,3.0438,0.223,-2.144,-1.071,2,354
TRK,1617546,0.58863,-0.80452,-0.07881,-0.00713,3.4195,-10.2961,3.0237,0.378,-1.977,-1.027,2,354
TRK,1617566,0.59625,-0.79761,-0.09112,-0.00085,3.4258,-10.3361,3.0031,0.341,-1.979,-0.999,2,354
TRK,1617586,0.60700,-0.78710,-0.10952,-0.00423,3.4320,-10.3767,2.9825,0.252,-2.200,-1.063,2,354
TRK,1617606,0.63698,-0.75969,-0.12775,-0.02845,3.4373,-10.4207,2.9620,0.283,-2.217,-1.024,2,354
TRK,1617626,0.66590,-0.73036,-0.14109,-0.05700,3.4426,-10.4651,2.9415,0.255,-2.279,-1.038,2,354
TRK,1617647,0.68997,-0.70504,-0.14442,-0.07746,3.4481,-10.5164,2.9187,0.244,-2.317,-1.012,2,354
TRK,1617667,0.71644,-0.67566,-0.14395,-0.09734,3.4529,-10.5628,2.8987,0.237,-2.375,-1.007,2,354
TRK,1617687,0.73291,-0.65788,-0.14048,-0.10149,3.4576,-10.6102,2.8781,0.249,-2.400,-1.114,2,354
TRK,1617707,0.73907,-0.65172,-0.14058,-0.09633,3.4627,-10.6580,2.8556,0.262,-2.432,-1.162,2,354
TRK,1617727,0.75751,-0.63156,-0.13468,-0.09583,3.4680,-10.7063,2.8322,0.275,-2.446,-1.202,2,354
TRK,1617748,0.78026,-0.60536,-0.12307,-0.09792,3.4736,-10.7551,2.8080,0.286,-2.489,-1.247,2,354
TRK,1617766,0.79809,-0.58517,-0.10924,-0.09323,3.4790,-10.8048,2.7829,0.261,-2.527,-1.273,2,354
TRK,1617786,0.81799,-0.56125,-0.09236,-0.08577,3.4840,-10.8551,2.7579,0.243,-2.560,-1.241,2,354
TRK,1617806,0.83740,-0.53683,-0.07435,-0.07104,3.4887,-10.9063,2.7339,0.240,-2.607,-1.199,2,354
TRK,1617827,0.85703,-0.50921,-0.05624,-0.05510,3.4934,-10.9579,2.7098,0.228,-2.596,-1.246,2,354
TRK,1617848,0.89368,-0.44768,-0.02474,-0.01737,3.4985,-11.0157,2.6819,0.235,-2.618,-1.212,2,354
TRK,1617868,0.92219,-0.38660,-0.00720,-0.00804,3.5034,-11.0682,2.6581,0.263,-2.683,-1.199,2,354
TRK,1617886,0.93796,-0.34661,0.00274,-0.00909,3.5079,-11.1152,2.6373,0.264,-2.741,-1.206,2,354
TRK,1617907,0.94748,-0.31940,0.01272,-0.01026,3.5139,-11.1768,2.6103,0.276,-2.789,-1.212,2,354
TRK,1617926,0.95939,-0.28131,0.01970,-0.00683,3.5187,-11.2250,2.5893,0.285,-2.785,-1.223,2,354
TRK,1617948,0.97879,-0.20400,0.01901,-0.00085,3.5254,-11.2874,2.5618,0.314,-2.823,-1.252,2,354
TRK,1617968,0.99095,-0.13391,0.00888,0.00383,3.5316,-11.3440,2.5368,0.309,-2.889,-1.265,2,354
TRK,1617988,0.99613,-0.08725,-0.00951,0.00491,3.5378,-11.4016,2.5117,0.316,-2.927,-1.263,2,354
TRK,1618007,0.99852,-0.05224,-0.01232,0.00894,3.5440,-11.4601,2.4868,0.311,-2.968,-1.261,2,354
TRK,1618027,0.99977,-0.00713,-0.01309,0.01530,3.5501,-11.5190,2.4617,0.311,-2.989,-1.278,2,354
TRK,1618047,0.99802,0.05631,-0.01152,0.02563,3.5563,-11.5784,2.4363,0.306,-3.030,-1.274,2,354
TRK,1618067,0.99724,0.06285,-0.01014,0.03813,3.5622,-11.6392,2.4113,0.297,-3.093,-1.264,2,354
TRK,1618088,0.99672,0.06319,-0.01079,0.04942,3.5688,-11.7085,2.3831,0.294,-3.131,-1.272,2,354
TRK,1618106,0.99628,0.06328,-0.01148,0.05733,3.5738,-11.7630,2.3610,0.285,-3.163,-1.281,2,354
TRK,1618125,0.99579,0.06203,-0.01546,0.06572,3.5795,-11.8260,2.3355,0.294,-3.201,-1.291,2,354
TRK,1618146,0.99552,0.06140,-0.01765,0.06964,3.5854,-11.8896,2.3100,0.300,-3.239,-1.297,2,354
TRK,1618166,0.99540,0.06080,-0.01946,0.07145,3.5913,-11.9541,2.2842,0.303,-3.275,-1.301,2,354
TRK,1618186,0.99542,0.06014,-0.02143,0.07113,3.5974,-12.0194,2.2584,0.307,-3.312,-1.308,2,354
TRK,1618206,0.99569,0.06019,-0.02130,0.06728,3.6035,-12.0854,2.2324,0.317,-3.350,-1.313,2,354
TRK,1618226,0.99621,0.06140,-0.02295,0.05722,3.6106,-12.1606,2.2031,0.309,-3.393,-1.321,2,354
TRK,1618246,0.99616,0.06139,-0.02304,0.05796,3.6167,-12.2281,2.1768,0.311,-3.428,-1.329,2,354
TRK,1618266,0.99622,0.06051,-0.02059,0.05890,3.6229,-12.2963,2.1505,0.314,-3.466,-1.332,2,354
TRK,1618286,0.99623,0.06031,-0.01992,0.05917,3.6291,-12.3651,2.1242,0.318,-3.503,-1.335,2,354
STAT,404.1,400.6,2,4,0,0.5407,23.799,0.0752,0.0111,-0.0507,10.1432,4.11,0.000
TRK,1618307,0.99622,0.06030,-0.01988,0.05920,3.6354,-12.4346,2.0978,0.321,-3.540,-1.338,2,354
TRK,1618325,0.99623,0.06029,-0.01983,0.05917,3.6418,-12.5051,2.0712,0.325,-3.577,-1.343,2,354
TRK,1618347,0.99623,0.06043,-0.01951,0.05916,3.6483,-12.5762,2.0446,0.329,-3.614,-1.347,2,354
TRK,1618365,0.99622,0.06081,-0.01828,0.05932,3.6549,-12.6483,2.0178,0.333,-3.651,-1.351,2,354
TRK,1618387,0.99620,0.06126,-0.01691,0.05954,3.6623,-12.7300,1.9877,0.337,-3.693,-1.356,2,354
TRK,1618408,0.99620,0.06139,-0.01654,0.05960,3.6690,-12.8034,1.9609,0.340,-3.730,-1.361,2,354
TRK,1618426,0.99620,0.06138,-0.01662,0.05958,3.6749,-12.8683,1.9373,0.344,-3.763,-1.365,2,354
TRK,1618444,0.99620,0.06132,-0.01671,0.05954,3.6818,-12.9431,1.9102,0.347,-3.800,-1.370,2,354
TRK,1618465,0.99621,0.06122,-0.01686,0.05952,3.6887,-13.0187,1.8830,0.350,-3.838,-1.375,2,354
TRK,1618488,0.99621,0.06119,-0.01689,0.05954,3.6965,-13.1047,1.8523,0.352,-3.879,-1.381,2,354
TRK,1618506,0.99617,0.06150,-0.01588,0.06004,3.7034,-13.1818,1.8250,0.350,-3.912,-1.384,2,354
TRK,1618526,0.99609,0.06335,-0.01136,0.06059,3.7103,-13.2595,1.7976,0.349,-3.946,-1.387,2,354
TRK,1618546,0.99653,0.05319,-0.00803,0.06358,3.7172,-13.3381,1.7702,0.343,-3.992,-1.374,2,354
TRK,1618566,0.99751,0.01662,-0.00968,0.06788,3.7242,-13.4176,1.7430,0.362,-4.021,-1.375,2,354
TRK,1618586,0.99730,-0.02781,-0.01909,0.06529,3.7278,-13.4575,1.7294,0.000,0.000,0.000,3,354
TRK,1618606,0.99508,-0.07298,-0.02056,0.06377,3.7278,-13.4575,1.7294,0.000,0.000,0.000,3,354
TRK,1618626,0.98935,-0.13069,-0.02247,0.06009,3.7278,-13.4575,1.7294,0.000,0.000,0.000,3,354
TRK,1618646,0.97484,-0.21304,-0.03134,0.05754,3.7278,-13.4575,1.7294,0.000,0.000,0.000,3,354
TRK,1618666,0.93489,-0.34794,-0.04645,0.05249,3.7278,-13.4575,1.7294,0.000,0.000,0.000,3,354
TRK,1618688,0.76555,-0.64103,-0.05417,0.00887,3.7278,-13.4575,1.7294,0.000,0.000,0.000,3,354
TRK,1618708,0.78451,-0.61589,-0.07124,-0.01171,3.7278,-13.4575,1.7294,0.000,0.000,0.000,3,354
TRK,1618728,0.78369,-0.61576,-0.07795,-0.02448,3.7278,-13.4575,1.7294,0.000,0.000,0.000,3,354
TRK,1618745,0.78389,-0.61467,-0.08260,-0.02954,3.7278,-13.4575,1.7294,0.000,0.000,0.000,3,354
TRK,1618766,0.78869,-0.60621,-0.09146,-0.04583,3.7278,-13.4575,1.7294,0.000,0.000,0.000,3,354
TRK,1618787,0.79531,-0.59174,-0.10736,-0.07621,3.7278,-13.4575,1.7294,0.000,0.000,0.000,3,354
TRK,1618807,0.79579,-0.58295,-0.12393,-0.10741,3.7278,-13.4575,1.7294,0.000,0.000,0.000,3,354
TRK,1618828,0.79364,-0.57681,-0.13941,-0.13413,3.7278,-13.4575,1.7294,0.000,0.000,0.000,3,354
TRK,1618848,0.80062,-0.55922,-0.15469,-0.14948,3.7278,-13.4575,1.7294,0.000,0.000,0.000,3,354
TRK,1618868,0.81082,-0.53597,-0.17452,-0.15765,3.7278,-13.4575,1.7294,0.000,0.000,0.000,3,354
TRK,1618888,0.83310,-0.49300,-0.18523,-0.16908,3.7278,-13.4575,1.7294,0.000,0.000,0.000,3,354
TRK,1618906,0.85492,-0.44999,-0.18600,-0.17895,3.7278,-13.4575,1.7294,0.000,0.000,0.000,3,354
TRK,1618928,0.87607,-0.40794,-0.18173,-0.18182,3.7278,-13.4575,1.7294,0.000,0.000,0.000,3,354
TRK,1618946,0.88707,-0.38747,-0.17850,-0.17638,3.7278,-13.4575,1.7294,0.000,0.000,0.000,3,354
TRK,1618967,0.90669,-0.33638,-0.19098,-0.16819,3.7278,-13.4575,1.7294,0.000,0.000,0.000,3,354
TRK,1618987,0.92547,-0.27717,-0.20725,-0.15402,3.7278,-13.4575,1.7294,0.000,0.000,0.000,3,354
TRK,1619006,0.93876,-0.23428,-0.21332,-0.13539,3.7278,-13.4575,1.7294,0.000,0.000,0.000,3,354
TRK,1619026,0.94962,-0.20217,-0.21184,-0.11164,3.7278,-13.4575,1.7294,0.000,0.000,0.000,3,354
TRK,1619046,0.95637,-0.19153,-0.20425,-0.08344,3.7278,-13.4575,1.7294,0.000,0.000,0.000,3,354
TRK,1619066,0.96017,-0.18500,-0.20090,-0.05909,3.7278,-13.4575,1.7294,0.000,0.000,0.000,3,354
TRK,1619086,0.96521,-0.16395,-0.20064,-0.03514,3.7278,-13.4575,1.7294,0.000,0.000,0.000,3,354
TRK,1619106,0.97056,-0.14233,-0.19417,-0.00690,3.7278,-13.4575,1.7294,0.000,0.000,0.000,3,354
TRK,1619126,0.97668,-0.11817,-0.17837,0.01783,3.7278,-13.4575,1.7294,0.000,0.000,0.000,3,354
TRK,1619146,0.98202,-0.08696,-0.16309,0.03849,3.7278,-13.4575,1.7294,0.000,0.000,0.000,3,354
TRK,1619166,0.98516,-0.06368,-0.14801,0.05922,3.7278,-13.4575,1.7294,0.000,0.000,0.000,3,354
TRK,1619187,0.98622,-0.05287,-0.13295,0.08304,3.7278,-13.4575,1.7294,0.000,0.000,0.000,3,354
TRK,1619208,0.98559,-0.03970,-0.12200,0.11024,3.7278,-13.4575,1.7294,0.000,0.000,0.000,3,354
TRK,1619227,0.98332,-0.03124,-0.11322,0.13885,3.7278,-13.4575,1.7294,0.000,0.000,0.000,3,354
TRK,1619245,0.98076,-0.02128,-0.10929,0.16033,3.7278,-13.4575,1.7294,0.000,0.000,0.000,3,354
TRK,1619266,0.97715,-0.00677,-0.10486,0.18476,3.7278,-13.4575,1.7294,0.000,0.000,0.000,3,354
TRK,1619286,0.97441,-0.00280,-0.09545,0.20349,3.7278,-13.4575,1.7294,0.000,0.000,0.000,3,354
STAT,404.1,400.6,2,4,0,2.4882,159.823,0.0752,0.0111,-0.0507,10.1432,4.11,0.000
TRK,1619307,0.97135,-0.01893,-0.08175,0.22234,3.7278,-13.4575,1.7294,0.000,0.000,0.000,3,354
TRK,1619328,0.96773,-0.04009,-0.06974,0.23880,3.7278,-13.4575,1.7294,0.000,0.000,0.000,3,354
TRK,1619346,0.96664,-0.00219,-0.05157,0.25090,3.7278,-13.4575,1.7294,0.000,0.000,0.000,3,354
TRK,1619366,0.96898,0.00505,-0.04295,0.24332,3.7278,-13.4575,1.7294,0.000,0.000,0.000,3,354
TRK,1619386,0.97184,-0.00799,-0.05477,0.22903,3.7278,-13.4575,1.7294,0.000,0.000,0.000,3,354
TRK,1619406,0.97255,-0.01616,-0.06742,0.22211,3.7278,-13.4575,1.7294,0.000,0.000,0.000,3,354
TRK,1619427,0.97242,-0.02397,-0.08301,0.21665,3.7278,-13.4575,1.7294,0.000,0.000,0.000,3,354
TRK,1619447,0.97310,-0.00761,-0.07663,0.21715,3.7278,-13.4575,1.7294,0.000,0.000,0.000,3,354
TRK,1619468,0.97323,0.03705,-0.06452,0.21745,3.7278,-13.4575,1.7294,0.000,0.000,0.000,3,354
TRK,1619487,0.97299,0.05407,-0.06058,0.21611,3.7278,-13.4575,1.7294,0.000,0.000,0.000,3,354
TRK,1619507,0.97353,0.03557,-0.06857,0.21509,3.7278,-13.4575,1.7294,0.000,0.000,0.000,3,354
TRK,1619527,0.97330,0.01197,-0.07787,0.21559,3.7278,-13.4575,1.7294,0.000,0.000,0.000,3,354
TRK,1619548,0.97247,0.01473,-0.07612,0.21975,3.7278,-13.4575,1.7294,0.000,0.000,0.000,3,354
TRK,1619568,0.97162,0.03582,-0.06795,0.22373,3.7278,-13.4575,1.7294,0.000,0.000,0.000,3,354
TRK,1619588,0.97161,0.05753,-0.06066,0.22132,3.7278,-13.4575,1.7294,0.000,0.000,0.000,3,354
TRK,1619608,0.97211,0.05936,-0.05987,0.21887,3.7278,-13.4575,1.7294,0.000,0.000,0.000,3,354
TRK,1619626,0.97258,0.04750,-0.06419,0.21844,3.7278,-13.4575,1.7294,0.000,0.000,0.000,3,354
TRK,1619647,0.97294,0.03258,-0.07125,0.21738,3.7278,-13.4575,1.7294,0.000,0.000,0.000,3,354
TRK,1619666,0.97420,0.01647,-0.07481,0.21230,3.7278,-13.4575,1.7294,0.000,0.000,0.000,3,354
TRK,1619687,0.97443,-0.01564,-0.08004,0.20938,3.7278,-13.4575,1.7294,0.000,0.000,0.000,3,354
TRK,1619708,0.97207,-0.08048,-0.09299,0.19989,3.7278,-13.4575,1.7294,0.000,0.000,0.000,3,354
TRK,1619726,0.96477,-0.15204,-0.10397,0.18786,3.7278,-13.4575,1.7294,0.000,0.000,0.000,3,354
TRK,1619746,0.92837,-0.30434,-0.13434,0.16569,3.7278,-13.4575,1.7294,0.000,0.000,0.000,3,354
TRK,1619766,0.82527,-0.53128,-0.14986,0.11924,3.7278,-13.4575,1.7294,0.000,0.000,0.000,3,354
TRK,1619786,0.83145,-0.52312,-0.15433,0.10591,3.7278,-13.4575,1.7294,0.000,0.000,0.000,3,354
TRK,1619806,0.82358,-0.53739,-0.15505,0.09426,3.7278,-13.4575,1.7294,0.000,0.000,0.000,3,354
TRK,1619826,0.81712,-0.54912,-0.15575,0.08084,3.7278,-13.4575,1.7294,0.000,0.000,0.000,3,354
TRK,1619846,0.80724,-0.56434,-0.16141,0.06189,3.7278,-13.4575,1.7294,0.000,0.000,0.000,3,354
TRK,1619866,0.79703,-0.57857,-0.16831,0.04085,3.7278,-13.4575,1.7294,0.000,0.000,0.000,3,354
TRK,1619886,0.78954,-0.58843,-0.17359,0.01593,3.7278,-13.4575,1.7294,0.000,0.000,0.000,3,354
TRK,1619907,0.78424,-0.59249,-0.18318,-0.01924,3.7278,-13.4575,1.7294,0.000,0.000,0.000,3,354
TRK,1619928,0.77030,-0.60265,-0.19829,-0.06425,3.7278,-13.4575,1.7294,0.000,0.000,0.000,3,354
TRK,1619948,0.75011,-0.61687,-0.21354,-0.10590,3.7278,-13.4575,1.7294,0.000,0.000,0.000,3,354
TRK,1619965,0.73552,-0.62439,-0.22404,-0.13768,3.7278,-13.4575,1.7294,0.000,0.000,0.000,3,354
TRK,1619986,0.72220,-0.62987,-0.23141,-0.16773,3.7278,-13.4575,1.7294,0.000,0.000,0.000,3,354
TRK,1620008,0.70564,-0.63783,-0.23555,-0.19941,3.7278,-13.4575,1.7294,0.000,0.000,0.000,3,354
TRK,1620027,0.68777,-0.64795,-0.23640,-0.22636,3.7278,-13.4575,1.7294,0.000,0.000,0.000,3,354
TRK,1620048,0.66985,-0.65550,-0.23904,-0.25393,3.7278,-13.4575,1.7294,0.000,0.000,0.000,3,354
TRK,1620068,0.64954,-0.66303,-0.24447,-0.28057,3.7278,-13.4575,1.7294,0.000,0.000,0.000,3,354
TRK,1620086,0.62883,-0.67276,-0.24889,-0.30003,3.7278,-13.4575,1.7294,0.000,0.000,0.000,3,354
TRK,1620106,0.60431,-0.68632,-0.25106,-0.31742,3.7278,-13.4575,1.7294,0.000,0.000,0.000,3,354
TRK,1620126,0.58093,-0.69894,-0.25474,-0.33032,3.7278,-13.4575,1.7294,0.000,0.000,0.000,3,354
TRK,1620147,0.55524,-0.71086,-0.25925,-0.34523,3.7278,-13.4575,1.7294,0.000,0.000,0.000,3,354
TRK,1620168,0.53869,-0.71727,-0.26368,-0.35470,3.7278,-13.4575,1.7294,0.000,0.000,0.000,3,354
TRK,1620187,0.52867,-0.71975,-0.26967,-0.36021,3.7278,-13.4575,1.7294,0.000,0.000,0.000,3,354
TRK,1620207,0.52152,-0.71942,-0.28103,-0.36259,3.7278,-13.4575,1.7294,0.000,0.000,0.000,3,354
TRK,1620227,0.51418,-0.71840,-0.29312,-0.36552,3.7278,-13.4575,1.7294,0.000,0.000,0.000,3,354
TRK,1620247,0.50136,-0.72182,-0.30555,-0.36641,3.7278,-13.4575,1.7294,0.000,0.000,0.000,3,354
TRK,1620267,0.48523,-0.72534,-0.31819,-0.37038,3.7278,-13.4575,1.7294,0.000,0.000,0.000,3,354
TRK,1620287,0.48374,-0.72255,-0.32537,-0.37154,3.7278,-13.4575,1.7294,0.000,0.000,0.000,3,354
STAT,404.5,400.5,2,4,0,2.1275,93.738,0.0752,0.0111,-0.0507,10.1432,4.11,0.000
TRK,1620308,0.47707,-0.71863,-0.34325,-0.37168,3.7278,-13.4575,1.7294,0.000,0.000,0.000,3,354
TRK,1620326,0.47071,-0.71177,-0.35371,-0.38302,3.7278,-13.4575,1.7294,0.000,0.000,0.000,3,354
TRK,1620348,0.45791,-0.71066,-0.36025,-0.39435,3.7278,-13.4575,1.7294,0.000,0.000,0.000,3,354
TRK,1620368,0.44357,-0.71821,-0.35790,-0.39916,3.7278,-13.4575,1.7294,0.000,0.000,0.000,3,354
TRK,1620388,0.42938,-0.72845,-0.35345,-0.40008,3.7278,-13.4575,1.7294,0.000,0.000,0.000,3,354
TRK,1620408,0.40768,-0.73870,-0.35916,-0.39891,3.7278,-13.4575,1.7294,0.000,0.000,0.000,3,354
TRK,1620428,0.38655,-0.74006,-0.37914,-0.39893,3.7278,-13.4575,1.7294,0.000,0.000,0.000,3,354
TRK,1620446,0.37252,-0.74009,-0.39562,-0.39620,3.7278,-13.4575,1.7294,0.000,0.000,0.000,3,354
TRK,1620467,0.35988,-0.73751,-0.41422,-0.39368,3.7278,-13.4575,1.7294,0.000,0.000,0.000,3,354
TRK,1620487,0.35562,-0.73247,-0.42791,-0.39232,3.7278,-13.4575,1.7294,0.000,0.000,0.000,3,354
TRK,1620507,0.35677,-0.72850,-0.43494,-0.39093,3.7278,-13.4575,1.7294,0.000,0.000,0.000,3,354
TRK,1620528,0.36052,-0.72632,-0.43398,-0.39261,3.7278,-13.4575,1.7294,0.000,0.000,0.000,3,354
TRK,1620546,0.36179,-0.72361,-0.43269,-0.39784,3.7278,-13.4575,1.7294,0.000,0.000,0.000,3,354
TRK,1620567,0.36228,-0.71949,-0.43425,-0.40313,3.7278,-13.4575,1.7294,0.000,0.000,0.000,3,354
TRK,1620586,0.36277,-0.71303,-0.43704,-0.41107,3.7278,-13.4575,1.7294,0.000,0.000,0.000,3,354
TRK,1620606,0.36052,-0.70556,-0.44253,-0.41997,3.7278,-13.4575,1.7294,0.000,0.000,0.000,3,354
TRK,1620626,0.35749,-0.69515,-0.45014,-0.43166,3.7278,-13.4575,1.7294,0.000,0.000,0.000,3,354
TRK,1620648,0.35122,-0.68395,-0.45968,-0.44447,3.7278,-13.4575,1.7294,0.000,0.000,0.000,3,354
TRK,1620666,0.34389,-0.67213,-0.46925,-0.45801,3.7278,-13.4575,1.7294,0.000,0.000,0.000,3,354
TRK,1620688,0.33524,-0.66136,-0.47860,-0.47028,3.7278,-13.4575,1.7294,0.000,0.000,0.000,3,354
TRK,1620706,0.32824,-0.64847,-0.48743,-0.48390,3.7278,-13.4575,1.7294,0.000,0.000,0.000,3,354
TRK,1620728,0.32097,-0.63286,-0.49431,-0.50213,3.7278,-13.4575,1.7294,0.000,0.000,0.000,3,354
TRK,1620747,0.31171,-0.61702,-0.49935,-0.52227,3.7278,-13.4575,1.7294,0.000,0.000,0.000,3,354
TRK,1620767,0.29842,-0.60172,-0.50016,-0.54654,3.7278,-13.4575,1.7294,0.000,0.000,0.000,3,354
TRK,1620785,0.28847,-0.58942,-0.49680,-0.56794,3.7278,-13.4575,1.7294,0.000,0.000,0.000,3,354
TRK,1620805,0.27853,-0.57882,-0.49402,-0.58595,3.7278,-13.4575,1.7294,0.000,0.000,0.000,3,354
TRK,1620827,0.27231,-0.57256,-0.49968,-0.59020,3.7278,-13.4575,1.7294,0.000,0.000,0.000,3,354
TRK,1620846,0.26923,-0.56786,-0.50367,-0.59276,3.7278,-13.4575,1.7294,0.000,0.000,0.000,3,354
TRK,1620864,0.26738,-0.56028,-0.50406,-0.60043,3.7278,-13.4575,1.7294,0.000,0.000,0.000,3,354
TRK,1620888,0.26786,-0.54673,-0.49990,-0.61599,3.7278,-13.4575,1.7294,0.000,0.000,0.000,3,354
TRK,1620908,0.27109,-0.53300,-0.49422,-0.63101,3.7278,-13.4575,1.7294,0.000,0.000,0.000,3,354
TRK,1620927,0.26267,-0.53288,-0.48870,-0.63892,3.7278,-13.4575,1.7294,0.000,0.000,0.000,3,354
TRK,1620948,0.25045,-0.54624,-0.49276,-0.62935,3.7278,-13.4575,1.7294,0.000,0.000,0.000,3,354
TRK,1620968,0.23943,-0.55970,-0.50041,-0.61563,3.7278,-13.4575,1.7294,0.000,0.000,0.000,3,354
TRK,1620988,0.23440,-0.56452,-0.50300,-0.61103,3.7278,-13.4575,1.7294,0.000,0.000,0.000,3,354
TRK,1621008,0.23725,-0.56274,-0.49962,-0.61435,3.7278,-13.4575,1.7294,0.000,0.000,0.000,3,354
TRK,1621027,0.24376,-0.55917,-0.49397,-0.61961,3.7278,-13.4575,1.7294,0.000,0.000,0.000,3,354
TRK,1621046,0.25519,-0.55490,-0.48958,-0.62231,3.7278,-13.4575,1.7294,0.000,0.000,0.000,3,354
TRK,1621066,0.27056,-0.54091,-0.49475,-0.62404,3.7278,-13.4575,1.7294,0.000,0.000,0.000,3,354
TRK,1621086,0.27182,-0.52928,-0.50214,-0.62756,3.7278,-13.4575,1.7294,0.000,0.000,0.000,3,354
TRK,1621108,0.26983,-0.51402,-0.51374,-0.63170,3.7278,-13.4575,1.7294,0.000,0.000,0.000,3,354
TRK,1621126,0.27162,-0.49769,-0.52321,-0.63622,3.7278,-13.4575,1.7294,0.000,0.000,0.000,3,354
TRK,1621146,0.27679,-0.47596,-0.53262,-0.64277,3.7278,-13.4575,1.7294,0.000,0.000,0.000,3,354
TRK,1621166,0.28175,-0.44967,-0.53984,-0.65344,3.7278,-13.4575,1.7294,0.000,0.000,0.000,3,354
TRK,1621186,0.28938,-0.42497,-0.54969,-0.65841,3.7278,-13.4575,1.7294,0.000,0.000,0.000,3,354
TRK,1621208,0.29247,-0.40858,-0.55882,-0.65973,3.7278,-13.4575,1.7294,0.000,0.000,0.000,3,354
TRK,1621227,0.28885,-0.40284,-0.56871,-0.65640,3.7278,-13.4575,1.7294,0.000,0.000,0.000,3,354
TRK,1621245,0.28610,-0.38988,-0.57031,-0.66400,3.7278,-13.4575,1.7294,0.000,0.000,0.000,3,354
TRK,1621267,0.27588,-0.35597,-0.57479,-0.68322,3.7278,-13.4575,1.7294,0.000,0.000,0.000,3,354
TRK,1621285,0.25210,-0.31341,-0.57466,-0.71273,3.7278,-13.4575,1.7294,0.000,0.000,0.000,3,354
STAT,404.5,400.5,2,4,0,3.6597,173.863,0.0752,0.0111,-0.0507,10.1432,4.11,0.000
TRK,1621307,0.22880,-0.30757,-0.57900,-0.71959,3.7278,-13.4575,1.7294,0.000,0.000,0.000,3,354
TRK,1621328,0.20671,-0.29933,-0.58000,-0.72888,3.7278,-13.4575,1.7294,0.000,0.000,0.000,3,354
TRK,1621348,0.18431,-0.28847,-0.58530,-0.73501,3.7278,-13.4575,1.7294,0.000,0.000,0.000,3,354
TRK,1621368,0.15490,-0.25203,-0.59470,-0.74754,3.7278,-13.4575,1.7294,0.000,0.000,0.000,3,354
TRK,1621388,0.13498,-0.23011,-0.59501,-0.75815,3.7278,-13.4575,1.7294,0.000,0.000,0.000,3,354
TRK,1621408,0.11138,-0.20362,-0.59475,-0.76968,3.7278,-13.4575,1.7294,0.000,0.000,0.000,3,354
TRK,1621426,0.08666,-0.17910,-0.59256,-0.78057,3.7278,-13.4575,1.7294,0.000,0.000,0.000,3,354
TRK,1621447,0.05788,-0.16249,-0.58879,-0.78967,3.7278,-13.4575,1.7294,0.000,0.000,0.000,3,354
TRK,1621466,0.03872,-0.16482,-0.58701,-0.79168,3.7278,-13.4575,1.7294,0.000,0.000,0.000,3,354
TRK,1621487,0.01158,-0.16449,-0.58295,-0.79560,3.7278,-13.4575,1.7294,0.000,0.000,0.000,3,354
TRK,1621505,-0.00278,-0.16680,-0.58095,-0.79666,3.7278,-13.4575,1.7294,0.000,0.000,0.000,3,354
TRK,1621525,-0.00142,-0.19679,-0.57648,-0.79306,3.7278,-13.4575,1.7294,0.000,0.000,0.000,3,354
TRK,1621546,-0.00369,-0.22368,-0.57721,-0.78535,3.7278,-13.4575,1.7294,0.000,0.000,0.000,3,354
TRK,1621566,-0.00279,-0.25571,-0.58933,-0.76635,3.7278,-13.4575,1.7294,0.000,0.000,0.000,3,354
TRK,1621586,-0.00481,-0.29398,-0.59329,-0.74937,3.7278,-13.4575,1.7294,0.000,0.000,0.000,3,354
TRK,1621606,0.01068,-0.35126,-0.60034,-0.71840,3.7278,-13.4575,1.7294,0.000,0.000,0.000,3,354
TRK,1621626,0.03126,-0.41391,-0.59330,-0.68971,3.7278,-13.4575,1.7294,0.000,0.000,0.000,3,354
TRK,1621646,0.06035,-0.47030,-0.58992,-0.65358,3.7278,-13.4575,1.7294,0.000,0.000,0.000,3,354
TRK,1621666,0.09086,-0.53215,-0.58904,-0.60132,3.7278,-13.4575,1.7294,0.000,0.000,0.000,3,354
TRK,1621688,0.10914,-0.59101,-0.56965,-0.56062,3.7278,-13.4575,1.7294,0.000,0.000,0.000,3,354
TRK,1621706,0.11751,-0.63706,-0.55211,-0.52489,3.7278,-13.4575,1.7294,0.000,0.000,0.000,3,354
TRK,1621727,0.12593,-0.69022,-0.52992,-0.47637,3.7278,-13.4575,1.7294,0.000,0.000,0.000,3,354
TRK,1621748,0.17128,-0.72904,-0.50867,-0.42475,3.7278,-13.4575,1.7294,0.000,0.000,0.000,3,354
TRK,1621768,0.19592,-0.75762,-0.46868,-0.40984,3.7278,-13.4575,1.7294,0.000,0.000,0.000,3,354
TRK,1621788,0.23866,-0.77127,-0.42621,-0.40808,3.7278,-13.4575,1.7294,0.000,0.000,0.000,3,354
TRK,1621808,0.26567,-0.77309,-0.37696,-0.43550,3.7278,-13.4575,1.7294,0.000,0.000,0.000,3,354
TRK,1621828,0.30918,-0.76252,-0.33250,-0.46089,3.7278,-13.4575,1.7294,0.000,0.000,0.000,3,354
TRK,1621846,0.32930,-0.74927,-0.28622,-0.49823,3.7278,-13.4575,1.7294,0.000,0.000,0.000,3,354
TRK,1621868,0.36949,-0.71956,-0.23534,-0.53882,3.7278,-13.4575,1.7294,0.000,0.000,0.000,3,354
TRK,1621888,0.38602,-0.69467,-0.19318,-0.57541,3.7278,-13.4575,1.7294,0.000,0.000,0.000,3,354
TRK,1621906,0.40207,-0.67184,-0.16445,-0.59994,3.7278,-13.4575,1.7294,0.000,0.000,0.000,3,354
TRK,1621925,0.39852,-0.64995,-0.14457,-0.63075,3.7278,-13.4575,1.7294,0.000,0.000,0.000,3,354
TRK,1621945,0.35185,-0.61302,-0.13675,-0.69405,3.7278,-13.4575,1.7294,0.000,0.000,0.000,3,354
TRK,1621968,0.35970,-0.62484,-0.17197,-0.67128,3.7278,-13.4575,1.7294,0.000,0.000,0.000,3,354
TRK,1621988,0.30288,-0.65710,-0.17143,-0.66865,3.7278,-13.4575,1.7294,0.000,0.000,0.000,3,354
TRK,1622008,0.31464,-0.67514,-0.20343,-0.63545,3.7278,-13.4575,1.7294,0.000,0.000,0.000,3,354
TRK,1622027,0.26938,-0.71770,-0.19851,-0.61068,3.7278,-13.4575,1.7294,0.000,0.000,0.000,3,354
TRK,1622047,0.26767,-0.75155,-0.21179,-0.56450,3.7278,-13.4575,1.7294,0.000,0.000,0.000,3,354
TRK,1622067,0.22091,-0.78816,-0.21553,-0.53249,3.7278,-13.4575,1.7294,0.000,0.000,0.000,3,354
TRK,1622087,0.20277,-0.80689,-0.23579,-0.50221,3.7278,-13.4575,1.7294,0.000,0.000,0.000,3,354
TRK,1622106,0.16414,-0.82582,-0.23988,-0.48325,3.7278,-13.4575,1.7294,0.000,0.000,0.000,3,354
TRK,1622128,0.14487,-0.82760,-0.25144,-0.48049,3.7278,-13.4575,1.7294,0.000,0.000,0.000,3,354
TRK,1622146,0.12826,-0.82126,-0.24699,-0.49808,3.7278,-13.4575,1.7294,0.000,0.000,0.000,3,354
TRK,1622168,0.12227,-0.80660,-0.23103,-0.53016,3.7278,-13.4575,1.7294,0.000,0.000,0.000,3,354
TRK,1622187,0.11656,-0.78493,-0.20341,-0.57351,3.7278,-13.4575,1.7294,0.000,0.000,0.000,3,354
TRK,1622207,0.11630,-0.75705,-0.15361,-0.62430,3.7278,-13.4575,1.7294,0.000,0.000,0.000,3,354
TRK,1622225,0.11878,-0.73475,-0.10223,-0.65999,3.7278,-13.4575,1.7294,0.000,0.000,0.000,3,354
TRK,1622245,0.12868,-0.72456,-0.03749,-0.67605,3.7278,-13.4575,1.7294,0.000,0.000,0.000,3,354
TRK,1622265,0.15824,-0.72105,0.02618,-0.67407,3.7278,-13.4575,1.7294,0.000,0.000,0.000,3,354
TRK,1622285,0.19815,-0.70308,0.10187,-0.67531,3.7278,-13.4575,1.7294,0.000,0.000,0.000,3,354
STAT,404.1,400.6,2,4,0,8.0948,455.623,0.0752,0.0111,-0.0507,10.1432,4.11,0.000
TRK,1622305,0.20387,-0.66848,0.19647,-0.68773,3.7278,-13.4575,1.7294,0.000,0.000,0.000,3,354
TRK,1622328,0.24217,-0.60369,0.26690,-0.71111,3.7278,-13.4575,1.7294,0.000,0.000,0.000,3,354
TRK,1622346,0.23996,-0.56226,0.28671,-0.73762,3.7278,-13.4575,1.7294,0.000,0.000,0.000,3,354
TRK,1622368,0.20028,-0.57237,0.23633,-0.75923,3.7278,-13.4575,1.7294,0.000,0.000,0.000,3,354
TRK,1622387,0.14813,-0.59310,0.18266,-0.77002,3.7278,-13.4575,1.7294,0.000,0.000,0.000,3,354
TRK,1622405,0.08869,-0.62082,0.09871,-0.77264,3.7278,-13.4575,1.7294,0.000,0.000,0.000,3,354
TRK,1622427,0.07096,-0.64339,-0.00178,-0.76224,3.7278,-13.4575,1.7294,0.000,0.000,0.000,3,354
TRK,1622448,0.10352,-0.58734,0.05381,-0.80089,3.7278,-13.4575,1.7294,0.000,0.000,0.000,3,354
TRK,1622467,0.08226,-0.56792,0.06376,-0.81648,3.7278,-13.4575,1.7294,0.000,0.000,0.000,3,354
TRK,1622485,0.07100,-0.52308,0.08205,-0.84535,3.7278,-13.4575,1.7294,0.000,0.000,0.000,3,354
TRK,1622508,0.08286,-0.46048,0.10433,-0.87761,3.7278,-13.4575,1.7294,0.000,0.000,0.000,3,354
TRK,1622527,0.06192,-0.44979,0.14044,-0.87985,3.7278,-13.4575,1.7294,0.000,0.000,0.000,3,354
TRK,1622547,0.03872,-0.43464,0.16056,-0.88533,3.7278,-13.4575,1.7294,0.000,0.000,0.000,3,354
TRK,1622566,0.03647,-0.41473,0.16996,-0.89319,3.7278,-13.4575,1.7294,0.000,0.000,0.000,3,354
TRK,1622585,0.03770,-0.40766,0.16277,-0.89772,3.7278,-13.4575,1.7294,0.000,0.000,0.000,3,354
TRK,1622608,0.01936,-0.33448,0.16528,-0.92759,3.7278,-13.4575,1.7294,0.000,0.000,0.000,3,354
TRK,1622627,0.05675,-0.34835,0.11131,-0.92900,3.7278,-13.4575,1.7294,0.000,0.000,0.000,3,354
TRK,1622647,-0.04866,-0.47301,0.08352,-0.87574,3.7278,-13.4575,1.7294,0.000,0.000,0.000,3,354
TRK,1622667,-0.02801,-0.53429,0.00630,-0.84481,3.7278,-13.4575,1.7294,0.000,0.000,0.000,3,354
TRK,1622685,-0.12370,-0.61832,-0.03356,-0.77540,3.7278,-13.4575,1.7294,0.000,0.000,0.000,3,354
TRK,1622707,-0.13966,-0.68433,-0.10564,-0.70783,3.7278,-13.4575,1.7294,0.000,0.000,0.000,3,354
TRK,1622725,-0.19670,-0.71563,-0.14478,-0.65439,3.7278,-13.4575,1.7294,0.000,0.000,0.000,3,354
TRK,1622747,-0.21694,-0.74424,-0.19377,-0.60124,3.7278,-13.4575,1.7294,0.000,0.000,0.000,3,354
TRK,1622768,-0.25616,-0.74019,-0.23222,-0.57669,3.7278,-13.4575,1.7294,0.000,0.000,0.000,3,354
TRK,1622788,-0.26206,-0.72965,-0.26640,-0.57269,3.7278,-13.4575,1.7294,0.000,0.000,0.000,3,354
TRK,1622806,-0.26846,-0.70661,-0.28350,-0.59014,3.7278,-13.4575,1.7294,0.000,0.000,0.000,3,354
TRK,1622826,-0.25762,-0.67870,-0.29833,-0.61968,3.7278,-13.4575,1.7294,0.000,0.000,0.000,3,354
TRK,1622846,-0.24046,-0.64606,-0.30125,-0.65881,3.7278,-13.4575,1.7294,0.000,0.000,0.000,3,354
TRK,1622866,-0.21633,-0.61270,-0.30058,-0.69818,3.7278,-13.4575,1.7294,0.000,0.000,0.000,3,354
TRK,1622886,-0.19310,-0.58327,-0.29751,-0.73075,3.7278,-13.4575,1.7294,0.000,0.000,0.000,3,354
TRK,1622906,-0.16740,-0.56316,-0.29870,-0.75207,3.7278,-13.4575,1.7294,0.000,0.000,0.000,3,354
TRK,1622926,-0.14816,-0.55655,-0.29944,-0.76068,3.7278,-13.4575,1.7294,0.000,0.000,0.000,3,354
TRK,1622947,-0.12901,-0.56826,-0.29671,-0.75657,3.7278,-13.4575,1.7294,0.000,0.000,0.000,3,354
TRK,1622965,-0.11311,-0.59734,-0.28829,-0.73979,3.7278,-13.4575,1.7294,0.000,0.000,0.000,3,354
TRK,1622987,-0.09852,-0.63901,-0.27806,-0.71039,3.7278,-13.4575,1.7294,0.000,0.000,0.000,3,354
TRK,1623006,-0.08831,-0.68591,-0.26556,-0.67172,3.7278,-13.4575,1.7294,0.000,0.000,0.000,3,354
TRK,1623026,-0.08629,-0.73418,-0.24893,-0.62575,3.7278,-13.4575,1.7294,0.000,0.000,0.000,3,354
TRK,1623047,-0.09326,-0.78276,-0.22647,-0.57211,3.7278,-13.4575,1.7294,0.000,0.000,0.000,3,354
TRK,1623067,-0.08486,-0.81745,-0.21283,-0.52847,3.7278,-13.4575,1.7294,0.000,0.000,0.000,3,354
TRK,1623087,-0.07483,-0.84153,-0.19596,-0.49781,3.7278,-13.4575,1.7294,0.000,0.000,0.000,3,354
TRK,1623107,-0.06245,-0.85689,-0.17598,-0.48049,3.7278,-13.4575,1.7294,0.000,0.000,0.000,3,354
TRK,1623127,-0.04164,-0.86356,-0.15786,-0.47709,3.7278,-13.4575,1.7294,0.000,0.000,0.000,3,354
TRK,1623145,-0.02237,-0.86268,-0.14603,-0.48370,3.7278,-13.4575,1.7294,0.000,0.000,0.000,3,354
TRK,1623165,0.00480,-0.85820,-0.13461,-0.49533,3.7278,-13.4575,1.7294,0.000,0.000,0.000,3,354
TRK,1623186,0.02555,-0.85031,-0.12729,-0.51002,3.7278,-13.4575,1.7294,0.000,0.000,0.000,3,354
TRK,1623208,0.04544,-0.84308,-0.11403,-0.52359,3.7278,-13.4575,1.7294,0.000,0.000,0.000,3,354
TRK,1623226,0.06248,-0.84103,-0.09628,-0.52867,3.7278,-13.4575,1.7294,0.000,0.000,0.000,3,354
TRK,1623247,0.08691,-0.84456,-0.05718,-0.52526,3.7278,-13.4575,1.7294,0.000,0.000,0.000,3,354
TRK,1623266,0.10856,-0.85075,-0.01868,-0.51390,3.7278,-13.4575,1.7294,0.000,0.000,0.000,3,354
TRK,1623290,0.14735,-0.85952,0.04044,-0.48773,3.7278,-13.4575,1.7294,0.000,0.000,0.000,3,354
STAT,404.1,400.6,2,4,0,2.4009,254.023,0.0752,0.0111,-0.0507,10.1432,4.11,0.000
TRK,1623307,0.18165,-0.86299,0.07972,-0.46464,3.7278,-13.4575,1.7294,0.000,0.000,0.000,3,354
TRK,1623326,0.21245,-0.86460,0.11432,-0.44076,3.7278,-13.4575,1.7294,0.000,0.000,0.000,3,354
TRK,1623347,0.25616,-0.86380,0.15199,-0.40638,3.7278,-13.4575,1.7294,0.000,0.000,0.000,3,354
TRK,1623367,0.28912,-0.86375,0.17991,-0.37145,3.7278,-13.4575,1.7294,0.000,0.000,0.000,3,354
TRK,1623387,0.32255,-0.86329,0.19926,-0.33314,3.7278,-13.4575,1.7294,0.000,0.000,0.000,3,354
TRK,1623407,0.34669,-0.86532,0.21648,-0.29013,3.7278,-13.4575,1.7294,0.000,0.000,0.000,3,354
TRK,1623427,0.36835,-0.86861,0.22484,-0.24348,3.7278,-13.4575,1.7294,0.000,0.000,0.000,3,354
TRK,1623448,0.37715,-0.87599,0.22850,-0.19539,3.7278,-13.4575,1.7294,0.000,0.000,0.000,3,354
TRK,1623468,0.37887,-0.88574,0.21594,-0.15904,3.7278,-13.4575,1.7294,0.000,0.000,0.000,3,354
TRK,1623486,0.39110,-0.88787,0.20026,-0.13649,3.7278,-13.4575,1.7294,0.000,0.000,0.000,3,354
TRK,1623505,0.39537,-0.89359,0.17696,-0.11776,3.7278,-13.4575,1.7294,0.000,0.000,0.000,3,354
TRK,1623525,0.40832,-0.89214,0.15669,-0.11320,3.7278,-13.4575,1.7294,0.000,0.000,0.000,3,354
TRK,1623545,0.40563,-0.89699,0.13817,-0.10857,3.7278,-13.4575,1.7294,0.000,0.000,0.000,3,354
TRK,1623565,0.39873,-0.90316,0.11645,-0.10846,3.7278,-13.4575,1.7294,0.000,0.000,0.000,3,354
TRK,1623588,0.38112,-0.91302,0.08772,-0.11596,3.7278,-13.4575,1.7294,0.000,0.000,0.000,3,354
TRK,1623607,0.37302,-0.91673,0.05056,-0.13379,3.7278,-13.4575,1.7294,0.000,0.000,0.000,3,354
TRK,1623625,0.36822,-0.91613,0.00994,-0.15817,3.7278,-13.4575,1.7294,0.000,0.000,0.000,3,354
TRK,1623646,0.35381,-0.91709,-0.02756,-0.18165,3.7278,-13.4575,1.7294,0.000,0.000,0.000,3,354
TRK,1623668,0.35165,-0.91376,-0.05609,-0.19556,3.7278,-13.4575,1.7294,0.000,0.000,0.000,3,354
TRK,1623686,0.35008,-0.91177,-0.08393,-0.19768,3.7278,-13.4575,1.7294,0.000,0.000,0.000,3,354
TRK,1623706,0.34628,-0.91177,-0.11611,-0.18783,3.7278,-13.4575,1.7294,0.000,0.000,0.000,3,354
TRK,1623727,0.34458,-0.91160,-0.14870,-0.16775,3.7278,-13.4575,1.7294,0.000,0.000,0.000,3,354
TRK,1623747,0.34345,-0.91232,-0.17305,-0.14061,3.7278,-13.4575,1.7294,0.000,0.000,0.000,3,354
TRK,1623767,0.36970,-0.90248,-0.18791,-0.11634,3.7278,-13.4575,1.7294,0.000,0.000,0.000,3,354
TRK,1623787,0.37328,-0.90272,-0.19388,-0.09035,3.7278,-13.4575,1.7294,0.000,0.000,0.000,3,354
TRK,1623807,0.40224,-0.89597,-0.17838,-0.06017,3.7278,-13.4575,1.7294,0.000,0.000,0.000,3,354
TRK,1623828,0.41375,-0.89820,-0.14323,-0.03928,3.7278,-13.4575,1.7294,0.000,0.000,0.000,3,354
TRK,1623846,0.42860,-0.89862,-0.09172,-0.01903,3.7278,-13.4575,1.7294,0.000,0.000,0.000,3,354
TRK,1623866,0.43011,-0.90227,-0.03005,-0.00259,3.7278,-13.4575,1.7294,0.000,0.000,0.000,3,354
TRK,1623887,0.44106,-0.89666,0.03526,0.01495,3.7278,-13.4575,1.7294,0.000,0.000,0.000,3,354
TRK,1623906,0.44448,-0.89006,0.09534,0.03367,3.7278,-13.4575,1.7294,0.000,0.000,0.000,3,354
TRK,1623926,0.45312,-0.87723,0.14644,0.06090,3.7278,-13.4575,1.7294,0.000,0.000,0.000,3,354
TRK,1623946,0.46142,-0.86548,0.17416,0.08778,3.7278,-13.4575,1.7294,0.000,0.000,0.000,3,354
TRK,1623966,0.48085,-0.84923,0.18413,0.11701,3.7278,-13.4575,1.7294,0.000,0.000,0.000,3,354
TRK,1623986,0.49343,-0.83963,0.17663,0.14267,3.7278,-13.4575,1.7294,0.000,0.000,0.000,3,354
TRK,1624006,0.51750,-0.82381,0.16444,0.16273,3.7278,-13.4575,1.7294,0.000,0.000,0.000,3,354
TRK,1624028,0.54352,-0.80978,0.13723,0.17324,3.7278,-13.4575,1.7294,0.000,0.000,0.000,3,354
TRK,1624048,0.57378,-0.79005,0.11973,0.17961,3.7278,-13.4575,1.7294,0.000,0.000,0.000,3,354
TRK,1624068,0.59134,-0.77932,0.10663,0.17777,3.7278,-13.4575,1.7294,0.000,0.000,0.000,3,354
TRK,1624086,0.60722,-0.76820,0.10891,0.17115,3.7278,-13.4575,1.7294,0.000,0.000,0.000,3,354
TRK,1624108,0.61787,-0.76063,0.12410,0.15581,3.7278,-13.4575,1.7294,0.000,0.000,0.000,3,354
TRK,1624128,0.62871,-0.75090,0.14550,0.14039,3.7278,-13.4575,1.7294,0.000,0.000,0.000,3,354
TRK,1624148,0.63783,-0.74074,0.16975,0.12515,3.7278,-13.4575,1.7294,0.000,0.000,0.000,3,354
TRK,1624167,0.64421,-0.73155,0.19130,0.11507,3.7278,-13.4575,1.7294,0.000,0.000,0.000,3,354
TRK,1624186,0.64763,-0.72329,0.21434,0.10717,3.7278,-13.4575,1.7294,0.000,0.000,0.000,3,354
TRK,1624206,0.65163,-0.71429,0.23124,0.10815,3.7278,-13.4575,1.7294,0.000,0.000,0.000,3,354
TRK,1624226,0.65808,-0.70494,0.23875,0.11396,3.7278,-13.4575,1.7294,0.000,0.000,0.000,3,354
TRK,1624246,0.66884,-0.69345,0.23985,0.11935,3.7278,-13.4575,1.7294,0.000,0.000,0.000,3,354
TRK,1624266,0.68128,-0.68119,0.23685,0.12549,3.7278,-13.4575,1.7294,0.000,0.000,0.000,3,354
TRK,1624287,0.68908,-0.67322,0.23192,0.13475,3.7278,-13.4575,1.7294,0.000,0.000,0.000,3,354
STAT,404.0,400.5,2,4,0,1.4171,98.384,0.0752,0.0111,-0.0507,10.1432,4.11,0.000
TRK,1624306,0.69949,-0.66239,0.22456,0.14672,3.7278,-13.4575,1.7294,0.000,0.000,0.000,3,354
TRK,1624327,0.72289,-0.63896,0.21435,0.15240,3.7278,-13.4575,1.7294,0.000,0.000,0.000,3,354
TRK,1624347,0.74622,-0.61254,0.20407,0.16218,3.7278,-13.4575,1.7294,0.000,0.000,0.000,3,354
TRK,1624367,0.75139,-0.60789,0.18919,0.17350,3.7278,-13.4575,1.7294,0.000,0.000,0.000,3,354
TRK,1624387,0.74742,-0.61679,0.17282,0.17624,3.7278,-13.4575,1.7294,0.000,0.000,0.000,3,354
TRK,1624405,0.73609,-0.63328,0.16575,0.17222,3.7278,-13.4575,1.7294,0.000,0.000,0.000,3,354
TRK,1624427,0.72079,-0.65342,0.16593,0.16116,3.7278,-13.4575,1.7294,0.000,0.000,0.000,3,354
TRK,1624445,0.71659,-0.66081,0.17007,0.14461,3.7278,-13.4575,1.7294,0.000,0.000,0.000,3,354
TRK,1624468,0.71556,-0.66825,0.17151,0.10954,3.7278,-13.4575,1.7294,0.000,0.000,0.000,3,354
TRK,1624488,0.73149,-0.65707,0.16654,0.07378,3.7278,-13.4575,1.7294,0.000,0.000,0.000,3,354
TRK,1624507,0.73963,-0.65673,0.14327,0.03366,3.7278,-13.4575,1.7294,0.000,0.000,0.000,3,354
TRK,1624527,0.76049,-0.64058,0.10631,0.00279,3.7278,-13.4575,1.7294,0.000,0.000,0.000,3,354
TRK,1624547,0.77588,-0.62749,0.05941,-0.02718,3.7278,-13.4575,1.7294,0.000,0.000,0.000,3,354
TRK,1624567,0.81730,-0.57354,0.00508,-0.05510,3.7278,-13.4575,1.7294,0.000,0.000,0.000,3,354
TRK,1624587,0.83902,-0.53803,-0.03222,-0.07437,3.7278,-13.4575,1.7294,0.000,0.000,0.000,3,354
TRK,1624607,0.86432,-0.49452,-0.05129,-0.07598,3.7278,-13.4575,1.7294,0.000,0.000,0.000,3,354
TRK,1624627,0.88269,-0.45827,-0.05345,-0.08936,3.7278,-13.4575,1.7294,0.000,0.000,0.000,3,354
TRK,1624647,0.90601,-0.40744,-0.04671,-0.10471,3.7278,-13.4575,1.7294,0.000,0.000,0.000,3,354
TRK,1624668,0.91405,-0.38382,-0.02446,-0.12882,3.7278,-13.4575,1.7294,0.000,0.000,0.000,3,354
TRK,1624686,0.91877,-0.36159,-0.00709,-0.15832,3.7278,-13.4575,1.7294,0.000,0.000,0.000,3,354
TRK,1624707,0.92255,-0.32719,0.01599,-0.20395,3.7278,-13.4575,1.7294,0.000,0.000,0.000,3,354
TRK,1624727,0.92035,-0.29957,0.03660,-0.24874,3.7278,-13.4575,1.7294,0.000,0.000,0.000,3,354
TRK,1624746,0.92304,-0.24894,0.05368,-0.28837,3.7278,-13.4575,1.7294,0.000,0.000,0.000,3,354
TRK,1624765,0.92709,-0.17349,0.04340,-0.32944,3.7278,-13.4575,1.7294,0.000,0.000,0.000,3,354
TRK,1624785,0.91472,-0.05426,-0.00185,-0.40043,3.7278,-13.4575,1.7294,0.000,0.000,0.000,3,354
TRK,1624808,0.86735,0.08035,-0.09203,-0.48248,3.7278,-13.4575,1.7294,0.000,0.000,0.000,3,354
TRK,1624827,0.80368,0.14930,-0.17625,-0.54840,3.7278,-13.4575,1.7294,0.000,0.000,0.000,3,354
TRK,1624848,0.74443,0.18921,-0.24990,-0.58955,3.7278,-13.4575,1.7294,0.000,0.000,0.000,3,354
TRK,1624868,0.69830,0.20323,-0.30528,-0.61472,3.7278,-13.4575,1.7294,0.000,0.000,0.000,3,354
TRK,1624888,0.66887,0.20807,-0.33839,-0.62834,3.7278,-13.4575,1.7294,0.000,0.000,0.000,3,354
TRK,1624908,0.65018,0.22071,-0.35385,-0.63510,3.7278,-13.4575,1.7294,0.000,0.000,0.000,3,354
TRK,1624928,0.63880,0.23679,-0.34723,-0.64443,3.7278,-13.4575,1.7294,0.000,0.000,0.000,3,354
TRK,1624948,0.62617,0.26175,-0.33280,-0.65470,3.7278,-13.4575,1.7294,0.000,0.000,0.000,3,354
TRK,1624968,0.60007,0.30197,-0.33122,-0.66259,3.7278,-13.4575,1.7294,0.000,0.000,0.000,3,354
TRK,1624988,0.55764,0.33097,-0.32266,-0.68948,3.7278,-13.4575,1.7294,0.000,0.000,0.000,3,354
TRK,1625008,0.50246,0.36139,-0.31461,-0.71969,3.7278,-13.4575,1.7294,0.000,0.000,0.000,3,354
TRK,1625028,0.43501,0.38783,-0.31014,-0.75111,3.7278,-13.4575,1.7294,0.000,0.000,0.000,3,354
TRK,1625046,0.37498,0.39921,-0.31188,-0.77637,3.7278,-13.4575,1.7294,0.000,0.000,0.000,3,354
TRK,1625067,0.30121,0.40437,-0.31527,-0.80397,3.7278,-13.4575,1.7294,0.000,0.000,0.000,3,354
TRK,1625087,0.25057,0.41557,-0.31936,-0.81396,3.7278,-13.4575,1.7294,0.000,0.000,0.000,3,354
TRK,1625107,0.22033,0.40620,-0.34697,-0.81613,3.7278,-13.4575,1.7294,0.000,0.000,0.000,3,354
TRK,1625127,0.22962,0.37363,-0.34452,-0.83005,3.7278,-13.4575,1.7294,0.000,0.000,0.000,3,354
TRK,1625147,0.25678,0.35565,-0.33995,-0.83187,3.7278,-13.4575,1.7294,0.000,0.000,0.000,3,354
TRK,1625167,0.30711,0.33140,-0.32661,-0.83017,3.7278,-13.4575,1.7294,0.000,0.000,0.000,3,354
TRK,1625187,0.36891,0.30441,-0.30475,-0.82363,3.7278,-13.4575,1.7294,0.000,0.000,0.000,3,354
TRK,1625207,0.43978,0.26205,-0.27266,-0.81460,3.7278,-13.4575,1.7294,0.000,0.000,0.000,3,354
TRK,1625227,0.50980,0.21584,-0.23332,-0.79943,3.7278,-13.4575,1.7294,0.000,0.000,0.000,3,354
TRK,1625247,0.56906,0.16054,-0.19529,-0.78247,3.7278,-13.4575,1.7294,0.000,0.000,0.000,3,354
TRK,1625268,0.61921,0.10475,-0.15612,-0.76238,3.7278,-13.4575,1.7294,0.000,0.000,0.000,3,354
TRK,1625286,0.65315,0.04008,-0.13280,-0.74442,3.7278,-13.4575,1.7294,0.000,0.000,0.000,3,354
STAT,404.0,400.5,2,4,0,5.1608,511.998,0.0752,0.0111,-0.0507,10.1432,4.11,0.000
TRK,1625305,0.67465,-0.03543,-0.10308,-0.73005,3.7278,-13.4575,1.7294,0.000,0.000,0.000,3,354
TRK,1625326,0.69043,-0.14876,-0.06276,-0.70515,3.7278,-13.4575,1.7294,0.000,0.000,0.000,3,354
TRK,1625346,0.69432,-0.25322,-0.01794,-0.67341,3.7278,-13.4575,1.7294,0.000,0.000,0.000,3,354
TRK,1625366,0.70172,-0.34990,0.03505,-0.61962,3.7278,-13.4575,1.7294,0.000,0.000,0.000,3,354
TRK,1625386,0.69631,-0.43314,0.10155,-0.56323,3.7278,-13.4575,1.7294,0.000,0.000,0.000,3,354
TRK,1625406,0.68294,-0.49408,0.16865,-0.51092,3.7278,-13.4575,1.7294,0.000,0.000,0.000,3,354
TRK,1625426,0.66092,-0.54299,0.23791,-0.46017,3.7278,-13.4575,1.7294,0.000,0.000,0.000,3,354
TRK,1625446,0.63510,-0.58268,0.30364,-0.40612,3.7278,-13.4575,1.7294,0.000,0.000,0.000,3,354
TRK,1625466,0.60411,-0.61937,0.35784,-0.35127,3.7278,-13.4575,1.7294,0.000,0.000,0.000,3,354
TRK,1625487,0.57831,-0.65376,0.38723,-0.29699,3.7278,-13.4575,1.7294,0.000,0.000,0.000,3,354
TRK,1625508,0.55588,-0.69458,0.38535,-0.24508,3.7278,-13.4575,1.7294,0.000,0.000,0.000,3,354
TRK,1625526,0.54511,-0.72582,0.36300,-0.21040,3.7278,-13.4575,1.7294,0.000,0.000,0.000,3,354
TRK,1625548,0.53528,-0.76519,0.31682,-0.16610,3.7278,-13.4575,1.7294,0.000,0.000,0.000,3,354
TRK,1625568,0.54258,-0.78649,0.26687,-0.12580,3.7278,-13.4575,1.7294,0.000,0.000,0.000,3,354
TRK,1625588,0.55089,-0.80094,0.21856,-0.08511,3.7278,-13.4575,1.7294,0.000,0.000,0.000,3,354
TRK,1625608,0.56262,-0.80611,0.17858,-0.04201,3.7278,-13.4575,1.7294,0.000,0.000,0.000,3,354
TRK,1625627,0.57262,-0.80497,0.15533,-0.00230,3.7278,-13.4575,1.7294,0.000,0.000,0.000,3,354
TRK,1625646,0.58750,-0.79492,0.14545,0.04236,3.7278,-13.4575,1.7294,0.000,0.000,0.000,3,354
TRK,1625666,0.59716,-0.78174,0.15917,0.08332,3.7278,-13.4575,1.7294,0.000,0.000,0.000,3,354
TRK,1625686,0.59709,-0.76737,0.19756,0.12489,3.7278,-13.4575,1.7294,0.000,0.000,0.000,3,354
TRK,1625706,0.58452,-0.75422,0.25106,0.16268,3.7278,-13.4575,1.7294,0.000,0.000,0.000,3,354
TRK,1625727,0.56615,-0.74126,0.30355,0.19458,3.7278,-13.4575,1.7294,0.000,0.000,0.000,3,354
TRK,1625748,0.54352,-0.72917,0.34915,0.22581,3.7278,-13.4575,1.7294,0.000,0.000,0.000,3,354
TRK,1625765,0.52808,-0.72261,0.36867,0.25110,3.7278,-13.4575,1.7294,0.000,0.000,0.000,3,354
TRK,1625786,0.52101,-0.71588,0.37221,0.27844,3.7278,-13.4575,1.7294,0.000,0.000,0.000,3,354
TRK,1625808,0.53341,-0.71200,0.34514,0.29901,3.7278,-13.4575,1.7294,0.000,0.000,0.000,3,354
TRK,1625826,0.55573,-0.71020,0.30581,0.30540,3.7278,-13.4575,1.7294,0.000,0.000,0.000,3,354
TRK,1625847,0.58132,-0.71154,0.24698,0.30786,3.7278,-13.4575,1.7294,0.000,0.000,0.000,3,354
TRK,1625865,0.59929,-0.71433,0.19010,0.30733,3.7278,-13.4575,1.7294,0.000,0.000,0.000,3,354
TRK,1625887,0.61065,-0.72158,0.13257,0.29807,3.7278,-13.4575,1.7294,0.000,0.000,0.000,3,354
TRK,1625908,0.62610,-0.72571,0.09051,0.27048,3.7278,-13.4575,1.7294,0.000,0.000,0.000,3,354
TRK,1625928,0.63609,-0.73155,0.06644,0.23624,3.7278,-13.4575,1.7294,0.000,0.000,0.000,3,354
TRK,1625947,0.64437,-0.73452,0.05152,0.20643,3.7278,-13.4575,1.7294,0.000,0.000,0.000,3,354
TRK,1625967,0.64731,-0.74024,0.04642,0.17574,3.7278,-13.4575,1.7294,0.000,0.000,0.000,3,354
TRK,1625987,0.64750,-0.74788,0.04343,0.13975,3.7278,-13.4575,1.7294,0.000,0.000,0.000,3,354
TRK,1626007,0.64164,-0.75581,0.05089,0.12026,3.7278,-13.4575,1.7294,0.000,0.000,0.000,3,354
TRK,1626028,0.64278,-0.75451,0.05730,0.11945,3.7278,-13.4575,1.7294,0.000,0.000,0.000,3,354
TRK,1626047,0.63583,-0.75980,0.05409,0.12448,3.7278,-13.4575,1.7294,0.000,0.000,0.000,3,354
TRK,1626067,0.63978,-0.75641,0.03916,0.13037,3.7278,-13.4575,1.7294,0.000,0.000,0.000,3,354
TRK,1626087,0.64399,-0.75414,0.01127,0.12815,3.7278,-13.4575,1.7294,0.000,0.000,0.000,3,354
TRK,1626106,0.65233,-0.74737,-0.01657,0.12500,3.7278,-13.4575,1.7294,0.000,0.000,0.000,3,354
TRK,1626126,0.66098,-0.73979,-0.04709,0.11664,3.7278,-13.4575,1.7294,0.000,0.000,0.000,3,354
TRK,1626146,0.66959,-0.73170,-0.07783,0.10099,3.7278,-13.4575,1.7294,0.000,0.000,0.000,3,354
TRK,1626166,0.67856,-0.72169,-0.10759,0.08459,3.7278,-13.4575,1.7294,0.000,0.000,0.000,3,354
TRK,1626186,0.68343,-0.71418,-0.13532,0.06752,3.7278,-13.4575,1.7294,0.000,0.000,0.000,3,354
TRK,1626208,0.68710,-0.70746,-0.15924,0.04521,3.7278,-13.4575,1.7294,0.000,0.000,0.000,3,354
TRK,1626228,0.69832,-0.69237,-0.17935,0.02838,3.7278,-13.4575,1.7294,0.000,0.000,0.000,3,354
TRK,1626245,0.72344,-0.66194,-0.19508,0.02024,3.7278,-13.4575,1.7294,0.000,0.000,0.000,3,354
TRK,1626266,0.75943,-0.61665,-0.20647,0.01939,3.7278,-13.4575,1.7294,0.000,0.000,0.000,3,354
TRK,1626287,0.77383,-0.59880,-0.20484,0.02567,3.7278,-13.4575,1.7294,0.000,0.000,0.000,3,354
STAT,403.9,400.9,2,4,0,2.9379,220.326,0.0752,0.0111,-0.0507,10.1432,4.11,0.000
TRK,1626306,0.78552,-0.58695,-0.19030,0.04734,3.7278,-13.4575,1.7294,0.000,0.000,0.000,3,354
TRK,1626327,0.78102,-0.59819,-0.15732,0.08615,3.7278,-13.4575,1.7294,0.000,0.000,0.000,3,354
TRK,1626347,0.77402,-0.60788,-0.12373,0.12673,3.7278,-13.4575,1.7294,0.000,0.000,0.000,3,354
TRK,1626367,0.77707,-0.60175,-0.08722,0.16267,3.7278,-13.4575,1.7294,0.000,0.000,0.000,3,354
TRK,1626387,0.76775,-0.61736,-0.07636,0.15362,3.7278,-13.4575,1.7294,0.000,0.000,0.000,3,354
TRK,1626407,0.82185,-0.54217,-0.07075,0.16002,3.7278,-13.4575,1.7294,0.000,0.000,0.000,3,354
TRK,1626428,0.80106,-0.57967,-0.09654,0.11386,3.7278,-13.4575,1.7294,0.000,0.000,0.000,3,354
TRK,1626446,0.82536,-0.54619,-0.10837,0.09336,3.7278,-13.4575,1.7294,0.000,0.000,0.000,3,354
TRK,1626468,0.83236,-0.53703,-0.12253,0.06132,3.7278,-13.4575,1.7294,0.000,0.000,0.000,3,354
TRK,1626486,0.84960,-0.50990,-0.12881,0.03996,3.7278,-13.4575,1.7294,0.000,0.000,0.000,3,354
TRK,1626507,0.84628,-0.52043,-0.11239,0.01805,3.7278,-13.4575,1.7294,0.000,0.000,0.000,3,354
TRK,1626527,0.83603,-0.54013,-0.08322,0.04881,3.7278,-13.4575,1.7294,0.000,0.000,0.000,3,354
TRK,1626547,0.83370,-0.54733,-0.06603,0.03188,3.7278,-13.4575,1.7294,0.000,0.000,0.000,3,354
TRK,1626567,0.83511,-0.54480,-0.06981,0.03034,3.7278,-13.4575,1.7294,0.000,0.000,0.000,3,354
TRK,1626588,0.84611,-0.52786,-0.06927,0.02561,3.7278,-13.4575,1.7294,0.000,0.000,0.000,3,354
TRK,1626606,0.83350,-0.54506,-0.08701,0.02460,3.7278,-13.4575,1.7294,0.000,0.000,0.000,3,354
TRK,1626626,0.82604,-0.55410,-0.10022,0.02405,3.7278,-13.4575,1.7294,0.000,0.000,0.000,3,354
TRK,1626646,0.83220,-0.54493,-0.10079,0.01848,3.7278,-13.4575,1.7294,0.000,0.000,0.000,3,354
TRK,1626666,0.83376,-0.54514,-0.08482,0.02193,3.7278,-13.4575,1.7294,0.000,0.000,0.000,3,354
TRK,1626688,0.83834,-0.53915,-0.07855,0.01825,3.7278,-13.4575,1.7294,0.000,0.000,0.000,3,354
TRK,1626707,0.83725,-0.54380,-0.05734,0.00109,3.7278,-13.4575,1.7294,0.000,0.000,0.000,3,354
TRK,1626725,0.84282,-0.53738,-0.01717,-0.02405,3.7278,-13.4575,1.7294,0.000,0.000,0.000,3,354
TRK,1626745,0.83423,-0.54925,0.01903,-0.04499,3.7278,-13.4575,1.7294,0.000,0.000,0.000,3,354
TRK,1626766,0.83412,-0.54645,0.04598,-0.05926,3.7278,-13.4575,1.7294,0.000,0.000,0.000,3,354
TRK,1626786,0.83434,-0.54582,0.04492,-0.06277,3.7278,-13.4575,1.7294,0.000,0.000,0.000,3,354
TRK,1626806,0.83494,-0.54673,0.03137,-0.05464,3.7278,-13.4575,1.7294,0.000,0.000,0.000,3,354
TRK,1626827,0.83477,-0.54844,0.01802,-0.04527,3.7278,-13.4575,1.7294,0.000,0.000,0.000,3,354
TRK,1626848,0.83662,-0.54669,0.00455,-0.03426,3.7278,-13.4575,1.7294,0.000,0.000,0.000,3,354
TRK,1626868,0.83593,-0.54783,0.00021,-0.03305,3.7278,-13.4575,1.7294,0.000,0.000,0.000,3,354
TRK,1626888,0.84053,-0.54070,-0.00598,-0.03360,3.7278,-13.4575,1.7294,0.000,0.000,0.000,3,354
TRK,1626908,0.83651,-0.54699,-0.01129,-0.03048,3.7278,-13.4575,1.7294,0.000,0.000,0.000,3,354
TRK,1626928,0.84242,-0.53785,-0.01273,-0.02966,3.7278,-13.4575,1.7294,0.000,0.000,0.000,3,354
TRK,1626946,0.84577,-0.53252,-0.00963,-0.03149,3.7278,-13.4575,1.7294,0.000,0.000,0.000,3,354
TRK,1626966,0.84904,-0.52727,-0.00463,-0.03308,3.7278,-13.4575,1.7294,0.000,0.000,0.000,3,354
TRK,1626987,0.84567,-0.53233,0.00134,-0.03816,3.7278,-13.4575,1.7294,0.000,0.000,0.000,3,354
TRK,1627008,0.84734,-0.52926,0.01131,-0.04216,3.7278,-13.4575,1.7294,0.000,0.000,0.000,3,354
TRK,1627027,0.85019,-0.52457,0.01663,-0.04152,3.7278,-13.4575,1.7294,0.000,0.000,0.000,3,354
TRK,1627047,0.84723,-0.52938,0.01763,-0.04062,3.7278,-13.4575,1.7294,0.000,0.000,0.000,3,354
TRK,1627068,0.84237,-0.53771,0.00811,-0.03477,3.7278,-13.4575,1.7294,0.000,0.000,0.000,3,354
TRK,1627088,0.84284,-0.53747,-0.00534,-0.02675,3.7278,-13.4575,1.7294,0.000,0.000,0.000,3,354
TRK,1627108,0.83240,-0.55375,-0.01395,-0.01660,3.7278,-13.4575,1.7294,0.000,0.000,0.000,3,354
TRK,1627128,0.81494,-0.57889,-0.02754,-0.00133,3.7278,-13.4575,1.7294,0.000,0.000,0.000,3,354
TRK,1627147,0.78144,-0.62216,-0.04743,0.00291,3.7278,-13.4575,1.7294,0.000,0.000,0.000,3,354
TRK,1627167,0.70918,-0.70248,-0.05985,-0.00058,3.7278,-13.4575,1.7294,0.000,0.000,0.000,3,354
TRK,1627188,0.64219,-0.76525,-0.04452,0.00245,3.7278,-13.4575,1.7294,0.000,0.000,0.000,3,354
TRK,1627206,0.68972,-0.72365,-0.02380,-0.00715,3.7278,-13.4575,1.7294,0.000,0.000,0.000,3,354
TRK,1627227,0.68960,-0.72385,0.00753,-0.02082,3.7278,-13.4575,1.7294,0.000,0.000,0.000,3,354
TRK,1627246,0.64937,-0.75975,0.02479,-0.02190,3.7278,-13.4575,1.7294,0.000,0.000,0.000,3,354
TRK,1627266,0.66778,-0.74362,0.01945,-0.02686,3.7278,-13.4575,1.7294,0.000,0.000,0.000,3,354
TRK,1627286,0.68265,-0.73058,0.00571,-0.01449,3.7278,-13.4575,1.7294,0.000,0.000,0.000,3,354
STAT,403.9,400.9,2,4,0,10.2288,281.967,0.0752,0.0111,-0.0507,10.1432,4.11,0.000
TRK,1627306,0.66384,-0.74765,0.00101,-0.01807,3.7278,-13.4575,1.7294,0.000,0.000,0.000,3,354
TRK,1627325,0.66661,-0.74517,0.00248,-0.01834,3.7278,-13.4575,1.7294,0.000,0.000,0.000,3,354
TRK,1627345,0.68471,-0.72855,0.00760,-0.01806,3.7278,-13.4575,1.7294,0.000,0.000,0.000,3,354
TRK,1627365,0.67507,-0.73739,0.01068,-0.02052,3.7278,-13.4575,1.7294,0.000,0.000,0.000,3,354
TRK,1627385,0.67107,-0.74098,0.01293,-0.02133,3.7278,-13.4575,1.7294,0.000,0.000,0.000,3,354
TRK,1627406,0.67913,-0.73354,0.01506,-0.02189,3.7278,-13.4575,1.7294,0.000,0.000,0.000,3,354
TRK,1627427,0.67758,-0.73500,0.01433,-0.02164,3.7278,-13.4575,1.7294,0.000,0.000,0.000,3,354
TRK,1627447,0.67082,-0.74122,0.01230,-0.02117,3.7278,-13.4575,1.7294,0.000,0.000,0.000,3,354
TRK,1627467,0.67099,-0.74106,0.01223,-0.02128,3.7278,-13.4575,1.7294,0.000,0.000,0.000,3,354
TRK,1627487,0.67667,-0.73584,0.01393,-0.02172,3.7278,-13.4575,1.7294,0.000,0.000,0.000,3,354
TRK,1627507,0.67743,-0.73513,0.01414,-0.02178,3.7278,-13.4575,1.7294,0.000,0.000,0.000,3,354
TRK,1627528,0.67236,-0.73980,0.01258,-0.02150,3.7278,-13.4575,1.7294,0.000,0.000,0.000,3,354
TRK,1627547,0.67168,-0.74043,0.01234,-0.02141,3.7278,-13.4575,1.7294,0.000,0.000,0.000,3,354
TRK,1627566,0.67541,-0.73701,0.01348,-0.02165,3.7278,-13.4575,1.7294,0.000,0.000,0.000,3,354
TRK,1627586,0.67676,-0.73575,0.01390,-0.02178,3.7278,-13.4575,1.7294,0.000,0.000,0.000,3,354
TRK,1627606,0.67372,-0.73856,0.01297,-0.02159,3.7278,-13.4575,1.7294,0.000,0.000,0.000,3,354
TRK,1627626,0.67228,-0.73988,0.01250,-0.02146,3.7278,-13.4575,1.7294,0.000,0.000,0.000,3,354
TRK,1627647,0.67516,-0.73724,0.01339,-0.02161,3.7278,-13.4575,1.7294,0.000,0.000,0.000,3,354
TRK,1627667,0.67611,-0.73635,0.01368,-0.02169,3.7278,-13.4575,1.7294,0.000,0.000,0.000,3,354
TRK,1627687,0.67382,-0.73847,0.01301,-0.02157,3.7278,-13.4575,1.7294,0.000,0.000,0.000,3,354
TRK,1627707,0.67281,-0.73940,0.01267,-0.02149,3.7278,-13.4575,1.7294,0.000,0.000,0.000,3,354
TRK,1627726,0.67449,-0.73785,0.01321,-0.02158,3.7278,-13.4575,1.7294,0.000,0.000,0.000,3,354
TRK,1627746,0.67580,-0.73664,0.01364,-0.02166,3.7278,-13.4575,1.7294,0.000,0.000,0.000,3,354
TRK,1627767,0.67403,-0.73828,0.01312,-0.02158,3.7278,-13.4575,1.7294,0.000,0.000,0.000,3,354
TRK,1627788,0.67312,-0.73911,0.01281,-0.02153,3.7278,-13.4575,1.7294,0.000,0.000,0.000,3,354
TRK,1627806,0.67438,-0.73795,0.01317,-0.02161,3.7278,-13.4575,1.7294,0.000,0.000,0.000,3,354
TRK,1627826,0.67546,-0.73695,0.01354,-0.02169,3.7278,-13.4575,1.7294,0.000,0.000,0.000,3,354
TRK,1627845,0.67428,-0.73804,0.01317,-0.02162,3.7278,-13.4575,1.7294,0.000,0.000,0.000,3,354
TRK,1627865,0.67328,-0.73897,0.01285,-0.02157,3.7278,-13.4575,1.7294,0.000,0.000,0.000,3,354
TRK,1627885,0.67427,-0.73805,0.01312,-0.02160,3.7278,-13.4575,1.7294,0.000,0.000,0.000,3,354
TRK,1627905,0.67515,-0.73724,0.01343,-0.02164,3.7278,-13.4575,1.7294,0.000,0.000,0.000,3,354
TRK,1627928,0.67409,-0.73822,0.01310,-0.02158,3.7278,-13.4575,1.7294,0.000,0.000,0.000,3,354
TRK,1627947,0.67352,-0.73874,0.01292,-0.02158,3.7278,-13.4575,1.7294,0.000,0.000,0.000,3,354
TRK,1627968,0.67445,-0.73788,0.01321,-0.02164,3.7278,-13.4575,1.7294,0.000,0.000,0.000,3,354
TRK,1627988,0.67493,-0.73745,0.01333,-0.02168,3.7278,-13.4575,1.7294,0.000,0.000,0.000,3,354
TRK,1628008,0.67407,-0.73823,0.01304,-0.02166,3.7278,-13.4575,1.7294,0.000,0.000,0.000,3,354
TRK,1628028,0.67366,-0.73861,0.01290,-0.02164,3.7278,-13.4575,1.7294,0.000,0.000,0.000,3,354
TRK,1628048,0.67437,-0.73795,0.01319,-0.02165,3.7278,-13.4575,1.7294,0.000,0.000,0.000,3,354
TRK,1628068,0.67472,-0.73763,0.01334,-0.02166,3.7278,-13.4575,1.7294,0.000,0.000,0.000,3,354
TRK,1628088,0.67412,-0.73819,0.01315,-0.02165,3.7278,-13.4575,1.7294,0.000,0.000,0.000,3,354
TRK,1628108,0.66718,-0.74445,0.01219,-0.02251,3.7278,-13.4575,1.7294,0.000,0.000,0.000,1,355
TRK,1628128,0.64357,-0.76491,0.00903,-0.02561,3.7278,-13.4575,1.7294,0.000,0.000,0.000,1,355
TRK,1628146,0.62598,-0.77932,0.00674,-0.02783,3.7278,-13.4575,1.7294,0.000,0.000,0.000,1,355
TRK,1628168,0.60628,-0.79467,0.00430,-0.03017,3.7278,-13.4575,1.7294,0.000,0.000,0.000,1,355
TRK,1628186,0.59197,-0.80533,0.00251,-0.03187,3.7278,-13.4575,1.7294,0.000,0.000,0.000,1,355
TRK,1628208,0.57947,-0.81431,0.00097,-0.03334,3.7278,-13.4575,1.7294,0.000,0.000,0.000,1,355
TRK,1628226,0.57141,-0.81994,-0.00007,-0.03434,3.7278,-13.4575,1.7294,0.000,0.000,0.000,1,355
TRK,1628246,0.56312,-0.82562,-0.00109,-0.03530,3.7278,-13.4575,1.7294,0.000,0.000,0.000,1,355
TRK,1628266,0.55649,-0.83007,-0.00192,-0.03609,3.7278,-13.4575,1.7294,0.000,0.000,0.000,1,355
TRK,1628286,0.55147,-0.83339,-0.00256,-0.03672,3.7278,-13.4575,1.7294,0.000,0.000,0.000,1,355
STAT,404.3,400.8,2,4,0,0.0315,2.202,0.0752,0.0111,-0.0507,9.9868,12.53,0.000
TRK,1628306,0.54732,-0.83609,-0.00307,-0.03719,3.7278,-13.4575,1.7294,0.000,0.000,0.000,1,355
TRK,1628328,0.54302,-0.83887,-0.00355,-0.03762,3.7278,-13.4575,1.7294,0.000,0.000,0.000,1,355
TRK,1628346,0.54032,-0.84060,-0.00384,-0.03788,3.7278,-13.4575,1.7294,0.000,0.000,0.000,1,355
TRK,1628367,0.53793,-0.84212,-0.00414,-0.03816,3.7278,-13.4575,1.7294,0.000,0.000,0.000,1,355
TRK,1628387,0.53617,-0.84323,-0.00435,-0.03835,3.7278,-13.4575,1.7294,0.000,0.000,0.000,1,355
TRK,1628408,0.53433,-0.84439,-0.00455,-0.03853,3.7278,-13.4575,1.7294,0.000,0.000,0.000,1,355
TRK,1628426,0.53293,-0.84526,-0.00472,-0.03868,3.7278,-13.4575,1.7294,0.000,0.000,0.000,1,355
TRK,1628448,0.53199,-0.84585,-0.00484,-0.03880,3.7278,-13.4575,1.7294,0.000,0.000,0.000,1,355
TRK,1628467,0.53136,-0.84624,-0.00489,-0.03884,3.7278,-13.4575,1.7294,0.000,0.000,0.000,1,355
TRK,1628487,0.53040,-0.84684,-0.00495,-0.03885,3.7278,-13.4575,1.7294,0.000,0.000,0.000,1,355
TRK,1628505,0.52974,-0.84726,-0.00498,-0.03885,3.7278,-13.4575,1.7294,0.000,0.000,0.000,1,355
TRK,1628526,0.52953,-0.84738,-0.00503,-0.03892,3.7278,-13.4575,1.7294,0.000,0.000,0.000,1,355
TRK,1628548,0.52915,-0.84762,-0.00510,-0.03900,3.7278,-13.4575,1.7294,0.000,0.000,0.000,1,355
TRK,1628568,0.52857,-0.84797,-0.00520,-0.03911,3.7278,-13.4575,1.7294,0.000,0.000,0.000,1,355
TRK,1628588,0.52828,-0.84815,-0.00528,-0.03921,3.7278,-13.4575,1.7294,0.000,0.000,0.000,1,355
TRK,1628608,0.52827,-0.84815,-0.00529,-0.03924,3.7278,-13.4575,1.7294,0.000,0.000,0.000,1,355
TRK,1628628,0.52803,-0.84831,-0.00529,-0.03921,3.7278,-13.4575,1.7294,0.000,0.000,0.000,1,355
TRK,1628646,0.52771,-0.84850,-0.00529,-0.03919,3.7278,-13.4575,1.7294,0.000,0.000,0.000,1,355
TRK,1628666,0.52760,-0.84857,-0.00530,-0.03919,3.7278,-13.4575,1.7294,0.000,0.000,0.000,1,355
TRK,1628687,0.52771,-0.84850,-0.00530,-0.03920,3.7278,-13.4575,1.7294,0.000,0.000,0.000,1,355
TRK,1628708,0.52758,-0.84858,-0.00534,-0.03925,3.7278,-13.4575,1.7294,0.000,0.000,0.000,1,355
TRK,1628727,0.52738,-0.84870,-0.00541,-0.03935,3.7278,-13.4575,1.7294,0.000,0.000,0.000,1,355
TRK,1628745,0.52730,-0.84875,-0.00545,-0.03942,3.7278,-13.4575,1.7294,0.000,0.000,0.000,1,355
TRK,1628766,0.52734,-0.84872,-0.00549,-0.03947,3.7278,-13.4575,1.7294,0.000,0.000,0.000,1,355
TRK,1628787,0.52722,-0.84880,-0.00549,-0.03947,3.7278,-13.4575,1.7294,0.000,0.000,0.000,1,355
TRK,1628808,0.52706,-0.84889,-0.00550,-0.03947,3.7278,-13.4575,1.7294,0.000,0.000,0.000,1,355
TRK,1628828,0.52719,-0.84882,-0.00549,-0.03947,3.7278,-13.4575,1.7294,0.000,0.000,0.000,1,355
TRK,1628846,0.52728,-0.84875,-0.00551,-0.03951,3.7278,-13.4575,1.7294,0.000,0.000,0.000,1,355
TRK,1628865,0.52728,-0.84875,-0.00553,-0.03954,3.7278,-13.4575,1.7294,0.000,0.000,0.000,1,355
TRK,1628888,0.52720,-0.84880,-0.00556,-0.03958,3.7278,-13.4575,1.7294,0.000,0.000,0.000,1,355
TRK,1628907,0.52717,-0.84882,-0.00558,-0.03960,3.7278,-13.4575,1.7294,0.000,0.000,0.000,1,355
TRK,1628925,0.52713,-0.84885,-0.00555,-0.03956,3.7278,-13.4575,1.7294,0.000,0.000,0.000,1,355
TRK,1628946,0.52698,-0.84894,-0.00550,-0.03946,3.7278,-13.4575,1.7294,0.000,0.000,0.000,1,355
TRK,1628965,0.52685,-0.84903,-0.00549,-0.03944,3.7278,-13.4575,1.7294,0.000,0.000,0.000,1,355
TRK,1628987,0.52687,-0.84901,-0.00551,-0.03947,3.7278,-13.4575,1.7294,0.000,0.000,0.000,1,355
TRK,1629005,0.52682,-0.84904,-0.00552,-0.03949,3.7278,-13.4575,1.7294,0.000,0.000,0.000,1,355
TRK,1629027,0.52676,-0.84908,-0.00553,-0.03950,3.7278,-13.4575,1.7294,0.000,0.000,0.000,1,355
TRK,1629046,0.52675,-0.84908,-0.00554,-0.03952,3.7278,-13.4575,1.7294,0.000,0.000,0.000,1,355
TRK,1629067,0.52674,-0.84909,-0.00553,-0.03950,3.7278,-13.4575,1.7294,0.000,0.000,0.000,1,355
TRK,1629086,0.52673,-0.84910,-0.00551,-0.03947,3.7278,-13.4575,1.7294,0.000,0.000,0.000,1,355
TRK,1629105,0.52676,-0.84908,-0.00548,-0.03941,3.7278,-13.4575,1.7294,0.000,0.000,0.000,1,355
TRK,1629128,0.52683,-0.84904,-0.00546,-0.03939,3.7278,-13.4575,1.7294,0.000,0.000,0.000,1,355
TRK,1629147,0.52681,-0.84905,-0.00549,-0.03943,3.7278,-13.4575,1.7294,0.000,0.000,0.000,1,355
TRK,1629168,0.52684,-0.84903,-0.00550,-0.03945,3.7278,-13.4575,1.7294,0.000,0.000,0.000,1,355
TRK,1629186,0.52687,-0.84901,-0.00551,-0.03947,3.7278,-13.4575,1.7294,0.000,0.000,0.000,1,355
TRK,1629208,0.52688,-0.84901,-0.00546,-0.03940,3.7278,-13.4575,1.7294,0.000,0.000,0.000,1,355
TRK,1629227,0.52682,-0.84904,-0.00544,-0.03936,3.7278,-13.4575,1.7294,0.000,0.000,0.000,1,355
TRK,1629248,0.52684,-0.84904,-0.00539,-0.03928,3.7278,-13.4575,1.7294,0.000,0.000,0.000,1,355
TRK,1629266,0.52692,-0.84899,-0.00535,-0.03922,3.7278,-13.4575,1.7294,0.000,0.000,0.000,1,355
TRK,1629287,0.52684,-0.84904,-0.00535,-0.03921,3.7278,-13.4575,1.7294,0.000,0.000,0.000,1,355
STAT,404.3,400.8,2,4,0,0.0209,0.459,0.0854,0.0364,-0.0470,9.8229,12.53,0.000
TRK,1629307,0.52677,-0.84908,-0.00538,-0.03925,3.7278,-13.4575,1.7294,0.000,0.000,0.000,1,355
TRK,1629326,0.52677,-0.84908,-0.00538,-0.03926,3.7278,-13.4575,1.7294,0.000,0.000,0.000,1,355
TRK,1629345,0.52678,-0.84908,-0.00538,-0.03926,3.7278,-13.4575,1.7294,0.000,0.000,0.000,1,355
TRK,1629368,0.52668,-0.84914,-0.00537,-0.03922,3.7278,-13.4575,1.7294,0.000,0.000,0.000,1,355
TRK,1629387,0.52668,-0.84914,-0.00537,-0.03923,3.7278,-13.4575,1.7294,0.000,0.000,0.000,1,355
TRK,1629408,0.52672,-0.84912,-0.00534,-0.03919,3.7278,-13.4575,1.7294,0.000,0.000,0.000,1,355
TRK,1629426,0.52674,-0.84911,-0.00534,-0.03918,3.7278,-13.4575,1.7294,0.000,0.000,0.000,1,355
TRK,1629448,0.52667,-0.84915,-0.00538,-0.03925,3.7278,-13.4575,1.7294,0.000,0.000,0.000,1,355
TRK,1629467,0.52669,-0.84913,-0.00543,-0.03934,3.7278,-13.4575,1.7294,0.000,0.000,0.000,1,355
TRK,1629488,0.52675,-0.84909,-0.00546,-0.03939,3.7278,-13.4575,1.7294,0.000,0.000,0.000,1,355
TRK,1629508,0.52676,-0.84908,-0.00548,-0.03942,3.7278,-13.4575,1.7294,0.000,0.000,0.000,1,355
TRK,1629526,0.52674,-0.84909,-0.00548,-0.03942,3.7278,-13.4575,1.7294,0.000,0.000,0.000,1,355
TRK,1629548,0.52678,-0.84907,-0.00546,-0.03938,3.7278,-13.4575,1.7294,0.000,0.000,0.000,1,355
TRK,1629568,0.52682,-0.84905,-0.00541,-0.03931,3.7278,-13.4575,1.7294,0.000,0.000,0.000,1,355
TRK,1629588,0.52680,-0.84906,-0.00540,-0.03929,3.7278,-13.4575,1.7294,0.000,0.000,0.000,1,355
TRK,1629608,0.52683,-0.84905,-0.00539,-0.03928,3.7278,-13.4575,1.7294,0.000,0.000,0.000,1,355
TRK,1629626,0.52685,-0.84903,-0.00541,-0.03932,3.7278,-13.4575,1.7294,0.000,0.000,0.000,1,355
TRK,1629648,0.52683,-0.84904,-0.00546,-0.03939,3.7278,-13.4575,1.7294,0.000,0.000,0.000,1,355
TRK,1629666,0.52676,-0.84908,-0.00550,-0.03944,3.7278,-13.4575,1.7294,0.000,0.000,0.000,1,355
TRK,1629688,0.52677,-0.84907,-0.00550,-0.03945,3.7278,-13.4575,1.7294,0.000,0.000,0.000,1,355
TRK,1629706,0.52669,-0.84912,-0.00551,-0.03946,3.7278,-13.4575,1.7294,0.000,0.000,0.000,1,355
TRK,1629726,0.52657,-0.84920,-0.00551,-0.03945,3.7278,-13.4575,1.7294,0.000,0.000,0.000,1,355
TRK,1629746,0.52654,-0.84922,-0.00551,-0.03944,3.7278,-13.4575,1.7294,0.000,0.000,0.000,1,355
TRK,1629766,0.52652,-0.84923,-0.00549,-0.03941,3.7278,-13.4575,1.7294,0.000,0.000,0.000,1,355
TRK,1629786,0.52647,-0.84926,-0.00548,-0.03939,3.7278,-13.4575,1.7294,0.000,0.000,0.000,1,355
TRK,1629806,0.52640,-0.84931,-0.00549,-0.03939,3.7278,-13.4575,1.7294,0.000,0.000,0.000,1,355
TRK,1629828,0.52637,-0.84932,-0.00548,-0.03938,3.7278,-13.4575,1.7294,0.000,0.000,0.000,1,355
TRK,1629846,0.52634,-0.84935,-0.00549,-0.03940,3.7278,-13.4575,1.7294,0.000,0.000,0.000,1,355
TRK,1629868,0.52627,-0.84939,-0.00546,-0.03934,3.7278,-13.4575,1.7294,0.000,0.000,0.000,1,355
TRK,1629886,0.52626,-0.84940,-0.00547,-0.03935,3.7278,-13.4575,1.7294,0.000,0.000,0.000,1,355
TRK,1629908,0.52630,-0.84937,-0.00546,-0.03934,3.7278,-13.4575,1.7294,0.000,0.000,0.000,1,355
TRK,1629926,0.52630,-0.84937,-0.00546,-0.03934,3.7278,-13.4575,1.7294,0.000,0.000,0.000,1,355
TRK,1629947,0.52630,-0.84937,-0.00546,-0.03935,3.7278,-13.4575,1.7294,0.000,0.000,0.000,1,355
TRK,1629967,0.52635,-0.84934,-0.00546,-0.03935,3.7278,-13.4575,1.7294,0.000,0.000,0.000,1,355
TRK,1629988,0.52643,-0.84929,-0.00546,-0.03936,3.7278,-13.4575,1.7294,0.000,0.000,0.000,1,355
TRK,1630008,0.52642,-0.84930,-0.00544,-0.03932,3.7278,-13.4575,1.7294,0.000,0.000,0.000,1,355
TRK,1630028,0.52646,-0.84927,-0.00542,-0.03930,3.7278,-13.4575,1.7294,0.000,0.000,0.000,1,355
TRK,1630047,0.52655,-0.84922,-0.00541,-0.03929,3.7278,-13.4575,1.7294,0.000,0.000,0.000,1,355
TRK,1630067,0.52660,-0.84919,-0.00538,-0.03924,3.7278,-13.4575,1.7294,0.000,0.000,0.000,1,355
TRK,1630088,0.52663,-0.84918,-0.00533,-0.03917,3.7278,-13.4575,1.7294,0.000,0.000,0.000,1,355
TRK,1630106,0.52662,-0.84919,-0.00531,-0.03913,3.7278,-13.4575,1.7294,0.000,0.000,0.000,1,355
TRK,1630128,0.52654,-0.84923,-0.00534,-0.03918,3.7278,-13.4575,1.7294,0.000,0.000,0.000,1,355
TRK,1630148,0.52648,-0.84927,-0.00534,-0.03917,3.7278,-13.4575,1.7294,0.000,0.000,0.000,1,355
TRK,1630168,0.52640,-0.84932,-0.00535,-0.03918,3.7278,-13.4575,1.7294,0.000,0.000,0.000,1,355
TRK,1630188,0.52635,-0.84935,-0.00537,-0.03921,3.7278,-13.4575,1.7294,0.000,0.000,0.000,1,355
TRK,1630207,0.52635,-0.84935,-0.00536,-0.03919,3.7278,-13.4575,1.7294,0.000,0.000,0.000,1,355
TRK,1630226,0.52632,-0.84936,-0.00539,-0.03924,3.7278,-13.4575,1.7294,0.000,0.000,0.000,1,355
TRK,1630246,0.52632,-0.84936,-0.00542,-0.03928,3.7278,-13.4575,1.7294,0.000,0.000,0.000,1,355
TRK,1630266,0.52640,-0.84931,-0.00540,-0.03926,3.7278,-13.4575,1.7294,0.000,0.000,0.000,1,355
TRK,1630286,0.52641,-0.84930,-0.00542,-0.03929,3.7278,-13.4575,1.7294,0.000,0.000,0.000,1,355
STAT,404.4,400.4,2,4,0,0.0238,0.305,0.0684,0.0593,-0.0436,9.8158,12.53,0.000
TRK,1630305,0.52641,-0.84931,-0.00543,-0.03930,3.7278,-13.4575,1.7294,0.000,0.000,0.000,1,355
TRK,1630327,0.52644,-0.84929,-0.00541,-0.03928,3.7278,-13.4575,1.7294,0.000,0.000,0.000,1,355
TRK,1630347,0.52651,-0.84924,-0.00541,-0.03928,3.7278,-13.4575,1.7294,0.000,0.000,0.000,1,355
TRK,1630367,0.52650,-0.84925,-0.00541,-0.03928,3.7278,-13.4575,1.7294,0.000,0.000,0.000,1,355
TRK,1630387,0.52651,-0.84924,-0.00541,-0.03927,3.7278,-13.4575,1.7294,0.000,0.000,0.000,1,355
TRK,1630407,0.52648,-0.84926,-0.00543,-0.03931,3.7278,-13.4575,1.7294,0.000,0.000,0.000,1,355
TRK,1630425,0.52645,-0.84928,-0.00542,-0.03930,3.7278,-13.4575,1.7294,0.000,0.000,0.000,1,355
TRK,1630447,0.52641,-0.84931,-0.00541,-0.03927,3.7278,-13.4575,1.7294,0.000,0.000,0.000,1,355
TRK,1630465,0.52641,-0.84931,-0.00540,-0.03926,3.7278,-13.4575,1.7294,0.000,0.000,0.000,1,355
TRK,1630488,0.52637,-0.84933,-0.00542,-0.03929,3.7278,-13.4575,1.7294,0.000,0.000,0.000,1,355
TRK,1630508,0.52634,-0.84935,-0.00542,-0.03929,3.7278,-13.4575,1.7294,0.000,0.000,0.000,1,355
TRK,1630527,0.52634,-0.84935,-0.00541,-0.03926,3.7278,-13.4575,1.7294,0.000,0.000,0.000,1,355
TRK,1630547,0.52633,-0.84935,-0.00540,-0.03926,3.7278,-13.4575,1.7294,0.000,0.000,0.000,1,355
TRK,1630567,0.52632,-0.84936,-0.00541,-0.03926,3.7278,-13.4575,1.7294,0.000,0.000,0.000,1,355
TRK,1630586,0.52631,-0.84937,-0.00539,-0.03923,3.7278,-13.4575,1.7294,0.000,0.000,0.000,1,355
TRK,1630607,0.52636,-0.84934,-0.00535,-0.03917,3.7278,-13.4575,1.7294,0.000,0.000,0.000,1,355
TRK,1630627,0.52635,-0.84935,-0.00533,-0.03914,3.7278,-13.4575,1.7294,0.000,0.000,0.000,1,355
TRK,1630647,0.52632,-0.84937,-0.00534,-0.03915,3.7278,-13.4575,1.7294,0.000,0.000,0.000,1,355
TRK,1630667,0.52632,-0.84937,-0.00532,-0.03913,3.7278,-13.4575,1.7294,0.000,0.000,0.000,1,355
TRK,1630686,0.52632,-0.84937,-0.00532,-0.03912,3.7278,-13.4575,1.7294,0.000,0.000,0.000,1,355
TRK,1630706,0.52631,-0.84937,-0.00536,-0.03918,3.7278,-13.4575,1.7294,0.000,0.000,0.000,1,355
TRK,1630726,0.52625,-0.84941,-0.00540,-0.03925,3.7278,-13.4575,1.7294,0.000,0.000,0.000,1,355
TRK,1630746,0.52621,-0.84943,-0.00544,-0.03931,3.7278,-13.4575,1.7294,0.000,0.000,0.000,1,355
TRK,1630766,0.52615,-0.84946,-0.00549,-0.03938,3.7278,-13.4575,1.7294,0.000,0.000,0.000,1,355
TRK,1630788,0.52611,-0.84949,-0.00553,-0.03944,3.7278,-13.4575,1.7294,0.000,0.000,0.000,1,355
TRK,1630805,0.52606,-0.84951,-0.00553,-0.03944,3.7278,-13.4575,1.7294,0.000,0.000,0.000,1,355
TRK,1630827,0.52602,-0.84954,-0.00559,-0.03953,3.7278,-13.4575,1.7294,0.000,0.000,0.000,1,355
TRK,1630847,0.52603,-0.84953,-0.00562,-0.03958,3.7278,-13.4575,1.7294,0.000,0.000,0.000,1,355
TRK,1630867,0.52605,-0.84951,-0.00560,-0.03955,3.7278,-13.4575,1.7294,0.000,0.000,0.000,1,355
TRK,1630887,0.52609,-0.84949,-0.00558,-0.03953,3.7278,-13.4575,1.7294,0.000,0.000,0.000,1,355
TRK,1630908,0.52621,-0.84942,-0.00554,-0.03947,3.7278,-13.4575,1.7294,0.000,0.000,0.000,1,355
TRK,1630927,0.52629,-0.84937,-0.00550,-0.03941,3.7278,-13.4575,1.7294,0.000,0.000,0.000,1,355
TRK,1630946,0.52634,-0.84934,-0.00548,-0.03938,3.7278,-13.4575,1.7294,0.000,0.000,0.000,1,355
TRK,1630967,0.52640,-0.84930,-0.00548,-0.03938,3.7278,-13.4575,1.7294,0.000,0.000,0.000,1,355
TRK,1630987,0.52641,-0.84930,-0.00549,-0.03940,3.7278,-13.4575,1.7294,0.000,0.000,0.000,1,355
TRK,1631008,0.52638,-0.84932,-0.00551,-0.03943,3.7278,-13.4575,1.7294,0.000,0.000,0.000,1,355
TRK,1631028,0.52640,-0.84931,-0.00550,-0.03942,3.7278,-13.4575,1.7294,0.000,0.000,0.000,1,355
TRK,1631048,0.52642,-0.84929,-0.00554,-0.03949,3.7278,-13.4575,1.7294,0.000,0.000,0.000,1,355
TRK,1631066,0.52639,-0.84931,-0.00557,-0.03953,3.7278,-13.4575,1.7294,0.000,0.000,0.000,1,355
TRK,1631087,0.52638,-0.84931,-0.00559,-0.03956,3.7278,-13.4575,1.7294,0.000,0.000,0.000,1,355
TRK,1631107,0.52638,-0.84931,-0.00560,-0.03957,3.7278,-13.4575,1.7294,0.000,0.000,0.000,1,355
TRK,1631127,0.52642,-0.84929,-0.00558,-0.03954,3.7278,-13.4575,1.7294,0.000,0.000,0.000,1,355
TRK,1631147,0.52645,-0.84927,-0.00556,-0.03952,3.7278,-13.4575,1.7294,0.000,0.000,0.000,1,355
TRK,1631168,0.52647,-0.84926,-0.00552,-0.03946,3.7278,-13.4575,1.7294,0.000,0.000,0.000,1,355
TRK,1631186,0.52651,-0.84924,-0.00548,-0.03940,3.7278,-13.4575,1.7294,0.000,0.000,0.000,1,355
TRK,1631206,0.52653,-0.84923,-0.00545,-0.03934,3.7278,-13.4575,1.7294,0.000,0.000,0.000,1,355
TRK,1631226,0.52656,-0.84922,-0.00540,-0.03928,3.7278,-13.4575,1.7294,0.000,0.000,0.000,1,355
TRK,1631246,0.52653,-0.84923,-0.00541,-0.03928,3.7278,-13.4575,1.7294,0.000,0.000,0.000,1,355
TRK,1631268,0.52649,-0.84926,-0.00542,-0.03929,3.7278,-13.4575,1.7294,0.000,0.000,0.000,1,355
TRK,1631287,0.52643,-0.84929,-0.00545,-0.03934,3.7278,-13.4575,1.7294,0.000,0.000,0.000,1,355
STAT,404.4,400.4,2,4,0,0.0266,0.238,0.0649,0.0788,-0.0384,9.8139,12.53,0.000
TRK,1631305,0.52641,-0.84930,-0.00549,-0.03940,3.7278,-13.4575,1.7294,0.000,0.000,0.000,1,355
TRK,1631328,0.52639,-0.84931,-0.00553,-0.03947,3.7278,-13.4575,1.7294,0.000,0.000,0.000,1,355
TRK,1631346,0.52637,-0.84932,-0.00555,-0.03950,3.7278,-13.4575,1.7294,0.000,0.000,0.000,1,355
TRK,1631366,0.52638,-0.84932,-0.00553,-0.03947,3.7278,-13.4575,1.7294,0.000,0.000,0.000,1,355
TRK,1631386,0.52635,-0.84933,-0.00553,-0.03947,3.7278,-13.4575,1.7294,0.000,0.000,0.000,1,355
TRK,1631406,0.52630,-0.84936,-0.00552,-0.03945,3.7278,-13.4575,1.7294,0.000,0.000,0.000,1,355
TRK,1631426,0.52629,-0.84937,-0.00552,-0.03944,3.7278,-13.4575,1.7294,0.000,0.000,0.000,1,355
TRK,1631448,0.52628,-0.84938,-0.00553,-0.03946,3.7278,-13.4575,1.7294,0.000,0.000,0.000,1,355
TRK,1631468,0.52629,-0.84937,-0.00555,-0.03949,3.7278,-13.4575,1.7294,0.000,0.000,0.000,1,355
TRK,1631488,0.52628,-0.84937,-0.00560,-0.03957,3.7278,-13.4575,1.7294,0.000,0.000,0.000,1,355
TRK,1631508,0.52623,-0.84940,-0.00562,-0.03960,3.7278,-13.4575,1.7294,0.000,0.000,0.000,1,355
TRK,1631528,0.52623,-0.84940,-0.00563,-0.03961,3.7278,-13.4575,1.7294,0.000,0.000,0.000,1,355
TRK,1631548,0.52618,-0.84943,-0.00562,-0.03959,3.7278,-13.4575,1.7294,0.000,0.000,0.000,1,355
TRK,1631567,0.52617,-0.84944,-0.00560,-0.03956,3.7278,-13.4575,1.7294,0.000,0.000,0.000,1,355
TRK,1631587,0.52616,-0.84945,-0.00556,-0.03949,3.7278,-13.4575,1.7294,0.000,0.000,0.000,1,355
TRK,1631607,0.52616,-0.84945,-0.00553,-0.03945,3.7278,-13.4575,1.7294,0.000,0.000,0.000,1,355
TRK,1631627,0.52617,-0.84945,-0.00549,-0.03938,3.7278,-13.4575,1.7294,0.000,0.000,0.000,1,355
TRK,1631645,0.52619,-0.84944,-0.00546,-0.03934,3.7278,-13.4575,1.7294,0.000,0.000,0.000,1,355
TRK,1631666,0.52615,-0.84946,-0.00543,-0.03929,3.7278,-13.4575,1.7294,0.000,0.000,0.000,1,355
TRK,1631688,0.52609,-0.84951,-0.00538,-0.03920,3.7278,-13.4575,1.7294,0.000,0.000,0.000,1,355
TRK,1631708,0.52611,-0.84950,-0.00536,-0.03917,3.7278,-13.4575,1.7294,0.000,0.000,0.000,1,355
TRK,1631728,0.52607,-0.84952,-0.00537,-0.03918,3.7278,-13.4575,1.7294,0.000,0.000,0.000,1,355
TRK,1631748,0.52602,-0.84956,-0.00537,-0.03917,3.7278,-13.4575,1.7294,0.000,0.000,0.000,1,355
TRK,1631766,0.52601,-0.84956,-0.00538,-0.03919,3.7278,-13.4575,1.7294,0.000,0.000,0.000,1,355
TRK,1631788,0.52600,-0.84956,-0.00539,-0.03921,3.7278,-13.4575,1.7294,0.000,0.000,0.000,1,355
TRK,1631807,0.52594,-0.84960,-0.00542,-0.03926,3.7278,-13.4575,1.7294,0.000,0.000,0.000,1,355
TRK,1631828,0.52593,-0.84960,-0.00545,-0.03929,3.7278,-13.4575,1.7294,0.000,0.000,0.000,1,355
TRK,1631848,0.52591,-0.84961,-0.00547,-0.03932,3.7278,-13.4575,1.7294,0.000,0.000,0.000,1,355
TRK,1631865,0.52589,-0.84963,-0.00546,-0.03932,3.7278,-13.4575,1.7294,0.000,0.000,0.000,1,355
TRK,1631887,0.52586,-0.84964,-0.00546,-0.03932,3.7278,-13.4575,1.7294,0.000,0.000,0.000,1,355
TRK,1631905,0.52586,-0.84964,-0.00547,-0.03933,3.7278,-13.4575,1.7294,0.000,0.000,0.000,1,355
TRK,1631927,0.52583,-0.84966,-0.00549,-0.03936,3.7278,-13.4575,1.7294,0.000,0.000,0.000,1,355
TRK,1631946,0.52585,-0.84965,-0.00550,-0.03937,3.7278,-13.4575,1.7294,0.000,0.000,0.000,1,355
TRK,1631966,0.52582,-0.84967,-0.00552,-0.03940,3.7278,-13.4575,1.7294,0.000,0.000,0.000,1,355
TRK,1631988,0.52585,-0.84965,-0.00551,-0.03939,3.7278,-13.4575,1.7294,0.000,0.000,0.000,1,355
TRK,1632008,0.52590,-0.84962,-0.00550,-0.03938,3.7278,-13.4575,1.7294,0.000,0.000,0.000,1,355
TRK,1632026,0.52596,-0.84958,-0.00548,-0.03936,3.7278,-13.4575,1.7294,0.000,0.000,0.000,1,355
TRK,1632047,0.52602,-0.84955,-0.00545,-0.03931,3.7278,-13.4575,1.7294,0.000,0.000,0.000,1,355
TRK,1632067,0.52606,-0.84952,-0.00546,-0.03932,3.7278,-13.4575,1.7294,0.000,0.000,0.000,1,355
TRK,1632087,0.52608,-0.84951,-0.00547,-0.03935,3.7278,-13.4575,1.7294,0.000,0.000,0.000,1,355
TRK,1632108,0.52613,-0.84948,-0.00546,-0.03933,3.7278,-13.4575,1.7294,0.000,0.000,0.000,1,355
TRK,1632127,0.52612,-0.84948,-0.00545,-0.03931,3.7278,-13.4575,1.7294,0.000,0.000,0.000,1,355
TRK,1632146,0.52611,-0.84949,-0.00543,-0.03928,3.7278,-13.4575,1.7294,0.000,0.000,0.000,1,355
TRK,1632166,0.52610,-0.84950,-0.00540,-0.03923,3.7278,-13.4575,1.7294,0.000,0.000,0.000,1,355
TRK,1632186,0.52602,-0.84955,-0.00541,-0.03924,3.7278,-13.4575,1.7294,0.000,0.000,0.000,1,355
TRK,1632206,0.52599,-0.84957,-0.00542,-0.03926,3.7278,-13.4575,1.7294,0.000,0.000,0.000,1,355
TRK,1632227,0.52596,-0.84958,-0.00548,-0.03936,3.7278,-13.4575,1.7294,0.000,0.000,0.000,1,355
TRK,1632247,0.52590,-0.84961,-0.00553,-0.03942,3.7278,-13.4575,1.7294,0.000,0.000,0.000,1,355
TRK,1632267,0.52591,-0.84961,-0.00555,-0.03947,3.7278,-13.4575,1.7294,0.000,0.000,0.000,1,355
TRK,1632287,0.52593,-0.84960,-0.00554,-0.03945,3.7278,-13.4575,1.7294,0.000,0.000,0.000,1,355
STAT,404.1,400.6,2,4,0,0.0310,0.307,0.0752,0.0903,-0.0320,9.8130,12.53,0.000
TRK,1632306,0.52596,-0.84958,-0.00555,-0.03946,3.7278,-13.4575,1.7294,0.000,0.000,0.000,1,355
TRK,1632328,0.52580,-0.84967,-0.00554,-0.03943,3.7278,-13.4575,1.7294,0.000,0.000,0.000,1,355
TRK,1632347,0.52587,-0.84963,-0.00553,-0.03943,3.7278,-13.4575,1.7294,0.000,0.000,0.000,1,355
TRK,1632367,0.52587,-0.84963,-0.00552,-0.03941,3.7278,-13.4575,1.7294,0.000,0.000,0.000,1,355
TRK,1632387,0.52580,-0.84968,-0.00552,-0.03940,3.7278,-13.4575,1.7294,0.000,0.000,0.000,1,355
TRK,1632407,0.52569,-0.84974,-0.00553,-0.03942,3.7278,-13.4575,1.7294,0.000,0.000,0.000,1,355
TRK,1632427,0.52578,-0.84969,-0.00548,-0.03934,3.7278,-13.4575,1.7294,0.000,0.000,0.000,1,355
TRK,1632448,0.52585,-0.84965,-0.00548,-0.03934,3.7278,-13.4575,1.7294,0.000,0.000,0.000,1,355
TRK,1632466,0.52578,-0.84969,-0.00549,-0.03934,3.7278,-13.4575,1.7294,0.000,0.000,0.000,1,355
TRK,1632485,0.52573,-0.84972,-0.00549,-0.03935,3.7278,-13.4575,1.7294,0.000,0.000,0.000,1,355
TRK,1632508,0.52591,-0.84961,-0.00552,-0.03941,3.7278,-13.4575,1.7294,0.000,0.000,0.000,1,355
TRK,1632527,0.52597,-0.84958,-0.00542,-0.03926,3.7278,-13.4575,1.7294,0.000,0.000,0.000,1,355
TRK,1632548,0.52553,-0.84985,-0.00548,-0.03931,3.7278,-13.4575,1.7294,0.000,0.000,0.000,1,355
TRK,1632565,0.52561,-0.84980,-0.00550,-0.03935,3.7278,-13.4575,1.7294,0.000,0.000,0.000,1,355
TRK,1632586,0.52606,-0.84952,-0.00550,-0.03939,3.7278,-13.4575,1.7294,0.000,0.000,0.000,1,355
TRK,1632607,0.52614,-0.84947,-0.00550,-0.03939,3.7278,-13.4575,1.7294,0.000,0.000,0.000,1,355
TRK,1632628,0.52580,-0.84967,-0.00554,-0.03943,3.7278,-13.4575,1.7294,0.000,0.000,0.000,1,355
TRK,1632648,0.52555,-0.84983,-0.00552,-0.03938,3.7278,-13.4575,1.7294,0.000,0.000,0.000,1,355
TRK,1632668,0.52628,-0.84938,-0.00544,-0.03931,3.7278,-13.4575,1.7294,0.000,0.000,0.000,1,355
TRK,1632688,0.52584,-0.84966,-0.00544,-0.03928,3.7278,-13.4575,1.7294,0.000,0.000,0.000,1,355
TRK,1632708,0.52513,-0.85010,-0.00549,-0.03930,3.7278,-13.4575,1.7294,0.000,0.000,0.000,1,355
TRK,1632726,0.52539,-0.84993,-0.00553,-0.03938,3.7278,-13.4575,1.7294,0.000,0.000,0.000,1,355
TRK,1632748,0.52623,-0.84941,-0.00551,-0.03943,3.7278,-13.4575,1.7294,0.000,0.000,0.000,1,355
TRK,1632766,0.52564,-0.84978,-0.00555,-0.03945,3.7278,-13.4575,1.7294,0.000,0.000,0.000,1,355
TRK,1632786,0.52449,-0.85048,-0.00560,-0.03942,3.7278,-13.4575,1.7294,0.000,0.000,0.000,1,355
TRK,1632806,0.52524,-0.85003,-0.00548,-0.03929,3.7278,-13.4575,1.7294,0.000,0.000,0.000,1,355
TRK,1632826,0.52634,-0.84935,-0.00521,-0.03936,3.7278,-13.4575,1.7297,-0.002,-0.000,0.001,2,355
TRK,1632846,0.52508,-0.85013,-0.00550,-0.03924,3.7278,-13.4575,1.7297,-0.001,0.001,0.003,2,355
TRK,1632866,0.52399,-0.85081,-0.00579,-0.03911,3.7277,-13.4575,1.7298,-0.000,-0.001,0.004,2,355
TRK,1632886,0.52577,-0.84971,-0.00532,-0.03925,3.7277,-13.4575,1.7298,0.000,-0.002,0.002,2,355
TRK,1632906,0.52665,-0.84916,-0.00511,-0.03927,3.7277,-13.4576,1.7299,-0.000,0.001,0.001,2,355
TRK,1632926,0.52467,-0.85039,-0.00560,-0.03907,3.7277,-13.4575,1.7299,-0.001,0.002,0.002,2,355
TRK,1632947,0.52381,-0.85092,-0.00575,-0.03900,3.7277,-13.4575,1.7300,-0.001,-0.001,0.004,2,355
TRK,1632967,0.52603,-0.84955,-0.00526,-0.03916,3.7277,-13.4575,1.7300,-0.002,-0.002,0.002,2,355
TRK,1632988,0.52653,-0.84924,-0.00511,-0.03920,3.7276,-13.4575,1.7301,-0.002,0.002,0.002,2,355
TRK,1633006,0.52440,-0.85056,-0.00561,-0.03903,3.7276,-13.4575,1.7301,-0.002,0.002,0.002,2,355
TRK,1633028,0.52417,-0.85070,-0.00565,-0.03901,3.7276,-13.4575,1.7302,-0.001,-0.002,0.003,2,355
TRK,1633048,0.52644,-0.84929,-0.00513,-0.03918,3.7276,-13.4575,1.7302,-0.001,-0.001,0.002,2,355
TRK,1633068,0.52619,-0.84945,-0.00520,-0.03919,3.7275,-13.4575,1.7302,-0.002,0.003,0.002,2,355
TRK,1633087,0.52432,-0.85060,-0.00561,-0.03907,3.7275,-13.4575,1.7303,-0.002,0.002,0.002,2,355
TRK,1633106,0.52441,-0.85055,-0.00562,-0.03909,3.7275,-13.4575,1.7303,-0.002,-0.001,0.002,2,355
TRK,1633125,0.52609,-0.84951,-0.00520,-0.03919,3.7274,-13.4575,1.7303,-0.002,-0.000,0.002,2,355
TRK,1633146,0.52593,-0.84961,-0.00518,-0.03917,3.7274,-13.4575,1.7304,-0.003,0.002,0.002,2,355
TRK,1633167,0.52435,-0.85059,-0.00553,-0.03902,3.7273,-13.4574,1.7304,-0.002,0.001,0.002,2,355
TRK,1633187,0.52492,-0.85024,-0.00538,-0.03904,3.7273,-13.4574,1.7305,-0.001,-0.001,0.002,2,355
TRK,1633207,0.52615,-0.84948,-0.00510,-0.03916,3.7273,-13.4574,1.7305,-0.002,0.000,0.002,2,355
TRK,1633227,0.52549,-0.84988,-0.00528,-0.03912,3.7272,-13.4574,1.7305,-0.002,0.001,0.002,2,355
TRK,1633247,0.52459,-0.85045,-0.00548,-0.03903,3.7272,-13.4574,1.7305,-0.002,-0.000,0.001,2,355
TRK,1633268,0.52543,-0.84992,-0.00529,-0.03909,3.7271,-13.4574,1.7306,-0.002,-0.001,0.002,2,355
TRK,1633286,0.52589,-0.84963,-0.00523,-0.03913,3.7271,-13.4574,1.7306,-0.003,0.001,0.002,2,355
STAT,404.1,400.6,2,4,0,0.0842,4.942,0.0706,0.0893,-0.0310,9.8155,12.53,0.000
TRK,1633307,0.52520,-0.85006,-0.00540,-0.03907,3.7270,-13.4574,1.7306,-0.002,0.001,0.001,2,355
TRK,1633325,0.52480,-0.85031,-0.00549,-0.03903,3.7270,-13.4574,1.7307,-0.002,0.000,0.002,2,355
TRK,1633347,0.52538,-0.84996,-0.00536,-0.03907,3.7270,-13.4574,1.7307,-0.002,0.000,0.002,2,355
TRK,1633365,0.52556,-0.84984,-0.00532,-0.03908,3.7274,-13.4577,1.7299,0.000,0.000,0.000,1,356
TRK,1633387,0.52523,-0.85004,-0.00541,-0.03920,3.7274,-13.4577,1.7299,0.000,0.000,0.000,1,356
TRK,1633408,0.52519,-0.85006,-0.00545,-0.03926,3.7274,-13.4577,1.7299,0.000,0.000,0.000,1,356
TRK,1633428,0.52543,-0.84991,-0.00544,-0.03926,3.7274,-13.4577,1.7299,0.000,0.000,0.000,1,356
TRK,1633448,0.52543,-0.84991,-0.00544,-0.03926,3.7274,-13.4577,1.7299,0.000,0.000,0.000,1,356
TRK,1633468,0.52524,-0.85003,-0.00544,-0.03925,3.7274,-13.4577,1.7299,0.000,0.000,0.000,1,356
TRK,1633486,0.52519,-0.85006,-0.00544,-0.03925,3.7274,-13.4577,1.7299,0.000,0.000,0.000,1,356
TRK,1633507,0.52527,-0.85001,-0.00547,-0.03930,3.7274,-13.4577,1.7299,0.000,0.000,0.000,1,356
TRK,1633526,0.52532,-0.84998,-0.00549,-0.03933,3.7274,-13.4577,1.7299,0.000,0.000,0.000,1,356
TRK,1633546,0.52555,-0.84983,-0.00548,-0.03934,3.7274,-13.4577,1.7299,0.000,0.000,0.000,1,356
TRK,1633566,0.52530,-0.84999,-0.00551,-0.03936,3.7274,-13.4577,1.7299,0.000,0.000,0.000,1,356
TRK,1633586,0.52518,-0.85006,-0.00550,-0.03934,3.7274,-13.4577,1.7299,0.000,0.000,0.000,1,356
TRK,1633606,0.52533,-0.84998,-0.00545,-0.03928,3.7274,-13.4577,1.7299,0.000,0.000,0.000,1,356
TRK,1633626,0.52562,-0.84980,-0.00539,-0.03920,3.7274,-13.4577,1.7299,0.000,0.000,0.000,1,356
TRK,1633646,0.52539,-0.84994,-0.00544,-0.03925,3.7274,-13.4577,1.7299,0.000,0.000,0.000,1,356
TRK,1633666,0.52519,-0.85006,-0.00549,-0.03932,3.7274,-13.4577,1.7299,0.000,0.000,0.000,1,356
TRK,1633688,0.52544,-0.84990,-0.00550,-0.03937,3.7274,-13.4577,1.7299,0.000,0.000,0.000,1,356
TRK,1633708,0.52560,-0.84981,-0.00549,-0.03936,3.7274,-13.4577,1.7299,0.000,0.000,0.000,1,356
TRK,1633726,0.52546,-0.84989,-0.00548,-0.03934,3.7274,-13.4577,1.7299,0.000,0.000,0.000,1,356
TRK,1633748,0.52529,-0.85000,-0.00543,-0.03924,3.7274,-13.4577,1.7299,0.000,0.000,0.000,1,356
TRK,1633766,0.52544,-0.84991,-0.00536,-0.03914,3.7274,-13.4577,1.7299,0.000,0.000,0.000,1,356
TRK,1633786,0.52546,-0.84990,-0.00537,-0.03916,3.7274,-13.4577,1.7299,0.000,0.000,0.000,1,356
TRK,1633806,0.52537,-0.84996,-0.00540,-0.03919,3.7274,-13.4577,1.7299,0.000,0.000,0.000,1,356
TRK,1633826,0.52540,-0.84993,-0.00542,-0.03923,3.7274,-13.4577,1.7299,0.000,0.000,0.000,1,356
TRK,1633847,0.52549,-0.84988,-0.00544,-0.03926,3.7274,-13.4577,1.7299,0.000,0.000,0.000,1,356
TRK,1633866,0.52536,-0.84996,-0.00544,-0.03925,3.7274,-13.4577,1.7299,0.000,0.000,0.000,1,356
TRK,1633888,0.52515,-0.85009,-0.00540,-0.03917,3.7274,-13.4577,1.7299,0.000,0.000,0.000,1,356
TRK,1633907,0.52528,-0.85002,-0.00532,-0.03907,3.7274,-13.4577,1.7299,0.000,0.000,0.000,1,356
TRK,1633928,0.52534,-0.84998,-0.00528,-0.03900,3.7274,-13.4577,1.7299,0.000,0.000,0.000,1,356
TRK,1633946,0.52518,-0.85008,-0.00525,-0.03894,3.7274,-13.4577,1.7299,0.000,0.000,0.000,1,356
TRK,1633968,0.52501,-0.85019,-0.00526,-0.03894,3.7274,-13.4577,1.7299,0.000,0.000,0.000,1,356
TRK,1633987,0.52524,-0.85005,-0.00527,-0.03897,3.7274,-13.4577,1.7299,0.000,0.000,0.000,1,356
TRK,1634008,0.52523,-0.85005,-0.00530,-0.03902,3.7274,-13.4577,1.7299,0.000,0.000,0.000,1,356
TRK,1634025,0.52495,-0.85022,-0.00535,-0.03908,3.7274,-13.4577,1.7299,0.000,0.000,0.000,1,356
TRK,1634046,0.52473,-0.85035,-0.00537,-0.03910,3.7274,-13.4577,1.7299,0.000,0.000,0.000,1,356
TRK,1634067,0.52502,-0.85018,-0.00533,-0.03906,3.7274,-13.4577,1.7299,0.000,0.000,0.000,1,356
TRK,1634088,0.52509,-0.85013,-0.00534,-0.03908,3.7274,-13.4577,1.7299,0.000,0.000,0.000,1,356
TRK,1634108,0.52478,-0.85032,-0.00538,-0.03911,3.7274,-13.4577,1.7299,0.000,0.000,0.000,1,356
TRK,1634128,0.52476,-0.85033,-0.00538,-0.03911,3.7274,-13.4577,1.7299,0.000,0.000,0.000,1,356
TRK,1634146,0.52509,-0.85013,-0.00541,-0.03918,3.7274,-13.4577,1.7299,0.000,0.000,0.000,1,356
TRK,1634168,0.52511,-0.85011,-0.00544,-0.03923,3.7274,-13.4577,1.7299,0.000,0.000,0.000,1,356
TRK,1634186,0.52479,-0.85031,-0.00545,-0.03923,3.7274,-13.4577,1.7299,0.000,0.000,0.000,1,356
TRK,1634206,0.52494,-0.85022,-0.00542,-0.03919,3.7274,-13.4577,1.7299,0.000,0.000,0.000,1,356
TRK,1634228,0.52529,-0.85001,-0.00536,-0.03912,3.7274,-13.4577,1.7299,0.000,0.000,0.000,1,356
TRK,1634246,0.52509,-0.85013,-0.00531,-0.03903,3.7274,-13.4577,1.7299,0.000,0.000,0.000,1,356
TRK,1634268,0.52476,-0.85034,-0.00530,-0.03899,3.7274,-13.4577,1.7299,0.000,0.000,0.000,1,356
TRK,1634286,0.52514,-0.85011,-0.00531,-0.03902,3.7274,-13.4577,1.7299,0.000,0.000,0.000,1,356
STAT,403.9,400.9,2,4,0,0.0427,2.347,0.0746,0.0936,-0.0246,9.8109,0.71,0.003
TRK,1634310,0.52545,-0.84991,-0.00530,-0.03904,3.7274,-13.4577,1.7299,0.000,0.000,0.000,1,356
TRK,1634326,0.52508,-0.85014,-0.00534,-0.03907,3.7274,-13.4577,1.7299,0.000,0.000,0.000,1,356
TRK,1634346,0.52488,-0.85026,-0.00535,-0.03907,3.7274,-13.4577,1.7299,0.000,0.000,0.000,1,356
TRK,1634366,0.52532,-0.84999,-0.00532,-0.03906,3.7274,-13.4577,1.7299,0.000,0.000,0.000,1,356
TRK,1634386,0.52549,-0.84989,-0.00530,-0.03903,3.7274,-13.4577,1.7299,0.000,0.000,0.000,1,356
TRK,1634408,0.52491,-0.85025,-0.00533,-0.03905,3.7274,-13.4577,1.7299,0.000,0.000,0.000,1,356
TRK,1634426,0.52477,-0.85033,-0.00535,-0.03906,3.7274,-13.4577,1.7299,0.000,0.000,0.000,1,356
TRK,1634448,0.52514,-0.85010,-0.00534,-0.03908,3.7274,-13.4577,1.7299,0.000,0.000,0.000,1,356
TRK,1634466,0.52510,-0.85012,-0.00534,-0.03908,3.7274,-13.4577,1.7299,0.000,0.000,0.000,1,356
TRK,1634488,0.52456,-0.85046,-0.00537,-0.03909,3.7274,-13.4577,1.7299,0.000,0.000,0.000,1,356
TRK,1634507,0.52465,-0.85040,-0.00537,-0.03909,3.7274,-13.4577,1.7299,0.000,0.000,0.000,1,356
TRK,1634527,0.52511,-0.85012,-0.00531,-0.03902,3.7274,-13.4577,1.7299,0.000,0.000,0.000,1,356
TRK,1634548,0.52500,-0.85020,-0.00527,-0.03895,3.7274,-13.4577,1.7299,0.000,0.000,0.000,1,356
TRK,1634568,0.52475,-0.85035,-0.00527,-0.03894,3.7274,-13.4577,1.7299,0.000,0.000,0.000,1,356
TRK,1634588,0.52494,-0.85023,-0.00525,-0.03892,3.7274,-13.4577,1.7299,0.000,0.000,0.000,1,356
TRK,1634608,0.52524,-0.85005,-0.00528,-0.03900,3.7274,-13.4577,1.7299,0.000,0.000,0.000,1,356
TRK,1634627,0.52510,-0.85013,-0.00533,-0.03906,3.7274,-13.4577,1.7299,0.000,0.000,0.000,1,356
TRK,1634647,0.52494,-0.85023,-0.00534,-0.03906,3.7274,-13.4577,1.7299,0.000,0.000,0.000,1,356
TRK,1634668,0.52504,-0.85016,-0.00534,-0.03907,3.7274,-13.4577,1.7299,0.000,0.000,0.000,1,356
TRK,1634686,0.52511,-0.85013,-0.00529,-0.03900,3.7274,-13.4577,1.7299,0.000,0.000,0.000,1,356
TRK,1634708,0.52502,-0.85019,-0.00523,-0.03889,3.7274,-13.4577,1.7299,0.000,0.000,0.000,1,356
TRK,1634728,0.52497,-0.85022,-0.00521,-0.03885,3.7274,-13.4577,1.7299,0.000,0.000,0.000,1,356
TRK,1634748,0.52500,-0.85020,-0.00521,-0.03886,3.7274,-13.4577,1.7299,0.000,0.000,0.000,1,356
TRK,1634768,0.52499,-0.85020,-0.00524,-0.03891,3.7274,-13.4577,1.7299,0.000,0.000,0.000,1,356
TRK,1634787,0.52496,-0.85022,-0.00528,-0.03897,3.7274,-13.4577,1.7299,0.000,0.000,0.000,1,356
TRK,1634806,0.52496,-0.85021,-0.00530,-0.03900,3.7274,-13.4577,1.7299,0.000,0.000,0.000,1,356
TRK,1634826,0.52505,-0.85016,-0.00529,-0.03900,3.7274,-13.4577,1.7299,0.000,0.000,0.000,1,356
TRK,1634846,0.52511,-0.85013,-0.00526,-0.03895,3.7274,-13.4577,1.7299,0.000,0.000,0.000,1,356
TRK,1634866,0.52510,-0.85013,-0.00524,-0.03892,3.7274,-13.4577,1.7299,0.000,0.000,0.000,1,356
TRK,1634888,0.52509,-0.85014,-0.00521,-0.03887,3.7274,-13.4577,1.7299,0.000,0.000,0.000,1,356
TRK,1634908,0.52515,-0.85011,-0.00522,-0.03889,3.7274,-13.4577,1.7299,0.000,0.000,0.000,1,356
TRK,1634926,0.52516,-0.85010,-0.00525,-0.03894,3.7274,-13.4577,1.7299,0.000,0.000,0.000,1,356
TRK,1634948,0.52513,-0.85011,-0.00529,-0.03900,3.7274,-13.4577,1.7299,0.000,0.000,0.000,1,356
TRK,1634966,0.52512,-0.85011,-0.00530,-0.03902,3.7274,-13.4577,1.7299,0.000,0.000,0.000,1,356
TRK,1634986,0.52518,-0.85008,-0.00531,-0.03903,3.7274,-13.4577,1.7299,0.000,0.000,0.000,1,356
TRK,1635007,0.52515,-0.85010,-0.00529,-0.03899,3.7274,-13.4577,1.7299,0.000,0.000,0.000,1,356
TRK,1635025,0.52520,-0.85007,-0.00528,-0.03899,3.7274,-13.4577,1.7299,0.000,0.000,0.000,1,356
TRK,1635045,0.52520,-0.85007,-0.00530,-0.03903,3.7274,-13.4577,1.7299,0.000,0.000,0.000,1,356
TRK,1635068,0.52517,-0.85008,-0.00536,-0.03911,3.7274,-13.4577,1.7299,0.000,0.000,0.000,1,356
TRK,1635088,0.52516,-0.85008,-0.00539,-0.03916,3.7274,-13.4577,1.7299,0.000,0.000,0.000,1,356
TRK,1635107,0.52518,-0.85007,-0.00542,-0.03921,3.7274,-13.4577,1.7299,0.000,0.000,0.000,1,356
TRK,1635127,0.52510,-0.85012,-0.00543,-0.03922,3.7274,-13.4577,1.7299,0.000,0.000,0.000,1,356
TRK,1635147,0.52496,-0.85021,-0.00539,-0.03914,3.7274,-13.4577,1.7299,0.000,0.000,0.000,1,356
TRK,1635167,0.52504,-0.85016,-0.00532,-0.03904,3.7274,-13.4577,1.7299,0.000,0.000,0.000,1,356
TRK,1635187,0.52514,-0.85010,-0.00529,-0.03899,3.7274,-13.4577,1.7299,0.000,0.000,0.000,1,356
TRK,1635207,0.52511,-0.85013,-0.00526,-0.03895,3.7274,-13.4577,1.7299,0.000,0.000,0.000,1,356
TRK,1635227,0.52503,-0.85017,-0.00530,-0.03901,3.7274,-13.4577,1.7299,0.000,0.000,0.000,1,356
TRK,1635247,0.52515,-0.85010,-0.00533,-0.03907,3.7274,-13.4577,1.7299,0.000,0.000,0.000,1,356
TRK,1635268,0.52521,-0.85006,-0.00537,-0.03913,3.7274,-13.4577,1.7299,0.000,0.000,0.000,1,356
TRK,1635286,0.52496,-0.85021,-0.00538,-0.03913,3.7274,-13.4577,1.7299,0.000,0.000,0.000,1,356
TRK,1635307,0.52475,-0.85034,-0.00537,-0.03910,3.7274,-13.4577,1.7299,0.000,0.000,0.000,1,356
STAT,403.9,400.9,2,4,0,0.0187,0.995,0.0866,0.0985,-0.0195,9.8139,0.71,0.003
TRK,1635327,0.52483,-0.85029,-0.00533,-0.03903,3.7274,-13.4577,1.7299,0.000,0.000,0.000,1,356
TRK,1635347,0.52482,-0.85031,-0.00529,-0.03896,3.7274,-13.4577,1.7299,0.000,0.000,0.000,1,356
TRK,1635366,0.52463,-0.85042,-0.00529,-0.03896,3.7274,-13.4577,1.7299,0.000,0.000,0.000,1,356
TRK,1635385,0.52461,-0.85043,-0.00527,-0.03893,3.7274,-13.4577,1.7299,0.000,0.000,0.000,1,356
TRK,1635407,0.52481,-0.85032,-0.00526,-0.03893,3.7274,-13.4577,1.7299,0.000,0.000,0.000,1,356
TRK,1635428,0.52478,-0.85033,-0.00527,-0.03894,3.7274,-13.4577,1.7299,0.000,0.000,0.000,1,356
TRK,1635445,0.52464,-0.85042,-0.00528,-0.03894,3.7274,-13.4577,1.7299,0.000,0.000,0.000,1,356
TRK,1635466,0.52473,-0.85037,-0.00523,-0.03887,3.7274,-13.4577,1.7299,0.000,0.000,0.000,1,356
TRK,1635488,0.52498,-0.85021,-0.00518,-0.03881,3.7274,-13.4577,1.7299,0.000,0.000,0.000,1,356
TRK,1635508,0.52495,-0.85023,-0.00517,-0.03879,3.7274,-13.4577,1.7299,0.000,0.000,0.000,1,356
TRK,1635525,0.52475,-0.85035,-0.00519,-0.03880,3.7274,-13.4577,1.7299,0.000,0.000,0.000,1,356
TRK,1635547,0.52490,-0.85026,-0.00523,-0.03889,3.7274,-13.4577,1.7299,0.000,0.000,0.000,1,356
TRK,1635567,0.52518,-0.85008,-0.00527,-0.03897,3.7274,-13.4577,1.7299,0.000,0.000,0.000,1,356
TRK,1635588,0.52506,-0.85016,-0.00532,-0.03904,3.7274,-13.4577,1.7299,0.000,0.000,0.000,1,356
TRK,1635606,0.52479,-0.85032,-0.00534,-0.03905,3.7274,-13.4577,1.7299,0.000,0.000,0.000,1,356
TRK,1635628,0.52494,-0.85023,-0.00533,-0.03904,3.7274,-13.4577,1.7299,0.000,0.000,0.000,1,356
TRK,1635646,0.52529,-0.85001,-0.00529,-0.03900,3.7274,-13.4577,1.7299,0.000,0.000,0.000,1,356
TRK,1635666,0.52523,-0.85005,-0.00530,-0.03903,3.7274,-13.4577,1.7299,0.000,0.000,0.000,1,356
TRK,1635687,0.52485,-0.85028,-0.00537,-0.03910,3.7274,-13.4577,1.7299,0.000,0.000,0.000,1,356
TRK,1635708,0.52498,-0.85019,-0.00542,-0.03920,3.7274,-13.4577,1.7299,0.000,0.000,0.000,1,356
TRK,1635726,0.52526,-0.85002,-0.00542,-0.03921,3.7274,-13.4577,1.7299,0.000,0.000,0.000,1,356
TRK,1635747,0.52502,-0.85017,-0.00543,-0.03922,3.7274,-13.4577,1.7299,0.000,0.000,0.000,1,356
TRK,1635766,0.52471,-0.85036,-0.00543,-0.03919,3.7274,-13.4577,1.7299,0.000,0.000,0.000,1,356
TRK,1635786,0.52487,-0.85026,-0.00537,-0.03910,3.7274,-13.4577,1.7299,0.000,0.000,0.000,1,356
TRK,1635806,0.52516,-0.85009,-0.00532,-0.03905,3.7274,-13.4577,1.7299,0.000,0.000,0.000,1,356
TRK,1635826,0.52491,-0.85024,-0.00537,-0.03910,3.7274,-13.4577,1.7299,0.000,0.000,0.000,1,356
TRK,1635848,0.52471,-0.85036,-0.00544,-0.03921,3.7274,-13.4577,1.7299,0.000,0.000,0.000,1,356
TRK,1635866,0.52501,-0.85017,-0.00547,-0.03927,3.7274,-13.4577,1.7299,0.000,0.000,0.000,1,356
TRK,1635888,0.52523,-0.85004,-0.00547,-0.03929,3.7274,-13.4577,1.7299,0.000,0.000,0.000,1,356
TRK,1635906,0.52504,-0.85015,-0.00548,-0.03930,3.7274,-13.4577,1.7299,0.000,0.000,0.000,1,356
TRK,1635928,0.52495,-0.85021,-0.00546,-0.03926,3.7274,-13.4577,1.7299,0.000,0.000,0.000,1,356
TRK,1635946,0.52515,-0.85009,-0.00544,-0.03924,3.7274,-13.4577,1.7299,0.000,0.000,0.000,1,356
TRK,1635966,0.52515,-0.85009,-0.00543,-0.03922,3.7274,-13.4577,1.7299,0.000,0.000,0.000,1,356
TRK,1635986,0.52493,-0.85022,-0.00547,-0.03927,3.7274,-13.4577,1.7299,0.000,0.000,0.000,1,356
TRK,1636006,0.52496,-0.85020,-0.00548,-0.03930,3.7274,-13.4577,1.7299,0.000,0.000,0.000,1,356
TRK,1636027,0.52514,-0.85009,-0.00549,-0.03932,3.7274,-13.4577,1.7299,0.000,0.000,0.000,1,356
TRK,1636046,0.52512,-0.85010,-0.00548,-0.03930,3.7274,-13.4577,1.7299,0.000,0.000,0.000,1,356
TRK,1636066,0.52504,-0.85015,-0.00547,-0.03928,3.7274,-13.4577,1.7299,0.000,0.000,0.000,1,356
TRK,1636087,0.52519,-0.85006,-0.00544,-0.03925,3.7274,-13.4577,1.7299,0.000,0.000,0.000,1,356
TRK,1636107,0.52525,-0.85003,-0.00541,-0.03920,3.7274,-13.4577,1.7299,0.000,0.000,0.000,1,356
TRK,1636128,0.52511,-0.85012,-0.00540,-0.03918,3.7274,-13.4577,1.7299,0.000,0.000,0.000,1,356
TRK,1636146,0.52504,-0.85016,-0.00543,-0.03921,3.7274,-13.4577,1.7299,0.000,0.000,0.000,1,356
TRK,1636168,0.52504,-0.85016,-0.00542,-0.03921,3.7274,-13.4577,1.7299,0.000,0.000,0.000,1,356
TRK,1636188,0.52493,-0.85023,-0.00540,-0.03916,3.7274,-13.4577,1.7299,0.000,0.000,0.000,1,356
TRK,1636208,0.52487,-0.85027,-0.00535,-0.03907,3.7274,-13.4577,1.7299,0.000,0.000,0.000,1,356
TRK,1636227,0.52495,-0.85022,-0.00531,-0.03901,3.7274,-13.4577,1.7299,0.000,0.000,0.000,1,356
TRK,1636246,0.52492,-0.85024,-0.00528,-0.03897,3.7274,-13.4577,1.7299,0.000,0.000,0.000,1,356
TRK,1636266,0.52486,-0.85028,-0.00530,-0.03899,3.7274,-13.4577,1.7299,0.000,0.000,0.000,1,356
TRK,1636286,0.52492,-0.85024,-0.00532,-0.03903,3.7274,-13.4577,1.7299,0.000,0.000,0.000,1,356
TRK,1636306,0.52500,-0.85019,-0.00532,-0.03904,3.7274,-13.4577,1.7299,0.000,0.000,0.000,1,356
STAT,404.5,400.5,2,4,0,0.0271,0.540,0.0915,0.0962,-0.0180,9.8094,0.71,0.003
TRK,1636328,0.52493,-0.85023,-0.00534,-0.03907,3.7274,-13.4577,1.7299,0.000,0.000,0.000,1,356
TRK,1636348,0.52488,-0.85026,-0.00535,-0.03908,3.7274,-13.4577,1.7299,0.000,0.000,0.000,1,356
TRK,1636368,0.52500,-0.85019,-0.00534,-0.03907,3.7274,-13.4577,1.7299,0.000,0.000,0.000,1,356
TRK,1636385,0.52510,-0.85013,-0.00533,-0.03907,3.7274,-13.4577,1.7299,0.000,0.000,0.000,1,356
TRK,1636406,0.52500,-0.85018,-0.00541,-0.03918,3.7274,-13.4577,1.7299,0.000,0.000,0.000,1,356
TRK,1636428,0.52416,-0.85070,-0.00548,-0.03922,3.7274,-13.4577,1.7299,0.000,0.000,0.000,1,356
TRK,1636447,0.52464,-0.85040,-0.00545,-0.03921,3.7274,-13.4577,1.7299,0.000,0.000,0.000,1,356
TRK,1636465,0.52541,-0.84993,-0.00545,-0.03928,3.7274,-13.4577,1.7299,0.000,0.000,0.000,1,356
TRK,1636487,0.52492,-0.85022,-0.00547,-0.03927,3.7274,-13.4577,1.7299,0.000,0.000,0.000,1,356
TRK,1636505,0.52389,-0.85087,-0.00559,-0.03925,3.7274,-13.4577,1.7299,-0.000,0.001,0.002,2,356
TRK,1636527,0.52434,-0.85058,-0.00552,-0.03926,3.7274,-13.4577,1.7299,-0.000,-0.001,0.000,2,356
TRK,1636548,0.52553,-0.84985,-0.00528,-0.03935,3.7274,-13.4577,1.7299,-0.000,0.001,-0.000,2,356
TRK,1636568,0.52473,-0.85034,-0.00541,-0.03930,3.7274,-13.4577,1.7299,-0.000,0.002,-0.000,2,356
TRK,1636588,0.52366,-0.85100,-0.00565,-0.03921,3.7274,-13.4577,1.7299,0.000,0.000,0.000,2,356
TRK,1636608,0.52470,-0.85036,-0.00544,-0.03931,3.7274,-13.4577,1.7299,0.001,-0.001,0.000,2,356
TRK,1636626,0.52566,-0.84976,-0.00520,-0.03945,3.7274,-13.4577,1.7299,0.000,0.001,-0.000,2,356
TRK,1636647,0.52446,-0.85051,-0.00550,-0.03936,3.7274,-13.4576,1.7299,-0.000,0.002,0.000,2,356
