TRK,230848,-0.38821,0.22376,-0.01721,-0.89383,-0.5572,0.3244,-0.3783,0.000,0.000,0.000,1,11
STAT,404.1,401.1,0,0,0,0.0280,0.296,0.1109,0.1471,-0.0930,9.7277,0.62,0.001
INIT,-0.3882111,0.2237583,-0.0172054,-0.8938279,0.0019363,0.0025676,-0.0016226,-0.55717,0.32442,-0.37834,9.72770,1,-4.02038,-1.38909,8.74843,0.000000,0.00000,0.00000,0.00000
G,230851368,-0.001065,0.004261,0.003196
A,230851416,-4.0259,-1.3719,8.7269
G,230853864,-0.003196,0.003196,-0.004261
A,230853890,-4.0330,-1.3719,8.7269
G,230856343,-0.004261,0.002131,-0.005326
A,230856347,-4.0330,-1.3827,8.7269
A,230858821,-4.0330,-1.3898,8.7233
G,230858860,-0.003196,0.002131,-0.004261
A,230861267,-4.0294,-1.3970,8.7197
G,230861355,-0.002131,0.003196,-0.002131
A,230863745,-4.0259,-1.4006,8.7161
G,230863852,0.000000,0.004261,-0.004261
A,230866219,-4.0223,-1.4078,8.7161
G,230866348,0.002131,0.005326,-0.004261
A,230868677,-4.0115,-1.4150,8.7161
G,230868824,0.004261,0.004261,-0.005326
A,230871151,-4.0115,-1.4150,8.7161
G,230871320,0.006392,0.003196,-0.003196
A,230873610,-4.0115,-1.4150,8.7161
G,230873797,0.007457,0.002131,-0.002131
A,230876084,-4.0187,-1.4114,8.7197
G,230876293,0.008522,0.003196,0.004261
A,230878545,-4.0294,-1.4042,8.7305
G,230878771,0.010653,0.004261,0.009587
TRK,230879,-0.38823,0.22380,-0.01710,-0.89381,-0.5572,0.3244,-0.3783,0.000,0.000,0.000,1,11
A,230881037,-4.0294,-1.4042,8.7448
G,230881279,0.009587,0.007457,0.013848
A,230883511,-4.0294,-1.3898,8.7628
G,230883794,0.006392,0.007457,0.009587
A,230885960,-4.0259,-1.3862,8.7771
G,230886289,0.001065,0.007457,0.002131
A,230888443,-4.0223,-1.3719,8.7807
G,230888788,-0.006392,0.004261,-0.006392
A,230890917,-4.0115,-1.3611,8.7771
G,230891283,-0.011718,-0.001065,-0.010653
TRK,230886,-0.38823,0.22382,-0.01711,-0.89381,-0.5572,0.3244,-0.3783,0.000,0.000,0.000,1,11
A,230893401,-4.0079,-1.3647,8.7771
G,230893781,-0.013848,-0.005326,-0.007457
A,230895875,-4.0043,-1.3647,8.7736
G,230896277,-0.012783,-0.006392,-0.003196
A,230898333,-4.0043,-1.3719,8.7736
G,230898748,-0.010653,-0.005326,0.001065
A,230900807,-4.0043,-1.3719,8.7736
G,230901257,-0.007457,-0.001065,0.002131
A,230903254,-4.0043,-1.3791,8.7700
G,230903752,-0.004261,0.002131,0.002131
A,230905722,-4.0043,-1.3791,8.7628
G,230906232,0.000000,0.003196,0.001065
A,230908210,-4.0043,-1.3862,8.7520
G,230908731,0.004261,0.003196,-0.002131
A,230910684,-4.0079,-1.3934,8.7520
G,230911248,0.006392,0.001065,-0.004261
A,230913140,-4.0151,-1.4042,8.7448
G,230913744,0.006392,0.002131,-0.006392
A,230915615,-4.0187,-1.4150,8.7484
TRK,230909,-0.38826,0.22381,-0.01697,-0.89380,-0.5572,0.3244,-0.3783,0.000,0.000,0.000,1,11
G,230916253,0.005326,0.003196,-0.007457
A,230918065,-4.0223,-1.4222,8.7448
G,230918748,0.005326,0.007457,-0.003196
A,230920545,-4.0223,-1.4222,8.7412
G,230921236,0.004261,0.008522,0.000000
A,230923019,-4.0259,-1.4150,8.7340
G,230923732,0.004261,0.005326,0.000000
A,230925482,-4.0223,-1.4078,8.7340
G,230926201,0.003196,0.000000,-0.005326
A,230927956,-4.0259,-1.3970,8.7340
G,230928721,0.002131,-0.003196,-0.008522
A,230930419,-4.0259,-1.3862,8.7376
G,230931217,0.001065,-0.003196,-0.009587
TRK,230927,-0.38826,0.22379,-0.01699,-0.89381,-0.5572,0.3244,-0.3783,0.000,0.000,0.000,1,11
A,230932914,-4.0366,-1.3862,8.7340
G,230933716,-0.002131,-0.002131,-0.006392
A,230935388,-4.0366,-1.3791,8.7269
G,230936212,-0.005326,0.002131,-0.002131
A,230937862,-4.0366,-1.3862,8.7269
G,230938711,-0.006392,0.006392,0.002131
A,230940307,-4.0366,-1.3898,8.7305
G,230941207,-0.007457,0.008522,0.001065
A,230942781,-4.0294,-1.3970,8.7448
G,230943704,-0.006392,0.006392,-0.002131
A,230945225,-4.0294,-1.4042,8.7592
G,230946200,-0.004261,0.002131,-0.003196
A,230947703,-4.0366,-1.4114,8.7664
G,230948679,0.000000,0.001065,0.000000
A,230950177,-4.0402,-1.4078,8.7664
G,230951190,0.004261,0.003196,0.003196
A,230952636,-4.0438,-1.4078,8.7592
G,230953685,0.006392,0.004261,0.004261
A,230955126,-4.0438,-1.4006,8.7448
G,230956175,0.009587,0.003196,0.002131
A,230957600,-4.0366,-1.3970,8.7412
TRK,230953,-0.38825,0.22382,-0.01698,-0.89380,-0.5572,0.3244,-0.3783,0.000,0.000,0.000,1,11
G,230958696,0.009587,0.000000,-0.002131
A,230960071,-4.0330,-1.3934,8.7412
G,230961191,0.008522,-0.002131,-0.005326
A,230962545,-4.0223,-1.3898,8.7484
G,230963691,0.006392,-0.002131,-0.006392
A,230964996,-4.0187,-1.3898,8.7556
G,230966187,0.003196,0.000000,-0.005326
A,230967479,-4.0187,-1.3970,8.7664
G,230968667,-0.002131,0.000000,-0.007457
A,230969953,-4.0223,-1.4006,8.7700
TRK,230969,-0.38825,0.22380,-0.01700,-0.89380,-0.5572,0.3244,-0.3783,0.000,0.000,0.000,1,11
G,230971178,-0.006392,0.001065,-0.008522
A,230972417,-4.0294,-1.4078,8.7736
G,230973673,-0.008522,0.000000,-0.007457
A,230974899,-4.0438,-1.4114,8.7736
G,230976152,-0.007457,0.001065,-0.008522
A,230977373,-4.0438,-1.4114,8.7736
G,230978664,-0.004261,0.002131,-0.007457
A,230979839,-4.0438,-1.4150,8.7664
G,230981159,0.001065,0.004261,-0.006392
A,230982338,-4.0366,-1.4114,8.7592
G,230983653,0.005326,0.005326,-0.004261
A,230984812,-4.0330,-1.4114,8.7448
G,230986164,0.008522,0.006392,-0.003196
A,230987278,-4.0294,-1.4042,8.7376
G,230988659,0.007457,0.004261,-0.002131
A,230989764,-4.0259,-1.4006,8.7376
G,230991139,0.005326,0.005326,-0.003196
A,230992238,-4.0259,-1.3970,8.7412
TRK,230992,-0.38825,0.22383,-0.01699,-0.89380,-0.5572,0.3244,-0.3783,0.000,0.000,0.000,1,11
G,230993660,0.004261,0.007457,-0.002131
A,230994716,-4.0223,-1.3934,8.7520
G,230996155,0.003196,0.009587,-0.001065
A,230997190,-4.0187,-1.3934,8.7664
G,230998652,0.003196,0.009587,0.001065
A,230999645,-4.0187,-1.3827,8.7807
G,231001147,0.002131,0.005326,-0.001065
A,231002134,-4.0151,-1.3719,8.7879
G,231003628,0.002131,0.002131,0.000000
A,231004608,-4.0115,-1.3611,8.7879
G,231006124,0.002131,-0.001065,0.000000
A,231007099,-4.0115,-1.3575,8.7736
G,231008605,0.002131,-0.001065,-0.001065
A,231009573,-4.0007,-1.3611,8.7520
G,231011117,0.001065,0.001065,-0.005326
A,231012044,-3.9935,-1.3719,8.7412
G,231013612,-0.001065,0.004261,-0.006392
A,231014518,-3.9863,-1.3827,8.7305
G,231016104,-0.002131,0.005326,-0.004261
A,231016970,-3.9899,-1.3862,8.7305
G,231018599,-0.001065,0.006392,0.000000
TRK,231013,-0.38825,0.22389,-0.01699,-0.89378,-0.5572,0.3244,-0.3783,0.000,0.000,0.000,1,11
A,231019453,-3.9935,-1.3898,8.7269
G,231021071,0.000000,0.007457,0.003196
A,231021927,-4.0043,-1.3827,8.7233
G,231023562,0.000000,0.008522,0.002131
A,231024380,-4.0115,-1.3862,8.7233
G,231026058,0.001065,0.007457,-0.002131
A,231026854,-4.0151,-1.3755,8.7269
G,231028541,0.003196,0.007457,-0.004261
A,231029300,-4.0115,-1.3683,8.7376
G,231031036,0.005326,0.007457,-0.006392
A,231031796,-4.0079,-1.3503,8.7520
G,231033519,0.007457,0.009587,-0.004261
A,231034270,-4.0043,-1.3431,8.7628
TRK,231030,-0.38824,0.22392,-0.01702,-0.89378,-0.5572,0.3244,-0.3783,0.000,0.000,0.000,1,11
G,231036033,0.008522,0.009587,-0.002131
A,231036747,-4.0043,-1.3467,8.7700
G,231038528,0.006392,0.008522,-0.002131
A,231039221,-4.0115,-1.3503,8.7736
G,231041015,0.003196,0.007457,-0.001065
A,231041673,-4.0151,-1.3611,8.7807
G,231043510,0.000000,0.006392,0.000000
A,231044155,-4.0187,-1.3719,8.7771
G,231045978,-0.001065,0.005326,-0.001065
A,231046630,-4.0223,-1.3791,8.7771
G,231048473,-0.004261,0.003196,-0.003196
A,231049119,-4.0223,-1.3827,8.7664
G,231050948,-0.007457,0.000000,-0.004261
A,231051593,-4.0187,-1.3862,8.7628
G,231053446,-0.008522,-0.001065,-0.003196
A,231054058,-4.0151,-1.3862,8.7520
G,231055942,-0.006392,0.000000,0.000000
A,231056532,-4.0115,-1.3827,8.7520
TRK,231051,-0.38823,0.22387,-0.01709,-0.89379,-0.5572,0.3244,-0.3783,0.000,0.000,0.000,1,11
G,231058427,-0.002131,0.002131,0.001065
A,231058984,-4.0187,-1.3827,8.7412
G,231060932,0.004261,0.006392,0.003196
A,231061457,-4.0223,-1.3791,8.7376
G,231063428,0.008522,0.007457,0.003196
A,231063931,-4.0330,-1.3791,8.7412
G,231065923,0.009587,0.008522,0.005326
A,231066395,-4.0330,-1.3755,8.7448
G,231068419,0.010653,0.008522,0.006392
A,231068869,-4.0294,-1.3755,8.7556
G,231070914,0.011718,0.009587,0.005326
A,231071334,-4.0223,-1.3719,8.7592
G,231073410,0.011718,0.010653,0.002131
A,231073824,-4.0151,-1.3719,8.7628
G,231075879,0.009587,0.009587,0.000000
A,231076298,-4.0079,-1.3719,8.7664
TRK,231076,-0.38820,0.22376,-0.01725,-0.89383,-0.5572,0.3244,-0.3783,0.000,0.000,0.000,1,11
G,231078385,0.006392,0.004261,-0.004261
A,231078774,-4.0079,-1.3719,8.7628
G,231080881,0.005326,-0.001065,-0.003196
A,231081248,-4.0151,-1.3791,8.7628
G,231083367,0.005326,-0.004261,0.001065
A,231083706,-4.0259,-1.3791,8.7628
G,231085884,0.004261,-0.002131,0.007457
A,231086195,-4.0438,-1.3862,8.7700
G,231088379,0.001065,-0.002131,0.007457
A,231088669,-4.0474,-1.3898,8.7700
G,231090896,-0.002131,-0.002131,0.003196
A,231091158,-4.0474,-1.3970,8.7700
G,231093391,-0.005326,-0.004261,-0.005326
A,231093632,-4.0402,-1.4042,8.7664
G,231095878,-0.007457,-0.005326,-0.012783
A,231096093,-4.0330,-1.4042,8.7520
G,231098374,-0.008522,-0.004261,-0.013848
TRK,231097,-0.38820,0.22360,-0.01730,-0.89387,-0.5572,0.3244,-0.3783,0.000,0.000,0.000,1,11
A,231098594,-4.0223,-1.4006,8.7484
G,231100850,-0.006392,-0.002131,-0.010653
A,231101068,-4.0151,-1.3934,8.7520
G,231103357,-0.001065,0.001065,0.000000
A,231103549,-4.0043,-1.3898,8.7556
G,231105853,0.005326,0.005326,0.005326
A,231106023,-4.0007,-1.3898,8.7664
G,231108340,0.010653,0.007457,0.005326
A,231108485,-4.0007,-1.3970,8.7628
G,231110835,0.011718,0.006392,0.002131
A,231110959,-4.0079,-1.4006,8.7736
TRK,231110,-0.38819,0.22354,-0.01737,-0.89389,-0.5572,0.3244,-0.3783,0.000,0.000,0.000,1,11
G,231113322,0.010653,0.002131,-0.001065
A,231113423,-4.0151,-1.3970,8.7736
G,231115840,0.007457,-0.001065,0.000000
A,231115917,-4.0187,-1.3898,8.7843
G,231118335,0.005326,-0.002131,0.001065
A,231118391,-4.0151,-1.3791,8.7807
G,231120822,0.004261,-0.001065,0.003196
A,231120855,-4.0079,-1.3791,8.7736
G,231123330,0.003196,0.000000,0.002131
A,231123341,-4.0043,-1.3827,8.7664
A,231125815,-4.0079,-1.3898,8.7628
G,231125825,0.002131,-0.003196,-0.002131
A,231128281,-4.0115,-1.3934,8.7592
G,231128313,-0.001065,-0.004261,-0.004261
A,231130778,-4.0259,-1.3934,8.7556
G,231130830,-0.004261,-0.004261,-0.006392
A,231133252,-4.0330,-1.3934,8.7520
G,231133326,-0.006392,-0.001065,-0.007457
A,231135726,-4.0402,-1.3970,8.7448
G,231135843,-0.006392,-0.001065,-0.008522
A,231138174,-4.0438,-1.4042,8.7412
G,231138339,-0.004261,-0.001065,-0.005326
TRK,231138,-0.38820,0.22342,-0.01738,-0.89391,-0.5572,0.3244,-0.3783,0.000,0.000,0.000,1,11
A,231140653,-4.0402,-1.4150,8.7376
G,231140836,-0.002131,0.000000,-0.001065
A,231143127,-4.0330,-1.4150,8.7412
G,231143331,0.000000,0.003196,0.002131
A,231145587,-4.0294,-1.4257,8.7412
G,231145808,0.002131,0.007457,0.003196
A,231148068,-4.0223,-1.4293,8.7376
G,231148307,0.003196,0.009587,0.002131
A,231150543,-4.0187,-1.4329,8.7448
G,231150802,0.006392,0.009587,0.003196
TRK,231145,-0.38820,0.22343,-0.01737,-0.89391,-0.5572,0.3244,-0.3783,0.000,0.000,0.000,1,11
A,231153014,-4.0187,-1.4365,8.7448
G,231153290,0.008522,0.008522,0.000000
A,231155488,-4.0151,-1.4293,8.7484
G,231155807,0.008522,0.006392,0.001065
A,231157940,-4.0151,-1.4186,8.7520
G,231158302,0.007457,0.004261,0.002131
A,231160423,-4.0115,-1.4078,8.7520
G,231160800,0.005326,0.005326,0.005326
A,231162897,-4.0079,-1.3934,8.7484
G,231163295,0.003196,0.006392,0.005326
A,231165357,-4.0043,-1.3862,8.7556
G,231165769,0.003196,0.006392,0.003196
A,231167847,-4.0043,-1.3791,8.7556
G,231168271,0.003196,0.005326,0.001065
A,231170321,-4.0079,-1.3755,8.7664
G,231170767,0.002131,0.004261,0.000000
TRK,231166,-0.38819,0.22349,-0.01737,-0.89390,-0.5572,0.3244,-0.3783,0.000,0.000,0.000,1,11
A,231172797,-4.0079,-1.3755,8.7700
G,231173255,0.001065,0.004261,0.000000
A,231175271,-4.0115,-1.3791,8.7700
G,231175767,0.000000,0.004261,-0.001065
A,231177722,-4.0115,-1.3827,8.7628
G,231178263,0.000000,0.002131,-0.001065
A,231180196,-4.0079,-1.3898,8.7448
G,231180758,0.002131,0.000000,-0.001065
A,231182654,-4.0043,-1.3970,8.7376
G,231183227,0.004261,0.001065,0.001065
A,231185144,-3.9971,-1.4042,8.7269
G,231185727,0.004261,0.001065,0.001065
A,231187643,-3.9863,-1.4078,8.7269
G,231188236,0.003196,0.001065,0.002131
A,231190118,-3.9899,-1.3934,8.7305
G,231190731,0.003196,0.000000,-0.001065
A,231192598,-3.9935,-1.3898,8.7412
G,231193221,0.005326,0.002131,-0.001065
A,231195072,-4.0007,-1.3862,8.7484
TRK,231190,-0.38822,0.22350,-0.01726,-0.89389,-0.5572,0.3244,-0.3783,0.000,0.000,0.000,1,11
G,231195740,0.006392,0.005326,-0.004261
A,231197533,-4.0043,-1.3898,8.7628
G,231198236,0.007457,0.004261,-0.005326
A,231200013,-4.0151,-1.3898,8.7628
G,231200723,0.005326,0.004261,-0.007457
A,231202487,-4.0187,-1.3934,8.7628
G,231203241,0.004261,0.003196,-0.005326
A,231204949,-4.0223,-1.3862,8.7556
G,231205737,0.003196,0.005326,-0.002131
A,231207423,-4.0294,-1.3827,8.7448
G,231208246,0.001065,0.004261,0.003196
A,231209877,-4.0259,-1.3827,8.7448
G,231210741,-0.002131,0.003196,0.003196
A,231212354,-4.0259,-1.3791,8.7376
G,231213223,-0.003196,0.001065,0.001065
A,231214828,-4.0294,-1.3755,8.7376
TRK,231214,-0.38824,0.22350,-0.01716,-0.89388,-0.5572,0.3244,-0.3783,0.000,0.000,0.000,1,11
G,231215742,-0.001065,-0.001065,-0.001065
A,231217294,-4.0223,-1.3719,8.7340
G,231218238,0.002131,0.000000,0.000000
A,231219785,-4.0187,-1.3719,8.7376
G,231220732,0.004261,0.003196,0.001065
A,231222260,-4.0079,-1.3719,8.7448
G,231223227,0.003196,0.004261,0.000000
A,231224737,-4.0007,-1.3791,8.7628
G,231225707,0.001065,0.002131,0.000000
A,231227232,-3.9935,-1.3827,8.7664
G,231228203,0.001065,0.000000,0.000000
A,231229706,-3.9971,-1.3862,8.7736
G,231230723,0.002131,0.002131,0.001065
A,231232174,-3.9971,-1.3934,8.7700
G,231233218,0.004261,0.005326,0.001065
A,231234648,-4.0043,-1.4006,8.7628
G,231235718,0.005326,0.005326,-0.001065
A,231237098,-4.0079,-1.4114,8.7592
G,231238214,0.004261,0.005326,-0.004261
A,231239574,-4.0187,-1.4257,8.7520
G,231240689,0.003196,0.003196,-0.005326
A,231242048,-4.0294,-1.4293,8.7484
TRK,231237,-0.38825,0.22350,-0.01711,-0.89388,-0.5572,0.3244,-0.3783,0.000,0.000,0.000,1,11
G,231243199,0.001065,0.003196,-0.005326
A,231244510,-4.0366,-1.4222,8.7556
G,231245694,-0.001065,0.004261,-0.001065
A,231247002,-4.0438,-1.4114,8.7556
G,231248184,-0.003196,0.004261,0.002131
A,231249476,-4.0438,-1.3970,8.7592
G,231250680,-0.004261,0.001065,0.003196
A,231251949,-4.0366,-1.3970,8.7628
G,231253150,-0.004261,-0.001065,0.004261
TRK,231253,-0.38826,0.22349,-0.01706,-0.89388,-0.5572,0.3244,-0.3783,0.000,0.000,0.000,1,11
A,231254453,-4.0294,-1.3934,8.7592
G,231255651,-0.004261,-0.003196,0.001065
A,231256927,-4.0151,-1.4006,8.7556
G,231258162,-0.002131,-0.002131,0.000000
A,231259391,-4.0151,-1.3970,8.7556
G,231260657,-0.001065,0.000000,-0.004261
A,231261885,-4.0151,-1.3934,8.7556
G,231263148,0.000000,0.004261,-0.005326
A,231264359,-4.0187,-1.3898,8.7592
G,231265659,0.002131,0.008522,-0.006392
A,231266825,-4.0259,-1.3827,8.7628
G,231268155,0.003196,0.011718,-0.003196
A,231269299,-4.0259,-1.3755,8.7628
G,231270655,0.005326,0.010653,0.001065
A,231271756,-4.0294,-1.3755,8.7592
G,231273151,0.005326,0.010653,0.005326
A,231274243,-4.0330,-1.3827,8.7556
G,231275632,0.004261,0.008522,0.004261
A,231276717,-4.0330,-1.3862,8.7556
G,231278130,0.003196,0.006392,0.002131
A,231279172,-4.0402,-1.3898,8.7556
G,231280625,0.003196,0.002131,-0.001065
TRK,231275,-0.38826,0.22350,-0.01706,-0.89387,-0.5572,0.3244,-0.3783,0.000,0.000,0.000,1,11
A,231281651,-4.0366,-1.3898,8.7520
G,231283097,0.001065,-0.001065,-0.002131
A,231284125,-4.0402,-1.3898,8.7520
G,231285599,-0.001065,-0.004261,-0.007457
A,231286585,-4.0402,-1.3934,8.7484
G,231288094,-0.004261,-0.006392,-0.010653
A,231289059,-4.0330,-1.4042,8.7412
G,231290596,-0.004261,-0.006392,-0.011718
A,231291521,-4.0330,-1.4150,8.7376
G,231293092,-0.004261,-0.004261,-0.007457
TRK,231288,-0.38827,0.22349,-0.01705,-0.89387,-0.5572,0.3244,-0.3783,0.000,0.000,0.000,1,11
A,231294013,-4.0294,-1.4222,8.7340
G,231295574,-0.003196,-0.001065,-0.005326
A,231296487,-4.0330,-1.4222,8.7305
G,231298079,0.000000,0.004261,-0.001065
A,231298952,-4.0330,-1.4150,8.7233
G,231300574,0.002131,0.006392,0.002131
A,231301426,-4.0402,-1.4042,8.7161
G,231303067,0.003196,0.009587,0.005326
A,231303881,-4.0402,-1.4042,8.7161
G,231305562,0.005326,0.009587,0.004261
A,231306366,-4.0402,-1.4006,8.7197
G,231308035,0.005326,0.008522,0.002131
A,231308840,-4.0366,-1.4006,8.7233
G,231310539,0.007457,0.006392,0.003196
A,231311306,-4.0294,-1.4006,8.7376
G,231313034,0.006392,0.004261,0.003196
A,231313780,-4.0259,-1.3970,8.7376
G,231315517,0.004261,0.002131,0.002131
A,231316227,-4.0187,-1.3898,8.7448
TRK,231316,-0.38825,0.22361,-0.01707,-0.89385,-0.5572,0.3244,-0.3783,0.000,0.000,0.000,1,11
G,231318031,0.001065,0.001065,-0.003196
A,231318705,-4.0079,-1.3862,8.7448
G,231320526,0.001065,0.002131,-0.004261
A,231321191,-4.0007,-1.3791,8.7448
G,231322997,0.001065,0.003196,-0.005326
A,231323665,-3.9971,-1.3755,8.7412
G,231325502,-0.001065,0.003196,-0.005326
A,231326135,-3.9935,-1.3719,8.7484
G,231327997,-0.002131,0.002131,-0.006392
A,231328634,-4.0007,-1.3791,8.7448
G,231330481,-0.001065,0.001065,-0.005326
A,231331108,-4.0007,-1.3827,8.7520
TRK,231327,-0.38825,0.22365,-0.01704,-0.89384,-0.5572,0.3244,-0.3783,0.000,0.000,0.000,1,11
G,231332995,0.002131,0.002131,-0.001065
A,231333589,-4.0079,-1.3862,8.7556
G,231335491,0.004261,0.005326,0.004261
A,231336063,-4.0043,-1.3862,8.7628
G,231337985,0.005326,0.007457,0.006392
A,231338524,-4.0079,-1.3791,8.7664
G,231340503,0.005326,0.007457,0.008522
A,231341010,-4.0079,-1.3791,8.7736
G,231342999,0.004261,0.004261,0.004261
A,231343501,-4.0187,-1.3719,8.7628
G,231345471,0.003196,0.001065,0.001065
A,231345975,-4.0259,-1.3719,8.7628
G,231347985,0.003196,-0.004261,-0.004261
A,231348458,-4.0294,-1.3719,8.7556
G,231350480,0.002131,-0.006392,-0.002131
A,231350932,-4.0294,-1.3755,8.7484
G,231352970,0.000000,-0.006392,0.001065
A,231353391,-4.0223,-1.3862,8.7448
G,231355465,-0.002131,-0.004261,0.003196
A,231355865,-4.0151,-1.3934,8.7448
TRK,231350,-0.38824,0.22371,-0.01708,-0.89383,-0.5572,0.3244,-0.3783,0.000,0.000,0.000,1,11
G,231357960,-0.002131,-0.003196,-0.003196
A,231358330,-4.0151,-1.4006,8.7520
G,231360475,-0.002131,-0.002131,-0.010653
A,231360816,-4.0079,-1.4006,8.7520
G,231362970,-0.002131,-0.002131,-0.013848
A,231363290,-4.0115,-1.3934,8.7664
G,231365475,-0.002131,-0.001065,-0.007457
A,231365768,-4.0115,-1.3898,8.7628
G,231367971,-0.002131,-0.001065,-0.005326
A,231368242,-4.0151,-1.3898,8.7664
G,231370455,-0.002131,-0.001065,-0.004261
A,231370700,-4.0223,-1.3934,8.7592
TRK,231367,-0.38825,0.22370,-0.01706,-0.89383,-0.5572,0.3244,-0.3783,0.000,0.000,0.000,1,11
G,231372970,-0.002131,-0.001065,-0.006392
A,231373188,-4.0259,-1.4006,8.7556
G,231375466,-0.001065,0.001065,-0.006392
A,231375662,-4.0259,-1.4006,8.7448
G,231377960,0.001065,0.003196,-0.002131
A,231378131,-4.0294,-1.4006,8.7484
G,231380477,0.003196,0.005326,0.002131
A,231380623,-4.0223,-1.3934,8.7484
G,231382972,0.001065,0.005326,0.003196
A,231383097,-4.0259,-1.3862,8.7520
G,231385457,-0.001065,0.005326,0.001065
A,231385558,-4.0223,-1.3683,8.7520
G,231387972,-0.003196,0.003196,-0.004261
A,231388049,-4.0115,-1.3575,8.7520
G,231390467,-0.003196,0.002131,-0.008522
A,231390523,-4.0079,-1.3539,8.7520
G,231392942,-0.001065,0.002131,-0.013848
A,231392975,-3.9971,-1.3611,8.7484
G,231395442,0.002131,0.004261,-0.013848
A,231395454,-3.9935,-1.3791,8.7448
A,231397928,-3.9899,-1.3898,8.7448
G,231397938,0.002131,0.005326,-0.012783
TRK,231393,-0.38825,0.22372,-0.01705,-0.89382,-0.5572,0.3244,-0.3783,0.000,0.000,0.000,1,11
A,231400392,-3.9899,-1.4006,8.7448
G,231400423,0.000000,0.005326,-0.009587
A,231402887,-3.9971,-1.4042,8.7412
G,231402938,-0.003196,0.003196,-0.005326
A,231405361,-4.0043,-1.3934,8.7412
G,231405434,-0.004261,0.001065,-0.001065
A,231407836,-4.0187,-1.3862,8.7376
G,231407929,-0.003196,-0.002131,0.001065
A,231410310,-4.0259,-1.3683,8.7376
G,231410425,-0.002131,-0.001065,0.003196
TRK,231405,-0.38825,0.22369,-0.01705,-0.89383,-0.5572,0.3244,-0.3783,0.000,0.000,0.000,1,11
A,231412787,-4.0366,-1.3539,8.7412
G,231412920,-0.001065,0.000000,0.002131
A,231415261,-4.0402,-1.3503,8.7448
G,231415438,-0.001065,0.000000,-0.002131
A,231417711,-4.0402,-1.3539,8.7484
G,231417933,-0.001065,-0.002131,-0.010653
A,231420185,-4.0330,-1.3575,8.7556
G,231420429,0.000000,-0.003196,-0.012783
A,231422644,-4.0259,-1.3683,8.7556
G,231422904,0.001065,-0.003196,-0.009587
A,231425118,-4.0223,-1.3791,8.7556
G,231425400,0.003196,-0.002131,-0.005326
A,231427578,-4.0187,-1.3862,8.7520
G,231427876,0.003196,-0.002131,-0.004261
A,231430066,-4.0223,-1.3898,8.7484
G,231430379,0.002131,0.000000,-0.005326
A,231432540,-4.0151,-1.3862,8.7484
G,231432874,0.001065,0.002131,-0.004261
TRK,231428,-0.38825,0.22357,-0.01709,-0.89386,-0.5572,0.3244,-0.3783,0.000,0.000,0.000,1,11
A,231435011,-4.0151,-1.3791,8.7556
G,231435361,0.002131,0.004261,-0.004261
A,231437505,-4.0079,-1.3755,8.7628
G,231437869,0.004261,0.005326,-0.001065
A,231439979,-4.0151,-1.3719,8.7700
G,231440365,0.004261,0.003196,0.002131
A,231442460,-4.0187,-1.3719,8.7736
G,231442858,0.004261,0.002131,0.005326
A,231444934,-4.0259,-1.3719,8.7700
G,231445354,0.003196,0.001065,0.004261
A,231447398,-4.0294,-1.3719,8.7628
G,231447831,0.003196,0.002131,0.003196
A,231449892,-4.0294,-1.3683,8.7556
G,231450338,0.003196,0.003196,0.001065
A,231452366,-4.0294,-1.3755,8.7448
G,231452855,0.001065,0.003196,-0.002131
A,231454822,-4.0259,-1.3791,8.7376
G,231455351,-0.001065,0.002131,-0.002131
A,231457308,-4.0223,-1.4006,8.7376
G,231457848,-0.001065,0.002131,-0.001065
A,231459782,-4.0259,-1.4078,8.7376
G,231460343,0.002131,0.002131,0.003196
TRK,231455,-0.38823,0.22351,-0.01722,-0.89388,-0.5572,0.3244,-0.3783,0.000,0.000,0.000,1,11
A,231462248,-4.0223,-1.4150,8.7376
G,231462820,0.003196,0.001065,0.003196
A,231464736,-4.0223,-1.4150,8.7376
G,231465317,0.004261,0.001065,0.002131
A,231467210,-4.0151,-1.4150,8.7340
G,231467813,0.005326,0.002131,0.001065
A,231469679,-4.0043,-1.4150,8.7269
G,231470292,0.004261,0.003196,0.001065
A,231472153,-4.0007,-1.4150,8.7269
TRK,231471,-0.38821,0.22349,-0.01730,-0.89389,-0.5572,0.3244,-0.3783,0.000,0.000,0.000,1,11
G,231472810,0.004261,0.002131,0.001065
A,231474613,-3.9935,-1.4114,8.7269
G,231475305,0.004261,0.000000,0.000000
A,231477092,-3.9971,-1.4042,8.7305
G,231477792,0.004261,-0.001065,-0.001065
A,231479566,-4.0007,-1.3934,8.7340
G,231480287,0.004261,0.000000,0.003196
A,231482034,-4.0079,-1.3827,8.7376
G,231482762,0.003196,0.002131,0.005326
A,231484523,-4.0151,-1.3791,8.7448
G,231485257,0.001065,0.001065,0.004261
A,231486997,-4.0187,-1.3862,8.7556
G,231487776,-0.001065,0.000000,-0.001065
A,231489459,-4.0187,-1.3970,8.7592
G,231490272,-0.001065,0.000000,-0.003196
A,231491941,-4.0151,-1.4042,8.7736
G,231492758,-0.001065,0.001065,-0.003196
A,231494415,-4.0187,-1.4114,8.7700
G,231495254,-0.001065,0.001065,-0.002131
TRK,231489,-0.38821,0.22347,-0.01732,-0.89390,-0.5572,0.3244,-0.3783,0.000,0.000,0.000,1,11
A,231496889,-4.0187,-1.4078,8.7664
G,231497732,-0.002131,0.000000,-0.001065
A,231499363,-4.0223,-1.4006,8.7556
G,231500238,-0.002131,0.000000,-0.003196
A,231501814,-4.0259,-1.3898,8.7412
G,231502733,0.000000,0.000000,-0.004261
A,231504301,-4.0259,-1.3791,8.7376
G,231505223,0.002131,0.001065,-0.006392
A,231506775,-4.0223,-1.3755,8.7376
G,231507742,0.004261,0.001065,-0.006392
A,231509242,-4.0187,-1.3755,8.7520
G,231510237,0.003196,0.001065,-0.010653
A,231511739,-4.0079,-1.3791,8.7628
G,231512736,0.002131,0.001065,-0.013848
A,231514213,-4.0043,-1.3791,8.7771
G,231515232,-0.001065,0.001065,-0.013848
A,231516692,-4.0043,-1.3791,8.7700
G,231517711,-0.001065,0.001065,-0.010653
A,231519166,-4.0079,-1.3791,8.7592
TRK,231514,-0.38822,0.22348,-0.01728,-0.89389,-0.5572,0.3244,-0.3783,0.000,0.000,0.000,1,11
G,231520221,0.000000,0.002131,-0.004261
A,231521625,-4.0151,-1.3755,8.7484
G,231522716,0.001065,0.003196,-0.003196
A,231524115,-4.0259,-1.3791,8.7412
G,231525206,0.000000,0.002131,-0.006392
A,231526589,-4.0366,-1.3827,8.7376
G,231527701,-0.003196,-0.001065,-0.009587
A,231529060,-4.0402,-1.3827,8.7484
G,231530171,-0.003196,-0.002131,-0.008522
A,231531534,-4.0366,-1.3898,8.7556
TRK,231526,-0.38822,0.22348,-0.01724,-0.89389,-0.5572,0.3244,-0.3783,0.000,0.000,0.000,1,11
G,231532692,-0.002131,0.001065,-0.001065
A,231534006,-4.0259,-1.3898,8.7628
G,231535187,0.001065,0.003196,0.002131
A,231536480,-4.0151,-1.3934,8.7628
G,231537687,0.002131,0.007457,0.005326
A,231538933,-4.0187,-1.3898,8.7628
G,231540183,0.003196,0.008522,0.004261
A,231541417,-4.0187,-1.3862,8.7592
G,231542663,0.004261,0.008522,0.006392
A,231543891,-4.0294,-1.3827,8.7520
G,231545174,0.004261,0.006392,0.003196
A,231546356,-4.0294,-1.3898,8.7484
G,231547669,0.004261,0.004261,0.003196
A,231548851,-4.0294,-1.3934,8.7484
G,231550160,0.003196,0.002131,0.001065
A,231551325,-4.0259,-1.4006,8.7448
G,231552680,0.001065,0.000000,0.000000
A,231553801,-4.0187,-1.3970,8.7484
G,231555176,0.000000,-0.001065,-0.001065
A,231556298,-4.0079,-1.3934,8.7448
G,231557667,0.000000,-0.001065,-0.002131
A,231558772,-3.9935,-1.3827,8.7448
TRK,231554,-0.38822,0.22352,-0.01723,-0.89388,-0.5572,0.3244,-0.3783,0.000,0.000,0.000,1,11
G,231560178,0.001065,0.001065,0.000000
A,231561239,-3.9899,-1.3755,8.7448
G,231562673,0.000000,0.005326,0.002131
A,231563727,-3.9899,-1.3647,8.7448
G,231565153,-0.002131,0.006392,0.003196
A,231566201,-4.0007,-1.3719,8.7412
G,231567674,-0.003196,0.005326,0.002131
A,231568680,-4.0079,-1.3791,8.7376
G,231570170,0.000000,0.003196,0.000000
A,231571154,-4.0151,-1.3827,8.7376
G,231572670,0.002131,0.002131,-0.001065
A,231573613,-4.0151,-1.4006,8.7305
G,231575166,0.003196,0.001065,-0.001065
A,231576087,-4.0115,-1.4006,8.7340
TRK,231570,-0.38823,0.22353,-0.01721,-0.89388,-0.5572,0.3244,-0.3783,0.000,0.000,0.000,1,11
G,231577666,0.002131,0.001065,-0.005326
A,231578548,-4.0151,-1.3970,8.7340
G,231580162,0.002131,0.001065,-0.009587
A,231581039,-4.0223,-1.3862,8.7305
G,231582642,0.003196,0.000000,-0.008522
A,231583513,-4.0259,-1.3791,8.7305
G,231585153,0.005326,-0.001065,-0.005326
A,231585986,-4.0294,-1.3611,8.7340
G,231587649,0.004261,-0.001065,-0.001065
A,231588460,-4.0330,-1.3647,8.7340
G,231590139,0.002131,0.001065,0.001065
A,231590913,-4.0294,-1.3611,8.7412
TRK,231587,-0.38823,0.22350,-0.01722,-0.89389,-0.5572,0.3244,-0.3783,0.000,0.000,0.000,1,11
G,231592660,-0.001065,0.003196,0.000000
A,231593397,-4.0330,-1.3719,8.7484
G,231595156,-0.003196,0.005326,-0.001065
A,231595871,-4.0259,-1.3791,8.7520
G,231597652,-0.003196,0.003196,-0.002131
A,231598332,-4.0223,-1.3898,8.7484
G,231600148,-0.003196,0.001065,-0.003196
A,231600822,-4.0151,-1.3970,8.7484
G,231602622,-0.002131,-0.002131,-0.004261
A,231603296,-4.0115,-1.3970,8.7412
G,231605121,0.000000,-0.003196,-0.004261
A,231605759,-4.0151,-1.3970,8.7376
G,231607616,0.003196,-0.004261,-0.003196
A,231608247,-4.0187,-1.3934,8.7412
G,231610088,0.007457,-0.001065,-0.002131
A,231610721,-4.0294,-1.3934,8.7376
G,231612582,0.009587,0.001065,0.000000
A,231613181,-4.0330,-1.3898,8.7448
G,231615078,0.010653,0.002131,0.005326
TRK,231614,-0.38822,0.22349,-0.01727,-0.89389,-0.5572,0.3244,-0.3783,0.000,0.000,0.000,1,11
A,231615680,-4.0366,-1.3898,8.7484
G,231617560,0.008522,0.000000,0.008522
A,231618154,-4.0330,-1.3791,8.7556
G,231620066,0.005326,-0.003196,0.006392
A,231620626,-4.0294,-1.3755,8.7628
G,231622561,0.002131,-0.004261,0.003196
A,231623100,-4.0294,-1.3719,8.7628
G,231625048,0.002131,-0.004261,-0.002131
A,231625555,-4.0294,-1.3683,8.7664
G,231627544,0.002131,-0.001065,-0.003196
A,231628047,-4.0366,-1.3791,8.7628
G,231630017,0.002131,0.001065,-0.001065
A,231630521,-4.0438,-1.3862,8.7592
G,231632520,0.000000,0.003196,0.002131
A,231632993,-4.0510,-1.3934,8.7556
G,231635016,0.000000,0.004261,0.001065
A,231635467,-4.0474,-1.4042,8.7484
G,231637499,0.001065,0.005326,-0.002131
A,231637920,-4.0366,-1.4042,8.7448
G,231640013,0.003196,0.006392,0.000000
A,231640404,-4.0259,-1.4042,8.7448
G,231642508,0.005326,0.007457,0.002131
TRK,231638,-0.38820,0.22351,-0.01733,-0.89389,-0.5572,0.3244,-0.3783,0.000,0.000,0.000,1,11
A,231642899,-4.0151,-1.4042,8.7412
G,231644982,0.005326,0.006392,0.005326
A,231645373,-4.0115,-1.4006,8.7484
G,231647486,0.003196,0.005326,0.002131
A,231647848,-4.0079,-1.3970,8.7484
G,231649982,0.001065,0.005326,-0.001065
A,231650322,-4.0115,-1.3934,8.7520
G,231652466,0.000000,0.005326,-0.004261
A,231652777,-4.0115,-1.3970,8.7448
G,231654972,0.002131,0.004261,-0.006392
A,231655256,-4.0151,-1.3898,8.7448
G,231657467,0.003196,0.004261,-0.005326
TRK,231653,-0.38819,0.22357,-0.01736,-0.89388,-0.5572,0.3244,-0.3783,0.000,0.000,0.000,1,11
A,231657753,-4.0187,-1.3898,8.7412
G,231659942,0.004261,0.003196,-0.004261
A,231660228,-4.0223,-1.3827,8.7412
G,231662437,0.004261,0.003196,-0.001065
A,231662702,-4.0294,-1.3791,8.7376
G,231664912,0.005326,0.003196,0.001065
A,231665150,-4.0330,-1.3647,8.7340
G,231667408,0.006392,0.005326,0.001065
A,231667624,-4.0366,-1.3719,8.7269
G,231669884,0.007457,0.007457,0.003196
A,231670074,-4.0366,-1.3755,8.7269
TRK,231666,-0.38818,0.22361,-0.01739,-0.89388,-0.5572,0.3244,-0.3783,0.000,0.000,0.000,1,11
G,231672390,0.006392,0.010653,0.005326
A,231672556,-4.0330,-1.3898,8.7305
G,231674886,0.002131,0.008522,0.006392
A,231675030,-4.0294,-1.4006,8.7376
G,231677359,-0.002131,0.003196,0.003196
A,231677479,-4.0223,-1.4114,8.7412
G,231679865,-0.004261,0.000000,0.001065
A,231679961,-4.0187,-1.4078,8.7484
G,231682361,-0.004261,0.002131,-0.001065
A,231682435,-4.0151,-1.4042,8.7448
G,231684847,-0.002131,0.005326,-0.002131
A,231684899,-4.0223,-1.3970,8.7448
G,231687354,0.001065,0.006392,-0.005326
A,231687383,-4.0294,-1.3898,8.7376
G,231689850,0.002131,0.005326,-0.007457
A,231689857,-4.0366,-1.3898,8.7376
A,231692311,-4.0402,-1.3934,8.7448
G,231692324,0.004261,0.004261,-0.006392
TRK,231693,-0.38817,0.22372,-0.01741,-0.89385,-0.5572,0.3244,-0.3783,0.000,0.000,0.000,1,11
A,231694807,-4.0330,-1.3970,8.7448
G,231694842,0.006392,0.005326,-0.003196
A,231697281,-4.0223,-1.4006,8.7520
G,231697337,0.007457,0.006392,-0.001065
A,231699758,-4.0151,-1.4006,8.7556
G,231699834,0.005326,0.006392,-0.003196
A,231702255,-4.0043,-1.3970,8.7484
G,231702352,0.002131,0.004261,-0.004261
A,231704729,-4.0079,-1.3898,8.7448
G,231704847,0.000000,0.002131,-0.002131
A,231707217,-4.0079,-1.3791,8.7340
G,231707354,0.000000,0.001065,0.003196
A,231709691,-4.0187,-1.3647,8.7305
G,231709849,0.000000,0.002131,0.004261
A,231712160,-4.0223,-1.3539,8.7305
G,231712336,0.001065,0.003196,0.004261
A,231714657,-4.0223,-1.3431,8.7412
G,231714851,0.001065,0.005326,0.001065
A,231717131,-4.0187,-1.3396,8.7484
G,231717346,0.001065,0.003196,-0.001065
TRK,231713,-0.38816,0.22379,-0.01741,-0.89384,-0.5572,0.3244,-0.3783,0.000,0.000,0.000,1,11
A,231719590,-4.0115,-1.3467,8.7592
G,231719823,0.001065,0.001065,-0.002131
A,231722071,-4.0043,-1.3611,8.7592
G,231722320,0.001065,0.000000,-0.001065
A,231724545,-4.0007,-1.3755,8.7556
G,231724815,0.002131,0.001065,0.002131
A,231727016,-3.9971,-1.3898,8.7448
G,231727303,0.001065,0.003196,0.005326
A,231729490,-3.9971,-1.3934,8.7412
G,231729798,0.001065,0.003196,0.005326
A,231731957,-3.9971,-1.3862,8.7376
G,231732280,0.000000,0.003196,0.003196
A,231734452,-4.0007,-1.3791,8.7448
G,231734790,-0.001065,0.002131,0.000000
A,231736926,-4.0115,-1.3791,8.7412
G,231737286,-0.003196,0.001065,-0.004261
TRK,231733,-0.38816,0.22380,-0.01742,-0.89384,-0.5572,0.3244,-0.3783,0.000,0.000,0.000,1,11
A,231739390,-4.0223,-1.3827,8.7484
G,231739764,-0.003196,-0.001065,-0.004261
A,231741872,-4.0366,-1.3862,8.7484
G,231742260,-0.001065,0.000000,-0.002131
A,231744346,-4.0366,-1.3898,8.7484
G,231744779,0.002131,0.001065,0.001065
A,231746802,-4.0402,-1.3862,8.7556
G,231747274,0.005326,0.003196,0.003196
A,231749289,-4.0402,-1.3827,8.7628
G,231749773,0.009587,0.004261,0.004261
A,231751763,-4.0366,-1.3791,8.7664
G,231752268,0.010653,0.005326,0.006392
TRK,231747,-0.38816,0.22377,-0.01741,-0.89384,-0.5572,0.3244,-0.3783,0.000,0.000,0.000,1,11
A,231754250,-4.0330,-1.3755,8.7700
G,231754767,0.007457,0.004261,0.002131
A,231756724,-4.0330,-1.3683,8.7628
G,231757262,0.002131,0.002131,0.000000
A,231759212,-4.0330,-1.3611,8.7664
G,231759761,-0.001065,-0.003196,-0.004261
A,231761686,-4.0330,-1.3575,8.7664
G,231762256,0.000000,-0.004261,0.000000
A,231764150,-4.0294,-1.3539,8.7700
G,231764730,0.002131,-0.005326,0.003196
A,231766649,-4.0259,-1.3575,8.7664
G,231767239,0.004261,-0.003196,0.007457
A,231769124,-4.0294,-1.3647,8.7628
G,231769758,0.005326,-0.003196,0.003196
A,231771584,-4.0330,-1.3827,8.7520
G,231772254,0.005326,-0.002131,0.001065
A,231774058,-4.0402,-1.4006,8.7520
G,231774749,0.005326,0.001065,0.001065
A,231776519,-4.0366,-1.4150,8.7484
G,231777218,0.005326,0.004261,0.000000
TRK,231777,-0.38815,0.22369,-0.01751,-0.89387,-0.5572,0.3244,-0.3783,0.000,0.000,0.000,1,11
A,231779011,-4.0294,-1.4222,8.7556
G,231779718,0.005326,0.004261,0.002131
A,231781485,-4.0223,-1.4257,8.7592
G,231782226,0.007457,0.001065,-0.001065
A,231783937,-4.0187,-1.4222,8.7628
G,231784721,0.008522,0.000000,0.001065
A,231786411,-4.0187,-1.4257,8.7664
G,231787231,0.008522,0.000000,0.001065
A,231788865,-4.0259,-1.4222,8.7664
G,231789727,0.008522,0.002131,0.006392
A,231791351,-4.0223,-1.4150,8.7628
G,231792216,0.009587,0.003196,0.007457
A,231793825,-4.0259,-1.4078,8.7592
G,231794711,0.007457,0.002131,0.005326
A,231796311,-4.0187,-1.3970,8.7556
G,231797201,0.003196,-0.001065,-0.001065
A,231798785,-4.0223,-1.3934,8.7592
TRK,231798,-0.38814,0.22363,-0.01758,-0.89388,-0.5572,0.3244,-0.3783,0.000,0.000,0.000,1,11
G,231799721,0.000000,-0.002131,-0.004261
A,231801252,-4.0223,-1.3827,8.7628
G,231802216,-0.001065,-0.001065,-0.005326
A,231803742,-4.0259,-1.3791,8.7736
G,231804708,0.000000,0.001065,-0.004261
A,231806216,-4.0259,-1.3755,8.7807
G,231807204,0.000000,0.002131,-0.002131
A,231808694,-4.0294,-1.3791,8.7771
G,231809684,0.000000,0.002131,0.000000
A,231811168,-4.0330,-1.3827,8.7700
TRK,231810,-0.38814,0.22361,-0.01756,-0.89389,-0.5572,0.3244,-0.3783,0.000,0.000,0.000,1,11
G,231812194,0.002131,0.001065,-0.003196
A,231813627,-4.0330,-1.3934,8.7520
G,231814689,0.004261,0.001065,-0.005326
A,231816117,-4.0366,-1.3970,8.7448
G,231817180,0.004261,0.001065,-0.008522
A,231818591,-4.0330,-1.4042,8.7448
G,231819675,0.001065,0.002131,-0.006392
A,231821062,-4.0259,-1.4042,8.7520
G,231822145,-0.003196,0.003196,-0.003196
A,231823536,-4.0187,-1.4042,8.7592
G,231824647,-0.004261,0.004261,0.001065
A,231825988,-4.0079,-1.4006,8.7700
G,231827142,-0.003196,0.005326,0.003196
A,231828471,-4.0007,-1.3934,8.7736
G,231829623,-0.001065,0.005326,0.004261
A,231830945,-3.9971,-1.3827,8.7771
G,231832134,0.003196,0.004261,0.002131
A,231833408,-3.9971,-1.3791,8.7736
G,231834630,0.005326,0.004261,0.001065
A,231835903,-4.0007,-1.3719,8.7700
G,231837121,0.006392,0.002131,-0.002131
A,231838377,-4.0115,-1.3791,8.7628
TRK,231838,-0.38815,0.22363,-0.01751,-0.89388,-0.5572,0.3244,-0.3783,0.000,0.000,0.000,1,11
G,231839642,0.005326,0.003196,-0.001065
A,231840852,-4.0259,-1.3827,8.7592
G,231842138,0.004261,0.005326,-0.002131
A,231843326,-4.0402,-1.3898,8.7556
G,231844639,0.004261,0.007457,-0.003196
A,231845782,-4.0510,-1.3970,8.7664
G,231847134,0.004261,0.007457,-0.004261
A,231848256,-4.0474,-1.3970,8.7592
G,231849636,0.004261,0.006392,-0.001065
A,231850713,-4.0438,-1.4006,8.7592
G,231852159,0.005326,0.006392,0.002131
A,231853193,-4.0330,-1.3970,8.7484
G,231854654,0.005326,0.007457,0.005326
A,231855667,-4.0259,-1.3970,8.7448
TRK,231850,-0.38816,0.22364,-0.01750,-0.89388,-0.5572,0.3244,-0.3783,0.000,0.000,0.000,1,11
STAT,404.1,401.1,0,0,0,0.0247,0.295,0.1081,0.1435,-0.0819,9.7293,0.62,0.001
G,231857152,0.005326,0.008522,0.007457
A,231858124,-4.0223,-1.3934,8.7340
G,231859647,0.004261,0.008522,0.008522
A,231860598,-4.0151,-1.3934,8.7376
G,231862134,0.000000,0.006392,0.004261
A,231863043,-4.0115,-1.3898,8.7376
G,231864655,-0.003196,0.004261,-0.001065
A,231865526,-4.0079,-1.3898,8.7412
G,231867151,-0.003196,0.004261,-0.007457
A,231868000,-4.0079,-1.3898,8.7448
G,231869652,-0.001065,0.005326,-0.008522
A,231870462,-4.0187,-1.3862,8.7484
G,231872147,0.002131,0.007457,-0.004261
TRK,231871,-0.38816,0.22369,-0.01744,-0.89386,-0.5572,0.3244,-0.3783,0.000,0.000,0.000,1,11
A,231872955,-4.0259,-1.3791,8.7520
G,231874628,0.003196,0.006392,0.001065
A,231875429,-4.0223,-1.3755,8.7484
G,231877139,0.001065,0.002131,0.000000
A,231877903,-4.0187,-1.3683,8.7448
G,231879635,0.001065,0.001065,0.002131
A,231880402,-4.0115,-1.3683,8.7412
G,231882120,0.002131,0.001065,0.003196
A,231882876,-4.0079,-1.3683,8.7340
G,231884609,0.003196,0.001065,0.007457
A,231885329,-4.0151,-1.3719,8.7376
G,231887105,0.003196,0.000000,0.006392
A,231887825,-4.0115,-1.3791,8.7448
G,231889586,0.005326,0.001065,0.002131
A,231890299,-4.0187,-1.3862,8.7448
G,231892099,0.006392,0.003196,-0.001065
A,231892775,-4.0223,-1.3898,8.7556
G,231894594,0.005326,0.004261,-0.003196
A,231895270,-4.0259,-1.3934,8.7484
G,231897074,0.003196,0.004261,0.000000
A,231897744,-4.0294,-1.3934,8.7484
G,231899570,0.002131,0.006392,0.003196
TRK,231893,-0.38817,0.22366,-0.01742,-0.89387,-0.5572,0.3244,-0.3783,0.000,0.000,0.000,1,11
A,231900232,-4.0330,-1.3934,8.7448
G,231902042,0.002131,0.008522,0.004261
A,231902706,-4.0330,-1.3970,8.7412
G,231904545,0.001065,0.009587,0.002131
A,231905175,-4.0366,-1.3934,8.7412
G,231907041,-0.001065,0.008522,-0.001065
A,231907662,-4.0366,-1.3970,8.7376
G,231909512,-0.002131,0.005326,-0.006392
A,231910136,-4.0402,-1.3934,8.7412
TRK,231910,-0.38817,0.22369,-0.01742,-0.89386,-0.5572,0.3244,-0.3783,0.000,0.000,0.000,1,11
G,231912026,-0.002131,0.002131,-0.009587
A,231912616,-4.0330,-1.3934,8.7448
G,231914521,-0.002131,0.002131,-0.009587
A,231915090,-4.0294,-1.3898,8.7448
G,231917003,0.001065,0.003196,-0.005326
A,231917539,-4.0151,-1.3827,8.7448
G,231919499,0.003196,0.005326,-0.003196
A,231920013,-4.0079,-1.3827,8.7484
G,231921993,0.005326,0.006392,-0.003196
A,231922476,-4.0043,-1.3791,8.7412
G,231924488,0.005326,0.008522,-0.004261
A,231924950,-4.0043,-1.3827,8.7376
G,231926982,0.005326,0.008522,-0.003196
A,231927413,-4.0043,-1.3934,8.7376
G,231929478,0.005326,0.007457,-0.002131
A,231929904,-4.0115,-1.3970,8.7376
G,231931949,0.006392,0.004261,-0.002131
A,231932378,-4.0079,-1.4006,8.7448
TRK,231932,-0.38817,0.22371,-0.01741,-0.89385,-0.5572,0.3244,-0.3783,0.000,0.000,0.000,1,11
G,231934454,0.006392,0.002131,-0.003196
A,231934853,-4.0115,-1.4042,8.7484
G,231936949,0.005326,0.001065,-0.004261
A,231937348,-4.0151,-1.3970,8.7556
G,231939424,0.001065,0.001065,-0.004261
A,231939823,-4.0115,-1.3934,8.7592
G,231941940,-0.004261,0.000000,-0.004261
A,231942309,-4.0151,-1.3862,8.7628
G,231944435,-0.008522,-0.001065,-0.004261
A,231944783,-4.0115,-1.3683,8.7664
G,231946922,-0.009587,-0.001065,0.000000
A,231947241,-4.0115,-1.3683,8.7700
G,231949427,-0.006392,0.000000,0.002131
A,231949719,-4.0007,-1.3647,8.7628
G,231951923,-0.003196,0.002131,0.004261
A,231952193,-4.0007,-1.3755,8.7592
G,231954408,0.000000,0.003196,0.003196
A,231954652,-4.0007,-1.3827,8.7556
G,231956924,0.001065,0.004261,0.002131
A,231957141,-4.0043,-1.3827,8.7592
G,231959419,0.002131,0.005326,0.000000
A,231959615,-4.0187,-1.3898,8.7628
TRK,231955,-0.38818,0.22371,-0.01736,-0.89385,-0.5572,0.3244,-0.3783,0.000,0.000,0.000,1,11
G,231961915,0.004261,0.006392,-0.001065
A,231962085,-4.0294,-1.3898,8.7700
G,231964410,0.005326,0.007457,-0.002131
A,231964560,-4.0366,-1.3970,8.7664
G,231966881,0.005326,0.007457,0.001065
A,231967006,-4.0402,-1.4078,8.7664
G,231969383,0.004261,0.005326,0.003196
A,231969484,-4.0366,-1.4078,8.7592
G,231971878,0.003196,0.003196,0.008522
A,231971958,-4.0366,-1.4114,8.7520
TRK,231971,-0.38818,0.22369,-0.01739,-0.89386,-0.5572,0.3244,-0.3783,0.000,0.000,0.000,1,11
G,231974364,0.003196,0.001065,0.008522
A,231974421,-4.0330,-1.4006,8.7448
G,231976875,0.002131,0.000000,0.006392
A,231976910,-4.0294,-1.3898,8.7484
G,231979371,0.001065,0.001065,0.000000
A,231979384,-4.0294,-1.3791,8.7484
A,231981859,-4.0259,-1.3791,8.7592
G,231981868,-0.001065,0.001065,-0.005326
A,231984333,-4.0259,-1.3898,8.7556
G,231984363,-0.001065,0.002131,-0.008522
A,231986809,-4.0259,-1.3970,8.7520
G,231986860,-0.002131,0.002131,-0.008522
A,231989307,-4.0259,-1.4042,8.7520
G,231989378,-0.002131,0.004261,-0.005326
A,231991781,-4.0223,-1.3970,8.7448
G,231991874,-0.002131,0.004261,-0.002131
TRK,231992,-0.38819,0.22368,-0.01734,-0.89385,-0.5572,0.3244,-0.3783,0.000,0.000,0.000,1,11
A,231994268,-4.0151,-1.3862,8.7412
G,231994380,-0.001065,0.001065,0.000000
A,231996742,-4.0079,-1.3719,8.7412
G,231996876,0.000000,0.000000,0.002131
A,231999203,-4.0007,-1.3647,8.7376
G,231999355,0.002131,0.000000,0.002131
A,232001677,-3.9971,-1.3575,8.7376
G,232001872,0.004261,0.002131,0.001065
A,232004126,-4.0043,-1.3575,8.7448
G,232004368,0.005326,0.001065,-0.003196
A,232006626,-4.0079,-1.3575,8.7520
G,232006884,0.006392,0.002131,-0.004261
A,232009100,-4.0151,-1.3575,8.7628
G,232009380,0.006392,0.003196,-0.003196
A,232011573,-4.0187,-1.3647,8.7736
G,232011868,0.005326,0.005326,0.002131
A,232014047,-4.0330,-1.3719,8.7771
G,232014363,0.005326,0.007457,0.007457
TRK,232009,-0.38819,0.22365,-0.01734,-0.89386,-0.5572,0.3244,-0.3783,0.000,0.000,0.000,1,11
A,232016508,-4.0366,-1.3791,8.7771
G,232016840,0.005326,0.006392,0.010653
A,232018987,-4.0438,-1.3862,8.7700
G,232019333,0.006392,0.004261,0.009587
A,232021461,-4.0438,-1.3862,8.7592
G,232021851,0.006392,0.001065,0.005326
A,232023915,-4.0366,-1.3827,8.7484
G,232024347,0.006392,0.001065,0.004261
A,232026399,-4.0366,-1.3791,8.7412
G,232026844,0.004261,0.003196,0.005326
A,232028873,-4.0330,-1.3791,8.7412
G,232029339,0.002131,0.004261,0.006392
A,232031339,-4.0259,-1.3791,8.7412
G,232031816,0.000000,0.005326,0.005326
A,232033827,-4.0187,-1.3827,8.7484
G,232034316,-0.001065,0.004261,0.003196
A,232036301,-4.0115,-1.3898,8.7520
G,232036812,-0.001065,0.001065,-0.001065
TRK,232032,-0.38818,0.22360,-0.01742,-0.89388,-0.5572,0.3244,-0.3783,0.000,0.000,0.000,1,11
A,232038777,-4.0007,-1.3970,8.7592
G,232039299,-0.002131,-0.003196,-0.007457
A,232041251,-4.0007,-1.4006,8.7628
G,232041813,-0.003196,-0.006392,-0.011718
A,232043704,-4.0043,-1.4114,8.7664
G,232044308,-0.001065,-0.004261,-0.012783
A,232046194,-4.0079,-1.4150,8.7628
G,232046808,0.002131,0.001065,-0.007457
A,232048668,-4.0115,-1.4114,8.7628
G,232049303,0.004261,0.003196,-0.004261
A,232051158,-4.0151,-1.4042,8.7592
G,232051801,0.004261,0.004261,-0.002131
A,232053632,-4.0223,-1.3970,8.7592
G,232054296,0.000000,0.004261,-0.004261
TRK,232049,-0.38818,0.22356,-0.01740,-0.89389,-0.5572,0.3244,-0.3783,0.000,0.000,0.000,1,11
A,232056102,-4.0294,-1.3970,8.7520
G,232056774,-0.003196,0.004261,-0.006392
A,232058576,-4.0330,-1.3898,8.7448
G,232059283,-0.005326,0.005326,-0.004261
A,232061027,-4.0402,-1.3862,8.7376
G,232061778,-0.003196,0.004261,-0.002131
A,232063496,-4.0366,-1.3898,8.7376
G,232064254,0.001065,0.004261,0.002131
A,232065970,-4.0330,-1.3827,8.7376
G,232066772,0.005326,0.004261,0.003196
A,232068433,-4.0330,-1.3827,8.7412
G,232069268,0.006392,0.005326,0.006392
A,232070927,-4.0294,-1.3755,8.7448
G,232071766,0.006392,0.005326,0.009587
A,232073401,-4.0294,-1.3755,8.7448
G,232074262,0.006392,0.004261,0.007457
A,232075875,-4.0259,-1.3683,8.7484
G,232076740,0.005326,0.001065,0.002131
A,232078349,-4.0223,-1.3647,8.7556
TRK,232073,-0.38818,0.22359,-0.01742,-0.89388,-0.5572,0.3244,-0.3783,0.000,0.000,0.000,1,11
G,232079250,0.003196,-0.001065,-0.005326
A,232080805,-4.0223,-1.3719,8.7592
G,232081745,0.002131,-0.001065,-0.007457
A,232083291,-4.0223,-1.3755,8.7628
G,232084234,0.003196,0.001065,-0.005326
A,232085766,-4.0294,-1.3827,8.7592
G,232086730,0.004261,0.002131,-0.001065
A,232088233,-4.0223,-1.3898,8.7592
G,232089199,0.005326,0.002131,0.001065
A,232090707,-4.0151,-1.3970,8.7592
TRK,232090,-0.38817,0.22357,-0.01745,-0.89389,-0.5572,0.3244,-0.3783,0.000,0.000,0.000,1,11
G,232091719,0.007457,0.002131,0.001065
A,232093175,-4.0043,-1.3970,8.7592
G,232094214,0.009587,0.001065,-0.001065
A,232095665,-4.0007,-1.3934,8.7592
G,232096704,0.008522,-0.002131,-0.002131
A,232098139,-4.0043,-1.3970,8.7556
G,232099200,0.004261,-0.004261,-0.005326
A,232100615,-4.0043,-1.3934,8.7520
G,232101676,0.001065,-0.002131,-0.003196
A,232103089,-4.0079,-1.4006,8.7520
G,232104187,0.000000,0.002131,-0.002131
A,232105550,-4.0043,-1.4006,8.7484
G,232106682,-0.001065,0.005326,0.001065
A,232108033,-4.0007,-1.3898,8.7520
G,232109164,0.000000,0.004261,0.000000
A,232110507,-4.0043,-1.3898,8.7448
TRK,232110,-0.38817,0.22354,-0.01745,-0.89389,-0.5572,0.3244,-0.3783,0.000,0.000,0.000,1,11
G,232111684,0.001065,0.003196,-0.002131
A,232112979,-4.0079,-1.3934,8.7412
G,232114180,0.001065,0.003196,-0.003196
A,232115453,-4.0187,-1.3970,8.7376
G,232116674,0.001065,0.004261,-0.004261
A,232117901,-4.0259,-1.4042,8.7305
G,232119170,0.001065,0.002131,-0.003196
A,232120386,-4.0402,-1.4078,8.7269
G,232121650,0.001065,0.000000,-0.002131
A,232122860,-4.0438,-1.4042,8.7233
G,232124161,0.001065,-0.001065,0.000000
A,232125325,-4.0438,-1.3970,8.7233
G,232126657,0.001065,-0.001065,0.001065
A,232127821,-4.0402,-1.3827,8.7305
G,232129147,0.001065,-0.001065,0.002131
A,232130295,-4.0330,-1.3719,8.7448
G,232131643,0.001065,-0.001065,0.003196
TRK,232126,-0.38818,0.22355,-0.01741,-0.89389,-0.5572,0.3244,-0.3783,0.000,0.000,0.000,1,11
A,232132792,-4.0294,-1.3611,8.7628
G,232134134,0.000000,-0.002131,0.004261
A,232135266,-4.0259,-1.3611,8.7664
G,232136629,-0.001065,-0.002131,0.004261
A,232137743,-4.0223,-1.3683,8.7736
G,232139101,-0.003196,0.000000,0.000000
A,232140217,-4.0259,-1.3755,8.7664
G,232141595,-0.003196,0.002131,-0.003196
A,232142667,-4.0294,-1.3827,8.7628
G,232144090,-0.002131,0.003196,-0.002131
A,232145156,-4.0294,-1.3898,8.7592
G,232146572,-0.001065,0.004261,0.000000
A,232147630,-4.0259,-1.3934,8.7520
G,232149078,0.000000,0.004261,0.001065
A,232150094,-4.0294,-1.3970,8.7520
G,232151574,0.001065,0.004261,0.002131
A,232152568,-4.0259,-1.3970,8.7376
TRK,232147,-0.38819,0.22357,-0.01736,-0.89388,-0.5572,0.3244,-0.3783,0.000,0.000,0.000,1,11
G,232154086,0.003196,0.004261,0.002131
A,232155039,-4.0259,-1.3934,8.7412
G,232156581,0.004261,0.005326,0.002131
A,232157513,-4.0223,-1.3934,8.7412
G,232159074,0.004261,0.007457,-0.002131
A,232159966,-4.0223,-1.3934,8.7484
G,232161569,0.004261,0.007457,-0.005326
A,232162440,-4.0259,-1.4042,8.7592
G,232164058,0.002131,0.005326,-0.009587
A,232164890,-4.0294,-1.4114,8.7556
G,232166581,0.003196,0.003196,-0.007457
A,232167374,-4.0294,-1.4150,8.7448
G,232169076,0.003196,0.000000,-0.005326
A,232169869,-4.0294,-1.4150,8.7340
G,232171558,0.004261,-0.001065,0.000000
A,232172343,-4.0187,-1.4078,8.7269
G,232174054,0.005326,-0.002131,0.000000
A,232174839,-4.0043,-1.4042,8.7269
G,232176537,0.006392,-0.002131,0.001065
A,232177313,-4.0007,-1.4006,8.7305
TRK,232177,-0.38819,0.22362,-0.01737,-0.89387,-0.5572,0.3244,-0.3783,0.000,0.000,0.000,1,11
G,232179050,0.006392,-0.001065,0.002131
A,232179789,-4.0007,-1.3934,8.7376
G,232181545,0.005326,0.001065,0.003196
A,232182263,-4.0079,-1.3898,8.7412
G,232184038,0.005326,0.004261,0.001065
A,232184720,-4.0187,-1.3862,8.7448
G,232186549,0.004261,0.007457,-0.003196
A,232187196,-4.0294,-1.3898,8.7520
G,232189044,0.003196,0.011718,-0.002131
A,232189670,-4.0366,-1.3898,8.7556
TRK,232184,-0.38819,0.22362,-0.01736,-0.89387,-0.5572,0.3244,-0.3783,0.000,0.000,0.000,1,11
G,232191547,0.003196,0.012783,-0.001065
A,232192139,-4.0366,-1.3898,8.7556
G,232194043,0.002131,0.011718,0.000000
A,232194614,-4.0402,-1.3862,8.7628
G,232196525,0.001065,0.007457,-0.001065
A,232197063,-4.0366,-1.3719,8.7664
G,232199038,0.002131,0.004261,0.001065
A,232199544,-4.0294,-1.3683,8.7736
G,232201534,0.002131,0.003196,0.002131
A,232202018,-4.0259,-1.3683,8.7771
G,232204027,0.004261,0.004261,0.002131
A,232204480,-4.0223,-1.3719,8.7771
G,232206522,0.004261,0.004261,0.000000
A,232206973,-4.0223,-1.3791,8.7736
G,232208996,0.004261,0.003196,-0.001065
A,232209447,-4.0223,-1.3898,8.7736
G,232211492,0.004261,0.001065,-0.003196
A,232211913,-4.0259,-1.3970,8.7664
G,232213987,0.002131,-0.001065,-0.001065
A,232214387,-4.0294,-1.4006,8.7664
TRK,232209,-0.38818,0.22371,-0.01736,-0.89385,-0.5572,0.3244,-0.3783,0.000,0.000,0.000,1,11
G,232216471,0.000000,0.000000,0.002131
A,232216841,-4.0259,-1.4042,8.7628
G,232218967,-0.001065,0.000000,0.003196
A,232219315,-4.0223,-1.3970,8.7592
G,232221451,-0.002131,0.001065,0.000000
A,232221772,-4.0223,-1.3970,8.7520
G,232223955,-0.003196,-0.001065,-0.005326
A,232224248,-4.0187,-1.3898,8.7484
G,232226451,-0.003196,-0.003196,-0.010653
A,232226722,-4.0187,-1.3934,8.7412
G,232228945,-0.003196,-0.005326,-0.012783
A,232229190,-4.0223,-1.3934,8.7340
G,232231441,-0.001065,-0.003196,-0.008522
A,232231664,-4.0187,-1.4006,8.7269
G,232233914,0.002131,0.001065,-0.002131
A,232234112,-4.0187,-1.4006,8.7269
G,232236410,0.005326,0.006392,0.002131
TRK,232230,-0.38819,0.22371,-0.01730,-0.89385,-0.5572,0.3244,-0.3783,0.000,0.000,0.000,1,11
A,232236612,-4.0259,-1.3970,8.7269
G,232238885,0.007457,0.010653,0.004261
A,232239086,-4.0330,-1.3898,8.7376
G,232241380,0.007457,0.012783,0.005326
A,232241555,-4.0366,-1.3827,8.7448
G,232243876,0.005326,0.011718,0.003196
A,232244029,-4.0330,-1.3755,8.7520
G,232246351,0.002131,0.008522,-0.001065
A,232246481,-4.0259,-1.3719,8.7592
G,232248868,0.001065,0.006392,-0.003196
A,232248974,-4.0151,-1.3647,8.7592
G,232251364,0.002131,0.006392,-0.003196
A,232251448,-4.0151,-1.3647,8.7592
G,232253840,0.002131,0.005326,-0.006392
A,232253901,-4.0151,-1.3683,8.7556
G,232256347,0.001065,0.001065,-0.011718
A,232256386,-4.0115,-1.3755,8.7520
G,232258843,-0.001065,-0.002131,-0.011718
A,232258860,-4.0151,-1.3827,8.7520
A,232261320,-4.0115,-1.3898,8.7592
G,232261325,-0.001065,-0.001065,-0.005326
TRK,232258,-0.38819,0.22377,-0.01730,-0.89383,-0.5572,0.3244,-0.3783,0.000,0.000,0.000,1,11
A,232263817,-4.0151,-1.3898,8.7628
G,232263843,-0.001065,0.002131,0.002131
A,232266291,-4.0187,-1.3934,8.7628
G,232266338,-0.001065,0.004261,0.004261
A,232268768,-4.0187,-1.3934,8.7628
G,232268835,0.000000,0.004261,0.003196
A,232271242,-4.0151,-1.3862,8.7556
G,232271331,0.002131,0.004261,0.002131
A,232273699,-4.0187,-1.3862,8.7484
G,232273808,0.004261,0.003196,0.004261
A,232276188,-4.0151,-1.3862,8.7520
G,232276316,0.005326,0.002131,0.005326
A,232278662,-4.0151,-1.3862,8.7592
G,232278812,0.006392,0.002131,0.003196
TRK,232274,-0.38819,0.22376,-0.01731,-0.89384,-0.5572,0.3244,-0.3783,0.000,0.000,0.000,1,11
A,232281126,-4.0151,-1.3791,8.7700
G,232281294,0.007457,0.002131,0.003196
A,232283619,-4.0115,-1.3791,8.7771
G,232283805,0.007457,0.003196,0.003196
A,232286093,-4.0079,-1.3755,8.7700
G,232286301,0.006392,0.002131,0.002131
A,232288575,-4.0079,-1.3755,8.7700
G,232288799,0.004261,0.002131,0.001065
A,232291049,-4.0043,-1.3827,8.7628
G,232291295,0.002131,0.001065,0.001065
TRK,232286,-0.38818,0.22372,-0.01736,-0.89385,-0.5572,0.3244,-0.3783,0.000,0.000,0.000,1,11
A,232293530,-4.0079,-1.3862,8.7628
G,232293792,0.000000,0.002131,-0.002131
A,232296004,-4.0043,-1.3898,8.7592
G,232296288,-0.001065,0.003196,-0.005326
A,232298459,-4.0079,-1.4006,8.7520
G,232298758,-0.001065,0.002131,-0.008522
A,232300951,-4.0043,-1.4006,8.7484
G,232301266,0.001065,0.002131,-0.008522
A,232303425,-4.0151,-1.4078,8.7412
G,232303761,0.002131,0.001065,-0.009587
A,232305899,-4.0259,-1.4042,8.7448
G,232306250,0.002131,0.004261,-0.008522
A,232308373,-4.0438,-1.4042,8.7448
G,232308769,0.002131,0.008522,-0.003196
A,232310828,-4.0510,-1.4078,8.7484
G,232311264,0.002131,0.009587,0.001065
TRK,232311,-0.38819,0.22367,-0.01734,-0.89386,-0.5572,0.3244,-0.3783,0.000,0.000,0.000,1,11
A,232313314,-4.0582,-1.4042,8.7448
G,232313763,0.004261,0.009587,0.003196
A,232315788,-4.0510,-1.4006,8.7484
G,232316284,0.004261,0.007457,0.002131
A,232318247,-4.0438,-1.3934,8.7448
G,232318779,0.003196,0.007457,0.003196
A,232320742,-4.0294,-1.3827,8.7412
G,232321285,0.002131,0.007457,0.001065
A,232323217,-4.0187,-1.3755,8.7412
G,232323780,0.001065,0.005326,0.001065
A,232325695,-4.0115,-1.3719,8.7376
G,232326269,0.001065,0.001065,-0.001065
A,232328169,-4.0187,-1.3647,8.7376
G,232328787,0.001065,-0.002131,0.000000
A,232330627,-4.0259,-1.3683,8.7340
G,232331282,0.002131,-0.001065,0.000000
A,232333101,-4.0402,-1.3827,8.7412
TRK,232327,-0.38818,0.22368,-0.01736,-0.89386,-0.5572,0.3244,-0.3783,0.000,0.000,0.000,1,11
G,232333800,0.002131,0.001065,-0.001065
A,232335562,-4.0438,-1.3934,8.7448
G,232336296,0.002131,0.003196,-0.001065
A,232338053,-4.0402,-1.4150,8.7556
G,232338794,0.001065,0.005326,0.001065
A,232340527,-4.0366,-1.4186,8.7592
G,232341310,0.000000,0.004261,0.003196
A,232342987,-4.0294,-1.4150,8.7556
G,232343805,-0.001065,0.004261,0.004261
A,232345461,-4.0259,-1.4042,8.7484
G,232346313,-0.003196,0.003196,0.000000
A,232347915,-4.0187,-1.3898,8.7448
G,232348809,-0.002131,0.004261,-0.001065
A,232350392,-4.0151,-1.3719,8.7376
G,232351289,-0.001065,0.006392,0.000000
A,232352893,-4.0115,-1.3719,8.7376
G,232353794,0.001065,0.004261,-0.003196
A,232355367,-4.0151,-1.3683,8.7376
G,232356289,0.003196,0.003196,-0.003196
TRK,232355,-0.38818,0.22368,-0.01735,-0.89386,-0.5572,0.3244,-0.3783,0.000,0.000,0.000,1,11
A,232357842,-4.0187,-1.3791,8.7376
G,232358767,0.003196,0.001065,-0.006392
A,232360316,-4.0330,-1.3862,8.7448
G,232361276,0.004261,0.003196,-0.004261
A,232362773,-4.0366,-1.4006,8.7520
G,232363771,0.004261,0.005326,-0.002131
A,232365260,-4.0402,-1.4006,8.7664
G,232366260,0.004261,0.007457,-0.001065
A,232367734,-4.0402,-1.4042,8.7736
G,232368779,0.005326,0.007457,0.001065
A,232370202,-4.0402,-1.4006,8.7736
G,232371274,0.005326,0.005326,0.002131
TRK,232371,-0.38818,0.22370,-0.01736,-0.89385,-0.5572,0.3244,-0.3783,0.000,0.000,0.000,1,11
A,232372700,-4.0474,-1.3970,8.7700
G,232373773,0.004261,0.005326,0.003196
A,232375174,-4.0474,-1.3934,8.7628
G,232376268,0.002131,0.005326,0.002131
A,232377653,-4.0402,-1.3898,8.7556
G,232378747,0.000000,0.005326,0.000000
A,232380127,-4.0259,-1.3898,8.7520
G,232381256,-0.002131,0.004261,-0.001065
A,232382588,-4.0151,-1.3862,8.7520
G,232383751,-0.004261,0.002131,-0.002131
A,232385079,-4.0079,-1.3862,8.7520
G,232386240,-0.002131,0.002131,-0.002131
A,232387553,-4.0151,-1.3791,8.7520
G,232388760,0.002131,0.003196,0.000000
A,232390024,-4.0187,-1.3791,8.7556
G,232391255,0.004261,0.004261,0.000000
A,232392498,-4.0223,-1.3719,8.7484
G,232393751,0.004261,0.003196,0.000000
A,232394948,-4.0223,-1.3755,8.7520
G,232396246,0.003196,0.003196,0.001065
TRK,232391,-0.38818,0.22377,-0.01735,-0.89384,-0.5572,0.3244,-0.3783,0.000,0.000,0.000,1,11
A,232397431,-4.0151,-1.3683,8.7412
G,232398725,0.002131,0.004261,0.003196
A,232399906,-4.0187,-1.3647,8.7305
G,232401222,0.004261,0.007457,0.003196
A,232402357,-4.0187,-1.3575,8.7269
G,232403717,0.006392,0.008522,0.002131
A,232404839,-4.0223,-1.3539,8.7197
G,232406193,0.007457,0.006392,0.001065
A,232407313,-4.0223,-1.3503,8.7340
G,232408713,0.008522,0.003196,0.001065
A,232409789,-4.0187,-1.3503,8.7376
G,232411209,0.007457,0.001065,-0.001065
A,232412284,-4.0151,-1.3575,8.7448
G,232413697,0.004261,-0.001065,-0.002131
A,232414758,-4.0151,-1.3683,8.7484
G,232416192,0.000000,-0.002131,-0.005326
TRK,232410,-0.38816,0.22381,-0.01742,-0.89383,-0.5572,0.3244,-0.3783,0.000,0.000,0.000,1,11
A,232417245,-4.0187,-1.3755,8.7412
G,232418672,-0.002131,-0.002131,-0.003196
A,232419720,-4.0187,-1.3791,8.7412
G,232421167,-0.001065,-0.001065,-0.001065
A,232422208,-4.0223,-1.3827,8.7340
G,232423648,-0.002131,-0.002131,0.000000
A,232424682,-4.0223,-1.3791,8.7269
G,232426149,-0.004261,-0.002131,-0.003196
A,232427141,-4.0187,-1.3862,8.7233
G,232428645,-0.004261,0.000000,-0.003196
TRK,232428,-0.38816,0.22379,-0.01742,-0.89384,-0.5572,0.3244,-0.3783,0.000,0.000,0.000,1,11
A,232429641,-4.0151,-1.3934,8.7233
G,232431136,-0.001065,0.003196,-0.001065
A,232432115,-4.0151,-1.4006,8.7197
G,232433657,0.001065,0.005326,0.000000
A,232434595,-4.0151,-1.4042,8.7305
G,232436152,0.002131,0.004261,-0.003196
A,232437069,-4.0187,-1.4042,8.7340
G,232438654,0.002131,0.003196,-0.005326
A,232439530,-4.0223,-1.3970,8.7448
G,232441149,0.002131,0.003196,-0.006392
A,232442005,-4.0259,-1.3898,8.7520
G,232443643,0.000000,0.004261,-0.003196
A,232444461,-4.0187,-1.3827,8.7592
G,232446139,0.000000,0.003196,-0.002131
A,232446954,-4.0115,-1.3719,8.7700
G,232448620,0.000000,0.003196,0.002131
A,232449428,-4.0007,-1.3755,8.7700
G,232451131,0.001065,0.001065,0.002131
A,232451902,-3.9971,-1.3791,8.7700
G,232453627,0.002131,0.002131,0.003196
A,232454376,-3.9971,-1.3791,8.7664
TRK,232449,-0.38815,0.22380,-0.01746,-0.89384,-0.5572,0.3244,-0.3783,0.000,0.000,0.000,1,11
G,232456118,0.002131,0.003196,0.003196
A,232456831,-4.0043,-1.3898,8.7592
G,232458614,0.002131,0.005326,0.004261
A,232459317,-4.0079,-1.3934,8.7520
G,232461085,0.002131,0.004261,0.002131
A,232461791,-4.0115,-1.3898,8.7484
G,232463581,0.000000,0.003196,-0.002131
A,232464278,-4.0151,-1.3827,8.7484
G,232466053,-0.002131,0.003196,-0.007457
A,232466752,-4.0187,-1.3719,8.7448
G,232468556,-0.002131,0.004261,-0.009587
A,232469220,-4.0187,-1.3575,8.7484
G,232471052,0.000000,0.004261,-0.009587
TRK,232466,-0.38815,0.22377,-0.01748,-0.89385,-0.5572,0.3244,-0.3783,0.000,0.000,0.000,1,11
A,232471718,-4.0259,-1.3539,8.7520
G,232473535,0.000000,0.006392,-0.006392
A,232474192,-4.0223,-1.3611,8.7520
G,232476040,0.001065,0.006392,-0.002131
A,232476662,-4.0223,-1.3647,8.7520
G,232478535,0.000000,0.007457,0.001065
A,232479136,-4.0223,-1.3647,8.7520
G,232481024,0.000000,0.004261,0.000000
A,232481592,-4.0223,-1.3683,8.7520
G,232483519,0.000000,0.001065,-0.003196
A,232484066,-4.0223,-1.3647,8.7520
G,232486013,0.000000,-0.001065,-0.001065
A,232486527,-4.0223,-1.3683,8.7628
G,232488529,0.002131,-0.002131,0.004261
A,232489011,-4.0223,-1.3755,8.7664
G,232491024,0.003196,0.000000,0.008522
A,232491486,-4.0294,-1.3791,8.7700
TRK,232491,-0.38814,0.22369,-0.01754,-0.89387,-0.5572,0.3244,-0.3783,0.000,0.000,0.000,1,11
G,232493528,0.002131,0.000000,0.004261
A,232493958,-4.0330,-1.3827,8.7807
G,232496023,0.000000,0.001065,-0.001065
A,232496450,-4.0438,-1.3827,8.7736
G,232498495,-0.003196,0.002131,-0.003196
A,232498924,-4.0438,-1.3755,8.7664
G,232501006,-0.004261,0.003196,-0.002131
A,232501405,-4.0438,-1.3827,8.7592
G,232503501,-0.003196,0.003196,-0.002131
A,232503879,-4.0366,-1.3862,8.7556
G,232506015,-0.002131,0.004261,-0.003196
A,232506364,-4.0330,-1.4078,8.7484
G,232508510,0.001065,0.006392,-0.001065
A,232508838,-4.0259,-1.4078,8.7556
G,232511004,0.003196,0.005326,0.000000
A,232511304,-4.0223,-1.4078,8.7556
G,232513499,0.003196,0.003196,0.000000
A,232513797,-4.0187,-1.4006,8.7592
G,232515971,0.001065,0.001065,-0.002131
A,232516272,-4.0151,-1.3898,8.7592
TRK,232512,-0.38814,0.22365,-0.01756,-0.89388,-0.5572,0.3244,-0.3783,0.000,0.000,0.000,1,11
G,232518475,-0.001065,0.000000,-0.004261
A,232518749,-4.0151,-1.3791,8.7520
G,232520971,-0.002131,0.000000,-0.006392
A,232521223,-4.0151,-1.3827,8.7448
G,232523455,-0.003196,0.001065,-0.006392
A,232523681,-4.0223,-1.3862,8.7340
G,232525951,-0.003196,0.003196,-0.003196
A,232526155,-4.0259,-1.3898,8.7376
G,232528436,-0.004261,0.003196,-0.001065
A,232528615,-4.0366,-1.3898,8.7448
TRK,232529,-0.38815,0.22363,-0.01753,-0.89388,-0.5572,0.3244,-0.3783,0.000,0.000,0.000,1,11
G,232530951,-0.003196,0.003196,0.000000
A,232531105,-4.0366,-1.3898,8.7592
G,232533446,-0.003196,0.001065,-0.005326
A,232533579,-4.0294,-1.3827,8.7628
G,232535921,-0.002131,0.002131,-0.009587
A,232536030,-4.0259,-1.3791,8.7664
G,232538417,-0.002131,0.002131,-0.012783
A,232538504,-4.0151,-1.3755,8.7628
G,232540892,-0.002131,0.002131,-0.009587
A,232540956,-4.0079,-1.3827,8.7592
G,232543399,-0.002131,0.003196,-0.005326
A,232543440,-4.0007,-1.3862,8.7520
G,232545894,-0.001065,0.004261,-0.001065
A,232545914,-4.0007,-1.3898,8.7484
A,232548378,-4.0079,-1.3970,8.7448
G,232548380,0.001065,0.003196,0.002131
A,232550868,-4.0115,-1.3970,8.7412
G,232550891,0.003196,0.000000,0.000000
A,232553342,-4.0259,-1.4006,8.7412
G,232553387,0.003196,-0.001065,-0.001065
TRK,232549,-0.38816,0.22361,-0.01751,-0.89388,-0.5572,0.3244,-0.3783,0.000,0.000,0.000,1,11
A,232555818,-4.0330,-1.4078,8.7340
G,232555883,0.002131,0.001065,-0.005326
A,232558292,-4.0366,-1.4042,8.7340
G,232558378,0.001065,0.002131,-0.006392
A,232560744,-4.0402,-1.4006,8.7305
G,232560850,0.000000,0.002131,-0.007457
A,232563232,-4.0294,-1.3970,8.7376
G,232563357,0.001065,0.003196,-0.004261
A,232565706,-4.0259,-1.3898,8.7376
G,232565853,0.001065,0.005326,-0.001065
A,232568192,-4.0223,-1.3934,8.7412
G,232568357,0.002131,0.005326,-0.003196
A,232570666,-4.0223,-1.4006,8.7340
G,232570852,0.001065,0.003196,-0.006392
TRK,232566,-0.38816,0.22360,-0.01750,-0.89389,-0.5572,0.3244,-0.3783,0.000,0.000,0.000,1,11
A,232573135,-4.0223,-1.4042,8.7305
G,232573339,0.000000,0.001065,-0.010653
A,232575631,-4.0294,-1.4006,8.7340
G,232575852,-0.002131,0.000000,-0.011718
A,232578105,-4.0223,-1.3934,8.7305
G,232578348,-0.002131,0.000000,-0.009587
A,232580585,-4.0187,-1.3898,8.7412
G,232580845,-0.003196,0.000000,-0.006392
A,232583059,-4.0115,-1.3827,8.7412
G,232583340,-0.003196,0.001065,-0.003196
A,232585521,-4.0043,-1.3755,8.7484
G,232585817,-0.002131,0.001065,-0.004261
A,232587995,-4.0043,-1.3791,8.7556
G,232588337,-0.001065,-0.001065,-0.007457
A,232590449,-4.0115,-1.3791,8.7664
G,232590832,0.002131,-0.004261,-0.009587
TRK,232591,-0.38818,0.22364,-0.01740,-0.89387,-0.5572,0.3244,-0.3783,0.000,0.000,0.000,1,11
A,232592943,-4.0115,-1.3862,8.7736
G,232593339,0.003196,-0.004261,-0.007457
A,232595417,-4.0115,-1.3934,8.7771
G,232595835,0.004261,-0.001065,-0.003196
A,232597891,-4.0115,-1.3970,8.7771
G,232598322,0.003196,0.001065,-0.001065
A,232600383,-4.0079,-1.3934,8.7700
G,232600827,0.002131,0.002131,0.000000
A,232602857,-4.0115,-1.3970,8.7628
G,232603342,0.003196,0.004261,0.002131
A,232605311,-4.0115,-1.3898,8.7700
G,232605838,0.002131,0.005326,0.000000
A,232607787,-4.0187,-1.3862,8.7664
G,232608325,0.002131,0.006392,0.000000
A,232610261,-4.0151,-1.3791,8.7736
G,232610821,-0.001065,0.005326,-0.001065
A,232612738,-4.0115,-1.3755,8.7736
G,232613308,-0.004261,0.002131,-0.002131
A,232615213,-4.0043,-1.3719,8.7736
TRK,232614,-0.38819,0.22364,-0.01735,-0.89386,-0.5572,0.3244,-0.3783,0.000,0.000,0.000,1,11
G,232615826,-0.006392,0.000000,-0.004261
A,232617671,-3.9971,-1.3791,8.7664
G,232618321,-0.004261,-0.003196,-0.005326
A,232620160,-3.9971,-1.3862,8.7592
G,232620819,-0.002131,-0.005326,-0.005326
A,232622634,-4.0007,-1.3934,8.7484
G,232623314,0.000000,-0.005326,-0.006392
A,232625099,-4.0115,-1.3970,8.7448
G,232625787,0.000000,-0.005326,-0.009587
A,232627599,-4.0187,-1.4042,8.7376
G,232628295,0.001065,-0.002131,-0.011718
A,232630073,-4.0223,-1.4042,8.7412
G,232630790,0.002131,0.001065,-0.007457
A,232632553,-4.0223,-1.4006,8.7340
G,232633277,0.004261,0.006392,-0.002131
A,232635027,-4.0187,-1.3970,8.7305
G,232635773,0.005326,0.008522,0.004261
TRK,232630,-0.38821,0.22359,-0.01727,-0.89387,-0.5572,0.3244,-0.3783,0.000,0.000,0.000,1,11
A,232637509,-4.0151,-1.3862,8.7233
G,232638261,0.006392,0.009587,0.004261
A,232639983,-4.0151,-1.3791,8.7197
G,232640767,0.005326,0.007457,0.002131
A,232642433,-4.0223,-1.3827,8.7233
G,232643262,0.004261,0.003196,-0.003196
A,232644915,-4.0294,-1.3827,8.7305
G,232645749,0.003196,-0.001065,-0.008522
A,232647389,-4.0366,-1.3898,8.7448
G,232648244,0.004261,-0.003196,-0.011718
A,232649864,-4.0294,-1.3898,8.7556
G,232650723,0.004261,-0.004261,-0.009587
A,232652338,-4.0294,-1.3970,8.7592
G,232653232,0.002131,-0.001065,-0.004261
A,232654793,-4.0187,-1.4006,8.7556
G,232655727,0.000000,0.002131,0.000000
TRK,232655,-0.38822,0.22357,-0.01724,-0.89387,-0.5572,0.3244,-0.3783,0.000,0.000,0.000,1,11
A,232657279,-4.0115,-1.3970,8.7484
G,232658217,-0.001065,0.004261,0.004261
A,232659754,-4.0115,-1.4006,8.7412
G,232660732,-0.001065,0.004261,0.004261
A,232662216,-4.0079,-1.3934,8.7340
G,232663227,0.000000,0.002131,0.002131
A,232664691,-4.0115,-1.3970,8.7340
G,232665727,0.001065,0.001065,-0.001065
A,232667140,-4.0115,-1.3934,8.7376
G,232668222,0.002131,0.001065,-0.003196
A,232669637,-4.0115,-1.3898,8.7484
G,232670720,0.002131,0.002131,0.001065
A,232672111,-4.0115,-1.3898,8.7556
G,232673215,0.003196,0.002131,0.002131
TRK,232668,-0.38822,0.22356,-0.01722,-0.89387,-0.5572,0.3244,-0.3783,0.000,0.000,0.000,1,11
A,232674592,-4.0115,-1.3898,8.7700
G,232675695,0.003196,0.003196,0.004261
A,232677066,-4.0115,-1.3934,8.7700
G,232678201,0.001065,0.003196,0.000000
A,232679523,-4.0115,-1.3934,8.7771
G,232680697,0.001065,0.003196,-0.003196
A,232682015,-4.0115,-1.3934,8.7700
G,232683188,0.001065,0.003196,-0.006392
A,232684489,-4.0187,-1.3862,8.7628
G,232685708,0.004261,0.005326,-0.005326
A,232686961,-4.0223,-1.3827,8.7592
G,232688204,0.004261,0.004261,-0.002131
A,232689435,-4.0330,-1.3862,8.7448
G,232690704,0.004261,0.002131,-0.001065
A,232691888,-4.0330,-1.3827,8.7412
G,232693200,0.004261,0.002131,-0.003196
A,232694362,-4.0259,-1.3862,8.7233
TRK,232688,-0.38823,0.22353,-0.01720,-0.89388,-0.5572,0.3244,-0.3783,0.000,0.000,0.000,1,11
G,232695700,0.004261,0.001065,-0.004261
A,232696817,-4.0115,-1.3827,8.7197
G,232698196,0.004261,0.001065,-0.005326
A,232699303,-4.0007,-1.3898,8.7125
G,232700676,0.002131,0.000000,-0.005326
A,232701777,-3.9935,-1.3934,8.7197
G,232703176,0.000000,0.002131,-0.005326
A,232704232,-3.9971,-1.4042,8.7269
G,232705671,-0.001065,0.002131,-0.003196
A,232706730,-4.0007,-1.4006,8.7484
G,232708162,-0.001065,0.004261,0.001065
A,232709203,-4.0079,-1.3934,8.7592
G,232710671,0.001065,0.004261,0.006392
A,232711670,-4.0115,-1.3827,8.7736
G,232713167,0.003196,0.004261,0.006392
A,232714143,-4.0187,-1.3683,8.7736
TRK,232708,-0.38823,0.22351,-0.01718,-0.89388,-0.5572,0.3244,-0.3783,0.000,0.000,0.000,1,11
G,232715668,0.003196,0.003196,0.003196
A,232716603,-4.0187,-1.3575,8.7700
G,232718188,0.002131,0.001065,-0.002131
A,232719082,-4.0223,-1.3503,8.7664
G,232720684,0.000000,0.000000,-0.004261
A,232721556,-4.0187,-1.3503,8.7556
G,232723195,-0.001065,0.001065,-0.002131
A,232724027,-4.0187,-1.3539,8.7412
G,232725691,-0.001065,0.003196,0.001065
A,232726501,-4.0115,-1.3683,8.7340
G,232728180,-0.001065,0.003196,0.003196
A,232728952,-4.0079,-1.3827,8.7269
G,232730701,-0.001065,0.002131,0.000000
A,232731435,-4.0115,-1.3898,8.7233
G,232733197,0.001065,0.000000,-0.002131
A,232733909,-4.0115,-1.3934,8.7197
G,232735693,0.002131,0.000000,0.000000
A,232736369,-4.0151,-1.3862,8.7197
G,232738188,0.003196,0.001065,0.001065
TRK,232737,-0.38823,0.22351,-0.01719,-0.89388,-0.5572,0.3244,-0.3783,0.000,0.000,0.000,1,11
A,232738864,-4.0187,-1.3827,8.7161
G,232740669,0.003196,0.002131,0.002131
A,232741337,-4.0187,-1.3755,8.7161
G,232743180,0.002131,0.003196,-0.003196
A,232743813,-4.0151,-1.3755,8.7197
G,232745676,0.001065,0.003196,-0.004261
A,232746287,-4.0151,-1.3827,8.7340
G,232748167,0.000000,0.003196,-0.006392
A,232748744,-4.0223,-1.3862,8.7376
G,232750663,0.000000,0.003196,-0.003196
A,232751217,-4.0330,-1.3970,8.7484
TRK,232745,-0.38823,0.22351,-0.01721,-0.89388,-0.5572,0.3244,-0.3783,0.000,0.000,0.000,1,11
G,232753154,0.000000,0.002131,0.000000
A,232753675,-4.0438,-1.4006,8.7520
G,232755649,0.000000,0.002131,0.002131
A,232756163,-4.0438,-1.4078,8.7448
G,232758120,0.002131,0.004261,0.005326
A,232758637,-4.0366,-1.4078,8.7412
G,232760622,0.003196,0.007457,0.005326
A,232761107,-4.0259,-1.4114,8.7340
G,232763118,0.002131,0.005326,0.002131
A,232763607,-4.0115,-1.4114,8.7376
G,232765600,0.001065,0.002131,-0.002131
A,232766081,-4.0043,-1.4078,8.7412
G,232768113,0.000000,-0.002131,-0.002131
A,232768562,-4.0007,-1.3970,8.7448
G,232770608,-0.001065,-0.002131,-0.002131
A,232771035,-4.0043,-1.3827,8.7520
G,232773095,-0.001065,-0.003196,-0.003196
A,232773491,-4.0151,-1.3755,8.7448
TRK,232774,-0.38822,0.22352,-0.01723,-0.89388,-0.5572,0.3244,-0.3783,0.000,0.000,0.000,1,11
G,232775617,0.002131,0.000000,-0.001065
A,232775984,-4.0259,-1.3755,8.7412
G,232778113,0.003196,0.000000,0.001065
A,232778457,-4.0294,-1.3862,8.7412
G,232780612,0.004261,0.000000,0.004261
A,232780927,-4.0294,-1.4006,8.7305
G,232783108,0.003196,-0.001065,0.003196
A,232783401,-4.0223,-1.4114,8.7269
G,232785590,0.002131,0.000000,0.003196
A,232785856,-4.0151,-1.4222,8.7269
G,232788103,0.003196,0.002131,0.002131
A,232788341,-4.0223,-1.4257,8.7161
G,232790599,0.004261,0.003196,-0.001065
A,232790815,-4.0259,-1.4257,8.7125
TRK,232786,-0.38822,0.22352,-0.01725,-0.89388,-0.5572,0.3244,-0.3783,0.000,0.000,0.000,1,11
G,232793091,0.006392,0.004261,-0.002131
A,232793281,-4.0330,-1.4222,8.7161
G,232795609,0.007457,0.003196,-0.003196
A,232795773,-4.0402,-1.4114,8.7125
G,232798104,0.005326,0.003196,-0.002131
A,232798246,-4.0438,-1.3970,8.7233
G,232800607,0.003196,0.002131,-0.002131
A,232800724,-4.0438,-1.3827,8.7269
G,232803103,0.002131,-0.001065,-0.004261
A,232803198,-4.0366,-1.3719,8.7340
G,232805605,0.002131,0.001065,-0.004261
A,232805676,-4.0259,-1.3719,8.7412
G,232808101,0.003196,0.003196,-0.003196
A,232808150,-4.0187,-1.3719,8.7448
G,232810583,0.003196,0.005326,-0.003196
A,232810609,-4.0187,-1.3755,8.7448
G,232813079,0.003196,0.004261,-0.006392
A,232813083,-4.0223,-1.3755,8.7376
TRK,232807,-0.38821,0.22359,-0.01726,-0.89387,-0.5572,0.3244,-0.3783,0.000,0.000,0.000,1,11
A,232815544,-4.0294,-1.3755,8.7376
G,232815562,0.002131,0.002131,-0.007457
A,232818035,-4.0330,-1.3791,8.7376
G,232818075,0.000000,0.001065,-0.008522
A,232820509,-4.0366,-1.3791,8.7448
G,232820571,-0.002131,0.002131,-0.005326
A,232822981,-4.0366,-1.3934,8.7412
G,232823064,-0.001065,0.001065,-0.003196
A,232825455,-4.0366,-1.3934,8.7340
G,232825560,0.000000,0.002131,0.001065
A,232827928,-4.0330,-1.4006,8.7269
G,232828053,0.002131,0.001065,-0.001065
A,232830402,-4.0366,-1.3970,8.7197
G,232830549,0.003196,0.000000,-0.004261
TRK,232830,-0.38820,0.22371,-0.01724,-0.89384,-0.5572,0.3244,-0.3783,0.000,0.000,0.000,1,11
A,232832876,-4.0294,-1.3970,8.7233
G,232833042,0.004261,-0.001065,-0.006392
A,232835373,-4.0259,-1.3934,8.7305
G,232835557,0.004261,-0.002131,-0.005326
A,232837847,-4.0223,-1.3934,8.7448
G,232838053,0.003196,-0.003196,-0.004261
A,232840328,-4.0187,-1.3970,8.7520
G,232840552,0.002131,-0.003196,-0.002131
A,232842801,-4.0187,-1.3934,8.7592
G,232843048,0.002131,-0.002131,-0.002131
A,232845268,-4.0259,-1.3898,8.7628
G,232845531,0.000000,-0.001065,-0.004261
A,232847764,-4.0294,-1.3791,8.7592
G,232848045,0.000000,0.002131,-0.003196
A,232850238,-4.0259,-1.3719,8.7628
G,232850541,0.001065,0.004261,-0.003196
A,232852716,-4.0223,-1.3719,8.7556
G,232853034,0.002131,0.005326,-0.002131
A,232855190,-4.0223,-1.3791,8.7484
G,232855530,0.001065,0.004261,-0.003196
A,232857647,-4.0259,-1.3898,8.7376
G,232858003,0.001065,0.004261,-0.005326
TRK,232850,-0.38820,0.22379,-0.01721,-0.89382,-0.5572,0.3244,-0.3783,0.000,0.000,0.000,1,11
STAT,404.4,400.4,0,0,0,0.0233,0.199,0.1015,0.1480,-0.0803,9.7255,0.62,0.001
A,232860136,-4.0294,-1.3934,8.7340
G,232860507,0.001065,0.005326,-0.003196
A,232862610,-4.0330,-1.3970,8.7305
G,232863003,0.002131,0.005326,-0.002131
A,232865080,-4.0223,-1.4006,8.7448
G,232865487,0.002131,0.004261,0.000000
A,232867554,-4.0223,-1.3934,8.7520
G,232867983,0.002131,0.001065,0.001065
A,232870020,-4.0187,-1.3934,8.7556
G,232870462,0.003196,-0.002131,0.000000
A,232872522,-4.0259,-1.3862,8.7628
G,232872977,0.004261,-0.004261,-0.001065
A,232874995,-4.0366,-1.3862,8.7628
G,232875473,0.005326,-0.002131,0.000000
A,232877458,-4.0402,-1.3898,8.7628
G,232877948,0.004261,0.002131,0.004261
TRK,232874,-0.38819,0.22388,-0.01723,-0.89380,-0.5572,0.3244,-0.3783,0.000,0.000,0.000,1,11
A,232879951,-4.0366,-1.3898,8.7628
G,232880453,0.003196,0.005326,0.004261
A,232882425,-4.0330,-1.3898,8.7592
G,232882949,0.001065,0.005326,0.001065
A,232884898,-4.0223,-1.3898,8.7628
G,232885434,0.000000,0.002131,-0.005326
A,232887372,-4.0187,-1.3862,8.7628
G,232887950,0.000000,0.000000,-0.007457
A,232889827,-4.0187,-1.3827,8.7664
G,232890446,0.001065,0.000000,-0.009587
A,232892301,-4.0223,-1.3755,8.7592
G,232892957,0.001065,0.005326,-0.004261
A,232894753,-4.0259,-1.3755,8.7556
G,232895453,0.001065,0.008522,-0.002131
A,232897226,-4.0223,-1.3755,8.7520
TRK,232891,-0.38819,0.22393,-0.01726,-0.89380,-0.5572,0.3244,-0.3783,0.000,0.000,0.000,1,11
G,232897968,0.001065,0.008522,0.000000
A,232899684,-4.0223,-1.3755,8.7592
G,232900464,0.001065,0.006392,-0.002131
A,232902173,-4.0187,-1.3827,8.7664
G,232902959,0.001065,0.003196,-0.004261
A,232904646,-4.0151,-1.3755,8.7736
G,232905475,0.002131,0.002131,-0.003196
A,232907107,-4.0151,-1.3755,8.7771
G,232907970,0.001065,0.000000,-0.004261
TRK,232903,-0.38818,0.22395,-0.01729,-0.89379,-0.5572,0.3244,-0.3783,0.000,0.000,0.000,1,11
A,232909607,-4.0151,-1.3683,8.7700
G,232910475,0.001065,0.000000,-0.004261
A,232912081,-4.0151,-1.3611,8.7628
G,232912971,0.001065,0.000000,-0.006392
A,232914557,-4.0223,-1.3683,8.7448
G,232915452,0.001065,0.000000,-0.008522
A,232917031,-4.0187,-1.3755,8.7376
G,232917962,0.001065,0.000000,-0.010653
A,232919488,-4.0187,-1.3934,8.7305
G,232920458,0.000000,-0.001065,-0.012783
A,232921980,-4.0187,-1.4006,8.7305
G,232922953,-0.002131,-0.002131,-0.012783
A,232924454,-4.0187,-1.4006,8.7448
G,232925449,-0.004261,-0.002131,-0.010653
A,232926925,-4.0223,-1.3970,8.7592
G,232927922,-0.005326,-0.001065,-0.006392
A,232929399,-4.0259,-1.3934,8.7771
G,232930418,-0.004261,-0.001065,-0.002131
TRK,232924,-0.38818,0.22389,-0.01728,-0.89380,-0.5572,0.3244,-0.3783,0.000,0.000,0.000,1,11
A,232931873,-4.0330,-1.3970,8.7771
G,232932894,-0.001065,0.000000,0.001065
A,232934347,-4.0366,-1.4006,8.7771
G,232935390,0.001065,0.002131,0.005326
A,232936822,-4.0402,-1.4078,8.7592
G,232937867,0.003196,0.003196,0.006392
A,232939318,-4.0330,-1.4078,8.7448
G,232940363,0.003196,0.003196,0.003196
A,232941791,-4.0259,-1.4042,8.7376
G,232942859,0.002131,0.001065,-0.003196
A,232944278,-4.0115,-1.3934,8.7305
G,232945346,0.000000,0.002131,-0.003196
A,232946752,-4.0043,-1.3791,8.7305
G,232947859,0.001065,0.005326,-0.001065
A,232949214,-4.0079,-1.3647,8.7305
G,232950354,0.003196,0.008522,0.002131
TRK,232946,-0.38818,0.22384,-0.01731,-0.89382,-0.5572,0.3244,-0.3783,0.000,0.000,0.000,1,11
A,232951712,-4.0079,-1.3683,8.7340
G,232952852,0.005326,0.008522,0.000000
A,232954186,-4.0187,-1.3683,8.7484
G,232955347,0.005326,0.007457,-0.002131
A,232956664,-4.0223,-1.3791,8.7520
G,232957825,0.004261,0.005326,-0.002131
A,232959138,-4.0223,-1.3791,8.7556
G,232960326,0.004261,0.003196,-0.002131
A,232961592,-4.0259,-1.3791,8.7484
G,232962822,0.006392,0.002131,0.000000
A,232964082,-4.0259,-1.3755,8.7412
G,232965310,0.007457,0.003196,0.001065
A,232966556,-4.0294,-1.3755,8.7376
G,232967823,0.005326,0.005326,0.001065
A,232969022,-4.0294,-1.3755,8.7376
G,232970319,0.001065,0.005326,-0.001065
A,232971495,-4.0294,-1.3791,8.7484
G,232972816,-0.004261,0.004261,-0.003196
A,232973947,-4.0330,-1.3862,8.7484
G,232975312,-0.005326,0.004261,-0.003196
TRK,232970,-0.38817,0.22380,-0.01739,-0.89383,-0.5572,0.3244,-0.3783,0.000,0.000,0.000,1,11
A,232976430,-4.0366,-1.4006,8.7520
G,232977790,-0.005326,0.005326,0.000000
A,232978904,-4.0366,-1.4042,8.7520
G,232980298,-0.003196,0.004261,0.004261
A,232981368,-4.0330,-1.4150,8.7556
G,232982794,-0.001065,0.002131,0.004261
A,232983863,-4.0294,-1.4114,8.7592
G,232985282,0.002131,-0.001065,0.003196
A,232986337,-4.0223,-1.4006,8.7628
G,232987801,0.003196,0.000000,0.000000
A,232988813,-4.0223,-1.3970,8.7628
G,232990297,0.004261,0.000000,-0.003196
A,232991286,-4.0187,-1.3862,8.7628
TRK,232986,-0.38817,0.22379,-0.01739,-0.89383,-0.5572,0.3244,-0.3783,0.000,0.000,0.000,1,11
G,232992795,0.003196,0.000000,-0.003196
A,232993743,-4.0294,-1.3898,8.7592
G,232995291,0.004261,0.000000,-0.002131
A,232996228,-4.0330,-1.3827,8.7520
G,232997767,0.006392,0.002131,-0.001065
A,232998702,-4.0402,-1.3827,8.7484
G,233000277,0.006392,0.003196,0.001065
A,233001170,-4.0366,-1.3791,8.7412
G,233002773,0.005326,0.003196,0.000000
A,233003644,-4.0366,-1.3719,8.7448
G,233005269,0.003196,0.002131,-0.001065
A,233006101,-4.0223,-1.3719,8.7412
G,233007787,0.000000,0.001065,-0.005326
A,233008581,-4.0151,-1.3719,8.7484
G,233010283,-0.003196,0.001065,-0.008522
A,233011055,-4.0079,-1.3827,8.7484
G,233012782,-0.003196,0.003196,-0.006392
A,233013516,-4.0007,-1.3970,8.7448
G,233015278,-0.001065,0.006392,-0.002131
TRK,233014,-0.38817,0.22378,-0.01740,-0.89384,-0.5572,0.3244,-0.3783,0.000,0.000,0.000,1,11
A,233016008,-4.0043,-1.4042,8.7484
G,233017756,0.002131,0.007457,0.001065
A,233018482,-4.0115,-1.4114,8.7376
G,233020266,0.003196,0.006392,-0.001065
A,233020954,-4.0151,-1.4114,8.7305
G,233022762,0.003196,0.005326,-0.003196
A,233023428,-4.0151,-1.4006,8.7305
G,233025249,0.001065,0.003196,-0.005326
A,233025880,-4.0151,-1.3898,8.7412
G,233027745,0.000000,0.003196,-0.004261
A,233028354,-4.0151,-1.3755,8.7592
G,233030234,0.001065,0.005326,-0.002131
A,233030809,-4.0151,-1.3683,8.7807
G,233032730,0.003196,0.008522,0.002131
A,233033295,-4.0223,-1.3647,8.7915
G,233035200,0.004261,0.009587,0.002131
A,233035799,-4.0294,-1.3647,8.7879
G,233037687,0.004261,0.007457,0.001065
A,233038273,-4.0402,-1.3683,8.7736
TRK,233034,-0.38816,0.22381,-0.01740,-0.89383,-0.5572,0.3244,-0.3783,0.000,0.000,0.000,1,11
G,233040198,0.004261,0.005326,0.000000
A,233040749,-4.0438,-1.3683,8.7592
G,233042694,0.005326,0.003196,0.002131
A,233043223,-4.0474,-1.3719,8.7484
G,233045184,0.007457,0.002131,0.002131
A,233045681,-4.0510,-1.3719,8.7448
G,233047680,0.007457,0.001065,0.001065
A,233048155,-4.0438,-1.3683,8.7484
G,233050171,0.005326,-0.001065,-0.002131
A,233050614,-4.0402,-1.3683,8.7556
TRK,233051,-0.38815,0.22378,-0.01746,-0.89384,-0.5572,0.3244,-0.3783,0.000,0.000,0.000,1,11
G,233052692,0.001065,-0.002131,-0.002131
A,233053104,-4.0366,-1.3683,8.7592
G,233055188,-0.001065,-0.003196,0.000000
A,233055578,-4.0223,-1.3719,8.7556
G,233057668,-0.002131,-0.001065,0.002131
A,233058029,-4.0115,-1.3791,8.7520
G,233060164,-0.003196,0.001065,0.000000
A,233060502,-3.9971,-1.3934,8.7448
G,233062645,-0.003196,0.001065,-0.003196
A,233062955,-3.9935,-1.4042,8.7484
G,233065157,-0.002131,0.001065,-0.005326
A,233065438,-3.9935,-1.4078,8.7448
G,233067653,0.001065,0.002131,-0.003196
A,233067912,-3.9971,-1.4078,8.7412
G,233070144,0.002131,0.003196,-0.001065
A,233070376,-4.0043,-1.3970,8.7305
G,233072640,0.002131,0.002131,0.000000
A,233072867,-4.0151,-1.3862,8.7269
G,233075107,0.001065,0.001065,-0.001065
A,233075341,-4.0294,-1.3755,8.7269
G,233077609,0.002131,0.000000,-0.004261
A,233077816,-4.0438,-1.3647,8.7412
G,233080105,0.003196,0.002131,-0.006392
A,233080290,-4.0582,-1.3575,8.7556
TRK,233075,-0.38816,0.22376,-0.01745,-0.89385,-0.5572,0.3244,-0.3783,0.000,0.000,0.000,1,11
G,233082588,0.003196,0.004261,-0.005326
A,233082746,-4.0618,-1.3611,8.7664
G,233085100,0.002131,0.006392,-0.002131
A,233085234,-4.0582,-1.3647,8.7700
G,233087596,0.000000,0.004261,-0.004261
A,233087708,-4.0510,-1.3862,8.7700
G,233090084,-0.002131,0.001065,-0.006392
A,233090172,-4.0402,-1.3934,8.7628
G,233092580,-0.005326,0.001065,-0.005326
A,233092645,-4.0330,-1.3970,8.7520
TRK,233092,-0.38815,0.22375,-0.01746,-0.89385,-0.5572,0.3244,-0.3783,0.000,0.000,0.000,1,11
G,233095073,-0.007457,0.003196,-0.002131
A,233095115,-4.0366,-1.3934,8.7376
G,233097590,-0.007457,0.003196,-0.001065
A,233097609,-4.0330,-1.3862,8.7305
A,233100083,-4.0330,-1.3755,8.7197
G,233100086,-0.007457,0.001065,-0.003196
A,233102560,-4.0330,-1.3683,8.7161
G,233102585,-0.006392,-0.001065,-0.003196
A,233105034,-4.0294,-1.3647,8.7125
G,233105081,-0.005326,-0.003196,-0.004261
A,233107495,-4.0223,-1.3647,8.7125
G,233107564,-0.005326,-0.003196,-0.003196
A,233109988,-4.0151,-1.3719,8.7197
G,233110077,-0.003196,-0.002131,-0.003196
A,233112462,-4.0007,-1.3862,8.7305
G,233112572,0.000000,0.001065,0.000000
A,233114935,-3.9935,-1.3970,8.7376
G,233115065,0.003196,0.004261,0.003196
TRK,233116,-0.38815,0.22376,-0.01746,-0.89385,-0.5572,0.3244,-0.3783,0.000,0.000,0.000,1,11
A,233117438,-3.9792,-1.4078,8.7484
G,233117588,0.005326,0.008522,0.006392
A,233119912,-3.9828,-1.4078,8.7556
G,233120084,0.006392,0.008522,0.006392
A,233122372,-3.9863,-1.4006,8.7592
G,233122562,0.006392,0.008522,0.003196
A,233124846,-4.0043,-1.3970,8.7628
G,233125058,0.005326,0.004261,-0.003196
A,233127311,-4.0187,-1.3862,8.7700
G,233127542,0.004261,0.001065,-0.006392
TRK,233128,-0.38814,0.22376,-0.01752,-0.89385,-0.5572,0.3244,-0.3783,0.000,0.000,0.000,1,11
A,233129807,-4.0294,-1.3898,8.7628
G,233130055,0.002131,-0.002131,-0.007457
A,233132281,-4.0402,-1.3898,8.7664
G,233132551,-0.001065,-0.001065,-0.007457
A,233134751,-4.0510,-1.3970,8.7556
G,233135038,-0.005326,-0.001065,-0.009587
A,233137225,-4.0510,-1.4078,8.7556
G,233137555,-0.006392,0.002131,-0.009587
A,233139676,-4.0438,-1.4150,8.7520
G,233140051,-0.006392,0.004261,-0.008522
A,233142165,-4.0294,-1.4186,8.7484
G,233142554,-0.004261,0.005326,-0.004261
A,233144639,-4.0223,-1.4150,8.7520
G,233145050,-0.001065,0.004261,-0.004261
A,233147108,-4.0079,-1.4150,8.7484
G,233147533,0.002131,0.002131,-0.004261
A,233149582,-4.0187,-1.4114,8.7520
G,233150029,0.004261,0.002131,-0.005326
TRK,233144,-0.38815,0.22378,-0.01748,-0.89384,-0.5572,0.3244,-0.3783,0.000,0.000,0.000,1,11
A,233152053,-4.0223,-1.4006,8.7520
G,233152513,0.005326,0.001065,-0.004261
A,233154526,-4.0294,-1.3934,8.7520
G,233155008,0.004261,0.002131,-0.002131
A,233156998,-4.0366,-1.3862,8.7556
G,233157493,0.004261,0.001065,-0.002131
A,233159491,-4.0438,-1.3862,8.7592
G,233159997,0.004261,0.001065,-0.002131
A,233161964,-4.0438,-1.3898,8.7628
G,233162493,0.006392,0.001065,-0.002131
A,233164447,-4.0438,-1.3934,8.7592
G,233164987,0.005326,0.003196,-0.002131
A,233166921,-4.0438,-1.3898,8.7556
G,233167483,0.005326,0.005326,0.001065
A,233169385,-4.0402,-1.3791,8.7448
G,233169958,0.002131,0.006392,0.006392
A,233171878,-4.0366,-1.3683,8.7340
G,233172462,-0.001065,0.005326,0.009587
A,233174352,-4.0294,-1.3575,8.7269
G,233174958,-0.004261,0.002131,0.007457
TRK,233170,-0.38815,0.22380,-0.01747,-0.89384,-0.5572,0.3244,-0.3783,0.000,0.000,0.000,1,11
A,233176827,-4.0259,-1.3539,8.7233
G,233177443,-0.004261,-0.001065,0.002131
A,233179301,-4.0223,-1.3575,8.7269
G,233179958,-0.003196,-0.002131,0.000000
A,233181757,-4.0259,-1.3611,8.7305
G,233182454,-0.002131,-0.003196,0.000000
A,233184242,-4.0294,-1.3683,8.7376
G,233184947,-0.001065,-0.003196,-0.002131
A,233186716,-4.0294,-1.3719,8.7340
G,233187443,-0.001065,-0.001065,-0.004261
A,233189184,-4.0259,-1.3755,8.7305
G,233189919,-0.002131,0.002131,-0.007457
TRK,233190,-0.38815,0.22383,-0.01743,-0.89383,-0.5572,0.3244,-0.3783,0.000,0.000,0.000,1,11
A,233191683,-4.0151,-1.3755,8.7305
G,233192424,-0.003196,0.002131,-0.008522
A,233194157,-4.0115,-1.3755,8.7305
G,233194920,-0.002131,0.003196,-0.006392
A,233196633,-4.0115,-1.3791,8.7305
G,233197404,0.001065,0.005326,-0.005326
A,233199107,-4.0115,-1.3791,8.7376
G,233199900,0.003196,0.008522,-0.004261
A,233201587,-4.0115,-1.3791,8.7376
G,233202386,0.005326,0.008522,-0.002131
A,233204061,-4.0115,-1.3791,8.7376
G,233204903,0.005326,0.008522,0.003196
A,233206522,-4.0151,-1.3791,8.7305
G,233207399,0.005326,0.006392,0.005326
A,233209014,-4.0187,-1.3827,8.7269
G,233209895,0.005326,0.004261,0.006392
A,233211488,-4.0223,-1.3862,8.7269
G,233212391,0.005326,0.000000,0.001065
A,233213955,-4.0187,-1.3862,8.7305
G,233214862,0.004261,-0.002131,-0.005326
A,233216429,-4.0151,-1.3862,8.7376
G,233217358,0.001065,-0.002131,-0.010653
TRK,233211,-0.38815,0.22386,-0.01746,-0.89383,-0.5572,0.3244,-0.3783,0.000,0.000,0.000,1,11
A,233218902,-4.0115,-1.3791,8.7484
G,233219835,-0.001065,0.000000,-0.011718
A,233221397,-4.0079,-1.3755,8.7520
G,233222333,-0.003196,0.000000,-0.010653
A,233223871,-4.0151,-1.3755,8.7520
G,233224829,-0.006392,-0.002131,-0.009587
A,233226356,-4.0187,-1.3755,8.7448
G,233227317,-0.008522,-0.004261,-0.009587
A,233228830,-4.0223,-1.3755,8.7412
G,233229835,-0.009587,-0.004261,-0.010653
A,233231296,-4.0259,-1.3827,8.7340
G,233232331,-0.007457,-0.003196,-0.009587
TRK,233228,-0.38816,0.22385,-0.01741,-0.89382,-0.5572,0.3244,-0.3783,0.000,0.000,0.000,1,11
A,233233792,-4.0259,-1.3862,8.7340
G,233234829,-0.004261,-0.002131,-0.008522
A,233236266,-4.0223,-1.3934,8.7376
G,233237324,0.000000,-0.001065,-0.007457
A,233238752,-4.0187,-1.3934,8.7484
G,233239811,0.000000,0.001065,-0.008522
A,233241226,-4.0115,-1.3898,8.7628
G,233242307,0.001065,0.004261,-0.007457
A,233243704,-4.0043,-1.3898,8.7664
G,233244785,-0.001065,0.007457,-0.005326
A,233246200,-4.0043,-1.3898,8.7664
G,233247283,0.000000,0.008522,-0.001065
A,233248674,-4.0079,-1.3970,8.7592
G,233249790,0.000000,0.007457,0.000000
A,233251131,-4.0151,-1.3970,8.7520
G,233252285,0.002131,0.007457,0.003196
A,233253611,-4.0187,-1.3970,8.7520
G,233254764,0.001065,0.007457,0.003196
A,233256085,-4.0223,-1.3827,8.7628
TRK,233254,-0.38815,0.22387,-0.01743,-0.89382,-0.5572,0.3244,-0.3783,0.000,0.000,0.000,1,11
G,233257264,-0.001065,0.006392,0.002131
A,233258536,-4.0187,-1.3791,8.7736
G,233259759,-0.004261,0.004261,-0.002131
A,233261027,-4.0187,-1.3683,8.7843
G,233262248,-0.004261,0.006392,-0.002131
A,233263501,-4.0259,-1.3755,8.7915
G,233264759,-0.004261,0.007457,-0.002131
A,233265965,-4.0294,-1.3827,8.7807
G,233267255,-0.002131,0.008522,-0.003196
A,233268457,-4.0294,-1.3898,8.7736
G,233269743,-0.001065,0.004261,-0.007457
A,233270930,-4.0294,-1.3898,8.7520
G,233272253,0.000000,0.001065,-0.008522
A,233273394,-4.0330,-1.4006,8.7448
G,233274748,0.000000,-0.003196,-0.006392
A,233275881,-4.0223,-1.4006,8.7376
G,233277231,0.000000,-0.004261,-0.002131
A,233278355,-4.0259,-1.4006,8.7448
TRK,233278,-0.38815,0.22382,-0.01744,-0.89383,-0.5572,0.3244,-0.3783,0.000,0.000,0.000,1,11
G,233279750,0.001065,-0.001065,0.002131
A,233280830,-4.0187,-1.3970,8.7520
G,233282246,0.002131,0.003196,0.002131
A,233283304,-4.0187,-1.3898,8.7556
G,233284745,0.002131,0.008522,0.001065
A,233285760,-4.0223,-1.3862,8.7520
G,233287266,0.002131,0.010653,-0.001065
A,233288239,-4.0259,-1.3898,8.7448
G,233289762,0.002131,0.011718,0.000000
A,233290712,-4.0294,-1.3898,8.7376
G,233292251,0.003196,0.009587,0.002131
A,233293161,-4.0259,-1.3898,8.7305
G,233294771,0.004261,0.007457,0.006392
A,233295640,-4.0223,-1.4006,8.7269
G,233297266,0.004261,0.003196,0.006392
TRK,233293,-0.38815,0.22381,-0.01746,-0.89384,-0.5572,0.3244,-0.3783,0.000,0.000,0.000,1,11
A,233298129,-4.0187,-1.4006,8.7269
G,233299745,0.002131,0.001065,0.003196
A,233300603,-4.0151,-1.4078,8.7340
G,233302255,0.001065,0.000000,0.001065
A,233303073,-4.0115,-1.4042,8.7340
G,233304751,-0.001065,0.000000,-0.001065
A,233305547,-4.0115,-1.4006,8.7412
G,233307260,-0.002131,-0.001065,-0.001065
A,233308018,-4.0115,-1.3934,8.7376
G,233309756,-0.002131,-0.001065,-0.002131
A,233310492,-4.0187,-1.3898,8.7412
G,233312245,0.000000,-0.001065,-0.001065
A,233312945,-4.0259,-1.3898,8.7376
G,233314759,0.001065,-0.001065,-0.006392
A,233315422,-4.0294,-1.3934,8.7484
G,233317255,-0.001065,-0.002131,-0.007457
A,233317896,-4.0366,-1.3862,8.7556
TRK,233313,-0.38816,0.22377,-0.01743,-0.89384,-0.5572,0.3244,-0.3783,0.000,0.000,0.000,1,11
G,233319754,0.000000,-0.003196,-0.007457
A,233320361,-4.0330,-1.3862,8.7628
G,233322250,0.003196,-0.003196,0.000000
A,233322834,-4.0366,-1.3862,8.7664
G,233324729,0.005326,-0.001065,0.003196
A,233325280,-4.0330,-1.3791,8.7592
G,233327225,0.006392,0.003196,0.008522
A,233327754,-4.0259,-1.3755,8.7628
G,233329705,0.005326,0.005326,0.005326
A,233330201,-4.0259,-1.3683,8.7592
TRK,233330,-0.38817,0.22373,-0.01740,-0.89385,-0.5572,0.3244,-0.3783,0.000,0.000,0.000,1,11
G,233332215,0.004261,0.005326,0.001065
A,233332679,-4.0259,-1.3647,8.7520
G,233334711,0.004261,0.003196,-0.003196
A,233335168,-4.0294,-1.3647,8.7520
G,233337181,0.004261,0.001065,-0.005326
A,233337642,-4.0330,-1.3683,8.7448
G,233339682,0.001065,0.000000,-0.006392
A,233340111,-4.0366,-1.3683,8.7448
G,233342177,-0.001065,0.000000,-0.007457
A,233342585,-4.0330,-1.3719,8.7448
G,233344658,-0.003196,0.000000,-0.009587
A,233345036,-4.0259,-1.3719,8.7520
G,233347154,-0.003196,-0.001065,-0.011718
A,233347537,-4.0187,-1.3755,8.7556
G,233349635,-0.003196,0.000000,-0.012783
A,233350011,-4.0079,-1.3827,8.7592
G,233352143,-0.002131,0.001065,-0.009587
A,233352489,-4.0007,-1.3934,8.7664
G,233354639,-0.001065,0.003196,-0.006392
A,233354963,-4.0043,-1.4078,8.7664
TRK,233350,-0.38818,0.22372,-0.01736,-0.89385,-0.5572,0.3244,-0.3783,0.000,0.000,0.000,1,11
G,233357130,0.000000,0.006392,-0.006392
A,233357426,-4.0079,-1.4186,8.7736
G,233359626,0.001065,0.008522,-0.003196
A,233359916,-4.0151,-1.4222,8.7700
G,233362095,0.002131,0.009587,-0.003196
A,233362390,-4.0187,-1.4150,8.7628
G,233364597,0.002131,0.007457,-0.002131
A,233364865,-4.0223,-1.4042,8.7520
G,233367093,0.001065,0.003196,-0.004261
A,233367339,-4.0223,-1.3898,8.7412
G,233369596,0.001065,0.001065,-0.002131
A,233369814,-4.0151,-1.3862,8.7305
G,233372092,0.001065,0.000000,-0.001065
A,233372288,-4.0115,-1.3898,8.7305
G,233374574,0.001065,0.002131,0.001065
A,233374744,-4.0115,-1.3862,8.7305
G,233377087,-0.001065,0.002131,0.000000
A,233377232,-4.0043,-1.3827,8.7376
G,233379583,-0.001065,0.003196,0.000000
A,233379706,-4.0079,-1.3791,8.7412
TRK,233375,-0.38818,0.22374,-0.01734,-0.89384,-0.5572,0.3244,-0.3783,0.000,0.000,0.000,1,11
G,233382075,-0.001065,0.003196,-0.001065
A,233382174,-4.0079,-1.3791,8.7448
G,233384571,0.000000,0.004261,-0.003196
A,233384647,-4.0115,-1.3827,8.7484
G,233387044,0.000000,0.003196,-0.003196
A,233387097,-4.0187,-1.4006,8.7412
G,233389540,0.000000,0.002131,-0.005326
A,233389571,-4.0187,-1.4078,8.7376
G,233392013,0.000000,0.000000,-0.007457
A,233392021,-4.0223,-1.4186,8.7269
A,233394503,-4.0223,-1.4222,8.7197
G,233394517,0.001065,0.001065,-0.008522
A,233396977,-4.0259,-1.4257,8.7161
G,233397013,0.001065,0.004261,-0.006392
TRK,233392,-0.38819,0.22374,-0.01732,-0.89384,-0.5572,0.3244,-0.3783,0.000,0.000,0.000,1,11
A,233399440,-4.0259,-1.4186,8.7233
G,233399497,0.001065,0.005326,-0.006392
A,233401928,-4.0366,-1.4186,8.7340
G,233402006,0.000000,0.006392,-0.004261
A,233404401,-4.0402,-1.4078,8.7448
G,233404502,0.001065,0.005326,-0.004261
A,233406876,-4.0438,-1.4042,8.7484
G,233406996,0.002131,0.005326,-0.004261
A,233409350,-4.0330,-1.4042,8.7448
G,233409492,0.003196,0.004261,-0.004261
TRK,233409,-0.38819,0.22377,-0.01728,-0.89383,-0.5572,0.3244,-0.3783,0.000,0.000,0.000,1,11
A,233411825,-4.0223,-1.4006,8.7448
G,233411986,0.003196,0.004261,-0.005326
A,233414299,-4.0079,-1.3970,8.7448
G,233414504,0.001065,0.004261,-0.003196
A,233416748,-4.0043,-1.3934,8.7520
G,233417000,-0.002131,0.005326,-0.003196
A,233419236,-4.0115,-1.3862,8.7556
G,233419505,-0.003196,0.005326,-0.003196
A,233421710,-4.0187,-1.3791,8.7592
G,233422027,-0.004261,0.004261,-0.004261
A,233424166,-4.0294,-1.3755,8.7592
G,233424523,-0.002131,0.002131,-0.003196
A,233426645,-4.0330,-1.3755,8.7556
G,233427017,0.001065,0.002131,-0.002131
A,233429118,-4.0438,-1.3827,8.7448
G,233429530,0.005326,0.006392,0.001065
A,233431568,-4.0438,-1.3898,8.7376
G,233432026,0.006392,0.010653,0.003196
TRK,233432,-0.38820,0.22380,-0.01725,-0.89382,-0.5572,0.3244,-0.3783,0.000,0.000,0.000,1,11
A,233434059,-4.0438,-1.3898,8.7305
G,233434530,0.005326,0.010653,0.003196
A,233436533,-4.0438,-1.3898,8.7233
G,233437026,0.004261,0.006392,0.001065
A,233438996,-4.0366,-1.3791,8.7197
G,233439501,0.003196,0.004261,-0.002131
A,233441499,-4.0294,-1.3755,8.7233
G,233442016,0.002131,0.003196,-0.007457
A,233443972,-4.0187,-1.3719,8.7269
G,233444512,0.001065,0.004261,-0.009587
A,233446446,-4.0079,-1.3719,8.7340
G,233446997,0.001065,0.005326,-0.008522
A,233448940,-4.0043,-1.3755,8.7412
G,233449502,0.002131,0.007457,-0.004261
A,233451414,-3.9971,-1.3755,8.7412
G,233451997,0.003196,0.010653,0.001065
A,233453878,-4.0007,-1.3791,8.7448
G,233454472,0.002131,0.010653,0.004261
A,233456352,-4.0007,-1.3755,8.7448
TRK,233455,-0.38820,0.22387,-0.01723,-0.89381,-0.5572,0.3244,-0.3783,0.000,0.000,0.000,1,11
G,233456987,0.001065,0.008522,0.005326
A,233458807,-4.0079,-1.3755,8.7520
G,233459482,0.000000,0.004261,-0.001065
A,233461293,-4.0151,-1.3791,8.7556
G,233461977,-0.002131,0.002131,-0.006392
A,233463767,-4.0187,-1.3827,8.7556
G,233464473,-0.001065,0.001065,-0.009587
A,233466234,-4.0223,-1.3898,8.7592
G,233466948,-0.001065,0.004261,-0.006392
A,233468708,-4.0187,-1.3970,8.7592
G,233469444,0.001065,0.005326,-0.001065
TRK,233468,-0.38820,0.22389,-0.01721,-0.89380,-0.5572,0.3244,-0.3783,0.000,0.000,0.000,1,11
A,233471176,-4.0187,-1.3970,8.7520
G,233471919,0.000000,0.007457,0.005326
A,233473670,-4.0187,-1.3934,8.7520
G,233474421,-0.001065,0.006392,0.006392
A,233476144,-4.0259,-1.3898,8.7484
G,233476917,0.000000,0.005326,0.005326
A,233478635,-4.0294,-1.3755,8.7520
G,233479414,0.001065,0.003196,0.001065
A,233481109,-4.0330,-1.3719,8.7592
G,233481910,0.003196,0.002131,-0.001065
A,233483589,-4.0366,-1.3647,8.7700
G,233484396,0.004261,0.002131,0.000000
A,233486063,-4.0330,-1.3719,8.7807
G,233486913,0.005326,0.002131,0.002131
A,233488524,-4.0259,-1.3719,8.7843
G,233489409,0.005326,0.001065,0.004261
A,233491016,-4.0187,-1.3827,8.7843
G,233491905,0.005326,0.000000,0.004261
A,233493489,-4.0187,-1.3827,8.7807
G,233494401,0.002131,-0.001065,-0.001065
TRK,233489,-0.38819,0.22390,-0.01725,-0.89380,-0.5572,0.3244,-0.3783,0.000,0.000,0.000,1,11
A,233495962,-4.0187,-1.3970,8.7771
G,233496877,0.000000,0.001065,-0.001065
A,233498436,-4.0223,-1.4078,8.7736
G,233499373,0.000000,0.004261,-0.003196
A,233500909,-4.0223,-1.4078,8.7736
G,233501849,0.001065,0.006392,0.001065
A,233503402,-4.0223,-1.4042,8.7700
G,233504346,0.002131,0.006392,0.001065
A,233505876,-4.0187,-1.3934,8.7628
G,233506841,0.003196,0.003196,0.001065
A,233508361,-4.0187,-1.3755,8.7700
G,233509329,0.005326,0.002131,-0.001065
A,233510834,-4.0223,-1.3755,8.7736
G,233511846,0.007457,0.003196,-0.004261
A,233513300,-4.0366,-1.3755,8.7807
G,233514342,0.007457,0.004261,-0.005326
A,233515774,-4.0438,-1.3862,8.7879
G,233516840,0.006392,0.005326,-0.003196
A,233518221,-4.0474,-1.3970,8.7807
G,233519336,0.004261,0.005326,0.002131
TRK,233514,-0.38818,0.22383,-0.01733,-0.89382,-0.5572,0.3244,-0.3783,0.000,0.000,0.000,1,11
A,233520718,-4.0402,-1.4078,8.7736
G,233521833,0.002131,0.004261,0.003196
A,233523192,-4.0223,-1.4150,8.7700
G,233524329,0.001065,0.002131,0.002131
A,233525671,-4.0151,-1.4150,8.7592
G,233526807,0.002131,-0.001065,0.001065
A,233528167,-4.0043,-1.4078,8.7592
G,233529302,0.004261,-0.001065,0.000000
A,233530641,-4.0043,-1.3970,8.7556
G,233531818,0.003196,0.000000,-0.001065
A,233533107,-4.0007,-1.3862,8.7520
G,233534314,0.002131,0.002131,-0.003196
A,233535581,-4.0007,-1.3791,8.7484
TRK,233530,-0.38817,0.22378,-0.01737,-0.89384,-0.5572,0.3244,-0.3783,0.000,0.000,0.000,1,11
G,233536812,0.002131,0.004261,-0.003196
A,233538032,-4.0007,-1.3791,8.7412
G,233539308,0.002131,0.003196,-0.003196
A,233540506,-4.0043,-1.3862,8.7376
G,233541806,0.000000,0.002131,-0.004261
A,233542958,-4.0079,-1.3970,8.7340
G,233544325,-0.001065,0.002131,-0.004261
A,233545432,-4.0187,-1.4042,8.7448
G,233546820,-0.002131,0.003196,-0.004261
A,233547905,-4.0294,-1.4042,8.7556
G,233549328,-0.001065,0.004261,-0.002131
A,233550369,-4.0330,-1.4042,8.7664
G,233551824,-0.001065,0.002131,-0.001065
A,233552857,-4.0294,-1.3898,8.7736
G,233554304,0.000000,0.001065,-0.001065
A,233555331,-4.0151,-1.3898,8.7736
TRK,233555,-0.38819,0.22369,-0.01733,-0.89385,-0.5572,0.3244,-0.3783,0.000,0.000,0.000,1,11
G,233556823,0.001065,-0.001065,-0.002131
A,233557806,-4.0043,-1.3862,8.7700
G,233559318,0.002131,0.000000,-0.003196
A,233560280,-3.9971,-1.3934,8.7664
G,233561809,0.003196,0.000000,-0.006392
A,233562730,-3.9971,-1.4006,8.7556
G,233564305,0.002131,0.002131,-0.005326
A,233565217,-4.0043,-1.4042,8.7484
G,233566784,-0.001065,0.003196,-0.005326
A,233567691,-4.0187,-1.4006,8.7484
G,233569292,-0.003196,0.005326,-0.004261
A,233570160,-4.0294,-1.3862,8.7520
G,233571788,-0.001065,0.006392,-0.001065
A,233572653,-4.0438,-1.3719,8.7592
G,233574270,0.001065,0.007457,0.002131
A,233575126,-4.0474,-1.3683,8.7664
G,233576777,0.002131,0.008522,0.004261
A,233577594,-4.0438,-1.3719,8.7736
G,233579273,0.002131,0.006392,-0.001065
TRK,233574,-0.38820,0.22364,-0.01729,-0.89386,-0.5572,0.3244,-0.3783,0.000,0.000,0.000,1,11
A,233580084,-4.0402,-1.3862,8.7736
G,233581751,0.002131,0.006392,-0.003196
A,233582558,-4.0330,-1.3970,8.7771
G,233584247,0.001065,0.004261,-0.004261
A,233585049,-4.0402,-1.4042,8.7700
G,233586727,0.000000,0.003196,-0.003196
A,233587523,-4.0330,-1.4042,8.7700
G,233589237,-0.002131,0.002131,-0.001065
A,233589995,-4.0330,-1.3970,8.7592
G,233591733,-0.002131,0.003196,-0.001065
A,233592469,-4.0187,-1.3934,8.7556
G,233594222,-0.002131,0.003196,-0.003196
A,233594922,-4.0115,-1.3827,8.7484
G,233596742,-0.002131,0.000000,-0.008522
A,233597405,-4.0043,-1.3791,8.7448
G,233599238,-0.002131,-0.003196,-0.012783
TRK,233595,-0.38821,0.22363,-0.01725,-0.89386,-0.5572,0.3244,-0.3783,0.000,0.000,0.000,1,11
A,233599900,-4.0079,-1.3755,8.7412
G,233601718,-0.001065,-0.003196,-0.010653
A,233602373,-4.0151,-1.3827,8.7412
G,233604227,0.000000,0.000000,-0.008522
A,233604848,-4.0223,-1.3898,8.7448
G,233606723,0.001065,0.004261,-0.003196
A,233607322,-4.0294,-1.3970,8.7448
G,233609233,0.001065,0.004261,-0.003196
A,233609798,-4.0259,-1.4042,8.7520
G,233611729,0.002131,0.007457,0.000000
A,233612272,-4.0259,-1.4078,8.7484
TRK,233607,-0.38822,0.22360,-0.01721,-0.89386,-0.5572,0.3244,-0.3783,0.000,0.000,0.000,1,11
G,233614239,0.003196,0.008522,0.002131
A,233614749,-4.0294,-1.4078,8.7448
G,233616735,0.005326,0.008522,0.006392
A,233617222,-4.0294,-1.4006,8.7412
G,233619213,0.005326,0.006392,0.005326
A,233619669,-4.0330,-1.3934,8.7376
G,233621725,0.004261,0.004261,0.004261
A,233622150,-4.0294,-1.3862,8.7412
G,233624221,0.002131,0.003196,0.003196
A,233624624,-4.0223,-1.3755,8.7412
G,233626721,0.001065,0.004261,0.002131
A,233627093,-4.0223,-1.3862,8.7448
G,233629217,0.001065,0.006392,0.001065
A,233629567,-4.0259,-1.3898,8.7448
G,233631716,0.002131,0.007457,0.002131
A,233632038,-4.0366,-1.4042,8.7448
G,233634212,0.002131,0.006392,0.002131
A,233634512,-4.0366,-1.4150,8.7448
TRK,233629,-0.38821,0.22363,-0.01722,-0.89386,-0.5572,0.3244,-0.3783,0.000,0.000,0.000,1,11
G,233636712,0.002131,0.003196,0.002131
A,233636984,-4.0330,-1.4150,8.7448
G,233639208,0.001065,0.000000,-0.001065
A,233639477,-4.0223,-1.4150,8.7448
G,233641679,0.000000,-0.003196,-0.001065
A,233641951,-4.0115,-1.4006,8.7484
G,233644182,-0.001065,-0.004261,-0.004261
A,233644427,-4.0079,-1.3970,8.7520
G,233646678,-0.002131,-0.003196,-0.008522
A,233646900,-4.0043,-1.3827,8.7592
G,233649169,-0.004261,-0.002131,-0.009587
A,233649365,-4.0043,-1.3862,8.7556
G,233651665,-0.005326,-0.002131,-0.009587
A,233651859,-4.0115,-1.3898,8.7556
G,233654135,-0.004261,-0.001065,-0.006392
A,233654333,-4.0151,-1.4006,8.7484
G,233656637,-0.002131,0.003196,-0.003196
A,233656809,-4.0259,-1.4078,8.7412
G,233659133,0.002131,0.006392,-0.001065
A,233659283,-4.0366,-1.4150,8.7340
TRK,233654,-0.38823,0.22365,-0.01716,-0.89385,-0.5572,0.3244,-0.3783,0.000,0.000,0.000,1,11
G,233661614,0.004261,0.004261,-0.002131
A,233661739,-4.0402,-1.4186,8.7305
G,233664126,0.006392,0.001065,-0.003196
A,233664227,-4.0402,-1.4150,8.7233
G,233666622,0.005326,-0.001065,-0.003196
A,233666700,-4.0402,-1.4078,8.7269
G,233669114,0.003196,0.000000,-0.004261
A,233669169,-4.0330,-1.3934,8.7376
G,233671610,0.003196,0.002131,-0.004261
A,233671643,-4.0259,-1.3827,8.7556
TRK,233666,-0.38823,0.22368,-0.01716,-0.89384,-0.5572,0.3244,-0.3783,0.000,0.000,0.000,1,11
G,233674102,0.004261,0.005326,-0.003196
A,233674112,-4.0259,-1.3719,8.7700
A,233676607,-4.0187,-1.3683,8.7736
G,233676619,0.003196,0.006392,-0.001065
A,233679080,-4.0187,-1.3719,8.7736
G,233679115,0.002131,0.005326,-0.001065
A,233681561,-4.0115,-1.3791,8.7628
G,233681617,0.000000,0.003196,0.000000
A,233684035,-4.0187,-1.3862,8.7592
G,233684113,0.000000,0.002131,0.000000
A,233686496,-4.0223,-1.3934,8.7484
G,233686595,0.000000,0.003196,-0.003196
A,233688989,-4.0330,-1.3970,8.7376
G,233689107,0.001065,0.003196,-0.004261
A,233691463,-4.0330,-1.3970,8.7305
G,233691603,0.001065,0.003196,-0.002131
TRK,233687,-0.38822,0.22373,-0.01715,-0.89383,-0.5572,0.3244,-0.3783,0.000,0.000,0.000,1,11
A,233693936,-4.0294,-1.3934,8.7269
G,233694095,0.002131,0.002131,0.001065
A,233696409,-4.0223,-1.3898,8.7305
G,233696591,0.003196,0.001065,0.002131
A,233698864,-4.0187,-1.3898,8.7340
G,233699064,0.004261,0.000000,0.000000
A,233701336,-4.0151,-1.3862,8.7448
G,233701554,0.005326,0.001065,-0.003196
A,233703832,-4.0187,-1.3898,8.7484
G,233704068,0.004261,0.001065,-0.004261
A,233706306,-4.0187,-1.3934,8.7592
G,233706564,0.005326,0.003196,-0.003196
A,233708782,-4.0187,-1.3970,8.7664
G,233709057,0.005326,0.004261,0.001065
A,233711256,-4.0187,-1.4078,8.7771
G,233711553,0.005326,0.005326,0.001065
A,233713712,-4.0151,-1.4114,8.7807
G,233714025,0.004261,0.005326,0.003196
A,233716186,-4.0151,-1.4114,8.7771
G,233716521,0.004261,0.006392,0.003196
TRK,233710,-0.38822,0.22378,-0.01716,-0.89382,-0.5572,0.3244,-0.3783,0.000,0.000,0.000,1,11
A,233718644,-4.0151,-1.4006,8.7736
G,233718995,0.003196,0.006392,0.007457
A,233721122,-4.0187,-1.3898,8.7700
G,233721487,0.000000,0.004261,0.006392
A,233723621,-4.0223,-1.3791,8.7628
G,233724002,-0.002131,0.001065,0.003196
A,233726095,-4.0294,-1.3719,8.7628
G,233726497,-0.003196,0.000000,0.000000
A,233728576,-4.0402,-1.3683,8.7556
G,233728992,-0.002131,0.001065,0.000000
A,233731050,-4.0474,-1.3683,8.7520
G,233731488,0.001065,0.002131,0.000000
A,233733511,-4.0438,-1.3755,8.7556
G,233733962,0.003196,0.003196,-0.002131
A,233735985,-4.0402,-1.3827,8.7556
G,233736458,0.004261,0.003196,-0.004261
A,233738447,-4.0294,-1.4006,8.7628
G,233738933,0.003196,0.001065,-0.002131
TRK,233739,-0.38822,0.22380,-0.01715,-0.89382,-0.5572,0.3244,-0.3783,0.000,0.000,0.000,1,11
A,233740941,-4.0151,-1.4078,8.7664
G,233741439,0.000000,-0.001065,-0.003196
A,233743414,-3.9971,-1.4042,8.7700
G,233743953,-0.001065,-0.002131,-0.002131
A,233745867,-3.9935,-1.3934,8.7700
G,233746449,-0.002131,-0.001065,-0.005326
A,233748341,-3.9899,-1.3862,8.7628
G,233748954,-0.003196,0.000000,-0.005326
A,233750786,-4.0043,-1.3755,8.7520
G,233751450,-0.005326,-0.001065,-0.009587
TRK,233746,-0.38822,0.22378,-0.01714,-0.89382,-0.5572,0.3244,-0.3783,0.000,0.000,0.000,1,11
A,233753273,-4.0079,-1.3755,8.7448
G,233753945,-0.004261,-0.002131,-0.008522
A,233755746,-4.0151,-1.3755,8.7448
G,233756441,-0.002131,-0.001065,-0.006392
A,233758214,-4.0187,-1.3755,8.7628
G,233758917,0.000000,0.003196,-0.003196
A,233760710,-4.0223,-1.3827,8.7736
G,233761421,0.000000,0.005326,0.000000
A,233763207,-4.0294,-1.3898,8.7771
G,233763925,-0.001065,0.006392,0.000000
A,233765681,-4.0330,-1.3970,8.7700
G,233766421,-0.002131,0.006392,-0.001065
A,233768169,-4.0259,-1.4042,8.7520
G,233768917,-0.003196,0.004261,-0.005326
A,233770643,-4.0151,-1.4006,8.7412
G,233771413,-0.001065,0.002131,-0.005326
A,233773112,-4.0079,-1.3970,8.7305
G,233773889,0.001065,0.000000,-0.004261
A,233775586,-3.9971,-1.3827,8.7340
G,233776385,0.003196,-0.001065,-0.003196
TRK,233770,-0.38823,0.22375,-0.01712,-0.89382,-0.5572,0.3244,-0.3783,0.000,0.000,0.000,1,11
A,233778057,-4.0007,-1.3755,8.7340
G,233778861,0.004261,-0.002131,-0.004261
A,233780551,-4.0079,-1.3683,8.7340
G,233781361,0.005326,-0.002131,-0.004261
A,233783025,-4.0187,-1.3647,8.7305
G,233783857,0.005326,-0.001065,-0.002131
A,233785499,-4.0294,-1.3647,8.7340
G,233786337,0.003196,-0.002131,-0.003196
A,233787998,-4.0366,-1.3683,8.7340
G,233788841,0.000000,-0.002131,-0.005326
A,233790472,-4.0366,-1.3719,8.7340
G,233791337,-0.003196,-0.001065,-0.006392
A,233792945,-4.0366,-1.3791,8.7412
G,233793815,-0.003196,0.002131,-0.005326
A,233795419,-4.0294,-1.3791,8.7412
G,233796320,-0.001065,0.003196,-0.003196
A,233797869,-4.0259,-1.3827,8.7484
G,233798816,0.001065,0.005326,-0.001065
A,233800342,-4.0115,-1.3862,8.7592
G,233801291,0.001065,0.006392,0.000000
TRK,233797,-0.38823,0.22366,-0.01714,-0.89384,-0.5572,0.3244,-0.3783,0.000,0.000,0.000,1,11
A,233802837,-4.0115,-1.3934,8.7556
G,233803789,0.001065,0.005326,0.002131
A,233805311,-4.0151,-1.3970,8.7592
G,233806285,0.001065,0.004261,0.004261
A,233807787,-4.0223,-1.3934,8.7484
G,233808764,0.001065,0.003196,0.004261
A,233810261,-4.0330,-1.3862,8.7448
G,233811265,0.000000,0.002131,0.001065
A,233812710,-4.0402,-1.3827,8.7412
G,233813761,0.000000,-0.002131,-0.004261
TRK,233813,-0.38822,0.22364,-0.01718,-0.89385,-0.5572,0.3244,-0.3783,0.000,0.000,0.000,1,11
A,233815198,-4.0366,-1.3862,8.7448
G,233816250,0.000000,-0.003196,-0.006392
A,233817672,-4.0366,-1.3898,8.7448
G,233818762,-0.001065,0.000000,-0.006392
A,233820133,-4.0294,-1.4006,8.7484
G,233821258,-0.002131,0.004261,-0.003196
A,233822607,-4.0294,-1.4078,8.7520
G,233823757,-0.002131,0.005326,-0.003196
A,233825058,-4.0294,-1.4114,8.7556
G,233826253,-0.002131,0.003196,-0.002131
A,233827531,-4.0187,-1.4150,8.7556
G,233828752,0.000000,0.001065,-0.002131
A,233829983,-4.0079,-1.4222,8.7484
G,233831248,0.000000,0.001065,-0.001065
A,233832466,-3.9971,-1.4186,8.7448
G,233833728,0.001065,0.003196,-0.001065
A,233834939,-3.9971,-1.4222,8.7340
G,233836227,0.002131,0.005326,-0.001065
A,233837392,-4.0043,-1.4114,8.7376
TRK,233833,-0.38822,0.22364,-0.01720,-0.89385,-0.5572,0.3244,-0.3783,0.000,0.000,0.000,1,11
G,233838746,0.004261,0.005326,-0.002131
A,233839867,-4.0115,-1.3970,8.7376
G,233841242,0.005326,0.007457,-0.003196
A,233842340,-4.0223,-1.3791,8.7412
G,233843742,0.006392,0.008522,-0.003196
A,233844796,-4.0259,-1.3647,8.7412
G,233846238,0.006392,0.007457,-0.002131
A,233847274,-4.0294,-1.3611,8.7340
G,233848709,0.004261,0.006392,0.001065
A,233849748,-4.0330,-1.3647,8.7269
TRK,233849,-0.38821,0.22366,-0.01724,-0.89385,-0.5572,0.3244,-0.3783,0.000,0.000,0.000,1,11
G,233851219,0.001065,0.004261,0.002131
A,233852215,-4.0330,-1.3791,8.7197
G,233853715,0.001065,0.005326,0.005326
A,233854689,-4.0294,-1.3934,8.7089
G,233856205,0.002131,0.007457,0.007457
A,233857138,-4.0223,-1.4006,8.7053
G,233858701,0.004261,0.008522,0.008522
A,233859612,-4.0115,-1.4114,8.7053
G,233861189,0.005326,0.007457,0.009587
A,233862059,-3.9971,-1.4114,8.7161
G,233863698,0.006392,0.006392,0.010653
A,233864529,-3.9899,-1.4114,8.7269
G,233866194,0.009587,0.003196,0.010653
STAT,404.4,400.4,0,0,0,0.0258,0.265,0.0841,0.1508,-0.0988,9.7309,0.62,0.001
A,233867021,-3.9863,-1.4042,8.7448
G,233868674,0.009587,0.000000,0.005326
A,233869494,-3.9863,-1.4042,8.7592
G,233871170,0.007457,-0.004261,-0.001065
A,233871987,-3.9971,-1.3898,8.7736
G,233873651,0.003196,-0.006392,-0.004261
A,233874461,-4.0007,-1.3827,8.7843
G,233876157,0.000000,-0.006392,-0.006392
A,233876928,-4.0079,-1.3755,8.7843
G,233878652,-0.001065,-0.006392,-0.007457
A,233879402,-4.0187,-1.3719,8.7807
TRK,233874,-0.38819,0.22369,-0.01730,-0.89385,-0.5572,0.3244,-0.3783,0.000,0.000,0.000,1,11
G,233881144,-0.001065,-0.003196,-0.007457
A,233881856,-4.0151,-1.3719,8.7628
G,233883659,-0.001065,-0.001065,-0.004261
A,233884335,-4.0187,-1.3755,8.7520
G,233886155,0.000000,0.001065,-0.001065
A,233886809,-4.0115,-1.3755,8.7376
G,233888657,0.000000,0.000000,-0.001065
A,233889276,-4.0043,-1.3862,8.7340
G,233891153,-0.001065,-0.001065,-0.003196
A,233891749,-3.9971,-1.3898,8.7340
G,233893654,-0.002131,-0.002131,-0.004261
A,233894217,-4.0007,-1.3934,8.7412
G,233896150,-0.002131,-0.003196,-0.005326
TRK,233891,-0.38821,0.22366,-0.01723,-0.89385,-0.5572,0.3244,-0.3783,0.000,0.000,0.000,1,11
A,233896714,-4.0115,-1.3970,8.7448
G,233898631,0.000000,-0.005326,-0.005326
A,233899188,-4.0223,-1.3898,8.7412
G,233901143,0.001065,-0.006392,-0.004261
A,233901667,-4.0294,-1.3898,8.7412
G,233903638,0.003196,-0.006392,-0.003196
A,233904141,-4.0330,-1.3862,8.7305
G,233906129,0.003196,-0.003196,-0.001065
A,233906599,-4.0294,-1.3827,8.7340
G,233908651,0.002131,0.000000,-0.002131
A,233909089,-4.0187,-1.3755,8.7412
G,233911146,0.000000,0.003196,-0.002131
A,233911563,-4.0115,-1.3683,8.7484
G,233913641,-0.002131,0.006392,-0.002131
A,233914027,-4.0007,-1.3683,8.7592
G,233916137,-0.002131,0.007457,-0.003196
A,233916501,-3.9935,-1.3719,8.7664
TRK,233915,-0.38823,0.22363,-0.01716,-0.89385,-0.5572,0.3244,-0.3783,0.000,0.000,0.000,1,11
G,233918618,0.000000,0.008522,-0.002131
A,233918953,-3.9935,-1.3791,8.7592
G,233921124,0.001065,0.005326,-0.006392
A,233921430,-4.0007,-1.3827,8.7520
G,233923620,0.002131,0.004261,-0.007457
A,233923904,-4.0115,-1.3827,8.7376
G,233926108,0.003196,0.002131,-0.007457
A,233926365,-4.0259,-1.3791,8.7340
G,233928630,0.003196,0.002131,-0.005326
A,233928859,-4.0366,-1.3719,8.7305
G,233931126,0.002131,0.001065,-0.004261
A,233931333,-4.0474,-1.3719,8.7340
G,233933608,0.001065,-0.002131,-0.004261
A,233933789,-4.0510,-1.3791,8.7376
G,233936104,0.000000,-0.002131,-0.002131
A,233936263,-4.0510,-1.3862,8.7305
G,233938583,0.002131,-0.002131,-0.002131
A,233938717,-4.0546,-1.3934,8.7305
TRK,233935,-0.38823,0.22359,-0.01715,-0.89386,-0.5572,0.3244,-0.3783,0.000,0.000,0.000,1,11
G,233941096,0.004261,0.000000,-0.003196
A,233941205,-4.0474,-1.3898,8.7305
G,233943592,0.006392,0.003196,-0.005326
A,233943678,-4.0438,-1.3934,8.7340
G,233946084,0.005326,0.005326,-0.004261
A,233946147,-4.0366,-1.3934,8.7340
G,233948594,0.004261,0.007457,0.000000
A,233948634,-4.0259,-1.3970,8.7340
G,233951090,0.002131,0.005326,0.002131
A,233951107,-4.0259,-1.4042,8.7340
A,233953561,-4.0187,-1.4042,8.7305
G,233953565,0.001065,0.003196,0.001065
TRK,233950,-0.38822,0.22360,-0.01720,-0.89386,-0.5572,0.3244,-0.3783,0.000,0.000,0.000,1,11
A,233956032,-4.0151,-1.3970,8.7376
G,233956059,0.002131,0.002131,-0.002131
A,233958529,-4.0115,-1.3862,8.7376
G,233958577,0.002131,0.004261,-0.004261
A,233961003,-4.0079,-1.3791,8.7412
G,233961073,0.004261,0.007457,-0.003196
A,233963485,-4.0043,-1.3755,8.7376
G,233963576,0.004261,0.008522,0.000000
A,233965984,-4.0043,-1.3791,8.7376
G,233966095,0.003196,0.007457,0.003196
A,233968458,-4.0043,-1.3827,8.7340
G,233968591,0.001065,0.003196,0.002131
A,233970931,-4.0079,-1.3791,8.7340
G,233971083,0.000000,0.001065,0.003196
A,233973425,-4.0115,-1.3791,8.7376
G,233973597,0.000000,0.000000,0.002131
A,233975899,-4.0187,-1.3791,8.7448
G,233976093,0.002131,0.002131,0.002131
TRK,233971,-0.38821,0.22361,-0.01726,-0.89386,-0.5572,0.3244,-0.3783,0.000,0.000,0.000,1,11
A,233978383,-4.0294,-1.3791,8.7484
G,233978595,0.004261,0.004261,-0.001065
A,233980857,-4.0366,-1.3827,8.7484
G,233981091,0.007457,0.006392,-0.001065
A,233983313,-4.0438,-1.3898,8.7448
G,233983564,0.006392,0.007457,0.001065
A,233985807,-4.0402,-1.3898,8.7412
G,233986075,0.003196,0.008522,0.003196
A,233988281,-4.0294,-1.3934,8.7484
G,233988571,0.000000,0.008522,0.001065
TRK,233988,-0.38819,0.22366,-0.01733,-0.89386,-0.5572,0.3244,-0.3783,0.000,0.000,0.000,1,11
A,233990757,-4.0115,-1.3934,8.7520
G,233991064,-0.001065,0.007457,-0.002131
A,233993231,-4.0007,-1.3862,8.7628
G,233993560,-0.001065,0.006392,-0.005326
A,233995689,-3.9863,-1.3755,8.7664
G,233996033,-0.001065,0.004261,-0.005326
A,233998177,-3.9935,-1.3683,8.7628
G,233998536,-0.001065,0.004261,-0.004261
A,234000651,-3.9935,-1.3647,8.7628
G,234001032,-0.001065,0.003196,-0.002131
A,234003121,-4.0079,-1.3719,8.7556
G,234003516,0.000000,0.003196,0.000000
A,234005594,-4.0079,-1.3755,8.7448
G,234006012,0.001065,0.003196,0.000000
A,234008065,-4.0187,-1.3862,8.7340
G,234008496,0.002131,0.003196,0.002131
A,234010539,-4.0187,-1.3898,8.7269
G,234011009,0.002131,0.002131,0.001065
A,234012988,-4.0259,-1.3898,8.7340
G,234013504,0.002131,-0.001065,-0.003196
TRK,234013,-0.38818,0.22368,-0.01737,-0.89386,-0.5572,0.3244,-0.3783,0.000,0.000,0.000,1,11
A,234015471,-4.0259,-1.3934,8.7412
G,234015999,0.001065,-0.004261,-0.009587
A,234017944,-4.0294,-1.3898,8.7556
G,234018494,0.000000,-0.003196,-0.011718
A,234020408,-4.0294,-1.3862,8.7628
G,234020969,0.001065,0.000000,-0.010653
A,234022882,-4.0330,-1.3862,8.7592
G,234023465,0.002131,0.002131,-0.005326
A,234025347,-4.0366,-1.3862,8.7484
G,234025940,0.003196,0.001065,-0.001065
A,234027842,-4.0366,-1.3898,8.7269
G,234028445,0.003196,0.002131,0.002131
A,234030316,-4.0402,-1.3934,8.7125
G,234030961,0.002131,0.004261,0.004261
A,234032771,-4.0438,-1.3970,8.7017
G,234033456,0.001065,0.007457,0.002131
A,234035258,-4.0438,-1.3970,8.7089
G,234035952,0.001065,0.009587,0.001065
A,234037732,-4.0438,-1.3970,8.7197
G,234038447,0.002131,0.009587,0.002131
TRK,234033,-0.38817,0.22370,-0.01738,-0.89385,-0.5572,0.3244,-0.3783,0.000,0.000,0.000,1,11
A,234040200,-4.0366,-1.3970,8.7269
G,234040923,0.003196,0.008522,0.004261
A,234042687,-4.0259,-1.3934,8.7269
G,234043418,0.003196,0.006392,0.004261
A,234045161,-4.0151,-1.3898,8.7305
G,234045914,0.004261,0.003196,0.000000
A,234047640,-4.0115,-1.3898,8.7305
G,234048399,0.004261,0.003196,-0.005326
A,234050113,-4.0079,-1.3934,8.7448
TRK,234049,-0.38816,0.22375,-0.01741,-0.89385,-0.5572,0.3244,-0.3783,0.000,0.000,0.000,1,11
G,234050916,0.005326,0.005326,-0.005326
A,234052573,-4.0115,-1.3934,8.7520
G,234053411,0.004261,0.008522,-0.007457
A,234055062,-4.0187,-1.3898,8.7592
G,234055905,0.005326,0.010653,-0.006392
A,234057536,-4.0294,-1.3970,8.7628
G,234058401,0.006392,0.008522,-0.006392
A,234060008,-4.0366,-1.3898,8.7592
G,234060878,0.007457,0.006392,-0.003196
A,234062500,-4.0438,-1.3898,8.7520
G,234063374,0.006392,0.004261,-0.002131
A,234064973,-4.0438,-1.3862,8.7448
G,234065891,0.004261,0.004261,-0.002131
A,234067436,-4.0402,-1.3827,8.7376
G,234068387,0.001065,0.002131,-0.004261
A,234069910,-4.0330,-1.3827,8.7305
G,234070904,-0.002131,0.001065,-0.005326
A,234072374,-4.0259,-1.3827,8.7269
G,234073400,-0.003196,-0.002131,-0.007457
TRK,234073,-0.38816,0.22379,-0.01743,-0.89384,-0.5572,0.3244,-0.3783,0.000,0.000,0.000,1,11
A,234074869,-4.0187,-1.3791,8.7340
G,234075896,-0.004261,-0.002131,-0.008522
A,234077343,-4.0079,-1.3827,8.7484
G,234078392,-0.003196,-0.003196,-0.010653
A,234079818,-4.0043,-1.3934,8.7556
G,234080868,-0.003196,-0.003196,-0.010653
A,234082313,-3.9971,-1.3970,8.7592
G,234083364,-0.001065,-0.003196,-0.008522
A,234084787,-4.0043,-1.4078,8.7592
G,234085881,0.001065,-0.002131,-0.007457
A,234087253,-4.0115,-1.4042,8.7484
G,234088377,0.004261,0.000000,-0.006392
A,234089750,-4.0187,-1.4042,8.7412
G,234090873,0.005326,0.001065,-0.006392
A,234092224,-4.0259,-1.3970,8.7412
G,234093369,0.004261,0.000000,-0.008522
A,234094698,-4.0259,-1.3898,8.7340
G,234095866,0.003196,-0.002131,-0.011718
A,234097146,-4.0259,-1.3898,8.7305
G,234098362,0.002131,-0.002131,-0.011718
TRK,234097,-0.38818,0.22378,-0.01736,-0.89384,-0.5572,0.3244,-0.3783,0.000,0.000,0.000,1,11
A,234099626,-4.0223,-1.3862,8.7305
G,234100839,0.002131,0.000000,-0.005326
A,234102099,-4.0187,-1.3827,8.7305
G,234103347,0.003196,0.000000,-0.004261
A,234104560,-4.0079,-1.3862,8.7376
G,234105843,0.001065,-0.001065,-0.004261
A,234107034,-4.0007,-1.3862,8.7448
G,234108350,-0.003196,-0.003196,-0.006392
A,234109495,-3.9899,-1.3970,8.7448
G,234110846,-0.005326,-0.003196,-0.005326
A,234111988,-3.9899,-1.3970,8.7484
G,234113334,-0.004261,-0.001065,-0.005326
A,234114462,-3.9935,-1.4078,8.7412
TRK,234110,-0.38818,0.22380,-0.01732,-0.89383,-0.5572,0.3244,-0.3783,0.000,0.000,0.000,1,11
G,234115851,-0.003196,-0.001065,-0.007457
A,234116935,-4.0007,-1.4114,8.7448
G,234118347,-0.002131,-0.001065,-0.008522
A,234119409,-4.0079,-1.4078,8.7448
G,234120845,0.000000,-0.001065,-0.007457
A,234121863,-4.0151,-1.4078,8.7520
G,234123341,0.002131,-0.001065,-0.005326
A,234124348,-4.0223,-1.4006,8.7520
G,234125818,0.003196,0.002131,-0.003196
A,234126822,-4.0294,-1.3934,8.7520
G,234128326,0.004261,0.006392,0.001065
A,234129288,-4.0366,-1.3827,8.7484
G,234130822,0.006392,0.011718,0.003196
A,234131784,-4.0474,-1.3791,8.7484
G,234133310,0.007457,0.012783,0.004261
A,234134258,-4.0510,-1.3791,8.7448
G,234135828,0.008522,0.011718,0.005326
A,234136735,-4.0546,-1.3791,8.7592
G,234138324,0.008522,0.010653,0.005326
A,234139209,-4.0474,-1.3827,8.7592
TRK,234134,-0.38819,0.22383,-0.01727,-0.89382,-0.5572,0.3244,-0.3783,0.000,0.000,0.000,1,11
G,234140842,0.008522,0.007457,0.003196
A,234141687,-4.0438,-1.3755,8.7664
G,234143338,0.008522,0.007457,0.000000
A,234144161,-4.0366,-1.3755,8.7771
G,234145835,0.006392,0.006392,-0.002131
A,234146620,-4.0259,-1.3791,8.7700
G,234148350,0.004261,0.006392,-0.002131
A,234149097,-4.0259,-1.3862,8.7664
G,234150846,0.001065,0.005326,-0.003196
A,234151589,-4.0294,-1.3934,8.7592
G,234153325,0.000000,0.002131,-0.003196
A,234154063,-4.0366,-1.3970,8.7520
TRK,234150,-0.38818,0.22385,-0.01732,-0.89382,-0.5572,0.3244,-0.3783,0.000,0.000,0.000,1,11
G,234155823,0.001065,-0.001065,-0.005326
A,234156524,-4.0438,-1.4078,8.7448
G,234158338,0.004261,-0.002131,-0.003196
A,234159004,-4.0402,-1.4078,8.7448
G,234160834,0.006392,-0.001065,-0.002131
A,234161477,-4.0294,-1.4114,8.7376
G,234163337,0.006392,-0.001065,0.000000
A,234163946,-4.0187,-1.3970,8.7340
G,234165833,0.005326,-0.002131,0.001065
A,234166419,-4.0151,-1.3970,8.7269
G,234168321,0.004261,0.000000,-0.001065
A,234168873,-4.0187,-1.3827,8.7269
G,234170833,0.004261,0.002131,-0.003196
A,234171352,-4.0223,-1.3791,8.7233
G,234173328,0.004261,0.002131,-0.004261
A,234173826,-4.0259,-1.3755,8.7269
TRK,234169,-0.38818,0.22382,-0.01730,-0.89382,-0.5572,0.3244,-0.3783,0.000,0.000,0.000,1,11
G,234175826,0.004261,0.000000,-0.002131
A,234176291,-4.0223,-1.3647,8.7340
G,234178322,0.003196,-0.001065,0.000000
A,234178783,-4.0187,-1.3503,8.7412
G,234180795,0.002131,-0.001065,-0.001065
A,234181257,-4.0151,-1.3431,8.7484
G,234183291,0.002131,0.001065,-0.004261
A,234183730,-4.0151,-1.3503,8.7520
G,234185769,0.002131,0.002131,-0.008522
A,234186178,-4.0187,-1.3611,8.7520
G,234188278,0.003196,0.004261,-0.007457
A,234188657,-4.0187,-1.3827,8.7592
G,234190774,0.003196,0.005326,-0.003196
A,234191131,-4.0223,-1.3898,8.7664
G,234193254,0.002131,0.005326,0.001065
A,234193581,-4.0259,-1.3898,8.7736
TRK,234194,-0.38818,0.22381,-0.01731,-0.89382,-0.5572,0.3244,-0.3783,0.000,0.000,0.000,1,11
G,234195773,0.000000,0.003196,0.003196
A,234196072,-4.0259,-1.3862,8.7736
G,234198269,-0.001065,0.004261,0.003196
A,234198546,-4.0223,-1.3791,8.7771
G,234200745,-0.001065,0.005326,0.000000
A,234200995,-4.0187,-1.3862,8.7664
G,234203265,0.001065,0.005326,-0.003196
A,234203487,-4.0151,-1.3862,8.7592
G,234205761,0.004261,0.003196,-0.005326
A,234205961,-4.0151,-1.3862,8.7592
G,234208250,0.007457,0.002131,-0.004261
A,234208424,-4.0151,-1.3862,8.7628
G,234210746,0.008522,0.003196,-0.003196
A,234210898,-4.0223,-1.3791,8.7700
TRK,234205,-0.38818,0.22381,-0.01733,-0.89383,-0.5572,0.3244,-0.3783,0.000,0.000,0.000,1,11
G,234213235,0.005326,0.005326,-0.003196
A,234213362,-4.0223,-1.3719,8.7807
G,234215731,0.001065,0.005326,-0.005326
A,234215857,-4.0223,-1.3719,8.7843
G,234218201,-0.002131,0.002131,-0.007457
A,234218331,-4.0259,-1.3827,8.7843
G,234220701,-0.002131,-0.001065,-0.009587
A,234220807,-4.0187,-1.3898,8.7771
G,234223197,0.000000,-0.001065,-0.005326
A,234223281,-4.0223,-1.4006,8.7700
G,234225685,0.000000,0.000000,-0.001065
A,234225745,-4.0151,-1.4078,8.7628
G,234228196,0.001065,0.000000,0.003196
A,234228233,-4.0187,-1.4150,8.7592
G,234230692,0.000000,-0.002131,0.002131
A,234230706,-4.0223,-1.4150,8.7592
A,234233174,-4.0223,-1.4150,8.7592
G,234233182,-0.001065,-0.002131,-0.001065
TRK,234234,-0.38817,0.22376,-0.01738,-0.89384,-0.5572,0.3244,-0.3783,0.000,0.000,0.000,1,11
A,234235673,-4.0294,-1.4150,8.7484
G,234235703,-0.002131,-0.004261,-0.006392
A,234238147,-4.0330,-1.4078,8.7484
G,234238199,-0.001065,-0.003196,-0.006392
A,234240605,-4.0438,-1.4114,8.7412
G,234240678,0.000000,-0.002131,-0.007457
A,234243079,-4.0474,-1.4114,8.7376
G,234243174,0.001065,0.001065,-0.006392
A,234245540,-4.0510,-1.4222,8.7412
G,234245654,0.002131,0.003196,-0.008522
A,234248013,-4.0438,-1.4257,8.7412
G,234248150,0.002131,0.003196,-0.005326
A,234250475,-4.0366,-1.4365,8.7412
G,234250631,0.002131,0.003196,0.000000
A,234252968,-4.0259,-1.4329,8.7520
G,234253143,0.003196,0.004261,0.005326
A,234255442,-4.0223,-1.4257,8.7520
G,234255639,0.003196,0.004261,0.005326
A,234257915,-4.0187,-1.4114,8.7592
G,234258130,0.002131,0.002131,0.000000
TRK,234259,-0.38818,0.22374,-0.01735,-0.89384,-0.5572,0.3244,-0.3783,0.000,0.000,0.000,1,11
A,234260419,-4.0223,-1.4006,8.7628
G,234260652,0.000000,0.000000,-0.003196
A,234262893,-4.0259,-1.3934,8.7628
G,234263148,-0.002131,-0.002131,-0.005326
A,234265353,-4.0223,-1.3934,8.7628
G,234265625,-0.001065,-0.003196,-0.005326
A,234267848,-4.0223,-1.3970,8.7664
G,234268137,-0.002131,-0.004261,-0.006392
A,234270322,-4.0187,-1.3934,8.7664
G,234270632,-0.001065,-0.001065,-0.002131
TRK,234271,-0.38819,0.22372,-0.01729,-0.89384,-0.5572,0.3244,-0.3783,0.000,0.000,0.000,1,11
A,234272818,-4.0115,-1.3934,8.7628
G,234273144,-0.001065,0.001065,0.001065
A,234275291,-4.0151,-1.3934,8.7556
G,234275640,0.000000,0.002131,0.002131
A,234277768,-4.0115,-1.3934,8.7484
G,234278131,0.001065,0.001065,0.001065
A,234280242,-4.0115,-1.4006,8.7448
G,234280627,0.001065,0.000000,0.000000
A,234282697,-4.0079,-1.4042,8.7484
G,234283097,0.002131,0.002131,-0.001065
A,234285186,-4.0043,-1.4006,8.7484
G,234285600,0.003196,0.003196,-0.006392
A,234287660,-4.0043,-1.3934,8.7484
G,234288096,0.004261,0.006392,-0.005326
A,234290129,-4.0043,-1.3791,8.7520
G,234290578,0.006392,0.007457,-0.004261
A,234292628,-4.0079,-1.3647,8.7520
G,234293090,0.008522,0.006392,-0.001065
A,234295102,-4.0043,-1.3539,8.7484
G,234295586,0.008522,0.003196,0.001065
A,234297577,-4.0007,-1.3503,8.7448
G,234298074,0.007457,0.002131,0.005326
A,234300051,-4.0043,-1.3575,8.7376
G,234300570,0.005326,0.001065,0.006392
TRK,234295,-0.38821,0.22372,-0.01723,-0.89384,-0.5572,0.3244,-0.3783,0.000,0.000,0.000,1,11
A,234302512,-4.0079,-1.3719,8.7340
G,234303043,0.002131,0.001065,0.003196
A,234304993,-4.0151,-1.3827,8.7233
G,234305535,-0.001065,0.000000,0.000000
A,234307467,-4.0187,-1.3970,8.7233
G,234308031,-0.004261,0.000000,-0.001065
A,234309940,-4.0259,-1.3970,8.7305
G,234310515,-0.003196,0.000000,-0.001065
A,234312414,-4.0294,-1.3934,8.7376
G,234313011,-0.001065,0.000000,-0.001065
TRK,234307,-0.38821,0.22370,-0.01720,-0.89384,-0.5572,0.3244,-0.3783,0.000,0.000,0.000,1,11
A,234314888,-4.0330,-1.3934,8.7484
G,234315495,0.002131,0.000000,-0.002131
A,234317382,-4.0330,-1.3862,8.7520
G,234317999,0.003196,0.001065,0.000000
A,234319856,-4.0330,-1.3898,8.7592
G,234320495,0.002131,0.001065,0.001065
A,234322334,-4.0223,-1.3862,8.7556
G,234322982,0.002131,0.002131,0.001065
A,234324808,-4.0115,-1.3934,8.7556
G,234325478,0.002131,0.002131,-0.001065
A,234327274,-4.0007,-1.3934,8.7556
G,234327953,0.002131,0.000000,-0.005326
A,234329771,-3.9971,-1.4114,8.7556
G,234330458,0.003196,0.001065,-0.006392
A,234332244,-3.9935,-1.4150,8.7628
G,234332954,0.003196,0.002131,-0.003196
A,234334720,-4.0043,-1.4222,8.7700
G,234335437,0.002131,0.003196,-0.001065
A,234337194,-4.0115,-1.4114,8.7736
TRK,234332,-0.38823,0.22371,-0.01712,-0.89383,-0.5572,0.3244,-0.3783,0.000,0.000,0.000,1,11
G,234337953,0.001065,0.002131,-0.002131
A,234339652,-4.0151,-1.4042,8.7700
G,234340449,-0.001065,0.001065,-0.003196
A,234342142,-4.0259,-1.3898,8.7771
G,234342944,-0.001065,0.001065,-0.002131
A,234344615,-4.0259,-1.3898,8.7807
G,234345440,-0.001065,0.000000,0.000000
A,234347086,-4.0294,-1.3934,8.7879
G,234347916,-0.001065,-0.001065,0.001065
A,234349559,-4.0294,-1.4006,8.7951
G,234350412,-0.001065,-0.004261,-0.002131
TRK,234344,-0.38824,0.22370,-0.01708,-0.89383,-0.5572,0.3244,-0.3783,0.000,0.000,0.000,1,11
A,234352030,-4.0294,-1.4150,8.7879
G,234352887,-0.001065,-0.004261,-0.002131
A,234354504,-4.0294,-1.4222,8.7736
G,234355394,-0.002131,-0.004261,-0.001065
A,234356957,-4.0294,-1.4222,8.7520
G,234357890,-0.003196,-0.003196,-0.001065
A,234359438,-4.0294,-1.4222,8.7340
G,234360375,-0.002131,-0.004261,-0.004261
A,234361912,-4.0259,-1.4078,8.7269
G,234362892,-0.003196,-0.003196,-0.005326
A,234364376,-4.0223,-1.4006,8.7269
G,234365387,-0.002131,-0.003196,-0.007457
A,234366870,-4.0115,-1.3934,8.7305
G,234367884,0.000000,-0.001065,-0.007457
A,234369344,-4.0115,-1.4006,8.7376
G,234370399,0.004261,-0.002131,-0.007457
A,234371808,-4.0043,-1.4006,8.7484
G,234372895,0.006392,-0.002131,-0.004261
TRK,234368,-0.38827,0.22361,-0.01700,-0.89385,-0.5572,0.3244,-0.3783,0.000,0.000,0.000,1,11
A,234374294,-4.0151,-1.4006,8.7484
G,234375381,0.007457,0.000000,0.000000
A,234376768,-4.0151,-1.3934,8.7556
G,234377877,0.005326,0.001065,-0.001065
A,234379255,-4.0223,-1.3898,8.7556
G,234380364,0.003196,0.002131,0.000000
A,234381729,-4.0294,-1.3791,8.7484
G,234382881,0.001065,0.003196,-0.003196
A,234384196,-4.0330,-1.3791,8.7376
G,234385377,0.001065,0.002131,-0.003196
A,234386670,-4.0402,-1.3791,8.7340
G,234387874,0.001065,0.002131,-0.003196
A,234389119,-4.0438,-1.3791,8.7305
G,234390369,0.000000,0.000000,-0.001065
TRK,234389,-0.38827,0.22358,-0.01699,-0.89385,-0.5572,0.3244,-0.3783,0.000,0.000,0.000,1,11
A,234391599,-4.0438,-1.3827,8.7448
G,234392846,-0.001065,0.000000,-0.002131
A,234394073,-4.0294,-1.3791,8.7520
G,234395350,-0.001065,0.001065,-0.005326
A,234396530,-4.0151,-1.3755,8.7664
G,234397846,0.001065,0.002131,-0.008522
A,234399004,-4.0007,-1.3791,8.7700
G,234400354,0.002131,0.005326,-0.007457
A,234401467,-3.9971,-1.3827,8.7664
G,234402850,0.003196,0.005326,-0.007457
A,234403940,-4.0007,-1.3934,8.7664
G,234405357,0.004261,0.004261,-0.003196
A,234406404,-4.0115,-1.3934,8.7556
G,234407853,0.003196,0.001065,-0.001065
A,234408898,-4.0187,-1.3934,8.7448
G,234410340,0.002131,0.000000,0.000000
A,234411372,-4.0223,-1.3862,8.7376
G,234412858,0.003196,0.001065,0.002131
A,234413847,-4.0223,-1.3791,8.7340
G,234415353,0.004261,0.003196,0.003196
A,234416320,-4.0187,-1.3719,8.7269
TRK,234411,-0.38827,0.22360,-0.01698,-0.89385,-0.5572,0.3244,-0.3783,0.000,0.000,0.000,1,11
G,234417851,0.005326,0.005326,0.004261
A,234418776,-4.0259,-1.3755,8.7269
G,234420347,0.004261,0.005326,0.002131
A,234421250,-4.0259,-1.3827,8.7233
G,234422844,0.002131,0.005326,0.003196
A,234423707,-4.0330,-1.3898,8.7305
G,234425340,0.001065,0.004261,0.003196
A,234426181,-4.0366,-1.3934,8.7340
G,234427838,0.001065,0.003196,0.000000
A,234428640,-4.0330,-1.3970,8.7376
G,234430333,0.001065,0.002131,-0.003196
A,234431130,-4.0259,-1.3970,8.7412
G,234432811,0.002131,0.002131,-0.004261
A,234433603,-4.0187,-1.4006,8.7412
G,234435309,0.004261,0.003196,0.000000
A,234436064,-4.0151,-1.3934,8.7520
G,234437805,0.005326,0.003196,0.001065
A,234438538,-4.0151,-1.3970,8.7556
TRK,234432,-0.38826,0.22362,-0.01701,-0.89384,-0.5572,0.3244,-0.3783,0.000,0.000,0.000,1,11
G,234440293,0.004261,0.003196,0.003196
A,234440989,-4.0187,-1.3934,8.7556
G,234442789,0.002131,0.001065,0.002131
A,234443463,-4.0151,-1.3970,8.7520
G,234445278,0.003196,0.002131,0.005326
A,234445916,-4.0187,-1.4006,8.7484
G,234447773,0.004261,0.004261,0.005326
A,234448400,-4.0223,-1.4078,8.7448
G,234450243,0.004261,0.004261,0.007457
A,234450874,-4.0330,-1.4078,8.7484
TRK,234450,-0.38825,0.22366,-0.01707,-0.89384,-0.5572,0.3244,-0.3783,0.000,0.000,0.000,1,11
G,234452742,0.003196,0.003196,0.005326
A,234453339,-4.0402,-1.4078,8.7448
G,234455238,0.002131,-0.001065,0.000000
A,234455834,-4.0474,-1.3970,8.7520
G,234457717,0.003196,-0.002131,-0.004261
A,234458308,-4.0474,-1.3970,8.7484
G,234460228,0.004261,-0.001065,-0.006392
A,234460784,-4.0438,-1.3970,8.7520
G,234462723,0.005326,0.002131,-0.006392
A,234463258,-4.0330,-1.4006,8.7484
G,234465213,0.006392,0.005326,-0.005326
A,234465715,-4.0223,-1.4114,8.7448
G,234467733,0.006392,0.007457,-0.004261
A,234468203,-4.0151,-1.4150,8.7412
G,234470229,0.005326,0.007457,-0.001065
A,234470677,-4.0115,-1.4222,8.7376
G,234472716,0.002131,0.006392,0.000000
A,234473133,-4.0223,-1.4222,8.7412
G,234475212,-0.001065,0.005326,-0.001065
TRK,234474,-0.38823,0.22372,-0.01712,-0.89383,-0.5572,0.3244,-0.3783,0.000,0.000,0.000,1,11
A,234475632,-4.0330,-1.4186,8.7412
G,234477692,-0.004261,0.006392,0.000000
A,234478106,-4.0438,-1.4114,8.7448
G,234480202,-0.005326,0.006392,-0.003196
A,234480586,-4.0402,-1.3970,8.7556
G,234482698,-0.006392,0.007457,-0.007457
A,234483060,-4.0366,-1.3862,8.7520
G,234485189,-0.006392,0.006392,-0.010653
A,234485522,-4.0259,-1.3755,8.7520
G,234487685,-0.005326,0.005326,-0.012783
A,234487996,-4.0223,-1.3755,8.7484
G,234490176,-0.004261,0.002131,-0.011718
A,234490458,-4.0187,-1.3827,8.7448
G,234492691,-0.002131,0.000000,-0.007457
A,234492945,-4.0187,-1.3898,8.7520
G,234495187,-0.001065,-0.001065,-0.003196
A,234495419,-4.0259,-1.3898,8.7484
TRK,234495,-0.38824,0.22381,-0.01706,-0.89381,-0.5572,0.3244,-0.3783,0.000,0.000,0.000,1,11
G,234497680,0.002131,0.000000,0.003196
A,234497886,-4.0294,-1.3827,8.7484
G,234500176,0.003196,0.002131,0.004261
A,234500360,-4.0366,-1.3719,8.7448
G,234502657,0.003196,0.004261,0.001065
A,234502815,-4.0402,-1.3647,8.7376
G,234505152,0.001065,0.004261,-0.002131
A,234505288,-4.0366,-1.3683,8.7448
G,234507634,0.001065,0.004261,-0.004261
A,234507745,-4.0330,-1.3755,8.7484
G,234510130,0.001065,0.002131,-0.002131
A,234510219,-4.0223,-1.3827,8.7592
G,234512611,0.002131,0.001065,-0.001065
A,234512677,-4.0115,-1.3898,8.7556
G,234515123,0.003196,0.001065,-0.002131
A,234515166,-4.0043,-1.3898,8.7520
G,234517619,0.003196,0.000000,-0.003196
A,234517639,-4.0043,-1.3898,8.7520
A,234520109,-4.0079,-1.3862,8.7484
G,234520111,0.003196,0.000000,0.000000
TRK,234521,-0.38822,0.22387,-0.01710,-0.89380,-0.5572,0.3244,-0.3783,0.000,0.000,0.000,1,11
A,234522609,-4.0187,-1.3827,8.7484
G,234522633,0.003196,-0.001065,0.001065
A,234525083,-4.0259,-1.3827,8.7556
G,234525129,0.003196,-0.001065,0.002131
A,234527541,-4.0294,-1.3827,8.7484
G,234527609,0.003196,-0.001065,-0.001065
A,234530015,-4.0223,-1.3898,8.7412
G,234530105,0.005326,0.001065,0.000000
A,234532466,-4.0151,-1.3970,8.7340
G,234532576,0.006392,0.002131,0.001065
TRK,234533,-0.38822,0.22387,-0.01712,-0.89380,-0.5572,0.3244,-0.3783,0.000,0.000,0.000,1,11
A,234534959,-4.0079,-1.4042,8.7305
G,234535088,0.005326,0.002131,0.000000
A,234537432,-4.0079,-1.4042,8.7376
G,234537584,0.003196,0.001065,-0.001065
A,234539886,-4.0151,-1.4042,8.7412
G,234540057,0.003196,0.000000,-0.002131
A,234542360,-4.0259,-1.3970,8.7484
G,234542577,0.002131,0.001065,-0.002131
A,234544812,-4.0402,-1.3970,8.7520
G,234545072,0.003196,0.004261,-0.001065
A,234547298,-4.0438,-1.3970,8.7484
G,234547575,0.004261,0.005326,0.000000
A,234549772,-4.0366,-1.3934,8.7484
G,234550071,0.003196,0.005326,0.002131
A,234552238,-4.0294,-1.3934,8.7412
G,234552554,0.002131,0.001065,0.003196
A,234554712,-4.0223,-1.3862,8.7412
G,234555074,0.000000,-0.004261,0.001065
A,234557167,-4.0187,-1.3791,8.7376
G,234557570,0.000000,-0.007457,-0.004261
TRK,234558,-0.38821,0.22388,-0.01714,-0.89380,-0.5572,0.3244,-0.3783,0.000,0.000,0.000,1,11
A,234559666,-4.0187,-1.3827,8.7448
G,234560083,0.000000,-0.004261,-0.004261
A,234562140,-4.0115,-1.3791,8.7556
G,234562579,0.000000,0.001065,-0.004261
A,234564619,-4.0115,-1.3827,8.7592
G,234565072,-0.001065,0.004261,-0.001065
A,234567117,-4.0043,-1.3862,8.7520
G,234567583,-0.001065,0.007457,-0.002131
A,234569591,-4.0043,-1.3898,8.7484
G,234570079,-0.002131,0.007457,0.000000
TRK,234565,-0.38822,0.22388,-0.01714,-0.89380,-0.5572,0.3244,-0.3783,0.000,0.000,0.000,1,11
A,234572082,-4.0043,-1.3934,8.7412
G,234572581,-0.001065,0.007457,0.003196
A,234574555,-4.0043,-1.3898,8.7412
G,234575077,0.001065,0.004261,0.003196
A,234577023,-4.0115,-1.3934,8.7412
G,234577557,0.004261,0.003196,0.001065
A,234579497,-4.0151,-1.3898,8.7448
G,234580070,0.006392,0.002131,-0.004261
A,234581950,-4.0187,-1.3898,8.7448
G,234582566,0.006392,0.002131,-0.006392
A,234584423,-4.0259,-1.3862,8.7556
G,234585048,0.003196,0.001065,-0.007457
A,234586916,-4.0259,-1.3827,8.7592
G,234587552,-0.001065,0.002131,-0.007457
A,234589390,-4.0259,-1.3827,8.7736
G,234590048,-0.003196,0.002131,-0.007457
A,234591852,-4.0187,-1.3862,8.7700
G,234592519,-0.002131,0.003196,-0.004261
A,234594326,-4.0115,-1.3934,8.7664
TRK,234593,-0.38821,0.22385,-0.01718,-0.89381,-0.5572,0.3244,-0.3783,0.000,0.000,0.000,1,11
G,234595032,0.001065,0.004261,-0.001065
A,234596782,-4.0115,-1.3934,8.7556
G,234597528,0.003196,0.006392,0.001065
A,234599262,-4.0115,-1.3934,8.7484
G,234600016,0.005326,0.008522,0.001065
A,234601736,-4.0115,-1.3862,8.7412
G,234602512,0.005326,0.007457,0.002131
A,234604204,-4.0151,-1.3827,8.7484
G,234604986,0.004261,0.006392,0.003196
A,234606702,-4.0115,-1.3862,8.7484
G,234607491,0.005326,0.004261,0.003196
A,234609176,-4.0187,-1.3934,8.7556
G,234610005,0.006392,0.004261,0.005326
A,234611634,-4.0223,-1.3970,8.7664
G,234612501,0.006392,0.003196,0.004261
A,234614124,-4.0223,-1.4150,8.7664
G,234614995,0.002131,0.002131,-0.001065
A,234616598,-4.0187,-1.4150,8.7664
G,234617491,-0.003196,-0.001065,-0.008522
TRK,234612,-0.38820,0.22382,-0.01724,-0.89382,-0.5572,0.3244,-0.3783,0.000,0.000,0.000,1,11
A,234619068,-4.0115,-1.4222,8.7664
G,234619965,-0.005326,-0.002131,-0.010653
A,234621542,-4.0043,-1.4114,8.7664
G,234622461,-0.004261,-0.001065,-0.010653
A,234624013,-4.0079,-1.3934,8.7664
G,234624936,-0.002131,0.001065,-0.007457
A,234626508,-4.0079,-1.3791,8.7664
G,234627434,-0.002131,0.001065,-0.004261
A,234628981,-4.0151,-1.3647,8.7664
G,234629959,-0.001065,-0.001065,-0.001065
A,234631453,-4.0151,-1.3647,8.7556
G,234632455,0.002131,0.001065,0.000000
TRK,234628,-0.38822,0.22378,-0.01717,-0.89382,-0.5572,0.3244,-0.3783,0.000,0.000,0.000,1,11
A,234633946,-4.0151,-1.3719,8.7628
G,234634950,0.005326,0.003196,-0.001065
A,234636420,-4.0151,-1.3862,8.7664
G,234637465,0.004261,0.006392,-0.001065
A,234638884,-4.0151,-1.4006,8.7700
G,234639961,0.003196,0.006392,0.000000
A,234641357,-4.0079,-1.4006,8.7664
G,234642465,0.003196,0.005326,0.001065
A,234643812,-4.0079,-1.4006,8.7556
G,234644961,0.005326,0.005326,0.003196
A,234646286,-4.0079,-1.3898,8.7448
G,234647466,0.006392,0.006392,0.005326
A,234648742,-4.0151,-1.3827,8.7340
G,234649962,0.005326,0.007457,0.006392
A,234651227,-4.0223,-1.3791,8.7412
G,234652445,0.003196,0.008522,0.003196
A,234653701,-4.0223,-1.3827,8.7412
TRK,234653,-0.38821,0.22370,-0.01720,-0.89384,-0.5572,0.3244,-0.3783,0.000,0.000,0.000,1,11
G,234654960,0.002131,0.007457,-0.002131
A,234656169,-4.0223,-1.3862,8.7412
G,234657456,0.001065,0.003196,-0.006392
A,234658658,-4.0187,-1.3862,8.7448
G,234659941,0.001065,-0.001065,-0.006392
A,234661131,-4.0187,-1.3898,8.7305
G,234662457,0.001065,-0.002131,-0.006392
A,234663602,-4.0187,-1.3862,8.7305
G,234664953,0.000000,0.001065,-0.002131
A,234666076,-4.0223,-1.3862,8.7305
G,234667458,0.000000,0.006392,0.001065
A,234668537,-4.0187,-1.3827,8.7305
G,234669954,0.001065,0.008522,0.002131
A,234671028,-4.0115,-1.3755,8.7412
G,234672439,0.001065,0.007457,0.002131
A,234673502,-4.0079,-1.3683,8.7556
G,234674942,0.002131,0.005326,0.000000
A,234675962,-4.0043,-1.3647,8.7628
G,234677438,0.003196,0.004261,0.001065
TRK,234672,-0.38822,0.22365,-0.01719,-0.89385,-0.5572,0.3244,-0.3783,0.000,0.000,0.000,1,11
A,234678445,-4.0115,-1.3683,8.7736
G,234679913,0.004261,0.004261,0.003196
A,234680919,-4.0151,-1.3719,8.7736
G,234682419,0.005326,0.004261,0.003196
A,234683383,-4.0259,-1.3791,8.7771
G,234684914,0.007457,0.004261,0.002131
A,234685866,-4.0330,-1.3898,8.7700
G,234687388,0.008522,0.003196,0.000000
A,234688341,-4.0402,-1.3970,8.7628
G,234689893,0.008522,0.002131,0.000000
A,234690805,-4.0474,-1.4042,8.7484
G,234692388,0.007457,0.002131,-0.003196
TRK,234687,-0.38822,0.22361,-0.01723,-0.89386,-0.5572,0.3244,-0.3783,0.000,0.000,0.000,1,11
A,234693292,-4.0474,-1.4078,8.7376
G,234694865,0.006392,0.003196,-0.005326
A,234695766,-4.0474,-1.4042,8.7340
G,234697360,0.005326,0.004261,-0.005326
A,234698222,-4.0510,-1.4006,8.7340
G,234699856,0.003196,0.006392,-0.002131
A,234700716,-4.0438,-1.3934,8.7412
G,234702338,0.001065,0.008522,0.001065
A,234703190,-4.0402,-1.3862,8.7448
G,234704855,-0.001065,0.009587,0.004261
A,234705669,-4.0294,-1.3791,8.7520
G,234707351,-0.002131,0.010653,0.004261
A,234708143,-4.0115,-1.3719,8.7520
G,234709848,-0.002131,0.007457,0.003196
A,234710603,-4.0079,-1.3683,8.7484
G,234712343,-0.002131,0.004261,-0.001065
A,234713077,-4.0079,-1.3719,8.7484
TRK,234707,-0.38821,0.22361,-0.01726,-0.89386,-0.5572,0.3244,-0.3783,0.000,0.000,0.000,1,11
G,234714840,0.000000,0.002131,-0.002131
A,234715538,-4.0187,-1.3791,8.7412
G,234717358,0.004261,0.003196,-0.001065
A,234718021,-4.0330,-1.3827,8.7340
G,234719854,0.008522,0.006392,0.002131
A,234720495,-4.0402,-1.3862,8.7305
G,234722361,0.010653,0.007457,0.001065
A,234722968,-4.0438,-1.3755,8.7305
G,234724857,0.011718,0.008522,-0.002131
A,234725442,-4.0438,-1.3791,8.7412
G,234727344,0.010653,0.008522,-0.003196
A,234727896,-4.0366,-1.3791,8.7484
G,234729861,0.008522,0.007457,-0.003196
A,234730381,-4.0294,-1.3791,8.7628
G,234732356,0.008522,0.006392,-0.003196
A,234732855,-4.0259,-1.3827,8.7628
G,234734853,0.006392,0.004261,-0.002131
A,234735320,-4.0223,-1.3791,8.7592
G,234737372,0.004261,0.002131,0.000000
A,234737808,-4.0223,-1.3755,8.7556
G,234739867,0.000000,0.002131,0.001065
A,234740282,-4.0223,-1.3755,8.7484
TRK,234736,-0.38818,0.22364,-0.01738,-0.89387,-0.5572,0.3244,-0.3783,0.000,0.000,0.000,1,11
G,234742354,-0.002131,0.001065,0.002131
A,234742739,-4.0223,-1.3791,8.7520
G,234744849,-0.003196,0.001065,0.000000
A,234745227,-4.0294,-1.3898,8.7520
G,234747316,-0.003196,0.002131,-0.004261
A,234747701,-4.0294,-1.4006,8.7520
G,234749801,-0.002131,0.005326,-0.007457
A,234750157,-4.0294,-1.4078,8.7448
G,234752296,-0.001065,0.007457,-0.006392
TRK,234746,-0.38817,0.22366,-0.01741,-0.89386,-0.5572,0.3244,-0.3783,0.000,0.000,0.000,1,11
A,234752656,-4.0294,-1.4150,8.7376
G,234754774,0.000000,0.005326,-0.003196
A,234755131,-4.0294,-1.4150,8.7340
G,234757277,0.000000,0.002131,0.002131
A,234757605,-4.0366,-1.4078,8.7305
G,234759772,0.001065,0.002131,0.003196
A,234760079,-4.0438,-1.3934,8.7269
G,234762258,0.003196,0.004261,0.004261
A,234762537,-4.0474,-1.3827,8.7269
G,234764777,0.005326,0.006392,0.000000
A,234765029,-4.0510,-1.3683,8.7340
G,234767272,0.006392,0.007457,-0.001065
A,234767503,-4.0474,-1.3683,8.7376
G,234769751,0.005326,0.007457,-0.003196
A,234769956,-4.0402,-1.3755,8.7484
G,234772260,0.005326,0.006392,-0.002131
A,234772439,-4.0294,-1.3791,8.7484
G,234774755,0.004261,0.005326,0.000000
A,234774913,-4.0223,-1.3898,8.7520
TRK,234770,-0.38815,0.22375,-0.01746,-0.89385,-0.5572,0.3244,-0.3783,0.000,0.000,0.000,1,11
G,234777244,0.003196,0.003196,0.001065
A,234777378,-4.0151,-1.3827,8.7556
G,234779740,0.000000,0.002131,0.000000
A,234779852,-4.0115,-1.3755,8.7556
G,234782229,-0.003196,-0.001065,-0.003196
A,234782317,-4.0115,-1.3683,8.7592
G,234784724,-0.005326,-0.001065,-0.002131
A,234784791,-4.0151,-1.3647,8.7592
G,234787214,-0.007457,0.000000,0.000000
A,234787258,-4.0151,-1.3647,8.7556
G,234789734,-0.005326,0.003196,0.003196
A,234789756,-4.0151,-1.3719,8.7484
G,234792229,-0.003196,0.004261,0.003196
A,234792230,-4.0115,-1.3827,8.7340
A,234794696,-4.0115,-1.3827,8.7269
G,234794717,0.000000,0.003196,0.002131
A,234797171,-4.0151,-1.3934,8.7197
G,234797212,0.001065,0.002131,-0.001065
TRK,234791,-0.38814,0.22383,-0.01748,-0.89383,-0.5572,0.3244,-0.3783,0.000,0.000,0.000,1,11
A,234799630,-4.0187,-1.3898,8.7305
G,234799692,0.002131,0.000000,-0.003196
A,234802112,-4.0330,-1.3827,8.7340
G,234802194,0.003196,0.000000,-0.006392
A,234804586,-4.0366,-1.3827,8.7448
G,234804690,0.002131,0.003196,-0.008522
A,234807050,-4.0366,-1.3755,8.7448
G,234807173,0.003196,0.007457,-0.005326
A,234809551,-4.0259,-1.3683,8.7520
G,234809693,0.005326,0.012783,-0.001065
A,234812025,-4.0223,-1.3647,8.7628
G,234812188,0.007457,0.011718,0.002131
A,234814487,-4.0151,-1.3611,8.7700
G,234814669,0.007457,0.007457,0.001065
A,234816980,-4.0115,-1.3575,8.7771
G,234817179,0.006392,0.004261,-0.002131
A,234819454,-4.0151,-1.3611,8.7736
G,234819675,0.003196,0.002131,-0.003196
TRK,234815,-0.38812,0.22387,-0.01756,-0.89383,-0.5572,0.3244,-0.3783,0.000,0.000,0.000,1,11
A,234821928,-4.0187,-1.3719,8.7556
G,234822165,0.001065,0.002131,-0.003196
A,234824402,-4.0151,-1.3791,8.7376
G,234824661,-0.001065,0.000000,-0.002131
A,234826877,-4.0115,-1.3898,8.7197
G,234827151,-0.003196,-0.001065,-0.001065
A,234829351,-4.0115,-1.3970,8.7089
G,234829647,-0.004261,-0.004261,0.000000
A,234831802,-4.0115,-1.4006,8.7161
G,234832114,-0.004261,-0.005326,-0.001065
A,234834289,-4.0151,-1.4006,8.7269
G,234834615,-0.003196,-0.005326,0.000000
TRK,234832,-0.38813,0.22384,-0.01756,-0.89384,-0.5572,0.3244,-0.3783,0.000,0.000,0.000,1,11
A,234836786,-4.0187,-1.4006,8.7484
G,234837127,0.000000,-0.001065,-0.001065
A,234839260,-4.0187,-1.3970,8.7664
G,234839622,0.002131,0.001065,-0.002131
A,234841737,-4.0151,-1.3970,8.7807
G,234842114,0.003196,0.004261,-0.002131
A,234844211,-4.0079,-1.3898,8.7951
G,234844609,0.003196,0.006392,0.002131
A,234846690,-4.0007,-1.3862,8.7951
G,234847101,0.005326,0.007457,0.004261
A,234849164,-3.9935,-1.3719,8.7987
G,234849597,0.005326,0.006392,0.002131
A,234851641,-3.9863,-1.3683,8.7915
G,234852086,0.004261,0.004261,0.000000
A,234854115,-3.9828,-1.3647,8.7879
G,234854582,0.002131,0.004261,-0.001065
A,234856572,-3.9863,-1.3647,8.7771
G,234857051,0.000000,0.005326,-0.002131
A,234859063,-3.9935,-1.3647,8.7700
G,234859554,-0.002131,0.005326,-0.004261
A,234861538,-4.0079,-1.3683,8.7592
TRK,234857,-0.38812,0.22380,-0.01759,-0.89385,-0.5572,0.3244,-0.3783,0.000,0.000,0.000,1,11
G,234862067,-0.005326,0.003196,-0.006392
A,234863990,-4.0187,-1.3647,8.7556
G,234864562,-0.006392,0.001065,-0.007457
A,234866464,-4.0294,-1.3719,8.7520
G,234867075,-0.006392,-0.001065,-0.007457
A,234868917,-4.0366,-1.3755,8.7520
G,234869571,-0.007457,-0.002131,-0.008522
A,234871401,-4.0438,-1.3791,8.7556
G,234872063,-0.006392,-0.001065,-0.007457
A,234873876,-4.0438,-1.3827,8.7556
G,234874559,-0.005326,0.001065,-0.006392
TRK,234869,-0.38814,0.22374,-0.01755,-0.89386,-0.5572,0.3244,-0.3783,0.000,0.000,0.000,1,11
STAT,404.0,401.0,0,0,0,0.0287,0.288,0.0968,0.1508,-0.0992,9.7289,0.62,0.001
A,234876341,-4.0402,-1.3862,8.7556
G,234877032,-0.002131,0.002131,-0.003196
A,234878836,-4.0366,-1.3862,8.7520
G,234879534,0.001065,0.001065,-0.001065
A,234881310,-4.0330,-1.3934,8.7484
G,234882030,0.003196,0.000000,0.000000
A,234883787,-4.0294,-1.4006,8.7520
G,234884513,0.004261,0.001065,-0.003196
A,234886261,-4.0294,-1.4006,8.7520
G,234887009,0.004261,0.002131,-0.009587
A,234888738,-4.0294,-1.3970,8.7556
G,234889493,0.004261,0.003196,-0.012783
A,234891213,-4.0330,-1.3934,8.7592
TRK,234886,-0.38815,0.22364,-0.01754,-0.89388,-0.5572,0.3244,-0.3783,0.000,0.000,0.000,1,11
G,234892007,0.003196,0.002131,-0.013848
A,234893671,-4.0294,-1.3827,8.7556
G,234894503,0.001065,0.000000,-0.011718
A,234896154,-4.0223,-1.3791,8.7556
G,234896990,-0.001065,-0.003196,-0.008522
A,234898629,-4.0115,-1.3791,8.7628
G,234899486,-0.002131,-0.003196,-0.006392
A,234901099,-4.0079,-1.3862,8.7592
G,234901961,-0.001065,-0.002131,-0.003196
A,234903573,-4.0079,-1.3934,8.7628
G,234904456,-0.001065,0.001065,0.002131
A,234906044,-4.0187,-1.4006,8.7592
G,234906931,-0.002131,0.003196,0.002131
A,234908546,-4.0330,-1.4042,8.7556
G,234909436,-0.002131,0.004261,-0.001065
A,234911020,-4.0402,-1.3970,8.7556
G,234911932,-0.001065,0.001065,-0.007457
A,234913502,-4.0510,-1.3898,8.7520
G,234914417,-0.001065,0.000000,-0.008522
A,234915977,-4.0474,-1.3827,8.7484
TRK,234911,-0.38816,0.22355,-0.01750,-0.89390,-0.5572,0.3244,-0.3783,0.000,0.000,0.000,1,11
G,234916933,0.000000,-0.002131,-0.008522
A,234918440,-4.0438,-1.3683,8.7520
G,234919428,0.001065,-0.001065,-0.002131
A,234920929,-4.0294,-1.3683,8.7412
G,234921919,0.001065,-0.002131,0.000000
A,234923403,-4.0223,-1.3647,8.7376
G,234924415,0.001065,-0.003196,0.001065
A,234925878,-4.0187,-1.3683,8.7376
G,234926891,0.001065,-0.004261,0.001065
A,234928352,-4.0187,-1.3791,8.7340
G,234929412,0.002131,-0.001065,0.002131
A,234930823,-4.0223,-1.3862,8.7376
G,234931907,0.003196,0.003196,0.005326
TRK,234928,-0.38817,0.22350,-0.01747,-0.89391,-0.5572,0.3244,-0.3783,0.000,0.000,0.000,1,11
A,234933309,-4.0259,-1.3934,8.7448
G,234934393,0.003196,0.006392,0.006392
A,234935783,-4.0259,-1.3934,8.7520
G,234936900,0.003196,0.008522,0.008522
A,234938241,-4.0294,-1.3898,8.7556
G,234939396,0.000000,0.007457,0.009587
A,234940739,-4.0330,-1.3898,8.7628
G,234941892,-0.002131,0.004261,0.005326
A,234943213,-4.0402,-1.3934,8.7664
G,234944412,-0.004261,0.001065,0.001065
A,234945685,-4.0402,-1.3970,8.7700
G,234946907,-0.004261,-0.001065,-0.004261
A,234948174,-4.0330,-1.4006,8.7700
G,234949393,-0.003196,-0.003196,-0.005326
A,234950648,-4.0151,-1.3970,8.7736
G,234951889,-0.002131,-0.005326,-0.008522
A,234953138,-4.0043,-1.3934,8.7592
G,234954375,0.000000,-0.007457,-0.008522
A,234955612,-3.9971,-1.3898,8.7556
TRK,234955,-0.38817,0.22350,-0.01748,-0.89391,-0.5572,0.3244,-0.3783,0.000,0.000,0.000,1,11
G,234956891,0.001065,-0.006392,-0.006392
A,234958082,-3.9971,-1.3898,8.7448
G,234959387,0.002131,-0.002131,-0.002131
A,234960576,-4.0079,-1.3934,8.7412
G,234961875,0.001065,0.003196,0.003196
A,234963050,-4.0187,-1.3970,8.7376
G,234964371,0.000000,0.005326,0.004261
A,234965532,-4.0366,-1.4042,8.7412
G,234966848,0.000000,0.005326,0.003196
A,234968006,-4.0438,-1.4042,8.7448
G,234969343,0.002131,0.003196,0.002131
TRK,234968,-0.38817,0.22353,-0.01748,-0.89390,-0.5572,0.3244,-0.3783,0.000,0.000,0.000,1,11
A,234970489,-4.0546,-1.4042,8.7556
G,234971820,0.002131,0.001065,0.001065
A,234972963,-4.0510,-1.4078,8.7556
G,234974335,0.003196,-0.001065,0.000000
A,234975433,-4.0402,-1.4042,8.7520
G,234976830,0.003196,-0.002131,-0.002131
A,234977907,-4.0366,-1.4078,8.7412
G,234979332,0.003196,0.001065,-0.002131
A,234980366,-4.0259,-1.4042,8.7412
G,234981828,0.002131,0.003196,0.001065
A,234982861,-4.0223,-1.4078,8.7484
G,234984315,0.001065,0.004261,0.004261
A,234985336,-4.0187,-1.4042,8.7628
G,234986826,0.001065,0.004261,0.006392
A,234987805,-4.0223,-1.4006,8.7771
G,234989322,0.001065,0.003196,0.006392
A,234990279,-4.0294,-1.3970,8.7771
TRK,234985,-0.38817,0.22358,-0.01746,-0.89389,-0.5572,0.3244,-0.3783,0.000,0.000,0.000,1,11
G,234991819,0.001065,0.000000,0.001065
A,234992736,-4.0330,-1.3970,8.7664
G,234994337,0.001065,-0.001065,-0.005326
A,234995215,-4.0366,-1.3898,8.7520
G,234996833,0.002131,-0.001065,-0.005326
A,234997689,-4.0330,-1.3898,8.7340
G,234999340,0.005326,0.001065,0.001065
A,235000158,-4.0259,-1.3827,8.7233
G,235001836,0.006392,0.003196,0.007457
A,235002657,-4.0294,-1.3827,8.7197
G,235004323,0.005326,0.003196,0.007457
A,235005132,-4.0223,-1.3862,8.7125
G,235006828,0.005326,0.003196,0.005326
A,235007599,-4.0294,-1.3898,8.7197
G,235009324,0.005326,0.003196,0.002131
A,235010073,-4.0330,-1.3898,8.7305
TRK,235004,-0.38817,0.22364,-0.01744,-0.89387,-0.5572,0.3244,-0.3783,0.000,0.000,0.000,1,11
G,235011821,0.005326,0.004261,0.001065
A,235012534,-4.0366,-1.3862,8.7412
G,235014316,0.005326,0.005326,0.000000
A,235015008,-4.0330,-1.3791,8.7448
G,235016814,0.004261,0.003196,-0.002131
A,235017471,-4.0294,-1.3755,8.7484
G,235019329,0.003196,0.001065,-0.007457
A,235019952,-4.0259,-1.3755,8.7520
G,235021825,0.000000,-0.002131,-0.010653
A,235022426,-4.0187,-1.3862,8.7592
G,235024312,-0.002131,-0.002131,-0.008522
A,235024880,-4.0151,-1.3862,8.7664
G,235026830,-0.002131,-0.001065,-0.004261
A,235027365,-4.0151,-1.3970,8.7700
G,235029325,0.000000,0.001065,0.000000
A,235029860,-4.0079,-1.3970,8.7736
G,235031803,0.002131,0.001065,0.003196
A,235032334,-4.0079,-1.3898,8.7736
G,235034311,0.004261,0.001065,0.002131
A,235034810,-4.0007,-1.3898,8.7628
G,235036806,0.004261,0.001065,-0.002131
A,235037284,-4.0007,-1.3827,8.7628
TRK,235032,-0.38817,0.22372,-0.01739,-0.89385,-0.5572,0.3244,-0.3783,0.000,0.000,0.000,1,11
G,235039314,0.001065,-0.002131,-0.007457
A,235039761,-4.0007,-1.3827,8.7448
G,235041809,-0.002131,-0.002131,-0.008522
A,235042235,-4.0079,-1.3862,8.7340
G,235044297,-0.002131,-0.001065,-0.006392
A,235044693,-4.0151,-1.3862,8.7269
G,235046805,-0.001065,0.002131,-0.004261
A,235047171,-4.0294,-1.3898,8.7197
G,235049300,0.000000,0.004261,0.000000
A,235049646,-4.0294,-1.3934,8.7233
TRK,235044,-0.38818,0.22372,-0.01735,-0.89385,-0.5572,0.3244,-0.3783,0.000,0.000,0.000,1,11
G,235051798,-0.002131,0.005326,0.000000
A,235052115,-4.0294,-1.3898,8.7233
G,235054293,-0.003196,0.005326,0.001065
A,235054608,-4.0187,-1.3934,8.7340
G,235056763,-0.002131,0.005326,0.000000
A,235057082,-4.0079,-1.3862,8.7376
G,235059271,-0.001065,0.005326,0.001065
A,235059561,-4.0043,-1.3827,8.7448
G,235061766,-0.002131,0.003196,-0.002131
A,235062035,-4.0043,-1.3862,8.7484
G,235064243,-0.005326,0.000000,-0.005326
A,235064486,-4.0079,-1.3934,8.7520
G,235066742,-0.007457,-0.002131,-0.005326
A,235066959,-4.0115,-1.4006,8.7592
G,235069238,-0.007457,-0.002131,-0.004261
A,235069433,-4.0151,-1.4078,8.7592
G,235071717,-0.005326,0.001065,-0.003196
A,235071887,-4.0187,-1.4114,8.7520
TRK,235072,-0.38820,0.22378,-0.01726,-0.89383,-0.5572,0.3244,-0.3783,0.000,0.000,0.000,1,11
G,235074227,-0.002131,0.002131,-0.005326
A,235074372,-4.0187,-1.4150,8.7448
G,235076722,0.000000,0.004261,-0.004261
A,235076846,-4.0223,-1.4150,8.7376
G,235079212,0.000000,0.004261,-0.004261
A,235079311,-4.0187,-1.4114,8.7340
G,235081707,0.000000,0.005326,-0.003196
A,235081786,-4.0187,-1.4114,8.7269
G,235084197,0.000000,0.002131,-0.007457
A,235084252,-4.0223,-1.4078,8.7305
G,235086692,0.001065,0.000000,-0.007457
A,235086727,-4.0259,-1.4078,8.7233
G,235089163,0.004261,0.000000,-0.008522
A,235089175,-4.0294,-1.4114,8.7233
A,235091654,-4.0294,-1.4114,8.7233
G,235091663,0.006392,0.004261,-0.001065
TRK,235089,-0.38821,0.22379,-0.01721,-0.89382,-0.5572,0.3244,-0.3783,0.000,0.000,0.000,1,11
A,235094143,-4.0294,-1.4150,8.7340
G,235094174,0.005326,0.006392,0.003196
A,235096618,-4.0294,-1.4257,8.7448
G,235096669,0.005326,0.008522,0.008522
A,235099088,-4.0330,-1.4257,8.7556
G,235099160,0.005326,0.008522,0.009587
A,235101562,-4.0366,-1.4293,8.7556
G,235101655,0.005326,0.008522,0.007457
A,235104034,-4.0402,-1.4222,8.7520
G,235104147,0.004261,0.006392,0.001065
A,235106535,-4.0402,-1.4222,8.7520
G,235106667,0.003196,0.004261,-0.002131
A,235109010,-4.0330,-1.4114,8.7448
G,235109163,0.001065,0.003196,-0.004261
A,235111472,-4.0259,-1.4078,8.7412
G,235111644,0.000000,0.003196,-0.002131
A,235113963,-4.0151,-1.4042,8.7412
G,235114153,-0.001065,0.003196,-0.001065
A,235116437,-4.0115,-1.3934,8.7376
TRK,235115,-0.38821,0.22385,-0.01717,-0.89381,-0.5572,0.3244,-0.3783,0.000,0.000,0.000,1,11
G,235116673,-0.001065,0.000000,-0.004261
A,235118891,-4.0115,-1.3934,8.7376
G,235119169,-0.002131,-0.002131,-0.007457
A,235121364,-4.0151,-1.3898,8.7376
G,235121658,-0.003196,-0.003196,-0.011718
A,235123839,-4.0187,-1.3862,8.7305
G,235124154,-0.003196,0.000000,-0.007457
A,235126304,-4.0115,-1.3827,8.7269
G,235126634,0.002131,0.004261,-0.002131
A,235128779,-4.0151,-1.3862,8.7269
G,235129146,0.008522,0.007457,0.007457
A,235131226,-4.0079,-1.3827,8.7340
G,235131641,0.011718,0.008522,0.010653
TRK,235131,-0.38822,0.22386,-0.01711,-0.89380,-0.5572,0.3244,-0.3783,0.000,0.000,0.000,1,11
A,235133704,-4.0079,-1.3862,8.7520
G,235134132,0.009587,0.006392,0.007457
A,235136178,-4.0079,-1.3898,8.7664
G,235136628,0.004261,0.004261,0.000000
A,235138637,-4.0007,-1.3898,8.7879
G,235139100,0.000000,0.001065,-0.006392
A,235141111,-3.9971,-1.3898,8.7915
G,235141614,-0.003196,-0.001065,-0.008522
A,235143565,-3.9971,-1.3862,8.7915
G,235144110,-0.003196,-0.003196,-0.008522
A,235146056,-4.0007,-1.3862,8.7843
G,235146611,-0.004261,-0.004261,-0.004261
A,235148530,-4.0115,-1.3862,8.7736
G,235149107,-0.003196,-0.002131,0.000000
A,235150997,-4.0187,-1.3898,8.7628
G,235151584,-0.001065,0.000000,0.002131
TRK,235152,-0.38825,0.22386,-0.01701,-0.89379,-0.5572,0.3244,-0.3783,0.000,0.000,0.000,1,11
A,235153499,-4.0223,-1.3862,8.7520
G,235154096,0.000000,0.001065,0.001065
A,235155974,-4.0223,-1.3862,8.7340
G,235156591,0.001065,0.002131,0.000000
A,235158457,-4.0330,-1.3862,8.7305
G,235159083,0.001065,0.001065,-0.002131
A,235160931,-4.0438,-1.3862,8.7269
G,235161597,0.001065,0.001065,-0.003196
A,235163387,-4.0510,-1.3827,8.7233
G,235164093,0.002131,0.000000,-0.004261
A,235165870,-4.0582,-1.3862,8.7305
G,235166584,0.003196,0.001065,-0.003196
A,235168344,-4.0510,-1.3862,8.7233
G,235169096,0.005326,0.002131,0.000000
A,235170800,-4.0402,-1.3898,8.7197
G,235171592,0.007457,0.004261,0.005326
A,235173277,-4.0259,-1.3862,8.7161
G,235174074,0.008522,0.004261,0.008522
A,235175752,-4.0115,-1.3862,8.7233
G,235176570,0.006392,0.003196,0.007457
TRK,235175,-0.38825,0.22387,-0.01699,-0.89379,-0.5572,0.3244,-0.3783,0.000,0.000,0.000,1,11
A,235178219,-4.0043,-1.3862,8.7340
G,235179042,0.004261,0.002131,0.005326
A,235180711,-3.9971,-1.3862,8.7448
G,235181539,0.001065,0.003196,0.002131
A,235183185,-4.0007,-1.3898,8.7448
G,235184035,0.000000,0.003196,-0.003196
A,235185664,-4.0043,-1.3862,8.7484
G,235186518,-0.001065,0.003196,-0.006392
A,235188138,-4.0115,-1.3827,8.7376
G,235189032,-0.001065,0.004261,-0.006392
A,235190598,-4.0223,-1.3827,8.7340
G,235191527,0.001065,0.006392,0.000000
A,235193089,-4.0294,-1.3791,8.7340
G,235194020,0.003196,0.004261,0.000000
A,235195563,-4.0402,-1.3827,8.7376
G,235196532,0.004261,0.001065,-0.002131
A,235198022,-4.0474,-1.3827,8.7448
G,235199028,0.003196,-0.002131,-0.006392
TRK,235198,-0.38824,0.22388,-0.01701,-0.89379,-0.5572,0.3244,-0.3783,0.000,0.000,0.000,1,11
A,235200505,-4.0474,-1.3827,8.7520
G,235201511,0.004261,-0.001065,-0.006392
A,235202979,-4.0474,-1.3827,8.7556
G,235204025,0.004261,0.001065,-0.007457
A,235205442,-4.0402,-1.3862,8.7628
G,235206520,0.003196,0.003196,-0.005326
A,235207926,-4.0402,-1.3934,8.7592
G,235209005,0.001065,0.004261,-0.004261
A,235210401,-4.0402,-1.3934,8.7556
TRK,235205,-0.38824,0.22387,-0.01703,-0.89379,-0.5572,0.3244,-0.3783,0.000,0.000,0.000,1,11
G,235211528,-0.001065,0.002131,-0.003196
A,235212875,-4.0438,-1.3934,8.7484
G,235214024,-0.001065,-0.002131,-0.004261
A,235215349,-4.0438,-1.3827,8.7376
G,235216521,-0.002131,-0.005326,-0.002131
A,235217799,-4.0402,-1.3755,8.7376
G,235219017,-0.002131,-0.003196,0.000000
A,235220286,-4.0366,-1.3755,8.7305
G,235221501,-0.001065,0.002131,0.000000
A,235222760,-4.0294,-1.3862,8.7269
G,235224006,0.001065,0.004261,-0.002131
A,235225219,-4.0259,-1.3898,8.7305
G,235226501,0.003196,0.003196,-0.005326
A,235227697,-4.0223,-1.4006,8.7340
G,235228975,0.003196,0.003196,-0.007457
A,235230171,-4.0187,-1.4042,8.7412
G,235231475,0.000000,0.002131,-0.007457
A,235232625,-4.0151,-1.4006,8.7448
G,235233970,-0.002131,0.002131,-0.002131
TRK,235233,-0.38822,0.22386,-0.01710,-0.89380,-0.5572,0.3244,-0.3783,0.000,0.000,0.000,1,11
A,235235115,-4.0079,-1.4042,8.7412
G,235236455,-0.001065,0.002131,0.002131
A,235237589,-4.0079,-1.4042,8.7340
G,235238970,0.004261,0.003196,0.007457
A,235240060,-4.0043,-1.4042,8.7305
G,235241465,0.006392,0.003196,0.008522
A,235242534,-4.0043,-1.4042,8.7340
G,235243960,0.007457,0.004261,0.006392
A,235244987,-4.0043,-1.4006,8.7340
G,235246455,0.005326,0.003196,0.000000
A,235247470,-4.0079,-1.3970,8.7376
G,235248931,0.003196,0.000000,-0.003196
A,235249944,-4.0151,-1.3934,8.7376
G,235251436,0.003196,-0.001065,-0.004261
A,235252408,-4.0187,-1.3934,8.7340
G,235253931,0.004261,-0.001065,-0.001065
A,235254894,-4.0294,-1.3934,8.7340
G,235256409,0.006392,0.002131,0.002131
A,235257369,-4.0474,-1.3970,8.7376
TRK,235253,-0.38820,0.22389,-0.01719,-0.89380,-0.5572,0.3244,-0.3783,0.000,0.000,0.000,1,11
G,235258925,0.006392,0.005326,0.005326
A,235259844,-4.0510,-1.3934,8.7448
G,235261420,0.004261,0.008522,0.009587
A,235262318,-4.0510,-1.4006,8.7484
G,235263916,0.002131,0.010653,0.010653
A,235264774,-4.0402,-1.3970,8.7556
G,235266430,0.001065,0.008522,0.007457
A,235267250,-4.0187,-1.4006,8.7556
G,235268925,0.002131,0.007457,0.004261
A,235269724,-4.0043,-1.4042,8.7484
TRK,235269,-0.38818,0.22396,-0.01726,-0.89379,-0.5572,0.3244,-0.3783,0.000,0.000,0.000,1,11
G,235271431,0.003196,0.004261,0.000000
A,235272192,-3.9899,-1.4042,8.7484
G,235273926,0.003196,0.004261,0.000000
A,235274686,-3.9899,-1.4042,8.7484
G,235276407,0.005326,0.002131,-0.005326
A,235277160,-3.9971,-1.4006,8.7484
G,235278923,0.007457,0.004261,-0.006392
A,235279640,-4.0151,-1.3862,8.7520
G,235281418,0.008522,0.005326,-0.006392
A,235282114,-4.0294,-1.3827,8.7484
G,235283934,0.006392,0.006392,-0.004261
A,235284594,-4.0402,-1.3827,8.7448
G,235286429,0.003196,0.005326,-0.003196
A,235287068,-4.0474,-1.3934,8.7412
G,235288917,0.001065,0.005326,-0.004261
A,235289522,-4.0438,-1.3970,8.7412
G,235291412,0.002131,0.006392,-0.004261
TRK,235290,-0.38818,0.22399,-0.01727,-0.89378,-0.5572,0.3244,-0.3783,0.000,0.000,0.000,1,11
A,235292014,-4.0474,-1.4042,8.7412
G,235293888,0.002131,0.004261,-0.004261
A,235294488,-4.0510,-1.3970,8.7448
G,235296390,0.000000,0.001065,-0.006392
A,235296957,-4.0474,-1.3898,8.7448
G,235298886,-0.001065,-0.001065,-0.007457
A,235299431,-4.0438,-1.3827,8.7412
G,235301372,0.000000,0.000000,-0.007457
A,235301885,-4.0294,-1.3791,8.7484
G,235303868,0.001065,0.001065,-0.003196
A,235304359,-4.0187,-1.3755,8.7520
G,235306354,0.001065,0.002131,-0.001065
A,235306815,-4.0115,-1.3791,8.7628
G,235308870,0.002131,0.003196,0.001065
A,235309300,-4.0079,-1.3791,8.7700
G,235311366,0.002131,0.004261,0.000000
A,235311774,-4.0151,-1.3862,8.7700
TRK,235307,-0.38818,0.22402,-0.01724,-0.89377,-0.5572,0.3244,-0.3783,0.000,0.000,0.000,1,11
G,235313862,0.004261,0.003196,-0.001065
A,235314241,-4.0151,-1.3898,8.7700
G,235316358,0.006392,0.003196,0.001065
A,235316715,-4.0187,-1.3934,8.7628
G,235318834,0.008522,0.004261,0.005326
A,235319164,-4.0151,-1.3862,8.7520
G,235321329,0.007457,0.005326,0.006392
A,235321631,-4.0151,-1.3791,8.7412
G,235323825,0.005326,0.004261,0.002131
A,235324105,-4.0151,-1.3755,8.7376
G,235326312,0.003196,0.003196,-0.002131
A,235326565,-4.0187,-1.3683,8.7340
G,235328830,0.001065,0.003196,-0.002131
A,235329057,-4.0223,-1.3719,8.7376
G,235331325,0.001065,0.005326,-0.001065
A,235331531,-4.0259,-1.3647,8.7412
G,235333823,0.002131,0.006392,0.003196
A,235334003,-4.0259,-1.3611,8.7448
TRK,235331,-0.38818,0.22400,-0.01726,-0.89378,-0.5572,0.3244,-0.3783,0.000,0.000,0.000,1,11
G,235336342,0.002131,0.004261,0.004261
A,235336497,-4.0259,-1.3647,8.7484
G,235338837,0.001065,0.001065,0.001065
A,235338971,-4.0330,-1.3683,8.7592
G,235341319,-0.001065,-0.002131,-0.003196
A,235341429,-4.0366,-1.3862,8.7628
G,235343837,-0.003196,-0.004261,-0.005326
A,235343923,-4.0402,-1.3970,8.7664
G,235346333,-0.003196,-0.004261,-0.004261
A,235346397,-4.0366,-1.4042,8.7628
G,235348818,-0.002131,-0.003196,-0.003196
A,235348860,-4.0330,-1.3970,8.7556
G,235351325,0.000000,-0.003196,-0.002131
A,235351345,-4.0223,-1.3862,8.7448
A,235353819,-4.0187,-1.3719,8.7376
G,235353821,0.003196,-0.002131,-0.003196
A,235356280,-4.0115,-1.3719,8.7305
G,235356302,0.005326,-0.003196,-0.007457
TRK,235357,-0.38818,0.22394,-0.01727,-0.89379,-0.5572,0.3244,-0.3783,0.000,0.000,0.000,1,11
A,235358777,-4.0079,-1.3719,8.7269
G,235358820,0.004261,-0.003196,-0.010653
A,235361251,-4.0043,-1.3898,8.7269
G,235361316,0.003196,-0.002131,-0.011718
A,235363707,-4.0043,-1.4150,8.7269
G,235363792,0.003196,0.003196,-0.005326
A,235366182,-4.0079,-1.4329,8.7269
G,235366288,0.004261,0.007457,0.000000
A,235368641,-4.0115,-1.4473,8.7269
G,235368766,0.005326,0.008522,0.000000
A,235371115,-4.0151,-1.4401,8.7305
G,235371262,0.006392,0.006392,-0.004261
A,235373575,-4.0259,-1.4257,8.7340
G,235373740,0.006392,0.003196,-0.005326
A,235376056,-4.0294,-1.4042,8.7448
G,235376239,0.004261,0.001065,-0.006392
A,235378530,-4.0294,-1.3827,8.7484
G,235378735,0.002131,-0.001065,-0.008522
TRK,235373,-0.38818,0.22391,-0.01730,-0.89380,-0.5572,0.3244,-0.3783,0.000,0.000,0.000,1,11
A,235381002,-4.0259,-1.3755,8.7520
G,235381224,0.000000,-0.002131,-0.009587
A,235383476,-4.0259,-1.3719,8.7448
G,235383719,-0.001065,-0.001065,-0.004261
A,235385929,-4.0259,-1.3755,8.7305
G,235386189,-0.001065,0.000000,0.003196
A,235388413,-4.0330,-1.3755,8.7233
G,235388689,-0.001065,-0.001065,0.005326
A,235390887,-4.0294,-1.3827,8.7125
G,235391185,-0.001065,-0.002131,0.003196
A,235393353,-4.0330,-1.3791,8.7161
G,235393665,-0.001065,-0.002131,0.001065
TRK,235390,-0.38818,0.22389,-0.01729,-0.89381,-0.5572,0.3244,-0.3783,0.000,0.000,0.000,1,11
A,235395849,-4.0223,-1.3862,8.7197
G,235396176,-0.001065,0.001065,0.002131
A,235398323,-4.0223,-1.3898,8.7233
G,235398672,0.000000,0.002131,-0.002131
A,235400787,-4.0151,-1.3898,8.7305
G,235401151,0.001065,0.004261,-0.003196
A,235403262,-4.0187,-1.3898,8.7376
G,235403668,0.001065,0.003196,-0.006392
A,235405716,-4.0223,-1.3934,8.7412
G,235406164,0.002131,0.004261,-0.004261
A,235408204,-4.0259,-1.3934,8.7520
G,235408665,0.002131,0.005326,0.000000
A,235410678,-4.0187,-1.3970,8.7484
G,235411160,0.002131,0.006392,0.003196
A,235413142,-4.0223,-1.3934,8.7448
G,235413635,0.001065,0.006392,0.002131
A,235415616,-4.0151,-1.3934,8.7376
G,235416131,0.002131,0.006392,-0.001065
TRK,235410,-0.38818,0.22389,-0.01730,-0.89381,-0.5572,0.3244,-0.3783,0.000,0.000,0.000,1,11
A,235418086,-4.0223,-1.3970,8.7269
G,235418612,0.002131,0.006392,-0.002131
A,235420573,-4.0223,-1.3970,8.7197
G,235421110,0.001065,0.008522,0.000000
A,235423048,-4.0151,-1.4114,8.7161
G,235423606,0.002131,0.006392,0.001065
A,235425509,-4.0187,-1.4150,8.7197
G,235426078,0.002131,0.002131,-0.002131
A,235428002,-4.0115,-1.4257,8.7305
G,235428580,0.003196,-0.003196,-0.006392
A,235430476,-4.0223,-1.4293,8.7412
G,235431076,0.002131,-0.008522,-0.011718
TRK,235426,-0.38817,0.22393,-0.01732,-0.89380,-0.5572,0.3244,-0.3783,0.000,0.000,0.000,1,11
A,235432949,-4.0223,-1.4257,8.7412
G,235433558,0.001065,-0.008522,-0.012783
A,235435453,-4.0294,-1.4186,8.7448
G,235436071,0.001065,-0.004261,-0.009587
A,235437927,-4.0330,-1.4042,8.7448
G,235438567,0.001065,0.000000,-0.006392
A,235440409,-4.0366,-1.3934,8.7520
G,235441057,0.001065,0.002131,-0.003196
A,235442883,-4.0402,-1.3862,8.7556
G,235443552,0.001065,0.002131,0.001065
A,235445348,-4.0510,-1.3898,8.7520
G,235446025,0.000000,0.002131,0.004261
A,235447844,-4.0510,-1.3934,8.7448
G,235448529,0.000000,0.003196,0.005326
A,235450318,-4.0546,-1.4042,8.7412
G,235451042,0.000000,0.003196,0.005326
A,235452774,-4.0510,-1.4078,8.7376
G,235453537,0.001065,0.003196,0.002131
A,235455261,-4.0366,-1.4078,8.7412
G,235456031,0.002131,0.003196,-0.002131
A,235457735,-4.0330,-1.4114,8.7376
G,235458526,0.003196,0.002131,-0.006392
TRK,235453,-0.38819,0.22397,-0.01721,-0.89378,-0.5572,0.3244,-0.3783,0.000,0.000,0.000,1,11
A,235460223,-4.0259,-1.3970,8.7412
G,235461019,0.002131,0.002131,-0.007457
A,235462697,-4.0187,-1.3862,8.7376
G,235463533,-0.001065,0.002131,-0.007457
A,235465156,-4.0151,-1.3719,8.7340
G,235466029,-0.002131,0.002131,-0.008522
A,235467656,-4.0043,-1.3611,8.7340
G,235468533,-0.004261,0.003196,-0.008522
A,235470130,-4.0043,-1.3611,8.7305
G,235471028,-0.005326,0.004261,-0.005326
A,235472598,-4.0079,-1.3719,8.7340
G,235473499,-0.005326,0.004261,-0.001065
TRK,235469,-0.38820,0.22404,-0.01713,-0.89376,-0.5572,0.3244,-0.3783,0.000,0.000,0.000,1,11
A,235475089,-4.0151,-1.3827,8.7412
G,235475994,-0.001065,0.003196,-0.001065
A,235477563,-4.0259,-1.3970,8.7520
G,235478489,0.003196,0.001065,-0.002131
A,235480033,-4.0294,-1.4042,8.7628
G,235480962,0.004261,0.001065,-0.001065
A,235482535,-4.0294,-1.4078,8.7628
G,235483466,0.003196,0.003196,0.000000
A,235485009,-4.0259,-1.4042,8.7520
G,235485962,0.002131,0.004261,-0.001065
A,235487481,-4.0151,-1.3970,8.7412
G,235488436,0.002131,0.005326,-0.003196
A,235489974,-4.0151,-1.3862,8.7305
G,235490932,0.001065,0.003196,-0.004261
A,235492448,-4.0151,-1.3862,8.7305
G,235493427,0.002131,0.001065,-0.003196
A,235494921,-4.0187,-1.3791,8.7305
G,235495901,0.002131,0.000000,-0.005326
A,235497395,-4.0223,-1.3791,8.7340
TRK,235492,-0.38820,0.22409,-0.01713,-0.89375,-0.5572,0.3244,-0.3783,0.000,0.000,0.000,1,11
G,235498407,0.003196,0.001065,-0.005326
A,235499849,-4.0223,-1.3791,8.7376
G,235500902,0.002131,0.002131,-0.007457
A,235502323,-4.0259,-1.3719,8.7448
G,235503376,0.000000,0.002131,-0.008522
A,235504797,-4.0330,-1.3683,8.7448
G,235505880,-0.002131,0.002131,-0.006392
A,235507252,-4.0366,-1.3611,8.7556
G,235508376,-0.004261,0.002131,0.000000
TRK,235508,-0.38821,0.22410,-0.01710,-0.89375,-0.5572,0.3244,-0.3783,0.000,0.000,0.000,1,11
A,235509749,-4.0438,-1.3647,8.7520
G,235510872,-0.004261,0.002131,0.003196
A,235512223,-4.0366,-1.3647,8.7484
G,235513387,-0.004261,0.002131,0.000000
A,235514689,-4.0330,-1.3755,8.7376
G,235515882,-0.002131,0.001065,-0.002131
A,235517164,-4.0187,-1.3862,8.7340
G,235518384,0.001065,0.003196,0.001065
A,235519618,-4.0151,-1.3934,8.7340
G,235520879,0.005326,0.005326,0.004261
A,235522108,-4.0151,-1.4006,8.7376
G,235523365,0.006392,0.005326,0.002131
A,235524582,-4.0151,-1.4006,8.7412
G,235525879,0.005326,0.005326,-0.003196
A,235527050,-4.0187,-1.4006,8.7448
G,235528375,0.004261,0.005326,-0.002131
A,235529539,-4.0187,-1.3970,8.7484
G,235530858,0.003196,0.005326,-0.001065
A,235532013,-4.0151,-1.3934,8.7592
TRK,235527,-0.38820,0.22412,-0.01715,-0.89375,-0.5572,0.3244,-0.3783,0.000,0.000,0.000,1,11
G,235533365,0.002131,0.004261,0.002131
A,235534475,-4.0187,-1.3862,8.7628
G,235535860,0.001065,0.002131,0.000000
A,235536968,-4.0187,-1.3755,8.7736
G,235538347,0.001065,0.002131,0.001065
A,235539442,-4.0259,-1.3647,8.7771
G,235540864,0.002131,0.004261,0.001065
A,235541916,-4.0294,-1.3539,8.7807
G,235543360,0.003196,0.008522,0.003196
A,235544391,-4.0294,-1.3503,8.7771
G,235545857,0.003196,0.007457,-0.001065
A,235546846,-4.0294,-1.3539,8.7700
G,235548352,0.002131,0.003196,-0.002131
A,235549320,-4.0294,-1.3575,8.7592
G,235550849,0.002131,-0.002131,-0.003196
A,235551776,-4.0294,-1.3683,8.7448
G,235553345,0.003196,-0.003196,0.000000
A,235554263,-4.0223,-1.3791,8.7376
G,235555822,0.005326,-0.002131,0.000000
A,235556737,-4.0187,-1.3827,8.7305
TRK,235556,-0.38817,0.22404,-0.01727,-0.89377,-0.5572,0.3244,-0.3783,0.000,0.000,0.000,1,11
G,235558329,0.005326,-0.001065,0.000000
A,235559205,-4.0187,-1.3827,8.7376
G,235560824,0.004261,0.001065,0.001065
A,235561690,-4.0115,-1.3827,8.7412
G,235563298,0.002131,0.001065,0.002131
A,235564164,-4.0187,-1.3791,8.7484
G,235565805,-0.001065,0.001065,0.000000
A,235566632,-4.0151,-1.3827,8.7520
G,235568300,-0.002131,0.000000,-0.004261
A,235569106,-4.0151,-1.3827,8.7556
G,235570798,-0.002131,0.002131,-0.007457
A,235571566,-4.0115,-1.3791,8.7556
G,235573317,-0.002131,0.005326,-0.005326
A,235574049,-4.0079,-1.3791,8.7556
G,235575812,0.000000,0.006392,-0.002131
A,235576523,-4.0115,-1.3755,8.7484
TRK,235576,-0.38817,0.22396,-0.01734,-0.89379,-0.5572,0.3244,-0.3783,0.000,0.000,0.000,1,11
G,235578320,0.000000,0.007457,0.003196
A,235578995,-4.0151,-1.3791,8.7448
G,235580816,0.001065,0.004261,0.002131
A,235581487,-4.0294,-1.3791,8.7340
G,235583293,0.000000,0.000000,-0.003196
A,235583961,-4.0402,-1.3827,8.7376
G,235585808,-0.002131,-0.004261,-0.009587
A,235586442,-4.0474,-1.3827,8.7376
G,235588304,-0.003196,-0.004261,-0.011718
A,235588916,-4.0510,-1.3862,8.7412
TRK,235589,-0.38816,0.22391,-0.01737,-0.89381,-0.5572,0.3244,-0.3783,0.000,0.000,0.000,1,11
G,235590822,-0.002131,-0.002131,-0.007457
A,235591400,-4.0474,-1.3898,8.7412
G,235593317,0.002131,0.000000,-0.006392
A,235593875,-4.0402,-1.3934,8.7484
G,235595815,0.004261,0.001065,-0.005326
A,235596340,-4.0330,-1.4006,8.7412
G,235598310,0.004261,0.001065,-0.003196
A,235598814,-4.0259,-1.4042,8.7484
G,235600806,0.003196,0.001065,0.001065
A,235601278,-4.0187,-1.4042,8.7448
G,235603301,0.001065,0.001065,0.004261
A,235603775,-4.0115,-1.3934,8.7412
G,235605779,0.000000,-0.001065,0.000000
A,235606249,-4.0043,-1.3862,8.7484
G,235608287,0.000000,-0.002131,-0.006392
A,235608727,-4.0043,-1.3827,8.7484
G,235610783,0.001065,-0.001065,-0.010653
A,235611201,-4.0043,-1.3791,8.7556
TRK,235606,-0.38815,0.22386,-0.01743,-0.89382,-0.5572,0.3244,-0.3783,0.000,0.000,0.000,1,11
G,235613291,0.002131,0.005326,-0.005326
A,235613679,-4.0115,-1.3898,8.7592
G,235615786,0.003196,0.010653,-0.002131
A,235616153,-4.0259,-1.4006,8.7664
G,235618275,0.005326,0.010653,0.001065
A,235618613,-4.0330,-1.3970,8.7628
G,235620780,0.005326,0.007457,-0.001065
A,235621090,-4.0402,-1.4006,8.7628
G,235623300,0.005326,0.003196,-0.002131
A,235623583,-4.0366,-1.3862,8.7556
G,235625796,0.003196,-0.001065,-0.005326
A,235626057,-4.0294,-1.3791,8.7448
G,235628284,0.002131,-0.004261,-0.005326
A,235628519,-4.0223,-1.3683,8.7376
G,235630797,0.001065,-0.005326,-0.005326
A,235631005,-4.0151,-1.3755,8.7269
G,235633292,0.001065,-0.004261,-0.003196
A,235633479,-4.0187,-1.3791,8.7269
TRK,235629,-0.38815,0.22381,-0.01747,-0.89384,-0.5572,0.3244,-0.3783,0.000,0.000,0.000,1,11
G,235635790,0.001065,-0.002131,-0.001065
A,235635952,-4.0187,-1.3898,8.7269
G,235638286,-0.001065,0.000000,-0.002131
A,235638427,-4.0223,-1.3934,8.7305
G,235640764,-0.002131,-0.001065,-0.003196
A,235640881,-4.0259,-1.3898,8.7305
G,235643280,0.000000,-0.002131,-0.003196
A,235643373,-4.0330,-1.3827,8.7340
G,235645775,0.004261,0.000000,0.002131
A,235645847,-4.0330,-1.3862,8.7305
G,235648284,0.008522,0.002131,0.006392
A,235648333,-4.0259,-1.3934,8.7376
G,235650779,0.009587,0.002131,0.004261
A,235650807,-4.0259,-1.3970,8.7412
G,235653264,0.009587,0.002131,0.000000
A,235653270,-4.0223,-1.4042,8.7448
A,235655744,-4.0223,-1.4078,8.7484
G,235655760,0.009587,0.002131,-0.003196
TRK,235650,-0.38815,0.22377,-0.01750,-0.89385,-0.5572,0.3244,-0.3783,0.000,0.000,0.000,1,11
A,235658212,-4.0223,-1.4042,8.7484
G,235658249,0.007457,0.004261,-0.004261
A,235660699,-4.0223,-1.4006,8.7412
G,235660756,0.005326,0.004261,-0.005326
A,235663173,-4.0223,-1.3970,8.7376
G,235663251,0.003196,0.004261,-0.004261
A,235665644,-4.0259,-1.3934,8.7412
G,235665742,0.000000,0.005326,-0.004261
A,235668118,-4.0223,-1.3862,8.7412
G,235668237,-0.002131,0.007457,-0.003196
A,235670578,-4.0259,-1.3862,8.7412
G,235670716,-0.002131,0.007457,-0.002131
A,235673061,-4.0259,-1.3898,8.7376
G,235673218,-0.001065,0.005326,-0.002131
A,235675535,-4.0259,-1.3862,8.7340
G,235675714,0.001065,0.003196,-0.002131
TRK,235671,-0.38814,0.22381,-0.01749,-0.89384,-0.5572,0.3244,-0.3783,0.000,0.000,0.000,1,11
A,235678007,-4.0223,-1.3827,8.7305
G,235678203,0.002131,0.003196,-0.002131
A,235680496,-4.0151,-1.3791,8.7376
G,235680710,0.002131,0.003196,0.001065
A,235682970,-4.0151,-1.3755,8.7448
G,235683205,0.000000,0.002131,0.001065
A,235685434,-4.0187,-1.3791,8.7448
G,235685685,0.001065,0.002131,0.002131
A,235687928,-4.0259,-1.3827,8.7412
G,235688196,0.003196,0.004261,0.001065
A,235690402,-4.0330,-1.3862,8.7376
G,235690691,0.005326,0.006392,-0.001065
TRK,235690,-0.38815,0.22385,-0.01747,-0.89383,-0.5572,0.3244,-0.3783,0.000,0.000,0.000,1,11
A,235692876,-4.0366,-1.3827,8.7340
G,235693181,0.007457,0.007457,0.000000
A,235695350,-4.0330,-1.3827,8.7376
G,235695701,0.006392,0.004261,0.001065
A,235697806,-4.0223,-1.3898,8.7340
G,235698197,0.005326,0.002131,0.002131
A,235700280,-4.0079,-1.3898,8.7305
G,235700692,0.003196,0.000000,0.002131
A,235702737,-4.0007,-1.3827,8.7233
G,235703163,0.002131,0.000000,0.002131
A,235705226,-4.0007,-1.3755,8.7233
G,235705664,0.001065,0.001065,0.003196
A,235707700,-4.0079,-1.3647,8.7161
G,235708159,0.001065,0.001065,0.002131
A,235710168,-4.0187,-1.3575,8.7269
G,235710640,0.001065,0.002131,0.000000
A,235712642,-4.0294,-1.3539,8.7233
G,235713151,0.001065,0.000000,-0.001065
A,235715092,-4.0330,-1.3611,8.7305
G,235715647,0.000000,0.001065,-0.001065
A,235717570,-4.0330,-1.3647,8.7340
G,235718134,0.000000,0.001065,-0.003196
A,235720044,-4.0330,-1.3719,8.7340
G,235720630,0.000000,0.002131,-0.005326
TRK,235715,-0.38814,0.22386,-0.01748,-0.89383,-0.5572,0.3244,-0.3783,0.000,0.000,0.000,1,11
A,235722505,-4.0294,-1.3827,8.7376
G,235723101,-0.001065,0.000000,-0.007457
A,235724998,-4.0187,-1.3970,8.7376
G,235725603,-0.001065,-0.001065,-0.005326
A,235727472,-4.0187,-1.4078,8.7340
G,235728098,0.000000,-0.001065,-0.005326
A,235729945,-4.0223,-1.4114,8.7448
G,235730581,0.002131,0.000000,-0.002131
TRK,235731,-0.38815,0.22387,-0.01746,-0.89382,-0.5572,0.3244,-0.3783,0.000,0.000,0.000,1,11
A,235732449,-4.0259,-1.4042,8.7520
G,235733093,0.004261,0.001065,-0.001065
A,235734923,-4.0294,-1.3898,8.7556
G,235735588,0.005326,0.004261,0.004261
A,235737387,-4.0223,-1.3827,8.7556
G,235738061,0.005326,0.003196,0.005326
A,235739862,-4.0259,-1.3791,8.7448
G,235740556,0.005326,0.002131,0.003196
A,235742327,-4.0223,-1.3862,8.7448
G,235743029,0.003196,0.000000,0.001065
A,235744801,-4.0259,-1.3934,8.7556
G,235745524,0.001065,0.001065,-0.002131
A,235747268,-4.0330,-1.3934,8.7700
G,235747998,0.000000,0.003196,-0.004261
A,235749765,-4.0366,-1.3970,8.7843
G,235750502,0.000000,0.004261,-0.009587
A,235752239,-4.0330,-1.3898,8.7915
G,235753016,0.000000,0.006392,-0.010653
A,235754697,-4.0259,-1.3934,8.7843
G,235755511,0.001065,0.007457,-0.006392
A,235757186,-4.0151,-1.3862,8.7736
G,235758005,0.002131,0.008522,0.001065
A,235759660,-4.0115,-1.3862,8.7592
G,235760500,0.002131,0.006392,0.004261
TRK,235755,-0.38814,0.22390,-0.01748,-0.89382,-0.5572,0.3244,-0.3783,0.000,0.000,0.000,1,11
A,235762129,-4.0043,-1.3862,8.7484
G,235762974,0.001065,0.003196,0.003196
A,235764616,-4.0079,-1.3791,8.7448
G,235765465,0.001065,0.001065,-0.001065
A,235767090,-4.0079,-1.3719,8.7412
G,235767961,0.002131,0.001065,-0.003196
A,235769567,-4.0079,-1.3647,8.7448
G,235770442,0.003196,0.001065,-0.004261
A,235772041,-4.0151,-1.3683,8.7412
TRK,235771,-0.38814,0.22388,-0.01750,-0.89382,-0.5572,0.3244,-0.3783,0.000,0.000,0.000,1,11
G,235772957,0.002131,0.003196,-0.003196
A,235774503,-4.0151,-1.3719,8.7448
G,235775453,0.000000,0.002131,-0.005326
A,235776988,-4.0259,-1.3862,8.7448
G,235777940,-0.002131,0.001065,-0.007457
A,235779462,-4.0223,-1.3970,8.7376
G,235780435,-0.001065,0.000000,-0.007457
A,235781936,-4.0187,-1.3970,8.7305
G,235782911,0.000000,-0.001065,-0.004261
A,235784410,-4.0187,-1.3970,8.7233
G,235785416,0.000000,-0.003196,-0.003196
A,235786864,-4.0115,-1.3827,8.7269
G,235787912,0.000000,-0.006392,-0.004261
A,235789346,-4.0151,-1.3755,8.7340
G,235790394,-0.001065,-0.007457,-0.007457
A,235791820,-4.0079,-1.3755,8.7484
G,235792910,0.001065,-0.005326,-0.007457
A,235794286,-4.0079,-1.3827,8.7592
G,235795405,0.002131,-0.003196,-0.008522
TRK,235795,-0.38815,0.22380,-0.01746,-0.89384,-0.5572,0.3244,-0.3783,0.000,0.000,0.000,1,11
A,235796783,-4.0079,-1.3970,8.7592
G,235797901,0.001065,-0.001065,-0.008522
A,235799257,-4.0115,-1.4042,8.7592
G,235800396,-0.002131,-0.001065,-0.009587
A,235801734,-4.0259,-1.4042,8.7520
G,235802872,-0.003196,-0.001065,-0.006392
A,235804208,-4.0366,-1.4042,8.7592
G,235805386,-0.002131,0.001065,-0.004261
A,235806674,-4.0402,-1.3934,8.7592
G,235807882,0.001065,0.002131,0.000000
A,235809148,-4.0402,-1.3898,8.7628
G,235810388,0.003196,0.005326,0.001065
A,235811608,-4.0330,-1.3862,8.7556
G,235812883,0.005326,0.006392,0.000000
A,235814098,-4.0259,-1.3755,8.7448
G,235815370,0.006392,0.006392,-0.002131
A,235816572,-4.0223,-1.3827,8.7305
G,235817873,0.005326,0.003196,-0.004261
A,235819030,-4.0187,-1.3898,8.7233
G,235820369,0.004261,0.001065,-0.003196
TRK,235819,-0.38816,0.22377,-0.01745,-0.89384,-0.5572,0.3244,-0.3783,0.000,0.000,0.000,1,11
A,235821512,-4.0223,-1.4078,8.7233
G,235822845,0.002131,-0.001065,-0.002131
A,235823987,-4.0187,-1.4222,8.7305
G,235825339,0.000000,-0.002131,-0.001065
A,235826436,-4.0187,-1.4222,8.7340
G,235827834,0.000000,-0.002131,-0.003196
A,235828917,-4.0187,-1.4150,8.7376
G,235830308,0.002131,0.000000,-0.005326
A,235831391,-4.0187,-1.4006,8.7376
TRK,235831,-0.38817,0.22375,-0.01741,-0.89385,-0.5572,0.3244,-0.3783,0.000,0.000,0.000,1,11
G,235832826,0.003196,0.001065,-0.005326
A,235833866,-4.0223,-1.3934,8.7340
G,235835322,0.003196,0.002131,-0.002131
A,235836340,-4.0259,-1.3862,8.7305
G,235837819,0.002131,0.003196,-0.001065
A,235838796,-4.0294,-1.3970,8.7340
G,235840315,0.001065,0.005326,0.001065
A,235841270,-4.0223,-1.4078,8.7340
G,235842811,0.000000,0.006392,0.004261
A,235843726,-4.0151,-1.4186,8.7448
G,235845306,-0.001065,0.005326,0.007457
A,235846214,-4.0079,-1.4293,8.7556
G,235847784,-0.001065,0.004261,0.007457
A,235848688,-4.0007,-1.4257,8.7664
G,235850288,0.000000,0.004261,0.006392
A,235851152,-4.0007,-1.4186,8.7807
G,235852783,0.000000,0.004261,0.003196
A,235853626,-3.9971,-1.4042,8.7843
TRK,235848,-0.38817,0.22376,-0.01738,-0.89384,-0.5572,0.3244,-0.3783,0.000,0.000,0.000,1,11
G,235855272,-0.001065,0.003196,0.000000
A,235856076,-3.9971,-1.3898,8.7771
G,235857781,0.000000,0.001065,-0.007457
A,235858548,-4.0043,-1.3791,8.7700
G,235860276,0.002131,0.000000,-0.009587
A,235861022,-4.0115,-1.3862,8.7556
G,235862774,0.004261,0.003196,-0.009587
A,235863484,-4.0259,-1.3898,8.7484
G,235865269,0.007457,0.006392,-0.006392
A,235865976,-4.0366,-1.3934,8.7484
G,235867748,0.007457,0.009587,-0.003196
A,235868451,-4.0402,-1.3934,8.7448
G,235870246,0.008522,0.009587,0.002131
A,235870913,-4.0330,-1.3898,8.7484
G,235872741,0.007457,0.010653,0.009587
A,235873387,-4.0223,-1.3827,8.7448
TRK,235867,-0.38819,0.22376,-0.01731,-0.89384,-0.5572,0.3244,-0.3783,0.000,0.000,0.000,1,11
STAT,404.0,401.0,0,0,0,0.0247,0.254,0.0932,0.1362,-0.1032,9.7250,0.62,0.001
G,235875230,0.007457,0.008522,0.014914
A,235875842,-4.0079,-1.3862,8.7412
G,235877726,0.007457,0.008522,0.017044
A,235878316,-4.0043,-1.3827,8.7412
G,235880215,0.007457,0.008522,0.013848
A,235880772,-4.0079,-1.3755,8.7412
G,235882735,0.006392,0.008522,0.009587
A,235883260,-4.0151,-1.3719,8.7412
G,235885230,0.005326,0.006392,0.005326
A,235885734,-4.0294,-1.3719,8.7484
G,235887720,0.003196,0.003196,0.001065
A,235888193,-4.0402,-1.3719,8.7520
G,235890218,0.001065,0.001065,-0.002131
A,235890659,-4.0438,-1.3791,8.7484
G,235892738,0.000000,0.001065,-0.005326
A,235893149,-4.0438,-1.3827,8.7484
G,235895233,0.001065,0.002131,-0.003196
A,235895623,-4.0438,-1.3934,8.7376
TRK,235891,-0.38818,0.22379,-0.01732,-0.89383,-0.5572,0.3244,-0.3783,0.000,0.000,0.000,1,11
G,235897732,0.004261,0.002131,0.001065
A,235898093,-4.0366,-1.3934,8.7448
G,235900251,0.006392,0.002131,0.004261
A,235900583,-4.0330,-1.3970,8.7484
G,235902746,0.006392,0.001065,0.004261
A,235903057,-4.0187,-1.3934,8.7664
G,235905246,0.004261,-0.001065,0.001065
A,235905530,-4.0115,-1.3827,8.7664
G,235907742,0.002131,-0.002131,-0.003196
A,235908004,-4.0115,-1.3791,8.7664
G,235910231,0.000000,-0.002131,-0.008522
A,235910466,-4.0187,-1.3827,8.7628
G,235912744,0.000000,-0.003196,-0.011718
A,235912953,-4.0259,-1.3827,8.7556
G,235915239,0.002131,-0.004261,-0.014914
A,235915427,-4.0366,-1.3862,8.7520
TRK,235911,-0.38819,0.22378,-0.01728,-0.89383,-0.5572,0.3244,-0.3783,0.000,0.000,0.000,1,11
G,235917738,0.005326,-0.004261,-0.013848
A,235917901,-4.0438,-1.3862,8.7556
G,235920234,0.005326,-0.004261,-0.010653
A,235920375,-4.0510,-1.3827,8.7484
G,235922707,0.005326,-0.001065,-0.004261
A,235922825,-4.0546,-1.3862,8.7376
G,235925217,0.004261,0.002131,-0.002131
A,235925311,-4.0510,-1.3827,8.7376
G,235927713,0.004261,0.006392,0.000000
A,235927785,-4.0474,-1.3862,8.7376
G,235930199,0.003196,0.008522,0.000000
A,235930248,-4.0330,-1.3827,8.7448
TRK,235927,-0.38820,0.22375,-0.01724,-0.89383,-0.5572,0.3244,-0.3783,0.000,0.000,0.000,1,11
G,235932712,0.003196,0.007457,-0.002131
A,235932739,-4.0151,-1.3827,8.7628
G,235935208,0.002131,0.005326,-0.003196
A,235935213,-3.9971,-1.3755,8.7592
A,235937672,-3.9863,-1.3791,8.7628
G,235937687,0.001065,0.002131,-0.003196
A,235940148,-3.9899,-1.3755,8.7484
G,235940185,0.000000,0.002131,0.002131
A,235942648,-4.0007,-1.3755,8.7412
G,235942705,0.001065,0.002131,0.004261
A,235945122,-4.0223,-1.3755,8.7340
G,235945201,0.001065,0.003196,0.005326
A,235947602,-4.0366,-1.3791,8.7269
G,235947700,-0.001065,0.005326,0.004261
A,235950076,-4.0366,-1.3827,8.7269
G,235950195,-0.003196,0.006392,0.003196
A,235952537,-4.0330,-1.3827,8.7305
G,235952675,-0.003196,0.007457,0.001065
A,235955028,-4.0259,-1.3827,8.7340
G,235955185,-0.002131,0.005326,-0.001065
A,235957502,-4.0187,-1.3898,8.7376
G,235957681,0.001065,0.004261,-0.002131
A,235959967,-4.0151,-1.3934,8.7340
G,235960163,0.005326,0.003196,0.001065
TRK,235960,-0.38818,0.22378,-0.01732,-0.89383,-0.5572,0.3244,-0.3783,0.000,0.000,0.000,1,11
A,235962450,-4.0223,-1.3970,8.7305
G,235962664,0.006392,0.003196,0.003196
A,235964924,-4.0294,-1.4006,8.7269
G,235965181,0.006392,0.002131,0.004261
A,235967375,-4.0366,-1.3970,8.7233
G,235967677,0.004261,0.002131,0.004261
A,235969867,-4.0402,-1.3898,8.7305
G,235970184,0.005326,0.002131,0.001065
A,235972341,-4.0330,-1.3898,8.7376
G,235972679,0.004261,0.003196,-0.004261
TRK,235972,-0.38817,0.22379,-0.01739,-0.89384,-0.5572,0.3244,-0.3783,0.000,0.000,0.000,1,11
A,235974817,-4.0259,-1.3898,8.7412
G,235975170,0.003196,0.002131,-0.006392
A,235977291,-4.0187,-1.3862,8.7520
G,235977685,0.001065,0.002131,-0.005326
A,235979742,-4.0115,-1.3898,8.7484
G,235980180,-0.001065,0.003196,-0.002131
A,235982231,-4.0079,-1.3934,8.7484
G,235982681,-0.002131,0.004261,-0.001065
A,235984705,-4.0079,-1.4042,8.7484
G,235985176,-0.002131,0.003196,-0.004261
A,235987193,-4.0043,-1.4114,8.7412
G,235987677,-0.001065,0.003196,-0.004261
A,235989667,-4.0079,-1.4150,8.7412
G,235990172,0.001065,0.003196,-0.001065
A,235992129,-4.0151,-1.4114,8.7448
G,235992645,0.002131,0.002131,0.003196
A,235994629,-4.0187,-1.4042,8.7484
G,235995156,0.003196,0.001065,0.003196
A,235997103,-4.0259,-1.3934,8.7484
TRK,235993,-0.38816,0.22383,-0.01740,-0.89383,-0.5572,0.3244,-0.3783,0.000,0.000,0.000,1,11
G,235997677,0.003196,0.000000,0.002131
A,235999564,-4.0259,-1.3898,8.7592
G,236000172,0.004261,0.002131,0.004261
A,236002055,-4.0294,-1.3862,8.7628
G,236002673,0.005326,0.004261,0.001065
A,236004529,-4.0294,-1.3898,8.7664
G,236005168,0.006392,0.006392,-0.001065
A,236007001,-4.0294,-1.3970,8.7700
G,236007649,0.005326,0.005326,-0.003196
A,236009475,-4.0187,-1.3970,8.7736
G,236010145,0.004261,0.005326,-0.002131
A,236011949,-4.0151,-1.4006,8.7700
G,236012626,0.003196,0.004261,-0.003196
A,236014423,-4.0187,-1.3934,8.7664
G,236015121,0.001065,0.004261,-0.002131
TRK,236009,-0.38816,0.22384,-0.01742,-0.89383,-0.5572,0.3244,-0.3783,0.000,0.000,0.000,1,11
A,236016897,-4.0223,-1.3862,8.7520
G,236017603,-0.001065,0.001065,-0.004261
A,236019388,-4.0366,-1.3898,8.7376
G,236020101,-0.001065,-0.001065,-0.002131
A,236021862,-4.0402,-1.3934,8.7233
G,236022597,-0.001065,-0.002131,-0.004261
A,236024328,-4.0366,-1.4078,8.7161
G,236025069,-0.001065,0.000000,-0.002131
A,236026812,-4.0330,-1.4150,8.7161
G,236027559,-0.003196,0.002131,0.000000
A,236029286,-4.0151,-1.4222,8.7233
G,236030072,-0.003196,0.003196,0.001065
A,236031743,-4.0151,-1.4186,8.7305
G,236032567,-0.003196,0.001065,0.000000
A,236034217,-4.0151,-1.4150,8.7448
G,236035046,-0.002131,-0.002131,-0.008522
A,236036691,-4.0187,-1.4150,8.7448
G,236037542,-0.001065,-0.002131,-0.011718
TRK,236036,-0.38818,0.22385,-0.01731,-0.89382,-0.5572,0.3244,-0.3783,0.000,0.000,0.000,1,11
A,236039160,-4.0259,-1.4150,8.7556
G,236040015,0.000000,-0.001065,-0.010653
A,236041654,-4.0223,-1.4078,8.7520
G,236042514,0.002131,0.002131,-0.004261
A,236044128,-4.0259,-1.3970,8.7592
G,236045009,0.004261,0.005326,0.003196
A,236046608,-4.0223,-1.3898,8.7664
G,236047493,0.006392,0.007457,0.006392
A,236049083,-4.0223,-1.3898,8.7664
G,236050007,0.007457,0.007457,0.003196
A,236051544,-4.0151,-1.3862,8.7700
G,236052503,0.009587,0.007457,-0.003196
A,236054018,-4.0151,-1.3934,8.7592
TRK,236048,-0.38819,0.22387,-0.01728,-0.89381,-0.5572,0.3244,-0.3783,0.000,0.000,0.000,1,11
G,236055017,0.008522,0.005326,-0.007457
A,236056480,-4.0187,-1.3934,8.7520
G,236057512,0.004261,0.004261,-0.006392
A,236058973,-4.0223,-1.3898,8.7484
G,236060006,0.001065,0.002131,-0.006392
A,236061447,-4.0294,-1.3862,8.7448
G,236062501,-0.002131,-0.001065,-0.007457
A,236063921,-4.0330,-1.3791,8.7448
G,236064976,-0.003196,-0.002131,-0.005326
A,236066396,-4.0330,-1.3755,8.7484
G,236067480,-0.002131,-0.003196,-0.003196
A,236068851,-4.0294,-1.3755,8.7484
G,236069976,-0.002131,-0.003196,-0.002131
A,236071336,-4.0187,-1.3791,8.7484
G,236072460,-0.001065,-0.003196,-0.004261
A,236073810,-4.0151,-1.3898,8.7412
G,236074975,0.000000,-0.002131,-0.005326
A,236076277,-4.0115,-1.4006,8.7376
G,236077470,0.001065,-0.001065,-0.004261
A,236078764,-4.0187,-1.4114,8.7269
G,236079955,0.001065,0.002131,-0.003196
A,236081238,-4.0223,-1.4186,8.7305
TRK,236080,-0.38821,0.22387,-0.01715,-0.89380,-0.5572,0.3244,-0.3783,0.000,0.000,0.000,1,11
G,236082460,0.001065,0.002131,-0.001065
A,236083696,-4.0330,-1.4222,8.7376
G,236084956,0.002131,0.001065,0.002131
A,236086185,-4.0402,-1.4186,8.7448
G,236087440,0.004261,0.000000,0.002131
A,236088659,-4.0474,-1.4114,8.7556
G,236089948,0.006392,0.000000,-0.002131
A,236091120,-4.0474,-1.4006,8.7556
G,236092443,0.006392,0.001065,-0.001065
A,236093610,-4.0510,-1.3934,8.7556
G,236094927,0.004261,-0.001065,-0.001065
A,236096084,-4.0474,-1.3791,8.7448
TRK,236091,-0.38822,0.22387,-0.01713,-0.89380,-0.5572,0.3244,-0.3783,0.000,0.000,0.000,1,11
G,236097433,0.000000,-0.004261,-0.001065
A,236098545,-4.0474,-1.3755,8.7412
G,236099928,-0.002131,-0.003196,-0.004261
A,236101036,-4.0438,-1.3647,8.7412
G,236102413,-0.001065,0.000000,-0.003196
A,236103510,-4.0438,-1.3611,8.7412
G,236104929,0.001065,0.002131,-0.001065
A,236105983,-4.0438,-1.3611,8.7448
G,236107425,0.003196,0.001065,-0.001065
A,236108457,-4.0438,-1.3719,8.7376
G,236109920,0.001065,-0.003196,-0.004261
A,236110911,-4.0438,-1.3791,8.7376
G,236112438,-0.001065,-0.004261,-0.004261
A,236113387,-4.0330,-1.4042,8.7305
G,236114933,-0.003196,-0.004261,-0.001065
A,236115861,-4.0259,-1.4114,8.7269
TRK,236111,-0.38822,0.22390,-0.01711,-0.89379,-0.5572,0.3244,-0.3783,0.000,0.000,0.000,1,11
G,236117438,-0.003196,-0.002131,0.002131
A,236118326,-4.0115,-1.4186,8.7269
G,236119934,-0.001065,-0.002131,0.001065
A,236120800,-4.0079,-1.4186,8.7305
G,236122439,0.000000,0.000000,-0.003196
A,236123267,-4.0079,-1.4150,8.7340
G,236124934,0.002131,0.001065,-0.007457
A,236125752,-4.0079,-1.4114,8.7376
G,236127408,0.003196,0.003196,-0.008522
A,236128227,-4.0151,-1.4114,8.7448
TRK,236128,-0.38822,0.22394,-0.01708,-0.89378,-0.5572,0.3244,-0.3783,0.000,0.000,0.000,1,11
G,236129924,0.003196,0.003196,-0.006392
A,236130705,-4.0151,-1.4078,8.7484
G,236132419,0.003196,0.004261,-0.001065
A,236133179,-4.0187,-1.4042,8.7556
G,236134915,0.004261,0.005326,0.003196
A,236135638,-4.0187,-1.4006,8.7592
G,236137410,0.003196,0.005326,0.005326
A,236138128,-4.0259,-1.3934,8.7592
G,236139886,0.002131,0.004261,0.006392
A,236140602,-4.0259,-1.3934,8.7484
G,236142393,0.002131,0.002131,0.005326
A,236143073,-4.0366,-1.3934,8.7340
G,236144888,0.002131,0.000000,0.004261
A,236145547,-4.0330,-1.3934,8.7340
G,236147374,0.002131,-0.001065,0.001065
A,236147999,-4.0294,-1.3898,8.7340
G,236149870,0.002131,0.000000,-0.002131
A,236150473,-4.0259,-1.3898,8.7412
G,236152356,0.000000,0.000000,-0.007457
A,236152926,-4.0151,-1.3827,8.7556
G,236154862,0.000000,0.000000,-0.009587
A,236155399,-4.0151,-1.3827,8.7592
G,236157357,0.000000,0.000000,-0.010653
TRK,236156,-0.38822,0.22399,-0.01710,-0.89377,-0.5572,0.3244,-0.3783,0.000,0.000,0.000,1,11
A,236157893,-4.0115,-1.3791,8.7628
G,236159834,0.001065,0.000000,-0.006392
A,236160368,-4.0151,-1.3791,8.7628
G,236162341,0.003196,0.000000,-0.003196
A,236162843,-4.0259,-1.3827,8.7556
G,236164837,0.003196,0.002131,-0.001065
A,236165317,-4.0402,-1.3862,8.7484
G,236167344,0.002131,0.004261,0.003196
A,236167793,-4.0510,-1.3970,8.7412
G,236169840,-0.001065,0.004261,0.004261
A,236170268,-4.0474,-1.4042,8.7376
TRK,236165,-0.38821,0.22400,-0.01711,-0.89377,-0.5572,0.3244,-0.3783,0.000,0.000,0.000,1,11
G,236172327,0.001065,0.005326,0.006392
A,236172725,-4.0366,-1.4078,8.7412
G,236174838,0.002131,0.006392,0.003196
A,236175206,-4.0223,-1.3970,8.7556
G,236177333,0.004261,0.007457,0.003196
A,236177680,-4.0151,-1.3862,8.7664
G,236179831,0.006392,0.009587,0.001065
A,236180150,-4.0115,-1.3755,8.7807
G,236182326,0.007457,0.009587,0.003196
A,236182624,-4.0187,-1.3683,8.7807
G,236184824,0.007457,0.008522,0.002131
A,236185094,-4.0223,-1.3719,8.7700
G,236187319,0.005326,0.004261,0.001065
A,236187568,-4.0259,-1.3719,8.7628
G,236189795,0.002131,0.001065,0.000000
A,236190018,-4.0366,-1.3827,8.7448
TRK,236190,-0.38819,0.22406,-0.01719,-0.89376,-0.5572,0.3244,-0.3783,0.000,0.000,0.000,1,11
G,236192303,0.000000,0.000000,0.000000
A,236192500,-4.0474,-1.3827,8.7376
G,236194821,-0.003196,0.000000,-0.001065
A,236194992,-4.0510,-1.3827,8.7340
G,236197316,-0.005326,0.000000,-0.003196
A,236197467,-4.0474,-1.3755,8.7376
G,236199808,-0.004261,0.002131,-0.003196
A,236199934,-4.0366,-1.3755,8.7448
G,236202304,-0.003196,0.004261,-0.003196
A,236202408,-4.0187,-1.3791,8.7556
G,236204782,-0.001065,0.004261,-0.003196
A,236204863,-4.0079,-1.3791,8.7556
G,236207290,-0.001065,0.003196,-0.003196
A,236207348,-4.0007,-1.3862,8.7592
G,236209786,-0.001065,0.001065,-0.004261
A,236209822,-4.0043,-1.3898,8.7556
G,236212281,0.001065,0.000000,-0.002131
A,236212296,-4.0043,-1.4006,8.7520
A,236214770,-4.0151,-1.4078,8.7520
G,236214777,0.001065,-0.002131,-0.003196
TRK,236209,-0.38819,0.22406,-0.01718,-0.89376,-0.5572,0.3244,-0.3783,0.000,0.000,0.000,1,11
A,236217238,-4.0187,-1.4078,8.7520
G,236217265,0.002131,-0.003196,-0.002131
A,236219735,-4.0187,-1.4042,8.7484
G,236219784,0.002131,-0.003196,-0.007457
A,236222209,-4.0187,-1.4006,8.7520
G,236222279,0.001065,-0.004261,-0.012783
A,236224688,-4.0151,-1.4006,8.7520
G,236224778,0.000000,-0.006392,-0.019175
A,236227162,-4.0115,-1.4114,8.7448
G,236227273,0.000000,-0.008522,-0.020240
A,236229621,-4.0115,-1.4257,8.7376
G,236229752,-0.001065,-0.007457,-0.015979
A,236232109,-4.0079,-1.4329,8.7305
G,236232258,0.000000,-0.004261,-0.009587
A,236234583,-4.0043,-1.4293,8.7305
G,236234754,0.001065,0.001065,-0.004261
TRK,236234,-0.38821,0.22395,-0.01712,-0.89378,-0.5572,0.3244,-0.3783,0.000,0.000,0.000,1,11
A,236237054,-4.0079,-1.4222,8.7376
G,236237242,0.002131,0.005326,-0.001065
A,236239547,-4.0151,-1.4042,8.7484
G,236239753,0.002131,0.005326,-0.002131
A,236242022,-4.0223,-1.3934,8.7628
G,236242249,0.004261,0.003196,-0.003196
A,236244504,-4.0330,-1.3898,8.7592
G,236244748,0.005326,0.002131,-0.005326
A,236246978,-4.0366,-1.3898,8.7628
G,236247243,0.005326,0.002131,-0.005326
A,236249441,-4.0366,-1.3934,8.7592
G,236249722,0.003196,0.002131,-0.006392
A,236251915,-4.0366,-1.3934,8.7448
G,236252218,0.002131,0.000000,-0.005326
A,236254380,-4.0330,-1.3898,8.7520
G,236254698,0.001065,-0.002131,-0.005326
A,236256867,-4.0294,-1.3898,8.7448
G,236257199,0.000000,-0.001065,0.000000
TRK,236258,-0.38822,0.22391,-0.01712,-0.89379,-0.5572,0.3244,-0.3783,0.000,0.000,0.000,1,11
A,236259372,-4.0259,-1.3862,8.7556
G,236259719,0.001065,0.000000,0.002131
A,236261846,-4.0187,-1.3862,8.7520
G,236262215,0.001065,0.001065,0.001065
A,236264312,-4.0079,-1.3934,8.7592
G,236264695,0.003196,0.001065,0.000000
A,236266786,-4.0043,-1.3970,8.7520
G,236267190,0.003196,0.003196,0.000000
A,236269253,-4.0043,-1.3970,8.7484
G,236269670,0.002131,0.004261,-0.002131
A,236271727,-4.0079,-1.3970,8.7412
G,236272166,0.000000,0.007457,-0.006392
TRK,236266,-0.38822,0.22390,-0.01713,-0.89379,-0.5572,0.3244,-0.3783,0.000,0.000,0.000,1,11
A,236274195,-4.0187,-1.3970,8.7305
G,236274646,-0.002131,0.007457,-0.006392
A,236276689,-4.0223,-1.3898,8.7269
G,236277152,-0.004261,0.007457,-0.005326
A,236279163,-4.0223,-1.3898,8.7269
G,236279648,-0.004261,0.006392,-0.001065
A,236281642,-4.0259,-1.3862,8.7340
G,236282139,-0.003196,0.006392,0.000000
A,236284117,-4.0223,-1.3827,8.7412
G,236284656,0.000000,0.006392,0.002131
A,236286573,-4.0151,-1.3719,8.7520
G,236287152,0.003196,0.007457,0.002131
A,236289044,-4.0079,-1.3719,8.7592
G,236289633,0.006392,0.007457,0.003196
A,236291539,-4.0007,-1.3683,8.7628
G,236292137,0.008522,0.009587,0.002131
A,236294013,-3.9935,-1.3683,8.7628
G,236294633,0.008522,0.009587,-0.001065
TRK,236290,-0.38822,0.22392,-0.01711,-0.89379,-0.5572,0.3244,-0.3783,0.000,0.000,0.000,1,11
A,236296496,-3.9863,-1.3755,8.7592
G,236297124,0.007457,0.008522,0.000000
A,236298970,-3.9899,-1.3791,8.7556
G,236299634,0.005326,0.007457,0.001065
A,236301422,-3.9935,-1.3827,8.7484
G,236302130,0.005326,0.005326,0.004261
A,236303896,-4.0007,-1.3898,8.7448
G,236304634,0.003196,0.003196,0.001065
A,236306343,-4.0115,-1.3898,8.7340
G,236307129,0.002131,0.003196,-0.001065
A,236308839,-4.0187,-1.4042,8.7233
G,236309630,-0.001065,0.002131,-0.003196
A,236311313,-4.0187,-1.4042,8.7233
G,236312126,-0.003196,0.001065,-0.004261
A,236313787,-4.0151,-1.4078,8.7233
G,236314605,-0.003196,0.000000,-0.006392
A,236316262,-4.0115,-1.4078,8.7305
G,236317101,-0.002131,-0.001065,-0.006392
TRK,236311,-0.38822,0.22387,-0.01711,-0.89380,-0.5572,0.3244,-0.3783,0.000,0.000,0.000,1,11
A,236318739,-4.0151,-1.4078,8.7376
G,236319583,0.000000,-0.001065,-0.005326
A,236321236,-4.0223,-1.3970,8.7376
G,236322085,0.000000,0.000000,-0.004261
A,236323710,-4.0294,-1.3862,8.7340
G,236324580,0.001065,0.004261,0.000000
A,236326195,-4.0294,-1.3719,8.7305
G,236327069,0.002131,0.007457,0.004261
A,236328669,-4.0259,-1.3575,8.7376
G,236329578,0.004261,0.008522,0.006392
A,236331125,-4.0223,-1.3539,8.7412
G,236332073,0.005326,0.007457,0.003196
TRK,236327,-0.38824,0.22383,-0.01707,-0.89380,-0.5572,0.3244,-0.3783,0.000,0.000,0.000,1,11
A,236333605,-4.0151,-1.3575,8.7448
G,236334556,0.005326,0.006392,0.000000
A,236336079,-4.0187,-1.3647,8.7484
G,236337051,0.006392,0.007457,-0.001065
A,236338560,-4.0187,-1.3719,8.7448
G,236339534,0.006392,0.009587,0.002131
A,236341034,-4.0187,-1.3719,8.7448
G,236342039,0.007457,0.009587,0.004261
A,236343488,-4.0223,-1.3683,8.7448
G,236344535,0.005326,0.008522,0.004261
A,236345981,-4.0187,-1.3719,8.7484
G,236347028,0.002131,0.004261,0.003196
A,236348455,-4.0223,-1.3755,8.7520
G,236349523,0.000000,0.000000,0.000000
A,236350928,-4.0259,-1.3898,8.7484
G,236351997,-0.001065,-0.002131,-0.003196
A,236353403,-4.0294,-1.3970,8.7484
G,236354501,-0.001065,-0.003196,-0.004261
A,236355857,-4.0330,-1.3970,8.7448
G,236356996,0.001065,-0.001065,-0.005326
TRK,236356,-0.38822,0.22377,-0.01718,-0.89382,-0.5572,0.3244,-0.3783,0.000,0.000,0.000,1,11
A,236358342,-4.0366,-1.3970,8.7412
G,236359480,0.002131,0.002131,0.000000
A,236360817,-4.0330,-1.3970,8.7305
G,236361984,0.004261,0.007457,0.007457
A,236363272,-4.0366,-1.4078,8.7197
G,236364480,0.005326,0.009587,0.011718
A,236365747,-4.0366,-1.4186,8.7125
G,236366974,0.006392,0.009587,0.009587
A,236368195,-4.0438,-1.4222,8.7161
G,236369470,0.006392,0.007457,0.005326
TRK,236368,-0.38820,0.22377,-0.01725,-0.89383,-0.5572,0.3244,-0.3783,0.000,0.000,0.000,1,11
A,236370673,-4.0402,-1.4222,8.7233
G,236371944,0.006392,0.006392,0.005326
A,236373147,-4.0366,-1.4150,8.7448
G,236374449,0.005326,0.004261,0.005326
A,236375607,-4.0223,-1.4078,8.7592
G,236376945,0.003196,0.004261,0.004261
A,236378097,-4.0223,-1.4006,8.7736
G,236379430,0.002131,0.004261,0.000000
A,236380572,-4.0079,-1.4006,8.7736
G,236381945,0.001065,0.004261,-0.003196
A,236383043,-4.0115,-1.3970,8.7700
G,236384441,0.001065,0.002131,-0.005326
A,236385517,-4.0115,-1.4078,8.7628
G,236386936,0.001065,0.000000,-0.005326
A,236387969,-4.0115,-1.4150,8.7556
G,236389431,0.001065,-0.001065,-0.005326
A,236390452,-4.0187,-1.4222,8.7484
G,236391906,0.001065,-0.001065,-0.002131
A,236392926,-4.0187,-1.4150,8.7556
G,236394402,0.001065,-0.001065,0.001065
A,236395381,-4.0151,-1.4042,8.7592
TRK,236391,-0.38820,0.22377,-0.01726,-0.89383,-0.5572,0.3244,-0.3783,0.000,0.000,0.000,1,11
G,236396918,0.001065,-0.002131,0.001065
A,236397856,-4.0115,-1.3862,8.7664
G,236399414,0.001065,-0.003196,0.001065
A,236400330,-4.0115,-1.3719,8.7664
G,236401909,0.001065,-0.003196,-0.001065
A,236402786,-4.0079,-1.3683,8.7628
G,236404405,0.001065,0.000000,-0.002131
A,236405260,-4.0079,-1.3719,8.7520
G,236406901,0.002131,0.004261,-0.005326
A,236407718,-4.0043,-1.3755,8.7484
G,236409396,0.003196,0.007457,-0.006392
TRK,236408,-0.38820,0.22378,-0.01723,-0.89383,-0.5572,0.3244,-0.3783,0.000,0.000,0.000,1,11
A,236410206,-4.0007,-1.3827,8.7376
G,236411872,0.005326,0.008522,-0.004261
A,236412680,-4.0007,-1.3791,8.7305
G,236414370,0.007457,0.008522,0.003196
A,236415140,-4.0007,-1.3827,8.7233
G,236416866,0.009587,0.007457,0.006392
A,236417615,-4.0115,-1.3827,8.7161
G,236419350,0.009587,0.007457,0.005326
A,236420062,-4.0187,-1.3755,8.7233
G,236421866,0.008522,0.007457,0.003196
A,236422543,-4.0259,-1.3755,8.7269
G,236424362,0.006392,0.006392,0.002131
A,236425018,-4.0330,-1.3755,8.7340
G,236426851,0.002131,0.005326,0.001065
A,236427472,-4.0366,-1.3719,8.7448
G,236429346,0.000000,0.003196,-0.002131
TRK,236428,-0.38819,0.22380,-0.01729,-0.89383,-0.5572,0.3244,-0.3783,0.000,0.000,0.000,1,11
A,236429965,-4.0366,-1.3683,8.7484
G,236431823,-0.003196,0.001065,-0.007457
A,236432439,-4.0402,-1.3647,8.7520
G,236434320,-0.004261,0.001065,-0.007457
A,236434902,-4.0402,-1.3647,8.7520
G,236436815,-0.003196,0.002131,-0.006392
A,236437376,-4.0366,-1.3719,8.7484
G,236439302,-0.002131,0.003196,0.001065
A,236439830,-4.0294,-1.3791,8.7520
G,236441820,0.001065,0.003196,0.003196
A,236442316,-4.0223,-1.3934,8.7520
G,236444315,0.002131,0.005326,0.005326
A,236444812,-4.0151,-1.4006,8.7592
G,236446793,0.003196,0.006392,0.004261
A,236447286,-4.0007,-1.4006,8.7592
G,236449288,0.004261,0.006392,0.005326
A,236449783,-3.9899,-1.4006,8.7556
G,236451766,0.003196,0.004261,0.004261
A,236452257,-3.9828,-1.3970,8.7520
TRK,236452,-0.38819,0.22382,-0.01728,-0.89382,-0.5572,0.3244,-0.3783,0.000,0.000,0.000,1,11
G,236454275,0.002131,0.003196,0.003196
A,236454735,-3.9899,-1.4006,8.7448
G,236456770,0.002131,0.003196,0.001065
A,236457209,-4.0043,-1.4042,8.7448
G,236459252,0.003196,0.004261,0.000000
A,236459660,-4.0187,-1.4078,8.7448
G,236461771,0.002131,0.004261,0.000000
A,236462150,-4.0294,-1.4078,8.7412
G,236464266,0.000000,0.003196,0.000000
A,236464624,-4.0223,-1.3970,8.7376
G,236466765,-0.001065,0.003196,0.000000
A,236467094,-4.0115,-1.3862,8.7412
G,236469260,0.000000,0.004261,0.002131
A,236469568,-4.0007,-1.3755,8.7448
G,236471759,0.001065,0.007457,0.004261
A,236472039,-3.9935,-1.3683,8.7484
G,236474255,0.001065,0.008522,0.002131
A,236474514,-3.9935,-1.3683,8.7448
TRK,236469,-0.38820,0.22380,-0.01726,-0.89382,-0.5572,0.3244,-0.3783,0.000,0.000,0.000,1,11
G,236476753,0.001065,0.004261,-0.002131
A,236476986,-4.0043,-1.3719,8.7412
G,236479249,-0.002131,-0.001065,-0.003196
A,236479460,-4.0079,-1.3755,8.7412
G,236481728,-0.003196,-0.006392,-0.005326
A,236481913,-4.0223,-1.3827,8.7376
G,236484237,-0.002131,-0.006392,-0.004261
A,236484398,-4.0223,-1.3827,8.7376
G,236486733,0.002131,-0.005326,-0.006392
A,236486872,-4.0259,-1.3862,8.7376
G,236489222,0.005326,-0.001065,-0.004261
A,236489337,-4.0187,-1.3862,8.7340
G,236491718,0.005326,0.003196,-0.001065
A,236491812,-4.0115,-1.3827,8.7340
G,236494207,0.003196,0.008522,0.004261
A,236494278,-4.0007,-1.3791,8.7412
G,236496727,0.002131,0.010653,0.006392
A,236496775,-3.9899,-1.3755,8.7484
G,236499223,0.002131,0.010653,0.004261
A,236499249,-3.9828,-1.3791,8.7628
G,236501713,0.004261,0.009587,0.002131
A,236501717,-3.9792,-1.3862,8.7664
TRK,236498,-0.38820,0.22370,-0.01728,-0.89385,-0.5572,0.3244,-0.3783,0.000,0.000,0.000,1,11
A,236504205,-3.9828,-1.3898,8.7700
G,236504222,0.005326,0.007457,0.002131
A,236506680,-3.9899,-1.3970,8.7628
G,236506718,0.005326,0.005326,0.003196
A,236509145,-4.0043,-1.3970,8.7556
G,236509204,0.005326,0.002131,-0.001065
A,236511645,-4.0151,-1.3934,8.7448
G,236511724,0.005326,0.000000,-0.002131
A,236514119,-4.0330,-1.3934,8.7376
G,236514219,0.002131,0.000000,-0.001065
A,236516587,-4.0402,-1.3934,8.7340
G,236516707,0.000000,0.003196,0.002131
TRK,236513,-0.38820,0.22364,-0.01731,-0.89386,-0.5572,0.3244,-0.3783,0.000,0.000,0.000,1,11
A,236519078,-4.0438,-1.3970,8.7340
G,236519217,-0.003196,0.003196,0.001065
A,236521552,-4.0402,-1.3970,8.7305
G,236521712,-0.002131,0.003196,-0.001065
A,236524013,-4.0294,-1.4006,8.7233
G,236524191,-0.001065,0.000000,-0.006392
A,236526513,-4.0223,-1.3934,8.7233
G,236526709,0.000000,-0.001065,-0.008522
A,236528987,-4.0187,-1.3898,8.7233
G,236529204,0.000000,0.000000,-0.008522
TRK,236525,-0.38820,0.22362,-0.01730,-0.89386,-0.5572,0.3244,-0.3783,0.000,0.000,0.000,1,11
A,236531470,-4.0223,-1.3755,8.7340
G,236531704,0.001065,0.002131,-0.004261
A,236533944,-4.0294,-1.3611,8.7448
G,236534199,0.003196,0.003196,0.001065
A,236536398,-4.0330,-1.3539,8.7448
G,236536670,0.006392,0.004261,0.005326
A,236538873,-4.0366,-1.3539,8.7448
G,236539166,0.007457,0.002131,0.004261
A,236541338,-4.0330,-1.3683,8.7376
G,236541646,0.007457,0.003196,0.001065
A,236543834,-4.0330,-1.3827,8.7376
G,236544157,0.004261,0.001065,-0.003196
A,236546308,-4.0366,-1.3934,8.7448
G,236546678,0.002131,0.004261,-0.003196
A,236548764,-4.0330,-1.3970,8.7592
G,236549174,0.001065,0.003196,-0.002131
A,236551252,-4.0294,-1.4006,8.7700
G,236551674,0.000000,0.003196,-0.002131
A,236553726,-4.0294,-1.3970,8.7736
G,236554169,-0.001065,0.003196,0.000000
TRK,236549,-0.38820,0.22357,-0.01730,-0.89388,-0.5572,0.3244,-0.3783,0.000,0.000,0.000,1,11
A,236556194,-4.0259,-1.4078,8.7664
G,236556650,-0.001065,0.004261,0.000000
A,236558668,-4.0259,-1.4114,8.7556
G,236559145,-0.001065,0.003196,0.001065
A,236561137,-4.0187,-1.4150,8.7484
G,236561626,-0.001065,0.002131,0.000000
A,236563611,-4.0115,-1.4114,8.7412
G,236564138,-0.001065,0.002131,-0.002131
A,236566062,-4.0043,-1.4114,8.7448
G,236566634,-0.001065,0.004261,-0.003196
A,236568533,-3.9971,-1.4042,8.7448
G,236569114,0.000000,0.004261,-0.005326
A,236571025,-4.0007,-1.4006,8.7448
G,236571616,0.001065,0.005326,-0.005326
A,236573499,-4.0007,-1.4006,8.7448
G,236574134,0.003196,0.004261,-0.004261
A,236575958,-4.0079,-1.4042,8.7448
G,236576629,0.005326,0.005326,0.000000
A,236578432,-4.0079,-1.4042,8.7484
TRK,236572,-0.38821,0.22360,-0.01728,-0.89387,-0.5572,0.3244,-0.3783,0.000,0.000,0.000,1,11
G,236579141,0.007457,0.006392,0.006392
A,236580886,-4.0115,-1.4078,8.7520
G,236581636,0.007457,0.007457,0.011718
A,236583360,-4.0151,-1.4114,8.7484
G,236584147,0.005326,0.007457,0.009587
A,236585815,-4.0223,-1.4114,8.7376
G,236586643,0.004261,0.005326,0.003196
A,236588289,-4.0294,-1.4186,8.7340
G,236589154,0.003196,0.003196,-0.001065
A,236590747,-4.0366,-1.4186,8.7340
G,236591650,0.004261,0.002131,-0.002131
TRK,236587,-0.38820,0.22361,-0.01730,-0.89387,-0.5572,0.3244,-0.3783,0.000,0.000,0.000,1,11
A,236593234,-4.0366,-1.4186,8.7376
G,236594141,0.004261,0.004261,0.000000
A,236595709,-4.0366,-1.4150,8.7484
G,236596652,0.004261,0.004261,0.002131
A,236598167,-4.0259,-1.4078,8.7592
G,236599148,0.001065,0.005326,0.002131
A,236600665,-4.0151,-1.3970,8.7664
G,236601647,-0.003196,0.003196,0.000000
A,236603139,-4.0079,-1.3827,8.7664
G,236604142,-0.006392,0.001065,-0.002131
A,236605639,-4.0007,-1.3755,8.7628
G,236606643,-0.006392,-0.001065,-0.002131
A,236608113,-4.0043,-1.3683,8.7556
G,236609139,-0.004261,-0.002131,-0.003196
A,236610593,-4.0079,-1.3683,8.7520
G,236611620,-0.002131,-0.002131,-0.004261
A,236613067,-4.0187,-1.3755,8.7556
G,236614127,0.001065,0.000000,-0.004261
A,236615524,-4.0151,-1.3827,8.7592
TRK,236615,-0.38822,0.22368,-0.01719,-0.89384,-0.5572,0.3244,-0.3783,0.000,0.000,0.000,1,11
G,236616648,0.005326,0.002131,-0.001065
A,236617996,-4.0187,-1.3934,8.7556
G,236619144,0.007457,0.003196,0.000000
A,236620479,-4.0187,-1.4006,8.7592
G,236621625,0.007457,0.003196,-0.002131
A,236622953,-4.0223,-1.4078,8.7556
G,236624137,0.005326,0.003196,-0.003196
A,236625417,-4.0223,-1.4150,8.7556
G,236626632,0.002131,0.002131,-0.002131
A,236627891,-4.0259,-1.4186,8.7556
G,236629141,0.001065,0.004261,-0.001065
A,236630353,-4.0330,-1.4186,8.7520
G,236631637,-0.001065,0.004261,-0.002131
TRK,236627,-0.38822,0.22369,-0.01719,-0.89384,-0.5572,0.3244,-0.3783,0.000,0.000,0.000,1,11
A,236632849,-4.0330,-1.4186,8.7448
G,236634128,-0.002131,0.004261,-0.004261
A,236635323,-4.0366,-1.4042,8.7412
G,236636641,-0.001065,0.002131,-0.006392
A,236637791,-4.0330,-1.3934,8.7376
G,236639136,0.001065,0.000000,-0.009587
A,236640265,-4.0294,-1.3719,8.7448
G,236641632,0.001065,-0.001065,-0.007457
A,236642717,-4.0259,-1.3611,8.7484
G,236644127,0.001065,0.000000,-0.002131
A,236645205,-4.0259,-1.3611,8.7520
G,236646609,0.001065,0.002131,0.005326
A,236647679,-4.0294,-1.3683,8.7556
G,236649118,0.001065,0.006392,0.007457
A,236650145,-4.0366,-1.3791,8.7520
G,236651613,0.001065,0.007457,0.004261
TRK,236651,-0.38824,0.22372,-0.01710,-0.89383,-0.5572,0.3244,-0.3783,0.000,0.000,0.000,1,11
A,236652645,-4.0330,-1.3862,8.7520
G,236654105,0.001065,0.006392,-0.004261
A,236655119,-4.0259,-1.3862,8.7520
G,236656617,0.001065,0.004261,-0.008522
A,236657589,-4.0151,-1.3862,8.7484
G,236659112,0.001065,0.002131,-0.005326
A,236660063,-4.0043,-1.3827,8.7484
G,236661614,0.000000,0.002131,-0.001065
A,236662525,-4.0043,-1.3934,8.7448
G,236664109,0.000000,0.003196,0.002131
A,236665017,-4.0115,-1.3934,8.7412
G,236666591,0.000000,0.002131,0.002131
A,236667491,-4.0259,-1.3970,8.7376
G,236669087,0.001065,0.001065,0.000000
A,236669984,-4.0330,-1.3970,8.7376
G,236671569,0.002131,-0.002131,-0.004261
A,236672458,-4.0330,-1.3970,8.7412
G,236674082,0.002131,-0.002131,-0.007457
A,236674932,-4.0330,-1.3970,8.7412
G,236676577,0.002131,-0.001065,-0.007457
A,236677406,-4.0366,-1.4078,8.7376
TRK,236672,-0.38824,0.22374,-0.01706,-0.89382,-0.5572,0.3244,-0.3783,0.000,0.000,0.000,1,11
G,236679069,0.000000,-0.001065,-0.007457
A,236679860,-4.0366,-1.4114,8.7340
G,236681565,-0.002131,-0.002131,-0.007457
A,236682346,-4.0402,-1.4114,8.7340
G,236684038,-0.003196,-0.001065,-0.003196
A,236684820,-4.0366,-1.4150,8.7376
G,236686529,0.001065,0.002131,-0.001065
A,236687274,-4.0330,-1.4114,8.7448
G,236689025,0.004261,0.004261,0.000000
TRK,236688,-0.38825,0.22375,-0.01703,-0.89382,-0.5572,0.3244,-0.3783,0.000,0.000,0.000,1,11
A,236689771,-4.0187,-1.4186,8.7448
G,236691508,0.006392,0.004261,-0.005326
A,236692245,-4.0115,-1.4222,8.7448
G,236694010,0.005326,0.003196,-0.006392
A,236694711,-4.0079,-1.4257,8.7376
G,236696506,0.004261,0.002131,-0.004261
A,236697186,-4.0043,-1.4186,8.7340
G,236698992,0.003196,0.003196,-0.001065
A,236699637,-4.0115,-1.4114,8.7233
G,236701488,0.002131,0.005326,0.000000
A,236702127,-4.0151,-1.3970,8.7233
G,236703962,0.002131,0.006392,-0.001065
A,236704601,-4.0151,-1.3934,8.7197
G,236706457,0.004261,0.006392,-0.004261
A,236707062,-4.0079,-1.3934,8.7233
G,236708953,0.006392,0.005326,-0.007457
A,236709564,-4.0007,-1.4042,8.7340
G,236711438,0.007457,0.005326,-0.008522
A,236712038,-4.0007,-1.3970,8.7484
G,236713953,0.006392,0.003196,-0.009587
A,236714520,-4.0079,-1.3934,8.7628
G,236716448,0.003196,0.003196,-0.005326
A,236716994,-4.0151,-1.3791,8.7664
TRK,236712,-0.38824,0.22381,-0.01704,-0.89380,-0.5572,0.3244,-0.3783,0.000,0.000,0.000,1,11
G,236718943,0.000000,0.003196,-0.004261
A,236719456,-4.0259,-1.3683,8.7736
G,236721439,-0.001065,0.005326,-0.001065
A,236721950,-4.0294,-1.3611,8.7700
G,236723914,-0.001065,0.005326,-0.002131
A,236724424,-4.0330,-1.3611,8.7664
G,236726408,-0.001065,0.006392,-0.003196
A,236726886,-4.0294,-1.3611,8.7592
G,236728903,0.000000,0.005326,-0.006392
TRK,236727,-0.38824,0.22386,-0.01702,-0.89379,-0.5572,0.3244,-0.3783,0.000,0.000,0.000,1,11
A,236729381,-4.0294,-1.3755,8.7556
G,236731379,0.002131,0.004261,-0.007457
A,236731855,-4.0223,-1.3862,8.7484
G,236733887,0.005326,0.001065,-0.006392
A,236734332,-4.0259,-1.3934,8.7484
G,236736383,0.006392,-0.002131,-0.005326
A,236736806,-4.0187,-1.4006,8.7520
G,236738880,0.006392,-0.003196,-0.004261
A,236739273,-4.0187,-1.3970,8.7556
G,236741375,0.005326,-0.003196,-0.005326
A,236741748,-4.0187,-1.3934,8.7628
G,236743872,0.004261,-0.001065,-0.005326
A,236744215,-4.0151,-1.3862,8.7628
G,236746367,0.004261,0.000000,-0.004261
A,236746708,-4.0187,-1.3827,8.7592
G,236748838,0.004261,0.002131,-0.001065
A,236749182,-4.0259,-1.3862,8.7484
TRK,236749,-0.38824,0.22383,-0.01704,-0.89380,-0.5572,0.3244,-0.3783,0.000,0.000,0.000,1,11
G,236751346,0.003196,0.003196,0.001065
A,236751661,-4.0294,-1.3898,8.7340
G,236753841,0.003196,0.001065,0.002131
A,236754135,-4.0294,-1.3862,8.7376
G,236756320,0.005326,0.000000,0.004261
A,236756587,-4.0294,-1.3898,8.7340
G,236758838,0.007457,0.001065,0.006392
A,236759078,-4.0223,-1.3898,8.7484
G,236761333,0.006392,0.001065,0.003196
A,236761552,-4.0115,-1.4006,8.7628
G,236763831,0.003196,0.000000,-0.002131
A,236764024,-4.0079,-1.4042,8.7736
G,236766326,-0.001065,-0.001065,-0.006392
A,236766526,-4.0079,-1.4150,8.7736
G,236768804,-0.002131,0.000000,-0.005326
A,236769000,-4.0043,-1.4257,8.7664
G,236771312,-0.003196,0.001065,-0.003196
A,236771483,-4.0151,-1.4293,8.7556
G,236773807,-0.003196,0.001065,-0.002131
A,236773957,-4.0187,-1.4293,8.7520
G,236776295,-0.002131,-0.001065,-0.002131
A,236776420,-4.0294,-1.4293,8.7448
G,236778790,0.000000,-0.001065,-0.002131
A,236778894,-4.0366,-1.4186,8.7484
TRK,236773,-0.38825,0.22382,-0.01702,-0.89380,-0.5572,0.3244,-0.3783,0.000,0.000,0.000,1,11
G,236781279,0.004261,0.003196,0.000000
A,236781359,-4.0366,-1.4078,8.7556
G,236783797,0.006392,0.007457,0.002131
A,236783854,-4.0402,-1.3970,8.7628
G,236786292,0.006392,0.010653,0.000000
A,236786328,-4.0366,-1.3898,8.7700
G,236788779,0.005326,0.010653,-0.003196
A,236788793,-4.0294,-1.3827,8.7736
A,236791267,-4.0259,-1.3862,8.7700
G,236791275,0.004261,0.009587,-0.003196
TRK,236785,-0.38825,0.22382,-0.01701,-0.89380,-0.5572,0.3244,-0.3783,0.000,0.000,0.000,1,11
A,236793724,-4.0187,-1.3827,8.7628
G,236793753,0.003196,0.007457,-0.001065
A,236796205,-4.0115,-1.3791,8.7520
G,236796254,0.004261,0.007457,0.001065
A,236798679,-4.0043,-1.3719,8.7448
G,236798750,0.004261,0.005326,0.000000
A,236801148,-4.0007,-1.3683,8.7448
G,236801239,0.003196,0.002131,-0.002131
A,236803639,-4.0007,-1.3611,8.7556
G,236803750,0.002131,0.000000,-0.006392
A,236806113,-4.0079,-1.3647,8.7664
G,236806245,0.001065,0.001065,-0.005326
A,236808574,-4.0151,-1.3719,8.7771
G,236808724,0.000000,0.004261,-0.002131
A,236811055,-4.0223,-1.3755,8.7807
G,236811224,0.001065,0.006392,0.003196
A,236813529,-4.0294,-1.3862,8.7807
G,236813719,0.003196,0.005326,0.004261
TRK,236813,-0.38824,0.22379,-0.01706,-0.89381,-0.5572,0.3244,-0.3783,0.000,0.000,0.000,1,11
A,236816001,-4.0330,-1.3898,8.7700
G,236816209,0.004261,0.002131,0.002131
A,236818491,-4.0294,-1.3898,8.7664
G,236818716,0.003196,0.000000,0.000000
A,236820965,-4.0187,-1.3970,8.7556
G,236821211,0.001065,-0.002131,-0.003196
A,236823446,-4.0151,-1.3970,8.7448
G,236823709,-0.001065,-0.004261,-0.004261
A,236825920,-4.0151,-1.4042,8.7412
G,236826204,-0.001065,-0.004261,-0.005326
A,236828384,-4.0151,-1.4078,8.7340
G,236828684,-0.001065,-0.004261,-0.004261
A,236830879,-4.0187,-1.4114,8.7340
G,236831194,0.001065,-0.002131,-0.004261
A,236833353,-4.0151,-1.4078,8.7340
G,236833690,0.001065,0.000000,-0.003196
A,236835820,-4.0115,-1.4006,8.7340
G,236836171,0.002131,0.003196,-0.001065
TRK,236832,-0.38825,0.22372,-0.01704,-0.89383,-0.5572,0.3244,-0.3783,0.000,0.000,0.000,1,11
A,236838306,-4.0079,-1.3898,8.7305
G,236838672,0.002131,0.004261,-0.002131
A,236840780,-4.0079,-1.3862,8.7340
G,236841167,0.001065,0.005326,0.000000
A,236843247,-4.0043,-1.3862,8.7340
G,236843648,0.000000,0.004261,-0.002131
A,236845721,-4.0079,-1.4006,8.7305
G,236846143,-0.001065,0.003196,0.002131
A,236848190,-4.0115,-1.4114,8.7305
G,236848625,-0.002131,0.002131,0.005326
A,236850680,-4.0151,-1.4257,8.7269
G,236851128,-0.001065,0.002131,0.005326
A,236853154,-4.0223,-1.4257,8.7269
TRK,236848,-0.38825,0.22371,-0.01704,-0.89383,-0.5572,0.3244,-0.3783,0.000,0.000,0.000,1,11
G,236853645,0.000000,0.003196,0.004261
A,236855609,-4.0259,-1.4222,8.7305
G,236856140,0.000000,0.003196,-0.002131
A,236858096,-4.0366,-1.4078,8.7376
G,236858638,0.000000,0.003196,-0.006392
A,236860570,-4.0402,-1.3970,8.7376
G,236861134,-0.001065,0.004261,-0.010653
A,236863042,-4.0366,-1.3898,8.7412
G,236863615,-0.001065,0.007457,-0.008522
A,236865516,-4.0294,-1.3898,8.7412
G,236866111,-0.001065,0.010653,-0.004261
A,236867988,-4.0187,-1.3827,8.7448
G,236868593,-0.002131,0.010653,-0.005326
A,236870491,-4.0079,-1.3827,8.7448
G,236871105,-0.003196,0.005326,-0.010653
A,236872965,-4.0043,-1.3755,8.7412
TRK,236869,-0.38826,0.22375,-0.01699,-0.89381,-0.5572,0.3244,-0.3783,0.000,0.000,0.000,1,11
G,236873626,-0.002131,0.000000,-0.012783
A,236875428,-4.0043,-1.3791,8.7376
G,236876122,0.000000,-0.002131,-0.008522
A,236877922,-4.0079,-1.3934,8.7269
G,236878623,0.001065,-0.002131,-0.004261
A,236880397,-4.0151,-1.4078,8.7197
G,236881119,0.002131,-0.002131,-0.002131
A,236882861,-4.0115,-1.4150,8.7233
G,236883590,0.002131,-0.003196,-0.004261
A,236885355,-4.0079,-1.4222,8.7269
G,236886091,0.003196,-0.002131,-0.006392
A,236887829,-4.0043,-1.4186,8.7412
STAT,404.2,400.7,0,0,0,0.0258,0.280,0.1024,0.1438,-0.0941,9.7281,0.62,0.001
G,236888613,0.002131,-0.001065,-0.007457
A,236890295,-3.9935,-1.4078,8.7556
G,236891109,0.001065,0.000000,-0.006392
A,236892781,-3.9971,-1.3970,8.7664
G,236893599,-0.002131,-0.003196,-0.008522
A,236895255,-3.9935,-1.3827,8.7700
G,236896095,-0.002131,-0.004261,-0.011718
A,236897729,-3.9935,-1.3827,8.7592
G,236898573,-0.003196,-0.003196,-0.011718
A,236900203,-4.0007,-1.3862,8.7484
TRK,236899,-0.38828,0.22369,-0.01691,-0.89382,-0.5572,0.3244,-0.3783,0.000,0.000,0.000,1,11
G,236901086,-0.002131,-0.001065,-0.006392
A,236902661,-3.9971,-1.3934,8.7376
G,236903581,-0.001065,0.002131,-0.003196
A,236905147,-4.0043,-1.3970,8.7340
G,236906070,0.003196,0.007457,0.001065
A,236907621,-4.0007,-1.4006,8.7376
G,236908566,0.007457,0.009587,0.001065
A,236910093,-4.0043,-1.3970,8.7412
G,236911040,0.009587,0.011718,0.005326
A,236912567,-4.0043,-1.3970,8.7484
G,236913551,0.009587,0.009587,0.003196
A,236915026,-4.0043,-1.3898,8.7592
G,236916047,0.008522,0.007457,0.002131
TRK,236911,-0.38828,0.22371,-0.01691,-0.89382,-0.5572,0.3244,-0.3783,0.000,0.000,0.000,1,11
A,236917508,-4.0043,-1.3827,8.7700
G,236918530,0.006392,0.004261,-0.002131
A,236919983,-4.0079,-1.3755,8.7700
G,236921035,0.005326,0.003196,-0.004261
A,236922438,-4.0115,-1.3611,8.7700
G,236923531,0.005326,0.002131,-0.004261
A,236924928,-4.0187,-1.3611,8.7592
G,236926021,0.005326,0.005326,-0.002131
A,236927402,-4.0187,-1.3611,8.7484
G,236928516,0.003196,0.005326,-0.001065
A,236929877,-4.0151,-1.3647,8.7376
G,236930990,0.002131,0.003196,-0.004261
A,236932351,-4.0115,-1.3719,8.7305
G,236933488,0.000000,0.000000,-0.008522
A,236934801,-4.0079,-1.3719,8.7305
G,236935984,0.000000,-0.002131,-0.008522
A,236937275,-4.0079,-1.3647,8.7340
TRK,236931,-0.38828,0.22369,-0.01692,-0.89382,-0.5572,0.3244,-0.3783,0.000,0.000,0.000,1,11
G,236938488,-0.001065,-0.002131,-0.003196
A,236939732,-4.0115,-1.3575,8.7484
G,236940983,-0.001065,-0.001065,0.005326
A,236942220,-4.0151,-1.3467,8.7628
G,236943468,0.000000,-0.001065,0.008522
A,236944694,-4.0223,-1.3503,8.7700
G,236945975,0.001065,-0.001065,0.008522
A,236947155,-4.0330,-1.3611,8.7736
G,236948471,0.001065,0.000000,0.006392
TRK,236948,-0.38828,0.22363,-0.01692,-0.89383,-0.5572,0.3244,-0.3783,0.000,0.000,0.000,1,11
A,236949655,-4.0402,-1.3791,8.7628
G,236950965,0.002131,0.003196,0.001065
A,236952129,-4.0402,-1.3934,8.7520
G,236953461,0.003196,0.005326,-0.001065
A,236954609,-4.0366,-1.3970,8.7376
G,236955935,0.003196,0.007457,-0.004261
A,236957083,-4.0223,-1.3970,8.7412
G,236958431,0.002131,0.007457,-0.005326
A,236959564,-4.0079,-1.3934,8.7376
G,236960906,0.001065,0.005326,-0.007457
A,236962038,-4.0007,-1.3898,8.7448
G,236963412,0.000000,0.001065,-0.010653
A,236964500,-4.0007,-1.3970,8.7448
G,236965908,-0.001065,-0.001065,-0.009587
A,236966993,-4.0079,-1.3970,8.7484
G,236968394,-0.001065,-0.001065,-0.005326
A,236969467,-4.0223,-1.3934,8.7484
G,236970910,0.000000,0.000000,-0.001065
A,236971940,-4.0294,-1.3934,8.7412
G,236973405,0.001065,0.000000,-0.001065
A,236974414,-4.0366,-1.3934,8.7412
G,236975901,0.000000,-0.001065,-0.001065
A,236976868,-4.0330,-1.3862,8.7376
G,236978396,-0.001065,0.000000,-0.002131
A,236979342,-4.0366,-1.3791,8.7484
TRK,236973,-0.38827,0.22355,-0.01699,-0.89386,-0.5572,0.3244,-0.3783,0.000,0.000,0.000,1,11
G,236980892,0.000000,0.003196,-0.001065
A,236981798,-4.0366,-1.3719,8.7592
G,236983410,0.000000,0.007457,-0.001065
A,236984276,-4.0366,-1.3683,8.7700
G,236985905,0.001065,0.008522,-0.001065
A,236986750,-4.0294,-1.3683,8.7771
G,236988408,0.002131,0.007457,-0.002131
A,236989214,-4.0187,-1.3755,8.7700
G,236990932,0.002131,0.005326,-0.001065
A,236991701,-4.0079,-1.3791,8.7628
G,236993427,0.004261,0.005326,0.001065
A,236994175,-3.9971,-1.3898,8.7556
TRK,236989,-0.38826,0.22353,-0.01705,-0.89387,-0.5572,0.3244,-0.3783,0.000,0.000,0.000,1,11
G,236995923,0.005326,0.005326,0.003196
A,236996634,-3.9899,-1.3934,8.7520
G,236998418,0.005326,0.005326,0.000000
A,236999108,-3.9899,-1.4006,8.7520
G,237000914,0.005326,0.005326,-0.003196
A,237001568,-3.9971,-1.3970,8.7484
G,237003430,0.005326,0.005326,-0.005326
A,237004051,-4.0043,-1.3898,8.7448
G,237005926,0.004261,0.003196,-0.003196
A,237006525,-4.0079,-1.3898,8.7448
G,237008431,0.002131,0.000000,-0.004261
A,237008997,-4.0151,-1.3827,8.7520
G,237010927,0.000000,-0.003196,-0.006392
A,237011492,-4.0115,-1.3898,8.7556
G,237013405,-0.001065,-0.004261,-0.007457
A,237013966,-4.0115,-1.3934,8.7592
TRK,237010,-0.38824,0.22348,-0.01716,-0.89388,-0.5572,0.3244,-0.3783,0.000,0.000,0.000,1,11
G,237015921,0.000000,-0.002131,-0.003196
A,237016449,-4.0151,-1.4006,8.7556
G,237018416,0.002131,0.001065,0.002131
A,237018923,-4.0151,-1.4114,8.7520
G,237020904,0.004261,0.004261,0.005326
A,237021380,-4.0223,-1.4186,8.7448
G,237023400,0.004261,0.004261,0.004261
A,237023854,-4.0259,-1.4222,8.7376
G,237025877,0.004261,0.005326,0.003196
A,237026301,-4.0294,-1.4222,8.7269
G,237028383,0.003196,0.004261,0.001065
A,237028777,-4.0294,-1.4150,8.7269
TRK,237029,-0.38823,0.22346,-0.01723,-0.89390,-0.5572,0.3244,-0.3783,0.000,0.000,0.000,1,11
G,237030899,0.004261,0.004261,0.000000
A,237031264,-4.0259,-1.4042,8.7269
G,237033394,0.004261,0.004261,0.000000
A,237033738,-4.0223,-1.3934,8.7305
G,237035885,0.004261,0.005326,0.003196
A,237036200,-4.0151,-1.3862,8.7376
G,237038381,0.004261,0.004261,0.005326
A,237038699,-4.0115,-1.3934,8.7376
G,237040857,0.003196,0.003196,0.005326
A,237041173,-4.0079,-1.4006,8.7484
G,237043353,0.002131,0.002131,0.001065
A,237043672,-4.0043,-1.4150,8.7556
G,237045830,0.000000,0.003196,-0.002131
A,237046147,-4.0079,-1.4186,8.7664
G,237048332,0.001065,0.003196,-0.004261
A,237048621,-4.0115,-1.4114,8.7700
G,237050827,0.002131,0.004261,-0.002131
A,237051095,-4.0187,-1.4006,8.7628
TRK,237046,-0.38822,0.22349,-0.01724,-0.89389,-0.5572,0.3244,-0.3783,0.000,0.000,0.000,1,11
G,237053315,0.003196,0.002131,-0.003196
A,237053556,-4.0187,-1.3898,8.7520
G,237055826,0.002131,0.003196,-0.001065
A,237056041,-4.0151,-1.3934,8.7412
G,237058321,0.002131,0.003196,-0.001065
A,237058515,-4.0079,-1.3970,8.7305
G,237060819,0.002131,0.003196,0.001065
A,237060987,-4.0007,-1.4042,8.7340
G,237063315,0.003196,0.003196,0.003196
A,237063461,-4.0007,-1.4078,8.7340
G,237065812,0.003196,0.004261,0.004261
A,237065935,-4.0007,-1.4114,8.7448
G,237068308,0.003196,0.006392,0.005326
A,237068409,-4.0079,-1.4042,8.7484
G,237070786,0.001065,0.004261,0.002131
A,237070864,-4.0115,-1.4114,8.7520
G,237073282,0.001065,0.002131,0.000000
A,237073338,-4.0187,-1.4078,8.7520
G,237075757,0.003196,0.000000,-0.001065
A,237075791,-4.0187,-1.4042,8.7520
TRK,237076,-0.38824,0.22352,-0.01716,-0.89388,-0.5572,0.3244,-0.3783,0.000,0.000,0.000,1,11
G,237078266,0.004261,0.001065,0.001065
A,237078278,-4.0187,-1.3970,8.7520
A,237080752,-4.0187,-1.3862,8.7520
G,237080761,0.005326,0.005326,0.002131
A,237083213,-4.0151,-1.3791,8.7520
G,237083244,0.005326,0.007457,0.002131
A,237085687,-4.0223,-1.3719,8.7484
G,237085739,0.006392,0.008522,-0.001065
A,237088156,-4.0187,-1.3683,8.7448
G,237088229,0.005326,0.007457,-0.002131
TRK,237089,-0.38824,0.22353,-0.01713,-0.89387,-0.5572,0.3244,-0.3783,0.000,0.000,0.000,1,11
A,237090655,-4.0151,-1.3719,8.7412
G,237090748,0.003196,0.004261,-0.003196
A,237093130,-4.0079,-1.3719,8.7412
G,237093243,0.001065,0.001065,-0.004261
A,237095590,-3.9971,-1.3719,8.7448
G,237095722,0.000000,-0.002131,-0.006392
A,237098080,-3.9971,-1.3683,8.7448
G,237098232,-0.001065,-0.003196,-0.006392
A,237100554,-3.9971,-1.3683,8.7448
G,237100727,-0.002131,-0.001065,-0.003196
A,237103026,-4.0007,-1.3647,8.7448
G,237103217,-0.002131,0.002131,0.000000
A,237105500,-4.0007,-1.3683,8.7484
G,237105713,-0.003196,0.002131,0.001065
A,237107973,-4.0007,-1.3719,8.7556
G,237108202,-0.003196,0.001065,0.001065
A,237110447,-4.0043,-1.3719,8.7628
G,237110718,-0.003196,0.001065,-0.001065
A,237112897,-4.0043,-1.3791,8.7556
G,237113214,-0.003196,0.000000,-0.002131
TRK,237113,-0.38827,0.22353,-0.01702,-0.89386,-0.5572,0.3244,-0.3783,0.000,0.000,0.000,1,11
A,237115381,-4.0115,-1.3791,8.7592
G,237115713,-0.003196,-0.001065,-0.004261
A,237117855,-4.0115,-1.3827,8.7556
G,237118209,-0.002131,-0.001065,-0.004261
A,237120321,-4.0187,-1.3827,8.7628
G,237120689,0.000000,0.001065,-0.005326
A,237122807,-4.0187,-1.3791,8.7664
G,237123189,0.001065,0.005326,-0.003196
A,237125281,-4.0259,-1.3755,8.7664
G,237125684,0.002131,0.008522,-0.003196
A,237127758,-4.0330,-1.3755,8.7664
G,237128175,0.001065,0.008522,-0.002131
A,237130232,-4.0438,-1.3755,8.7628
G,237130689,0.000000,0.007457,-0.003196
A,237132684,-4.0474,-1.3755,8.7664
G,237133185,0.000000,0.005326,-0.003196
TRK,237133,-0.38827,0.22352,-0.01701,-0.89387,-0.5572,0.3244,-0.3783,0.000,0.000,0.000,1,11
A,237135173,-4.0582,-1.3827,8.7664
G,237135685,-0.001065,0.003196,-0.003196
A,237137647,-4.0546,-1.3898,8.7700
G,237138203,-0.002131,0.002131,-0.005326
A,237140105,-4.0546,-1.4006,8.7736
G,237140699,-0.002131,0.002131,-0.005326
A,237142595,-4.0510,-1.4078,8.7664
G,237143198,-0.003196,0.001065,-0.004261
A,237145069,-4.0402,-1.4257,8.7664
G,237145694,-0.002131,0.001065,-0.005326
A,237147550,-4.0330,-1.4257,8.7664
G,237148184,-0.001065,-0.001065,-0.008522
A,237150024,-4.0151,-1.4257,8.7592
G,237150679,0.000000,-0.001065,-0.008522
A,237152496,-4.0115,-1.4150,8.7520
G,237153159,0.000000,0.001065,-0.006392
A,237154970,-4.0043,-1.4078,8.7448
TRK,237154,-0.38827,0.22350,-0.01702,-0.89387,-0.5572,0.3244,-0.3783,0.000,0.000,0.000,1,11
G,237155680,-0.001065,0.003196,-0.001065
A,237157433,-4.0115,-1.4042,8.7340
G,237158175,-0.003196,0.005326,0.000000
A,237159927,-4.0223,-1.4078,8.7305
G,237160676,-0.004261,0.003196,-0.001065
A,237162401,-4.0330,-1.4222,8.7340
G,237163171,-0.002131,0.002131,-0.003196
A,237164863,-4.0438,-1.4365,8.7340
G,237165640,0.003196,0.002131,-0.001065
A,237167369,-4.0474,-1.4437,8.7412
G,237168151,0.010653,0.003196,0.005326
A,237169843,-4.0438,-1.4437,8.7340
G,237170646,0.013848,0.005326,0.008522
A,237172325,-4.0366,-1.4329,8.7448
G,237173134,0.013848,0.006392,0.006392
A,237174799,-4.0223,-1.4186,8.7412
G,237175655,0.010653,0.006392,0.001065
A,237177266,-4.0043,-1.3970,8.7484
G,237178151,0.007457,0.004261,-0.005326
TRK,237178,-0.38825,0.22353,-0.01710,-0.89387,-0.5572,0.3244,-0.3783,0.000,0.000,0.000,1,11
A,237179763,-3.9971,-1.3827,8.7556
G,237180651,0.004261,0.003196,-0.009587
A,237182237,-3.9935,-1.3683,8.7556
G,237183147,0.001065,0.001065,-0.008522
A,237184715,-4.0043,-1.3683,8.7556
G,237185628,0.000000,0.000000,-0.004261
A,237187189,-4.0187,-1.3719,8.7556
G,237188140,-0.001065,0.000000,-0.001065
A,237189648,-4.0294,-1.3827,8.7556
G,237190635,-0.003196,-0.001065,-0.001065
A,237192138,-4.0366,-1.3898,8.7556
G,237193127,-0.005326,-0.002131,0.000000
A,237194612,-4.0330,-1.3970,8.7520
TRK,237190,-0.38825,0.22354,-0.01708,-0.89387,-0.5572,0.3244,-0.3783,0.000,0.000,0.000,1,11
G,237195648,-0.005326,-0.002131,0.000000
A,237197082,-4.0259,-1.4006,8.7484
G,237198144,-0.002131,-0.002131,0.000000
A,237199556,-4.0151,-1.4006,8.7484
G,237200645,0.001065,-0.002131,-0.003196
A,237202008,-4.0079,-1.4042,8.7484
G,237203140,0.004261,0.000000,-0.002131
A,237204490,-4.0043,-1.4006,8.7556
G,237205621,0.006392,0.001065,-0.002131
A,237206964,-4.0043,-1.3898,8.7556
G,237208121,0.008522,0.004261,0.002131
A,237209416,-4.0115,-1.3862,8.7484
G,237210617,0.010653,0.004261,0.004261
TRK,237210,-0.38825,0.22357,-0.01707,-0.89386,-0.5572,0.3244,-0.3783,0.000,0.000,0.000,1,11
A,237211910,-4.0115,-1.3719,8.7448
G,237213108,0.012783,0.007457,0.008522
A,237214385,-4.0187,-1.3719,8.7412
G,237215630,0.011718,0.008522,0.006392
A,237216859,-4.0223,-1.3647,8.7412
G,237218126,0.010653,0.007457,0.004261
A,237219334,-4.0330,-1.3683,8.7484
G,237220621,0.007457,0.004261,-0.003196
A,237221783,-4.0402,-1.3611,8.7484
G,237223116,0.003196,0.003196,-0.002131
A,237224270,-4.0438,-1.3683,8.7556
G,237225598,0.000000,0.003196,0.001065
A,237226744,-4.0366,-1.3683,8.7556
G,237228110,-0.003196,0.002131,0.005326
A,237229212,-4.0294,-1.3683,8.7556
G,237230606,-0.008522,0.001065,0.004261
A,237231707,-4.0115,-1.3719,8.7592
G,237233094,-0.013848,-0.001065,0.000000
A,237234181,-4.0007,-1.3647,8.7520
G,237235590,-0.017044,-0.005326,-0.003196
TRK,237230,-0.38824,0.22365,-0.01710,-0.89384,-0.5572,0.3244,-0.3783,0.000,0.000,0.000,1,11
A,237236660,-3.9863,-1.3647,8.7520
G,237238062,-0.017044,-0.006392,-0.003196
A,237239134,-3.9792,-1.3647,8.7448
G,237240559,-0.012783,-0.005326,-0.003196
A,237241589,-3.9756,-1.3683,8.7412
G,237243055,-0.007457,0.000000,-0.002131
A,237244080,-3.9756,-1.3719,8.7340
G,237245538,-0.002131,0.003196,-0.001065
A,237246554,-3.9756,-1.3755,8.7376
G,237248051,0.003196,0.005326,0.000000
A,237249026,-3.9828,-1.3719,8.7376
G,237250547,0.008522,0.007457,0.003196
A,237251500,-3.9935,-1.3719,8.7484
TRK,237246,-0.38826,0.22367,-0.01700,-0.89383,-0.5572,0.3244,-0.3783,0.000,0.000,0.000,1,11
G,237253040,0.013848,0.007457,0.003196
A,237253952,-4.0043,-1.3647,8.7520
G,237255535,0.014914,0.008522,0.003196
A,237256433,-4.0187,-1.3647,8.7520
G,237258005,0.013848,0.009587,0.002131
A,237258907,-4.0294,-1.3719,8.7592
G,237260510,0.011718,0.010653,0.003196
A,237261372,-4.0330,-1.3791,8.7628
G,237263005,0.010653,0.010653,0.004261
A,237263846,-4.0366,-1.3862,8.7592
G,237265509,0.009587,0.004261,-0.001065
A,237266311,-4.0294,-1.3970,8.7664
G,237268004,0.006392,-0.001065,-0.005326
A,237268808,-4.0151,-1.4042,8.7664
G,237270488,0.000000,-0.006392,-0.009587
A,237271282,-4.0043,-1.4078,8.7628
G,237273002,-0.006392,-0.007457,-0.006392
A,237273759,-3.9899,-1.4042,8.7592
G,237275498,-0.012783,-0.009587,-0.003196
A,237276233,-3.9863,-1.3970,8.7484
TRK,237271,-0.38823,0.22359,-0.01717,-0.89386,-0.5572,0.3244,-0.3783,0.000,0.000,0.000,1,11
G,237277992,-0.014914,-0.011718,-0.005326
A,237278691,-3.9828,-1.3827,8.7340
G,237280506,-0.010653,-0.009587,-0.003196
A,237281170,-3.9899,-1.3791,8.7233
G,237283002,-0.004261,-0.006392,-0.002131
A,237283644,-4.0007,-1.3755,8.7161
G,237285505,0.003196,-0.003196,0.000000
A,237286113,-4.0115,-1.3755,8.7161
G,237288001,0.007457,-0.002131,0.000000
A,237288611,-4.0223,-1.3862,8.7233
G,237290483,0.010653,-0.001065,0.001065
A,237291085,-4.0294,-1.3898,8.7376
TRK,237287,-0.38825,0.22347,-0.01714,-0.89389,-0.5572,0.3244,-0.3783,0.000,0.000,0.000,1,11
G,237292997,0.009587,0.001065,0.001065
A,237293566,-4.0402,-1.3898,8.7484
G,237295492,0.009587,0.002131,-0.002131
A,237296040,-4.0474,-1.3970,8.7628
G,237297975,0.010653,0.003196,-0.004261
A,237298491,-4.0546,-1.3934,8.7700
G,237300490,0.012783,0.004261,-0.003196
A,237300974,-4.0546,-1.3898,8.7736
G,237302986,0.012783,0.004261,-0.001065
A,237303448,-4.0546,-1.3827,8.7771
G,237305477,0.009587,0.004261,-0.001065
A,237305909,-4.0546,-1.3683,8.7736
G,237307991,0.005326,0.005326,-0.001065
A,237308393,-4.0510,-1.3647,8.7771
G,237310487,0.001065,0.005326,-0.002131
A,237310868,-4.0474,-1.3647,8.7736
G,237312969,-0.003196,0.004261,-0.004261
A,237313320,-4.0402,-1.3719,8.7700
G,237315464,-0.008522,0.002131,-0.004261
TRK,237314,-0.38822,0.22340,-0.01729,-0.89391,-0.5572,0.3244,-0.3783,0.000,0.000,0.000,1,11
A,237315816,-4.0366,-1.3791,8.7736
G,237317939,-0.013848,0.001065,-0.003196
A,237318291,-4.0259,-1.3862,8.7628
G,237320437,-0.015979,0.000000,0.000000
A,237320761,-4.0151,-1.3934,8.7592
G,237322933,-0.015979,-0.002131,-0.001065
A,237323235,-4.0115,-1.4042,8.7448
G,237325419,-0.012783,-0.002131,-0.004261
A,237325693,-4.0115,-1.4150,8.7376
G,237327914,-0.008522,-0.001065,-0.006392
A,237328167,-4.0223,-1.4293,8.7340
G,237330400,-0.002131,0.002131,-0.007457
A,237330627,-4.0330,-1.4365,8.7448
G,237332916,0.004261,0.004261,-0.005326
A,237333117,-4.0402,-1.4365,8.7484
G,237335411,0.009587,0.006392,-0.003196
A,237335591,-4.0438,-1.4329,8.7520
G,237337907,0.011718,0.008522,0.000000
A,237338061,-4.0438,-1.4257,8.7556
G,237340403,0.014914,0.010653,0.003196
TRK,237339,-0.38822,0.22342,-0.01729,-0.89391,-0.5572,0.3244,-0.3783,0.000,0.000,0.000,1,11
A,237340563,-4.0438,-1.4222,8.7484
G,237342878,0.014914,0.011718,0.005326
A,237343037,-4.0510,-1.4114,8.7520
G,237345385,0.012783,0.010653,0.005326
A,237345519,-4.0510,-1.4078,8.7484
G,237347880,0.007457,0.006392,0.001065
A,237347993,-4.0546,-1.4078,8.7484
G,237350387,0.002131,0.001065,-0.005326
A,237350476,-4.0402,-1.4042,8.7448
G,237352882,-0.002131,-0.002131,-0.009587
A,237352950,-4.0330,-1.4006,8.7448
TRK,237348,-0.38820,0.22346,-0.01733,-0.89390,-0.5572,0.3244,-0.3783,0.000,0.000,0.000,1,11
G,237355369,-0.005326,-0.003196,-0.010653
A,237355414,-4.0259,-1.3970,8.7412
G,237357864,-0.008522,-0.004261,-0.009587
A,237357888,-4.0259,-1.3898,8.7340
G,237360351,-0.011718,-0.004261,-0.009587
A,237360353,-4.0294,-1.3898,8.7233
A,237362847,-4.0330,-1.3970,8.7125
G,237362867,-0.011718,-0.002131,-0.005326
A,237365321,-4.0402,-1.3934,8.7125
G,237365362,-0.009587,0.000000,-0.004261
A,237367795,-4.0366,-1.4042,8.7125
G,237367857,-0.006392,0.000000,-0.004261
A,237370269,-4.0330,-1.4042,8.7161
G,237370352,-0.003196,0.000000,-0.005326
A,237372726,-4.0330,-1.4078,8.7269
G,237372829,0.000000,0.002131,-0.001065
A,237375209,-4.0330,-1.4042,8.7376
G,237375331,0.002131,0.002131,0.001065
A,237377683,-4.0330,-1.4042,8.7448
G,237377827,0.004261,0.002131,0.002131
A,237380152,-4.0330,-1.4006,8.7484
G,237380314,0.008522,0.001065,0.000000
TRK,237377,-0.38822,0.22366,-0.01719,-0.89385,-0.5572,0.3244,-0.3783,0.000,0.000,0.000,1,11
A,237382652,-4.0294,-1.4042,8.7484
G,237382832,0.014914,0.003196,0.002131
A,237385126,-4.0259,-1.4006,8.7448
G,237385327,0.020240,0.004261,0.002131
A,237387606,-4.0330,-1.4078,8.7448
G,237387825,0.021305,0.005326,0.003196
A,237390080,-4.0366,-1.4006,8.7556
G,237390320,0.017044,0.003196,0.000000
A,237392561,-4.0438,-1.3970,8.7556
G,237392818,0.011718,0.003196,0.000000
A,237395035,-4.0474,-1.3898,8.7592
G,237395314,0.005326,0.001065,-0.002131
TRK,237390,-0.38820,0.22374,-0.01726,-0.89384,-0.5572,0.3244,-0.3783,0.000,0.000,0.000,1,11
A,237397497,-4.0474,-1.3827,8.7556
G,237397791,0.001065,0.001065,-0.002131
A,237399987,-4.0402,-1.3791,8.7448
G,237400296,-0.003196,-0.001065,-0.006392
A,237402461,-4.0294,-1.3791,8.7448
G,237402792,-0.005326,0.000000,-0.005326
A,237404934,-4.0151,-1.3827,8.7448
G,237405280,-0.006392,0.000000,-0.003196
A,237407408,-4.0043,-1.3827,8.7592
G,237407776,-0.006392,-0.001065,-0.001065
A,237409863,-3.9899,-1.3791,8.7628
G,237410244,-0.006392,-0.002131,0.002131
A,237412337,-3.9899,-1.3791,8.7736
G,237412763,-0.006392,-0.003196,-0.001065
A,237414793,-3.9899,-1.3791,8.7700
G,237415259,-0.006392,-0.002131,-0.001065
A,237417280,-3.9935,-1.3755,8.7664
G,237417757,-0.004261,-0.001065,-0.002131
A,237419754,-3.9971,-1.3755,8.7628
G,237420253,0.000000,0.002131,0.002131
TRK,237415,-0.38821,0.22390,-0.01715,-0.89379,-0.5572,0.3244,-0.3783,0.000,0.000,0.000,1,11
A,237422221,-4.0007,-1.3791,8.7628
G,237422732,0.004261,0.004261,0.001065
A,237424719,-4.0043,-1.3755,8.7556
G,237425241,0.007457,0.006392,0.001065
A,237427194,-4.0151,-1.3791,8.7484
G,237427737,0.007457,0.007457,-0.001065
A,237429672,-4.0187,-1.3719,8.7412
G,237430226,0.006392,0.007457,-0.001065
A,237432147,-4.0294,-1.3719,8.7412
G,237432722,0.005326,0.006392,-0.001065
TRK,237427,-0.38821,0.22395,-0.01714,-0.89378,-0.5572,0.3244,-0.3783,0.000,0.000,0.000,1,11
A,237434626,-4.0294,-1.3719,8.7376
G,237435211,0.004261,0.002131,-0.004261
A,237437100,-4.0259,-1.3755,8.7448
G,237437723,0.002131,-0.002131,-0.007457
A,237439553,-4.0223,-1.3755,8.7448
G,237440219,-0.002131,-0.005326,-0.012783
A,237442045,-4.0151,-1.3719,8.7412
G,237442719,-0.008522,-0.008522,-0.014914
A,237444519,-4.0115,-1.3683,8.7376
G,237445237,-0.014914,-0.007457,-0.014914
A,237446980,-4.0079,-1.3719,8.7305
G,237447732,-0.015979,-0.005326,-0.010653
A,237449463,-4.0007,-1.3791,8.7340
G,237450221,-0.017044,-0.001065,-0.006392
A,237451937,-3.9935,-1.3898,8.7340
G,237452731,-0.014914,0.002131,-0.004261
A,237454390,-3.9935,-1.3970,8.7340
G,237455226,-0.010653,0.004261,-0.006392
TRK,237455,-0.38823,0.22395,-0.01706,-0.89377,-0.5572,0.3244,-0.3783,0.000,0.000,0.000,1,11
A,237456885,-3.9935,-1.4042,8.7376
G,237457725,-0.004261,0.006392,-0.007457
A,237459359,-4.0043,-1.4042,8.7376
G,237460242,0.002131,0.006392,-0.005326
A,237461822,-4.0115,-1.4078,8.7340
G,237462738,0.008522,0.005326,-0.001065
A,237464296,-4.0223,-1.4078,8.7305
G,237465242,0.011718,0.004261,0.003196
A,237466748,-4.0259,-1.4078,8.7305
G,237467738,0.010653,0.003196,0.002131
A,237469236,-4.0259,-1.4042,8.7376
G,237470227,0.006392,0.002131,0.000000
A,237471710,-4.0259,-1.3898,8.7448
G,237472722,0.002131,-0.001065,-0.002131
A,237474178,-4.0259,-1.3827,8.7556
G,237475192,-0.001065,-0.003196,-0.002131
A,237476652,-4.0294,-1.3755,8.7556
G,237477702,-0.003196,-0.005326,-0.004261
A,237479111,-4.0294,-1.3791,8.7556
G,237480197,-0.005326,-0.004261,-0.003196
TRK,237475,-0.38822,0.22388,-0.01713,-0.89380,-0.5572,0.3244,-0.3783,0.000,0.000,0.000,1,11
A,237481592,-4.0259,-1.3827,8.7484
G,237482677,-0.006392,-0.002131,-0.002131
A,237484066,-4.0223,-1.3934,8.7412
G,237485176,-0.005326,0.001065,-0.001065
A,237486515,-4.0115,-1.3970,8.7340
G,237487671,-0.002131,0.003196,-0.001065
A,237489008,-4.0115,-1.3970,8.7340
G,237490162,0.000000,0.003196,-0.001065
A,237491482,-4.0043,-1.4042,8.7376
G,237492671,0.000000,0.002131,-0.001065
A,237493943,-4.0043,-1.4042,8.7412
G,237495166,0.000000,0.001065,-0.003196
TRK,237490,-0.38822,0.22382,-0.01712,-0.89381,-0.5572,0.3244,-0.3783,0.000,0.000,0.000,1,11
A,237496426,-4.0079,-1.4042,8.7448
G,237497647,0.001065,0.001065,-0.004261
A,237498900,-4.0115,-1.4042,8.7520
G,237500142,0.003196,0.003196,-0.001065
A,237501385,-4.0151,-1.3934,8.7556
G,237502623,0.006392,0.005326,0.002131
A,237503859,-4.0187,-1.3934,8.7556
G,237505135,0.009587,0.006392,0.004261
A,237506325,-4.0151,-1.3827,8.7556
G,237507631,0.011718,0.005326,0.001065
A,237508821,-4.0151,-1.3827,8.7520
G,237510122,0.013848,0.004261,-0.001065
A,237511295,-4.0079,-1.3791,8.7448
G,237512637,0.015979,0.004261,-0.002131
A,237513765,-4.0115,-1.3791,8.7376
G,237515132,0.015979,0.005326,0.001065
A,237516239,-4.0187,-1.3827,8.7448
TRK,237511,-0.38822,0.22373,-0.01718,-0.89383,-0.5572,0.3244,-0.3783,0.000,0.000,0.000,1,11
G,237517634,0.011718,0.007457,0.001065
A,237518697,-4.0294,-1.3934,8.7448
G,237520129,0.005326,0.007457,-0.002131
A,237521186,-4.0474,-1.3970,8.7520
G,237522611,-0.002131,0.007457,-0.005326
A,237523660,-4.0510,-1.4078,8.7484
G,237525123,-0.006392,0.005326,-0.007457
A,237526130,-4.0546,-1.4114,8.7520
G,237527618,-0.008522,0.002131,-0.007457
A,237528604,-4.0510,-1.4186,8.7556
G,237530110,-0.008522,0.002131,-0.004261
A,237531054,-4.0438,-1.4186,8.7700
G,237532606,-0.007457,0.002131,-0.001065
TRK,237527,-0.38821,0.22373,-0.01721,-0.89384,-0.5572,0.3244,-0.3783,0.000,0.000,0.000,1,11
A,237533536,-4.0438,-1.4222,8.7736
G,237535078,-0.005326,0.001065,0.000000
A,237536010,-4.0402,-1.4150,8.7771
G,237537572,-0.003196,-0.002131,-0.003196
A,237538464,-4.0330,-1.4114,8.7700
G,237540067,0.000000,-0.002131,-0.002131
A,237540958,-4.0366,-1.4078,8.7700
G,237542550,0.005326,0.002131,0.001065
A,237543432,-4.0330,-1.3970,8.7628
G,237545046,0.008522,0.007457,0.005326
A,237545926,-4.0259,-1.3898,8.7556
G,237547529,0.010653,0.009587,0.004261
A,237548400,-4.0151,-1.3862,8.7484
G,237550040,0.007457,0.007457,0.001065
A,237550873,-4.0151,-1.3862,8.7448
G,237552536,0.006392,0.007457,-0.002131
A,237553347,-4.0079,-1.3862,8.7412
TRK,237548,-0.38822,0.22376,-0.01716,-0.89383,-0.5572,0.3244,-0.3783,0.000,0.000,0.000,1,11
G,237555029,0.004261,0.008522,-0.002131
A,237555802,-4.0187,-1.3898,8.7412
G,237557524,0.002131,0.009587,0.001065
A,237558289,-4.0259,-1.3827,8.7448
G,237559998,-0.001065,0.007457,0.001065
A,237560763,-4.0294,-1.3791,8.7448
G,237562502,-0.004261,0.003196,-0.003196
A,237563231,-4.0330,-1.3719,8.7484
G,237564997,-0.007457,-0.002131,-0.007457
A,237565705,-4.0223,-1.3719,8.7520
G,237567502,-0.009587,-0.005326,-0.008522
A,237568173,-4.0187,-1.3719,8.7484
G,237569997,-0.011718,-0.006392,-0.004261
A,237570666,-4.0151,-1.3791,8.7448
G,237572475,-0.011718,-0.004261,0.000000
A,237573141,-4.0151,-1.3898,8.7412
TRK,237573,-0.38823,0.22381,-0.01710,-0.89381,-0.5572,0.3244,-0.3783,0.000,0.000,0.000,1,11
G,237574990,-0.010653,-0.001065,0.003196
A,237575620,-4.0151,-1.3970,8.7269
G,237577485,-0.008522,0.003196,0.002131
A,237578094,-4.0223,-1.4006,8.7233
G,237579974,-0.005326,0.006392,0.000000
A,237580550,-4.0187,-1.3970,8.7161
G,237582470,-0.002131,0.006392,-0.003196
A,237583042,-4.0223,-1.3898,8.7089
G,237584945,0.001065,0.004261,-0.004261
A,237585516,-4.0151,-1.3862,8.7053
G,237587450,0.005326,0.004261,-0.001065
A,237587988,-4.0115,-1.3791,8.6981
G,237589945,0.007457,0.004261,0.002131
A,237590462,-4.0079,-1.3898,8.6945
G,237592430,0.009587,0.005326,0.007457
A,237592916,-4.0079,-1.3934,8.7053
TRK,237589,-0.38823,0.22385,-0.01709,-0.89380,-0.5572,0.3244,-0.3783,0.000,0.000,0.000,1,11
G,237594946,0.006392,0.003196,0.007457
A,237595400,-4.0079,-1.3970,8.7197
G,237597441,0.004261,0.004261,0.009587
A,237597874,-4.0151,-1.4006,8.7305
G,237599936,0.002131,0.002131,0.004261
A,237600339,-4.0151,-1.3970,8.7340
G,237602450,0.002131,0.000000,0.000000
A,237602824,-4.0223,-1.3898,8.7340
G,237604946,0.003196,-0.001065,-0.005326
A,237605298,-4.0259,-1.3791,8.7305
G,237607451,0.004261,0.001065,-0.007457
A,237607774,-4.0366,-1.3791,8.7233
G,237609946,0.005326,0.002131,-0.009587
A,237610248,-4.0330,-1.3755,8.7233
G,237612431,0.004261,0.002131,-0.009587
A,237612706,-4.0330,-1.3755,8.7233
G,237614943,0.002131,0.001065,-0.009587
A,237615191,-4.0187,-1.3755,8.7305
G,237617439,0.002131,0.001065,-0.006392
TRK,237616,-0.38822,0.22388,-0.01713,-0.89380,-0.5572,0.3244,-0.3783,0.000,0.000,0.000,1,11
A,237617690,-4.0115,-1.3683,8.7412
G,237619914,0.003196,0.001065,-0.008522
A,237620164,-4.0043,-1.3683,8.7520
G,237622420,0.005326,0.003196,-0.007457
A,237622643,-4.0007,-1.3647,8.7592
G,237624915,0.006392,0.004261,-0.007457
A,237625118,-4.0043,-1.3647,8.7628
G,237627393,0.007457,0.005326,-0.003196
A,237627570,-4.0079,-1.3539,8.7628
TRK,237628,-0.38821,0.22390,-0.01716,-0.89380,-0.5572,0.3244,-0.3783,0.000,0.000,0.000,1,11
G,237629909,0.008522,0.006392,-0.004261
A,237630061,-4.0187,-1.3539,8.7628
G,237632404,0.010653,0.008522,-0.004261
A,237632535,-4.0187,-1.3539,8.7700
G,237634892,0.011718,0.010653,-0.004261
A,237634999,-4.0223,-1.3575,8.7736
G,237637388,0.010653,0.009587,-0.001065
A,237637473,-4.0259,-1.3611,8.7807
G,237639864,0.005326,0.007457,0.001065
A,237639927,-4.0259,-1.3755,8.7843
G,237642358,-0.002131,0.003196,0.000000
A,237642398,-4.0259,-1.3755,8.7843
G,237644875,-0.007457,0.002131,0.000000
A,237644892,-4.0259,-1.3755,8.7879
A,237647366,-4.0294,-1.3791,8.7807
G,237647370,-0.009587,0.001065,-0.001065
A,237649829,-4.0330,-1.3683,8.7736
G,237649854,-0.009587,-0.001065,-0.002131
A,237652303,-4.0366,-1.3683,8.7700
G,237652349,-0.010653,-0.003196,-0.007457
TRK,237646,-0.38819,0.22388,-0.01727,-0.89381,-0.5572,0.3244,-0.3783,0.000,0.000,0.000,1,11
A,237654759,-4.0366,-1.3683,8.7628
G,237654826,-0.008522,-0.004261,-0.009587
A,237657233,-4.0330,-1.3791,8.7556
G,237657322,-0.006392,-0.004261,-0.010653
A,237659691,-4.0259,-1.3898,8.7484
G,237659799,-0.004261,-0.002131,-0.008522
A,237662168,-4.0223,-1.4042,8.7448
G,237662295,-0.002131,-0.001065,-0.005326
A,237664642,-4.0223,-1.4186,8.7448
G,237664791,-0.001065,0.000000,-0.002131
A,237667112,-4.0187,-1.4186,8.7520
G,237667279,0.000000,0.001065,0.000000
A,237669612,-4.0187,-1.4186,8.7556
G,237669797,0.002131,0.003196,0.004261
A,237672086,-4.0151,-1.4078,8.7556
G,237672293,0.005326,0.004261,0.004261
TRK,237671,-0.38819,0.22381,-0.01730,-0.89383,-0.5572,0.3244,-0.3783,0.000,0.000,0.000,1,11
A,237674555,-4.0151,-1.4006,8.7592
G,237674779,0.008522,0.006392,0.004261
A,237677055,-4.0223,-1.4006,8.7556
G,237677296,0.009587,0.007457,0.000000
A,237679529,-4.0294,-1.3934,8.7520
G,237679791,0.008522,0.005326,-0.003196
A,237682010,-4.0330,-1.3934,8.7484
G,237682289,0.006392,0.001065,-0.005326
A,237684485,-4.0294,-1.3934,8.7412
G,237684784,0.001065,-0.002131,-0.005326
A,237686957,-4.0259,-1.4042,8.7269
G,237687272,-0.004261,-0.002131,0.001065
A,237689432,-4.0187,-1.4150,8.7197
G,237689791,-0.008522,0.000000,0.005326
A,237691886,-4.0187,-1.4293,8.7089
G,237692287,-0.010653,0.002131,0.006392
A,237694362,-4.0187,-1.4437,8.6981
G,237694776,-0.010653,0.001065,0.001065
A,237696836,-4.0187,-1.4509,8.6910
G,237697272,-0.009587,-0.002131,-0.005326
TRK,237691,-0.38818,0.22377,-0.01735,-0.89384,-0.5572,0.3244,-0.3783,0.000,0.000,0.000,1,11
A,237699302,-4.0115,-1.4509,8.6874
G,237699750,-0.008522,-0.002131,-0.008522
A,237701795,-4.0151,-1.4473,8.6910
G,237702256,-0.005326,0.000000,-0.004261
A,237704269,-4.0115,-1.4365,8.6945
G,237704751,-0.001065,0.002131,0.000000
A,237706747,-4.0223,-1.4329,8.7017
G,237707240,0.002131,0.003196,0.003196
A,237709221,-4.0223,-1.4257,8.7089
TRK,237708,-0.38819,0.22378,-0.01729,-0.89383,-0.5572,0.3244,-0.3783,0.000,0.000,0.000,1,11
G,237709760,0.004261,0.002131,0.004261
A,237711679,-4.0259,-1.4186,8.7197
G,237712255,0.009587,0.003196,0.007457
A,237714168,-4.0259,-1.4042,8.7305
G,237714754,0.014914,0.006392,0.007457
A,237716642,-4.0330,-1.3970,8.7412
G,237717249,0.019175,0.007457,0.007457
A,237719127,-4.0366,-1.3862,8.7520
G,237719744,0.020240,0.007457,0.004261
A,237721602,-4.0402,-1.3791,8.7628
G,237722240,0.019175,0.007457,0.002131
A,237724072,-4.0366,-1.3791,8.7664
G,237724719,0.017044,0.005326,0.001065
A,237726573,-4.0402,-1.3791,8.7664
G,237727228,0.011718,0.004261,-0.001065
A,237729047,-4.0438,-1.3862,8.7592
G,237729724,0.006392,0.000000,-0.002131
A,237731519,-4.0510,-1.3934,8.7484
G,237732203,0.004261,-0.003196,-0.004261
TRK,237732,-0.38818,0.22380,-0.01735,-0.89383,-0.5572,0.3244,-0.3783,0.000,0.000,0.000,1,11
A,237734011,-4.0510,-1.4042,8.7448
G,237734703,-0.001065,-0.006392,-0.007457
A,237736485,-4.0474,-1.4150,8.7412
G,237737213,-0.006392,-0.007457,-0.007457
A,237738938,-4.0366,-1.4150,8.7448
G,237739709,-0.012783,-0.007457,-0.007457
A,237741433,-4.0223,-1.4078,8.7448
G,237742209,-0.015979,-0.005326,-0.007457
A,237743907,-4.0151,-1.4006,8.7592
G,237744705,-0.015979,-0.005326,-0.009587
A,237746391,-4.0079,-1.3934,8.7628
G,237747195,-0.012783,-0.005326,-0.010653
A,237748866,-4.0151,-1.3862,8.7700
G,237749707,-0.006392,-0.001065,-0.009587
A,237751323,-4.0223,-1.3898,8.7807
G,237752203,0.002131,0.003196,-0.006392
TRK,237752,-0.38822,0.22390,-0.01711,-0.89379,-0.5572,0.3244,-0.3783,0.000,0.000,0.000,1,11
A,237753819,-4.0294,-1.3898,8.7843
G,237754703,0.010653,0.006392,-0.004261
A,237756294,-4.0294,-1.3862,8.7843
G,237757198,0.014914,0.009587,-0.001065
A,237758766,-4.0187,-1.3791,8.7807
G,237759674,0.017044,0.011718,0.000000
A,237761240,-4.0115,-1.3719,8.7736
G,237762169,0.014914,0.012783,0.000000
A,237763718,-3.9935,-1.3611,8.7664
G,237764650,0.009587,0.012783,0.000000
A,237766192,-3.9899,-1.3467,8.7520
G,237767145,0.003196,0.011718,0.005326
A,237768671,-3.9935,-1.3324,8.7376
G,237769627,-0.001065,0.009587,0.009587
A,237771145,-3.9935,-1.3216,8.7340
G,237772138,-0.004261,0.006392,0.009587
A,237773605,-4.0043,-1.3216,8.7305
G,237774634,-0.006392,0.001065,0.005326
TRK,237774,-0.38821,0.22401,-0.01711,-0.89377,-0.5572,0.3244,-0.3783,0.000,0.000,0.000,1,11
A,237776095,-4.0151,-1.3360,8.7412
G,237777125,-0.007457,-0.001065,-0.001065
A,237778569,-4.0151,-1.3503,8.7520
G,237779620,-0.007457,-0.003196,-0.006392
A,237781040,-4.0223,-1.3611,8.7664
G,237782092,-0.008522,-0.002131,-0.011718
A,237783515,-4.0187,-1.3647,8.7736
G,237784587,-0.008522,-0.002131,-0.011718
A,237785987,-4.0187,-1.3611,8.7664
G,237787060,-0.008522,-0.001065,-0.010653
A,237788490,-4.0115,-1.3683,8.7592
G,237789563,-0.005326,0.001065,-0.004261
A,237790964,-4.0115,-1.3683,8.7448
G,237792075,-0.003196,0.003196,0.001065
A,237793427,-4.0079,-1.3719,8.7376
G,237794571,0.000000,0.006392,0.006392
A,237795921,-4.0115,-1.3755,8.7305
G,237797063,0.003196,0.008522,0.005326
A,237798395,-4.0187,-1.3755,8.7305
TRK,237798,-0.38822,0.22398,-0.01708,-0.89377,-0.5572,0.3244,-0.3783,0.000,0.000,0.000,1,11
G,237799586,0.006392,0.011718,0.002131
A,237800870,-4.0294,-1.3791,8.7233
G,237802081,0.008522,0.011718,-0.004261
A,237803344,-4.0330,-1.3862,8.7269
G,237804577,0.008522,0.010653,-0.007457
A,237805793,-4.0366,-1.3898,8.7305
G,237807073,0.006392,0.007457,-0.009587
A,237808267,-4.0294,-1.3934,8.7448
G,237809575,0.001065,0.004261,-0.008522
A,237810725,-4.0259,-1.3862,8.7592
G,237812071,-0.004261,-0.001065,-0.008522
TRK,237811,-0.38820,0.22395,-0.01718,-0.89378,-0.5572,0.3244,-0.3783,0.000,0.000,0.000,1,11
A,237813213,-4.0187,-1.3827,8.7700
G,237814554,-0.008522,-0.005326,-0.004261
A,237815687,-4.0223,-1.3755,8.7700
G,237817062,-0.010653,-0.004261,-0.001065
A,237818151,-4.0259,-1.3755,8.7700
G,237819557,-0.009587,0.000000,0.000000
A,237820625,-4.0366,-1.3827,8.7664
G,237822048,-0.004261,0.004261,-0.002131
A,237823074,-4.0474,-1.3934,8.7736
G,237824571,0.002131,0.007457,-0.003196
A,237825555,-4.0546,-1.4042,8.7807
G,237827067,0.007457,0.008522,-0.003196
A,237828029,-4.0654,-1.4078,8.7879
G,237829560,0.012783,0.009587,-0.004261
A,237830482,-4.0582,-1.4078,8.7915
G,237832056,0.017044,0.011718,-0.006392
TRK,237831,-0.38818,0.22387,-0.01730,-0.89381,-0.5572,0.3244,-0.3783,0.000,0.000,0.000,1,11
A,237832975,-4.0618,-1.4006,8.7915
G,237834539,0.019175,0.012783,-0.003196
A,237835449,-4.0546,-1.3934,8.7915
G,237837052,0.018109,0.012783,0.002131
A,237837922,-4.0474,-1.3862,8.7843
G,237839547,0.010653,0.010653,0.003196
A,237840397,-4.0438,-1.3755,8.7664
G,237842041,0.001065,0.006392,0.000000
A,237842852,-4.0259,-1.3683,8.7448
G,237844536,-0.010653,0.002131,-0.004261
A,237845326,-4.0187,-1.3755,8.7197
G,237847030,-0.021305,-0.002131,-0.008522
A,237847782,-4.0151,-1.3827,8.7017
G,237849525,-0.027697,-0.007457,-0.011718
A,237850269,-4.0115,-1.4042,8.6945
G,237851999,-0.027697,-0.012783,-0.012783
A,237852743,-4.0187,-1.4257,8.6910
G,237854495,-0.022371,-0.012783,-0.010653
A,237855203,-4.0187,-1.4437,8.6981
G,237857009,-0.014914,-0.008522,-0.007457
A,237857681,-4.0151,-1.4509,8.6981
G,237859504,-0.006392,-0.002131,-0.003196
TRK,237855,-0.38818,0.22378,-0.01734,-0.89383,-0.5572,0.3244,-0.3783,0.000,0.000,0.000,1,11
A,237860170,-4.0079,-1.4473,8.7125
G,237861978,0.003196,0.005326,0.003196
A,237862644,-4.0115,-1.4437,8.7197
G,237864482,0.013848,0.013848,0.011718
A,237865114,-4.0187,-1.4257,8.7340
G,237866978,0.020240,0.018109,0.014914
A,237867604,-4.0366,-1.4078,8.7412
G,237869452,0.025566,0.021305,0.017044
A,237870078,-4.0582,-1.3934,8.7412
TRK,237870,-0.38815,0.22381,-0.01745,-0.89384,-0.5572,0.3244,-0.3783,0.000,0.000,0.000,1,11
G,237871967,0.029827,0.022371,0.015979
A,237872559,-4.0725,-1.3719,8.7340
G,237874462,0.031958,0.021305,0.011718
A,237875033,-4.0797,-1.3611,8.7197
G,237876947,0.030893,0.018109,0.005326
A,237877485,-4.0833,-1.3611,8.7197
G,237879443,0.026632,0.011718,-0.003196
A,237879976,-4.0761,-1.3575,8.7269
G,237881915,0.020240,0.005326,-0.008522
A,237882450,-4.0689,-1.3647,8.7484
G,237884415,0.012783,-0.001065,-0.013848
A,237884917,-4.0546,-1.3719,8.7592
G,237886931,0.002131,-0.005326,-0.014914
A,237887401,-4.0438,-1.3791,8.7700
G,237889426,-0.010653,-0.006392,-0.013848
A,237889876,-4.0294,-1.3898,8.7700
G,237891922,-0.024501,-0.008522,-0.008522
A,237892341,-4.0151,-1.3898,8.7700
G,237894417,-0.033023,-0.008522,-0.001065
A,237894815,-4.0007,-1.3970,8.7628
TRK,237889,-0.38812,0.22390,-0.01758,-0.89383,-0.5572,0.3244,-0.3783,0.000,0.000,0.000,1,11
STAT,404.2,400.7,0,0,0,0.0435,0.905,0.0891,0.1418,-0.1009,9.7277,0.62,0.001
G,237896913,-0.034088,-0.008522,0.002131
A,237897281,-3.9899,-1.3970,8.7556
G,237899408,-0.026632,-0.005326,0.003196
A,237899776,-3.9792,-1.4006,8.7520
G,237901882,-0.013848,-0.003196,0.002131
A,237902250,-3.9828,-1.4042,8.7484
G,237904388,0.001065,-0.001065,0.001065
A,237904727,-3.9828,-1.3970,8.7520
G,237906883,0.015979,0.003196,-0.002131
A,237907202,-3.9971,-1.3970,8.7628
G,237909369,0.029827,0.008522,-0.003196
A,237909659,-4.0043,-1.3934,8.7700
G,237911864,0.040480,0.014914,0.000000
A,237912133,-4.0259,-1.4006,8.7915
G,237914351,0.044741,0.022371,0.005326
A,237914593,-4.0402,-1.3970,8.7987
TRK,237906,-0.38815,0.22398,-0.01742,-0.89380,-0.5572,0.3244,-0.3783,0.000,0.000,0.000,1,11
G,237916868,0.043676,0.026632,0.009587
A,237917084,-4.0546,-1.3934,8.8131
G,237919364,0.035154,0.025566,0.008522
A,237919558,-4.0689,-1.3791,8.8095
G,237921860,0.023436,0.019175,0.005326
A,237922030,-4.0725,-1.3611,8.8131
G,237924378,0.010653,0.011718,0.002131
A,237924522,-4.0725,-1.3396,8.8023
G,237926873,-0.004261,0.004261,0.000000
A,237926997,-4.0689,-1.3324,8.8023
G,237929368,-0.020240,-0.004261,-0.004261
A,237929467,-4.0546,-1.3252,8.7879
G,237931884,-0.031958,-0.009587,-0.009587
A,237931960,-4.0402,-1.3360,8.7771
G,237934380,-0.040480,-0.011718,-0.010653
A,237934435,-4.0187,-1.3431,8.7664
G,237936863,-0.043676,-0.012783,-0.009587
A,237936895,-4.0043,-1.3683,8.7376
G,237939359,-0.042611,-0.014914,-0.008522
A,237939370,-3.9899,-1.3862,8.7197
TRK,237933,-0.38812,0.22406,-0.01751,-0.89378,-0.5572,0.3244,-0.3783,0.000,0.000,0.000,1,11
A,237941825,-3.9756,-1.4042,8.7053
G,237941836,-0.040480,-0.017044,-0.011718
A,237944311,-3.9720,-1.4150,8.7017
G,237944343,-0.034088,-0.013848,-0.007457
A,237946785,-3.9792,-1.4186,8.7125
G,237946838,-0.022371,-0.007457,-0.004261
A,237949253,-3.9899,-1.4222,8.7233
G,237949327,-0.006392,0.001065,0.001065
A,237951740,-4.0043,-1.4186,8.7269
G,237951834,0.011718,0.008522,0.002131
A,237954214,-4.0223,-1.4114,8.7376
TRK,237949,-0.38817,0.22406,-0.01728,-0.89377,-0.5572,0.3244,-0.3783,0.000,0.000,0.000,1,11
G,237954356,0.028762,0.013848,0.003196
A,237956667,-4.0259,-1.4078,8.7340
G,237956851,0.044741,0.019175,0.004261
A,237959156,-4.0294,-1.4006,8.7448
G,237959358,0.052198,0.020240,0.001065
A,237961630,-4.0294,-1.3898,8.7556
G,237961854,0.050067,0.018109,-0.003196
A,237964121,-4.0330,-1.3791,8.7664
G,237964361,0.037284,0.013848,-0.003196
A,237966595,-4.0438,-1.3647,8.7771
G,237966856,0.020240,0.010653,0.000000
A,237969062,-4.0546,-1.3503,8.7807
G,237969340,0.004261,0.006392,0.005326
TRK,237966,-0.38811,0.22400,-0.01758,-0.89380,-0.5572,0.3244,-0.3783,0.000,0.000,0.000,1,11
A,237971564,-4.0654,-1.3467,8.7807
G,237971857,-0.012783,0.000000,0.001065
A,237974038,-4.0582,-1.3431,8.7664
G,237974353,-0.028762,-0.007457,-0.005326
A,237976513,-4.0402,-1.3539,8.7592
G,237976843,-0.040480,-0.012783,-0.012783
A,237978987,-4.0151,-1.3683,8.7484
G,237979338,-0.045806,-0.015979,-0.017044
A,237981450,-3.9899,-1.3934,8.7448
G,237981816,-0.045806,-0.018109,-0.018109
A,237983924,-3.9756,-1.4150,8.7448
G,237984311,-0.041545,-0.017044,-0.018109
A,237986389,-3.9756,-1.4257,8.7484
G,237986789,-0.031958,-0.012783,-0.015979
A,237988883,-3.9935,-1.4401,8.7736
G,237989297,-0.019175,-0.005326,-0.013848
A,237991357,-4.0151,-1.4509,8.7879
G,237991793,-0.003196,0.002131,-0.006392
A,237993833,-4.0402,-1.4437,8.8059
G,237994281,0.015979,0.006392,0.000000
A,237996307,-4.0474,-1.4293,8.7987
G,237996776,0.036219,0.012783,0.009587
TRK,237991,-0.38819,0.22389,-0.01725,-0.89380,-0.5572,0.3244,-0.3783,0.000,0.000,0.000,1,11
A,237998783,-4.0438,-1.3970,8.7771
G,237999265,0.051133,0.020240,0.014914
A,238001257,-4.0294,-1.3575,8.7340
G,238001783,0.049002,0.024501,0.018109
A,238003715,-4.0151,-1.3252,8.6981
G,238004279,0.027697,0.021305,0.014914
A,238006189,-4.0007,-1.3001,8.6730
G,238006797,-0.002131,0.010653,0.010653
A,238008648,-3.9935,-1.3072,8.6694
G,238009293,-0.030893,-0.001065,0.002131
TRK,238009,-0.38815,0.22384,-0.01747,-0.89383,-0.5572,0.3244,-0.3783,0.000,0.000,0.000,1,11
A,238011137,-3.9828,-1.3216,8.6838
G,238011791,-0.046872,-0.010653,-0.003196
A,238013612,-3.9756,-1.3611,8.7125
G,238014286,-0.050067,-0.017044,-0.011718
A,238016082,-3.9684,-1.4006,8.7412
G,238016765,-0.042611,-0.018109,-0.018109
A,238018556,-3.9720,-1.4437,8.7736
G,238019274,-0.026632,-0.015979,-0.025566
A,238021008,-3.9792,-1.4653,8.7987
G,238021769,-0.007457,-0.007457,-0.022371
A,238023486,-3.9935,-1.4653,8.8131
G,238024254,0.011718,0.003196,-0.010653
A,238025960,-4.0187,-1.4545,8.8346
G,238026749,0.025566,0.014914,0.008522
A,238028424,-4.0474,-1.4114,8.8310
G,238029218,0.036219,0.022371,0.021305
A,238030905,-4.0797,-1.3791,8.8202
G,238031705,0.044741,0.026632,0.028762
A,238033396,-4.0977,-1.3324,8.7807
G,238034201,0.052198,0.028762,0.029827
A,238035870,-4.1013,-1.2965,8.7412
TRK,238035,-0.38816,0.22373,-0.01746,-0.89385,-0.5572,0.3244,-0.3783,0.000,0.000,0.000,1,11
G,238036721,0.053263,0.028762,0.027697
A,238038335,-4.0833,-1.2713,8.6945
G,238039217,0.045806,0.023436,0.017044
A,238040831,-4.0510,-1.2641,8.6730
G,238041716,0.027697,0.011718,0.002131
A,238043305,-4.0151,-1.2749,8.6694
G,238044212,0.000000,-0.005326,-0.018109
A,238045782,-3.9756,-1.3072,8.6910
G,238046691,-0.029827,-0.023436,-0.036219
A,238048256,-3.9540,-1.3467,8.7233
G,238049187,-0.053263,-0.034088,-0.043676
A,238050733,-3.9397,-1.4006,8.7628
G,238051667,-0.068177,-0.037284,-0.041545
A,238053207,-3.9397,-1.4401,8.8023
G,238054178,-0.072438,-0.033023,-0.029827
A,238055666,-3.9397,-1.4653,8.8059
G,238056673,-0.068177,-0.023436,-0.017044
A,238058155,-3.9468,-1.4688,8.7951
G,238059164,-0.055394,-0.011718,-0.003196
A,238060629,-3.9576,-1.4581,8.7592
TRK,238056,-0.38822,0.22363,-0.01721,-0.89386,-0.5572,0.3244,-0.3783,0.000,0.000,0.000,1,11
G,238061684,-0.034088,0.003196,0.009587
A,238063099,-3.9828,-1.4293,8.7197
G,238064180,-0.005326,0.018109,0.020240
A,238065573,-4.0043,-1.3970,8.6945
G,238066680,0.027697,0.028762,0.023436
A,238068024,-4.0366,-1.3539,8.6802
G,238069176,0.061785,0.037284,0.022371
A,238070498,-4.0654,-1.3288,8.6981
G,238071676,0.089482,0.043676,0.017044
A,238072951,-4.0869,-1.3072,8.7197
G,238074172,0.103331,0.045806,0.010653
TRK,238073,-0.38815,0.22361,-0.01754,-0.89389,-0.5572,0.3244,-0.3783,0.000,0.000,0.000,1,11
A,238075435,-4.0977,-1.2965,8.7484
G,238076652,0.098004,0.039415,-0.001065
A,238077909,-4.0905,-1.2965,8.7700
G,238079156,0.075634,0.026632,-0.010653
A,238080365,-4.0689,-1.2965,8.7843
G,238081651,0.037284,0.009587,-0.019175
A,238082857,-4.0474,-1.3144,8.7987
G,238084139,-0.007457,-0.006392,-0.023436
A,238085332,-4.0259,-1.3396,8.7987
G,238086660,-0.051133,-0.021305,-0.024501
A,238087807,-4.0151,-1.3755,8.7951
G,238089155,-0.086286,-0.031958,-0.024501
A,238090282,-4.0007,-1.4042,8.7736
G,238091652,-0.106526,-0.037284,-0.021305
A,238092734,-3.9935,-1.4365,8.7412
G,238094147,-0.111853,-0.037284,-0.018109
A,238095222,-3.9792,-1.4509,8.7089
G,238096628,-0.100135,-0.031958,-0.014914
A,238097696,-3.9684,-1.4688,8.6658
TRK,238097,-0.38822,0.22352,-0.01724,-0.89388,-0.5572,0.3244,-0.3783,0.000,0.000,0.000,1,11
G,238099140,-0.079895,-0.025566,-0.013848
A,238100165,-3.9576,-1.4653,8.6155
G,238101635,-0.052198,-0.015979,-0.008522
A,238102654,-3.9648,-1.4688,8.5904
G,238104116,-0.021305,-0.002131,0.000000
A,238105128,-3.9756,-1.4581,8.5796
G,238106611,0.014914,0.015979,0.009587
A,238107608,-3.9971,-1.4473,8.5940
G,238109084,0.051133,0.030893,0.012783
A,238110082,-4.0259,-1.4581,8.6335
TRK,238110,-0.38823,0.22353,-0.01719,-0.89388,-0.5572,0.3244,-0.3783,0.000,0.000,0.000,1,11
G,238111606,0.083091,0.040480,0.010653
A,238112563,-4.0438,-1.4617,8.6838
G,238114101,0.107592,0.045806,0.009587
A,238115037,-4.0618,-1.4581,8.7376
G,238116603,0.118244,0.045806,0.010653
A,238117499,-4.0689,-1.4509,8.8059
G,238119099,0.111853,0.041545,0.009587
A,238119992,-4.0725,-1.4222,8.8454
G,238121581,0.088417,0.031958,0.006392
A,238122466,-4.0761,-1.3934,8.8705
G,238124094,0.049002,0.019175,0.003196
A,238124940,-4.0761,-1.3719,8.8669
G,238126589,0.004261,0.005326,0.004261
A,238127414,-4.0797,-1.3575,8.8310
G,238129081,-0.040480,-0.009587,0.004261
A,238129868,-4.0761,-1.3467,8.7951
G,238131577,-0.077764,-0.023436,0.000000
A,238132342,-4.0689,-1.3396,8.7305
G,238134067,-0.101200,-0.034088,-0.005326
A,238134796,-4.0582,-1.3467,8.6874
G,238136578,-0.108657,-0.039415,-0.011718
A,238137271,-4.0366,-1.3611,8.6371
G,238139074,-0.098004,-0.037284,-0.013848
TRK,238138,-0.38820,0.22364,-0.01729,-0.89386,-0.5572,0.3244,-0.3783,0.000,0.000,0.000,1,11
A,238139768,-4.0115,-1.3934,8.6048
G,238141556,-0.074569,-0.031958,-0.020240
A,238142242,-3.9863,-1.4365,8.6084
G,238144069,-0.042611,-0.023436,-0.023436
A,238144720,-3.9720,-1.4796,8.6335
G,238146565,-0.005326,-0.010653,-0.021305
A,238147194,-3.9648,-1.5083,8.6874
G,238149045,0.030893,0.005326,-0.013848
A,238149641,-3.9612,-1.5048,8.7412
G,238151541,0.060720,0.022371,0.001065
TRK,238145,-0.38825,0.22368,-0.01707,-0.89384,-0.5572,0.3244,-0.3783,0.000,0.000,0.000,1,11
A,238152130,-3.9756,-1.4832,8.7879
G,238154014,0.079895,0.037284,0.013848
A,238154604,-3.9828,-1.4509,8.8166
G,238156513,0.089482,0.049002,0.026632
A,238157071,-4.0043,-1.4006,8.8346
G,238159009,0.087352,0.053263,0.031958
A,238159545,-4.0474,-1.3862,8.8346
G,238161493,0.074569,0.049002,0.033023
A,238161997,-4.0689,-1.3467,8.8238
G,238163993,0.052198,0.037284,0.028762
A,238164466,-4.0977,-1.3252,8.7951
G,238166489,0.029827,0.023436,0.019175
A,238166959,-4.1013,-1.3108,8.7700
G,238168963,0.007457,0.009587,0.008522
A,238169433,-4.0761,-1.2929,8.7484
G,238171458,-0.015979,-0.006392,-0.007457
A,238171897,-4.0582,-1.3144,8.7340
G,238173953,-0.035154,-0.019175,-0.019175
A,238174371,-4.0223,-1.3180,8.7376
TRK,238168,-0.38811,0.22390,-0.01762,-0.89383,-0.5572,0.3244,-0.3783,0.000,0.000,0.000,1,11
G,238176438,-0.054328,-0.027697,-0.026632
A,238176826,-3.9935,-1.3575,8.7305
G,238178934,-0.067112,-0.028762,-0.022371
A,238179301,-3.9612,-1.3791,8.7305
G,238181419,-0.073503,-0.027697,-0.014914
A,238181757,-3.9397,-1.4114,8.7089
G,238183928,-0.072438,-0.023436,-0.008522
A,238184238,-3.9289,-1.4437,8.6945
G,238186423,-0.059655,-0.017044,-0.005326
A,238186712,-3.9145,-1.4509,8.6874
G,238188919,-0.037284,-0.006392,-0.002131
A,238189180,-3.9289,-1.4760,8.6910
G,238191414,-0.008522,0.004261,0.000000
A,238191679,-3.9325,-1.4653,8.6910
G,238193890,0.022371,0.014914,0.002131
A,238194153,-3.9504,-1.4545,8.6945
G,238196396,0.052198,0.022371,0.003196
A,238196633,-3.9648,-1.4293,8.6981
G,238198891,0.073503,0.026632,0.003196
A,238199107,-3.9756,-1.3862,8.6981
TRK,238194,-0.38825,0.22403,-0.01693,-0.89375,-0.5572,0.3244,-0.3783,0.000,0.000,0.000,1,11
G,238201397,0.084156,0.027697,0.004261
A,238201587,-4.0043,-1.3611,8.7340
G,238203893,0.080960,0.025566,0.005326
A,238204061,-4.0187,-1.3288,8.7376
G,238206379,0.070307,0.023436,0.006392
A,238206523,-4.0654,-1.3288,8.7951
G,238208882,0.050067,0.017044,0.008522
A,238209002,-4.0689,-1.3072,8.7879
G,238211404,0.023436,0.009587,0.009587
A,238211500,-4.1013,-1.3360,8.8202
G,238213900,-0.003196,0.002131,0.009587
A,238213974,-4.0905,-1.3216,8.8095
TRK,238210,-0.38817,0.22398,-0.01731,-0.89379,-0.5572,0.3244,-0.3783,0.000,0.000,0.000,1,11
G,238216386,-0.026632,-0.005326,0.006392
A,238216437,-4.0905,-1.3431,8.8095
G,238218893,-0.044741,-0.014914,-0.003196
A,238218922,-4.0689,-1.3539,8.7915
G,238221388,-0.056459,-0.023436,-0.010653
A,238221396,-4.0438,-1.3575,8.7807
A,238223868,-4.0187,-1.3683,8.7664
G,238223882,-0.061785,-0.027697,-0.018109
A,238226342,-3.9935,-1.3862,8.7520
G,238226377,-0.059655,-0.024501,-0.018109
A,238228798,-3.9828,-1.4078,8.7448
G,238228854,-0.052198,-0.017044,-0.017044
A,238231279,-3.9720,-1.4365,8.7448
G,238231355,-0.039415,-0.007457,-0.011718
A,238233753,-3.9756,-1.4437,8.7484
G,238233850,-0.021305,0.004261,-0.005326
TRK,238233,-0.38826,0.22392,-0.01690,-0.89377,-0.5572,0.3244,-0.3783,0.000,0.000,0.000,1,11
A,238236220,-3.9792,-1.4473,8.7305
G,238236337,-0.002131,0.013848,0.000000
A,238238709,-4.0007,-1.4329,8.7592
G,238238845,0.015979,0.020240,0.004261
A,238241183,-4.0151,-1.4042,8.7412
G,238241341,0.033023,0.023436,0.005326
A,238243662,-4.0438,-1.3898,8.7771
G,238243838,0.050067,0.026632,0.007457
A,238246136,-4.0510,-1.3575,8.7700
G,238246333,0.062851,0.029827,0.004261
A,238248616,-4.0582,-1.3503,8.7664
G,238248830,0.064981,0.030893,0.002131
A,238251090,-4.0582,-1.3360,8.7448
G,238251326,0.049002,0.023436,-0.001065
A,238253551,-4.0474,-1.3396,8.7053
G,238253803,0.019175,0.010653,-0.001065
A,238256042,-4.0510,-1.3467,8.6945
G,238256311,-0.017044,-0.005326,-0.004261
A,238258516,-4.0438,-1.3539,8.6730
G,238258807,-0.051133,-0.018109,-0.007457
TRK,238254,-0.38819,0.22383,-0.01729,-0.89382,-0.5572,0.3244,-0.3783,0.000,0.000,0.000,1,11
A,238260988,-4.0438,-1.3719,8.6694
G,238261294,-0.072438,-0.025566,-0.011718
A,238263481,-4.0259,-1.3898,8.6622
G,238263803,-0.076699,-0.028762,-0.014914
A,238265955,-4.0223,-1.4150,8.6586
G,238266298,-0.066046,-0.027697,-0.017044
A,238268431,-4.0151,-1.4473,8.6622
G,238268789,-0.046872,-0.024501,-0.020240
A,238270906,-4.0151,-1.4653,8.6802
G,238271284,-0.024501,-0.017044,-0.019175
A,238273367,-4.0151,-1.4760,8.6981
G,238273759,-0.001065,-0.005326,-0.014914
TRK,238270,-0.38828,0.22377,-0.01690,-0.89380,-0.5572,0.3244,-0.3783,0.000,0.000,0.000,1,11
A,238275862,-4.0294,-1.4688,8.7269
G,238276268,0.020240,0.009587,-0.003196
A,238278336,-4.0366,-1.4545,8.7484
G,238278764,0.039415,0.022371,0.008522
A,238280804,-4.0474,-1.4365,8.7592
G,238281244,0.055394,0.034088,0.019175
A,238283278,-4.0582,-1.4150,8.7700
G,238283755,0.067112,0.037284,0.023436
A,238285727,-4.0654,-1.3862,8.7592
G,238286251,0.072438,0.035154,0.023436
A,238288215,-4.0654,-1.3719,8.7520
G,238288750,0.067112,0.029827,0.020240
A,238290690,-4.0618,-1.3611,8.7376
G,238291245,0.052198,0.024501,0.015979
A,238293158,-4.0546,-1.3575,8.7484
G,238293724,0.028762,0.014914,0.009587
A,238295632,-4.0546,-1.3647,8.7592
G,238296234,0.004261,0.001065,0.000000
A,238298082,-4.0510,-1.3755,8.7736
G,238298729,-0.020240,-0.011718,-0.008522
TRK,238298,-0.38815,0.22387,-0.01743,-0.89382,-0.5572,0.3244,-0.3783,0.000,0.000,0.000,1,11
A,238300563,-4.0510,-1.3898,8.7879
G,238301219,-0.040480,-0.020240,-0.014914
A,238303037,-4.0438,-1.4042,8.7807
G,238303730,-0.058590,-0.023436,-0.018109
A,238305491,-4.0330,-1.4150,8.7771
G,238306226,-0.068177,-0.025566,-0.019175
A,238307984,-4.0187,-1.4186,8.7628
G,238308725,-0.068177,-0.023436,-0.017044
A,238310458,-4.0043,-1.4257,8.7448
G,238311221,-0.058590,-0.017044,-0.010653
A,238312929,-4.0007,-1.4293,8.7448
G,238313698,-0.040480,-0.008522,-0.004261
A,238315404,-4.0043,-1.4257,8.7340
TRK,238310,-0.38823,0.22396,-0.01707,-0.89377,-0.5572,0.3244,-0.3783,0.000,0.000,0.000,1,11
G,238316208,-0.012783,0.002131,-0.001065
A,238317858,-4.0115,-1.4150,8.7376
G,238318704,0.018109,0.012783,0.003196
A,238320335,-4.0187,-1.4006,8.7340
G,238321185,0.047937,0.021305,0.003196
A,238322809,-4.0259,-1.3791,8.7305
G,238323704,0.068177,0.026632,0.003196
A,238325274,-4.0294,-1.3611,8.7340
G,238326199,0.075634,0.025566,0.001065
A,238327771,-4.0330,-1.3503,8.7412
G,238328699,0.067112,0.023436,0.005326
A,238330245,-4.0366,-1.3467,8.7520
G,238331195,0.046872,0.018109,0.007457
A,238332723,-4.0330,-1.3503,8.7592
G,238333675,0.020240,0.012783,0.009587
A,238335197,-4.0330,-1.3611,8.7628
G,238336170,-0.006392,0.003196,0.006392
TRK,238330,-0.38815,0.22405,-0.01736,-0.89378,-0.5572,0.3244,-0.3783,0.000,0.000,0.000,1,11
A,238337675,-4.0259,-1.3647,8.7592
G,238338651,-0.028762,-0.008522,0.001065
A,238340149,-4.0187,-1.3683,8.7556
G,238341162,-0.043676,-0.019175,-0.008522
A,238342609,-4.0043,-1.3791,8.7520
G,238343657,-0.052198,-0.022371,-0.013848
A,238345088,-4.0007,-1.3862,8.7340
G,238346137,-0.053263,-0.022371,-0.017044
A,238347562,-3.9935,-1.4006,8.7197
G,238348650,-0.047937,-0.019175,-0.014914
A,238350025,-3.9971,-1.4150,8.6874
G,238351145,-0.037284,-0.014914,-0.012783
A,238352508,-4.0043,-1.4222,8.6658
G,238353626,-0.023436,-0.008522,-0.007457
A,238354982,-4.0079,-1.4257,8.6479
G,238356122,-0.006392,0.000000,-0.001065
A,238357465,-4.0151,-1.4293,8.6479
G,238358603,0.013848,0.008522,0.004261
A,238359939,-4.0151,-1.4222,8.6622
TRK,238359,-0.38822,0.22419,-0.01702,-0.89372,-0.5572,0.3244,-0.3783,0.000,0.000,0.000,1,11
G,238361115,0.035154,0.013848,0.005326
A,238362402,-4.0187,-1.4114,8.6910
G,238363611,0.051133,0.018109,0.007457
A,238364891,-4.0187,-1.3970,8.7233
G,238366097,0.059655,0.021305,0.006392
A,238367366,-4.0259,-1.3827,8.7592
G,238368592,0.062851,0.023436,0.005326
A,238369841,-4.0366,-1.3611,8.7915
G,238371064,0.057524,0.024501,0.002131
A,238372335,-4.0474,-1.3539,8.8166
G,238373555,0.044741,0.023436,0.000000
A,238374809,-4.0582,-1.3431,8.8310
TRK,238370,-0.38815,0.22419,-0.01731,-0.89374,-0.5572,0.3244,-0.3783,0.000,0.000,0.000,1,11
G,238376068,0.024501,0.015979,-0.004261
A,238377275,-4.0582,-1.3396,8.8310
G,238378564,0.003196,0.005326,-0.004261
A,238379768,-4.0546,-1.3396,8.8202
G,238381052,-0.014914,-0.004261,0.000000
A,238382243,-4.0438,-1.3431,8.7987
G,238383548,-0.029827,-0.010653,0.004261
A,238384720,-4.0294,-1.3431,8.7736
G,238386021,-0.040480,-0.013848,0.005326
A,238387218,-4.0223,-1.3467,8.7556
G,238388514,-0.047937,-0.018109,-0.003196
A,238389692,-4.0043,-1.3539,8.7484
TRK,238389,-0.38816,0.22417,-0.01728,-0.89374,-0.5572,0.3244,-0.3783,0.000,0.000,0.000,1,11
G,238391028,-0.047937,-0.021305,-0.010653
A,238392161,-4.0007,-1.3683,8.7520
G,238393523,-0.038350,-0.019175,-0.013848
A,238394635,-3.9935,-1.3862,8.7556
G,238396015,-0.023436,-0.010653,-0.010653
A,238397083,-3.9863,-1.4006,8.7592
G,238398511,-0.005326,-0.001065,-0.006392
A,238399557,-3.9828,-1.4186,8.7556
G,238401005,0.010653,0.008522,-0.001065
A,238402009,-3.9756,-1.4222,8.7412
G,238403528,0.022371,0.014914,0.002131
A,238404491,-3.9792,-1.4293,8.7376
G,238406024,0.029827,0.018109,0.008522
A,238406984,-3.9828,-1.4222,8.7305
G,238408507,0.029827,0.017044,0.009587
A,238409458,-3.9935,-1.4150,8.7340
G,238411014,0.023436,0.015979,0.009587
A,238411925,-4.0151,-1.4006,8.7340
G,238413510,0.017044,0.015979,0.008522
A,238414399,-4.0294,-1.3898,8.7340
TRK,238409,-0.38817,0.22407,-0.01729,-0.89377,-0.5572,0.3244,-0.3783,0.000,0.000,0.000,1,11
G,238416004,0.011718,0.013848,0.005326
A,238416854,-4.0438,-1.3755,8.7305
G,238418499,0.007457,0.009587,0.002131
A,238419328,-4.0474,-1.3647,8.7305
G,238420993,0.001065,0.003196,0.002131
A,238421784,-4.0438,-1.3611,8.7233
G,238423489,-0.006392,-0.002131,0.002131
A,238424258,-4.0294,-1.3683,8.7125
G,238425981,-0.014914,-0.005326,0.001065
A,238426714,-4.0223,-1.3791,8.7053
G,238428506,-0.022371,-0.008522,-0.002131
A,238429202,-4.0151,-1.3934,8.6945
G,238431001,-0.027697,-0.008522,-0.003196
A,238431700,-4.0151,-1.4078,8.6910
G,238433485,-0.030893,-0.009587,-0.005326
A,238434175,-4.0151,-1.4222,8.6945
G,238435996,-0.029827,-0.008522,-0.006392
A,238436651,-4.0151,-1.4257,8.6945
G,238438492,-0.024501,-0.008522,-0.007457
A,238439125,-4.0079,-1.4329,8.7017
TRK,238434,-0.38818,0.22399,-0.01728,-0.89378,-0.5572,0.3244,-0.3783,0.000,0.000,0.000,1,11
G,238440986,-0.012783,-0.006392,-0.006392
A,238441585,-4.0043,-1.4293,8.7089
G,238443499,0.003196,-0.001065,-0.006392
A,238444064,-4.0043,-1.4257,8.7161
G,238445994,0.020240,0.007457,-0.003196
A,238446538,-4.0115,-1.4186,8.7233
G,238448495,0.033023,0.015979,0.000000
A,238449007,-4.0187,-1.4150,8.7340
G,238450990,0.040480,0.022371,0.006392
A,238451481,-4.0294,-1.4042,8.7412
TRK,238446,-0.38820,0.22397,-0.01720,-0.89378,-0.5572,0.3244,-0.3783,0.000,0.000,0.000,1,11
G,238453474,0.042611,0.025566,0.011718
A,238453934,-4.0366,-1.3934,8.7520
G,238455981,0.039415,0.024501,0.014914
A,238456410,-4.0438,-1.3827,8.7628
G,238458477,0.029827,0.019175,0.008522
A,238458884,-4.0366,-1.3755,8.7736
G,238460971,0.017044,0.011718,0.001065
A,238461349,-4.0366,-1.3647,8.7879
G,238463467,0.007457,0.005326,-0.005326
A,238463823,-4.0330,-1.3611,8.7915
G,238465962,0.000000,0.000000,-0.007457
A,238466290,-4.0366,-1.3611,8.7951
G,238468457,-0.006392,-0.005326,-0.006392
A,238468786,-4.0366,-1.3719,8.7807
G,238470932,-0.012783,-0.010653,-0.006392
A,238471261,-4.0294,-1.3862,8.7771
G,238473432,-0.017044,-0.012783,-0.005326
A,238473733,-4.0223,-1.4042,8.7664
G,238475927,-0.019175,-0.014914,-0.010653
A,238476207,-4.0079,-1.4150,8.7628
TRK,238471,-0.38815,0.22392,-0.01741,-0.89381,-0.5572,0.3244,-0.3783,0.000,0.000,0.000,1,11
G,238478413,-0.018109,-0.012783,-0.010653
A,238478665,-3.9935,-1.4186,8.7664
G,238480928,-0.015979,-0.008522,-0.010653
A,238481154,-3.9971,-1.4150,8.7628
G,238483424,-0.012783,0.000000,-0.006392
A,238483628,-3.9899,-1.4114,8.7592
G,238485940,-0.009587,0.006392,-0.002131
A,238486119,-3.9971,-1.4114,8.7592
G,238488435,-0.004261,0.010653,0.002131
A,238488593,-3.9971,-1.4042,8.7520
G,238490930,0.001065,0.009587,0.003196
A,238491063,-4.0007,-1.4042,8.7484
G,238493448,0.006392,0.006392,0.000000
A,238493557,-4.0115,-1.3934,8.7340
G,238495943,0.012783,0.004261,-0.002131
A,238496031,-4.0187,-1.3898,8.7197
G,238498439,0.017044,0.004261,-0.002131
A,238498504,-4.0259,-1.3827,8.7125
TRK,238495,-0.38820,0.22389,-0.01719,-0.89380,-0.5572,0.3244,-0.3783,0.000,0.000,0.000,1,11
G,238500955,0.019175,0.006392,0.000000
A,238500997,-4.0223,-1.3755,8.6981
G,238503450,0.015979,0.008522,0.004261
A,238503471,-4.0151,-1.3611,8.6981
A,238505964,-4.0043,-1.3539,8.6945
G,238505965,0.008522,0.008522,0.002131
A,238508438,-3.9935,-1.3467,8.7017
G,238508461,0.001065,0.005326,-0.001065
A,238510912,-3.9899,-1.3503,8.7089
G,238510956,-0.006392,0.000000,-0.005326
A,238513387,-3.9863,-1.3539,8.7125
G,238513451,-0.012783,-0.001065,-0.001065
TRK,238508,-0.38820,0.22390,-0.01723,-0.89380,-0.5572,0.3244,-0.3783,0.000,0.000,0.000,1,11
A,238515861,-3.9863,-1.3647,8.7125
G,238515946,-0.017044,-0.001065,0.000000
A,238518335,-3.9935,-1.3755,8.7161
G,238518442,-0.018109,-0.001065,0.001065
A,238520792,-4.0007,-1.3827,8.7197
G,238520917,-0.013848,0.000000,-0.002131
A,238523266,-4.0115,-1.3898,8.7269
G,238523413,-0.006392,0.002131,-0.004261
A,238525722,-4.0187,-1.3970,8.7340
G,238525887,0.000000,0.004261,-0.005326
A,238528196,-4.0223,-1.3970,8.7340
G,238528383,0.007457,0.004261,-0.008522
A,238530655,-4.0223,-1.4078,8.7412
G,238530859,0.011718,0.004261,-0.010653
A,238533144,-4.0187,-1.4078,8.7448
G,238533366,0.014914,0.005326,-0.011718
A,238535618,-4.0223,-1.4042,8.7592
G,238535861,0.017044,0.007457,-0.007457
A,238538078,-4.0223,-1.3934,8.7664
G,238538338,0.018109,0.008522,-0.002131
TRK,238538,-0.38821,0.22387,-0.01716,-0.89380,-0.5572,0.3244,-0.3783,0.000,0.000,0.000,1,11
A,238540559,-4.0294,-1.3862,8.7771
G,238540835,0.018109,0.009587,0.001065
A,238543051,-4.0402,-1.3791,8.7807
G,238543343,0.017044,0.008522,0.000000
A,238545525,-4.0474,-1.3755,8.7879
G,238545838,0.014914,0.008522,0.000000
A,238547995,-4.0618,-1.3719,8.7879
G,238548323,0.011718,0.009587,0.002131
A,238550469,-4.0654,-1.3755,8.7843
G,238550819,0.008522,0.008522,0.002131
TRK,238545,-0.38820,0.22384,-0.01722,-0.89381,-0.5572,0.3244,-0.3783,0.000,0.000,0.000,1,11
A,238552942,-4.0618,-1.3827,8.7843
G,238553306,0.003196,0.004261,-0.002131
A,238555435,-4.0582,-1.4006,8.7843
G,238555813,-0.004261,-0.001065,-0.005326
A,238557909,-4.0510,-1.4150,8.7843
G,238558309,-0.011718,-0.005326,-0.007457
A,238560390,-4.0402,-1.4257,8.7879
G,238560803,-0.018109,-0.006392,-0.006392
A,238562865,-4.0330,-1.4293,8.7771
G,238563299,-0.020240,-0.006392,-0.006392
A,238565330,-4.0294,-1.4293,8.7628
G,238565777,-0.017044,-0.004261,-0.005326
A,238567820,-4.0259,-1.4365,8.7484
G,238568279,-0.010653,-0.003196,-0.004261
A,238570294,-4.0330,-1.4365,8.7269
G,238570775,-0.003196,-0.001065,-0.002131
TRK,238570,-0.38822,0.22379,-0.01714,-0.89382,-0.5572,0.3244,-0.3783,0.000,0.000,0.000,1,11
A,238572771,-4.0366,-1.4365,8.7233
G,238573263,0.002131,0.001065,0.000000
A,238575267,-4.0438,-1.4401,8.7089
G,238575771,0.006392,0.005326,0.003196
A,238577741,-4.0402,-1.4293,8.7125
G,238578266,0.008522,0.008522,0.004261
A,238580225,-4.0330,-1.4257,8.7089
G,238580762,0.008522,0.010653,0.007457
A,238582699,-4.0259,-1.4150,8.7089
G,238583257,0.007457,0.010653,0.008522
A,238585168,-4.0259,-1.4114,8.7017
G,238585736,0.004261,0.008522,0.007457
A,238587642,-4.0330,-1.4078,8.6981
G,238588243,0.001065,0.005326,0.002131
A,238590090,-4.0402,-1.4186,8.6910
G,238590739,0.000000,0.003196,-0.003196
A,238592564,-4.0474,-1.4293,8.6945
TRK,238586,-0.38821,0.22385,-0.01718,-0.89381,-0.5572,0.3244,-0.3783,0.000,0.000,0.000,1,11
G,238593248,0.000000,0.002131,-0.003196
A,238595015,-4.0510,-1.4365,8.7017
G,238595744,0.002131,0.002131,0.001065
A,238597498,-4.0438,-1.4401,8.7089
G,238598233,0.004261,0.003196,0.004261
A,238599972,-4.0402,-1.4329,8.7233
G,238600752,0.006392,0.005326,0.007457
A,238602435,-4.0294,-1.4222,8.7376
G,238603247,0.006392,0.005326,0.006392
A,238604929,-4.0259,-1.4078,8.7556
G,238605747,0.005326,0.005326,0.006392
A,238607403,-4.0187,-1.3970,8.7700
G,238608242,0.002131,0.003196,0.002131
A,238609878,-4.0187,-1.3934,8.7736
G,238610721,0.002131,0.004261,0.000000
A,238612352,-4.0151,-1.3970,8.7628
TRK,238607,-0.38820,0.22397,-0.01717,-0.89378,-0.5572,0.3244,-0.3783,0.000,0.000,0.000,1,11
G,238613231,0.004261,0.005326,-0.002131
A,238614807,-4.0187,-1.4150,8.7664
G,238615726,0.007457,0.006392,-0.005326
A,238617294,-4.0223,-1.4222,8.7484
G,238618216,0.008522,0.003196,-0.010653
A,238619768,-4.0330,-1.4293,8.7520
G,238620736,0.008522,0.002131,-0.011718
A,238622235,-4.0366,-1.4222,8.7520
G,238623231,0.008522,0.002131,-0.008522
A,238624710,-4.0402,-1.4150,8.7556
G,238625731,0.008522,0.005326,-0.004261
A,238627158,-4.0366,-1.4042,8.7664
G,238628226,0.010653,0.004261,-0.004261
A,238629638,-4.0259,-1.3970,8.7736
G,238630706,0.011718,0.004261,-0.001065
A,238632112,-4.0187,-1.3934,8.7771
G,238633201,0.011718,0.004261,0.000000
A,238634592,-4.0115,-1.3827,8.7879
G,238635681,0.009587,0.007457,0.002131
A,238637066,-4.0043,-1.3791,8.7879
TRK,238636,-0.38821,0.22415,-0.01707,-0.89373,-0.5572,0.3244,-0.3783,0.000,0.000,0.000,1,11
G,238638192,0.007457,0.008522,0.001065
A,238639527,-4.0115,-1.3827,8.7807
G,238640687,0.005326,0.010653,0.000000
A,238642019,-4.0151,-1.3898,8.7700
G,238643177,0.003196,0.009587,-0.004261
A,238644494,-4.0187,-1.3934,8.7556
G,238645691,0.001065,0.008522,-0.005326
A,238646960,-4.0259,-1.3934,8.7484
G,238648186,-0.003196,0.007457,-0.005326
A,238649434,-4.0223,-1.3898,8.7448
G,238650687,-0.006392,0.006392,-0.001065
A,238651888,-4.0223,-1.3755,8.7484
G,238653182,-0.008522,0.005326,0.001065
A,238654372,-4.0115,-1.3647,8.7484
G,238655662,-0.008522,0.003196,0.003196
A,238656846,-4.0043,-1.3539,8.7484
G,238658161,-0.008522,0.004261,0.002131
A,238659300,-3.9935,-1.3539,8.7412
TRK,238655,-0.38823,0.22427,-0.01695,-0.89370,-0.5572,0.3244,-0.3783,0.000,0.000,0.000,1,11
G,238660682,-0.008522,0.006392,0.001065
A,238661777,-3.9863,-1.3647,8.7197
G,238663178,-0.008522,0.007457,0.000000
A,238664251,-3.9899,-1.3827,8.7089
G,238665678,-0.008522,0.005326,-0.004261
A,238666709,-3.9935,-1.3970,8.6910
G,238668173,-0.007457,0.003196,-0.005326
A,238669186,-4.0079,-1.4114,8.6945
G,238670643,-0.004261,0.003196,-0.003196
A,238671660,-4.0187,-1.4114,8.6945
TRK,238671,-0.38824,0.22431,-0.01686,-0.89368,-0.5572,0.3244,-0.3783,0.000,0.000,0.000,1,11
G,238673154,0.002131,0.005326,0.002131
A,238674129,-4.0259,-1.4042,8.6945
G,238675650,0.009587,0.008522,0.005326
A,238676604,-4.0330,-1.3862,8.6981
G,238678140,0.015979,0.010653,0.004261
A,238679054,-4.0294,-1.3755,8.7017
G,238680636,0.018109,0.010653,0.002131
A,238681536,-4.0187,-1.3611,8.7017
G,238683108,0.017044,0.009587,0.002131
A,238684010,-4.0043,-1.3575,8.7017
G,238685610,0.013848,0.006392,0.003196
A,238686472,-3.9899,-1.3539,8.7017
G,238688106,0.007457,0.003196,0.002131
A,238688965,-3.9863,-1.3539,8.6981
G,238690588,0.002131,0.000000,0.002131
A,238691439,-3.9935,-1.3611,8.7089
G,238693093,-0.002131,-0.001065,0.004261
A,238693905,-4.0115,-1.3755,8.7161
G,238695589,-0.004261,-0.001065,0.004261
A,238696379,-4.0223,-1.3970,8.7305
TRK,238691,-0.38822,0.22427,-0.01696,-0.89370,-0.5572,0.3244,-0.3783,0.000,0.000,0.000,1,11
G,238698082,-0.006392,-0.001065,-0.001065
A,238698834,-4.0330,-1.4150,8.7448
G,238700594,-0.008522,-0.002131,-0.008522
A,238701309,-4.0294,-1.4293,8.7520
G,238703090,-0.009587,-0.002131,-0.008522
A,238703783,-4.0330,-1.4401,8.7556
G,238705590,-0.009587,-0.002131,-0.006392
A,238706247,-4.0330,-1.4401,8.7556
G,238708086,-0.007457,0.000000,-0.001065
A,238708744,-4.0366,-1.4401,8.7556
G,238710568,-0.002131,0.002131,0.002131
A,238711218,-4.0366,-1.4293,8.7556
TRK,238707,-0.38824,0.22420,-0.01691,-0.89371,-0.5572,0.3244,-0.3783,0.000,0.000,0.000,1,11
G,238713081,0.004261,0.006392,0.006392
A,238713696,-4.0438,-1.4257,8.7556
G,238715577,0.008522,0.008522,0.006392
A,238716170,-4.0474,-1.4114,8.7556
G,238718060,0.010653,0.009587,0.004261
A,238718618,-4.0546,-1.4078,8.7520
G,238720556,0.011718,0.009587,-0.001065
A,238721109,-4.0546,-1.4042,8.7520
G,238723029,0.010653,0.009587,-0.005326
A,238723582,-4.0546,-1.4006,8.7556
G,238725553,0.008522,0.008522,-0.009587
A,238726073,-4.0510,-1.4006,8.7556
G,238728049,0.004261,0.008522,-0.010653
A,238728547,-4.0474,-1.4114,8.7664
G,238730542,-0.001065,0.006392,-0.012783
A,238731008,-4.0438,-1.4257,8.7700
G,238733038,-0.005326,0.003196,-0.012783
A,238733482,-4.0330,-1.4401,8.7664
TRK,238732,-0.38823,0.22417,-0.01699,-0.89372,-0.5572,0.3244,-0.3783,0.000,0.000,0.000,1,11
G,238735522,-0.011718,0.000000,-0.013848
A,238735935,-4.0294,-1.4581,8.7556
G,238738032,-0.017044,-0.004261,-0.010653
A,238738415,-4.0223,-1.4617,8.7412
G,238740528,-0.020240,-0.007457,-0.010653
A,238740889,-4.0223,-1.4617,8.7305
G,238743022,-0.020240,-0.009587,-0.008522
A,238743354,-4.0187,-1.4545,8.7197
G,238745518,-0.015979,-0.008522,-0.009587
A,238745827,-4.0223,-1.4437,8.7125
G,238748012,-0.009587,-0.006392,-0.008522
A,238748293,-4.0151,-1.4365,8.7161
G,238750508,-0.002131,-0.003196,-0.007457
A,238750790,-4.0151,-1.4222,8.7125
G,238752982,0.003196,0.001065,-0.004261
A,238753263,-4.0151,-1.4186,8.7125
G,238755486,0.008522,0.004261,-0.002131
A,238755740,-4.0187,-1.4114,8.7161
G,238757982,0.010653,0.006392,-0.001065
A,238758214,-4.0223,-1.4114,8.7161
TRK,238753,-0.38827,0.22419,-0.01680,-0.89370,-0.5572,0.3244,-0.3783,0.000,0.000,0.000,1,11
G,238760467,0.011718,0.008522,0.001065
A,238760672,-4.0223,-1.4078,8.7269
G,238762982,0.011718,0.010653,0.003196
A,238763161,-4.0223,-1.4078,8.7340
G,238765478,0.011718,0.011718,0.004261
A,238765635,-4.0223,-1.4042,8.7412
G,238767993,0.010653,0.007457,0.002131
A,238768125,-4.0151,-1.4006,8.7484
G,238770489,0.007457,0.003196,0.002131
A,238770599,-4.0187,-1.3970,8.7484
TRK,238766,-0.38826,0.22426,-0.01681,-0.89369,-0.5572,0.3244,-0.3783,0.000,0.000,0.000,1,11
G,238773003,0.005326,0.001065,0.003196
A,238773089,-4.0187,-1.3934,8.7592
G,238775499,0.004261,-0.001065,0.004261
A,238775563,-4.0187,-1.3827,8.7664
G,238777986,0.002131,-0.002131,0.004261
A,238778026,-4.0294,-1.3827,8.7700
G,238780482,0.001065,-0.003196,0.002131
A,238780500,-4.0330,-1.3755,8.7736
A,238782953,-4.0402,-1.3862,8.7664
G,238782957,0.000000,-0.002131,0.001065
A,238785436,-4.0294,-1.3898,8.7592
G,238785462,0.001065,-0.001065,-0.002131
A,238787910,-4.0187,-1.4006,8.7556
G,238787958,0.001065,-0.002131,-0.004261
A,238790374,-4.0079,-1.4006,8.7556
G,238790443,0.001065,-0.001065,-0.005326
A,238792865,-4.0007,-1.4042,8.7556
G,238792954,0.002131,0.000000,-0.005326
A,238795338,-4.0007,-1.3970,8.7592
G,238795450,0.004261,0.002131,-0.005326
TRK,238791,-0.38828,0.22429,-0.01672,-0.89368,-0.5572,0.3244,-0.3783,0.000,0.000,0.000,1,11
A,238797814,-4.0043,-1.3934,8.7628
G,238797946,0.007457,0.003196,-0.008522
A,238800288,-4.0079,-1.3898,8.7664
G,238800442,0.008522,0.004261,-0.008522
A,238802740,-4.0151,-1.3791,8.7771
G,238802912,0.010653,0.006392,-0.005326
A,238805214,-4.0187,-1.3755,8.7736
G,238805406,0.010653,0.008522,0.001065
A,238807713,-4.0187,-1.3719,8.7771
G,238807922,0.009587,0.006392,0.004261
A,238810187,-4.0151,-1.3647,8.7736
G,238810418,0.007457,0.002131,0.004261
TRK,238806,-0.38828,0.22431,-0.01668,-0.89367,-0.5572,0.3244,-0.3783,0.000,0.000,0.000,1,11
A,238812685,-4.0115,-1.3683,8.7664
G,238812934,0.004261,-0.001065,0.002131
A,238815159,-4.0079,-1.3647,8.7736
G,238815430,0.000000,-0.001065,0.000000
A,238817633,-4.0043,-1.3611,8.7736
G,238817921,-0.005326,-0.001065,-0.001065
A,238820107,-4.0043,-1.3647,8.7736
G,238820417,-0.010653,-0.001065,-0.002131
A,238822567,-4.0007,-1.3683,8.7664
G,238822893,-0.012783,-0.003196,-0.002131
A,238825048,-3.9971,-1.3755,8.7484
G,238825389,-0.010653,-0.005326,-0.007457
A,238827522,-3.9935,-1.3898,8.7376
G,238827906,-0.006392,-0.004261,-0.007457
A,238829974,-3.9899,-1.4042,8.7233
G,238830401,-0.001065,-0.003196,-0.010653
A,238832456,-3.9863,-1.4150,8.7125
G,238832898,0.004261,0.001065,-0.006392
A,238834958,-3.9828,-1.4257,8.7161
G,238835413,0.008522,0.005326,-0.002131
A,238837432,-3.9792,-1.4257,8.7125
G,238837909,0.009587,0.009587,0.000000
TRK,238833,-0.38831,0.22418,-0.01661,-0.89369,-0.5572,0.3244,-0.3783,0.000,0.000,0.000,1,11
A,238839906,-3.9756,-1.4293,8.7161
G,238840395,0.009587,0.008522,-0.004261
A,238842380,-3.9720,-1.4186,8.7161
G,238842911,0.009587,0.007457,-0.005326
A,238844834,-3.9684,-1.4114,8.7197
G,238845407,0.010653,0.007457,-0.001065
A,238847320,-3.9756,-1.3970,8.7269
G,238847904,0.010653,0.009587,0.005326
A,238849794,-3.9863,-1.3791,8.7340
G,238850418,0.008522,0.009587,0.008522
A,238852249,-4.0043,-1.3647,8.7376
G,238852914,0.005326,0.008522,0.008522
TRK,238848,-0.38830,0.22407,-0.01669,-0.89372,-0.5572,0.3244,-0.3783,0.000,0.000,0.000,1,11
A,238854723,-4.0223,-1.3539,8.7412
G,238855397,0.002131,0.005326,0.005326
A,238857197,-4.0294,-1.3503,8.7448
G,238857913,0.000000,0.001065,0.002131
A,238859655,-4.0294,-1.3611,8.7520
G,238860409,0.001065,-0.002131,0.001065
A,238862144,-4.0259,-1.3755,8.7592
G,238862905,0.002131,-0.003196,-0.002131
A,238864618,-4.0187,-1.3970,8.7628
G,238865401,0.002131,-0.002131,-0.002131
A,238867089,-4.0079,-1.4042,8.7664
G,238867878,0.000000,0.000000,-0.003196
A,238869589,-4.0115,-1.4114,8.7592
G,238870385,0.000000,0.004261,-0.002131
A,238872063,-4.0151,-1.4078,8.7520
G,238872881,0.001065,0.004261,-0.003196
A,238874544,-4.0294,-1.4078,8.7484
G,238875368,0.003196,0.004261,-0.005326
A,238877018,-4.0366,-1.4006,8.7484
G,238877863,0.004261,0.004261,-0.004261
TRK,238872,-0.38830,0.22386,-0.01677,-0.89377,-0.5572,0.3244,-0.3783,0.000,0.000,0.000,1,11
A,238879500,-4.0402,-1.3934,8.7556
G,238880350,0.005326,0.006392,-0.003196
A,238881999,-4.0330,-1.3862,8.7556
G,238882854,0.006392,0.008522,-0.002131
A,238884472,-4.0294,-1.3791,8.7628
G,238885350,0.007457,0.008522,-0.002131
A,238886945,-4.0259,-1.3827,8.7592
G,238887828,0.005326,0.008522,-0.002131
A,238889419,-4.0259,-1.3934,8.7664
G,238890336,0.003196,0.008522,-0.001065
A,238891873,-4.0259,-1.3934,8.7700
G,238892832,0.001065,0.007457,-0.002131
TRK,238888,-0.38829,0.22375,-0.01684,-0.89380,-0.5572,0.3244,-0.3783,0.000,0.000,0.000,1,11
A,238894358,-4.0223,-1.4042,8.7664
G,238895319,-0.001065,0.004261,-0.004261
A,238896832,-4.0223,-1.4114,8.7592
G,238897815,-0.003196,0.002131,-0.004261
A,238899318,-4.0151,-1.4222,8.7484
G,238900303,-0.004261,-0.001065,-0.005326
A,238901792,-4.0187,-1.4329,8.7412
G,238902799,-0.004261,-0.004261,-0.006392
A,238904259,-4.0151,-1.4401,8.7305
G,238905268,-0.004261,-0.006392,-0.008522
A,238906732,-4.0187,-1.4401,8.7269
STAT,404.4,400.4,0,0,0,0.0366,0.407,0.0943,0.1507,-0.1009,9.7241,0.62,0.001
G,238907787,-0.003196,-0.005326,-0.008522
A,238909200,-4.0223,-1.4401,8.7305
G,238910283,-0.004261,-0.003196,-0.006392
A,238911694,-4.0259,-1.4365,8.7305
G,238912777,-0.002131,-0.001065,-0.003196
A,238914168,-4.0294,-1.4293,8.7376
G,238915273,0.000000,0.002131,0.000000
A,238916647,-4.0294,-1.4257,8.7448
G,238917752,0.003196,0.003196,0.001065
A,238919144,-4.0330,-1.4186,8.7484
G,238920249,0.007457,0.003196,0.004261
A,238921618,-4.0366,-1.4150,8.7484
G,238922745,0.009587,0.001065,0.005326
TRK,238917,-0.38831,0.22364,-0.01678,-0.89382,-0.5572,0.3244,-0.3783,0.000,0.000,0.000,1,11
A,238924108,-4.0330,-1.4042,8.7484
G,238925234,0.010653,-0.002131,0.002131
A,238926581,-4.0259,-1.4006,8.7412
G,238927730,0.009587,-0.002131,-0.001065
A,238929051,-4.0151,-1.3934,8.7376
G,238930198,0.007457,-0.004261,-0.006392
A,238931525,-4.0115,-1.3898,8.7376
G,238932699,0.004261,-0.005326,-0.007457
A,238933977,-4.0151,-1.4006,8.7412
G,238935195,0.002131,-0.005326,-0.009587
A,238936459,-4.0151,-1.4042,8.7520
G,238937675,0.001065,-0.004261,-0.010653
A,238938933,-4.0187,-1.4114,8.7484
TRK,238934,-0.38832,0.22362,-0.01675,-0.89382,-0.5572,0.3244,-0.3783,0.000,0.000,0.000,1,11
G,238940186,0.001065,0.000000,-0.009587
A,238941397,-4.0151,-1.4114,8.7448
G,238942682,0.001065,0.003196,-0.008522
A,238943883,-4.0151,-1.4114,8.7412
G,238945165,0.000000,0.005326,-0.006392
A,238946357,-4.0115,-1.4078,8.7412
G,238947681,-0.001065,0.004261,-0.005326
A,238948828,-4.0115,-1.4006,8.7484
G,238950177,-0.001065,0.002131,-0.004261
A,238951320,-4.0079,-1.4006,8.7628
G,238952665,0.001065,-0.001065,-0.003196
A,238953794,-4.0079,-1.4006,8.7664
TRK,238949,-0.38833,0.22366,-0.01671,-0.89381,-0.5572,0.3244,-0.3783,0.000,0.000,0.000,1,11
G,238955176,0.002131,-0.002131,-0.002131
A,238956261,-4.0079,-1.4006,8.7736
G,238957672,0.004261,-0.002131,0.000000
A,238958746,-4.0079,-1.4006,8.7771
G,238960151,0.006392,0.002131,0.001065
A,238961220,-4.0115,-1.3898,8.7879
G,238962668,0.007457,0.005326,0.004261
A,238963693,-4.0115,-1.3862,8.7915
G,238965164,0.008522,0.006392,0.008522
A,238966167,-4.0079,-1.3791,8.7879
G,238967665,0.007457,0.005326,0.008522
A,238968626,-4.0007,-1.3862,8.7807
G,238970161,0.006392,0.004261,0.007457
A,238971116,-4.0007,-1.3934,8.7628
G,238972642,0.004261,0.001065,0.003196
A,238973590,-3.9971,-1.4006,8.7664
TRK,238973,-0.38832,0.22370,-0.01671,-0.89380,-0.5572,0.3244,-0.3783,0.000,0.000,0.000,1,11
G,238975153,0.004261,0.001065,0.000000
A,238976060,-4.0007,-1.4006,8.7556
G,238977649,0.003196,0.003196,-0.001065
A,238978554,-4.0007,-1.3934,8.7520
G,238980133,0.002131,0.006392,0.000000
A,238981028,-4.0079,-1.3862,8.7448
G,238982629,0.002131,0.008522,0.004261
A,238983502,-4.0115,-1.3755,8.7340
G,238985121,0.002131,0.008522,0.005326
A,238985954,-4.0115,-1.3683,8.7269
G,238987643,0.001065,0.007457,0.005326
A,238988437,-4.0115,-1.3647,8.7305
G,238990139,-0.001065,0.002131,0.001065
A,238990931,-4.0007,-1.3611,8.7269
G,238992620,-0.001065,0.000000,-0.001065
A,238993405,-3.9971,-1.3611,8.7305
G,238995132,0.001065,-0.001065,-0.002131
A,238995879,-3.9935,-1.3575,8.7305
G,238997628,0.002131,0.003196,0.001065
A,238998353,-3.9935,-1.3611,8.7233
TRK,238993,-0.38833,0.22371,-0.01668,-0.89380,-0.5572,0.3244,-0.3783,0.000,0.000,0.000,1,11
G,239000120,0.003196,0.006392,0.001065
A,239000808,-3.9935,-1.3647,8.7197
G,239002635,0.001065,0.008522,0.002131
A,239003287,-3.9899,-1.3719,8.7161
G,239005131,0.000000,0.007457,-0.002131
A,239005761,-3.9935,-1.3791,8.7125
G,239007633,0.000000,0.007457,-0.003196
A,239008229,-3.9971,-1.3827,8.7161
G,239010129,0.003196,0.008522,-0.004261
A,239010703,-4.0043,-1.3898,8.7233
TRK,239005,-0.38833,0.22370,-0.01669,-0.89380,-0.5572,0.3244,-0.3783,0.000,0.000,0.000,1,11
G,239012631,0.006392,0.009587,-0.002131
A,239013171,-4.0187,-1.3934,8.7233
G,239015127,0.007457,0.008522,-0.001065
A,239015645,-4.0223,-1.3934,8.7269
G,239017608,0.005326,0.008522,0.003196
A,239018094,-4.0294,-1.3970,8.7305
G,239020121,0.006392,0.008522,0.006392
A,239020574,-4.0259,-1.3934,8.7269
G,239022617,0.005326,0.008522,0.005326
A,239023048,-4.0259,-1.4006,8.7269
G,239025109,0.003196,0.006392,-0.002131
A,239025510,-4.0259,-1.4078,8.7305
G,239027605,0.000000,0.004261,-0.007457
A,239028002,-4.0187,-1.4186,8.7340
G,239030077,-0.002131,0.003196,-0.010653
A,239030476,-4.0223,-1.4257,8.7412
G,239032577,-0.002131,0.002131,-0.008522
A,239032946,-4.0223,-1.4257,8.7556
G,239035073,-0.003196,0.003196,-0.002131
A,239035420,-4.0259,-1.4257,8.7520
TRK,239030,-0.38831,0.22366,-0.01679,-0.89382,-0.5572,0.3244,-0.3783,0.000,0.000,0.000,1,11
G,239037556,-0.001065,0.002131,0.002131
A,239037874,-4.0294,-1.4114,8.7592
G,239040061,0.000000,0.001065,0.001065
A,239040350,-4.0330,-1.4078,8.7556
G,239042557,0.003196,0.000000,0.001065
A,239042824,-4.0294,-1.3934,8.7556
G,239045050,0.004261,-0.001065,0.000000
A,239045291,-4.0294,-1.3827,8.7520
G,239047546,0.004261,-0.002131,0.001065
A,239047764,-4.0259,-1.3755,8.7484
G,239050040,0.002131,-0.004261,0.001065
A,239050231,-4.0223,-1.3719,8.7520
G,239052536,0.000000,-0.004261,-0.001065
A,239052705,-4.0151,-1.3755,8.7448
G,239055008,-0.003196,-0.004261,-0.002131
A,239055152,-4.0187,-1.3934,8.7484
G,239057503,-0.005326,-0.004261,-0.006392
TRK,239056,-0.38831,0.22357,-0.01681,-0.89384,-0.5572,0.3244,-0.3783,0.000,0.000,0.000,1,11
A,239057651,-4.0294,-1.4078,8.7412
G,239059978,-0.006392,-0.005326,-0.010653
A,239060125,-4.0402,-1.4186,8.7412
G,239062482,-0.004261,-0.005326,-0.012783
A,239062605,-4.0546,-1.4150,8.7376
G,239064978,-0.003196,-0.005326,-0.014914
A,239065079,-4.0654,-1.4078,8.7412
G,239067463,-0.003196,-0.005326,-0.013848
A,239067539,-4.0654,-1.3934,8.7520
G,239069959,-0.002131,-0.003196,-0.010653
A,239070013,-4.0618,-1.3862,8.7556
TRK,239064,-0.38832,0.22355,-0.01680,-0.89384,-0.5572,0.3244,-0.3783,0.000,0.000,0.000,1,11
G,239072444,-0.001065,-0.001065,-0.007457
A,239072475,-4.0474,-1.3862,8.7592
G,239074954,-0.001065,0.000000,-0.005326
A,239074963,-4.0402,-1.3970,8.7592
A,239077437,-4.0294,-1.4078,8.7592
G,239077450,-0.002131,0.001065,-0.004261
A,239079911,-4.0259,-1.4186,8.7664
G,239079946,-0.003196,-0.001065,-0.003196
A,239082385,-4.0259,-1.4257,8.7736
G,239082442,-0.002131,0.000000,0.001065
A,239084839,-4.0223,-1.4257,8.7700
G,239084918,0.000000,0.002131,0.002131
A,239087318,-4.0151,-1.4186,8.7592
G,239087417,0.001065,0.005326,0.003196
A,239089792,-4.0079,-1.4078,8.7376
G,239089913,0.001065,0.005326,0.002131
TRK,239089,-0.38830,0.22364,-0.01683,-0.89383,-0.5572,0.3244,-0.3783,0.000,0.000,0.000,1,11
A,239092258,-3.9971,-1.3970,8.7269
G,239092399,0.002131,0.003196,0.000000
A,239094747,-3.9971,-1.3862,8.7125
G,239094907,0.003196,-0.001065,-0.005326
A,239097221,-3.9971,-1.3791,8.7233
G,239097403,0.003196,-0.003196,-0.005326
A,239099695,-4.0115,-1.3719,8.7233
G,239099895,0.003196,-0.002131,-0.001065
A,239102169,-4.0151,-1.3719,8.7340
G,239102391,0.003196,0.001065,0.003196
A,239104628,-4.0223,-1.3719,8.7484
G,239104867,0.003196,0.002131,0.003196
A,239107117,-4.0223,-1.3719,8.7520
G,239107374,0.003196,0.003196,0.000000
A,239109591,-4.0151,-1.3755,8.7592
G,239109870,0.005326,0.004261,-0.001065
A,239112062,-4.0115,-1.3611,8.7592
G,239112357,0.007457,0.007457,0.004261
A,239114563,-4.0007,-1.3683,8.7556
G,239114874,0.009587,0.009587,0.007457
A,239117036,-3.9935,-1.3683,8.7484
G,239117370,0.008522,0.009587,0.007457
TRK,239113,-0.38829,0.22373,-0.01687,-0.89381,-0.5572,0.3244,-0.3783,0.000,0.000,0.000,1,11
A,239119498,-3.9971,-1.3827,8.7376
G,239119847,0.007457,0.007457,0.002131
A,239121990,-4.0043,-1.4006,8.7305
G,239122355,0.006392,0.003196,-0.003196
A,239124464,-4.0151,-1.4114,8.7197
G,239124851,0.005326,0.002131,-0.004261
A,239126938,-4.0223,-1.4114,8.7233
G,239127338,0.004261,0.004261,0.000000
TRK,239128,-0.38827,0.22377,-0.01694,-0.89380,-0.5572,0.3244,-0.3783,0.000,0.000,0.000,1,11
A,239129435,-4.0187,-1.4078,8.7340
G,239129850,0.002131,0.006392,0.005326
A,239131909,-4.0187,-1.3970,8.7448
G,239132346,0.001065,0.006392,0.006392
A,239134387,-4.0115,-1.3934,8.7592
G,239134837,0.000000,0.006392,0.001065
A,239136861,-4.0151,-1.3862,8.7628
G,239137332,0.000000,0.005326,-0.006392
A,239139326,-4.0187,-1.3862,8.7664
G,239139810,0.000000,0.003196,-0.011718
A,239141822,-4.0223,-1.3827,8.7736
G,239142319,0.001065,0.003196,-0.010653
A,239144323,-4.0223,-1.3898,8.7664
G,239144832,0.001065,0.003196,-0.006392
A,239146797,-4.0187,-1.3970,8.7664
G,239147328,0.000000,0.002131,-0.004261
A,239149264,-4.0151,-1.4006,8.7556
G,239149806,0.000000,-0.001065,-0.006392
A,239151759,-4.0115,-1.4078,8.7412
G,239152312,0.000000,-0.003196,-0.006392
A,239154233,-4.0115,-1.4078,8.7340
G,239154808,-0.001065,-0.003196,-0.004261
A,239156707,-4.0115,-1.4078,8.7305
TRK,239150,-0.38826,0.22381,-0.01696,-0.89380,-0.5572,0.3244,-0.3783,0.000,0.000,0.000,1,11
G,239157317,-0.001065,-0.003196,-0.002131
A,239159155,-4.0115,-1.4114,8.7376
G,239159812,-0.001065,-0.001065,-0.001065
A,239161624,-4.0151,-1.4114,8.7448
G,239162291,0.001065,0.001065,-0.001065
A,239164098,-4.0115,-1.4186,8.7556
G,239164808,0.001065,0.005326,-0.001065
A,239166557,-4.0115,-1.4257,8.7556
G,239167303,0.000000,0.008522,0.001065
A,239169038,-4.0043,-1.4293,8.7592
G,239169792,-0.002131,0.008522,0.001065
A,239171512,-4.0043,-1.4293,8.7520
G,239172301,-0.004261,0.006392,-0.001065
A,239173964,-4.0007,-1.4257,8.7412
G,239174797,-0.004261,0.004261,-0.003196
A,239176438,-4.0007,-1.4222,8.7340
G,239177305,-0.003196,0.004261,-0.005326
A,239178892,-4.0079,-1.4150,8.7305
G,239179801,-0.002131,0.006392,-0.005326
TRK,239179,-0.38828,0.22379,-0.01690,-0.89380,-0.5572,0.3244,-0.3783,0.000,0.000,0.000,1,11
A,239181376,-4.0115,-1.4150,8.7376
G,239182289,-0.001065,0.005326,-0.005326
A,239183850,-4.0151,-1.4114,8.7448
G,239184808,0.000000,0.003196,-0.006392
A,239186315,-4.0223,-1.4078,8.7448
G,239187304,0.001065,0.001065,-0.006392
A,239188801,-4.0294,-1.4042,8.7484
G,239189792,0.000000,-0.001065,-0.003196
A,239191275,-4.0402,-1.4006,8.7448
G,239192288,0.000000,-0.002131,0.002131
TRK,239186,-0.38828,0.22378,-0.01687,-0.89380,-0.5572,0.3244,-0.3783,0.000,0.000,0.000,1,11
A,239193752,-4.0510,-1.4114,8.7412
G,239194767,0.003196,-0.004261,0.005326
A,239196226,-4.0546,-1.4150,8.7412
G,239197273,0.004261,-0.003196,0.002131
A,239198681,-4.0474,-1.4222,8.7305
G,239199769,0.004261,-0.002131,-0.003196
A,239201170,-4.0402,-1.4257,8.7269
G,239202258,0.002131,0.001065,-0.006392
A,239203644,-4.0259,-1.4222,8.7233
G,239204764,0.003196,0.004261,-0.004261
A,239206100,-4.0223,-1.4150,8.7305
G,239207260,0.003196,0.005326,-0.002131
A,239208579,-4.0151,-1.4114,8.7340
G,239209738,0.001065,0.004261,-0.002131
A,239211053,-4.0151,-1.4114,8.7448
G,239212234,-0.002131,-0.001065,-0.007457
TRK,239206,-0.38829,0.22375,-0.01682,-0.89380,-0.5572,0.3244,-0.3783,0.000,0.000,0.000,1,11
A,239213534,-4.0223,-1.4078,8.7556
G,239214713,-0.003196,-0.005326,-0.010653
A,239216008,-4.0223,-1.4114,8.7628
G,239217209,-0.003196,-0.003196,-0.010653
A,239218490,-4.0259,-1.4042,8.7664
G,239219689,-0.001065,0.001065,-0.007457
A,239220964,-4.0259,-1.3970,8.7592
G,239222197,0.001065,0.003196,-0.005326
A,239223424,-4.0223,-1.3934,8.7520
G,239224693,0.003196,0.002131,-0.004261
A,239225918,-4.0187,-1.3898,8.7484
G,239227183,0.003196,0.000000,-0.003196
A,239228392,-4.0079,-1.3862,8.7448
G,239229704,0.002131,0.000000,-0.003196
A,239230866,-4.0007,-1.3898,8.7484
G,239232200,0.003196,-0.001065,-0.004261
A,239233340,-3.9935,-1.3862,8.7484
G,239234695,0.004261,0.000000,-0.003196
A,239235790,-3.9899,-1.3970,8.7412
G,239237191,0.003196,0.003196,-0.001065
A,239238264,-3.9863,-1.4042,8.7340
TRK,239232,-0.38832,0.22380,-0.01668,-0.89378,-0.5572,0.3244,-0.3783,0.000,0.000,0.000,1,11
G,239239692,0.001065,0.004261,-0.001065
A,239240721,-3.9935,-1.4150,8.7269
G,239242188,0.000000,0.005326,-0.001065
A,239243209,-4.0007,-1.4222,8.7197
G,239244668,0.001065,0.005326,-0.001065
A,239245683,-4.0079,-1.4293,8.7161
G,239247169,0.002131,0.005326,0.000000
A,239248142,-4.0151,-1.4293,8.7125
G,239249665,0.002131,0.002131,-0.003196
TRK,239249,-0.38833,0.22383,-0.01663,-0.89377,-0.5572,0.3244,-0.3783,0.000,0.000,0.000,1,11
A,239250641,-4.0187,-1.4293,8.7197
G,239252156,0.000000,0.001065,-0.003196
A,239253115,-4.0187,-1.4186,8.7269
G,239254671,-0.003196,0.001065,-0.003196
A,239255589,-4.0187,-1.4114,8.7376
G,239257167,-0.002131,0.005326,0.001065
A,239258063,-4.0223,-1.4042,8.7412
G,239259663,0.000000,0.006392,0.003196
A,239260544,-4.0294,-1.4006,8.7556
G,239262135,0.003196,0.008522,0.007457
A,239263018,-4.0366,-1.4042,8.7592
G,239264630,0.005326,0.007457,0.004261
A,239265500,-4.0474,-1.4042,8.7700
G,239267102,0.005326,0.007457,0.003196
A,239267974,-4.0510,-1.4042,8.7771
G,239269599,0.005326,0.007457,0.002131
A,239270432,-4.0510,-1.4006,8.7700
G,239272095,0.004261,0.006392,0.003196
TRK,239271,-0.38834,0.22392,-0.01658,-0.89375,-0.5572,0.3244,-0.3783,0.000,0.000,0.000,1,11
A,239272925,-4.0402,-1.3934,8.7592
G,239274578,0.005326,0.005326,0.002131
A,239275399,-4.0366,-1.3934,8.7448
G,239277090,0.004261,0.003196,-0.001065
A,239277874,-4.0294,-1.3862,8.7340
G,239279586,0.002131,0.002131,-0.001065
A,239280347,-4.0259,-1.3862,8.7340
G,239282089,0.000000,-0.001065,-0.003196
A,239282813,-4.0259,-1.3827,8.7448
G,239284585,-0.001065,-0.002131,-0.005326
A,239285287,-4.0223,-1.3791,8.7556
G,239287078,-0.002131,-0.002131,-0.005326
A,239287743,-4.0223,-1.3719,8.7628
G,239289600,-0.003196,0.000000,0.000000
A,239290231,-4.0187,-1.3755,8.7628
G,239292096,-0.003196,0.001065,0.001065
A,239292705,-4.0151,-1.3719,8.7592
G,239294599,-0.002131,0.001065,-0.004261
A,239295173,-4.0079,-1.3755,8.7448
G,239297095,0.000000,-0.001065,-0.012783
TRK,239292,-0.38834,0.22397,-0.01656,-0.89373,-0.5572,0.3244,-0.3783,0.000,0.000,0.000,1,11
A,239297672,-4.0043,-1.3827,8.7376
G,239299577,0.002131,0.000000,-0.013848
A,239300145,-4.0007,-1.3862,8.7340
G,239302076,0.002131,0.001065,-0.007457
A,239302611,-4.0115,-1.3970,8.7305
G,239304572,0.001065,0.004261,-0.001065
A,239305085,-4.0151,-1.3970,8.7376
G,239307065,0.001065,0.006392,0.004261
A,239307546,-4.0223,-1.3970,8.7484
G,239309561,0.001065,0.005326,0.005326
A,239310038,-4.0223,-1.3898,8.7520
G,239312035,0.002131,0.004261,0.004261
A,239312512,-4.0187,-1.3898,8.7556
G,239314538,0.002131,0.004261,0.004261
A,239314984,-4.0151,-1.3934,8.7484
G,239317034,0.001065,0.003196,0.002131
A,239317458,-4.0115,-1.4006,8.7412
TRK,239312,-0.38833,0.22396,-0.01659,-0.89374,-0.5572,0.3244,-0.3783,0.000,0.000,0.000,1,11
G,239319518,0.000000,0.001065,0.002131
A,239319911,-4.0115,-1.4042,8.7412
G,239322014,-0.001065,-0.001065,-0.001065
A,239322385,-4.0151,-1.4042,8.7448
G,239324498,-0.002131,-0.001065,0.000000
A,239324839,-4.0187,-1.4006,8.7520
G,239327000,-0.002131,0.000000,-0.001065
A,239327312,-4.0223,-1.4006,8.7592
G,239329496,0.000000,0.002131,0.001065
A,239329786,-4.0259,-1.3970,8.7664
TRK,239329,-0.38832,0.22393,-0.01663,-0.89375,-0.5572,0.3244,-0.3783,0.000,0.000,0.000,1,11
G,239331990,0.001065,0.002131,0.002131
A,239332253,-4.0259,-1.3970,8.7664
G,239334486,0.000000,0.001065,0.003196
A,239334745,-4.0223,-1.3934,8.7700
G,239336955,-0.001065,0.000000,0.004261
A,239337219,-4.0151,-1.3898,8.7700
G,239339461,-0.003196,0.000000,0.001065
A,239339697,-4.0115,-1.3827,8.7700
G,239341957,-0.003196,0.001065,0.000000
A,239342171,-4.0043,-1.3827,8.7628
G,239344462,-0.003196,0.001065,-0.002131
A,239344650,-4.0079,-1.3755,8.7628
G,239346958,-0.002131,0.001065,-0.001065
A,239347123,-4.0115,-1.3755,8.7592
G,239349443,-0.001065,0.002131,0.001065
A,239349583,-4.0115,-1.3755,8.7664
G,239351954,-0.001065,0.002131,-0.001065
A,239352070,-4.0115,-1.3683,8.7628
G,239354450,0.000000,0.001065,-0.002131
TRK,239353,-0.38831,0.22390,-0.01668,-0.89376,-0.5572,0.3244,-0.3783,0.000,0.000,0.000,1,11
A,239354570,-4.0115,-1.3791,8.7664
G,239356926,-0.001065,0.001065,-0.005326
A,239357044,-4.0151,-1.3827,8.7556
G,239359431,0.000000,0.002131,-0.006392
A,239359526,-4.0151,-1.4006,8.7520
G,239361927,0.001065,0.005326,-0.004261
A,239362000,-4.0187,-1.4114,8.7484
G,239364401,0.002131,0.008522,0.000000
A,239364450,-4.0187,-1.4150,8.7484
G,239366918,0.002131,0.009587,0.001065
A,239366944,-4.0223,-1.4114,8.7484
G,239369414,0.001065,0.007457,0.004261
A,239369417,-4.0294,-1.4042,8.7520
A,239371871,-4.0438,-1.3934,8.7520
G,239371890,0.000000,0.003196,0.003196
A,239374345,-4.0510,-1.3862,8.7520
G,239374386,-0.002131,0.000000,0.003196
TRK,239373,-0.38829,0.22384,-0.01679,-0.89378,-0.5572,0.3244,-0.3783,0.000,0.000,0.000,1,11
A,239376801,-4.0582,-1.3791,8.7484
G,239376862,-0.003196,-0.002131,-0.003196
A,239379283,-4.0510,-1.3755,8.7412
G,239379365,-0.002131,-0.002131,-0.007457
A,239381757,-4.0366,-1.3791,8.7340
G,239381861,-0.002131,-0.002131,-0.008522
A,239384224,-4.0223,-1.3827,8.7197
G,239384348,-0.001065,0.002131,-0.003196
A,239386698,-4.0115,-1.3898,8.7161
G,239386844,0.000000,0.004261,0.000000
A,239389166,-4.0079,-1.3970,8.7161
G,239389332,0.003196,0.006392,0.003196
A,239391666,-4.0043,-1.3934,8.7197
G,239391850,0.005326,0.004261,0.004261
A,239394139,-4.0079,-1.3898,8.7269
G,239394346,0.006392,0.003196,0.003196
A,239396607,-4.0079,-1.3934,8.7305
G,239396831,0.008522,0.002131,0.001065
TRK,239393,-0.38828,0.22380,-0.01686,-0.89379,-0.5572,0.3244,-0.3783,0.000,0.000,0.000,1,11
A,239399097,-4.0115,-1.3934,8.7376
G,239399338,0.009587,0.002131,0.001065
A,239401571,-4.0151,-1.3970,8.7448
G,239401834,0.009587,0.002131,0.002131
A,239404041,-4.0259,-1.4006,8.7520
G,239404322,0.009587,0.003196,0.003196
A,239406515,-4.0330,-1.3934,8.7520
G,239406818,0.008522,0.003196,0.003196
A,239408988,-4.0438,-1.3970,8.7520
G,239409306,0.005326,0.005326,0.005326
A,239411461,-4.0402,-1.3898,8.7484
G,239411802,0.002131,0.005326,0.006392
TRK,239406,-0.38827,0.22377,-0.01694,-0.89381,-0.5572,0.3244,-0.3783,0.000,0.000,0.000,1,11
A,239413934,-4.0294,-1.3934,8.7412
G,239414290,-0.001065,0.004261,0.006392
A,239416408,-4.0151,-1.3970,8.7376
G,239416806,-0.001065,0.002131,0.001065
A,239418859,-4.0007,-1.3970,8.7340
G,239419302,0.000000,0.002131,-0.002131
A,239421344,-3.9899,-1.4042,8.7376
G,239421800,0.002131,0.002131,-0.003196
A,239423818,-3.9899,-1.4114,8.7448
G,239424296,0.003196,0.001065,-0.003196
A,239426285,-3.9899,-1.4186,8.7484
G,239426775,0.003196,-0.001065,-0.002131
A,239428781,-3.9935,-1.4186,8.7520
G,239429283,0.004261,-0.001065,-0.001065
A,239431255,-4.0043,-1.4186,8.7592
G,239431779,0.003196,0.001065,-0.001065
A,239433732,-4.0151,-1.4114,8.7664
G,239434267,0.002131,0.003196,0.001065
A,239436205,-4.0259,-1.4006,8.7700
G,239436763,0.002131,0.003196,0.003196
TRK,239436,-0.38826,0.22375,-0.01700,-0.89381,-0.5572,0.3244,-0.3783,0.000,0.000,0.000,1,11
A,239438684,-4.0366,-1.3934,8.7628
G,239439252,0.004261,0.002131,0.003196
A,239441157,-4.0402,-1.3934,8.7520
G,239441767,0.005326,0.002131,0.003196
A,239443612,-4.0366,-1.3934,8.7376
G,239444263,0.003196,0.002131,0.003196
A,239446103,-4.0330,-1.3934,8.7340
G,239446763,-0.002131,0.002131,0.002131
A,239448577,-4.0259,-1.3934,8.7269
G,239449259,-0.005326,0.002131,0.003196
TRK,239448,-0.38825,0.22376,-0.01701,-0.89381,-0.5572,0.3244,-0.3783,0.000,0.000,0.000,1,11
A,239451047,-4.0187,-1.3898,8.7412
G,239451738,-0.004261,0.000000,0.000000
A,239453521,-4.0115,-1.3827,8.7376
G,239454258,-0.003196,-0.001065,-0.003196
A,239455983,-4.0043,-1.3791,8.7448
G,239456754,-0.002131,-0.001065,-0.006392
A,239458457,-4.0007,-1.3755,8.7448
G,239459260,-0.003196,0.001065,-0.006392
A,239460908,-3.9971,-1.3791,8.7448
G,239461756,-0.004261,0.004261,-0.003196
A,239463392,-4.0007,-1.3827,8.7484
G,239464245,-0.004261,0.004261,0.000000
A,239465866,-4.0079,-1.3862,8.7520
G,239466758,-0.003196,0.002131,0.001065
A,239468325,-4.0187,-1.3898,8.7520
G,239469254,0.001065,0.002131,0.003196
TRK,239465,-0.38826,0.22379,-0.01697,-0.89380,-0.5572,0.3244,-0.3783,0.000,0.000,0.000,1,11
A,239470820,-4.0294,-1.3898,8.7520
G,239471754,0.004261,0.002131,0.001065
A,239473294,-4.0402,-1.3898,8.7484
G,239474250,0.007457,0.002131,-0.003196
A,239475771,-4.0474,-1.3898,8.7448
G,239476729,0.008522,0.002131,-0.005326
A,239478244,-4.0546,-1.3898,8.7448
G,239479225,0.009587,0.003196,-0.002131
A,239480722,-4.0546,-1.4006,8.7412
G,239481705,0.010653,0.003196,0.002131
A,239483196,-4.0474,-1.4006,8.7376
G,239484215,0.008522,0.004261,0.003196
A,239485654,-4.0438,-1.4006,8.7376
G,239486711,0.005326,0.002131,-0.001065
A,239488135,-4.0330,-1.3898,8.7448
G,239489193,0.001065,0.000000,-0.007457
A,239490609,-4.0294,-1.3791,8.7556
TRK,239486,-0.38825,0.22378,-0.01702,-0.89381,-0.5572,0.3244,-0.3783,0.000,0.000,0.000,1,11
G,239491713,-0.003196,-0.003196,-0.013848
A,239493079,-4.0294,-1.3647,8.7700
G,239494209,-0.005326,-0.003196,-0.013848
A,239495553,-4.0294,-1.3647,8.7771
G,239496710,-0.005326,-0.001065,-0.009587
A,239498005,-4.0259,-1.3719,8.7771
G,239499206,-0.003196,0.000000,-0.003196
A,239500494,-4.0187,-1.3862,8.7664
G,239501693,0.000000,0.000000,-0.002131
A,239502968,-4.0115,-1.4006,8.7628
G,239504189,0.001065,0.002131,-0.002131
A,239505451,-4.0079,-1.4006,8.7520
G,239506670,0.003196,0.003196,-0.003196
A,239507925,-4.0115,-1.4078,8.7520
G,239509181,0.004261,0.002131,-0.003196
A,239510389,-4.0187,-1.4006,8.7556
G,239511676,0.004261,0.001065,-0.003196
A,239512883,-4.0259,-1.4042,8.7556
G,239514167,0.006392,0.003196,-0.001065
A,239515357,-4.0366,-1.4006,8.7520
TRK,239511,-0.38826,0.22377,-0.01699,-0.89381,-0.5572,0.3244,-0.3783,0.000,0.000,0.000,1,11
G,239516688,0.007457,0.004261,-0.001065
A,239517832,-4.0438,-1.4042,8.7520
G,239519184,0.007457,0.006392,-0.002131
A,239520306,-4.0474,-1.4078,8.7520
G,239521685,0.005326,0.007457,-0.002131
A,239522762,-4.0402,-1.4042,8.7520
G,239524202,0.005326,0.007457,0.000000
A,239525236,-4.0366,-1.4042,8.7520
G,239526698,0.003196,0.003196,-0.001065
A,239527734,-4.0259,-1.4006,8.7484
G,239529189,0.002131,0.000000,-0.002131
A,239530208,-4.0151,-1.3970,8.7520
TRK,239530,-0.38824,0.22379,-0.01705,-0.89381,-0.5572,0.3244,-0.3783,0.000,0.000,0.000,1,11
G,239531709,0.001065,-0.001065,-0.002131
A,239532686,-4.0079,-1.4006,8.7448
G,239534205,0.000000,0.001065,0.001065
A,239535160,-3.9971,-1.4006,8.7448
G,239536701,-0.001065,0.001065,0.001065
A,239537615,-4.0043,-1.4078,8.7376
G,239539197,-0.002131,0.000000,0.001065
A,239540089,-4.0007,-1.4114,8.7269
G,239541698,-0.004261,0.001065,0.003196
A,239542550,-4.0187,-1.4078,8.7161
G,239544218,-0.004261,0.003196,0.004261
A,239545031,-4.0259,-1.4078,8.7089
G,239546714,-0.005326,0.003196,0.001065
A,239547504,-4.0330,-1.3934,8.7089
G,239549204,-0.004261,0.002131,-0.002131
A,239549957,-4.0294,-1.3827,8.7161
G,239551720,0.000000,0.000000,-0.004261
A,239552435,-4.0223,-1.3719,8.7305
G,239554216,0.003196,0.000000,-0.007457
A,239554909,-4.0079,-1.3683,8.7412
TRK,239550,-0.38824,0.22382,-0.01705,-0.89380,-0.5572,0.3244,-0.3783,0.000,0.000,0.000,1,11
G,239556716,0.005326,0.001065,-0.008522
A,239557373,-4.0043,-1.3755,8.7448
G,239559211,0.006392,0.003196,-0.010653
A,239559847,-4.0079,-1.3934,8.7448
G,239561712,0.006392,0.005326,-0.006392
A,239562312,-4.0115,-1.4042,8.7412
G,239564207,0.006392,0.005326,-0.003196
A,239564786,-4.0223,-1.4150,8.7448
G,239566688,0.005326,0.005326,0.000000
A,239567233,-4.0294,-1.4150,8.7412
G,239569199,0.005326,0.004261,0.001065
A,239569711,-4.0223,-1.4186,8.7412
G,239571719,0.004261,0.002131,-0.002131
A,239572199,-4.0187,-1.4222,8.7340
G,239574215,0.002131,0.003196,-0.004261
A,239574673,-4.0115,-1.4257,8.7269
TRK,239574,-0.38823,0.22386,-0.01707,-0.89380,-0.5572,0.3244,-0.3783,0.000,0.000,0.000,1,11
G,239576715,0.002131,0.003196,-0.003196
A,239577141,-4.0079,-1.4186,8.7233
G,239579211,0.003196,0.003196,-0.003196
A,239579615,-4.0079,-1.4114,8.7305
G,239581711,0.005326,0.000000,-0.005326
A,239582085,-4.0079,-1.4042,8.7448
G,239584207,0.004261,-0.002131,-0.007457
A,239584559,-4.0079,-1.4006,8.7628
G,239586687,0.004261,0.000000,-0.007457
A,239587010,-4.0115,-1.4078,8.7771
G,239589198,0.005326,0.003196,-0.003196
A,239589493,-4.0151,-1.4186,8.7951
G,239591694,0.006392,0.004261,-0.001065
A,239591967,-4.0223,-1.4293,8.7987
TRK,239587,-0.38824,0.22386,-0.01705,-0.89379,-0.5572,0.3244,-0.3783,0.000,0.000,0.000,1,11
G,239594184,0.006392,0.003196,0.000000
A,239594430,-4.0294,-1.4293,8.8023
G,239596680,0.006392,0.004261,0.001065
A,239596924,-4.0294,-1.4222,8.7987
G,239599151,0.005326,0.005326,0.001065
A,239599397,-4.0259,-1.4114,8.7987
G,239601661,0.004261,0.005326,0.001065
A,239601880,-4.0151,-1.4006,8.7843
G,239604157,0.004261,0.002131,-0.002131
A,239604354,-4.0115,-1.3898,8.7843
G,239606658,0.004261,0.000000,-0.001065
A,239606829,-4.0151,-1.3898,8.7628
G,239609154,0.003196,0.000000,0.002131
A,239609303,-4.0187,-1.3898,8.7556
G,239611629,0.000000,0.001065,0.003196
A,239611753,-4.0223,-1.3934,8.7412
TRK,239612,-0.38825,0.22386,-0.01697,-0.89379,-0.5572,0.3244,-0.3783,0.000,0.000,0.000,1,11
G,239614140,-0.004261,0.002131,0.002131
A,239614240,-4.0330,-1.3970,8.7376
G,239616636,-0.006392,0.001065,-0.002131
A,239616714,-4.0330,-1.3934,8.7412
G,239619118,-0.006392,0.002131,-0.002131
A,239619172,-4.0366,-1.3898,8.7412
G,239621614,-0.006392,0.003196,-0.001065
A,239621646,-4.0294,-1.3898,8.7412
G,239624106,-0.004261,0.003196,0.003196
A,239624115,-4.0151,-1.3898,8.7340
A,239626589,-4.0007,-1.3934,8.7269
G,239626602,-0.002131,0.002131,0.004261
A,239629060,-3.9971,-1.4042,8.7161
G,239629094,0.000000,0.000000,0.000000
A,239631534,-4.0007,-1.4042,8.7125
G,239631590,0.002131,0.000000,-0.002131
A,239633985,-4.0115,-1.4042,8.7089
G,239634063,0.003196,0.001065,-0.006392
A,239636468,-4.0187,-1.4006,8.7053
G,239636566,0.004261,0.001065,-0.008522
A,239638942,-4.0223,-1.4006,8.7125
G,239639062,0.005326,0.001065,-0.008522
TRK,239634,-0.38828,0.22386,-0.01686,-0.89378,-0.5572,0.3244,-0.3783,0.000,0.000,0.000,1,11
A,239641405,-4.0223,-1.4042,8.7161
G,239641545,0.006392,0.003196,-0.003196
A,239643879,-4.0223,-1.4042,8.7233
G,239644041,0.006392,0.005326,0.002131
A,239646344,-4.0294,-1.3970,8.7305
G,239646524,0.007457,0.006392,0.005326
A,239648826,-4.0294,-1.3970,8.7305
G,239649025,0.009587,0.006392,0.005326
A,239651300,-4.0330,-1.3934,8.7340
G,239651521,0.010653,0.006392,0.006392
TRK,239646,-0.38828,0.22386,-0.01686,-0.89378,-0.5572,0.3244,-0.3783,0.000,0.000,0.000,1,11
A,239653776,-4.0330,-1.3970,8.7269
G,239654015,0.008522,0.006392,0.003196
A,239656276,-4.0330,-1.4042,8.7340
G,239656531,0.002131,0.004261,-0.002131
A,239658750,-4.0366,-1.4186,8.7412
G,239659027,-0.004261,0.002131,-0.006392
A,239661235,-4.0294,-1.4257,8.7484
G,239661529,-0.006392,0.000000,-0.009587
A,239663708,-4.0259,-1.4365,8.7520
G,239664025,-0.006392,-0.001065,-0.010653
A,239666197,-4.0187,-1.4365,8.7520
G,239666529,-0.006392,-0.002131,-0.009587
A,239668670,-4.0187,-1.4329,8.7448
G,239669025,-0.005326,-0.002131,-0.006392
A,239671131,-4.0187,-1.4329,8.7376
G,239671500,-0.004261,0.000000,-0.001065
A,239673625,-4.0187,-1.4257,8.7376
G,239674008,0.000000,0.001065,0.001065
A,239676098,-4.0187,-1.4150,8.7412
G,239676504,0.003196,0.002131,0.001065
TRK,239672,-0.38830,0.22390,-0.01675,-0.89376,-0.5572,0.3244,-0.3783,0.000,0.000,0.000,1,11
A,239678559,-4.0151,-1.4078,8.7484
G,239678978,0.007457,0.003196,0.001065
A,239681048,-4.0187,-1.3970,8.7520
G,239681482,0.008522,0.004261,0.002131
A,239683522,-4.0294,-1.3934,8.7592
G,239683978,0.007457,0.005326,-0.001065
A,239686002,-4.0330,-1.3934,8.7592
G,239686470,0.005326,0.006392,-0.002131
A,239688476,-4.0438,-1.3970,8.7628
G,239688966,0.004261,0.006392,-0.005326
TRK,239688,-0.38830,0.22393,-0.01674,-0.89376,-0.5572,0.3244,-0.3783,0.000,0.000,0.000,1,11
A,239690949,-4.0474,-1.4042,8.7556
G,239691451,0.003196,0.007457,-0.003196
A,239693422,-4.0402,-1.4006,8.7520
G,239693966,0.003196,0.006392,-0.004261
A,239695876,-4.0330,-1.4006,8.7448
G,239696462,0.003196,0.006392,-0.003196
A,239698361,-4.0259,-1.3934,8.7412
G,239698957,0.001065,0.004261,-0.006392
A,239700834,-4.0151,-1.3862,8.7412
G,239701453,-0.001065,0.003196,-0.005326
A,239703300,-4.0187,-1.3898,8.7448
G,239703928,-0.003196,0.003196,-0.002131
A,239705774,-4.0187,-1.3898,8.7412
G,239706424,-0.002131,0.006392,0.003196
A,239708241,-4.0187,-1.3934,8.7269
G,239708900,0.000000,0.008522,0.007457
A,239710715,-4.0187,-1.3970,8.7233
G,239711396,0.001065,0.006392,0.007457
TRK,239705,-0.38830,0.22401,-0.01673,-0.89374,-0.5572,0.3244,-0.3783,0.000,0.000,0.000,1,11
A,239713183,-4.0151,-1.4006,8.7161
G,239713873,0.001065,0.002131,0.006392
A,239715671,-4.0151,-1.4006,8.7340
G,239716369,0.002131,-0.001065,0.002131
A,239718145,-4.0187,-1.4006,8.7448
G,239718865,0.008522,0.000000,0.001065
A,239720622,-4.0223,-1.3970,8.7592
G,239721350,0.014914,0.003196,0.002131
A,239723096,-4.0223,-1.3934,8.7484
G,239723867,0.018109,0.006392,0.003196
A,239725557,-4.0294,-1.3862,8.7412
G,239726363,0.017044,0.008522,0.002131
A,239728043,-4.0330,-1.3791,8.7376
G,239728856,0.013848,0.007457,0.001065
A,239730517,-4.0402,-1.3791,8.7305
G,239731352,0.011718,0.007457,0.004261
TRK,239726,-0.38828,0.22405,-0.01679,-0.89373,-0.5572,0.3244,-0.3783,0.000,0.000,0.000,1,11
A,239732989,-4.0474,-1.3862,8.7305
G,239733829,0.009587,0.005326,0.008522
A,239735484,-4.0438,-1.3934,8.7161
G,239736329,0.004261,0.005326,0.008522
A,239737958,-4.0330,-1.4042,8.7089
G,239738825,-0.002131,0.003196,0.005326
A,239740430,-4.0223,-1.4114,8.7053
G,239741302,-0.005326,0.002131,0.000000
A,239742924,-4.0151,-1.4186,8.7125
G,239743800,-0.006392,-0.001065,-0.004261
A,239745398,-4.0187,-1.4186,8.7233
G,239746296,-0.005326,-0.003196,-0.007457
A,239747872,-4.0151,-1.4186,8.7448
G,239748775,-0.003196,-0.005326,-0.010653
A,239750346,-4.0151,-1.4150,8.7628
G,239751284,-0.001065,-0.006392,-0.011718
A,239752801,-4.0079,-1.4114,8.7807
G,239753779,0.001065,-0.005326,-0.012783
A,239755287,-4.0079,-1.4078,8.7915
G,239756268,0.003196,-0.002131,-0.007457
A,239757761,-4.0115,-1.4078,8.7843
TRK,239757,-0.38828,0.22411,-0.01676,-0.89372,-0.5572,0.3244,-0.3783,0.000,0.000,0.000,1,11
G,239758787,0.003196,0.000000,0.000000
A,239760228,-4.0187,-1.4114,8.7807
G,239761283,0.004261,0.002131,0.007457
A,239762702,-4.0294,-1.4114,8.7628
G,239763781,0.005326,0.004261,0.010653
A,239765150,-4.0438,-1.4114,8.7592
G,239766300,0.007457,0.006392,0.009587
A,239767619,-4.0510,-1.4042,8.7520
G,239768795,0.009587,0.006392,0.007457
A,239770093,-4.0546,-1.4006,8.7520
G,239771304,0.009587,0.004261,0.002131
A,239772553,-4.0546,-1.3970,8.7628
G,239773800,0.008522,0.002131,-0.001065
TRK,239764,-0.38828,0.22411,-0.01677,-0.89372,-0.5572,0.3244,-0.3783,0.000,0.000,0.000,1,11
A,239775045,-4.0474,-1.4006,8.7771
G,239776288,0.005326,0.002131,-0.004261
A,239777518,-4.0366,-1.4042,8.7915
G,239778784,0.000000,-0.001065,-0.003196
A,239779990,-4.0187,-1.4114,8.7951
G,239781253,-0.005326,-0.002131,-0.002131
A,239782484,-4.0079,-1.4114,8.7951
G,239783743,-0.009587,-0.003196,0.001065
A,239784958,-4.0007,-1.4114,8.7700
G,239786239,-0.010653,-0.001065,0.001065
A,239787441,-3.9971,-1.4114,8.7592
G,239788718,-0.008522,0.000000,0.001065
A,239789915,-4.0079,-1.4114,8.7340
G,239791224,-0.005326,0.001065,0.001065
A,239792374,-4.0187,-1.4078,8.7233
G,239793720,-0.001065,0.002131,0.002131
TRK,239789,-0.38828,0.22412,-0.01678,-0.89372,-0.5572,0.3244,-0.3783,0.000,0.000,0.000,1,11
A,239794869,-4.0294,-1.4042,8.7197
G,239796210,0.002131,0.004261,0.003196
A,239797343,-4.0402,-1.4042,8.7161
G,239798722,0.004261,0.007457,0.004261
A,239799811,-4.0402,-1.4042,8.7233
G,239801218,0.006392,0.008522,0.003196
A,239802285,-4.0366,-1.4150,8.7305
G,239803718,0.007457,0.009587,0.003196
A,239804741,-4.0259,-1.4186,8.7412
G,239806214,0.006392,0.006392,0.001065
A,239807223,-4.0187,-1.4150,8.7520
G,239808688,0.005326,0.002131,-0.004261
A,239809721,-4.0187,-1.4114,8.7592
G,239811179,0.003196,-0.001065,-0.009587
A,239812195,-4.0151,-1.3970,8.7700
G,239813688,0.002131,-0.003196,-0.010653
A,239814661,-4.0223,-1.3862,8.7807
G,239816184,0.003196,-0.001065,-0.006392
A,239817135,-4.0259,-1.3755,8.7879
TRK,239811,-0.38827,0.22414,-0.01679,-0.89371,-0.5572,0.3244,-0.3783,0.000,0.000,0.000,1,11
G,239818685,0.005326,0.002131,0.002131
A,239819595,-4.0259,-1.3719,8.7879
G,239821181,0.006392,0.005326,0.005326
A,239822075,-4.0294,-1.3791,8.7843
G,239823651,0.005326,0.009587,0.007457
A,239824549,-4.0330,-1.3862,8.7736
G,239826153,0.003196,0.010653,0.005326
A,239827011,-4.0259,-1.3934,8.7556
G,239828649,0.001065,0.010653,0.004261
A,239829501,-4.0223,-1.3970,8.7484
G,239831128,0.000000,0.007457,0.001065
A,239831974,-4.0079,-1.4006,8.7412
TRK,239827,-0.38827,0.22415,-0.01681,-0.89371,-0.5572,0.3244,-0.3783,0.000,0.000,0.000,1,11
G,239833630,0.000000,0.006392,0.001065
A,239834437,-4.0007,-1.3970,8.7376
G,239836126,0.002131,0.006392,0.002131
A,239836930,-4.0007,-1.4006,8.7520
G,239838607,0.006392,0.009587,0.006392
A,239839404,-4.0043,-1.4006,8.7520
G,239841119,0.010653,0.009587,0.003196
A,239841879,-4.0115,-1.4006,8.7664
G,239843615,0.011718,0.009587,0.002131
A,239844353,-4.0151,-1.3970,8.7628
G,239846128,0.010653,0.006392,0.003196
A,239846828,-4.0259,-1.3862,8.7628
G,239848624,0.010653,0.005326,0.005326
A,239849302,-4.0259,-1.3755,8.7556
G,239851115,0.010653,0.004261,0.005326
A,239851758,-4.0259,-1.3647,8.7520
G,239853611,0.010653,0.003196,0.001065
A,239854246,-4.0294,-1.3575,8.7484
G,239856084,0.007457,0.001065,-0.002131
A,239856719,-4.0223,-1.3647,8.7412
G,239858578,0.003196,-0.001065,-0.003196
A,239859179,-4.0223,-1.3683,8.7376
G,239861091,-0.003196,-0.004261,-0.007457
A,239861658,-4.0223,-1.3827,8.7376
TRK,239859,-0.38826,0.22406,-0.01688,-0.89374,-0.5572,0.3244,-0.3783,0.000,0.000,0.000,1,11
G,239863613,-0.009587,-0.005326,-0.007457
A,239864147,-4.0223,-1.3898,8.7412
G,239866109,-0.013848,-0.005326,-0.007457
A,239866621,-4.0187,-1.3970,8.7412
G,239868612,-0.013848,-0.005326,-0.006392
A,239869091,-4.0115,-1.3970,8.7484
G,239871107,-0.009587,-0.004261,-0.006392
A,239871565,-4.0007,-1.3934,8.7520
G,239873589,-0.003196,-0.002131,-0.005326
A,239874015,-3.9971,-1.3898,8.7556
G,239876085,0.003196,0.004261,-0.001065
A,239876489,-3.9935,-1.3898,8.7628
TRK,239870,-0.38828,0.22401,-0.01681,-0.89374,-0.5572,0.3244,-0.3783,0.000,0.000,0.000,1,11
G,239878567,0.006392,0.009587,0.000000
A,239878941,-4.0007,-1.3934,8.7592
G,239881078,0.007457,0.014914,0.005326
A,239881422,-4.0079,-1.4006,8.7556
G,239883574,0.006392,0.015979,0.007457
A,239883896,-4.0115,-1.4078,8.7520
G,239886067,0.004261,0.013848,0.008522
A,239886361,-4.0259,-1.4114,8.7448
G,239888563,0.003196,0.007457,0.002131
A,239888835,-4.0259,-1.4150,8.7376
G,239891049,0.004261,0.003196,-0.001065
A,239891294,-4.0366,-1.4186,8.7376
TRK,239888,-0.38826,0.22399,-0.01689,-0.89375,-0.5572,0.3244,-0.3783,0.000,0.000,0.000,1,11
G,239893553,0.003196,0.002131,-0.001065
A,239893770,-4.0402,-1.4186,8.7412
G,239896049,0.001065,0.002131,0.002131
A,239896264,-4.0366,-1.4186,8.7484
G,239898519,-0.003196,0.002131,0.001065
A,239898738,-4.0330,-1.4114,8.7556
G,239901026,-0.004261,0.002131,0.001065
A,239901219,-4.0187,-1.4078,8.7556
G,239903522,-0.004261,0.004261,0.001065
A,239903692,-4.0043,-1.4078,8.7592
G,239906016,-0.005326,0.005326,0.002131
A,239906161,-3.9935,-1.4078,8.7556
G,239908534,-0.007457,0.003196,0.003196
A,239908654,-3.9899,-1.4114,8.7556
G,239911029,-0.007457,0.003196,0.004261
A,239911128,-3.9899,-1.4078,8.7556
TRK,239907,-0.38827,0.22394,-0.01689,-0.89377,-0.5572,0.3244,-0.3783,0.000,0.000,0.000,1,11
STAT,404.4,400.4,0,0,0,0.0240,0.477,0.1002,0.1474,-0.0875,9.7294,0.62,0.001
G,239913533,-0.004261,0.004261,0.004261
A,239913607,-3.9935,-1.4042,8.7484
G,239916029,0.002131,0.006392,0.002131
A,239916081,-3.9971,-1.3970,8.7448
G,239918500,0.008522,0.007457,-0.001065
A,239918529,-4.0115,-1.3970,8.7376
G,239921015,0.011718,0.007457,-0.003196
A,239921021,-4.0223,-1.4006,8.7376
A,239923495,-4.0366,-1.4006,8.7412
G,239923511,0.011718,0.007457,-0.004261
A,239925968,-4.0366,-1.4078,8.7484
G,239926005,0.011718,0.006392,-0.005326
A,239928470,-4.0294,-1.4078,8.7628
G,239928529,0.009587,0.004261,-0.006392
A,239930944,-4.0294,-1.4078,8.7628
G,239931025,0.008522,0.003196,-0.004261
A,239933428,-4.0223,-1.4114,8.7700
G,239933529,0.006392,0.001065,-0.003196
A,239935902,-4.0259,-1.4114,8.7628
G,239936025,0.004261,-0.001065,0.000000
A,239938386,-4.0259,-1.4078,8.7628
G,239938529,0.001065,-0.001065,0.001065
A,239940860,-4.0259,-1.4042,8.7592
G,239941025,-0.002131,0.000000,0.001065
TRK,239936,-0.38827,0.22384,-0.01692,-0.89379,-0.5572,0.3244,-0.3783,0.000,0.000,0.000,1,11
A,239943325,-4.0259,-1.3970,8.7556
G,239943509,-0.006392,0.002131,0.001065
A,239945815,-4.0187,-1.3898,8.7520
G,239946017,-0.009587,0.002131,0.000000
A,239948289,-4.0079,-1.3934,8.7484
G,239948513,-0.011718,0.000000,-0.003196
A,239950765,-4.0007,-1.3970,8.7448
G,239951007,-0.009587,-0.003196,-0.008522
A,239953239,-3.9935,-1.4006,8.7412
G,239953503,-0.005326,-0.002131,-0.012783
TRK,239953,-0.38829,0.22382,-0.01682,-0.89378,-0.5572,0.3244,-0.3783,0.000,0.000,0.000,1,11
A,239955717,-3.9935,-1.3970,8.7340
G,239955997,0.000000,0.001065,-0.010653
A,239958191,-3.9935,-1.3934,8.7269
G,239958493,0.005326,0.005326,-0.003196
A,239960649,-4.0043,-1.3862,8.7269
G,239960967,0.008522,0.007457,0.000000
A,239963138,-4.0115,-1.3791,8.7305
G,239963472,0.009587,0.009587,0.001065
A,239965612,-4.0187,-1.3827,8.7376
G,239965968,0.010653,0.010653,0.000000
A,239968083,-4.0187,-1.3719,8.7520
G,239968454,0.010653,0.008522,0.000000
TRK,239969,-0.38829,0.22381,-0.01682,-0.89379,-0.5572,0.3244,-0.3783,0.000,0.000,0.000,1,11
A,239970583,-4.0187,-1.3719,8.7592
G,239970969,0.008522,0.005326,-0.002131
A,239973057,-4.0187,-1.3683,8.7628
G,239973465,0.005326,0.004261,-0.003196
A,239975537,-4.0187,-1.3827,8.7628
G,239975958,0.002131,0.003196,-0.007457
A,239978011,-4.0223,-1.3970,8.7592
G,239978454,-0.002131,0.001065,-0.006392
A,239980493,-4.0259,-1.4078,8.7520
G,239980950,-0.004261,0.000000,-0.005326
A,239982967,-4.0223,-1.4150,8.7520
G,239983446,-0.005326,0.000000,-0.001065
A,239985450,-4.0223,-1.4114,8.7484
G,239985941,-0.007457,0.000000,-0.002131
A,239987924,-4.0187,-1.4042,8.7520
G,239988437,-0.007457,-0.001065,-0.004261
A,239990383,-4.0187,-1.4006,8.7448
G,239990908,-0.007457,-0.001065,-0.008522
TRK,239991,-0.38831,0.22379,-0.01674,-0.89379,-0.5572,0.3244,-0.3783,0.000,0.000,0.000,1,11
A,239992877,-4.0151,-1.3934,8.7412
G,239993414,-0.005326,-0.001065,-0.008522
A,239995351,-4.0115,-1.4006,8.7412
G,239995910,-0.003196,-0.001065,-0.007457
A,239997822,-4.0043,-1.4078,8.7305
G,239998392,0.000000,0.000000,-0.005326
A,240000296,-4.0007,-1.4186,8.7269
G,240000908,0.003196,0.002131,-0.003196
A,240002753,-4.0007,-1.4293,8.7233
G,240003404,0.007457,0.003196,-0.004261
A,240005226,-4.0043,-1.4257,8.7233
G,240005887,0.009587,0.005326,-0.002131
A,240007724,-4.0115,-1.4257,8.7269
G,240008394,0.010653,0.007457,0.001065
A,240010198,-4.0115,-1.4186,8.7340
G,240010890,0.009587,0.007457,0.004261
A,240012667,-4.0115,-1.4114,8.7376
G,240013367,0.007457,0.006392,0.002131
A,240015141,-4.0151,-1.3970,8.7448
G,240015884,0.005326,0.003196,0.001065
A,240017601,-4.0151,-1.3934,8.7412
G,240018380,0.004261,0.001065,-0.004261
TRK,240014,-0.38831,0.22375,-0.01674,-0.89379,-0.5572,0.3244,-0.3783,0.000,0.000,0.000,1,11
A,240020091,-4.0151,-1.3862,8.7376
G,240020877,0.000000,0.001065,-0.008522
A,240022565,-4.0115,-1.3970,8.7340
G,240023373,-0.004261,0.001065,-0.009587
A,240025030,-4.0079,-1.4006,8.7305
G,240025844,-0.006392,0.001065,-0.006392
A,240027504,-4.0043,-1.4114,8.7305
G,240028349,-0.005326,0.000000,-0.002131
A,240029954,-4.0007,-1.4078,8.7376
G,240030845,-0.003196,-0.002131,-0.003196
TRK,240030,-0.38832,0.22375,-0.01669,-0.89379,-0.5572,0.3244,-0.3783,0.000,0.000,0.000,1,11
A,240032438,-4.0043,-1.3970,8.7448
G,240033333,-0.001065,-0.005326,-0.006392
A,240034911,-4.0115,-1.3934,8.7448
G,240035842,0.001065,-0.005326,-0.006392
A,240037367,-4.0187,-1.3934,8.7484
G,240038338,0.005326,-0.002131,-0.003196
A,240039857,-4.0294,-1.3970,8.7448
G,240040831,0.009587,0.001065,-0.001065
A,240042331,-4.0294,-1.4006,8.7484
G,240043327,0.011718,0.004261,-0.001065
A,240044807,-4.0294,-1.4114,8.7448
G,240045805,0.011718,0.004261,-0.005326
A,240047281,-4.0294,-1.4186,8.7484
G,240048313,0.007457,0.003196,-0.005326
A,240049738,-4.0259,-1.4257,8.7412
G,240050809,0.003196,0.001065,-0.005326
A,240052225,-4.0223,-1.4293,8.7448
G,240053297,-0.001065,-0.001065,-0.006392
A,240054699,-4.0151,-1.4293,8.7412
G,240055806,-0.003196,-0.001065,-0.007457
A,240057158,-4.0115,-1.4150,8.7448
G,240058302,-0.005326,-0.001065,-0.007457
TRK,240053,-0.38833,0.22371,-0.01669,-0.89380,-0.5572,0.3244,-0.3783,0.000,0.000,0.000,1,11
A,240059637,-4.0115,-1.4042,8.7556
G,240060780,-0.005326,0.000000,-0.007457
A,240062111,-4.0079,-1.3934,8.7592
G,240063289,-0.003196,0.002131,-0.005326
A,240064571,-4.0115,-1.3827,8.7664
G,240065785,0.000000,0.003196,-0.005326
A,240067045,-4.0079,-1.3755,8.7700
G,240068294,0.002131,0.006392,-0.002131
A,240069507,-4.0043,-1.3719,8.7664
G,240070790,0.002131,0.007457,-0.002131
TRK,240070,-0.38834,0.22374,-0.01663,-0.89379,-0.5572,0.3244,-0.3783,0.000,0.000,0.000,1,11
A,240071999,-4.0079,-1.3719,8.7592
G,240073278,0.003196,0.007457,-0.001065
A,240074473,-4.0007,-1.3719,8.7556
G,240075786,0.003196,0.003196,-0.004261
A,240076935,-4.0007,-1.3862,8.7448
G,240078282,0.004261,0.001065,-0.004261
A,240079408,-3.9971,-1.3898,8.7448
G,240080778,0.004261,-0.002131,-0.002131
A,240081860,-4.0043,-1.3970,8.7412
G,240083294,0.004261,-0.003196,0.001065
A,240084332,-4.0151,-1.3970,8.7412
G,240085790,0.002131,-0.003196,-0.001065
A,240086828,-4.0223,-1.3934,8.7376
G,240088279,0.001065,-0.001065,-0.001065
A,240089302,-4.0259,-1.3898,8.7376
G,240090787,0.001065,0.000000,0.000000
A,240091768,-4.0187,-1.3827,8.7376
G,240093283,0.002131,0.002131,0.001065
A,240094264,-4.0079,-1.3791,8.7376
G,240095771,0.003196,0.001065,-0.002131
A,240096738,-4.0007,-1.3791,8.7376
TRK,240096,-0.38835,0.22370,-0.01660,-0.89379,-0.5572,0.3244,-0.3783,0.000,0.000,0.000,1,11
G,240098280,0.003196,0.002131,-0.003196
A,240099206,-3.9935,-1.3827,8.7376
G,240100776,0.003196,0.005326,0.001065
A,240101680,-4.0043,-1.3898,8.7376
G,240103265,0.002131,0.007457,0.002131
A,240104128,-4.0079,-1.3934,8.7448
G,240105778,0.000000,0.008522,0.000000
A,240106602,-4.0151,-1.3934,8.7520
G,240108274,0.000000,0.007457,-0.001065
A,240109076,-4.0151,-1.3827,8.7628
TRK,240108,-0.38834,0.22371,-0.01663,-0.89380,-0.5572,0.3244,-0.3783,0.000,0.000,0.000,1,11
G,240110773,0.001065,0.004261,0.000000
A,240111537,-4.0115,-1.3791,8.7700
G,240113269,0.001065,0.002131,0.000000
A,240114028,-4.0187,-1.3755,8.7700
G,240115748,0.001065,0.002131,-0.002131
A,240116502,-4.0187,-1.3683,8.7700
G,240118258,0.002131,0.003196,-0.003196
A,240118975,-4.0223,-1.3719,8.7628
G,240120753,0.005326,0.003196,-0.001065
A,240121449,-4.0294,-1.3755,8.7664
G,240123243,0.007457,0.002131,-0.002131
A,240123902,-4.0330,-1.3827,8.7700
G,240125762,0.010653,0.002131,-0.002131
A,240126387,-4.0330,-1.3934,8.7771
G,240128258,0.009587,0.002131,-0.002131
A,240128861,-4.0330,-1.4042,8.7807
G,240130765,0.007457,0.003196,-0.001065
A,240131333,-4.0330,-1.4042,8.7879
G,240133261,0.002131,0.005326,0.001065
A,240133807,-4.0294,-1.4042,8.7807
TRK,240128,-0.38833,0.22365,-0.01671,-0.89381,-0.5572,0.3244,-0.3783,0.000,0.000,0.000,1,11
G,240135760,-0.001065,0.005326,0.001065
A,240136273,-4.0294,-1.4042,8.7736
G,240138276,-0.002131,0.003196,0.000000
A,240138757,-4.0223,-1.4150,8.7664
G,240140772,-0.002131,0.000000,-0.001065
A,240141231,-4.0223,-1.4186,8.7556
G,240143261,-0.003196,-0.003196,-0.004261
A,240143688,-4.0187,-1.4257,8.7520
G,240145769,-0.002131,-0.003196,-0.005326
A,240146166,-4.0151,-1.4186,8.7520
G,240148265,-0.002131,-0.003196,-0.006392
A,240148640,-4.0115,-1.4042,8.7484
G,240150764,-0.002131,-0.001065,-0.005326
A,240151109,-4.0079,-1.3827,8.7448
G,240153260,-0.002131,-0.002131,-0.006392
A,240153583,-4.0079,-1.3755,8.7376
G,240155739,-0.003196,-0.001065,-0.007457
A,240156034,-4.0151,-1.3683,8.7340
TRK,240156,-0.38833,0.22358,-0.01674,-0.89383,-0.5572,0.3244,-0.3783,0.000,0.000,0.000,1,11
G,240158249,-0.004261,0.000000,-0.006392
A,240158516,-4.0223,-1.3827,8.7305
G,240160745,-0.004261,0.001065,-0.003196
A,240161005,-4.0330,-1.3970,8.7305
G,240163212,-0.003196,0.001065,-0.003196
A,240163479,-4.0402,-1.4186,8.7376
G,240165710,-0.004261,0.000000,-0.004261
A,240165950,-4.0438,-1.4365,8.7448
G,240168228,-0.004261,0.000000,-0.006392
A,240168441,-4.0366,-1.4401,8.7484
G,240170724,-0.003196,0.001065,-0.002131
A,240170915,-4.0223,-1.4437,8.7448
G,240173213,-0.002131,0.001065,0.001065
A,240173379,-4.0043,-1.4329,8.7412
G,240175709,0.000000,0.001065,0.003196
A,240175853,-4.0007,-1.4222,8.7412
G,240178200,0.002131,0.003196,0.003196
A,240178318,-3.9971,-1.4150,8.7412
TRK,240179,-0.38832,0.22357,-0.01675,-0.89383,-0.5572,0.3244,-0.3783,0.000,0.000,0.000,1,11
G,240180720,0.003196,0.005326,0.002131
A,240180814,-4.0079,-1.4078,8.7376
G,240183216,0.005326,0.006392,0.002131
A,240183288,-4.0187,-1.4114,8.7376
G,240185692,0.006392,0.005326,-0.001065
A,240185741,-4.0294,-1.4078,8.7269
G,240188188,0.006392,0.004261,-0.003196
A,240188215,-4.0402,-1.4150,8.7269
G,240190669,0.006392,0.006392,-0.002131
A,240190673,-4.0438,-1.4186,8.7269
A,240193147,-4.0438,-1.4222,8.7269
G,240193165,0.007457,0.009587,0.000000
TRK,240187,-0.38832,0.22359,-0.01678,-0.89383,-0.5572,0.3244,-0.3783,0.000,0.000,0.000,1,11
A,240195606,-4.0366,-1.4257,8.7340
G,240195646,0.007457,0.009587,0.001065
A,240198080,-4.0366,-1.4186,8.7376
G,240198142,0.004261,0.006392,-0.001065
A,240200541,-4.0294,-1.4114,8.7412
G,240200624,0.001065,0.004261,-0.004261
A,240203023,-4.0294,-1.4078,8.7376
G,240203126,0.000000,0.002131,-0.004261
A,240205497,-4.0223,-1.4042,8.7340
G,240205622,0.002131,0.000000,-0.002131
A,240207969,-4.0115,-1.4078,8.7125
G,240208114,0.003196,-0.002131,0.000000
A,240210465,-3.9971,-1.4078,8.6910
G,240210629,0.001065,-0.003196,-0.001065
A,240212939,-3.9935,-1.4078,8.6658
G,240213125,-0.003196,-0.002131,-0.002131
TRK,240209,-0.38831,0.22368,-0.01678,-0.89381,-0.5572,0.3244,-0.3783,0.000,0.000,0.000,1,11
A,240215423,-3.9935,-1.4078,8.6514
G,240215627,-0.010653,0.000000,0.000000
A,240217896,-4.0115,-1.4078,8.6730
G,240218123,-0.014914,-0.001065,0.001065
A,240220381,-4.0366,-1.4186,8.7125
G,240220625,-0.013848,-0.002131,0.003196
A,240222855,-4.0618,-1.4222,8.7700
G,240223121,0.000000,-0.001065,0.001065
A,240225308,-4.0725,-1.4293,8.8202
G,240225591,0.024501,0.006392,-0.002131
A,240227804,-4.0654,-1.4222,8.8490
G,240228103,0.049002,0.013848,-0.006392
A,240230278,-4.0510,-1.4042,8.8490
G,240230599,0.062851,0.019175,-0.001065
A,240232735,-4.0366,-1.3827,8.8274
G,240233072,0.054328,0.020240,0.006392
A,240235215,-4.0294,-1.3611,8.7987
G,240235567,0.028762,0.017044,0.017044
A,240237689,-4.0294,-1.3431,8.7556
TRK,240236,-0.38828,0.22383,-0.01686,-0.89379,-0.5572,0.3244,-0.3783,0.000,0.000,0.000,1,11
G,240238090,-0.004261,0.008522,0.020240
A,240240147,-4.0330,-1.3431,8.7269
G,240240586,-0.031958,0.000000,0.015979
A,240242621,-4.0294,-1.3431,8.6945
G,240243098,-0.043676,-0.006392,0.008522
A,240245071,-4.0151,-1.3611,8.6766
G,240245594,-0.042611,-0.011718,-0.004261
A,240247552,-3.9899,-1.3827,8.6694
G,240248087,-0.034088,-0.017044,-0.018109
A,240250026,-3.9756,-1.4006,8.6766
TRK,240249,-0.38831,0.22393,-0.01668,-0.89375,-0.5572,0.3244,-0.3783,0.000,0.000,0.000,1,11
G,240250609,-0.028762,-0.022371,-0.029827
A,240252488,-3.9612,-1.4186,8.7053
G,240253105,-0.024501,-0.024501,-0.036219
A,240254980,-3.9648,-1.4293,8.7376
G,240255608,-0.020240,-0.019175,-0.031958
A,240257454,-3.9756,-1.4401,8.7771
G,240258104,-0.011718,-0.008522,-0.018109
A,240259928,-3.9899,-1.4473,8.7915
G,240260586,0.001065,0.005326,-0.002131
A,240262402,-4.0079,-1.4401,8.7879
G,240263082,0.015979,0.017044,0.013848
A,240264876,-4.0294,-1.4257,8.7700
G,240265565,0.028762,0.024501,0.021305
A,240267350,-4.0438,-1.4042,8.7448
G,240268078,0.041545,0.029827,0.026632
A,240269805,-4.0618,-1.3683,8.7197
G,240270574,0.049002,0.030893,0.025566
A,240272285,-4.0654,-1.3396,8.7161
G,240273061,0.050067,0.029827,0.021305
A,240274759,-4.0725,-1.3180,8.7161
G,240275557,0.045806,0.023436,0.012783
TRK,240270,-0.38830,0.22399,-0.01670,-0.89374,-0.5572,0.3244,-0.3783,0.000,0.000,0.000,1,11
A,240277226,-4.0689,-1.3144,8.7340
G,240278030,0.039415,0.012783,-0.001065
A,240279724,-4.0618,-1.3216,8.7592
G,240280534,0.027697,0.004261,-0.012783
A,240282198,-4.0510,-1.3467,8.7843
G,240283029,0.010653,-0.004261,-0.021305
A,240284688,-4.0223,-1.3719,8.8023
G,240285525,-0.014914,-0.008522,-0.020240
A,240287162,-4.0007,-1.3970,8.8023
G,240288021,-0.040480,-0.015979,-0.018109
A,240289641,-3.9756,-1.4222,8.7879
G,240290504,-0.063916,-0.023436,-0.014914
A,240292115,-3.9648,-1.4365,8.7736
G,240293019,-0.074569,-0.026632,-0.008522
A,240294575,-3.9684,-1.4509,8.7520
G,240295515,-0.069242,-0.023436,0.000000
A,240297065,-3.9720,-1.4545,8.7412
G,240298009,-0.047937,-0.013848,0.004261
A,240299539,-3.9828,-1.4545,8.7340
G,240300505,-0.014914,-0.001065,0.005326
TRK,240295,-0.38833,0.22402,-0.01659,-0.89373,-0.5572,0.3244,-0.3783,0.000,0.000,0.000,1,11
A,240302011,-3.9899,-1.4329,8.7305
G,240302979,0.021305,0.011718,0.006392
A,240304509,-3.9971,-1.4114,8.7197
G,240305480,0.049002,0.022371,0.006392
A,240306983,-4.0079,-1.3791,8.7125
G,240307976,0.063916,0.028762,0.005326
A,240309463,-4.0223,-1.3647,8.7053
G,240310458,0.063916,0.031958,0.004261
A,240311937,-4.0402,-1.3539,8.7197
TRK,240311,-0.38828,0.22398,-0.01681,-0.89375,-0.5572,0.3244,-0.3783,0.000,0.000,0.000,1,11
G,240312973,0.055394,0.029827,0.005326
A,240314400,-4.0510,-1.3611,8.7376
G,240315469,0.043676,0.026632,0.007457
A,240316884,-4.0654,-1.3647,8.7736
G,240317953,0.030893,0.021305,0.009587
A,240319358,-4.0725,-1.3755,8.8023
G,240320449,0.020240,0.015979,0.006392
A,240321830,-4.0725,-1.3755,8.8238
G,240322922,0.009587,0.006392,0.001065
A,240324304,-4.0618,-1.3791,8.8274
G,240325428,-0.002131,-0.004261,-0.007457
A,240326761,-4.0510,-1.3791,8.8166
G,240327924,-0.015979,-0.011718,-0.011718
A,240329246,-4.0330,-1.3898,8.7951
G,240330408,-0.033023,-0.017044,-0.013848
A,240331719,-4.0187,-1.3970,8.7736
TRK,240331,-0.38825,0.22392,-0.01699,-0.89378,-0.5572,0.3244,-0.3783,0.000,0.000,0.000,1,11
G,240332924,-0.049002,-0.019175,-0.010653
A,240334187,-4.0079,-1.4114,8.7412
G,240335420,-0.059655,-0.017044,-0.004261
A,240336661,-4.0007,-1.4222,8.7053
G,240337916,-0.060720,-0.012783,-0.001065
A,240339110,-3.9971,-1.4257,8.6802
G,240340411,-0.051133,-0.006392,0.000000
A,240341605,-3.9863,-1.4293,8.6514
G,240342903,-0.033023,-0.002131,-0.001065
A,240344079,-3.9792,-1.4257,8.6514
G,240345398,-0.008522,0.002131,-0.002131
A,240346560,-3.9756,-1.4293,8.6622
G,240347875,0.018109,0.009587,-0.002131
A,240349034,-3.9720,-1.4222,8.6910
G,240350382,0.042611,0.018109,0.000000
A,240351495,-3.9828,-1.4222,8.7305
G,240352878,0.059655,0.024501,0.004261
A,240353988,-4.0043,-1.4222,8.7736
G,240355364,0.068177,0.026632,0.005326
A,240356462,-4.0223,-1.4150,8.8059
TRK,240356,-0.38826,0.22391,-0.01693,-0.89377,-0.5572,0.3244,-0.3783,0.000,0.000,0.000,1,11
G,240357881,0.067112,0.025566,0.005326
A,240358935,-4.0438,-1.4078,8.8310
G,240360377,0.052198,0.023436,0.007457
A,240361408,-4.0546,-1.3898,8.8310
G,240362874,0.031958,0.018109,0.009587
A,240363863,-4.0689,-1.3647,8.8166
G,240365370,0.008522,0.010653,0.011718
A,240366336,-4.0725,-1.3467,8.7987
G,240367867,-0.012783,0.001065,0.011718
A,240368792,-4.0689,-1.3360,8.7664
G,240370363,-0.029827,-0.007457,0.008522
A,240371266,-4.0582,-1.3396,8.7448
TRK,240365,-0.38822,0.22390,-0.01713,-0.89379,-0.5572,0.3244,-0.3783,0.000,0.000,0.000,1,11
G,240372861,-0.039415,-0.013848,0.005326
A,240373724,-4.0402,-1.3503,8.7161
G,240375356,-0.042611,-0.018109,-0.003196
A,240376205,-4.0187,-1.3719,8.6981
G,240377828,-0.041545,-0.019175,-0.007457
A,240378679,-4.0007,-1.4042,8.6981
G,240380335,-0.037284,-0.019175,-0.011718
A,240381148,-3.9863,-1.4329,8.7053
G,240382831,-0.029827,-0.015979,-0.012783
A,240383647,-3.9792,-1.4617,8.7161
G,240385319,-0.018109,-0.011718,-0.014914
A,240386121,-3.9720,-1.4688,8.7269
G,240387837,-0.004261,-0.007457,-0.010653
A,240388601,-3.9684,-1.4688,8.7376
G,240390333,0.007457,0.001065,-0.001065
A,240391075,-3.9720,-1.4473,8.7484
TRK,240386,-0.38829,0.22385,-0.01680,-0.89378,-0.5572,0.3244,-0.3783,0.000,0.000,0.000,1,11
G,240392850,0.018109,0.010653,0.011718
A,240393555,-3.9828,-1.4222,8.7592
G,240395346,0.027697,0.015979,0.015979
A,240396029,-3.9971,-1.3934,8.7736
G,240397844,0.035154,0.017044,0.012783
A,240398491,-4.0187,-1.3827,8.7736
G,240400340,0.040480,0.015979,0.006392
A,240400984,-4.0330,-1.3719,8.7771
G,240402817,0.042611,0.015979,0.002131
A,240403458,-4.0438,-1.3755,8.7736
G,240405319,0.041545,0.014914,-0.002131
A,240405924,-4.0438,-1.3719,8.7736
G,240407837,0.034088,0.009587,-0.004261
A,240408408,-4.0438,-1.3755,8.7664
G,240410333,0.018109,0.001065,-0.008522
A,240410902,-4.0294,-1.3719,8.7592
G,240412810,-0.003196,-0.006392,-0.009587
A,240413376,-4.0294,-1.3791,8.7520
G,240415306,-0.024501,-0.012783,-0.009587
A,240415871,-4.0294,-1.3934,8.7520
G,240417784,-0.040480,-0.014914,-0.009587
A,240418345,-4.0294,-1.4006,8.7520
TRK,240418,-0.38827,0.22379,-0.01694,-0.89380,-0.5572,0.3244,-0.3783,0.000,0.000,0.000,1,11
G,240420293,-0.049002,-0.015979,-0.011718
A,240420820,-4.0259,-1.4114,8.7556
G,240422789,-0.045806,-0.014914,-0.011718
A,240423294,-4.0223,-1.4150,8.7520
G,240425277,-0.031958,-0.010653,-0.007457
A,240425750,-4.0079,-1.4114,8.7412
G,240427785,-0.012783,-0.003196,-0.001065
A,240428226,-4.0007,-1.4150,8.7233
G,240430281,0.002131,0.001065,-0.003196
A,240430700,-3.9971,-1.4114,8.7089
G,240432780,0.011718,0.005326,-0.004261
A,240433169,-4.0043,-1.4114,8.7017
G,240435276,0.017044,0.007457,-0.004261
TRK,240425,-0.38831,0.22379,-0.01675,-0.89379,-0.5572,0.3244,-0.3783,0.000,0.000,0.000,1,11
A,240435667,-4.0043,-1.4078,8.7017
G,240437754,0.023436,0.010653,0.003196
A,240438141,-4.0115,-1.3934,8.7089
G,240440264,0.026632,0.014914,0.008522
A,240440621,-4.0151,-1.3862,8.7233
G,240442760,0.026632,0.015979,0.009587
A,240443095,-4.0187,-1.3791,8.7376
G,240445240,0.025566,0.017044,0.007457
A,240445547,-4.0259,-1.3791,8.7520
G,240447747,0.024501,0.015979,0.002131
A,240448025,-4.0330,-1.3898,8.7592
G,240450242,0.021305,0.011718,-0.002131
A,240450499,-4.0294,-1.3970,8.7700
G,240452722,0.014914,0.005326,-0.006392
A,240452951,-4.0330,-1.4078,8.7664
G,240455232,0.008522,-0.001065,-0.008522
A,240455435,-4.0259,-1.4114,8.7736
G,240457728,0.001065,-0.004261,-0.006392
A,240457908,-4.0259,-1.4114,8.7700
G,240460218,-0.006392,-0.005326,-0.006392
A,240460373,-4.0294,-1.4006,8.7664
G,240462738,-0.013848,-0.006392,-0.004261
A,240462867,-4.0294,-1.3898,8.7520
G,240465234,-0.020240,-0.006392,-0.001065
A,240465341,-4.0259,-1.3827,8.7340
TRK,240461,-0.38827,0.22378,-0.01691,-0.89380,-0.5572,0.3244,-0.3783,0.000,0.000,0.000,1,11
G,240467713,-0.024501,-0.007457,0.001065
A,240467797,-4.0259,-1.3862,8.7161
G,240470223,-0.026632,-0.008522,-0.002131
A,240470283,-4.0223,-1.3970,8.7017
G,240472719,-0.023436,-0.007457,-0.004261
A,240472757,-4.0259,-1.4078,8.6981
G,240475205,-0.013848,-0.006392,-0.006392
A,240475220,-4.0259,-1.4222,8.6981
TRK,240476,-0.38831,0.22379,-0.01673,-0.89379,-0.5572,0.3244,-0.3783,0.000,0.000,0.000,1,11
A,240477718,-4.0294,-1.4257,8.7161
G,240477726,0.001065,-0.002131,-0.008522
A,240480192,-4.0259,-1.4293,8.7269
G,240480222,0.015979,0.001065,-0.011718
A,240482670,-4.0259,-1.4222,8.7520
G,240482722,0.026632,0.004261,-0.013848
A,240485144,-4.0330,-1.4186,8.7664
G,240485217,0.030893,0.006392,-0.011718
A,240487623,-4.0366,-1.4078,8.7771
G,240487716,0.029827,0.007457,-0.009587
A,240490097,-4.0438,-1.4006,8.7807
G,240490212,0.024501,0.006392,-0.004261
TRK,240485,-0.38831,0.22378,-0.01676,-0.89379,-0.5572,0.3244,-0.3783,0.000,0.000,0.000,1,11
A,240492557,-4.0402,-1.3934,8.7736
G,240492692,0.015979,0.008522,0.005326
A,240495048,-4.0402,-1.3934,8.7592
G,240495202,0.005326,0.009587,0.015979
A,240497522,-4.0330,-1.3862,8.7448
G,240497698,-0.006392,0.006392,0.021305
A,240499994,-4.0294,-1.3827,8.7305
G,240500189,-0.013848,0.000000,0.015979
A,240502468,-4.0259,-1.3755,8.7197
G,240502685,-0.017044,-0.005326,0.005326
A,240504935,-4.0259,-1.3719,8.7197
G,240505170,-0.014914,-0.006392,-0.006392
A,240507408,-4.0187,-1.3755,8.7197
G,240507666,-0.012783,-0.008522,-0.011718
A,240509860,-4.0115,-1.3862,8.7233
G,240510134,-0.010653,-0.008522,-0.010653
A,240512334,-4.0043,-1.4114,8.7269
TRK,240511,-0.38830,0.22386,-0.01678,-0.89377,-0.5572,0.3244,-0.3783,0.000,0.000,0.000,1,11
G,240512656,-0.009587,-0.006392,-0.004261
A,240514790,-4.0007,-1.4257,8.7305
G,240515152,-0.008522,-0.004261,-0.002131
A,240517276,-4.0043,-1.4365,8.7340
G,240517653,-0.007457,-0.005326,-0.004261
A,240519750,-4.0115,-1.4365,8.7305
G,240520149,-0.004261,-0.005326,-0.006392
A,240522205,-4.0151,-1.4293,8.7376
G,240522618,0.003196,-0.002131,-0.004261
A,240524703,-4.0187,-1.4150,8.7376
G,240525130,0.014914,0.004261,-0.001065
A,240527177,-4.0223,-1.3970,8.7448
G,240527626,0.025566,0.009587,0.001065
A,240529636,-4.0259,-1.3755,8.7592
G,240530097,0.034088,0.012783,0.005326
A,240532123,-4.0259,-1.3647,8.7736
G,240532597,0.034088,0.013848,0.009587
TRK,240533,-0.38828,0.22389,-0.01685,-0.89377,-0.5572,0.3244,-0.3783,0.000,0.000,0.000,1,11
A,240534622,-4.0223,-1.3467,8.7879
G,240535110,0.029827,0.012783,0.011718
A,240537096,-4.0259,-1.3431,8.7987
G,240537606,0.019175,0.009587,0.008522
A,240539557,-4.0294,-1.3503,8.7951
G,240540078,0.009587,0.006392,0.004261
A,240542046,-4.0402,-1.3575,8.7879
G,240542579,-0.002131,0.003196,0.003196
A,240544520,-4.0474,-1.3719,8.7700
G,240545075,-0.011718,0.000000,0.002131
A,240546992,-4.0474,-1.3898,8.7592
G,240547558,-0.019175,-0.003196,0.000000
A,240549495,-4.0402,-1.4006,8.7520
G,240550071,-0.021305,-0.004261,-0.004261
A,240551969,-4.0259,-1.4114,8.7520
G,240552567,-0.018109,-0.004261,-0.007457
TRK,240548,-0.38826,0.22393,-0.01691,-0.89377,-0.5572,0.3244,-0.3783,0.000,0.000,0.000,1,11
A,240554452,-4.0187,-1.4186,8.7592
G,240555060,-0.008522,-0.002131,-0.009587
A,240556926,-4.0151,-1.4186,8.7556
G,240557556,0.001065,0.000000,-0.005326
A,240559389,-4.0187,-1.4150,8.7628
G,240560029,0.008522,0.003196,-0.002131
A,240561884,-4.0223,-1.4114,8.7664
G,240562534,0.010653,0.007457,0.001065
A,240564358,-4.0294,-1.4042,8.7556
G,240565030,0.009587,0.009587,0.000000
A,240566833,-4.0223,-1.4006,8.7484
G,240567513,0.006392,0.010653,-0.001065
A,240569307,-4.0187,-1.3898,8.7376
G,240570027,0.004261,0.010653,0.001065
A,240571763,-4.0115,-1.3827,8.7269
G,240572523,0.002131,0.008522,-0.001065
A,240574246,-4.0151,-1.3755,8.7340
G,240575012,0.002131,0.006392,-0.002131
A,240576720,-4.0187,-1.3647,8.7448
G,240577508,0.003196,0.003196,-0.006392
TRK,240572,-0.38826,0.22398,-0.01692,-0.89376,-0.5572,0.3244,-0.3783,0.000,0.000,0.000,1,11
A,240579188,-4.0187,-1.3611,8.7592
G,240579983,0.004261,0.002131,-0.007457
A,240581661,-4.0151,-1.3575,8.7700
G,240582487,0.007457,0.002131,-0.008522
A,240584111,-4.0079,-1.3611,8.7664
G,240584983,0.010653,0.003196,-0.006392
A,240586591,-4.0043,-1.3719,8.7736
G,240587468,0.010653,0.006392,-0.001065
A,240589065,-4.0079,-1.3862,8.7700
G,240589964,0.006392,0.007457,0.001065
A,240591546,-4.0079,-1.4042,8.7700
G,240592449,-0.003196,0.006392,0.004261
A,240594020,-4.0079,-1.4078,8.7700
G,240594964,-0.011718,0.001065,0.005326
A,240596481,-3.9971,-1.4078,8.7556
G,240597460,-0.017044,-0.001065,0.005326
TRK,240597,-0.38825,0.22394,-0.01698,-0.89377,-0.5572,0.3244,-0.3783,0.000,0.000,0.000,1,11
A,240598974,-3.9935,-1.4042,8.7412
G,240599955,-0.015979,-0.001065,0.003196
A,240601448,-3.9899,-1.3970,8.7305
G,240602451,-0.010653,0.001065,0.001065
A,240603921,-3.9935,-1.3934,8.7233
G,240604927,-0.004261,0.002131,-0.002131
A,240606395,-4.0007,-1.3970,8.7340
G,240607433,0.002131,0.002131,-0.001065
A,240608850,-4.0079,-1.4006,8.7484
G,240609928,0.007457,0.001065,0.000000
A,240611335,-4.0151,-1.4114,8.7628
G,240612415,0.011718,-0.001065,0.001065
A,240613809,-4.0151,-1.4257,8.7771
TRK,240609,-0.38825,0.22389,-0.01697,-0.89378,-0.5572,0.3244,-0.3783,0.000,0.000,0.000,1,11
G,240614931,0.012783,0.001065,0.005326
A,240616275,-4.0187,-1.4293,8.7771
G,240617427,0.011718,0.003196,0.007457
A,240618764,-4.0259,-1.4293,8.7771
G,240619914,0.010653,0.007457,0.010653
A,240621238,-4.0330,-1.4078,8.7700
G,240622410,0.009587,0.009587,0.007457
A,240623715,-4.0366,-1.3898,8.7592
G,240624886,0.008522,0.010653,0.006392
A,240626189,-4.0402,-1.3647,8.7556
G,240627393,0.007457,0.009587,0.004261
A,240628648,-4.0438,-1.3575,8.7484
G,240629889,0.007457,0.005326,0.003196
A,240631137,-4.0402,-1.3611,8.7412
G,240632376,0.005326,0.002131,0.002131
A,240633611,-4.0438,-1.3719,8.7412
G,240634890,0.004261,-0.001065,0.000000
A,240636079,-4.0330,-1.3827,8.7412
G,240637386,0.002131,-0.001065,-0.002131
A,240638571,-4.0259,-1.3862,8.7448
G,240639874,-0.002131,0.000000,-0.003196
A,240641045,-4.0151,-1.3898,8.7520
TRK,240637,-0.38823,0.22377,-0.01711,-0.89382,-0.5572,0.3244,-0.3783,0.000,0.000,0.000,1,11
G,240642381,-0.006392,0.001065,-0.002131
A,240643506,-4.0115,-1.3934,8.7520
G,240644877,-0.011718,-0.001065,-0.003196
A,240645999,-4.0151,-1.3934,8.7520
G,240647364,-0.013848,-0.003196,-0.005326
A,240648473,-4.0223,-1.4006,8.7520
G,240649873,-0.013848,-0.003196,-0.007457
A,240650938,-4.0259,-1.4006,8.7484
G,240652369,-0.007457,0.001065,-0.004261
A,240653412,-4.0223,-1.4078,8.7484
TRK,240648,-0.38825,0.22375,-0.01705,-0.89382,-0.5572,0.3244,-0.3783,0.000,0.000,0.000,1,11
G,240654886,-0.001065,0.007457,-0.001065
A,240655886,-4.0187,-1.4078,8.7484
G,240657382,0.006392,0.011718,0.002131
A,240658360,-4.0223,-1.4078,8.7376
G,240659871,0.011718,0.010653,0.000000
A,240660807,-4.0187,-1.4042,8.7340
G,240662367,0.015979,0.007457,-0.005326
A,240663294,-4.0223,-1.3862,8.7305
G,240664845,0.017044,0.005326,-0.010653
A,240665768,-4.0187,-1.3755,8.7340
G,240667352,0.015979,0.005326,-0.010653
A,240668235,-4.0259,-1.3719,8.7305
G,240669848,0.012783,0.006392,-0.008522
TRK,240665,-0.38824,0.22373,-0.01707,-0.89382,-0.5572,0.3244,-0.3783,0.000,0.000,0.000,1,11
A,240670732,-4.0223,-1.3611,8.7376
G,240672335,0.008522,0.006392,-0.005326
A,240673206,-4.0294,-1.3719,8.7305
G,240674853,0.002131,0.004261,-0.003196
A,240675685,-4.0294,-1.3791,8.7269
G,240677349,-0.003196,0.003196,-0.002131
A,240678158,-4.0294,-1.3970,8.7269
G,240679847,-0.007457,0.001065,-0.004261
A,240680618,-4.0187,-1.4150,8.7269
G,240682363,-0.007457,0.000000,-0.005326
A,240683097,-4.0115,-1.4222,8.7305
G,240684859,-0.006392,-0.002131,-0.006392
A,240685571,-4.0043,-1.4293,8.7269
G,240687346,-0.004261,-0.001065,-0.004261
A,240688022,-4.0007,-1.4186,8.7233
G,240689857,-0.003196,-0.001065,-0.004261
A,240690497,-4.0043,-1.4114,8.7233
G,240692352,-0.002131,0.000000,-0.001065
A,240692970,-4.0115,-1.4006,8.7305
TRK,240688,-0.38825,0.22372,-0.01705,-0.89382,-0.5572,0.3244,-0.3783,0.000,0.000,0.000,1,11
G,240694849,0.000000,0.000000,0.000000
A,240695433,-4.0187,-1.4006,8.7305
G,240697345,0.002131,0.003196,0.004261
A,240697907,-4.0187,-1.3970,8.7376
G,240699842,0.005326,0.005326,0.008522
A,240700371,-4.0223,-1.4042,8.7376
G,240702338,0.008522,0.007457,0.010653
A,240702857,-4.0223,-1.4078,8.7412
G,240704807,0.013848,0.007457,0.009587
A,240705331,-4.0259,-1.4114,8.7484
G,240707315,0.015979,0.006392,0.007457
A,240707806,-4.0223,-1.4078,8.7556
G,240709810,0.014914,0.003196,0.003196
A,240710280,-4.0223,-1.4114,8.7664
G,240712290,0.010653,0.003196,0.000000
A,240712728,-4.0151,-1.4114,8.7664
G,240714808,0.005326,0.003196,-0.003196
A,240715216,-4.0115,-1.4078,8.7628
G,240717304,0.001065,0.003196,-0.002131
A,240717689,-4.0115,-1.4078,8.7592
TRK,240717,-0.38823,0.22377,-0.01710,-0.89382,-0.5572,0.3244,-0.3783,0.000,0.000,0.000,1,11
G,240719802,-0.002131,0.003196,0.001065
A,240720158,-4.0151,-1.4042,8.7448
G,240722298,-0.005326,0.002131,0.003196
A,240722657,-4.0151,-1.4042,8.7412
G,240724776,-0.009587,0.001065,0.002131
A,240725131,-4.0151,-1.4006,8.7376
G,240727285,-0.011718,0.000000,-0.001065
A,240727611,-4.0115,-1.3970,8.7376
G,240729781,-0.012783,-0.001065,-0.005326
A,240730085,-4.0151,-1.3970,8.7412
G,240732262,-0.009587,-0.003196,-0.005326
A,240732538,-4.0223,-1.3970,8.7448
TRK,240729,-0.38825,0.22381,-0.01703,-0.89380,-0.5572,0.3244,-0.3783,0.000,0.000,0.000,1,11
G,240734761,-0.006392,-0.004261,-0.006392
A,240735010,-4.0259,-1.4078,8.7448
G,240737257,-0.002131,-0.004261,-0.003196
A,240737501,-4.0294,-1.4150,8.7412
G,240739725,0.000000,-0.001065,0.001065
A,240739974,-4.0223,-1.4186,8.7340
G,240742235,0.003196,-0.001065,0.001065
A,240742457,-4.0151,-1.4186,8.7269
G,240744731,0.005326,-0.001065,0.001065
A,240744931,-4.0043,-1.4186,8.7197
G,240747220,0.006392,-0.002131,-0.001065
A,240747395,-3.9935,-1.4150,8.7161
G,240749716,0.007457,0.000000,-0.002131
A,240749889,-3.9935,-1.4114,8.7161
G,240752186,0.005326,0.003196,-0.002131
A,240752363,-3.9899,-1.4042,8.7161
G,240754686,0.001065,0.006392,-0.001065
A,240754838,-4.0007,-1.4006,8.7233
G,240757182,-0.001065,0.007457,0.002131
TRK,240756,-0.38827,0.22384,-0.01692,-0.89379,-0.5572,0.3244,-0.3783,0.000,0.000,0.000,1,11
A,240757336,-4.0043,-1.3862,8.7269
G,240759656,-0.001065,0.009587,0.003196
A,240759810,-4.0115,-1.3755,8.7376
G,240762153,0.000000,0.008522,0.000000
A,240762283,-4.0187,-1.3647,8.7448
G,240764649,0.003196,0.006392,-0.001065
A,240764756,-4.0223,-1.3647,8.7484
G,240767135,0.005326,0.003196,-0.002131
A,240767218,-4.0294,-1.3647,8.7484
G,240769643,0.004261,0.001065,0.000000
A,240769703,-4.0330,-1.3827,8.7484
G,240772139,0.001065,0.002131,0.003196
A,240772177,-4.0330,-1.3898,8.7412
TRK,240767,-0.38827,0.22387,-0.01690,-0.89378,-0.5572,0.3244,-0.3783,0.000,0.000,0.000,1,11
G,240774620,-0.001065,0.002131,0.004261
A,240774636,-4.0259,-1.4042,8.7412
A,240777117,-4.0187,-1.4078,8.7412
G,240777124,-0.002131,0.003196,0.007457
A,240779591,-4.0151,-1.4078,8.7448
G,240779620,0.000000,0.002131,0.004261
A,240782053,-4.0115,-1.4078,8.7520
G,240782104,0.003196,0.003196,0.001065
A,240784527,-4.0115,-1.4114,8.7592
G,240784599,0.005326,0.003196,-0.005326
A,240786992,-4.0079,-1.4078,8.7628
G,240787085,0.005326,0.005326,-0.004261
A,240789466,-4.0043,-1.4078,8.7592
G,240789581,0.004261,0.006392,-0.001065
A,240791919,-4.0007,-1.4042,8.7556
G,240792053,0.003196,0.008522,0.004261
A,240794402,-4.0079,-1.3970,8.7556
G,240794556,0.003196,0.007457,0.005326
A,240796876,-4.0151,-1.3862,8.7484
G,240797052,0.003196,0.006392,0.004261
TRK,240792,-0.38828,0.22389,-0.01685,-0.89377,-0.5572,0.3244,-0.3783,0.000,0.000,0.000,1,11
A,240799341,-4.0223,-1.3791,8.7448
G,240799535,0.002131,0.004261,0.003196
A,240801836,-4.0294,-1.3791,8.7376
G,240802048,0.001065,0.001065,0.004261
A,240804310,-4.0330,-1.3862,8.7305
G,240804544,0.001065,-0.002131,0.002131
A,240806784,-4.0294,-1.3934,8.7269
G,240807058,0.001065,-0.002131,0.000000
A,240809231,-4.0330,-1.4078,8.7233
G,240809553,0.002131,0.000000,-0.005326
TRK,240809,-0.38828,0.22387,-0.01683,-0.89378,-0.5572,0.3244,-0.3783,0.000,0.000,0.000,1,11
A,240811708,-4.0330,-1.4114,8.7305
G,240812046,0.002131,-0.001065,-0.006392
A,240814182,-4.0330,-1.4150,8.7376
G,240814561,-0.001065,-0.003196,-0.007457
A,240816632,-4.0330,-1.4078,8.7448
G,240817057,-0.003196,-0.004261,-0.007457
A,240819122,-4.0259,-1.4006,8.7448
G,240819560,-0.004261,-0.003196,-0.007457
A,240821596,-4.0151,-1.3898,8.7448
G,240822056,-0.004261,-0.004261,-0.007457
A,240824066,-4.0007,-1.3755,8.7376
G,240824539,-0.005326,-0.003196,-0.006392
A,240826540,-3.9899,-1.3683,8.7412
G,240827052,-0.004261,-0.001065,-0.004261
A,240828991,-3.9828,-1.3611,8.7520
G,240829548,-0.003196,0.003196,0.001065
TRK,240829,-0.38830,0.22385,-0.01676,-0.89377,-0.5572,0.3244,-0.3783,0.000,0.000,0.000,1,11
A,240831473,-3.9863,-1.3647,8.7592
G,240832041,-0.001065,0.007457,0.007457
A,240833947,-3.9935,-1.3647,8.7700
G,240834558,0.002131,0.009587,0.007457
A,240836404,-4.0043,-1.3647,8.7700
G,240837054,0.004261,0.009587,0.004261
A,240838899,-4.0079,-1.3647,8.7664
G,240839557,0.004261,0.006392,0.001065
A,240841372,-4.0115,-1.3719,8.7592
G,240842053,0.005326,0.003196,0.001065
A,240843847,-4.0079,-1.3791,8.7484
G,240844536,0.006392,0.002131,0.002131
A,240846321,-4.0151,-1.3934,8.7376
G,240847050,0.007457,0.000000,0.001065
A,240848777,-4.0115,-1.4042,8.7305
G,240849545,0.005326,0.000000,0.000000
A,240851263,-4.0187,-1.4114,8.7305
G,240852039,0.002131,0.000000,0.000000
A,240853737,-4.0259,-1.4114,8.7340
G,240854534,0.000000,0.000000,-0.001065
A,240856205,-4.0330,-1.4114,8.7448
G,240857008,-0.002131,-0.002131,-0.002131
TRK,240853,-0.38828,0.22379,-0.01687,-0.89380,-0.5572,0.3244,-0.3783,0.000,0.000,0.000,1,11
A,240858703,-4.0438,-1.4114,8.7520
G,240859512,-0.002131,-0.003196,-0.004261
A,240861177,-4.0438,-1.4078,8.7664
G,240862008,0.001065,-0.003196,-0.004261
A,240863655,-4.0402,-1.4078,8.7700
G,240864492,0.002131,-0.003196,-0.006392
A,240866129,-4.0259,-1.4042,8.7700
G,240867007,0.000000,-0.003196,-0.006392
A,240868590,-4.0151,-1.4042,8.7700
G,240869502,-0.003196,-0.003196,-0.006392
A,240871063,-4.0043,-1.4042,8.7520
TRK,240865,-0.38828,0.22375,-0.01687,-0.89380,-0.5572,0.3244,-0.3783,0.000,0.000,0.000,1,11
G,240872017,-0.006392,-0.002131,-0.003196
A,240873524,-4.0079,-1.4114,8.7412
G,240874512,-0.008522,0.000000,-0.002131
A,240876012,-4.0079,-1.4042,8.7305
G,240877002,-0.008522,0.004261,0.004261
A,240878486,-4.0151,-1.4042,8.7269
G,240879498,-0.006392,0.007457,0.011718
A,240880958,-4.0151,-1.3898,8.7340
G,240881972,-0.002131,0.008522,0.013848
A,240883461,-4.0187,-1.3827,8.7448
G,240884477,0.003196,0.008522,0.010653
A,240885935,-4.0187,-1.3755,8.7520
G,240886991,0.006392,0.008522,0.004261
A,240888399,-4.0223,-1.3791,8.7592
G,240889487,0.008522,0.009587,0.003196
A,240890887,-4.0259,-1.3898,8.7628
G,240891975,0.008522,0.008522,0.001065
A,240893360,-4.0259,-1.3970,8.7628
G,240894471,0.007457,0.008522,0.003196
TRK,240889,-0.38828,0.22376,-0.01689,-0.89380,-0.5572,0.3244,-0.3783,0.000,0.000,0.000,1,11
A,240895855,-4.0259,-1.4042,8.7556
G,240896966,0.006392,0.005326,0.002131
A,240898329,-4.0187,-1.4078,8.7484
G,240899462,0.004261,0.002131,0.000000
A,240900801,-4.0223,-1.4042,8.7376
G,240901933,0.001065,-0.003196,-0.004261
A,240903275,-4.0187,-1.4042,8.7340
G,240904439,-0.001065,-0.005326,-0.007457
A,240905732,-4.0223,-1.4006,8.7340
G,240906934,-0.002131,-0.006392,-0.006392
A,240908207,-4.0259,-1.4006,8.7305
G,240909407,-0.002131,-0.003196,-0.002131
A,240910693,-4.0259,-1.4006,8.7269
G,240911891,-0.001065,0.000000,-0.001065
A,240913167,-4.0223,-1.4042,8.7233
G,240914397,0.000000,0.003196,-0.002131
A,240915626,-4.0151,-1.4078,8.7197
G,240916893,0.000000,0.003196,-0.003196
A,240918099,-4.0079,-1.4150,8.7197
TRK,240912,-0.38828,0.22372,-0.01691,-0.89381,-0.5572,0.3244,-0.3783,0.000,0.000,0.000,1,11
STAT,404.3,400.8,0,0,0,0.0255,0.425,0.0985,0.1462,-0.0816,9.7255,0.62,0.001
G,240919399,0.000000,0.003196,0.000000
A,240920559,-4.0007,-1.4257,8.7233
G,240921895,0.000000,0.002131,0.003196
A,240923051,-3.9935,-1.4257,8.7269
G,240924381,0.001065,0.001065,0.003196
A,240925524,-3.9899,-1.4293,8.7305
G,240926898,0.002131,0.000000,0.000000
A,240927996,-3.9935,-1.4186,8.7448
G,240929394,0.004261,0.000000,0.000000
A,240930487,-3.9971,-1.4150,8.7520
G,240931878,0.006392,0.000000,-0.001065
A,240932961,-4.0115,-1.4042,8.7556
TRK,240928,-0.38828,0.22371,-0.01690,-0.89382,-0.5572,0.3244,-0.3783,0.000,0.000,0.000,1,11
G,240934385,0.007457,0.002131,-0.001065
A,240935424,-4.0223,-1.3862,8.7556
G,240936881,0.007457,0.002131,-0.003196
A,240937897,-4.0366,-1.3827,8.7520
G,240939377,0.007457,0.002131,-0.002131
A,240940351,-4.0474,-1.3755,8.7484
G,240941873,0.006392,0.002131,-0.003196
A,240942844,-4.0582,-1.3827,8.7448
G,240944357,0.005326,0.004261,-0.003196
A,240945317,-4.0546,-1.3970,8.7412
G,240946874,0.005326,0.006392,-0.004261
A,240947793,-4.0510,-1.4078,8.7305
G,240949369,0.004261,0.005326,-0.005326
A,240950267,-4.0366,-1.4150,8.7269
G,240951858,-0.001065,0.001065,-0.007457
A,240952716,-4.0223,-1.4114,8.7269
G,240954354,-0.006392,-0.003196,-0.009587
TRK,240949,-0.38828,0.22375,-0.01688,-0.89381,-0.5572,0.3244,-0.3783,0.000,0.000,0.000,1,11
A,240955204,-4.0187,-1.4078,8.7305
G,240956831,-0.009587,-0.004261,-0.010653
A,240957678,-4.0151,-1.3970,8.7340
G,240959327,-0.008522,-0.003196,-0.009587
A,240960135,-4.0187,-1.3898,8.7376
G,240961823,-0.005326,-0.002131,-0.007457
A,240962622,-4.0187,-1.3934,8.7412
G,240964298,-0.003196,-0.001065,-0.009587
A,240965096,-4.0115,-1.3862,8.7448
G,240966817,-0.003196,-0.002131,-0.012783
A,240967576,-4.0115,-1.3898,8.7556
G,240969312,-0.003196,-0.003196,-0.014914
A,240970050,-4.0079,-1.3862,8.7592
G,240971810,-0.003196,-0.002131,-0.010653
A,240972511,-4.0079,-1.3862,8.7736
G,240974306,-0.001065,0.000000,-0.004261
A,240974985,-4.0043,-1.3827,8.7700
TRK,240969,-0.38831,0.22380,-0.01675,-0.89379,-0.5572,0.3244,-0.3783,0.000,0.000,0.000,1,11
G,240976804,0.003196,0.003196,-0.001065
A,240977448,-4.0079,-1.3827,8.7736
G,240979300,0.004261,0.004261,0.000000
A,240979933,-4.0043,-1.3755,8.7664
G,240981770,0.003196,0.002131,0.000000
A,240982407,-4.0115,-1.3862,8.7556
G,240984271,0.001065,0.000000,0.001065
A,240984873,-4.0187,-1.3898,8.7484
G,240986767,0.002131,0.000000,0.001065
A,240987347,-4.0259,-1.4078,8.7376
G,240989256,0.003196,0.000000,0.001065
A,240989802,-4.0223,-1.4114,8.7340
G,240991766,0.004261,0.000000,-0.001065
A,240992280,-4.0259,-1.4186,8.7305
G,240994262,0.003196,0.001065,-0.001065
A,240994753,-4.0115,-1.4150,8.7340
TRK,240989,-0.38831,0.22381,-0.01676,-0.89378,-0.5572,0.3244,-0.3783,0.000,0.000,0.000,1,11
G,240996760,0.003196,0.003196,-0.001065
A,240997220,-4.0115,-1.4006,8.7376
G,240999256,0.001065,0.003196,-0.001065
A,240999694,-4.0079,-1.3898,8.7376
G,241001755,-0.002131,0.000000,-0.004261
A,241002163,-4.0079,-1.3755,8.7376
G,241004251,-0.004261,-0.004261,-0.008522
A,241004636,-4.0187,-1.3755,8.7376
G,241006730,-0.006392,-0.005326,-0.010653
A,241007086,-4.0223,-1.3862,8.7412
G,241009240,-0.007457,-0.005326,-0.010653
A,241009566,-4.0259,-1.4006,8.7448
G,241011736,-0.007457,-0.003196,-0.010653
A,241012057,-4.0294,-1.4150,8.7520
G,241014205,-0.005326,-0.001065,-0.009587
A,241014531,-4.0259,-1.4150,8.7520
G,241016692,-0.003196,0.000000,-0.008522
A,241016990,-4.0187,-1.4042,8.7592
G,241019188,0.000000,0.001065,-0.005326
TRK,241013,-0.38832,0.22381,-0.01668,-0.89378,-0.5572,0.3244,-0.3783,0.000,0.000,0.000,1,11
A,241019492,-4.0043,-1.3898,8.7556
G,241021668,0.001065,0.002131,-0.004261
A,241021966,-3.9935,-1.3827,8.7556
G,241024179,0.002131,0.002131,-0.003196
A,241024449,-3.9899,-1.3791,8.7520
G,241026675,0.001065,0.001065,-0.004261
A,241026923,-3.9899,-1.3862,8.7520
G,241029166,0.001065,0.000000,-0.002131
A,241029387,-4.0043,-1.3862,8.7556
TRK,241030,-0.38832,0.22380,-0.01669,-0.89378,-0.5572,0.3244,-0.3783,0.000,0.000,0.000,1,11
G,241031687,0.002131,0.002131,-0.001065
A,241031881,-4.0187,-1.3970,8.7520
G,241034182,0.003196,0.005326,-0.001065
A,241034355,-4.0366,-1.3934,8.7448
G,241036663,0.002131,0.006392,-0.003196
A,241036810,-4.0474,-1.4006,8.7376
G,241039159,0.001065,0.005326,-0.001065
A,241039284,-4.0510,-1.4006,8.7269
G,241041640,0.001065,0.004261,0.000000
A,241041741,-4.0510,-1.3970,8.7233
G,241044135,0.002131,0.003196,0.001065
A,241044214,-4.0438,-1.3970,8.7305
G,241046617,-0.001065,0.000000,0.000000
A,241046673,-4.0402,-1.3898,8.7412
G,241049129,-0.003196,-0.004261,-0.003196
A,241049161,-4.0330,-1.3898,8.7556
G,241051625,-0.005326,-0.005326,-0.006392
A,241051635,-4.0223,-1.3934,8.7556
A,241054094,-4.0151,-1.4078,8.7484
G,241054106,-0.004261,-0.005326,-0.011718
TRK,241055,-0.38831,0.22379,-0.01673,-0.89379,-0.5572,0.3244,-0.3783,0.000,0.000,0.000,1,11
A,241056594,-4.0079,-1.4186,8.7305
G,241056628,-0.003196,-0.003196,-0.012783
A,241059068,-4.0043,-1.4365,8.7161
G,241059124,-0.001065,0.000000,-0.009587
A,241061527,-4.0079,-1.4401,8.7197
G,241061603,0.001065,0.002131,-0.005326
A,241064026,-4.0187,-1.4437,8.7233
G,241064123,0.003196,0.002131,-0.003196
A,241066500,-4.0259,-1.4329,8.7376
G,241066619,0.003196,0.000000,-0.005326
A,241068963,-4.0366,-1.4257,8.7484
G,241069101,0.002131,-0.001065,-0.002131
A,241071466,-4.0366,-1.4150,8.7556
G,241071623,0.001065,-0.001065,0.001065
A,241073940,-4.0366,-1.3970,8.7592
G,241074119,0.001065,0.000000,0.007457
TRK,241070,-0.38831,0.22378,-0.01672,-0.89379,-0.5572,0.3244,-0.3783,0.000,0.000,0.000,1,11
A,241076403,-4.0330,-1.3827,8.7664
G,241076601,0.000000,0.002131,0.009587
A,241078888,-4.0294,-1.3755,8.7664
G,241079103,0.000000,0.003196,0.010653
A,241081361,-4.0223,-1.3719,8.7664
G,241081599,0.000000,0.002131,0.008522
A,241083832,-4.0187,-1.3755,8.7628
G,241084087,0.001065,0.002131,0.005326
A,241086306,-4.0115,-1.3827,8.7556
G,241086610,0.002131,0.001065,0.002131
A,241088762,-4.0043,-1.3970,8.7484
G,241089105,0.001065,0.001065,0.000000
A,241091249,-4.0043,-1.4078,8.7448
G,241091608,-0.001065,-0.001065,-0.003196
A,241093723,-4.0007,-1.4114,8.7412
G,241094103,-0.002131,0.001065,-0.002131
A,241096180,-4.0043,-1.4114,8.7376
G,241096575,-0.001065,0.002131,0.000000
TRK,241092,-0.38831,0.22382,-0.01674,-0.89378,-0.5572,0.3244,-0.3783,0.000,0.000,0.000,1,11
A,241098659,-4.0043,-1.4042,8.7412
G,241099068,0.000000,0.002131,0.001065
A,241101133,-4.0187,-1.3970,8.7412
G,241101563,0.000000,0.003196,0.000000
A,241103592,-4.0223,-1.3898,8.7520
G,241104036,-0.001065,0.005326,-0.001065
A,241106083,-4.0294,-1.3898,8.7484
G,241106540,-0.002131,0.006392,-0.002131
A,241108557,-4.0366,-1.3934,8.7520
G,241109036,-0.003196,0.005326,-0.001065
A,241111028,-4.0366,-1.4006,8.7448
G,241111519,-0.003196,0.002131,0.000000
A,241113502,-4.0294,-1.3970,8.7484
G,241114033,-0.003196,0.000000,0.002131
A,241115954,-4.0223,-1.4006,8.7520
G,241116529,-0.001065,0.000000,0.002131
A,241118430,-4.0115,-1.3934,8.7592
G,241119016,0.001065,0.001065,0.001065
TRK,241119,-0.38831,0.22386,-0.01673,-0.89377,-0.5572,0.3244,-0.3783,0.000,0.000,0.000,1,11
A,241120924,-4.0043,-1.3898,8.7700
G,241121519,0.004261,0.003196,-0.001065
A,241123398,-4.0043,-1.3898,8.7736
G,241124033,0.005326,0.006392,0.000000
A,241125852,-4.0079,-1.3934,8.7736
G,241126529,0.005326,0.006392,0.000000
A,241128337,-4.0079,-1.3934,8.7700
G,241129023,0.006392,0.007457,0.000000
A,241130811,-4.0079,-1.4042,8.7628
G,241131518,0.007457,0.006392,-0.001065
A,241133277,-4.0043,-1.4042,8.7556
G,241133993,0.007457,0.005326,0.001065
TRK,241130,-0.38830,0.22388,-0.01677,-0.89377,-0.5572,0.3244,-0.3783,0.000,0.000,0.000,1,11
A,241135774,-4.0079,-1.4042,8.7484
G,241136497,0.007457,0.005326,0.002131
A,241138248,-4.0043,-1.4042,8.7448
G,241138993,0.005326,0.004261,-0.003196
A,241140725,-4.0079,-1.4078,8.7412
G,241141477,0.003196,0.003196,-0.006392
A,241143199,-4.0079,-1.4078,8.7412
G,241143992,0.002131,0.004261,-0.007457
A,241145658,-4.0079,-1.4150,8.7412
G,241146488,0.002131,0.003196,-0.006392
A,241148134,-4.0079,-1.4150,8.7305
G,241148970,0.001065,0.001065,-0.005326
A,241150634,-4.0079,-1.4150,8.7305
G,241151475,0.000000,-0.003196,-0.006392
A,241153108,-4.0043,-1.4114,8.7233
G,241153970,0.000000,-0.004261,-0.006392
A,241155581,-4.0043,-1.4078,8.7269
G,241156448,0.001065,-0.004261,-0.006392
A,241158055,-3.9971,-1.4042,8.7305
G,241158944,0.003196,-0.001065,-0.006392
TRK,241153,-0.38831,0.22386,-0.01673,-0.89377,-0.5572,0.3244,-0.3783,0.000,0.000,0.000,1,11
A,241160536,-4.0007,-1.4042,8.7305
G,241161429,0.004261,0.002131,-0.006392
A,241163009,-3.9935,-1.4078,8.7412
G,241163945,0.005326,0.003196,-0.005326
A,241165471,-3.9971,-1.3970,8.7412
G,241166440,0.006392,0.007457,-0.002131
A,241167960,-3.9971,-1.3970,8.7412
G,241168932,0.005326,0.009587,0.003196
A,241170450,-4.0043,-1.3934,8.7412
G,241171424,0.004261,0.010653,0.006392
A,241172924,-4.0151,-1.3970,8.7340
G,241173940,0.003196,0.009587,0.005326
A,241175388,-4.0223,-1.3970,8.7305
G,241176436,0.002131,0.008522,0.002131
TRK,241172,-0.38831,0.22381,-0.01673,-0.89378,-0.5572,0.3244,-0.3783,0.000,0.000,0.000,1,11
A,241177882,-4.0294,-1.3934,8.7305
G,241178931,0.001065,0.007457,-0.001065
A,241180356,-4.0330,-1.3898,8.7269
G,241181427,0.001065,0.007457,-0.003196
A,241182830,-4.0294,-1.3862,8.7340
G,241183922,0.002131,0.005326,-0.001065
A,241185275,-4.0330,-1.3898,8.7269
G,241186438,0.001065,0.002131,0.001065
A,241187741,-4.0294,-1.3970,8.7305
G,241188933,0.000000,0.000000,0.001065
A,241190215,-4.0259,-1.3970,8.7340
TRK,241184,-0.38831,0.22381,-0.01673,-0.89378,-0.5572,0.3244,-0.3783,0.000,0.000,0.000,1,11
G,241191439,-0.002131,-0.001065,-0.005326
A,241192673,-4.0187,-1.3970,8.7448
G,241193934,-0.002131,-0.001065,-0.008522
A,241195155,-4.0115,-1.3898,8.7520
G,241196414,0.000000,0.001065,-0.007457
A,241197629,-4.0079,-1.3862,8.7592
G,241198929,0.002131,0.003196,-0.003196
A,241200099,-4.0043,-1.3934,8.7664
G,241201425,0.004261,0.004261,0.001065
A,241202573,-4.0079,-1.3934,8.7628
G,241203941,0.004261,0.003196,0.004261
A,241205043,-4.0151,-1.4006,8.7628
G,241206436,0.003196,0.001065,0.005326
A,241207537,-4.0294,-1.3934,8.7628
G,241208925,0.003196,0.000000,0.003196
A,241210011,-4.0402,-1.3970,8.7556
G,241211420,0.003196,-0.001065,0.000000
TRK,241210,-0.38832,0.22376,-0.01672,-0.89379,-0.5572,0.3244,-0.3783,0.000,0.000,0.000,1,11
A,241212493,-4.0474,-1.3934,8.7556
G,241213896,0.003196,0.001065,0.000000
A,241214967,-4.0438,-1.3934,8.7556
G,241216396,0.003196,0.001065,-0.001065
A,241217423,-4.0402,-1.3934,8.7520
G,241218892,0.003196,0.001065,-0.003196
A,241219917,-4.0294,-1.3970,8.7484
G,241221378,0.004261,0.000000,-0.004261
A,241222391,-4.0223,-1.4006,8.7376
G,241223874,0.004261,0.002131,-0.002131
A,241224886,-4.0151,-1.4006,8.7305
G,241226361,0.002131,0.003196,-0.001065
A,241227359,-4.0115,-1.4006,8.7197
G,241228878,0.001065,0.004261,-0.001065
A,241229834,-4.0151,-1.4006,8.7161
G,241231373,0.000000,0.003196,-0.003196
A,241232331,-4.0187,-1.3970,8.7125
G,241233861,0.001065,0.001065,-0.003196
A,241234805,-4.0187,-1.3934,8.7161
TRK,241234,-0.38832,0.22376,-0.01672,-0.89379,-0.5572,0.3244,-0.3783,0.000,0.000,0.000,1,11
G,241236368,0.002131,0.000000,-0.001065
A,241237271,-4.0259,-1.3898,8.7197
G,241238864,0.004261,0.000000,0.002131
A,241239756,-4.0223,-1.3898,8.7305
G,241241339,0.006392,0.002131,0.002131
A,241242230,-4.0223,-1.3898,8.7305
G,241243845,0.008522,0.002131,0.000000
A,241244696,-4.0151,-1.3862,8.7340
G,241246341,0.008522,0.001065,-0.003196
A,241247170,-4.0007,-1.3791,8.7376
G,241248838,0.006392,0.001065,-0.003196
A,241249629,-4.0007,-1.3683,8.7376
G,241251334,0.003196,0.003196,0.000000
A,241252117,-3.9971,-1.3719,8.7448
G,241253810,0.003196,0.006392,0.004261
A,241254591,-4.0079,-1.3755,8.7448
G,241256308,0.004261,0.008522,0.006392
A,241257051,-4.0151,-1.3898,8.7484
TRK,241253,-0.38830,0.22377,-0.01679,-0.89379,-0.5572,0.3244,-0.3783,0.000,0.000,0.000,1,11
G,241258826,0.005326,0.009587,0.005326
A,241259532,-4.0223,-1.4042,8.7484
G,241261322,0.005326,0.009587,0.003196
A,241262006,-4.0259,-1.4186,8.7484
G,241263819,0.004261,0.009587,0.005326
A,241264468,-4.0259,-1.4293,8.7556
G,241266336,0.003196,0.007457,0.004261
A,241266950,-4.0223,-1.4329,8.7592
G,241268832,0.003196,0.006392,0.005326
A,241269424,-4.0259,-1.4365,8.7664
G,241271339,0.002131,0.005326,0.001065
A,241271897,-4.0223,-1.4222,8.7736
G,241273835,0.001065,0.004261,0.003196
A,241274371,-4.0259,-1.4114,8.7736
TRK,241269,-0.38828,0.22382,-0.01687,-0.89379,-0.5572,0.3244,-0.3783,0.000,0.000,0.000,1,11
G,241276323,0.000000,0.002131,0.003196
A,241276826,-4.0259,-1.3934,8.7736
G,241278819,0.000000,0.002131,0.003196
A,241279312,-4.0294,-1.3827,8.7700
G,241281286,0.002131,0.004261,0.004261
A,241281786,-4.0294,-1.3791,8.7628
G,241283785,0.002131,0.005326,0.001065
A,241284252,-4.0294,-1.3862,8.7592
G,241286281,0.001065,0.003196,-0.001065
A,241286726,-4.0223,-1.3934,8.7520
G,241288759,-0.001065,-0.001065,-0.005326
A,241289174,-4.0187,-1.4006,8.7520
G,241291255,-0.001065,-0.001065,-0.002131
A,241291673,-4.0043,-1.4006,8.7484
G,241293734,0.000000,0.002131,0.001065
A,241294147,-4.0007,-1.4042,8.7448
TRK,241294,-0.38827,0.22384,-0.01689,-0.89379,-0.5572,0.3244,-0.3783,0.000,0.000,0.000,1,11
G,241296244,0.001065,0.006392,0.002131
A,241296626,-4.0007,-1.4042,8.7376
G,241298739,0.003196,0.007457,-0.001065
A,241299100,-4.0079,-1.4042,8.7376
G,241301229,0.006392,0.006392,-0.002131
A,241301560,-4.0151,-1.3970,8.7340
G,241303725,0.008522,0.004261,-0.005326
A,241304034,-4.0223,-1.3934,8.7340
G,241306214,0.008522,0.002131,-0.006392
A,241306495,-4.0223,-1.3862,8.7412
G,241308710,0.005326,0.001065,-0.005326
A,241308969,-4.0259,-1.3862,8.7484
G,241311200,0.002131,0.002131,-0.003196
A,241311432,-4.0223,-1.3862,8.7592
G,241313720,-0.001065,0.005326,0.000000
A,241313926,-4.0294,-1.3934,8.7700
G,241316216,-0.001065,0.007457,0.000000
A,241316399,-4.0294,-1.4042,8.7807
G,241318703,0.000000,0.010653,0.002131
A,241318861,-4.0330,-1.4222,8.7771
G,241321213,0.002131,0.009587,0.002131
A,241321345,-4.0330,-1.4293,8.7771
TRK,241319,-0.38827,0.22386,-0.01691,-0.89378,-0.5572,0.3244,-0.3783,0.000,0.000,0.000,1,11
G,241323733,0.005326,0.008522,0.004261
A,241323841,-4.0294,-1.4329,8.7664
G,241326228,0.006392,0.006392,0.003196
A,241326315,-4.0330,-1.4257,8.7592
G,241328728,0.006392,0.003196,0.002131
A,241328790,-4.0330,-1.4186,8.7484
G,241331224,0.005326,0.001065,0.002131
A,241331264,-4.0330,-1.4006,8.7412
G,241333704,0.003196,-0.001065,0.003196
A,241333721,-4.0294,-1.4006,8.7448
A,241336195,-4.0187,-1.3934,8.7484
G,241336199,0.001065,-0.003196,0.002131
TRK,241330,-0.38826,0.22387,-0.01693,-0.89378,-0.5572,0.3244,-0.3783,0.000,0.000,0.000,1,11
A,241338653,-4.0079,-1.4042,8.7592
G,241338680,0.000000,-0.003196,0.003196
A,241341137,-4.0043,-1.4114,8.7628
G,241341184,0.000000,-0.001065,0.004261
A,241343610,-4.0079,-1.4186,8.7628
G,241343680,0.001065,0.001065,0.003196
A,241346081,-4.0187,-1.4257,8.7520
G,241346171,0.001065,0.001065,-0.001065
A,241348581,-4.0294,-1.4222,8.7376
G,241348691,0.000000,0.001065,-0.005326
A,241351055,-4.0330,-1.4222,8.7305
G,241351187,0.000000,0.000000,-0.009587
A,241353516,-4.0330,-1.4114,8.7269
G,241353667,0.001065,0.000000,-0.011718
A,241355995,-4.0259,-1.4114,8.7269
G,241356166,0.002131,0.000000,-0.010653
A,241358469,-4.0223,-1.4006,8.7340
G,241358662,0.002131,0.000000,-0.009587
TRK,241353,-0.38828,0.22384,-0.01685,-0.89378,-0.5572,0.3244,-0.3783,0.000,0.000,0.000,1,11
A,241360942,-4.0223,-1.3970,8.7305
G,241361152,0.003196,0.001065,-0.004261
A,241363416,-4.0294,-1.3898,8.7305
G,241363648,0.002131,0.002131,0.000000
A,241365870,-4.0330,-1.3898,8.7305
G,241366119,0.001065,0.004261,0.003196
A,241368343,-4.0402,-1.3898,8.7376
G,241368615,0.000000,0.003196,-0.001065
A,241370799,-4.0402,-1.3934,8.7484
G,241371087,-0.001065,0.003196,-0.004261
A,241373273,-4.0402,-1.3970,8.7556
TRK,241372,-0.38829,0.22387,-0.01679,-0.89377,-0.5572,0.3244,-0.3783,0.000,0.000,0.000,1,11
G,241373610,-0.002131,0.004261,-0.004261
A,241375730,-4.0294,-1.3970,8.7520
G,241376105,-0.002131,0.005326,0.000000
A,241378215,-4.0223,-1.4006,8.7556
G,241378605,0.000000,0.003196,0.000000
A,241380688,-4.0115,-1.4006,8.7520
G,241381100,0.000000,0.001065,0.000000
A,241383170,-4.0043,-1.4042,8.7592
G,241383596,-0.001065,-0.001065,-0.004261
A,241385644,-4.0043,-1.4078,8.7592
G,241386091,-0.004261,0.001065,-0.004261
A,241388113,-4.0079,-1.4042,8.7628
G,241388574,-0.003196,0.004261,-0.003196
A,241390606,-4.0115,-1.4006,8.7664
G,241391080,0.000000,0.007457,0.002131
A,241393080,-4.0187,-1.3970,8.7664
G,241393576,0.003196,0.008522,0.003196
TRK,241393,-0.38830,0.22393,-0.01675,-0.89376,-0.5572,0.3244,-0.3783,0.000,0.000,0.000,1,11
A,241395561,-4.0223,-1.3970,8.7664
G,241396068,0.005326,0.008522,0.001065
A,241398035,-4.0187,-1.4006,8.7484
G,241398580,0.005326,0.007457,0.000000
A,241400485,-4.0259,-1.4006,8.7376
G,241401075,0.005326,0.005326,0.001065
A,241402976,-4.0223,-1.3934,8.7233
G,241403577,0.003196,0.002131,0.000000
A,241405450,-4.0294,-1.3898,8.7233
G,241406073,0.001065,0.000000,-0.002131
A,241407923,-4.0330,-1.3791,8.7197
G,241408555,0.000000,0.002131,-0.004261
A,241410397,-4.0402,-1.3791,8.7269
G,241411068,-0.001065,0.002131,-0.005326
A,241412851,-4.0366,-1.3862,8.7305
G,241413564,-0.001065,0.004261,-0.004261
A,241415329,-4.0366,-1.3970,8.7412
G,241416049,-0.002131,0.005326,-0.002131
TRK,241416,-0.38830,0.22398,-0.01673,-0.89374,-0.5572,0.3244,-0.3783,0.000,0.000,0.000,1,11
A,241417824,-4.0330,-1.4042,8.7448
G,241418552,0.000000,0.005326,0.000000
A,241420298,-4.0330,-1.4150,8.7520
G,241421066,0.000000,0.005326,0.000000
A,241422754,-4.0294,-1.4186,8.7628
G,241423561,0.001065,0.006392,0.001065
A,241425228,-4.0187,-1.4222,8.7556
G,241426074,0.003196,0.008522,0.001065
A,241427686,-4.0007,-1.4222,8.7592
G,241428570,0.007457,0.009587,0.000000
A,241430174,-3.9899,-1.4222,8.7376
G,241431063,0.009587,0.006392,-0.002131
A,241432648,-3.8966,-1.5191,8.8274
G,241433559,0.012783,0.006392,-0.002131
TRK,241428,-0.38829,0.22402,-0.01675,-0.89374,-0.5572,0.3244,-0.3783,0.000,0.000,0.000,1,11
A,241435118,-3.7457,-1.9860,8.2995
G,241436032,0.160855,0.127832,-0.017044
A,241437615,-3.5590,-2.8838,7.4412
G,241438533,0.846885,0.546481,-0.078830
A,241440089,-3.3184,-3.8391,6.5505
G,241441029,2.258361,1.185639,-0.145941
A,241442569,-3.1819,-3.5733,7.8470
G,241443512,4.123638,1.765143,-0.134223
A,241445043,-3.6164,-2.6037,7.9799
G,241446008,5.737514,2.332929,-0.108657
A,241447524,-3.8607,-0.8045,10.3286
G,241448492,6.297843,2.813363,-0.108657
A,241449998,-4.5466,0.8224,10.4220
G,241450998,5.755623,3.149987,-0.165116
A,241452452,-4.8518,1.3862,10.1634
G,241453494,4.587029,3.061570,-0.177899
TRK,241453,-0.39631,0.22619,-0.05662,-0.88802,-0.5569,0.3247,-0.3784,0.005,0.012,-0.002,2,11
A,241454945,-4.9955,1.2605,9.4451
G,241455988,3.474892,2.646117,-0.141680
A,241457419,-4.9704,0.8045,8.9316
G,241458484,2.625877,2.116680,-0.086286
A,241459893,-4.8483,0.2370,8.5473
G,241460958,1.911084,1.553155,-0.017044
A,241462385,-4.6220,-0.3160,8.4180
G,241463451,1.276187,1.035437,0.076699
A,241464859,-4.4855,-0.6464,8.3821
G,241465946,0.724380,0.607201,0.209857
A,241467332,-4.3993,-0.8404,8.3498
G,241468420,0.271642,0.282295,0.368581
A,241469827,-4.4424,-0.8080,8.4072
G,241470916,-0.070307,0.043676,0.499609
A,241472301,-4.5574,-0.6823,8.4827
G,241473411,-0.312122,-0.141680,0.562460
A,241474775,-4.6256,-0.6680,8.5688
G,241475885,-0.479369,-0.280165,0.550742
A,241477269,-4.6471,-0.8835,8.7125
G,241478378,-0.591222,-0.360059,0.464455
A,241479742,-4.7082,-1.3755,8.7125
TRK,241475,-0.39611,0.23000,-0.07147,-0.88605,-0.5569,0.3248,-0.3784,0.001,0.004,-0.000,2,11
G,241480895,-0.653007,-0.384560,0.285491
A,241482210,-4.6759,-1.7885,8.7053
G,241483391,-0.674312,-0.380299,0.029827
A,241484684,-4.7692,-1.9034,8.6622
G,241485887,-0.650877,-0.354733,-0.229032
A,241487132,-4.8052,-1.9285,8.6299
G,241488383,-0.598679,-0.303600,-0.414388
A,241489606,-4.7908,-1.6735,8.6335
G,241490880,-0.547546,-0.238619,-0.507066
A,241492057,-4.7549,-1.5155,8.6227
G,241493376,-0.528371,-0.172573,-0.537959
TRK,241492,-0.39607,0.22972,-0.06540,-0.88661,-0.5568,0.3249,-0.3784,0.015,0.013,0.004,2,11
A,241494538,-4.6364,-1.3396,8.6586
G,241495852,-0.535828,-0.104396,-0.533697
A,241497011,-4.4460,-1.1744,8.7017
G,241498352,-0.534763,-0.036219,-0.498544
A,241499467,-4.3239,-0.9409,8.7376
G,241500848,-0.508131,0.022371,-0.441019
A,241501960,-4.1264,-0.8080,8.7736
G,241503336,-0.467651,0.059655,-0.384560
A,241504433,-4.0115,-0.7685,8.7412
G,241505853,-0.422910,0.073503,-0.353668
A,241506907,-3.9002,-0.7721,8.7448
G,241508349,-0.370712,0.073503,-0.354733
A,241509381,-3.7996,-0.5279,8.6838
G,241510846,-0.312122,0.073503,-0.368581
A,241511835,-3.7421,-0.4489,8.7771
G,241513363,-0.274838,0.062851,-0.347276
A,241514310,-3.7888,-0.2550,8.7771
G,241515858,-0.249272,0.045806,-0.291882
TRK,241511,-0.39838,0.23168,-0.06114,-0.88537,-0.5565,0.3252,-0.3783,0.013,0.020,0.003,2,11
A,241516806,-3.8930,-0.2155,8.8166
G,241518345,-0.224771,0.020240,-0.226901
A,241519280,-4.0725,-0.3304,8.8238
G,241520863,-0.180030,0.008522,-0.202400
A,241521757,-4.2413,-0.4633,8.7628
G,241523358,-0.129962,0.014914,-0.215183
A,241524230,-4.3922,-0.5674,8.6802
G,241525856,-0.074569,0.027697,-0.254598
A,241526689,-4.4137,-0.6500,8.6084
G,241528352,-0.018109,0.040480,-0.306796
A,241529177,-4.5861,-0.5962,8.5186
G,241530829,0.029827,0.042611,-0.361125
A,241531651,-4.6184,-0.6428,8.4503
G,241533332,0.061785,0.038350,-0.389887
A,241534116,-4.7764,-0.6680,8.3498
G,241535828,0.080960,0.031958,-0.383495
TRK,241535,-0.40135,0.23274,-0.05933,-0.88387,-0.5563,0.3257,-0.3782,0.006,0.018,0.001,2,11
A,241536615,-4.7190,-0.8152,8.3965
G,241538315,0.094809,0.027697,-0.356864
A,241539089,-4.6471,-0.9409,8.4539
G,241540821,0.111853,0.025566,-0.338754
A,241541557,-4.3814,-1.1169,8.5796
G,241543316,0.137419,0.022371,-0.346211
A,241544031,-4.2737,-1.1672,8.6802
G,241545814,0.171508,0.018109,-0.376038
A,241546493,-4.1875,-1.1815,8.6838
G,241548310,0.211988,0.025566,-0.407996
A,241548985,-4.2557,-1.0953,8.7017
G,241550788,0.246076,0.045806,-0.416518
A,241551459,-4.2844,-1.0020,8.6479
G,241553296,0.278034,0.072438,-0.394148
A,241553932,-4.4784,-0.8511,8.6299
G,241555792,0.313188,0.085221,-0.377104
A,241556429,-4.4209,-0.8475,8.5940
G,241558274,0.353668,0.084156,-0.384560
A,241558903,-4.5897,-0.8152,8.5186
TRK,241558,-0.40560,0.23245,-0.06064,-0.88192,-0.5561,0.3262,-0.3782,0.009,0.022,0.001,2,11
G,241560773,0.383495,0.075634,-0.422910
A,241561367,-4.7046,-0.7326,8.4467
G,241563268,0.385626,0.069242,-0.453803
A,241563862,-4.8303,-0.6608,8.3965
G,241565747,0.364320,0.067112,-0.451672
A,241566336,-5.0099,-0.5100,8.3606
G,241568257,0.338754,0.069242,-0.410127
A,241568811,-5.0853,-0.4094,8.3534
G,241570752,0.324906,0.075634,-0.343015
A,241571285,-5.1176,-0.4633,8.3570
G,241573242,0.331297,0.079895,-0.291882
A,241573742,-5.1392,-0.4597,8.2851
TRK,241566,-0.40736,0.23221,-0.06159,-0.88110,-0.5561,0.3263,-0.3782,0.010,0.019,0.001,2,11
G,241575761,0.351537,0.089482,-0.268447
A,241576229,-5.0637,-0.5207,8.3103
G,241578257,0.368581,0.103331,-0.257794
A,241578703,-5.0027,-0.5423,8.2995
G,241580756,0.378169,0.121440,-0.252468
A,241581171,-4.8375,-0.5028,8.3893
G,241583251,0.383495,0.139550,-0.252468
A,241583664,-4.7477,-0.3555,8.4755
G,241585725,0.383495,0.151268,-0.263120
A,241586138,-4.6148,-0.2298,8.5581
G,241588222,0.370712,0.159790,-0.254598
A,241588605,-4.5538,0.0000,8.6263
G,241590742,0.340885,0.159790,-0.213053
A,241591095,-4.5035,0.0575,8.6658
G,241593238,0.312122,0.156594,-0.148072
A,241593569,-4.4209,0.0611,8.7017
G,241595737,0.285491,0.143811,-0.093743
A,241596040,-4.4029,-0.0359,8.7233
G,241598233,0.252468,0.120375,-0.066046
A,241598514,-4.3670,-0.1580,8.7376
TRK,241593,-0.41161,0.23187,-0.06565,-0.87892,-0.5558,0.3266,-0.3782,0.007,0.003,0.001,2,11
G,241600732,0.194943,0.088417,-0.055394
A,241600986,-4.3311,-0.2155,8.7556
G,241603228,0.118244,0.047937,-0.052198
A,241603479,-4.2665,-0.2622,8.7915
G,241605699,0.047937,0.010653,-0.044741
A,241605953,-4.2054,-0.3053,8.7987
G,241608209,-0.002131,-0.027697,-0.036219
A,241608436,-4.1803,-0.4130,8.7987
G,241610705,-0.042611,-0.066046,-0.028762
A,241610910,-4.1480,-0.5926,8.7951
G,241613182,-0.082025,-0.109722,-0.036219
A,241613362,-4.0438,-0.8906,8.8382
TRK,241609,-0.41224,0.23179,-0.06662,-0.87858,-0.5557,0.3266,-0.3782,-0.002,0.001,0.001,2,11
G,241615683,-0.120375,-0.157659,-0.075634
A,241615837,-4.0833,-1.0953,8.8095
G,241618179,-0.149137,-0.204531,-0.149137
A,241618310,-4.0187,-1.2103,8.8346
G,241620679,-0.174703,-0.248207,-0.220510
A,241620786,-4.1264,-1.2498,8.7628
G,241623175,-0.202400,-0.286556,-0.271642
A,241623260,-4.3455,-1.0846,8.6658
G,241625647,-0.242880,-0.319579,-0.288687
A,241625709,-4.4317,-0.9553,8.6299
G,241628158,-0.290817,-0.344080,-0.286556
A,241628197,-4.5610,-0.8224,8.5724
G,241630654,-0.343015,-0.364320,-0.271642
A,241630670,-4.6292,-0.6464,8.5617
A,241633119,-4.6543,-0.5387,8.5473
G,241633125,-0.388821,-0.378169,-0.248207
A,241635587,-4.7118,-0.4166,8.5329
G,241635615,-0.423975,-0.388821,-0.223706
A,241638066,-4.7262,-0.5064,8.5581
G,241638115,-0.448476,-0.389887,-0.185356
TRK,241635,-0.41402,0.23012,-0.06191,-0.87852,-0.5558,0.3268,-0.3781,-0.001,0.006,0.001,2,11
A,241640567,-4.6507,-0.7111,8.6048
G,241640637,-0.461259,-0.367516,-0.127832
A,241643041,-4.5143,-1.0271,8.6802
G,241643133,-0.456998,-0.305731,-0.039415
A,241645522,-4.3742,-1.2749,8.7340
G,241645634,-0.417584,-0.196009,0.063916
A,241647996,-4.2916,-1.3144,8.7412
G,241648130,-0.337689,-0.058590,0.152333
A,241650458,-4.2808,-1.1492,8.7089
G,241650612,-0.235423,0.067112,0.191748
TRK,241651,-0.41336,0.22995,-0.05867,-0.87910,-0.5558,0.3268,-0.3781,0.001,0.007,0.003,2,11
A,241652951,-4.3419,-0.8942,8.6371
G,241653124,-0.148072,0.143811,0.177899
A,241655425,-4.3958,-0.6141,8.5760
G,241655619,-0.102265,0.154463,0.127832
A,241657879,-4.4388,-0.4274,8.5186
G,241658091,-0.099070,0.110787,0.067112
A,241660363,-4.4137,-0.3879,8.5042
G,241660593,-0.123571,0.035154,0.017044
A,241662837,-4.2844,-0.5207,8.5545
G,241663089,-0.151268,-0.043676,-0.019175
A,241665303,-4.2018,-0.7757,8.6084
G,241665572,-0.159790,-0.101200,-0.051133
A,241667799,-3.9073,-1.0415,8.7340
G,241668085,-0.138484,-0.120375,-0.072438
A,241670273,-3.9684,-1.1744,8.7556
G,241670607,-0.085221,-0.102265,-0.086286
A,241672730,-3.8678,-1.1887,8.8310
G,241673103,-0.006392,-0.059655,-0.087352
A,241675217,-4.1623,-1.0594,8.7448
G,241675605,0.076699,-0.015979,-0.087352
A,241677691,-4.5358,-0.7111,8.6407
G,241678101,0.133158,0.019175,-0.082025
TRK,241673,-0.41297,0.23046,-0.05756,-0.87922,-0.5558,0.3270,-0.3781,-0.003,0.009,0.001,2,11
A,241680159,-4.8662,-0.5171,8.5258
G,241680583,0.139550,0.041545,-0.051133
A,241682651,-5.0817,-0.3915,8.4216
G,241683087,0.093743,0.051133,0.008522
A,241685124,-4.8123,-0.8045,8.5293
G,241685583,0.031958,0.051133,0.068177
A,241687604,-4.4640,-1.3791,8.6514
G,241688076,0.006392,0.047937,0.059655
A,241690078,-4.0546,-2.0327,8.8023
G,241690595,0.044741,0.051133,-0.054328
A,241692535,-3.7781,-2.3056,8.8741
G,241693091,0.122505,0.063916,-0.242880
TRK,241689,-0.41318,0.23042,-0.05815,-0.87909,-0.5558,0.3271,-0.3781,0.001,0.009,0.002,2,11
A,241695027,-3.8427,-2.1943,8.8346
G,241695593,0.183225,0.075634,-0.431432
A,241697501,-3.9325,-1.6520,8.7915
G,241698089,0.192813,0.067112,-0.552872
A,241699963,-4.2126,-1.2246,8.6622
G,241700561,0.156594,0.033023,-0.579504
A,241702436,-4.4065,-0.7434,8.6658
G,241703071,0.092678,-0.010653,-0.525175
A,241704887,-4.5035,-0.8547,8.6191
G,241705567,0.013848,-0.044741,-0.422910
A,241707361,-4.5969,-0.9481,8.6155
G,241708080,-0.067112,-0.061785,-0.339819
A,241709816,-4.4891,-1.4293,8.6514
G,241710575,-0.132093,-0.057524,-0.308927
A,241712302,-4.3922,-1.8998,8.7197
G,241713068,-0.178964,-0.040480,-0.344080
A,241714775,-4.3778,-2.2769,8.6874
G,241715564,-0.205596,-0.015979,-0.430367
A,241717242,-4.5969,-2.4888,8.6874
G,241718037,-0.224771,0.004261,-0.551807
TRK,241718,-0.41839,0.23082,-0.05677,-0.87661,-0.5557,0.3276,-0.3780,0.014,0.025,0.004,2,11
A,241719740,-4.6831,-2.6037,8.5653
G,241720540,-0.268447,0.027697,-0.648746
A,241722213,-4.8554,-1.9429,8.4108
G,241723053,-0.372843,0.045806,-0.681769
A,241724671,-4.5394,-1.4760,8.4862
G,241725549,-0.563525,0.025566,-0.604005
A,241727145,-3.9971,-0.8440,8.5832
G,241728055,-0.746750,-0.059655,-0.472977
A,241729597,-3.6524,-0.5171,8.8777
G,241730551,-0.837298,-0.190682,-0.357929
A,241732076,-3.3435,-0.6321,9.0609
G,241733032,-0.820254,-0.327036,-0.319579
TRK,241729,-0.42061,0.23230,-0.05282,-0.87540,-0.5554,0.3279,-0.3779,0.018,0.029,0.004,2,11
A,241734576,-3.2429,-0.9589,9.1830
G,241735536,-0.795752,-0.443150,-0.355798
A,241737050,-3.0921,-1.2677,9.0932
G,241738032,-0.833037,-0.549676,-0.442085
A,241739531,-3.1999,-1.4078,9.1327
G,241740515,-0.919323,-0.661529,-0.569916
A,241742005,-3.2825,-1.3719,8.9136
G,241743022,-1.004544,-0.773382,-0.684965
A,241744460,-3.6919,-1.0882,8.8526
G,241745518,-1.103614,-0.892692,-0.735032
A,241746953,-4.0043,-0.7685,8.6874
G,241748012,-1.236772,-1.010936,-0.705205
A,241749427,-4.2198,-0.3591,8.6802
G,241750507,-1.410410,-1.140898,-0.644485
A,241751896,-4.4173,-0.1077,8.6227
G,241752977,-1.574461,-1.255947,-0.570982
A,241754370,-4.4891,0.1832,8.7448
TRK,241753,-0.42367,0.22998,-0.03707,-0.87535,-0.5552,0.3289,-0.3779,0.001,0.036,0.002,2,11
G,241755481,-1.710815,-1.342233,-0.477238
A,241756825,-4.5969,0.3304,8.8669
G,241757977,-1.796036,-1.390170,-0.355798
A,241759303,-4.3167,0.4525,8.9244
G,241760455,-1.800297,-1.398692,-0.242880
A,241761777,-4.1228,0.6572,9.0644
G,241762970,-1.685248,-1.353951,-0.192813
A,241764244,-3.7924,0.8296,9.0178
G,241765466,-1.457282,-1.242098,-0.197074
A,241766741,-3.7242,0.9912,8.9639
G,241767960,-1.150486,-1.078048,-0.222640
A,241769215,-3.7709,0.9768,8.7305
G,241770456,-0.796818,-0.899083,-0.229032
A,241771692,-4.0223,0.7901,8.5724
G,241772930,-0.431432,-0.744620,-0.210922
A,241774165,-4.3419,0.4274,8.3857
G,241775425,-0.095874,-0.632767,-0.156594
TRK,241769,-0.42310,0.22601,-0.02052,-0.87720,-0.5553,0.3293,-0.3778,-0.024,0.018,-0.000,2,11
A,241776644,-4.6974,-0.0108,8.2995
G,241777901,0.183225,-0.548611,-0.063916
A,241779118,-5.0817,-0.6033,8.3354
G,241780398,0.403735,-0.454868,0.060720
A,241781569,-5.2972,-1.2067,8.3067
G,241782894,0.564590,-0.337689,0.184291
A,241784052,-5.4696,-1.7849,8.3570
G,241785372,0.651942,-0.210922,0.281230
A,241786545,-5.4229,-2.2877,8.3570
G,241787861,0.649811,-0.102265,0.348341
A,241789018,-5.3008,-2.6252,8.3713
G,241790356,0.569916,-0.024501,0.376038
TRK,241785,-0.42341,0.22213,-0.02039,-0.87805,-0.5558,0.3294,-0.3779,-0.028,-0.003,-0.003,2,11
A,241791500,-5.0386,-2.8515,8.4324
G,241792833,0.442085,0.020240,0.364320
A,241793974,-4.7764,-3.0059,8.4934
G,241795341,0.297209,0.033023,0.307861
A,241796437,-4.5107,-2.9054,8.5617
G,241797836,0.149137,0.013848,0.216249
A,241798930,-4.2808,-2.6863,8.6443
G,241800324,0.007457,-0.026632,0.110787
A,241801404,-4.0977,-2.2733,8.7233
G,241802842,-0.109722,-0.071373,0.015979
A,241803878,-3.9648,-1.8387,8.7915
G,241805338,-0.189617,-0.100135,-0.043676
A,241806352,-3.8858,-1.5083,8.8310
G,241807835,-0.234358,-0.115049,-0.074569
A,241808807,-3.8499,-1.3360,8.8346
G,241810352,-0.254598,-0.118244,-0.075634
A,241811283,-3.8427,-1.2821,8.8166
G,241812848,-0.255663,-0.115049,-0.061785
A,241813757,-3.8535,-1.3216,8.7843
TRK,241808,-0.42207,0.22083,-0.02234,-0.87897,-0.5560,0.3293,-0.3779,-0.002,-0.000,0.003,2,11
G,241815355,-0.236489,-0.100135,-0.037284
A,241816224,-3.8678,-1.3862,8.7484
G,241817851,-0.193878,-0.076699,-0.014914
A,241818712,-3.8930,-1.4688,8.7161
G,241820328,-0.134223,-0.049002,0.002131
A,241821186,-3.9073,-1.5227,8.6981
G,241822846,-0.063916,-0.022371,0.010653
A,241823664,-3.9253,-1.5550,8.6945
G,241825342,0.008522,0.002131,0.009587
A,241826138,-3.9325,-1.5550,8.7053
G,241827839,0.076699,0.022371,0.003196
A,241828598,-3.9361,-1.5263,8.7233
G,241830335,0.127832,0.039415,-0.001065
A,241831088,-3.9325,-1.4868,8.7628
G,241832812,0.153398,0.046872,0.000000
A,241833562,-3.9289,-1.4473,8.8059
G,241835309,0.145941,0.042611,0.002131
A,241836022,-3.9253,-1.4150,8.8490
G,241837805,0.107592,0.028762,0.003196
A,241838496,-3.9289,-1.3898,8.8777
TRK,241832,-0.42203,0.22081,-0.02122,-0.87903,-0.5561,0.3293,-0.3778,-0.003,0.001,0.002,2,11
G,241840293,0.051133,0.010653,0.003196
A,241840948,-3.9325,-1.3827,8.8813
G,241842799,-0.014914,-0.006392,0.006392
A,241843419,-3.9433,-1.3862,8.8597
G,241845295,-0.074569,-0.022371,0.008522
A,241845913,-3.9576,-1.3898,8.8310
G,241847774,-0.120375,-0.035154,0.010653
A,241848387,-3.9648,-1.4114,8.7879
G,241850282,-0.142745,-0.044741,0.008522
A,241850862,-3.9684,-1.4329,8.7556
G,241852778,-0.140615,-0.046872,0.001065
A,241853335,-3.9648,-1.4581,8.7269
TRK,241848,-0.42200,0.22077,-0.02133,-0.87905,-0.5562,0.3293,-0.3778,-0.004,0.001,0.002,2,11
G,241855267,-0.118244,-0.044741,-0.008522
A,241855791,-3.9433,-1.4868,8.7161
G,241857778,-0.082025,-0.036219,-0.015979
A,241858270,-3.9289,-1.5119,8.7125
G,241860274,-0.040480,-0.022371,-0.014914
A,241860744,-3.9145,-1.5299,8.7305
G,241862773,0.000000,-0.008522,-0.010653
A,241863212,-3.9037,-1.5407,8.7520
G,241865269,0.033023,0.005326,0.000000
A,241865685,-3.9109,-1.5407,8.7771
G,241867768,0.057524,0.017044,0.011718
A,241868154,-3.9253,-1.5299,8.7915
G,241870263,0.070307,0.026632,0.021305
A,241870628,-3.9468,-1.5048,8.7951
G,241872742,0.071373,0.028762,0.022371
A,241873077,-3.9684,-1.4724,8.7879
G,241875243,0.061785,0.027697,0.018109
A,241875550,-3.9899,-1.4401,8.7843
G,241877739,0.047937,0.022371,0.014914
A,241878023,-4.0115,-1.4078,8.7771
TRK,241873,-0.42189,0.22077,-0.02092,-0.87911,-0.5562,0.3294,-0.3777,-0.003,0.001,0.002,2,11
G,241880228,0.029827,0.013848,0.008522
A,241880485,-4.0223,-1.3862,8.7843
G,241882735,0.010653,0.002131,-0.001065
A,241882965,-4.0259,-1.3755,8.7843
G,241885231,-0.008522,-0.011718,-0.013848
A,241885438,-4.0151,-1.3791,8.7915
G,241887731,-0.027697,-0.024501,-0.022371
A,241887912,-3.9935,-1.3970,8.7951
G,241890226,-0.046872,-0.036219,-0.027697
A,241890386,-3.9684,-1.4186,8.7987
G,241892706,-0.066046,-0.042611,-0.028762
A,241892841,-3.9397,-1.4401,8.8023
G,241895216,-0.080960,-0.045806,-0.027697
A,241895326,-3.9181,-1.4617,8.8023
TRK,241893,-0.42193,0.22070,-0.02086,-0.87911,-0.5563,0.3294,-0.3777,-0.003,0.000,0.003,2,11
G,241897736,-0.090547,-0.044741,-0.024501
A,241897822,-3.9002,-1.4796,8.7987
G,241900232,-0.088417,-0.038350,-0.019175
A,241900296,-3.8858,-1.5012,8.7915
G,241902731,-0.076699,-0.028762,-0.009587
A,241902772,-3.8750,-1.5191,8.7771
G,241905250,-0.053263,-0.018109,0.000000
A,241905268,-3.8750,-1.5263,8.7592
A,241907742,-3.8858,-1.5263,8.7376
G,241907746,-0.021305,-0.006392,0.007457
A,241910229,-3.9002,-1.5155,8.7305
G,241910255,0.012783,0.006392,0.010653
A,241912703,-3.9181,-1.5012,8.7305
G,241912751,0.044741,0.019175,0.013848
A,241915161,-3.9325,-1.4868,8.7412
G,241915230,0.069242,0.028762,0.011718
TRK,241916,-0.42188,0.22069,-0.02044,-0.87914,-0.5564,0.3294,-0.3776,-0.003,0.001,0.002,2,11
STAT,404.3,400.8,0,0,0,0.0828,4.823,0.0959,0.1426,-0.0817,9.7268,0.62,0.001
A,241917660,-3.9433,-1.4724,8.7556
G,241917750,0.080960,0.035154,0.010653
A,241920134,-3.9504,-1.4617,8.7700
G,241920246,0.078830,0.036219,0.011718
A,241922603,-3.9504,-1.4473,8.7843
G,241922734,0.061785,0.030893,0.012783
A,241925076,-3.9540,-1.4437,8.7951
G,241925230,0.036219,0.018109,0.009587
A,241927537,-3.9540,-1.4365,8.8023
G,241927710,0.007457,0.003196,0.004261
A,241930011,-3.9576,-1.4401,8.8023
G,241930205,-0.018109,-0.007457,0.003196
A,241932469,-3.9576,-1.4437,8.8059
G,241932681,-0.034088,-0.014914,0.003196
TRK,241929,-0.42188,0.22068,-0.02077,-0.87914,-0.5564,0.3294,-0.3776,-0.003,0.001,0.003,2,11
A,241934962,-3.9540,-1.4437,8.8274
G,241935192,-0.043676,-0.019175,0.001065
A,241937436,-3.9863,-1.4006,8.8238
G,241937687,-0.046872,-0.020240,-0.006392
A,241939900,-3.9899,-1.3539,8.9100
G,241940168,-0.054328,-0.001065,-0.024501
A,241942373,-4.0115,-1.3144,8.8921
G,241942664,-0.106526,0.005326,-0.052198
A,241944827,-4.0151,-1.3001,8.9028
G,241945133,-0.237554,-0.035154,-0.072438
A,241947312,-3.8678,-1.3324,8.7197
G,241947635,-0.430367,-0.131028,-0.077764
A,241949786,-3.2358,-1.2210,8.7915
G,241950131,-0.616788,-0.276969,-0.060720
A,241952253,-2.4888,-0.9409,8.8490
G,241952612,-0.675378,-0.435693,-0.040480
A,241954726,-1.6340,-0.4920,9.1542
G,241955108,-0.488956,-0.556068,-0.041545
TRK,241949,-0.42176,0.22095,-0.01869,-0.87918,-0.5565,0.3294,-0.3775,-0.006,0.001,0.003,2,11
A,241957194,-1.1097,0.0323,9.4236
G,241957590,-0.038350,-0.563525,-0.057524
A,241959692,-1.3575,0.1724,9.4272
G,241960102,0.521980,-0.466586,-0.055394
A,241962166,-2.7653,-1.1959,9.0357
G,241962598,0.895887,-0.389887,-0.003196
A,241964645,-4.5610,-3.2681,8.4001
G,241965090,0.805340,-0.483630,0.083091
A,241967119,-6.9097,-5.9472,7.6818
G,241967613,0.119310,-0.807470,0.131028
A,241969579,-8.5509,-7.5417,7.3083
G,241970108,-1.050351,-1.290035,0.074569
A,241972063,-9.1004,-7.2042,7.2760
G,241972604,-2.344647,-1.736381,-0.103331
A,241974537,-8.7879,-5.9795,7.5166
G,241975100,-3.320429,-1.976065,-0.354733
TRK,241974,-0.42081,0.21429,-0.00786,-0.88144,-0.5567,0.3297,-0.3775,0.042,0.011,0.009,2,11
A,241977008,-7.4915,-3.4836,7.9763
G,241977582,-3.671966,-1.862082,-0.615723
A,241979506,-6.1411,-1.9537,8.2420
G,241980090,-3.363039,-1.437042,-0.851146
A,241981980,-4.7405,-0.7614,8.5760
G,241982586,-2.620550,-0.828776,-1.017327
A,241984463,-3.6955,-0.5531,8.7448
G,241985079,-1.744903,-0.233293,-1.082309
A,241986937,-3.0993,-1.1923,8.6945
G,241987574,-1.003479,0.237554,-1.030111
A,241989419,-2.7330,-2.2769,9.0034
G,241990066,-0.560329,0.551807,-0.898018
A,241991893,-2.5857,-3.3435,8.8633
TRK,241987,-0.42255,0.21624,0.00919,-0.88012,-0.5561,0.3297,-0.3774,0.051,-0.005,0.010,2,11
G,241992589,-0.471912,0.705205,-0.746750
A,241994357,-2.7294,-3.8499,9.3984
G,241995085,-0.664725,0.720119,-0.628506
A,241996845,-3.0634,-4.1839,9.1435
G,241997580,-1.030111,0.607201,-0.521980
A,241999319,-3.7745,-4.3132,8.9567
G,242000076,-1.474326,0.427171,-0.399474
A,242001795,-4.4999,-4.4460,8.5760
G,242002559,-1.906823,0.294013,-0.274838
A,242004269,-5.1320,-4.8375,8.0517
G,242005072,-2.188053,0.305731,-0.245011
A,242006726,-5.3295,-4.8267,7.7536
G,242007567,-2.263687,0.477238,-0.333428
A,242009213,-5.1858,-4.5286,8.0158
G,242010060,-2.205097,0.722249,-0.512392
A,242011687,-4.8590,-4.0689,7.8470
G,242012556,-2.158226,0.919323,-0.689226
TRK,242007,-0.42411,0.22626,0.01973,-0.87667,-0.5549,0.3299,-0.3771,0.081,0.019,0.018,2,11
A,242014176,-4.0941,-3.2860,8.4324
G,242015049,-2.240251,0.980043,-0.809601
A,242016649,-3.4692,-2.5247,8.6550
G,242017545,-2.411759,0.894822,-0.873517
A,242019119,-2.6719,-2.0327,8.9854
G,242020018,-2.580070,0.735032,-0.873517
A,242021592,-2.2877,-1.6987,9.0788
G,242022522,-2.610963,0.592287,-0.851146
A,242024043,-1.9968,-1.5802,9.1004
G,242025018,-2.492719,0.524110,-0.811731
A,242026524,-2.1009,-1.6556,9.0393
G,242027502,-2.265817,0.524110,-0.792557
A,242028998,-2.1189,-1.8639,9.0357
G,242030006,-2.019741,0.556068,-0.788296
A,242031451,-2.2948,-1.9609,9.0573
G,242032502,-1.812015,0.579504,-0.803209
TRK,242032,-0.42613,0.24566,0.04316,-0.86960,-0.5528,0.3305,-0.3767,0.072,0.032,0.014,2,11
A,242033944,-2.1907,-2.3272,9.0321
G,242034996,-1.665008,0.583765,-0.825580
A,242036418,-2.2158,-2.4241,9.0465
G,242037512,-1.558482,0.566721,-0.862864
A,242038883,-2.1153,-2.5857,9.0357
G,242040007,-1.475391,0.546481,-0.895887
A,242041357,-1.9609,-2.3128,9.3158
G,242042512,-1.397627,0.531567,-0.938498
A,242043812,-2.1225,-1.4545,9.3518
G,242045007,-1.274056,0.499609,-0.986435
A,242046298,-2.1691,0.0108,9.7181
G,242047491,-1.144094,0.388821,-0.951281
A,242048772,-2.5031,1.5083,9.7217
G,242049995,-0.992826,0.201335,-0.776578
A,242051228,-2.8443,2.6181,9.7181
G,242052491,-0.824515,-0.004261,-0.478304
TRK,242051,-0.43035,0.25435,0.05470,-0.86436,-0.5517,0.3313,-0.3765,0.018,0.033,0.005,2,11
A,242053716,-3.3615,2.7689,9.5313
G,242054976,-0.573112,-0.137419,-0.198139
A,242056190,-3.7781,1.9285,9.2476
G,242057471,-0.260990,-0.170442,-0.023436
A,242058668,-4.1444,0.6752,8.9136
G,242059946,0.066046,-0.115049,0.044741
A,242061142,-4.3275,-0.7147,8.6694
G,242062448,0.372843,-0.002131,0.054328
A,242063598,-4.2916,-1.8064,8.4898
G,242064944,0.642354,0.133158,0.035154
A,242066088,-4.2162,-2.5786,8.4180
G,242067429,0.863929,0.254598,0.011718
A,242068562,-3.9828,-2.7330,8.4396
G,242069936,1.035437,0.346211,-0.006392
A,242071025,-4.0905,-2.9449,8.4503
G,242072432,1.151551,0.401605,-0.023436
A,242073499,-4.2162,-2.6683,8.4898
TRK,242068,-0.43077,0.25370,0.05356,-0.86441,-0.5519,0.3315,-0.3765,-0.017,0.002,-0.002,2,11
G,242074928,1.148355,0.400539,-0.072438
A,242075951,-4.5394,-2.8371,8.3929
G,242077423,0.975782,0.314253,-0.169377
A,242078425,-4.7333,-2.5786,8.4216
G,242079919,0.665790,0.165116,-0.302535
A,242080878,-4.6436,-2.3918,8.4360
G,242082415,0.376038,0.021305,-0.438889
A,242083355,-4.2772,-2.1907,8.5365
G,242084883,0.224771,-0.068177,-0.549676
A,242085829,-3.9109,-2.1476,8.6048
G,242087389,0.221575,-0.102265,-0.617853
A,242088295,-3.6811,-2.3200,8.5545
G,242089885,0.284426,-0.110787,-0.638093
A,242090787,-3.7637,-2.8838,8.3606
G,242092368,0.347276,-0.095874,-0.628506
A,242093261,-3.9540,-3.3758,8.1774
G,242094871,0.386691,-0.059655,-0.622114
A,242095725,-4.1803,-3.6883,8.0481
G,242097367,0.413323,-0.001065,-0.644485
TRK,242092,-0.43656,0.25138,0.04705,-0.86256,-0.5523,0.3313,-0.3765,-0.018,-0.010,-0.001,2,11
A,242098213,-4.3024,-3.8176,8.0194
G,242099844,0.431432,0.064981,-0.693487
A,242100686,-4.2952,-3.7457,8.0912
G,242102351,0.449542,0.129962,-0.748881
A,242103155,-4.2126,-3.5123,8.1882
G,242104847,0.468716,0.186421,-0.790426
A,242105629,-4.0474,-3.2968,8.3282
G,242107334,0.479369,0.223706,-0.805340
A,242108078,-3.9002,-3.1280,8.4288
G,242109852,0.459129,0.227967,-0.785100
A,242110559,-3.7816,-2.9844,8.5042
G,242112347,0.403735,0.196009,-0.740359
A,242113050,-3.6847,-2.9233,8.5581
G,242114825,0.338754,0.151268,-0.689226
A,242115524,-3.6380,-2.9556,8.5401
G,242117324,0.296144,0.122505,-0.646616
A,242117987,-3.6380,-2.9844,8.5114
G,242119819,0.281230,0.111853,-0.618919
A,242120486,-3.6559,-3.0275,8.4647
G,242122304,0.284426,0.110787,-0.597613
A,242122960,-3.6775,-3.0598,8.4288
TRK,242119,-0.44635,0.24995,0.04403,-0.85811,-0.5525,0.3311,-0.3765,-0.007,-0.008,0.000,2,11
G,242124822,0.286556,0.106526,-0.579504
A,242125443,-3.6990,-3.0598,8.4108
G,242127318,0.280165,0.094809,-0.555003
A,242127917,-3.6919,-3.0311,8.4144
G,242129809,0.265251,0.077764,-0.520914
A,242130374,-3.5698,-3.0023,8.5042
G,242132305,0.227967,0.041545,-0.463390
A,242132869,-3.5518,-2.9808,8.5329
G,242134783,0.140615,-0.027697,-0.374973
A,242135343,-3.5051,-3.0059,8.5653
G,242137292,0.025566,-0.111853,-0.281230
A,242137818,-3.5446,-3.0311,8.5437
G,242139787,-0.062851,-0.170442,-0.215183
A,242140292,-3.6236,-3.0849,8.5006
TRK,242135,-0.45013,0.24937,0.04320,-0.85635,-0.5526,0.3310,-0.3765,-0.007,-0.004,-0.000,2,11
G,242142276,-0.092678,-0.185356,-0.186421
A,242142748,-3.6631,-3.0993,8.4647
G,242144788,-0.091613,-0.182160,-0.173638
A,242145229,-3.6559,-3.1173,8.4683
G,242147284,-0.099070,-0.188552,-0.157659
A,242147703,-3.6308,-3.0957,8.4755
G,242149777,-0.121440,-0.208792,-0.136354
A,242150166,-3.6093,-3.0921,8.4647
G,242152273,-0.149137,-0.234358,-0.109722
TRK,242151,-0.45121,0.24825,0.04496,-0.85601,-0.5527,0.3310,-0.3766,-0.006,-0.001,-0.000,2,11
A,242152665,-3.5877,-3.0742,8.5006
G,242154752,-0.174703,-0.257794,-0.077764
A,242155139,-3.5662,-3.0634,8.5293
G,242157250,-0.192813,-0.275903,-0.035154
A,242157607,-3.5554,-3.0562,8.5796
G,242159745,-0.202400,-0.287621,0.008522
A,242160081,-3.5087,-3.0131,8.6443
G,242162235,-0.211988,-0.302535,0.054328
A,242162542,-3.4728,-2.9916,8.6479
G,242164731,-0.226901,-0.319579,0.100135
A,242165016,-3.4117,-2.9090,8.6658
G,242167220,-0.248207,-0.337689,0.155529
A,242167478,-3.3435,-2.8371,8.6263
G,242169737,-0.273773,-0.351537,0.222640
A,242169967,-3.2896,-2.7940,8.6155
G,242172232,-0.301470,-0.364320,0.296144
A,242172441,-3.2645,-2.8048,8.5868
TRK,242168,-0.45049,0.24706,0.04726,-0.85661,-0.5529,0.3310,-0.3766,-0.008,0.003,-0.000,2,11
G,242174732,-0.327036,-0.371777,0.371777
A,242174914,-3.2896,-2.9090,8.5617
G,242177228,-0.347276,-0.365386,0.439954
A,242177388,-3.4010,-3.0993,8.5760
G,242179700,-0.362190,-0.340885,0.492152
A,242179835,-3.5626,-3.2789,8.5329
G,242182210,-0.377104,-0.301470,0.521980
A,242182321,-3.7493,-3.4369,8.5258
G,242184706,-0.395213,-0.256729,0.523045
A,242184794,-3.9002,-3.5159,8.5006
G,242187216,-0.416518,-0.208792,0.503870
A,242187281,-3.9899,-3.5159,8.4862
G,242189712,-0.439954,-0.157659,0.468716
A,242189754,-4.0187,-3.4548,8.5078
G,242192202,-0.459129,-0.107592,0.431432
A,242192222,-3.9971,-3.3543,8.5473
A,242194719,-3.9684,-3.2501,8.6084
G,242194722,-0.470847,-0.059655,0.401605
A,242197193,-3.9145,-3.1639,8.6658
G,242197217,-0.481499,-0.021305,0.378169
TRK,242193,-0.44458,0.24635,0.05152,-0.85966,-0.5531,0.3311,-0.3766,-0.005,0.007,0.002,2,11
A,242199671,-3.8678,-3.1065,8.7305
G,242199717,-0.498544,0.006392,0.361125
A,242202170,-3.8283,-3.0742,8.7915
G,242202236,-0.527306,0.024501,0.351537
A,242204643,-3.8104,-3.0598,8.8526
G,242204732,-0.570982,0.036219,0.352602
A,242207131,-3.8211,-3.0526,8.9064
G,242207240,-0.630637,0.043676,0.357929
A,242209605,-3.8427,-3.0598,8.9531
G,242209735,-0.707336,0.045806,0.360059
TRK,242205,-0.44179,0.24786,0.05372,-0.86053,-0.5531,0.3312,-0.3765,-0.004,0.007,0.006,2,11
A,242212075,-3.9037,-3.0777,9.0070
G,242212225,-0.795752,0.047937,0.352602
A,242214569,-3.9792,-3.1065,9.0716
G,242214738,-0.884169,0.056459,0.332363
A,242217043,-4.0618,-3.1280,9.1614
G,242217234,-0.968325,0.066046,0.304666
A,242219524,-4.2054,-3.0311,9.3122
G,242219733,-1.049285,0.063916,0.273773
A,242221997,-4.3598,-2.8946,9.5852
G,242222229,-1.133441,0.040480,0.256729
A,242224460,-4.5035,-2.8335,9.9084
G,242224708,-1.222924,-0.013848,0.281230
A,242226952,-4.6687,-2.7940,10.2244
G,242227218,-1.310275,-0.108657,0.360059
A,242229426,-4.7333,-2.9413,10.4758
G,242229714,-1.386974,-0.237554,0.474043
TRK,242225,-0.43678,0.25245,0.06070,-0.86128,-0.5532,0.3313,-0.3762,-0.009,0.002,0.023,2,11
A,242231900,-4.7513,-3.1029,10.5584
G,242232203,-1.451955,-0.370712,0.588026
A,242234397,-4.6938,-3.2250,10.5441
G,242234717,-1.508414,-0.475108,0.680704
A,242236871,-4.5897,-3.3040,10.4686
G,242237212,-1.559547,-0.537959,0.756338
A,242239356,-4.4676,-3.3507,10.3753
G,242239712,-1.601092,-0.567786,0.812797
A,242241830,-4.3778,-3.3974,10.2783
G,242242208,-1.630920,-0.578439,0.850081
A,242244295,-4.2916,-3.4477,10.1849
G,242244688,-1.644768,-0.583765,0.864995
A,242246792,-4.2557,-3.5087,10.1023
G,242247199,-1.646899,-0.584830,0.859668
A,242249265,-4.2126,-3.5626,10.0305
G,242249694,-1.641572,-0.577373,0.845820
A,242251734,-4.1515,-3.6057,9.9730
G,242252176,-1.634115,-0.560329,0.829841
TRK,242252,-0.42234,0.25668,0.07933,-0.86571,-0.5537,0.3312,-0.3749,-0.025,-0.010,0.076,2,11
A,242254221,-4.0510,-3.6416,9.9264
G,242254677,-1.631985,-0.541154,0.822384
A,242256719,-3.9037,-3.6524,9.8797
G,242257187,-1.641572,-0.529436,0.820254
A,242259193,-3.7062,-3.6559,9.8294
G,242259683,-1.674596,-0.532632,0.823449
A,242261671,-3.4836,-3.6667,9.7863
G,242262174,-1.738511,-0.551807,0.828776
A,242264145,-3.2573,-3.6703,9.7288
G,242264669,-1.836516,-0.583765,0.839428
A,242266605,-3.0634,-3.6811,9.6893
G,242267140,-1.964347,-0.623180,0.852211
A,242269095,-2.8946,-3.6990,9.6534
G,242269642,-2.111354,-0.676443,0.867125
A,242271569,-2.7761,-3.7385,9.6031
G,242272138,-2.266883,-0.743555,0.883104
A,242274032,-2.7186,-3.8032,9.5457
G,242274612,-2.425607,-0.825580,0.889496
A,242276506,-2.7186,-3.9109,9.4774
TRK,242275,-0.40788,0.26038,0.09849,-0.86956,-0.5545,0.3310,-0.3726,-0.047,0.002,0.104,2,11
G,242277124,-2.576875,-0.908670,0.886300
A,242278958,-2.7833,-4.0366,9.3733
G,242279620,-2.707902,-0.984304,0.876713
A,242281429,-2.8946,-4.1731,9.2979
G,242282099,-2.810167,-1.045024,0.867125
A,242283903,-3.0203,-4.3024,9.2081
G,242284595,-2.880475,-1.088700,0.858603
A,242286365,-3.1460,-4.4209,9.1399
G,242287065,-2.920955,-1.113201,0.844755
A,242288860,-3.2681,-4.5358,9.0680
G,242289568,-2.934803,-1.121723,0.828776
A,242291334,-3.3758,-4.6220,8.9639
G,242292081,-2.923085,-1.125985,0.813862
A,242293789,-3.4369,-4.7154,8.8490
G,242294576,-2.892193,-1.129180,0.800014
A,242296263,-3.4872,-4.7908,8.6981
G,242297089,-2.852778,-1.141963,0.785100
A,242298720,-3.4943,-4.8554,8.5653
G,242299585,-2.813363,-1.161138,0.765925
TRK,242299,-0.38796,0.26384,0.13197,-0.87319,-0.5557,0.3312,-0.3701,-0.055,0.014,0.122,2,11
A,242301208,-3.4872,-4.9129,8.4360
G,242302077,-2.773949,-1.183509,0.744620
A,242303681,-3.4764,-4.9488,8.3282
G,242304573,-2.727077,-1.190966,0.720119
A,242306150,-3.4512,-4.9919,8.2420
G,242307046,-2.669553,-1.184574,0.695618
A,242308624,-3.4405,-5.0314,8.1558
G,242309549,-2.605637,-1.176052,0.665790
A,242311074,-3.4584,-5.0781,8.0589
G,242312045,-2.533199,-1.173921,0.631702
TRK,242307,-0.38231,0.26425,0.14185,-0.87401,-0.5563,0.3314,-0.3689,-0.053,0.018,0.127,2,11
A,242313554,-3.4764,-5.1356,7.9799
G,242314528,-2.447978,-1.170726,0.590156
A,242316028,-3.5123,-5.1787,7.8578
G,242317037,-2.347843,-1.161138,0.548611
A,242318485,-3.5159,-5.2397,7.7500
G,242319533,-2.238121,-1.156877,0.501740
A,242320978,-3.4979,-5.3044,7.6243
G,242322026,-2.131594,-1.179248,0.451672
A,242323452,-3.4692,-5.3331,7.4591
G,242324537,-2.041047,-1.239968,0.393083
A,242325912,-3.4764,-5.3151,7.3227
G,242327033,-1.960086,-1.311340,0.319579
A,242328396,-3.4692,-5.2828,7.1395
G,242329516,-1.869539,-1.352886,0.220510
A,242330870,-3.5123,-5.1643,6.9743
G,242332017,-1.751295,-1.361408,0.088417
A,242333321,-3.5590,-5.0781,6.8055
G,242334512,-1.607484,-1.362473,-0.073503
TRK,242334,-0.36710,0.26116,0.17252,-0.87594,-0.5574,0.3319,-0.3657,-0.037,0.026,0.128,2,11
A,242335817,-3.6524,-4.9919,6.6726
G,242337006,-1.451955,-1.397627,-0.250337
A,242338291,-3.7816,-4.9380,6.6726
G,242339522,-1.301753,-1.463673,-0.416518
A,242340758,-3.8858,-4.9309,6.8235
G,242342017,-1.157942,-1.542503,-0.549676
A,242343232,-3.8607,-4.9668,7.1251
G,242344521,-1.020523,-1.614941,-0.632767
A,242345689,-3.6811,-4.9775,7.4340
G,242347017,-0.888430,-1.686314,-0.664725
A,242348178,-3.4010,-4.9775,7.7141
G,242349500,-0.779773,-1.790709,-0.659399
A,242350651,-3.0131,-5.0278,8.0302
G,242352012,-0.694552,-1.933455,-0.632767
A,242353118,-2.7330,-5.1463,8.3103
G,242354507,-0.585895,-2.064482,-0.599744
A,242355591,-2.4816,-5.2972,8.6227
TRK,242350,-0.36630,0.25307,0.18512,-0.87608,-0.5579,0.3324,-0.3635,-0.025,0.022,0.123,2,11
G,242357001,-0.396278,-2.131594,-0.563525
A,242358042,-2.3774,-5.3798,8.7161
G,242359497,-0.117179,-2.131594,-0.536893
A,242360523,-2.3846,-5.4624,8.8274
G,242361971,0.185356,-2.128398,-0.523045
A,242362997,-2.4852,-5.4696,8.8238
G,242364467,0.464455,-2.150769,-0.529436
A,242365479,-2.6863,-5.6527,9.0178
G,242366942,0.740359,-2.166748,-0.543285
A,242367953,-2.8695,-5.7174,9.0824
G,242369447,1.063134,-2.122007,-0.559264
A,242370416,-3.0490,-5.7748,9.0070
G,242371943,1.394431,-2.052764,-0.565655
A,242372899,-3.0885,-5.6707,8.6514
G,242374417,1.638377,-2.036785,-0.573112
A,242375373,-3.0921,-5.5701,8.1954
TRK,242375,-0.36847,0.22715,0.19236,-0.88070,-0.5586,0.3330,-0.3602,-0.029,0.027,0.146,2,11
G,242376933,1.729989,-2.116680,-0.593352
A,242377848,-3.0490,-5.7497,7.9763
G,242379429,1.724663,-2.221076,-0.635963
A,242380342,-3.0634,-5.8718,7.7536
G,242381913,1.729989,-2.246643,-0.693487
A,242382816,-3.1244,-6.0047,7.5812
G,242384409,1.780057,-2.171009,-0.747816
A,242385300,-3.1783,-5.9472,7.2796
G,242386884,1.794970,-2.086853,-0.790426
A,242387774,-3.1855,-5.9652,7.2508
G,242389390,1.692705,-2.079396,-0.827710
A,242390241,-3.1675,-5.9867,7.2796
G,242391886,1.531850,-2.093245,-0.866060
A,242392715,-3.1244,-6.0082,7.4304
G,242394372,1.391235,-2.042112,-0.902279
A,242395162,-3.0239,-6.0513,7.6638
G,242396889,1.241033,-1.938781,-0.921454
A,242397641,-2.8084,-6.1339,7.9332
G,242399385,1.002414,-1.861017,-0.921454
TRK,242398,-0.37638,0.19501,0.18691,-0.88622,-0.5589,0.3336,-0.3569,0.006,0.033,0.152,2,11
A,242400131,-2.5570,-6.1124,8.1271
G,242401861,0.702009,-1.823733,-0.928910
A,242402605,-2.1656,-6.3027,8.6730
G,242404368,0.415453,-1.791775,-0.953412
A,242405075,-1.8603,-6.3530,9.1327
G,242406864,0.186421,-1.735316,-0.981108
A,242407548,-1.7202,-6.1663,9.3589
G,242409371,-0.019175,-1.677791,-0.982174
A,242410020,-1.5514,-5.8287,9.4882
G,242411867,-0.232228,-1.640507,-0.927845
A,242412494,-1.4078,-5.3546,9.3230
TRK,242407,-0.37859,0.18781,0.18868,-0.88645,-0.5588,0.3340,-0.3553,0.014,0.041,0.164,2,11
G,242414354,-0.498544,-1.674596,-0.820254
A,242414946,-1.1133,-5.0889,9.1866
G,242416864,-0.845820,-1.812015,-0.683900
A,242417422,-0.6393,-5.0601,9.0680
G,242419359,-1.201618,-2.005893,-0.566721
A,242419896,-0.2263,-5.2720,8.8957
G,242421854,-1.487109,-2.172074,-0.512392
A,242422358,0.0000,-5.8035,8.8382
G,242424350,-1.687379,-2.266883,-0.541154
A,242424854,-0.1257,-6.2740,8.7376
G,242426827,-1.835451,-2.296710,-0.632767
A,242427327,-0.7219,-6.5757,8.5545
G,242429328,-1.955825,-2.290318,-0.741424
A,242429796,-1.4760,-6.7732,8.5617
G,242431824,-2.045308,-2.254100,-0.824515
A,242432270,-2.2661,-6.8702,8.6802
TRK,242431,-0.37899,0.16940,0.21288,-0.88451,-0.5585,0.3353,-0.3510,0.014,0.067,0.188,2,11
G,242434312,-2.095375,-2.193379,-0.863929
A,242434727,-2.8874,-6.7983,8.7915
G,242436820,-2.101767,-2.112419,-0.870321
A,242437205,-3.1173,-6.7624,8.9423
G,242439316,-2.058091,-2.012284,-0.855407
A,242439679,-3.1639,-6.6906,8.9783
G,242441814,-2.004827,-1.919606,-0.837298
A,242442148,-2.9485,-6.6726,8.8705
G,242444310,-1.980326,-1.852495,-0.824515
A,242444647,-2.6719,-6.6726,8.7125
G,242446788,-1.987783,-1.819471,-0.828776
A,242447121,-2.3415,-6.7157,8.5653
G,242449286,-2.001632,-1.806688,-0.857538
A,242449590,-2.0004,-6.7086,8.4288
G,242451782,-2.004827,-1.793905,-0.902279
A,242452064,-1.6771,-6.5362,8.2780
TRK,242446,-0.37874,0.16064,0.23303,-0.88116,-0.5581,0.3362,-0.3480,0.041,0.060,0.211,2,11
G,242454270,-2.005893,-1.785383,-0.954477
A,242454525,-1.4222,-6.3602,8.1666
G,242456789,-2.006958,-1.789644,-1.008805
A,242457017,-1.2067,-6.2201,8.1163
G,242459285,-1.983522,-1.791775,-1.041829
A,242459491,-1.0127,-6.0837,8.1128
G,242461783,-1.896170,-1.753425,-1.032241
A,242461963,-0.8547,-6.0226,8.1774
G,242464279,-1.735316,-1.663943,-0.975782
A,242464437,-0.6680,-5.8897,8.2025
G,242466758,-1.533981,-1.561678,-0.909736
A,242466890,-0.5818,-5.7964,8.2205
G,242469257,-1.324124,-1.488174,-0.874582
A,242469366,-0.5890,-5.7281,8.2205
G,242471753,-1.105744,-1.439172,-0.871386
A,242471839,-0.6967,-5.7245,8.2133
TRK,242466,-0.37992,0.15015,0.25778,-0.87559,-0.5571,0.3374,-0.3437,0.054,0.064,0.223,2,11
G,242474242,-0.873517,-1.391235,-0.883104
A,242474305,-0.8619,-5.7461,8.1307
G,242476738,-0.647681,-1.364604,-0.891626
A,242476779,-1.0487,-5.7856,8.0948
G,242479207,-0.452737,-1.366734,-0.910801
A,242479225,-1.1708,-5.8251,8.0050
A,242481703,-1.2103,-5.8861,8.0194
G,242481708,-0.288687,-1.382713,-0.931041
A,242484177,-1.0989,-5.9616,8.0517
G,242484203,-0.133158,-1.362473,-0.942759
A,242486631,-0.8404,-6.0190,8.0876
G,242486679,0.022371,-1.308145,-0.925715
A,242489117,-0.6249,-6.0585,8.1092
G,242489186,0.151268,-1.258077,-0.913997
A,242491591,-0.4417,-6.0837,8.1558
G,242491682,0.241815,-1.225054,-0.922519
TRK,242487,-0.38323,0.13795,0.26961,-0.87259,-0.5560,0.3387,-0.3392,0.062,0.059,0.229,2,11
A,242494081,-0.4202,-6.0513,8.2349
G,242494192,0.304666,-1.183509,-0.944889
A,242496555,-0.4274,-6.0082,8.4036
G,242496688,0.365386,-1.110005,-0.950216
A,242499019,-0.3555,-5.9759,8.6335
G,242499171,0.439954,-1.005610,-0.924649
A,242501521,-0.2083,-5.9149,8.8454
G,242501692,0.520914,-0.915062,-0.877778
A,242503995,0.0251,-5.9077,9.0501
G,242504188,0.609331,-0.859668,-0.828776
A,242506465,0.2622,-5.9077,9.1722
G,242506676,0.703074,-0.844755,-0.787230
TRK,242507,-0.38870,0.12475,0.27122,-0.87166,-0.5547,0.3398,-0.3346,0.063,0.057,0.244,2,11
A,242508958,0.3807,-5.9005,9.1830
G,242509187,0.795752,-0.851146,-0.759533
A,242511432,0.4345,-5.9149,9.1758
G,242511683,0.874582,-0.872451,-0.731837
A,242513906,0.3771,-5.9292,9.1075
G,242514173,0.935302,-0.902279,-0.699879
A,242516379,0.2514,-5.9436,9.0501
G,242516669,0.978978,-0.936367,-0.660464
A,242518834,0.1329,-6.0190,9.0537
G,242519140,1.012001,-0.967260,-0.614658
A,242521311,-0.0036,-6.0729,9.0357
G,242521632,1.037567,-0.994957,-0.569916
A,242523807,-0.1401,-6.1591,9.0537
G,242524144,1.057808,-1.019458,-0.526241
A,242526280,-0.2981,-6.2201,9.0285
G,242526639,1.069525,-1.035437,-0.484695
A,242528737,-0.4669,-6.2668,8.9495
G,242529111,1.069525,-1.037567,-0.439954
A,242531211,-0.6249,-6.3171,8.8310
G,242531606,1.053546,-1.021589,-0.390952
A,242533669,-0.7542,-6.3602,8.6479
G,242534078,1.021589,-0.987500,-0.343015
A,242536157,-0.7865,-6.4248,8.4755
G,242536581,0.970456,-0.933172,-0.301470
TRK,242534,-0.39344,0.10578,0.26549,-0.87380,-0.5531,0.3414,-0.3275,0.067,0.054,0.275,2,11
A,242538657,-0.7470,-6.5074,8.2780
G,242539094,0.894822,-0.864995,-0.270577
A,242541130,-0.6716,-6.5613,8.0840
G,242541589,0.791491,-0.792557,-0.262055
A,242543610,-0.5531,-6.5972,7.8937
G,242544082,0.662594,-0.713727,-0.278034
A,242546084,-0.4238,-6.6367,7.7644
G,242546594,0.516653,-0.625310,-0.317449
A,242548534,-0.3124,-6.6331,7.6351
G,242549089,0.361125,-0.533697,-0.372843
TRK,242549,-0.39446,0.09823,0.26334,-0.87487,-0.5519,0.3422,-0.3233,0.089,0.056,0.283,2,11
A,242551025,-0.1903,-6.6044,7.5884
G,242551592,0.201335,-0.453803,-0.443150
A,242553499,-0.0826,-6.5505,7.5920
G,242554087,0.042611,-0.392017,-0.523045
A,242555960,0.0395,-6.4428,7.6531
G,242556559,-0.102265,-0.339819,-0.594418
A,242558434,0.1652,-6.3027,7.8003
G,242559068,-0.218379,-0.291882,-0.649811
A,242560883,0.2945,-6.1555,7.9942
G,242561563,-0.297209,-0.260990,-0.693487
A,242563367,0.4345,-5.9867,8.2205
G,242564056,-0.334493,-0.250337,-0.728641
A,242565841,0.5495,-5.8000,8.4252
G,242566579,-0.331297,-0.257794,-0.748881
A,242568307,0.6500,-5.6060,8.5868
G,242569075,-0.290817,-0.275903,-0.746750
A,242570791,0.7398,-5.4408,8.6730
G,242571566,-0.222640,-0.303600,-0.724380
A,242573265,0.8188,-5.3079,8.6874
G,242574062,-0.128897,-0.337689,-0.687096
TRK,242568,-0.39904,0.09443,0.26668,-0.87220,-0.5500,0.3434,-0.3177,0.105,0.065,0.290,2,11
A,242575742,0.8835,-5.2146,8.6514
G,242576544,-0.019175,-0.366451,-0.638093
A,242578216,0.9517,-5.1499,8.5653
G,242579052,0.100135,-0.388821,-0.576308
A,242580668,0.9840,-5.1104,8.4647
G,242581548,0.216249,-0.402670,-0.511327
A,242583157,0.9804,-5.0996,8.3677
G,242584042,0.322775,-0.412257,-0.446346
A,242585631,0.9050,-5.1176,8.2780
G,242586537,0.412257,-0.412257,-0.377104
A,242588101,0.7793,-5.1643,8.2205
G,242589011,0.482565,-0.401605,-0.296144
A,242590598,0.6285,-5.2289,8.1846
G,242591512,0.539024,-0.382430,-0.204531
A,242593072,0.4848,-5.3008,8.1487
G,242594008,0.584830,-0.354733,-0.113983
TRK,242593,-0.40298,0.08765,0.26664,-0.87111,-0.5475,0.3450,-0.3104,0.097,0.067,0.295,2,11
A,242595547,0.3627,-5.3582,8.1235
G,242596486,0.621049,-0.315318,-0.033023
A,242598038,0.2945,-5.3977,8.0984
G,242598980,0.648746,-0.264186,0.030893
A,242600512,0.2622,-5.3941,8.0697
G,242601476,0.674312,-0.205596,0.080960
A,242602998,0.2693,-5.3798,8.0625
G,242603965,0.703074,-0.143811,0.123571
A,242605472,0.3017,-5.3618,8.0589
G,242606461,0.740359,-0.078830,0.166181
A,242607945,0.3196,-5.3654,8.0768
G,242608936,0.785100,-0.017044,0.213053
A,242610448,0.3268,-5.3905,8.1271
G,242611441,0.834102,0.031958,0.258859
A,242612922,0.3089,-5.4408,8.1954
TRK,242609,-0.40245,0.08463,0.26258,-0.87288,-0.5460,0.3460,-0.3060,0.103,0.066,0.294,2,11
G,242613957,0.886300,0.063916,0.298274
A,242615386,0.2658,-5.5162,8.2708
G,242616452,0.941694,0.082025,0.330232
A,242617860,0.1903,-5.6060,8.3210
G,242618948,0.999218,0.094809,0.355798
A,242620305,0.1006,-5.7138,8.3390
G,242621443,1.053546,0.106526,0.372843
A,242622781,0.0215,-5.8035,8.3210
G,242623919,1.100418,0.119310,0.384560
A,242625255,-0.0467,-5.8646,8.2672
G,242626445,1.131311,0.133158,0.388821
A,242627732,-0.0862,-5.8754,8.2025
G,242628940,1.145159,0.149137,0.389887
A,242630206,-0.1077,-5.8538,8.1379
G,242631434,1.143029,0.166181,0.390952
A,242632652,-0.1257,-5.7928,8.0840
G,242633930,1.127050,0.185356,0.397344
TRK,242633,-0.39996,0.08181,0.25034,-0.87788,-0.5432,0.3476,-0.2987,0.123,0.066,0.300,2,11
A,242635141,-0.1185,-5.7245,8.0732
G,242636415,1.106810,0.203465,0.407996
A,242637615,-0.0970,-5.6599,8.0732
G,242638926,1.088700,0.219444,0.420779
A,242640080,-0.0539,-5.6096,8.1092
G,242641422,1.081243,0.226901,0.430367
A,242642554,-0.0215,-5.5845,8.1666
G,242643918,1.083374,0.225836,0.435693
A,242645005,-0.0072,-5.5881,8.2600
G,242646414,1.099353,0.217314,0.431432
A,242647507,-0.0287,-5.6060,8.3785
G,242648909,1.128115,0.202400,0.419714
A,242649981,-0.0539,-5.6240,8.5078
G,242651427,1.172856,0.184291,0.404800
A,242652455,-0.0718,-5.6312,8.6227
G,242653922,1.225054,0.161920,0.387756
A,242654929,-0.0503,-5.6348,8.6910
TRK,242649,-0.39821,0.08072,0.24222,-0.88104,-0.5410,0.3488,-0.2935,0.140,0.068,0.304,2,11
G,242656428,1.280448,0.134223,0.371777
A,242657392,0.0072,-5.6348,8.7233
G,242658924,1.330515,0.104396,0.354733
A,242659887,0.0718,-5.6383,8.7305
G,242661409,1.373126,0.074569,0.335558
A,242662360,0.1329,-5.6527,8.7305
G,242663926,1.408279,0.046872,0.315318
A,242664836,0.1437,-5.6778,8.7556
G,242666421,1.440237,0.020240,0.295078
A,242667309,0.1365,-5.7030,8.7771
G,242668937,1.465804,-0.011718,0.276969
A,242669785,0.0898,-5.7353,8.7736
G,242671433,1.482848,-0.049002,0.260990
A,242672259,0.0072,-5.7676,8.7269
G,242673920,1.479652,-0.088417,0.247141
A,242674708,-0.1077,-5.8179,8.6263
G,242676416,1.449825,-0.123571,0.239684
TRK,242675,-0.39594,0.07473,0.22498,-0.88715,-0.5372,0.3505,-0.2858,0.163,0.074,0.319,2,11
A,242677196,-0.2693,-5.9077,8.4719
G,242678892,1.390170,-0.147006,0.235423
A,242679670,-0.4489,-6.0262,8.2923
G,242681392,1.297492,-0.158724,0.230097
A,242682133,-0.5962,-6.1627,8.1020
G,242683888,1.169660,-0.156594,0.221575
A,242684607,-0.6608,-6.2776,7.9296
G,242686375,1.006675,-0.142745,0.207727
A,242687057,-0.6213,-6.3279,7.8183
G,242688870,0.815992,-0.121440,0.191748
A,242689531,-0.4848,-6.3099,7.7859
TRK,242688,-0.39505,0.07142,0.21898,-0.88932,-0.5346,0.3517,-0.2810,0.193,0.082,0.323,2,11
G,242691357,0.619984,-0.098004,0.169377
A,242691983,-0.2837,-6.2201,7.8650
G,242693874,0.441019,-0.070307,0.142745
A,242694465,-0.0359,-6.0873,8.0230
G,242696369,0.302535,-0.046872,0.109722
A,242696938,0.2047,-5.9292,8.2205
G,242698866,0.217314,-0.030893,0.073503
A,242699402,0.4561,-5.7676,8.4036
G,242701362,0.183225,-0.022371,0.033023
A,242701897,0.6895,-5.6168,8.5258
G,242703839,0.186421,-0.020240,-0.018109
A,242704370,0.8835,-5.4552,8.5832
G,242706346,0.209857,-0.023436,-0.080960
A,242706845,1.0271,-5.2972,8.5581
G,242708842,0.237554,-0.037284,-0.152333
A,242709319,1.1061,-5.1320,8.4539
G,242711329,0.265251,-0.054328,-0.217314
A,242711775,1.1169,-4.9668,8.2815
G,242713847,0.287621,-0.072438,-0.270577
A,242714262,1.0918,-4.8267,8.0481
G,242716343,0.295078,-0.086286,-0.313188
A,242716736,1.0487,-4.7190,7.7931
TRK,242712,-0.39508,0.06967,0.21624,-0.89011,-0.5300,0.3538,-0.2738,0.213,0.105,0.328,2,11
G,242718840,0.282295,-0.091613,-0.347276
A,242719203,0.9840,-4.6687,7.5992
G,242721336,0.249272,-0.087352,-0.374973
A,242721677,0.9014,-4.6579,7.5130
G,242723813,0.206661,-0.077764,-0.392017
A,242724126,0.7865,-4.6902,7.5992
G,242726308,0.170442,-0.077764,-0.402670
A,242726593,0.6321,-4.7441,7.8650
G,242728816,0.157659,-0.092678,-0.403735
A,242729072,0.4525,-4.8159,8.2815
G,242731311,0.188552,-0.127832,-0.394148
A,242731546,0.2622,-4.9129,8.7915
G,242733789,0.269512,-0.181095,-0.373908
A,242733998,0.0862,-5.0314,9.3087
G,242736286,0.401605,-0.253533,-0.347276
A,242736469,-0.0611,-5.1715,9.7863
G,242738794,0.573112,-0.341950,-0.320645
A,242738951,-0.1293,-5.3223,10.1670
TRK,242736,-0.39898,0.06616,0.21436,-0.88909,-0.5246,0.3566,-0.2658,0.224,0.119,0.324,2,11
G,242741313,0.773382,-0.435693,-0.291882
A,242741444,-0.0970,-5.4767,10.4256
G,242743808,0.986435,-0.531567,-0.265251
A,242743918,0.0251,-5.6312,10.5441
G,242746284,1.192031,-0.628506,-0.247141
A,242746370,0.2263,-5.7712,10.5225
G,242748798,1.372061,-0.728641,-0.243946
A,242748860,0.4381,-5.8897,10.3681
G,242751294,1.511610,-0.824515,-0.254598
A,242751334,0.6177,-5.9903,10.1311
TRK,242751,-0.40035,0.05864,0.20912,-0.89025,-0.5212,0.3584,-0.2608,0.237,0.121,0.354,2,11
G,242753792,1.610680,-0.911866,-0.272708
A,242753810,0.7326,-6.0657,9.8258
A,242756284,0.7649,-6.1088,9.5205
G,242756288,1.672465,-0.980043,-0.301470
A,242758739,0.7290,-6.1411,9.2332
G,242758765,1.700162,-1.030111,-0.336624
A,242761227,0.6321,-6.1375,8.9854
G,242761274,1.698031,-1.065264,-0.374973
A,242763700,0.5100,-6.1016,8.8131
G,242763770,1.673530,-1.088700,-0.413323
A,242766161,0.3879,-6.0370,8.6874
G,242766250,1.633050,-1.099353,-0.445280
A,242768640,0.2981,-5.9328,8.6084
G,242768750,1.586179,-1.098288,-0.471912
A,242771138,0.2478,-5.8000,8.5581
G,242771268,1.543568,-1.087635,-0.491087
A,242773612,0.2370,-5.6707,8.5150
G,242773763,1.509480,-1.070591,-0.508131
TRK,242769,-0.40213,0.04409,0.20008,-0.89236,-0.5169,0.3606,-0.2545,0.264,0.140,0.373,2,11
A,242776102,0.2550,-5.5450,8.4719
G,242776272,1.481783,-1.050351,-0.523045
A,242778576,0.2801,-5.4372,8.4288
G,242778768,1.455151,-1.037567,-0.536893
A,242781047,0.3089,-5.3367,8.3785
G,242781257,1.419997,-1.037567,-0.545415
A,242783520,0.3160,-5.2469,8.3175
G,242783752,1.373126,-1.050351,-0.552872
A,242785973,0.2658,-5.1499,8.2744
G,242786222,1.321993,-1.069525,-0.561394
A,242788455,0.1508,-5.0673,8.2349
G,242788721,1.276187,-1.083374,-0.570982
A,242790948,-0.0251,-4.9919,8.1918
G,242791231,1.247425,-1.089765,-0.574178
A,242793422,-0.2047,-4.9488,8.1199
G,242793727,1.235707,-1.089765,-0.566721
A,242795894,-0.3124,-4.9416,8.0014
G,242796215,1.234641,-1.083374,-0.553937
A,242798368,-0.3555,-4.9093,7.8470
TRK,242793,-0.40616,0.02386,0.19026,-0.89346,-0.5098,0.3643,-0.2452,0.309,0.156,0.372,2,11
G,242798735,1.229315,-1.069525,-0.547546
A,242800823,-0.2837,-4.8626,7.7105
G,242801230,1.205879,-1.049285,-0.555003
A,242803309,-0.1472,-4.7333,7.6387
G,242803730,1.163269,-1.026915,-0.573112
A,242805783,0.0718,-4.5466,7.6387
G,242806226,1.112136,-1.004544,-0.592287
A,242808250,0.3376,-4.3455,7.7033
G,242808706,1.063134,-0.985370,-0.604005
A,242810748,0.5962,-4.1480,7.7859
G,242811216,1.021589,-0.969391,-0.602940
A,242813221,0.8260,-3.9899,7.8506
G,242813712,0.983239,-0.959803,-0.588026
TRK,242809,-0.40867,0.01255,0.18570,-0.89350,-0.5050,0.3666,-0.2397,0.340,0.159,0.359,2,11
A,242815699,0.9876,-3.8750,7.8865
G,242816202,0.944889,-0.957673,-0.558199
A,242818173,1.0953,-3.8176,7.8901
G,242818722,0.904409,-0.956607,-0.513457
A,242820632,1.1492,-3.8104,7.8721
G,242821217,0.859668,-0.952346,-0.460194
A,242823114,1.1672,-3.8463,7.8614
G,242823709,0.813862,-0.937433,-0.404800
A,242825602,1.1528,-3.9289,7.8685
G,242826207,0.769121,-0.912932,-0.357929
A,242828075,1.1456,-4.0187,7.9116
G,242828703,0.728641,-0.876713,-0.322775
A,242830536,1.1420,-4.0761,7.9763
G,242831173,0.691357,-0.831971,-0.294013
A,242833028,1.1851,-4.0869,8.0804
G,242833674,0.655138,-0.781904,-0.267381
TRK,242831,-0.41137,-0.00168,0.18143,-0.89323,-0.4971,0.3703,-0.2320,0.361,0.172,0.338,2,11
A,242835530,1.2785,-4.0330,8.2241
G,242836184,0.618919,-0.731837,-0.235423
A,242838003,1.4293,-3.9181,8.3857
G,242838680,0.588026,-0.680704,-0.199204
A,242840486,1.6412,-3.7960,8.5581
G,242841171,0.564590,-0.632767,-0.150202
A,242842959,1.8926,-3.6739,8.6981
G,242843680,0.555003,-0.595483,-0.094809
A,242845411,2.1584,-3.5841,8.7771
G,242846175,0.555003,-0.575243,-0.038350
A,242847905,2.3918,-3.5374,8.8023
G,242848676,0.566721,-0.568851,0.013848
A,242850379,2.5786,-3.5374,8.7664
G,242851172,0.586961,-0.567786,0.060720
A,242852843,2.6791,-3.5733,8.6981
G,242853642,0.614658,-0.563525,0.094809
A,242855343,2.6971,-3.6416,8.6191
G,242856148,0.644485,-0.559264,0.108657
A,242857817,2.6360,-3.7134,8.5473
TRK,242854,-0.41094,-0.01096,0.17847,-0.89396,-0.4889,0.3743,-0.2245,0.369,0.191,0.333,2,11
G,242858664,0.675378,-0.557133,0.101200
A,242860278,2.5103,-3.7601,8.4791
G,242861160,0.709466,-0.553937,0.077764
A,242862762,2.3739,-3.7888,8.4252
G,242863648,0.748881,-0.537959,0.047937
A,242865236,2.2338,-3.7852,8.3713
G,242866159,0.790426,-0.502805,0.015979
A,242867693,2.1009,-3.7673,8.3390
G,242868655,0.824515,-0.460194,-0.014914
A,242870182,1.9860,-3.7457,8.3318
G,242871147,0.849016,-0.419714,-0.039415
A,242872656,1.8783,-3.7206,8.3677
TRK,242872,-0.40970,-0.01761,0.17448,-0.89520,-0.4816,0.3783,-0.2180,0.373,0.214,0.327,2,11
G,242873668,0.864995,-0.385626,-0.053263
A,242875125,1.7957,-3.7206,8.4683
G,242876164,0.884169,-0.357929,-0.053263
A,242877618,1.7238,-3.7206,8.6119
G,242878657,0.912932,-0.340885,-0.043676
A,242880092,1.6807,-3.7314,8.7843
G,242881153,0.957673,-0.338754,-0.033023
A,242882567,1.6664,-3.7385,8.9388
G,242883629,1.018393,-0.356864,-0.025566
A,242885041,1.6843,-3.7350,9.0429
G,242886125,1.092961,-0.393083,-0.022371
A,242887523,1.7526,-3.7170,9.0680
G,242888607,1.174987,-0.442085,-0.021305
A,242889996,1.8495,-3.6990,8.9926
G,242891112,1.258077,-0.491087,-0.023436
A,242892452,1.9860,-3.6703,8.8490
G,242893608,1.325189,-0.535828,-0.040480
TRK,242893,-0.40900,-0.02661,0.16575,-0.89696,-0.4741,0.3827,-0.2115,0.387,0.227,0.327,2,11
A,242894945,2.1189,-3.6344,8.6371
G,242896100,1.364604,-0.576308,-0.071373
A,242897419,2.2661,-3.5841,8.4108
G,242898608,1.364604,-0.614658,-0.116114
A,242899880,2.3918,-3.5087,8.2025
G,242901104,1.323058,-0.650877,-0.156594
A,242902353,2.4960,-3.4153,8.0409
G,242903606,1.246359,-0.683900,-0.191748
A,242904809,2.5606,-3.3184,7.9332
G,242906102,1.150486,-0.709466,-0.215183
A,242907283,2.5786,-3.2250,7.8650
G,242908604,1.052481,-0.729706,-0.230097
A,242909739,2.5462,-3.1208,7.8470
G,242911100,0.967260,-0.742489,-0.238619
A,242912227,2.4888,-3.0239,7.8326
G,242913582,0.904409,-0.746750,-0.245011
A,242914701,2.4026,-2.9161,7.8434
G,242916085,0.862864,-0.748881,-0.246076
A,242917159,2.3056,-2.8264,7.8434
G,242918581,0.843689,-0.748881,-0.240750
TRK,242918,-0.40932,-0.04047,0.15683,-0.89790,-0.4644,0.3887,-0.2036,0.394,0.257,0.307,2,11
STAT,404.2,400.7,0,0,0,0.6951,63.439,0.0959,0.1426,-0.0817,9.7268,0.62,0.001
A,242919658,2.1943,-2.7545,7.8362
G,242921073,0.840494,-0.748881,-0.227967
A,242922132,2.0794,-2.7043,7.8147
G,242923569,0.843689,-0.751011,-0.211988
A,242924612,2.0004,-2.6576,7.7644
G,242926042,0.847950,-0.758468,-0.197074
A,242927086,1.9465,-2.6109,7.6818
G,242928553,0.846885,-0.764860,-0.186421
A,242929554,1.9357,-2.5570,7.5848
G,242931048,0.841559,-0.760599,-0.177899
A,242932028,1.9609,-2.4924,7.4771
TRK,242931,-0.40947,-0.04706,0.15399,-0.89800,-0.4585,0.3926,-0.1992,0.398,0.267,0.287,2,11
G,242933552,0.827710,-0.745685,-0.174703
A,242934489,2.0111,-2.4349,7.3729
G,242936047,0.804275,-0.732902,-0.171508
A,242936976,2.0865,-2.3739,7.2832
G,242938524,0.764860,-0.735032,-0.171508
A,242939450,2.1691,-2.3020,7.2221
G,242941038,0.715858,-0.751011,-0.170442
A,242941923,2.2625,-2.2230,7.1970
G,242943534,0.660464,-0.775512,-0.169377
A,242944397,2.3343,-2.1261,7.2077
G,242946023,0.614658,-0.792557,-0.164051
A,242946847,2.3810,-2.0255,7.2580
G,242948519,0.590156,-0.802144,-0.156594
A,242949332,2.4026,-1.9285,7.3227
G,242950992,0.594418,-0.803209,-0.151268
A,242951805,2.4026,-1.8711,7.3622
TRK,242947,-0.40944,-0.05582,0.15109,-0.89800,-0.4526,0.3966,-0.1951,0.398,0.277,0.259,2,11
G,242953496,0.623180,-0.804275,-0.153398
A,242954272,2.3774,-1.8567,7.3622
G,242955992,0.664725,-0.805340,-0.162985
A,242956756,2.3487,-1.9034,7.3191
G,242958463,0.705205,-0.809601,-0.180030
A,242959229,2.3308,-1.9824,7.2437
G,242960979,0.732902,-0.812797,-0.196009
A,242961707,2.3236,-2.0614,7.1898
G,242963474,0.738228,-0.817058,-0.213053
A,242964181,2.3559,-2.1117,7.1898
G,242965969,0.721184,-0.820254,-0.226901
A,242966640,2.4169,-2.1189,7.2868
G,242968465,0.689226,-0.821319,-0.238619
A,242969130,2.5175,-2.0830,7.4807
G,242970940,0.658333,-0.821319,-0.248207
A,242971603,2.6504,-2.0327,7.7572
G,242973437,0.642354,-0.821319,-0.254598
A,242974065,2.8012,-1.9716,8.0661
TRK,242971,-0.40957,-0.06747,0.14786,-0.89768,-0.4428,0.4037,-0.1893,0.394,0.292,0.216,2,11
G,242975952,0.655138,-0.830906,-0.259925
A,242976546,2.9808,-1.9106,8.3606
G,242978448,0.699879,-0.856473,-0.263120
A,242979020,3.1783,-1.8423,8.5796
G,242980943,0.771251,-0.899083,-0.267381
A,242981482,3.4046,-1.7561,8.6945
G,242983456,0.857538,-0.948085,-0.271642
A,242983962,3.6380,-1.6556,8.6945
G,242985952,0.944889,-0.997087,-0.282295
A,242986436,3.8642,-1.5622,8.6048
G,242988437,1.025850,-1.040763,-0.296144
A,242988890,4.0474,-1.4760,8.4467
G,242990950,1.090831,-1.081243,-0.316384
A,242991372,4.1731,-1.4078,8.2708
G,242993446,1.133441,-1.114267,-0.333428
A,242993846,4.2234,-1.3719,8.1056
TRK,242989,-0.41001,-0.07787,0.14471,-0.89716,-0.4361,0.4088,-0.1856,0.380,0.306,0.208,2,11
G,242995941,1.150486,-1.137702,-0.350472
A,242996311,4.2126,-1.3503,7.9871
G,242998437,1.144094,-1.151551,-0.357929
A,242998799,4.1515,-1.3575,7.9332
G,243000904,1.123854,-1.155812,-0.361125
A,243001273,4.0402,-1.3755,7.9332
G,243003410,1.098288,-1.148355,-0.357929
A,243003750,3.9037,-1.4078,7.9799
G,243005906,1.079113,-1.131311,-0.354733
A,243006245,3.7529,-1.4293,8.0373
G,243008379,1.068460,-1.106810,-0.346211
A,243008718,3.6236,-1.4365,8.0840
G,243010876,1.057808,-1.087635,-0.333428
A,243011186,3.5590,-1.4257,8.0912
G,243013372,1.041829,-1.071656,-0.316384
A,243013660,3.5769,-1.3755,8.0553
G,243015855,1.016262,-1.058873,-0.298274
A,243016116,3.6703,-1.2965,7.9763
G,243018351,0.975782,-1.043959,-0.287621
TRK,243017,-0.41070,-0.10008,0.13659,-0.89591,-0.4263,0.4175,-0.1803,0.349,0.333,0.186,2,11
A,243018616,3.8140,-1.1995,7.8865
G,243020828,0.923584,-1.027980,-0.288687
A,243021090,3.9828,-1.0953,7.8075
G,243023336,0.863929,-1.012001,-0.296144
A,243023570,4.1408,-1.0020,7.7536
G,243025831,0.806405,-0.990696,-0.307861
A,243026044,4.2772,-0.9194,7.7321
G,243028307,0.756338,-0.960868,-0.320645
A,243028493,4.3886,-0.8547,7.7321
G,243030812,0.715858,-0.924649,-0.333428
A,243030973,4.4568,-0.8009,7.7572
G,243033307,0.684965,-0.886300,-0.345146
A,243033447,4.4999,-0.7614,7.8254
TRK,243028,-0.41094,-0.10645,0.13476,-0.89534,-0.4220,0.4217,-0.1780,0.334,0.346,0.173,2,11
G,243035785,0.661529,-0.854342,-0.352602
A,243035900,4.5179,-0.7254,7.9188
G,243038284,0.646616,-0.830906,-0.357929
A,243038374,4.5394,-0.6931,8.0481
G,243040779,0.647681,-0.818123,-0.354733
A,243040848,4.5645,-0.6644,8.1738
G,243043267,0.664725,-0.813862,-0.345146
A,243043313,4.6076,-0.6428,8.2959
G,243045776,0.699879,-0.821319,-0.329167
A,243045799,4.6651,-0.6321,8.3893
G,243048272,0.743555,-0.838363,-0.312122
A,243048273,4.7369,-0.6321,8.4503
A,243050730,4.8159,-0.6393,8.4683
G,243050751,0.794687,-0.856473,-0.297209
A,243053205,4.9093,-0.6536,8.4252
G,243053248,0.846885,-0.868190,-0.292948
A,243055679,4.9883,-0.6716,8.3175
G,243055743,0.890561,-0.866060,-0.298274
TRK,243055,-0.41227,-0.12164,0.13018,-0.89347,-0.4136,0.4315,-0.1736,0.289,0.373,0.160,2,11
A,243058148,5.0673,-0.6967,8.1523
G,243058233,0.912932,-0.850081,-0.313188
A,243060636,5.1176,-0.7254,7.9583
G,243060741,0.907605,-0.818123,-0.333428
A,243063110,5.1499,-0.7506,7.7895
G,243063237,0.871386,-0.776578,-0.355798
A,243065587,5.1499,-0.7793,7.6818
G,243065733,0.809601,-0.725445,-0.377104
A,243068061,5.1176,-0.8045,7.6602
G,243068229,0.727576,-0.675378,-0.396278
A,243070522,5.0458,-0.8188,7.7285
G,243070708,0.639159,-0.629571,-0.407996
A,243073011,4.9488,-0.8296,7.8614
G,243073216,0.555003,-0.590156,-0.412257
A,243075485,4.8411,-0.8260,8.0158
G,243075712,0.486826,-0.553937,-0.405866
TRK,243071,-0.41321,-0.12949,0.12673,-0.89243,-0.4095,0.4372,-0.1713,0.264,0.395,0.151,2,11
A,243077957,4.7369,-0.8045,8.1594
G,243078201,0.436758,-0.520914,-0.395213
A,243080431,4.6687,-0.7506,8.2420
G,243080697,0.405866,-0.485761,-0.387756
A,243082885,4.6184,-0.6788,8.2492
G,243083167,0.392017,-0.449542,-0.390952
A,243085370,4.6040,-0.5782,8.1989
G,243085668,0.390952,-0.406931,-0.405866
A,243087844,4.6005,-0.4597,8.1128
G,243088164,0.399474,-0.357929,-0.433563
A,243090309,4.6005,-0.3304,8.0337
G,243090645,0.417584,-0.300405,-0.467651
A,243092795,4.6005,-0.1939,7.9727
G,243093146,0.445280,-0.239684,-0.501740
A,243095269,4.5861,-0.0682,7.9296
G,243095642,0.481499,-0.184291,-0.531567
TRK,243090,-0.41571,-0.13589,0.12423,-0.89066,-0.4045,0.4453,-0.1684,0.238,0.415,0.141,2,11
A,243097746,4.5753,0.0395,7.8829
G,243098133,0.523045,-0.135289,-0.555003
A,243100219,4.5574,0.1185,7.8326
G,243100629,0.568851,-0.088417,-0.576308
A,243102697,4.5466,0.1652,7.7716
G,243103120,0.613592,-0.039415,-0.599744
A,243105171,4.5394,0.1939,7.6998
G,243105632,0.656203,0.011718,-0.623180
A,243107619,4.5358,0.2011,7.6172
G,243108127,0.691357,0.060720,-0.645550
TRK,243108,-0.41940,-0.13927,0.11946,-0.88906,-0.4006,0.4525,-0.1660,0.208,0.426,0.126,2,11
A,243110109,4.5179,0.2155,7.5489
G,243110629,0.714792,0.104396,-0.664725
A,243112583,4.5071,0.2155,7.4879
G,243113125,0.723314,0.143811,-0.682835
A,243115044,4.4748,0.2083,7.4627
G,243115596,0.716923,0.176834,-0.698813
A,243117518,4.4460,0.1796,7.4627
G,243118109,0.700944,0.206661,-0.712662
A,243119970,4.4209,0.1401,7.4915
G,243120605,0.678573,0.230097,-0.723314
A,243122453,4.3958,0.0790,7.5525
G,243123097,0.654072,0.247141,-0.735032
A,243124927,4.3598,0.0036,7.6602
G,243125593,0.631702,0.258859,-0.739293
A,243127391,4.3275,-0.1077,7.8075
G,243128065,0.622114,0.272708,-0.736098
A,243129885,4.2952,-0.2442,7.9691
G,243130568,0.631702,0.296144,-0.727576
A,243132359,4.2808,-0.4094,8.1235
G,243133064,0.657268,0.323840,-0.720119
A,243134828,4.3132,-0.5459,8.2528
G,243135540,0.688161,0.353668,-0.720119
A,243137301,4.3850,-0.6393,8.3498
TRK,243132,-0.42643,-0.14136,0.10960,-0.88666,-0.3960,0.4633,-0.1633,0.170,0.442,0.100,2,11
G,243138053,0.714792,0.382430,-0.717988
A,243139758,4.5286,-0.6608,8.4467
G,243140549,0.735032,0.406931,-0.713727
A,243142245,4.7333,-0.6141,8.5186
G,243143042,0.753142,0.429302,-0.708401
A,243144719,4.9847,-0.5171,8.5724
G,243145538,0.771251,0.445280,-0.707336
A,243147207,5.2684,-0.3986,8.5796
G,243148032,0.791491,0.455933,-0.717988
A,243149681,5.5378,-0.2801,8.5258
TRK,243149,-0.43070,-0.14158,0.10262,-0.88539,-0.3932,0.4711,-0.1616,0.152,0.464,0.098,2,11
G,243150555,0.813862,0.463390,-0.739293
A,243152149,5.7676,-0.1867,8.4216
G,243153051,0.831971,0.472977,-0.762729
A,243154636,5.9292,-0.1221,8.2815
G,243155542,0.835167,0.482565,-0.784035
A,243157110,6.0047,-0.0934,8.1451
G,243158037,0.813862,0.484695,-0.801079
A,243159584,5.9903,-0.0718,8.0373
G,243160515,0.771251,0.471912,-0.819188
A,243162058,5.9041,-0.0503,7.9583
G,243163028,0.717988,0.452737,-0.833037
A,243164519,5.7497,-0.0072,7.9116
G,243165524,0.664725,0.437824,-0.838363
A,243167006,5.5522,0.0575,7.8829
G,243168013,0.618919,0.429302,-0.835167
A,243169480,5.3151,0.1365,7.8578
G,243170509,0.582700,0.426106,-0.824515
TRK,243169,-0.43800,-0.14153,0.09179,-0.88301,-0.3906,0.4807,-0.1596,0.112,0.502,0.094,2,11
A,243171952,5.0601,0.2155,7.8219
G,243172983,0.553937,0.421845,-0.806405
A,243174447,4.8052,0.2981,7.7572
G,243175478,0.526241,0.414388,-0.781904
A,243176921,4.5538,0.3555,7.6638
G,243177974,0.492152,0.405866,-0.751011
A,243179405,4.3203,0.4022,7.5417
G,243180459,0.449542,0.397344,-0.713727
A,243181879,4.0941,0.4310,7.4053
G,243182974,0.402670,0.398409,-0.672182
A,243184344,3.8966,0.4417,7.2796
G,243185470,0.346211,0.404800,-0.630637
A,243186817,3.7421,0.4525,7.1323
G,243187964,0.278034,0.417584,-0.594418
A,243189263,3.6272,0.4597,6.9635
G,243190460,0.193878,0.430367,-0.566721
TRK,243190,-0.44384,-0.14031,0.08547,-0.88092,-0.3887,0.4908,-0.1580,0.083,0.520,0.068,2,11
A,243191760,3.5698,0.4741,6.7588
G,243192954,0.088417,0.450607,-0.547546
A,243194234,3.5518,0.4920,6.5398
G,243195450,-0.040480,0.477238,-0.531567
A,243196711,3.5626,0.5171,6.3494
G,243197925,-0.192813,0.514523,-0.515588
A,243199207,3.5841,0.5495,6.2489
G,243200419,-0.364320,0.562460,-0.499609
A,243201681,3.6236,0.5854,6.2740
G,243202934,-0.537959,0.615723,-0.484695
A,243204149,3.6703,0.6213,6.4536
G,243205430,-0.695618,0.666856,-0.474043
A,243206623,3.7493,0.6572,6.7481
G,243207926,-0.821319,0.706270,-0.470847
A,243209073,3.8427,0.6823,7.1036
G,243210421,-0.903344,0.732902,-0.474043
A,243211547,3.9612,0.6716,7.4340
G,243212917,-0.940628,0.746750,-0.480434
A,243213998,4.0869,0.6249,7.6782
G,243215413,-0.948085,0.745685,-0.486826
A,243216481,4.2126,0.5315,7.8147
G,243217889,-0.944889,0.727576,-0.495348
A,243218954,4.3167,0.3879,7.8650
TRK,243218,-0.45161,-0.12976,0.08761,-0.87837,-0.3868,0.5065,-0.1569,0.039,0.541,0.010,2,11
G,243220395,-0.948085,0.698813,-0.502805
A,243221417,4.3814,0.2083,7.8793
G,243222891,-0.961934,0.666856,-0.509196
A,243223911,4.4029,-0.0180,7.9009
G,243225377,-0.980043,0.637028,-0.515588
A,243226385,4.3922,-0.2765,7.9368
G,243227892,-1.000283,0.613592,-0.521980
A,243228858,4.3778,-0.5459,7.9942
G,243230388,-1.020523,0.591222,-0.531567
A,243231332,4.3850,-0.7937,8.0373
TRK,243226,-0.45396,-0.12611,0.08941,-0.87751,-0.3866,0.5106,-0.1569,0.030,0.550,0.004,2,11
G,243232904,-1.043959,0.575243,-0.545415
A,243233808,4.4281,-0.9948,8.0409
G,243235400,-1.076982,0.562460,-0.559264
A,243236282,4.5071,-1.1241,8.0014
G,243237886,-1.124919,0.557133,-0.568851
A,243238729,4.6005,-1.1744,7.9260
G,243240382,-1.192031,0.558199,-0.577373
A,243241216,4.7010,-1.1349,7.8398
G,243242859,-1.267665,0.567786,-0.588026
A,243243690,4.7872,-1.0020,7.7572
G,243245366,-1.344364,0.586961,-0.605070
A,243246159,4.8483,-0.8009,7.7177
G,243247862,-1.410410,0.619984,-0.627441
A,243248633,4.8770,-0.5746,7.6998
G,243250349,-1.459412,0.663660,-0.647681
A,243251082,4.8554,-0.3448,7.7141
G,243252844,-1.488174,0.714792,-0.664725
A,243253576,4.7764,-0.1365,7.7321
G,243255324,-1.495631,0.769121,-0.683900
A,243256050,4.6400,0.0575,7.7464
TRK,243256,-0.46479,-0.11036,0.10046,-0.87275,-0.3860,0.5277,-0.1571,-0.001,0.606,-0.021,2,11
G,243257842,-1.478587,0.827710,-0.710531
A,243258531,4.4568,0.2334,7.7285
G,243260338,-1.438107,0.887365,-0.742489
A,243261005,4.2593,0.4202,7.6926
G,243262835,-1.383778,0.945955,-0.770186
A,243263467,4.0725,0.5997,7.6172
G,243265353,-1.326254,0.999218,-0.790426
A,243265950,3.9109,0.7757,7.5238
G,243267848,-1.276187,1.047155,-0.805340
A,243268424,3.7816,0.9409,7.4304
TRK,243263,-0.46813,-0.10523,0.10332,-0.87127,-0.3861,0.5323,-0.1573,-0.015,0.614,-0.030,2,11
G,243270356,-1.239968,1.086570,-0.818123
A,243270898,3.6739,1.0918,7.3801
G,243272851,-1.220793,1.112136,-0.829841
A,243273371,3.5985,1.2175,7.3622
G,243275338,-1.208010,1.119593,-0.842624
A,243275826,3.5374,1.3360,7.3909
G,243277856,-1.189900,1.122789,-0.859668
A,243278312,3.4836,1.4150,7.4268
G,243280352,-1.154747,1.131311,-0.886300
A,243280786,3.3974,1.4653,7.4376
G,243282849,-1.104679,1.148355,-0.917193
A,243283253,3.2896,1.4617,7.4304
G,243285345,-1.043959,1.166465,-0.941694
A,243285750,3.1891,1.4293,7.3694
G,243287822,-0.985370,1.178182,-0.951281
A,243288224,3.1173,1.3719,7.2868
G,243290328,-0.941694,1.187770,-0.949151
A,243290700,3.0849,1.3072,7.1826
G,243292824,-0.918258,1.196292,-0.943824
A,243293174,3.0742,1.2282,7.1036
TRK,243288,-0.48039,-0.08738,0.10849,-0.86592,-0.3872,0.5475,-0.1586,-0.076,0.616,-0.075,2,11
G,243295311,-0.918258,1.203749,-0.929976
A,243295633,3.0670,1.1061,7.0964
G,243297807,-0.929976,1.210140,-0.910801
A,243298106,3.0670,0.9373,7.1503
G,243300295,-0.944889,1.215467,-0.882039
A,243300567,3.0849,0.7542,7.2652
G,243302803,-0.958738,1.218663,-0.854342
A,243303047,3.1244,0.5710,7.3837
G,243305299,-0.970456,1.218663,-0.827710
A,243305521,3.1819,0.4417,7.4735
G,243307797,-0.978978,1.220793,-0.804275
A,243307993,3.2501,0.3591,7.5166
G,243310292,-0.984304,1.225054,-0.780839
A,243310467,3.3255,0.3196,7.5202
G,243312770,-0.984304,1.233576,-0.761664
A,243312919,3.3902,0.2981,7.5094
TRK,243313,-0.49227,-0.06973,0.11057,-0.86057,-0.3897,0.5628,-0.1611,-0.127,0.624,-0.124,2,11
G,243315279,-0.982174,1.244229,-0.744620
A,243315403,3.4405,0.2765,7.4986
G,243317774,-0.974717,1.257012,-0.730771
A,243317877,3.4692,0.2514,7.4986
G,243320257,-0.962999,1.270860,-0.719053
A,243320335,3.4656,0.2227,7.5022
G,243322776,-0.943824,1.288970,-0.711597
A,243322831,3.4297,0.2227,7.4986
G,243325272,-0.922519,1.312406,-0.705205
A,243325304,3.3543,0.2227,7.4663
G,243327771,-0.903344,1.336907,-0.702009
A,243327781,3.2465,0.2478,7.4124
A,243330255,3.1208,0.2837,7.3191
G,243330266,-0.888430,1.358212,-0.699879
TRK,243325,-0.49742,-0.06043,0.11149,-0.85819,-0.3915,0.5706,-0.1627,-0.151,0.634,-0.146,2,11
A,243332712,2.9808,0.3304,7.1898
G,243332745,-0.875647,1.378452,-0.700944
A,243335199,2.8371,0.3915,7.0174
G,243335254,-0.872451,1.405084,-0.708401
A,243337673,2.6791,0.4776,6.8019
G,243337750,-0.884169,1.438107,-0.721184
A,243340142,2.4995,0.5638,6.5685
G,243340239,-0.920388,1.476456,-0.733967
A,243342616,2.2805,0.6464,6.3602
G,243342735,-0.981108,1.518002,-0.743555
A,243345086,2.0255,0.7003,6.2094
G,243345224,-1.062069,1.565939,-0.745685
A,243347577,1.7310,0.7039,6.1411
G,243347734,-1.147290,1.620267,-0.744620
A,243350051,1.4293,0.6536,6.1663
G,243350230,-1.228250,1.684183,-0.746750
TRK,243345,-0.50563,-0.04437,0.11185,-0.85432,-0.3948,0.5833,-0.1661,-0.188,0.643,-0.197,2,11
A,243352532,1.1313,0.5459,6.2632
G,243352729,-1.297492,1.753425,-0.753142
A,243355006,0.8547,0.3915,6.3889
G,243355225,-1.352886,1.824798,-0.761664
A,243357461,0.6213,0.2119,6.5146
G,243357697,-1.396562,1.886583,-0.769121
A,243359952,0.4310,0.0395,6.5864
G,243360206,-1.433846,1.934520,-0.768056
A,243362426,0.3053,-0.1006,6.6008
G,243362702,-1.476456,1.962217,-0.763795
A,243364920,0.2370,-0.1688,6.5541
G,243365212,-1.535046,1.969674,-0.760599
A,243367394,0.1688,-0.1760,6.4751
G,243367708,-1.617071,1.959021,-0.772317
A,243369865,0.0790,-0.1293,6.4177
G,243370194,-1.718271,1.933455,-0.803209
A,243372338,-0.0108,-0.0970,6.3746
TRK,243371,-0.51689,-0.01670,0.11485,-0.84815,-0.4003,0.6005,-0.1727,-0.212,0.617,-0.290,2,11
G,243372714,-1.820537,1.902562,-0.859668
A,243374794,-0.1437,-0.0718,6.3853
G,243375210,-1.901497,1.879126,-0.935302
A,243377280,-0.2478,-0.1185,6.3925
G,243377710,-1.954760,1.866343,-1.026915
A,243379754,-0.3627,-0.1796,6.4356
G,243380206,-1.988849,1.861017,-1.123854
A,243382222,-0.3950,-0.2837,6.4464
G,243382686,-2.022937,1.853560,-1.210140
A,243384695,-0.5279,-0.3448,6.4428
G,243385182,-2.053830,1.861017,-1.269795
A,243387164,-0.6177,-0.4453,6.4895
G,243387662,-2.101767,1.859952,-1.303884
A,243389656,-0.7901,-0.5064,6.4823
G,243390166,-2.158226,1.848234,-1.316667
A,243392130,-0.9984,-0.5710,6.5577
G,243392662,-2.224272,1.808819,-1.331581
TRK,243388,-0.52703,0.00496,0.12090,-0.84119,-0.4035,0.6094,-0.1774,-0.218,0.594,-0.341,2,11
A,243394609,-1.1600,-0.6321,6.5757
G,243395153,-2.271144,1.771535,-1.361408
A,243397083,-1.3180,-0.6357,6.5936
G,243397648,-2.300971,1.742772,-1.418932
A,243399544,-1.3934,-0.6033,6.5685
G,243400120,-2.324407,1.724663,-1.494566
A,243402035,-1.4617,-0.5064,6.5290
G,243402622,-2.348908,1.714010,-1.574461
A,243404509,-1.4688,-0.3807,6.5218
G,243405144,-2.376605,1.700162,-1.640507
A,243406972,-1.4473,-0.2442,6.5577
G,243407640,-2.396845,1.684183,-1.682052
A,243409455,-1.4078,-0.1401,6.6475
G,243410131,-2.402171,1.657551,-1.694836
A,243411929,-1.3719,-0.1113,6.8127
G,243412646,-2.389388,1.619202,-1.679922
A,243414386,-1.3575,-0.1688,7.0210
G,243415142,-2.364887,1.559547,-1.646899
TRK,243415,-0.54683,0.03900,0.13542,-0.82530,-0.4095,0.6248,-0.1879,-0.225,0.532,-0.433,2,11
A,243416880,-1.3431,-0.3268,7.2437
G,243417643,-2.328668,1.475391,-1.603223
A,243419354,-1.3144,-0.5495,7.4376
G,243420139,-2.274339,1.370995,-1.557416
A,243421824,-1.2498,-0.7937,7.5705
G,243422615,-2.202967,1.260208,-1.516936
A,243424298,-1.1600,-1.0235,7.6172
G,243425127,-2.119876,1.155812,-1.496696
A,243426755,-1.0630,-1.2175,7.5812
G,243427623,-2.032524,1.066330,-1.503088
A,243429229,-0.9768,-1.3755,7.4807
TRK,243428,-0.55517,0.05169,0.14276,-0.81777,-0.4129,0.6325,-0.1946,-0.232,0.501,-0.469,2,11
G,243430130,-1.946238,0.990696,-1.535046
A,243431682,-0.9086,-1.4868,7.3083
G,243432626,-1.876996,0.921454,-1.580852
A,243434167,-0.8655,-1.5622,7.1036
G,243435114,-1.838646,0.847950,-1.633050
A,243436641,-0.8260,-1.5694,6.8953
G,243437610,-1.839712,0.762729,-1.679922
A,243439111,-0.8080,-1.5191,6.6906
G,243440082,-1.873800,0.673247,-1.716141
A,243441603,-0.8080,-1.4473,6.5362
G,243442577,-1.927063,0.592287,-1.741707
A,243444077,-0.8224,-1.3898,6.4248
G,243445089,-1.989914,0.528371,-1.760882
A,243446537,-0.9086,-1.4006,6.3710
G,243447585,-2.053830,0.481499,-1.781122
A,243449029,-1.0307,-1.5012,6.3925
G,243450077,-2.110289,0.451672,-1.802427
A,243451503,-1.1923,-1.6664,6.4500
G,243452573,-2.148638,0.439954,-1.816276
TRK,243447,-0.56868,0.06582,0.15526,-0.80509,-0.4169,0.6409,-0.2032,-0.235,0.475,-0.519,2,11
A,243453995,-1.3611,-1.8998,6.5505
G,243455066,-2.168878,0.444215,-1.817341
A,243456469,-1.4940,-2.1691,6.6655
G,243457562,-2.181661,0.449542,-1.807754
A,243458942,-1.5802,-2.4493,6.7732
G,243460034,-2.201901,0.432497,-1.794970
A,243461436,-1.6161,-2.7330,6.8917
G,243462529,-2.231729,0.386691,-1.782187
A,243463910,-1.6089,-2.9700,6.9923
G,243465025,-2.266883,0.319579,-1.771535
A,243466394,-1.5658,-3.1460,7.0892
G,243467508,-2.296710,0.247141,-1.763013
A,243468868,-1.5191,-3.2537,7.1611
G,243470022,-2.316950,0.182160,-1.757686
A,243471333,-1.4724,-3.2932,7.2042
G,243472518,-2.324407,0.132093,-1.753425
A,243473806,-1.4688,-3.2968,7.2149
TRK,243468,-0.58198,0.07867,0.17180,-0.79094,-0.4221,0.6511,-0.2155,-0.223,0.433,-0.578,2,11
G,243475031,-2.324407,0.090547,-1.751295
A,243476273,-1.4688,-3.2825,7.1790
G,243477527,-2.323342,0.046872,-1.748099
A,243478746,-1.4581,-3.2789,7.0964
G,243480021,-2.330799,-0.008522,-1.747033
A,243481194,-1.4257,-3.2968,6.9671
G,243482532,-2.357430,-0.067112,-1.745968
A,243483660,-1.3611,-3.3615,6.8199
G,243485028,-2.408563,-0.111853,-1.752360
A,243486134,-1.3108,-3.4728,6.6978
G,243487532,-2.487392,-0.128897,-1.770469
A,243488593,-1.3072,-3.6416,6.6475
G,243490027,-2.589658,-0.129962,-1.801362
A,243491075,-1.3719,-3.8678,6.7050
G,243492502,-2.705772,-0.133158,-1.836516
A,243493549,-1.4688,-4.1587,6.8809
TRK,243493,-0.59659,0.09229,0.19743,-0.77239,-0.4273,0.6612,-0.2304,-0.197,0.387,-0.631,2,11
G,243495016,-2.816559,-0.153398,-1.872735
A,243496020,-1.5838,-4.4999,7.1251
G,243497512,-2.907106,-0.189617,-1.908954
A,243498510,-1.6771,-4.8914,7.3981
G,243499994,-2.967826,-0.231162,-1.949434
A,243500984,-1.7202,-5.3079,7.6172
G,243502490,-3.005111,-0.272708,-1.996305
A,243503467,-1.6987,-5.6994,7.7536
G,243504964,-3.036003,-0.320645,-2.047438
A,243505941,-1.6017,-5.9975,7.7824
G,243507469,-3.082875,-0.380299,-2.093245
A,243508404,-1.4293,-6.1699,7.7033
G,243509965,-3.159574,-0.443150,-2.120941
A,243510892,-1.1923,-6.1806,7.5669
G,243512443,-3.272492,-0.500674,-2.118811
A,243513366,-0.9517,-6.0406,7.3729
G,243514950,-3.420564,-0.548611,-2.087918
A,243515832,-0.7254,-5.8395,7.1898
G,243517446,-3.599528,-0.595483,-2.036785
TRK,243513,-0.60826,0.10389,0.22437,-0.75424,-0.4308,0.6685,-0.2431,-0.153,0.348,-0.644,2,11
A,243518318,-0.5315,-5.5917,7.0390
G,243519921,-3.797668,-0.632767,-1.983522
A,243520792,-0.4202,-5.3762,6.9564
G,243522427,-3.992611,-0.657268,-1.941977
A,243523258,-0.3735,-5.2289,6.9779
G,243524923,-4.166249,-0.661529,-1.924933
A,243525746,-0.3986,-5.1356,7.0749
G,243527399,-4.294081,-0.637028,-1.934520
A,243528220,-0.5064,-5.1032,7.2688
G,243529895,-4.371845,-0.597613,-1.964347
A,243530678,-0.6177,-5.1032,7.4699
G,243532391,-4.395281,-0.560329,-2.014415
A,243533167,-0.7398,-5.1140,7.6531
G,243534867,-4.367584,-0.541154,-2.080461
A,243535641,-0.8440,-5.1032,7.7536
G,243537363,-4.301538,-0.524110,-2.157160
TRK,243531,-0.61707,0.11906,0.26002,-0.73310,-0.4332,0.6743,-0.2544,-0.129,0.324,-0.662,2,11
A,243538130,-0.9194,-5.0709,7.7572
G,243539840,-4.214186,-0.503870,-2.227468
A,243540604,-0.9876,-5.0135,7.6746
G,243542347,-4.130030,-0.486826,-2.271144
A,243543074,-1.0379,-4.9416,7.5489
G,243544843,-4.059722,-0.484695,-2.286057
A,243545567,-1.0989,-4.8626,7.4089
G,243547322,-3.997937,-0.491087,-2.282862
A,243548041,-1.0989,-4.7764,7.2832
G,243549807,-3.939348,-0.511327,-2.271144
A,243550489,-1.1241,-4.7046,7.2113
G,243552303,-3.876497,-0.558199,-2.256230
TRK,243551,-0.62643,0.13464,0.29556,-0.70859,-0.4357,0.6803,-0.2676,-0.123,0.276,-0.681,2,11
A,243552981,-1.0379,-4.5753,7.1144
G,243554781,-3.799798,-0.609331,-2.257295
A,243555455,-1.0379,-4.4748,7.0856
G,243557289,-3.698598,-0.631702,-2.288188
A,243557928,-0.9373,-4.3922,7.0390
G,243559785,-3.563309,-0.590156,-2.335060
A,243560402,-0.8404,-4.3634,7.0282
G,243562273,-3.392867,-0.494283,-2.370213
A,243562856,-0.5890,-4.4173,6.9671
G,243564792,-3.194728,-0.358994,-2.391519
A,243565342,-0.2514,-4.5502,6.8809
G,243567288,-2.992327,-0.190682,-2.431999
A,243567816,0.1508,-4.7441,6.7337
G,243569786,-2.809102,0.005326,-2.510828
A,243570282,0.4812,-5.0170,6.6188
G,243572282,-2.656770,0.218379,-2.615224
A,243572755,0.6788,-5.3439,6.5721
G,243574761,-2.527873,0.421845,-2.712163
A,243575203,0.7542,-5.6958,6.6511
G,243577258,-2.410693,0.586961,-2.777144
A,243577669,0.7614,-6.0298,6.7876
TRK,243574,-0.63953,0.14668,0.32605,-0.68057,-0.4388,0.6864,-0.2850,-0.130,0.227,-0.721,2,11
G,243579777,-2.299906,0.682835,-2.801646
A,243580158,0.7937,-6.3027,6.9204
G,243582273,-2.199771,0.690291,-2.800580
A,243582632,0.8619,-6.4931,6.9528
G,243584771,-2.120941,0.617853,-2.799515
A,243585102,1.0810,-6.6044,6.8199
G,243587267,-2.085788,0.485761,-2.811233
A,243587575,1.3827,-6.6547,6.5146
G,243589746,-2.113484,0.333428,-2.838929
A,243590026,1.7454,-6.7014,6.1196
G,243592255,-2.220011,0.178964,-2.878344
A,243592508,2.1584,-6.7840,5.7461
TRK,243590,-0.65253,0.15323,0.33758,-0.66088,-0.4407,0.6896,-0.2957,-0.121,0.212,-0.727,2,11
G,243594774,-2.397910,0.039415,-2.919889
A,243595000,2.5067,-6.9564,5.5378
G,243597270,-2.625877,-0.089482,-2.939064
A,243597474,2.8515,-7.2042,5.5162
G,243599769,-2.867692,-0.208792,-2.933738
A,243599947,3.0957,-7.5453,5.7533
G,243602287,-3.094593,-0.335558,-2.913498
A,243602440,3.3184,-7.9152,6.0980
G,243604783,-3.271427,-0.460194,-2.898584
A,243604913,3.4333,-8.2636,6.4967
G,243607291,-3.383280,-0.564590,-2.895388
A,243607397,3.4800,-8.5401,6.7947
G,243609787,-3.439739,-0.639159,-2.901780
A,243609871,3.4620,-8.7089,6.9025
G,243612266,-3.471697,-0.683900,-2.899650
A,243612327,3.4548,-8.7915,6.8235
TRK,243613,-0.66712,0.16169,0.36659,-0.62802,-0.4430,0.6945,-0.3119,-0.089,0.223,-0.713,2,11
G,243614785,-3.506850,-0.703074,-2.879410
A,243614822,3.4297,-8.7951,6.5434
G,243617280,-3.553722,-0.679639,-2.853843
A,243617296,3.4261,-8.7700,6.1878
A,243619753,3.3579,-8.6910,5.7640
G,243619759,-3.624029,-0.615723,-2.833603
A,243622240,3.2465,-8.5796,5.3834
G,243622268,-3.728425,-0.523045,-2.811233
A,243624714,3.0490,-8.4611,5.1212
G,243624764,-3.872236,-0.427171,-2.761165
A,243627182,2.8479,-8.3426,5.0637
G,243627253,-4.040548,-0.329167,-2.654639
A,243629656,2.6288,-8.2277,5.1858
G,243629748,-4.203533,-0.236489,-2.499110
A,243632125,2.4708,-8.1056,5.4300
G,243632237,-4.321777,-0.149137,-2.309493
A,243634599,2.3559,-7.9404,5.6527
TRK,243629,-0.67474,0.17206,0.39388,-0.59998,-0.4443,0.6983,-0.3241,-0.058,0.222,-0.699,2,11
G,243634757,-4.372910,-0.057524,-2.114550
A,243637049,2.2589,-7.7393,5.8071
G,243637252,-4.363323,0.051133,-1.923867
A,243639530,2.1620,-7.5130,5.8790
G,243639752,-4.319647,0.171508,-1.744903
A,243642004,2.0435,-7.2832,5.8718
G,243642247,-4.259992,0.282295,-1.579787
A,243644455,1.9070,-7.0569,5.7928
G,243644716,-4.188620,0.369647,-1.434911
A,243646949,1.7490,-6.8594,5.5988
G,243647226,-4.107659,0.434628,-1.308145
A,243649422,1.5658,-6.7337,5.3008
G,243649721,-4.032026,0.480434,-1.201618
A,243651891,1.3324,-6.6870,4.8985
G,243652206,-3.979828,0.509196,-1.108940
A,243654365,1.0415,-6.7265,4.4496
TRK,243649,-0.67777,0.19498,0.42046,-0.57081,-0.4454,0.7025,-0.3380,-0.051,0.198,-0.705,2,11
G,243654726,-3.967044,0.520914,-1.025850
A,243656820,0.7003,-6.7983,4.0187
G,243657222,-3.995807,0.517718,-0.952346
A,243659306,0.3448,-6.8522,3.6416
G,243659721,-4.059722,0.507066,-0.886300
A,243661780,-0.0215,-6.8522,3.3794
G,243662217,-4.146009,0.490022,-0.829841
A,243664247,-0.3376,-6.7876,3.2322
G,243664697,-4.240818,0.464455,-0.779773
A,243666744,-0.5890,-6.6655,3.1496
G,243667207,-4.330300,0.432497,-0.731837
A,243669218,-0.7757,-6.5362,3.0921
G,243669727,-4.401672,0.394148,-0.683900
A,243671676,-0.8835,-6.4500,3.0131
G,243672223,-4.451740,0.353668,-0.634898
A,243674149,-0.9337,-6.4536,2.8766
TRK,243668,-0.67661,0.21832,0.43927,-0.54917,-0.4462,0.7060,-0.3523,-0.035,0.148,-0.754,2,11
G,243674743,-4.485828,0.304666,-0.596548
A,243676609,-0.9194,-6.5900,2.6683
G,243677238,-4.510330,0.243946,-0.567786
A,243679092,-0.8296,-6.8522,2.4241
G,243679731,-4.531635,0.174703,-0.553937
A,243681566,-0.6680,-7.2042,2.1440
G,243682227,-4.554006,0.105461,-0.548611
A,243684037,-0.4489,-7.6028,1.8854
G,243684707,-4.588094,0.041545,-0.555003
A,243686539,-0.1975,-7.9978,1.6807
G,243687217,-4.632835,-0.017044,-0.575243
A,243689013,0.0431,-8.3462,1.5730
G,243689736,-4.682902,-0.078830,-0.605070
A,243691475,0.2801,-8.6119,1.5694
G,243692232,-4.727643,-0.154463,-0.635963
A,243693948,0.4956,-8.8095,1.6412
G,243694732,-4.753210,-0.241815,-0.654072
A,243696392,0.7254,-8.9459,1.7705
G,243697227,-4.745753,-0.340885,-0.656203
TRK,243697,-0.66526,0.26098,0.47733,-0.51135,-0.4466,0.7088,-0.3739,0.015,0.064,-0.826,2,11
A,243698886,0.9876,-9.1255,1.8747
G,243699727,-4.694620,-0.443150,-0.640224
A,243701360,1.3001,-9.4092,1.9178
G,243702223,-4.593420,-0.543285,-0.609331
A,243703835,1.7059,-9.9048,1.8531
G,243704702,-4.446414,-0.635963,-0.567786
A,243706309,2.2410,-10.6518,1.6915
G,243707213,-4.275971,-0.716923,-0.516653
A,243708765,2.9341,-11.6358,1.5407
G,243709708,-4.110855,-0.791491,-0.469782
TRK,243709,-0.65769,0.27559,0.49478,-0.49667,-0.4463,0.7094,-0.3842,0.046,0.038,-0.823,2,11
A,243711252,3.7457,-12.6953,1.4724
G,243712198,-3.964914,-0.876713,-0.446346
A,243713726,4.4604,-13.8050,1.4617
G,243714708,-3.799798,-1.021589,-0.518784
A,243716183,5.2074,-14.7387,1.4222
G,243717204,-3.567570,-1.206945,-0.700944
A,243718657,5.7066,-15.4785,1.3144
G,243719704,-3.245860,-1.388040,-0.962999
A,243721107,6.2704,-15.9238,1.2929
G,243722200,-2.945456,-1.479652,-1.198422
A,243723587,6.9168,-16.1214,1.5299
G,243724680,-2.800580,-1.474326,-1.327320
A,243726061,7.7788,-16.1609,2.2913
G,243727191,-2.900715,-1.396562,-1.297492
A,243728522,8.8490,-16.1537,3.4979
G,243729686,-3.172357,-1.295362,-1.104679
A,243731013,9.9802,-16.1106,4.9201
G,243732177,-3.456783,-1.217597,-0.805340
A,243733487,10.9930,-15.9274,6.1914
TRK,243729,-0.64651,0.28612,0.52178,-0.47739,-0.4446,0.7101,-0.3994,0.117,0.035,-0.699,2,11
G,243734697,-3.615507,-1.202684,-0.495348
A,243735960,11.6681,-15.4498,7.0282
G,243737193,-3.601659,-1.251686,-0.263120
A,243738434,11.9734,-14.6453,7.3406
G,243739690,-3.454652,-1.329450,-0.164051
A,243740884,11.8441,-13.6074,7.2006
G,243742186,-3.240534,-1.384844,-0.204531
A,243743369,11.4419,-12.5301,6.7516
G,243744666,-3.008307,-1.386974,-0.366451
A,243745843,10.7847,-11.6143,6.1986
G,243747178,-2.773949,-1.326254,-0.612527
A,243748308,9.9228,-10.9535,5.6204
G,243749673,-2.538525,-1.210140,-0.908670
A,243750805,8.9064,-10.5836,5.0961
G,243752164,-2.295645,-1.051416,-1.199488
A,243753278,7.7536,-10.4399,4.6005
G,243754676,-2.052764,-0.883104,-1.430650
A,243755746,6.5864,-10.4651,4.1300
G,243757172,-1.824798,-0.735032,-1.549960
A,243758220,5.5557,-10.5872,3.6057
TRK,243752,-0.63156,0.29845,0.54908,-0.45887,-0.4423,0.7120,-0.4140,0.061,0.126,-0.509,2,11
G,243759673,-1.637311,-0.631702,-1.549960
A,243760678,4.7369,-10.7452,3.0347
G,243762168,-1.514806,-0.581634,-1.464738
A,243763155,4.1911,-10.9212,2.4565
G,243764637,-1.470065,-0.581634,-1.345429
A,243765628,3.8571,-11.0612,1.9213
G,243767136,-1.496696,-0.628506,-1.244229
A,243768086,3.7134,-11.1654,1.5012
G,243769632,-1.564873,-0.700944,-1.189900
A,243770560,3.6021,-11.1761,1.1708
TRK,243764,-0.63018,0.29814,0.55933,-0.44849,-0.4416,0.7136,-0.4201,0.055,0.122,-0.478,2,11
G,243772123,-1.641572,-0.772317,-1.196292
A,243773011,3.4872,-11.1115,0.9517
G,243774635,-1.699097,-0.813862,-1.250620
A,243775483,3.2717,-10.9642,0.7434
G,243777131,-1.726794,-0.817058,-1.320928
A,243777957,2.9628,-10.7667,0.5459
G,243779630,-1.733185,-0.789361,-1.378452
A,243780417,2.6109,-10.5656,0.3304
G,243782125,-1.726794,-0.739293,-1.402953
A,243782911,2.3056,-10.3609,0.0934
G,243784607,-1.720402,-0.681769,-1.395496
A,243785385,2.0830,-10.1670,-0.1544
G,243787113,-1.718271,-0.619984,-1.363539
A,243787854,1.9465,-9.9802,-0.3843
G,243789609,-1.727859,-0.560329,-1.324124
A,243790328,1.8783,-9.7899,-0.6069
TRK,243789,-0.62601,0.29809,0.57898,-0.42900,-0.4398,0.7160,-0.4314,0.097,0.067,-0.456,2,11
G,243792101,-1.750229,-0.502805,-1.281513
A,243792783,1.8352,-9.6103,-0.7901
G,243794615,-1.787514,-0.445280,-1.239968
A,243795262,1.8100,-9.4595,-0.9553
G,243797111,-1.833320,-0.385626,-1.196292
A,243797736,1.8172,-9.3446,-1.1205
G,243799613,-1.884453,-0.324906,-1.153681
A,243800204,1.8280,-9.2871,-1.3252
G,243802109,-1.939846,-0.268447,-1.115332
A,243802702,1.8603,-9.2548,-1.5191
G,243804591,-2.005893,-0.204531,-1.080178
A,243805176,1.8962,-9.2153,-1.7418
G,243807103,-2.078331,-0.127832,-1.053546
A,243807655,1.9752,-9.1291,-1.8962
G,243809599,-2.156095,-0.041545,-1.033306
A,243810129,2.1332,-8.9783,-1.9788
TRK,243805,-0.62398,0.30055,0.58921,-0.41611,-0.4381,0.7167,-0.4383,0.139,0.028,-0.470,2,11
G,243812111,-2.232794,0.045806,-1.023719
A,243812608,2.3523,-8.8059,-1.9788
G,243814607,-2.303102,0.129962,-1.025850
A,243815082,2.6576,-8.6802,-1.9106
G,243817099,-2.356365,0.210922,-1.040763
A,243817543,2.9987,-8.6945,-1.7921
G,243819594,-2.381931,0.278034,-1.064199
A,243820034,3.3974,-8.9244,-1.6843
G,243822067,-2.373409,0.322775,-1.088700
A,243822508,3.8283,-9.4092,-1.6197
G,243824570,-2.332929,0.340885,-1.105744
A,243824980,4.2916,-10.1275,-1.6161
G,243827065,-2.267948,0.341950,-1.111071
A,243827454,4.7585,-11.0073,-1.6197
G,243829543,-2.192314,0.337689,-1.107875
A,243829902,5.2002,-11.9590,-1.5766
G,243832038,-2.116680,0.334493,-1.101483
A,243832394,5.6132,-12.8676,-1.3755
G,243834510,-2.047438,0.333428,-1.088700
A,243834868,6.0226,-13.6685,-1.0271
TRK,243830,-0.62200,0.31213,0.60448,-0.38768,-0.4338,0.7169,-0.4502,0.210,-0.012,-0.469,2,11
G,243837004,-1.988849,0.329167,-1.062069
A,243837333,6.4715,-14.3329,-0.5567
G,243839500,-1.936651,0.321710,-1.023719
A,243839822,6.9994,-14.8536,-0.0539
G,243841967,-1.888714,0.307861,-0.980043
A,243842296,7.6351,-15.2163,0.3843
G,243844472,-1.852495,0.297209,-0.944889
A,243844772,8.3498,-15.4246,0.7793
G,243846968,-1.843973,0.297209,-0.935302
A,243847246,9.0465,-15.4282,1.1492
G,243849452,-1.871669,0.299339,-0.959803
A,243849703,9.6678,-15.2307,1.5874
G,243851968,-1.924933,0.281230,-1.013066
A,243852192,10.1454,-14.8213,2.1009
G,243854463,-1.980326,0.222640,-1.082309
A,243854666,10.4615,-14.2323,2.6935
G,243856947,-2.010154,0.128897,-1.159008
A,243857123,10.6554,-13.5069,3.3004
TRK,243857,-0.62128,0.32066,0.61541,-0.36395,-0.4276,0.7161,-0.4606,0.214,-0.025,-0.279,2,11
G,243859452,-1.998436,0.027697,-1.232511
A,243859603,10.7200,-12.7204,3.8966
G,243861968,-1.933455,-0.066046,-1.306014
A,243862093,10.6949,-11.9447,4.4029
G,243864463,-1.808819,-0.152333,-1.374191
A,243864567,10.5908,-11.2551,4.7621
G,243866958,-1.624528,-0.238619,-1.445564
A,243867038,10.4327,-10.6913,4.8985
G,243869454,-1.392301,-0.315318,-1.525459
A,243869512,10.2352,-10.2891,4.7980
TRK,243864,-0.62057,0.32202,0.61973,-0.35654,-0.4261,0.7160,-0.4625,0.184,-0.007,-0.233,2,11
G,243871929,-1.136637,-0.361125,-1.623463
A,243871964,10.0018,-10.0341,4.4927
G,243874435,-0.884169,-0.364320,-1.741707
A,243874447,9.7073,-9.8976,4.0438
A,243876921,9.3733,-9.8330,3.5482
G,243876931,-0.653007,-0.329167,-1.874865
A,243879385,8.9998,-9.7971,3.0670
G,243879416,-0.454868,-0.271642,-2.003762
A,243881880,8.6263,-9.7648,2.6504
G,243881932,-0.292948,-0.211988,-2.101767
A,243884354,8.2708,-9.7324,2.3164
G,243884428,-0.164051,-0.168312,-2.160356
A,243886829,7.9224,-9.7217,2.0937
G,243886924,-0.058590,-0.151268,-2.186988
A,243889303,7.6243,-9.6570,1.8280
G,243889419,0.044741,-0.156594,-2.194445
A,243891759,7.4160,-9.5888,1.5658
G,243891895,0.158724,-0.154463,-2.189118
A,243894259,7.2868,-9.4846,1.2605
G,243894414,0.272708,-0.122505,-2.166748
A,243896733,7.2437,-9.3625,1.0092
G,243896910,0.356864,-0.057524,-2.116680
TRK,243893,-0.62488,0.30938,0.63302,-0.33630,-0.4225,0.7166,-0.4674,0.099,0.040,-0.137,2,11
A,243899201,7.1970,-9.2656,0.8763
G,243899396,0.395213,0.008522,-2.039981
A,243901688,7.1144,-9.1937,0.8835
G,243901901,0.401605,0.041545,-1.944107
A,243904162,7.0354,-9.1650,0.9697
G,243904397,0.405866,0.028762,-1.838646
A,243906632,6.9528,-9.1650,0.9984
G,243906884,0.430367,-0.018109,-1.724663
A,243909106,6.9887,-9.2081,1.0020
G,243909380,0.476173,-0.078830,-1.620267
A,243911566,7.0497,-9.2799,0.8619
G,243911857,0.526241,-0.133158,-1.540372
A,243914047,7.1359,-9.3877,0.6716
G,243914354,0.561394,-0.173638,-1.497762
A,243916521,7.2365,-9.5277,0.4310
G,243916849,0.567786,-0.205596,-1.477522
TRK,243911,-0.63202,0.29480,0.63761,-0.32726,-0.4208,0.7175,-0.4697,0.082,0.042,-0.098,2,11
A,243918993,7.2724,-9.6750,0.1760
G,243919337,0.543285,-0.227967,-1.464738
A,243921467,7.2975,-9.8330,0.0215
G,243921832,0.490022,-0.238619,-1.440237
A,243923920,7.3586,-9.9730,-0.0180
G,243924300,0.415453,-0.232228,-1.396562
A,243926404,7.4089,-10.0880,0.0395
G,243926798,0.333428,-0.210922,-1.330515
A,243928877,7.5094,-10.2101,0.2191
G,243929294,0.262055,-0.182160,-1.259143
A,243931342,7.5705,-10.3717,0.3843
G,243931772,0.213053,-0.152333,-1.193096
TRK,243932,-0.63639,0.28268,0.64151,-0.32181,-0.4192,0.7182,-0.4711,0.081,0.033,-0.047,2,11
STAT,404.2,400.7,0,0,0,3.0645,115.397,0.0959,0.1426,-0.0817,9.7268,0.62,0.001
A,243933838,7.6207,-10.5692,0.5207
G,243934281,0.187487,-0.137419,-1.149420
A,243936312,7.6998,-10.8026,0.5926
G,243936777,0.189617,-0.133158,-1.128115
A,243938788,7.7859,-11.0540,0.5674
G,243939265,0.217314,-0.122505,-1.130246
A,243941281,7.9655,-11.1402,0.4202
G,243941771,0.256729,-0.094809,-1.145159
A,243943755,8.1092,-11.0468,0.1796
G,243944267,0.268447,-0.051133,-1.163269
A,243946214,8.2600,-10.6877,-0.0108
G,243946738,0.207727,-0.019175,-1.162203
A,243948712,8.4001,-10.1634,-0.0467
G,243949247,0.049002,-0.022371,-1.123854
A,243951186,8.5509,-9.4882,0.1293
G,243951766,-0.183225,-0.079895,-1.048220
A,243953645,8.7736,-8.8166,0.5602
G,243954262,-0.422910,-0.171508,-0.965129
A,243956134,9.0142,-8.1666,1.0630
G,243956761,-0.609331,-0.250337,-0.892692
A,243958608,9.1255,-7.5561,1.5443
G,243959257,-0.709466,-0.274838,-0.837298
TRK,243954,-0.63995,0.27371,0.64536,-0.31473,-0.4174,0.7187,-0.4713,0.080,0.021,0.031,2,11
A,243961098,9.1542,-7.0641,1.9501
G,243961755,-0.735032,-0.256729,-0.781904
A,243963572,8.9890,-6.6798,2.1763
G,243964251,-0.702009,-0.225836,-0.713727
A,243966043,8.7017,-6.4177,2.2553
G,243966730,-0.631702,-0.190682,-0.625310
A,243968516,8.3390,-6.2596,2.2302
G,243969240,-0.539024,-0.126766,-0.519849
A,243970969,7.8937,-6.1878,2.1296
G,243971736,-0.430367,-0.026632,-0.401605
TRK,243971,-0.63921,0.27281,0.64977,-0.30787,-0.4162,0.7194,-0.4705,0.047,0.055,0.052,2,11
A,243973451,7.4555,-6.1950,2.0004
G,243974225,-0.314253,0.083091,-0.266316
A,243975925,7.0820,-6.2740,1.8064
G,243976734,-0.182160,0.160855,-0.120375
A,243978379,6.8522,-6.4033,1.4868
G,243979230,-0.041545,0.185356,0.019175
A,243980868,6.7660,-6.5577,1.0379
G,243981725,0.086286,0.171508,0.121440
A,243983342,6.7588,-6.7086,0.5243
G,243984220,0.180030,0.149137,0.165116
A,243985818,6.7588,-6.8486,0.0395
G,243986700,0.227967,0.148072,0.154463
A,243988291,6.7193,-6.9635,-0.3160
G,243989205,0.237554,0.172573,0.106526
A,243990743,6.5972,-7.0461,-0.5315
G,243991701,0.229032,0.209857,0.050067
TRK,243991,-0.64028,0.27316,0.64852,-0.30796,-0.4155,0.7207,-0.4695,0.033,0.069,0.048,2,11
A,243993230,6.4356,-7.0928,-0.5890
G,243994191,0.220510,0.242880,0.007457
A,243995704,6.2668,-7.1180,-0.5926
G,243996704,0.225836,0.252468,-0.009587
A,243998165,6.1483,-7.1180,-0.5854
G,243999199,0.249272,0.239684,0.000000
A,244000638,6.1124,-7.1036,-0.6357
G,244001700,0.274838,0.209857,0.015979
A,244003088,6.1447,-7.0856,-0.7326
G,244004196,0.287621,0.185356,0.020240
A,244005569,6.1914,-7.0677,-0.8440
G,244006676,0.274838,0.183225,-0.003196
A,244008043,6.2237,-7.0533,-0.9230
G,244009186,0.240750,0.213053,-0.052198
A,244010504,6.2130,-7.0533,-0.9337
G,244011682,0.198139,0.268447,-0.110787
A,244012987,6.1806,-7.0677,-0.8871
G,244014163,0.162985,0.338754,-0.164051
A,244015461,6.1447,-7.0749,-0.8080
TRK,244014,-0.64281,0.27205,0.64611,-0.30873,-0.4145,0.7224,-0.4684,0.055,0.069,0.040,2,11
G,244016664,0.140615,0.411192,-0.199204
A,244017914,6.1160,-7.0820,-0.7039
G,244019160,0.126766,0.474043,-0.220510
A,244020398,6.1160,-7.0677,-0.5854
G,244021641,0.116114,0.520914,-0.229032
A,244022871,6.1411,-7.0390,-0.4489
G,244024136,0.103331,0.550742,-0.223706
A,244025356,6.1878,-7.0030,-0.2873
G,244026618,0.088417,0.557133,-0.208792
A,244027830,6.2596,-6.9743,-0.1401
G,244029130,0.073503,0.534763,-0.194943
A,244030296,6.3494,-6.9671,-0.0144
G,244031626,0.063916,0.484695,-0.186421
A,244032786,6.4428,-6.9923,0.0575
G,244034111,0.059655,0.416518,-0.184291
A,244035260,6.5398,-7.0282,0.0862
G,244036626,0.057524,0.339819,-0.185356
A,244037730,6.6224,-7.0856,0.0754
G,244039121,0.051133,0.264186,-0.186421
TRK,244038,-0.64752,0.27148,0.64282,-0.30628,-0.4131,0.7239,-0.4676,0.064,0.070,0.034,2,11
A,244040217,6.6834,-7.1467,0.0395
G,244041603,0.041545,0.192813,-0.190682
A,244042691,6.7193,-7.2221,-0.0036
G,244044103,0.027697,0.134223,-0.192813
A,244045148,6.7373,-7.3011,-0.0611
G,244046599,0.010653,0.094809,-0.196009
A,244047622,6.7552,-7.3945,-0.1041
G,244049092,-0.010653,0.073503,-0.196009
A,244050072,6.7732,-7.4699,-0.1221
TRK,244050,-0.64822,0.27100,0.64266,-0.30554,-0.4123,0.7248,-0.4672,0.068,0.072,0.036,2,11
G,244051614,-0.035154,0.066046,-0.198139
A,244052553,6.7983,-7.5130,-0.1257
G,244054109,-0.064981,0.067112,-0.204531
A,244055044,6.8378,-7.5130,-0.0682
G,244056591,-0.099070,0.077764,-0.213053
A,244057518,6.8594,-7.4412,0.0036
G,244059104,-0.127832,0.090547,-0.226901
A,244059990,6.8809,-7.3119,0.1185
G,244061599,-0.138484,0.101200,-0.245011
A,244062463,6.8738,-7.1395,0.2227
G,244064092,-0.128897,0.102265,-0.273773
A,244064917,6.8486,-6.9384,0.3268
G,244066614,-0.102265,0.103331,-0.304666
A,244067401,6.8019,-6.7373,0.4058
G,244069110,-0.066046,0.109722,-0.335558
A,244069875,6.7516,-6.5577,0.4669
G,244071610,-0.025566,0.119310,-0.364320
A,244072338,6.7014,-6.4141,0.5100
G,244074106,0.019175,0.129962,-0.385626
TRK,244073,-0.64975,0.26979,0.64312,-0.30237,-0.4107,0.7265,-0.4663,0.069,0.080,0.038,2,11
A,244074833,6.6583,-6.3207,0.5243
G,244076588,0.067112,0.140615,-0.400539
A,244077307,6.6367,-6.2884,0.5100
G,244079100,0.118244,0.153398,-0.409062
A,244079783,6.6403,-6.3099,0.4812
G,244081596,0.169377,0.168312,-0.407996
A,244082257,6.6619,-6.3817,0.4202
G,244084088,0.215183,0.185356,-0.402670
A,244084714,6.6978,-6.4895,0.3519
G,244086584,0.251402,0.203465,-0.395213
A,244087202,6.7481,-6.6152,0.2693
G,244089057,0.276969,0.218379,-0.392017
A,244089676,6.7912,-6.7229,0.1975
G,244091554,0.290817,0.227967,-0.389887
A,244092140,6.8271,-6.8019,0.1401
G,244094050,0.295078,0.234358,-0.387756
A,244094613,6.8450,-6.8450,0.1185
TRK,244089,-0.65186,0.26739,0.64266,-0.30094,-0.4096,0.7279,-0.4657,0.067,0.090,0.031,2,11
G,244096553,0.290817,0.237554,-0.383495
A,244097083,6.8522,-6.8522,0.1329
G,244099049,0.286556,0.236489,-0.379234
A,244099571,6.8414,-6.8486,0.1796
G,244101519,0.289752,0.233293,-0.369647
A,244102045,6.8307,-6.8307,0.2514
G,244104027,0.302535,0.226901,-0.355798
A,244104520,6.8163,-6.8199,0.3268
G,244106523,0.327036,0.220510,-0.332363
A,244106994,6.8055,-6.8199,0.3950
G,244109016,0.358994,0.214118,-0.308927
A,244109457,6.8019,-6.8342,0.4310
G,244111512,0.396278,0.210922,-0.282295
A,244111947,6.7947,-6.8558,0.4274
G,244113983,0.432497,0.207727,-0.257794
A,244114421,6.7696,-6.8809,0.3950
G,244116479,0.467651,0.208792,-0.232228
TRK,244110,-0.65560,0.26330,0.64101,-0.29994,-0.4082,0.7298,-0.4651,0.068,0.097,0.029,2,11
A,244116915,6.7409,-6.8989,0.3340
G,244118953,0.499609,0.210922,-0.208792
A,244119388,6.7014,-6.9240,0.2622
G,244121458,0.526241,0.217314,-0.186421
A,244121863,6.6690,-6.9492,0.1867
G,244123954,0.544350,0.222640,-0.166181
A,244124337,6.6439,-6.9887,0.1113
G,244126440,0.553937,0.230097,-0.145941
A,244126793,6.6260,-7.0246,0.0431
G,244128955,0.553937,0.236489,-0.124636
A,244129279,6.6116,-7.0461,-0.0144
G,244131451,0.546481,0.240750,-0.106526
A,244131753,6.5972,-7.0497,-0.0682
G,244133926,0.536893,0.246076,-0.084156
A,244134200,6.5936,-7.0282,-0.0898
G,244136422,0.524110,0.247141,-0.063916
A,244136674,6.5936,-6.9923,-0.0934
G,244138897,0.508131,0.242880,-0.044741
A,244139123,6.5972,-6.9456,-0.0646
TRK,244139,-0.66002,0.25830,0.63737,-0.30234,-0.4061,0.7327,-0.4643,0.078,0.100,0.026,2,11
G,244141403,0.491087,0.233293,-0.026632
A,244141603,6.5900,-6.8989,-0.0108
G,244143919,0.478304,0.220510,-0.012783
A,244144093,6.5577,-6.8414,0.0646
G,244146415,0.474043,0.210922,0.002131
A,244146567,6.5110,-6.7912,0.1472
G,244148911,0.481499,0.202400,0.012783
A,244149037,6.4500,-6.7445,0.2155
G,244151407,0.498544,0.198139,0.028762
A,244151511,6.3925,-6.7193,0.2622
TRK,244150,-0.66163,0.25671,0.63558,-0.30393,-0.4051,0.7339,-0.4640,0.083,0.101,0.022,2,11
G,244153883,0.521980,0.196009,0.044741
A,244153964,6.3530,-6.7229,0.2622
G,244156379,0.547546,0.196009,0.063916
A,244156438,6.3315,-6.7624,0.2155
G,244158855,0.566721,0.196009,0.080960
A,244158891,6.3351,-6.8414,0.1401
G,244161362,0.578439,0.194943,0.096939
A,244161375,6.3602,-6.9312,0.0646
A,244163849,6.4069,-7.0318,0.0036
G,244163858,0.581634,0.192813,0.111853
A,244166315,6.4536,-7.0964,-0.0180
G,244166345,0.576308,0.189617,0.119310
A,244168811,6.5003,-7.1144,-0.0215
G,244168862,0.564590,0.185356,0.122505
A,244171285,6.5254,-7.0785,0.0036
G,244171358,0.547546,0.181095,0.120375
A,244173752,6.5469,-6.9994,0.0395
G,244173846,0.527306,0.178964,0.116114
A,244176226,6.5649,-6.9097,0.0790
G,244176341,0.501740,0.177899,0.107592
TRK,244170,-0.66396,0.25420,0.63238,-0.30763,-0.4034,0.7359,-0.4636,0.094,0.099,0.017,2,11
A,244178683,6.5900,-6.8307,0.1293
G,244178819,0.470847,0.174703,0.095874
A,244181172,6.6188,-6.7768,0.1832
G,244181326,0.432497,0.167247,0.083091
A,244183646,6.6367,-6.7516,0.2514
G,244183822,0.389887,0.156594,0.064981
A,244186115,6.6403,-6.7301,0.3340
G,244186310,0.347276,0.143811,0.047937
A,244188615,6.6224,-6.6978,0.4310
G,244188828,0.309992,0.134223,0.030893
A,244191089,6.5972,-6.6439,0.5423
G,244191324,0.281230,0.123571,0.018109
A,244193550,6.5685,-6.5757,0.6536
G,244193801,0.264186,0.113983,0.008522
A,244196029,6.5434,-6.5003,0.7649
G,244196298,0.264186,0.106526,0.003196
A,244198503,6.5254,-6.4392,0.8475
TRK,244193,-0.66590,0.25227,0.62973,-0.31045,-0.4011,0.7382,-0.4633,0.103,0.104,0.010,2,11
G,244198816,0.275903,0.102265,0.002131
A,244200956,6.5146,-6.4105,0.9014
G,244201312,0.296144,0.098004,0.004261
A,244203427,6.5074,-6.4212,0.9158
G,244203798,0.321710,0.095874,0.006392
A,244205901,6.5038,-6.4536,0.8942
G,244206294,0.348341,0.095874,0.007457
A,244208361,6.4931,-6.5003,0.8440
G,244208768,0.374973,0.099070,0.007457
A,244210856,6.4787,-6.5434,0.7685
G,244211277,0.398409,0.104396,0.002131
A,244213330,6.4643,-6.5793,0.6895
TRK,244209,-0.66693,0.25098,0.62850,-0.31176,-0.3996,0.7397,-0.4632,0.101,0.109,0.003,2,11
G,244213795,0.413323,0.112918,-0.005326
A,244215785,6.4428,-6.6080,0.6105
G,244216291,0.419714,0.122505,-0.015979
A,244218272,6.4141,-6.6583,0.5602
G,244218789,0.415453,0.134223,-0.027697
A,244220746,6.3853,-6.7193,0.5638
G,244221285,0.407996,0.147006,-0.038350
A,244223234,6.3530,-6.7983,0.5890
G,244223784,0.410127,0.160855,-0.043676
A,244225707,6.3207,-6.8666,0.6464
G,244226280,0.428236,0.178964,-0.045806
A,244228175,6.2956,-6.9276,0.6859
G,244228758,0.464455,0.198139,-0.043676
A,244230674,6.2812,-6.9707,0.7147
G,244231267,0.508131,0.217314,-0.034088
A,244233148,6.2632,-7.0102,0.7003
G,244233763,0.548611,0.233293,-0.015979
A,244235614,6.2668,-7.0497,0.6823
G,244236239,0.579504,0.247141,0.003196
A,244238088,6.2848,-7.0928,0.6428
G,244238758,0.598679,0.260990,0.023436
A,244240549,6.3135,-7.1251,0.6285
G,244241254,0.611462,0.275903,0.045806
TRK,244237,-0.67001,0.24735,0.62511,-0.31488,-0.3965,0.7430,-0.4633,0.107,0.108,-0.009,2,11
A,244243040,6.3422,-7.1323,0.6033
G,244243753,0.618919,0.290817,0.068177
A,244245514,6.3674,-7.1216,0.5962
G,244246248,0.622114,0.297209,0.089482
A,244247986,6.3746,-7.0928,0.5818
G,244248728,0.617853,0.291882,0.103331
A,244250460,6.3674,-7.0533,0.5638
G,244251233,0.601874,0.274838,0.117179
A,244252908,6.3458,-7.0174,0.5387
G,244253728,0.574178,0.251402,0.125701
TRK,244253,-0.67258,0.24501,0.62164,-0.31807,-0.3949,0.7446,-0.4635,0.113,0.105,-0.012,2,11
A,244255392,6.3135,-6.9959,0.4920
G,244256218,0.539024,0.226901,0.135289
A,244257866,6.2812,-6.9815,0.4381
G,244258738,0.501740,0.205596,0.141680
A,244260331,6.2560,-6.9851,0.3663
G,244261234,0.460194,0.187487,0.145941
A,244262805,6.2489,-6.9959,0.2981
G,244263750,0.418649,0.175769,0.143811
A,244265268,6.2525,-7.0174,0.2586
G,244266246,0.377104,0.168312,0.137419
A,244267765,6.2704,-7.0390,0.2586
G,244268745,0.335558,0.165116,0.127832
A,244270239,6.2956,-7.0641,0.3089
G,244271263,0.295078,0.161920,0.118244
A,244272705,6.3207,-7.0892,0.3915
G,244273759,0.257794,0.159790,0.109722
A,244275179,6.3566,-7.1144,0.4956
TRK,244269,-0.67391,0.24390,0.61940,-0.32048,-0.3928,0.7464,-0.4637,0.126,0.102,-0.018,2,11
G,244276268,0.226901,0.158724,0.103331
A,244277638,6.3853,-7.1359,0.6033
G,244278763,0.205596,0.156594,0.096939
A,244280127,6.4212,-7.1575,0.7039
G,244281252,0.191748,0.157659,0.089482
A,244282601,6.4536,-7.1718,0.7865
G,244283748,0.187487,0.160855,0.085221
A,244285092,6.4895,-7.1898,0.8547
G,244286237,0.189617,0.169377,0.082025
A,244287565,6.5362,-7.2077,0.8906
G,244288757,0.196009,0.178964,0.077764
A,244290036,6.5829,-7.2329,0.9086
G,244291252,0.200270,0.188552,0.073503
A,244292528,6.6224,-7.2688,0.9050
G,244293742,0.203465,0.196009,0.067112
A,244295002,6.6583,-7.3191,0.8906
G,244296238,0.203465,0.202400,0.058590
TRK,244295,-0.67567,0.24343,0.61659,-0.32254,-0.3902,0.7484,-0.4641,0.000,0.000,0.000,3,11
A,244297484,6.6726,-7.3801,0.8655
G,244298717,0.200270,0.208792,0.049002
A,244299958,6.6870,-7.4304,0.8511
G,244301220,0.191748,0.215183,0.035154
A,244302414,6.6870,-7.4627,0.8368
G,244303716,0.178964,0.223706,0.023436
A,244304909,6.6834,-7.4663,0.8368
G,244306206,0.162985,0.232228,0.013848
A,244307382,6.6655,-7.4304,0.8475
G,244308726,0.145941,0.240750,0.006392
A,244309857,6.6511,-7.3873,0.8655
G,244311221,0.128897,0.247141,0.000000
A,244312331,6.6188,-7.3298,0.8835
G,244313721,0.116114,0.253533,-0.005326
A,244314786,6.5829,-7.2832,0.8978
G,244316217,0.105461,0.257794,-0.014914
TRK,244315,-0.67742,0.24324,0.61449,-0.32301,-0.3902,0.7484,-0.4641,0.000,0.000,0.000,3,11
A,244317273,6.5434,-7.2329,0.9014
G,244318697,0.101200,0.262055,-0.025566
A,244319747,6.4931,-7.1862,0.9014
G,244321207,0.104396,0.264186,-0.036219
A,244322214,6.4428,-7.1395,0.8906
G,244323703,0.118244,0.269512,-0.044741
A,244324688,6.4033,-7.1144,0.8727
G,244326213,0.137419,0.279099,-0.053263
A,244327157,6.3782,-7.1072,0.8475
G,244328709,0.156594,0.292948,-0.063916
A,244329631,6.3925,-7.1431,0.8080
G,244331199,0.175769,0.306796,-0.078830
A,244332080,6.4284,-7.1970,0.7757
G,244333712,0.187487,0.319579,-0.092678
A,244334554,6.4751,-7.2472,0.7542
G,244336208,0.191748,0.325971,-0.107592
A,244337028,6.5218,-7.2832,0.7757
TRK,244332,-0.67905,0.24302,0.61286,-0.32286,-0.3902,0.7484,-0.4641,0.000,0.000,0.000,3,11
G,244338708,0.187487,0.327036,-0.121440
A,244339490,6.5541,-7.2975,0.8332
G,244341203,0.178964,0.327036,-0.134223
A,244341980,6.5793,-7.2724,0.9337
G,244343681,0.169377,0.323840,-0.147006
A,244344454,6.5936,-7.2329,1.0523
G,244346177,0.167247,0.314253,-0.158724
A,244346928,6.6116,-7.1718,1.1851
G,244348658,0.173638,0.299339,-0.169377
A,244349372,6.6331,-7.1251,1.3144
G,244351154,0.192813,0.283360,-0.175769
TRK,244350,-0.68183,0.24198,0.61049,-0.32227,-0.3902,0.7484,-0.4641,0.000,0.000,0.000,3,11
A,244351867,6.6547,-7.0713,1.4329
G,244353635,0.224771,0.269512,-0.176834
A,244354340,6.6834,-7.0246,1.5299
G,244356146,0.268447,0.257794,-0.173638
A,244356816,6.7086,-6.9887,1.5874
G,244358642,0.315318,0.242880,-0.167247
A,244359290,6.7301,-6.9348,1.5981
G,244361126,0.352602,0.224771,-0.156594
A,244361739,6.7481,-6.8845,1.5586
G,244363628,0.376038,0.205596,-0.142745
A,244364207,6.7696,-6.8235,1.4868
G,244366123,0.385626,0.189617,-0.126766
A,244366680,6.7732,-6.7516,1.4078
G,244368625,0.383495,0.180030,-0.112918
A,244369149,6.7732,-6.6762,1.3575
G,244371121,0.372843,0.169377,-0.099070
A,244371623,6.7516,-6.6116,1.3396
G,244373599,0.356864,0.150202,-0.084156
A,244374070,6.7193,-6.5613,1.3755
TRK,244370,-0.68440,0.23952,0.60830,-0.32281,-0.3902,0.7484,-0.4641,0.000,0.000,0.000,3,11
G,244376112,0.338754,0.116114,-0.063916
A,244376550,6.6870,-6.5434,1.4329
G,244378607,0.323840,0.071373,-0.046872
A,244379024,6.6690,-6.5469,1.5155
G,244381088,0.315318,0.021305,-0.031958
A,244381475,6.6547,-6.5685,1.6053
G,244383590,0.317449,-0.029827,-0.022371
A,244383947,6.6331,-6.5972,1.6951
G,244386086,0.334493,-0.082025,-0.018109
A,244386421,6.6008,-6.6224,1.7921
G,244388568,0.376038,-0.134223,-0.012783
A,244388875,6.5541,-6.6475,1.8747
TRK,244389,-0.68528,0.23735,0.60735,-0.32433,-0.3902,0.7484,-0.4641,0.000,0.000,0.000,3,11
G,244391081,0.442085,-0.182160,-0.004261
A,244391360,6.5038,-6.6475,1.9429
G,244393597,0.532632,-0.218379,0.009587
A,244393848,6.4608,-6.6403,1.9860
G,244396093,0.640224,-0.237554,0.024501
A,244396322,6.4141,-6.6044,1.9968
G,244398575,0.756338,-0.235423,0.041545
A,244398778,6.3746,-6.5613,2.0183
G,244401075,0.872451,-0.208792,0.060720
A,244401252,6.3458,-6.5326,2.0794
G,244403570,0.986435,-0.171508,0.087352
A,244403749,6.3638,-6.5290,2.2302
G,244406043,1.107875,-0.133158,0.121440
A,244406223,6.4356,-6.5613,2.4924
G,244408546,1.248490,-0.107592,0.160855
A,244408700,6.5685,-6.6152,2.8766
G,244411042,1.417867,-0.102265,0.193878
A,244411174,6.7265,-6.6547,3.3220
TRK,244406,-0.68563,0.23249,0.60628,-0.32907,-0.3902,0.7484,-0.4641,0.000,0.000,0.000,3,11
G,244413525,1.627724,-0.121440,0.218379
A,244413633,6.8773,-6.6762,3.7816
G,244416039,1.882322,-0.167247,0.240750
A,244416123,6.9959,-6.6655,4.1695
G,244418535,2.177400,-0.232228,0.265251
A,244418597,7.0749,-6.6439,4.4424
G,244421028,2.499110,-0.304666,0.294013
A,244421067,7.1072,-6.6188,4.5610
G,244423524,2.832538,-0.371777,0.325971
A,244423541,7.1072,-6.6116,4.5394
A,244425992,7.0892,-6.6044,4.3706
G,244425998,3.158509,-0.425040,0.358994
A,244428463,7.0533,-6.6260,4.0689
G,244428490,3.458913,-0.464455,0.389887
A,244430956,7.0425,-6.6762,3.7206
G,244431004,3.714577,-0.493217,0.415453
A,244433429,6.9707,-6.7373,3.3579
G,244433500,3.913781,-0.510262,0.434628
TRK,244429,-0.68853,0.21599,0.59903,-0.34706,-0.3902,0.7484,-0.4641,0.000,0.000,0.000,3,11
A,244435903,6.8702,-6.8127,3.0167
G,244435994,4.060788,-0.516653,0.449542
A,244438377,6.7014,-6.8702,2.7186
G,244438489,4.159857,-0.509196,0.469782
A,244440832,6.4823,-6.9061,2.4421
G,244440964,4.220577,-0.484695,0.506001
A,244443317,6.2740,-6.9168,2.1548
G,244443469,4.236557,-0.442085,0.569916
A,244445791,6.1196,-6.9240,1.9680
G,244445965,4.207794,-0.387756,0.659399
A,244448258,6.0693,-6.9456,1.8531
G,244448449,4.138552,-0.328101,0.774447
TRK,244449,-0.69209,0.18939,0.58642,-0.37583,-0.3902,0.7484,-0.4641,0.000,0.000,0.000,3,11
A,244450755,6.4284,-7.0174,1.7992
G,244450964,4.045874,-0.276969,0.898018
A,244453229,8.0373,-7.3334,2.0830
G,244453483,3.946805,-0.246076,0.997087
A,244455680,9.5816,-7.6423,2.4062
G,244455979,3.864779,-0.255663,0.941694
A,244458169,11.0289,-7.8757,2.8264
G,244458483,3.824299,-0.336624,0.604005
A,244460643,11.5963,-7.9009,3.2142
G,244460979,3.810451,-0.494283,0.029827
A,244463099,10.8278,-7.6315,3.2358
G,244463451,3.775297,-0.711597,-0.577373
A,244465580,9.6391,-7.2868,2.9485
G,244465946,3.662379,-0.955542,-1.008805
A,244468054,8.3031,-7.0246,2.4529
G,244468442,3.448261,-1.182443,-1.236772
A,244470515,6.9420,-6.8881,1.8316
G,244470917,3.149987,-1.356082,-1.296427
TRK,244471,-0.69561,0.15710,0.57518,-0.40078,-0.3902,0.7484,-0.4641,0.000,0.000,0.000,3,11
A,244473007,5.6096,-6.9025,1.1528
G,244473423,2.796319,-1.445564,-1.210140
A,244475502,4.5610,-7.0713,0.6285
G,244475932,2.431999,-1.435976,-0.974717
A,244477976,4.0259,-7.3622,0.2586
G,244478428,2.084722,-1.318797,-0.625310
A,244480459,4.0797,-7.7428,0.1149
G,244480924,1.781122,-1.111071,-0.259925
A,244482933,4.6364,-8.0912,0.2514
G,244483436,1.544633,-0.860734,0.013848
A,244485383,5.4265,-8.3175,0.5710
G,244485932,1.392301,-0.631702,0.138484
TRK,244485,-0.69440,0.14110,0.57559,-0.40817,-0.3902,0.7484,-0.4641,0.000,0.000,0.000,3,11
A,244487858,6.2309,-8.3570,0.9086
G,244488417,1.307079,-0.469782,0.123571
A,244490332,6.8989,-8.2097,1.1851
G,244490933,1.250620,-0.390952,0.008522
A,244492787,7.3406,-7.9009,1.3575
G,244493429,1.176052,-0.390952,-0.165116
A,244495274,7.5274,-7.4986,1.4832
G,244495925,1.051416,-0.451672,-0.351537
A,244497748,7.4915,-7.0785,1.6233
G,244498438,0.873517,-0.549676,-0.511327
A,244500203,7.3083,-6.6978,1.8352
G,244500934,0.663660,-0.665790,-0.625310
A,244502677,7.0497,-6.3889,2.1368
G,244503439,0.458064,-0.784035,-0.683900
A,244505126,6.8055,-6.1914,2.4816
G,244505935,0.291882,-0.889496,-0.690291
TRK,244505,-0.69377,0.13052,0.57645,-0.41152,-0.3902,0.7484,-0.4641,0.000,0.000,0.000,3,11
A,244507605,6.6188,-6.0980,2.8084
G,244508421,0.187487,-0.971521,-0.656203
A,244510079,6.5074,-6.1088,3.0454
G,244510936,0.152333,-1.022654,-0.597613
A,244512540,6.4500,-6.1914,3.1460
G,244513432,0.173638,-1.039698,-0.534763
A,244515032,6.4177,-6.3243,3.1029
G,244515928,0.229032,-1.029045,-0.481499
A,244517505,6.3853,-6.4751,2.9628
G,244518442,0.297209,-0.996022,-0.436758
A,244519966,6.3458,-6.6008,2.7653
G,244520937,0.358994,-0.949151,-0.395213
A,244522440,6.3279,-6.6906,2.5893
G,244523443,0.409062,-0.894822,-0.351537
A,244524893,6.3207,-6.6978,2.4529
G,244525938,0.448476,-0.837298,-0.313188
TRK,244525,-0.69043,0.12188,0.58261,-0.41112,-0.3902,0.7484,-0.4641,0.000,0.000,0.000,3,11
A,244527378,6.3458,-6.6116,2.3523
G,244528424,0.483630,-0.778708,-0.280165
A,244529851,6.3746,-6.4356,2.2697
G,244530939,0.513457,-0.722249,-0.259925
A,244532317,6.4248,-6.1950,2.2051
G,244533435,0.530502,-0.671117,-0.241815
A,244534813,6.4859,-5.9221,2.1907
G,244535931,0.528371,-0.629571,-0.223706
A,244537287,6.5649,-5.6886,2.2661
G,244538447,0.510262,-0.599744,-0.198139
A,244539754,6.6547,-5.5162,2.4565
G,244540942,0.487891,-0.579504,-0.161920
A,244542228,6.7588,-5.4336,2.7366
G,244543448,0.481499,-0.559264,-0.127832
A,244544685,6.8378,-5.4408,2.9880
G,244545943,0.508131,-0.536893,-0.103331
TRK,244545,-0.68812,0.11462,0.58516,-0.41345,-0.3902,0.7484,-0.4641,0.000,0.000,0.000,3,11
A,244547174,6.8702,-5.5055,3.1244
G,244548429,0.565655,-0.512392,-0.094809
A,244549648,6.8307,-5.6204,3.0849
G,244550944,0.630637,-0.485761,-0.090547
A,244552117,6.7445,-5.7748,2.9090
G,244553440,0.675378,-0.453803,-0.076699
A,244554591,6.6619,-5.9508,2.6791
G,244555935,0.688161,-0.411192,-0.046872
A,244557041,6.6224,-6.1447,2.4888
G,244558448,0.676443,-0.361125,-0.010653
A,244559510,6.6475,-6.3135,2.3846
G,244560944,0.653007,-0.303600,0.017044
A,244562002,6.6978,-6.4284,2.3703
G,244563429,0.631702,-0.241815,0.029827
A,244564476,6.7588,-6.4895,2.4241
G,244565932,0.617853,-0.184291,0.033023
A,244566936,6.7912,-6.4679,2.5247
G,244568427,0.611462,-0.133158,0.038350
A,244569419,6.8055,-6.4212,2.6324
G,244570903,0.608266,-0.096939,0.044741
A,244571893,6.8091,-6.3494,2.7330
TRK,244567,-0.68674,0.10795,0.58488,-0.41792,-0.3902,0.7484,-0.4641,0.000,0.000,0.000,3,11
G,244573409,0.606135,-0.077764,0.054328
A,244574358,6.8199,-6.2848,2.8048
G,244575905,0.606135,-0.074569,0.064981
A,244576851,6.8450,-6.2417,2.8299
G,244578390,0.607201,-0.079895,0.076699
A,244579325,6.8738,-6.2201,2.7545
G,244580906,0.611462,-0.084156,0.083091
A,244581801,6.7983,-6.2417,2.2122
G,244583402,0.601874,-0.074569,0.080960
A,244584275,6.7301,-6.3027,1.4545
G,244585898,0.516653,-0.038350,0.080960
A,244586732,6.5398,-6.4536,0.5279
G,244588393,0.292948,0.028762,0.090547
A,244589205,6.3961,-6.6475,-0.1580
G,244590890,-0.064981,0.119310,0.110787
A,244591664,6.2956,-6.8773,-0.3376
G,244593385,-0.466586,0.215183,0.131028
TRK,244592,-0.68668,0.10511,0.58289,-0.42150,-0.3902,0.7484,-0.4641,0.000,0.000,0.000,3,11
A,244594153,6.2525,-7.0318,0.0000
G,244595862,-0.813862,0.306796,0.143811
A,244596626,6.2094,-7.0713,0.6249
G,244598369,-1.056742,0.381365,0.148072
A,244599096,6.2130,-6.9779,1.3575
G,244600865,-1.192031,0.437824,0.149137
A,244601570,6.2560,-6.8091,2.0363
G,244603352,-1.237837,0.479369,0.157659
A,244604021,6.3638,-6.6224,2.5498
G,244605847,-1.222924,0.515588,0.172573
A,244606503,6.6260,-6.4895,2.8479
G,244608314,-1.177117,0.550742,0.178964
A,244609003,6.9671,-6.4212,2.9592
G,244610800,-1.124919,0.583765,0.160855
A,244611477,7.2077,-6.3889,2.9808
TRK,244611,-0.68738,0.11431,0.58405,-0.41632,-0.3902,0.7484,-0.4641,0.000,0.000,0.000,3,11
G,244613308,-1.081243,0.610397,0.108657
A,244613950,7.3011,-6.3566,2.9880
G,244615804,-1.048220,0.628506,0.045806
A,244616423,7.2472,-6.3207,2.9556
G,244618288,-1.016262,0.635963,0.002131
A,244618873,7.0102,-6.2740,2.9341
G,244620784,-0.980043,0.639159,0.002131
A,244621358,6.8271,-6.2776,2.8695
G,244623252,-0.939563,0.648746,0.039415
A,244623832,6.7014,-6.3494,2.8012
G,244625751,-0.896953,0.666856,0.096939
A,244626297,6.6798,-6.4787,2.7545
G,244628247,-0.845820,0.698813,0.162985
A,244628794,6.7624,-6.6224,2.7150
G,244630726,-0.786165,0.745685,0.222640
A,244631267,6.9133,-6.7337,2.6504
TRK,244630,-0.68972,0.12404,0.58336,-0.41060,-0.3902,0.7484,-0.4641,0.000,0.000,0.000,3,11
G,244633222,-0.725445,0.809601,0.267381
A,244633731,7.0820,-6.7624,2.5319
G,244635718,-0.680704,0.882039,0.288687
A,244636218,7.2329,-6.7014,2.3343
G,244638188,-0.676443,0.954477,0.288687
A,244638692,7.3263,-6.5793,2.0830
G,244640688,-0.729706,1.017327,0.279099
A,244641161,7.3765,-6.4356,1.7777
G,244643206,-0.851146,1.070591,0.267381
A,244643647,7.3658,-6.3279,1.5048
G,244645701,-1.041829,1.114267,0.260990
A,244646121,7.3370,-6.2668,1.2713
G,244648191,-1.287905,1.148355,0.253533
A,244648581,7.3047,-6.2704,1.1169
G,244650687,-1.569134,1.174987,0.247141
TRK,244645,-0.69235,0.13229,0.58047,-0.40768,-0.3902,0.7484,-0.4641,0.000,0.000,0.000,3,11
A,244651071,7.3011,-6.3279,1.0415
G,244653157,-1.859952,1.194161,0.227967
A,244653545,7.3119,-6.4177,1.0523
G,244655659,-2.146508,1.214401,0.197074
A,244656017,7.3298,-6.5290,1.1349
G,244658154,-2.417085,1.233576,0.144876
A,244658491,7.3191,-6.6331,1.2893
G,244660635,-2.658900,1.251686,0.076699
A,244660943,7.2365,-6.6978,1.3252
G,244663147,-2.875149,1.257012,0.004261
A,244663426,7.1287,-6.7301,1.4473
G,244665664,-3.088201,1.232511,-0.060720
A,244665916,7.0066,-6.7086,1.5550
G,244668160,-3.301254,1.174987,-0.103331
A,244668390,6.9097,-6.6583,1.7957
G,244670641,-3.488741,1.092961,-0.129962
A,244670845,6.8594,-6.5829,2.1332
TRK,244671,-0.69602,0.16030,0.58226,-0.38838,-0.3902,0.7484,-0.4641,0.000,0.000,0.000,3,11
G,244673152,-3.614442,1.002414,-0.150202
A,244673330,6.8450,-6.5038,2.4852
G,244675648,-3.671966,0.907605,-0.172573
A,244675804,6.8666,-6.4608,2.8156
G,244678137,-3.675162,0.810666,-0.194943
A,244678268,6.9061,-6.4500,3.0849
G,244680633,-3.630421,0.709466,-0.213053
A,244680742,6.9743,-6.4931,3.3255
G,244683104,-3.537743,0.607201,-0.229032
A,244683189,7.0425,-6.5864,3.4979
G,244685606,-3.407781,0.507066,-0.239684
A,244685667,7.0964,-6.7050,3.5877
G,244688102,-3.254383,0.414388,-0.242880
A,244688141,7.1323,-6.8342,3.6164
G,244690584,-3.090332,0.335558,-0.238619
A,244690601,7.1359,-6.9528,3.6021
TRK,244687,-0.69498,0.18311,0.58998,-0.36796,-0.3902,0.7484,-0.4641,0.000,0.000,0.000,3,11
A,244693091,7.1180,-7.0318,3.5410
G,244693097,-2.917759,0.272708,-0.236489
A,244695566,7.0892,-7.0964,3.4333
G,244695593,-2.736664,0.223706,-0.236489
A,244698037,7.0497,-7.1036,3.2932
G,244698086,-2.553439,0.187487,-0.238619
A,244700511,7.0030,-7.0820,3.1244
G,244700582,-2.376605,0.156594,-0.238619
A,244702964,6.9564,-7.0282,2.9664
G,244703055,-2.211489,0.125701,-0.238619
A,244705447,6.8989,-6.9456,2.8407
G,244705558,-2.057025,0.093743,-0.237554
A,244707922,6.8522,-6.8558,2.7366
G,244708054,-1.907888,0.061785,-0.231162
A,244710386,6.8127,-6.7876,2.6396
G,244710537,-1.763013,0.033023,-0.222640
TRK,244707,-0.69215,0.19955,0.59810,-0.35128,-0.3902,0.7484,-0.4641,0.000,0.000,0.000,3,11
A,244712881,6.7876,-6.7301,2.5570
G,244713051,-1.625593,0.004261,-0.216249
A,244715355,6.7624,-6.6870,2.4636
G,244715547,-1.496696,-0.028762,-0.213053
A,244717831,6.7409,-6.6655,2.4098
G,244718041,-1.378452,-0.068177,-0.216249
A,244720305,6.7157,-6.6403,2.3631
G,244720537,-1.265534,-0.108657,-0.222640
A,244722762,6.6906,-6.6152,2.3200
G,244723011,-1.150486,-0.143811,-0.234358
A,244725249,6.6726,-6.5900,2.2733
G,244725515,-1.034372,-0.174703,-0.246076
A,244727723,6.6583,-6.5685,2.2051
G,244728011,-0.924649,-0.213053,-0.254598
A,244730191,6.6475,-6.5541,2.1332
G,244730495,-0.829841,-0.263120,-0.257794
TRK,244727,-0.68968,0.20706,0.60378,-0.34192,-0.3902,0.7484,-0.4641,0.000,0.000,0.000,3,11
A,244732690,6.6295,-6.5469,2.0542
G,244733010,-0.752077,-0.316384,-0.249272
A,244735164,6.6188,-6.5362,1.9680
G,244735506,-0.688161,-0.361125,-0.235423
A,244737644,6.6044,-6.5182,1.8747
G,244738001,-0.635963,-0.398409,-0.219444
A,244740118,6.6008,-6.4895,1.7669
G,244740497,-0.596548,-0.429302,-0.201335
A,244742579,6.6152,-6.4464,1.6700
G,244742971,-0.572047,-0.460194,-0.181095
A,244745070,6.6475,-6.3961,1.5658
G,244745476,-0.563525,-0.494283,-0.155529
A,244747544,6.6870,-6.3638,1.4653
G,244747972,-0.575243,-0.542220,-0.124636
A,244750016,6.7409,-6.3638,1.3755
G,244750457,-0.609331,-0.606135,-0.092678
TRK,244747,-0.68652,0.20894,0.60924,-0.33743,-0.3902,0.7484,-0.4641,0.000,0.000,0.000,3,11
A,244752518,6.7912,-6.4069,1.3036
G,244752973,-0.663660,-0.680704,-0.059655
A,244754992,6.8307,-6.4967,1.2534
G,244755469,-0.728641,-0.758468,-0.031958
A,244757475,6.8666,-6.6044,1.2318
G,244757964,-0.794687,-0.833037,-0.015979
A,244759950,6.8953,-6.7157,1.2426
G,244760460,-0.849016,-0.900148,-0.017044
A,244762413,6.9133,-6.8055,1.2929
G,244762935,-0.883104,-0.952346,-0.027697
A,244764908,6.9168,-6.8702,1.3647
G,244765441,-0.893757,-0.984304,-0.042611
A,244767382,6.9097,-6.9025,1.4509
G,244767937,-0.877778,-0.998153,-0.053263
A,244769857,6.8989,-6.9061,1.5371
G,244770423,-0.837298,-0.998153,-0.063916
A,244772331,6.8809,-6.8809,1.5694
TRK,244767,-0.67985,0.21125,0.61771,-0.33408,-0.3902,0.7484,-0.4641,0.000,0.000,0.000,3,11
G,244772939,-0.777643,-0.991761,-0.070307
A,244774787,6.8738,-6.8486,1.5479
G,244775435,-0.711597,-0.989631,-0.075634
A,244777274,6.8702,-6.8307,1.4186
G,244777931,-0.655138,-1.001348,-0.074569
A,244779749,6.8702,-6.8522,1.1708
G,244780427,-0.623180,-1.027980,-0.069242
A,244782216,6.8773,-6.9312,0.8045
G,244782903,-0.629571,-1.065264,-0.062851
A,244784704,6.8953,-7.0497,0.3448
G,244785399,-0.684965,-1.105744,-0.056459
A,244787178,6.9133,-7.2006,-0.1616
G,244787915,-0.800014,-1.153681,-0.055394
A,244789637,6.9348,-7.3478,-0.6177
G,244790411,-0.978978,-1.214401,-0.063916
TRK,244790,-0.67087,0.21249,0.62872,-0.33090,-0.3902,0.7484,-0.4641,0.000,0.000,0.000,3,11
A,244792127,6.9312,-7.4735,-0.9589
G,244792908,-1.214401,-1.284709,-0.087352
A,244794601,6.9133,-7.5525,-1.1169
G,244795404,-1.481783,-1.356082,-0.122505
A,244797073,6.8522,-7.5705,-1.0774
G,244797881,-1.753425,-1.410410,-0.160855
A,244799547,6.7588,-7.5274,-0.8942
G,244800377,-2.000566,-1.448759,-0.196009
A,244802019,6.6403,-7.4591,-0.5890
G,244802854,-2.202967,-1.467934,-0.222640
A,244804493,6.5182,-7.3945,-0.2406
G,244805361,-2.342516,-1.479652,-0.235423
A,244806946,6.4177,-7.3622,0.1149
G,244807857,-2.410693,-1.486044,-0.237554
A,244809429,6.3674,-7.3622,0.4310
G,244810344,-2.402171,-1.490305,-0.233293
A,244811903,6.3566,-7.3765,0.6680
TRK,244811,-0.65814,0.21975,0.64501,-0.32019,-0.3902,0.7484,-0.4641,0.000,0.000,0.000,3,11
G,244812862,-2.322276,-1.484978,-0.229032
A,244814368,6.3782,-7.3765,0.7973
G,244815358,-2.188053,-1.467934,-0.226901
A,244816860,6.4105,-7.3406,0.8368
G,244817852,-2.022937,-1.433846,-0.226901
A,244819334,6.4428,-7.2401,0.7793
G,244820348,-1.853560,-1.381648,-0.231162
A,244821810,6.4679,-7.0928,0.6608
G,244822826,-1.704423,-1.317732,-0.238619
A,244824285,6.4967,-6.9133,0.5171
G,244825334,-1.590440,-1.255947,-0.245011
A,244826742,6.5326,-6.7445,0.3555
G,244827830,-1.514806,-1.210140,-0.242880
A,244829216,6.5757,-6.6152,0.2083
G,244830304,-1.473261,-1.186705,-0.231162
A,244831690,6.6080,-6.5362,0.0467
G,244832803,-1.457282,-1.179248,-0.208792
A,244834139,6.6152,-6.5146,-0.1544
G,244835299,-1.464738,-1.183509,-0.178964
TRK,244834,-0.64338,0.22709,0.66320,-0.30766,-0.3902,0.7484,-0.4641,0.000,0.000,0.000,3,11
A,244836619,6.5900,-6.5613,-0.3807
G,244837777,-1.496696,-1.197357,-0.141680
A,244839093,6.5326,-6.6511,-0.6249
G,244840286,-1.555286,-1.223989,-0.100135
A,244841554,6.4679,-6.7732,-0.8655
G,244842782,-1.637311,-1.261273,-0.056459
A,244844046,6.4105,-6.8881,-1.0307
G,244845271,-1.737446,-1.300688,-0.020240
A,244846520,6.3674,-6.9528,-1.1241
G,244847790,-1.846103,-1.331581,0.005326
A,244848992,6.3422,-6.9599,-1.1384
G,244850286,-1.952630,-1.342233,0.022371
A,244851487,6.3315,-6.9168,-1.1025
G,244852777,-2.050634,-1.328385,0.034088
A,244853961,6.3494,-6.8666,-0.9876
TRK,244853,-0.63243,0.23325,0.67510,-0.29978,-0.3902,0.7484,-0.4641,0.000,0.000,0.000,3,11
G,244855286,-2.131594,-1.302818,0.041545
A,244856425,6.3889,-6.8307,-0.8045
G,244857782,-2.181661,-1.282578,0.041545
A,244858917,6.4536,-6.8199,-0.5459
G,244860269,-2.171009,-1.267665,0.036219
A,244861391,6.5362,-6.8091,-0.2909
G,244862788,-2.076200,-1.238903,0.024501
A,244863866,6.6260,-6.7876,-0.0934
G,244865284,-1.910019,-1.187770,0.004261
A,244866358,6.7050,-6.7516,-0.0215
G,244867770,-1.709749,-1.121723,-0.024501
A,244868833,6.7588,-6.7086,-0.0682
G,244870279,-1.512675,-1.055677,-0.051133
A,244871299,6.7947,-6.6834,-0.2119
G,244872775,-1.341168,-1.003479,-0.069242
A,244873773,6.8091,-6.6762,-0.4345
TRK,244868,-0.62247,0.24018,0.68538,-0.29171,-0.3902,0.7484,-0.4641,0.000,0.000,0.000,3,11
G,244875264,-1.210140,-0.962999,-0.074569
A,244876220,6.8091,-6.6906,-0.7326
G,244877760,-1.134507,-0.933172,-0.069242
A,244878698,6.8055,-6.7229,-1.0523
G,244880229,-1.129180,-0.915062,-0.054328
A,244881173,6.7876,-6.7624,-1.3539
G,244882729,-1.192031,-0.915062,-0.036219
A,244883632,6.7481,-6.7983,-1.5586
G,244885225,-1.306014,-0.931041,-0.021305
A,244886114,6.6834,-6.8055,-1.6340
G,244887698,-1.435976,-0.953412,-0.013848
A,244888588,6.6116,-6.7840,-1.5981
TRK,244888,-0.61289,0.24500,0.69510,-0.28491,-0.3902,0.7484,-0.4641,0.000,0.000,0.000,3,11
G,244890208,-1.547829,-0.971521,-0.011718
A,244891059,6.5613,-6.7445,-1.4760
G,244892704,-1.612810,-0.978978,-0.012783
A,244893534,6.5434,-6.7157,-1.3216
G,244895195,-1.625593,-0.973652,-0.019175
A,244895986,6.5649,-6.7086,-1.1851
G,244897715,-1.591505,-0.957673,-0.028762
A,244898469,6.6008,-6.7193,-1.0702
G,244900211,-1.516936,-0.933172,-0.044741
A,244900943,6.6295,-6.7337,-1.0056
G,244902700,-1.412541,-0.899083,-0.061785
A,244903395,6.6439,-6.7445,-0.9984
G,244905211,-1.294296,-0.856473,-0.078830
A,244905870,6.6367,-6.7588,-1.0451
G,244907707,-1.173921,-0.810666,-0.085221
A,244908344,6.6188,-6.7768,-1.1169
TRK,244907,-0.60287,0.25108,0.70497,-0.27664,-0.3902,0.7484,-0.4641,0.000,0.000,0.000,3,11
G,244910197,-1.065264,-0.769121,-0.088417
A,244910800,6.6116,-6.7947,-1.2031
G,244912693,-0.966195,-0.728641,-0.084156
A,244913274,6.6044,-6.7912,-1.2713
G,244915184,-0.875647,-0.683900,-0.082025
A,244915731,6.6224,-6.7840,-1.3216
G,244917691,-0.789361,-0.635963,-0.078830
A,244918206,6.6439,-6.7696,-1.3539
G,244920187,-0.707336,-0.592287,-0.077764
A,244920680,6.6798,-6.7732,-1.3719
G,244922668,-0.633832,-0.553937,-0.072438
A,244923130,6.7301,-6.8091,-1.3827
G,244925168,-0.562460,-0.516653,-0.063916
A,244925598,6.7983,-6.8558,-1.3755
G,244927664,-0.485761,-0.477238,-0.053263
A,244928089,6.8845,-6.8953,-1.3611
G,244930135,-0.405866,-0.438889,-0.042611
A,244930563,6.9887,-6.9025,-1.3216
TRK,244926,-0.59675,0.25341,0.71097,-0.27238,-0.3902,0.7484,-0.4641,0.000,0.000,0.000,3,11
G,244932637,-0.329167,-0.399474,-0.029827
A,244933035,7.0928,-6.8666,-1.2641
G,244935133,-0.259925,-0.368581,-0.015979
A,244935509,7.1862,-6.7804,-1.1959
G,244937616,-0.200270,-0.343015,0.001065
A,244937962,7.2580,-6.6655,-1.1241
STAT,403.9,400.4,0,0,0,0.4781,92.041,0.0959,0.1426,-0.0817,9.7268,0.62,0.001
G,244940128,-0.149137,-0.316384,0.011718
A,244940446,7.2975,-6.5398,-1.0558
G,244942624,-0.101200,-0.281230,0.017044
A,244942937,7.3155,-6.4320,-1.0020
G,244945093,-0.051133,-0.243946,0.022371
A,244945411,7.3191,-6.3458,-0.9661
G,244947596,0.001065,-0.213053,0.029827
A,244947886,7.3119,-6.2991,-0.9661
G,244950092,0.051133,-0.189617,0.037284
A,244950382,7.2832,-6.2776,-1.0092
G,244952566,0.092678,-0.167247,0.041545
A,244952856,7.2329,-6.2776,-1.0774
TRK,244948,-0.59378,0.25358,0.71354,-0.27201,-0.3902,0.7484,-0.4641,0.000,0.000,0.000,3,11
G,244955059,0.118244,-0.140615,0.040480
A,244955322,7.1646,-6.2920,-1.1600
G,244957555,0.124636,-0.106526,0.041545
A,244957796,7.0928,-6.3099,-1.2246
G,244960036,0.113983,-0.074569,0.044741
A,244960250,7.0425,-6.3207,-1.2605
G,244962540,0.095874,-0.042611,0.054328
A,244962728,7.0066,-6.3171,-1.2570
G,244965036,0.080960,-0.017044,0.068177
A,244965202,6.9887,-6.2991,-1.2354
G,244967520,0.075634,0.004261,0.082025
A,244967661,6.9743,-6.2560,-1.1923
G,244970034,0.084156,0.019175,0.090547
A,244970150,6.9528,-6.2058,-1.1564
G,244972552,0.102265,0.031958,0.091613
A,244972644,6.9240,-6.1519,-1.1313
G,244975048,0.127832,0.041545,0.085221
A,244975119,6.8773,-6.1088,-1.1169
TRK,244971,-0.59338,0.25325,0.71353,-0.27322,-0.3902,0.7484,-0.4641,0.000,0.000,0.000,3,11
G,244977532,0.155529,0.056459,0.074569
A,244977579,6.8235,-6.0801,-1.1205
G,244980046,0.183225,0.078830,0.061785
A,244980070,6.7552,-6.0693,-1.1456
G,244982542,0.207727,0.108657,0.052198
A,244982544,6.6942,-6.0621,-1.1887
A,244985016,6.6331,-6.0657,-1.2354
G,244985035,0.220510,0.140615,0.046872
A,244987506,6.5829,-6.0693,-1.2677
G,244987547,0.222640,0.166181,0.045806
A,244989981,6.5685,-6.0693,-1.2893
G,244990043,0.218379,0.183225,0.044741
A,244992444,6.5541,-6.0765,-1.3036
G,244992527,0.211988,0.192813,0.038350
TRK,244993,-0.59457,0.25286,0.71207,-0.27477,-0.3902,0.7484,-0.4641,0.000,0.000,0.000,3,11
A,244994938,6.5469,-6.1016,-1.3180
G,244995041,0.207727,0.199204,0.027697
A,244997412,6.5290,-6.1519,-1.3539
G,244997537,0.206661,0.207727,0.018109
A,244999863,6.5038,-6.2381,-1.4006
G,245000008,0.210922,0.215183,0.009587
A,245002338,6.4787,-6.3207,-1.4365
G,245002504,0.224771,0.225836,0.007457
A,245004794,6.4715,-6.3853,-1.4724
G,245004979,0.247141,0.237554,0.007457
A,245007270,6.4751,-6.4212,-1.4940
G,245007473,0.269512,0.243946,0.010653
A,245009767,6.4967,-6.4177,-1.4976
G,245009988,0.281230,0.238619,0.014914
A,245012242,6.5290,-6.3925,-1.5012
TRK,245011,-0.59643,0.25228,0.71032,-0.27582,-0.3902,0.7484,-0.4641,0.000,0.000,0.000,3,11
G,245012505,0.281230,0.223706,0.014914
A,245014691,6.5469,-6.3602,-1.4868
G,245015001,0.274838,0.200270,0.013848
A,245017180,6.5721,-6.3315,-1.4796
G,245017505,0.266316,0.176834,0.006392
A,245019655,6.5864,-6.3207,-1.4796
G,245020001,0.260990,0.154463,-0.001065
A,245022124,6.6188,-6.3279,-1.4904
G,245022486,0.258859,0.133158,-0.009587
A,245024598,6.6547,-6.3566,-1.5119
G,245024982,0.257794,0.112918,-0.019175
A,245027069,6.6978,-6.3961,-1.5191
G,245027467,0.255663,0.087352,-0.028762
A,245029570,6.7337,-6.4464,-1.5299
G,245029982,0.250337,0.059655,-0.037284
A,245032045,6.7696,-6.5003,-1.5335
G,245032478,0.243946,0.030893,-0.047937
A,245034501,6.8019,-6.5721,-1.5371
G,245034948,0.240750,0.007457,-0.060720
TRK,245031,-0.59822,0.25085,0.70868,-0.27745,-0.3902,0.7484,-0.4641,0.000,0.000,0.000,3,11
A,245036994,6.8414,-6.6511,-1.5407
G,245037453,0.242880,-0.005326,-0.073503
A,245039468,6.8809,-6.7445,-1.5443
G,245039949,0.249272,-0.007457,-0.084156
A,245041934,6.9168,-6.8307,-1.5514
G,245042427,0.259925,0.000000,-0.091613
A,245044425,6.9456,-6.8989,-1.5586
G,245044931,0.272708,0.012783,-0.093743
A,245046899,6.9635,-6.9348,-1.5730
G,245047427,0.285491,0.026632,-0.095874
A,245049364,6.9707,-6.9420,-1.5838
G,245049903,0.296144,0.038350,-0.094809
TRK,245049,-0.59904,0.24898,0.70819,-0.27862,-0.3902,0.7484,-0.4641,0.000,0.000,0.000,3,11
A,245051851,6.9707,-6.9312,-1.6089
G,245052400,0.304666,0.047937,-0.090547
A,245054325,6.9599,-6.9168,-1.6305
G,245054917,0.309992,0.055394,-0.084156
A,245056781,6.9384,-6.9061,-1.6592
G,245057413,0.308927,0.060720,-0.082025
A,245059268,6.9133,-6.8953,-1.6807
G,245059909,0.300405,0.061785,-0.084156
A,245061742,6.8881,-6.8773,-1.6915
G,245062405,0.284426,0.062851,-0.088417
A,245064210,6.8666,-6.8450,-1.6879
G,245064881,0.264186,0.066046,-0.088417
TRK,245064,-0.60007,0.24733,0.70747,-0.27969,-0.3902,0.7484,-0.4641,0.000,0.000,0.000,3,11
A,245066696,6.8558,-6.8163,-1.6664
G,245067376,0.241815,0.069242,-0.089482
A,245069171,6.8666,-6.7840,-1.6412
G,245069872,0.218379,0.070307,-0.087352
A,245071650,6.8809,-6.7588,-1.6053
G,245072359,0.193878,0.071373,-0.088417
A,245074124,6.9061,-6.7337,-1.5730
G,245074876,0.169377,0.071373,-0.090547
A,245076584,6.9276,-6.7121,-1.5371
G,245077373,0.148072,0.072438,-0.088417
A,245079062,6.9528,-6.6762,-1.4976
G,245079856,0.128897,0.073503,-0.079895
A,245081536,6.9707,-6.6475,-1.4581
G,245082364,0.110787,0.072438,-0.069242
A,245083988,6.9851,-6.6224,-1.4114
G,245084860,0.092678,0.069242,-0.061785
A,245086471,6.9887,-6.6152,-1.3719
G,245087347,0.078830,0.063916,-0.057524
A,245088945,6.9779,-6.6152,-1.3467
G,245089864,0.073503,0.061785,-0.054328
A,245091409,6.9528,-6.6224,-1.3180
G,245092361,0.078830,0.059655,-0.053263
TRK,245088,-0.60127,0.24590,0.70675,-0.28018,-0.3902,0.7484,-0.4641,0.000,0.000,0.000,3,11
A,245093903,6.9312,-6.6295,-1.3216
G,245094858,0.090547,0.057524,-0.049002
A,245096378,6.8917,-6.6331,-1.3288
G,245097354,0.099070,0.057524,-0.041545
A,245098851,6.8666,-6.6331,-1.3503
G,245099830,0.099070,0.058590,-0.031958
A,245101325,6.8450,-6.6331,-1.3683
G,245102337,0.090547,0.059655,-0.024501
A,245103782,6.8307,-6.6331,-1.3755
G,245104834,0.082025,0.059655,-0.020240
A,245106269,6.8307,-6.6295,-1.3791
G,245107321,0.082025,0.060720,-0.018109
A,245108743,6.8271,-6.6224,-1.3755
G,245109839,0.093743,0.061785,-0.015979
A,245111211,6.8163,-6.6152,-1.3791
G,245112335,0.115049,0.062851,-0.017044
TRK,245111,-0.60216,0.24516,0.70611,-0.28055,-0.3902,0.7484,-0.4641,0.000,0.000,0.000,3,11
A,245113696,6.8055,-6.6044,-1.3827
G,245114820,0.138484,0.067112,-0.018109
A,245116170,6.7876,-6.5936,-1.3934
G,245117328,0.159790,0.071373,-0.019175
A,245118629,6.7696,-6.5793,-1.3970
G,245119824,0.175769,0.074569,-0.022371
A,245121119,6.7445,-6.5649,-1.4114
G,245122312,0.186421,0.075634,-0.029827
A,245123594,6.7086,-6.5434,-1.4329
G,245124817,0.190682,0.073503,-0.037284
A,245126051,6.6655,-6.5110,-1.4545
G,245127313,0.188552,0.072438,-0.042611
TRK,245126,-0.60290,0.24439,0.70548,-0.28121,-0.3902,0.7484,-0.4641,0.000,0.000,0.000,3,11
A,245128533,6.6188,-6.4751,-1.4832
G,245129791,0.176834,0.064981,-0.046872
A,245131007,6.5649,-6.4392,-1.5048
G,245132300,0.157659,0.053263,-0.053263
A,245133469,6.5110,-6.4069,-1.5119
G,245134796,0.131028,0.039415,-0.062851
A,245135950,6.4608,-6.3817,-1.5119
G,245137272,0.101200,0.023436,-0.072438
A,245138425,6.4212,-6.3638,-1.5012
G,245139771,0.074569,0.006392,-0.088417
A,245140879,6.3997,-6.3566,-1.4760
G,245142267,0.054328,-0.012783,-0.104396
A,245143364,6.3961,-6.3494,-1.4473
G,245144746,0.039415,-0.028762,-0.123571
A,245145838,6.4033,-6.3494,-1.4222
G,245147256,0.028762,-0.049002,-0.139550
A,245148304,6.4069,-6.3530,-1.4006
G,245149752,0.025566,-0.072438,-0.152333
TRK,245145,-0.60342,0.24342,0.70529,-0.28140,-0.3902,0.7484,-0.4641,0.000,0.000,0.000,3,11
A,245150800,6.4141,-6.3494,-1.3827
G,245152241,0.026632,-0.093743,-0.159790
A,245153275,6.4033,-6.3494,-1.3827
G,245154760,0.030893,-0.109722,-0.168312
A,245155751,6.3889,-6.3638,-1.3970
G,245157256,0.034088,-0.123571,-0.180030
A,245158225,6.3638,-6.3817,-1.4293
G,245159755,0.034088,-0.137419,-0.196009
A,245160683,6.3315,-6.4069,-1.4653
G,245162251,0.034088,-0.150202,-0.211988
A,245163172,6.2956,-6.4284,-1.5048
G,245164731,0.034088,-0.160855,-0.226901
A,245165646,6.2704,-6.4392,-1.5443
G,245167241,0.036219,-0.170442,-0.237554
A,245168116,6.2453,-6.4392,-1.5838
G,245169737,0.039415,-0.182160,-0.241815
A,245170590,6.2309,-6.4428,-1.6197
TRK,245165,-0.60319,0.24167,0.70633,-0.28081,-0.3902,0.7484,-0.4641,0.000,0.000,0.000,3,11
G,245172226,0.046872,-0.197074,-0.243946
A,245173041,6.2165,-6.4572,-1.6520
G,245174747,0.057524,-0.219444,-0.249272
A,245175523,6.2022,-6.4859,-1.6879
G,245177243,0.070307,-0.243946,-0.257794
A,245177998,6.1842,-6.5290,-1.7346
G,245179742,0.084156,-0.270577,-0.273773
A,245180460,6.1663,-6.5900,-1.7957
G,245182238,0.096939,-0.295078,-0.291882
A,245182954,6.1519,-6.6655,-1.8711
G,245184718,0.113983,-0.320645,-0.313188
A,245185428,6.1447,-6.7624,-1.9465
TRK,245185,-0.60239,0.23874,0.70822,-0.28028,-0.3902,0.7484,-0.4641,0.000,0.000,0.000,3,11
G,245187228,0.134223,-0.344080,-0.332363
A,245187902,6.1411,-6.8738,-2.0183
G,245189724,0.160855,-0.366451,-0.352602
A,245190376,6.1483,-7.0030,-2.0865
G,245192214,0.193878,-0.386691,-0.371777
A,245192831,6.1519,-7.1359,-2.1440
G,245194734,0.239684,-0.402670,-0.390952
A,245195317,6.1375,-7.2760,-2.2122
G,245197231,0.297209,-0.418649,-0.413323
A,245197792,6.1052,-7.3945,-2.2841
G,245199719,0.367516,-0.432497,-0.437824
A,245200247,6.0478,-7.4915,-2.3595
G,245202236,0.446346,-0.445280,-0.463390
A,245202732,5.9795,-7.5453,-2.4385
G,245204732,0.530502,-0.458064,-0.490022
A,245205206,5.8969,-7.5669,-2.5139
G,245207222,0.613592,-0.476173,-0.521980
A,245207665,5.8071,-7.5741,-2.5857
G,245209718,0.691357,-0.498544,-0.561394
TRK,245208,-0.60120,0.23067,0.71141,-0.28153,-0.3902,0.7484,-0.4641,0.000,0.000,0.000,3,11
A,245210154,5.7174,-7.5741,-2.6755
G,245212188,0.764860,-0.524110,-0.606135
A,245212628,5.6312,-7.5956,-2.7761
G,245214689,0.833037,-0.550742,-0.655138
A,245215099,5.5557,-7.6315,-2.9090
G,245217185,0.898018,-0.576308,-0.706270
A,245217573,5.4947,-7.6962,-3.0526
G,245219666,0.959803,-0.601874,-0.758468
A,245220024,5.4552,-7.8003,-3.2034
A,245393070,8.9495,0.5423,3.8211
G,245394344,0.259925,2.380866,6.981742
A,245395544,8.2995,0.8045,3.6524
G,245396840,0.119310,2.343582,6.926349
A,245398016,7.6315,1.0989,3.5231
G,245399308,-0.015979,2.321211,6.836866
A,245400490,7.0318,1.4114,3.4333
G,245401826,-0.145941,2.294580,6.713296
A,245402963,6.4931,1.6915,3.4046
G,245404322,-0.267381,2.254100,6.566289
A,245405437,6.0801,1.8854,3.3938
G,245406820,-0.383495,2.191249,6.404369
A,245407891,5.7425,1.9501,3.3902
G,245409316,-0.502805,2.120941,6.237123
A,245410376,5.4983,1.8962,3.3255
G,245411794,-0.637028,2.044242,6.064550
A,245412851,5.2756,1.7238,3.1927
G,245414303,-0.791491,1.966478,5.890912
A,245415316,5.0637,1.4724,2.9808
G,245416799,-0.967260,1.873800,5.719404
A,245417813,4.8231,1.1384,2.6863
G,245419288,-1.162203,1.755556,5.557485
A,245420287,4.5610,0.7434,2.3487
G,245421807,-1.368865,1.609614,5.410478
A,245422764,4.2665,0.3017,2.0111
G,245424303,-1.580852,1.442368,5.283711
A,245425238,3.9540,-0.1437,1.6771
TRK,245420,-0.56235,0.19802,0.58352,-0.55141,-0.3902,0.7484,-0.4641,0.000,0.000,0.000,3,11
G,245426801,-1.784318,1.261273,5.176120
A,245427696,3.6308,-0.5279,1.3862
G,245429297,-1.965413,1.072721,5.081311
A,245430185,3.2717,-0.8152,1.1241
G,245431776,-2.119876,0.885235,4.985437
A,245432659,2.8874,-0.9840,0.9086
G,245434285,-2.248773,0.714792,4.882107
A,245435129,2.4924,-1.0343,0.7614
G,245436781,-2.354234,0.577373,4.765993
A,245437603,2.0686,-0.9876,0.6859
G,245439270,-2.429868,0.482565,4.639226
A,245440054,1.6592,-0.8655,0.6716
G,245441766,-2.468218,0.433563,4.493285
TRK,245436,-0.53929,0.23831,0.57798,-0.56419,-0.3902,0.7484,-0.4641,0.000,0.000,0.000,3,11
A,245442544,1.2677,-0.6823,0.7075
G,245444244,-2.460761,0.430367,4.328169
A,245445018,0.8906,-0.4705,0.7506
G,245446743,-2.408563,0.472977,4.151335
A,245447480,0.5315,-0.2478,0.8009
G,245449239,-2.323342,0.548611,3.964914
A,245449973,0.1975,-0.0323,0.8296
G,245451719,-2.216815,0.641289,3.769971
A,245452448,-0.1221,0.1652,0.8511
G,245454229,-2.098571,0.745685,3.564374
A,245454921,-0.3950,0.3484,0.8511
G,245456725,-1.971804,0.867125,3.351322
A,245457396,-0.6464,0.5100,0.8475
G,245459216,-1.837581,1.008805,3.129747
A,245459851,-0.8583,0.6608,0.8332
G,245461712,-1.699097,1.171791,2.899650
A,245462325,-1.0558,0.8116,0.8224
G,245464202,-1.559547,1.351821,2.653574
A,245464781,-1.2534,0.9589,0.7973
G,245466723,-1.423193,1.540372,2.393649
A,245467269,-1.4653,1.0882,0.7614
G,245469219,-1.300688,1.728924,2.124137
A,245469766,-1.7059,1.1744,0.7111
G,245471699,-1.195227,1.911084,1.856756
A,245472240,-1.9573,1.1995,0.6572
TRK,245468,-0.50653,0.29622,0.57419,-0.57095,-0.3902,0.7484,-0.4641,0.000,0.000,0.000,3,11
G,245474209,-1.099353,2.083657,1.596831
A,245474718,-2.2051,1.1492,0.6033
G,245476705,-1.003479,2.245577,1.344364
A,245477192,-2.4421,1.0379,0.5351
G,245479196,-0.901214,2.397910,1.099353
A,245479651,-2.6504,0.8906,0.4345
G,245481716,-0.798948,2.535329,0.862864
A,245482141,-2.8371,0.7183,0.2945
G,245484212,-0.706270,2.657835,0.638093
A,245484615,-2.9951,0.5351,0.1149
G,245486713,-0.630637,2.760100,0.420779
A,245487085,-3.1280,0.3448,-0.0934
G,245489209,-0.577373,2.842125,0.215183
A,245489560,-3.2358,0.1472,-0.3017
G,245491689,-0.540089,2.901780,0.020240
A,245492011,-3.3435,-0.0539,-0.4920
G,245494190,-0.514523,2.948652,-0.162985
A,245494483,-3.4046,-0.2478,-0.6859
G,245496686,-0.491087,2.995523,-0.337689
TRK,245491,-0.51375,0.32250,0.56225,-0.56208,-0.3902,0.7484,-0.4641,0.000,0.000,0.000,3,11
A,245496976,-3.5267,-0.4022,-0.8547
G,245499156,-0.470847,3.034938,-0.512392
A,245499451,-3.5913,-0.5746,-1.0379
G,245501658,-0.462325,3.013633,-0.677508
A,245501924,-3.6559,-0.7614,-1.2641
G,245504154,-0.470847,2.907106,-0.827710
A,245504399,-3.7062,-1.0020,-1.4688
G,245506635,-0.485761,2.764361,-0.975782
A,245506853,-3.8283,-1.2929,-1.5766
G,245509132,-0.479369,2.679140,-1.155812
A,245509328,-4.0654,-1.5335,-1.6233
G,245511614,-0.416518,2.705772,-1.369930
A,245511784,-4.3886,-1.7131,-1.5550
TRK,245508,-0.52968,0.33556,0.55331,-0.54835,-0.3902,0.7484,-0.4641,0.000,0.000,0.000,3,11
G,245514126,-0.284426,2.829342,-1.575526
A,245514271,-4.7692,-1.7992,-1.4868
G,245516622,-0.099070,2.987001,-1.731055
A,245516745,-5.0709,-1.8495,-1.5048
G,245519114,0.101200,3.130812,-1.833320
A,245519213,-5.2541,-1.9178,-1.6269
G,245521610,0.285491,3.223490,-1.905758
A,245521687,-5.3295,-2.0435,-1.8675
G,245524083,0.443150,3.265035,-1.971804
A,245524137,-5.2900,-2.2302,-2.2122
TRK,245524,-0.54909,0.34064,0.54551,-0.53374,-0.3902,0.7484,-0.4641,0.000,0.000,0.000,3,11
G,245526586,0.574178,3.254383,-2.049569
A,245526617,-5.1858,-2.4780,-2.6288
G,245529082,0.688161,3.201119,-2.159291
A,245529091,-5.0458,-2.7617,-3.0670
A,245531546,-4.9057,-3.0670,-3.4907
G,245531559,0.791491,3.121224,-2.313754
A,245534038,-4.7836,-3.3830,-3.8750
G,245534072,0.892692,3.032808,-2.507632
A,245536512,-4.6723,-3.7098,-4.2198
G,245536568,1.000283,2.942260,-2.727077
A,245538976,-4.5394,-4.1013,-4.5358
G,245539053,1.129180,2.852778,-2.956109
TRK,245535,-0.56901,0.34019,0.53708,-0.52158,-0.3902,0.7484,-0.4641,0.000,0.000,0.000,3,11
A,245541459,-4.3814,-4.5286,-4.8734
G,245541556,1.279383,2.757970,-3.185140
A,245543933,-4.1336,-5.0494,-5.2361
G,245544052,1.450890,2.657835,-3.407781
A,245546397,-3.8032,-5.6312,-5.6312
G,245546536,1.631985,2.550243,-3.615507
A,245548879,-3.3651,-6.2776,-6.0513
G,245549037,1.808819,2.434129,-3.806190
A,245551354,-2.8192,-6.9635,-6.4895
G,245551533,1.962217,2.299906,-3.979828
TRK,245546,-0.58697,0.33444,0.53131,-0.51119,-0.3902,0.7484,-0.4641,0.000,0.000,0.000,3,11
A,245553829,-2.2051,-7.6782,-6.9276
G,245554027,2.071939,2.139051,-4.139617
A,245556324,-1.5371,-8.3965,-7.3694
G,245556540,2.123072,1.952630,-4.286624
A,245558798,-0.8296,-9.1219,-7.7716
G,245559036,2.108158,1.752360,-4.425108
A,245561265,-0.0934,-9.8689,-8.0876
G,245561520,2.032524,1.555286,-4.552940
A,245563763,0.6788,-10.6338,-8.2780
G,245564034,1.908954,1.372061,-4.667989
A,245566237,1.4653,-11.4132,-8.2600
G,245566530,1.751295,1.217597,-4.772385
A,245568715,2.2625,-12.1494,-8.0517
G,245569024,1.580852,1.094026,-4.868258
A,245571189,3.0382,-12.8102,-7.5956
G,245571520,1.417867,1.005610,-4.954545
A,245573648,3.7745,-13.3453,-6.9564
G,245573994,1.278317,0.941694,-5.023787
A,245576123,4.4748,-13.7403,-6.2309
G,245576490,1.169660,0.892692,-5.074920
TRK,245570,-0.63312,0.30144,0.52458,-0.48281,-0.3902,0.7484,-0.4641,0.000,0.000,0.000,3,11
A,245578583,5.2325,-14.0564,-5.3439
G,245578965,1.084439,0.867125,-5.117530
A,245581070,6.0047,-14.2431,-4.4963
G,245581466,1.025850,0.883104,-5.189968
A,245583544,6.5864,-14.2359,-3.8894
G,245583962,1.017327,0.942759,-5.339105
A,245586016,6.9887,-13.9630,-3.1603
G,245586448,1.058873,1.054612,-5.569202
A,245588490,7.0964,-13.4422,-2.7869
G,245588963,1.140898,1.208010,-5.823800
A,245590943,7.0282,-12.7671,-2.2338
G,245591459,1.233576,1.393366,-6.036853
A,245593416,7.7680,-12.8102,-1.5119
G,245593943,1.347559,1.572330,-6.195577
A,245595890,9.0968,-13.0508,-0.4453
G,245596458,1.526524,1.719337,-6.408630
A,245598344,9.7935,-13.2770,0.0251
G,245598955,1.895105,1.829059,-6.922088
TRK,245594,-0.67175,0.26627,0.52811,-0.44604,-0.3902,0.7484,-0.4641,0.000,0.000,0.000,3,11
A,245600820,10.5441,-13.2483,0.3484
G,245601440,2.443717,1.931324,-7.727427
A,245603294,9.8007,-12.3289,0.0072
G,245603956,3.023220,2.047438,-8.639294
A,245605751,8.7556,-11.2085,-0.6069
G,245606452,3.432282,2.189118,-9.338108
A,245608239,7.9404,-10.2496,-0.7111
G,245608947,3.643204,2.323342,-9.788714
A,245610713,7.2113,-9.5744,-0.5962
G,245611444,3.774232,2.394714,-10.082727
TRK,245610,-0.71842,0.21802,0.52305,-0.40343,-0.3902,0.7484,-0.4641,0.000,0.000,0.000,3,11
A,245613182,6.8055,-9.0142,-0.3124
G,245613919,3.920173,2.357430,-10.295781
A,245615656,6.5038,-8.6119,0.3771
G,245616425,4.081028,2.226403,-10.433200
A,245618106,6.1663,-8.0409,0.6321
G,245618921,4.246144,2.042112,-10.491790
A,245620594,6.1591,-7.6279,1.3252
G,245621416,4.388889,1.842907,-10.487528
A,245623069,5.9472,-7.1826,1.6017
G,245623932,4.535896,1.628789,-10.476875
A,245625530,5.9041,-6.7516,2.1332
G,245626428,4.665858,1.398692,-10.457701
A,245628022,5.6599,-6.3243,2.2302
G,245628924,4.778776,1.162203,-10.415091
A,245630496,5.4839,-5.8502,2.3523
G,245631420,4.858671,0.904409,-10.305368
A,245632964,5.4049,-5.5414,2.5139
G,245633891,4.884237,0.648746,-10.101903
A,245635438,5.4049,-5.3295,2.6791
TRK,245634,-0.77945,0.12660,0.51158,-0.33870,-0.3902,0.7484,-0.4641,0.000,0.000,0.000,3,11
G,245636398,4.851214,0.398409,-9.814281
A,245637892,5.5881,-5.2541,2.9521
G,245638894,4.803277,0.165116,-9.500029
A,245640377,5.9113,-5.2936,3.3112
G,245641380,4.784102,-0.061785,-9.198559
A,245642851,6.1663,-5.2972,3.4692
G,245643876,4.788363,-0.279099,-8.927980
A,245645326,6.6331,-5.4265,3.5626
G,245646353,4.785168,-0.472977,-8.666991
A,245647801,7.1251,-5.5198,3.8104
G,245648870,4.763863,-0.618919,-8.417719
A,245650267,7.5884,-5.4983,3.9792
G,245651366,4.754275,-0.714792,-8.186557
A,245652753,8.1307,-5.3762,4.4245
G,245653852,4.771319,-0.776578,-7.952199
A,245655227,8.5940,-5.1643,4.8375
G,245656348,4.826713,-0.852211,-7.682686
TRK,245650,-0.80708,0.05291,0.50700,-0.29794,-0.3902,0.7484,-0.4641,0.000,0.000,0.000,3,11
A,245657706,9.0178,-4.9560,5.2469
G,245658826,4.906608,-0.970456,-7.356716
A,245660180,9.4631,-4.8231,5.5522
G,245661334,5.004612,-1.129180,-6.996656
A,245662639,10.0126,-4.7405,5.6958
G,245663830,5.089833,-1.311340,-6.589725
A,245665113,10.5620,-4.6723,5.4372
G,245666338,5.126052,-1.486044,-6.131661
A,245667574,11.0935,-4.4927,5.2792
G,245668834,5.066398,-1.622398,-5.662945
TRK,245668,-0.81981,-0.01581,0.50427,-0.27088,-0.3902,0.7484,-0.4641,0.000,0.000,0.000,3,11
A,245670065,11.9231,-4.4245,5.0458
G,245671322,4.931109,-1.706553,-5.208078
A,245672539,12.8102,-4.4640,4.7908
G,245673818,4.764928,-1.737446,-4.813930
A,245675011,13.3740,-4.2162,4.7585
G,245676286,4.600877,-1.693770,-4.533765
A,245677485,13.9235,-3.9971,4.8016
G,245678785,4.434696,-1.562743,-4.380367
A,245679938,13.9917,-3.4081,5.0601
G,245681281,4.268514,-1.363539,-4.282363
A,245682422,14.3113,-2.9197,5.5378
G,245683760,4.134291,-1.179248,-4.117247
A,245684897,14.9542,-2.6288,6.0262
G,245686256,4.030961,-1.016262,-3.943609
A,245687381,16.2111,-2.6719,6.7373
G,245688735,3.938282,-0.834102,-3.898868
A,245689856,17.4070,-2.7294,7.3298
G,245691245,3.878628,-0.589091,-4.107659
A,245692321,18.1217,-2.4924,7.9835
G,245693741,3.893541,-0.288687,-4.564658
TRK,245693,-0.82371,-0.09105,0.49961,-0.25219,-0.3902,0.7484,-0.4641,0.000,0.000,0.000,3,11
A,245694818,18.0247,-1.9178,8.2923
G,245696231,3.983023,0.018109,-5.128183
A,245697292,17.0587,-0.9697,8.3246
G,245698740,4.062918,0.288687,-5.604356
A,245699758,15.6724,0.1077,8.1271
G,245701236,4.043744,0.480434,-5.845105
A,245702232,14.2970,1.1025,8.3354
G,245703733,3.907390,0.576308,-5.837648
A,245704687,13.1765,1.9896,8.7700
G,245706229,3.733752,0.568851,-5.665076
A,245707161,12.4295,2.6755,9.5816
G,245708729,3.602724,0.466586,-5.426457
A,245709621,11.9806,3.1819,10.3609
G,245711225,3.551591,0.318514,-5.203817
A,245712105,11.5748,3.6236,10.9571
G,245713699,3.557983,0.176834,-5.029113
A,245714579,11.2013,3.8822,10.9571
TRK,245714,-0.83399,-0.14842,0.48098,-0.22603,-0.3902,0.7484,-0.4641,0.000,0.000,0.000,3,11
G,245716209,3.585680,0.075634,-4.879976
A,245717050,10.7524,4.1264,11.1510
G,245718705,3.592071,0.046872,-4.713795
A,245719525,10.2963,4.2018,10.9894
G,245721196,3.583549,0.091613,-4.506069
A,245721977,9.9228,4.3275,11.1043
G,245723692,3.596333,0.215183,-4.283428
A,245724460,9.5565,4.4460,10.9894
G,245726163,3.658118,0.322775,-4.056527
A,245726934,9.2584,4.7585,10.7344
G,245728684,3.718838,0.376038,-3.795537
A,245729418,8.9603,5.0099,9.8725
G,245731180,3.698598,0.388821,-3.465305
A,245731892,8.7197,5.1427,8.9352
G,245733670,3.543069,0.406931,-3.067961
A,245734347,8.7053,5.1858,8.2456
G,245736167,3.271427,0.476173,-2.665292
TRK,245735,-0.83784,-0.20234,0.46214,-0.20858,-0.3902,0.7484,-0.4641,0.000,0.000,0.000,3,11
A,245736843,8.7520,4.9991,7.7213
G,245738648,2.959304,0.568851,-2.335060
A,245739317,8.9675,4.8195,7.8434
G,245741159,2.692988,0.659399,-2.111354
A,245741793,9.1758,4.6256,7.9188
G,245743655,2.496980,0.703074,-1.985653
A,245744268,9.2512,4.3778,7.7716
G,245746141,2.328668,0.670051,-1.901497
A,245746719,9.3697,4.2054,7.7285
G,245748637,2.127333,0.588026,-1.809884
A,245749194,9.3266,4.1228,7.7500
G,245751129,1.895105,0.490022,-1.690575
A,245751652,9.2009,4.0654,7.9763
G,245753645,1.698031,0.416518,-1.554221
A,245754136,8.8849,4.1875,8.3067
G,245756141,1.571265,0.302535,-1.367800
A,245756610,8.6048,4.3778,8.4719
TRK,245752,-0.83914,-0.22328,0.45142,-0.20545,-0.3902,0.7484,-0.4641,0.000,0.000,0.000,3,11
G,245758642,1.478587,0.155529,-1.090831
A,245759080,8.2708,4.5538,8.3246
G,245761138,1.341168,-0.050067,-0.675378
A,245761555,8.4827,4.8123,8.2672
G,245763620,1.148355,-0.235423,-0.155529
A,245764006,8.9926,5.0314,8.6730
G,245766132,0.957673,-0.414388,0.374973
A,245766489,9.7288,5.2577,9.1219
G,245768629,0.852211,-0.588026,0.824515
A,245768963,10.4399,5.4839,9.5960
TRK,245764,-0.83864,-0.23343,0.44759,-0.20459,-0.3902,0.7484,-0.4641,0.000,0.000,0.000,3,11
G,245771140,0.828776,-0.785100,1.157942
A,245771447,10.9535,5.6419,9.6606
G,245773636,0.814927,-1.023719,1.409345
A,245773921,11.2659,5.6707,9.0896
G,245776128,0.711597,-1.301753,1.619202
A,245776385,11.4634,5.5737,8.2851
G,245778642,0.490022,-1.602158,1.797101
A,245778871,11.5855,5.3870,7.5094
G,245781138,0.181095,-1.890844,1.943042
A,245781346,11.5245,5.1427,6.9204
G,245783620,-0.155529,-2.143312,2.058091
A,245783802,11.2767,4.9129,6.7552
G,245786132,-0.456998,-2.351039,2.136920
A,245786288,10.8816,4.6902,6.8630
G,245788653,-0.688161,-2.527873,2.189118
A,245788785,10.3968,4.4712,7.0533
G,245791149,-0.850081,-2.677010,2.218946
A,245791259,9.9012,4.2701,7.2652
G,245793651,-0.970456,-2.801646,2.240251
A,245793737,9.4990,4.0833,7.3334
G,245796147,-1.075917,-2.897519,2.258361
A,245796211,9.1506,3.9037,7.2939
TRK,245795,-0.81913,-0.22754,0.47783,-0.22119,-0.3902,0.7484,-0.4641,0.000,0.000,0.000,3,11
G,245798629,-1.184574,-2.962500,2.271144
A,245798670,8.9172,3.7565,7.2042
G,245801129,-1.295362,-3.006176,2.275405
A,245801148,8.7484,3.6272,7.0425
A,245803622,8.6694,3.5338,6.8594
G,245803625,-1.408279,-3.036003,2.275405
A,245806072,8.6407,3.4548,6.6655
G,245806098,-1.525459,-3.041330,2.284992
A,245808554,8.6586,3.4046,6.4787
G,245808600,-1.656486,-3.023220,2.312689
A,245811028,8.7161,3.3938,6.3279
G,245811096,-1.807754,-2.996588,2.362756
TRK,245806,-0.81083,-0.21988,0.49409,-0.22379,-0.3902,0.7484,-0.4641,0.000,0.000,0.000,3,11
A,245813490,8.7628,3.3543,6.1770
G,245813579,-1.977131,-2.983805,2.435194
A,245815964,8.8741,3.3004,5.9831
G,245816075,-2.159291,-2.998719,2.535329
A,245818428,9.0178,3.1819,5.7533
G,245818558,-2.352104,-3.051982,2.655704
A,245820917,9.3015,2.9916,5.6563
G,245821067,-2.555569,-3.142530,2.780340
A,245823391,9.6857,2.8299,5.7569
G,245823563,-2.754774,-3.220294,2.875149
A,245825847,9.8869,2.5606,5.7964
G,245826036,-2.912433,-3.176618,2.911367
A,245828332,9.9587,2.2805,5.8395
G,245828540,-3.016829,-3.022155,2.891127
A,245830828,9.8222,1.9429,5.5126
G,245831054,-3.095658,-2.890062,2.866626
A,245833303,9.6103,1.5658,4.9775
G,245833550,-3.190467,-2.931607,2.885801
TRK,245833,-0.78779,-0.18280,0.54269,-0.22685,-0.3902,0.7484,-0.4641,0.000,0.000,0.000,3,11
A,245835779,9.6929,1.1851,4.9344
G,245836043,-3.310842,-3.122290,2.957174
A,245838254,9.9443,0.9301,5.0745
G,245838539,-3.420564,-3.219229,3.023220
A,245840731,10.0161,0.6536,5.3762
G,245841033,-3.447196,-3.011502,3.039199
A,245843205,9.8725,0.4633,5.7066
G,245843529,-3.393932,-2.584332,2.993393
A,245845664,9.6175,0.3017,5.5486
G,245846003,-3.318298,-2.195510,2.948652
A,245848142,9.4379,0.0431,5.2253
G,245848496,-3.291667,-2.059156,2.935869
A,245850641,9.5565,-0.2693,4.8195
G,245851010,-3.301254,-2.045308,2.944391
A,245853116,9.9515,-0.6967,4.4209
G,245853506,-3.292732,-1.957956,2.910302
TRK,245849,-0.77578,-0.15532,0.56796,-0.22685,-0.3902,0.7484,-0.4641,0.000,0.000,0.000,3,11
A,245855576,10.3034,-1.2139,3.9253
G,245855981,-3.245860,-1.687379,2.820820
A,245858055,10.5656,-1.7561,3.5195
G,245858474,-3.160639,-1.308145,2.710033
A,245860530,10.7847,-2.2733,3.1244
G,245860970,-3.044525,-0.925715,2.607767
A,245862997,10.8278,-2.7043,2.7904
G,245863450,-2.895388,-0.584830,2.514024
A,245865471,10.8062,-3.0418,2.6504
G,245865966,-2.718555,-0.274838,2.423476
A,245867925,10.6231,-3.2825,2.4995
G,245868462,-2.520416,0.025566,2.340386
A,245870409,10.3537,-3.3902,2.3882
G,245870957,-2.316950,0.316384,2.267948
A,245872883,10.1562,-3.4369,2.3523
G,245873469,-2.119876,0.626375,2.199771
A,245875335,10.0269,-3.4225,2.2948
G,245875965,-1.933455,0.985370,2.119876
TRK,245871,-0.76752,-0.11520,0.58762,-0.22879,-0.3902,0.7484,-0.4641,0.000,0.000,0.000,3,11
A,245877811,9.9982,-3.3579,2.3092
G,245878451,-1.757686,1.406149,2.020807
A,245880306,9.9946,-3.3076,2.4852
G,245880954,-1.584048,1.857821,1.900432
A,245882780,9.9264,-3.2537,2.7653
G,245883451,-1.404018,2.307363,1.768339
A,245885255,9.7217,-3.1855,3.1208
G,245885934,-1.205879,2.750513,1.631985
A,245887729,9.3661,-3.1603,3.4800
G,245888440,-0.974717,3.207511,1.507349
A,245890177,8.9352,-3.1639,3.6524
G,245890936,-0.712662,3.678358,1.406149
TRK,245890,-0.77704,-0.08841,0.57668,-0.23628,-0.3902,0.7484,-0.4641,0.000,0.000,0.000,3,11
A,245892656,8.5186,-3.2537,3.5877
G,245893422,-0.441019,4.132161,1.332646
A,245895131,8.1738,-3.4512,3.2825
G,245895938,-0.182160,4.542287,1.287905
A,245897591,7.9332,-3.7745,2.7366
G,245898434,0.051133,4.904478,1.257012
A,245900073,7.4232,-4.1156,2.0650
G,245900921,0.250337,5.233644,1.211206
A,245902564,7.1826,-4.6723,1.3791
G,245903417,0.403735,5.522331,1.170726
A,245905039,6.9779,-5.1822,0.8583
G,245905913,0.530502,5.804626,1.177117
A,245907521,6.9133,-5.7497,0.3089
G,245908400,0.663660,6.171076,1.183509
A,245909995,6.9959,-6.2991,-0.0934
G,245910911,0.806405,6.616357,1.135572
A,245912452,7.1108,-6.7229,-0.5818
G,245913407,0.923584,7.017962,0.999218
TRK,245913,-0.80794,-0.06865,0.52740,-0.25372,-0.3902,0.7484,-0.4641,0.000,0.000,0.000,3,11
A,245914946,7.3370,-6.5936,-1.9716
G,245915903,0.980043,7.205448,0.828776
A,245917420,7.8254,-6.2022,-1.4940
G,245918421,0.904409,7.026484,0.550742
A,245919886,8.0984,-5.8287,-2.0291
G,245920917,0.730771,6.845389,0.028762
A,245922360,8.8957,-5.1894,-1.1851
G,245923421,0.529436,6.887999,-0.666856
A,245924813,9.0644,-4.9560,-0.5782
G,245925917,0.376038,7.282147,-1.427454
A,245927288,9.7755,-4.5717,-0.3412
G,245928423,0.217314,7.584682,-2.167813
A,245929745,9.8509,-4.2306,0.0036
G,245930919,-0.010653,7.680556,-3.057309
A,245932232,9.7001,-3.9935,0.2191
G,245933405,-0.283360,7.703992,-4.059722
A,245934707,9.2943,-4.0510,0.2514
G,245935916,-0.536893,7.826497,-4.977981
A,245937169,8.7556,-4.4353,-0.1149
G,245938412,-0.752077,7.951133,-5.591573
TRK,245937,-0.85930,-0.05923,0.44820,-0.23920,-0.3902,0.7484,-0.4641,0.000,0.000,0.000,3,11
A,245939648,8.4324,-4.9811,-0.7039
G,245940888,-0.942759,7.927697,-5.888781
A,245942122,8.2528,-5.6168,-1.2677
G,245943395,-1.110005,7.767908,-5.963350
A,245944583,7.8865,-6.2920,-1.6161
G,245945891,-1.216532,7.599596,-5.872802
A,245947057,7.4915,-6.9204,-1.7131
G,245948398,-1.233576,7.509048,-5.606487
A,245949519,7.0605,-7.4376,-1.6664
G,245950894,-1.179248,7.478156,-5.197425
TRK,245950,-0.88808,-0.05755,0.40594,-0.20787,-0.3902,0.7484,-0.4641,0.000,0.000,0.000,3,11
STAT,403.9,400.4,0,0,202,2.8124,334.374,0.0959,0.1426,-0.0817,9.7268,0.62,0.001
A,245952011,6.8235,-7.9224,-1.5407
G,245953380,-1.089765,7.428088,-4.686098
A,245954485,6.7983,-8.2780,-1.2605
G,245955897,-0.974717,7.340737,-4.158792
A,245956958,6.8486,-8.5078,-0.8152
G,245958393,-0.822384,7.266168,-3.679423
A,245959432,7.0030,-8.5976,-0.2837
G,245960886,-0.621049,7.262972,-3.291667
A,245961883,7.0820,-8.5293,0.3555
G,245963382,-0.394148,7.323692,-2.997654
A,245964369,7.0677,-8.2923,0.9194
G,245965860,-0.158724,7.387608,-2.771818
A,245966843,6.9599,-7.9332,1.3539
G,245968356,0.067112,7.406783,-2.617355
A,245969329,6.7696,-7.4986,1.6089
G,245970833,0.268447,7.382282,-2.539590
A,245971803,6.4643,-6.9959,1.6843
G,245973341,0.426106,7.334345,-2.534264
A,245974270,6.1268,-6.5218,1.6592
G,245975837,0.524110,7.254450,-2.575809
TRK,245975,-0.92918,-0.05184,0.32126,-0.17532,-0.3902,0.7484,-0.4641,0.000,0.000,0.000,3,11
A,245976767,5.8287,-6.1447,1.6556
G,245978325,0.569916,7.130879,-2.641856
A,245979241,5.5270,-5.7928,1.7346
G,245980841,0.582700,6.949785,-2.722816
A,245981717,5.3079,-5.4049,1.9824
G,245983337,0.584830,6.712231,-2.815494
A,245984191,5.2146,-5.0530,2.2266
G,245985835,0.589091,6.429935,-2.898584
A,245986650,5.1463,-4.6687,2.4565
G,245988331,0.595483,6.124205,-2.955043
A,245989124,5.1535,-4.3024,2.6863
G,245990827,0.606135,5.817409,-2.965696
A,245991582,5.1858,-3.9433,2.8371
G,245993323,0.625310,5.510613,-2.918824
TRK,245988,-0.94448,-0.05346,0.28070,-0.16217,-0.3902,0.7484,-0.4641,0.000,0.000,0.000,3,11
A,245994073,5.2038,-3.5195,3.0418
G,245995801,0.643420,5.189968,-2.809102
A,245996548,5.2218,-3.0311,3.2465
G,245998307,0.641289,4.856541,-2.653574
A,245999017,5.2110,-2.4708,3.4548
G,246000803,0.598679,4.532700,-2.478870
A,246001491,5.2002,-2.0075,3.7242
G,246003291,0.518784,4.231230,-2.297775
A,246003944,5.1320,-1.4581,4.0905
G,246005810,0.418649,3.952131,-2.128398
A,246006428,5.0637,-0.9337,4.5897
G,246008306,0.320645,3.696467,-1.979261
A,246008902,5.0135,-0.3950,5.2182
G,246010805,0.245011,3.474892,-1.854625
A,246011367,4.9596,0.2406,5.9328
G,246013322,0.199204,3.299124,-1.739577
A,246013851,4.9560,0.8799,6.5290
G,246015818,0.166181,3.165966,-1.634115
A,246016326,5.0099,1.5012,6.9994
TRK,246011,-0.96146,-0.05817,0.22922,-0.14025,-0.3902,0.7484,-0.4641,0.000,0.000,0.000,3,11
G,246018306,0.107592,3.062635,-1.559547
A,246018782,5.1212,1.9716,7.1467
G,246020803,0.000000,2.987001,-1.511610
A,246021269,5.2325,2.3056,7.2796
G,246023271,-0.149137,2.913498,-1.463673
A,246023743,5.4767,2.5139,7.2293
G,246025770,-0.306796,2.813363,-1.384844
A,246026211,5.7461,2.5786,7.2975
G,246028266,-0.464455,2.665292,-1.292166
A,246028709,6.0585,2.7869,7.2652
G,246030745,-0.632767,2.467152,-1.222924
A,246031184,6.3315,2.9377,7.3406
G,246033247,-0.800014,2.260491,-1.169660
A,246033655,6.4895,2.9808,7.5525
G,246035743,-0.915062,2.093245,-1.059938
A,246036129,6.4787,2.8910,8.2744
TRK,246031,-0.96976,-0.05611,0.20042,-0.12747,-0.3902,0.7484,-0.4641,0.000,0.000,0.000,3,11
G,246038233,-0.891626,2.002697,-0.835167
A,246038589,6.4177,2.7725,9.2045
G,246040747,-0.675378,1.950499,-0.509196
A,246041074,6.2273,2.7366,10.1239
G,246043243,-0.301470,1.871669,-0.140615
A,246043549,6.0334,2.9413,10.6769
G,246045743,0.105461,1.742772,0.229032
A,246046021,5.7784,3.3435,10.6087
G,246048239,0.423975,1.578722,0.579504
A,246048495,5.5952,3.7421,10.1742
G,246050719,0.607201,1.393366,0.888430
A,246050948,5.5450,4.0618,9.5457
G,246053229,0.670051,1.214401,1.123854
A,246053431,5.6850,4.2772,8.8921
G,246055725,0.642354,1.100418,1.258077
A,246055905,5.9652,4.3886,8.2923
G,246058215,0.535828,1.096157,1.284709
A,246058370,6.3063,4.4317,7.7357
TRK,246059,-0.97387,-0.05220,0.17841,-0.13050,-0.3902,0.7484,-0.4641,0.000,0.000,0.000,3,11
G,246060735,0.360059,1.189900,1.211206
A,246060865,6.5864,4.3993,7.2975
G,246063231,0.131028,1.334776,1.068460
A,246063339,6.6690,4.3132,7.0605
G,246065705,-0.115049,1.478587,0.905475
A,246065790,6.5505,4.1982,7.0749
G,246068211,-0.343015,1.582983,0.769121
A,246068272,6.3494,4.1372,7.5058
G,246070707,-0.528371,1.712945,0.674312
A,246070746,6.1160,4.1875,8.2241
TRK,246066,-0.97419,-0.05130,0.17370,-0.13472,-0.3902,0.7484,-0.4641,0.000,0.000,0.000,3,11
G,246073198,-0.661529,2.058091,0.592287
A,246073214,5.8897,4.3993,8.9890
A,246075688,5.6096,4.7118,9.6283
G,246075694,-0.754207,2.753709,0.472977
A,246078157,5.2792,5.0278,9.9335
G,246078184,-0.834102,3.670901,0.299339
A,246080647,4.8483,5.1822,9.9335
G,246080695,-0.918258,4.520982,0.101200
A,246083121,4.4173,5.1032,9.8258
G,246083191,-0.991761,5.107943,-0.063916
A,246085601,4.0869,4.8195,9.6426
G,246085692,-1.026915,5.432848,-0.142745
A,246088076,3.8966,4.4029,9.3948
G,246088188,-1.001348,5.546832,-0.100135
A,246090537,3.8786,3.9289,9.0932
G,246090669,-0.926780,5.477590,0.061785
A,246093029,4.0294,3.4836,8.7556
G,246093180,-0.822384,5.263472,0.304666
A,246095503,4.2557,3.0885,8.4503
G,246095676,-0.713727,4.976915,0.563525
TRK,246091,-0.98132,-0.03445,0.12907,-0.13844,-0.3902,0.7484,-0.4641,0.000,0.000,0.000,3,11
A,246097976,4.4712,2.7940,8.1738
G,246098167,-0.612527,4.706338,0.784035
A,246100450,4.6328,2.6217,7.9978
G,246100680,-0.525175,4.519917,0.929976
A,246102895,4.6759,2.5821,7.8829
G,246103176,-0.461259,4.466653,0.970456
A,246105376,4.5717,2.6217,7.8685
G,246105673,-0.429302,4.571050,0.893757
A,246107851,4.2952,2.6899,7.8326
G,246108169,-0.432497,4.834170,0.717988
A,246110316,3.9253,2.6935,7.8039
G,246110650,-0.462325,5.195294,0.494283
A,246112791,3.5590,2.6217,7.7249
G,246113161,-0.506001,5.568137,0.283360
A,246115236,3.3255,2.4565,7.5705
G,246115657,-0.553937,5.912217,0.122505
TRK,246111,-0.98557,-0.02138,0.08275,-0.14612,-0.3902,0.7484,-0.4641,0.000,0.000,0.000,3,11
A,246117714,3.2429,2.2230,7.2975
G,246118148,-0.596548,6.226470,0.021305
A,246120189,3.1855,1.9357,7.0282
G,246120644,-0.633832,6.499178,-0.038350
A,246122648,3.0239,1.6700,6.7840
G,246123116,-0.668986,6.691990,-0.078830
A,246125138,2.6540,1.4473,6.7086
G,246125618,-0.710531,6.804909,-0.125701
A,246127612,2.0650,1.3360,6.8845
G,246128115,-0.759533,6.891195,-0.196009
A,246130083,1.3647,1.3431,7.2401
G,246130597,-0.813862,6.993461,-0.291882
A,246132557,0.6105,1.4653,7.6890
G,246133109,-0.858603,7.110640,-0.407996
A,246135008,-0.0826,1.6125,8.1307
G,246135606,-0.882039,7.217166,-0.534763
A,246137485,-0.6572,1.7561,8.4970
G,246138092,-0.879908,7.286408,-0.662594
TRK,246138,-0.98951,0.00169,-0.00600,-0.14436,-0.3902,0.7484,-0.4641,0.000,0.000,0.000,3,11
A,246139978,-1.0810,1.8316,8.6945
G,246140594,-0.852211,7.307714,-0.776578
A,246142452,-1.3467,1.8244,8.7305
G,246143090,-0.810666,7.282147,-0.877778
A,246144913,-1.4832,1.7705,8.6263
G,246145560,-0.765925,7.208644,-0.972586
A,246147387,-1.5945,1.6771,8.4252
G,246148065,-0.737163,7.094661,-1.064199
A,246149834,-1.6771,1.6017,8.2133
G,246150561,-0.729706,6.944458,-1.146224
TRK,246150,-0.98908,0.01301,-0.04946,-0.13820,-0.3902,0.7484,-0.4641,0.000,0.000,0.000,3,11
A,246152320,-1.8136,1.5048,8.0230
G,246153055,-0.739293,6.777212,-1.210140
A,246154794,-1.9752,1.4006,7.9188
G,246155551,-0.742489,6.602509,-1.260208
A,246157261,-2.2194,1.2570,7.8685
G,246158024,-0.726510,6.427805,-1.290035
A,246159758,-2.5139,1.1169,7.8721
G,246160528,-0.689226,6.245645,-1.304949
A,246162233,-2.9018,1.0092,7.9009
G,246163025,-0.641289,6.053897,-1.291101
A,246164711,-3.3291,0.8835,7.8578
G,246165509,-0.598679,5.852562,-1.250620
A,246167185,-3.7852,0.8045,7.8829
G,246168023,-0.563525,5.648031,-1.182443
A,246169644,-4.1515,0.7506,7.9045
G,246170519,-0.533697,5.430718,-1.087635
A,246172126,-4.4173,0.7362,7.9655
G,246173006,-0.499609,5.187838,-0.967260
A,246174601,-4.5394,0.7901,7.9799
G,246175502,-0.451672,4.907673,-0.828776
TRK,246170,-0.98573,0.02852,-0.10872,-0.12529,-0.3902,0.7484,-0.4641,0.000,0.000,0.000,3,11
A,246177071,-4.5574,0.8116,7.9619
G,246177976,-0.385626,4.598746,-0.677508
A,246179545,-4.5430,0.8655,7.8829
G,246180481,-0.306796,4.266384,-0.515588
A,246181997,-4.5430,0.8691,7.7141
G,246182977,-0.220510,3.916977,-0.335558
A,246184472,-4.5538,0.8583,7.5992
G,246185454,-0.132093,3.547330,-0.138484
A,246186946,-4.6112,0.8296,7.4484
G,246187970,-0.044741,3.162770,0.074569
A,246189410,-4.6795,0.7685,7.3442
G,246190466,0.044741,2.771818,0.303600
TRK,246190,-0.98096,0.03636,-0.14793,-0.12050,-0.3902,0.7484,-0.4641,0.000,0.000,0.000,3,11
A,246191904,-4.7333,0.6823,7.3586
G,246192961,0.150202,2.382997,0.552872
A,246194379,-4.7297,0.6357,7.4484
G,246195457,0.285491,1.999501,0.820254
A,246196847,-4.6328,0.5782,7.5884
G,246197926,0.454868,1.626659,1.098288
A,246199322,-4.4388,0.5207,7.7321
G,246200432,0.653007,1.271926,1.379517
A,246201778,-4.1911,0.4202,7.8290
G,246202928,0.869256,0.945955,1.655421
A,246204253,-3.9037,0.2693,7.8542
G,246205402,1.091896,0.644485,1.918541
A,246206751,-3.6344,0.0898,7.8183
G,246207899,1.309210,0.366451,2.165683
A,246209225,-3.3758,-0.1077,7.7393
G,246210395,1.519067,0.117179,2.400041
A,246211696,-3.1424,-0.2873,7.6495
G,246212864,1.721467,-0.103331,2.622681
A,246214170,-2.9413,-0.4381,7.5633
TRK,246213,-0.97716,0.02511,-0.16107,-0.13630,-0.3902,0.7484,-0.4641,0.000,0.000,0.000,3,11
G,246215371,1.919606,-0.302535,2.831473
A,246216629,-2.7402,-0.5387,7.4843
G,246217867,2.115615,-0.495348,3.028547
A,246219107,-2.5678,-0.6177,7.4304
G,246220342,2.313754,-0.689226,3.217098
A,246221581,-2.3990,-0.6752,7.3837
G,246222854,2.516155,-0.886300,3.404585
A,246224046,-2.2374,-0.7398,7.3694
G,246225350,2.727077,-1.085504,3.585680
A,246226521,-2.0901,-0.8188,7.4053
G,246227847,2.951848,-1.285774,3.760383
A,246228973,-1.9609,-0.9122,7.4735
G,246230343,3.197924,-1.477522,3.929760
A,246231451,-1.8459,-1.0235,7.5776
G,246232815,3.474892,-1.651160,4.097007
A,246233925,-1.7095,-1.1600,7.6602
G,246235312,3.788080,-1.797101,4.261057
TRK,246229,-0.97423,-0.00241,-0.15713,-0.16179,-0.3902,0.7484,-0.4641,0.000,0.000,0.000,3,11
A,246236409,-1.6017,-1.2534,7.8147
G,246237790,4.141748,-1.905758,4.412325
A,246238883,-1.5479,-1.2534,8.0230
G,246240298,4.536961,-1.982457,4.543353
A,246241348,-1.6269,-1.0846,8.2349
G,246242795,4.963067,-2.041047,4.636031
A,246243823,-1.8064,-0.6967,8.4144
G,246245283,5.396630,-2.087918,4.688229
A,246246269,-2.0578,-0.1329,8.4467
G,246247802,5.793972,-2.102832,4.698882
A,246248746,-2.2733,0.5100,8.3067
G,246250298,6.116748,-2.054895,4.670119
A,246251234,-2.4134,1.1887,8.0697
G,246252777,6.344714,-1.927063,4.593420
A,246253708,-2.4852,1.8316,7.7967
G,246255273,6.476807,-1.717206,4.461327
TRK,246254,-0.96490,-0.07696,-0.14361,-0.20595,-0.3902,0.7484,-0.4641,0.000,0.000,0.000,3,11
A,246256197,-2.5714,2.4924,7.5058
G,246257752,6.520483,-1.447694,4.274906
A,246258671,-2.6827,3.1855,7.2508
G,246260252,6.481068,-1.148355,4.038417
A,246261131,-2.8299,3.9217,7.0461
G,246262748,6.363889,-0.859668,3.761448
A,246263605,-2.9161,4.6148,6.9168
G,246265233,6.181729,-0.607201,3.464240
A,246266051,-2.7509,5.1822,6.9635
G,246267753,5.969741,-0.403735,3.158509
A,246268533,-2.0686,5.3618,7.2760
G,246270249,5.782255,-0.255663,2.824016
A,246271025,-0.9840,5.2433,7.9476
G,246272728,5.699164,-0.166181,2.397910
A,246273499,-0.0611,5.1787,8.5545
TRK,246273,-0.95365,-0.13398,-0.14628,-0.22629,-0.3902,0.7484,-0.4641,0.000,0.000,0.000,3,11
G,246275238,5.786516,-0.125701,1.872735
A,246275972,0.5423,5.4049,8.8095
G,246277734,6.027266,-0.115049,1.346494
A,246278446,0.4741,6.2812,8.6479
G,246280244,6.291451,-0.121440,0.966195
A,246280920,-0.1508,7.8039,7.6028
G,246282740,6.436327,-0.157659,0.820254
A,246283394,-0.9373,9.6175,6.1016
G,246285225,6.354302,-0.232228,0.915062
A,246285844,-1.8639,11.4455,4.0079
G,246287745,5.996373,-0.330232,1.231446
A,246288330,-2.8192,12.9646,1.4581
G,246290242,5.301821,-0.410127,1.748099
A,246290804,-3.6308,13.9271,-0.8368
TRK,246290,-0.94295,-0.18614,-0.15472,-0.22859,-0.3902,0.7484,-0.4641,0.000,0.000,0.000,3,11
G,246292741,4.249340,-0.437824,2.424542
A,246293271,-4.0438,14.1892,-2.1691
G,246295237,2.940130,-0.428236,3.175553
A,246295745,-3.9002,13.7655,-1.9537
G,246297717,1.619202,-0.438889,3.891411
A,246298193,-3.2537,12.8281,-0.2514
G,246300213,0.566721,-0.539024,4.476241
A,246300686,-2.3164,11.6250,2.2517
G,246302688,-0.072438,-0.753142,4.883172
A,246303161,-1.4042,10.4327,4.6795
G,246305199,-0.347276,-1.052481,5.116465
A,246305640,-0.7685,9.4092,6.3853
G,246307695,-0.416518,-1.384844,5.214469
A,246308114,-0.5064,8.6371,7.2616
G,246310177,-0.436758,-1.708684,5.218730
A,246310566,-0.6572,8.0840,7.4735
TRK,246311,-0.93171,-0.20416,-0.14058,-0.26547,-0.3902,0.7484,-0.4641,0.000,0.000,0.000,3,11
G,246312698,-0.498544,-2.005893,5.150554
A,246313058,-0.9732,7.7033,7.2796
G,246315194,-0.621049,-2.265817,5.007808
A,246315532,-1.4545,7.4124,6.9959
G,246317675,-0.791491,-2.468218,4.768124
A,246317984,-1.8675,7.1898,6.7373
G,246320171,-0.992826,-2.579005,4.427238
A,246320476,-2.1691,7.0354,6.5900
G,246322641,-1.220793,-2.575809,4.004329
A,246322950,-2.3487,6.9994,6.5362
G,246325152,-1.474326,-2.455435,3.542004
A,246325434,-2.4026,7.1036,6.5505
G,246327648,-1.752360,-2.229598,3.085006
A,246327908,-2.4134,7.3370,6.6295
G,246330131,-2.050634,-1.927063,2.667422
A,246330363,-2.6288,7.6531,6.7947
TRK,246331,-0.92547,-0.20499,-0.10735,-0.29993,-0.3902,0.7484,-0.4641,0.000,0.000,0.000,3,11
G,246332652,-2.362756,-1.601092,2.306298
A,246332859,-3.0203,7.9727,7.0641
G,246335149,-2.672749,-1.311340,2.001632
A,246335333,-3.6057,8.2420,7.5238
G,246337627,-2.955043,-1.094026,1.744903
A,246337785,-4.2521,8.4575,8.1451
G,246340139,-3.179814,-0.948085,1.536111
A,246340273,-4.7980,8.5940,8.9028
G,246342635,-3.322560,-0.861799,1.375256
A,246342747,-5.1822,8.6443,9.7109
G,246345127,-3.375823,-0.814927,1.261273
A,246345215,-5.3726,8.5724,10.4651
G,246347648,-3.342799,-0.797883,1.184574
A,246347713,-5.3726,8.3318,11.0002
G,246350145,-3.236273,-0.801079,1.129180
A,246350187,-5.2541,7.9080,11.2156
G,246352643,-3.079679,-0.823449,1.076982
A,246352663,-5.0170,7.3047,11.0648
A,246355137,-4.7369,6.5900,10.6267
G,246355139,-2.906041,-0.857538,1.024784
TRK,246350,-0.92757,-0.18136,-0.08526,-0.31536,-0.3902,0.7484,-0.4641,0.000,0.000,0.000,3,11
A,246357597,-4.4137,5.8179,10.0449
G,246357621,-2.744121,-0.904409,0.968325
A,246360088,-3.9756,5.0673,9.3984
G,246360133,-2.600311,-0.980043,0.915062
A,246362562,-3.6057,4.4173,8.7987
G,246362629,-2.462891,-1.104679,0.862864
A,246365034,-3.0957,3.8571,8.2097
G,246365121,-2.331864,-1.282578,0.822384
A,246367508,-2.5426,3.4046,7.7357
G,246367617,-2.208293,-1.478587,0.802144
A,246369981,-1.7633,3.0562,7.4089
G,246370110,-2.097506,-1.639442,0.792557
A,246372472,-0.8260,2.7940,7.2544
G,246372621,-1.989914,-1.717206,0.761664
A,246374947,0.1508,2.5929,7.1754
G,246375141,-1.881257,-1.694836,0.668986
A,246377399,0.8404,2.4493,7.0497
G,246377637,-1.768339,-1.584048,0.495348
TRK,246373,-0.93011,-0.16043,-0.06204,-0.32452,-0.3902,0.7484,-0.4641,0.000,0.000,0.000,3,11
A,246379874,1.0056,2.4098,6.8019
G,246380129,-1.665008,-1.393366,0.234358
A,246382348,0.5495,2.5391,6.5936
G,246382625,-1.600027,-1.115332,-0.082025
A,246384804,-0.3591,2.8551,6.7193
G,246385097,-1.600027,-0.731837,-0.374973
A,246387291,-1.2929,3.3471,7.4412
G,246387600,-1.640507,-0.259925,-0.540089
A,246389765,-1.9573,3.9397,8.5976
G,246390096,-1.625593,0.205596,-0.531567
A,246392240,-2.1763,4.4891,9.8509
G,246392586,-1.454086,0.540089,-0.388821
TRK,246389,-0.93291,-0.14940,-0.04960,-0.32389,-0.3902,0.7484,-0.4641,0.000,0.000,0.000,3,11
A,246394737,-2.0147,4.9344,10.7703
G,246395099,-1.098288,0.663660,-0.186421
A,246397212,-1.6987,5.2613,11.1510
G,246397595,-0.625310,0.596548,0.012783
A,246399690,-1.5909,5.6383,11.1905
G,246400087,-0.125701,0.425040,0.182160
A,246402164,-2.0039,6.4859,11.1115
G,246402583,0.381365,0.260990,0.319579
A,246404621,-2.9808,7.7105,10.9140
G,246405054,0.980043,0.216249,0.463390
A,246407112,-3.8966,8.7807,10.4076
G,246407557,1.741707,0.343015,0.688161
A,246409586,-4.9380,9.6247,9.5780
G,246410071,2.581136,0.574178,1.025850
A,246412037,-5.7066,9.5996,8.0302
G,246412567,3.363039,0.874582,1.399758
A,246414519,-5.2146,8.3570,6.5505
G,246415060,3.957457,1.222924,1.733185
A,246416993,-5.1679,7.0066,5.4013
G,246417556,4.209925,1.554221,1.976065
TRK,246412,-0.93010,-0.15449,-0.05650,-0.32842,-0.3902,0.7484,-0.4641,0.000,0.000,0.000,3,11
A,246419456,-3.7745,5.0278,4.8662
G,246420029,4.163053,1.823733,2.077266
A,246421938,-2.9521,3.5159,5.2110
G,246422522,3.859453,1.955825,2.022937
A,246424412,-1.8890,2.4313,5.9939
G,246425036,3.551591,2.020807,1.815210
A,246426867,-1.4760,2.1656,7.0425
G,246427532,3.235208,1.999501,1.558482
A,246429339,-1.0738,2.3272,8.1989
G,246430013,2.963565,1.917476,1.304949
TRK,246430,-0.91839,-0.18017,-0.07909,-0.34330,-0.3902,0.7484,-0.4641,0.000,0.000,0.000,3,11
A,246431835,-1.1025,3.0095,9.2225
G,246432517,2.731338,1.776861,1.088700
A,246434309,-1.0810,3.8894,10.0628
G,246435013,2.586462,1.587244,0.922519
A,246436785,-1.3862,4.7872,10.4938
G,246437497,2.520416,1.357147,0.811731
A,246439260,-1.7992,5.6994,10.2999
G,246440012,2.552374,1.134507,0.748881
A,246441717,-2.0830,6.3099,9.6965
G,246442508,2.647182,0.960868,0.739293
A,246444193,-2.4062,6.7193,8.7017
G,246444990,2.734534,0.857538,0.777643
A,246446668,-2.4744,6.9312,7.5561
G,246447495,2.750513,0.811731,0.846885
A,246449117,-2.2158,6.8558,6.6762
G,246449991,2.667422,0.795752,0.933172
TRK,246449,-0.90936,-0.20108,-0.09723,-0.35097,-0.3902,0.7484,-0.4641,0.000,0.000,0.000,3,11
A,246451597,-2.0219,6.8235,6.0262
G,246452475,2.526807,0.778708,1.009871
A,246454072,-1.6161,6.6690,5.6455
G,246454991,2.377670,0.729706,1.079113
A,246456533,-1.1708,6.4356,5.6383
G,246457487,2.229598,0.617853,1.140898
A,246459025,-0.8332,6.2309,5.8359
G,246459982,2.090049,0.434628,1.203749
A,246461499,-0.6321,6.0549,6.2237
G,246462478,1.968608,0.196009,1.282578
A,246463972,-0.5495,5.8143,6.5685
G,246464953,1.920672,-0.056459,1.373126
A,246466446,-0.2801,4.7333,4.9596
G,246467458,1.923867,-0.289752,1.479652
A,246468900,0.5423,2.5175,2.3882
G,246469954,1.718271,-0.449542,1.562743
TRK,246469,-0.90022,-0.22043,-0.10418,-0.36078,-0.3902,0.7484,-0.4641,0.000,0.000,0.000,3,11
A,246471385,1.4796,0.3915,0.0718
G,246472439,1.029045,-0.462325,1.520132
A,246473859,2.4457,-1.6197,-0.1760
G,246474951,-0.051133,-0.324906,1.285774
A,246476320,2.5929,-1.7741,2.1691
G,246477447,-0.972586,-0.182160,0.910801
A,246478794,1.8244,-0.3053,6.2489
G,246479942,-1.244229,-0.180030,0.543285
A,246481241,0.4812,2.0039,9.4990
G,246482438,-0.884169,-0.337689,0.325971
A,246483739,-1.0810,4.4281,11.0217
G,246484934,-0.298274,-0.529436,0.333428
A,246486213,-2.2877,6.3602,11.1797
G,246487430,0.169377,-0.651942,0.546481
A,246488691,-2.9916,7.3981,10.7595
G,246489906,0.431432,-0.672182,0.859668
A,246491166,-3.0849,7.4986,10.2388
TRK,246486,-0.89870,-0.21981,-0.09861,-0.36647,-0.3902,0.7484,-0.4641,0.000,0.000,0.000,3,11
G,246492412,0.577373,-0.614658,1.154747
A,246493625,-2.8012,6.9133,9.7468
G,246494908,0.712662,-0.512392,1.349690
A,246496116,-2.4169,5.9544,9.2440
G,246497396,0.879908,-0.397344,1.433846
A,246498591,-2.0758,4.9740,8.6371
G,246499913,1.055677,-0.281230,1.442368
A,246501062,-1.9249,4.1982,7.9942
G,246502409,1.198422,-0.164051,1.423193
A,246503550,-1.8998,3.7314,7.4232
G,246504892,1.279383,-0.046872,1.419997
A,246506024,-1.9106,3.5769,7.0497
G,246507398,1.308145,0.059655,1.446629
A,246508486,-1.8711,3.6775,6.8773
G,246509894,1.316667,0.150202,1.504153
TRK,246509,-0.89093,-0.23218,-0.09649,-0.37819,-0.3902,0.7484,-0.4641,0.000,0.000,0.000,3,11
A,246510979,-1.7454,3.9181,6.8486
G,246512381,1.331581,0.222640,1.575526
A,246513453,-1.5407,4.2090,6.8702
G,246514898,1.357147,0.291882,1.647964
A,246515927,-1.3072,4.4568,6.8809
G,246517394,1.381648,0.363255,1.710815
A,246518401,-1.1241,4.6220,6.8989
G,246519891,1.399758,0.439954,1.761947
A,246520856,-0.9948,4.6938,6.9168
G,246522387,1.417867,0.515588,1.804558
A,246523341,-1.0523,4.6615,6.9456
G,246524863,1.445564,0.580569,1.849299
A,246525816,-1.1133,4.5861,6.9168
G,246527359,1.483913,0.626375,1.904693
A,246528270,-1.2031,4.4748,6.8378
G,246529876,1.530785,0.655138,1.967543
A,246530748,-1.1815,4.3670,6.6798
G,246532396,1.574461,0.676443,2.027198
A,246533228,-1.0379,4.2808,6.5254
G,246534892,1.607484,0.707336,2.069809
A,246535702,-0.8799,4.2198,6.4428
TRK,246531,-0.88024,-0.24470,-0.10177,-0.39363,-0.3902,0.7484,-0.4641,0.000,0.000,0.000,3,11
G,246537379,1.628789,0.748881,2.091114
A,246538151,-0.7721,4.2054,6.4895
G,246539896,1.645833,0.801079,2.093245
A,246540631,-0.7506,4.2629,6.6690
G,246542392,1.673530,0.853277,2.078331
A,246543105,-0.9050,4.3778,6.9312
G,246544888,1.723598,0.893757,2.057025
A,246545566,-1.1349,4.5753,7.1646
G,246547385,1.794970,0.908670,2.048503
A,246548040,-1.3467,4.8231,7.3047
G,246549881,1.874865,0.892692,2.067678
A,246550502,-1.4976,5.0996,7.3334
TRK,246550,-0.86680,-0.25838,-0.11043,-0.41195,-0.3902,0.7484,-0.4641,0.000,0.000,0.000,3,11
G,246552396,1.943042,0.852211,2.102832
A,246552982,-1.3755,5.4013,7.2437
G,246554892,1.987783,0.800014,2.139051
A,246555457,-1.1384,5.6707,7.1180
G,246557379,2.010154,0.752077,2.163552
A,246557910,-0.8368,5.8790,6.9635
G,246559896,2.017611,0.708401,2.173139
A,246560395,-0.6177,6.0154,6.7768
G,246562392,2.009089,0.658333,2.167813
A,246562869,-0.5279,6.0442,6.5074
G,246564877,1.978196,0.592287,2.150769
A,246565323,-0.5782,5.9580,6.1088
TRK,246565,-0.85548,-0.27079,-0.11710,-0.42557,-0.3902,0.7484,-0.4641,0.000,0.000,0.000,3,11
G,246567384,1.913215,0.504935,2.134790
A,246567799,-0.4058,5.6132,5.8251
G,246569880,1.823733,0.411192,2.132659
A,246570273,-0.3268,5.1607,5.6419
G,246572367,1.767274,0.318514,2.141181
A,246572730,-0.1975,4.5358,5.5737
G,246574884,1.785383,0.208792,2.148638
A,246575218,-0.1652,3.8571,5.6348
G,246577380,1.891909,0.109722,2.206162
A,246577693,-0.2945,3.4512,5.4300
G,246579867,2.020807,0.018109,2.364887
A,246580152,-0.5926,3.1999,5.1032
G,246582364,2.075135,-0.103331,2.621616
A,246582626,-0.8691,3.3112,4.6795
G,246584841,2.004827,-0.327036,2.910302
A,246585076,-1.2965,3.7385,4.2988
G,246587348,1.810949,-0.671117,3.156378
A,246587557,-1.8316,4.3096,4.3527
G,246589859,1.557416,-1.064199,3.345995
A,246590042,-2.2805,4.9991,4.8159
G,246592355,1.310275,-1.454086,3.470631
A,246592517,-2.6468,5.6563,5.7317
TRK,246588,-0.83755,-0.29187,-0.11920,-0.44622,-0.3902,0.7484,-0.4641,0.000,0.000,0.000,3,11
G,246594853,1.131311,-1.822667,3.530286
A,246594989,-2.7509,6.2417,6.8809
G,246597349,1.052481,-2.193379,3.503654
A,246597463,-2.6145,6.7157,7.9188
G,246599826,1.049285,-2.571548,3.363039
A,246599917,-2.2913,7.0785,8.5940
G,246602334,1.074852,-2.936934,3.104180
A,246602401,-1.9142,7.3406,8.7628
G,246604830,1.082309,-3.262905,2.761165
A,246604875,-1.5658,7.4699,8.4970
G,246607318,1.038633,-3.539873,2.388323
A,246607340,-1.2785,7.5346,7.8793
TRK,246608,-0.82205,-0.31578,-0.09539,-0.46414,-0.3902,0.7484,-0.4641,0.000,0.000,0.000,3,11
G,246609836,0.924649,-3.792341,2.028263
A,246609836,-1.0953,7.4915,7.2472
A,246612310,-0.9301,7.3909,6.7445
G,246612332,0.749946,-4.041613,1.703358
A,246614787,-0.7865,7.2329,6.5469
G,246614830,0.560329,-4.306864,1.423193
A,246617261,-0.5674,7.0246,6.6403
G,246617326,0.409062,-4.576376,1.203749
A,246619719,-0.3089,6.8055,6.8558
G,246619804,0.334493,-4.825648,1.057808
A,246622196,0.0251,6.5900,7.0102
G,246622302,0.346211,-5.048288,0.975782
A,246624695,0.3663,6.4033,6.9635
G,246624821,0.430367,-5.249623,0.948085
A,246627169,0.6931,6.2273,6.6942
G,246627339,0.550742,-5.448828,0.968325
A,246629619,0.9948,6.0442,6.3422
G,246629836,0.656203,-5.658684,1.032241
TRK,246625,-0.81821,-0.33903,-0.06112,-0.46028,-0.3902,0.7484,-0.4641,0.000,0.000,0.000,3,11
A,246632090,1.2498,5.8574,6.0765
G,246632323,0.715858,-5.870672,1.128115
A,246634564,1.4293,5.6707,5.9831
G,246634842,0.727576,-6.079463,1.231446
A,246637015,1.5083,5.4947,6.1411
G,246637338,0.723314,-6.305300,1.325189
A,246639498,1.4724,5.3115,6.4320
G,246639835,0.733967,-6.596117,1.390170
A,246641972,1.3970,5.0673,6.8881
G,246642331,0.789361,-6.990264,1.426389
A,246644435,1.3755,4.7226,7.3442
G,246644809,0.913997,-7.468568,1.438107
A,246646929,1.2785,4.2737,7.8829
G,246647317,1.122789,-7.990548,1.433846
A,246649427,1.4545,3.8104,8.1523
G,246649830,1.428519,-8.505071,1.431715
A,246651901,1.5048,3.3794,8.4755
G,246652326,1.786448,-8.987636,1.407214
TRK,246648,-0.81090,-0.37958,-0.00042,-0.44538,-0.3902,0.7484,-0.4641,0.000,0.000,0.000,3,11
A,246654366,1.6771,3.1280,8.7556
G,246654804,2.164617,-9.387110,1.349690
A,246656861,1.6807,3.1101,8.7484
G,246657312,2.552374,-9.655557,1.226119
A,246659336,1.5299,3.2825,9.1578
G,246659808,2.964631,-9.768475,1.058873
A,246661812,1.0558,3.7242,9.2404
G,246662296,3.386475,-9.772736,0.870321
A,246664304,0.2981,4.2665,9.6175
G,246664801,3.807255,-9.725864,0.697748
A,246666779,-0.6680,4.7980,9.6211
G,246667297,4.202468,-9.709886,0.572047
A,246669246,-1.3324,5.1535,10.0341
G,246669776,4.518852,-9.795107,0.496413
TRK,246670,-0.78775,-0.45170,0.07519,-0.41203,-0.3902,0.7484,-0.4641,0.000,0.000,0.000,3,11
A,246671743,-1.6664,5.4516,10.3430
G,246672285,4.704208,-10.002833,0.418649
A,246674218,-1.6376,5.6635,10.6087
G,246674797,4.818191,-10.273410,0.262055
A,246676670,-1.4006,5.9580,10.7488
G,246677293,4.908739,-10.573814,-0.001065
A,246679159,-1.1564,6.3889,10.3034
G,246679792,4.933239,-10.915765,-0.339819
A,246681633,-1.0558,6.9887,9.3841
G,246682288,4.771319,-11.284345,-0.705205
A,246684092,-0.8260,7.4771,8.1702
G,246684756,4.402738,-11.591141,-1.051416
A,246686573,-0.5531,7.9224,6.6870
G,246687245,3.874367,-11.787149,-1.333711
A,246689047,0.0646,8.3354,5.3762
G,246689741,3.195793,-11.909656,-1.535046
A,246691509,0.7470,8.5868,3.8822
G,246692211,2.422411,-11.955462,-1.655421
TRK,246692,-0.75309,-0.53719,0.14910,-0.34937,-0.3902,0.7484,-0.4641,0.000,0.000,0.000,3,11
A,246694001,1.8064,8.6945,2.9556
G,246694711,1.619202,-11.922439,-1.695901
A,246696475,2.5750,8.7089,2.1727
G,246697217,0.862864,-11.816978,-1.678857
A,246698925,3.2681,9.5744,1.1708
G,246699713,0.236489,-11.559183,-1.624528
A,246701409,3.8140,10.3142,0.9122
G,246702203,-0.173638,-10.951983,-1.444498
A,246703883,4.5897,12.5049,-0.3448
G,246704712,-0.331297,-10.002833,-1.006675
A,246706336,5.9795,14.1785,-0.6752
G,246707208,-0.356864,-8.914132,-0.216249
A,246708812,8.1379,14.5663,-0.3412
G,246709688,-0.434628,-8.052333,0.836232
A,246711286,10.6231,12.9502,1.2713
TRK,246706,-0.74067,-0.56691,0.20383,-0.29745,-0.3902,0.7484,-0.4641,0.000,0.000,0.000,3,11
G,246712199,-0.509196,-7.580421,1.786448
A,246713743,12.4044,10.2604,3.5590
G,246714694,-0.390952,-7.692274,2.114550
A,246716231,12.9682,7.5310,5.0637
G,246717185,0.005326,-8.339954,1.593635
A,246718705,11.6250,6.9815,5.0673
G,246719681,0.451672,-9.178318,0.575243
A,246721173,9.2117,8.4396,2.9054
G,246722152,0.566721,-9.752496,-0.240750
A,246723648,6.8881,10.6374,0.2514
G,246724648,0.095874,-9.908025,-0.411192
A,246726117,5.4696,12.2715,-2.0614
G,246727119,-1.026915,-9.862218,-0.006392
A,246728607,5.0745,13.4746,-3.9576
G,246729611,-2.484197,-9.805759,0.527306
A,246731081,5.6635,13.6146,-3.3471
G,246732123,-4.041613,-9.893110,0.885235
A,246733542,7.1718,13.0257,-2.5426
G,246734619,-5.419000,-10.270214,1.032241
TRK,246734,-0.71557,-0.58568,0.30481,-0.22811,-0.3902,0.7484,-0.4641,0.000,0.000,0.000,3,11
A,246736034,8.5509,12.2032,-0.3232
G,246737111,-6.387325,-10.810304,1.042894
A,246738508,10.6338,10.2388,1.6592
G,246739607,-6.677077,-11.194864,0.922519
A,246740981,11.9088,8.8418,2.1656
G,246742079,-6.159359,-10.994595,0.613592
A,246743455,12.1961,8.5688,1.3072
G,246744575,-5.122857,-10.213756,0.227967
A,246745928,11.5460,9.4056,-0.1867
G,246747048,-4.008590,-9.093097,-0.036219
A,246748402,10.1023,10.7739,-1.8172
G,246749551,-3.108441,-7.885087,-0.004261
A,246750857,8.7340,11.6286,-2.5426
G,246752047,-2.397910,-6.737797,0.335558
TRK,246751,-0.71070,-0.57080,0.37508,-0.16857,-0.3902,0.7484,-0.4641,0.000,0.000,0.000,3,11
A,246753342,8.1415,11.0756,-2.5678
G,246754530,-1.674596,-5.683185,0.788296
A,246755816,8.1738,9.4236,-1.9465
G,246757041,-0.928910,-4.791559,1.092961
A,246758279,8.6730,7.1323,-1.5048
G,246759537,-0.274838,-4.135356,1.083374
A,246760753,8.9459,5.0458,-0.9732
G,246762030,0.190682,-3.724164,0.752077
A,246763201,8.6766,3.7816,-0.7362
G,246764526,0.462325,-3.494067,0.249272
A,246765675,7.8937,3.3794,-0.5710
G,246767020,0.570982,-3.351322,-0.226901
A,246768124,6.9456,3.5554,-0.3879
TRK,246767,-0.69891,-0.57257,0.40028,-0.15318,-0.3902,0.7484,-0.4641,0.000,0.000,0.000,3,11
G,246769534,0.622114,-3.197924,-0.535828
A,246770594,6.1914,3.8966,-0.0790
G,246772029,0.722249,-2.984871,-0.666856
A,246773084,5.8251,4.0941,0.2370
G,246774513,0.922519,-2.723881,-0.708401
A,246775559,5.8826,4.0187,0.5243
G,246777027,1.202684,-2.449043,-0.761664
A,246778030,6.2058,3.7314,0.7793
G,246779523,1.500957,-2.197640,-0.878843
A,246780519,6.7804,3.1711,1.0918
G,246782004,1.754490,-1.999501,-1.061003
A,246782993,7.5705,2.3415,1.5909
G,246784508,1.920672,-1.880192,-1.299623
A,246785455,8.4683,1.4078,2.1763
G,246787004,1.983522,-1.847168,-1.590440
A,246787937,9.2225,0.6823,2.7186
G,246789476,1.955825,-1.868474,-1.941977
A,246790411,9.5385,0.5459,3.0239
G,246791971,1.878061,-1.876996,-2.338255
A,246792866,9.2332,1.1456,2.9916
G,246794467,1.793905,-1.816276,-2.723881
TRK,246793,-0.67695,-0.59828,0.40822,-0.13101,-0.3902,0.7484,-0.4641,0.000,0.000,0.000,3,11
A,246795351,8.3713,2.3272,2.6001
G,246796942,1.732120,-1.680987,-3.021090
A,246797825,7.2221,3.6703,1.8962
G,246799436,1.709749,-1.507349,-3.188336
A,246800279,6.0801,4.7297,0.9014
G,246801951,1.729989,-1.324124,-3.237338
A,246802756,5.1320,5.3115,-0.2550
G,246804447,1.780057,-1.133441,-3.226686
A,246805250,4.3993,5.4157,-1.4257
G,246806929,1.827994,-0.928910,-3.208576
A,246807725,3.8714,5.2146,-2.4062
G,246809425,1.840777,-0.714792,-3.220294
A,246810212,3.5159,4.9380,-3.0418
G,246811901,1.808819,-0.514523,-3.267166
A,246812687,3.3471,4.7585,-3.3255
TRK,246812,-0.66695,-0.62108,0.39592,-0.11262,-0.3902,0.7484,-0.4641,0.000,0.000,0.000,3,11
G,246814407,1.743838,-0.357929,-3.339604
A,246815155,3.3543,4.8159,-3.3291
G,246816903,1.671400,-0.260990,-3.432282
A,246817629,3.5554,5.1930,-3.2573
G,246819389,1.621332,-0.227967,-3.527090
A,246820079,3.9325,5.8682,-3.3004
G,246821905,1.607484,-0.245011,-3.603789
A,246822560,4.4317,6.7732,-3.5590
G,246824401,1.631985,-0.280165,-3.634682
A,246825034,4.9775,7.8039,-3.9756
G,246826897,1.674596,-0.306796,-3.604855
A,246827496,5.5306,8.7736,-4.4712
G,246829393,1.723598,-0.317449,-3.508981
A,246829970,5.9687,9.6139,-4.8231
G,246831890,1.768339,-0.315318,-3.359844
A,246832433,6.2704,10.2460,-4.9775
G,246834385,1.813080,-0.306796,-3.173423
TRK,246833,-0.65758,-0.64897,0.37143,-0.09203,-0.3902,0.7484,-0.4641,0.000,0.000,0.000,3,11
A,246834927,6.4608,10.6267,-4.9093
G,246836862,1.855690,-0.302535,-2.967826
A,246837401,6.5218,10.8098,-4.6436
G,246839369,1.889779,-0.319579,-2.754774
A,246839875,6.5469,10.7847,-4.2521
G,246841865,1.912150,-0.377104,-2.549178
A,246842350,6.5721,10.5692,-3.8391
G,246844352,1.920672,-0.496413,-2.362756
A,246844805,6.5864,10.2280,-3.5087
G,246846869,1.911084,-0.690291,-2.213619
A,246847291,6.5505,9.8689,-3.3435
G,246849365,1.864213,-0.960868,-2.109223
A,246849765,6.4284,9.5816,-3.4153
G,246851852,1.754490,-1.296427,-2.041047
A,246852222,6.2058,9.4703,-3.7314
TRK,246848,-0.64846,-0.66538,0.36052,-0.08240,-0.3902,0.7484,-0.4641,0.000,0.000,0.000,3,11
G,246854359,1.568069,-1.659682,-1.971804
A,246854700,5.9508,9.5205,-4.2270
G,246856855,1.316667,-2.000566,-1.871669
A,246857174,5.7604,9.6642,-4.8554
G,246859333,1.022654,-2.266883,-1.728924
A,246859625,5.6994,9.8258,-5.4947
G,246861837,0.716923,-2.425607,-1.559547
A,246862101,5.7497,9.9300,-5.9759
G,246864333,0.427171,-2.463957,-1.385909
A,246864575,5.8754,10.0018,-6.2237
G,246866811,0.176834,-2.395780,-1.221858
A,246867026,6.0082,9.9766,-5.9867
G,246869319,-0.004261,-2.262622,-1.071656
A,246869508,5.9795,10.0197,-5.6671
G,246871815,-0.112918,-2.123072,-0.928910
A,246871982,5.7353,10.0916,-4.9811
G,246874291,-0.206661,-2.058091,-0.763795
A,246874433,5.4265,10.1706,-4.3203
TRK,246870,-0.63548,-0.67872,0.36342,-0.05854,-0.3902,0.7484,-0.4641,0.000,0.000,0.000,3,11
G,246876789,-0.341950,-2.113484,-0.561394
A,246876907,5.1392,10.1490,-3.6524
G,246879285,-0.530502,-2.299906,-0.329167
A,246879381,5.0925,9.8797,-3.0706
G,246881757,-0.703074,-2.552374,-0.126766
A,246881829,5.2505,9.3984,-2.8623
G,246884262,-0.813862,-2.782471,-0.013848
A,246884311,5.4265,8.8849,-3.0023
G,246886777,-0.887365,-2.914563,0.003196
A,246886803,5.4265,8.4970,-3.4081
G,246889272,-0.970456,-2.920955,-0.025566
A,246889277,5.2720,8.3031,-3.8104
A,246891734,5.0278,8.2097,-4.0007
G,246891751,-1.083374,-2.828277,-0.035154
A,246894210,4.8267,8.1738,-3.9504
G,246894249,-1.187770,-2.677010,-0.001065
TRK,246895,-0.63057,-0.67558,0.38051,-0.03437,-0.3902,0.7484,-0.4641,0.000,0.000,0.000,3,11
A,246896708,4.6938,8.1415,-3.7565
G,246896768,-1.258077,-2.512959,0.060720
A,246899182,4.6471,8.1307,-3.3579
G,246899264,-1.313471,-2.372344,0.133158
A,246901638,4.6615,8.1271,-2.7833
G,246901740,-1.402953,-2.293514,0.216249
A,246904128,4.7154,8.1056,-2.0901
G,246904250,-1.537176,-2.297775,0.306796
A,246906602,4.8088,8.0445,-1.3934
G,246906745,-1.677791,-2.388323,0.384560
A,246909062,4.9129,8.0194,-1.0307
G,246909224,-1.794970,-2.550243,0.433563
A,246911541,4.9919,8.1415,-1.0415
G,246911721,-1.910019,-2.762231,0.455933
A,246914015,5.1068,8.4180,-1.3611
G,246914217,-2.065548,-2.983805,0.475108
TRK,246909,-0.63110,-0.66824,0.39345,-0.01913,-0.3902,0.7484,-0.4641,0.000,0.000,0.000,3,11
A,246916477,5.2505,8.8741,-1.7921
G,246916697,-2.258361,-3.159574,0.514523
A,246918970,5.4300,9.3948,-2.1117
G,246919208,-2.434129,-3.255448,0.584830
A,246921444,5.6707,9.8725,-2.3236
G,246921703,-2.518285,-3.263970,0.687096
A,246923918,5.9221,10.1849,-2.4277
G,246924194,-2.483131,-3.208576,0.809601
A,246926392,6.2560,10.3358,-2.5175
G,246926714,-2.354234,-3.118029,0.933172
A,246928847,6.5829,10.4148,-2.7258
G,246929210,-2.178466,-3.012568,1.026915
A,246931319,6.8666,10.5584,-3.0526
G,246931697,-1.995240,-2.899650,1.081243
TRK,246928,-0.63354,-0.65125,0.41769,0.00619,-0.3902,0.7484,-0.4641,0.000,0.000,0.000,3,11
A,246933815,7.0820,10.7416,-3.3686
G,246934207,-1.857821,-2.785666,1.112136
A,246936289,7.2544,10.8601,-3.5267
G,246936703,-1.800297,-2.678075,1.157942
A,246938763,7.4053,10.8026,-3.3902
G,246939191,-1.798166,-2.585397,1.221858
A,246941237,7.5956,10.5620,-3.2322
G,246941686,-1.747033,-2.503371,1.271926
A,246943695,7.7177,10.3717,-3.3040
G,246944157,-1.576591,-2.426672,1.279383
A,246946184,7.7249,10.3430,-3.8642
G,246946658,-1.341168,-2.345712,1.253816
A,246948658,7.6926,10.3896,-4.6615
G,246949154,-1.161138,-2.244512,1.258077
A,246951127,7.6782,10.3178,-5.4157
G,246951635,-1.091896,-2.101767,1.321993
TRK,246952,-0.63317,-0.63356,0.44403,0.02332,-0.3902,0.7484,-0.4641,0.000,0.000,0.000,3,11
STAT,404.3,400.8,0,0,202,1.9202,178.486,0.0959,0.1426,-0.0817,9.7268,0.62,0.001
A,246953627,7.7608,10.0269,-5.8897
G,246954147,-1.065264,-1.907888,1.419997
A,246956101,7.8973,9.5636,-6.0873
G,246956662,-0.981108,-1.678857,1.477522
A,246958556,8.0266,9.1650,-6.2525
G,246959158,-0.801079,-1.431715,1.461543
A,246961043,7.9978,9.0178,-6.4643
G,246961655,-0.580569,-1.178182,1.391235
A,246963517,7.8865,9.1111,-6.6511
G,246964151,-0.401605,-0.917193,1.316667
A,246965989,7.7213,9.3266,-6.6547
G,246966632,-0.308927,-0.648746,1.275122
A,246968479,7.5597,9.5457,-6.4428
G,246969131,-0.283360,-0.384560,1.274056
A,246970953,7.4232,9.6355,-5.9149
TRK,246970,-0.63236,-0.62436,0.45792,0.02463,-0.3902,0.7484,-0.4641,0.000,0.000,0.000,3,11
G,246971652,-0.275903,-0.152333,1.295362
A,246973416,7.3729,9.4595,-5.1966
G,246974148,-0.248207,0.025566,1.312406
A,246975908,7.3622,9.0501,-4.5179
G,246976647,-0.159790,0.141680,1.300688
A,246978382,7.3514,8.4827,-4.0115
G,246979142,0.013848,0.207727,1.232511
A,246980857,7.2688,7.9080,-3.8319
G,246981624,0.240750,0.237554,1.091896
A,246983331,7.0354,7.4879,-3.9325
G,246984120,0.438889,0.239684,0.898018
A,246985807,6.6798,7.2149,-4.1049
G,246986602,0.531567,0.218379,0.697748
A,246988303,6.2489,7.0605,-4.1875
G,246989104,0.516653,0.184291,0.519849
A,246990777,5.8251,6.9276,-4.0294
G,246991600,0.434628,0.139550,0.362190
A,246993244,5.4480,6.7912,-3.6919
G,246994072,0.335558,0.088417,0.217314
TRK,246994,-0.63196,-0.62066,0.46386,0.01552,-0.3902,0.7484,-0.4641,0.000,0.000,0.000,3,11
A,246995742,5.0961,6.7050,-3.3255
G,246996575,0.254598,0.028762,0.072438
A,246998216,4.7980,6.6403,-3.0203
G,246999084,0.188552,-0.041545,-0.069242
A,247000670,4.5430,6.6224,-2.8838
G,247001580,0.095874,-0.127832,-0.207727
A,247003147,4.3993,6.5685,-2.8874
G,247004060,-0.062851,-0.224771,-0.331297
A,247005621,4.0187,6.4500,-3.2034
G,247006570,-0.290817,-0.323840,-0.445280
A,247008078,4.0618,5.7245,-3.4297
G,247009066,-0.529436,-0.348341,-0.570982
TRK,247008,-0.63159,-0.62126,0.46349,0.01775,-0.3902,0.7484,-0.4641,0.000,0.000,0.000,3,11
A,247010559,4.0797,5.0853,-3.7314
G,247011549,-0.689226,-0.223706,-0.777643
A,247013033,4.1659,4.4999,-4.1623
G,247014062,-0.768056,-0.006392,-1.100418
A,247015495,4.3383,4.2952,-4.2880
G,247016558,-0.922519,0.125701,-1.475391
A,247017987,4.2665,4.8518,-4.2054
G,247019051,-1.313471,0.038350,-1.780057
A,247020461,4.1120,5.7784,-3.6955
G,247021564,-1.881257,-0.191748,-1.943042
A,247022925,3.9899,6.8307,-2.9197
G,247024060,-2.370213,-0.409062,-1.998436
A,247025409,3.9217,7.8254,-1.9824
G,247026543,-2.607767,-0.524110,-1.987783
A,247027883,3.9253,8.5258,-1.3611
TRK,247027,-0.63874,-0.61918,0.45554,0.03350,-0.3902,0.7484,-0.4641,0.000,0.000,0.000,3,11
G,247029057,-2.620550,-0.547546,-1.932389
A,247030348,3.9504,8.8633,-1.0199
G,247031552,-2.530003,-0.528371,-1.851429
A,247032822,4.0151,8.8633,-0.8871
G,247034046,-2.408563,-0.492152,-1.768339
A,247035268,4.1480,8.6945,-1.0235
G,247036541,-2.292449,-0.458064,-1.699097
A,247037745,4.2521,8.5329,-1.0523
G,247039015,-2.210423,-0.436758,-1.641572
A,247040239,4.3958,8.4108,-1.1744
G,247041506,-2.151834,-0.436758,-1.590440
A,247042713,4.5502,8.3857,-1.1672
G,247044020,-2.101767,-0.453803,-1.545699
A,247045182,4.7118,8.4611,-1.1169
G,247046516,-2.042112,-0.478304,-1.509480
A,247047656,4.8411,8.5724,-1.1241
G,247049005,-1.970739,-0.496413,-1.486044
A,247050100,5.0027,8.7053,-1.1959
G,247051501,-1.896170,-0.506001,-1.469000
TRK,247050,-0.65208,-0.61023,0.44547,0.06300,-0.3902,0.7484,-0.4641,0.000,0.000,0.000,3,11
A,247052581,5.1068,8.9064,-1.1744
G,247053975,-1.833320,-0.506001,-1.457282
A,247055055,5.1966,9.1470,-1.1600
G,247056480,-1.769404,-0.494283,-1.441303
A,247057516,5.3259,9.3697,-1.0127
G,247058976,-1.671400,-0.456998,-1.411475
A,247060008,5.4265,9.6031,-0.8511
G,247061460,-1.496696,-0.384560,-1.368865
A,247062483,5.5881,9.7037,-0.7578
G,247063976,-1.262338,-0.279099,-1.326254
A,247064955,5.7030,9.7899,-0.7506
G,247066471,-1.014132,-0.154463,-1.301753
A,247067429,5.7281,9.9335,-0.7542
TRK,247066,-0.65696,-0.60722,0.44026,0.07653,-0.3902,0.7484,-0.4641,0.000,0.000,0.000,3,11
G,247068966,-0.780839,-0.014914,-1.281513
A,247069883,5.5737,10.2675,-0.6967
G,247071462,-0.552872,0.131028,-1.229315
A,247072357,5.2361,10.8098,-0.5710
G,247073957,-0.295078,0.279099,-1.099353
A,247074813,4.8662,11.2192,-0.4310
G,247076453,-0.003196,0.410127,-0.862864
A,247077299,4.4496,11.6502,-0.4992
G,247078928,0.284426,0.500674,-0.534763
A,247079773,4.3203,11.6143,-0.7470
G,247081423,0.490022,0.533697,-0.144876
A,247082229,4.3706,11.2408,-1.1025
G,247083938,0.553937,0.511327,0.238619
A,247084707,4.6579,10.6769,-1.4581
G,247086457,0.497478,0.458064,0.557133
A,247087188,5.1499,9.8150,-1.6233
G,247088953,0.398409,0.414388,0.748881
A,247089662,5.4588,9.2907,-1.6053
G,247091438,0.325971,0.393083,0.814927
A,247092111,5.7820,8.7736,-1.7418
TRK,247091,-0.65794,-0.60985,0.43530,0.07558,-0.3902,0.7484,-0.4641,0.000,0.000,0.000,3,11
G,247093944,0.301470,0.390952,0.813862
A,247094582,5.8754,8.6084,-1.7166
G,247096440,0.307861,0.420779,0.793622
A,247097073,5.8861,8.5832,-1.9034
G,247098915,0.338754,0.499609,0.785100
A,247099547,5.8646,8.5078,-2.0937
G,247101421,0.387756,0.643420,0.788296
A,247102019,5.7425,8.6407,-2.1763
G,247103917,0.452737,0.849016,0.800014
A,247104510,5.6455,8.7197,-2.1835
G,247106392,0.523045,1.102549,0.837298
A,247106984,5.4408,8.8777,-1.9932
G,247108888,0.615723,1.394431,0.915062
A,247109447,5.3115,9.0249,-1.5083
G,247111384,0.781904,1.711880,1.055677
TRK,247106,-0.65874,-0.60945,0.43599,0.06742,-0.3902,0.7484,-0.4641,0.000,0.000,0.000,3,11
A,247111940,5.1858,8.9783,-0.8332
G,247113861,1.078048,2.058091,1.236772
A,247114414,5.1643,8.7951,-0.2765
G,247116368,1.514806,2.434129,1.408279
A,247116889,5.2397,8.3534,0.1796
G,247118864,2.012284,2.817624,1.525459
A,247119363,5.3582,7.7716,0.3053
G,247121351,2.463957,3.172357,1.580852
A,247121818,5.5126,7.0425,0.1724
G,247123868,2.782471,3.463174,1.589374
A,247124304,5.6778,6.3674,-0.1185
G,247126364,2.943325,3.678358,1.557416
A,247126797,5.8574,6.0442,-0.3915
G,247128837,2.965696,3.832821,1.493501
A,247129271,6.0226,5.9436,-0.5890
G,247131345,2.917759,3.947870,1.397627
A,247131748,6.2920,6.0190,-0.5997
G,247133841,2.890062,4.042678,1.254882
A,247134222,6.0549,6.3494,-0.3448
TRK,247129,-0.65960,-0.61837,0.42624,0.02926,-0.3902,0.7484,-0.4641,0.000,0.000,0.000,3,11
G,247136328,2.982740,4.131095,1.057808
A,247136680,5.8430,7.1682,-0.3232
G,247138836,3.235208,4.233361,0.911866
A,247139160,5.2469,8.1810,-0.3519
G,247141332,3.563309,4.352670,0.913997
A,247141634,4.7262,10.1634,-0.5674
G,247143810,3.906324,4.529504,1.107875
A,247144084,4.2413,12.0883,-0.7542
G,247146305,4.229099,4.740427,1.427454
A,247146551,4.0654,13.5859,-1.1636
G,247148823,4.528439,4.970524,1.833320
A,247149042,4.0761,14.3042,-1.5263
G,247151319,4.697816,5.171859,2.271144
TRK,247150,-0.65446,-0.63917,0.40285,-0.02925,-0.3902,0.7484,-0.4641,0.000,0.000,0.000,3,11
A,247151536,4.3742,13.8193,-1.9716
G,247153789,4.640292,5.343366,2.653574
A,247154010,4.7944,12.7599,-2.2841
G,247156297,4.354801,5.456285,2.920955
A,247156493,5.4767,10.5333,-2.0758
G,247158793,3.989415,5.528722,3.032808
A,247158967,6.3279,6.8235,-1.1205
G,247161270,3.885019,5.651227,2.788862
A,247161418,6.8989,2.7940,-0.3627
G,247163769,4.270645,5.904760,1.923867
A,247163892,6.7804,-0.4310,-0.0646
G,247166264,4.846953,6.124205,0.547546
A,247166366,6.0011,-2.0255,-0.9804
G,247168743,4.857606,5.997438,-0.723314
A,247168821,4.9309,-0.5387,-1.9788
TRK,247169,-0.64842,-0.65465,0.37866,-0.08717,-0.3902,0.7484,-0.4641,0.000,0.000,0.000,3,11
G,247171253,3.856257,5.428587,-1.328385
A,247171307,3.9002,2.8120,-2.3882
G,247173767,2.303102,4.685033,-1.243164
A,247173799,3.7134,6.6044,-1.7346
G,247176283,1.073786,4.132161,-0.852211
A,247176292,3.7924,10.0197,-0.3591
A,247178766,4.2234,12.1135,0.6644
G,247178779,0.637028,3.904194,-0.455933
A,247181253,4.7585,12.5696,0.7254
G,247181287,0.806405,3.894607,-0.148072
A,247183728,5.4767,11.6610,0.1580
G,247183783,1.141963,3.950000,0.079895
A,247186195,6.2165,10.0736,-0.4848
G,247186272,1.361408,3.981958,0.239684
A,247188682,6.8989,8.4324,-0.9230
G,247188779,1.415736,3.968110,0.323840
A,247191156,7.3873,7.1862,-0.9732
G,247191275,1.383778,3.907390,0.324906
A,247193616,7.6638,6.5541,-0.7039
G,247193753,1.353951,3.795537,0.233293
TRK,247194,-0.65472,-0.66296,0.34044,-0.12618,-0.3902,0.7484,-0.4641,0.000,0.000,0.000,3,11
A,247196106,7.6890,6.4751,-0.4633
G,247196263,1.373126,3.625095,0.063916
A,247198580,7.4017,6.8738,-0.1077
G,247198778,1.423193,3.396063,-0.135289
A,247201028,6.8773,7.5202,0.0000
G,247201274,1.467934,3.121224,-0.299339
A,247203510,6.2489,8.2492,0.1472
G,247203773,1.495631,2.839995,-0.380299
A,247205984,5.6383,8.9244,0.2011
G,247206269,1.495631,2.593919,-0.382430
A,247208443,5.2289,9.3805,0.2119
G,247208745,1.473261,2.412824,-0.331297
TRK,247209,-0.65519,-0.66766,0.32303,-0.14354,-0.3902,0.7484,-0.4641,0.000,0.000,0.000,3,11
A,247210937,5.0601,9.6319,0.3879
G,247211254,1.388040,2.288188,-0.269512
A,247213411,5.1320,9.6247,0.4525
G,247213750,1.244229,2.205097,-0.217314
A,247215885,5.4444,9.3841,0.6716
G,247216239,1.050351,2.144377,-0.189617
A,247218359,5.9292,9.0034,0.9122
G,247218735,0.829841,2.092179,-0.182160
A,247220815,6.4643,8.5401,1.1600
G,247221205,0.601874,2.034655,-0.182160
A,247223289,6.9994,8.0768,1.3431
G,247223700,0.380299,1.954760,-0.187487
A,247225746,7.4089,7.8111,1.4940
G,247226171,0.167247,1.854625,-0.185356
A,247228233,7.5920,7.7249,1.5802
G,247228671,-0.080960,1.735316,-0.158724
A,247230726,7.4807,8.1702,1.5479
G,247231177,-0.382430,1.612810,-0.088417
A,247233200,7.1144,8.9459,1.6340
TRK,247232,-0.65819,-0.66915,0.30608,-0.15919,-0.3902,0.7484,-0.4641,0.000,0.000,0.000,3,11
G,247233698,-0.735032,1.491370,0.035154
A,247235658,6.3997,10.1311,1.6305
G,247236194,-1.136637,1.374191,0.220510
A,247238146,5.6024,11.4096,1.7454
G,247238692,-1.595766,1.241033,0.459129
A,247240620,4.8088,12.7168,2.1871
G,247241188,-2.134790,1.068460,0.744620
A,247243090,4.1156,13.1226,2.4924
G,247243669,-2.606702,0.912932,1.038633
A,247245564,3.7852,12.6809,2.5211
G,247246165,-2.849582,0.870321,1.282578
A,247248035,3.3579,11.5568,2.2913
G,247248646,-2.811233,1.004544,1.389105
TRK,247248,-0.67160,-0.65407,0.30657,-0.16480,-0.3902,0.7484,-0.4641,0.000,0.000,0.000,3,11
A,247250528,2.9844,10.0700,1.7166
G,247251147,-2.648247,1.236772,1.340103
A,247253002,2.4313,9.3194,1.3755
G,247253669,-2.551308,1.443433,1.194161
A,247255464,1.9465,9.4020,1.6340
G,247256165,-2.570483,1.552090,1.051416
A,247257938,1.5802,10.1203,2.0830
G,247258666,-2.600311,1.584048,0.968325
A,247260382,1.5550,10.9894,2.8479
G,247261162,-2.564091,1.568069,0.947020
A,247262846,1.7454,11.7292,3.5769
G,247263632,-2.461826,1.508414,0.972586
A,247265331,2.0327,12.1242,4.1480
G,247266123,-2.347843,1.407214,1.029045
A,247267806,2.3882,12.1781,4.6148
G,247268619,-2.247708,1.279383,1.115332
A,247270272,2.7258,11.9267,4.6651
G,247271091,-2.119876,1.161138,1.198422
TRK,247271,-0.69210,-0.62879,0.30829,-0.17484,-0.3902,0.7484,-0.4641,0.000,0.000,0.000,3,11
A,247272769,3.0562,11.4275,4.5071
G,247273593,-2.008023,1.041829,1.257012
A,247275243,3.4225,10.7488,4.1408
G,247276100,-1.986718,0.894822,1.291101
A,247277695,3.7278,10.1706,3.7816
G,247278596,-2.073004,0.710531,1.316667
G,247350950,-3.067961,0.109722,-0.572047
A,247351856,3.2932,5.5737,1.7705
TRK,247851,-0.59863,-0.39551,0.69533,-0.04165,-0.3902,0.7484,-0.4641,0.000,0.000,0.000,3,11
G,248104801,-0.902279,-2.695119,-2.088983
A,248106072,6.0585,2.4098,-7.8254
G,248107297,-0.597613,-2.838929,-1.833320
A,248108563,5.1212,1.9644,-8.4288
G,248109785,-0.413323,-2.863431,-1.536111
A,248111037,4.4065,1.6843,-8.8274
G,248112281,-0.291882,-2.773949,-1.215467
A,248113519,4.1803,1.5874,-9.0070
G,248114760,-0.177899,-2.610963,-0.928910
A,248115993,4.3706,1.6484,-9.0178
G,248117269,-0.042611,-2.370213,-0.739293
A,248118456,4.7657,1.8603,-9.0249
G,248119765,0.071373,-2.119876,-0.672182
A,248120942,4.9129,2.1225,-8.9675
G,248122246,0.132093,-1.923867,-0.690291
A,248123416,4.9524,2.3415,-8.7664
TRK,248119,-0.27894,-0.49476,0.82296,-0.01213,-0.3902,0.7484,-0.4641,0.000,0.000,0.000,3,11
G,248124746,0.149137,-1.845038,-0.733967
A,248125870,4.7800,2.4924,-8.4791
G,248127242,0.170442,-1.875931,-0.771251
A,248128355,4.4245,2.5929,-8.1666
G,248129721,0.220510,-1.971804,-0.792557
A,248130830,4.0977,2.6109,-7.8039
G,248132231,0.299339,-2.075135,-0.788296
A,248133295,3.6919,2.6324,-7.6100
G,248134727,0.410127,-2.150769,-0.746750
A,248135792,3.3615,2.6468,-7.5920
G,248137217,0.547546,-2.197640,-0.678573
A,248138266,3.2358,2.6899,-7.9188
G,248139713,0.676443,-2.205097,-0.606135
A,248140744,3.3830,2.7258,-8.5042
G,248142183,0.725445,-2.186988,-0.549676
A,248143218,3.7565,2.7545,-9.2656
G,248144684,0.656203,-2.149704,-0.520914
A,248145676,4.1587,2.7222,-9.8689
G,248147180,0.482565,-2.103897,-0.532632
A,248148165,4.5071,2.6540,-10.1382
G,248149660,0.256729,-2.069809,-0.590156
A,248150639,4.5502,2.5786,-9.9982
G,248152166,0.029827,-2.053830,-0.681769
A,248153103,4.3419,2.5821,-9.5205
G,248154662,-0.154463,-2.055960,-0.781904
A,248155584,3.9181,2.6755,-8.8238
G,248157133,-0.280165,-2.083657,-0.863929
A,248158058,3.4010,2.8730,-8.1199
TRK,248150,-0.25061,-0.50465,0.82615,0.00112,-0.3902,0.7484,-0.4641,0.000,0.000,0.000,3,11
G,248159634,-0.344080,-2.140116,-0.906540
A,248160519,2.9700,3.1532,-7.4986
G,248162130,-0.361125,-2.226403,-0.904409
A,248163011,2.6647,3.4548,-7.0425
G,248164612,-0.339819,-2.322276,-0.869256
A,248165485,2.5893,3.7637,-6.7552
G,248167124,-0.297209,-2.419215,-0.822384
A,248167958,2.5893,4.0259,-6.6080
G,248169620,-0.250337,-2.523612,-0.786165
A,248170432,2.7114,4.2880,-6.5829
G,248172112,-0.204531,-2.637595,-0.763795
A,248172886,2.7653,4.4819,-6.6331
G,248174608,-0.155529,-2.741991,-0.739293
A,248175371,2.8120,4.5717,-6.7121
G,248177080,-0.102265,-2.830407,-0.695618
A,248177845,2.9197,4.5358,-6.7121
G,248179583,-0.036219,-2.915628,-0.624245
A,248180311,2.8515,4.2449,-6.3961
G,248182079,0.079895,-3.058374,-0.552872
TRK,248181,-0.21894,-0.51363,0.82917,0.02695,-0.3902,0.7484,-0.4641,0.000,0.000,0.000,3,11
A,248182807,3.0382,3.4979,-5.8610
G,248184561,0.358994,-3.285275,-0.542220
A,248185281,2.7222,3.0311,-6.2201
G,248187074,0.817058,-3.544134,-0.650877
A,248187758,2.6935,2.4672,-6.7947
G,248189570,1.226119,-3.763579,-0.815992
A,248190232,2.6791,1.9644,-7.5238
G,248192063,1.327320,-3.934021,-0.971521
A,248192690,2.3882,1.9249,-8.6119
G,248194559,1.137702,-4.137487,-1.130246
A,248195179,2.5175,1.8890,-8.9316
G,248197032,0.900148,-4.303668,-1.293231
A,248197653,2.2446,1.9788,-9.0214
G,248199523,0.743555,-4.479437,-1.453021
A,248200109,2.1081,2.5247,-9.1040
G,248202037,0.624245,-4.571050,-1.521197
A,248202590,1.8639,2.9987,-9.2727
G,248204533,0.496413,-4.706338,-1.513741
A,248205064,1.8280,3.5087,-9.0716
G,248207046,0.405866,-4.776646,-1.438107
A,248207545,1.7059,3.9145,-9.2404
G,248209542,0.356864,-4.827778,-1.312406
A,248210019,1.6915,4.1551,-9.1686
TRK,248205,-0.17546,-0.52414,0.83213,0.04521,-0.3902,0.7484,-0.4641,0.000,0.000,0.000,3,11
G,248212035,0.352602,-4.832039,-1.165399
A,248212481,1.6664,4.2377,-9.2584
G,248214531,0.378169,-4.844822,-1.023719
A,248214955,1.5945,4.2772,-9.4918
G,248217005,0.401605,-4.845888,-0.889496
A,248217399,1.5191,4.3203,-10.0018
G,248219496,0.362190,-4.821387,-0.737163
A,248219860,1.2749,4.3778,-10.6985
G,248222000,0.215183,-4.755341,-0.555003
A,248222335,1.1564,4.4137,-11.3665
G,248224496,-0.028762,-4.686098,-0.362190
TRK,248219,-0.14348,-0.52944,0.83373,0.06324,-0.3902,0.7484,-0.4641,0.000,0.000,0.000,3,11
A,248224831,0.9661,4.3132,-11.8082
G,248226970,-0.304666,-4.604073,-0.184291
A,248227305,0.9014,4.0474,-11.9447
G,248229469,-0.526241,-4.491155,-0.038350
A,248229775,0.8655,3.6488,-11.9052
G,248231965,-0.612527,-4.334561,0.064981
A,248232249,0.8906,3.1496,-11.7328
G,248234450,-0.544350,-4.141748,0.111853
A,248234707,0.8368,2.6324,-11.5748
G,248236965,-0.384560,-3.948935,0.091613
A,248237195,0.8332,2.1440,-11.4886
G,248239461,-0.242880,-3.773166,0.025566
A,248239669,0.7685,1.7346,-11.4455
TRK,248235,-0.11645,-0.52771,0.83729,0.08312,-0.3902,0.7484,-0.4641,0.000,0.000,0.000,3,11
G,248241956,-0.205596,-3.629356,-0.073503
A,248242139,0.9553,1.6700,-10.4327
G,248244452,-0.250337,-3.554787,-0.185356
A,248244613,1.2749,1.2821,-10.0197
G,248246926,0.423975,-3.475958,-0.317449
A,248247061,1.6879,1.1528,-10.4040
G,248249430,2.112419,-3.010437,-0.453803
A,248249541,1.7885,1.3719,-11.6789
G,248251926,4.297276,-2.212554,-0.509196
A,248252016,2.0327,1.5191,-14.3473
TRK,248247,-0.09760,-0.52602,0.83939,0.09597,-0.3902,0.7484,-0.4641,0.000,0.000,0.000,3,11
G,248254432,5.703425,-1.266599,-0.370712
A,248254498,1.9393,2.0973,-16.3512
G,248256928,5.771602,-0.684965,-0.108657
A,248256972,2.1691,2.3164,-16.9581
G,248259404,4.950284,-0.448476,0.100135
A,248259426,2.5965,1.6987,-15.6329
A,248261912,3.0347,0.6644,-13.4817
G,248261913,3.934021,-0.411192,0.127832
A,248264386,2.9951,-0.4202,-11.4383
G,248264408,3.223490,-0.481499,-0.024501
A,248266852,2.2769,-0.8475,-10.2424
G,248266896,2.951848,-0.564590,-0.274838
TRK,248263,-0.06872,-0.52938,0.84267,0.07025,-0.3902,0.7484,-0.4641,0.000,0.000,0.000,3,11
A,248269337,1.0630,-0.5638,-10.1167
G,248269402,2.898584,-0.648746,-0.525175
A,248271812,-0.3196,0.5495,-10.6303
G,248271898,2.815494,-0.671117,-0.639159
A,248274270,-1.3108,1.6556,-10.7595
G,248274376,2.606702,-0.661529,-0.589091
A,248276762,-1.5945,2.6755,-10.5728
G,248276888,2.326538,-0.672182,-0.464455
A,248279236,-1.5766,3.2358,-9.9443
G,248279384,2.101767,-0.705205,-0.358994
TRK,248275,-0.05843,-0.53219,0.84245,0.06027,-0.3902,0.7484,-0.4641,0.000,0.000,0.000,3,11
A,248281714,-1.3324,3.4225,-9.1075
G,248281881,2.008023,-0.732902,-0.278034
A,248284188,-1.0451,3.2214,-8.3785
G,248284400,2.080461,-0.739293,-0.196009
A,248286639,-0.7362,2.8228,-8.0373
G,248286896,2.272209,-0.743555,-0.110787
A,248289122,-0.4345,2.2984,-8.0481
G,248289395,2.505502,-0.755272,-0.049002
A,248291596,-0.1544,1.8639,-8.4252
G,248291891,2.703641,-0.781904,-0.026632
TRK,248287,-0.04733,-0.53413,0.84251,0.05141,-0.3902,0.7484,-0.4641,0.000,0.000,0.000,3,11
A,248294066,-0.0503,1.6125,-8.9639
G,248294377,2.825081,-0.815992,-0.030893
A,248296541,-0.1221,1.4724,-9.3877
G,248296894,2.875149,-0.839428,-0.038350
A,248298992,-0.3376,1.3324,-9.8689
G,248299390,2.888997,-0.821319,-0.025566
A,248301468,-0.7362,0.9912,-10.7021
G,248301879,2.917759,-0.712662,0.009587
A,248303961,-0.7793,0.5495,-11.5281
G,248304386,2.962500,-0.425040,0.063916
A,248306435,-0.7542,0.0323,-12.4726
G,248306882,2.924151,-0.031958,0.118244
A,248308909,-0.3950,-0.2227,-12.9574
G,248309369,2.712163,0.327036,0.149137
A,248311383,0.0000,-0.2658,-12.8425
G,248311880,2.336125,0.500674,0.148072
A,248313833,0.3771,-0.1437,-12.2320
G,248314376,1.931324,0.516653,0.124636
TRK,248310,-0.02530,-0.53478,0.84415,0.02802,-0.3902,0.7484,-0.4641,0.000,0.000,0.000,3,11
A,248316319,0.4812,0.0503,-11.5245
G,248316873,1.605353,0.452737,0.093743
A,248318793,0.5567,0.2263,-10.8637
G,248319369,1.390170,0.373908,0.061785
A,248321260,0.4525,0.4166,-10.3825
G,248321846,1.252751,0.305731,0.036219
A,248323734,0.3412,0.5531,-10.0844
G,248324354,1.157942,0.240750,0.024501
A,248326182,0.1939,0.6321,-9.8761
G,248326849,1.082309,0.161920,0.026632
A,248328661,0.1257,0.5926,-9.7719
G,248329337,1.031176,0.071373,0.030893
A,248331135,0.1041,0.4848,-9.8438
G,248331850,1.002414,-0.004261,0.037284
A,248333590,0.0970,0.3124,-9.9982
G,248334346,0.978978,-0.045806,0.038350
A,248336081,0.1544,0.1688,-10.1885
G,248336843,0.936367,-0.057524,0.027697
A,248338555,0.1832,0.0287,-10.5225
G,248339339,0.863929,-0.051133,0.004261
TRK,248334,-0.01882,-0.53456,0.84484,0.01179,-0.3902,0.7484,-0.4641,0.000,0.000,0.000,3,11
A,248341027,0.1652,-0.0970,-10.8421
G,248341817,0.761664,-0.036219,-0.021305
A,248343523,0.1365,-0.1293,-11.0038
G,248344319,0.609331,-0.017044,-0.040480
A,248345997,0.0862,-0.1257,-11.0792
G,248346815,0.415453,-0.002131,-0.050067
A,248348475,0.0539,-0.0323,-10.8278
G,248349298,0.216249,0.007457,-0.049002
A,248350949,0.0539,0.0898,-10.4327
TRK,248350,-0.01611,-0.53477,0.84481,0.00792,-0.3902,0.7484,-0.4641,0.000,0.000,0.000,3,11
G,248351816,0.075634,0.009587,-0.041545
A,248353412,0.0682,0.2047,-10.0628
G,248354312,0.006392,0.008522,-0.035154
A,248355904,0.0934,0.2801,-9.7899
G,248356808,-0.011718,0.001065,-0.030893
A,248358378,0.1113,0.3124,-9.6462
G,248359304,-0.003196,-0.005326,-0.027697
A,248360854,0.1401,0.3232,-9.5960
G,248361783,0.010653,-0.012783,-0.024501
A,248363328,0.1688,0.3124,-9.6175
G,248364279,0.022371,-0.021305,-0.024501
A,248365804,0.2011,0.2945,-9.6606
G,248366757,0.027697,-0.033023,-0.025566
A,248368278,0.2155,0.2837,-9.7217
G,248369266,0.029827,-0.049002,-0.029827
A,248370735,0.2119,0.2693,-9.7719
G,248371762,0.030893,-0.063916,-0.033023
A,248373212,0.1832,0.2586,-9.8186
G,248374240,0.030893,-0.074569,-0.037284
TRK,248374,-0.01570,-0.53508,0.84462,0.00788,-0.3902,0.7484,-0.4641,0.000,0.000,0.000,3,11
A,248375710,0.1401,0.2622,-9.8545
G,248376740,0.029827,-0.075634,-0.038350
A,248378184,0.1149,0.2622,-9.8725
G,248379249,0.026632,-0.071373,-0.035154
A,248380643,0.0970,0.2693,-9.8725
G,248381745,0.021305,-0.071373,-0.027697
A,248383133,0.1149,0.2729,-9.8581
G,248384235,0.018109,-0.074569,-0.014914
A,248385607,0.1257,0.2729,-9.8330
G,248386754,0.018109,-0.083091,-0.001065
A,248388078,0.1580,0.2586,-9.8150
G,248389250,0.019175,-0.096939,0.006392
A,248390552,0.1724,0.2514,-9.8007
G,248391750,0.019175,-0.112918,0.003196
A,248393003,0.2370,0.1832,-9.7863
G,248394245,0.017044,-0.127832,-0.001065
A,248395478,0.2478,0.1472,-9.7791
G,248396717,0.015979,-0.129962,0.002131
A,248397952,0.2550,0.1293,-9.7791
TRK,248397,-0.01467,-0.53518,0.84457,0.00828,-0.3902,0.7484,-0.4641,0.000,0.000,0.000,3,11
G,248399227,0.015979,-0.122505,0.015979
A,248400415,0.1077,0.2047,-9.7863
G,248401723,0.015979,-0.119310,0.037284
A,248402889,-0.0287,0.2873,-9.7971
G,248404213,0.017044,-0.122505,0.063916
A,248405334,-0.2011,0.3986,-9.8043
G,248406709,0.018109,-0.122505,0.090547
A,248407810,-0.2514,0.4310,-9.8114
G,248409179,0.019175,-0.106526,0.109722
A,248410284,-0.2406,0.4238,-9.8150
TRK,248409,-0.01398,-0.53483,0.84480,0.00860,-0.3902,0.7484,-0.4641,0.000,0.000,0.000,3,11
G,248411680,0.020240,-0.080960,0.115049
A,248412741,-0.1724,0.3843,-9.8078
G,248414175,0.021305,-0.053263,0.108657
A,248415222,-0.1221,0.3448,-9.8007
G,248416650,0.020240,-0.027697,0.101200
A,248417696,-0.0862,0.3089,-9.7899
G,248419161,0.020240,-0.005326,0.099070
A,248420165,-0.0539,0.2765,-9.7827
G,248421657,0.021305,0.008522,0.110787
A,248422653,-0.0539,0.2622,-9.7791
G,248424137,0.023436,0.017044,0.133158
A,248425127,-0.0718,0.2514,-9.7827
G,248426639,0.026632,0.018109,0.162985
A,248427587,-0.1006,0.2550,-9.7827
G,248429135,0.029827,0.017044,0.201335
A,248430072,-0.1472,0.2658,-9.7755
G,248431610,0.029827,0.011718,0.248207
A,248432546,-0.1975,0.2873,-9.7683
TRK,248432,-0.01374,-0.53347,0.84566,0.00845,-0.3902,0.7484,-0.4641,0.000,0.000,0.000,3,11
G,248434122,0.028762,0.003196,0.304666
A,248435018,-0.2370,0.3017,-9.7612
G,248436618,0.029827,-0.007457,0.372843
A,248437492,-0.2729,0.3268,-9.7432
G,248439106,0.031958,-0.021305,0.444215
A,248439941,-0.2765,0.3627,-9.6857
G,248441602,0.038350,-0.035154,0.519849
A,248442425,-0.2837,0.4094,-9.6103
G,248444075,0.061785,-0.050067,0.586961
A,248444899,-0.2514,0.4345,-9.5493
G,248446578,0.109722,-0.057524,0.653007
A,248447364,-0.4238,0.4812,-9.5170
G,248449074,0.175769,-0.059655,0.713727
TRK,248448,-0.01321,-0.52967,0.84806,0.00806,-0.3902,0.7484,-0.4641,0.000,0.000,0.000,3,11
A,248449859,-0.5567,0.5064,-9.5134
G,248451556,0.238619,-0.072438,0.826645
A,248452333,-0.6752,0.4597,-9.5960
G,248454069,0.285491,-0.121440,1.019458
A,248454809,-0.6500,0.4022,-9.6606
G,248456565,0.311057,-0.208792,1.263404
A,248457283,-0.4776,0.3160,-9.7324
G,248459058,0.319579,-0.294013,1.460477
A,248459740,-0.0251,0.1867,-9.7719
G,248461554,0.321710,-0.328101,1.548894
A,248462228,0.2191,0.1185,-9.8043
G,248464028,0.333428,-0.291882,1.500957
A,248464702,0.4453,0.1006,-9.7648
G,248466532,0.354733,-0.219444,1.362473
A,248467170,0.3843,0.1113,-9.7540
G,248469027,0.380299,-0.167247,1.213336
A,248469661,0.2011,0.0898,-9.7791
G,248471502,0.397344,-0.170442,1.141963
A,248472135,-0.0575,0.0575,-9.7899
TRK,248467,-0.00982,-0.51886,0.85478,0.00635,-0.3902,0.7484,-0.4641,0.000,0.000,0.000,3,11
G,248474017,0.398409,-0.219444,1.122789
A,248474615,-0.1616,-0.1257,-9.8653
G,248476512,0.373908,-0.265251,1.064199
A,248477089,-0.2729,-0.2909,-9.9910
G,248479006,0.329167,-0.270577,0.909736
A,248479549,0.1652,-0.3340,-10.0485
G,248481518,0.266316,-0.221575,0.699879
A,248482028,0.3232,-0.3376,-10.0736
G,248484014,0.199204,-0.145941,0.485761
A,248484521,0.5854,-0.2370,-10.0592
G,248486489,0.141680,-0.073503,0.308927
A,248486996,0.5495,-0.2083,-10.0341
G,248488984,0.103331,-0.023436,0.167247
A,248489458,0.2729,-0.2263,-9.9695
G,248491479,0.067112,0.010653,0.070307
A,248491952,0.0323,-0.2478,-9.9407
G,248493954,0.023436,0.034088,0.012783
A,248494426,-0.0431,-0.1437,-9.8438
TRK,248490,-0.00691,-0.51247,0.85866,0.00477,-0.3902,0.7484,-0.4641,0.000,0.000,0.000,3,11
G,248496459,-0.009587,0.049002,-0.013848
A,248496900,0.1293,0.0503,-9.7432
G,248498955,-0.004261,0.075634,-0.018109
A,248499391,0.2981,0.3053,-9.6391
G,248501428,0.035154,0.110787,-0.012783
A,248501865,0.5459,0.5315,-9.6355
G,248503923,0.087352,0.145941,-0.005326
A,248504331,0.6572,0.6536,-9.6319
G,248506419,0.129962,0.161920,-0.005326
A,248506825,0.6500,0.6608,-9.6750
G,248508893,0.157659,0.158724,-0.010653
A,248509299,0.5459,0.5638,-9.7217
G,248511400,0.173638,0.147006,-0.018109
A,248511775,0.3807,0.4166,-9.7504
G,248513896,0.183225,0.134223,-0.025566
A,248514249,0.2047,0.2622,-9.7899
G,248516382,0.186421,0.127832,-0.034088
A,248516707,0.0646,0.1437,-9.8043
TRK,248517,-0.00750,-0.51261,0.85858,0.00305,-0.3902,0.7484,-0.4641,0.000,0.000,0.000,3,11
G,248518899,0.185356,0.133158,-0.037284
A,248519195,-0.0287,0.0646,-9.8150
G,248521394,0.183225,0.150202,-0.039415
A,248521669,-0.0251,0.0108,-9.8474
G,248523891,0.180030,0.166181,-0.036219
A,248524139,-0.0108,0.0036,-9.8545
G,248526387,0.166181,0.154463,-0.035154
A,248526613,0.0503,-0.0072,-9.8797
G,248528863,0.142745,0.111853,-0.026632
A,248529063,0.0790,0.0108,-9.8761
G,248531370,0.116114,0.055394,-0.015979
A,248531544,0.0862,0.0323,-9.8545
TRK,248529,-0.00771,-0.51280,0.85847,0.00169,-0.3902,0.7484,-0.4641,0.000,0.000,0.000,3,11
G,248533887,0.098004,0.008522,-0.007457
A,248534036,0.0790,0.0611,-9.8222
G,248536383,0.092678,-0.021305,-0.008522
A,248536510,0.0646,0.0790,-9.8007
G,248538880,0.095874,-0.033023,-0.014914
A,248538982,0.0539,0.0934,-9.7899
G,248541400,0.102265,-0.036219,-0.025566
A,248541479,0.0359,0.0934,-9.7863
G,248543896,0.106526,-0.036219,-0.030893
A,248543953,0.0287,0.0862,-9.7899
G,248546402,0.108657,-0.036219,-0.033023
A,248546436,0.0180,0.0826,-9.7935
G,248548898,0.108657,-0.037284,-0.034088
A,248548911,0.0108,0.0898,-9.7791
A,248551375,0.0108,0.1041,-9.7432
G,248551385,0.110787,-0.037284,-0.034088
A,248553868,0.0180,0.1293,-9.7037
G,248553900,0.119310,-0.040480,-0.035154
A,248556342,0.0215,0.1437,-9.6570
G,248556396,0.137419,-0.046872,-0.033023
TRK,248552,-0.00690,-0.51302,0.85835,0.00082,-0.3902,0.7484,-0.4641,0.000,0.000,0.000,3,11
A,248558818,0.0251,0.1401,-9.6462
G,248558892,0.166181,-0.057524,-0.029827
A,248561292,0.0251,0.1221,-9.6462
G,248561410,0.200270,-0.067112,-0.020240
A,248563741,0.0251,0.0934,-9.6786
G,248563906,0.234358,-0.074569,-0.012783
A,248566225,0.0215,0.0611,-9.7145
G,248566409,0.263120,-0.079895,-0.002131
A,248568699,0.0215,0.0431,-9.7432
G,248568905,0.285491,-0.086286,0.000000
A,248571188,0.0144,0.0215,-9.7755
G,248571411,0.300405,-0.092678,0.000000
A,248573662,0.0072,0.0000,-9.8150
G,248573907,0.308927,-0.095874,-0.002131
A,248576129,-0.0072,-0.0287,-9.8545
G,248576391,0.311057,-0.096939,0.000000
A,248578603,-0.0215,-0.0539,-9.8940
TRK,248577,-0.00460,-0.51316,0.85828,-0.00117,-0.3902,0.7484,-0.4641,0.000,0.000,0.000,3,11
G,248578907,0.303600,-0.092678,0.004261
A,248581053,-0.0359,-0.0682,-9.9048
G,248581403,0.284426,-0.085221,0.004261
A,248583535,-0.0323,-0.0682,-9.8833
G,248583899,0.257794,-0.076699,0.001065
A,248586009,-0.0323,-0.0539,-9.8366
G,248586395,0.235423,-0.070307,-0.002131
A,248588471,-0.0215,-0.0431,-9.7827
G,248588872,0.224771,-0.068177,-0.002131
A,248590945,-0.0180,-0.0323,-9.7432
G,248591367,0.225836,-0.067112,-0.002131
TRK,248585,-0.00356,-0.51315,0.85829,-0.00211,-0.3902,0.7484,-0.4641,0.000,0.000,0.000,3,11
A,248593409,-0.0180,-0.0251,-9.7217
G,248593844,0.234358,-0.068177,-0.003196
A,248595896,-0.0215,-0.0180,-9.7109
G,248596344,0.248207,-0.068177,-0.002131
A,248598370,-0.0323,-0.0108,-9.7073
G,248598840,0.262055,-0.070307,0.001065
A,248600840,-0.0359,-0.0108,-9.7037
G,248601323,0.279099,-0.075634,0.006392
A,248603314,-0.0467,-0.0144,-9.7037
G,248603841,0.300405,-0.079895,0.012783
A,248605771,-0.0611,-0.0144,-9.6893
G,248606337,0.323840,-0.085221,0.021305
A,248608245,-0.0790,-0.0251,-9.6857
G,248608821,0.350472,-0.093743,0.031958
A,248610719,-0.1077,-0.0215,-9.6642
G,248611317,0.378169,-0.105461,0.052198
TRK,248605,-0.00158,-0.51312,0.85831,-0.00395,-0.3902,0.7484,-0.4641,0.000,0.000,0.000,3,11
A,248613187,-0.1293,-0.0251,-9.6642
G,248613795,0.407996,-0.119310,0.080960
A,248615680,-0.1544,-0.0287,-9.6606
G,248616297,0.438889,-0.129962,0.119310
A,248618154,-0.1688,-0.0431,-9.6786
G,248618793,0.469782,-0.140615,0.157659
A,248620633,-0.1832,-0.0718,-9.7109
G,248621282,0.497478,-0.150202,0.193878
A,248623108,-0.2011,-0.1041,-9.7648
G,248623800,0.515588,-0.156594,0.229032
A,248625568,-0.2083,-0.1544,-9.8294
G,248626296,0.521980,-0.157659,0.265251
A,248628053,-0.2227,-0.1975,-9.8833
G,248628789,0.513457,-0.152333,0.301470
A,248630527,-0.2083,-0.2406,-9.9228
G,248631285,0.493217,-0.143811,0.329167
TRK,248626,0.00186,-0.51190,0.85901,-0.00709,-0.3902,0.7484,-0.4641,0.000,0.000,0.000,3,11
A,248633019,-0.1832,-0.2586,-9.9084
G,248633783,0.464455,-0.134223,0.347276
A,248635493,-0.1401,-0.2693,-9.8725
G,248636279,0.436758,-0.124636,0.354733
A,248637966,-0.1113,-0.2514,-9.8043
G,248638758,0.419714,-0.117179,0.360059
A,248640440,-0.0790,-0.2370,-9.7540
G,248641267,0.417584,-0.112918,0.361125
A,248642894,-0.0754,-0.2155,-9.7073
G,248643763,0.427171,-0.113983,0.362190
A,248645379,-0.0431,-0.2191,-9.6857
G,248646252,0.442085,-0.118244,0.355798
A,248647853,-0.0467,-0.2263,-9.6965
G,248648771,0.459129,-0.123571,0.339819
A,248650318,-0.0431,-0.2406,-9.7217
G,248651267,0.471912,-0.129962,0.316384
A,248652792,-0.1006,-0.2586,-9.7755
G,248653762,0.474043,-0.132093,0.302535
A,248655235,-0.1508,-0.2837,-9.8258
G,248656258,0.461259,-0.127832,0.311057
TRK,248655,0.00706,-0.50753,0.86152,-0.01193,-0.3902,0.7484,-0.4641,0.000,0.000,0.000,3,11
A,248657713,-0.2011,-0.3196,-9.8833
G,248658737,0.438889,-0.117179,0.339819
A,248660187,-0.1939,-0.3627,-9.9264
G,248661247,0.407996,-0.103331,0.376038
A,248662645,-0.1688,-0.4022,-9.9551
G,248663742,0.371777,-0.088417,0.400539
A,248665135,-0.1077,-0.4310,-9.9551
G,248666232,0.329167,-0.074569,0.402670
A,248667609,-0.0467,-0.4345,-9.9371
G,248668752,0.291882,-0.063916,0.381365
A,248670080,-0.0144,-0.4130,-9.8976
G,248671248,0.265251,-0.057524,0.348341
A,248672554,0.0144,-0.3950,-9.8617
G,248673746,0.249272,-0.054328,0.308927
A,248675004,0.0323,-0.3843,-9.8402
G,248676266,0.240750,-0.051133,0.267381
A,248677477,0.0323,-0.3843,-9.8186
G,248678761,0.230097,-0.050067,0.229032
TRK,248674,0.00921,-0.50475,0.86310,-0.01407,-0.3902,0.7484,-0.4641,0.000,0.000,0.000,3,11
A,248679970,0.0180,-0.3950,-9.8186
G,248681250,0.218379,-0.049002,0.192813
A,248682444,0.0072,-0.4058,-9.8186
G,248683746,0.203465,-0.049002,0.160855
A,248684918,-0.0251,-0.4094,-9.8294
G,248686216,0.188552,-0.050067,0.132093
A,248687392,-0.0539,-0.4094,-9.8474
G,248688716,0.172573,-0.046872,0.116114
A,248689847,-0.0826,-0.4094,-9.8617
G,248691212,0.154463,-0.043676,0.103331
TRK,248686,0.01018,-0.50367,0.86370,-0.01504,-0.3902,0.7484,-0.4641,0.000,0.000,0.000,3,11
A,248692332,-0.1041,-0.4022,-9.8545
G,248693692,0.136354,-0.038350,0.093743
A,248694806,-0.1077,-0.3843,-9.8366
G,248696200,0.122505,-0.035154,0.082025
A,248697270,-0.0970,-0.3699,-9.8043
G,248698696,0.117179,-0.033023,0.074569
A,248699743,-0.0754,-0.3519,-9.7755
G,248701187,0.120375,-0.033023,0.066046
A,248702191,-0.0575,-0.3519,-9.7576
G,248703682,0.129962,-0.037284,0.053263
A,248704669,-0.0395,-0.3591,-9.7468
G,248706153,0.142745,-0.042611,0.038350
A,248707143,-0.0395,-0.3555,-9.7324
G,248708655,0.154463,-0.049002,0.025566
A,248709602,-0.0431,-0.3519,-9.7145
G,248711151,0.168312,-0.054328,0.017044
A,248712087,-0.0539,-0.3412,-9.6965
G,248713627,0.185356,-0.062851,0.012783
A,248714560,-0.0611,-0.3304,-9.6678
TRK,248714,0.01173,-0.50291,0.86410,-0.01643,-0.3902,0.7484,-0.4641,0.000,0.000,0.000,3,11
G,248716139,0.205596,-0.073503,0.009587
A,248717031,-0.0790,-0.3304,-9.6534
G,248718635,0.229032,-0.086286,0.003196
A,248719522,-0.0970,-0.3376,-9.6534
G,248721116,0.253533,-0.099070,-0.005326
A,248721996,-0.1185,-0.3627,-9.6750
G,248723612,0.272708,-0.109722,-0.012783
A,248724475,-0.1401,-0.3807,-9.6965
G,248726081,0.288687,-0.112918,-0.009587
A,248726949,-0.1580,-0.4022,-9.7324
G,248728584,0.297209,-0.112918,-0.003196
A,248729411,-0.1688,-0.4202,-9.7612
G,248731080,0.299339,-0.111853,0.005326
A,248731902,-0.1796,-0.4417,-9.7863
G,248733559,0.295078,-0.109722,0.011718
A,248734376,-0.1832,-0.4669,-9.8078
TRK,248730,0.01366,-0.50290,0.86405,-0.01795,-0.3902,0.7484,-0.4641,0.000,0.000,0.000,3,11
G,248736072,0.288687,-0.105461,0.018109
A,248736850,-0.1796,-0.4741,-9.8114
G,248738568,0.281230,-0.099070,0.021305
A,248739324,-0.1724,-0.4848,-9.8007
G,248741048,0.276969,-0.095874,0.023436
A,248741766,-0.1652,-0.4741,-9.7827
G,248743565,0.278034,-0.094809,0.022371
A,248744246,-0.1508,-0.4669,-9.7612
G,248746061,0.281230,-0.092678,0.024501
A,248746720,-0.1472,-0.4597,-9.7468
G,248748564,0.286556,-0.091613,0.025566
A,248749188,-0.1472,-0.4597,-9.7396
G,248751060,0.290817,-0.091613,0.027697
A,248751661,-0.1616,-0.4669,-9.7324
G,248753543,0.296144,-0.092678,0.026632
A,248754110,-0.1688,-0.4776,-9.7360
G,248756055,0.299339,-0.095874,0.025566
A,248756587,-0.1832,-0.4920,-9.7432
G,248758550,0.302535,-0.098004,0.024501
A,248759061,-0.1903,-0.5028,-9.7468
G,248761044,0.305731,-0.101200,0.023436
A,248761522,-0.1903,-0.5100,-9.7468
G,248763540,0.309992,-0.105461,0.024501
TRK,248762,0.01744,-0.50251,0.86413,-0.02119,-0.3902,0.7484,-0.4641,0.000,0.000,0.000,3,11
A,248764013,-0.1939,-0.5100,-9.7360
G,248766013,0.317449,-0.109722,0.026632
A,248766487,-0.2011,-0.5064,-9.7217
G,248768517,0.327036,-0.112918,0.037284
A,248768959,-0.2083,-0.5064,-9.7037
G,248771013,0.338754,-0.116114,0.052198
A,248771433,-0.2227,-0.5171,-9.7073
G,248773487,0.351537,-0.117179,0.069242
A,248773876,-0.2298,-0.5351,-9.7145
TRK,248774,0.01878,-0.50229,0.86421,-0.02232,-0.3902,0.7484,-0.4641,0.000,0.000,0.000,3,11
G,248776002,0.358994,-0.118244,0.083091
A,248776360,-0.2478,-0.5602,-9.7540
G,248778498,0.358994,-0.115049,0.091613
A,248778855,-0.2586,-0.5854,-9.7827
G,248780972,0.347276,-0.111853,0.094809
A,248781329,-0.2658,-0.6105,-9.8078
G,248783468,0.330232,-0.106526,0.096939
A,248783795,-0.2658,-0.6285,-9.8294
G,248785964,0.314253,-0.099070,0.099070
A,248786268,-0.2586,-0.6393,-9.8330
G,248788449,0.299339,-0.087352,0.101200
A,248788725,-0.2442,-0.6428,-9.8330
G,248790964,0.284426,-0.076699,0.099070
A,248791213,-0.2334,-0.6357,-9.8258
G,248793460,0.270577,-0.069242,0.095874
A,248793686,-0.2263,-0.6249,-9.8150
G,248795955,0.256729,-0.066046,0.092678
A,248796155,-0.2119,-0.6321,-9.8078
G,248798451,0.243946,-0.066046,0.088417
A,248798628,-0.2047,-0.6357,-9.7899
TRK,248793,0.02127,-0.50142,0.86460,-0.02455,-0.3902,0.7484,-0.4641,0.000,0.000,0.000,3,11
G,248800927,0.232228,-0.067112,0.088417
A,248801078,-0.2047,-0.6536,-9.7683
G,248803419,0.223706,-0.066046,0.089482
A,248803545,-0.2083,-0.6572,-9.7432
G,248805935,0.220510,-0.062851,0.096939
A,248806036,-0.2191,-0.6644,-9.7252
G,248808431,0.220510,-0.060720,0.101200
A,248808510,-0.2227,-0.6644,-9.7217
TRK,248808,0.02259,-0.50078,0.86490,-0.02578,-0.3902,0.7484,-0.4641,0.000,0.000,0.000,3,11
G,248810927,0.222640,-0.058590,0.104396
A,248810981,-0.2263,-0.6680,-9.7360
G,248813443,0.220510,-0.057524,0.099070
A,248813474,-0.2227,-0.6752,-9.7576
G,248815939,0.211988,-0.054328,0.094809
A,248815948,-0.2263,-0.6788,-9.7755
A,248818431,-0.2478,-0.6752,-9.7683
G,248818445,0.199204,-0.050067,0.088417
A,248820905,-0.2765,-0.6644,-9.7432
G,248820941,0.187487,-0.045806,0.086286
A,248823369,-0.2909,-0.6608,-9.7181
G,248823427,0.181095,-0.047937,0.090547
A,248825864,-0.2765,-0.6716,-9.7181
G,248825943,0.181095,-0.050067,0.105461
A,248828337,-0.2406,-0.6859,-9.7288
G,248828439,0.186421,-0.053263,0.118244
A,248830802,-0.1939,-0.7147,-9.7540
G,248830923,0.185356,-0.053263,0.117179
A,248833275,-0.1760,-0.7254,-9.7576
G,248833419,0.178964,-0.052198,0.093743
TRK,248827,0.02407,-0.49988,0.86533,-0.02719,-0.3902,0.7484,-0.4641,0.000,0.000,0.000,3,11
A,248835732,-0.1724,-0.7219,-9.7468
G,248835895,0.171508,-0.052198,0.062851
A,248838219,-0.1867,-0.7183,-9.7360
G,248838402,0.169377,-0.054328,0.039415
A,248840693,-0.2047,-0.7075,-9.7181
G,248840898,0.173638,-0.058590,0.029827
A,248843153,-0.2263,-0.6967,-9.7109
G,248843376,0.180030,-0.063916,0.024501
A,248845652,-0.2586,-0.6895,-9.7001
G,248845893,0.187487,-0.068177,0.020240
A,248848126,-0.2837,-0.6859,-9.6893
G,248848389,0.196009,-0.072438,0.014914
A,248850585,-0.3160,-0.6967,-9.6822
G,248850866,0.204531,-0.076699,0.010653
A,248853076,-0.3484,-0.7111,-9.6714
G,248853373,0.213053,-0.080960,0.007457
A,248855549,-0.3735,-0.7254,-9.6534
G,248855869,0.222640,-0.082025,0.009587
TRK,248851,0.02572,-0.49939,0.86552,-0.02858,-0.3902,0.7484,-0.4641,0.000,0.000,0.000,3,11
A,248858020,-0.3879,-0.7398,-9.6426
G,248858356,0.238619,-0.084156,0.022371
A,248860494,-0.3699,-0.7506,-9.6355
G,248860873,0.262055,-0.088417,0.038350
A,248862946,-0.3519,-0.7757,-9.6319
G,248863369,0.290817,-0.095874,0.054328
A,248865429,-0.3627,-0.8332,-9.5960
G,248865866,0.319579,-0.103331,0.060720
A,248867903,-0.4310,-0.9230,-9.5708
G,248868381,0.351537,-0.115049,0.054328
A,248870355,-0.4417,-0.9445,-9.5636
G,248870877,0.392017,-0.129962,0.039415
A,248872829,-0.4920,-0.9697,-9.5205
G,248873364,0.435693,-0.148072,0.030893
A,248875303,-0.5279,-1.0163,-9.4523
G,248875881,0.478304,-0.166181,0.038350
A,248877759,-0.7901,-1.3072,-9.2153
G,248878377,0.529436,-0.190682,0.053263
A,248880232,-1.9644,-2.5462,-8.4791
TRK,248874,0.02845,-0.49898,0.86559,-0.03091,-0.3902,0.7484,-0.4641,0.000,0.000,0.000,3,11
G,248880893,0.624245,-0.242880,0.057524
A,248882690,-1.6125,-1.9537,-9.5349
G,248883389,0.794687,-0.380299,0.045806
A,248885178,-1.5622,-2.0004,-9.1758
G,248885886,0.861799,-0.508131,0.083091
A,248887651,-0.2155,-0.4166,-10.2639
G,248888382,0.776578,-0.542220,0.162985
A,248890121,1.1349,0.7721,-10.3968
G,248890859,0.612527,-0.442085,0.250337
TRK,248891,0.03408,-0.49815,0.86574,-0.03437,-0.3902,0.7484,-0.4641,0.000,0.000,0.000,3,11
A,248892620,1.5981,1.1349,-10.1634
G,248893366,0.581634,-0.322775,0.257794
A,248895094,1.3611,0.7721,-10.0197
G,248895883,0.682835,-0.266316,0.198139
A,248897554,0.6536,0.0970,-9.9659
G,248898379,0.773382,-0.249272,0.129962
A,248900027,-0.1544,-0.5746,-9.9371
G,248900896,0.780839,-0.237554,0.101200
A,248902489,-0.7326,-1.0415,-9.8904
G,248903391,0.723314,-0.214118,0.128897
A,248904977,-1.0199,-1.2749,-9.8258
G,248905884,0.648746,-0.190682,0.187487
A,248907451,-1.0127,-1.3360,-9.8007
G,248908390,0.589091,-0.173638,0.241815
A,248909904,-0.7506,-1.3072,-9.8258
G,248910886,0.548611,-0.165116,0.259925
A,248912383,-0.4884,-1.2570,-9.8761
G,248913368,0.510262,-0.155529,0.245011
A,248914856,-0.2729,-1.2067,-9.9407
TRK,248914,0.03995,-0.49606,0.86648,-0.03936,-0.3902,0.7484,-0.4641,0.000,0.000,0.000,3,11
G,248915885,0.462325,-0.138484,0.211988
A,248917321,-0.1832,-1.1456,-9.9335
G,248918381,0.403735,-0.116114,0.180030
A,248919795,-0.2370,-1.1061,-9.9012
G,248920878,0.348341,-0.095874,0.162985
A,248922241,-0.3484,-1.0774,-9.8545
G,248923374,0.309992,-0.083091,0.164051
A,248924714,-0.4812,-1.1061,-9.8330
G,248925871,0.284426,-0.076699,0.180030
A,248927162,-0.6105,-1.1600,-9.8402
G,248928367,0.258859,-0.067112,0.192813
A,248929641,-0.6859,-1.2282,-9.8581
G,248930844,0.218379,-0.053263,0.190682
A,248932115,-0.7075,-1.2785,-9.8725
G,248933351,0.167247,-0.031958,0.181095
A,248934575,-0.6788,-1.3001,-9.8653
G,248935847,0.111853,-0.008522,0.167247
A,248937063,-0.5962,-1.3180,-9.8438
G,248938333,0.062851,0.015979,0.156594
A,248939536,-0.5674,-1.3503,-9.8043
TRK,248939,0.04239,-0.49401,0.86742,-0.04167,-0.3902,0.7484,-0.4641,0.000,0.000,0.000,3,11
G,248940850,0.026632,0.034088,0.141680
A,248942008,-0.6895,-1.4150,-9.7181
G,248943346,0.005326,0.045806,0.122505
A,248944481,-1.1959,-1.6412,-9.5457
G,248945844,0.000000,0.050067,0.101200
A,248946934,-2.0650,-2.1835,-9.2332
G,248948340,0.021305,0.049002,0.075634
A,248949417,-2.5929,-2.7114,-9.1901
G,248950817,0.082025,0.043676,0.039415
A,248951891,-2.3810,-3.1891,-9.2727
G,248953320,0.155529,0.074569,-0.021305
A,248954349,-1.9968,-3.5087,-9.3410
G,248955816,0.165116,0.124636,-0.096939
TRK,248955,0.04225,-0.49356,0.86765,-0.04238,-0.3902,0.7484,-0.4641,0.000,0.000,0.000,3,11
STAT,404.6,400.6,0,0,1146,1.3012,26.641,0.0959,0.1426,-0.0817,9.7268,0.62,0.001
A,248956844,-0.2227,-2.7438,-9.9730
G,248958303,0.086286,0.108657,-0.154463
A,248959318,0.7721,-1.8890,-9.7648
G,248960818,-0.064981,0.005326,-0.144876
A,248961789,1.6592,-0.7326,-9.8258
G,248963314,-0.147006,-0.119310,-0.074569
A,248964263,1.8926,0.1185,-9.7504
G,248965812,-0.099070,-0.160855,0.000000
A,248966720,1.4222,0.3196,-9.5421
G,248968308,0.051133,-0.124636,0.025566
A,248969194,0.7434,0.2334,-9.8402
G,248970806,0.185356,-0.052198,0.003196
A,248971652,0.0144,-0.0862,-9.8761
G,248973302,0.202400,0.031958,-0.017044
TRK,248972,0.04271,-0.49395,0.86741,-0.04242,-0.3902,0.7484,-0.4641,0.000,0.000,0.000,3,11
A,248974141,-0.5567,-0.4633,-9.9192
G,248975780,0.137419,0.095874,-0.010653
A,248976614,-1.0774,-1.1744,-9.6426
G,248978288,0.064981,0.116114,0.015979
A,248979082,-1.3539,-1.8208,-9.5672
G,248980783,0.051133,0.063916,0.023436
A,248981556,-1.0056,-1.7885,-9.7612
G,248983273,0.041545,-0.027697,0.017044
A,248984007,-0.5423,-1.4078,-9.9156
G,248985792,-0.043676,-0.090547,0.021305
A,248986489,0.3627,-0.3807,-10.2711
G,248988287,-0.180030,-0.082025,0.052198
A,248988963,0.8942,0.3627,-10.2568
G,248990779,-0.265251,-0.030893,0.083091
A,248991418,0.9409,0.5064,-10.0916
G,248993275,-0.251402,0.001065,0.084156
TRK,248992,0.04242,-0.49365,0.86761,-0.04192,-0.3902,0.7484,-0.4641,0.000,0.000,0.000,3,11
A,248993912,0.6428,0.1939,-9.9695
G,248995753,-0.205596,0.004261,0.059655
A,248996385,0.1832,-0.3053,-9.8976
G,248998250,-0.191748,0.004261,0.033023
A,248998847,-0.2514,-0.7614,-9.8438
G,249000746,-0.217314,0.019175,0.025566
A,249001320,-0.5351,-1.0666,-9.7791
G,249003236,-0.251402,0.052198,0.035154
A,249003776,-0.6428,-1.2175,-9.7181
G,249005756,-0.270577,0.085221,0.050067
A,249006263,-0.6105,-1.2498,-9.6750
G,249008252,-0.270577,0.104396,0.056459
A,249008737,-0.5100,-1.2103,-9.6462
G,249010751,-0.257794,0.101200,0.049002
A,249011204,-0.4130,-1.1492,-9.6426
G,249013247,-0.241815,0.082025,0.027697
A,249013702,-0.3484,-1.0810,-9.6462
G,249015726,-0.232228,0.060720,0.007457
A,249016175,-0.3304,-1.0235,-9.6426
TRK,249016,0.04057,-0.49335,0.86797,-0.03987,-0.3902,0.7484,-0.4641,0.000,0.000,0.000,3,11
G,249018236,-0.223706,0.043676,-0.003196
A,249018654,-0.3519,-0.9661,-9.6175
G,249020732,-0.211988,0.031958,-0.007457
A,249021127,-0.3843,-0.9230,-9.5708
G,249023222,-0.186421,0.024501,-0.006392
A,249023587,-0.4094,-0.8835,-9.5205
G,249025718,-0.150202,0.020240,-0.006392
A,249026077,-0.4202,-0.8655,-9.4810
G,249028188,-0.102265,0.017044,-0.005326
A,249028551,-0.4202,-0.8511,-9.4595
TRK,249024,0.03997,-0.49340,0.86800,-0.03909,-0.3902,0.7484,-0.4641,0.000,0.000,0.000,3,11
G,249030688,-0.046872,0.013848,-0.009587
A,249031022,-0.4094,-0.8547,-9.4667
G,249033184,0.011718,0.008522,-0.018109
A,249033495,-0.3986,-0.8583,-9.4882
G,249035660,0.069242,0.003196,-0.027697
A,249035943,-0.4058,-0.8763,-9.5134
G,249038169,0.123571,-0.002131,-0.029827
A,249038424,-0.4094,-0.8942,-9.5421
G,249040665,0.172573,-0.004261,-0.027697
A,249040897,-0.4202,-0.9230,-9.5672
G,249043143,0.215183,-0.006392,-0.024501
A,249043348,-0.4274,-0.9517,-9.5780
G,249045644,0.251402,-0.006392,-0.022371
A,249045823,-0.4130,-0.9768,-9.5996
G,249048140,0.283360,-0.006392,-0.020240
A,249048297,-0.4022,-1.0020,-9.6139
G,249050622,0.308927,-0.013848,-0.015979
A,249050753,-0.3879,-1.0092,-9.6175
G,249053133,0.325971,-0.031958,-0.011718
A,249053239,-0.3807,-1.0127,-9.6175
G,249055629,0.339819,-0.061785,-0.007457
A,249055713,-0.3915,-1.0092,-9.6067
TRK,249051,0.04077,-0.49354,0.86782,-0.04046,-0.3902,0.7484,-0.4641,0.000,0.000,0.000,3,11
G,249058121,0.360059,-0.090547,0.002131
A,249058180,-0.3986,-1.0092,-9.6031
G,249060631,0.386691,-0.117179,0.009587
A,249060667,-0.4022,-1.0343,-9.6319
G,249063127,0.409062,-0.131028,0.018109
A,249063140,-0.4058,-1.0630,-9.6534
A,249065600,-0.4022,-1.1025,-9.6965
G,249065609,0.421845,-0.137419,0.015979
A,249068090,-0.4094,-1.1277,-9.7145
G,249068121,0.421845,-0.136354,0.010653
A,249070564,-0.4202,-1.1456,-9.7217
G,249070617,0.414388,-0.133158,0.005326
A,249073034,-0.4345,-1.1564,-9.7181
G,249073109,0.404800,-0.131028,0.005326
A,249075508,-0.4453,-1.1564,-9.7145
G,249075605,0.397344,-0.126766,0.011718
A,249077958,-0.4561,-1.1600,-9.7001
G,249078075,0.393083,-0.124636,0.013848
A,249080432,-0.4597,-1.1600,-9.6965
G,249080571,0.389887,-0.122505,0.014914
TRK,249074,0.04437,-0.49331,0.86761,-0.04396,-0.3902,0.7484,-0.4641,0.000,0.000,0.000,3,11
A,249082885,-0.4597,-1.1672,-9.7001
G,249083044,0.386691,-0.120375,0.015979
A,249085369,-0.4597,-1.1851,-9.7037
G,249085548,0.382430,-0.117179,0.022371
A,249087843,-0.4597,-1.2067,-9.7073
G,249088044,0.378169,-0.112918,0.033023
A,249090308,-0.4705,-1.2354,-9.7145
G,249090527,0.368581,-0.110787,0.036219
TRK,249091,0.04656,-0.49307,0.86753,-0.04597,-0.3902,0.7484,-0.4641,0.000,0.000,0.000,3,11
A,249092804,-0.4812,-1.2641,-9.7252
G,249093041,0.356864,-0.109722,0.040480
A,249095277,-0.4920,-1.2893,-9.7396
G,249095537,0.338754,-0.105461,0.045806
A,249097734,-0.4920,-1.3108,-9.7504
G,249098011,0.318514,-0.096939,0.055394
A,249100230,-0.4920,-1.3180,-9.7612
G,249100523,0.295078,-0.087352,0.061785
A,249102703,-0.4848,-1.3216,-9.7719
G,249103019,0.271642,-0.076699,0.061785
A,249105171,-0.4848,-1.3252,-9.7755
G,249105503,0.249272,-0.066046,0.059655
A,249107666,-0.4812,-1.3288,-9.7719
G,249108013,0.225836,-0.059655,0.055394
A,249110140,-0.4848,-1.3324,-9.7612
G,249110509,0.200270,-0.055394,0.049002
TRK,249110,0.04870,-0.49250,0.86762,-0.04796,-0.3902,0.7484,-0.4641,0.000,0.000,0.000,3,11
A,249112619,-0.4884,-1.3180,-9.7360
G,249113004,0.176834,-0.050067,0.044741
A,249115117,-0.4920,-1.3108,-9.7145
G,249115517,0.158724,-0.042611,0.047937
A,249117591,-0.4920,-1.3036,-9.6929
G,249118013,0.148072,-0.035154,0.055394
A,249120061,-0.4956,-1.3036,-9.6822
G,249120497,0.138484,-0.029827,0.061785
A,249122535,-0.4956,-1.3180,-9.6929
G,249122993,0.127832,-0.027697,0.061785
A,249125006,-0.4920,-1.3324,-9.7001
G,249125477,0.113983,-0.023436,0.063916
A,249127508,-0.4956,-1.3467,-9.7145
G,249127992,0.093743,-0.020240,0.061785
A,249129981,-0.4920,-1.3467,-9.7145
TRK,249129,0.04958,-0.49201,0.86780,-0.04881,-0.3902,0.7484,-0.4641,0.000,0.000,0.000,3,11
G,249130510,0.070307,-0.012783,0.062851
A,249132438,-0.4920,-1.3431,-9.7073
G,249133006,0.049002,-0.008522,0.061785
A,249134931,-0.4884,-1.3288,-9.6857
G,249135510,0.036219,-0.004261,0.060720
A,249137404,-0.4956,-1.3108,-9.6642
G,249138006,0.030893,-0.004261,0.058590
A,249139878,-0.4992,-1.2965,-9.6462
G,249140491,0.030893,-0.005326,0.057524
A,249142352,-0.4992,-1.2893,-9.6283
G,249142987,0.034088,-0.005326,0.060720
A,249144827,-0.4920,-1.2857,-9.6283
G,249145471,0.041545,-0.005326,0.068177
A,249147300,-0.4884,-1.2857,-9.6211
G,249147986,0.050067,-0.004261,0.075634
A,249149756,-0.4848,-1.2821,-9.6139
G,249150482,0.055394,-0.006392,0.078830
TRK,249150,0.04994,-0.49135,0.86814,-0.04914,-0.3902,0.7484,-0.4641,0.000,0.000,0.000,3,11
A,249152243,-0.4992,-1.2857,-9.6103
G,249152977,0.060720,-0.008522,0.080960
A,249154717,-0.5136,-1.2857,-9.6103
G,249155472,0.066046,-0.012783,0.083091
A,249157184,-0.5279,-1.2929,-9.6175
G,249157947,0.072438,-0.014914,0.089482
A,249159683,-0.5279,-1.3036,-9.6355
G,249160453,0.075634,-0.017044,0.093743
A,249162156,-0.5136,-1.3144,-9.6534
G,249162949,0.078830,-0.018109,0.095874
A,249164635,-0.4884,-1.3252,-9.6786
G,249165434,0.078830,-0.022371,0.098004
A,249167109,-0.4669,-1.3396,-9.6929
G,249167950,0.075634,-0.029827,0.099070
A,249169569,-0.4597,-1.3324,-9.7001
G,249170446,0.063916,-0.044741,0.100135
TRK,249170,0.05053,-0.49051,0.86856,-0.04958,-0.3902,0.7484,-0.4641,0.000,0.000,0.000,3,11
A,249172059,-0.4597,-1.3252,-9.6929
G,249172941,0.050067,-0.070307,0.106526
A,249174533,-0.4669,-1.3001,-9.6750
G,249175437,0.036219,-0.102265,0.117179
A,249177000,-0.4633,-1.2893,-9.6606
G,249177909,0.030893,-0.133158,0.126766
A,249179474,-0.4597,-1.2929,-9.6606
G,249180415,0.034088,-0.144876,0.123571
A,249181926,-0.4561,-1.3108,-9.6678
G,249182911,0.045806,-0.134223,0.101200
A,249184410,-0.4705,-1.3288,-9.6822
G,249185397,0.058590,-0.104396,0.068177
A,249186883,-0.4848,-1.3360,-9.6893
G,249187913,0.067112,-0.071373,0.036219
A,249189348,-0.5136,-1.3396,-9.6893
G,249190409,0.070307,-0.043676,0.020240
TRK,249190,0.05170,-0.48976,0.86891,-0.04945,-0.3902,0.7484,-0.4641,0.000,0.000,0.000,3,11
A,249191843,-0.5315,-1.3360,-9.6786
G,249192905,0.070307,-0.027697,0.019175
A,249194316,-0.5423,-1.3252,-9.6678
G,249195401,0.068177,-0.025566,0.028762
A,249196788,-0.5459,-1.3180,-9.6642
G,249197874,0.067112,-0.031958,0.043676
A,249199262,-0.5387,-1.3144,-9.6642
G,249200381,0.064981,-0.039415,0.054328
A,249201719,-0.5315,-1.3216,-9.6714
G,249202877,0.061785,-0.045806,0.060720
A,249204206,-0.5207,-1.3288,-9.6822
G,249205364,0.056459,-0.047937,0.064981
A,249206680,-0.5171,-1.3324,-9.6822
TRK,249206,0.05220,-0.48945,0.86905,-0.04970,-0.3902,0.7484,-0.4641,0.000,0.000,0.000,3,11
G,249207881,0.052198,-0.047937,0.067112
A,249209148,-0.5136,-1.3252,-9.6786
G,249210377,0.049002,-0.047937,0.067112
A,249211622,-0.5171,-1.3108,-9.6606
G,249212873,0.049002,-0.049002,0.062851
A,249214071,-0.5171,-1.2929,-9.6391
G,249215369,0.054328,-0.047937,0.060720
A,249216552,-0.5243,-1.2821,-9.6103
G,249217846,0.062851,-0.045806,0.061785
A,249219050,-0.5243,-1.2713,-9.6031
G,249220341,0.075634,-0.043676,0.067112
A,249221523,-0.5315,-1.2749,-9.5996
G,249222858,0.087352,-0.042611,0.072438
A,249223995,-0.5315,-1.2857,-9.6103
G,249225354,0.095874,-0.045806,0.075634
A,249226468,-0.5351,-1.3072,-9.6283
G,249227851,0.101200,-0.050067,0.073503
A,249228921,-0.5315,-1.3216,-9.6426
G,249230347,0.105461,-0.057524,0.066046
A,249231394,-0.5351,-1.3324,-9.6498
G,249232845,0.109722,-0.066046,0.061785
A,249233849,-0.5459,-1.3252,-9.6426
G,249235340,0.116114,-0.082025,0.058590
TRK,249234,0.05353,-0.48855,0.86944,-0.05026,-0.3902,0.7484,-0.4641,0.000,0.000,0.000,3,11
A,249236334,-0.5423,-1.3252,-9.6355
G,249237818,0.123571,-0.100135,0.066046
A,249238807,-0.5567,-1.3216,-9.6175
G,249240326,0.136354,-0.117179,0.075634
A,249241273,-0.5531,-1.3216,-9.5996
G,249242822,0.148072,-0.126766,0.088417
A,249243770,-0.5602,-1.3252,-9.5852
G,249245310,0.159790,-0.127832,0.095874
A,249246243,-0.5638,-1.3252,-9.5708
TRK,249246,0.05442,-0.48818,0.86958,-0.05055,-0.3902,0.7484,-0.4641,0.000,0.000,0.000,3,11
G,249247828,0.170442,-0.122505,0.094809
A,249248720,-0.5710,-1.3216,-9.5636
G,249250324,0.181095,-0.117179,0.089482
A,249251194,-0.5746,-1.3216,-9.5565
G,249252842,0.198139,-0.116114,0.079895
A,249253672,-0.5674,-1.3252,-9.5672
G,249255338,0.218379,-0.120375,0.070307
A,249256146,-0.5602,-1.3467,-9.5816
G,249257828,0.241815,-0.129962,0.061785
A,249258597,-0.5495,-1.3719,-9.6031
G,249260347,0.262055,-0.141680,0.054328
A,249261079,-0.5567,-1.4006,-9.6319
G,249262843,0.272708,-0.152333,0.050067
A,249263579,-0.5710,-1.4186,-9.6462
G,249265330,0.275903,-0.155529,0.054328
A,249266052,-0.5782,-1.4401,-9.6534
G,249267848,0.275903,-0.155529,0.063916
A,249268533,-0.5854,-1.4545,-9.6606
G,249270344,0.273773,-0.151268,0.076699
A,249271007,-0.5854,-1.4724,-9.6750
TRK,249266,0.05673,-0.48751,0.86973,-0.05182,-0.3902,0.7484,-0.4641,0.000,0.000,0.000,3,11
G,249272841,0.268447,-0.150202,0.077764
A,249273469,-0.5782,-1.4868,-9.6857
G,249275337,0.262055,-0.147006,0.067112
A,249275962,-0.5818,-1.4940,-9.7109
G,249277815,0.254598,-0.140615,0.044741
A,249278435,-0.5926,-1.5012,-9.7252
G,249280323,0.243946,-0.122505,0.025566
A,249280908,-0.6033,-1.5048,-9.7360
G,249282819,0.231162,-0.103331,0.009587
A,249283382,-0.6141,-1.5083,-9.7252
G,249285307,0.218379,-0.084156,0.000000
A,249285836,-0.6105,-1.5155,-9.7181
G,249287825,0.204531,-0.072438,-0.011718
A,249288321,-0.6033,-1.5155,-9.6893
G,249290321,0.188552,-0.067112,-0.018109
A,249290795,-0.5962,-1.5227,-9.6786
G,249292805,0.170442,-0.064981,-0.023436
A,249293248,-0.5926,-1.5227,-9.6642
TRK,249289,0.05954,-0.48703,0.86970,-0.05367,-0.3902,0.7484,-0.4641,0.000,0.000,0.000,3,11
G,249295314,0.153398,-0.062851,-0.023436
A,249295725,-0.5997,-1.5227,-9.6570
G,249297810,0.136354,-0.057524,-0.022371
A,249298198,-0.6141,-1.5155,-9.6534
G,249300288,0.120375,-0.049002,-0.022371
A,249300647,-0.6321,-1.5083,-9.6426
G,249302784,0.108657,-0.042611,-0.025566
A,249303136,-0.6500,-1.4976,-9.6391
G,249305253,0.099070,-0.036219,-0.027697
A,249305610,-0.6572,-1.4976,-9.6247
TRK,249305,0.06036,-0.48715,0.86954,-0.05432,-0.3902,0.7484,-0.4641,0.000,0.000,0.000,3,11
G,249307752,0.092678,-0.029827,-0.025566
A,249308079,-0.6572,-1.4940,-9.6139
G,249310248,0.086286,-0.022371,-0.020240
A,249310553,-0.6428,-1.4976,-9.6031
G,249312727,0.083091,-0.014914,-0.014914
A,249313004,-0.6285,-1.5012,-9.6031
G,249315223,0.082025,-0.010653,-0.015979
A,249315477,-0.6177,-1.5012,-9.5996
G,249317703,0.082025,-0.009587,-0.019175
A,249317930,-0.6141,-1.5048,-9.6139
G,249320203,0.079895,-0.009587,-0.020240
A,249320403,-0.6141,-1.5119,-9.6247
G,249322723,0.076699,-0.008522,-0.018109
A,249322897,-0.6177,-1.5155,-9.6426
G,249325219,0.072438,-0.007457,-0.012783
A,249325392,-0.6177,-1.5299,-9.6570
G,249327691,0.068177,-0.005326,-0.006392
A,249327866,-0.6213,-1.5371,-9.6678
G,249330181,0.061785,-0.004261,-0.003196
A,249330330,-0.6249,-1.5443,-9.6678
G,249332677,0.054328,-0.001065,0.000000
TRK,249327,0.06093,-0.48725,0.86939,-0.05502,-0.3902,0.7484,-0.4641,0.000,0.000,0.000,3,11
A,249332826,-0.6249,-1.5479,-9.6606
G,249335148,0.044741,-0.001065,-0.004261
A,249335299,-0.6285,-1.5443,-9.6498
G,249337650,0.038350,0.001065,-0.007457
A,249337776,-0.6249,-1.5299,-9.6391
G,249340146,0.031958,0.001065,-0.010653
A,249340249,-0.6177,-1.5227,-9.6283
G,249342627,0.026632,0.001065,-0.009587
A,249342706,-0.6177,-1.5083,-9.6283
G,249345139,0.020240,0.000000,-0.008522
A,249345194,-0.6141,-1.5119,-9.6283
G,249347635,0.014914,-0.003196,-0.014914
A,249347668,-0.6105,-1.5155,-9.6247
G,249350126,0.011718,-0.008522,-0.020240
A,249350136,-0.6141,-1.5299,-9.6247
G,249352622,0.009587,-0.013848,-0.025566
TRK,249347,0.06113,-0.48729,0.86934,-0.05531,-0.3902,0.7484,-0.4641,0.000,0.000,0.000,3,11
A,249352635,-0.6069,-1.5371,-9.6247
G,249355094,0.007457,-0.017044,-0.023436
A,249355109,-0.6105,-1.5407,-9.6211
A,249357589,-0.6033,-1.5335,-9.6247
G,249357597,0.005326,-0.021305,-0.021305
A,249360063,-0.6033,-1.5299,-9.6247
G,249360093,0.004261,-0.026632,-0.017044
A,249362524,-0.5997,-1.5155,-9.6247
G,249362575,0.004261,-0.034088,-0.011718
A,249365005,-0.6069,-1.5012,-9.6211
G,249365078,0.005326,-0.042611,-0.006392
A,249367478,-0.6141,-1.4904,-9.6139
G,249367574,0.005326,-0.054328,-0.004261
A,249369931,-0.6249,-1.4760,-9.6067
G,249370047,0.005326,-0.063916,-0.002131
TRK,249370,0.06147,-0.48743,0.86924,-0.05518,-0.3902,0.7484,-0.4641,0.000,0.000,0.000,3,11
A,249372414,-0.6321,-1.4796,-9.5960
G,249372550,0.007457,-0.067112,-0.001065
A,249374904,-0.6321,-1.4760,-9.5888
G,249375060,0.012783,-0.060720,-0.001065
A,249377378,-0.6285,-1.4832,-9.5888
G,249377555,0.020240,-0.050067,-0.002131
A,249379852,-0.6213,-1.4868,-9.5924
G,249380049,0.024501,-0.039415,-0.005326
A,249382348,-0.6213,-1.4976,-9.5996
G,249382563,0.027697,-0.034088,-0.007457
A,249384821,-0.6213,-1.5119,-9.6139
G,249385059,0.026632,-0.031958,-0.009587
A,249387287,-0.6249,-1.5263,-9.6355
G,249387542,0.024501,-0.031958,-0.008522
A,249389783,-0.6285,-1.5407,-9.6498
G,249390055,0.020240,-0.033023,-0.011718
A,249392257,-0.6357,-1.5443,-9.6570
G,249392551,0.012783,-0.033023,-0.017044
A,249394710,-0.6357,-1.5335,-9.6498
G,249395021,0.006392,-0.034088,-0.020240
TRK,249391,0.06201,-0.48750,0.86917,-0.05511,-0.3902,0.7484,-0.4641,0.000,0.000,0.000,3,11
A,249397198,-0.6357,-1.5155,-9.6283
G,249397525,0.001065,-0.036219,-0.017044
A,249399671,-0.6357,-1.4976,-9.6139
G,249400021,-0.001065,-0.040480,-0.010653
A,249402138,-0.6321,-1.4760,-9.5960
G,249402503,-0.004261,-0.045806,-0.001065
A,249404612,-0.6321,-1.4688,-9.5960
G,249405017,-0.005326,-0.055394,0.008522
A,249407061,-0.6321,-1.4653,-9.6031
G,249407513,-0.007457,-0.068177,0.015979
TRK,249407,0.06231,-0.48754,0.86914,-0.05491,-0.3902,0.7484,-0.4641,0.000,0.000,0.000,3,11
A,249409542,-0.6357,-1.4724,-9.6175
G,249410007,-0.010653,-0.078830,0.023436
A,249412016,-0.6428,-1.4940,-9.6355
G,249412503,-0.014914,-0.085221,0.027697
A,249414477,-0.6500,-1.5155,-9.6426
G,249414977,-0.019175,-0.089482,0.029827
A,249416970,-0.6464,-1.5299,-9.6498
G,249417482,-0.022371,-0.093743,0.030893
A,249419443,-0.6464,-1.5371,-9.6462
G,249419978,-0.027697,-0.095874,0.031958
A,249421906,-0.6357,-1.5335,-9.6426
G,249422453,-0.033023,-0.101200,0.036219
A,249424380,-0.6321,-1.5263,-9.6319
G,249424968,-0.036219,-0.109722,0.041545
A,249426834,-0.6321,-1.5263,-9.6211
G,249427464,-0.037284,-0.122505,0.049002
TRK,249427,0.06307,-0.48731,0.86926,-0.05417,-0.3902,0.7484,-0.4641,0.000,0.000,0.000,3,11
A,249429319,-0.6428,-1.5119,-9.5960
G,249429959,-0.036219,-0.137419,0.055394
A,249431793,-0.6500,-1.4976,-9.5852
G,249432455,-0.033023,-0.153398,0.063916
A,249434259,-0.6644,-1.4760,-9.5672
G,249434930,-0.026632,-0.165116,0.069242
A,249436756,-0.6680,-1.4617,-9.5600
G,249437436,-0.017044,-0.171508,0.073503
A,249439230,-0.6752,-1.4545,-9.5636
G,249439932,-0.006392,-0.170442,0.073503
A,249441697,-0.6859,-1.4581,-9.5708
G,249442407,0.003196,-0.162985,0.073503
A,249444170,-0.6931,-1.4724,-9.5852
G,249444923,0.011718,-0.148072,0.069242
A,249446629,-0.7039,-1.4832,-9.6031
G,249447419,0.020240,-0.127832,0.062851
TRK,249447,0.06441,-0.48680,0.86951,-0.05326,-0.3902,0.7484,-0.4641,0.000,0.000,0.000,3,11
A,249449118,-0.7075,-1.4976,-9.6139
G,249449915,0.028762,-0.105461,0.053263
A,249451592,-0.7147,-1.5083,-9.6247
G,249452411,0.038350,-0.083091,0.045806
A,249454062,-0.7111,-1.5119,-9.6247
G,249454887,0.046872,-0.061785,0.037284
A,249456535,-0.7075,-1.5191,-9.6103
G,249457394,0.055394,-0.044741,0.029827
A,249458987,-0.7039,-1.5227,-9.6031
G,249459890,0.063916,-0.034088,0.023436
A,249461476,-0.7003,-1.5227,-9.5888
G,249462383,0.071373,-0.028762,0.022371
A,249463949,-0.7003,-1.5155,-9.5852
G,249464900,0.076699,-0.024501,0.023436
A,249466412,-0.7003,-1.5155,-9.5852
G,249467395,0.080960,-0.020240,0.023436
A,249468893,-0.6967,-1.5191,-9.5924
G,249469879,0.085221,-0.014914,0.021305
A,249471366,-0.6895,-1.5299,-9.6031
G,249472385,0.087352,-0.012783,0.020240
A,249473821,-0.6823,-1.5443,-9.6139
G,249474881,0.089482,-0.013848,0.018109
TRK,249474,0.06563,-0.48654,0.86955,-0.05341,-0.3902,0.7484,-0.4641,0.000,0.000,0.000,1,12
A,249476306,-0.6859,-1.5550,-9.6211
G,249477368,0.089482,-0.018109,0.012783
A,249478780,-0.6895,-1.5586,-9.6175
G,249479885,0.087352,-0.023436,0.007457
A,249481247,-0.6931,-1.5622,-9.6175
G,249482381,0.083091,-0.028762,0.002131
A,249483720,-0.7039,-1.5586,-9.6103
G,249484898,0.077764,-0.033023,0.004261
A,249486188,-0.7039,-1.5622,-9.6139
G,249487394,0.070307,-0.037284,0.011718
TRK,249487,0.06628,-0.48649,0.86953,-0.05345,-0.3902,0.7484,-0.4641,0.000,0.000,0.000,1,12
A,249488686,-0.7003,-1.5622,-9.6211
G,249489890,0.060720,-0.037284,0.022371
A,249491160,-0.7039,-1.5730,-9.6319
G,249492386,0.050067,-0.037284,0.024501
A,249493638,-0.7003,-1.5802,-9.6498
G,249494863,0.040480,-0.035154,0.028762
A,249496112,-0.6967,-1.5874,-9.6642
G,249497370,0.028762,-0.038350,0.030893
A,249498572,-0.7003,-1.5909,-9.6678
G,249499866,0.014914,-0.046872,0.034088
A,249501053,-0.7039,-1.5838,-9.6678
G,249502343,0.002131,-0.056459,0.035154
A,249503526,-0.7111,-1.5730,-9.6534
G,249504861,-0.007457,-0.067112,0.039415
A,249505998,-0.7147,-1.5622,-9.6355
G,249507356,-0.011718,-0.074569,0.044741
A,249508471,-0.7183,-1.5514,-9.6247
G,249509854,-0.014914,-0.077764,0.047937
A,249510924,-0.7111,-1.5514,-9.6175
G,249512350,-0.018109,-0.072438,0.045806
TRK,249507,0.06727,-0.48639,0.86954,-0.05289,-0.3902,0.7484,-0.4641,0.000,0.000,0.000,1,12
A,249513407,-0.7075,-1.5514,-9.6175
G,249514827,-0.023436,-0.062851,0.039415
A,249515881,-0.7075,-1.5514,-9.6139
G,249517335,-0.028762,-0.051133,0.035154
A,249518345,-0.7111,-1.5407,-9.6103
G,249519831,-0.033023,-0.044741,0.028762
A,249520841,-0.7183,-1.5299,-9.6031
G,249522319,-0.035154,-0.041545,0.028762
A,249523314,-0.7254,-1.5227,-9.6031
G,249524814,-0.033023,-0.043676,0.027697
A,249525810,-0.7290,-1.5191,-9.6031
G,249527302,-0.028762,-0.042611,0.030893
A,249528283,-0.7254,-1.5191,-9.6103
G,249529821,-0.025566,-0.042611,0.028762
A,249530760,-0.7219,-1.5227,-9.6139
G,249532317,-0.023436,-0.039415,0.024501
TRK,249531,0.06814,-0.48629,0.86958,-0.05196,-0.3902,0.7484,-0.4641,0.000,0.000,0.000,1,12
A,249533253,-0.7147,-1.5299,-9.6139
G,249534801,-0.024501,-0.036219,0.019175
A,249535727,-0.7039,-1.5335,-9.6175
G,249537297,-0.026632,-0.030893,0.014914
A,249538181,-0.7039,-1.5263,-9.6103
G,249539802,-0.027697,-0.026632,0.013848
A,249540646,-0.7039,-1.5155,-9.5996
G,249542321,-0.025566,-0.019175,0.014914
A,249543126,-0.7075,-1.5012,-9.5816
G,249544817,-0.018109,-0.011718,0.014914
A,249545599,-0.7183,-1.4868,-9.5636
G,249547324,-0.005326,-0.003196,0.010653
A,249548069,-0.7219,-1.4832,-9.5529
G,249549820,0.011718,0.003196,0.005326
A,249550556,-0.7254,-1.4832,-9.5565
G,249552295,0.029827,0.008522,0.001065
A,249553030,-0.7219,-1.4868,-9.5600
TRK,249548,0.06855,-0.48625,0.86960,-0.05164,-0.3902,0.7484,-0.4641,0.000,0.000,0.000,1,12
G,249554793,0.045806,0.009587,0.000000
A,249555491,-0.7147,-1.4904,-9.5780
G,249557289,0.059655,0.007457,-0.002131
A,249557981,-0.7039,-1.4904,-9.5744
G,249559765,0.073503,0.009587,-0.007457
A,249560454,-0.7003,-1.4904,-9.5780
G,249562274,0.086286,0.018109,-0.015979
A,249562927,-0.7039,-1.4904,-9.5672
G,249564770,0.100135,0.033023,-0.028762
A,249565401,-0.7111,-1.4976,-9.5600
G,249567259,0.112918,0.045806,-0.041545
A,249567855,-0.7183,-1.5048,-9.5565
G,249569755,0.125701,0.055394,-0.052198
A,249570329,-0.7219,-1.5119,-9.5636
G,249572244,0.135289,0.061785,-0.052198
A,249572784,-0.7254,-1.5191,-9.5708
TRK,249573,0.06911,-0.48623,0.86951,-0.05243,-0.3902,0.7484,-0.4641,0.000,0.000,0.000,1,12
G,249574764,0.141680,0.061785,-0.042611
A,249575270,-0.7254,-1.5335,-9.5924
G,249577260,0.147006,0.056459,-0.030893
A,249577744,-0.7219,-1.5443,-9.6103
G,249579759,0.150202,0.043676,-0.022371
A,249580211,-0.7183,-1.5586,-9.6247
G,249582255,0.152333,0.029827,-0.017044
A,249582685,-0.7147,-1.5622,-9.6355
G,249584734,0.150202,0.018109,-0.012783
A,249585133,-0.7147,-1.5694,-9.6391
TRK,249584,0.06948,-0.48623,0.86945,-0.05311,-0.3902,0.7484,-0.4641,0.000,0.000,0.000,1,12
G,249587232,0.147006,0.008522,-0.009587
A,249587600,-0.7147,-1.5802,-9.6319
G,249589727,0.142745,0.001065,-0.005326
A,249590074,-0.7147,-1.5874,-9.6283
G,249592217,0.138484,-0.001065,-0.001065
A,249592534,-0.7111,-1.6017,-9.6211
G,249594713,0.133158,-0.002131,0.002131
A,249595025,-0.7039,-1.6089,-9.6175
G,249597183,0.126766,-0.004261,0.006392
A,249597499,-0.6967,-1.6125,-9.6211
G,249599674,0.120375,-0.006392,0.010653
A,249599961,-0.6967,-1.6161,-9.6283
G,249602185,0.110787,-0.011718,0.017044
A,249602444,-0.7039,-1.6125,-9.6283
G,249604700,0.098004,-0.019175,0.025566
A,249604931,-0.7075,-1.6053,-9.6283
G,249607196,0.086286,-0.028762,0.035154
A,249607405,-0.7183,-1.5981,-9.6139
G,249609696,0.076699,-0.040480,0.043676
A,249609879,-0.7183,-1.5909,-9.6067
G,249612192,0.070307,-0.053263,0.049002
A,249612372,-0.7254,-1.5945,-9.6139
G,249614661,0.067112,-0.061785,0.051133
A,249614845,-0.7290,-1.6053,-9.6175
TRK,249614,0.07073,-0.48614,0.86936,-0.05358,-0.3902,0.7484,-0.4641,0.000,0.000,0.000,1,12
G,249617152,0.064981,-0.066046,0.054328
A,249617310,-0.7326,-1.6233,-9.6247
G,249619648,0.058590,-0.063916,0.054328
A,249619805,-0.7326,-1.6376,-9.6283
G,249622119,0.051133,-0.055394,0.052198
A,249622279,-0.7326,-1.6520,-9.6283
G,249624621,0.041545,-0.042611,0.051133
A,249624755,-0.7290,-1.6520,-9.6211
G,249627117,0.034088,-0.030893,0.049002
A,249627229,-0.7290,-1.6592,-9.6211
G,249629599,0.027697,-0.023436,0.043676
A,249629686,-0.7219,-1.6592,-9.6175
TRK,249626,0.07121,-0.48610,0.86936,-0.05341,-0.3902,0.7484,-0.4641,0.000,0.000,0.000,1,12
G,249632111,0.023436,-0.020240,0.041545
A,249632175,-0.7254,-1.6556,-9.6175
G,249634607,0.017044,-0.020240,0.042611
A,249634648,-0.7183,-1.6556,-9.6067
G,249637099,0.007457,-0.023436,0.044741
A,249637117,-0.7219,-1.6520,-9.5960
A,249639591,-0.7183,-1.6412,-9.5852
G,249639595,-0.004261,-0.030893,0.042611
A,249642041,-0.7147,-1.6305,-9.5780
G,249642068,-0.011718,-0.043676,0.043676
A,249644510,-0.7183,-1.6197,-9.5744
G,249644558,-0.014914,-0.056459,0.044741
TRK,249645,0.07156,-0.48606,0.86937,-0.05311,-0.3902,0.7484,-0.4641,0.000,0.000,0.000,1,12
A,249647002,-0.7183,-1.6089,-9.5744
G,249647071,-0.013848,-0.064981,0.052198
A,249649475,-0.7219,-1.6053,-9.5708
G,249649567,-0.010653,-0.071373,0.060720
A,249651948,-0.7254,-1.6017,-9.5744
G,249652060,-0.005326,-0.073503,0.064981
A,249654421,-0.7183,-1.6017,-9.5780
G,249654556,-0.001065,-0.072438,0.055394
A,249656875,-0.7254,-1.6017,-9.5852
G,249657029,0.004261,-0.064981,0.039415
A,249659366,-0.7362,-1.5981,-9.5960
G,249659540,0.008522,-0.054328,0.028762
A,249661840,-0.7542,-1.6053,-9.5960
G,249662036,0.012783,-0.045806,0.022371
A,249664305,-0.7685,-1.6089,-9.6031
G,249664519,0.015979,-0.044741,0.019175
TRK,249665,0.07223,-0.48599,0.86937,-0.05284,-0.3902,0.7484,-0.4641,0.000,0.000,0.000,1,12
A,249666801,-0.7793,-1.6161,-9.6031
G,249667033,0.014914,-0.049002,0.015979
A,249669274,-0.7793,-1.6161,-9.6067
G,249669529,0.011718,-0.055394,0.017044
A,249671751,-0.7793,-1.6089,-9.6031
G,249672023,0.008522,-0.060720,0.021305
A,249674224,-0.7649,-1.5981,-9.5924
G,249674519,0.007457,-0.064981,0.024501
A,249676682,-0.7578,-1.5838,-9.5744
G,249676993,0.010653,-0.071373,0.023436
A,249679155,-0.7506,-1.5730,-9.5529
G,249679489,0.018109,-0.077764,0.018109
A,249681614,-0.7470,-1.5694,-9.5457
G,249681963,0.029827,-0.078830,0.013848
A,249684104,-0.7506,-1.5838,-9.5529
G,249684468,0.044741,-0.074569,0.011718
A,249686600,-0.7542,-1.5909,-9.5744
G,249686980,0.057524,-0.064981,0.008522
A,249689074,-0.7685,-1.6089,-9.5996
G,249689476,0.066046,-0.054328,0.003196
TRK,249685,0.07302,-0.48593,0.86934,-0.05287,-0.3902,0.7484,-0.4641,0.000,0.000,0.000,1,12
A,249691554,-0.7793,-1.6125,-9.6247
G,249691971,0.068177,-0.045806,-0.004261
A,249694028,-0.7865,-1.6197,-9.6355
G,249694467,0.067112,-0.039415,-0.005326
A,249696490,-0.7901,-1.6233,-9.6355
G,249696942,0.063916,-0.034088,-0.003196
A,249698963,-0.7829,-1.6233,-9.6211
G,249699456,0.060720,-0.029827,0.005326
A,249701414,-0.7757,-1.6197,-9.6031
G,249701952,0.059655,-0.027697,0.011718
A,249703888,-0.7649,-1.6161,-9.5888
G,249704437,0.056459,-0.033023,0.013848
A,249706362,-0.7542,-1.6053,-9.5924
G,249706952,0.051133,-0.042611,0.015979
A,249708816,-0.7434,-1.6125,-9.6067
G,249709448,0.045806,-0.055394,0.019175
TRK,249709,0.07393,-0.48587,0.86926,-0.05341,-0.3902,0.7484,-0.4641,0.000,0.000,0.000,1,12
A,249711302,-0.7398,-1.6197,-9.6247
G,249711944,0.038350,-0.066046,0.021305
A,249713775,-0.7398,-1.6305,-9.6426
G,249714440,0.029827,-0.075634,0.025566
A,249716241,-0.7470,-1.6376,-9.6426
G,249716914,0.020240,-0.082025,0.027697
A,249718738,-0.7614,-1.6269,-9.6426
G,249719420,0.009587,-0.087352,0.030893
A,249721212,-0.7721,-1.6161,-9.6247
G,249721916,-0.001065,-0.093743,0.027697
A,249723678,-0.7865,-1.6089,-9.6139
G,249724391,-0.013848,-0.101200,0.025566
A,249726166,-0.7937,-1.6125,-9.6103
G,249726887,-0.023436,-0.107592,0.027697
A,249728640,-0.8045,-1.6197,-9.6067
G,249729383,-0.030893,-0.111853,0.033023
A,249731109,-0.8009,-1.6340,-9.6103
G,249731860,-0.037284,-0.112918,0.039415
TRK,249732,0.07484,-0.48578,0.86926,-0.05293,-0.3902,0.7484,-0.4641,0.000,0.000,0.000,1,12
A,249733609,-0.8080,-1.6448,-9.6139
G,249734367,-0.045806,-0.111853,0.039415
A,249736082,-0.8080,-1.6556,-9.6103
G,249736881,-0.057524,-0.106526,0.035154
A,249738540,-0.8080,-1.6484,-9.6103
G,249739377,-0.070307,-0.102265,0.028762
A,249741031,-0.8045,-1.6448,-9.6031
G,249741874,-0.083091,-0.099070,0.026632
A,249743505,-0.7973,-1.6197,-9.5888
G,249744370,-0.090547,-0.099070,0.026632
A,249745970,-0.7973,-1.6017,-9.5852
G,249746840,-0.090547,-0.100135,0.027697
A,249748444,-0.7973,-1.5838,-9.5708
G,249749348,-0.086286,-0.098004,0.031958
A,249750897,-0.8080,-1.5802,-9.5600
G,249751844,-0.078830,-0.092678,0.037284
TRK,249751,0.07533,-0.48570,0.86933,-0.05187,-0.3902,0.7484,-0.4641,0.000,0.000,0.000,1,12
A,249753381,-0.8260,-1.5802,-9.5565
G,249754331,-0.070307,-0.085221,0.039415
A,249755855,-0.8368,-1.5802,-9.5565
G,249756848,-0.057524,-0.078830,0.034088
A,249758319,-0.8511,-1.5802,-9.5600
G,249759344,-0.044741,-0.073503,0.026632
A,249760814,-0.8547,-1.5766,-9.5708
G,249761842,-0.033023,-0.068177,0.024501
A,249763288,-0.8547,-1.5766,-9.5744
G,249764337,-0.024501,-0.059655,0.029827
A,249765764,-0.8511,-1.5730,-9.5744
G,249766815,-0.020240,-0.051133,0.034088
A,249768238,-0.8404,-1.5802,-9.5744
G,249769311,-0.019175,-0.043676,0.034088
A,249770715,-0.8260,-1.5838,-9.5672
G,249771789,-0.019175,-0.038350,0.029827
A,249773209,-0.8188,-1.5874,-9.5636
G,249774284,-0.019175,-0.034088,0.024501
A,249775683,-0.8080,-1.5874,-9.5529
TRK,249775,0.07578,-0.48564,0.86935,-0.05138,-0.3902,0.7484,-0.4641,0.000,0.000,0.000,1,12
G,249776803,-0.019175,-0.034088,0.018109
A,249778151,-0.8116,-1.5874,-9.5457
G,249779299,-0.019175,-0.041545,0.010653
A,249780625,-0.8188,-1.5802,-9.5385
G,249781796,-0.019175,-0.053263,0.009587
A,249783073,-0.8260,-1.5730,-9.5421
G,249784292,-0.014914,-0.063916,0.014914
A,249785553,-0.8296,-1.5694,-9.5493
G,249786770,-0.007457,-0.068177,0.022371
A,249788027,-0.8332,-1.5622,-9.5636
G,249789266,0.001065,-0.068177,0.027697
A,249790508,-0.8260,-1.5622,-9.5708
G,249791745,0.007457,-0.063916,0.028762
A,249792982,-0.8296,-1.5694,-9.5744
TRK,249788,0.07613,-0.48560,0.86935,-0.05117,-0.3902,0.7484,-0.4641,0.000,0.000,0.000,1,12
G,249794254,0.012783,-0.059655,0.025566
A,249795444,-0.8368,-1.5802,-9.5708
G,249796750,0.017044,-0.055394,0.019175
A,249797937,-0.8440,-1.5909,-9.5708
G,249799240,0.019175,-0.049002,0.013848
A,249800411,-0.8547,-1.5945,-9.5708
G,249801759,0.022371,-0.041545,0.012783
A,249802885,-0.8583,-1.6017,-9.5708
G,249804255,0.027697,-0.034088,0.010653
A,249805358,-0.8583,-1.6017,-9.5708
G,249806754,0.034088,-0.027697,0.005326
A,249807813,-0.8475,-1.5981,-9.5672
G,249809250,0.040480,-0.024501,-0.001065
A,249810287,-0.8332,-1.5874,-9.5565
TRK,249804,0.07657,-0.48557,0.86934,-0.05116,-0.3902,0.7484,-0.4641,0.000,0.000,0.000,1,12
G,249811750,0.047937,-0.021305,-0.002131
A,249812743,-0.8152,-1.5766,-9.5457
G,249814246,0.056459,-0.018109,0.000000
A,249815230,-0.8080,-1.5658,-9.5421
G,249816725,0.064981,-0.014914,-0.002131
A,249817704,-0.8116,-1.5658,-9.5385
G,249819235,0.072438,-0.012783,-0.010653
A,249820172,-0.8260,-1.5730,-9.5421
G,249821731,0.079895,-0.011718,-0.022371
A,249822645,-0.8440,-1.5838,-9.5565
G,249824221,0.085221,-0.009587,-0.033023
A,249825094,-0.8547,-1.5981,-9.5708
G,249826741,0.089482,-0.004261,-0.036219
A,249827574,-0.8655,-1.6089,-9.5888
G,249829236,0.092678,0.003196,-0.031958
A,249830048,-0.8691,-1.6233,-9.5996
G,249831726,0.095874,0.008522,-0.024501
A,249832499,-0.8655,-1.6233,-9.6031
G,249834222,0.094809,0.010653,-0.019175
TRK,249828,0.07718,-0.48554,0.86927,-0.05170,-0.3902,0.7484,-0.4641,0.000,0.000,0.000,1,12
A,249834991,-0.8583,-1.6305,-9.6031
G,249836702,0.091613,0.012783,-0.013848
A,249837464,-0.8440,-1.6269,-9.5996
G,249839211,0.088417,0.013848,-0.009587
A,249839936,-0.8404,-1.6305,-9.5996
G,249841707,0.086286,0.012783,-0.012783
A,249842409,-0.8368,-1.6305,-9.5924
G,249844197,0.085221,0.011718,-0.017044
A,249844863,-0.8404,-1.6269,-9.5852
G,249846717,0.084156,0.011718,-0.021305
A,249847348,-0.8440,-1.6233,-9.5852
G,249849213,0.082025,0.012783,-0.019175
A,249849821,-0.8404,-1.6161,-9.5888
TRK,249848,0.07755,-0.48553,0.86921,-0.05223,-0.3902,0.7484,-0.4641,0.000,0.000,0.000,1,12
G,249851704,0.075634,0.012783,-0.018109
A,249852277,-0.8368,-1.6269,-9.6103
G,249854200,0.064981,0.009587,-0.013848
A,249854751,-0.8224,-1.6412,-9.6283
G,249856680,0.053263,0.006392,-0.011718
A,249857198,-0.8188,-1.6556,-9.6426
G,249859191,0.041545,0.002131,-0.009587
A,249859677,-0.8188,-1.6771,-9.6498
G,249861687,0.030893,0.000000,-0.005326
A,249862150,-0.8224,-1.6807,-9.6426
G,249864178,0.015979,-0.002131,-0.003196
A,249864609,-0.8224,-1.6735,-9.6319
G,249866698,0.000000,-0.005326,-0.005326
A,249867099,-0.8296,-1.6664,-9.6211
G,249869194,-0.015979,-0.008522,-0.004261
A,249869572,-0.8296,-1.6520,-9.6103
TRK,249868,0.07773,-0.48551,0.86920,-0.05224,-0.3902,0.7484,-0.4641,0.000,0.000,0.000,1,12
G,249871684,-0.025566,-0.010653,-0.002131
A,249872032,-0.8440,-1.6376,-9.5924
G,249874180,-0.030893,-0.011718,0.003196
A,249874505,-0.8511,-1.6269,-9.5852
G,249876660,-0.034088,-0.014914,0.006392
A,249876957,-0.8583,-1.6197,-9.5780
G,249879163,-0.036219,-0.019175,0.013848
A,249879431,-0.8619,-1.6197,-9.5780
G,249881659,-0.038350,-0.025566,0.020240
A,249881925,-0.8583,-1.6269,-9.5816
G,249884130,-0.041545,-0.031958,0.025566
A,249884398,-0.8511,-1.6340,-9.5924
G,249886620,-0.047937,-0.036219,0.025566
A,249886861,-0.8511,-1.6412,-9.6031
G,249889132,-0.053263,-0.036219,0.023436
A,249889346,-0.8475,-1.6412,-9.6067
G,249891628,-0.055394,-0.031958,0.018109
A,249891819,-0.8547,-1.6376,-9.6067
G,249894106,-0.057524,-0.026632,0.013848
A,249894271,-0.8583,-1.6340,-9.5996
TRK,249890,0.07788,-0.48547,0.86925,-0.05156,-0.3902,0.7484,-0.4641,0.000,0.000,0.000,1,12
G,249896609,-0.059655,-0.022371,0.010653
A,249896748,-0.8511,-1.6161,-9.5744
G,249899105,-0.059655,-0.021305,0.006392
A,249899222,-0.8440,-1.5981,-9.5457
G,249901582,-0.055394,-0.026632,0.006392
A,249901674,-0.8368,-1.5766,-9.5134
G,249904094,-0.043676,-0.036219,0.006392
A,249904163,-0.8296,-1.5586,-9.4882
G,249906590,-0.025566,-0.046872,0.007457
A,249906636,-0.8404,-1.5586,-9.4810
G,249909083,-0.003196,-0.051133,0.008522
A,249909105,-0.8511,-1.5694,-9.4990
TRK,249906,0.07799,-0.48545,0.86928,-0.05117,-0.3902,0.7484,-0.4641,0.000,0.000,0.000,1,12
G,249911605,0.015979,-0.049002,0.011718
A,249911605,-0.8655,-1.5981,-9.5313
A,249914079,-0.8763,-1.6161,-9.5744
G,249914101,0.027697,-0.040480,0.014914
A,249916559,-0.8763,-1.6233,-9.5960
G,249916604,0.027697,-0.028762,0.018109
A,249919033,-0.8727,-1.6233,-9.6031
G,249919100,0.025566,-0.017044,0.020240
A,249921494,-0.8583,-1.6089,-9.5924
G,249921582,0.024501,-0.007457,0.019175
A,249923975,-0.8475,-1.6017,-9.5708
G,249924083,0.029827,-0.002131,0.014914
A,249926448,-0.8404,-1.6017,-9.5636
G,249926579,0.038350,0.000000,0.005326
A,249928901,-0.8475,-1.6089,-9.5600
G,249929052,0.046872,0.003196,-0.002131
TRK,249929,0.07847,-0.48542,0.86924,-0.05136,-0.3902,0.7484,-0.4641,0.000,0.000,0.000,1,12
A,249931385,-0.8511,-1.6161,-9.5672
G,249931555,0.053263,0.006392,-0.007457
A,249933877,-0.8583,-1.6233,-9.5744
G,249934066,0.056459,0.008522,-0.008522
A,249936351,-0.8583,-1.6269,-9.5672
G,249936562,0.059655,0.008522,-0.008522
A,249938813,-0.8655,-1.6233,-9.5600
G,249939042,0.062851,0.009587,-0.008522
A,249941286,-0.8655,-1.6233,-9.5529
G,249941561,0.069242,0.008522,-0.006392
A,249943739,-0.8655,-1.6305,-9.5457
G,249944057,0.077764,0.009587,-0.002131
A,249946226,-0.8619,-1.6448,-9.5565
G,249946561,0.085221,0.011718,0.004261
A,249948699,-0.8583,-1.6556,-9.5636
G,249949057,0.088417,0.012783,0.004261
A,249951167,-0.8583,-1.6700,-9.5744
G,249951540,0.087352,0.009587,0.003196
TRK,249948,0.07879,-0.48542,0.86917,-0.05200,-0.3902,0.7484,-0.4641,0.000,0.000,0.000,1,12
A,249953666,-0.8583,-1.6700,-9.5924
G,249954053,0.083091,0.006392,-0.001065
A,249956140,-0.8655,-1.6592,-9.5888
G,249956549,0.079895,0.004261,-0.001065
A,249958619,-0.8691,-1.6484,-9.5888
G,249959043,0.077764,0.004261,0.000000
A,249961092,-0.8763,-1.6305,-9.5780
G,249961539,0.075634,0.004261,0.001065
G,250363294,-0.009587,0.005326,0.025566
A,250364277,-0.8655,-1.7418,-9.6067
G,250365790,-0.023436,0.001065,0.027697
TRK,250368,0.08246,-0.48526,0.86869,-0.05567,-0.3902,0.7484,-0.4641,0.000,0.000,0.000,1,12
G,250849971,0.014914,-0.007457,-0.017044
A,250851576,-0.8906,-1.8387,-9.5672
G,250852467,0.005326,-0.007457,-0.017044
A,250854055,-0.8871,-1.8316,-9.5636
G,250854950,-0.002131,-0.007457,-0.015979
A,250856529,-0.8835,-1.8208,-9.5600
G,250857476,-0.006392,-0.009587,-0.015979
A,250859001,-0.8906,-1.8136,-9.5600
G,250859971,-0.006392,-0.013848,-0.019175
A,250861474,-0.8942,-1.8136,-9.5672
G,250862476,-0.008522,-0.019175,-0.023436
A,250863927,-0.9122,-1.8136,-9.5636
G,250864972,-0.009587,-0.024501,-0.025566
A,250866410,-0.9230,-1.8136,-9.5600
G,250867457,-0.011718,-0.028762,-0.024501
A,250868884,-0.9266,-1.8172,-9.5457
G,250869972,-0.013848,-0.031958,-0.019175
A,250871348,-0.9266,-1.8172,-9.5421
G,250872468,-0.013848,-0.033023,-0.017044
A,250873844,-0.9266,-1.8136,-9.5349
G,250874963,-0.009587,-0.031958,-0.018109
A,250876317,-0.9230,-1.8172,-9.5349
G,250877459,-0.003196,-0.027697,-0.022371
A,250878793,-0.9194,-1.8136,-9.5385
G,250879934,0.003196,-0.022371,-0.028762
A,250881267,-0.9158,-1.8064,-9.5385
G,250882440,0.008522,-0.015979,-0.031958
A,250883724,-0.9050,-1.8064,-9.5349
G,250884935,0.013848,-0.009587,-0.031958
TRK,250880,0.08544,-0.48509,0.86836,-0.05776,-0.3902,0.7484,-0.4641,0.000,0.000,0.000,1,12
A,250886211,-0.8978,-1.7992,-9.5313
G,250887421,0.014914,-0.007457,-0.028762
A,250888685,-0.8835,-1.8028,-9.5277
G,250889935,0.011718,-0.007457,-0.026632
A,250891152,-0.8763,-1.7992,-9.5277
G,250892431,0.007457,-0.010653,-0.025566
A,250893625,-0.8763,-1.8064,-9.5277
G,250894947,0.004261,-0.013848,-0.024501
A,250896095,-0.8906,-1.8064,-9.5385
G,250897443,0.001065,-0.017044,-0.021305
A,250898569,-0.9050,-1.8100,-9.5385
G,250899938,-0.001065,-0.017044,-0.018109
A,250901019,-0.9230,-1.7992,-9.5421
G,250902434,-0.004261,-0.018109,-0.014914
A,250903501,-0.9337,-1.7885,-9.5385
G,250904910,-0.008522,-0.022371,-0.011718
A,250905975,-0.9373,-1.7813,-9.5313
G,250907416,-0.011718,-0.026632,-0.009587
A,250908438,-0.9337,-1.7777,-9.5241
G,250909912,-0.012783,-0.031958,-0.008522
A,250910931,-0.9266,-1.7777,-9.5205
G,250912398,-0.011718,-0.033023,-0.008522
A,250913405,-0.9158,-1.7849,-9.5134
G,250914915,-0.009587,-0.031958,-0.008522
A,250915879,-0.9014,-1.7849,-9.5170
G,250917411,-0.005326,-0.028762,-0.006392
A,250918353,-0.8942,-1.7921,-9.5277
TRK,250913,0.08571,-0.48507,0.86834,-0.05782,-0.3902,0.7484,-0.4641,0.000,0.000,0.000,1,12
G,250919907,-0.002131,-0.026632,-0.003196
A,250920808,-0.8942,-1.7957,-9.5385
G,250922402,-0.001065,-0.026632,0.000000
A,250923294,-0.8942,-1.7921,-9.5493
G,250924879,0.000000,-0.028762,0.002131
A,250925767,-0.8978,-1.7921,-9.5565
G,250927385,0.002131,-0.031958,0.003196
A,250928234,-0.9050,-1.7885,-9.5636
G,250929881,0.005326,-0.034088,0.002131
A,250930731,-0.9122,-1.7813,-9.5565
G,250932368,0.007457,-0.031958,-0.002131
A,250933205,-0.9266,-1.7777,-9.5529
G,250934883,0.011718,-0.027697,-0.005326
A,250935681,-0.9266,-1.7741,-9.5421
G,250937378,0.014914,-0.023436,-0.009587
A,250938154,-0.9373,-1.7777,-9.5277
G,250939867,0.019175,-0.020240,-0.010653
A,250940605,-0.9337,-1.7777,-9.5170
G,250942366,0.022371,-0.014914,-0.011718
A,250943068,-0.9337,-1.7813,-9.5170
TRK,250940,0.08611,-0.48503,0.86832,-0.05783,-0.3902,0.7484,-0.4641,0.000,0.000,0.000,1,12
G,250944883,0.024501,-0.010653,-0.009587
A,250945548,-0.9230,-1.7849,-9.5062
G,250947379,0.024501,-0.006392,-0.007457
A,250948022,-0.9158,-1.7885,-9.5205
G,250949867,0.024501,-0.003196,-0.006392
A,250950475,-0.9086,-1.7992,-9.5205
G,250952363,0.024501,0.001065,-0.006392
A,250952967,-0.9014,-1.8100,-9.5313
G,250954839,0.024501,0.004261,-0.005326
A,250955440,-0.8978,-1.8208,-9.5421
G,250957335,0.022371,0.008522,-0.004261
A,250957934,-0.8942,-1.8280,-9.5565
G,250959813,0.018109,0.009587,-0.007457
A,250960407,-0.8942,-1.8316,-9.5636
TRK,250951,0.08622,-0.48503,0.86831,-0.05795,-0.3902,0.7484,-0.4641,0.000,0.000,0.000,1,12
G,250962321,0.011718,0.008522,-0.010653
A,250962881,-0.8978,-1.8387,-9.5672
G,250964816,0.007457,0.007457,-0.007457
A,250965355,-0.9014,-1.8352,-9.5600
G,250967304,0.006392,0.007457,-0.005326
A,250967810,-0.9014,-1.8208,-9.5421
G,250969800,0.010653,0.007457,-0.006392
A,250970296,-0.8978,-1.8136,-9.5277
G,250972269,0.014914,0.004261,-0.012783
A,250972770,-0.9050,-1.8064,-9.5098
STAT,404.2,400.7,0,0,2185,0.0285,1.330,0.0959,0.1426,-0.0817,9.7495,8.17,0.000
G,250974768,0.021305,0.002131,-0.020240
A,250975236,-0.9014,-1.8100,-9.5134
G,250977264,0.027697,0.001065,-0.023436
A,250977710,-0.9014,-1.8172,-9.5170
G,250979743,0.033023,0.002131,-0.021305
A,250980158,-0.8978,-1.8208,-9.5277
G,250982252,0.035154,0.002131,-0.013848
A,250982637,-0.8942,-1.8208,-9.5349
G,250984748,0.036219,-0.001065,-0.007457
A,250985110,-0.8871,-1.8136,-9.5385
G,250987237,0.036219,-0.003196,-0.003196
A,250987571,-0.8835,-1.8136,-9.5349
TRK,250984,0.08631,-0.48503,0.86827,-0.05827,-0.3902,0.7484,-0.4641,0.000,0.000,0.000,1,12
G,250989757,0.037284,-0.006392,-0.002131
A,250990061,-0.8799,-1.8172,-9.5313
G,250992253,0.038350,-0.006392,-0.003196
A,250992535,-0.8799,-1.8208,-9.5277
G,250994749,0.039415,-0.006392,-0.008522
A,250995003,-0.8871,-1.8208,-9.5313
G,250997245,0.038350,-0.004261,-0.013848
A,250997477,-0.8978,-1.8136,-9.5349
G,250999724,0.036219,-0.001065,-0.015979
A,250999929,-0.9086,-1.8100,-9.5457
G,251002220,0.033023,0.003196,-0.010653
A,251002403,-0.9230,-1.8100,-9.5529
G,251004700,0.029827,0.006392,-0.008522
A,251004857,-0.9337,-1.8100,-9.5636
G,251007210,0.025566,0.003196,-0.007457
A,251007342,-0.9337,-1.8172,-9.5672
TRK,251005,0.08646,-0.48503,0.86824,-0.05854,-0.3902,0.7484,-0.4641,0.000,0.000,0.000,1,12
G,251009730,0.020240,-0.002131,-0.010653
A,251009837,-0.9301,-1.8100,-9.5708
G,251012226,0.014914,-0.005326,-0.011718
A,251012311,-0.9122,-1.8028,-9.5708
G,251014726,0.011718,-0.007457,-0.011718
A,251014787,-0.9014,-1.7957,-9.5636
G,251017222,0.010653,-0.007457,-0.009587
A,251017260,-0.8978,-1.7849,-9.5600
TRK,251017,0.08650,-0.48503,0.86823,-0.05860,-0.3902,0.7484,-0.4641,0.000,0.000,0.000,1,12
G,251019722,0.012783,-0.006392,-0.010653
A,251019738,-0.8978,-1.7921,-9.5493
A,251022211,-0.9086,-1.7921,-9.5385
G,251022218,0.018109,-0.002131,-0.010653
A,251024689,-0.9122,-1.7921,-9.5313
G,251024718,0.022371,0.002131,-0.009587
A,251027163,-0.9194,-1.7992,-9.5277
G,251027214,0.024501,0.004261,-0.007457
A,251029622,-0.9194,-1.7992,-9.5313
G,251029694,0.024501,0.005326,-0.004261
A,251032112,-0.9194,-1.8028,-9.5349
G,251032204,0.022371,0.004261,-0.004261
A,251034585,-0.9230,-1.8172,-9.5313
G,251034700,0.020240,0.003196,-0.001065
A,251037056,-0.9194,-1.8244,-9.5349
G,251037190,0.019175,0.001065,0.001065
TRK,251038,0.08654,-0.48503,0.86822,-0.05873,-0.3902,0.7484,-0.4641,0.000,0.000,0.000,1,12
A,251039557,-0.9158,-1.8352,-9.5313
G,251039711,0.015979,-0.001065,0.002131
A,251042030,-0.9086,-1.8423,-9.5385
G,251042207,0.010653,-0.004261,0.003196
A,251044512,-0.8978,-1.8423,-9.5349
G,251044707,0.004261,-0.005326,0.002131
A,251046985,-0.8978,-1.8387,-9.5349
G,251047203,-0.002131,-0.006392,0.000000
A,251049447,-0.8906,-1.8316,-9.5313
G,251049682,-0.006392,-0.004261,-0.003196
A,251051940,-0.8978,-1.8208,-9.5349
G,251052193,-0.007457,-0.003196,-0.003196
A,251054414,-0.8978,-1.8136,-9.5385
G,251054689,-0.007457,-0.002131,-0.002131
TRK,251050,0.08656,-0.48503,0.86822,-0.05874,-0.3902,0.7484,-0.4641,0.000,0.000,0.000,1,12
A,251056888,-0.9014,-1.8028,-9.5457
G,251057179,-0.005326,-0.003196,-0.004261
A,251059361,-0.9050,-1.8064,-9.5493
G,251059675,-0.006392,-0.003196,-0.007457
A,251061816,-0.9050,-1.8064,-9.5457
G,251062146,-0.009587,-0.002131,-0.012783
A,251064290,-0.9014,-1.8100,-9.5493
G,251064642,-0.011718,-0.001065,-0.014914
A,251066744,-0.8978,-1.8208,-9.5457
G,251067112,-0.012783,-0.003196,-0.012783
A,251069222,-0.8942,-1.8280,-9.5457
G,251069604,-0.010653,-0.007457,-0.007457
A,251071720,-0.8978,-1.8387,-9.5421
G,251072116,-0.008522,-0.011718,-0.003196
A,251074193,-0.9014,-1.8387,-9.5421
G,251074612,-0.007457,-0.013848,0.000000
A,251076661,-0.9158,-1.8280,-9.5421
G,251077093,-0.006392,-0.018109,-0.001065
A,251079134,-0.9266,-1.8244,-9.5493
TRK,251078,0.08652,-0.48503,0.86823,-0.05863,-0.3902,0.7484,-0.4641,0.000,0.000,0.000,1,12
G,251079616,-0.005326,-0.021305,-0.001065
A,251081594,-0.9266,-1.8100,-9.5457
G,251082111,-0.004261,-0.024501,-0.004261
A,251084074,-0.9266,-1.8064,-9.5421
G,251084604,-0.004261,-0.024501,-0.006392
A,251086548,-0.9230,-1.8064,-9.5313
G,251087099,-0.004261,-0.024501,-0.007457
A,251089018,-0.9230,-1.8028,-9.5241
G,251089581,-0.004261,-0.023436,-0.007457
A,251091520,-0.9266,-1.8064,-9.5170
G,251092094,-0.002131,-0.020240,-0.008522
A,251093993,-0.9266,-1.8100,-9.5170
G,251094590,0.001065,-0.015979,-0.011718
A,251096456,-0.9266,-1.8100,-9.5205
G,251097062,0.006392,-0.010653,-0.013848
A,251098949,-0.9194,-1.8136,-9.5205
G,251099565,0.010653,-0.006392,-0.018109
A,251101423,-0.9086,-1.8136,-9.5241
G,251102061,0.013848,-0.003196,-0.022371
A,251103896,-0.9122,-1.8172,-9.5277
G,251104544,0.013848,-0.002131,-0.024501
A,251106370,-0.9086,-1.8136,-9.5313
TRK,251101,0.08670,-0.48501,0.86823,-0.05857,-0.3902,0.7484,-0.4641,0.000,0.000,0.000,1,12
G,251107058,0.013848,-0.002131,-0.025566
A,251108825,-0.9194,-1.8172,-9.5349
G,251109554,0.017044,-0.002131,-0.023436
A,251111298,-0.9301,-1.8208,-9.5385
G,251112067,0.020240,-0.003196,-0.021305
A,251113754,-0.9373,-1.8280,-9.5385
G,251114563,0.021305,-0.003196,-0.020240
A,251116242,-0.9481,-1.8387,-9.5457
G,251117056,0.021305,-0.004261,-0.021305
A,251118715,-0.9481,-1.8423,-9.5385
TRK,251118,0.08677,-0.48501,0.86821,-0.05870,-0.3902,0.7484,-0.4641,0.000,0.000,0.000,1,12
G,251119579,0.020240,-0.003196,-0.020240
A,251121183,-0.9517,-1.8495,-9.5421
G,251122075,0.019175,0.000000,-0.015979
A,251123673,-0.9445,-1.8423,-9.5349
G,251124569,0.020240,0.004261,-0.011718
A,251126146,-0.9445,-1.8316,-9.5313
G,251127065,0.021305,0.005326,-0.007457
A,251128623,-0.9409,-1.8172,-9.5277
G,251129545,0.022371,0.004261,-0.007457
A,251131096,-0.9301,-1.8100,-9.5277
G,251132041,0.024501,0.004261,-0.009587
A,251133576,-0.9266,-1.8100,-9.5277
G,251134524,0.024501,0.004261,-0.012783
A,251136050,-0.9301,-1.8172,-9.5313
G,251137033,0.022371,0.001065,-0.018109
A,251138507,-0.9301,-1.8280,-9.5421
G,251139529,0.019175,-0.001065,-0.018109
TRK,251139,0.08692,-0.48501,0.86818,-0.05893,-0.3902,0.7484,-0.4641,0.000,0.000,0.000,1,12
A,251140999,-0.9409,-1.8387,-9.5636
G,251142023,0.017044,-0.001065,-0.020240
A,251143472,-0.9409,-1.8567,-9.5924
G,251144540,0.013848,0.004261,-0.021305
A,251145938,-0.9337,-1.8675,-9.5996
G,251147036,0.005326,0.014914,-0.024501
A,251148412,-0.9301,-1.8639,-9.5960
G,251149540,-0.006392,0.028762,-0.030893
A,251150866,-0.9266,-1.8495,-9.5708
G,251152036,-0.011718,0.040480,-0.037284
A,251153340,-0.9337,-1.8208,-9.5313
G,251154539,-0.007457,0.047937,-0.041545
A,251155795,-0.9373,-1.8028,-9.5026
G,251157035,0.003196,0.043676,-0.038350
A,251158281,-0.9373,-1.7957,-9.4882
G,251159519,0.014914,0.033023,-0.026632
A,251160755,-0.9337,-1.8064,-9.4882
G,251162021,0.023436,0.021305,-0.015979
A,251163210,-0.9266,-1.8208,-9.4918
G,251164517,0.029827,0.015979,-0.007457
TRK,251159,0.08679,-0.48503,0.86817,-0.05907,-0.3902,0.7484,-0.4641,0.000,0.000,0.000,1,12
A,251165688,-0.9266,-1.8352,-9.5062
G,251166991,0.031958,0.013848,-0.006392
A,251168162,-0.9230,-1.8423,-9.5134
G,251169495,0.031958,0.013848,-0.004261
A,251170620,-0.9194,-1.8459,-9.5134
G,251171991,0.029827,0.013848,-0.004261
A,251173098,-0.9086,-1.8387,-9.5170
G,251174463,0.026632,0.013848,-0.005326
A,251175571,-0.8978,-1.8352,-9.5134
G,251176967,0.024501,0.014914,-0.008522
A,251178031,-0.8871,-1.8352,-9.5205
G,251179463,0.024501,0.017044,-0.007457
TRK,251174,0.08693,-0.48502,0.86815,-0.05924,-0.3902,0.7484,-0.4641,0.000,0.000,0.000,1,12
A,251180513,-0.8799,-1.8387,-9.5313
G,251181938,0.025566,0.017044,-0.004261
A,251182986,-0.8799,-1.8423,-9.5385
G,251184436,0.023436,0.015979,0.001065
A,251185441,-0.8835,-1.8459,-9.5421
G,251186932,0.017044,0.011718,0.000000
A,251187931,-0.8871,-1.8495,-9.5421
G,251189415,0.012783,0.009587,0.002131
A,251190405,-0.9014,-1.8495,-9.5313
G,251191931,0.009587,0.008522,0.004261
A,251192879,-0.9122,-1.8459,-9.5277
G,251194427,0.010653,0.009587,0.008522
A,251195353,-0.9266,-1.8423,-9.5241
G,251196922,0.010653,0.012783,0.009587
A,251197808,-0.9337,-1.8316,-9.5134
G,251199418,0.010653,0.013848,0.005326
A,251200281,-0.9373,-1.8244,-9.5170
TRK,251194,0.08704,-0.48502,0.86813,-0.05939,-0.3902,0.7484,-0.4641,0.000,0.000,0.000,1,12
G,251201914,0.011718,0.017044,0.000000
A,251202738,-0.9337,-1.8172,-9.5241
G,251204430,0.012783,0.020240,-0.006392
A,251205215,-0.9301,-1.8136,-9.5349
G,251206925,0.015979,0.022371,-0.010653
A,251207688,-0.9230,-1.8244,-9.5421
G,251209432,0.015979,0.019175,-0.010653
A,251210157,-0.9158,-1.8280,-9.5493
G,251211927,0.015979,0.013848,-0.009587
A,251212631,-0.9014,-1.8352,-9.5457
G,251214413,0.013848,0.008522,-0.006392
A,251215080,-0.8942,-1.8352,-9.5385
TRK,251215,0.08710,-0.48502,0.86812,-0.05952,-0.3902,0.7484,-0.4641,0.000,0.000,0.000,1,12
G,251216929,0.013848,0.006392,-0.002131
A,251217561,-0.8871,-1.8316,-9.5313
G,251219425,0.012783,0.005326,0.000000
A,251220035,-0.8871,-1.8280,-9.5241
G,251221921,0.014914,0.006392,0.003196
A,251222496,-0.8835,-1.8208,-9.5170
G,251224417,0.018109,0.006392,0.003196
A,251224970,-0.8835,-1.8244,-9.5134
G,251226903,0.024501,0.006392,0.001065
A,251227422,-0.8835,-1.8280,-9.5170
G,251229399,0.033023,0.007457,-0.003196
A,251229916,-0.8906,-1.8387,-9.5170
G,251231875,0.040480,0.007457,-0.007457
A,251232390,-0.8942,-1.8495,-9.5313
G,251234382,0.044741,0.007457,-0.008522
A,251234864,-0.9014,-1.8567,-9.5385
G,251236878,0.045806,0.010653,-0.006392
A,251237338,-0.9014,-1.8603,-9.5421
G,251239359,0.044741,0.011718,-0.001065
A,251239787,-0.8978,-1.8603,-9.5457
TRK,251236,0.08723,-0.48502,0.86809,-0.05977,-0.3902,0.7484,-0.4641,0.000,0.000,0.000,1,12
G,251241876,0.042611,0.009587,0.001065
A,251242274,-0.8906,-1.8531,-9.5385
G,251244372,0.042611,0.007457,0.000000
A,251244747,-0.8871,-1.8495,-9.5349
G,251246869,0.044741,0.005326,0.000000
A,251247214,-0.8871,-1.8459,-9.5349
G,251249365,0.049002,0.005326,-0.002131
A,251249688,-0.8942,-1.8423,-9.5349
G,251251842,0.051133,0.005326,-0.001065
A,251252137,-0.9086,-1.8423,-9.5349
G,251254349,0.052198,0.003196,-0.006392
A,251254616,-0.9194,-1.8459,-9.5313
G,251256866,0.052198,0.001065,-0.010653
A,251257106,-0.9373,-1.8495,-9.5349
G,251259362,0.051133,-0.002131,-0.015979
A,251259579,-0.9517,-1.8567,-9.5349
G,251261859,0.049002,-0.003196,-0.015979
A,251262050,-0.9553,-1.8711,-9.5457
G,251264355,0.047937,-0.004261,-0.014914
A,251264524,-0.9517,-1.8783,-9.5421
TRK,251259,0.08740,-0.48502,0.86804,-0.06021,-0.3902,0.7484,-0.4641,0.000,0.000,0.000,1,12
G,251266853,0.044741,-0.005326,-0.017044
A,251266995,-0.9409,-1.8854,-9.5385
G,251269348,0.039415,-0.008522,-0.015979
A,251269469,-0.9266,-1.8783,-9.5349
G,251271826,0.034088,-0.009587,-0.014914
A,251271922,-0.9194,-1.8747,-9.5313
G,251274326,0.028762,-0.010653,-0.013848
A,251274398,-0.9194,-1.8675,-9.5349
G,251276822,0.024501,-0.010653,-0.015979
A,251276872,-0.9194,-1.8675,-9.5493
TRK,251276,0.08756,-0.48502,0.86801,-0.06043,-0.3902,0.7484,-0.4641,0.000,0.000,0.000,1,12
G,251279310,0.022371,-0.010653,-0.017044
A,251279336,-0.9266,-1.8747,-9.5600
G,251281828,0.021305,-0.010653,-0.015979
A,251281832,-0.9230,-1.8818,-9.5708
A,251284305,-0.9194,-1.8854,-9.5708
G,251284324,0.015979,-0.011718,-0.014914
A,251286781,-0.9122,-1.8854,-9.5672
G,251286822,0.008522,-0.015979,-0.014914
A,251289255,-0.9086,-1.8747,-9.5529
G,251289318,-0.002131,-0.017044,-0.012783
A,251291712,-0.9014,-1.8711,-9.5421
G,251291796,-0.008522,-0.015979,-0.010653
A,251294200,-0.9014,-1.8603,-9.5349
G,251294304,-0.010653,-0.011718,-0.007457
A,251296698,-0.9050,-1.8603,-9.5349
G,251296822,-0.007457,-0.007457,-0.011718
A,251299172,-0.9086,-1.8531,-9.5313
G,251299318,-0.003196,-0.003196,-0.017044
A,251301651,-0.9122,-1.8603,-9.5421
G,251301816,-0.001065,-0.001065,-0.022371
A,251304124,-0.9122,-1.8639,-9.5385
G,251304312,-0.002131,0.000000,-0.021305
TRK,251299,0.08767,-0.48500,0.86801,-0.06037,-0.3902,0.7484,-0.4641,0.000,0.000,0.000,1,12
A,251306584,-0.9122,-1.8711,-9.5457
G,251306790,-0.005326,0.000000,-0.018109
A,251309057,-0.9086,-1.8675,-9.5421
G,251309286,-0.008522,-0.001065,-0.013848
A,251311518,-0.9122,-1.8639,-9.5349
G,251311764,-0.011718,-0.001065,-0.011718
A,251314002,-0.9086,-1.8495,-9.5205
G,251314266,-0.012783,-0.001065,-0.010653
A,251316476,-0.9050,-1.8459,-9.5098
G,251316762,-0.012783,0.000000,-0.008522
TRK,251312,0.08764,-0.48501,0.86801,-0.06037,-0.3902,0.7484,-0.4641,0.000,0.000,0.000,1,12
A,251318949,-0.8978,-1.8459,-9.5026
G,251319251,-0.012783,0.000000,-0.009587
A,251321445,-0.8906,-1.8495,-9.5062
G,251321763,-0.010653,0.000000,-0.012783
A,251323918,-0.8906,-1.8567,-9.5098
G,251324259,-0.010653,0.001065,-0.018109
A,251326402,-0.8942,-1.8567,-9.5241
G,251326758,-0.009587,0.002131,-0.021305
A,251328876,-0.8942,-1.8567,-9.5277
G,251329254,-0.007457,0.003196,-0.023436
A,251331361,-0.9014,-1.8531,-9.5277
G,251331753,-0.004261,0.005326,-0.022371
A,251333834,-0.9014,-1.8459,-9.5277
G,251334249,-0.001065,0.006392,-0.021305
A,251336293,-0.9086,-1.8423,-9.5277
G,251336721,0.001065,0.008522,-0.013848
TRK,251337,0.08758,-0.48501,0.86801,-0.06040,-0.3902,0.7484,-0.4641,0.000,0.000,0.000,1,12
A,251338789,-0.9122,-1.8423,-9.5313
G,251339231,0.003196,0.009587,-0.008522
A,251341263,-0.9158,-1.8423,-9.5277
G,251341727,0.004261,0.008522,-0.006392
A,251343732,-0.9122,-1.8352,-9.5277
G,251344210,0.005326,0.007457,-0.009587
A,251346206,-0.9014,-1.8316,-9.5205
G,251346706,0.006392,0.003196,-0.013848
A,251348664,-0.8978,-1.8244,-9.5170
G,251349176,0.008522,0.001065,-0.013848
A,251351138,-0.8942,-1.8172,-9.5134
G,251351697,0.012783,0.001065,-0.006392
A,251353597,-0.9014,-1.8064,-9.5062
G,251354193,0.019175,0.001065,0.000000
A,251356083,-0.9086,-1.7992,-9.5026
G,251356689,0.025566,0.001065,0.001065
A,251358557,-0.9122,-1.8028,-9.4954
G,251359185,0.031958,0.002131,-0.001065
TRK,251354,0.08763,-0.48501,0.86800,-0.06052,-0.3902,0.7484,-0.4641,0.000,0.000,0.000,1,12
A,251361028,-0.9122,-1.8100,-9.4954
G,251361665,0.039415,0.004261,-0.006392
A,251363501,-0.9158,-1.8244,-9.5026
G,251364176,0.046872,0.005326,-0.008522
A,251365953,-0.9194,-1.8423,-9.5062
G,251366672,0.053263,0.004261,-0.009587
A,251368437,-0.9122,-1.8531,-9.5062
G,251369163,0.058590,0.005326,-0.008522
A,251370910,-0.9122,-1.8603,-9.5062
G,251371659,0.063916,0.007457,-0.007457
A,251373394,-0.9014,-1.8639,-9.5098
G,251374150,0.067112,0.008522,-0.009587
A,251375868,-0.8906,-1.8675,-9.5241
G,251376665,0.067112,0.007457,-0.009587
A,251378326,-0.8835,-1.8783,-9.5385
G,251379160,0.064981,0.005326,-0.008522
TRK,251379,0.08784,-0.48502,0.86794,-0.06103,-0.3902,0.7484,-0.4641,0.000,0.000,0.000,1,12
A,251380821,-0.8871,-1.8890,-9.5493
G,251381662,0.061785,0.002131,-0.007457
A,251383295,-0.8871,-1.8926,-9.5565
G,251384157,0.056459,0.002131,-0.004261
A,251385766,-0.8942,-1.8998,-9.5529
G,251386634,0.050067,0.002131,-0.004261
A,251388240,-0.9014,-1.8998,-9.5493
G,251389146,0.042611,0.004261,-0.005326
A,251390698,-0.9014,-1.8998,-9.5493
G,251391641,0.036219,0.005326,-0.011718
A,251393171,-0.9050,-1.8926,-9.5529
G,251394153,0.031958,0.006392,-0.012783
A,251395630,-0.9086,-1.8890,-9.5493
G,251396649,0.028762,0.008522,-0.011718
A,251398116,-0.9086,-1.8783,-9.5457
G,251399137,0.028762,0.009587,-0.006392
A,251400590,-0.9086,-1.8783,-9.5421
G,251401649,0.027697,0.007457,-0.006392
A,251403051,-0.9158,-1.8783,-9.5349
G,251404145,0.026632,0.004261,-0.008522
TRK,251403,0.08789,-0.48503,0.86791,-0.06134,-0.3902,0.7484,-0.4641,0.000,0.000,0.000,1,12
A,251405532,-0.9194,-1.8783,-9.5349
G,251406627,0.023436,0.001065,-0.013848
A,251408006,-0.9230,-1.8747,-9.5349
G,251409129,0.023436,0.000000,-0.017044
A,251410458,-0.9194,-1.8711,-9.5457
G,251411624,0.023436,0.001065,-0.017044
A,251412951,-0.9122,-1.8675,-9.5529
G,251414116,0.022371,0.005326,-0.012783
A,251415425,-0.9014,-1.8711,-9.5636
G,251416612,0.020240,0.007457,-0.011718
TRK,251416,0.08789,-0.48503,0.86790,-0.06140,-0.3902,0.7484,-0.4641,0.000,0.000,0.000,1,12
A,251417918,-0.8978,-1.8747,-9.5636
G,251419104,0.015979,0.007457,-0.010653
A,251420392,-0.8942,-1.8818,-9.5600
G,251421600,0.011718,0.001065,-0.012783
A,251422866,-0.9014,-1.8890,-9.5493
G,251424072,0.009587,-0.002131,-0.012783
A,251425340,-0.9086,-1.8926,-9.5313
G,251426576,0.010653,-0.005326,-0.013848
A,251427796,-0.9158,-1.8926,-9.5134
G,251429072,0.013848,-0.004261,-0.015979
A,251430282,-0.9194,-1.8890,-9.4918
G,251431555,0.020240,-0.003196,-0.023436
A,251432756,-0.9194,-1.8818,-9.4739
G,251434068,0.028762,0.000000,-0.029827
A,251435223,-0.9158,-1.8747,-9.4739
G,251436564,0.036219,0.001065,-0.033023
A,251437720,-0.9122,-1.8747,-9.4810
G,251439057,0.039415,0.001065,-0.030893
A,251440194,-0.9086,-1.8747,-9.4954
G,251441568,0.040480,-0.003196,-0.031958
A,251442661,-0.9086,-1.8818,-9.5134
G,251444064,0.040480,-0.007457,-0.031958
TRK,251439,0.08792,-0.48503,0.86789,-0.06150,-0.3902,0.7484,-0.4641,0.000,0.000,0.000,1,12
A,251445150,-0.9158,-1.8818,-9.5205
G,251446547,0.040480,-0.008522,-0.033023
A,251447623,-0.9194,-1.8818,-9.5277
G,251449053,0.040480,-0.007457,-0.031958
A,251450085,-0.9266,-1.8783,-9.5241
G,251451549,0.038350,-0.004261,-0.030893
A,251452559,-0.9230,-1.8711,-9.5205
G,251454042,0.035154,-0.002131,-0.030893
A,251455010,-0.9158,-1.8711,-9.5134
G,251456538,0.029827,-0.002131,-0.031958
TRK,251451,0.08805,-0.48503,0.86787,-0.06168,-0.3902,0.7484,-0.4641,0.000,0.000,0.000,1,12
A,251457492,-0.9086,-1.8711,-9.5062
G,251459012,0.027697,-0.003196,-0.034088
A,251459966,-0.9050,-1.8783,-9.5098
G,251461516,0.025566,-0.004261,-0.034088
A,251462428,-0.9122,-1.8818,-9.5134
G,251464011,0.025566,-0.005326,-0.034088
A,251464922,-0.9230,-1.8926,-9.5205
G,251466496,0.025566,-0.007457,-0.030893
A,251467396,-0.9337,-1.8998,-9.5170
G,251469010,0.026632,-0.009587,-0.029827
A,251469870,-0.9481,-1.9070,-9.5170
G,251471506,0.027697,-0.009587,-0.026632
A,251472344,-0.9481,-1.9106,-9.5170
G,251474000,0.026632,-0.006392,-0.023436
A,251474799,-0.9481,-1.9070,-9.5134
G,251476496,0.028762,-0.003196,-0.019175
A,251477273,-0.9373,-1.9070,-9.5170
G,251478991,0.031958,0.001065,-0.015979
A,251479729,-0.9266,-1.8998,-9.5170
G,251481487,0.036219,0.002131,-0.013848
A,251482203,-0.9230,-1.8998,-9.5205
TRK,251476,0.08827,-0.48502,0.86783,-0.06195,-0.3902,0.7484,-0.4641,0.000,0.000,0.000,1,12
G,251483981,0.038350,0.002131,-0.014914
A,251484661,-0.9158,-1.9034,-9.5277
G,251486492,0.037284,0.000000,-0.019175
A,251487136,-0.9158,-1.9070,-9.5277
G,251488988,0.035154,0.000000,-0.019175
A,251489610,-0.9122,-1.9142,-9.5277
G,251491474,0.033023,0.001065,-0.018109
A,251492061,-0.9050,-1.9070,-9.5241
G,251493989,0.031958,0.002131,-0.015979
A,251494542,-0.9050,-1.9142,-9.5170
G,251496484,0.030893,0.002131,-0.015979
A,251497016,-0.9050,-1.9106,-9.5134
TRK,251492,0.08844,-0.48501,0.86780,-0.06215,-0.3902,0.7484,-0.4641,0.000,0.000,0.000,1,12
G,251498979,0.031958,0.001065,-0.018109
A,251499477,-0.9050,-1.9142,-9.5134
G,251501475,0.034088,0.000000,-0.015979
A,251501951,-0.9122,-1.9178,-9.5170
G,251503970,0.037284,-0.002131,-0.015979
A,251504414,-0.9158,-1.9142,-9.5170
G,251506482,0.041545,-0.001065,-0.013848
A,251506895,-0.9230,-1.9213,-9.5205
G,251508978,0.045806,-0.001065,-0.017044
A,251509369,-0.9230,-1.9213,-9.5205
G,251511470,0.046872,0.000000,-0.018109
A,251511831,-0.9266,-1.9249,-9.5170
G,251513985,0.044741,0.003196,-0.017044
A,251514316,-0.9230,-1.9213,-9.5134
G,251516481,0.041545,0.004261,-0.013848
A,251516790,-0.9158,-1.9249,-9.5026
G,251518963,0.037284,0.007457,-0.010653
A,251519244,-0.9158,-1.9285,-9.5062
G,251521459,0.035154,0.007457,-0.009587
TRK,251520,0.08878,-0.48500,0.86774,-0.06259,-0.3902,0.7484,-0.4641,0.000,0.000,0.000,1,12
A,251521741,-0.9122,-1.9321,-9.5170
G,251523934,0.031958,0.007457,-0.011718
A,251524215,-0.9050,-1.9357,-9.5277
G,251526438,0.029827,0.007457,-0.011718
A,251526692,-0.9086,-1.9357,-9.5457
G,251528934,0.024501,0.007457,-0.011718
A,251529165,-0.9086,-1.9249,-9.5421
G,251531421,0.019175,0.008522,-0.008522
A,251531625,-0.9122,-1.9249,-9.5421
G,251533928,0.013848,0.007457,-0.008522
A,251534106,-0.9122,-1.9142,-9.5349
G,251536424,0.007457,0.004261,-0.010653
A,251536580,-0.9122,-1.9213,-9.5277
G,251538900,0.000000,0.001065,-0.011718
A,251539030,-0.9122,-1.9178,-9.5349
G,251541406,-0.006392,-0.003196,-0.008522
A,251541512,-0.9086,-1.9178,-9.5421
G,251543902,-0.010653,-0.005326,-0.002131
A,251543986,-0.9050,-1.9106,-9.5457
G,251546379,-0.012783,-0.006392,0.001065
A,251546439,-0.9086,-1.9106,-9.5457
TRK,251542,0.08891,-0.48499,0.86772,-0.06271,-0.3902,0.7484,-0.4641,0.000,0.000,0.000,1,12
G,251548896,-0.013848,-0.007457,0.003196
A,251548932,-0.9122,-1.9070,-9.5349
G,251551392,-0.012783,-0.006392,0.004261
A,251551406,-0.9158,-1.9070,-9.5241
A,251553880,-0.9194,-1.9106,-9.5170
G,251553889,-0.010653,-0.005326,0.006392
A,251556371,-0.9158,-1.9142,-9.5098
G,251556402,-0.009587,-0.005326,0.007457
A,251558845,-0.9122,-1.9142,-9.5134
G,251558898,-0.007457,-0.005326,0.007457
A,251561298,-0.9122,-1.9178,-9.5134
G,251561372,-0.006392,-0.005326,0.007457
TRK,251557,0.08899,-0.48498,0.86773,-0.06263,-0.3902,0.7484,-0.4641,0.000,0.000,0.000,1,12
A,251563774,-0.9158,-1.9106,-9.5205
G,251563869,-0.004261,-0.007457,0.007457
A,251566271,-0.9194,-1.9034,-9.5241
G,251566386,-0.003196,-0.010653,0.006392
A,251568744,-0.9194,-1.8962,-9.5277
G,251568882,-0.002131,-0.011718,0.007457
A,251571229,-0.9158,-1.8962,-9.5277
G,251571386,-0.001065,-0.009587,0.010653
A,251573703,-0.9122,-1.9034,-9.5277
G,251573881,0.000000,-0.006392,0.009587
A,251576171,-0.9122,-1.9034,-9.5277
G,251576368,0.002131,-0.002131,0.008522
A,251578664,-0.9122,-1.9178,-9.5313
G,251578879,0.003196,0.000000,0.005326
A,251581137,-0.9086,-1.9249,-9.5313
G,251581375,0.004261,0.004261,0.005326
TRK,251577,0.08911,-0.48497,0.86772,-0.06263,-0.3902,0.7484,-0.4641,0.000,0.000,0.000,1,12
A,251583617,-0.8978,-1.9357,-9.5277
G,251583872,0.006392,0.008522,0.005326
A,251586090,-0.8942,-1.9393,-9.5170
G,251586368,0.008522,0.009587,0.004261
A,251588543,-0.8906,-1.9357,-9.5098
G,251588837,0.012783,0.009587,0.002131
A,251591017,-0.8942,-1.9285,-9.4954
G,251591333,0.015979,0.006392,-0.002131
A,251593475,-0.8978,-1.9106,-9.4918
G,251593807,0.019175,0.004261,-0.008522
A,251595967,-0.9050,-1.9034,-9.4990
G,251596315,0.022371,0.004261,-0.013848
A,251598441,-0.9086,-1.8962,-9.4990
TRK,251594,0.08915,-0.48497,0.86770,-0.06281,-0.3902,0.7484,-0.4641,0.000,0.000,0.000,1,12
G,251598833,0.024501,0.005326,-0.017044
A,251600894,-0.9122,-1.8926,-9.5134
G,251601329,0.024501,0.008522,-0.014914
A,251603366,-0.9158,-1.8926,-9.5277
G,251603814,0.023436,0.011718,-0.010653
A,251605840,-0.9230,-1.8854,-9.5277
G,251606310,0.022371,0.013848,-0.005326
A,251608305,-0.9266,-1.8854,-9.5277
G,251608788,0.022371,0.010653,-0.005326
A,251610779,-0.9301,-1.8783,-9.5170
G,251611284,0.024501,0.006392,-0.006392
A,251613245,-0.9266,-1.8818,-9.5098
G,251613763,0.030893,0.006392,-0.008522
A,251615743,-0.9194,-1.8854,-9.5026
G,251616272,0.040480,0.008522,-0.008522
A,251618216,-0.9122,-1.8962,-9.4954
G,251618768,0.051133,0.012783,-0.009587
A,251620686,-0.9050,-1.9142,-9.4990
G,251621249,0.060720,0.018109,-0.010653
A,251623160,-0.8978,-1.9285,-9.4990
TRK,251622,0.08924,-0.48499,0.86765,-0.06328,-0.3902,0.7484,-0.4641,0.000,0.000,0.000,1,12
G,251623768,0.068177,0.024501,-0.011718
A,251625619,-0.8978,-1.9393,-9.5062
G,251626264,0.073503,0.029827,-0.009587
A,251628095,-0.8978,-1.9429,-9.5134
G,251628750,0.074569,0.029827,-0.009587
A,251630569,-0.9014,-1.9393,-9.5241
G,251631246,0.072438,0.027697,-0.010653
A,251633028,-0.9014,-1.9357,-9.5313
G,251633713,0.071373,0.023436,-0.013848
A,251635520,-0.8978,-1.9357,-9.5241
G,251636214,0.071373,0.021305,-0.014914
A,251637994,-0.9050,-1.9321,-9.5170
TRK,251633,0.08930,-0.48500,0.86761,-0.06370,-0.3902,0.7484,-0.4641,0.000,0.000,0.000,1,12
G,251638734,0.071373,0.020240,-0.012783
A,251640456,-0.9086,-1.9321,-9.4990
G,251641230,0.071373,0.020240,-0.013848
A,251642940,-0.9086,-1.9285,-9.4918
G,251643721,0.073503,0.018109,-0.014914
A,251645414,-0.9014,-1.9285,-9.4846
G,251646217,0.073503,0.012783,-0.017044
A,251647883,-0.8906,-1.9213,-9.4882
G,251648692,0.074569,0.006392,-0.019175
A,251650388,-0.8799,-1.9249,-9.4954
G,251651203,0.077764,0.000000,-0.022371
A,251652861,-0.8871,-1.9321,-9.5098
G,251653699,0.082025,-0.005326,-0.025566
A,251655339,-0.9014,-1.9429,-9.5241
G,251656181,0.083091,-0.005326,-0.024501
A,251657812,-0.9230,-1.9501,-9.5457
G,251658689,0.079895,-0.002131,-0.025566
A,251660266,-0.9301,-1.9573,-9.5565
G,251661185,0.071373,0.002131,-0.024501
TRK,251656,0.08953,-0.48501,0.86753,-0.06431,-0.3902,0.7484,-0.4641,0.000,0.000,0.000,1,12
A,251662742,-0.9301,-1.9609,-9.5529
G,251663666,0.061785,0.005326,-0.024501
A,251665216,-0.9230,-1.9573,-9.5421
G,251666177,0.054328,0.008522,-0.022371
A,251667674,-0.9194,-1.9644,-9.5277
G,251668673,0.050067,0.011718,-0.020240
A,251670158,-0.9122,-1.9537,-9.5098
G,251671160,0.046872,0.011718,-0.019175
A,251672632,-0.9050,-1.9537,-9.5062
G,251673681,0.042611,0.008522,-0.018109
A,251675101,-0.8978,-1.9537,-9.4990
G,251676176,0.037284,0.004261,-0.019175
A,251677575,-0.9014,-1.9465,-9.5026
G,251678677,0.030893,0.000000,-0.017044
A,251680026,-0.8942,-1.9501,-9.5062
G,251681173,0.023436,-0.001065,-0.014914
TRK,251681,0.08969,-0.48501,0.86749,-0.06470,-0.3902,0.7484,-0.4641,0.000,0.000,0.000,1,12
A,251682527,-0.8942,-1.9501,-9.5170
G,251683674,0.017044,0.000000,-0.011718
A,251685001,-0.8978,-1.9573,-9.5277
G,251686170,0.011718,0.002131,-0.013848
A,251687483,-0.8942,-1.9573,-9.5349
G,251688651,0.008522,0.004261,-0.013848
A,251689957,-0.9050,-1.9609,-9.5349
G,251691149,0.006392,0.004261,-0.014914
A,251692406,-0.9086,-1.9644,-9.5349
G,251693645,0.005326,0.005326,-0.010653
TRK,251688,0.08968,-0.48501,0.86749,-0.06467,-0.3902,0.7484,-0.4641,0.000,0.000,0.000,1,12
A,251694900,-0.9158,-1.9644,-9.5313
G,251696136,0.003196,0.003196,-0.009587
A,251697374,-0.9158,-1.9644,-9.5277
G,251698632,0.001065,0.003196,-0.005326
A,251699846,-0.9194,-1.9644,-9.5241
G,251701101,-0.004261,0.003196,-0.002131
A,251702320,-0.9194,-1.9609,-9.5134
G,251703604,-0.009587,0.003196,0.001065
A,251704776,-0.9194,-1.9609,-9.5098
G,251706099,-0.014914,0.002131,0.001065
A,251707262,-0.9158,-1.9501,-9.4954
G,251708582,-0.017044,0.002131,0.004261
A,251709736,-0.9122,-1.9537,-9.4918
G,251711094,-0.017044,0.003196,0.005326
A,251712204,-0.9122,-1.9465,-9.4882
G,251713590,-0.013848,0.003196,0.007457
A,251714701,-0.9086,-1.9501,-9.4954
G,251716083,-0.010653,0.003196,0.003196
A,251717175,-0.9086,-1.9465,-9.5062
G,251718605,-0.007457,0.002131,0.002131
A,251719654,-0.9050,-1.9429,-9.5205
G,251721101,-0.006392,0.004261,0.001065
A,251722127,-0.8942,-1.9321,-9.5241
TRK,251717,0.08961,-0.48501,0.86751,-0.06453,-0.3902,0.7484,-0.4641,0.000,0.000,0.000,1,12
G,251723604,-0.006392,0.006392,0.000000
A,251724587,-0.8871,-1.9213,-9.5241
G,251726099,-0.005326,0.006392,0.000000
A,251727071,-0.8799,-1.9321,-9.5205
G,251728575,-0.001065,0.005326,0.002131
A,251729544,-0.8871,-1.9357,-9.5134
G,251731088,0.007457,0.004261,0.003196
A,251732015,-0.8906,-1.9501,-9.5098
G,251733584,0.017044,0.003196,0.001065
A,251734489,-0.9014,-1.9573,-9.5098
G,251736077,0.025566,0.001065,-0.004261
A,251736942,-0.9050,-1.9537,-9.5134
G,251738572,0.033023,0.000000,-0.009587
A,251739415,-0.9122,-1.9609,-9.5134
TRK,251733,0.08962,-0.48501,0.86750,-0.06458,-0.3902,0.7484,-0.4641,0.000,0.000,0.000,1,12
G,251741065,0.037284,0.001065,-0.009587
A,251741869,-0.9122,-1.9537,-9.5170
G,251743561,0.039415,0.004261,-0.008522
A,251744354,-0.9122,-1.9573,-9.5205
G,251746034,0.038350,0.006392,-0.004261
A,251746828,-0.9014,-1.9609,-9.5134
G,251748538,0.037284,0.008522,-0.001065
A,251749293,-0.8978,-1.9609,-9.5098
G,251751034,0.035154,0.007457,-0.002131
A,251751790,-0.8942,-1.9609,-9.5098
G,251753518,0.034088,0.006392,-0.006392
A,251754263,-0.8978,-1.9644,-9.5098
TRK,251750,0.08977,-0.48501,0.86747,-0.06488,-0.3902,0.7484,-0.4641,0.000,0.000,0.000,1,12
G,251756032,0.035154,0.003196,-0.010653
A,251756740,-0.9014,-1.9752,-9.5170
G,251758527,0.036219,0.003196,-0.009587
A,251759214,-0.9086,-1.9824,-9.5170
G,251761021,0.036219,0.004261,-0.005326
A,251761672,-0.9122,-1.9860,-9.5241
G,251763517,0.036219,0.005326,-0.002131
A,251764161,-0.9122,-1.9860,-9.5241
G,251765991,0.033023,0.007457,0.002131
A,251766634,-0.9122,-1.9860,-9.5241
G,251768496,0.028762,0.008522,0.002131
A,251769104,-0.9086,-1.9752,-9.5170
G,251770992,0.024501,0.008522,0.004261
A,251771577,-0.9158,-1.9644,-9.4990
G,251773476,0.025566,0.007457,0.001065
A,251774028,-0.9230,-1.9537,-9.4882
G,251775988,0.029827,0.005326,-0.003196
A,251776507,-0.9337,-1.9573,-9.4846
G,251778484,0.034088,0.004261,-0.004261
A,251778980,-0.9409,-1.9609,-9.4954
TRK,251774,0.08992,-0.48501,0.86742,-0.06524,-0.3902,0.7484,-0.4641,0.000,0.000,0.000,1,12
G,251780979,0.036219,0.004261,0.001065
A,251781443,-0.9481,-1.9824,-9.5170
G,251783474,0.031958,0.002131,0.006392
A,251783916,-0.9517,-1.9932,-9.5313
G,251785969,0.025566,-0.001065,0.009587
A,251786380,-0.9409,-2.0075,-9.5457
G,251788482,0.015979,-0.003196,0.010653
A,251788863,-0.9301,-2.0111,-9.5421
G,251790978,0.007457,-0.003196,0.012783
A,251791337,-0.9086,-2.0147,-9.5349
G,251793483,-0.001065,-0.002131,0.013848
A,251793812,-0.8942,-2.0075,-9.5277
G,251795979,-0.006392,-0.002131,0.012783
A,251796286,-0.8906,-2.0004,-9.5205
G,251798464,-0.008522,-0.004261,0.009587
A,251798742,-0.8906,-1.9860,-9.5205
G,251800967,-0.011718,-0.006392,0.008522
A,251801218,-0.8942,-1.9788,-9.5170
G,251803463,-0.014914,-0.007457,0.007457
TRK,251798,0.09012,-0.48500,0.86740,-0.06537,-0.3902,0.7484,-0.4641,0.000,0.000,0.000,1,12
A,251803716,-0.8942,-1.9680,-9.5134
G,251805938,-0.018109,-0.010653,0.007457
A,251806189,-0.8942,-1.9609,-9.4990
G,251808444,-0.020240,-0.013848,0.007457
A,251808668,-0.8978,-1.9573,-9.4882
G,251810939,-0.019175,-0.018109,0.007457
A,251811141,-0.9050,-1.9501,-9.4774
G,251813423,-0.015979,-0.019175,0.005326
A,251813599,-0.9158,-1.9501,-9.4703
G,251815939,-0.009587,-0.019175,0.004261
A,251816089,-0.9194,-1.9501,-9.4703
G,251818435,-0.002131,-0.019175,0.002131
TRK,251817,0.09023,-0.48498,0.86741,-0.06521,-0.3902,0.7484,-0.4641,0.000,0.000,0.000,1,12
A,251818589,-0.9158,-1.9501,-9.4810
G,251820910,0.002131,-0.020240,0.001065
A,251821063,-0.9122,-1.9501,-9.4918
G,251823413,0.002131,-0.021305,0.001065
A,251823540,-0.9014,-1.9465,-9.5026
G,251825909,0.005326,-0.022371,0.003196
A,251826014,-0.8942,-1.9429,-9.5062
G,251828410,0.011718,-0.021305,0.003196
A,251828490,-0.8906,-1.9357,-9.5062
G,251830905,0.021305,-0.017044,-0.001065
A,251830964,-0.8906,-1.9357,-9.5062
G,251833392,0.029827,-0.012783,-0.006392
A,251833427,-0.8871,-1.9393,-9.5062
G,251835905,0.037284,-0.009587,-0.010653
A,251835918,-0.8906,-1.9465,-9.5026
A,251838391,-0.8871,-1.9573,-9.5026
G,251838401,0.042611,-0.008522,-0.013848
A,251840852,-0.8835,-1.9644,-9.5062
G,251840884,0.044741,-0.008522,-0.017044
TRK,251837,0.09050,-0.48496,0.86738,-0.06538,-0.3902,0.7484,-0.4641,0.000,0.000,0.000,1,12
A,251843338,-0.8835,-1.9680,-9.5062
G,251843391,0.043676,-0.009587,-0.015979
A,251845811,-0.8835,-1.9644,-9.5134
G,251845887,0.042611,-0.010653,-0.015979
A,251848267,-0.8942,-1.9573,-9.5062
G,251848364,0.041545,-0.009587,-0.014914
A,251850754,-0.9014,-1.9501,-9.4954
G,251850871,0.043676,-0.008522,-0.012783
A,251853228,-0.9158,-1.9465,-9.4882
G,251853367,0.044741,-0.004261,-0.014914
A,251855705,-0.9266,-1.9465,-9.4846
G,251855864,0.044741,-0.001065,-0.014914
A,251858179,-0.9337,-1.9537,-9.4918
G,251858360,0.045806,0.001065,-0.015979
A,251860637,-0.9409,-1.9644,-9.5098
G,251860837,0.046872,0.004261,-0.010653
TRK,251861,0.09074,-0.48495,0.86732,-0.06582,-0.3902,0.7484,-0.4641,0.000,0.000,0.000,1,12
A,251863127,-0.9409,-1.9752,-9.5277
G,251863344,0.044741,0.006392,-0.009587
A,251865625,-0.9481,-1.9860,-9.5385
G,251865860,0.037284,0.006392,-0.009587
A,251868099,-0.9445,-1.9860,-9.5385
G,251868356,0.026632,0.004261,-0.013848
A,251870579,-0.9445,-1.9896,-9.5349
G,251870853,0.018109,0.003196,-0.014914
A,251873078,-0.9337,-1.9824,-9.5277
G,251873369,0.010653,0.003196,-0.012783
A,251875552,-0.9194,-1.9824,-9.5241
G,251875865,0.006392,0.002131,-0.011718
TRK,251871,0.09077,-0.48496,0.86731,-0.06594,-0.3902,0.7484,-0.4641,0.000,0.000,0.000,1,12
A,251878023,-0.9086,-1.9752,-9.5170
G,251878352,0.003196,0.001065,-0.011718
A,251880497,-0.8978,-1.9680,-9.5134
G,251880870,0.001065,-0.002131,-0.014914
A,251882949,-0.8942,-1.9644,-9.5098
G,251883366,-0.002131,-0.004261,-0.018109
A,251885432,-0.8942,-1.9644,-9.5098
G,251885862,-0.002131,-0.004261,-0.018109
A,251887906,-0.9014,-1.9644,-9.4990
G,251888358,-0.001065,-0.003196,-0.015979
A,251890370,-0.9086,-1.9680,-9.4954
G,251890835,0.002131,0.001065,-0.010653
A,251892843,-0.9122,-1.9680,-9.4954
G,251893331,0.006392,0.001065,-0.009587
A,251895308,-0.9158,-1.9716,-9.4882
G,251895809,0.010653,0.000000,-0.010653
TRK,251896,0.09072,-0.48496,0.86732,-0.06589,-0.3902,0.7484,-0.4641,0.000,0.000,0.000,1,12
A,251897804,-0.9194,-1.9752,-9.4918
G,251898317,0.013848,-0.003196,-0.013848
A,251900278,-0.9194,-1.9824,-9.4918
G,251900813,0.018109,-0.004261,-0.015979
A,251902754,-0.9230,-1.9860,-9.4990
G,251903301,0.022371,-0.002131,-0.017044
A,251905228,-0.9230,-1.9932,-9.5062
G,251905819,0.028762,0.000000,-0.013848
A,251907686,-0.9301,-1.9968,-9.5134
G,251908315,0.031958,0.000000,-0.010653
A,251910174,-0.9337,-2.0004,-9.5170
G,251910813,0.035154,-0.001065,-0.004261
A,251912648,-0.9373,-2.0039,-9.5170
G,251913327,0.037284,-0.002131,-0.004261
A,251915103,-0.9337,-2.0075,-9.5134
G,251915823,0.040480,-0.001065,-0.004261
TRK,251915,0.09082,-0.48496,0.86730,-0.06604,-0.3902,0.7484,-0.4641,0.000,0.000,0.000,1,12
A,251917583,-0.9301,-2.0111,-9.5026
G,251918311,0.042611,0.000000,-0.008522
A,251920057,-0.9194,-2.0111,-9.4954
G,251920807,0.044741,0.003196,-0.009587
A,251922518,-0.9158,-2.0183,-9.4918
G,251923275,0.044741,0.005326,-0.009587
A,251925010,-0.9050,-2.0183,-9.4918
G,251925774,0.043676,0.006392,-0.007457
A,251927483,-0.9014,-2.0255,-9.4990
G,251928282,0.039415,0.005326,-0.006392
A,251929935,-0.9014,-2.0219,-9.4954
G,251930778,0.036219,0.002131,-0.005326
A,251932419,-0.9050,-2.0147,-9.4954
G,251933267,0.031958,0.001065,-0.002131
A,251934892,-0.9086,-2.0039,-9.4882
G,251935763,0.028762,0.001065,0.000000
TRK,251935,0.09100,-0.48495,0.86726,-0.06633,-0.3902,0.7484,-0.4641,0.000,0.000,0.000,1,12
A,251937376,-0.9086,-1.9932,-9.4918
G,251938252,0.024501,0.000000,-0.003196
A,251939850,-0.8942,-1.9896,-9.5026
G,251940766,0.022371,-0.001065,-0.007457
A,251942311,-0.8978,-1.9752,-9.5026
G,251943262,0.021305,-0.002131,-0.014914
A,251944807,-0.8978,-1.9824,-9.5170
G,251945762,0.023436,-0.002131,-0.017044
A,251947281,-0.9086,-1.9752,-9.5205
G,251948278,0.026632,-0.004261,-0.015979
A,251949745,-0.9230,-1.9860,-9.5277
G,251950774,0.028762,-0.004261,-0.007457
A,251952232,-0.9158,-1.9932,-9.5241
G,251953263,0.025566,-0.007457,0.001065
A,251954705,-0.9086,-2.0039,-9.5170
TRK,251950,0.09113,-0.48495,0.86724,-0.06645,-0.3902,0.7484,-0.4641,0.000,0.000,0.000,1,12
G,251955782,0.018109,-0.009587,0.009587
A,251957173,-0.9014,-2.0111,-9.5134
G,251958278,0.012783,-0.014914,0.015979
A,251959647,-0.8942,-2.0111,-9.5134
G,251960783,0.010653,-0.021305,0.019175
A,251962103,-0.8978,-2.0147,-9.5134
G,251963279,0.009587,-0.026632,0.022371
A,251964583,-0.9014,-2.0111,-9.5205
G,251965758,0.007457,-0.027697,0.022371
A,251967057,-0.9122,-2.0039,-9.5134
G,251968267,0.003196,-0.024501,0.019175
A,251969518,-0.9158,-1.9932,-9.5098
G,251970763,-0.003196,-0.022371,0.013848
TRK,251970,0.09139,-0.48492,0.86723,-0.06642,-0.3902,0.7484,-0.4641,0.000,0.000,0.000,1,12
STAT,404.2,400.7,0,0,2185,0.0248,1.325,0.1025,0.1295,-0.0951,9.7529,8.17,0.000
A,251972009,-0.9266,-1.9860,-9.5062
G,251973252,-0.010653,-0.021305,0.008522
A,251974483,-0.9230,-1.9896,-9.5062
G,251975748,-0.019175,-0.022371,0.010653
A,251976955,-0.9194,-2.0004,-9.5062
G,251978217,-0.028762,-0.025566,0.013848
A,251979429,-0.9050,-2.0183,-9.5026
G,251980724,-0.035154,-0.025566,0.018109
A,251981889,-0.8942,-2.0255,-9.4954
G,251983220,-0.038350,-0.025566,0.014914
A,251984374,-0.8871,-2.0291,-9.4882
G,251985700,-0.037284,-0.024501,0.010653
A,251986847,-0.8835,-2.0183,-9.4810
G,251988199,-0.033023,-0.022371,0.004261
A,251989302,-0.8942,-2.0075,-9.4846
G,251990719,-0.027697,-0.022371,-0.004261
A,251991778,-0.9086,-1.9968,-9.4810
G,251993215,-0.024501,-0.023436,-0.010653
A,251994259,-0.9230,-1.9860,-9.4882
G,251995690,-0.022371,-0.021305,-0.014914
A,251996733,-0.9301,-1.9860,-9.4846
TRK,251992,0.09146,-0.48489,0.86726,-0.06613,-0.3902,0.7484,-0.4641,0.000,0.000,0.000,1,12
G,251998201,-0.019175,-0.020240,-0.011718
A,251999201,-0.9373,-1.9824,-9.4810
G,252000697,-0.017044,-0.018109,-0.009587
A,252001674,-0.9337,-1.9896,-9.4739
G,252003207,-0.013848,-0.017044,-0.008522
A,252004143,-0.9373,-1.9932,-9.4739
G,252005703,-0.007457,-0.014914,-0.012783
A,252006642,-0.9373,-2.0004,-9.4774
G,252008193,0.000000,-0.010653,-0.017044
A,252009116,-0.9445,-1.9968,-9.4846
G,252010701,0.006392,-0.008522,-0.020240
A,252011583,-0.9337,-1.9932,-9.4882
G,252013197,0.009587,-0.007457,-0.022371
A,252014074,-0.9409,-1.9896,-9.4918
G,252015678,0.010653,-0.007457,-0.021305
A,252016548,-0.9301,-1.9824,-9.4918
TRK,252016,0.09156,-0.48489,0.86724,-0.06625,-0.3902,0.7484,-0.4641,0.000,0.000,0.000,1,12
G,252018188,0.010653,-0.006392,-0.023436
A,252019019,-0.9266,-1.9824,-9.4918
G,252020684,0.010653,-0.007457,-0.024501
A,252021511,-0.9194,-1.9788,-9.4954
G,252023166,0.012783,-0.008522,-0.026632
A,252023985,-0.9158,-1.9896,-9.4954
G,252025662,0.014914,-0.007457,-0.025566
A,252026467,-0.9122,-1.9968,-9.5026
G,252028133,0.019175,-0.003196,-0.024501
A,252028941,-0.9122,-1.9968,-9.5062
G,252030626,0.023436,0.000000,-0.023436
A,252031396,-0.9122,-1.9968,-9.5098
G,252033122,0.024501,0.000000,-0.024501
A,252033890,-0.9158,-1.9932,-9.5134
G,252035603,0.025566,-0.001065,-0.023436
A,252036364,-0.9194,-1.9896,-9.5134
TRK,252036,0.09164,-0.48490,0.86721,-0.06652,-0.3902,0.7484,-0.4641,0.000,0.000,0.000,1,12
G,252038116,0.027697,-0.001065,-0.022371
A,252038838,-0.9230,-1.9968,-9.5098
G,252040612,0.028762,-0.001065,-0.015979
A,252041312,-0.9230,-2.0004,-9.5026
G,252043104,0.028762,0.000000,-0.012783
A,252043768,-0.9194,-2.0004,-9.4954
G,252045600,0.025566,-0.001065,-0.013848
A,252046263,-0.9194,-2.0111,-9.4954
G,252048080,0.019175,-0.003196,-0.018109
A,252048736,-0.9266,-2.0219,-9.4990
G,252050583,0.010653,-0.003196,-0.018109
A,252051204,-0.9230,-2.0291,-9.5062
G,252053078,0.004261,-0.001065,-0.013848
A,252053677,-0.9373,-2.0291,-9.5098
G,252055561,0.001065,0.001065,-0.010653
A,252056126,-0.9337,-2.0291,-9.5062
TRK,252056,0.09173,-0.48490,0.86719,-0.06672,-0.3902,0.7484,-0.4641,0.000,0.000,0.000,1,12
G,252058074,0.001065,0.002131,-0.007457
A,252058605,-0.9301,-2.0219,-9.4954
G,252060570,0.003196,0.003196,-0.003196
A,252061092,-0.9301,-2.0147,-9.4954
G,252063040,0.004261,0.002131,-0.001065
A,252063566,-0.9266,-2.0075,-9.4882
G,252065543,0.003196,0.002131,-0.002131
A,252066037,-0.9301,-2.0039,-9.4990
G,252068039,0.001065,0.001065,-0.005326
A,252068510,-0.9301,-1.9968,-9.4918
G,252070541,0.001065,0.004261,-0.004261
A,252070980,-0.9230,-1.9896,-9.4918
G,252073037,0.002131,0.005326,-0.001065
A,252073454,-0.9194,-1.9896,-9.4846
G,252075520,0.002131,0.006392,0.000000
A,252075907,-0.9158,-1.9860,-9.4810
G,252078021,0.002131,0.004261,-0.001065
A,252078378,-0.9122,-1.9896,-9.4810
G,252080517,0.003196,0.002131,-0.004261
TRK,252079,0.09176,-0.48490,0.86718,-0.06679,-0.3902,0.7484,-0.4641,0.000,0.000,0.000,1,12
A,252080872,-0.9230,-1.9932,-9.4846
G,252082990,0.005326,0.001065,-0.004261
A,252083346,-0.9266,-1.9932,-9.4918
G,252085493,0.007457,0.002131,-0.004261
A,252085819,-0.9373,-2.0004,-9.4990
G,252087989,0.008522,0.005326,-0.005326
A,252088293,-0.9481,-1.9932,-9.4990
G,252090474,0.009587,0.009587,-0.006392
A,252090749,-0.9481,-1.9968,-9.4990
G,252092969,0.010653,0.012783,-0.007457
A,252093223,-0.9517,-1.9932,-9.4882
G,252095454,0.012783,0.013848,-0.006392
A,252095680,-0.9445,-1.9932,-9.4810
G,252097957,0.015979,0.013848,-0.008522
A,252098157,-0.9445,-2.0004,-9.4774
G,252100453,0.022371,0.012783,-0.012783
TRK,252099,0.09181,-0.48490,0.86716,-0.06690,-0.3902,0.7484,-0.4641,0.000,0.000,0.000,1,12
A,252100656,-0.9445,-2.0075,-9.4774
G,252102929,0.027697,0.013848,-0.015979
A,252103129,-0.9481,-2.0111,-9.4846
G,252105433,0.028762,0.013848,-0.017044
A,252105608,-0.9481,-2.0183,-9.4918
G,252107929,0.027697,0.014914,-0.013848
A,252108082,-0.9481,-2.0147,-9.4918
G,252110415,0.027697,0.015979,-0.012783
A,252110542,-0.9373,-2.0075,-9.4918
G,252112911,0.026632,0.017044,-0.012783
A,252113016,-0.9301,-2.0039,-9.4882
G,252115397,0.027697,0.020240,-0.012783
A,252115477,-0.9266,-2.0004,-9.4810
G,252117903,0.027697,0.022371,-0.015979
A,252117960,-0.9266,-2.0004,-9.4810
G,252120399,0.028762,0.024501,-0.018109
A,252120434,-0.9337,-2.0075,-9.4810
TRK,252119,0.09188,-0.48490,0.86713,-0.06715,-0.3902,0.7484,-0.4641,0.000,0.000,0.000,1,12
G,252122875,0.028762,0.023436,-0.022371
A,252122887,-0.9373,-2.0075,-9.4810
A,252125366,-0.9409,-2.0147,-9.4846
G,252125376,0.030893,0.021305,-0.023436
A,252127840,-0.9373,-2.0219,-9.4846
G,252127872,0.029827,0.018109,-0.021305
A,252130305,-0.9337,-2.0255,-9.4882
G,252130359,0.026632,0.013848,-0.015979
A,252132779,-0.9301,-2.0327,-9.4918
G,252132855,0.020240,0.007457,-0.013848
A,252135245,-0.9230,-2.0255,-9.4990
G,252135342,0.014914,0.001065,-0.011718
TRK,252136,0.09197,-0.48490,0.86711,-0.06731,-0.3902,0.7484,-0.4641,0.000,0.000,0.000,1,12
A,252137742,-0.9194,-2.0255,-9.5062
G,252137860,0.010653,-0.004261,-0.013848
A,252140216,-0.9122,-2.0219,-9.5098
G,252140356,0.007457,-0.005326,-0.012783
A,252142671,-0.9050,-2.0147,-9.5098
G,252142830,0.005326,-0.005326,-0.010653
A,252145159,-0.9014,-2.0219,-9.5134
G,252145337,0.004261,-0.003196,-0.006392
A,252147633,-0.9014,-2.0183,-9.5026
G,252147833,0.005326,-0.001065,-0.004261
A,252150089,-0.9050,-2.0219,-9.4954
G,252150307,0.007457,0.003196,-0.003196
A,252152589,-0.9194,-2.0219,-9.4846
G,252152826,0.009587,0.006392,-0.005326
A,252155063,-0.9337,-2.0183,-9.4846
G,252155322,0.011718,0.007457,-0.007457
A,252157531,-0.9481,-2.0183,-9.4810
G,252157806,0.013848,0.007457,-0.011718
TRK,252154,0.09211,-0.48488,0.86711,-0.06732,-0.3902,0.7484,-0.4641,0.000,0.000,0.000,1,12
A,252160022,-0.9553,-2.0147,-9.4882
G,252160314,0.015979,0.005326,-0.014914
A,252162496,-0.9553,-2.0147,-9.4882
G,252162810,0.017044,0.001065,-0.020240
A,252164963,-0.9445,-2.0111,-9.4846
G,252165294,0.018109,-0.004261,-0.023436
A,252167437,-0.9373,-2.0075,-9.4846
G,252167812,0.019175,-0.006392,-0.023436
A,252169890,-0.9230,-2.0039,-9.4918
G,252170308,0.020240,-0.005326,-0.018109
TRK,252170,0.09223,-0.48487,0.86709,-0.06739,-0.3902,0.7484,-0.4641,0.000,0.000,0.000,1,12
A,252172375,-0.9194,-2.0004,-9.5026
G,252172806,0.018109,-0.001065,-0.011718
A,252174848,-0.9122,-2.0075,-9.5134
G,252175302,0.015979,0.002131,-0.004261
A,252177313,-0.9158,-2.0147,-9.5205
G,252177780,0.012783,0.003196,-0.001065
A,252179787,-0.9194,-2.0255,-9.5205
G,252180276,0.010653,0.004261,0.002131
A,252182253,-0.9158,-2.0291,-9.5134
G,252182755,0.007457,0.004261,0.002131
A,252184744,-0.9122,-2.0363,-9.5098
G,252185257,0.003196,0.003196,-0.001065
A,252187217,-0.9122,-2.0363,-9.5062
G,252187776,-0.002131,0.001065,-0.005326
A,252189675,-0.9158,-2.0363,-9.5062
G,252190272,-0.007457,-0.002131,-0.009587
TRK,252190,0.09233,-0.48486,0.86709,-0.06739,-0.3902,0.7484,-0.4641,0.000,0.000,0.000,1,12
A,252192164,-0.9301,-2.0327,-9.5098
G,252192771,-0.012783,-0.005326,-0.007457
A,252194637,-0.9445,-2.0255,-9.5098
G,252195267,-0.017044,-0.007457,-0.005326
A,252197106,-0.9481,-2.0183,-9.5098
G,252197746,-0.020240,-0.007457,-0.002131
A,252199580,-0.9553,-2.0075,-9.5062
G,252200242,-0.021305,-0.004261,0.001065
A,252202051,-0.9481,-1.9968,-9.5026
G,252202721,-0.021305,-0.003196,0.003196
A,252204545,-0.9481,-1.9896,-9.4954
G,252205224,-0.019175,-0.002131,0.003196
A,252207019,-0.9481,-1.9824,-9.4918
G,252207744,-0.015979,-0.003196,0.003196
A,252209480,-0.9481,-1.9824,-9.4846
G,252210240,-0.014914,-0.005326,0.001065
TRK,252210,0.09236,-0.48485,0.86710,-0.06721,-0.3902,0.7484,-0.4641,0.000,0.000,0.000,1,12
A,252211973,-0.9445,-1.9788,-9.4882
G,252212739,-0.013848,-0.008522,-0.001065
A,252214447,-0.9409,-1.9824,-9.4882
G,252215235,-0.010653,-0.011718,-0.006392
A,252216920,-0.9337,-1.9752,-9.4918
G,252217715,-0.007457,-0.011718,-0.007457
A,252219393,-0.9266,-1.9716,-9.4882
G,252220211,-0.001065,-0.012783,-0.008522
A,252221868,-0.9230,-1.9752,-9.4846
G,252222691,0.006392,-0.012783,-0.007457
A,252224341,-0.9158,-1.9788,-9.4703
G,252225199,0.012783,-0.011718,-0.009587
A,252226794,-0.9266,-1.9896,-9.4739
G,252227695,0.018109,-0.007457,-0.010653
A,252229280,-0.9266,-1.9968,-9.4703
G,252230185,0.023436,-0.001065,-0.014914
A,252231754,-0.9337,-2.0004,-9.4703
G,252232681,0.029827,0.005326,-0.017044
A,252234221,-0.9301,-2.0039,-9.4703
G,252235152,0.036219,0.012783,-0.019175
TRK,252231,0.09249,-0.48484,0.86710,-0.06721,-0.3902,0.7484,-0.4641,0.000,0.000,0.000,1,12
A,252236719,-0.9266,-2.0039,-9.4739
G,252237653,0.041545,0.017044,-0.018109
A,252239192,-0.9266,-2.0111,-9.4739
G,252240149,0.045806,0.019175,-0.018109
A,252241671,-0.9266,-2.0219,-9.4810
G,252242630,0.045806,0.021305,-0.020240
A,252244144,-0.9266,-2.0255,-9.4846
G,252245142,0.043676,0.023436,-0.022371
A,252246604,-0.9337,-2.0327,-9.4882
G,252247638,0.041545,0.024501,-0.024501
A,252249094,-0.9301,-2.0327,-9.4882
G,252250129,0.040480,0.025566,-0.024501
A,252251567,-0.9266,-2.0327,-9.4954
TRK,252251,0.09251,-0.48485,0.86706,-0.06755,-0.3902,0.7484,-0.4641,0.000,0.000,0.000,1,12
G,252252651,0.038350,0.029827,-0.022371
A,252254038,-0.9122,-2.0291,-9.4954
G,252255147,0.035154,0.034088,-0.019175
A,252256512,-0.9050,-2.0291,-9.4954
G,252257648,0.030893,0.034088,-0.018109
A,252258964,-0.8906,-2.0255,-9.4918
G,252260144,0.027697,0.030893,-0.018109
A,252261437,-0.8835,-2.0327,-9.4990
G,252262646,0.025566,0.025566,-0.017044
A,252263891,-0.8835,-2.0363,-9.5062
G,252265141,0.024501,0.018109,-0.013848
A,252266368,-0.8871,-2.0506,-9.5098
G,252267616,0.021305,0.010653,-0.014914
A,252268842,-0.8906,-2.0614,-9.5134
G,252270128,0.018109,0.004261,-0.015979
A,252271307,-0.8978,-2.0686,-9.5098
G,252272624,0.017044,0.000000,-0.019175
TRK,252272,0.09244,-0.48487,0.86704,-0.06781,-0.3902,0.7484,-0.4641,0.000,0.000,0.000,1,12
A,252273803,-0.9014,-2.0722,-9.5026
G,252275116,0.015979,-0.003196,-0.020240
A,252276277,-0.9086,-2.0650,-9.5026
G,252277612,0.015979,-0.004261,-0.020240
A,252278753,-0.9122,-2.0578,-9.5062
G,252280084,0.014914,-0.004261,-0.020240
A,252281227,-0.9194,-2.0542,-9.5134
G,252282580,0.013848,0.000000,-0.018109
A,252283705,-0.9266,-2.0470,-9.5241
G,252285052,0.009587,0.002131,-0.014914
A,252286178,-0.9337,-2.0470,-9.5241
G,252287549,0.005326,0.002131,-0.009587
A,252288630,-0.9301,-2.0506,-9.5170
G,252290045,0.002131,0.001065,-0.004261
A,252291119,-0.9337,-2.0470,-9.5062
G,252292528,0.001065,0.001065,-0.003196
A,252293593,-0.9194,-2.0435,-9.4990
TRK,252293,0.09248,-0.48487,0.86703,-0.06785,-0.3902,0.7484,-0.4641,0.000,0.000,0.000,1,12
G,252295042,0.002131,0.001065,-0.002131
A,252296063,-0.9122,-2.0435,-9.4882
G,252297538,0.004261,0.002131,-0.001065
A,252298537,-0.9086,-2.0363,-9.4918
G,252300031,0.008522,0.001065,-0.001065
A,252300988,-0.9050,-2.0327,-9.4918
G,252302527,0.010653,0.000000,-0.003196
A,252303462,-0.9122,-2.0291,-9.4954
G,252305021,0.010653,0.000000,-0.003196
A,252305915,-0.9086,-2.0291,-9.4990
G,252307538,0.007457,0.002131,-0.003196
A,252308392,-0.9050,-2.0291,-9.4954
G,252310033,0.005326,0.004261,-0.002131
A,252310886,-0.8978,-2.0255,-9.4990
G,252312517,0.002131,0.005326,-0.003196
A,252313359,-0.9014,-2.0255,-9.4918
TRK,252313,0.09248,-0.48487,0.86702,-0.06792,-0.3902,0.7484,-0.4641,0.000,0.000,0.000,1,12
G,252315031,-0.001065,0.003196,-0.003196
A,252315834,-0.8978,-2.0255,-9.4846
G,252317527,-0.002131,0.000000,-0.004261
A,252318308,-0.8978,-2.0219,-9.4774
G,252320020,-0.002131,-0.004261,-0.005326
A,252320764,-0.9014,-2.0255,-9.4739
G,252322516,0.001065,-0.007457,-0.003196
A,252323238,-0.9050,-2.0255,-9.4739
G,252325010,0.003196,-0.011718,-0.004261
A,252325695,-0.9122,-2.0291,-9.4739
G,252327506,0.004261,-0.014914,-0.004261
A,252328183,-0.9194,-2.0291,-9.4774
G,252329980,0.004261,-0.019175,-0.003196
A,252330657,-0.9230,-2.0291,-9.4774
TRK,252330,0.09252,-0.48487,0.86702,-0.06798,-0.3902,0.7484,-0.4641,0.000,0.000,0.000,1,12
G,252332485,0.005326,-0.021305,0.002131
A,252333126,-0.9301,-2.0255,-9.4810
G,252334981,0.007457,-0.025566,0.003196
A,252335600,-0.9373,-2.0291,-9.4846
G,252337466,0.008522,-0.028762,0.000000
A,252338050,-0.9409,-2.0291,-9.4882
G,252339967,0.008522,-0.030893,-0.003196
A,252340517,-0.9409,-2.0255,-9.4918
G,252342463,0.008522,-0.028762,-0.002131
A,252342991,-0.9445,-2.0291,-9.4918
G,252344958,0.009587,-0.023436,0.000000
A,252345453,-0.9409,-2.0291,-9.4990
G,252347454,0.013848,-0.020240,0.001065
A,252347946,-0.9445,-2.0327,-9.4918
G,252349929,0.018109,-0.018109,0.001065
A,252350420,-0.9409,-2.0435,-9.4918
G,252352422,0.020240,-0.019175,0.001065
A,252352880,-0.9445,-2.0399,-9.4846
TRK,252353,0.09277,-0.48485,0.86699,-0.06809,-0.3902,0.7484,-0.4641,0.000,0.000,0.000,1,12
G,252354937,0.019175,-0.019175,0.000000
A,252355365,-0.9409,-2.0435,-9.4846
G,252357433,0.014914,-0.017044,0.000000
A,252357838,-0.9409,-2.0363,-9.4739
G,252359929,0.011718,-0.014914,-0.003196
A,252360304,-0.9373,-2.0399,-9.4810
G,252362425,0.010653,-0.011718,-0.007457
A,252362800,-0.9373,-2.0399,-9.4810
G,252364901,0.010653,-0.009587,-0.008522
A,252365274,-0.9373,-2.0399,-9.4882
G,252367397,0.009587,-0.008522,-0.005326
A,252367770,-0.9337,-2.0399,-9.4954
G,252369873,0.008522,-0.007457,-0.004261
A,252370244,-0.9337,-2.0363,-9.4990
G,252372380,0.006392,-0.009587,-0.006392
A,252372721,-0.9373,-2.0363,-9.5062
G,252374876,0.004261,-0.011718,-0.007457
TRK,252373,0.09294,-0.48484,0.86697,-0.06819,-0.3902,0.7484,-0.4641,0.000,0.000,0.000,1,12
A,252375215,-0.9373,-2.0363,-9.5062
G,252377349,0.003196,-0.012783,-0.004261
A,252377689,-0.9481,-2.0435,-9.5098
G,252379846,0.002131,-0.011718,0.000000
A,252380157,-0.9517,-2.0435,-9.5026
G,252382360,-0.001065,-0.010653,0.002131
A,252382643,-0.9481,-2.0470,-9.4882
G,252384856,-0.001065,-0.008522,0.006392
A,252385117,-0.9373,-2.0399,-9.4846
G,252387343,-0.001065,-0.009587,0.010653
A,252387576,-0.9266,-2.0327,-9.4739
G,252389839,-0.001065,-0.010653,0.017044
A,252390050,-0.9122,-2.0291,-9.4739
G,252392327,-0.002131,-0.014914,0.020240
A,252392511,-0.9050,-2.0255,-9.4739
G,252394845,-0.004261,-0.017044,0.019175
A,252395003,-0.9014,-2.0363,-9.4739
G,252397340,-0.001065,-0.017044,0.014914
A,252397477,-0.9086,-2.0435,-9.4810
G,252399814,0.003196,-0.013848,0.007457
A,252399926,-0.9266,-2.0542,-9.4810
TRK,252396,0.09307,-0.48482,0.86698,-0.06810,-0.3902,0.7484,-0.4641,0.000,0.000,0.000,1,12
G,252402322,0.007457,-0.011718,-0.002131
A,252402409,-0.9409,-2.0578,-9.4846
G,252404818,0.010653,-0.010653,-0.009587
A,252404883,-0.9553,-2.0542,-9.4882
G,252407300,0.012783,-0.008522,-0.011718
A,252407341,-0.9589,-2.0506,-9.4882
G,252409805,0.011718,-0.005326,-0.010653
A,252409823,-0.9481,-2.0435,-9.4918
A,252412297,-0.9409,-2.0363,-9.4882
G,252412301,0.008522,-0.002131,-0.008522
A,252414773,-0.9266,-2.0291,-9.4810
G,252414799,0.006392,-0.002131,-0.008522
TRK,252415,0.09318,-0.48481,0.86697,-0.06815,-0.3902,0.7484,-0.4641,0.000,0.000,0.000,1,12
A,252417266,-0.9194,-2.0219,-9.4631
G,252417314,0.008522,-0.001065,-0.009587
A,252419740,-0.9122,-2.0183,-9.4559
G,252419810,0.015979,0.000000,-0.010653
A,252422207,-0.9122,-2.0219,-9.4451
G,252422298,0.025566,0.001065,-0.009587
A,252424692,-0.9122,-2.0291,-9.4451
G,252424804,0.034088,0.002131,-0.009587
A,252427166,-0.9158,-2.0327,-9.4559
G,252427300,0.038350,0.002131,-0.013848
A,252429625,-0.9266,-2.0435,-9.4667
G,252429778,0.038350,0.001065,-0.020240
A,252432104,-0.9373,-2.0363,-9.4774
G,252432276,0.038350,0.002131,-0.021305
A,252434578,-0.9481,-2.0327,-9.4810
G,252434772,0.038350,0.006392,-0.018109
A,252437049,-0.9553,-2.0147,-9.4810
G,252437261,0.041545,0.010653,-0.014914
TRK,252438,0.09335,-0.48481,0.86692,-0.06846,-0.3902,0.7484,-0.4641,0.000,0.000,0.000,1,12
A,252439550,-0.9553,-2.0004,-9.4774
G,252439780,0.045806,0.013848,-0.013848
A,252442023,-0.9553,-1.9896,-9.4774
G,252442276,0.050067,0.012783,-0.010653
A,252444484,-0.9517,-1.9968,-9.4810
G,252444754,0.053263,0.009587,-0.008522
A,252446976,-0.9481,-2.0147,-9.4882
G,252447263,0.055394,0.006392,-0.009587
A,252449450,-0.9481,-2.0435,-9.4954
G,252449759,0.057524,0.005326,-0.007457
A,252451910,-0.9481,-2.0650,-9.5062
G,252452235,0.056459,0.005326,-0.004261
A,252454383,-0.9481,-2.0830,-9.5098
TRK,252453,0.09350,-0.48481,0.86689,-0.06874,-0.3902,0.7484,-0.4641,0.000,0.000,0.000,1,12
G,252454754,0.053263,0.004261,0.002131
A,252456838,-0.9445,-2.0901,-9.5134
G,252457250,0.046872,0.003196,0.006392
A,252459312,-0.9337,-2.0830,-9.5170
G,252459769,0.039415,0.005326,0.009587
A,252461767,-0.9230,-2.0794,-9.5134
G,252462265,0.031958,0.007457,0.010653
A,252464254,-0.9086,-2.0722,-9.5098
G,252464764,0.027697,0.011718,0.010653
A,252466728,-0.9050,-2.0686,-9.5026
G,252467284,0.024501,0.013848,0.008522
A,252469186,-0.9014,-2.0614,-9.4882
G,252469780,0.021305,0.014914,0.007457
A,252471664,-0.9014,-2.0614,-9.4774
G,252472268,0.017044,0.013848,0.006392
A,252474138,-0.9086,-2.0542,-9.4703
G,252474787,0.012783,0.011718,0.005326
A,252476597,-0.9122,-2.0578,-9.4703
G,252477283,0.008522,0.009587,0.003196
TRK,252473,0.09359,-0.48481,0.86686,-0.06893,-0.3902,0.7484,-0.4641,0.000,0.000,0.000,1,12
A,252479087,-0.9122,-2.0578,-9.4774
G,252479781,0.005326,0.007457,0.003196
A,252481561,-0.9230,-2.0578,-9.4774
G,252482297,0.002131,0.005326,0.006392
A,252484018,-0.9230,-2.0578,-9.4846
G,252484793,-0.002131,0.004261,0.009587
A,252486500,-0.9266,-2.0542,-9.4810
G,252487281,-0.007457,0.004261,0.010653
A,252489000,-0.9230,-2.0542,-9.4810
G,252489787,-0.010653,0.003196,0.006392
A,252491474,-0.9230,-2.0506,-9.4774
G,252492283,-0.012783,0.001065,-0.001065
A,252493946,-0.9230,-2.0470,-9.4774
G,252494762,-0.010653,0.002131,-0.006392
TRK,252494,0.09352,-0.48481,0.86688,-0.06885,-0.3902,0.7484,-0.4641,0.000,0.000,0.000,1,12
A,252496436,-0.9230,-2.0470,-9.4739
G,252497258,-0.006392,0.003196,-0.010653
A,252498910,-0.9266,-2.0506,-9.4739
G,252499777,-0.003196,0.004261,-0.013848
A,252501374,-0.9266,-2.0542,-9.4774
G,252502273,-0.003196,0.002131,-0.020240
A,252503847,-0.9266,-2.0578,-9.4703
G,252504792,-0.003196,0.001065,-0.022371
A,252506313,-0.9266,-2.0470,-9.4703
G,252507288,-0.004261,0.000000,-0.023436
A,252508801,-0.9301,-2.0435,-9.4631
G,252509779,-0.003196,0.001065,-0.019175
A,252511275,-0.9337,-2.0327,-9.4523
G,252512275,-0.001065,-0.002131,-0.017044
A,252513752,-0.9337,-2.0327,-9.4487
G,252514754,0.003196,-0.006392,-0.014914
A,252516225,-0.9301,-2.0363,-9.4487
TRK,252515,0.09348,-0.48481,0.86688,-0.06883,-0.3902,0.7484,-0.4641,0.000,0.000,0.000,1,12
G,252517263,0.010653,-0.009587,-0.014914
A,252518683,-0.9230,-2.0399,-9.4559
G,252519759,0.015979,-0.011718,-0.012783
A,252521171,-0.9158,-2.0435,-9.4631
G,252522248,0.020240,-0.011718,-0.010653
A,252523645,-0.9122,-2.0470,-9.4739
G,252524767,0.022371,-0.010653,-0.008522
A,252526114,-0.9158,-2.0470,-9.4810
G,252527263,0.025566,-0.010653,-0.011718
A,252528601,-0.9158,-2.0470,-9.4918
G,252529749,0.029827,-0.011718,-0.013848
A,252531074,-0.9230,-2.0470,-9.4990
G,252532258,0.034088,-0.010653,-0.012783
A,252533535,-0.9301,-2.0435,-9.5062
G,252534754,0.037284,-0.008522,-0.010653
TRK,252534,0.09367,-0.48480,0.86685,-0.06898,-0.3902,0.7484,-0.4641,0.000,0.000,0.000,1,12
A,252536026,-0.9301,-2.0435,-9.5098
G,252537243,0.036219,-0.009587,-0.011718
A,252538500,-0.9337,-2.0470,-9.5098
G,252539739,0.034088,-0.012783,-0.011718
A,252540972,-0.9337,-2.0542,-9.5026
G,252542208,0.033023,-0.011718,-0.008522
A,252543445,-0.9266,-2.0686,-9.4954
G,252544708,0.029827,-0.009587,-0.004261
A,252545898,-0.9301,-2.0758,-9.4882
G,252547204,0.027697,-0.008522,0.000000
A,252548372,-0.9301,-2.0830,-9.4846
G,252549704,0.023436,-0.010653,0.003196
A,252550827,-0.9266,-2.0794,-9.4846
G,252552200,0.020240,-0.013848,0.005326
A,252553312,-0.9301,-2.0830,-9.4954
G,252554680,0.011718,-0.017044,0.010653
A,252555786,-0.9301,-2.0830,-9.5062
TRK,252554,0.09384,-0.48479,0.86683,-0.06917,-0.3902,0.7484,-0.4641,0.000,0.000,0.000,1,12
G,252557177,0.002131,-0.020240,0.014914
A,252558239,-0.9301,-2.0937,-9.5170
G,252559686,-0.006392,-0.023436,0.015979
A,252560704,-0.9266,-2.0937,-9.5241
G,252562182,-0.013848,-0.026632,0.015979
A,252563192,-0.9230,-2.0937,-9.5241
G,252564662,-0.019175,-0.027697,0.017044
A,252565665,-0.9194,-2.0865,-9.5170
G,252567163,-0.024501,-0.027697,0.019175
A,252568124,-0.9158,-2.0830,-9.5134
G,252569659,-0.030893,-0.025566,0.022371
A,252570610,-0.9194,-2.0722,-9.5026
G,252572137,-0.035154,-0.022371,0.024501
A,252573084,-0.9266,-2.0650,-9.4882
G,252574638,-0.038350,-0.020240,0.025566
A,252575544,-0.9301,-2.0506,-9.4703
G,252577134,-0.036219,-0.017044,0.025566
TRK,252576,0.09390,-0.48477,0.86686,-0.06884,-0.3902,0.7484,-0.4641,0.000,0.000,0.000,1,12
A,252578035,-0.9301,-2.0470,-9.4595
G,252579616,-0.031958,-0.012783,0.021305
A,252580509,-0.9373,-2.0506,-9.4559
G,252582127,-0.027697,-0.008522,0.012783
A,252582980,-0.9337,-2.0542,-9.4667
G,252584623,-0.025566,-0.005326,0.004261
A,252585454,-0.9373,-2.0614,-9.4774
G,252587114,-0.025566,-0.004261,0.000000
A,252587907,-0.9373,-2.0650,-9.4810
G,252589636,-0.027697,-0.002131,0.001065
A,252590391,-0.9373,-2.0686,-9.4810
G,252592132,-0.030893,-0.002131,0.004261
A,252592864,-0.9337,-2.0650,-9.4739
G,252594621,-0.034088,-0.001065,0.006392
A,252595316,-0.9373,-2.0686,-9.4703
TRK,252595,0.09379,-0.48477,0.86688,-0.06869,-0.3902,0.7484,-0.4641,0.000,0.000,0.000,1,12
G,252597132,-0.036219,0.000000,0.005326
A,252597791,-0.9409,-2.0650,-9.4703
G,252599651,-0.036219,0.001065,0.003196
A,252600275,-0.9445,-2.0614,-9.4667
G,252602147,-0.037284,0.004261,0.000000
A,252602748,-0.9517,-2.0578,-9.4703
G,252604648,-0.038350,0.008522,-0.003196
A,252605216,-0.9553,-2.0578,-9.4739
G,252607144,-0.036219,0.012783,-0.003196
A,252607702,-0.9589,-2.0470,-9.4667
G,252609614,-0.030893,0.014914,-0.001065
A,252610176,-0.9553,-2.0399,-9.4739
G,252612106,-0.024501,0.014914,0.000000
A,252612634,-0.9553,-2.0255,-9.4774
G,252614615,-0.019175,0.011718,0.000000
A,252615111,-0.9517,-2.0147,-9.4846
G,252617111,-0.015979,0.009587,-0.004261
TRK,252616,0.09359,-0.48479,0.86690,-0.06857,-0.3902,0.7484,-0.4641,0.000,0.000,0.000,1,12
A,252617610,-0.9517,-2.0111,-9.4954
G,252619593,-0.012783,0.009587,-0.007457
A,252620084,-0.9517,-2.0147,-9.5062
G,252622103,-0.009587,0.010653,-0.008522
A,252622562,-0.9517,-2.0255,-9.5098
G,252624599,-0.006392,0.011718,-0.006392
A,252625036,-0.9517,-2.0291,-9.5062
G,252627091,-0.002131,0.009587,-0.004261
A,252627497,-0.9517,-2.0399,-9.4918
G,252629601,0.004261,0.007457,-0.003196
A,252629976,-0.9517,-2.0399,-9.4846
G,252632097,0.010653,0.008522,0.000000
A,252632450,-0.9517,-2.0363,-9.4774
G,252634579,0.015979,0.011718,0.001065
A,252634903,-0.9517,-2.0399,-9.4810
G,252637075,0.019175,0.014914,0.002131
A,252637377,-0.9553,-2.0363,-9.4810
TRK,252631,0.09359,-0.48479,0.86689,-0.06866,-0.3902,0.7484,-0.4641,0.000,0.000,0.000,1,12
G,252639558,0.021305,0.014914,0.003196
A,252639831,-0.9553,-2.0327,-9.4846
G,252642057,0.023436,0.013848,0.006392
A,252642303,-0.9589,-2.0291,-9.4810
G,252644553,0.025566,0.010653,0.007457
A,252644799,-0.9589,-2.0291,-9.4774
G,252647026,0.028762,0.010653,0.008522
A,252647273,-0.9589,-2.0291,-9.4774
G,252649520,0.031958,0.011718,0.008522
A,252649739,-0.9553,-2.0363,-9.4810
TRK,252650,0.09370,-0.48479,0.86686,-0.06887,-0.3902,0.7484,-0.4641,0.000,0.000,0.000,1,12
G,252652034,0.036219,0.012783,0.008522
A,252652227,-0.9517,-2.0363,-9.4882
G,252654530,0.038350,0.009587,0.004261
A,252654700,-0.9553,-2.0435,-9.5026
G,252657024,0.036219,0.006392,0.003196
A,252657168,-0.9517,-2.0506,-9.5062
G,252659519,0.031958,0.005326,0.005326
A,252659642,-0.9517,-2.0614,-9.5062
G,252662013,0.025566,0.004261,0.007457
A,252662111,-0.9445,-2.0686,-9.4990
G,252664531,0.020240,0.003196,0.005326
A,252664604,-0.9301,-2.0614,-9.4882
G,252667026,0.017044,0.002131,-0.003196
A,252667078,-0.9230,-2.0542,-9.4774
G,252669510,0.018109,0.002131,-0.008522
A,252669539,-0.9158,-2.0470,-9.4739
G,252672011,0.020240,0.000000,-0.012783
A,252672017,-0.9122,-2.0470,-9.4774
A,252674490,-0.9122,-2.0542,-9.4846
G,252674507,0.022371,-0.001065,-0.011718
A,252676943,-0.9194,-2.0650,-9.5026
G,252676981,0.019175,0.001065,-0.010653
TRK,252677,0.09394,-0.48477,0.86684,-0.06902,-0.3902,0.7484,-0.4641,0.000,0.000,0.000,1,12
A,252679426,-0.9266,-2.0722,-9.5134
G,252679486,0.011718,0.002131,-0.007457
A,252681899,-0.9373,-2.0794,-9.5277
G,252681981,0.002131,0.000000,-0.007457
A,252684364,-0.9373,-2.0794,-9.5313
G,252684466,-0.007457,-0.002131,-0.008522
A,252686858,-0.9337,-2.0794,-9.5277
G,252686981,-0.014914,-0.003196,-0.008522
A,252689332,-0.9266,-2.0686,-9.5205
G,252689477,-0.022371,-0.003196,-0.008522
A,252691787,-0.9158,-2.0650,-9.5134
G,252691951,-0.028762,-0.002131,-0.007457
TRK,252692,0.09393,-0.48477,0.86685,-0.06886,-0.3902,0.7484,-0.4641,0.000,0.000,0.000,1,12
A,252711587,-0.9266,-2.0435,-9.4667
G,252711905,-0.042611,-0.003196,-0.001065
A,252756082,-0.9481,-2.0291,-9.4703
G,252756872,0.074569,0.006392,-0.020240
G,253410749,0.028762,-0.004261,-0.014914
A,253411674,-0.9373,-2.1404,-9.4810
G,253413244,0.025566,-0.005326,-0.014914
A,253414152,-0.9373,-2.1440,-9.4810
G,253415713,0.019175,-0.006392,-0.014914
TRK,253465,0.09667,-0.48466,0.86629,-0.07285,-0.3902,0.7484,-0.4641,0.000,0.000,0.000,1,12
A,253471086,-0.9553,-2.1620,-9.4379
G,253473074,-0.030893,-0.019175,-0.002131
A,253473559,-0.9661,-2.1584,-9.4308
G,253475586,-0.026632,-0.015979,-0.001065
A,253476039,-0.9732,-2.1584,-9.4308
G,253478081,-0.023436,-0.013848,-0.001065
A,253478513,-0.9732,-2.1584,-9.4379
G,253480584,-0.022371,-0.013848,0.001065
A,253480984,-0.9697,-2.1620,-9.4415
G,253483079,-0.022371,-0.015979,-0.003196
A,253483458,-0.9589,-2.1548,-9.4415
G,253485562,-0.020240,-0.018109,-0.007457
A,253485911,-0.9481,-2.1548,-9.4415
G,253488058,-0.017044,-0.018109,-0.013848
A,253488385,-0.9445,-2.1440,-9.4451
TRK,253482,0.09665,-0.48465,0.86632,-0.07258,-0.3902,0.7484,-0.4641,0.000,0.000,0.000,1,12
G,253490541,-0.009587,-0.012783,-0.014914
A,253490839,-0.9481,-2.1332,-9.4487
G,253493054,-0.001065,-0.006392,-0.015979
A,253493324,-0.9553,-2.1117,-9.4559
G,253495549,0.008522,0.001065,-0.015979
A,253495798,-0.9589,-2.1009,-9.4559
G,253498063,0.018109,0.004261,-0.018109
A,253498284,-0.9625,-2.0937,-9.4559
G,253500558,0.025566,0.007457,-0.019175
A,253500757,-0.9589,-2.0973,-9.4523
G,253503051,0.030893,0.008522,-0.019175
A,253503224,-0.9517,-2.1153,-9.4487
G,253505563,0.031958,0.009587,-0.018109
A,253505710,-0.9481,-2.1332,-9.4523
G,253508059,0.033023,0.010653,-0.015979
A,253508184,-0.9445,-2.1512,-9.4487
TRK,253503,0.09670,-0.48465,0.86631,-0.07264,-0.3902,0.7484,-0.4641,0.000,0.000,0.000,1,12
G,253510561,0.031958,0.009587,-0.013848
A,253510662,-0.9409,-2.1620,-9.4415
G,253513057,0.030893,0.005326,-0.013848
A,253513136,-0.9409,-2.1727,-9.4379
G,253515540,0.026632,0.002131,-0.015979
A,253515595,-0.9409,-2.1656,-9.4272
G,253518035,0.023436,0.001065,-0.018109
A,253518068,-0.9373,-2.1727,-9.4236
G,253520519,0.020240,0.002131,-0.020240
A,253520529,-0.9337,-2.1691,-9.4236
A,253523020,-0.9373,-2.1691,-9.4272
G,253523032,0.017044,0.003196,-0.025566
A,253525494,-0.9337,-2.1691,-9.4344
G,253525528,0.012783,0.002131,-0.030893
A,253527946,-0.9373,-2.1656,-9.4487
G,253528002,0.008522,-0.001065,-0.033023
A,253530420,-0.9445,-2.1691,-9.4667
G,253530498,0.004261,-0.004261,-0.029827
A,253532873,-0.9445,-2.1691,-9.4846
G,253532972,0.000000,-0.004261,-0.022371
A,253535358,-0.9445,-2.1656,-9.4990
G,253535476,-0.005326,-0.003196,-0.014914
A,253537831,-0.9445,-2.1584,-9.4990
G,253537972,-0.009587,-0.003196,-0.008522
TRK,253533,0.09682,-0.48465,0.86627,-0.07293,-0.3902,0.7484,-0.4641,0.000,0.000,0.000,1,12
A,253540297,-0.9337,-2.1548,-9.4954
G,253540456,-0.013848,-0.004261,-0.011718
A,253542780,-0.9337,-2.1512,-9.4846
G,253542959,-0.015979,-0.008522,-0.018109
A,253545254,-0.9337,-2.1548,-9.4739
G,253545454,-0.013848,-0.011718,-0.022371
A,253547710,-0.9373,-2.1548,-9.4595
G,253547929,-0.012783,-0.011718,-0.018109
A,253550198,-0.9445,-2.1476,-9.4523
G,253550434,-0.009587,-0.010653,-0.010653
A,253552672,-0.9553,-2.1512,-9.4487
G,253552950,-0.006392,-0.007457,-0.006392
A,253555120,-0.9697,-2.1404,-9.4559
G,253555446,-0.002131,-0.006392,-0.008522
A,253557600,-0.9840,-2.1476,-9.4667
G,253557941,-0.001065,-0.005326,-0.012783
A,253560074,-0.9912,-2.1512,-9.4774
G,253560437,-0.001065,-0.004261,-0.014914
A,253562554,-0.9912,-2.1620,-9.4882
G,253562932,0.000000,-0.004261,-0.015979
A,253565028,-0.9876,-2.1656,-9.4918
G,253565428,0.002131,-0.004261,-0.009587
A,253567489,-0.9804,-2.1584,-9.4846
G,253567903,0.002131,-0.008522,-0.004261
TRK,253564,0.09691,-0.48464,0.86627,-0.07285,-0.3902,0.7484,-0.4641,0.000,0.000,0.000,1,12
A,253569981,-0.9732,-2.1548,-9.4739
G,253570409,0.002131,-0.012783,-0.001065
A,253572455,-0.9625,-2.1404,-9.4559
G,253572904,0.002131,-0.015979,-0.002131
A,253574928,-0.9481,-2.1261,-9.4379
G,253575390,0.007457,-0.011718,-0.001065
A,253577401,-0.9445,-2.1189,-9.4272
G,253577901,0.014914,-0.005326,0.002131
A,253579850,-0.9373,-2.1117,-9.4164
G,253580397,0.023436,0.003196,0.002131
A,253582323,-0.9373,-2.1117,-9.4200
TRK,253576,0.09701,-0.48462,0.86627,-0.07283,-0.3902,0.7484,-0.4641,0.000,0.000,0.000,1,12
G,253582913,0.031958,0.008522,-0.001065
A,253584778,-0.9373,-2.1117,-9.4200
G,253585408,0.040480,0.010653,-0.006392
A,253587260,-0.9445,-2.1153,-9.4236
G,253587900,0.045806,0.010653,-0.007457
A,253589734,-0.9409,-2.1189,-9.4272
G,253590395,0.050067,0.010653,-0.006392
A,253592201,-0.9481,-2.1296,-9.4344
G,253592872,0.050067,0.010653,-0.001065
A,253594699,-0.9445,-2.1476,-9.4559
G,253595377,0.049002,0.011718,0.004261
A,253597172,-0.9481,-2.1620,-9.4739
TRK,253593,0.09712,-0.48462,0.86624,-0.07309,-0.3902,0.7484,-0.4641,0.000,0.000,0.000,1,12
G,253597894,0.046872,0.014914,0.009587
A,253599631,-0.9553,-2.1727,-9.4918
G,253600389,0.042611,0.017044,0.010653
A,253602120,-0.9661,-2.1763,-9.5062
G,253602886,0.038350,0.020240,0.012783
A,253604593,-0.9732,-2.1691,-9.5062
G,253605381,0.034088,0.019175,0.009587
A,253607065,-0.9732,-2.1691,-9.5026
G,253607859,0.031958,0.019175,0.007457
A,253609538,-0.9661,-2.1620,-9.4954
G,253610355,0.029827,0.015979,0.004261
TRK,253604,0.09717,-0.48463,0.86621,-0.07330,-0.3902,0.7484,-0.4641,0.000,0.000,0.000,1,12
A,253612010,-0.9625,-2.1584,-9.4846
G,253612832,0.027697,0.015979,0.005326
A,253614483,-0.9553,-2.1548,-9.4810
G,253615337,0.025566,0.017044,0.007457
A,253616933,-0.9481,-2.1584,-9.4703
G,253617832,0.021305,0.015979,0.008522
A,253619417,-0.9409,-2.1620,-9.4559
G,253620320,0.013848,0.012783,0.005326
A,253621890,-0.9337,-2.1691,-9.4451
G,253622816,0.008522,0.009587,0.001065
TRK,253621,0.09717,-0.48464,0.86620,-0.07342,-0.3902,0.7484,-0.4641,0.000,0.000,0.000,1,12
A,253624365,-0.9266,-2.1691,-9.4344
G,253625294,0.006392,0.007457,-0.006392
A,253626839,-0.9194,-2.1727,-9.4272
G,253627811,0.009587,0.006392,-0.011718
A,253629302,-0.9194,-2.1727,-9.4344
G,253630306,0.015979,0.007457,-0.012783
A,253631776,-0.9230,-2.1763,-9.4487
G,253632813,0.022371,0.008522,-0.011718
A,253634231,-0.9301,-2.1835,-9.4631
G,253635309,0.025566,0.007457,-0.007457
TRK,253635,0.09718,-0.48464,0.86619,-0.07346,-0.3902,0.7484,-0.4641,0.000,0.000,0.000,1,12
A,253636728,-0.9409,-2.1979,-9.4846
G,253637806,0.024501,0.007457,-0.005326
A,253639202,-0.9517,-2.1979,-9.4954
G,253640302,0.019175,0.007457,-0.002131
A,253641671,-0.9553,-2.1907,-9.4990
G,253642771,0.012783,0.008522,0.002131
A,253644144,-0.9589,-2.1691,-9.4882
G,253645267,0.008522,0.008522,0.005326
A,253646624,-0.9553,-2.1512,-9.4703
G,253647746,0.009587,0.007457,0.005326
A,253649097,-0.9589,-2.1296,-9.4451
G,253650241,0.012783,0.005326,0.000000
A,253651577,-0.9625,-2.1261,-9.4272
G,253652720,0.017044,0.003196,-0.004261
A,253654051,-0.9661,-2.1332,-9.4164
G,253655224,0.022371,0.002131,-0.007457
A,253656505,-0.9661,-2.1440,-9.4200
G,253657719,0.025566,0.000000,-0.009587
TRK,253657,0.09724,-0.48463,0.86618,-0.07352,-0.3902,0.7484,-0.4641,0.000,0.000,0.000,1,12
A,253658997,-0.9661,-2.1620,-9.4308
G,253660209,0.026632,-0.001065,-0.014914
A,253661471,-0.9625,-2.1763,-9.4415
G,253662727,0.025566,0.000000,-0.017044
A,253663941,-0.9625,-2.1799,-9.4523
G,253665223,0.023436,0.001065,-0.017044
A,253666415,-0.9589,-2.1835,-9.4595
G,253667739,0.020240,0.002131,-0.014914
A,253668885,-0.9481,-2.1835,-9.4667
G,253670234,0.013848,0.002131,-0.012783
A,253671359,-0.9409,-2.1835,-9.4739
G,253672734,0.008522,0.000000,-0.014914
A,253673813,-0.9301,-2.1799,-9.4774
G,253675229,0.005326,-0.001065,-0.014914
A,253676299,-0.9230,-2.1799,-9.4774
G,253677709,0.004261,-0.002131,-0.013848
A,253678773,-0.9194,-2.1799,-9.4810
G,253680218,0.004261,0.000000,-0.010653
A,253681239,-0.9158,-2.1799,-9.4774
G,253682714,0.006392,0.001065,-0.009587
A,253683713,-0.9158,-2.1835,-9.4667
TRK,253678,0.09731,-0.48463,0.86617,-0.07360,-0.3902,0.7484,-0.4641,0.000,0.000,0.000,1,12
G,253685204,0.007457,0.001065,-0.010653
A,253686160,-0.9230,-2.1835,-9.4631
G,253687699,0.008522,0.001065,-0.011718
A,253688634,-0.9337,-2.1799,-9.4523
G,253690189,0.006392,0.000000,-0.014914
A,253691083,-0.9517,-2.1763,-9.4487
G,253692685,0.003196,0.000000,-0.018109
A,253693564,-0.9661,-2.1799,-9.4487
G,253695155,0.001065,-0.001065,-0.020240
A,253696037,-0.9732,-2.1835,-9.4487
TRK,253695,0.09732,-0.48463,0.86616,-0.07366,-0.3902,0.7484,-0.4641,0.000,0.000,0.000,1,12
G,253697656,0.000000,0.000000,-0.018109
A,253698498,-0.9697,-2.1943,-9.4487
G,253700152,0.000000,0.000000,-0.014914
A,253700980,-0.9625,-2.2015,-9.4487
G,253702623,-0.001065,0.000000,-0.010653
A,253703454,-0.9553,-2.2051,-9.4487
G,253705135,0.000000,-0.001065,-0.008522
A,253705927,-0.9553,-2.2015,-9.4487
G,253707631,-0.001065,-0.003196,-0.005326
A,253708401,-0.9589,-2.1943,-9.4523
G,253710142,-0.004261,-0.005326,-0.005326
A,253710875,-0.9661,-2.1943,-9.4631
G,253712638,-0.008522,-0.006392,-0.004261
A,253713348,-0.9732,-2.1943,-9.4703
G,253715129,-0.015979,-0.008522,-0.005326
A,253715803,-0.9697,-2.1907,-9.4810
G,253717625,-0.021305,-0.011718,-0.004261
A,253718287,-0.9589,-2.1871,-9.4882
G,253720094,-0.027697,-0.015979,-0.004261
A,253720760,-0.9481,-2.1763,-9.4810
G,253722589,-0.031958,-0.022371,-0.003196
A,253723220,-0.9337,-2.1656,-9.4703
TRK,253720,0.09738,-0.48462,0.86616,-0.07364,-0.3902,0.7484,-0.4641,0.000,0.000,0.000,1,12
G,253725102,-0.034088,-0.027697,-0.002131
A,253725698,-0.9230,-2.1548,-9.4559
G,253727597,-0.034088,-0.029827,-0.002131
A,253728171,-0.9230,-2.1476,-9.4379
G,253730079,-0.031958,-0.027697,0.000000
A,253730620,-0.9301,-2.1404,-9.4200
G,253732575,-0.029827,-0.024501,-0.002131
A,253733108,-0.9373,-2.1368,-9.4056
G,253735046,-0.026632,-0.023436,-0.006392
A,253735582,-0.9517,-2.1404,-9.3984
TRK,253735,0.09747,-0.48460,0.86618,-0.07342,-0.3902,0.7484,-0.4641,0.000,0.000,0.000,1,12
G,253737549,-0.021305,-0.021305,-0.009587
A,253738052,-0.9589,-2.1440,-9.3984
G,253740045,-0.015979,-0.017044,-0.011718
A,253740525,-0.9697,-2.1620,-9.4056
G,253742528,-0.009587,-0.009587,-0.007457
A,253742977,-0.9697,-2.1656,-9.4164
G,253745023,-0.004261,-0.005326,-0.005326
A,253745450,-0.9732,-2.1799,-9.4236
G,253747505,0.002131,-0.004261,0.000000
A,253747901,-0.9661,-2.1763,-9.4344
G,253750019,0.006392,-0.007457,0.000000
A,253750385,-0.9625,-2.1799,-9.4379
G,253752514,0.008522,-0.009587,0.002131
A,253752859,-0.9481,-2.1727,-9.4523
G,253755008,0.007457,-0.009587,0.005326
A,253755324,-0.9409,-2.1656,-9.4523
G,253757504,0.004261,-0.008522,0.011718
A,253757819,-0.9301,-2.1584,-9.4631
G,253759978,-0.001065,-0.009587,0.015979
A,253760293,-0.9337,-2.1512,-9.4739
TRK,253760,0.09762,-0.48459,0.86617,-0.07346,-0.3902,0.7484,-0.4641,0.000,0.000,0.000,1,12
G,253762482,-0.003196,-0.014914,0.015979
A,253762769,-0.9409,-2.1548,-9.4774
G,253764978,-0.004261,-0.022371,0.010653
A,253765242,-0.9481,-2.1656,-9.4846
G,253767451,-0.002131,-0.027697,0.008522
A,253767688,-0.9553,-2.1763,-9.4739
G,253769966,0.001065,-0.027697,0.008522
A,253770176,-0.9589,-2.1763,-9.4595
G,253772461,0.007457,-0.024501,0.009587
A,253772650,-0.9589,-2.1727,-9.4487
G,253774956,0.013848,-0.020240,0.006392
A,253775119,-0.9625,-2.1656,-9.4379
G,253777452,0.018109,-0.014914,0.003196
A,253777592,-0.9661,-2.1584,-9.4308
TRK,253772,0.09775,-0.48457,0.86616,-0.07345,-0.3902,0.7484,-0.4641,0.000,0.000,0.000,1,12
G,253779927,0.021305,-0.013848,-0.001065
A,253780042,-0.9697,-2.1548,-9.4272
G,253782433,0.023436,-0.012783,0.000000
A,253782524,-0.9661,-2.1512,-9.4236
G,253784928,0.024501,-0.010653,0.001065
A,253784997,-0.9661,-2.1476,-9.4236
G,253787414,0.026632,-0.003196,0.005326
A,253787459,-0.9661,-2.1476,-9.4236
G,253789928,0.027697,0.003196,0.001065
A,253789950,-0.9589,-2.1512,-9.4308
G,253792424,0.027697,0.010653,0.000000
A,253792453,-0.9553,-2.1548,-9.4308
G,253794899,0.024501,0.012783,-0.002131
A,253794927,-0.9589,-2.1691,-9.4379
G,253797404,0.020240,0.011718,-0.005326
A,253797409,-0.9589,-2.1727,-9.4379
A,253799882,-0.9625,-2.1799,-9.4415
G,253799899,0.018109,0.007457,-0.008522
TRK,253799,0.09794,-0.48456,0.86612,-0.07372,-0.3902,0.7484,-0.4641,0.000,0.000,0.000,1,12
A,253802347,-0.9661,-2.1835,-9.4451
G,253802385,0.018109,0.005326,-0.011718
A,253804835,-0.9697,-2.1799,-9.4523
G,253804895,0.022371,0.003196,-0.009587
A,253807308,-0.9732,-2.1727,-9.4523
G,253807390,0.026632,0.003196,-0.008522
A,253809784,-0.9804,-2.1799,-9.4595
G,253809887,0.029827,0.003196,-0.009587
A,253812258,-0.9840,-2.1835,-9.4559
G,253812413,0.029827,0.003196,-0.010653
A,253814714,-0.9876,-2.1871,-9.4559
G,253814909,0.027697,0.004261,-0.008522
A,253817202,-0.9840,-2.1835,-9.4451
G,253817414,0.024501,0.003196,-0.008522
A,253819676,-0.9804,-2.1835,-9.4379
G,253819910,0.022371,0.004261,-0.005326
A,253822144,-0.9732,-2.1727,-9.4308
G,253822396,0.021305,0.004261,-0.006392
TRK,253823,0.09802,-0.48457,0.86610,-0.07391,-0.3902,0.7484,-0.4641,0.000,0.000,0.000,1,12
A,253824643,-0.9625,-2.1727,-9.4164
G,253824912,0.021305,0.004261,-0.007457
A,253827117,-0.9517,-2.1691,-9.4128
G,253827407,0.023436,0.004261,-0.012783
A,253829576,-0.9481,-2.1656,-9.4164
G,253829883,0.025566,0.003196,-0.017044
A,253832050,-0.9445,-2.1584,-9.4272
G,253832402,0.026632,0.003196,-0.013848
A,253834503,-0.9481,-2.1584,-9.4379
G,253834897,0.028762,0.003196,-0.006392
TRK,253831,0.09806,-0.48456,0.86609,-0.07396,-0.3902,0.7484,-0.4641,0.000,0.000,0.000,1,12
A,253836995,-0.9481,-2.1656,-9.4523
G,253837403,0.031958,0.004261,-0.001065
A,253839468,-0.9481,-2.1763,-9.4631
G,253839899,0.030893,0.004261,-0.002131
A,253841938,-0.9517,-2.1799,-9.4631
G,253842382,0.028762,0.003196,-0.005326
A,253844411,-0.9589,-2.1799,-9.4667
G,253844899,0.023436,0.003196,-0.007457
A,253846865,-0.9625,-2.1763,-9.4631
G,253847394,0.021305,0.003196,-0.007457
A,253849350,-0.9661,-2.1727,-9.4595
G,253849890,0.019175,0.003196,-0.005326
A,253851823,-0.9589,-2.1691,-9.4559
G,253852386,0.018109,0.000000,-0.003196
A,253854289,-0.9553,-2.1727,-9.4595
G,253854862,0.017044,-0.003196,-0.003196
A,253856785,-0.9553,-2.1727,-9.4595
G,253857369,0.015979,-0.007457,-0.004261
A,253859259,-0.9589,-2.1763,-9.4631
G,253859865,0.011718,-0.010653,-0.008522
TRK,253860,0.09822,-0.48455,0.86607,-0.07410,-0.3902,0.7484,-0.4641,0.000,0.000,0.000,1,12
A,253861755,-0.9661,-2.1799,-9.4667
G,253862371,0.006392,-0.013848,-0.008522
A,253864229,-0.9768,-2.1835,-9.4739
G,253864867,0.000000,-0.020240,-0.008522
A,253866706,-0.9804,-2.1835,-9.4667
G,253867354,-0.004261,-0.027697,-0.007457
A,253869180,-0.9768,-2.1871,-9.4631
G,253869868,-0.008522,-0.033023,-0.009587
A,253871636,-0.9732,-2.1871,-9.4487
G,253872364,-0.009587,-0.036219,-0.010653
A,253874125,-0.9697,-2.1835,-9.4415
G,253874861,-0.007457,-0.038350,-0.006392
A,253876599,-0.9732,-2.1799,-9.4379
G,253877356,-0.002131,-0.039415,0.001065
A,253879069,-0.9804,-2.1763,-9.4379
G,253879833,0.003196,-0.040480,0.005326
TRK,253872,0.09835,-0.48453,0.86608,-0.07395,-0.3902,0.7484,-0.4641,0.000,0.000,0.000,1,12
A,253881569,-0.9840,-2.1763,-9.4451
G,253882341,0.007457,-0.037284,0.003196
A,253884043,-0.9804,-2.1763,-9.4523
G,253884836,0.008522,-0.031958,-0.001065
A,253886524,-0.9768,-2.1799,-9.4559
G,253887323,0.006392,-0.027697,-0.001065
A,253888997,-0.9661,-2.1835,-9.4523
G,253889841,0.004261,-0.024501,0.000000
A,253891459,-0.9625,-2.1871,-9.4451
G,253892337,0.000000,-0.023436,0.005326
A,253893939,-0.9625,-2.1979,-9.4344
G,253894821,-0.005326,-0.024501,0.006392
A,253896412,-0.9697,-2.2087,-9.4308
G,253897316,-0.011718,-0.026632,0.006392
TRK,253891,0.09865,-0.48449,0.86608,-0.07376,-0.3902,0.7484,-0.4641,0.000,0.000,0.000,1,12
A,253898886,-0.9768,-2.2194,-9.4308
G,253899794,-0.018109,-0.029827,0.004261
A,253901359,-0.9876,-2.2266,-9.4523
G,253902289,-0.023436,-0.033023,0.005326
A,253903834,-0.9912,-2.2230,-9.4631
G,253904768,-0.028762,-0.035154,0.007457
A,253906308,-0.9948,-2.2194,-9.4810
G,253907277,-0.031958,-0.037284,0.008522
A,253908764,-0.9948,-2.2051,-9.4739
G,253909772,-0.035154,-0.038350,0.008522
A,253911251,-0.9876,-2.1979,-9.4559
G,253912261,-0.034088,-0.034088,0.004261
A,253913724,-0.9876,-2.1835,-9.4379
G,253914780,-0.029827,-0.027697,0.001065
A,253916192,-0.9912,-2.1799,-9.4200
G,253917275,-0.022371,-0.018109,-0.001065
A,253918665,-0.9912,-2.1727,-9.4200
G,253919771,-0.012783,-0.009587,-0.006392
A,253921111,-0.9948,-2.1656,-9.4272
G,253922266,-0.005326,-0.003196,-0.009587
TRK,253922,0.09884,-0.48444,0.86612,-0.07337,-0.3902,0.7484,-0.4641,0.000,0.000,0.000,1,12
A,253923610,-0.9984,-2.1691,-9.4379
G,253924765,0.001065,0.000000,-0.012783
A,253926084,-0.9984,-2.1763,-9.4487
G,253927280,0.003196,0.002131,-0.013848
A,253928551,-0.9948,-2.1835,-9.4559
G,253929776,0.006392,0.002131,-0.017044
A,253931024,-0.9876,-2.1871,-9.4595
G,253932284,0.009587,0.004261,-0.017044
A,253933486,-0.9840,-2.1835,-9.4559
G,253934780,0.012783,0.007457,-0.014914
A,253935959,-0.9768,-2.1799,-9.4487
TRK,253935,0.09886,-0.48445,0.86610,-0.07349,-0.3902,0.7484,-0.4641,0.000,0.000,0.000,1,12
G,253937288,0.014914,0.013848,-0.010653
A,253938422,-0.9732,-2.1727,-9.4415
G,253939784,0.015979,0.017044,-0.010653
A,253940915,-0.9732,-2.1763,-9.4415
G,253942272,0.018109,0.019175,-0.011718
A,253943389,-0.9768,-2.1799,-9.4487
G,253944791,0.020240,0.020240,-0.015979
A,253945863,-0.9804,-2.1871,-9.4595
G,253947286,0.023436,0.019175,-0.015979
A,253948337,-0.9804,-2.1979,-9.4703
G,253949785,0.023436,0.019175,-0.014914
A,253950792,-0.9804,-2.2051,-9.4774
G,253952281,0.020240,0.018109,-0.011718
A,253953266,-0.9804,-2.2051,-9.4774
G,253954779,0.013848,0.015979,-0.011718
A,253955722,-0.9732,-2.2015,-9.4774
G,253957274,0.010653,0.013848,-0.011718
TRK,253952,0.09888,-0.48446,0.86607,-0.07375,-0.3902,0.7484,-0.4641,0.000,0.000,0.000,1,12
A,253958210,-0.9768,-2.1835,-9.4631
G,253959753,0.009587,0.013848,-0.012783
A,253960683,-0.9732,-2.1691,-9.4523
G,253962262,0.011718,0.014914,-0.011718
A,253963152,-0.9732,-2.1584,-9.4415
G,253964758,0.014914,0.017044,-0.012783
A,253965625,-0.9768,-2.1512,-9.4236
G,253967267,0.018109,0.014914,-0.014914
A,253968094,-0.9732,-2.1584,-9.4164
G,253969762,0.022371,0.012783,-0.018109
A,253970568,-0.9804,-2.1584,-9.4056
G,253972252,0.024501,0.011718,-0.019175
A,253973019,-0.9804,-2.1620,-9.4128
G,253974770,0.025566,0.011718,-0.018109
A,253975501,-0.9840,-2.1620,-9.4272
G,253977266,0.023436,0.012783,-0.019175
TRK,253973,0.09892,-0.48446,0.86605,-0.07395,-0.3902,0.7484,-0.4641,0.000,0.000,0.000,1,12
A,253977993,-0.9840,-2.1620,-9.4451
G,253979745,0.022371,0.014914,-0.018109
A,253980466,-0.9804,-2.1691,-9.4559
G,253982254,0.022371,0.017044,-0.017044
A,253982939,-0.9840,-2.1763,-9.4523
G,253984749,0.023436,0.019175,-0.018109
A,253985412,-0.9840,-2.1871,-9.4415
G,253987233,0.026632,0.018109,-0.022371
A,253987860,-0.9876,-2.1907,-9.4200
G,253989728,0.033023,0.018109,-0.023436
A,253990334,-0.9948,-2.1943,-9.4164
STAT,404.4,400.9,0,0,3086,0.0283,1.505,0.1632,0.1032,-0.1440,9.7452,8.17,0.000
G,253992218,0.041545,0.018109,-0.022371
A,253992789,-0.9948,-2.1979,-9.4128
G,253994737,0.051133,0.021305,-0.019175
A,253995275,-0.9876,-2.1979,-9.4128
G,253997233,0.056459,0.024501,-0.017044
A,253997749,-0.9804,-2.1979,-9.4236
G,253999733,0.061785,0.028762,-0.012783
A,254000216,-0.9625,-2.1979,-9.4308
G,254002228,0.064981,0.028762,-0.009587
A,254002714,-0.9553,-2.1943,-9.4344
G,254004708,0.064981,0.027697,-0.011718
A,254005187,-0.9481,-2.1979,-9.4379
G,254007218,0.061785,0.024501,-0.017044
A,254007665,-0.9517,-2.2051,-9.4487
G,254009713,0.058590,0.019175,-0.022371
A,254010139,-0.9589,-2.2087,-9.4523
TRK,254001,0.09906,-0.48447,0.86598,-0.07446,-0.3902,0.7484,-0.4641,0.000,0.000,0.000,1,12
G,254012203,0.055394,0.014914,-0.024501
A,254012598,-0.9661,-2.2122,-9.4631
G,254014698,0.050067,0.013848,-0.020240
A,254015088,-0.9768,-2.2158,-9.4631
G,254017169,0.045806,0.012783,-0.018109
A,254017561,-0.9804,-2.2194,-9.4631
G,254019660,0.039415,0.011718,-0.013848
A,254020023,-0.9876,-2.2230,-9.4595
G,254022156,0.033023,0.007457,-0.011718
TRK,254021,0.09920,-0.48448,0.86594,-0.07481,-0.3902,0.7484,-0.4641,0.000,0.000,0.000,1,12
A,254022524,-0.9876,-2.2230,-9.4559
G,254024636,0.023436,0.002131,-0.010653
A,254024998,-0.9804,-2.2266,-9.4631
G,254027147,0.011718,-0.003196,-0.008522
A,254027479,-0.9732,-2.2230,-9.4559
G,254029643,0.000000,-0.006392,-0.006392
A,254029953,-0.9661,-2.2230,-9.4595
G,254032144,-0.007457,-0.007457,0.000000
A,254032425,-0.9625,-2.2158,-9.4523
G,254034639,-0.013848,-0.008522,0.003196
A,254034899,-0.9589,-2.2122,-9.4487
G,254037151,-0.018109,-0.009587,0.003196
A,254037383,-0.9625,-2.1979,-9.4487
G,254039646,-0.022371,-0.009587,0.002131
A,254039856,-0.9589,-2.1835,-9.4487
G,254042128,-0.024501,-0.009587,-0.001065
A,254042312,-0.9589,-2.1763,-9.4523
G,254044624,-0.025566,-0.009587,-0.002131
TRK,254043,0.09925,-0.48446,0.86596,-0.07454,-0.3902,0.7484,-0.4641,0.000,0.000,0.000,1,12
A,254044808,-0.9589,-2.1727,-9.4559
G,254047095,-0.025566,-0.009587,0.000000
A,254047282,-0.9625,-2.1763,-9.4559
G,254049598,-0.025566,-0.010653,0.003196
A,254049758,-0.9661,-2.1871,-9.4559
G,254052093,-0.026632,-0.011718,0.009587
A,254052232,-0.9661,-2.2015,-9.4523
G,254054566,-0.027697,-0.013848,0.012783
A,254054679,-0.9589,-2.2122,-9.4523
TRK,254055,0.09925,-0.48445,0.86598,-0.07437,-0.3902,0.7484,-0.4641,0.000,0.000,0.000,1,12
G,254057078,-0.026632,-0.011718,0.015979
A,254057167,-0.9481,-2.2230,-9.4487
G,254059574,-0.022371,-0.010653,0.014914
A,254059641,-0.9445,-2.2266,-9.4415
G,254062046,-0.017044,-0.007457,0.011718
A,254062090,-0.9481,-2.2230,-9.4379
G,254064549,-0.009587,-0.004261,0.009587
A,254064570,-0.9517,-2.2087,-9.4308
A,254067044,-0.9589,-2.1943,-9.4308
G,254067045,-0.003196,-0.004261,0.005326
A,254069505,-0.9553,-2.1763,-9.4272
G,254069528,0.003196,-0.008522,0.003196
A,254071984,-0.9517,-2.1656,-9.4344
G,254072029,0.006392,-0.012783,-0.001065
A,254074458,-0.9589,-2.1620,-9.4379
G,254074525,0.009587,-0.013848,0.000000
A,254076911,-0.9625,-2.1656,-9.4379
G,254076998,0.013848,-0.011718,-0.001065
A,254079384,-0.9768,-2.1799,-9.4379
G,254079494,0.019175,-0.008522,-0.003196
A,254081837,-0.9768,-2.1943,-9.4379
G,254081967,0.025566,-0.006392,-0.005326
TRK,254082,0.09935,-0.48444,0.86598,-0.07436,-0.3902,0.7484,-0.4641,0.000,0.000,0.000,1,12
A,254084322,-0.9732,-2.2015,-9.4379
G,254084472,0.029827,-0.003196,-0.003196
A,254086796,-0.9661,-2.2015,-9.4379
G,254086967,0.036219,0.000000,0.000000
A,254089254,-0.9589,-2.1907,-9.4379
G,254089444,0.039415,0.001065,0.000000
A,254091751,-0.9625,-2.1799,-9.4344
G,254091959,0.039415,-0.001065,-0.003196
A,254094224,-0.9589,-2.1799,-9.4344
G,254094455,0.036219,-0.003196,-0.005326
TRK,254093,0.09944,-0.48444,0.86595,-0.07459,-0.3902,0.7484,-0.4641,0.000,0.000,0.000,1,12
A,254096689,-0.9589,-2.1835,-9.4308
G,254096937,0.033023,-0.002131,-0.005326
A,254099162,-0.9625,-2.1907,-9.4344
G,254099432,0.030893,-0.001065,-0.001065
A,254101621,-0.9625,-2.1943,-9.4272
G,254101908,0.029827,-0.001065,0.003196
A,254104095,-0.9732,-2.1907,-9.4308
G,254104403,0.028762,-0.002131,0.002131
A,254106555,-0.9840,-2.2015,-9.4344
G,254106880,0.027697,-0.002131,-0.001065
A,254109046,-0.9912,-2.1943,-9.4451
G,254109386,0.028762,0.000000,-0.006392
A,254111520,-0.9984,-2.2122,-9.4523
G,254111882,0.028762,0.005326,-0.009587
A,254113991,-0.9912,-2.2158,-9.4559
G,254114368,0.027697,0.008522,-0.011718
A,254116493,-0.9840,-2.2230,-9.4487
G,254116885,0.023436,0.007457,-0.012783
A,254118967,-0.9697,-2.2194,-9.4379
G,254119381,0.018109,0.003196,-0.013848
A,254121442,-0.9625,-2.2194,-9.4344
G,254121869,0.015979,0.000000,-0.012783
TRK,254122,0.09948,-0.48445,0.86591,-0.07490,-0.3902,0.7484,-0.4641,0.000,0.000,0.000,1,12
A,254123935,-0.9625,-2.2087,-9.4379
G,254124376,0.018109,0.001065,-0.009587
A,254126408,-0.9661,-2.2015,-9.4487
G,254126892,0.020240,0.002131,-0.008522
A,254128862,-0.9732,-2.2015,-9.4667
G,254129388,0.020240,0.001065,-0.008522
A,254131347,-0.9804,-2.1979,-9.4810
G,254131884,0.015979,0.001065,-0.010653
A,254133821,-0.9876,-2.2051,-9.4846
G,254134380,0.010653,0.000000,-0.011718
A,254136286,-0.9840,-2.2051,-9.4846
G,254136857,0.004261,-0.001065,-0.010653
TRK,254137,0.09946,-0.48445,0.86591,-0.07496,-0.3902,0.7484,-0.4641,0.000,0.000,0.000,1,12
A,254138782,-0.9840,-2.2122,-9.4703
G,254139363,-0.001065,-0.002131,-0.009587
A,254141256,-0.9804,-2.2087,-9.4559
G,254141859,-0.004261,-0.004261,-0.007457
A,254143731,-0.9697,-2.2087,-9.4379
G,254144344,-0.005326,-0.005326,-0.007457
A,254146205,-0.9625,-2.2051,-9.4164
G,254146840,-0.003196,-0.005326,-0.011718
A,254148683,-0.9481,-2.2015,-9.4056
G,254149327,0.003196,-0.003196,-0.019175
A,254151156,-0.9409,-2.1979,-9.3948
G,254151823,0.011718,-0.001065,-0.024501
A,254153635,-0.9409,-2.1943,-9.3984
G,254154310,0.020240,0.001065,-0.024501
A,254156108,-0.9409,-2.1979,-9.4128
G,254156825,0.025566,0.003196,-0.020240
A,254158566,-0.9553,-2.1979,-9.4236
G,254159321,0.030893,0.004261,-0.019175
TRK,254155,0.09943,-0.48446,0.86591,-0.07494,-0.3902,0.7484,-0.4641,0.000,0.000,0.000,1,12
A,254161056,-0.9661,-2.2015,-9.4379
G,254161819,0.034088,0.005326,-0.019175
A,254163530,-0.9768,-2.2087,-9.4415
G,254164314,0.036219,0.005326,-0.019175
A,254165999,-0.9912,-2.2122,-9.4415
G,254166790,0.036219,0.005326,-0.014914
A,254168473,-0.9948,-2.2194,-9.4415
G,254169299,0.034088,0.004261,-0.011718
A,254170926,-0.9948,-2.2194,-9.4379
G,254171794,0.030893,0.003196,-0.012783
A,254173409,-0.9912,-2.2122,-9.4308
G,254174283,0.025566,0.003196,-0.013848
A,254175883,-0.9840,-2.2122,-9.4308
TRK,254175,0.09950,-0.48446,0.86588,-0.07517,-0.3902,0.7484,-0.4641,0.000,0.000,0.000,1,12
G,254176801,0.023436,0.003196,-0.017044
A,254178347,-0.9804,-2.2087,-9.4236
G,254179297,0.020240,0.004261,-0.019175
A,254180821,-0.9768,-2.2087,-9.4236
G,254181795,0.019175,0.001065,-0.025566
A,254183266,-0.9661,-2.2158,-9.4236
G,254184290,0.018109,-0.002131,-0.029827
A,254185763,-0.9625,-2.2266,-9.4236
G,254186789,0.018109,-0.003196,-0.029827
A,254188237,-0.9553,-2.2302,-9.4272
G,254189285,0.018109,-0.002131,-0.024501
A,254190714,-0.9553,-2.2410,-9.4308
G,254191763,0.020240,0.001065,-0.019175
A,254193188,-0.9553,-2.2410,-9.4451
G,254194272,0.019175,0.003196,-0.021305
A,254195646,-0.9589,-2.2446,-9.4523
G,254196768,0.017044,0.005326,-0.025566
A,254198134,-0.9589,-2.2446,-9.4667
G,254199255,0.013848,0.003196,-0.027697
A,254200607,-0.9553,-2.2410,-9.4667
TRK,254196,0.09957,-0.48446,0.86586,-0.07533,-0.3902,0.7484,-0.4641,0.000,0.000,0.000,1,12
G,254201774,0.011718,0.002131,-0.024501
A,254203077,-0.9517,-2.2374,-9.4739
G,254204270,0.011718,0.001065,-0.021305
A,254205565,-0.9517,-2.2266,-9.4703
G,254206755,0.013848,0.004261,-0.014914
A,254208038,-0.9553,-2.2194,-9.4631
G,254209271,0.015979,0.004261,-0.013848
A,254210506,-0.9625,-2.2087,-9.4523
G,254211767,0.015979,0.005326,-0.011718
A,254212980,-0.9661,-2.2051,-9.4451
G,254214275,0.015979,0.003196,-0.014914
A,254215442,-0.9697,-2.2051,-9.4379
G,254216771,0.013848,0.002131,-0.011718
A,254217928,-0.9697,-2.2122,-9.4379
G,254219252,0.011718,0.001065,-0.010653
A,254220402,-0.9661,-2.2266,-9.4451
TRK,254220,0.09961,-0.48446,0.86584,-0.07548,-0.3902,0.7484,-0.4641,0.000,0.000,0.000,1,12
G,254221771,0.008522,0.000000,-0.006392
A,254222875,-0.9732,-2.2338,-9.4559
G,254224267,0.004261,0.000000,-0.006392
A,254225349,-0.9697,-2.2482,-9.4595
G,254226765,-0.001065,0.000000,-0.003196
A,254227803,-0.9732,-2.2446,-9.4595
G,254229261,-0.008522,0.003196,0.003196
A,254230298,-0.9661,-2.2410,-9.4523
G,254231748,-0.012783,0.005326,0.011718
A,254232772,-0.9553,-2.2302,-9.4415
G,254234244,-0.017044,0.005326,0.020240
TRK,254233,0.09959,-0.48446,0.86584,-0.07544,-0.3902,0.7484,-0.4641,0.000,0.000,0.000,1,12
A,254235258,-0.9481,-2.2194,-9.4308
G,254236723,-0.019175,-0.001065,0.020240
A,254237732,-0.9409,-2.2122,-9.4200
G,254239233,-0.019175,-0.008522,0.017044
A,254240199,-0.9409,-2.2122,-9.4200
G,254241728,-0.015979,-0.014914,0.011718
A,254242690,-0.9445,-2.2158,-9.4200
G,254244211,-0.011718,-0.017044,0.008522
A,254245163,-0.9481,-2.2122,-9.4200
G,254246706,-0.007457,-0.014914,0.007457
A,254247642,-0.9517,-2.2158,-9.4236
G,254249176,-0.002131,-0.012783,0.004261
A,254250116,-0.9553,-2.2158,-9.4272
G,254251677,0.005326,-0.007457,0.004261
A,254252576,-0.9517,-2.2158,-9.4308
G,254254173,0.012783,-0.005326,0.001065
A,254255064,-0.9553,-2.2122,-9.4308
G,254256651,0.018109,-0.001065,-0.001065
A,254257537,-0.9589,-2.2087,-9.4308
TRK,254257,0.09966,-0.48445,0.86584,-0.07541,-0.3902,0.7484,-0.4641,0.000,0.000,0.000,1,12
G,254259162,0.021305,0.002131,-0.004261
A,254260008,-0.9625,-2.2015,-9.4308
G,254261657,0.023436,0.008522,-0.006392
A,254262482,-0.9697,-2.1943,-9.4344
G,254264148,0.024501,0.011718,-0.004261
A,254264934,-0.9732,-2.1979,-9.4379
G,254266644,0.024501,0.013848,-0.001065
A,254267408,-0.9804,-2.2051,-9.4415
G,254269135,0.022371,0.013848,-0.001065
A,254269862,-0.9840,-2.2122,-9.4487
G,254271657,0.020240,0.012783,-0.002131
A,254272346,-0.9840,-2.2194,-9.4451
G,254274152,0.015979,0.009587,-0.007457
A,254274842,-0.9840,-2.2194,-9.4487
G,254276633,0.011718,0.004261,-0.007457
A,254277315,-0.9804,-2.2194,-9.4451
G,254279135,0.008522,-0.001065,-0.005326
A,254279781,-0.9697,-2.2194,-9.4451
G,254281631,0.008522,-0.001065,-0.003196
A,254282255,-0.9625,-2.2194,-9.4415
TRK,254276,0.09965,-0.48447,0.86581,-0.07567,-0.3902,0.7484,-0.4641,0.000,0.000,0.000,1,12
G,254284122,0.010653,0.001065,-0.001065
A,254284711,-0.9553,-2.2158,-9.4451
G,254286639,0.014914,0.004261,0.000000
A,254287195,-0.9517,-2.2122,-9.4451
G,254289135,0.019175,0.007457,0.002131
A,254289669,-0.9553,-2.2051,-9.4415
G,254291627,0.022371,0.008522,0.001065
A,254292128,-0.9553,-2.1943,-9.4344
G,254294139,0.023436,0.011718,-0.001065
A,254294608,-0.9553,-2.1943,-9.4308
G,254296634,0.023436,0.013848,-0.005326
A,254297081,-0.9553,-2.2015,-9.4308
G,254299126,0.023436,0.014914,-0.005326
A,254299541,-0.9553,-2.2087,-9.4308
TRK,254296,0.09964,-0.48448,0.86580,-0.07582,-0.3902,0.7484,-0.4641,0.000,0.000,0.000,1,12
G,254301647,0.023436,0.015979,-0.006392
A,254302032,-0.9589,-2.2194,-9.4308
G,254304143,0.023436,0.013848,-0.006392
A,254304506,-0.9625,-2.2158,-9.4308
G,254306644,0.022371,0.011718,-0.008522
A,254306978,-0.9697,-2.2158,-9.4236
G,254309139,0.023436,0.009587,-0.010653
A,254309451,-0.9697,-2.2158,-9.4200
G,254311621,0.025566,0.007457,-0.009587
A,254311904,-0.9768,-2.2051,-9.4128
G,254314117,0.027697,0.007457,-0.005326
A,254314378,-0.9804,-2.2015,-9.4164
G,254316598,0.029827,0.005326,-0.001065
A,254316832,-0.9840,-2.1943,-9.4200
G,254319110,0.031958,0.005326,0.003196
A,254319318,-0.9876,-2.1943,-9.4272
G,254321606,0.034088,0.004261,0.002131
A,254321791,-0.9840,-2.2015,-9.4308
TRK,254317,0.09962,-0.48449,0.86578,-0.07601,-0.3902,0.7484,-0.4641,0.000,0.000,0.000,1,12
G,254324098,0.037284,0.006392,0.003196
A,254324257,-0.9876,-2.2087,-9.4379
G,254326593,0.038350,0.009587,0.002131
A,254326731,-0.9840,-2.2194,-9.4415
G,254329066,0.037284,0.010653,-0.002131
A,254329178,-0.9804,-2.2302,-9.4451
G,254331561,0.033023,0.008522,-0.007457
A,254331652,-0.9697,-2.2374,-9.4451
G,254334034,0.028762,0.002131,-0.014914
A,254334101,-0.9625,-2.2374,-9.4487
TRK,254335,0.09969,-0.48449,0.86576,-0.07616,-0.3902,0.7484,-0.4641,0.000,0.000,0.000,1,12
G,254336558,0.026632,-0.003196,-0.013848
A,254336601,-0.9481,-2.2374,-9.4523
G,254339053,0.024501,-0.005326,-0.011718
A,254339074,-0.9409,-2.2374,-9.4559
A,254341535,-0.9373,-2.2410,-9.4667
G,254341536,0.020240,-0.002131,-0.005326
A,254344026,-0.9445,-2.2482,-9.4667
G,254344049,0.017044,0.003196,0.001065
A,254346499,-0.9553,-2.2446,-9.4595
G,254346545,0.011718,0.005326,0.005326
A,254348972,-0.9697,-2.2410,-9.4487
G,254349038,0.007457,0.003196,0.004261
A,254351445,-0.9804,-2.2374,-9.4415
G,254351534,0.004261,0.000000,0.000000
A,254353918,-0.9840,-2.2302,-9.4451
G,254354027,0.002131,0.000000,-0.002131
A,254356392,-0.9804,-2.2302,-9.4559
G,254356523,0.000000,0.002131,-0.004261
A,254358866,-0.9697,-2.2302,-9.4703
G,254359016,-0.003196,0.006392,-0.004261
A,254361339,-0.9625,-2.2302,-9.4810
G,254361512,-0.007457,0.006392,-0.003196
TRK,254360,0.09970,-0.48448,0.86577,-0.07607,-0.3902,0.7484,-0.4641,0.000,0.000,0.000,1,12
A,254363794,-0.9589,-2.2338,-9.4846
G,254363986,-0.011718,0.006392,-0.003196
A,254366274,-0.9589,-2.2338,-9.4774
G,254366484,-0.015979,0.006392,-0.003196
A,254368748,-0.9625,-2.2446,-9.4703
G,254368979,-0.021305,0.007457,-0.005326
A,254371215,-0.9625,-2.2482,-9.4631
G,254371464,-0.027697,0.006392,-0.006392
A,254373712,-0.9625,-2.2517,-9.4595
G,254373978,-0.033023,0.003196,-0.005326
A,254376185,-0.9589,-2.2482,-9.4667
G,254376473,-0.039415,-0.001065,-0.003196
TRK,254372,0.09962,-0.48449,0.86578,-0.07596,-0.3902,0.7484,-0.4641,0.000,0.000,0.000,1,12
A,254378663,-0.9553,-2.2446,-9.4703
G,254378968,-0.044741,-0.004261,0.002131
A,254381137,-0.9589,-2.2410,-9.4667
G,254381485,-0.052198,-0.006392,0.004261
A,254383589,-0.9625,-2.2302,-9.4631
G,254383981,-0.057524,-0.006392,0.004261
A,254386079,-0.9661,-2.2194,-9.4451
G,254386485,-0.061785,-0.006392,0.003196
A,254388552,-0.9697,-2.2158,-9.4344
G,254388981,-0.063916,-0.005326,0.007457
A,254391024,-0.9625,-2.2087,-9.4200
G,254391466,-0.063916,-0.009587,0.011718
A,254393525,-0.9625,-2.2051,-9.4164
G,254393980,-0.062851,-0.015979,0.017044
A,254395999,-0.9589,-2.2122,-9.4056
G,254396476,-0.058590,-0.024501,0.015979
A,254398481,-0.9553,-2.2194,-9.3984
G,254398970,-0.054328,-0.027697,0.015979
A,254400954,-0.9517,-2.2374,-9.3913
G,254401466,-0.045806,-0.025566,0.014914
TRK,254396,0.09943,-0.48448,0.86586,-0.07534,-0.3902,0.7484,-0.4641,0.000,0.000,0.000,1,12
A,254403437,-0.9481,-2.2482,-9.3913
G,254403960,-0.035154,-0.019175,0.014914
A,254405910,-0.9481,-2.2517,-9.3948
G,254406475,-0.020240,-0.012783,0.015979
A,254408363,-0.9481,-2.2374,-9.3984
G,254408970,-0.006392,-0.007457,0.015979
A,254410849,-0.9481,-2.2230,-9.4020
G,254411466,0.004261,-0.003196,0.014914
A,254413322,-0.9445,-2.2158,-9.3984
G,254413961,0.011718,0.000000,0.010653
TRK,254413,0.09952,-0.48446,0.86587,-0.07523,-0.3902,0.7484,-0.4641,0.000,0.000,0.000,1,12
A,254415798,-0.9409,-2.2158,-9.3913
G,254416446,0.020240,0.003196,0.004261
A,254418271,-0.9409,-2.2230,-9.3913
G,254418941,0.033023,0.007457,-0.001065
A,254420748,-0.9481,-2.2266,-9.3877
G,254421427,0.049002,0.011718,-0.002131
A,254423221,-0.9589,-2.2194,-9.3984
G,254423940,0.061785,0.013848,0.001065
A,254425676,-0.9804,-2.2087,-9.4092
G,254426435,0.072438,0.017044,0.003196
A,254428165,-0.9948,-2.1943,-9.4272
G,254428931,0.076699,0.017044,0.001065
A,254430638,-1.0092,-2.1871,-9.4451
G,254431448,0.077764,0.014914,-0.001065
A,254433099,-1.0199,-2.1907,-9.4631
G,254433943,0.076699,0.013848,-0.001065
TRK,254434,0.09972,-0.48447,0.86578,-0.07593,-0.3902,0.7484,-0.4641,0.000,0.000,0.000,1,12
A,254435599,-1.0271,-2.1979,-9.4739
G,254436449,0.075634,0.010653,-0.002131
A,254438073,-1.0307,-2.2158,-9.4846
G,254438944,0.074569,0.010653,-0.005326
A,254440548,-1.0235,-2.2338,-9.4882
G,254441424,0.072438,0.011718,-0.005326
A,254443022,-1.0163,-2.2482,-9.4918
G,254443940,0.070307,0.014914,-0.002131
A,254445484,-1.0020,-2.2589,-9.4954
G,254446436,0.068177,0.017044,-0.001065
A,254447963,-0.9876,-2.2589,-9.4882
G,254448918,0.062851,0.017044,0.000000
A,254450436,-0.9732,-2.2589,-9.4846
G,254451424,0.055394,0.014914,-0.001065
A,254452890,-0.9625,-2.2625,-9.4810
G,254453919,0.049002,0.013848,-0.002131
A,254455368,-0.9517,-2.2661,-9.4739
G,254456399,0.042611,0.014914,-0.003196
A,254457842,-0.9517,-2.2769,-9.4703
TRK,254453,0.09995,-0.48447,0.86570,-0.07649,-0.3902,0.7484,-0.4641,0.000,0.000,0.000,1,12
G,254458915,0.035154,0.013848,-0.004261
A,254460307,-0.9553,-2.2733,-9.4523
G,254461411,0.027697,0.011718,-0.006392
A,254462792,-0.9589,-2.2661,-9.4415
G,254463896,0.021305,0.009587,-0.007457
A,254465265,-0.9625,-2.2553,-9.4200
G,254466391,0.018109,0.009587,-0.007457
A,254467734,-0.9697,-2.2446,-9.4128
G,254468859,0.017044,0.008522,-0.005326
A,254470207,-0.9697,-2.2374,-9.4164
G,254471366,0.015979,0.008522,-0.004261
A,254472665,-0.9697,-2.2374,-9.4236
G,254473862,0.013848,0.008522,-0.006392
A,254475147,-0.9661,-2.2374,-9.4272
G,254476342,0.011718,0.011718,-0.004261
A,254477621,-0.9625,-2.2446,-9.4308
TRK,254473,0.10000,-0.48448,0.86568,-0.07665,-0.3902,0.7484,-0.4641,0.000,0.000,0.000,1,12
G,254478859,0.009587,0.011718,-0.005326
A,254480090,-0.9589,-2.2482,-9.4308
G,254481355,0.006392,0.010653,-0.005326
A,254482564,-0.9625,-2.2517,-9.4308
G,254483862,0.004261,0.008522,-0.009587
A,254485024,-0.9661,-2.2446,-9.4379
G,254486357,0.003196,0.008522,-0.010653
A,254487498,-0.9661,-2.2446,-9.4415
G,254488854,0.000000,0.007457,-0.010653
A,254489950,-0.9661,-2.2374,-9.4523
G,254491350,-0.003196,0.009587,-0.008522
A,254492433,-0.9625,-2.2338,-9.4487
G,254493827,-0.007457,0.011718,-0.005326
A,254494906,-0.9553,-2.2338,-9.4415
TRK,254494,0.09998,-0.48448,0.86569,-0.07662,-0.3902,0.7484,-0.4641,0.000,0.000,0.000,1,12
G,254496334,-0.010653,0.014914,-0.003196
A,254497370,-0.9517,-2.2374,-9.4379
G,254498830,-0.010653,0.018109,-0.002131
A,254499864,-0.9517,-2.2482,-9.4236
G,254501316,-0.008522,0.018109,-0.002131
A,254502337,-0.9589,-2.2553,-9.4236
G,254503834,-0.002131,0.018109,-0.003196
A,254504812,-0.9625,-2.2625,-9.4272
G,254506330,0.001065,0.017044,-0.004261
A,254507286,-0.9697,-2.2553,-9.4344
G,254508827,0.003196,0.013848,-0.005326
A,254509742,-0.9732,-2.2446,-9.4379
G,254511322,0.002131,0.008522,-0.005326
A,254512229,-0.9697,-2.2410,-9.4415
G,254513800,0.002131,0.004261,-0.001065
A,254514702,-0.9697,-2.2338,-9.4415
TRK,254514,0.09993,-0.48448,0.86569,-0.07660,-0.3902,0.7484,-0.4641,0.000,0.000,0.000,1,12
G,254516308,0.004261,0.001065,0.001065
A,254517170,-0.9697,-2.2410,-9.4415
G,254518804,0.005326,-0.002131,0.001065
A,254519644,-0.9697,-2.2410,-9.4451
G,254521292,0.006392,-0.001065,-0.003196
A,254522093,-0.9768,-2.2482,-9.4487
G,254523787,0.006392,0.002131,-0.008522
A,254524567,-0.9876,-2.2446,-9.4487
G,254526276,0.007457,0.007457,-0.011718
A,254527017,-0.9912,-2.2374,-9.4451
G,254528781,0.008522,0.010653,-0.009587
A,254529486,-0.9948,-2.2266,-9.4344
G,254531277,0.006392,0.012783,-0.007457
A,254531978,-0.9804,-2.2194,-9.4272
G,254533755,0.004261,0.009587,-0.004261
A,254534452,-0.9768,-2.2158,-9.4200
TRK,254534,0.10001,-0.48447,0.86568,-0.07663,-0.3902,0.7484,-0.4641,0.000,0.000,0.000,1,12
G,254536264,0.005326,0.007457,-0.004261
A,254536925,-0.9661,-2.2266,-9.4200
G,254538760,0.009587,0.006392,-0.002131
A,254539398,-0.9589,-2.2410,-9.4236
G,254541249,0.013848,0.007457,-0.001065
A,254541852,-0.9589,-2.2517,-9.4272
G,254543745,0.017044,0.006392,-0.001065
A,254544347,-0.9589,-2.2625,-9.4308
G,254546224,0.017044,0.005326,-0.005326
A,254546821,-0.9625,-2.2661,-9.4308
G,254548723,0.018109,0.004261,-0.007457
A,254549286,-0.9625,-2.2661,-9.4344
G,254551219,0.019175,0.006392,-0.006392
A,254551782,-0.9625,-2.2625,-9.4308
G,254553698,0.022371,0.008522,-0.004261
A,254554256,-0.9589,-2.2553,-9.4308
TRK,254554,0.10009,-0.48447,0.86566,-0.07680,-0.3902,0.7484,-0.4641,0.000,0.000,0.000,1,12
G,254556208,0.025566,0.011718,0.002131
A,254556733,-0.9553,-2.2446,-9.4272
G,254558704,0.027697,0.008522,0.000000
A,254559206,-0.9553,-2.2374,-9.4272
G,254561194,0.027697,0.005326,-0.004261
A,254561664,-0.9553,-2.2302,-9.4236
G,254563714,0.029827,0.003196,-0.012783
A,254564153,-0.9589,-2.2338,-9.4308
G,254566210,0.030893,0.004261,-0.014914
A,254566626,-0.9661,-2.2374,-9.4415
G,254568699,0.033023,0.006392,-0.014914
A,254569085,-0.9697,-2.2410,-9.4415
G,254571206,0.033023,0.008522,-0.011718
A,254571563,-0.9732,-2.2517,-9.4487
G,254573702,0.033023,0.006392,-0.009587
A,254574036,-0.9661,-2.2625,-9.4451
G,254576192,0.031958,0.004261,-0.008522
A,254576497,-0.9661,-2.2697,-9.4487
TRK,254577,0.10021,-0.48447,0.86562,-0.07708,-0.3902,0.7484,-0.4641,0.000,0.000,0.000,1,12
G,254578712,0.031958,0.003196,-0.008522
A,254578989,-0.9589,-2.2697,-9.4487
G,254581208,0.029827,0.005326,-0.007457
A,254581463,-0.9553,-2.2661,-9.4415
G,254583708,0.026632,0.007457,-0.005326
A,254583936,-0.9481,-2.2553,-9.4308
G,254586203,0.023436,0.008522,-0.003196
A,254586409,-0.9409,-2.2553,-9.4236
G,254588683,0.020240,0.005326,-0.005326
A,254588863,-0.9373,-2.2482,-9.4164
G,254591188,0.018109,0.001065,-0.009587
A,254591342,-0.9373,-2.2553,-9.4236
G,254593684,0.013848,-0.003196,-0.011718
A,254593816,-0.9373,-2.2589,-9.4308
G,254596174,0.010653,-0.003196,-0.009587
A,254596282,-0.9373,-2.2661,-9.4415
TRK,254597,0.10029,-0.48447,0.86560,-0.07722,-0.3902,0.7484,-0.4641,0.000,0.000,0.000,1,12
G,254598695,0.004261,-0.002131,-0.006392
A,254598778,-0.9409,-2.2697,-9.4559
G,254601190,-0.002131,-0.001065,-0.004261
A,254601251,-0.9373,-2.2697,-9.4595
G,254603690,-0.008522,0.000000,-0.006392
A,254603728,-0.9373,-2.2661,-9.4595
G,254606185,-0.013848,0.000000,-0.008522
A,254606201,-0.9373,-2.2589,-9.4523
A,254608659,-0.9409,-2.2589,-9.4415
G,254608666,-0.015979,0.001065,-0.011718
A,254611132,-0.9445,-2.2625,-9.4272
G,254611161,-0.014914,0.002131,-0.012783
A,254613592,-0.9481,-2.2625,-9.4308
G,254613642,-0.011718,0.002131,-0.014914
TRK,254614,0.10022,-0.48448,0.86561,-0.07714,-0.3902,0.7484,-0.4641,0.000,0.000,0.000,1,12
A,254616082,-0.9517,-2.2625,-9.4200
G,254616153,-0.010653,0.001065,-0.017044
A,254618578,-0.9553,-2.2661,-9.4236
G,254618670,-0.011718,0.002131,-0.020240
A,254621052,-0.9589,-2.2625,-9.4200
G,254621166,-0.011718,0.003196,-0.023436
A,254623533,-0.9625,-2.2553,-9.4164
G,254623666,-0.012783,0.003196,-0.027697
A,254626006,-0.9661,-2.2446,-9.4128
G,254626162,-0.010653,0.003196,-0.025566
A,254628457,-0.9625,-2.2374,-9.4164
G,254628632,-0.008522,0.003196,-0.018109
A,254630950,-0.9625,-2.2338,-9.4200
G,254631144,-0.007457,0.004261,-0.009587
A,254633424,-0.9625,-2.2374,-9.4308
G,254633639,-0.006392,0.007457,-0.006392
A,254635884,-0.9661,-2.2374,-9.4308
G,254636117,-0.006392,0.008522,-0.010653
TRK,254632,0.10010,-0.48449,0.86562,-0.07714,-0.3902,0.7484,-0.4641,0.000,0.000,0.000,1,12
A,254638368,-0.9661,-2.2338,-9.4272
G,254638619,-0.006392,0.008522,-0.014914
A,254640842,-0.9589,-2.2338,-9.4236
G,254641114,-0.004261,0.007457,-0.020240
A,254643302,-0.9553,-2.2266,-9.4164
G,254643591,0.003196,0.006392,-0.019175
A,254645798,-0.9517,-2.2266,-9.4164
G,254646103,0.012783,0.006392,-0.018109
A,254648271,-0.9481,-2.2338,-9.4092
G,254648599,0.023436,0.008522,-0.017044
A,254650748,-0.9517,-2.2446,-9.4128
G,254651091,0.031958,0.009587,-0.017044
A,254653221,-0.9517,-2.2553,-9.4164
G,254653613,0.038350,0.009587,-0.020240
A,254655679,-0.9517,-2.2625,-9.4236
G,254656109,0.040480,0.009587,-0.022371
A,254658154,-0.9445,-2.2625,-9.4379
G,254658598,0.040480,0.009587,-0.021305
TRK,254659,0.10006,-0.48451,0.86559,-0.07744,-0.3902,0.7484,-0.4641,0.000,0.000,0.000,1,12
A,254660653,-0.9481,-2.2625,-9.4379
G,254661110,0.039415,0.012783,-0.020240
A,254663127,-0.9481,-2.2625,-9.4451
G,254663627,0.040480,0.015979,-0.018109
A,254665581,-0.9625,-2.2589,-9.4451
G,254666123,0.040480,0.019175,-0.017044
A,254668072,-0.9661,-2.2625,-9.4451
G,254668624,0.039415,0.022371,-0.018109
A,254670545,-0.9768,-2.2589,-9.4415
G,254671120,0.037284,0.026632,-0.020240
A,254673004,-0.9732,-2.2553,-9.4344
G,254673589,0.036219,0.030893,-0.021305
A,254675506,-0.9661,-2.2589,-9.4236
G,254676102,0.036219,0.034088,-0.020240
A,254677980,-0.9589,-2.2553,-9.4128
G,254678597,0.034088,0.033023,-0.018109
A,254680450,-0.9517,-2.2589,-9.4128
G,254681077,0.031958,0.029827,-0.018109
TRK,254677,0.10000,-0.48454,0.86554,-0.07788,-0.3902,0.7484,-0.4641,0.000,0.000,0.000,1,12
A,254682943,-0.9481,-2.2589,-9.4092
G,254683580,0.029827,0.023436,-0.019175
A,254685416,-0.9517,-2.2553,-9.4128
G,254686075,0.030893,0.019175,-0.021305
A,254687887,-0.9553,-2.2553,-9.4200
G,254688555,0.034088,0.014914,-0.020240
A,254690361,-0.9553,-2.2517,-9.4236
G,254691068,0.038350,0.011718,-0.017044
A,254692816,-0.9589,-2.2589,-9.4308
G,254693564,0.041545,0.009587,-0.009587
TRK,254693,0.10000,-0.48455,0.86551,-0.07811,-0.3902,0.7484,-0.4641,0.000,0.000,0.000,1,12
A,254695301,-0.9517,-2.2589,-9.4379
G,254696056,0.042611,0.010653,-0.003196
A,254697775,-0.9517,-2.2661,-9.4379
G,254698552,0.041545,0.011718,0.001065
A,254700240,-0.9409,-2.2661,-9.4344
G,254701024,0.039415,0.008522,0.001065
A,254702714,-0.9409,-2.2661,-9.4308
G,254703534,0.037284,0.002131,-0.002131
A,254705168,-0.9337,-2.2661,-9.4272
G,254706029,0.036219,0.000000,-0.001065
A,254707646,-0.9301,-2.2733,-9.4344
G,254708512,0.030893,0.000000,0.000000
A,254710120,-0.9266,-2.2769,-9.4344
G,254711026,0.025566,0.002131,0.004261
A,254712579,-0.9266,-2.2877,-9.4415
G,254713521,0.020240,0.003196,0.002131
TRK,254713,0.10014,-0.48454,0.86549,-0.07827,-0.3902,0.7484,-0.4641,0.000,0.000,0.000,1,12
A,254715069,-0.9337,-2.2913,-9.4523
G,254716015,0.014914,0.003196,0.000000
A,254717543,-0.9409,-2.2913,-9.4487
G,254718510,0.013848,0.001065,-0.004261
A,254720013,-0.9481,-2.2877,-9.4523
