TRK,2198998,0.51441,-0.85642,0.00651,-0.04335,3.7366,-13.4579,1.7258,0.000,0.000,0.000,1,435
STAT,404.1,400.6,2,4,0,0.0221,0.878,0.1007,0.1068,-0.0883,9.8052,0.58,0.003
TRK,2199019,0.51453,-0.85635,0.00650,-0.04338,3.7366,-13.4579,1.7258,0.000,0.000,0.000,1,435
TRK,2199038,0.51459,-0.85631,0.00651,-0.04336,3.7366,-13.4579,1.7258,0.000,0.000,0.000,1,435
TRK,2199057,0.51457,-0.85633,0.00647,-0.04342,3.7366,-13.4579,1.7258,0.000,0.000,0.000,1,435
TRK,2199080,0.51460,-0.85630,0.00645,-0.04346,3.7366,-13.4579,1.7258,0.000,0.000,0.000,1,435
TRK,2199099,0.51458,-0.85631,0.00644,-0.04348,3.7366,-13.4579,1.7258,0.000,0.000,0.000,1,435
TRK,2199120,0.51460,-0.85630,0.00643,-0.04350,3.7366,-13.4579,1.7258,0.000,0.000,0.000,1,435
TRK,2199138,0.51459,-0.85631,0.00643,-0.04349,3.7366,-13.4579,1.7258,0.000,0.000,0.000,1,435
TRK,2199159,0.51462,-0.85629,0.00643,-0.04350,3.7366,-13.4579,1.7258,0.000,0.000,0.000,1,435
TRK,2199180,0.51462,-0.85629,0.00643,-0.04350,3.7366,-13.4579,1.7258,0.000,0.000,0.000,1,435
TRK,2199199,0.51464,-0.85627,0.00640,-0.04355,3.7366,-13.4579,1.7258,0.000,0.000,0.000,1,435
TRK,2199219,0.51478,-0.85619,0.00637,-0.04361,3.7366,-13.4579,1.7258,0.000,0.000,0.000,1,435
TRK,2199239,0.51479,-0.85618,0.00635,-0.04364,3.7366,-13.4579,1.7258,0.000,0.000,0.000,1,435
TRK,2199259,0.51470,-0.85624,0.00638,-0.04359,3.7366,-13.4579,1.7258,0.000,0.000,0.000,1,435
TRK,2199280,0.51460,-0.85630,0.00638,-0.04357,3.7366,-13.4579,1.7258,0.000,0.000,0.000,1,435
TRK,2199298,0.51464,-0.85628,0.00640,-0.04355,3.7366,-13.4579,1.7258,0.000,0.000,0.000,1,435
TRK,2199320,0.51468,-0.85626,0.00645,-0.04346,3.7366,-13.4579,1.7258,0.000,0.000,0.000,1,435
TRK,2199338,0.51458,-0.85632,0.00647,-0.04343,3.7366,-13.4579,1.7258,0.000,0.000,0.000,1,435
TRK,2199359,0.51451,-0.85636,0.00646,-0.04344,3.7366,-13.4579,1.7258,0.000,0.000,0.000,1,435
TRK,2199379,0.51461,-0.85630,0.00646,-0.04345,3.7366,-13.4579,1.7258,0.000,0.000,0.000,1,435
TRK,2199400,0.51471,-0.85624,0.00641,-0.04353,3.7366,-13.4579,1.7258,0.000,0.000,0.000,1,435
TRK,2199418,0.51465,-0.85627,0.00642,-0.04352,3.7366,-13.4579,1.7258,0.000,0.000,0.000,1,435
TRK,2199438,0.51454,-0.85633,0.00640,-0.04354,3.7366,-13.4579,1.7258,0.000,0.000,0.000,1,435
TRK,2199459,0.51464,-0.85628,0.00639,-0.04357,3.7366,-13.4579,1.7258,0.000,0.000,0.000,1,435
TRK,2199478,0.51477,-0.85619,0.00636,-0.04362,3.7366,-13.4579,1.7258,0.000,0.000,0.000,1,435
TRK,2199498,0.51466,-0.85626,0.00631,-0.04370,3.7366,-13.4579,1.7258,0.000,0.000,0.000,1,435
TRK,2199518,0.51457,-0.85631,0.00627,-0.04376,3.7366,-13.4579,1.7258,0.000,0.000,0.000,1,435
TRK,2199538,0.51466,-0.85625,0.00626,-0.04378,3.7366,-13.4579,1.7258,0.000,0.000,0.000,1,435
TRK,2199560,0.51476,-0.85619,0.00627,-0.04378,3.7366,-13.4579,1.7258,0.000,0.000,0.000,1,435
TRK,2199578,0.51459,-0.85630,0.00629,-0.04373,3.7366,-13.4579,1.7258,0.000,0.000,0.000,1,435
TRK,2199600,0.51444,-0.85639,0.00629,-0.04371,3.7366,-13.4579,1.7258,0.000,0.000,0.000,1,435
TRK,2199618,0.51452,-0.85634,0.00634,-0.04364,3.7366,-13.4579,1.7258,0.000,0.000,0.000,1,435
TRK,2199639,0.51454,-0.85633,0.00636,-0.04361,3.7366,-13.4579,1.7258,0.000,0.000,0.000,1,435
TRK,2199659,0.51432,-0.85647,0.00637,-0.04357,3.7366,-13.4579,1.7258,0.000,0.000,0.000,1,435
TRK,2199679,0.51423,-0.85652,0.00635,-0.04360,3.7366,-13.4579,1.7258,0.000,0.000,0.000,1,435
TRK,2199700,0.51445,-0.85639,0.00634,-0.04363,3.7366,-13.4579,1.7258,0.000,0.000,0.000,1,435
TRK,2199719,0.51459,-0.85630,0.00634,-0.04364,3.7366,-13.4579,1.7258,0.000,0.000,0.000,1,435
TRK,2199738,0.51448,-0.85637,0.00635,-0.04362,3.7366,-13.4579,1.7258,0.000,0.000,0.000,1,435
TRK,2199758,0.51443,-0.85640,0.00635,-0.04362,3.7366,-13.4579,1.7258,0.000,0.000,0.000,1,435
TRK,2199778,0.51463,-0.85628,0.00640,-0.04355,3.7366,-13.4579,1.7258,0.000,0.000,0.000,1,435
TRK,2199800,0.51473,-0.85622,0.00643,-0.04350,3.7366,-13.4579,1.7258,0.000,0.000,0.000,1,435
TRK,2199820,0.51463,-0.85629,0.00644,-0.04349,3.7366,-13.4579,1.7258,0.000,0.000,0.000,1,435
TRK,2199840,0.51461,-0.85629,0.00643,-0.04349,3.7366,-13.4579,1.7258,0.000,0.000,0.000,1,435
TRK,2199858,0.51466,-0.85627,0.00643,-0.04349,3.7366,-13.4579,1.7258,0.000,0.000,0.000,1,435
TRK,2199879,0.51461,-0.85629,0.00642,-0.04351,3.7366,-13.4579,1.7258,0.000,0.000,0.000,1,435
TRK,2199900,0.51457,-0.85632,0.00639,-0.04356,3.7366,-13.4579,1.7258,0.000,0.000,0.000,1,435
TRK,2199919,0.51461,-0.85630,0.00642,-0.04351,3.7366,-13.4579,1.7258,0.000,0.000,0.000,1,435
TRK,2199940,0.51462,-0.85629,0.00645,-0.04347,3.7366,-13.4579,1.7258,0.000,0.000,0.000,1,435
TRK,2199960,0.51460,-0.85630,0.00644,-0.04348,3.7366,-13.4579,1.7258,0.000,0.000,0.000,1,435
TRK,2199980,0.51464,-0.85627,0.00641,-0.04353,3.7366,-13.4579,1.7258,0.000,0.000,0.000,1,435
TRK,2200000,0.51465,-0.85627,0.00638,-0.04358,3.7366,-13.4579,1.7258,0.000,0.000,0.000,1,435
STAT,404.1,400.6,2,4,0,0.0216,0.291,0.1036,0.1106,-0.0867,9.8065,0.58,0.003
TRK,2200018,0.51456,-0.85632,0.00636,-0.04361,3.7366,-13.4579,1.7258,0.000,0.000,0.000,1,435
TRK,2200040,0.51455,-0.85632,0.00635,-0.04363,3.7366,-13.4579,1.7258,0.000,0.000,0.000,1,435
TRK,2200059,0.51467,-0.85625,0.00636,-0.04362,3.7366,-13.4579,1.7258,0.000,0.000,0.000,1,435
TRK,2200079,0.51468,-0.85625,0.00639,-0.04357,3.7366,-13.4579,1.7258,0.000,0.000,0.000,1,435
TRK,2200099,0.51459,-0.85631,0.00642,-0.04351,3.7366,-13.4579,1.7258,0.000,0.000,0.000,1,435
TRK,2200119,0.51463,-0.85629,0.00646,-0.04345,3.7366,-13.4579,1.7258,0.000,0.000,0.000,1,435
TRK,2200140,0.51470,-0.85624,0.00647,-0.04343,3.7366,-13.4579,1.7258,0.000,0.000,0.000,1,435
TRK,2200160,0.51468,-0.85626,0.00647,-0.04344,3.7366,-13.4579,1.7258,0.000,0.000,0.000,1,435
TRK,2200177,0.51459,-0.85631,0.00645,-0.04346,3.7366,-13.4579,1.7258,0.000,0.000,0.000,1,435
TRK,2200199,0.51461,-0.85630,0.00646,-0.04345,3.7366,-13.4579,1.7258,0.000,0.000,0.000,1,435
TRK,2200217,0.51478,-0.85619,0.00648,-0.04343,3.7366,-13.4579,1.7258,0.000,0.000,0.000,1,435
TRK,2200239,0.51490,-0.85613,0.00652,-0.04337,3.7366,-13.4579,1.7258,0.000,0.000,0.000,1,435
TRK,2200258,0.51480,-0.85619,0.00651,-0.04338,3.7366,-13.4579,1.7258,0.000,0.000,0.000,1,435
TRK,2200278,0.51477,-0.85621,0.00655,-0.04332,3.7366,-13.4579,1.7258,0.000,0.000,0.000,1,435
TRK,2200298,0.51491,-0.85612,0.00658,-0.04326,3.7366,-13.4579,1.7258,0.000,0.000,0.000,1,435
TRK,2200320,0.51507,-0.85603,0.00659,-0.04326,3.7366,-13.4579,1.7258,0.000,0.000,0.000,1,435
TRK,2200340,0.51488,-0.85614,0.00656,-0.04330,3.7366,-13.4579,1.7258,0.000,0.000,0.000,1,435
TRK,2200358,0.51470,-0.85625,0.00655,-0.04330,3.7366,-13.4579,1.7258,0.000,0.000,0.000,1,435
TRK,2200379,0.51478,-0.85620,0.00653,-0.04334,3.7366,-13.4579,1.7258,0.000,0.000,0.000,1,435
TRK,2200400,0.51493,-0.85611,0.00653,-0.04335,3.7366,-13.4579,1.7258,0.000,0.000,0.000,1,435
TRK,2200419,0.51481,-0.85618,0.00655,-0.04331,3.7366,-13.4579,1.7258,0.000,0.000,0.000,1,435
TRK,2200440,0.51465,-0.85628,0.00654,-0.04331,3.7366,-13.4579,1.7258,0.000,0.000,0.000,1,435
TRK,2200460,0.51472,-0.85624,0.00654,-0.04332,3.7366,-13.4579,1.7258,0.000,0.000,0.000,1,435
TRK,2200480,0.51482,-0.85618,0.00653,-0.04334,3.7366,-13.4579,1.7258,0.000,0.000,0.000,1,435
TRK,2200498,0.51460,-0.85631,0.00651,-0.04336,3.7366,-13.4579,1.7258,0.000,0.000,0.000,1,435
TRK,2200518,0.51463,-0.85628,0.00645,-0.04347,3.7366,-13.4579,1.7258,0.000,0.000,0.000,1,435
TRK,2200538,0.51467,-0.85626,0.00640,-0.04354,3.7366,-13.4579,1.7258,0.000,0.000,0.000,1,435
TRK,2200559,0.51509,-0.85600,0.00636,-0.04365,3.7366,-13.4579,1.7258,0.000,0.000,0.000,1,435
TRK,2200579,0.51441,-0.85641,0.00636,-0.04359,3.7366,-13.4579,1.7258,0.000,0.000,0.000,1,435
TRK,2200599,0.51450,-0.85636,0.00642,-0.04351,3.7366,-13.4579,1.7258,0.000,0.000,0.000,1,435
TRK,2200619,0.51502,-0.85605,0.00650,-0.04340,3.7366,-13.4579,1.7258,0.000,0.000,0.000,1,435
TRK,2200638,0.51505,-0.85605,0.00661,-0.04322,3.7366,-13.4579,1.7258,0.000,0.000,0.000,1,435
TRK,2200658,0.51467,-0.85627,0.00660,-0.04323,3.7366,-13.4579,1.7258,0.000,0.000,0.000,1,435
TRK,2200678,0.51443,-0.85642,0.00656,-0.04327,3.7366,-13.4579,1.7258,0.000,0.000,0.000,1,435
TRK,2200699,0.51505,-0.85604,0.00650,-0.04341,3.7366,-13.4579,1.7258,0.000,0.000,0.000,1,435
TRK,2200720,0.51508,-0.85601,0.00642,-0.04355,3.7366,-13.4579,1.7258,0.000,0.000,0.000,1,435
TRK,2200738,0.51470,-0.85624,0.00638,-0.04359,3.7366,-13.4579,1.7258,0.000,0.000,0.000,1,435
TRK,2200757,0.51442,-0.85641,0.00635,-0.04361,3.7366,-13.4579,1.7258,0.000,0.000,0.000,1,435
TRK,2200777,0.51501,-0.85605,0.00638,-0.04362,3.7366,-13.4579,1.7258,0.000,0.000,0.000,1,435
TRK,2200797,0.51494,-0.85609,0.00637,-0.04363,3.7366,-13.4579,1.7258,0.000,0.000,0.000,1,435
TRK,2200817,0.51466,-0.85626,0.00633,-0.04366,3.7366,-13.4579,1.7258,0.000,0.000,0.000,1,435
TRK,2200837,0.51452,-0.85634,0.00629,-0.04372,3.7366,-13.4579,1.7258,0.000,0.000,0.000,1,435
TRK,2200860,0.51500,-0.85604,0.00624,-0.04384,3.7366,-13.4579,1.7258,0.000,0.000,0.000,1,435
TRK,2200879,0.51490,-0.85610,0.00622,-0.04386,3.7366,-13.4579,1.7258,0.000,0.000,0.000,1,435
TRK,2200900,0.51461,-0.85628,0.00622,-0.04385,3.7366,-13.4579,1.7258,0.000,0.000,0.000,1,435
TRK,2200918,0.51468,-0.85624,0.00627,-0.04377,3.7366,-13.4579,1.7258,0.000,0.000,0.000,1,435
TRK,2200940,0.51492,-0.85610,0.00633,-0.04368,3.7366,-13.4579,1.7258,0.000,0.000,0.000,1,435
TRK,2200958,0.51495,-0.85609,0.00635,-0.04366,3.7366,-13.4579,1.7258,0.000,0.000,0.000,1,435
TRK,2200978,0.51480,-0.85617,0.00634,-0.04367,3.7366,-13.4579,1.7258,0.000,0.000,0.000,1,435
TRK,2200999,0.51486,-0.85613,0.00628,-0.04376,3.7366,-13.4579,1.7258,0.000,0.000,0.000,1,435
STAT,403.6,400.6,2,4,0,0.0340,0.905,0.1011,0.1081,-0.0894,9.8077,0.58,0.003
TRK,2201018,0.51503,-0.85603,0.00626,-0.04381,3.7366,-13.4579,1.7258,0.000,0.000,0.000,1,435
TRK,2201040,0.51508,-0.85600,0.00622,-0.04389,3.7366,-13.4579,1.7258,0.000,0.000,0.000,1,435
TRK,2201058,0.51495,-0.85608,0.00623,-0.04386,3.7366,-13.4579,1.7258,0.000,0.000,0.000,1,435
TRK,2201079,0.51494,-0.85608,0.00627,-0.04379,3.7366,-13.4579,1.7258,0.000,0.000,0.000,1,435
TRK,2201100,0.51495,-0.85608,0.00629,-0.04375,3.7366,-13.4579,1.7258,0.000,0.000,0.000,1,435
TRK,2201118,0.51500,-0.85605,0.00632,-0.04370,3.7366,-13.4579,1.7258,0.000,0.000,0.000,1,435
TRK,2201140,0.51486,-0.85613,0.00627,-0.04379,3.7366,-13.4579,1.7258,0.000,0.000,0.000,1,435
TRK,2201159,0.51479,-0.85617,0.00622,-0.04385,3.7366,-13.4579,1.7258,0.000,0.000,0.000,1,435
TRK,2201179,0.51488,-0.85612,0.00625,-0.04382,3.7366,-13.4579,1.7258,0.000,0.000,0.000,1,435
TRK,2201199,0.51493,-0.85609,0.00628,-0.04378,3.7366,-13.4579,1.7258,0.000,0.000,0.000,1,435
TRK,2201217,0.51491,-0.85611,0.00634,-0.04367,3.7366,-13.4579,1.7258,0.000,0.000,0.000,1,435
TRK,2201238,0.51480,-0.85618,0.00640,-0.04356,3.7366,-13.4579,1.7258,0.000,0.000,0.000,1,435
TRK,2201260,0.50792,-0.86037,0.00820,-0.04151,3.7364,-13.4580,1.7257,-0.010,-0.015,-0.009,2,435
TRK,2201280,0.49854,-0.86590,0.00974,-0.03968,3.7363,-13.4583,1.7255,-0.004,-0.014,-0.009,2,435
TRK,2201300,0.48592,-0.87323,0.01317,-0.03449,3.7363,-13.4586,1.7253,0.003,-0.015,-0.013,2,435
TRK,2201320,0.46606,-0.88408,0.01760,-0.02954,3.7365,-13.4591,1.7250,0.014,-0.042,-0.020,2,435
TRK,2201340,0.42888,-0.90274,0.01956,-0.02713,3.7368,-13.4601,1.7245,0.021,-0.050,-0.026,2,435
TRK,2201358,0.39518,-0.91797,0.02104,-0.02670,3.7373,-13.4611,1.7240,0.028,-0.060,-0.027,2,435
TRK,2201378,0.35777,-0.93326,0.01957,-0.02544,3.7379,-13.4625,1.7235,0.029,-0.071,-0.024,2,435
TRK,2201399,0.33188,-0.94280,0.01901,-0.02477,3.7384,-13.4638,1.7231,0.014,-0.061,-0.019,2,435
TRK,2201420,0.31533,-0.94854,0.01668,-0.02380,3.7385,-13.4648,1.7227,0.004,-0.021,-0.012,2,435
TRK,2201439,0.30641,-0.95152,0.01424,-0.02291,3.7385,-13.4648,1.7225,-0.005,0.027,-0.018,2,435
TRK,2201459,0.28302,-0.95890,0.00438,-0.01973,3.7382,-13.4631,1.7220,-0.022,0.137,-0.028,2,435
TRK,2201480,0.24932,-0.96818,-0.01561,-0.01502,3.7378,-13.4596,1.7214,-0.012,0.153,-0.017,2,435
TRK,2201500,0.25267,-0.96715,-0.02456,-0.01312,3.7376,-13.4578,1.7214,-0.009,-0.004,0.013,2,435
TRK,2201520,0.30962,-0.95044,-0.02601,-0.01131,3.7376,-13.4585,1.7220,-0.003,-0.044,0.046,2,435
TRK,2201540,0.41678,-0.90876,-0.01580,-0.01441,3.7374,-13.4588,1.7231,0.005,0.028,0.055,2,435
TRK,2201559,0.43894,-0.89816,-0.01025,-0.02315,3.7381,-13.4592,1.7230,0.046,-0.049,-0.031,2,435
TRK,2201579,0.40998,-0.91180,-0.01031,-0.02053,3.7386,-13.4595,1.7223,0.012,0.005,-0.049,2,435
TRK,2201599,0.35886,-0.93314,-0.01289,-0.01744,3.7389,-13.4594,1.7213,0.019,0.008,-0.057,2,435
TRK,2201619,0.30191,-0.95310,-0.01313,-0.01669,3.7393,-13.4594,1.7202,0.015,-0.018,-0.047,2,435
TRK,2201639,0.27821,-0.96009,-0.00287,-0.02856,3.7399,-13.4596,1.7198,0.033,-0.003,-0.016,2,435
TRK,2201660,0.28761,-0.95741,0.01139,-0.02265,3.7402,-13.4596,1.7194,-0.001,0.000,-0.011,2,435
TRK,2201680,0.31217,-0.94922,0.02291,-0.03164,3.7399,-13.4596,1.7194,-0.029,0.008,0.011,2,435
TRK,2201697,0.35714,-0.93280,0.02375,-0.04213,3.7393,-13.4592,1.7197,-0.040,0.031,0.016,2,435
TRK,2201719,0.41024,-0.91062,0.00776,-0.04916,3.7387,-13.4585,1.7203,-0.023,0.026,0.119,2,435
TRK,2201737,0.42155,-0.90409,0.00077,-0.07020,3.7379,-13.4593,1.7254,-0.047,-0.057,0.326,2,435
TRK,2201759,0.41740,-0.90351,-0.00776,-0.09691,3.7367,-13.4603,1.7337,-0.053,-0.032,0.415,2,435
TRK,2201778,0.41008,-0.90335,-0.01925,-0.12421,3.7357,-13.4607,1.7413,-0.063,-0.009,0.468,2,435
TRK,2201798,0.40210,-0.90192,-0.03301,-0.15414,3.7343,-13.4606,1.7512,-0.075,0.009,0.530,2,435
TRK,2201818,0.39254,-0.90022,-0.04557,-0.18289,3.7329,-13.4603,1.7623,-0.068,0.021,0.588,2,435
TRK,2201839,0.37830,-0.90033,-0.05647,-0.20762,3.7316,-13.4597,1.7762,-0.050,0.033,0.665,2,435
TRK,2201860,0.35572,-0.90277,-0.06520,-0.23284,3.7307,-13.4590,1.7901,-0.038,0.046,0.734,2,435
TRK,2201877,0.33218,-0.90664,-0.06956,-0.25066,3.7302,-13.4579,1.8032,-0.011,0.073,0.771,2,435
TRK,2201898,0.30051,-0.91297,-0.07230,-0.26638,3.7304,-13.4559,1.8204,0.023,0.102,0.763,2,435
TRK,2201920,0.26540,-0.92063,-0.07691,-0.27583,3.7314,-13.4535,1.8368,0.078,0.117,0.708,2,435
TRK,2201938,0.24073,-0.92616,-0.08463,-0.27771,3.7333,-13.4514,1.8488,0.141,0.130,0.678,2,435
TRK,2201958,0.21507,-0.93148,-0.09789,-0.27661,3.7367,-13.4486,1.8620,0.197,0.146,0.645,2,435
TRK,2201978,0.19220,-0.93655,-0.11096,-0.27132,3.7411,-13.4456,1.8740,0.250,0.156,0.572,2,435
TRK,2201998,0.17202,-0.94142,-0.12265,-0.26285,3.7468,-13.4425,1.8845,0.332,0.157,0.478,2,435
STAT,403.6,400.6,2,4,0,1.7919,162.954,0.1052,0.1066,-0.0892,9.8072,0.58,0.003
TRK,2202019,0.15393,-0.94541,-0.13537,-0.25332,3.7554,-13.4390,1.8937,0.435,0.149,0.346,2,435
TRK,2202038,0.14403,-0.94741,-0.14494,-0.24628,3.7635,-13.4366,1.8988,0.505,0.135,0.245,2,435
TRK,2202058,0.13811,-0.94891,-0.15796,-0.23570,3.7740,-13.4341,1.9026,0.548,0.118,0.144,2,435
TRK,2202079,0.13726,-0.94945,-0.17346,-0.22276,3.7865,-13.4316,1.9050,0.567,0.108,0.069,2,435
TRK,2202099,0.13945,-0.94870,-0.18645,-0.21393,3.7978,-13.4295,1.9057,0.569,0.102,0.010,2,435
TRK,2202119,0.14379,-0.94708,-0.19910,-0.20669,3.8091,-13.4275,1.9054,0.583,0.096,-0.052,2,435
TRK,2202139,0.15218,-0.94390,-0.21153,-0.20287,3.8209,-13.4257,1.9033,0.600,0.080,-0.162,2,435
TRK,2202159,0.16503,-0.94070,-0.22148,-0.19694,3.8328,-13.4244,1.8989,0.600,0.056,-0.279,2,435
TRK,2202179,0.18227,-0.93778,-0.22918,-0.18659,3.8446,-13.4235,1.8924,0.599,0.044,-0.377,2,435
TRK,2202199,0.20031,-0.93469,-0.23724,-0.17305,3.8566,-13.4224,1.8844,0.600,0.072,-0.422,2,435
TRK,2202219,0.21688,-0.93155,-0.24424,-0.15979,3.8680,-13.4209,1.8758,0.549,0.073,-0.438,2,435
TRK,2202240,0.23156,-0.92911,-0.24809,-0.14690,3.8795,-13.4194,1.8657,0.490,0.060,-0.478,2,435
TRK,2202258,0.24637,-0.92604,-0.25163,-0.13580,3.8878,-13.4184,1.8571,0.466,0.062,-0.526,2,435
TRK,2202277,0.26746,-0.92065,-0.25645,-0.12292,3.8965,-13.4172,1.8461,0.414,0.057,-0.570,2,435
TRK,2202297,0.29012,-0.91359,-0.26266,-0.11039,3.9045,-13.4158,1.8347,0.386,0.085,-0.572,2,435
TRK,2202317,0.31304,-0.90562,-0.26900,-0.09746,3.9115,-13.4141,1.8235,0.317,0.083,-0.563,2,435
TRK,2202337,0.33465,-0.89808,-0.27310,-0.08291,3.9170,-13.4127,1.8126,0.231,0.054,-0.532,2,435
TRK,2202357,0.35576,-0.89036,-0.27551,-0.06921,3.9209,-13.4118,1.8026,0.171,0.039,-0.485,2,435
TRK,2202380,0.38505,-0.87666,-0.28463,-0.04683,3.9239,-13.4111,1.7919,0.108,0.031,-0.466,2,435
TRK,2202398,0.40425,-0.86848,-0.28563,-0.02703,3.9256,-13.4104,1.7830,0.060,0.028,-0.426,2,435
TRK,2202419,0.42124,-0.86228,-0.28108,-0.00508,3.9263,-13.4101,1.7752,0.011,0.009,-0.364,2,435
TRK,2202439,0.43345,-0.85893,-0.27258,0.00769,3.9261,-13.4100,1.7685,-0.031,-0.007,-0.315,2,435
TRK,2202459,0.44800,-0.85411,-0.26355,0.01837,3.9251,-13.4103,1.7625,-0.072,-0.011,-0.293,2,435
TRK,2202480,0.46893,-0.84478,-0.25632,0.02742,3.9230,-13.4104,1.7559,-0.116,0.004,-0.313,2,435
TRK,2202498,0.49846,-0.82809,-0.25390,0.03667,3.9209,-13.4100,1.7502,-0.124,0.038,-0.331,2,435
TRK,2202519,0.52738,-0.80903,-0.25647,0.03942,3.9186,-13.4088,1.7435,-0.079,0.057,-0.248,2,435
TRK,2202538,0.54347,-0.79794,-0.25754,0.04009,3.9174,-13.4079,1.7400,-0.061,0.028,-0.147,2,435
TRK,2202560,0.55027,-0.79619,-0.24878,0.03734,3.9159,-13.4082,1.7381,-0.057,-0.016,-0.064,2,435
TRK,2202578,0.55981,-0.79267,-0.23970,0.02886,3.9149,-13.4084,1.7367,-0.075,-0.042,-0.074,2,435
TRK,2202599,0.52555,-0.82255,-0.21654,0.01817,3.9130,-13.4100,1.7364,-0.094,-0.051,0.007,2,435
TRK,2202620,0.51507,-0.83329,-0.20081,0.00387,3.9107,-13.4108,1.7367,-0.138,-0.041,0.017,2,435
TRK,2202638,0.51765,-0.83522,-0.18553,-0.00442,3.9078,-13.4116,1.7371,-0.150,-0.038,0.031,2,435
TRK,2202660,0.53938,-0.82117,-0.18503,-0.02259,3.9052,-13.4119,1.7379,-0.119,0.010,0.048,2,435
TRK,2202679,0.60945,-0.77343,-0.17403,-0.00943,3.9025,-13.4108,1.7389,-0.154,0.102,0.051,2,435
TRK,2202699,0.68995,-0.70586,-0.16012,0.00966,3.8990,-13.4087,1.7397,-0.190,0.066,0.039,2,435
TRK,2202719,0.70975,-0.68578,-0.16024,0.01671,3.8958,-13.4085,1.7409,-0.148,0.001,0.067,2,435
TRK,2202737,0.71409,-0.68118,-0.16056,0.01698,3.8927,-13.4085,1.7421,-0.162,-0.002,0.059,2,435
TRK,2202758,0.71066,-0.68724,-0.15010,0.01193,3.8895,-13.4083,1.7432,-0.164,0.017,0.040,2,435
TRK,2202778,0.71198,-0.68708,-0.14421,0.01399,3.8861,-13.4074,1.7435,-0.178,0.091,-0.012,2,435
TRK,2202800,0.73403,-0.66292,-0.14568,0.02277,3.8820,-13.4046,1.7428,-0.170,0.116,-0.008,2,435
TRK,2202820,0.73433,-0.65912,-0.16193,0.01038,3.8796,-13.4034,1.7437,-0.138,0.060,0.043,2,435
TRK,2202840,0.75267,-0.63938,-0.15660,0.01224,3.8763,-13.4018,1.7444,-0.178,0.094,0.042,2,435
TRK,2202860,0.78664,-0.59877,-0.15002,0.01291,3.8724,-13.3996,1.7453,-0.196,0.111,0.043,2,435
TRK,2202878,0.81171,-0.56589,-0.14397,0.01304,3.8685,-13.3975,1.7461,-0.218,0.116,0.035,2,435
TRK,2202898,0.84517,-0.51693,-0.13488,0.01672,3.8639,-13.3950,1.7469,-0.240,0.127,0.040,2,435
TRK,2202919,0.87585,-0.46562,-0.12498,0.02176,3.8591,-13.3927,1.7476,-0.254,0.117,0.031,2,435
TRK,2202940,0.90396,-0.41336,-0.10318,0.03668,3.8535,-13.3902,1.7482,-0.233,0.095,0.032,2,435
TRK,2202959,0.92046,-0.37911,-0.08643,0.03946,3.8498,-13.3887,1.7488,-0.187,0.080,0.036,2,435
TRK,2202978,0.93873,-0.33742,-0.05529,0.04323,3.8465,-13.3868,1.7494,-0.168,0.126,0.024,2,435
TRK,2202998,0.95916,-0.27663,-0.03729,0.04587,3.8440,-13.3842,1.7503,-0.099,0.126,0.050,2,435
STAT,404.1,400.6,2,4,0,3.0805,335.561,0.1052,0.1066,-0.0892,9.8072,0.58,0.003
TRK,2203019,0.97390,-0.22108,-0.02925,0.04232,3.8419,-13.3820,1.7515,-0.077,0.065,0.072,2,435
TRK,2203039,0.97664,-0.20903,-0.02755,0.04146,3.8411,-13.3814,1.7532,-0.041,0.017,0.089,2,435
TRK,2203059,0.97776,-0.20437,-0.02562,0.03959,3.8398,-13.3809,1.7550,-0.076,0.035,0.093,2,435
TRK,2203079,0.97934,-0.19645,-0.02354,0.04188,3.8383,-13.3800,1.7569,-0.085,0.064,0.096,2,435
TRK,2203100,0.98461,-0.16879,-0.01751,0.04186,3.8366,-13.3784,1.7587,-0.082,0.102,0.090,2,435
TRK,2203120,0.98989,-0.13385,-0.01901,0.04290,3.8348,-13.3761,1.7605,-0.105,0.130,0.084,2,435
TRK,2203138,0.99529,-0.08256,-0.01333,0.04900,3.8325,-13.3734,1.7621,-0.124,0.138,0.084,2,435
TRK,2203159,0.99789,-0.02459,-0.00945,0.05943,3.8300,-13.3709,1.7638,-0.099,0.085,0.114,2,435
TRK,2203178,0.99700,-0.02541,-0.01060,0.07240,3.8283,-13.3696,1.7664,-0.083,0.064,0.131,2,435
TRK,2203198,0.99686,-0.02621,-0.01293,0.07353,3.8267,-13.3682,1.7691,-0.093,0.084,0.139,2,435
TRK,2203218,0.99681,-0.02672,-0.01441,0.07384,3.8248,-13.3665,1.7719,-0.095,0.084,0.143,2,435
TRK,2203238,0.99744,-0.02902,-0.02075,0.06191,3.8232,-13.3649,1.7748,-0.083,0.083,0.150,2,435
TRK,2203258,0.99792,-0.02918,-0.02126,0.05342,3.8215,-13.3632,1.7778,-0.083,0.084,0.158,2,435
TRK,2203278,0.99820,-0.02915,-0.02110,0.04807,3.8197,-13.3612,1.7810,-0.101,0.122,0.165,2,435
TRK,2203298,0.99781,-0.02947,-0.02171,0.05506,3.8175,-13.3586,1.7843,-0.116,0.143,0.170,2,435
TRK,2203318,0.99720,-0.02934,-0.02082,0.06551,3.8152,-13.3556,1.7878,-0.116,0.155,0.180,2,435
TRK,2203339,0.99737,-0.02486,-0.00906,0.06745,3.8129,-13.3527,1.7919,-0.096,0.120,0.192,2,435
TRK,2203360,0.99744,-0.01817,0.00706,0.06879,3.8111,-13.3510,1.7958,-0.085,0.068,0.200,2,435
TRK,2203380,0.99681,-0.01087,0.02468,0.07506,3.8093,-13.3496,1.7997,-0.101,0.073,0.195,2,435
TRK,2203397,0.99661,-0.01100,0.02452,0.07770,3.8077,-13.3483,1.8031,-0.087,0.072,0.200,2,435
TRK,2203418,0.99665,-0.00501,0.02332,0.07828,3.8058,-13.3468,1.8078,-0.087,0.068,0.217,2,435
TRK,2203440,0.99653,0.00977,0.02025,0.08019,3.8038,-13.3453,1.8128,-0.090,0.066,0.223,2,435
TRK,2203458,0.99591,0.00190,0.02138,0.08775,3.8021,-13.3440,1.8161,-0.100,0.074,0.188,2,435
TRK,2203478,0.99517,-0.01250,0.02368,0.09445,3.8002,-13.3426,1.8200,-0.091,0.066,0.212,2,435
TRK,2203498,0.99513,-0.01232,0.02343,0.09493,3.7984,-13.3414,1.8242,-0.095,0.061,0.211,2,435
TRK,2203519,0.99495,-0.01313,0.02198,0.09705,3.7962,-13.3401,1.8289,-0.104,0.056,0.207,2,435
TRK,2203538,0.99502,-0.01517,0.01692,0.09705,3.7944,-13.3391,1.8325,-0.098,0.055,0.210,2,435
TRK,2203558,0.99529,-0.01600,0.01434,0.09458,3.7926,-13.3380,1.8367,-0.089,0.053,0.216,2,435
TRK,2203578,0.99618,-0.01541,0.01450,0.08470,3.7908,-13.3370,1.8410,-0.089,0.051,0.219,2,435
TRK,2203599,0.99707,-0.01547,0.01356,0.07366,3.7888,-13.3359,1.8459,-0.100,0.049,0.218,2,435
TRK,2203619,0.99757,-0.01695,0.00953,0.06689,3.7868,-13.3349,1.8502,-0.100,0.047,0.220,2,435
TRK,2203639,0.99811,-0.01804,0.00657,0.05839,3.7848,-13.3340,1.8546,-0.104,0.045,0.223,2,435
TRK,2203659,0.99866,-0.01919,0.00339,0.04798,3.7827,-13.3332,1.8591,-0.103,0.039,0.224,2,435
TRK,2203678,0.99888,-0.02108,-0.00113,0.04231,3.7806,-13.3324,1.8635,-0.113,0.039,0.227,2,435
TRK,2203698,0.99905,-0.02185,-0.00314,0.03755,3.7783,-13.3317,1.8680,-0.121,0.039,0.230,2,435
TRK,2203719,0.99916,-0.02255,-0.00483,0.03389,3.7758,-13.3309,1.8726,-0.127,0.038,0.232,2,435
TRK,2203739,0.99916,-0.02385,-0.00784,0.03229,3.7732,-13.3302,1.8772,-0.135,0.036,0.233,2,435
TRK,2203760,0.99911,-0.02518,-0.01086,0.03206,3.7701,-13.3294,1.8825,-0.140,0.034,0.236,2,435
TRK,2203778,0.99908,-0.02586,-0.01248,0.03186,3.7677,-13.3288,1.8866,-0.144,0.032,0.239,2,435
TRK,2203797,0.99913,-0.02645,-0.01389,0.02914,3.7648,-13.3282,1.8914,-0.146,0.030,0.242,2,435
TRK,2203817,0.99922,-0.02702,-0.01525,0.02432,3.7619,-13.3276,1.8962,-0.149,0.028,0.244,2,435
TRK,2203837,0.99937,-0.02715,-0.01550,0.01707,3.7589,-13.3270,1.9010,-0.151,0.026,0.246,2,435
TRK,2203857,0.99939,-0.02797,-0.01736,0.01182,3.7558,-13.3265,1.9059,-0.166,0.026,0.248,2,435
TRK,2203877,0.99934,-0.02869,-0.01914,0.01172,3.7525,-13.3260,1.9108,-0.170,0.024,0.251,2,435
TRK,2203900,0.99934,-0.02869,-0.01917,0.01169,3.7486,-13.3255,1.9165,-0.176,0.022,0.254,2,435
TRK,2203919,0.99934,-0.02867,-0.01909,0.01168,3.7451,-13.3251,1.9215,-0.181,0.021,0.256,2,435
TRK,2203940,0.99934,-0.02863,-0.01903,0.01169,3.7410,-13.3246,1.9272,-0.186,0.019,0.258,2,435
TRK,2203960,0.99934,-0.02861,-0.01901,0.01167,3.7373,-13.3243,1.9324,-0.191,0.017,0.261,2,435
TRK,2203980,0.99934,-0.02860,-0.01896,0.01170,3.7334,-13.3240,1.9375,-0.196,0.016,0.263,2,435
TRK,2204000,0.99934,-0.02866,-0.01897,0.01177,3.7295,-13.3237,1.9427,-0.202,0.014,0.264,2,435
STAT,404.1,400.6,2,4,0,0.0267,0.477,0.1052,0.1066,-0.0892,9.8072,0.58,0.003
TRK,2204018,0.99934,-0.02869,-0.01901,0.01178,3.7260,-13.3234,1.9473,-0.206,0.013,0.267,2,435
TRK,2204039,0.99933,-0.02875,-0.01911,0.01177,3.7213,-13.3232,1.9533,-0.212,0.011,0.272,2,435
TRK,2204059,0.99933,-0.02873,-0.01916,0.01176,3.7171,-13.3230,1.9588,-0.216,0.009,0.276,2,435
TRK,2204079,0.99933,-0.02874,-0.01924,0.01169,3.7127,-13.3228,1.9643,-0.220,0.008,0.278,2,435
TRK,2204099,0.99933,-0.02873,-0.01926,0.01170,3.7083,-13.3227,1.9698,-0.225,0.006,0.279,2,435
TRK,2204120,0.99935,-0.02938,-0.01732,0.01176,3.7083,-13.3227,1.9698,0.000,0.000,0.000,1,436
TRK,2204138,0.99936,-0.02997,-0.01545,0.01183,3.7083,-13.3227,1.9698,0.000,0.000,0.000,1,436
TRK,2204160,0.99937,-0.03046,-0.01385,0.01188,3.7083,-13.3227,1.9698,0.000,0.000,0.000,1,436
TRK,2204178,0.99938,-0.03085,-0.01239,0.01193,3.7083,-13.3227,1.9698,0.000,0.000,0.000,1,436
TRK,2204198,0.99938,-0.03119,-0.01110,0.01198,3.7083,-13.3227,1.9698,0.000,0.000,0.000,1,436
TRK,2204218,0.99938,-0.03148,-0.01016,0.01201,3.7083,-13.3227,1.9698,0.000,0.000,0.000,1,436
TRK,2204238,0.99938,-0.03173,-0.00953,0.01203,3.7083,-13.3227,1.9698,0.000,0.000,0.000,1,436
TRK,2204258,0.99938,-0.03193,-0.00909,0.01205,3.7083,-13.3227,1.9698,0.000,0.000,0.000,1,436
TRK,2204280,0.99937,-0.03212,-0.00872,0.01206,3.7083,-13.3227,1.9698,0.000,0.000,0.000,1,436
TRK,2204300,0.99937,-0.03224,-0.00840,0.01207,3.7083,-13.3227,1.9698,0.000,0.000,0.000,1,436
TRK,2204318,0.99937,-0.03236,-0.00802,0.01209,3.7083,-13.3227,1.9698,0.000,0.000,0.000,1,436
TRK,2204338,0.99937,-0.03245,-0.00755,0.01210,3.7083,-13.3227,1.9698,0.000,0.000,0.000,1,436
TRK,2204359,0.99937,-0.03252,-0.00708,0.01212,3.7083,-13.3227,1.9698,0.000,0.000,0.000,1,436
TRK,2204380,0.99937,-0.03261,-0.00684,0.01213,3.7083,-13.3227,1.9698,0.000,0.000,0.000,1,436
TRK,2204398,0.99937,-0.03270,-0.00681,0.01213,3.7083,-13.3227,1.9698,0.000,0.000,0.000,1,436
TRK,2204420,0.99937,-0.03276,-0.00694,0.01212,3.7083,-13.3227,1.9698,0.000,0.000,0.000,1,436
TRK,2204440,0.99936,-0.03281,-0.00710,0.01212,3.7083,-13.3227,1.9698,0.000,0.000,0.000,1,436
TRK,2204460,0.99936,-0.03286,-0.00720,0.01212,3.7083,-13.3227,1.9698,0.000,0.000,0.000,1,436
TRK,2204480,0.99936,-0.03288,-0.00718,0.01212,3.7083,-13.3227,1.9698,0.000,0.000,0.000,1,436
TRK,2204499,0.99936,-0.03286,-0.00705,0.01212,3.7083,-13.3227,1.9698,0.000,0.000,0.000,1,436
TRK,2204518,0.99936,-0.03285,-0.00691,0.01212,3.7083,-13.3227,1.9698,0.000,0.000,0.000,1,436
TRK,2204540,0.99936,-0.03285,-0.00679,0.01213,3.7083,-13.3227,1.9698,0.000,0.000,0.000,1,436
TRK,2204557,0.99936,-0.03285,-0.00679,0.01213,3.7083,-13.3227,1.9698,0.000,0.000,0.000,1,436
TRK,2204579,0.99936,-0.03284,-0.00694,0.01212,0.0000,0.0000,0.0000,0.000,0.000,0.000,1,436
TRK,2204598,0.99936,-0.03283,-0.00698,0.01212,0.0000,0.0000,0.0000,0.000,0.000,0.000,1,436
TRK,2204620,0.99936,-0.03281,-0.00700,0.01212,0.0000,0.0000,0.0000,0.000,0.000,0.000,1,436
TRK,2204638,0.99936,-0.03280,-0.00690,0.01212,0.0000,0.0000,0.0000,0.000,0.000,0.000,1,436
TRK,2204658,0.99937,-0.03280,-0.00671,0.01213,0.0000,0.0000,0.0000,0.000,0.000,0.000,1,436
TRK,2204679,0.99937,-0.03279,-0.00654,0.01214,0.0000,0.0000,0.0000,0.000,0.000,0.000,1,436
TRK,2204700,0.99937,-0.03281,-0.00646,0.01214,0.0000,0.0000,0.0000,0.000,0.000,0.000,1,436
TRK,2204717,0.99937,-0.03283,-0.00649,0.01214,0.0000,0.0000,0.0000,0.000,0.000,0.000,1,436
TRK,2204739,0.99936,-0.03288,-0.00661,0.01213,0.0000,0.0000,0.0000,0.000,0.000,0.000,1,436
TRK,2204757,0.99936,-0.03296,-0.00676,0.01213,0.0000,0.0000,0.0000,0.000,0.000,0.000,1,436
TRK,2204779,0.99936,-0.03294,-0.00681,0.01213,0.0000,0.0000,0.0000,0.000,0.000,0.000,1,436
TRK,2204798,0.99936,-0.03292,-0.00678,0.01213,0.0000,0.0000,0.0000,0.000,0.000,0.000,1,436
TRK,2204818,0.99936,-0.03288,-0.00664,0.01213,0.0000,0.0000,0.0000,0.000,0.000,0.000,1,436
TRK,2204838,0.99937,-0.03281,-0.00652,0.01214,0.0000,0.0000,0.0000,0.000,0.000,0.000,1,436
TRK,2204860,0.99937,-0.03272,-0.00633,0.01214,0.0000,0.0000,0.0000,0.000,0.000,0.000,1,436
TRK,2204880,0.99937,-0.03270,-0.00637,0.01214,0.0000,0.0000,0.0000,0.000,0.000,0.000,1,436
TRK,2204898,0.99937,-0.03274,-0.00650,0.01214,0.0000,0.0000,0.0000,0.000,0.000,0.000,1,436
TRK,2204920,0.99937,-0.03272,-0.00655,0.01214,0.0000,0.0000,0.0000,0.000,0.000,0.000,1,436
TRK,2204938,0.99937,-0.03277,-0.00659,0.01213,0.0000,0.0000,0.0000,0.000,0.000,0.000,1,436
TRK,2204958,0.99937,-0.03282,-0.00664,0.01213,0.0000,0.0000,0.0000,0.000,0.000,0.000,1,436
TRK,2204978,0.99937,-0.03283,-0.00653,0.01214,0.0000,0.0000,0.0000,0.000,0.000,0.000,1,436
TRK,2204998,0.99937,-0.03283,-0.00658,0.01214,0.0000,0.0000,0.0000,0.000,0.000,0.000,1,436
STAT,403.9,400.9,2,4,0,0.0522,0.502,0.1163,0.1160,-0.0835,9.9373,3.00,0.000
TRK,2205017,0.99937,-0.03278,-0.00660,0.01213,0.0000,0.0000,0.0000,0.000,0.000,0.000,1,436
TRK,2205039,0.99937,-0.03274,-0.00675,0.01213,0.0000,0.0000,0.0000,0.000,0.000,0.000,1,436
TRK,2205058,0.99937,-0.03271,-0.00687,0.01213,0.0000,0.0000,0.0000,0.000,0.000,0.000,1,436
TRK,2205080,0.99937,-0.03264,-0.00692,0.01212,0.0000,0.0000,0.0000,0.000,0.000,0.000,1,436
TRK,2205099,0.99937,-0.03262,-0.00692,0.01212,0.0000,0.0000,0.0000,0.000,0.000,0.000,1,436
TRK,2205119,0.99937,-0.03265,-0.00676,0.01213,0.0000,0.0000,0.0000,0.000,0.000,0.000,1,436
TRK,2205139,0.99937,-0.03264,-0.00661,0.01213,0.0000,0.0000,0.0000,0.000,0.000,0.000,1,436
TRK,2205159,0.99937,-0.03270,-0.00643,0.01214,0.0000,0.0000,0.0000,0.000,0.000,0.000,1,436
TRK,2205180,0.99937,-0.03271,-0.00643,0.01214,0.0000,0.0000,0.0000,0.000,0.000,0.000,1,436
TRK,2205200,0.99937,-0.03276,-0.00656,0.01214,0.0000,0.0000,0.0000,0.000,0.000,0.000,1,436
TRK,2205220,0.99937,-0.03279,-0.00670,0.01213,0.0000,0.0000,0.0000,0.000,0.000,0.000,1,436
TRK,2205240,0.99937,-0.03277,-0.00681,0.01213,0.0000,0.0000,0.0000,0.000,0.000,0.000,1,436
TRK,2205260,0.99937,-0.03274,-0.00684,0.01213,0.0000,0.0000,0.0000,0.000,0.000,0.000,1,436
TRK,2205278,0.99937,-0.03270,-0.00679,0.01213,0.0000,0.0000,0.0000,0.000,0.000,0.000,1,436
TRK,2205298,0.99937,-0.03267,-0.00669,0.01213,0.0000,0.0000,0.0000,0.000,0.000,0.000,1,436
TRK,2205317,0.99937,-0.03265,-0.00658,0.01213,0.0000,0.0000,0.0000,0.000,0.000,0.000,1,436
TRK,2205337,0.99937,-0.03263,-0.00655,0.01213,0.0000,0.0000,0.0000,0.000,0.000,0.000,1,436
TRK,2205357,0.99937,-0.03264,-0.00654,0.01214,0.0000,0.0000,0.0000,0.000,0.000,0.000,1,436
TRK,2205380,0.99937,-0.03261,-0.00645,0.01214,0.0000,0.0000,0.0000,0.000,0.000,0.000,1,436
TRK,2205399,0.99937,-0.03260,-0.00654,0.01214,0.0000,0.0000,0.0000,0.000,0.000,0.000,1,436
TRK,2205420,0.99937,-0.03257,-0.00654,0.01213,0.0000,0.0000,0.0000,0.000,0.000,0.000,1,436
TRK,2205438,0.99937,-0.03265,-0.00653,0.01214,0.0000,0.0000,0.0000,0.000,0.000,0.000,1,436
TRK,2205460,0.99937,-0.03268,-0.00628,0.01214,-0.0001,0.0000,0.0001,-0.012,0.003,0.001,2,436
TRK,2205480,0.99909,-0.03283,-0.00716,0.02631,-0.0007,0.0002,0.0001,-0.039,0.008,0.001,2,436
TRK,2205500,0.99865,-0.03279,-0.00752,0.03946,-0.0014,0.0002,0.0001,-0.034,-0.001,-0.002,2,436
TRK,2205520,0.99828,-0.03418,-0.00831,0.04691,-0.0021,0.0003,0.0001,-0.036,0.009,0.006,2,436
TRK,2205540,0.99541,-0.06250,-0.01209,0.07141,-0.0033,0.0004,0.0005,-0.081,-0.018,0.030,2,436
TRK,2205560,0.98873,-0.11573,-0.01711,0.09346,-0.0049,-0.0003,0.0012,-0.085,-0.047,0.048,2,436
TRK,2205580,0.97517,-0.18733,-0.01467,0.11717,-0.0066,-0.0015,0.0024,-0.082,-0.072,0.071,2,436
TRK,2205598,0.95134,-0.27823,-0.00933,0.13210,-0.0076,-0.0031,0.0039,-0.020,-0.111,0.117,2,436
TRK,2205620,0.93596,-0.32887,-0.02386,0.12349,-0.0078,-0.0052,0.0087,-0.019,-0.090,0.298,2,436
TRK,2205638,0.92792,-0.35289,-0.04087,0.11297,-0.0084,-0.0075,0.0151,-0.037,-0.135,0.358,2,436
TRK,2205660,0.93185,-0.34541,-0.05877,0.09431,-0.0088,-0.0096,0.0235,0.001,-0.078,0.474,2,436
TRK,2205678,0.94498,-0.30993,-0.07478,0.07320,-0.0085,-0.0110,0.0334,0.037,-0.060,0.523,2,436
TRK,2205698,0.95411,-0.27910,-0.09308,0.05582,-0.0072,-0.0120,0.0444,0.088,-0.048,0.595,2,436
TRK,2205718,0.95926,-0.25635,-0.11213,0.03916,-0.0052,-0.0131,0.0567,0.111,-0.057,0.637,2,436
TRK,2205738,0.96233,-0.23813,-0.12877,0.02512,-0.0027,-0.0142,0.0696,0.143,-0.053,0.666,2,436
TRK,2205758,0.96283,-0.22909,-0.14216,0.01650,0.0005,-0.0151,0.0827,0.190,-0.037,0.651,2,436
TRK,2205778,0.96148,-0.22933,-0.15098,0.01284,0.0048,-0.0156,0.0953,0.247,-0.015,0.614,2,436
TRK,2205798,0.95963,-0.23156,-0.15898,0.01447,0.0104,-0.0156,0.1069,0.312,0.007,0.555,2,436
TRK,2205818,0.95783,-0.23526,-0.16363,0.02081,0.0172,-0.0154,0.1171,0.378,0.020,0.474,2,436
TRK,2205839,0.95621,-0.23979,-0.16509,0.03027,0.0265,-0.0147,0.1266,0.454,0.042,0.385,2,436
TRK,2205859,0.95564,-0.24095,-0.16448,0.04062,0.0362,-0.0135,0.1335,0.526,0.074,0.298,2,436
TRK,2205880,0.95643,-0.23871,-0.15880,0.05517,0.0472,-0.0118,0.1381,0.591,0.096,0.168,2,436
TRK,2205898,0.95826,-0.23425,-0.14916,0.06797,0.0596,-0.0097,0.1401,0.650,0.119,0.023,2,436
TRK,2205920,0.96178,-0.22521,-0.13046,0.08505,0.0744,-0.0070,0.1387,0.679,0.123,-0.141,2,436
TRK,2205940,0.96575,-0.21264,-0.11053,0.09946,0.0879,-0.0045,0.1346,0.681,0.130,-0.269,2,436
TRK,2205960,0.96883,-0.20060,-0.08942,0.11458,0.1011,-0.0020,0.1282,0.650,0.116,-0.372,2,436
TRK,2205979,0.97022,-0.19408,-0.07103,0.12635,0.1122,-0.0000,0.1213,0.623,0.118,-0.423,2,436
TRK,2205998,0.97088,-0.18939,-0.04967,0.13804,0.1241,0.0024,0.1124,0.578,0.128,-0.474,2,436
STAT,403.9,400.9,2,4,0,2.5885,152.130,0.1216,0.1192,-0.0773,9.9439,3.00,0.000
TRK,2206018,0.97252,-0.17743,-0.02679,0.14832,0.1350,0.0051,0.1028,0.529,0.148,-0.502,2,436
TRK,2206038,0.97455,-0.16151,-0.00510,0.15535,0.1451,0.0084,0.0926,0.485,0.181,-0.504,2,436
TRK,2206058,0.97577,-0.14472,0.00964,0.16380,0.1543,0.0122,0.0834,0.448,0.200,-0.421,2,436
TRK,2206078,0.97719,-0.12511,0.01749,0.17069,0.1628,0.0162,0.0756,0.402,0.204,-0.379,2,436
TRK,2206099,0.97704,-0.11549,0.03009,0.17647,0.1708,0.0206,0.0670,0.309,0.172,-0.395,2,436
TRK,2206119,0.97498,-0.11830,0.05038,0.18135,0.1761,0.0237,0.0593,0.240,0.155,-0.371,2,436
TRK,2206139,0.97221,-0.12523,0.06938,0.18526,0.1805,0.0268,0.0526,0.200,0.157,-0.303,2,436
TRK,2206159,0.96841,-0.13529,0.08138,0.19303,0.1840,0.0299,0.0472,0.161,0.155,-0.241,2,436
TRK,2206179,0.96520,-0.13968,0.08739,0.20308,0.1871,0.0330,0.0432,0.155,0.164,-0.130,2,436
TRK,2206197,0.97465,-0.05828,0.07143,0.20385,0.1902,0.0356,0.0422,0.187,0.126,-0.033,2,436
TRK,2206219,0.97819,-0.02626,0.03813,0.20250,0.1940,0.0378,0.0418,0.163,0.082,0.025,2,436
TRK,2206237,0.97899,-0.02631,0.03519,0.19911,0.1971,0.0398,0.0425,0.153,0.113,0.033,2,436
TRK,2206259,0.98019,-0.02569,0.03269,0.19364,0.1999,0.0421,0.0432,0.141,0.116,0.045,2,436
TRK,2206280,0.98130,-0.02521,0.03279,0.18797,0.2033,0.0449,0.0443,0.159,0.136,0.054,2,436
TRK,2206300,0.98197,-0.02501,0.03223,0.18459,0.2067,0.0477,0.0455,0.192,0.141,0.063,2,436
TRK,2206320,0.98261,-0.02487,0.03100,0.18138,0.2107,0.0505,0.0468,0.213,0.143,0.069,2,436
TRK,2206340,0.98314,-0.02587,0.02659,0.17903,0.2151,0.0534,0.0482,0.228,0.147,0.078,2,436
TRK,2206360,0.98362,-0.02641,0.02375,0.17674,0.2197,0.0563,0.0499,0.239,0.154,0.086,2,436
TRK,2206380,0.98409,-0.02704,0.02113,0.17435,0.2246,0.0595,0.0517,0.251,0.161,0.095,2,436
TRK,2206400,0.98446,-0.02784,0.01827,0.17244,0.2297,0.0627,0.0536,0.261,0.167,0.104,2,436
TRK,2206420,0.98481,-0.02848,0.01601,0.17056,0.2356,0.0665,0.0561,0.273,0.175,0.114,2,436
TRK,2206440,0.98496,-0.02891,0.01445,0.16974,0.2411,0.0701,0.0584,0.284,0.181,0.122,2,436
TRK,2206457,0.98520,-0.02921,0.01319,0.16837,0.2461,0.0733,0.0606,0.294,0.187,0.130,2,436
TRK,2206477,0.98545,-0.02961,0.01172,0.16693,0.2520,0.0770,0.0633,0.303,0.193,0.139,2,436
TRK,2206500,0.98551,-0.03011,0.01027,0.16664,0.2589,0.0814,0.0665,0.316,0.201,0.148,2,436
TRK,2206517,0.98550,-0.03032,0.00962,0.16664,0.2645,0.0849,0.0691,0.325,0.206,0.156,2,436
TRK,2206539,0.98550,-0.03033,0.00978,0.16668,0.2719,0.0896,0.0727,0.338,0.213,0.166,2,436
TRK,2206559,0.98547,-0.02982,0.01153,0.16684,0.2787,0.0939,0.0760,0.348,0.220,0.174,2,436
TRK,2206578,0.98542,-0.02925,0.01383,0.16701,0.2848,0.0978,0.0791,0.358,0.225,0.182,2,436
TRK,2206597,0.98498,-0.02848,0.01722,0.16941,0.2919,0.1023,0.0828,0.365,0.231,0.190,2,436
TRK,2206617,0.98449,-0.02809,0.02006,0.17199,0.2993,0.1069,0.0867,0.378,0.236,0.197,2,436
TRK,2206640,0.98402,-0.02886,0.01986,0.17460,0.3078,0.1122,0.0911,0.388,0.238,0.205,2,436
TRK,2206658,0.98412,-0.02918,0.02236,0.17365,0.3156,0.1167,0.0953,0.389,0.211,0.224,2,436
TRK,2206678,0.98363,-0.05010,0.02775,0.17086,0.3233,0.1206,0.1001,0.395,0.177,0.262,2,436
TRK,2206698,0.97894,-0.10346,0.03214,0.17305,0.3311,0.1238,0.1061,0.402,0.162,0.395,2,436
TRK,2206718,0.97698,-0.12473,0.01900,0.17205,0.3395,0.1270,0.1158,0.437,0.158,0.557,2,436
TRK,2206738,0.97779,-0.13598,-0.00019,0.15947,0.3485,0.1302,0.1281,0.466,0.164,0.677,2,436
TRK,2206758,0.98088,-0.13193,-0.01974,0.14172,0.3578,0.1334,0.1424,0.467,0.157,0.765,2,436
TRK,2206778,0.98369,-0.12320,-0.03853,0.12525,0.3670,0.1364,0.1580,0.464,0.144,0.800,2,436
TRK,2206798,0.98496,-0.11871,-0.05527,0.11272,0.3763,0.1392,0.1741,0.480,0.145,0.824,2,436
TRK,2206820,0.98537,-0.11619,-0.07319,0.10094,0.3874,0.1427,0.1928,0.514,0.172,0.856,2,436
TRK,2206838,0.98489,-0.11659,-0.08608,0.09480,0.3966,0.1459,0.2077,0.547,0.196,0.857,2,436
TRK,2206860,0.98286,-0.12482,-0.09956,0.09220,0.4092,0.1506,0.2265,0.585,0.229,0.831,2,436
TRK,2206878,0.98057,-0.13429,-0.10716,0.09472,0.4211,0.1554,0.2427,0.618,0.255,0.795,2,436
TRK,2206899,0.97747,-0.14769,-0.11083,0.10228,0.4336,0.1607,0.2578,0.653,0.282,0.729,2,436
TRK,2206919,0.97494,-0.15806,-0.10916,0.11223,0.4469,0.1665,0.2713,0.688,0.303,0.636,2,436
TRK,2206939,0.97302,-0.16407,-0.10406,0.12445,0.4609,0.1728,0.2829,0.726,0.328,0.532,2,436
TRK,2206959,0.97194,-0.16340,-0.09739,0.13835,0.4755,0.1794,0.2924,0.751,0.338,0.422,2,436
TRK,2206979,0.97185,-0.15807,-0.08823,0.15077,0.4906,0.1861,0.2996,0.767,0.343,0.304,2,436
TRK,2207000,0.97243,-0.15021,-0.07616,0.16129,0.5077,0.1938,0.3047,0.765,0.346,0.159,2,436
STAT,404.1,400.6,2,4,0,1.1398,93.224,0.1216,0.1192,-0.0773,9.9439,3.00,0.000
TRK,2207019,0.97246,-0.14433,-0.06145,0.17237,0.5228,0.2008,0.3067,0.762,0.369,0.050,2,436
TRK,2207040,0.97268,-0.13819,-0.04379,0.18131,0.5378,0.2085,0.3068,0.754,0.416,-0.045,2,436
TRK,2207058,0.97245,-0.13326,-0.02683,0.18936,0.5506,0.2161,0.3053,0.728,0.461,-0.125,2,436
TRK,2207077,0.97155,-0.12243,-0.00677,0.20262,0.5646,0.2257,0.3022,0.682,0.496,-0.184,2,436
TRK,2207100,0.97052,-0.10302,0.01289,0.21753,0.5792,0.2369,0.2976,0.624,0.506,-0.221,2,436
TRK,2207119,0.96977,-0.08566,0.02561,0.22707,0.5910,0.2469,0.2931,0.578,0.502,-0.223,2,436
TRK,2207137,0.96928,-0.07366,0.03266,0.23237,0.6007,0.2555,0.2893,0.539,0.491,-0.216,2,436
TRK,2207157,0.96876,-0.06426,0.03825,0.23644,0.6110,0.2650,0.2851,0.503,0.474,-0.205,2,436
TRK,2207178,0.96717,-0.06396,0.04896,0.24101,0.6220,0.2756,0.2808,0.480,0.467,-0.178,2,436
TRK,2207198,0.96687,-0.07052,0.04875,0.24046,0.6313,0.2845,0.2775,0.456,0.439,-0.156,2,436
TRK,2207218,0.96548,-0.07553,0.05948,0.24207,0.6404,0.2932,0.2751,0.465,0.440,-0.082,2,436
TRK,2207238,0.96476,-0.07573,0.06698,0.24294,0.6498,0.3020,0.2741,0.483,0.449,-0.029,2,436
TRK,2207258,0.96311,-0.07847,0.07432,0.24647,0.6594,0.3109,0.2738,0.486,0.453,-0.007,2,436
TRK,2207279,0.96012,-0.08178,0.08083,0.25484,0.6700,0.3212,0.2732,0.465,0.472,-0.053,2,436
TRK,2207299,0.96071,-0.03919,0.06743,0.26637,0.6798,0.3308,0.2735,0.561,0.457,0.135,2,436
TRK,2207319,0.96222,-0.02649,0.03293,0.26897,0.6912,0.3384,0.2776,0.557,0.375,0.225,2,436
TRK,2207339,0.96369,-0.02836,0.02157,0.26464,0.7021,0.3461,0.2821,0.550,0.394,0.229,2,436
TRK,2207358,0.96462,-0.02948,0.01239,0.26171,0.7129,0.3540,0.2867,0.539,0.406,0.241,2,436
TRK,2207380,0.96549,-0.02992,0.00806,0.25858,0.7236,0.3622,0.2915,0.545,0.417,0.246,2,436
TRK,2207398,0.96668,-0.03032,0.00460,0.25414,0.7346,0.3705,0.2965,0.563,0.421,0.249,2,436
TRK,2207420,0.96777,-0.03021,0.00231,0.25000,0.7473,0.3798,0.3021,0.578,0.416,0.255,2,436
TRK,2207440,0.96840,-0.02891,0.00450,0.24766,0.7588,0.3881,0.3071,0.578,0.418,0.254,2,436
TRK,2207460,0.96852,-0.02774,0.00605,0.24732,0.7702,0.3963,0.3121,0.575,0.418,0.253,2,436
TRK,2207480,0.96850,-0.02644,0.00460,0.24757,0.7816,0.4046,0.3172,0.574,0.419,0.254,2,436
TRK,2207499,0.96854,-0.02631,0.00236,0.24745,0.7915,0.4119,0.3216,0.572,0.420,0.251,2,436
TRK,2207518,0.96829,-0.02805,-0.00006,0.24825,0.8028,0.4202,0.3265,0.569,0.420,0.247,2,436
TRK,2207538,0.96818,-0.02875,-0.00177,0.24859,0.8141,0.4285,0.3314,0.568,0.420,0.249,2,436
TRK,2207558,0.96820,-0.02888,-0.00284,0.24850,0.8253,0.4368,0.3363,0.568,0.420,0.248,2,436
TRK,2207578,0.96839,-0.02890,-0.00305,0.24775,0.8366,0.4452,0.3412,0.567,0.420,0.246,2,436
TRK,2207599,0.96856,-0.02890,-0.00308,0.24707,0.8492,0.4545,0.3467,0.566,0.419,0.244,2,436
TRK,2207619,0.96869,-0.02894,-0.00336,0.24658,0.8604,0.4628,0.3515,0.563,0.419,0.242,2,436
TRK,2207639,0.96871,-0.02895,-0.00382,0.24646,0.8716,0.4711,0.3563,0.561,0.419,0.241,2,436
TRK,2207659,0.96884,-0.02903,-0.00423,0.24595,0.8827,0.4794,0.3611,0.559,0.419,0.238,2,436
TRK,2207679,0.96905,-0.02919,-0.00476,0.24508,0.8937,0.4877,0.3658,0.557,0.418,0.237,2,436
TRK,2207699,0.96933,-0.02935,-0.00523,0.24395,0.9047,0.4960,0.3705,0.555,0.418,0.236,2,436
TRK,2207720,0.96966,-0.02943,-0.00549,0.24263,0.9171,0.5053,0.3757,0.553,0.417,0.234,2,436
TRK,2207738,0.96972,-0.02946,-0.00565,0.24237,0.9266,0.5125,0.3797,0.551,0.416,0.232,2,436
TRK,2207757,0.96971,-0.02944,-0.00583,0.24242,0.9375,0.5207,0.3843,0.549,0.415,0.230,2,436
TRK,2207779,0.96970,-0.02945,-0.00603,0.24245,0.9497,0.5300,0.3894,0.546,0.415,0.228,2,436
TRK,2207800,0.96970,-0.02958,-0.00639,0.24242,0.9605,0.5382,0.3939,0.544,0.415,0.226,2,436
TRK,2207820,0.96969,-0.02967,-0.00657,0.24243,0.9712,0.5464,0.3983,0.542,0.414,0.224,2,436
TRK,2207839,0.96968,-0.02975,-0.00688,0.24247,0.9819,0.5546,0.4028,0.539,0.414,0.222,2,436
TRK,2207859,0.96967,-0.02993,-0.00748,0.24246,0.9925,0.5628,0.4071,0.537,0.413,0.221,2,436
TRK,2207879,0.96966,-0.03006,-0.00810,0.24247,1.0031,0.5709,0.4115,0.536,0.413,0.219,2,436
TRK,2207899,0.96966,-0.03013,-0.00845,0.24244,1.0137,0.5791,0.4158,0.534,0.413,0.217,2,436
TRK,2207920,0.96966,-0.03025,-0.00881,0.24240,1.0243,0.5873,0.4201,0.532,0.412,0.216,2,436
TRK,2207940,0.96966,-0.03031,-0.00892,0.24239,1.0361,0.5965,0.4249,0.529,0.412,0.214,2,436
TRK,2207960,0.96966,-0.03033,-0.00885,0.24239,1.0466,0.6046,0.4291,0.526,0.411,0.212,2,436
TRK,2207979,0.96967,-0.03038,-0.00879,0.24237,1.0557,0.6117,0.4327,0.525,0.411,0.211,2,436
TRK,2207998,0.96983,-0.03046,-0.00880,0.24171,1.0660,0.6199,0.4369,0.522,0.411,0.209,2,436
STAT,404.1,400.6,2,4,0,0.0635,1.681,0.1216,0.1192,-0.0773,9.9439,3.00,0.000
TRK,2208018,0.96984,-0.03053,-0.00902,0.24166,1.0763,0.6280,0.4410,0.520,0.411,0.207,2,436
TRK,2208038,0.96984,-0.03043,-0.00820,0.24168,0.3738,0.0732,0.1627,0.000,0.000,0.000,1,437
TRK,2208058,0.96984,-0.03045,-0.00749,0.24171,0.3738,0.0732,0.1627,0.000,0.000,0.000,1,437
TRK,2208078,0.96984,-0.03038,-0.00679,0.24173,0.3738,0.0732,0.1627,0.000,0.000,0.000,1,437
TRK,2208100,0.96984,-0.03038,-0.00606,0.24175,0.3738,0.0732,0.1627,0.000,0.000,0.000,1,437
TRK,2208120,0.96984,-0.03030,-0.00525,0.24177,0.3738,0.0732,0.1627,0.000,0.000,0.000,1,437
TRK,2208138,0.96985,-0.03020,-0.00462,0.24179,0.3738,0.0732,0.1627,0.000,0.000,0.000,1,437
TRK,2208160,0.96985,-0.03015,-0.00416,0.24181,0.3738,0.0732,0.1627,0.000,0.000,0.000,1,437
TRK,2208179,0.96985,-0.03015,-0.00388,0.24182,0.3738,0.0732,0.1627,0.000,0.000,0.000,1,437
TRK,2208200,0.96985,-0.03013,-0.00376,0.24182,0.3738,0.0732,0.1627,0.000,0.000,0.000,1,437
TRK,2208219,0.96985,-0.03012,-0.00387,0.24182,0.3738,0.0732,0.1627,0.000,0.000,0.000,1,437
TRK,2208239,0.96984,-0.03021,-0.00407,0.24181,0.3738,0.0732,0.1627,0.000,0.000,0.000,1,437
TRK,2208259,0.96984,-0.03022,-0.00386,0.24182,0.3738,0.0732,0.1627,0.000,0.000,0.000,1,437
TRK,2208278,0.96984,-0.03021,-0.00379,0.24182,0.3738,0.0732,0.1627,0.000,0.000,0.000,1,437
TRK,2208299,0.96984,-0.03024,-0.00376,0.24182,0.3738,0.0732,0.1627,0.000,0.000,0.000,1,437
TRK,2208319,0.96984,-0.03025,-0.00369,0.24182,0.3738,0.0732,0.1627,0.000,0.000,0.000,1,437
TRK,2208338,0.96984,-0.03030,-0.00391,0.24182,0.3738,0.0732,0.1627,0.000,0.000,0.000,1,437
TRK,2208357,0.96984,-0.03025,-0.00402,0.24181,0.3738,0.0732,0.1627,0.000,0.000,0.000,1,437
TRK,2208380,0.96985,-0.03020,-0.00436,0.24180,0.3738,0.0732,0.1627,0.000,0.000,0.000,1,437
TRK,2208399,0.96985,-0.03019,-0.00486,0.24179,0.3738,0.0732,0.1627,0.000,0.000,0.000,1,437
TRK,2208419,0.96985,-0.03024,-0.00550,0.24177,0.3738,0.0732,0.1627,0.000,0.000,0.000,1,437
TRK,2208439,0.96984,-0.03042,-0.00647,0.24174,0.3738,0.0732,0.1627,0.000,0.000,0.000,1,437
TRK,2208459,0.97031,-0.03042,-0.00694,0.23984,0.3738,0.0734,0.1623,-0.013,0.007,-0.003,2,437
TRK,2208479,0.97061,-0.03075,-0.00701,0.23859,0.3732,0.0735,0.1623,-0.042,0.009,-0.003,2,437
TRK,2208500,0.97062,-0.03118,-0.00700,0.23848,0.3718,0.0738,0.1622,-0.078,0.009,-0.003,2,437
TRK,2208520,0.97059,-0.03173,-0.00660,0.23855,0.3699,0.0739,0.1622,-0.118,0.001,-0.002,2,437
TRK,2208540,0.97067,-0.03256,-0.00650,0.23811,0.3671,0.0738,0.1621,-0.157,-0.010,-0.002,2,437
TRK,2208560,0.97110,-0.03335,-0.00519,0.23628,0.3636,0.0735,0.1621,-0.200,-0.022,-0.005,2,437
TRK,2208580,0.97170,-0.03445,-0.00535,0.23363,0.3592,0.0730,0.1620,-0.241,-0.028,-0.005,2,437
TRK,2208600,0.97271,-0.03504,-0.00523,0.22932,0.3539,0.0722,0.1619,-0.296,-0.046,-0.006,2,437
TRK,2208620,0.97406,-0.03478,-0.00402,0.22355,0.3476,0.0712,0.1617,-0.340,-0.054,-0.008,2,437
TRK,2208638,0.97569,-0.03362,-0.00191,0.21654,0.3404,0.0701,0.1615,-0.387,-0.061,-0.010,2,437
TRK,2208659,0.97758,-0.03331,0.00041,0.20793,0.3324,0.0689,0.1614,-0.416,-0.063,-0.006,2,437
TRK,2208680,0.97969,-0.03413,0.00317,0.19755,0.3228,0.0674,0.1613,-0.445,-0.067,-0.003,2,437
TRK,2208698,0.98156,-0.03523,0.00475,0.18784,0.3150,0.0663,0.1612,-0.461,-0.058,-0.001,2,437
TRK,2208718,0.98341,-0.03482,0.00557,0.17792,0.3056,0.0653,0.1613,-0.477,-0.040,0.003,2,437
TRK,2208738,0.98517,-0.03329,0.00534,0.16823,0.2961,0.0647,0.1613,-0.490,-0.030,0.006,2,437
TRK,2208758,0.98680,-0.03309,0.00494,0.15846,0.2863,0.0640,0.1615,-0.503,-0.032,0.007,2,437
TRK,2208779,0.98843,-0.03448,0.00453,0.14764,0.2750,0.0633,0.1616,-0.511,-0.036,0.008,2,437
TRK,2208799,0.99012,-0.03521,0.00386,0.13567,0.2648,0.0625,0.1618,-0.520,-0.045,0.011,2,437
TRK,2208819,0.99182,-0.03422,0.00374,0.12295,0.2544,0.0616,0.1621,-0.525,-0.050,0.014,2,437
TRK,2208839,0.99337,-0.03332,0.00471,0.10990,0.2440,0.0606,0.1624,-0.529,-0.051,0.016,2,437
TRK,2208859,0.99468,-0.03176,0.00744,0.09768,0.2335,0.0596,0.1627,-0.523,-0.046,0.020,2,437
TRK,2208880,0.99580,-0.03009,0.01040,0.08587,0.2233,0.0588,0.1632,-0.514,-0.039,0.024,2,437
TRK,2208898,0.99670,-0.02781,0.01311,0.07515,0.2132,0.0581,0.1637,-0.505,-0.033,0.027,2,437
TRK,2208920,0.99738,-0.02705,0.01485,0.06548,0.2033,0.0575,0.1642,-0.485,-0.027,0.031,2,437
TRK,2208938,0.99795,-0.02514,0.01691,0.05631,0.1938,0.0569,0.1648,-0.479,-0.036,0.029,2,437
TRK,2208959,0.99842,-0.02315,0.01962,0.04720,0.1845,0.0560,0.1654,-0.468,-0.047,0.032,2,437
TRK,2208980,0.99881,-0.02298,0.02246,0.03667,0.1744,0.0551,0.1662,-0.434,-0.038,0.036,2,437
TRK,2209000,0.99905,-0.02258,0.02437,0.02827,0.1662,0.0545,0.1670,-0.397,-0.019,0.043,2,437
STAT,404.0,400.5,2,4,0,1.0513,53.070,0.1212,0.1189,-0.0817,9.8796,2.71,0.694
TRK,2209018,0.99920,-0.02234,0.02424,0.02280,0.1596,0.0544,0.1678,-0.359,0.003,0.047,2,437
TRK,2209039,0.99934,-0.02181,0.02355,0.01720,0.1521,0.0546,0.1688,-0.320,0.012,0.049,2,437
TRK,2209059,0.99940,-0.02227,0.02304,0.01294,0.1460,0.0548,0.1698,-0.298,0.011,0.051,2,437
TRK,2209080,0.99942,-0.02340,0.02371,0.00730,0.1403,0.0549,0.1709,-0.279,-0.001,0.054,2,437
TRK,2209100,0.99946,-0.02261,0.02403,-0.00022,0.1350,0.0548,0.1720,-0.255,-0.006,0.057,2,437
TRK,2209120,0.99945,-0.02240,0.02315,-0.00771,0.1301,0.0547,0.1731,-0.231,-0.004,0.059,2,437
TRK,2209139,0.99942,-0.02357,0.02143,-0.01219,0.1259,0.0547,0.1743,-0.198,0.002,0.062,2,437
TRK,2209159,0.99934,-0.02562,0.01935,-0.01680,0.1222,0.0548,0.1756,-0.170,0.008,0.068,2,437
TRK,2209179,0.99925,-0.02778,0.01747,-0.02036,0.1191,0.0549,0.1770,-0.157,0.005,0.071,2,437
TRK,2209199,0.99913,-0.02933,0.01640,-0.02456,0.1160,0.0550,0.1784,-0.153,-0.001,0.075,2,437
TRK,2209219,0.99896,-0.03020,0.01551,-0.03028,0.1131,0.0550,0.1799,-0.132,0.007,0.078,2,437
TRK,2209237,0.99881,-0.03053,0.01477,-0.03491,0.1108,0.0552,0.1815,-0.106,0.016,0.082,2,437
TRK,2209259,0.99861,-0.03101,0.01387,-0.04031,0.1089,0.0555,0.1831,-0.090,0.017,0.084,2,437
TRK,2209280,0.99839,-0.03127,0.01320,-0.04549,0.1071,0.0560,0.1850,-0.065,0.025,0.088,2,437
TRK,2209300,0.99821,-0.03181,0.01220,-0.04914,0.1061,0.0566,0.1868,-0.044,0.030,0.092,2,437
TRK,2209320,0.99811,-0.03224,0.01161,-0.05108,0.1054,0.0573,0.1887,-0.027,0.034,0.095,2,437
TRK,2209340,0.99795,-0.03281,0.01035,-0.05403,0.1049,0.0579,0.1906,-0.018,0.034,0.097,2,437
TRK,2209360,0.99779,-0.03308,0.00969,-0.05678,0.1046,0.0586,0.1925,-0.008,0.040,0.099,2,437
TRK,2209377,0.99766,-0.03310,0.00917,-0.05918,0.1046,0.0594,0.1943,0.001,0.044,0.104,2,437
TRK,2209398,0.99744,-0.03275,0.00960,-0.06282,0.1047,0.0604,0.1966,0.001,0.042,0.107,2,437
TRK,2209418,0.99704,-0.03261,0.01014,-0.06889,0.1047,0.0612,0.1988,0.010,0.043,0.111,2,437
TRK,2209438,0.99656,-0.03268,0.01102,-0.07538,0.1050,0.0620,0.2010,0.018,0.043,0.117,2,437
TRK,2209458,0.99601,-0.03353,0.01110,-0.08195,0.1054,0.0629,0.2034,0.026,0.041,0.118,2,437
TRK,2209479,0.99543,-0.03396,0.01135,-0.08854,0.1060,0.0636,0.2058,0.042,0.040,0.122,2,437
TRK,2209497,0.99523,-0.03381,0.01244,-0.09069,0.1073,0.0646,0.2082,0.081,0.051,0.127,2,437
TRK,2209519,0.99503,-0.03469,0.01147,-0.09264,0.1089,0.0655,0.2107,0.082,0.043,0.130,2,437
TRK,2209540,0.99457,-0.03532,0.01046,-0.09730,0.1111,0.0665,0.2137,0.114,0.046,0.134,2,437
TRK,2209560,0.99426,-0.03550,0.01017,-0.10040,0.1136,0.0674,0.2164,0.142,0.048,0.138,2,437
TRK,2209578,0.99401,-0.03562,0.00997,-0.10286,0.1162,0.0682,0.2188,0.162,0.044,0.141,2,437
TRK,2209597,0.99349,-0.03567,0.01001,-0.10769,0.1195,0.0689,0.2216,0.176,0.037,0.145,2,437
TRK,2209617,0.99299,-0.03570,0.01038,-0.11220,0.1232,0.0697,0.2246,0.206,0.042,0.148,2,437
TRK,2209640,0.99273,-0.03620,0.00988,-0.11441,0.1282,0.0706,0.2279,0.244,0.041,0.152,2,437
TRK,2209658,0.99254,-0.03656,0.00931,-0.11592,0.1333,0.0714,0.2309,0.275,0.036,0.156,2,437
TRK,2209678,0.99241,-0.03664,0.00966,-0.11699,0.1389,0.0721,0.2341,0.291,0.033,0.159,2,437
TRK,2209698,0.99228,-0.03673,0.00971,-0.11809,0.1448,0.0727,0.2372,0.311,0.029,0.162,2,437
TRK,2209718,0.99221,-0.03667,0.00981,-0.11863,0.1512,0.0732,0.2405,0.325,0.022,0.165,2,437
TRK,2209738,0.99222,-0.03659,0.01000,-0.11861,0.1577,0.0736,0.2438,0.335,0.015,0.168,2,437
TRK,2209758,0.99222,-0.03654,0.01016,-0.11860,0.1644,0.0739,0.2472,0.341,0.015,0.172,2,437
TRK,2209778,0.99222,-0.03654,0.01008,-0.11856,0.1712,0.0742,0.2506,0.347,0.014,0.175,2,437
TRK,2209798,0.99222,-0.03661,0.00996,-0.11856,0.1781,0.0744,0.2541,0.351,0.014,0.179,2,437
TRK,2209818,0.99240,-0.03661,0.00993,-0.11708,0.1852,0.0747,0.2577,0.359,0.013,0.182,2,437
TRK,2209838,0.99239,-0.03664,0.00992,-0.11711,0.1923,0.0750,0.2613,0.365,0.012,0.185,2,437
TRK,2209860,0.99239,-0.03667,0.00986,-0.11713,0.2005,0.0752,0.2655,0.372,0.011,0.189,2,437
TRK,2209880,0.99239,-0.03665,0.00988,-0.11712,0.2080,0.0754,0.2693,0.379,0.010,0.193,2,437
TRK,2209897,0.99239,-0.03660,0.01000,-0.11716,0.2146,0.0756,0.2726,0.385,0.009,0.196,2,437
TRK,2209918,0.99240,-0.03644,0.01025,-0.11711,0.2233,0.0758,0.2770,0.392,0.009,0.199,2,437
TRK,2209939,0.99241,-0.03628,0.01053,-0.11706,0.2311,0.0760,0.2810,0.398,0.008,0.202,2,437
TRK,2209960,0.99241,-0.03618,0.01068,-0.11704,0.2400,0.0761,0.2855,0.404,0.008,0.206,2,437
TRK,2209979,0.99241,-0.03624,0.01057,-0.11701,0.2471,0.0763,0.2891,0.410,0.008,0.209,2,437
TRK,2209999,0.99241,-0.03632,0.01048,-0.11702,0.2552,0.0764,0.2933,0.416,0.007,0.212,2,437
STAT,404.0,400.5,2,4,0,0.0362,1.127,0.1212,0.1189,-0.0817,9.8796,2.71,0.694
TRK,2210020,0.99240,-0.03646,0.01034,-0.11706,0.2646,0.0766,0.2981,0.424,0.006,0.216,2,437
TRK,2210040,0.99240,-0.03653,0.01024,-0.11708,0.2731,0.0767,0.3024,0.431,0.005,0.220,2,437
TRK,2210060,0.99240,-0.03649,0.01032,-0.11706,0.2816,0.0768,0.3068,0.437,0.004,0.223,2,437
TRK,2210078,0.99240,-0.03643,0.01041,-0.11704,0.2893,0.0768,0.3106,0.442,0.004,0.226,2,437
TRK,2210100,0.99241,-0.03638,0.01054,-0.11701,0.2992,0.0769,0.3157,0.449,0.003,0.230,2,437
TRK,2210120,0.99241,-0.03635,0.01058,-0.11699,0.3081,0.0770,0.3203,0.455,0.002,0.233,2,437
TRK,2210139,0.99242,-0.03630,0.01063,-0.11691,0.3172,0.0770,0.3250,0.461,0.002,0.236,2,437
TRK,2210159,0.99242,-0.03633,0.01059,-0.11691,0.3264,0.0770,0.3297,0.468,0.001,0.240,2,437
TRK,2210179,0.99242,-0.03624,0.01074,-0.11690,0.3358,0.0770,0.3345,0.475,0.000,0.243,2,437
TRK,2210200,0.99242,-0.03616,0.01081,-0.11691,0.3464,0.0770,0.3399,0.482,-0.001,0.247,2,437
TRK,2210220,0.99242,-0.03620,0.01077,-0.11691,0.3560,0.0770,0.3448,0.488,-0.001,0.250,2,437
TRK,2210238,0.99243,-0.03618,0.01081,-0.11688,0.3645,0.0770,0.3492,0.494,-0.001,0.253,2,437
TRK,2210259,0.99243,-0.03611,0.01095,-0.11683,0.3744,0.0770,0.3542,0.499,-0.002,0.256,2,437
TRK,2210280,0.99243,-0.03614,0.01091,-0.11686,0.0075,-0.0000,0.0038,0.506,-0.002,0.260,2,437
TRK,2210298,0.99243,-0.03612,0.01093,-0.11686,0.0163,-0.0001,0.0084,0.512,-0.003,0.262,2,437
TRK,2210318,0.99245,-0.03609,0.00934,-0.11689,-0.4952,0.0028,-0.2535,0.000,0.000,0.000,1,438
TRK,2210338,0.99246,-0.03604,0.00667,-0.11698,-0.4952,0.0028,-0.2535,0.000,0.000,0.000,1,438
TRK,2210360,0.99246,-0.03594,0.00431,-0.11707,-0.4952,0.0028,-0.2535,0.000,0.000,0.000,1,438
TRK,2210378,0.99246,-0.03589,0.00262,-0.11713,-0.4952,0.0028,-0.2535,0.000,0.000,0.000,1,438
TRK,2210400,0.99246,-0.03589,0.00121,-0.11718,-0.4952,0.0028,-0.2535,0.000,0.000,0.000,1,438
TRK,2210418,0.99246,-0.03591,0.00007,-0.11722,-0.4952,0.0028,-0.2535,0.000,0.000,0.000,1,438
TRK,2210440,0.99245,-0.03598,-0.00098,-0.11726,-0.4952,0.0028,-0.2535,0.000,0.000,0.000,1,438
TRK,2210458,0.99245,-0.03591,-0.00158,-0.11728,-0.4952,0.0028,-0.2535,0.000,0.000,0.000,1,438
TRK,2210478,0.99245,-0.03584,-0.00213,-0.11730,-0.4952,0.0028,-0.2535,0.000,0.000,0.000,1,438
TRK,2210498,0.99245,-0.03573,-0.00256,-0.11732,-0.4952,0.0028,-0.2535,0.000,0.000,0.000,1,438
TRK,2210518,0.99245,-0.03564,-0.00293,-0.11733,-0.4952,0.0028,-0.2535,0.000,0.000,0.000,1,438
TRK,2210540,0.99245,-0.03556,-0.00324,-0.11734,-0.4952,0.0028,-0.2535,0.000,0.000,0.000,1,438
TRK,2210560,0.99245,-0.03554,-0.00346,-0.11735,-0.4952,0.0028,-0.2535,0.000,0.000,0.000,1,438
TRK,2210580,0.99245,-0.03557,-0.00366,-0.11736,-0.4952,0.0028,-0.2535,0.000,0.000,0.000,1,438
TRK,2210600,0.99244,-0.03560,-0.00376,-0.11736,-0.4952,0.0028,-0.2535,0.000,0.000,0.000,1,438
TRK,2210619,0.99244,-0.03560,-0.00387,-0.11736,-0.4952,0.0028,-0.2535,0.000,0.000,0.000,1,438
TRK,2210640,0.99245,-0.03554,-0.00392,-0.11736,-0.4952,0.0028,-0.2535,0.000,0.000,0.000,1,438
TRK,2210658,0.99244,-0.03554,-0.00410,-0.11737,-0.4952,0.0028,-0.2535,0.000,0.000,0.000,1,438
TRK,2210680,0.99245,-0.03530,-0.00396,-0.11737,-0.4952,0.0028,-0.2535,0.000,0.000,0.000,1,438
TRK,2210700,0.99247,-0.03502,-0.00364,-0.11736,-0.4952,0.0028,-0.2535,0.000,0.000,0.000,1,438
TRK,2210720,0.99247,-0.03494,-0.00350,-0.11736,-0.4952,0.0028,-0.2535,0.000,0.000,0.000,1,438
TRK,2210740,0.99247,-0.03497,-0.00357,-0.11736,-0.4952,0.0028,-0.2535,0.000,0.000,0.000,1,438
TRK,2210759,0.99247,-0.03502,-0.00363,-0.11736,-0.4952,0.0028,-0.2535,0.000,0.000,0.000,1,438
TRK,2210778,0.99229,-0.03469,-0.00336,-0.11891,-0.4950,0.0028,-0.2528,0.010,-0.004,0.011,2,438
TRK,2210798,0.99110,-0.03266,-0.00003,-0.12908,-0.4946,0.0026,-0.2525,0.032,-0.012,0.014,2,438
TRK,2210818,0.98938,-0.03144,0.00171,-0.14188,-0.4930,0.0023,-0.2522,0.151,-0.020,0.018,2,438
TRK,2210838,0.98822,-0.03071,0.00303,-0.14992,-0.4886,0.0018,-0.2518,0.310,-0.032,0.024,2,438
TRK,2210859,0.98798,-0.03123,0.00276,-0.15136,-0.4790,0.0010,-0.2512,0.559,-0.035,0.032,2,438
TRK,2210880,0.98866,-0.03152,0.00112,-0.14682,-0.4656,0.0003,-0.2505,0.793,-0.035,0.042,2,438
TRK,2210900,0.99008,-0.03133,-0.00128,-0.13698,-0.4477,-0.0003,-0.2495,1.012,-0.022,0.053,2,438
TRK,2210917,0.99202,-0.03236,-0.00179,-0.12187,-0.4286,-0.0004,-0.2486,1.187,0.008,0.055,2,438
TRK,2210938,0.99459,-0.03284,-0.00213,-0.09852,-0.4001,0.0003,-0.2473,1.363,0.053,0.061,2,438
TRK,2210960,0.99698,-0.03141,-0.00722,-0.07061,-0.3688,0.0016,-0.2458,1.421,0.065,0.078,2,438
TRK,2210978,0.99825,-0.03381,-0.00778,-0.04783,-0.3442,0.0030,-0.2445,1.421,0.087,0.072,2,438
TRK,2210999,0.99915,-0.03459,-0.00908,-0.02068,-0.3165,0.0047,-0.2431,1.371,0.084,0.075,2,438
STAT,403.9,400.9,2,4,0,4.8616,143.891,0.1325,0.1406,-0.0763,10.0192,2.01,0.579
TRK,2211018,0.99922,-0.03730,-0.01253,0.00190,-0.2902,0.0060,-0.2415,1.275,0.053,0.075,2,438
TRK,2211037,0.99900,-0.03709,-0.01243,0.02153,-0.2658,0.0068,-0.2400,1.193,0.028,0.073,2,438
TRK,2211060,0.99827,-0.03883,-0.01227,0.04234,-0.2401,0.0073,-0.2385,1.121,0.017,0.071,2,438
TRK,2211080,0.99773,-0.03445,-0.01168,0.05673,-0.2186,0.0076,-0.2371,1.048,0.015,0.073,2,438
TRK,2211099,0.99696,-0.03393,-0.01131,0.06922,-0.1986,0.0080,-0.2356,0.978,0.038,0.073,2,438
TRK,2211119,0.99598,-0.03470,-0.00899,0.08206,-0.1799,0.0092,-0.2341,0.904,0.089,0.075,2,438
TRK,2211140,0.99394,-0.03538,-0.00969,0.10364,-0.1631,0.0116,-0.2327,0.777,0.144,0.072,2,438
TRK,2211158,0.99176,-0.03477,-0.01236,0.12267,-0.1494,0.0147,-0.2313,0.605,0.164,0.071,2,438
TRK,2211178,0.98923,-0.03349,-0.01534,0.14169,-0.1391,0.0177,-0.2299,0.440,0.130,0.069,2,438
TRK,2211199,0.98725,-0.03213,-0.01734,0.15496,-0.1318,0.0198,-0.2285,0.305,0.083,0.066,2,438
TRK,2211219,0.98618,-0.03161,-0.01790,0.16163,-0.1270,0.0210,-0.2273,0.188,0.042,0.062,2,438
TRK,2211239,0.98585,-0.03120,-0.01799,0.16371,-0.1242,0.0216,-0.2261,0.095,0.022,0.059,2,438
TRK,2211258,0.98574,-0.03103,-0.01849,0.16436,-0.1229,0.0221,-0.2249,0.044,0.035,0.059,2,438
TRK,2211278,0.98566,-0.03257,-0.02342,0.16390,-0.1220,0.0229,-0.2237,0.042,0.040,0.062,2,438
TRK,2211298,0.98546,-0.03286,-0.02529,0.16479,-0.1213,0.0237,-0.2225,0.032,0.046,0.064,2,438
TRK,2211318,0.98558,-0.03282,-0.02524,0.16408,-0.1205,0.0246,-0.2212,0.044,0.045,0.066,2,438
TRK,2211338,0.98611,-0.03274,-0.02470,0.16093,-0.1196,0.0255,-0.2198,0.050,0.046,0.068,2,438
TRK,2211358,0.98667,-0.03258,-0.02379,0.15768,-0.1185,0.0265,-0.2185,0.058,0.047,0.071,2,438
TRK,2211380,0.98717,-0.03244,-0.02321,0.15458,-0.1172,0.0275,-0.2169,0.058,0.049,0.072,2,438
TRK,2211400,0.98729,-0.03240,-0.02308,0.15385,-0.1161,0.0285,-0.2154,0.058,0.051,0.074,2,438
TRK,2211418,0.98729,-0.03238,-0.02322,0.15385,-0.1149,0.0296,-0.2139,0.058,0.053,0.076,2,438
TRK,2211439,0.98729,-0.03244,-0.02349,0.15380,-0.1138,0.0306,-0.2124,0.058,0.055,0.078,2,438
TRK,2211459,0.98728,-0.03254,-0.02374,0.15382,-0.1126,0.0317,-0.2108,0.058,0.058,0.079,2,438
TRK,2211479,0.98727,-0.03256,-0.02389,0.15384,-0.1114,0.0329,-0.2093,0.060,0.060,0.081,2,438
TRK,2211500,0.98743,-0.03251,-0.02373,0.15287,-0.1101,0.0343,-0.2074,0.062,0.063,0.083,2,438
TRK,2211519,0.98742,-0.03246,-0.02376,0.15291,-0.1090,0.0354,-0.2060,0.064,0.065,0.085,2,438
TRK,2211539,0.98742,-0.03233,-0.02369,0.15293,-0.1077,0.0367,-0.2043,0.066,0.067,0.087,2,438
TRK,2211559,0.98743,-0.03178,-0.02411,0.15294,-0.1378,0.0057,-0.2439,0.000,0.000,0.000,1,439
TRK,2211578,0.98745,-0.03101,-0.02464,0.15290,-0.1378,0.0057,-0.2439,0.000,0.000,0.000,1,439
TRK,2211600,0.98747,-0.03014,-0.02491,0.15288,-0.1378,0.0057,-0.2439,0.000,0.000,0.000,1,439
TRK,2211620,0.98749,-0.02958,-0.02513,0.15286,-0.1378,0.0057,-0.2439,0.000,0.000,0.000,1,439
TRK,2211640,0.98750,-0.02904,-0.02518,0.15284,-0.1378,0.0057,-0.2439,0.000,0.000,0.000,1,439
TRK,2211659,0.98751,-0.02867,-0.02533,0.15283,-0.1378,0.0057,-0.2439,0.000,0.000,0.000,1,439
TRK,2211679,0.98752,-0.02840,-0.02553,0.15282,-0.1378,0.0057,-0.2439,0.000,0.000,0.000,1,439
TRK,2211699,0.98752,-0.02815,-0.02583,0.15281,-0.1378,0.0057,-0.2439,0.000,0.000,0.000,1,439
TRK,2211719,0.98751,-0.02803,-0.02617,0.15279,-0.1378,0.0057,-0.2439,0.000,0.000,0.000,1,439
TRK,2211740,0.98751,-0.02786,-0.02650,0.15278,-0.1378,0.0057,-0.2439,0.000,0.000,0.000,1,439
TRK,2211760,0.98752,-0.02769,-0.02645,0.15278,-0.1378,0.0057,-0.2439,0.000,0.000,0.000,1,439
TRK,2211778,0.98753,-0.02756,-0.02624,0.15278,-0.1378,0.0057,-0.2439,0.000,0.000,0.000,1,439
TRK,2211797,0.98754,-0.02746,-0.02580,0.15279,-0.1378,0.0057,-0.2439,0.000,0.000,0.000,1,439
TRK,2211818,0.98754,-0.02743,-0.02569,0.15279,-0.1378,0.0057,-0.2439,0.000,0.000,0.000,1,439
TRK,2211838,0.98754,-0.02741,-0.02582,0.15279,-0.1378,0.0057,-0.2439,0.000,0.000,0.000,1,439
TRK,2211858,0.98754,-0.02726,-0.02598,0.15278,-0.1378,0.0057,-0.2439,0.000,0.000,0.000,1,439
TRK,2211880,0.98755,-0.02711,-0.02605,0.15278,-0.1378,0.0057,-0.2439,0.000,0.000,0.000,1,439
TRK,2211898,0.98755,-0.02697,-0.02597,0.15278,-0.1378,0.0057,-0.2439,0.000,0.000,0.000,1,439
TRK,2211920,0.98756,-0.02692,-0.02575,0.15278,-0.1378,0.0057,-0.2439,0.000,0.000,0.000,1,439
TRK,2211938,0.98756,-0.02700,-0.02574,0.15278,-0.1378,0.0057,-0.2439,0.000,0.000,0.000,1,439
TRK,2211960,0.98755,-0.02711,-0.02584,0.15278,-0.1378,0.0057,-0.2439,0.000,0.000,0.000,1,439
TRK,2211978,0.98755,-0.02711,-0.02586,0.15278,-0.1378,0.0057,-0.2439,0.000,0.000,0.000,1,439
TRK,2211998,0.98756,-0.02703,-0.02568,0.15279,-0.1378,0.0057,-0.2439,0.000,0.000,0.000,1,439
STAT,403.9,400.9,2,4,0,0.0397,1.454,0.1325,0.1406,-0.0763,10.0860,0.93,0.130
TRK,2212020,0.98756,-0.02701,-0.02553,0.15279,-0.1378,0.0057,-0.2439,0.000,0.000,0.000,1,439
TRK,2212038,0.98756,-0.02698,-0.02545,0.15279,-0.1378,0.0057,-0.2439,0.000,0.000,0.000,1,439
TRK,2212058,0.98756,-0.02698,-0.02548,0.15279,-0.1378,0.0057,-0.2439,0.000,0.000,0.000,1,439
TRK,2212079,0.98756,-0.02703,-0.02551,0.15279,-0.1378,0.0057,-0.2439,0.000,0.000,0.000,1,439
TRK,2212100,0.98756,-0.02701,-0.02547,0.15279,-0.1378,0.0057,-0.2439,0.000,0.000,0.000,1,439
TRK,2212118,0.98756,-0.02703,-0.02545,0.15279,-0.1378,0.0057,-0.2439,0.000,0.000,0.000,1,439
TRK,2212140,0.98756,-0.02698,-0.02537,0.15279,-0.1378,0.0057,-0.2439,0.000,0.000,0.000,1,439
TRK,2212157,0.98757,-0.02696,-0.02534,0.15279,-0.1378,0.0057,-0.2439,0.000,0.000,0.000,1,439
TRK,2212178,0.98757,-0.02689,-0.02533,0.15279,-0.1378,0.0057,-0.2439,0.000,0.000,0.000,1,439
TRK,2212199,0.98757,-0.02685,-0.02537,0.15279,-0.1378,0.0057,-0.2439,0.000,0.000,0.000,1,439
TRK,2212220,0.98756,-0.02700,-0.02554,0.15279,-0.1378,0.0057,-0.2439,0.000,0.000,0.000,1,439
TRK,2212239,0.98755,-0.02713,-0.02577,0.15279,-0.1378,0.0057,-0.2439,0.000,0.000,0.000,1,439
TRK,2212260,0.98748,-0.02728,-0.02603,0.15319,-0.1377,0.0057,-0.2438,-0.012,0.005,0.001,2,439
TRK,2212278,0.98717,-0.02727,-0.02583,0.15520,-0.1380,0.0058,-0.2438,-0.018,0.004,0.001,2,439
TRK,2212298,0.98684,-0.02769,-0.02703,0.15699,-0.1386,0.0058,-0.2438,-0.039,-0.005,0.000,2,439
TRK,2212318,0.98691,-0.02796,-0.02747,0.15645,-0.1396,0.0056,-0.2438,-0.069,-0.020,-0.001,2,439
TRK,2212339,0.98739,-0.02792,-0.02614,0.15361,-0.1418,0.0047,-0.2438,-0.134,-0.065,-0.005,2,439
TRK,2212360,0.98829,-0.02817,-0.02468,0.14790,-0.1452,0.0030,-0.2440,-0.209,-0.101,-0.009,2,439
TRK,2212380,0.98944,-0.02876,-0.02250,0.14026,-0.1501,0.0008,-0.2442,-0.289,-0.127,-0.011,2,439
TRK,2212400,0.99050,-0.02966,-0.02024,0.13274,-0.1567,-0.0021,-0.2444,-0.380,-0.166,-0.014,2,439
TRK,2212420,0.99177,-0.02990,-0.01841,0.12309,-0.1651,-0.0057,-0.2447,-0.461,-0.197,-0.017,2,439
TRK,2212438,0.99301,-0.02980,-0.01728,0.11289,-0.1750,-0.0099,-0.2451,-0.537,-0.221,-0.021,2,439
TRK,2212459,0.99427,-0.03155,-0.01770,0.10063,-0.1862,-0.0143,-0.2456,-0.597,-0.224,-0.026,2,439
TRK,2212478,0.99570,-0.02895,-0.01718,0.08633,-0.1985,-0.0186,-0.2461,-0.642,-0.208,-0.026,2,439
TRK,2212498,0.99685,-0.02681,-0.01527,0.07303,-0.2116,-0.0225,-0.2466,-0.673,-0.177,-0.023,2,439
TRK,2212518,0.99755,-0.02666,-0.01359,0.06318,-0.2251,-0.0257,-0.2470,-0.692,-0.148,-0.025,2,439
TRK,2212538,0.99801,-0.02744,-0.01307,0.05526,-0.2389,-0.0284,-0.2475,-0.707,-0.131,-0.024,2,439
TRK,2212558,0.99847,-0.02798,-0.01321,0.04581,-0.2532,-0.0309,-0.2480,-0.737,-0.128,-0.026,2,439
TRK,2212578,0.99893,-0.02766,-0.01202,0.03514,-0.2681,-0.0336,-0.2485,-0.764,-0.141,-0.026,2,439
TRK,2212598,0.99931,-0.02842,-0.01195,0.02081,-0.2835,-0.0365,-0.2491,-0.788,-0.155,-0.029,2,439
TRK,2212618,0.99952,-0.02943,-0.00993,0.00155,-0.2991,-0.0396,-0.2496,-0.791,-0.155,-0.026,2,439
TRK,2212640,0.99925,-0.03070,-0.00942,-0.02156,-0.3166,-0.0428,-0.2502,-0.776,-0.130,-0.029,2,439
TRK,2212660,0.99857,-0.03414,-0.00712,-0.04053,-0.3317,-0.0451,-0.2507,-0.741,-0.105,-0.021,2,439
TRK,2212677,0.99776,-0.03352,-0.00596,-0.05752,-0.3442,-0.0468,-0.2510,-0.703,-0.086,-0.018,2,439
TRK,2212698,0.99676,-0.03204,-0.00513,-0.07365,-0.3592,-0.0485,-0.2514,-0.647,-0.071,-0.016,2,439
TRK,2212720,0.99506,-0.02905,-0.00461,-0.09483,-0.3731,-0.0500,-0.2518,-0.595,-0.065,-0.017,2,439
TRK,2212738,0.99344,-0.02945,-0.00351,-0.11041,-0.3829,-0.0511,-0.2521,-0.539,-0.058,-0.016,2,439
TRK,2212758,0.99140,-0.02996,-0.00105,-0.12737,-0.3928,-0.0521,-0.2523,-0.453,-0.046,-0.010,2,439
TRK,2212779,0.98932,-0.03093,0.00069,-0.14241,-0.4007,-0.0529,-0.2525,-0.355,-0.034,-0.007,2,439
TRK,2212800,0.98795,-0.03066,0.00050,-0.15167,-0.4075,-0.0536,-0.2526,-0.249,-0.031,-0.006,2,439
TRK,2212818,0.98707,-0.03120,-0.00074,-0.15724,-0.4111,-0.0542,-0.2527,-0.169,-0.035,-0.005,2,439
TRK,2212838,0.98638,-0.03103,-0.00049,-0.16155,-0.4135,-0.0549,-0.2528,-0.081,-0.037,-0.002,2,439
TRK,2212858,0.98606,-0.03065,-0.00034,-0.16353,-0.4144,-0.0556,-0.2528,0.004,-0.034,-0.000,2,439
TRK,2212879,0.98601,-0.03017,0.00044,-0.16392,-0.4137,-0.0563,-0.2528,0.038,-0.033,0.002,2,439
TRK,2212899,0.98621,-0.02840,0.00310,-0.16302,-0.4129,-0.0571,-0.2528,0.040,-0.042,0.002,2,439
TRK,2212919,0.98617,-0.02675,0.00549,-0.16347,-0.4120,-0.0580,-0.2527,0.049,-0.051,0.001,2,439
TRK,2212939,0.98596,-0.02560,0.00727,-0.16487,-0.4110,-0.0591,-0.2527,0.051,-0.054,0.001,2,439
TRK,2212959,0.98589,-0.02544,0.00746,-0.16529,-0.4100,-0.0601,-0.2527,0.048,-0.051,0.001,2,439
TRK,2212978,0.98594,-0.02565,0.00717,-0.16494,-0.4091,-0.0611,-0.2527,0.046,-0.048,0.001,2,439
TRK,2212998,0.98591,-0.02669,0.00568,-0.16506,-0.4082,-0.0621,-0.2526,0.048,-0.052,0.000,2,439
STAT,404.3,400.3,2,4,0,0.3138,9.661,0.1348,0.1415,-0.0699,10.0958,0.93,0.130
TRK,2213020,0.98586,-0.02784,0.00400,-0.16518,-0.4071,-0.0633,-0.2526,0.051,-0.055,0.001,2,439
TRK,2213039,0.98584,-0.02834,0.00329,-0.16524,-0.4062,-0.0643,-0.2526,0.053,-0.058,0.002,2,439
TRK,2213058,0.98584,-0.02838,0.00323,-0.16525,-0.4051,-0.0654,-0.2526,0.056,-0.061,0.002,2,439
TRK,2213077,0.98585,-0.02799,0.00381,-0.16521,-0.4040,-0.0667,-0.2525,0.058,-0.065,0.003,2,439
TRK,2213097,0.98588,-0.02741,0.00469,-0.16512,-0.4028,-0.0680,-0.2525,0.060,-0.067,0.003,2,439
TRK,2213117,0.98591,-0.02649,0.00605,-0.16504,-0.4016,-0.0694,-0.2524,0.062,-0.071,0.003,2,439
TRK,2213137,0.98595,-0.02574,0.00710,-0.16492,-0.4003,-0.0708,-0.2523,0.064,-0.073,0.003,2,439
TRK,2213160,0.98598,-0.02518,0.00790,-0.16479,-0.3989,-0.0725,-0.2523,0.065,-0.077,0.003,2,439
TRK,2213178,0.98564,-0.02504,0.00813,-0.16679,-0.3975,-0.0740,-0.2522,0.074,-0.083,0.004,2,439
TRK,2213199,0.98519,-0.02502,0.00840,-0.16945,-0.3960,-0.0757,-0.2521,0.084,-0.086,0.004,2,439
TRK,2213219,0.98459,-0.02447,0.00946,-0.17288,-0.3942,-0.0775,-0.2520,0.092,-0.091,0.005,2,439
TRK,2213239,0.98416,-0.02439,0.00953,-0.17536,-0.3923,-0.0793,-0.2519,0.100,-0.095,0.005,2,439
TRK,2213260,0.98404,-0.02433,0.00959,-0.17599,-0.3901,-0.0814,-0.2518,0.102,-0.092,0.005,2,439
TRK,2213278,0.98444,-0.02487,0.00895,-0.17371,-0.3883,-0.0830,-0.2517,0.105,-0.097,0.004,2,439
TRK,2213298,0.98472,-0.02516,0.00873,-0.17210,-0.3860,-0.0849,-0.2516,0.116,-0.099,0.005,2,439
TRK,2213319,0.98470,-0.02469,0.00963,-0.17224,-0.3835,-0.0872,-0.2515,0.110,-0.105,0.006,2,439
TRK,2213339,0.98477,-0.02408,0.01071,-0.17184,-0.3813,-0.0893,-0.2514,0.111,-0.103,0.006,2,439
TRK,2213359,0.98498,-0.02326,0.01176,-0.17072,-0.3791,-0.0914,-0.2513,0.117,-0.106,0.007,2,439
TRK,2213379,0.98510,-0.02255,0.01293,-0.17001,-0.3767,-0.0935,-0.2511,0.128,-0.108,0.007,2,439
TRK,2213399,0.98503,-0.02229,0.01347,-0.17041,-0.3740,-0.0957,-0.2510,0.137,-0.114,0.007,2,439
TRK,2213420,0.98487,-0.02243,0.01352,-0.17131,-0.3713,-0.0980,-0.2508,0.142,-0.117,0.007,2,439
TRK,2213438,0.98499,-0.02282,0.01317,-0.17057,-0.3684,-0.1002,-0.2507,0.148,-0.113,0.007,2,439
TRK,2213460,0.98549,-0.02336,0.01247,-0.16765,-0.3654,-0.1025,-0.2505,0.161,-0.109,0.009,2,439
TRK,2213478,0.98593,-0.02450,0.01099,-0.16500,-0.3618,-0.1045,-0.2504,0.205,-0.100,0.009,2,439
TRK,2213498,0.98625,-0.02547,0.00960,-0.16298,-0.3573,-0.1065,-0.2502,0.251,-0.096,0.012,2,439
TRK,2213518,0.98676,-0.02571,0.00890,-0.15991,-0.3519,-0.1083,-0.2499,0.289,-0.088,0.014,2,439
TRK,2213538,0.98747,-0.02452,0.00969,-0.15559,-0.3457,-0.1099,-0.2496,0.343,-0.075,0.018,2,439
TRK,2213558,0.98834,-0.02379,0.00949,-0.15009,-0.3382,-0.1113,-0.2492,0.409,-0.061,0.018,2,439
TRK,2213578,0.98942,-0.02314,0.00845,-0.14296,-0.3296,-0.1124,-0.2488,0.458,-0.052,0.022,2,439
TRK,2213598,0.99072,-0.02272,0.00757,-0.13383,-0.3201,-0.1133,-0.2484,0.497,-0.044,0.022,2,439
TRK,2213618,0.99218,-0.02291,0.00658,-0.12251,-0.3099,-0.1141,-0.2479,0.534,-0.035,0.024,2,439
TRK,2213639,0.99363,-0.02373,0.00659,-0.11001,-0.2977,-0.1148,-0.2474,0.563,-0.031,0.022,2,439
TRK,2213660,0.99508,-0.02418,0.00769,-0.09575,-0.2862,-0.1153,-0.2470,0.595,-0.017,0.024,2,439
TRK,2213680,0.99628,-0.02317,0.00801,-0.08261,-0.2741,-0.1156,-0.2465,0.627,-0.013,0.025,2,439
TRK,2213698,0.99712,-0.02205,0.00746,-0.07219,-0.2613,-0.1158,-0.2460,0.655,-0.003,0.030,2,439
TRK,2213720,0.99798,-0.02172,0.00696,-0.05934,-0.2465,-0.1158,-0.2453,0.677,0.001,0.026,2,439
TRK,2213740,0.99857,-0.02165,0.00600,-0.04850,-0.2330,-0.1157,-0.2448,0.685,0.001,0.031,2,439
TRK,2213760,0.99903,-0.02296,0.00524,-0.03714,-0.2192,-0.1156,-0.2441,0.701,0.013,0.031,2,439
TRK,2213779,0.99941,-0.02195,0.00467,-0.02590,-0.2070,-0.1153,-0.2436,0.717,0.029,0.032,2,439
TRK,2213798,0.99966,-0.02332,0.00413,-0.01079,-0.1926,-0.1145,-0.2430,0.739,0.049,0.029,2,439
TRK,2213818,0.99970,-0.02330,0.00320,0.00754,-0.1776,-0.1133,-0.2424,0.767,0.073,0.030,2,439
TRK,2213838,0.99934,-0.02495,0.00116,0.02644,-0.1624,-0.1118,-0.2418,0.767,0.076,0.028,2,439
TRK,2213858,0.99867,-0.02686,-0.00146,0.04401,-0.1474,-0.1104,-0.2413,0.744,0.064,0.028,2,439
TRK,2213878,0.99777,-0.02772,-0.00341,0.06067,-0.1331,-0.1094,-0.2407,0.709,0.040,0.026,2,439
TRK,2213899,0.99667,-0.02854,-0.00470,0.07621,-0.1177,-0.1088,-0.2402,0.672,0.012,0.026,2,439
TRK,2213920,0.99540,-0.02812,-0.00597,0.09143,-0.1046,-0.1088,-0.2397,0.644,-0.011,0.026,2,439
TRK,2213937,0.99432,-0.02839,-0.00786,0.10225,-0.0936,-0.1091,-0.2393,0.631,-0.020,0.021,2,439
TRK,2213958,0.99282,-0.02877,-0.00900,0.11574,-0.0801,-0.1097,-0.2388,0.575,-0.045,0.021,2,439
TRK,2213980,0.99075,-0.02903,-0.00983,0.13219,-0.0683,-0.1112,-0.2383,0.486,-0.090,0.015,2,439
TRK,2213998,0.98918,-0.02888,-0.01072,0.14344,-0.0606,-0.1132,-0.2381,0.405,-0.140,0.012,2,439
STAT,404.3,400.3,2,4,0,1.7209,74.874,0.1348,0.1415,-0.0699,10.0958,0.93,0.130
TRK,2214020,0.98757,-0.02904,-0.01086,0.15411,-0.0526,-0.1169,-0.2379,0.313,-0.196,0.008,2,439
TRK,2214039,0.98655,-0.02975,-0.01208,0.16027,-0.0476,-0.1206,-0.2378,0.274,-0.223,0.005,2,439
TRK,2214057,0.98546,-0.03047,-0.01319,0.16661,-0.0424,-0.1252,-0.2377,0.248,-0.245,0.004,2,439
TRK,2214079,0.98450,-0.03146,-0.01486,0.17189,-0.0371,-0.1309,-0.2376,0.234,-0.260,0.004,2,439
TRK,2214100,0.98368,-0.03223,-0.01569,0.17632,-0.0325,-0.1361,-0.2375,0.224,-0.273,0.005,2,439
TRK,2214120,0.98257,-0.03301,-0.01631,0.18221,-0.0282,-0.1416,-0.2374,0.215,-0.279,0.006,2,439
TRK,2214140,0.98155,-0.03372,-0.01633,0.18749,-0.0240,-0.1471,-0.2373,0.210,-0.289,0.008,2,439
TRK,2214160,0.98122,-0.03420,-0.01613,0.18917,-0.0200,-0.1533,-0.2371,0.190,-0.331,0.006,2,439
TRK,2214178,0.98169,-0.03355,-0.01441,0.18695,-0.0164,-0.1603,-0.2370,0.168,-0.379,0.007,2,439
TRK,2214198,0.98276,-0.03293,-0.01167,0.18156,-0.0132,-0.1679,-0.2369,0.163,-0.393,0.005,2,439
TRK,2214215,0.98357,-0.03203,-0.00933,0.17742,-0.0104,-0.1747,-0.2368,0.166,-0.385,0.005,2,439
TRK,2214239,0.98426,-0.03112,-0.00822,0.17374,-0.0067,-0.1833,-0.2367,0.162,-0.387,0.005,2,439
TRK,2214259,0.98454,-0.03073,-0.00836,0.17226,-0.0035,-0.1911,-0.2366,0.152,-0.389,0.005,2,439
TRK,2214279,0.98495,-0.02980,-0.00742,0.17008,-0.0008,-0.1988,-0.2365,0.129,-0.384,0.004,2,439
TRK,2214298,0.98555,-0.02882,-0.00614,0.16678,0.0016,-0.2061,-0.2364,0.109,-0.353,0.005,2,439
TRK,2214318,0.98626,-0.02755,-0.00324,0.16288,0.0036,-0.2127,-0.2363,0.087,-0.320,0.004,2,439
TRK,2214338,0.98702,-0.02593,0.00041,0.15846,0.0050,-0.2188,-0.2362,0.057,-0.301,0.005,2,439
TRK,2214358,0.98806,-0.02426,0.00456,0.15209,0.0058,-0.2247,-0.2361,0.024,-0.296,0.004,2,439
TRK,2214378,0.98955,-0.02202,0.00894,0.14221,0.0060,-0.2304,-0.2361,-0.001,-0.278,0.002,2,439
TRK,2214400,0.99117,-0.02013,0.01331,0.13042,0.0058,-0.2363,-0.2360,-0.017,-0.243,0.002,2,439
TRK,2214420,0.99242,-0.01892,0.01506,0.12053,0.0054,-0.2408,-0.2360,-0.035,-0.213,0.001,2,439
TRK,2214437,0.99346,-0.01789,0.01597,0.11162,0.0046,-0.2443,-0.2360,-0.059,-0.192,-0.000,2,439
TRK,2214458,0.99467,-0.01668,0.01684,0.10038,0.0030,-0.2483,-0.2360,-0.082,-0.173,-0.002,2,439
TRK,2214479,0.99595,-0.01552,0.01752,0.08683,0.0011,-0.2516,-0.2361,-0.102,-0.160,-0.001,2,439
TRK,2214499,0.99684,-0.01552,0.01747,0.07590,-0.0010,-0.2546,-0.2361,-0.114,-0.139,-0.003,2,439
TRK,2214520,0.99752,-0.01548,0.01819,0.06620,-0.0037,-0.2574,-0.2361,-0.128,-0.111,-0.002,2,439
TRK,2214539,0.99805,-0.01590,0.01822,0.05761,-0.0059,-0.2591,-0.2362,-0.121,-0.083,-0.001,2,439
TRK,2214559,0.99848,-0.01657,0.01754,0.04963,-0.0081,-0.2604,-0.2362,-0.101,-0.059,0.000,2,439
TRK,2214579,0.99883,-0.01684,0.01665,0.04209,-0.0102,-0.2616,-0.2361,-0.081,-0.040,0.002,2,439
TRK,2214599,0.99911,-0.01666,0.01585,0.03546,-0.0115,-0.2621,-0.2361,-0.057,-0.014,0.003,2,439
TRK,2214620,0.99929,-0.01717,0.01467,0.03019,-0.0123,-0.2620,-0.2360,-0.023,0.021,0.006,2,439
TRK,2214638,0.99934,-0.01828,0.01284,0.02861,-0.0124,-0.2614,-0.2359,0.015,0.046,0.008,2,439
TRK,2214660,0.99931,-0.02023,0.00924,0.02976,-0.0117,-0.2601,-0.2357,0.049,0.067,0.007,2,439
TRK,2214679,0.99920,-0.02255,0.00589,0.03259,-0.0104,-0.2588,-0.2356,0.077,0.067,0.009,2,439
TRK,2214699,0.99905,-0.02423,0.00312,0.03615,-0.0086,-0.2575,-0.2354,0.103,0.067,0.012,2,439
TRK,2214719,0.99883,-0.02544,0.00065,0.04116,-0.0063,-0.2561,-0.2351,0.132,0.074,0.012,2,439
TRK,2214739,0.99845,-0.02625,-0.00115,0.04898,-0.0034,-0.2546,-0.2349,0.155,0.076,0.013,2,439
TRK,2214759,0.99792,-0.02725,-0.00225,0.05841,-0.0001,-0.2531,-0.2346,0.177,0.068,0.013,2,439
TRK,2214779,0.99741,-0.02802,-0.00284,0.06626,0.0036,-0.2519,-0.2344,0.196,0.050,0.012,2,439
TRK,2214800,0.99693,-0.02840,-0.00326,0.07296,0.0082,-0.2511,-0.2341,0.217,0.029,0.013,2,439
TRK,2214818,0.99643,-0.02861,-0.00347,0.07940,0.0121,-0.2507,-0.2338,0.236,0.014,0.016,2,439
TRK,2214839,0.99595,-0.02863,-0.00273,0.08514,0.0176,-0.2506,-0.2334,0.260,-0.010,0.017,2,439
TRK,2214860,0.99541,-0.02815,-0.00169,0.09150,0.0230,-0.2511,-0.2331,0.282,-0.033,0.018,2,439
TRK,2214879,0.99469,-0.02749,-0.00091,0.09920,0.0288,-0.2520,-0.2327,0.305,-0.058,0.020,2,439
TRK,2214899,0.99394,-0.02712,-0.00077,0.10648,0.0350,-0.2535,-0.2323,0.325,-0.095,0.019,2,439
TRK,2214917,0.99352,-0.02678,-0.00045,0.11047,0.0408,-0.2554,-0.2320,0.344,-0.125,0.020,2,439
TRK,2214937,0.99312,-0.02655,-0.00054,0.11408,0.0478,-0.2581,-0.2316,0.364,-0.150,0.022,2,439
TRK,2214957,0.99269,-0.02634,-0.00059,0.11776,0.0551,-0.2613,-0.2311,0.378,-0.172,0.022,2,439
TRK,2214978,0.99221,-0.02608,-0.00007,0.12181,0.0636,-0.2654,-0.2306,0.384,-0.195,0.023,2,439
TRK,2214998,0.99185,-0.02564,0.00080,0.12479,0.0713,-0.2695,-0.2302,0.387,-0.217,0.025,2,439
STAT,404.0,401.0,2,4,0,0.5927,20.011,0.1348,0.1415,-0.0699,10.0958,0.93,0.130
TRK,2215020,0.99168,-0.02507,0.00308,0.12622,0.0798,-0.2747,-0.2296,0.381,-0.246,0.024,2,439
TRK,2215038,0.99161,-0.02458,0.00575,0.12680,0.0864,-0.2790,-0.2292,0.386,-0.257,0.024,2,439
TRK,2215058,0.99155,-0.02404,0.00833,0.12720,0.0942,-0.2843,-0.2287,0.398,-0.269,0.026,2,439
TRK,2215079,0.99143,-0.02386,0.00968,0.12811,0.1034,-0.2904,-0.2281,0.418,-0.280,0.025,2,439
TRK,2215100,0.99107,-0.02421,0.00960,0.13074,0.1117,-0.2960,-0.2276,0.432,-0.288,0.027,2,439
TRK,2215118,0.99077,-0.02461,0.00937,0.13300,0.1150,-0.2982,-0.2274,0.000,0.000,0.000,3,439
TRK,2215138,0.99030,-0.02547,0.01016,0.13618,0.1150,-0.2982,-0.2274,0.000,0.000,0.000,3,439
TRK,2215158,0.98984,-0.02555,0.01215,0.13932,0.1150,-0.2982,-0.2274,0.000,0.000,0.000,3,439
TRK,2215178,0.98939,-0.02530,0.01406,0.14236,0.1150,-0.2982,-0.2274,0.000,0.000,0.000,3,439
TRK,2215198,0.98906,-0.02474,0.01497,0.14468,0.1150,-0.2982,-0.2274,0.000,0.000,0.000,3,439
TRK,2215219,0.98899,-0.02383,0.01580,0.14522,0.1150,-0.2982,-0.2274,0.000,0.000,0.000,3,439
TRK,2215240,0.98944,-0.02271,0.01785,0.14202,0.1150,-0.2982,-0.2274,0.000,0.000,0.000,3,439
TRK,2215260,0.98997,-0.02080,0.02102,0.13812,0.1150,-0.2982,-0.2274,0.000,0.000,0.000,3,439
TRK,2215280,0.99034,-0.01903,0.02421,0.13517,0.1150,-0.2982,-0.2274,0.000,0.000,0.000,3,439
TRK,2215300,0.99074,-0.01832,0.02485,0.13223,0.1150,-0.2982,-0.2274,0.000,0.000,0.000,3,439
TRK,2215320,0.99126,-0.01749,0.02524,0.12827,0.1150,-0.2982,-0.2274,0.000,0.000,0.000,3,439
TRK,2215340,0.99179,-0.01640,0.02561,0.12424,0.1150,-0.2982,-0.2274,0.000,0.000,0.000,3,439
TRK,2215360,0.99234,-0.01549,0.02610,0.11974,0.1150,-0.2982,-0.2274,0.000,0.000,0.000,3,439
TRK,2215380,0.99271,-0.01478,0.02647,0.11666,0.1150,-0.2982,-0.2274,0.000,0.000,0.000,3,439
TRK,2215400,0.99306,-0.01417,0.02677,0.11362,0.1150,-0.2982,-0.2274,0.000,0.000,0.000,3,439
TRK,2215420,0.99352,-0.01348,0.02695,0.10956,0.1150,-0.2982,-0.2274,0.000,0.000,0.000,3,439
TRK,2215438,0.99422,-0.01273,0.02726,0.10304,0.1150,-0.2982,-0.2274,0.000,0.000,0.000,3,439
TRK,2215459,0.99499,-0.01232,0.02784,0.09520,0.1150,-0.2982,-0.2274,0.000,0.000,0.000,3,439
TRK,2215478,0.99532,-0.01220,0.02800,0.09172,0.1150,-0.2982,-0.2274,0.000,0.000,0.000,3,439
TRK,2215498,0.99562,-0.01209,0.02816,0.08830,0.1150,-0.2982,-0.2274,0.000,0.000,0.000,3,439
TRK,2215518,0.99600,-0.01184,0.02844,0.08386,0.1150,-0.2982,-0.2274,0.000,0.000,0.000,3,439
TRK,2215538,0.99644,-0.01119,0.03112,0.07754,0.1150,-0.2982,-0.2274,0.000,0.000,0.000,3,439
TRK,2215558,0.99698,-0.01019,0.04071,0.06533,0.1150,-0.2982,-0.2274,0.000,0.000,0.000,3,439
TRK,2215578,0.99793,-0.00966,0.03816,0.05091,0.1150,-0.2982,-0.2274,0.000,0.000,0.000,3,439
TRK,2215598,0.99862,-0.01188,0.03343,0.03867,0.1150,-0.2982,-0.2274,0.000,0.000,0.000,3,439
TRK,2215618,0.99894,-0.01673,0.03006,0.03074,0.1150,-0.2982,-0.2274,0.000,0.000,0.000,3,439
TRK,2215638,0.99878,-0.02979,0.02935,0.02622,0.1150,-0.2982,-0.2274,0.000,0.000,0.000,3,439
TRK,2215659,0.99791,-0.05481,0.02864,0.01862,0.1150,-0.2982,-0.2274,0.000,0.000,0.000,3,439
TRK,2215680,0.99536,-0.09295,0.02454,0.00488,0.1150,-0.2982,-0.2274,0.000,0.000,0.000,3,439
TRK,2215697,0.99117,-0.13115,0.01858,-0.00670,0.1150,-0.2982,-0.2274,0.000,0.000,0.000,3,439
TRK,2215718,0.98008,-0.19658,0.01112,-0.02592,0.1150,-0.2982,-0.2274,0.000,0.000,0.000,3,439
TRK,2215740,0.94833,-0.31153,0.01011,-0.05928,0.1150,-0.2982,-0.2274,0.000,0.000,0.000,3,439
TRK,2215758,0.90591,-0.41222,0.02813,-0.09277,0.1150,-0.2982,-0.2274,0.000,0.000,0.000,3,439
TRK,2215778,0.85353,-0.50546,0.04185,-0.11934,0.1150,-0.2982,-0.2274,0.000,0.000,0.000,3,439
TRK,2215798,0.77603,-0.61459,0.05811,-0.12914,0.1150,-0.2982,-0.2274,0.000,0.000,0.000,3,439
TRK,2215819,0.65635,-0.74173,0.07317,-0.11697,0.1150,-0.2982,-0.2274,0.000,0.000,0.000,3,439
TRK,2215838,0.60370,-0.78672,0.07407,-0.10552,0.1150,-0.2982,-0.2274,0.000,0.000,0.000,3,439
TRK,2215858,0.55099,-0.82648,0.07972,-0.08356,0.1150,-0.2982,-0.2274,0.000,0.000,0.000,3,439
TRK,2215878,0.58462,-0.80331,0.07031,-0.08927,0.1150,-0.2982,-0.2274,0.000,0.000,0.000,3,439
TRK,2215899,0.56887,-0.81566,0.06566,-0.08226,0.1150,-0.2982,-0.2274,0.000,0.000,0.000,3,439
TRK,2215920,0.57666,-0.80949,0.06965,-0.08568,0.1150,-0.2982,-0.2274,0.000,0.000,0.000,3,439
TRK,2215940,0.57692,-0.80904,0.07223,-0.08603,0.1150,-0.2982,-0.2274,0.000,0.000,0.000,3,439
TRK,2215960,0.58223,-0.80471,0.07735,-0.08641,0.1150,-0.2982,-0.2274,0.000,0.000,0.000,3,439
TRK,2215980,0.58628,-0.80149,0.07823,-0.08819,0.1150,-0.2982,-0.2274,0.000,0.000,0.000,3,439
TRK,2216000,0.58396,-0.80276,0.08106,-0.08939,0.1150,-0.2982,-0.2274,0.000,0.000,0.000,3,439
STAT,404.0,401.0,2,4,0,1.8478,52.178,0.1348,0.1415,-0.0699,10.0958,0.93,0.130
TRK,2216018,0.58272,-0.80329,0.08437,-0.08972,0.1150,-0.2982,-0.2274,0.000,0.000,0.000,3,439
TRK,2216040,0.58306,-0.80269,0.08583,-0.09145,0.1150,-0.2982,-0.2274,0.000,0.000,0.000,3,439
TRK,2216060,0.58464,-0.80152,0.08570,-0.09173,0.1150,-0.2982,-0.2274,0.000,0.000,0.000,3,439
TRK,2216078,0.58047,-0.80474,0.08482,-0.09086,0.1150,-0.2982,-0.2274,0.000,0.000,0.000,3,439
TRK,2216097,0.57668,-0.80763,0.08417,-0.09000,0.1150,-0.2982,-0.2274,0.000,0.000,0.000,3,439
TRK,2216117,0.57882,-0.80600,0.08454,-0.09048,0.1150,-0.2982,-0.2274,0.000,0.000,0.000,3,439
TRK,2216137,0.58178,-0.80373,0.08507,-0.09115,0.1150,-0.2982,-0.2274,0.000,0.000,0.000,3,439
TRK,2216157,0.57981,-0.80524,0.08460,-0.09086,0.0000,0.0000,0.0000,0.000,0.000,0.000,3,439
TRK,2216180,0.57609,-0.80806,0.08386,-0.09010,0.0000,0.0000,0.0000,0.000,0.000,0.000,3,439
TRK,2216199,0.57701,-0.80737,0.08410,-0.09025,0.0000,0.0000,0.0000,0.000,0.000,0.000,3,439
TRK,2216220,0.57938,-0.80556,0.08449,-0.09081,0.0000,0.0000,0.0000,0.000,0.000,0.000,3,439
TRK,2216238,0.57877,-0.80603,0.08435,-0.09073,0.0000,0.0000,0.0000,0.000,0.000,0.000,3,439
TRK,2216259,0.57570,-0.80835,0.08379,-0.09009,0.0000,0.0000,0.0000,0.000,0.000,0.000,3,439
TRK,2216277,0.57549,-0.80851,0.08373,-0.09008,0.0000,0.0000,0.0000,0.000,0.000,0.000,3,439
TRK,2216298,0.57732,-0.80712,0.08408,-0.09045,0.0000,0.0000,0.0000,0.000,0.000,0.000,3,439
TRK,2216319,0.57733,-0.80711,0.08401,-0.09056,0.0000,0.0000,0.0000,0.000,0.000,0.000,3,439
TRK,2216339,0.57531,-0.80863,0.08371,-0.09014,0.0000,0.0000,0.0000,0.000,0.000,0.000,3,439
TRK,2216359,0.57497,-0.80889,0.08357,-0.09012,0.0000,0.0000,0.0000,0.000,0.000,0.000,3,439
TRK,2216379,0.57615,-0.80801,0.08370,-0.09041,0.0000,0.0000,0.0000,0.000,0.000,0.000,3,439
TRK,2216399,0.57603,-0.80810,0.08366,-0.09035,0.0000,0.0000,0.0000,0.000,0.000,0.000,3,439
TRK,2216420,0.57468,-0.80912,0.08344,-0.09008,0.0000,0.0000,0.0000,0.000,0.000,0.000,3,439
TRK,2216440,0.57453,-0.80922,0.08341,-0.09006,0.0000,0.0000,0.0000,0.000,0.000,0.000,3,439
TRK,2216460,0.57519,-0.80873,0.08351,-0.09023,0.0000,0.0000,0.0000,0.000,0.000,0.000,3,439
TRK,2216479,0.57500,-0.80886,0.08351,-0.09022,0.0000,0.0000,0.0000,0.000,0.000,0.000,3,439
TRK,2216498,0.57411,-0.80953,0.08335,-0.09005,0.0000,0.0000,0.0000,0.000,0.000,0.000,3,439
TRK,2216518,0.57398,-0.80962,0.08334,-0.09011,0.0000,0.0000,0.0000,0.000,0.000,0.000,3,439
TRK,2216538,0.57434,-0.80935,0.08338,-0.09019,0.0000,0.0000,0.0000,0.000,0.000,0.000,3,439
TRK,2216558,0.57385,-0.80967,0.08276,-0.09097,0.0000,0.0000,0.0000,0.000,0.000,0.000,1,440
TRK,2216578,0.57296,-0.81028,0.08219,-0.09171,0.0000,0.0000,0.0000,0.000,0.000,0.000,1,440
TRK,2216598,0.57223,-0.81077,0.08163,-0.09246,0.0000,0.0000,0.0000,0.000,0.000,0.000,1,440
TRK,2216618,0.57090,-0.81162,0.08296,-0.09201,0.0014,-0.0011,-0.0037,0.016,-0.015,-0.040,2,440
TRK,2216639,0.57252,-0.81053,0.08242,-0.09205,0.0017,-0.0015,-0.0047,-0.003,-0.024,-0.051,2,440
TRK,2216660,0.57073,-0.81152,0.08441,-0.09265,0.0017,-0.0020,-0.0057,0.008,-0.027,-0.052,2,440
TRK,2216680,0.57150,-0.81068,0.08616,-0.09367,0.0017,-0.0026,-0.0068,-0.004,-0.036,-0.059,2,440
TRK,2216699,0.56899,-0.81214,0.08831,-0.09428,0.0018,-0.0034,-0.0080,0.009,-0.040,-0.061,2,440
TRK,2216719,0.57189,-0.80958,0.09069,-0.09645,0.0020,-0.0042,-0.0092,0.019,-0.028,-0.062,2,440
TRK,2216739,0.57270,-0.80877,0.09132,-0.09778,0.0024,-0.0047,-0.0106,0.015,-0.035,-0.076,2,440
TRK,2216759,0.56510,-0.81407,0.09170,-0.09770,0.0028,-0.0053,-0.0121,0.026,-0.020,-0.073,2,440
TRK,2216779,0.56621,-0.81333,0.09165,-0.09747,0.0034,-0.0057,-0.0136,0.026,-0.025,-0.077,2,440
TRK,2216797,0.56771,-0.81226,0.09107,-0.09821,0.0037,-0.0063,-0.0152,0.013,-0.031,-0.084,2,440
TRK,2216818,0.56824,-0.81192,0.09124,-0.09780,0.0039,-0.0070,-0.0169,-0.003,-0.047,-0.090,2,440
TRK,2216840,0.56663,-0.81267,0.09307,-0.09920,0.0036,-0.0084,-0.0190,-0.023,-0.081,-0.098,2,440
TRK,2216860,0.56644,-0.81137,0.10094,-0.10311,0.0030,-0.0105,-0.0209,-0.032,-0.120,-0.100,2,440
TRK,2216880,0.56759,-0.80788,0.11485,-0.10950,0.0025,-0.0131,-0.0230,-0.014,-0.152,-0.104,2,440
TRK,2216898,0.56424,-0.80757,0.12512,-0.11747,0.0024,-0.0158,-0.0248,-0.001,-0.155,-0.111,2,440
TRK,2216918,0.56417,-0.80522,0.13468,-0.12330,0.0024,-0.0185,-0.0270,0.003,-0.112,-0.112,2,440
TRK,2216938,0.56381,-0.80388,0.14088,-0.12668,0.0026,-0.0207,-0.0296,0.013,-0.086,-0.118,2,440
TRK,2216959,0.56175,-0.80481,0.14232,-0.12829,0.0031,-0.0219,-0.0319,0.042,-0.039,-0.113,2,440
TRK,2216980,0.55926,-0.80681,0.14198,-0.12700,0.0041,-0.0227,-0.0346,0.047,-0.037,-0.126,2,440
TRK,2217000,0.55182,-0.81237,0.14130,-0.12483,0.0050,-0.0235,-0.0371,0.047,-0.043,-0.129,2,440
STAT,403.6,400.6,2,4,0,1.3710,37.989,0.1348,0.1415,-0.0699,10.0516,4.44,0.000
TRK,2217017,0.55169,-0.81247,0.14131,-0.12478,0.0058,-0.0244,-0.0393,0.046,-0.054,-0.129,2,440
TRK,2217039,0.55734,-0.80818,0.14237,-0.12631,0.0068,-0.0255,-0.0419,0.048,-0.057,-0.133,2,440
TRK,2217057,0.55891,-0.80696,0.14269,-0.12677,0.0078,-0.0265,-0.0446,0.052,-0.050,-0.140,2,440
TRK,2217079,0.55426,-0.81048,0.14202,-0.12550,0.0090,-0.0276,-0.0478,0.054,-0.052,-0.146,2,440
TRK,2217100,0.55212,-0.81210,0.14161,-0.12489,0.0100,-0.0288,-0.0507,0.053,-0.061,-0.147,2,440
TRK,2217120,0.55598,-0.80924,0.14195,-0.12594,0.0111,-0.0300,-0.0536,0.055,-0.065,-0.151,2,440
TRK,2217140,0.55806,-0.80774,0.14176,-0.12658,0.0122,-0.0313,-0.0567,0.057,-0.062,-0.158,2,440
TRK,2217157,0.55590,-0.80948,0.14064,-0.12624,0.0132,-0.0324,-0.0595,0.060,-0.062,-0.162,2,440
TRK,2217179,0.55347,-0.81135,0.13991,-0.12568,0.0146,-0.0338,-0.0631,0.061,-0.070,-0.166,2,440
TRK,2217200,0.55546,-0.80986,0.14022,-0.12617,0.0158,-0.0353,-0.0665,0.062,-0.075,-0.170,2,440
TRK,2217217,0.55734,-0.80847,0.14037,-0.12669,0.0169,-0.0366,-0.0694,0.064,-0.074,-0.176,2,440
TRK,2217238,0.55602,-0.80946,0.14012,-0.12643,0.0183,-0.0382,-0.0734,0.067,-0.073,-0.181,2,440
TRK,2217258,0.55372,-0.81118,0.13979,-0.12584,0.0197,-0.0397,-0.0770,0.068,-0.078,-0.184,2,440
TRK,2217280,0.55480,-0.81038,0.13989,-0.12614,0.0212,-0.0415,-0.0812,0.070,-0.084,-0.189,2,440
TRK,2217299,0.55661,-0.80905,0.13991,-0.12669,0.0224,-0.0429,-0.0845,0.072,-0.084,-0.193,2,440
TRK,2217318,0.55595,-0.80956,0.13970,-0.12657,0.0239,-0.0446,-0.0884,0.075,-0.084,-0.198,2,440
TRK,2217338,0.55415,-0.81092,0.13937,-0.12610,0.0254,-0.0463,-0.0923,0.077,-0.087,-0.203,2,440
TRK,2217358,0.55453,-0.81066,0.13928,-0.12619,0.0269,-0.0481,-0.0964,0.077,-0.092,-0.207,2,440
TRK,2217380,0.55635,-0.80932,0.13934,-0.12673,0.0286,-0.0501,-0.1011,0.073,-0.092,-0.214,2,440
TRK,2217399,0.55631,-0.80936,0.13977,-0.12619,0.0301,-0.0519,-0.1053,0.080,-0.094,-0.216,2,440
TRK,2217419,0.55512,-0.81026,0.13969,-0.12573,0.0317,-0.0538,-0.1097,0.082,-0.097,-0.222,2,440
TRK,2217439,0.55502,-0.81032,0.13968,-0.12581,0.0333,-0.0558,-0.1141,0.083,-0.100,-0.225,2,440
TRK,2217459,0.55584,-0.80971,0.13968,-0.12612,0.0350,-0.0578,-0.1186,0.087,-0.104,-0.230,2,440
TRK,2217479,0.55591,-0.80965,0.13974,-0.12610,0.0368,-0.0599,-0.1232,0.089,-0.105,-0.234,2,440
TRK,2217500,0.55510,-0.81027,0.13958,-0.12585,0.0388,-0.0623,-0.1285,0.091,-0.108,-0.239,2,440
TRK,2217520,0.55489,-0.81044,0.13956,-0.12576,0.0406,-0.0644,-0.1332,0.093,-0.111,-0.243,2,440
TRK,2217540,0.55544,-0.81003,0.13959,-0.12590,0.0424,-0.0666,-0.1381,0.094,-0.112,-0.247,2,440
TRK,2217558,0.55556,-0.80994,0.13959,-0.12593,0.0441,-0.0686,-0.1424,0.095,-0.114,-0.251,2,440
TRK,2217578,0.55501,-0.81037,0.13942,-0.12578,0.0460,-0.0708,-0.1474,0.096,-0.116,-0.256,2,440
TRK,2217597,0.55472,-0.81059,0.13934,-0.12574,0.0479,-0.0732,-0.1525,0.099,-0.119,-0.260,2,440
TRK,2217617,0.55503,-0.81036,0.13936,-0.12582,0.0499,-0.0755,-0.1577,0.102,-0.121,-0.264,2,440
TRK,2217637,0.55524,-0.81021,0.13933,-0.12587,0.0519,-0.0780,-0.1630,0.104,-0.123,-0.269,2,440
TRK,2217657,0.55490,-0.81050,0.13910,-0.12580,0.0540,-0.0804,-0.1683,0.106,-0.125,-0.273,2,440
TRK,2217680,0.55466,-0.81068,0.13907,-0.12570,0.0564,-0.0832,-0.1745,0.108,-0.128,-0.278,2,440
TRK,2217699,0.55492,-0.81049,0.13910,-0.12580,0.0586,-0.0858,-0.1800,0.109,-0.131,-0.283,2,440
TRK,2217720,0.55501,-0.81043,0.13906,-0.12582,0.0610,-0.0887,-0.1864,0.111,-0.133,-0.288,2,440
TRK,2217740,0.55472,-0.81065,0.13898,-0.12575,0.0632,-0.0914,-0.1921,0.112,-0.135,-0.292,2,440
TRK,2217759,0.55451,-0.81080,0.13896,-0.12571,0.0652,-0.0937,-0.1972,0.115,-0.138,-0.296,2,440
TRK,2217780,0.55478,-0.81061,0.13895,-0.12581,0.0677,-0.0968,-0.2038,0.118,-0.141,-0.301,2,440
TRK,2217799,0.55491,-0.81052,0.13895,-0.12582,0.0698,-0.0993,-0.2091,0.120,-0.143,-0.305,2,440
TRK,2217819,0.55454,-0.81079,0.13891,-0.12572,0.0725,-0.1025,-0.2159,0.122,-0.145,-0.309,2,440
TRK,2217839,0.55436,-0.81093,0.13893,-0.12564,0.0749,-0.1054,-0.2221,0.123,-0.148,-0.314,2,440
TRK,2217860,0.55458,-0.81076,0.13895,-0.12571,0.0774,-0.1084,-0.2284,0.125,-0.151,-0.318,2,440
TRK,2217878,0.55463,-0.81073,0.13890,-0.12571,0.0796,-0.1110,-0.2339,0.126,-0.152,-0.322,2,440
TRK,2217900,0.55426,-0.81100,0.13877,-0.12577,-0.0107,-0.0023,-0.0042,0.000,0.000,0.000,1,441
TRK,2217918,0.55337,-0.81158,0.13817,-0.12659,-0.0107,-0.0023,-0.0042,0.000,0.000,0.000,1,441
TRK,2217940,0.55292,-0.81186,0.13764,-0.12734,-0.0107,-0.0023,-0.0042,0.000,0.000,0.000,1,441
TRK,2217958,0.55242,-0.81218,0.13716,-0.12800,-0.0107,-0.0023,-0.0042,0.000,0.000,0.000,1,441
TRK,2217980,0.55171,-0.81264,0.13671,-0.12862,-0.0107,-0.0023,-0.0042,0.000,0.000,0.000,1,441
TRK,2217998,0.55139,-0.81284,0.13642,-0.12902,-0.0107,-0.0023,-0.0042,0.000,0.000,0.000,1,441
STAT,403.6,400.6,2,4,0,0.0374,1.004,0.1348,0.1415,-0.0699,9.9792,1.45,0.384
TRK,2218018,0.55121,-0.81295,0.13622,-0.12931,-0.0107,-0.0023,-0.0042,0.000,0.000,0.000,1,441
TRK,2218040,0.55093,-0.81314,0.13609,-0.12947,-0.0107,-0.0023,-0.0042,0.000,0.000,0.000,1,441
TRK,2218057,0.55065,-0.81332,0.13598,-0.12962,-0.0107,-0.0023,-0.0042,0.000,0.000,0.000,1,441
TRK,2218079,0.55044,-0.81346,0.13591,-0.12970,-0.0107,-0.0023,-0.0042,0.000,0.000,0.000,1,441
TRK,2218098,0.55034,-0.81352,0.13580,-0.12986,-0.0107,-0.0023,-0.0042,0.000,0.000,0.000,1,441
TRK,2218119,0.55021,-0.81361,0.13567,-0.13003,-0.0107,-0.0023,-0.0042,0.000,0.000,0.000,1,441
TRK,2218139,0.55009,-0.81368,0.13553,-0.13023,-0.0107,-0.0023,-0.0042,0.000,0.000,0.000,1,441
TRK,2218159,0.54999,-0.81374,0.13547,-0.13032,-0.0107,-0.0023,-0.0042,0.000,0.000,0.000,1,441
TRK,2218179,0.54992,-0.81379,0.13546,-0.13033,-0.0107,-0.0023,-0.0042,0.000,0.000,0.000,1,441
TRK,2218200,0.54985,-0.81384,0.13547,-0.13031,-0.0107,-0.0023,-0.0042,0.000,0.000,0.000,1,441
TRK,2218219,0.54979,-0.81389,0.13551,-0.13025,-0.0107,-0.0023,-0.0042,0.000,0.000,0.000,1,441
TRK,2218239,0.54968,-0.81396,0.13552,-0.13022,-0.0107,-0.0023,-0.0042,0.000,0.000,0.000,1,441
TRK,2218258,0.54967,-0.81396,0.13549,-0.13026,-0.0107,-0.0023,-0.0042,0.000,0.000,0.000,1,441
TRK,2218278,0.54966,-0.81396,0.13541,-0.13038,-0.0107,-0.0023,-0.0042,0.000,0.000,0.000,1,441
TRK,2218298,0.54954,-0.81404,0.13535,-0.13047,-0.0107,-0.0023,-0.0042,0.000,0.000,0.000,1,441
TRK,2218318,0.54951,-0.81406,0.13528,-0.13056,-0.0107,-0.0023,-0.0042,0.000,0.000,0.000,1,441
TRK,2218338,0.54953,-0.81404,0.13523,-0.13063,-0.0107,-0.0023,-0.0042,0.000,0.000,0.000,1,441
TRK,2218358,0.54950,-0.81406,0.13523,-0.13064,-0.0107,-0.0023,-0.0042,0.000,0.000,0.000,1,441
TRK,2218379,0.54934,-0.81417,0.13521,-0.13065,-0.0107,-0.0023,-0.0042,0.000,0.000,0.000,1,441
TRK,2218400,0.54934,-0.81417,0.13516,-0.13073,-0.0107,-0.0023,-0.0042,0.000,0.000,0.000,1,441
TRK,2218418,0.54940,-0.81413,0.13513,-0.13077,-0.0107,-0.0023,-0.0042,0.000,0.000,0.000,1,441
TRK,2218440,0.54929,-0.81419,0.13509,-0.13083,-0.0107,-0.0023,-0.0042,0.000,0.000,0.000,1,441
TRK,2218459,0.54926,-0.81422,0.13508,-0.13084,-0.0107,-0.0023,-0.0042,0.000,0.000,0.000,1,441
TRK,2218478,0.54929,-0.81419,0.13506,-0.13087,-0.0107,-0.0023,-0.0042,0.000,0.000,0.000,1,441
TRK,2218500,0.54924,-0.81423,0.13511,-0.13080,-0.0107,-0.0023,-0.0042,0.000,0.000,0.000,1,441
TRK,2218520,0.54907,-0.81435,0.13512,-0.13077,-0.0107,-0.0023,-0.0042,0.000,0.000,0.000,1,441
TRK,2218540,0.54905,-0.81436,0.13516,-0.13071,-0.0107,-0.0023,-0.0042,0.000,0.000,0.000,1,441
TRK,2218557,0.54905,-0.81436,0.13517,-0.13069,-0.0107,-0.0023,-0.0042,0.000,0.000,0.000,1,441
TRK,2218577,0.54886,-0.81450,0.13521,-0.13062,-0.0107,-0.0023,-0.0042,0.000,0.000,0.000,1,441
TRK,2218597,0.54872,-0.81460,0.13523,-0.13058,-0.0107,-0.0023,-0.0042,0.000,0.000,0.000,1,441
TRK,2218619,0.54880,-0.81454,0.13521,-0.13061,-0.0107,-0.0023,-0.0042,0.000,0.000,0.000,1,441
TRK,2218640,0.54880,-0.81454,0.13519,-0.13065,-0.0107,-0.0023,-0.0042,0.000,0.000,0.000,1,441
TRK,2218658,0.54861,-0.81467,0.13520,-0.13062,-0.0107,-0.0023,-0.0042,0.000,0.000,0.000,1,441
TRK,2218678,0.54851,-0.81474,0.13521,-0.13060,-0.0107,-0.0023,-0.0042,0.000,0.000,0.000,1,441
TRK,2218698,0.54867,-0.81463,0.13519,-0.13063,-0.0107,-0.0023,-0.0042,0.000,0.000,0.000,1,441
TRK,2218718,0.54867,-0.81462,0.13517,-0.13066,-0.0107,-0.0023,-0.0042,0.000,0.000,0.000,1,441
TRK,2218739,0.54851,-0.81474,0.13520,-0.13062,-0.0107,-0.0023,-0.0042,0.000,0.000,0.000,1,441
TRK,2218757,0.54853,-0.81473,0.13520,-0.13061,-0.0107,-0.0023,-0.0042,0.000,0.000,0.000,1,441
TRK,2218780,0.54868,-0.81462,0.13517,-0.13066,-0.0107,-0.0023,-0.0042,0.000,0.000,0.000,1,441
TRK,2218798,0.54860,-0.81467,0.13515,-0.13068,-0.0107,-0.0023,-0.0042,0.000,0.000,0.000,1,441
TRK,2218819,0.54842,-0.81480,0.13516,-0.13066,-0.0107,-0.0023,-0.0042,0.000,0.000,0.000,1,441
TRK,2218839,0.54842,-0.81480,0.13512,-0.13072,-0.0107,-0.0023,-0.0042,0.000,0.000,0.000,1,441
TRK,2218858,0.54847,-0.81476,0.13508,-0.13078,-0.0107,-0.0023,-0.0042,0.000,0.000,0.000,1,441
TRK,2218877,0.54837,-0.81483,0.13509,-0.13076,-0.0107,-0.0023,-0.0042,0.000,0.000,0.000,1,441
TRK,2218900,0.54829,-0.81488,0.13510,-0.13075,-0.0107,-0.0023,-0.0042,0.000,0.000,0.000,1,441
TRK,2218919,0.54836,-0.81484,0.13512,-0.13072,-0.0107,-0.0023,-0.0042,0.000,0.000,0.000,1,441
TRK,2218937,0.54833,-0.81486,0.13510,-0.13074,-0.0107,-0.0023,-0.0042,0.000,0.000,0.000,1,441
TRK,2218958,0.54826,-0.81490,0.13509,-0.13075,-0.0107,-0.0023,-0.0042,0.000,0.000,0.000,1,441
TRK,2218980,0.54821,-0.81494,0.13511,-0.13072,-0.0107,-0.0023,-0.0042,0.000,0.000,0.000,1,441
TRK,2218999,0.54837,-0.81483,0.13509,-0.13076,-0.0107,-0.0023,-0.0042,0.000,0.000,0.000,1,441
STAT,404.1,400.6,2,4,0,0.0456,0.768,0.0338,0.1082,-0.1104,9.8287,1.45,0.384
TRK,2219020,0.54838,-0.81482,0.13508,-0.13078,-0.0107,-0.0023,-0.0042,0.000,0.000,0.000,1,441
TRK,2219038,0.54821,-0.81494,0.13509,-0.13075,-0.0107,-0.0023,-0.0042,0.000,0.000,0.000,1,441
TRK,2219058,0.54806,-0.81504,0.13507,-0.13078,-0.0107,-0.0023,-0.0042,0.000,0.000,0.000,1,441
TRK,2219080,0.54830,-0.81487,0.13504,-0.13084,-0.0107,-0.0023,-0.0042,0.000,0.000,0.000,1,441
TRK,2219098,0.54839,-0.81481,0.13501,-0.13088,-0.0107,-0.0023,-0.0042,0.000,0.000,0.000,1,441
TRK,2219117,0.54817,-0.81496,0.13503,-0.13083,-0.0107,-0.0023,-0.0042,0.000,0.000,0.000,1,441
TRK,2219137,0.54797,-0.81510,0.13506,-0.13078,-0.0107,-0.0023,-0.0042,0.000,0.000,0.000,1,441
TRK,2219160,0.54827,-0.81489,0.13505,-0.13082,-0.0107,-0.0023,-0.0042,0.000,0.000,0.000,1,441
TRK,2219179,0.54834,-0.81484,0.13503,-0.13084,-0.0107,-0.0023,-0.0042,0.000,0.000,0.000,1,441
TRK,2219199,0.54801,-0.81507,0.13506,-0.13078,-0.0107,-0.0023,-0.0042,0.000,0.000,0.000,1,441
TRK,2219220,0.54783,-0.81520,0.13505,-0.13079,-0.0107,-0.0023,-0.0042,0.000,0.000,0.000,1,441
TRK,2219237,0.54804,-0.81505,0.13505,-0.13079,-0.0107,-0.0023,-0.0042,0.000,0.000,0.000,1,441
TRK,2219259,0.54817,-0.81496,0.13507,-0.13078,-0.0107,-0.0023,-0.0042,0.000,0.000,0.000,1,441
TRK,2219280,0.54783,-0.81520,0.13512,-0.13068,-0.0107,-0.0023,-0.0042,0.000,0.000,0.000,1,441
TRK,2219300,0.54766,-0.81531,0.13513,-0.13066,-0.0107,-0.0023,-0.0042,0.000,0.000,0.000,1,441
TRK,2219320,0.54789,-0.81516,0.13510,-0.13072,-0.0107,-0.0023,-0.0042,0.000,0.000,0.000,1,441
TRK,2219338,0.54799,-0.81508,0.13508,-0.13074,-0.0107,-0.0023,-0.0042,0.000,0.000,0.000,1,441
TRK,2219360,0.54776,-0.81524,0.13505,-0.13078,-0.0107,-0.0023,-0.0042,0.000,0.000,0.000,1,441
TRK,2219378,0.54767,-0.81530,0.13504,-0.13079,-0.0107,-0.0023,-0.0042,0.000,0.000,0.000,1,441
TRK,2219399,0.54777,-0.81523,0.13503,-0.13081,-0.0107,-0.0023,-0.0042,0.000,0.000,0.000,1,441
TRK,2219420,0.54792,-0.81513,0.13502,-0.13083,-0.0107,-0.0023,-0.0042,0.000,0.000,0.000,1,441
TRK,2219438,0.54777,-0.81523,0.13503,-0.13081,-0.0107,-0.0023,-0.0042,0.000,0.000,0.000,1,441
TRK,2219458,0.54755,-0.81538,0.13501,-0.13082,-0.0107,-0.0023,-0.0042,0.000,0.000,0.000,1,441
TRK,2219478,0.54765,-0.81531,0.13498,-0.13087,-0.0107,-0.0023,-0.0042,0.000,0.000,0.000,1,441
TRK,2219498,0.54769,-0.81528,0.13495,-0.13092,-0.0107,-0.0023,-0.0042,0.000,0.000,0.000,1,441
TRK,2219518,0.54751,-0.81540,0.13495,-0.13091,-0.0107,-0.0023,-0.0042,0.000,0.000,0.000,1,441
TRK,2219538,0.54739,-0.81549,0.13498,-0.13085,-0.0107,-0.0023,-0.0042,0.000,0.000,0.000,1,441
TRK,2219559,0.54753,-0.81539,0.13497,-0.13087,-0.0107,-0.0023,-0.0042,0.000,0.000,0.000,1,441
TRK,2219579,0.54762,-0.81533,0.13499,-0.13085,-0.0107,-0.0023,-0.0042,0.000,0.000,0.000,1,441
TRK,2219599,0.54747,-0.81544,0.13497,-0.13087,-0.0107,-0.0023,-0.0042,0.000,0.000,0.000,1,441
TRK,2219619,0.54739,-0.81548,0.13494,-0.13092,-0.0107,-0.0023,-0.0042,0.000,0.000,0.000,1,441
TRK,2219640,0.54759,-0.81534,0.13487,-0.13104,-0.0107,-0.0023,-0.0042,0.000,0.000,0.000,1,441
TRK,2219658,0.54760,-0.81533,0.13484,-0.13108,-0.0107,-0.0023,-0.0042,0.000,0.000,0.000,1,441
TRK,2219680,0.54737,-0.81549,0.13488,-0.13101,-0.0107,-0.0023,-0.0042,0.000,0.000,0.000,1,441
TRK,2219700,0.54737,-0.81550,0.13493,-0.13093,-0.0107,-0.0023,-0.0042,0.000,0.000,0.000,1,441
TRK,2219719,0.54758,-0.81536,0.13498,-0.13087,-0.0107,-0.0023,-0.0042,0.000,0.000,0.000,1,441
TRK,2219738,0.54767,-0.81536,0.13590,-0.12952,-0.0107,-0.0023,-0.0042,0.000,0.000,0.000,1,441
TRK,2219760,0.54764,-0.81540,0.13617,-0.12913,-0.0107,-0.0023,-0.0042,0.000,0.000,0.000,1,441
TRK,2219778,0.54783,-0.81527,0.13615,-0.12916,-0.0107,-0.0023,-0.0042,0.000,0.000,0.000,1,441
TRK,2219799,0.54801,-0.81514,0.13597,-0.12944,-0.0107,-0.0023,-0.0042,0.000,0.000,0.000,1,441
TRK,2219820,0.54748,-0.81549,0.13588,-0.12954,-0.0107,-0.0023,-0.0042,0.000,0.000,0.000,1,441
TRK,2219838,0.54725,-0.81563,0.13563,-0.12989,-0.0107,-0.0023,-0.0042,0.000,0.000,0.000,1,441
TRK,2219859,0.54758,-0.81539,0.13539,-0.13027,-0.0107,-0.0023,-0.0042,0.000,0.000,0.000,1,441
TRK,2219878,0.54786,-0.81520,0.13541,-0.13025,-0.0107,-0.0023,-0.0042,0.000,0.000,0.000,1,441
TRK,2219898,0.54747,-0.81547,0.13548,-0.13013,-0.0107,-0.0023,-0.0042,0.000,0.000,0.000,1,441
TRK,2219919,0.54726,-0.81561,0.13552,-0.13005,-0.0107,-0.0023,-0.0042,0.000,0.000,0.000,1,441
TRK,2219940,0.54772,-0.81530,0.13553,-0.13007,-0.0107,-0.0023,-0.0042,0.000,0.000,0.000,1,441
TRK,2219960,0.54785,-0.81521,0.13555,-0.13004,-0.0107,-0.0023,-0.0042,0.000,0.000,0.000,1,441
TRK,2219980,0.54748,-0.81547,0.13559,-0.12997,-0.0107,-0.0023,-0.0042,0.000,0.000,0.000,1,441
TRK,2219999,0.54739,-0.81553,0.13563,-0.12991,-0.0107,-0.0023,-0.0042,0.000,0.000,0.000,1,441
STAT,404.1,400.6,2,4,0,0.0519,2.284,0.0284,0.1086,-0.1116,9.8254,1.45,0.384
TRK,2220022,0.54781,-0.81524,0.13559,-0.12999,-0.0107,-0.0023,-0.0042,0.000,0.000,0.000,1,441
TRK,2220038,0.54775,-0.81528,0.13562,-0.12995,-0.0107,-0.0023,-0.0042,0.000,0.000,0.000,1,441
TRK,2220058,0.54751,-0.81545,0.13562,-0.12992,-0.0107,-0.0023,-0.0042,0.000,0.000,0.000,1,441
TRK,2220078,0.54758,-0.81540,0.13558,-0.13000,-0.0107,-0.0023,-0.0042,0.000,0.000,0.000,1,441
TRK,2220100,0.54775,-0.81528,0.13546,-0.13017,-0.0107,-0.0023,-0.0042,0.000,0.000,0.000,1,441
TRK,2220117,0.54762,-0.81537,0.13545,-0.13018,-0.0107,-0.0023,-0.0042,0.000,0.000,0.000,1,441
TRK,2220137,0.54753,-0.81543,0.13547,-0.13014,-0.0107,-0.0023,-0.0042,0.000,0.000,0.000,1,441
TRK,2220158,0.54769,-0.81532,0.13550,-0.13012,-0.0107,-0.0023,-0.0042,0.000,0.000,0.000,1,441
TRK,2220180,0.54765,-0.81536,0.13560,-0.12997,-0.0107,-0.0023,-0.0042,0.000,0.000,0.000,1,441
TRK,2220198,0.54751,-0.81545,0.13565,-0.12988,-0.0107,-0.0023,-0.0042,0.000,0.000,0.000,1,441
TRK,2220219,0.54764,-0.81537,0.13571,-0.12980,-0.0107,-0.0023,-0.0042,0.000,0.000,0.000,1,441
TRK,2220237,0.54775,-0.81529,0.13570,-0.12983,-0.0107,-0.0023,-0.0042,0.000,0.000,0.000,1,441
TRK,2220257,0.54744,-0.81551,0.13568,-0.12983,-0.0107,-0.0023,-0.0042,0.000,0.000,0.000,1,441
TRK,2220280,0.54746,-0.81549,0.13573,-0.12976,-0.0107,-0.0023,-0.0042,0.000,0.000,0.000,1,441
TRK,2220298,0.54781,-0.81525,0.13569,-0.12984,-0.0107,-0.0023,-0.0042,0.000,0.000,0.000,1,441
TRK,2220319,0.54761,-0.81539,0.13573,-0.12978,-0.0107,-0.0023,-0.0042,0.000,0.000,0.000,1,441
TRK,2220338,0.54722,-0.81566,0.13574,-0.12973,-0.0107,-0.0023,-0.0042,0.000,0.000,0.000,1,441
TRK,2220357,0.54740,-0.81553,0.13571,-0.12979,-0.0107,-0.0023,-0.0042,0.000,0.000,0.000,1,441
TRK,2220380,0.54784,-0.81522,0.13558,-0.13001,-0.0107,-0.0023,-0.0042,0.000,0.000,0.000,1,441
TRK,2220399,0.54732,-0.81557,0.13554,-0.13003,-0.0107,-0.0023,-0.0042,0.000,0.000,0.000,1,441
TRK,2220417,0.54699,-0.81580,0.13556,-0.12998,-0.0107,-0.0023,-0.0042,0.000,0.000,0.000,1,441
TRK,2220438,0.54745,-0.81549,0.13559,-0.12997,-0.0107,-0.0023,-0.0042,0.000,0.000,0.000,1,441
TRK,2220460,0.54774,-0.81530,0.13562,-0.12994,-0.0107,-0.0023,-0.0042,0.000,0.000,0.000,1,441
TRK,2220479,0.54708,-0.81575,0.13574,-0.12972,-0.0107,-0.0023,-0.0042,0.000,0.000,0.000,1,441
TRK,2220500,0.54690,-0.81588,0.13581,-0.12960,-0.0107,-0.0023,-0.0042,0.000,0.000,0.000,1,441
TRK,2220518,0.54744,-0.81551,0.13577,-0.12970,-0.0107,-0.0023,-0.0042,0.000,0.000,0.000,1,441
TRK,2220538,0.54761,-0.81539,0.13570,-0.12982,-0.0107,-0.0023,-0.0042,0.000,0.000,0.000,1,441
TRK,2220558,0.54707,-0.81575,0.13565,-0.12985,-0.0107,-0.0023,-0.0042,0.000,0.000,0.000,1,441
TRK,2220580,0.54698,-0.81581,0.13557,-0.12996,-0.0107,-0.0023,-0.0042,0.000,0.000,0.000,1,441
TRK,2220600,0.54743,-0.81550,0.13552,-0.13007,-0.0107,-0.0023,-0.0042,0.000,0.000,0.000,1,441
TRK,2220619,0.54733,-0.81557,0.13554,-0.13003,-0.0107,-0.0023,-0.0042,0.000,0.000,0.000,1,441
TRK,2220639,0.54694,-0.81584,0.13557,-0.12995,-0.0107,-0.0023,-0.0042,0.000,0.000,0.000,1,441
TRK,2220659,0.54710,-0.81573,0.13557,-0.12997,-0.0107,-0.0023,-0.0042,0.000,0.000,0.000,1,441
TRK,2220679,0.54730,-0.81559,0.13551,-0.13007,-0.0107,-0.0023,-0.0042,0.000,0.000,0.000,1,441
TRK,2220699,0.54713,-0.81570,0.13549,-0.13009,-0.0107,-0.0023,-0.0042,0.000,0.000,0.000,1,441
TRK,2220719,0.54694,-0.81582,0.13543,-0.13017,-0.0107,-0.0023,-0.0042,0.000,0.000,0.000,1,441
TRK,2220740,0.54718,-0.81566,0.13540,-0.13023,-0.0107,-0.0023,-0.0042,0.000,0.000,0.000,1,441
TRK,2220758,0.54732,-0.81556,0.13539,-0.13025,-0.0107,-0.0023,-0.0042,0.000,0.000,0.000,1,441
TRK,2220777,0.54721,-0.81564,0.13547,-0.13013,-0.0107,-0.0023,-0.0042,0.000,0.000,0.000,1,441
TRK,2220797,0.54715,-0.81569,0.13552,-0.13005,-0.0107,-0.0023,-0.0042,0.000,0.000,0.000,1,441
TRK,2220817,0.54736,-0.81554,0.13552,-0.13006,-0.0107,-0.0023,-0.0042,0.000,0.000,0.000,1,441
TRK,2220837,0.54751,-0.81544,0.13548,-0.13014,-0.0107,-0.0023,-0.0042,0.000,0.000,0.000,1,441
TRK,2220857,0.54738,-0.81553,0.13542,-0.13021,-0.0107,-0.0023,-0.0042,0.000,0.000,0.000,1,441
TRK,2220880,0.54719,-0.81565,0.13540,-0.13023,-0.0107,-0.0023,-0.0042,0.000,0.000,0.000,1,441
TRK,2220899,0.54720,-0.81565,0.13542,-0.13020,-0.0107,-0.0023,-0.0042,0.000,0.000,0.000,1,441
TRK,2220917,0.54725,-0.81562,0.13549,-0.13010,-0.0107,-0.0023,-0.0042,0.000,0.000,0.000,1,441
TRK,2220937,0.54714,-0.81570,0.13558,-0.12997,-0.0107,-0.0023,-0.0042,0.000,0.000,0.000,1,441
TRK,2220957,0.54701,-0.81579,0.13563,-0.12987,-0.0107,-0.0023,-0.0042,0.000,0.000,0.000,1,441
TRK,2220977,0.54700,-0.81580,0.13562,-0.12989,-0.0107,-0.0023,-0.0042,0.000,0.000,0.000,1,441
TRK,2220998,0.54717,-0.81568,0.13558,-0.12996,-0.0107,-0.0023,-0.0042,0.000,0.000,0.000,1,441
STAT,404.1,400.6,2,4,0,0.0312,0.751,0.0253,0.1056,-0.1138,9.8219,1.45,0.384
TRK,2221022,0.54709,-0.81573,0.13553,-0.13002,-0.0107,-0.0023,-0.0042,0.000,0.000,0.000,1,441
TRK,2221039,0.54689,-0.81587,0.13555,-0.12999,-0.0107,-0.0023,-0.0042,0.000,0.000,0.000,1,441
TRK,2221058,0.54696,-0.81582,0.13558,-0.12995,-0.0107,-0.0023,-0.0042,0.000,0.000,0.000,1,441
TRK,2221079,0.54720,-0.81566,0.13564,-0.12987,-0.0107,-0.0023,-0.0042,0.000,0.000,0.000,1,441
TRK,2221099,0.54711,-0.81572,0.13563,-0.12989,-0.0107,-0.0023,-0.0042,0.000,0.000,0.000,1,441
TRK,2221120,0.54685,-0.81590,0.13563,-0.12986,-0.0107,-0.0023,-0.0042,0.000,0.000,0.000,1,441
TRK,2221138,0.54711,-0.81572,0.13559,-0.12994,-0.0107,-0.0023,-0.0042,0.000,0.000,0.000,1,441
TRK,2221158,0.54734,-0.81556,0.13553,-0.13005,-0.0107,-0.0023,-0.0042,0.000,0.000,0.000,1,441
TRK,2221178,0.54700,-0.81580,0.13560,-0.12992,-0.0107,-0.0023,-0.0042,0.000,0.000,0.000,1,441
TRK,2221198,0.54669,-0.81601,0.13568,-0.12979,-0.0107,-0.0023,-0.0042,0.000,0.000,0.000,1,441
TRK,2221218,0.54721,-0.81566,0.13570,-0.12978,-0.0107,-0.0023,-0.0042,0.000,0.000,0.000,1,441
TRK,2221238,0.54738,-0.81555,0.13575,-0.12973,-0.0107,-0.0023,-0.0042,0.000,0.000,0.000,1,441
TRK,2221258,0.54685,-0.81591,0.13579,-0.12962,-0.0107,-0.0023,-0.0042,0.000,0.000,0.000,1,441
TRK,2221278,0.54671,-0.81600,0.13575,-0.12968,-0.0107,-0.0023,-0.0042,0.000,0.000,0.000,1,441
TRK,2221298,0.54724,-0.81563,0.13562,-0.12991,-0.0107,-0.0023,-0.0042,0.000,0.000,0.000,1,441
TRK,2221318,0.54716,-0.81568,0.13551,-0.13007,-0.0107,-0.0023,-0.0042,0.000,0.000,0.000,1,441
TRK,2221339,0.54653,-0.81611,0.13546,-0.13009,-0.0107,-0.0023,-0.0042,0.000,0.000,0.000,1,441
TRK,2221360,0.54676,-0.81595,0.13542,-0.13017,-0.0107,-0.0023,-0.0042,0.000,0.000,0.000,1,441
TRK,2221378,0.54717,-0.81567,0.13540,-0.13023,-0.0107,-0.0023,-0.0042,0.000,0.000,0.000,1,441
TRK,2221400,0.54679,-0.81593,0.13544,-0.13015,-0.0107,-0.0023,-0.0042,0.000,0.000,0.000,1,441
TRK,2221420,0.54638,-0.81621,0.13550,-0.13003,-0.0107,-0.0023,-0.0042,0.000,0.000,0.000,1,441
TRK,2221440,0.54690,-0.81585,0.13544,-0.13014,-0.0107,-0.0023,-0.0042,0.000,0.000,0.000,1,441
TRK,2221459,0.54724,-0.81562,0.13542,-0.13020,-0.0107,-0.0023,-0.0042,0.000,0.000,0.000,1,441
TRK,2221478,0.54679,-0.81593,0.13542,-0.13017,-0.0107,-0.0023,-0.0042,0.000,0.000,0.000,1,441
TRK,2221500,0.54655,-0.81609,0.13544,-0.13013,-0.0107,-0.0023,-0.0042,0.000,0.000,0.000,1,441
TRK,2221517,0.54695,-0.81582,0.13541,-0.13020,-0.0107,-0.0023,-0.0042,0.000,0.000,0.000,1,441
TRK,2221537,0.54707,-0.81574,0.13548,-0.13011,-0.0107,-0.0023,-0.0042,0.000,0.000,0.000,1,441
TRK,2221558,0.54664,-0.81604,0.13552,-0.13001,-0.0107,-0.0023,-0.0042,0.000,0.000,0.000,1,441
TRK,2221579,0.54657,-0.81608,0.13552,-0.13001,-0.0107,-0.0023,-0.0042,0.000,0.000,0.000,1,441
TRK,2221599,0.54696,-0.81582,0.13548,-0.13009,-0.0107,-0.0023,-0.0042,0.000,0.000,0.000,1,441
TRK,2221620,0.54685,-0.81589,0.13549,-0.13007,-0.0107,-0.0023,-0.0042,0.000,0.000,0.000,1,441
TRK,2221638,0.54663,-0.81604,0.13550,-0.13004,-0.0107,-0.0023,-0.0042,0.000,0.000,0.000,1,441
TRK,2221658,0.54684,-0.81589,0.13539,-0.13023,-0.0107,-0.0023,-0.0042,0.000,0.000,0.000,1,441
TRK,2221678,0.54717,-0.81566,0.13537,-0.13028,-0.0107,-0.0023,-0.0042,0.000,0.000,0.000,1,441
TRK,2221699,0.54693,-0.81583,0.13537,-0.13025,-0.0107,-0.0023,-0.0042,0.000,0.000,0.000,1,441
TRK,2221717,0.54667,-0.81601,0.13538,-0.13023,-0.0107,-0.0023,-0.0042,0.000,0.000,0.000,1,441
TRK,2221737,0.54683,-0.81590,0.13534,-0.13029,-0.0107,-0.0023,-0.0042,0.000,0.000,0.000,1,441
TRK,2221760,0.54699,-0.81579,0.13533,-0.13033,-0.0107,-0.0023,-0.0042,0.000,0.000,0.000,1,441
TRK,2221780,0.54678,-0.81593,0.13533,-0.13031,-0.0107,-0.0023,-0.0042,0.000,0.000,0.000,1,441
TRK,2221799,0.54625,-0.81621,0.13653,-0.12951,-0.0108,-0.0024,-0.0043,-0.012,-0.001,-0.002,2,441
TRK,2221819,0.54720,-0.81551,0.13631,-0.13012,-0.0109,-0.0024,-0.0043,-0.004,-0.002,0.000,2,441
TRK,2221840,0.54863,-0.81438,0.13727,-0.13020,-0.0110,-0.0025,-0.0043,0.001,-0.002,-0.000,2,441
TRK,2221858,0.54780,-0.81502,0.13711,-0.12987,-0.0109,-0.0024,-0.0043,0.000,0.001,0.000,2,441
TRK,2221878,0.54628,-0.81613,0.13687,-0.12951,-0.0109,-0.0024,-0.0043,0.001,-0.001,-0.001,2,441
TRK,2221899,0.54699,-0.81563,0.13686,-0.12971,-0.0109,-0.0025,-0.0043,0.000,-0.002,0.000,2,441
TRK,2221919,0.54795,-0.81492,0.13698,-0.12998,-0.0109,-0.0025,-0.0043,0.000,-0.001,-0.000,2,441
TRK,2221939,0.54726,-0.81543,0.13685,-0.12981,-0.0109,-0.0025,-0.0043,0.001,0.000,-0.001,2,441
TRK,2221958,0.54642,-0.81605,0.13677,-0.12952,-0.0109,-0.0025,-0.0043,0.001,-0.001,-0.000,2,441
TRK,2221978,0.54694,-0.81567,0.13683,-0.12967,-0.0109,-0.0026,-0.0044,0.001,-0.003,-0.000,2,441
TRK,2221998,0.54774,-0.81508,0.13695,-0.12988,-0.0109,-0.0026,-0.0044,0.001,-0.001,-0.000,2,441
TRK,2222018,0.54724,-0.81544,0.13691,-0.12977,-0.0108,-0.0026,-0.0044,0.002,-0.001,-0.001,2,441
STAT,404.1,400.6,2,4,0,0.0854,5.153,0.0221,0.1057,-0.1127,9.8238,1.45,0.384
TRK,2222038,0.54657,-0.81593,0.13681,-0.12961,-0.0108,-0.0026,-0.0044,0.002,-0.001,-0.001,2,441
TRK,2222060,0.54717,-0.81550,0.13686,-0.12976,-0.0107,-0.0027,-0.0044,0.001,-0.003,-0.000,2,441
TRK,2222080,0.54765,-0.81515,0.13692,-0.12987,-0.0111,-0.0024,-0.0042,0.000,0.000,0.000,1,442
TRK,2222100,0.54715,-0.81549,0.13694,-0.12980,-0.0111,-0.0024,-0.0042,0.000,0.000,0.000,1,442
TRK,2222118,0.54672,-0.81579,0.13694,-0.12977,-0.0111,-0.0024,-0.0042,0.000,0.000,0.000,1,442
TRK,2222139,0.54696,-0.81562,0.13693,-0.12980,-0.0111,-0.0024,-0.0042,0.000,0.000,0.000,1,442
TRK,2222160,0.54726,-0.81541,0.13688,-0.12990,-0.0111,-0.0024,-0.0042,0.000,0.000,0.000,1,442
TRK,2222178,0.54693,-0.81564,0.13687,-0.12989,-0.0111,-0.0024,-0.0042,0.000,0.000,0.000,1,442
TRK,2222198,0.54648,-0.81594,0.13691,-0.12980,-0.0111,-0.0024,-0.0042,0.000,0.000,0.000,1,442
TRK,2222218,0.54666,-0.81582,0.13687,-0.12987,-0.0111,-0.0024,-0.0042,0.000,0.000,0.000,1,442
TRK,2222239,0.54696,-0.81561,0.13684,-0.12994,-0.0111,-0.0024,-0.0042,0.000,0.000,0.000,1,442
TRK,2222259,0.54676,-0.81575,0.13683,-0.12994,-0.0111,-0.0024,-0.0042,0.000,0.000,0.000,1,442
TRK,2222280,0.54637,-0.81602,0.13689,-0.12982,-0.0111,-0.0024,-0.0042,0.000,0.000,0.000,1,442
TRK,2222298,0.54652,-0.81592,0.13691,-0.12980,-0.0111,-0.0024,-0.0042,0.000,0.000,0.000,1,442
TRK,2222320,0.54689,-0.81567,0.13693,-0.12980,-0.0111,-0.0024,-0.0042,0.000,0.000,0.000,1,442
TRK,2222340,0.54674,-0.81577,0.13695,-0.12976,-0.0111,-0.0024,-0.0042,0.000,0.000,0.000,1,442
TRK,2222358,0.54644,-0.81597,0.13695,-0.12974,-0.0111,-0.0024,-0.0042,0.000,0.000,0.000,1,442
TRK,2222379,0.54661,-0.81586,0.13688,-0.12986,-0.0111,-0.0024,-0.0042,0.000,0.000,0.000,1,442
TRK,2222399,0.54697,-0.81561,0.13679,-0.13001,-0.0111,-0.0024,-0.0042,0.000,0.000,0.000,1,442
TRK,2222419,0.54681,-0.81571,0.13674,-0.13007,-0.0111,-0.0024,-0.0042,0.000,0.000,0.000,1,442
TRK,2222440,0.54648,-0.81593,0.13672,-0.13008,-0.0111,-0.0024,-0.0042,0.000,0.000,0.000,1,442
TRK,2222460,0.54666,-0.81581,0.13675,-0.13006,-0.0111,-0.0024,-0.0042,0.000,0.000,0.000,1,442
TRK,2222478,0.54701,-0.81557,0.13677,-0.13004,-0.0111,-0.0024,-0.0042,0.000,0.000,0.000,1,442
TRK,2222498,0.54684,-0.81570,0.13682,-0.12995,-0.0111,-0.0024,-0.0042,0.000,0.000,0.000,1,442
TRK,2222518,0.54655,-0.81589,0.13682,-0.12994,-0.0111,-0.0024,-0.0042,0.000,0.000,0.000,1,442
TRK,2222538,0.54669,-0.81579,0.13678,-0.13001,-0.0111,-0.0024,-0.0042,0.000,0.000,0.000,1,442
TRK,2222557,0.54684,-0.81569,0.13669,-0.13016,-0.0111,-0.0024,-0.0042,0.000,0.000,0.000,1,442
TRK,2222580,0.54665,-0.81581,0.13664,-0.13021,-0.0111,-0.0024,-0.0042,0.000,0.000,0.000,1,442
TRK,2222599,0.54644,-0.81595,0.13666,-0.13016,-0.0111,-0.0024,-0.0042,0.000,0.000,0.000,1,442
TRK,2222617,0.54657,-0.81587,0.13670,-0.13012,-0.0111,-0.0024,-0.0042,0.000,0.000,0.000,1,442
TRK,2222638,0.54666,-0.81581,0.13672,-0.13009,-0.0111,-0.0024,-0.0042,0.000,0.000,0.000,1,442
TRK,2222658,0.54654,-0.81590,0.13676,-0.13002,-0.0111,-0.0024,-0.0042,0.000,0.000,0.000,1,442
TRK,2222678,0.54640,-0.81599,0.13677,-0.13001,-0.0111,-0.0024,-0.0042,0.000,0.000,0.000,1,442
TRK,2222699,0.54653,-0.81590,0.13673,-0.13007,-0.0111,-0.0024,-0.0042,0.000,0.000,0.000,1,442
TRK,2222720,0.54657,-0.81587,0.13671,-0.13010,-0.0111,-0.0024,-0.0042,0.000,0.000,0.000,1,442
TRK,2222740,0.54646,-0.81595,0.13674,-0.13005,-0.0111,-0.0024,-0.0042,0.000,0.000,0.000,1,442
TRK,2222760,0.54636,-0.81602,0.13675,-0.13003,-0.0111,-0.0024,-0.0042,0.000,0.000,0.000,1,442
TRK,2222780,0.54643,-0.81597,0.13684,-0.12990,-0.0111,-0.0024,-0.0042,0.000,0.000,0.000,1,442
TRK,2222798,0.54649,-0.81594,0.13683,-0.12992,-0.0111,-0.0024,-0.0042,0.000,0.000,0.000,1,442
TRK,2222820,0.54625,-0.81611,0.13694,-0.12975,-0.0111,-0.0024,-0.0042,0.000,0.000,0.000,1,442
TRK,2222838,0.54638,-0.81602,0.13689,-0.12982,-0.0111,-0.0024,-0.0042,0.000,0.000,0.000,1,442
TRK,2222858,0.54655,-0.81590,0.13692,-0.12979,-0.0111,-0.0024,-0.0042,0.000,0.000,0.000,1,442
TRK,2222879,0.54655,-0.81589,0.13685,-0.12989,-0.0111,-0.0024,-0.0042,0.000,0.000,0.000,1,442
TRK,2222899,0.54630,-0.81606,0.13685,-0.12987,-0.0111,-0.0024,-0.0042,0.000,0.000,0.000,1,442
TRK,2222919,0.54646,-0.81595,0.13683,-0.12992,-0.0111,-0.0024,-0.0042,0.000,0.000,0.000,1,442
TRK,2222938,0.54672,-0.81577,0.13680,-0.12997,-0.0111,-0.0024,-0.0042,0.000,0.000,0.000,1,442
TRK,2222958,0.54651,-0.81592,0.13687,-0.12986,-0.0111,-0.0024,-0.0042,0.000,0.000,0.000,1,442
TRK,2222978,0.54609,-0.81621,0.13686,-0.12985,-0.0111,-0.0024,-0.0042,0.000,0.000,0.000,1,442
TRK,2222998,0.54630,-0.81606,0.13687,-0.12985,-0.0111,-0.0024,-0.0042,0.000,0.000,0.000,1,442
TRK,2223018,0.54656,-0.81588,0.13681,-0.12996,-0.0111,-0.0024,-0.0042,0.000,0.000,0.000,1,442
STAT,404.0,400.5,2,4,0,0.0416,2.346,0.0250,0.1055,-0.1137,9.8233,0.44,0.002
TRK,2223040,0.54615,-0.81616,0.13683,-0.12990,-0.0111,-0.0024,-0.0042,0.000,0.000,0.000,1,442
TRK,2223060,0.54600,-0.81627,0.13682,-0.12991,-0.0111,-0.0024,-0.0042,0.000,0.000,0.000,1,442
TRK,2223080,0.54640,-0.81599,0.13680,-0.12996,-0.0111,-0.0024,-0.0042,0.000,0.000,0.000,1,442
TRK,2223098,0.54661,-0.81585,0.13678,-0.13000,-0.0111,-0.0024,-0.0042,0.000,0.000,0.000,1,442
TRK,2223119,0.54620,-0.81613,0.13683,-0.12990,-0.0111,-0.0024,-0.0042,0.000,0.000,0.000,1,442
TRK,2223138,0.54609,-0.81621,0.13685,-0.12986,-0.0111,-0.0024,-0.0042,0.000,0.000,0.000,1,442
TRK,2223158,0.54652,-0.81591,0.13684,-0.12991,-0.0111,-0.0024,-0.0042,0.000,0.000,0.000,1,442
TRK,2223178,0.54663,-0.81584,0.13680,-0.12998,-0.0111,-0.0024,-0.0042,0.000,0.000,0.000,1,442
TRK,2223198,0.54620,-0.81613,0.13679,-0.12996,-0.0111,-0.0024,-0.0042,0.000,0.000,0.000,1,442
TRK,2223218,0.54627,-0.81608,0.13678,-0.12998,-0.0111,-0.0024,-0.0042,0.000,0.000,0.000,1,442
TRK,2223238,0.54663,-0.81584,0.13677,-0.13001,-0.0111,-0.0024,-0.0042,0.000,0.000,0.000,1,442
TRK,2223258,0.54649,-0.81593,0.13684,-0.12991,-0.0111,-0.0024,-0.0042,0.000,0.000,0.000,1,442
TRK,2223278,0.54618,-0.81615,0.13688,-0.12983,-0.0111,-0.0024,-0.0042,0.000,0.000,0.000,1,442
TRK,2223300,0.54641,-0.81599,0.13690,-0.12982,-0.0111,-0.0024,-0.0042,0.000,0.000,0.000,1,442
TRK,2223320,0.54653,-0.81591,0.13686,-0.12988,-0.0111,-0.0024,-0.0042,0.000,0.000,0.000,1,442
TRK,2223338,0.54619,-0.81614,0.13688,-0.12983,-0.0111,-0.0024,-0.0042,0.000,0.000,0.000,1,442
TRK,2223360,0.54605,-0.81623,0.13688,-0.12981,-0.0111,-0.0024,-0.0042,0.000,0.000,0.000,1,442
TRK,2223378,0.54626,-0.81609,0.13683,-0.12991,-0.0111,-0.0024,-0.0042,0.000,0.000,0.000,1,442
TRK,2223398,0.54620,-0.81613,0.13685,-0.12987,-0.0111,-0.0024,-0.0042,0.000,0.000,0.000,1,442
TRK,2223418,0.54585,-0.81637,0.13683,-0.12988,-0.0111,-0.0024,-0.0042,0.000,0.000,0.000,1,442
TRK,2223438,0.54588,-0.81635,0.13684,-0.12987,-0.0111,-0.0024,-0.0042,0.000,0.000,0.000,1,442
TRK,2223459,0.54614,-0.81617,0.13678,-0.12997,-0.0111,-0.0024,-0.0042,0.000,0.000,0.000,1,442
TRK,2223478,0.54589,-0.81634,0.13676,-0.12998,-0.0111,-0.0024,-0.0042,0.000,0.000,0.000,1,442
TRK,2223498,0.54566,-0.81650,0.13678,-0.12993,-0.0111,-0.0024,-0.0042,0.000,0.000,0.000,1,442
TRK,2223520,0.54598,-0.81628,0.13678,-0.12997,-0.0111,-0.0024,-0.0042,0.000,0.000,0.000,1,442
TRK,2223539,0.54616,-0.81616,0.13680,-0.12994,-0.0111,-0.0024,-0.0042,0.000,0.000,0.000,1,442
TRK,2223559,0.54588,-0.81635,0.13691,-0.12976,-0.0111,-0.0024,-0.0042,0.000,0.000,0.000,1,442
TRK,2223579,0.54587,-0.81636,0.13698,-0.12966,-0.0111,-0.0024,-0.0042,0.000,0.000,0.000,1,442
TRK,2223599,0.54618,-0.81615,0.13698,-0.12968,-0.0111,-0.0024,-0.0042,0.000,0.000,0.000,1,442
TRK,2223619,0.54618,-0.81615,0.13695,-0.12973,-0.0111,-0.0024,-0.0042,0.000,0.000,0.000,1,442
TRK,2223639,0.54586,-0.81636,0.13691,-0.12975,-0.0111,-0.0024,-0.0042,0.000,0.000,0.000,1,442
TRK,2223659,0.54593,-0.81632,0.13687,-0.12982,-0.0111,-0.0024,-0.0042,0.000,0.000,0.000,1,442
TRK,2223680,0.54618,-0.81615,0.13681,-0.12994,-0.0111,-0.0024,-0.0042,0.000,0.000,0.000,1,442
TRK,2223698,0.54608,-0.81621,0.13684,-0.12988,-0.0111,-0.0024,-0.0042,0.000,0.000,0.000,1,442
TRK,2223717,0.54595,-0.81630,0.13689,-0.12980,-0.0111,-0.0024,-0.0042,0.000,0.000,0.000,1,442
TRK,2223737,0.54607,-0.81623,0.13691,-0.12978,-0.0111,-0.0024,-0.0042,0.000,0.000,0.000,1,442
TRK,2223757,0.54626,-0.81610,0.13690,-0.12980,-0.0111,-0.0024,-0.0042,0.000,0.000,0.000,1,442
TRK,2223777,0.54606,-0.81623,0.13689,-0.12980,-0.0111,-0.0024,-0.0042,0.000,0.000,0.000,1,442
TRK,2223797,0.54594,-0.81631,0.13688,-0.12981,-0.0111,-0.0024,-0.0042,0.000,0.000,0.000,1,442
TRK,2223820,0.54624,-0.81610,0.13684,-0.12989,-0.0111,-0.0024,-0.0042,0.000,0.000,0.000,1,442
TRK,2223839,0.54629,-0.81607,0.13689,-0.12983,-0.0111,-0.0024,-0.0042,0.000,0.000,0.000,1,442
TRK,2223860,0.54602,-0.81626,0.13702,-0.12962,-0.0111,-0.0024,-0.0042,0.000,0.000,0.000,1,442
TRK,2223877,0.54591,-0.81633,0.13688,-0.12981,-0.0111,-0.0024,-0.0042,0.000,0.000,0.000,1,442
TRK,2223898,0.54555,-0.81649,0.13806,-0.12905,-0.0112,-0.0023,-0.0043,-0.011,-0.002,-0.003,2,442
TRK,2223920,0.54675,-0.81553,0.13872,-0.12936,-0.0112,-0.0024,-0.0043,0.001,-0.002,-0.002,2,442
TRK,2223940,0.54739,-0.81503,0.13895,-0.12953,-0.0112,-0.0024,-0.0044,0.001,0.000,-0.002,2,442
TRK,2223960,0.54550,-0.81637,0.13913,-0.12887,-0.0112,-0.0024,-0.0044,0.001,0.001,-0.002,2,442
TRK,2223980,0.54392,-0.81729,0.14053,-0.12822,-0.0111,-0.0024,-0.0045,0.003,-0.004,-0.004,2,442
TRK,2223998,0.54393,-0.81709,0.14190,-0.12795,-0.0111,-0.0025,-0.0045,0.000,-0.001,-0.001,2,442
TRK,2224019,0.54433,-0.81681,0.14186,-0.12812,-0.0111,-0.0025,-0.0046,0.002,-0.002,-0.003,2,442
STAT,404.0,400.5,2,4,0,0.2267,10.770,0.0250,0.1055,-0.1137,9.8231,0.44,0.002
TRK,2224040,0.54419,-0.81694,0.14143,-0.12831,-0.0110,-0.0025,-0.0046,0.002,-0.002,-0.003,2,442
TRK,2224058,0.54353,-0.81735,0.14208,-0.12777,-0.0110,-0.0026,-0.0047,0.002,-0.001,-0.001,2,442
TRK,2224080,0.54396,-0.81721,0.14078,-0.12828,-0.0110,-0.0026,-0.0047,0.002,-0.002,-0.001,2,442
TRK,2224098,0.54501,-0.81639,0.14152,-0.12821,-0.0109,-0.0027,-0.0048,0.004,-0.003,-0.003,2,442
TRK,2224120,0.54517,-0.81634,0.14082,-0.12861,-0.0108,-0.0027,-0.0048,0.004,0.000,-0.003,2,442
TRK,2224138,0.54453,-0.81691,0.13987,-0.12875,-0.0108,-0.0027,-0.0049,0.004,-0.001,-0.003,2,442
TRK,2224159,0.54467,-0.81688,0.13950,-0.12874,-0.0107,-0.0027,-0.0049,0.003,-0.002,-0.001,2,442
TRK,2224180,0.54578,-0.81610,0.13937,-0.12914,-0.0106,-0.0028,-0.0050,0.004,-0.003,-0.004,2,442
TRK,2224198,0.54590,-0.81602,0.13932,-0.12923,-0.0105,-0.0028,-0.0050,0.004,-0.001,-0.003,2,442
TRK,2224220,0.54482,-0.81678,0.13941,-0.12885,-0.0104,-0.0029,-0.0051,0.005,-0.002,-0.003,2,442
TRK,2224238,0.54459,-0.81693,0.13952,-0.12877,-0.0103,-0.0029,-0.0051,0.005,-0.004,-0.003,2,442
TRK,2224259,0.54546,-0.81627,0.13985,-0.12893,-0.0102,-0.0030,-0.0052,0.005,-0.004,-0.003,2,442
TRK,2224280,0.54548,-0.81624,0.13990,-0.12899,-0.0101,-0.0031,-0.0053,0.006,-0.003,-0.003,2,442
TRK,2224298,0.54465,-0.81684,0.13985,-0.12876,-0.0100,-0.0031,-0.0053,0.005,-0.004,-0.003,2,442
TRK,2224318,0.54464,-0.81685,0.13973,-0.12882,-0.0099,-0.0032,-0.0054,0.005,-0.005,-0.002,2,442
TRK,2224339,0.54537,-0.81629,0.14007,-0.12896,-0.0098,-0.0033,-0.0054,0.005,-0.005,-0.002,2,442
TRK,2224360,0.54504,-0.81651,0.14017,-0.12885,-0.0113,-0.0020,-0.0049,0.000,0.000,0.000,1,443
TRK,2224379,0.54427,-0.81703,0.14024,-0.12869,-0.0113,-0.0020,-0.0049,0.000,0.000,0.000,1,443
TRK,2224398,0.54428,-0.81702,0.14019,-0.12878,-0.0113,-0.0020,-0.0049,0.000,0.000,0.000,1,443
TRK,2224418,0.54484,-0.81663,0.13997,-0.12913,-0.0113,-0.0020,-0.0049,0.000,0.000,0.000,1,443
TRK,2224438,0.54480,-0.81665,0.13978,-0.12941,-0.0113,-0.0020,-0.0049,0.000,0.000,0.000,1,443
TRK,2224458,0.54438,-0.81693,0.13970,-0.12950,-0.0113,-0.0020,-0.0049,0.000,0.000,0.000,1,443
TRK,2224478,0.54432,-0.81696,0.13975,-0.12943,-0.0113,-0.0020,-0.0049,0.000,0.000,0.000,1,443
TRK,2224498,0.54473,-0.81670,0.13986,-0.12929,-0.0113,-0.0020,-0.0049,0.000,0.000,0.000,1,443
TRK,2224519,0.54454,-0.81683,0.13995,-0.12915,-0.0113,-0.0020,-0.0049,0.000,0.000,0.000,1,443
TRK,2224540,0.54408,-0.81715,0.14000,-0.12904,-0.0113,-0.0020,-0.0049,0.000,0.000,0.000,1,443
TRK,2224558,0.54417,-0.81708,0.13992,-0.12916,-0.0113,-0.0020,-0.0049,0.000,0.000,0.000,1,443
TRK,2224579,0.54464,-0.81675,0.13983,-0.12933,-0.0113,-0.0020,-0.0049,0.000,0.000,0.000,1,443
TRK,2224599,0.54460,-0.81677,0.13964,-0.12961,-0.0113,-0.0020,-0.0049,0.000,0.000,0.000,1,443
TRK,2224618,0.54420,-0.81703,0.13952,-0.12976,-0.0113,-0.0020,-0.0049,0.000,0.000,0.000,1,443
TRK,2224638,0.54427,-0.81698,0.13937,-0.12999,-0.0113,-0.0020,-0.0049,0.000,0.000,0.000,1,443
TRK,2224658,0.54468,-0.81669,0.13926,-0.13017,-0.0113,-0.0020,-0.0049,0.000,0.000,0.000,1,443
TRK,2224678,0.54466,-0.81670,0.13927,-0.13017,-0.0113,-0.0020,-0.0049,0.000,0.000,0.000,1,443
TRK,2224698,0.54427,-0.81698,0.13936,-0.13001,-0.0113,-0.0020,-0.0049,0.000,0.000,0.000,1,443
TRK,2224718,0.54429,-0.81696,0.13937,-0.13000,-0.0113,-0.0020,-0.0049,0.000,0.000,0.000,1,443
TRK,2224738,0.54454,-0.81680,0.13943,-0.12992,-0.0113,-0.0020,-0.0049,0.000,0.000,0.000,1,443
TRK,2224760,0.54450,-0.81683,0.13943,-0.12991,-0.0113,-0.0020,-0.0049,0.000,0.000,0.000,1,443
TRK,2224780,0.54418,-0.81705,0.13947,-0.12983,-0.0113,-0.0020,-0.0049,0.000,0.000,0.000,1,443
TRK,2224798,0.54441,-0.81689,0.13946,-0.12987,-0.0113,-0.0020,-0.0049,0.000,0.000,0.000,1,443
TRK,2224819,0.54460,-0.81675,0.13940,-0.12996,-0.0113,-0.0020,-0.0049,0.000,0.000,0.000,1,443
TRK,2224840,0.54460,-0.81676,0.13939,-0.12998,-0.0113,-0.0020,-0.0049,0.000,0.000,0.000,1,443
TRK,2224858,0.54455,-0.81679,0.13940,-0.12997,-0.0113,-0.0020,-0.0049,0.000,0.000,0.000,1,443
TRK,2224879,0.54464,-0.81673,0.13938,-0.13001,-0.0113,-0.0020,-0.0049,0.000,0.000,0.000,1,443
TRK,2224897,0.54464,-0.81673,0.13938,-0.13000,-0.0113,-0.0020,-0.0049,0.000,0.000,0.000,1,443
TRK,2224918,0.54453,-0.81680,0.13938,-0.12999,-0.0113,-0.0020,-0.0049,0.000,0.000,0.000,1,443
TRK,2224938,0.54453,-0.81679,0.13933,-0.13007,-0.0113,-0.0020,-0.0049,0.000,0.000,0.000,1,443
TRK,2224958,0.54453,-0.81680,0.13930,-0.13011,-0.0113,-0.0020,-0.0049,0.000,0.000,0.000,1,443
TRK,2224978,0.54448,-0.81682,0.13926,-0.13017,-0.0113,-0.0020,-0.0049,0.000,0.000,0.000,1,443
TRK,2224999,0.54456,-0.81677,0.13918,-0.13029,-0.0113,-0.0020,-0.0049,0.000,0.000,0.000,1,443
TRK,2225019,0.54481,-0.81659,0.13903,-0.13053,-0.0113,-0.0020,-0.0049,0.000,0.000,0.000,1,443
STAT,404.1,400.6,2,4,0,0.0378,0.931,0.0249,0.1024,-0.1218,9.8228,0.60,0.007
TRK,2225038,0.54481,-0.81659,0.13906,-0.13048,-0.0113,-0.0020,-0.0049,0.000,0.000,0.000,1,443
TRK,2225058,0.54485,-0.81657,0.13910,-0.13042,-0.0113,-0.0020,-0.0049,0.000,0.000,0.000,1,443
TRK,2225078,0.54490,-0.81653,0.13909,-0.13045,-0.0113,-0.0020,-0.0049,0.000,0.000,0.000,1,443
TRK,2225098,0.54474,-0.81664,0.13914,-0.13037,-0.0113,-0.0020,-0.0049,0.000,0.000,0.000,1,443
TRK,2225119,0.54471,-0.81666,0.13911,-0.13041,-0.0113,-0.0020,-0.0049,0.000,0.000,0.000,1,443
TRK,2225139,0.54479,-0.81661,0.13910,-0.13043,-0.0113,-0.0020,-0.0049,0.000,0.000,0.000,1,443
TRK,2225160,0.54493,-0.81651,0.13903,-0.13054,-0.0113,-0.0020,-0.0049,0.000,0.000,0.000,1,443
TRK,2225178,0.54474,-0.81663,0.13903,-0.13052,-0.0113,-0.0020,-0.0049,0.000,0.000,0.000,1,443
TRK,2225197,0.54469,-0.81667,0.13906,-0.13048,-0.0113,-0.0020,-0.0049,0.000,0.000,0.000,1,443
TRK,2225217,0.54489,-0.81653,0.13906,-0.13049,-0.0113,-0.0020,-0.0049,0.000,0.000,0.000,1,443
TRK,2225237,0.54472,-0.81665,0.13909,-0.13043,-0.0113,-0.0020,-0.0049,0.000,0.000,0.000,1,443
TRK,2225257,0.54446,-0.81683,0.13911,-0.13039,-0.0113,-0.0020,-0.0049,0.000,0.000,0.000,1,443
TRK,2225280,0.54450,-0.81681,0.13915,-0.13034,-0.0113,-0.0020,-0.0049,0.000,0.000,0.000,1,443
TRK,2225299,0.54482,-0.81658,0.13903,-0.13054,-0.0113,-0.0020,-0.0049,0.000,0.000,0.000,1,443
TRK,2225320,0.54454,-0.81677,0.13901,-0.13054,-0.0113,-0.0020,-0.0049,0.000,0.000,0.000,1,443
TRK,2225338,0.54436,-0.81689,0.13894,-0.13063,-0.0113,-0.0020,-0.0049,0.000,0.000,0.000,1,443
TRK,2225360,0.54455,-0.81676,0.13894,-0.13065,-0.0113,-0.0020,-0.0049,0.000,0.000,0.000,1,443
TRK,2225379,0.54485,-0.81656,0.13899,-0.13059,-0.0113,-0.0020,-0.0049,0.000,0.000,0.000,1,443
TRK,2225400,0.54454,-0.81677,0.13906,-0.13046,-0.0113,-0.0020,-0.0049,0.000,0.000,0.000,1,443
TRK,2225420,0.54440,-0.81687,0.13914,-0.13035,-0.0113,-0.0020,-0.0049,0.000,0.000,0.000,1,443
TRK,2225440,0.54470,-0.81667,0.13907,-0.13047,-0.0113,-0.0020,-0.0049,0.000,0.000,0.000,1,443
TRK,2225460,0.54494,-0.81649,0.13895,-0.13065,-0.0113,-0.0020,-0.0049,0.000,0.000,0.000,1,443
TRK,2225478,0.54482,-0.81657,0.13881,-0.13085,-0.0113,-0.0020,-0.0049,0.000,0.000,0.000,1,443
TRK,2225500,0.54480,-0.81658,0.13883,-0.13083,-0.0113,-0.0020,-0.0049,0.000,0.000,0.000,1,443
TRK,2225520,0.54486,-0.81654,0.13887,-0.13077,-0.0113,-0.0020,-0.0049,0.000,0.000,0.000,1,443
TRK,2225538,0.54488,-0.81653,0.13892,-0.13069,-0.0113,-0.0020,-0.0049,0.000,0.000,0.000,1,443
TRK,2225560,0.54500,-0.81645,0.13894,-0.13068,-0.0113,-0.0020,-0.0049,0.000,0.000,0.000,1,443
TRK,2225578,0.54506,-0.81641,0.13891,-0.13073,-0.0113,-0.0020,-0.0049,0.000,0.000,0.000,1,443
TRK,2225600,0.54485,-0.81654,0.13876,-0.13093,-0.0113,-0.0020,-0.0049,0.000,0.000,0.000,1,443
TRK,2225618,0.54478,-0.81659,0.13871,-0.13100,-0.0113,-0.0020,-0.0049,0.000,0.000,0.000,1,443
TRK,2225638,0.54492,-0.81649,0.13864,-0.13111,-0.0113,-0.0020,-0.0049,0.000,0.000,0.000,1,443
TRK,2225658,0.54497,-0.81645,0.13869,-0.13104,-0.0113,-0.0020,-0.0049,0.000,0.000,0.000,1,443
TRK,2225678,0.54479,-0.81659,0.13880,-0.13087,-0.0113,-0.0020,-0.0049,0.000,0.000,0.000,1,443
TRK,2225698,0.54479,-0.81659,0.13884,-0.13081,-0.0113,-0.0020,-0.0049,0.000,0.000,0.000,1,443
TRK,2225718,0.54486,-0.81654,0.13887,-0.13076,-0.0113,-0.0020,-0.0049,0.000,0.000,0.000,1,443
TRK,2225740,0.54473,-0.81663,0.13881,-0.13085,-0.0113,-0.0020,-0.0049,0.000,0.000,0.000,1,443
TRK,2225758,0.54453,-0.81676,0.13876,-0.13092,-0.0113,-0.0020,-0.0049,0.000,0.000,0.000,1,443
TRK,2225780,0.54485,-0.81653,0.13867,-0.13107,-0.0113,-0.0020,-0.0049,0.000,0.000,0.000,1,443
TRK,2225798,0.54491,-0.81650,0.13865,-0.13110,-0.0113,-0.0020,-0.0049,0.000,0.000,0.000,1,443
TRK,2225819,0.54483,-0.81655,0.13873,-0.13097,-0.0113,-0.0020,-0.0049,0.000,0.000,0.000,1,443
TRK,2225840,0.54469,-0.81665,0.13878,-0.13090,-0.0113,-0.0020,-0.0049,0.000,0.000,0.000,1,443
TRK,2225859,0.54463,-0.81670,0.13885,-0.13078,-0.0113,-0.0020,-0.0049,0.000,0.000,0.000,1,443
TRK,2225880,0.54471,-0.81664,0.13889,-0.13074,-0.0113,-0.0020,-0.0049,0.000,0.000,0.000,1,443
TRK,2225900,0.54472,-0.81663,0.13884,-0.13081,-0.0113,-0.0020,-0.0049,0.000,0.000,0.000,1,443
TRK,2225920,0.54467,-0.81667,0.13882,-0.13083,-0.0113,-0.0020,-0.0049,0.000,0.000,0.000,1,443
TRK,2225940,0.54443,-0.81684,0.13886,-0.13075,-0.0113,-0.0020,-0.0049,0.000,0.000,0.000,1,443
TRK,2225959,0.54447,-0.81681,0.13896,-0.13061,-0.0113,-0.0020,-0.0049,0.000,0.000,0.000,1,443
TRK,2225979,0.54476,-0.81663,0.13905,-0.13050,-0.0113,-0.0020,-0.0049,0.000,0.000,0.000,1,443
TRK,2225999,0.54462,-0.81671,0.13906,-0.13048,-0.0113,-0.0020,-0.0049,0.000,0.000,0.000,1,443
TRK,2226020,0.54418,-0.81702,0.13907,-0.13042,-0.0113,-0.0020,-0.0049,0.000,0.000,0.000,1,443
STAT,404.1,400.6,2,4,0,0.0783,2.058,0.0284,0.0977,-0.1296,9.8216,0.60,0.007
TRK,2226038,0.54436,-0.81689,0.13897,-0.13059,-0.0113,-0.0020,-0.0049,0.000,0.000,0.000,1,443
TRK,2226060,0.54493,-0.81648,0.13873,-0.13098,-0.0113,-0.0020,-0.0049,0.000,0.000,0.000,1,443
TRK,2226080,0.54467,-0.81666,0.13865,-0.13108,-0.0113,-0.0020,-0.0049,0.000,0.000,0.000,1,443
TRK,2226099,0.54423,-0.81696,0.13863,-0.13109,-0.0113,-0.0020,-0.0049,0.000,0.000,0.000,1,443
TRK,2226118,0.54449,-0.81678,0.13873,-0.13096,-0.0113,-0.0020,-0.0049,0.000,0.000,0.000,1,443
TRK,2226138,0.54508,-0.81639,0.13879,-0.13091,-0.0113,-0.0020,-0.0049,0.000,0.000,0.000,1,443
TRK,2226158,0.54474,-0.81663,0.13894,-0.13066,-0.0113,-0.0020,-0.0049,0.000,0.000,0.000,1,443
TRK,2226178,0.54418,-0.81701,0.13899,-0.13055,-0.0113,-0.0020,-0.0049,0.000,0.000,0.000,1,443
TRK,2226198,0.54455,-0.81676,0.13888,-0.13074,-0.0113,-0.0020,-0.0049,0.000,0.000,0.000,1,443
TRK,2226218,0.54499,-0.81644,0.13874,-0.13097,-0.0113,-0.0020,-0.0049,0.000,0.000,0.000,1,443
TRK,2226240,0.54452,-0.81676,0.13865,-0.13108,-0.0113,-0.0020,-0.0049,0.000,0.000,0.000,1,443
TRK,2226260,0.54418,-0.81699,0.13866,-0.13104,-0.0113,-0.0020,-0.0049,0.000,0.000,0.000,1,443
TRK,2226278,0.54458,-0.81672,0.13870,-0.13101,-0.0113,-0.0020,-0.0049,0.000,0.000,0.000,1,443
TRK,2226300,0.54498,-0.81646,0.13879,-0.13089,-0.0113,-0.0020,-0.0049,0.000,0.000,0.000,1,443
TRK,2226318,0.54448,-0.81680,0.13887,-0.13075,-0.0113,-0.0020,-0.0049,0.000,0.000,0.000,1,443
TRK,2226338,0.54433,-0.81690,0.13887,-0.13074,-0.0113,-0.0020,-0.0049,0.000,0.000,0.000,1,443
TRK,2226357,0.54489,-0.81652,0.13879,-0.13090,-0.0113,-0.0020,-0.0049,0.000,0.000,0.000,1,443
TRK,2226377,0.54490,-0.81650,0.13866,-0.13108,-0.0113,-0.0020,-0.0049,0.000,0.000,0.000,1,443
TRK,2226398,0.54455,-0.81674,0.13869,-0.13102,-0.0113,-0.0020,-0.0049,0.000,0.000,0.000,1,443
TRK,2226420,0.54462,-0.81669,0.13875,-0.13094,-0.0113,-0.0020,-0.0049,0.000,0.000,0.000,1,443
TRK,2226438,0.54477,-0.81660,0.13887,-0.13077,-0.0113,-0.0020,-0.0049,0.000,0.000,0.000,1,443
TRK,2226460,0.54461,-0.81672,0.13899,-0.13058,-0.0113,-0.0020,-0.0049,0.000,0.000,0.000,1,443
TRK,2226478,0.54433,-0.81691,0.13909,-0.13041,-0.0113,-0.0020,-0.0049,0.000,0.000,0.000,1,443
TRK,2226497,0.54468,-0.81667,0.13901,-0.13056,-0.0113,-0.0020,-0.0049,0.000,0.000,0.000,1,443
TRK,2226520,0.54478,-0.81660,0.13889,-0.13074,-0.0113,-0.0020,-0.0049,0.000,0.000,0.000,1,443
TRK,2226539,0.54441,-0.81684,0.13876,-0.13090,-0.0113,-0.0020,-0.0049,0.000,0.000,0.000,1,443
TRK,2226557,0.54430,-0.81692,0.13874,-0.13093,-0.0113,-0.0020,-0.0049,0.000,0.000,0.000,1,443
TRK,2226579,0.54481,-0.81657,0.13874,-0.13096,-0.0113,-0.0020,-0.0049,0.000,0.000,0.000,1,443
TRK,2226600,0.54478,-0.81659,0.13881,-0.13085,-0.0113,-0.0020,-0.0049,0.000,0.000,0.000,1,443
TRK,2226619,0.54438,-0.81687,0.13888,-0.13072,-0.0113,-0.0020,-0.0049,0.000,0.000,0.000,1,443
TRK,2226638,0.54435,-0.81689,0.13881,-0.13083,-0.0113,-0.0020,-0.0049,0.000,0.000,0.000,1,443
TRK,2226658,0.54492,-0.81649,0.13874,-0.13097,-0.0113,-0.0020,-0.0049,0.000,0.000,0.000,1,443
TRK,2226678,0.54495,-0.81646,0.13857,-0.13122,-0.0113,-0.0020,-0.0049,0.000,0.000,0.000,1,443
TRK,2226698,0.54447,-0.81679,0.13859,-0.13115,-0.0113,-0.0020,-0.0049,0.000,0.000,0.000,1,443
TRK,2226719,0.54454,-0.81675,0.13869,-0.13102,-0.0113,-0.0020,-0.0049,0.000,0.000,0.000,1,443
TRK,2226740,0.54488,-0.81652,0.13879,-0.13090,-0.0113,-0.0020,-0.0049,0.000,0.000,0.000,1,443
TRK,2226759,0.54482,-0.81657,0.13892,-0.13069,-0.0113,-0.0020,-0.0049,0.000,0.000,0.000,1,443
TRK,2226779,0.54438,-0.81687,0.13894,-0.13064,-0.0113,-0.0020,-0.0049,0.000,0.000,0.000,1,443
TRK,2226799,0.54455,-0.81675,0.13885,-0.13078,-0.0113,-0.0020,-0.0049,0.000,0.000,0.000,1,443
TRK,2226819,0.54479,-0.81658,0.13874,-0.13096,-0.0113,-0.0020,-0.0049,0.000,0.000,0.000,1,443
TRK,2226839,0.54468,-0.81665,0.13866,-0.13108,-0.0113,-0.0020,-0.0049,0.000,0.000,0.000,1,443
TRK,2226859,0.54455,-0.81674,0.13868,-0.13103,-0.0113,-0.0020,-0.0049,0.000,0.000,0.000,1,443
TRK,2226880,0.54467,-0.81666,0.13874,-0.13095,-0.0113,-0.0020,-0.0049,0.000,0.000,0.000,1,443
TRK,2226898,0.54484,-0.81655,0.13881,-0.13086,-0.0113,-0.0020,-0.0049,0.000,0.000,0.000,1,443
TRK,2226917,0.54472,-0.81664,0.13881,-0.13085,-0.0113,-0.0020,-0.0049,0.000,0.000,0.000,1,443
TRK,2226937,0.54451,-0.81677,0.13870,-0.13100,-0.0113,-0.0020,-0.0049,0.000,0.000,0.000,1,443
TRK,2226957,0.54451,-0.81675,0.13852,-0.13126,-0.0113,-0.0020,-0.0049,0.000,0.000,0.000,1,443
TRK,2226977,0.54476,-0.81657,0.13834,-0.13155,-0.0113,-0.0020,-0.0049,0.000,0.000,0.000,1,443
TRK,2227000,0.54478,-0.81655,0.13825,-0.13169,-0.0113,-0.0020,-0.0049,0.000,0.000,0.000,1,443
TRK,2227019,0.54439,-0.81682,0.13833,-0.13155,-0.0113,-0.0020,-0.0049,0.000,0.000,0.000,1,443
STAT,404.3,400.8,2,4,0,0.0719,1.637,0.0284,0.0977,-0.1296,9.8250,0.60,0.007
TRK,2227039,0.54448,-0.81678,0.13849,-0.13131,-0.0113,-0.0020,-0.0049,0.000,0.000,0.000,1,443
TRK,2227057,0.54483,-0.81655,0.13867,-0.13106,-0.0113,-0.0020,-0.0049,0.000,0.000,0.000,1,443
TRK,2227078,0.54465,-0.81668,0.13879,-0.13088,-0.0113,-0.0020,-0.0049,0.000,0.000,0.000,1,443
TRK,2227098,0.54417,-0.81700,0.13878,-0.13087,-0.0113,-0.0020,-0.0049,0.000,0.000,0.000,1,443
TRK,2227120,0.54432,-0.81689,0.13868,-0.13102,-0.0113,-0.0020,-0.0049,0.000,0.000,0.000,1,443
TRK,2227140,0.54482,-0.81655,0.13851,-0.13130,-0.0113,-0.0020,-0.0049,0.000,0.000,0.000,1,443
TRK,2227160,0.54453,-0.81674,0.13849,-0.13131,-0.0113,-0.0020,-0.0049,0.000,0.000,0.000,1,443
TRK,2227180,0.54397,-0.81713,0.13858,-0.13114,-0.0113,-0.0020,-0.0049,0.000,0.000,0.000,1,443
TRK,2227200,0.54442,-0.81682,0.13863,-0.13110,-0.0113,-0.0020,-0.0049,0.000,0.000,0.000,1,443
TRK,2227218,0.54496,-0.81646,0.13865,-0.13110,-0.0113,-0.0020,-0.0049,0.000,0.000,0.000,1,443
TRK,2227240,0.54454,-0.81675,0.13867,-0.13105,-0.0113,-0.0020,-0.0049,0.000,0.000,0.000,1,443
TRK,2227258,0.54412,-0.81703,0.13865,-0.13105,-0.0113,-0.0020,-0.0049,0.000,0.000,0.000,1,443
TRK,2227278,0.54465,-0.81666,0.13852,-0.13127,-0.0113,-0.0020,-0.0049,0.000,0.000,0.000,1,443
TRK,2227300,0.54496,-0.81645,0.13846,-0.13139,-0.0113,-0.0020,-0.0049,0.000,0.000,0.000,1,443
TRK,2227320,0.54439,-0.81684,0.13855,-0.13121,-0.0113,-0.0020,-0.0049,0.000,0.000,0.000,1,443
TRK,2227340,0.54408,-0.81706,0.13869,-0.13098,-0.0113,-0.0020,-0.0049,0.000,0.000,0.000,1,443
TRK,2227359,0.54455,-0.81675,0.13875,-0.13093,-0.0113,-0.0020,-0.0049,0.000,0.000,0.000,1,443
TRK,2227378,0.54467,-0.81667,0.13883,-0.13082,-0.0113,-0.0020,-0.0049,0.000,0.000,0.000,1,443
TRK,2227398,0.54427,-0.81694,0.13883,-0.13080,-0.0113,-0.0020,-0.0049,0.000,0.000,0.000,1,443
TRK,2227418,0.54419,-0.81699,0.13875,-0.13091,-0.0113,-0.0020,-0.0049,0.000,0.000,0.000,1,443
TRK,2227438,0.54475,-0.81659,0.13856,-0.13123,-0.0113,-0.0020,-0.0049,0.000,0.000,0.000,1,443
TRK,2227459,0.54481,-0.81655,0.13846,-0.13138,-0.0113,-0.0020,-0.0049,0.000,0.000,0.000,1,443
TRK,2227477,0.54466,-0.81665,0.13848,-0.13134,-0.0113,-0.0020,-0.0049,0.000,0.000,0.000,1,443
TRK,2227497,0.54454,-0.81673,0.13844,-0.13140,-0.0113,-0.0020,-0.0049,0.000,0.000,0.000,1,443
TRK,2227518,0.54461,-0.81669,0.13846,-0.13136,-0.0113,-0.0020,-0.0049,0.000,0.000,0.000,1,443
TRK,2227539,0.54459,-0.81670,0.13848,-0.13133,-0.0113,-0.0020,-0.0049,0.000,0.000,0.000,1,443
TRK,2227560,0.54450,-0.81676,0.13849,-0.13132,-0.0113,-0.0020,-0.0049,0.000,0.000,0.000,1,443
TRK,2227579,0.54455,-0.81672,0.13849,-0.13132,-0.0113,-0.0020,-0.0049,0.000,0.000,0.000,1,443
TRK,2227600,0.54438,-0.81685,0.13859,-0.13116,-0.0113,-0.0020,-0.0049,0.000,0.000,0.000,1,443
TRK,2227617,0.54443,-0.81682,0.13864,-0.13108,-0.0113,-0.0020,-0.0049,0.000,0.000,0.000,1,443
TRK,2227640,0.54474,-0.81662,0.13875,-0.13095,-0.0113,-0.0020,-0.0049,0.000,0.000,0.000,1,443
TRK,2227660,0.54456,-0.81674,0.13874,-0.13094,-0.0113,-0.0020,-0.0049,0.000,0.000,0.000,1,443
TRK,2227679,0.54428,-0.81693,0.13876,-0.13090,-0.0113,-0.0020,-0.0049,0.000,0.000,0.000,1,443
TRK,2227699,0.54456,-0.81673,0.13866,-0.13107,-0.0113,-0.0020,-0.0049,0.000,0.000,0.000,1,443
TRK,2227719,0.54498,-0.81644,0.13853,-0.13129,-0.0113,-0.0020,-0.0049,0.000,0.000,0.000,1,443
TRK,2227739,0.54456,-0.81672,0.13849,-0.13131,-0.0113,-0.0020,-0.0049,0.000,0.000,0.000,1,443
TRK,2227759,0.54408,-0.81704,0.13843,-0.13137,-0.0113,-0.0020,-0.0049,0.000,0.000,0.000,1,443
TRK,2227780,0.54469,-0.81663,0.13842,-0.13144,-0.0113,-0.0020,-0.0049,0.000,0.000,0.000,1,443
TRK,2227800,0.54504,-0.81639,0.13842,-0.13146,-0.0113,-0.0020,-0.0049,0.000,0.000,0.000,1,443
TRK,2227817,0.54449,-0.81677,0.13851,-0.13128,-0.0113,-0.0020,-0.0049,0.000,0.000,0.000,1,443
TRK,2227839,0.54406,-0.81706,0.13862,-0.13110,-0.0113,-0.0020,-0.0049,0.000,0.000,0.000,1,443
TRK,2227857,0.54470,-0.81663,0.13860,-0.13116,-0.0113,-0.0020,-0.0049,0.000,0.000,0.000,1,443
TRK,2227879,0.54500,-0.81643,0.13863,-0.13114,-0.0113,-0.0020,-0.0049,0.000,0.000,0.000,1,443
TRK,2227898,0.54429,-0.81691,0.13864,-0.13108,-0.0113,-0.0020,-0.0049,0.000,0.000,0.000,1,443
TRK,2227918,0.54405,-0.81707,0.13866,-0.13103,-0.0113,-0.0020,-0.0049,0.000,0.000,0.000,1,443
TRK,2227938,0.54481,-0.81656,0.13854,-0.13125,-0.0113,-0.0020,-0.0049,0.000,0.000,0.000,1,443
TRK,2227960,0.54482,-0.81654,0.13851,-0.13130,-0.0113,-0.0020,-0.0049,0.000,0.000,0.000,1,443
TRK,2227980,0.54411,-0.81703,0.13857,-0.13117,-0.0113,-0.0020,-0.0049,0.000,0.000,0.000,1,443
TRK,2227998,0.54418,-0.81698,0.13855,-0.13120,-0.0113,-0.0020,-0.0049,0.000,0.000,0.000,1,443
TRK,2228019,0.54488,-0.81651,0.13856,-0.13124,-0.0113,-0.0020,-0.0049,0.000,0.000,0.000,1,443
STAT,404.3,400.8,2,4,0,0.2649,4.468,0.0284,0.0977,-0.1296,9.8191,0.60,0.007
TRK,2228039,0.54316,-0.81753,0.14001,-0.13045,-0.0113,-0.0021,-0.0049,-0.001,-0.002,0.001,2,443
TRK,2228059,0.54480,-0.81639,0.13994,-0.13082,-0.0113,-0.0022,-0.0049,0.001,-0.002,0.000,2,443
TRK,2228080,0.54514,-0.81613,0.14002,-0.13092,-0.0112,-0.0022,-0.0049,0.002,0.000,-0.000,2,443
TRK,2228099,0.54373,-0.81716,0.13985,-0.13058,-0.0112,-0.0022,-0.0049,0.002,0.000,-0.000,2,443
TRK,2228118,0.54333,-0.81745,0.13982,-0.13048,-0.0112,-0.0022,-0.0049,0.001,-0.002,0.001,2,443
TRK,2228138,0.54462,-0.81652,0.13994,-0.13076,-0.0111,-0.0022,-0.0049,0.001,-0.003,0.001,2,443
TRK,2228158,0.54520,-0.81610,0.14002,-0.13090,-0.0111,-0.0023,-0.0048,0.002,-0.001,-0.000,2,443
TRK,2228178,0.54401,-0.81697,0.13988,-0.13058,-0.0111,-0.0023,-0.0049,0.002,-0.001,0.000,2,443
TRK,2228199,0.54355,-0.81729,0.13990,-0.13045,-0.0110,-0.0024,-0.0048,0.002,-0.003,0.001,2,443
TRK,2228220,0.54482,-0.81637,0.14007,-0.13073,-0.0110,-0.0024,-0.0048,0.002,-0.004,0.001,2,443
TRK,2228238,0.54509,-0.81618,0.14007,-0.13079,-0.0109,-0.0025,-0.0048,0.003,-0.002,0.001,2,443
TRK,2228258,0.54403,-0.81695,0.13999,-0.13050,-0.0109,-0.0025,-0.0048,0.003,-0.002,0.001,2,443
TRK,2228279,0.54385,-0.81708,0.14001,-0.13043,-0.0108,-0.0026,-0.0047,0.003,-0.004,0.001,2,443
TRK,2228299,0.54482,-0.81636,0.14016,-0.13071,-0.0108,-0.0027,-0.0047,0.002,-0.004,0.001,2,443
TRK,2228319,0.54487,-0.81631,0.14021,-0.13073,-0.0107,-0.0028,-0.0047,0.003,-0.003,0.001,2,443
TRK,2228340,0.54407,-0.81690,0.14012,-0.13050,-0.0106,-0.0028,-0.0047,0.004,-0.004,0.002,2,443
TRK,2228360,0.54412,-0.81687,0.14011,-0.13052,-0.0106,-0.0029,-0.0046,0.004,-0.005,0.002,2,443
TRK,2228378,0.54484,-0.81634,0.14022,-0.13068,-0.0105,-0.0030,-0.0046,0.004,-0.005,0.002,2,443
TRK,2228397,0.54486,-0.81633,0.14016,-0.13076,-0.0116,-0.0019,-0.0050,0.000,0.000,0.000,1,444
TRK,2228417,0.54418,-0.81679,0.14016,-0.13070,-0.0116,-0.0019,-0.0050,0.000,0.000,0.000,1,444
TRK,2228437,0.54400,-0.81691,0.14019,-0.13065,-0.0116,-0.0019,-0.0050,0.000,0.000,0.000,1,444
TRK,2228457,0.54458,-0.81652,0.14018,-0.13070,-0.0116,-0.0019,-0.0050,0.000,0.000,0.000,1,444
TRK,2228480,0.54448,-0.81659,0.14027,-0.13056,-0.0116,-0.0019,-0.0050,0.000,0.000,0.000,1,444
TRK,2228499,0.54384,-0.81703,0.14030,-0.13048,-0.0116,-0.0019,-0.0050,0.000,0.000,0.000,1,444
TRK,2228520,0.54379,-0.81706,0.14020,-0.13062,-0.0116,-0.0019,-0.0050,0.000,0.000,0.000,1,444
TRK,2228538,0.54429,-0.81671,0.14005,-0.13088,-0.0116,-0.0019,-0.0050,0.000,0.000,0.000,1,444
TRK,2228558,0.54429,-0.81670,0.13994,-0.13105,-0.0116,-0.0019,-0.0050,0.000,0.000,0.000,1,444
TRK,2228580,0.54387,-0.81698,0.13989,-0.13109,-0.0116,-0.0019,-0.0050,0.000,0.000,0.000,1,444
TRK,2228598,0.54389,-0.81696,0.13990,-0.13107,-0.0116,-0.0019,-0.0050,0.000,0.000,0.000,1,444
TRK,2228619,0.54428,-0.81670,0.13990,-0.13110,-0.0116,-0.0019,-0.0050,0.000,0.000,0.000,1,444
TRK,2228639,0.54438,-0.81663,0.13995,-0.13104,-0.0116,-0.0019,-0.0050,0.000,0.000,0.000,1,444
TRK,2228659,0.54405,-0.81686,0.13996,-0.13100,-0.0116,-0.0019,-0.0050,0.000,0.000,0.000,1,444
TRK,2228679,0.54379,-0.81703,0.13990,-0.13106,-0.0116,-0.0019,-0.0050,0.000,0.000,0.000,1,444
TRK,2228699,0.54421,-0.81674,0.13977,-0.13128,-0.0116,-0.0019,-0.0050,0.000,0.000,0.000,1,444
TRK,2228720,0.54445,-0.81657,0.13974,-0.13135,-0.0116,-0.0019,-0.0050,0.000,0.000,0.000,1,444
TRK,2228738,0.54418,-0.81675,0.13971,-0.13137,-0.0116,-0.0019,-0.0050,0.000,0.000,0.000,1,444
TRK,2228758,0.54395,-0.81692,0.13980,-0.13123,-0.0116,-0.0019,-0.0050,0.000,0.000,0.000,1,444
TRK,2228778,0.54421,-0.81674,0.13979,-0.13126,-0.0116,-0.0019,-0.0050,0.000,0.000,0.000,1,444
TRK,2228798,0.54463,-0.81645,0.13975,-0.13135,-0.0116,-0.0019,-0.0050,0.000,0.000,0.000,1,444
TRK,2228820,0.54419,-0.81676,0.13978,-0.13128,-0.0116,-0.0019,-0.0050,0.000,0.000,0.000,1,444
TRK,2228839,0.54393,-0.81692,0.13969,-0.13139,-0.0116,-0.0019,-0.0050,0.000,0.000,0.000,1,444
TRK,2228858,0.54454,-0.81651,0.13964,-0.13151,-0.0116,-0.0019,-0.0050,0.000,0.000,0.000,1,444
TRK,2228878,0.54464,-0.81643,0.13957,-0.13162,-0.0116,-0.0019,-0.0050,0.000,0.000,0.000,1,444
TRK,2228900,0.54394,-0.81692,0.13966,-0.13143,-0.0116,-0.0019,-0.0050,0.000,0.000,0.000,1,444
TRK,2228918,0.54397,-0.81690,0.13974,-0.13132,-0.0116,-0.0019,-0.0050,0.000,0.000,0.000,1,444
TRK,2228939,0.54475,-0.81638,0.13983,-0.13124,-0.0116,-0.0019,-0.0050,0.000,0.000,0.000,1,444
TRK,2228959,0.54474,-0.81639,0.13989,-0.13115,-0.0116,-0.0019,-0.0050,0.000,0.000,0.000,1,444
TRK,2228979,0.54388,-0.81697,0.13991,-0.13106,-0.0116,-0.0019,-0.0050,0.000,0.000,0.000,1,444
TRK,2228999,0.54396,-0.81692,0.13987,-0.13112,-0.0116,-0.0019,-0.0050,0.000,0.000,0.000,1,444
TRK,2229020,0.54493,-0.81624,0.13968,-0.13147,-0.0116,-0.0019,-0.0050,0.000,0.000,0.000,1,444
STAT,404.1,400.6,2,4,0,0.1083,5.091,0.0284,0.0977,-0.1296,9.8230,0.51,0.007
TRK,2229039,0.54475,-0.81637,0.13964,-0.13151,-0.0116,-0.0019,-0.0050,0.000,0.000,0.000,1,444
TRK,2229060,0.54374,-0.81705,0.13968,-0.13139,-0.0116,-0.0019,-0.0050,0.000,0.000,0.000,1,444
TRK,2229078,0.54381,-0.81701,0.13973,-0.13132,-0.0116,-0.0019,-0.0050,0.000,0.000,0.000,1,444
TRK,2229098,0.54477,-0.81636,0.13980,-0.13129,-0.0116,-0.0019,-0.0050,0.000,0.000,0.000,1,444
TRK,2229120,0.54463,-0.81646,0.13986,-0.13119,-0.0116,-0.0019,-0.0050,0.000,0.000,0.000,1,444
TRK,2229138,0.54383,-0.81701,0.13993,-0.13102,-0.0116,-0.0019,-0.0050,0.000,0.000,0.000,1,444
TRK,2229159,0.54379,-0.81703,0.13984,-0.13117,-0.0116,-0.0019,-0.0050,0.000,0.000,0.000,1,444
TRK,2229179,0.54467,-0.81643,0.13975,-0.13135,-0.0116,-0.0019,-0.0050,0.000,0.000,0.000,1,444
TRK,2229200,0.54480,-0.81634,0.13974,-0.13137,-0.0116,-0.0019,-0.0050,0.000,0.000,0.000,1,444
TRK,2229220,0.54394,-0.81693,0.13985,-0.13115,-0.0116,-0.0019,-0.0050,0.000,0.000,0.000,1,444
TRK,2229238,0.54388,-0.81697,0.13994,-0.13102,-0.0116,-0.0019,-0.0050,0.000,0.000,0.000,1,444
TRK,2229260,0.54465,-0.81646,0.13997,-0.13102,-0.0116,-0.0019,-0.0050,0.000,0.000,0.000,1,444
TRK,2229278,0.54465,-0.81646,0.13998,-0.13101,-0.0116,-0.0019,-0.0050,0.000,0.000,0.000,1,444
TRK,2229298,0.54404,-0.81686,0.13991,-0.13107,-0.0116,-0.0019,-0.0050,0.000,0.000,0.000,1,444
TRK,2229318,0.54404,-0.81686,0.13988,-0.13112,-0.0116,-0.0019,-0.0050,0.000,0.000,0.000,1,444
TRK,2229338,0.54456,-0.81651,0.13977,-0.13131,-0.0116,-0.0019,-0.0050,0.000,0.000,0.000,1,444
TRK,2229358,0.54431,-0.81667,0.13982,-0.13122,-0.0116,-0.0019,-0.0050,0.000,0.000,0.000,1,444
TRK,2229378,0.54377,-0.81705,0.13993,-0.13102,-0.0116,-0.0019,-0.0050,0.000,0.000,0.000,1,444
TRK,2229398,0.54404,-0.81688,0.14006,-0.13085,-0.0116,-0.0019,-0.0050,0.000,0.000,0.000,1,444
TRK,2229418,0.54452,-0.81654,0.14003,-0.13092,-0.0116,-0.0019,-0.0050,0.000,0.000,0.000,1,444
TRK,2229440,0.54385,-0.81700,0.13998,-0.13096,-0.0116,-0.0019,-0.0050,0.000,0.000,0.000,1,444
TRK,2229460,0.54363,-0.81713,0.13986,-0.13112,-0.0116,-0.0019,-0.0050,0.000,0.000,0.000,1,444
TRK,2229478,0.54418,-0.81676,0.13974,-0.13134,-0.0116,-0.0019,-0.0050,0.000,0.000,0.000,1,444
TRK,2229500,0.54418,-0.81675,0.13969,-0.13140,-0.0116,-0.0019,-0.0050,0.000,0.000,0.000,1,444
TRK,2229518,0.54355,-0.81718,0.13979,-0.13122,-0.0116,-0.0019,-0.0050,0.000,0.000,0.000,1,444
TRK,2229538,0.54381,-0.81702,0.13990,-0.13108,-0.0116,-0.0019,-0.0050,0.000,0.000,0.000,1,444
TRK,2229558,0.54452,-0.81654,0.13992,-0.13109,-0.0116,-0.0019,-0.0050,0.000,0.000,0.000,1,444
TRK,2229578,0.54395,-0.81693,0.13998,-0.13096,-0.0116,-0.0019,-0.0050,0.000,0.000,0.000,1,444
TRK,2229599,0.54308,-0.81752,0.13994,-0.13097,-0.0116,-0.0019,-0.0050,0.000,0.000,0.000,1,444
TRK,2229618,0.54399,-0.81690,0.13985,-0.13116,-0.0116,-0.0019,-0.0050,0.000,0.000,0.000,1,444
TRK,2229638,0.54496,-0.81620,0.13981,-0.13145,-0.0117,-0.0018,-0.0048,-0.000,0.001,0.000,2,444
TRK,2229660,0.54368,-0.81713,0.13969,-0.13115,-0.0117,-0.0017,-0.0048,-0.001,0.002,0.002,2,444
TRK,2229679,0.54301,-0.81762,0.13962,-0.13094,-0.0117,-0.0017,-0.0048,-0.001,-0.000,0.001,2,444
TRK,2229699,0.54430,-0.81669,0.13970,-0.13130,-0.0117,-0.0017,-0.0048,-0.002,-0.001,0.001,2,444
TRK,2229719,0.54475,-0.81635,0.13984,-0.13138,-0.0117,-0.0017,-0.0047,-0.001,0.001,0.001,2,444
TRK,2229739,0.54365,-0.81715,0.13975,-0.13109,-0.0117,-0.0017,-0.0047,-0.001,0.001,-0.000,2,444
TRK,2229759,0.54333,-0.81737,0.13976,-0.13099,-0.0118,-0.0017,-0.0047,-0.002,-0.001,0.001,2,444
TRK,2229779,0.54429,-0.81669,0.13977,-0.13125,-0.0118,-0.0017,-0.0047,-0.002,-0.002,0.001,2,444
TRK,2229799,0.54465,-0.81643,0.13979,-0.13138,-0.0119,-0.0018,-0.0047,-0.002,-0.000,0.001,2,444
TRK,2229820,0.54395,-0.81693,0.13979,-0.13114,-0.0119,-0.0018,-0.0047,-0.001,-0.000,-0.001,2,444
TRK,2229840,0.54375,-0.81709,0.13965,-0.13110,-0.0119,-0.0018,-0.0047,-0.001,-0.001,-0.000,2,444
TRK,2229858,0.54411,-0.81684,0.13971,-0.13116,-0.0119,-0.0018,-0.0047,-0.001,-0.001,0.001,2,444
TRK,2229877,0.54441,-0.81663,0.13966,-0.13125,-0.0118,-0.0017,-0.0049,0.000,0.000,0.000,1,445
TRK,2229897,0.54423,-0.81675,0.13960,-0.13133,-0.0118,-0.0017,-0.0049,0.000,0.000,0.000,1,445
TRK,2229917,0.54410,-0.81684,0.13960,-0.13132,-0.0118,-0.0017,-0.0049,0.000,0.000,0.000,1,445
TRK,2229937,0.54423,-0.81674,0.13960,-0.13134,-0.0118,-0.0017,-0.0049,0.000,0.000,0.000,1,445
TRK,2229960,0.54422,-0.81677,0.13973,-0.13113,-0.0118,-0.0017,-0.0049,0.000,0.000,0.000,1,445
TRK,2229979,0.54444,-0.81662,0.13981,-0.13103,-0.0118,-0.0017,-0.0049,0.000,0.000,0.000,1,445
TRK,2230000,0.54445,-0.81662,0.13992,-0.13088,-0.0118,-0.0017,-0.0049,0.000,0.000,0.000,1,445
TRK,2230020,0.54403,-0.81691,0.13995,-0.13080,-0.0118,-0.0017,-0.0049,0.000,0.000,0.000,1,445
STAT,404.1,400.6,2,4,0,0.0891,1.721,0.0284,0.0977,-0.1296,9.8258,0.40,0.001
TRK,2230037,0.54391,-0.81699,0.13996,-0.13078,-0.0118,-0.0017,-0.0049,0.000,0.000,0.000,1,445
TRK,2230058,0.54444,-0.81663,0.13986,-0.13096,-0.0118,-0.0017,-0.0049,0.000,0.000,0.000,1,445
TRK,2230079,0.54449,-0.81658,0.13972,-0.13117,-0.0118,-0.0017,-0.0049,0.000,0.000,0.000,1,445
TRK,2230100,0.54389,-0.81698,0.13962,-0.13128,-0.0118,-0.0017,-0.0049,0.000,0.000,0.000,1,445
TRK,2230120,0.54380,-0.81704,0.13962,-0.13127,-0.0118,-0.0017,-0.0049,0.000,0.000,0.000,1,445
TRK,2230140,0.54453,-0.81655,0.13961,-0.13133,-0.0118,-0.0017,-0.0049,0.000,0.000,0.000,1,445
TRK,2230160,0.54438,-0.81665,0.13965,-0.13127,-0.0118,-0.0017,-0.0049,0.000,0.000,0.000,1,445
TRK,2230180,0.54351,-0.81724,0.13975,-0.13107,-0.0118,-0.0017,-0.0049,0.000,0.000,0.000,1,445
TRK,2230198,0.54389,-0.81699,0.13970,-0.13115,-0.0118,-0.0017,-0.0049,0.000,0.000,0.000,1,445
TRK,2230220,0.54468,-0.81645,0.13968,-0.13125,-0.0118,-0.0017,-0.0049,0.000,0.000,0.000,1,445
TRK,2230238,0.54418,-0.81679,0.13972,-0.13116,-0.0118,-0.0017,-0.0049,0.000,0.000,0.000,1,445
TRK,2230258,0.54337,-0.81734,0.13974,-0.13106,-0.0118,-0.0017,-0.0049,0.000,0.000,0.000,1,445
TRK,2230278,0.54359,-0.81719,0.13981,-0.13098,-0.0118,-0.0017,-0.0049,0.000,0.000,0.000,1,445
TRK,2230298,0.54449,-0.81658,0.13973,-0.13115,-0.0118,-0.0017,-0.0049,0.000,0.000,0.000,1,445
TRK,2230318,0.54418,-0.81679,0.13974,-0.13112,-0.0118,-0.0017,-0.0049,0.000,0.000,0.000,1,445
TRK,2230338,0.54345,-0.81728,0.13966,-0.13118,-0.0118,-0.0017,-0.0049,0.000,0.000,0.000,1,445
TRK,2230358,0.54355,-0.81721,0.13955,-0.13137,-0.0118,-0.0017,-0.0049,0.000,0.000,0.000,1,445
TRK,2230378,0.54416,-0.81679,0.13950,-0.13148,-0.0118,-0.0017,-0.0049,0.000,0.000,0.000,1,445
TRK,2230398,0.54429,-0.81670,0.13946,-0.13154,-0.0118,-0.0017,-0.0049,0.000,0.000,0.000,1,445
TRK,2230419,0.54358,-0.81719,0.13963,-0.13124,-0.0118,-0.0017,-0.0049,0.000,0.000,0.000,1,445
TRK,2230440,0.54341,-0.81731,0.13976,-0.13103,-0.0118,-0.0017,-0.0049,0.000,0.000,0.000,1,445
TRK,2230458,0.54408,-0.81687,0.13983,-0.13099,-0.0118,-0.0017,-0.0049,0.000,0.000,0.000,1,445
TRK,2230480,0.54446,-0.81660,0.13973,-0.13116,-0.0118,-0.0017,-0.0049,0.000,0.000,0.000,1,445
TRK,2230500,0.54349,-0.81725,0.13963,-0.13124,-0.0118,-0.0017,-0.0049,0.000,0.000,0.000,1,445
TRK,2230520,0.54340,-0.81730,0.13943,-0.13153,-0.0118,-0.0017,-0.0049,0.000,0.000,0.000,1,445
TRK,2230540,0.54430,-0.81668,0.13932,-0.13176,-0.0118,-0.0017,-0.0049,0.000,0.000,0.000,1,445
TRK,2230559,0.54511,-0.81611,0.13898,-0.13231,-0.0118,-0.0017,-0.0049,0.000,0.000,0.000,1,445
TRK,2230578,0.54365,-0.81697,0.14037,-0.13155,-0.0116,-0.0019,-0.0049,-0.006,-0.003,-0.001,2,445
TRK,2230598,0.54508,-0.81614,0.13921,-0.13197,-0.0116,-0.0020,-0.0049,-0.004,-0.002,0.000,2,445
TRK,2230618,0.54331,-0.81744,0.13941,-0.13101,-0.0120,-0.0022,-0.0049,-0.026,-0.023,-0.005,2,445
TRK,2230638,0.54286,-0.81722,0.14111,-0.13244,-0.0124,-0.0029,-0.0050,-0.017,-0.058,-0.005,2,445
TRK,2230659,0.54452,-0.81392,0.14948,-0.13670,-0.0128,-0.0047,-0.0051,-0.027,-0.100,-0.004,2,445
TRK,2230680,0.53941,-0.81404,0.16072,-0.14332,-0.0133,-0.0067,-0.0052,-0.022,-0.099,-0.005,2,445
TRK,2230700,0.54268,-0.80925,0.16876,-0.14879,-0.0138,-0.0085,-0.0052,-0.033,-0.078,-0.004,2,445
TRK,2230717,0.53898,-0.80985,0.17505,-0.15164,-0.0144,-0.0097,-0.0053,-0.025,-0.062,-0.006,2,445
TRK,2230738,0.53932,-0.80855,0.17792,-0.15403,-0.0147,-0.0105,-0.0054,-0.004,-0.012,0.001,2,445
TRK,2230760,0.53887,-0.80887,0.17812,-0.15370,-0.0147,-0.0106,-0.0054,-0.000,0.002,-0.004,2,445
TRK,2230779,0.53106,-0.81470,0.17717,-0.15114,-0.0147,-0.0106,-0.0055,-0.001,-0.001,-0.004,2,445
TRK,2230797,0.52877,-0.81635,0.17711,-0.15037,-0.0147,-0.0107,-0.0055,-0.003,-0.013,0.002,2,445
TRK,2230819,0.53581,-0.81121,0.17766,-0.15257,-0.0148,-0.0110,-0.0055,-0.002,-0.015,0.003,2,445
TRK,2230840,0.53850,-0.80926,0.17755,-0.15360,-0.0148,-0.0112,-0.0054,0.005,-0.006,-0.001,2,445
TRK,2230860,0.53280,-0.81346,0.17716,-0.15173,-0.0147,-0.0113,-0.0055,0.005,-0.006,-0.002,2,445
TRK,2230880,0.53045,-0.81520,0.17688,-0.15093,-0.0146,-0.0115,-0.0055,0.000,-0.014,0.001,2,445
TRK,2230899,0.53422,-0.81244,0.17727,-0.15206,-0.0146,-0.0119,-0.0055,-0.003,-0.017,0.001,2,445
TRK,2230919,0.53741,-0.81008,0.17744,-0.15322,-0.0147,-0.0122,-0.0055,-0.003,-0.011,0.000,2,445
TRK,2230939,0.53441,-0.81230,0.17714,-0.15226,-0.0147,-0.0124,-0.0055,-0.002,-0.010,-0.002,2,445
TRK,2230959,0.53207,-0.81403,0.17689,-0.15154,-0.0148,-0.0126,-0.0055,-0.002,-0.016,-0.000,2,445
TRK,2230980,0.53476,-0.81206,0.17718,-0.15233,-0.0148,-0.0130,-0.0055,-0.000,-0.019,0.001,2,445
TRK,2231000,0.53643,-0.81082,0.17734,-0.15286,-0.0148,-0.0134,-0.0055,0.002,-0.015,-0.000,2,445
TRK,2231020,0.53432,-0.81238,0.17717,-0.15217,-0.0147,-0.0137,-0.0055,0.002,-0.015,-0.001,2,445
STAT,404.1,400.6,2,4,0,0.2488,17.642,0.0284,0.0977,-0.1296,9.8251,0.40,0.001
TRK,2231040,0.53289,-0.81343,0.17703,-0.15171,-0.0147,-0.0140,-0.0055,-0.001,-0.019,-0.000,2,445
TRK,2231060,0.53459,-0.81219,0.17722,-0.15219,-0.0148,-0.0144,-0.0055,-0.004,-0.021,0.000,2,445
TRK,2231078,0.53586,-0.81125,0.17731,-0.15264,-0.0149,-0.0147,-0.0055,-0.005,-0.020,-0.000,2,445
TRK,2231099,0.53461,-0.81217,0.17714,-0.15229,-0.0149,-0.0152,-0.0055,-0.003,-0.019,-0.001,2,445
TRK,2231119,0.53374,-0.81282,0.17703,-0.15201,-0.0150,-0.0156,-0.0055,-0.002,-0.022,-0.001,2,445
TRK,2231138,0.53460,-0.81218,0.17711,-0.15230,-0.0150,-0.0160,-0.0055,-0.000,-0.024,0.001,2,445
TRK,2231157,0.53557,-0.81146,0.17722,-0.15260,-0.0150,-0.0165,-0.0055,0.002,-0.024,0.001,2,445
TRK,2231180,0.53468,-0.81212,0.17714,-0.15232,-0.0150,-0.0170,-0.0055,0.001,-0.024,0.000,2,445
TRK,2231198,0.53406,-0.81257,0.17713,-0.15211,-0.0150,-0.0175,-0.0055,-0.002,-0.026,0.001,2,445
TRK,2231218,0.53468,-0.81211,0.17719,-0.15231,-0.0151,-0.0180,-0.0055,-0.005,-0.028,0.001,2,445
TRK,2231238,0.53543,-0.81156,0.17724,-0.15256,-0.0152,-0.0186,-0.0055,-0.006,-0.028,0.001,2,445
TRK,2231258,0.53514,-0.81177,0.17720,-0.15251,-0.0153,-0.0192,-0.0055,-0.004,-0.029,0.000,2,445
TRK,2231278,0.53451,-0.81223,0.17712,-0.15232,-0.0153,-0.0197,-0.0054,-0.003,-0.031,0.001,2,445
TRK,2231299,0.53496,-0.81191,0.17718,-0.15244,-0.0154,-0.0204,-0.0054,-0.001,-0.033,0.001,2,445
TRK,2231320,0.53521,-0.81171,0.17712,-0.15267,-0.0149,-0.0060,-0.0060,0.000,0.000,0.000,1,446
TRK,2231338,0.53455,-0.81214,0.17697,-0.15286,-0.0149,-0.0060,-0.0060,0.000,0.000,0.000,1,446
TRK,2231359,0.53386,-0.81260,0.17694,-0.15286,-0.0149,-0.0060,-0.0060,0.000,0.000,0.000,1,446
TRK,2231378,0.53390,-0.81258,0.17700,-0.15277,-0.0149,-0.0060,-0.0060,0.000,0.000,0.000,1,446
TRK,2231400,0.53389,-0.81260,0.17720,-0.15247,-0.0149,-0.0060,-0.0060,0.000,0.000,0.000,1,446
TRK,2231418,0.53343,-0.81292,0.17735,-0.15222,-0.0149,-0.0060,-0.0060,0.000,0.000,0.000,1,446
TRK,2231439,0.53304,-0.81318,0.17733,-0.15222,-0.0149,-0.0060,-0.0060,0.000,0.000,0.000,1,446
TRK,2231459,0.53330,-0.81299,0.17711,-0.15257,-0.0149,-0.0060,-0.0060,0.000,0.000,0.000,1,446
TRK,2231479,0.53329,-0.81297,0.17682,-0.15301,-0.0149,-0.0060,-0.0060,0.000,0.000,0.000,1,446
TRK,2231499,0.53278,-0.81330,0.17669,-0.15316,-0.0149,-0.0060,-0.0060,0.000,0.000,0.000,1,446
TRK,2231519,0.53282,-0.81328,0.17659,-0.15331,-0.0149,-0.0060,-0.0060,0.000,0.000,0.000,1,446
TRK,2231539,0.53307,-0.81311,0.17666,-0.15322,-0.0149,-0.0060,-0.0060,0.000,0.000,0.000,1,446
TRK,2231559,0.53275,-0.81334,0.17683,-0.15295,-0.0149,-0.0060,-0.0060,0.000,0.000,0.000,1,446
TRK,2231579,0.53232,-0.81363,0.17694,-0.15276,-0.0149,-0.0060,-0.0060,0.000,0.000,0.000,1,446
TRK,2231598,0.53249,-0.81351,0.17694,-0.15276,-0.0149,-0.0060,-0.0060,0.000,0.000,0.000,1,446
TRK,2231619,0.53287,-0.81324,0.17666,-0.15321,-0.0149,-0.0060,-0.0060,0.000,0.000,0.000,1,446
TRK,2231640,0.53273,-0.81333,0.17660,-0.15329,-0.0149,-0.0060,-0.0060,0.000,0.000,0.000,1,446
TRK,2231658,0.53235,-0.81359,0.17660,-0.15327,-0.0149,-0.0060,-0.0060,0.000,0.000,0.000,1,446
TRK,2231680,0.53275,-0.81332,0.17671,-0.15314,-0.0149,-0.0060,-0.0060,0.000,0.000,0.000,1,446
TRK,2231699,0.53305,-0.81313,0.17683,-0.15298,-0.0149,-0.0060,-0.0060,0.000,0.000,0.000,1,446
TRK,2231717,0.53275,-0.81334,0.17695,-0.15277,-0.0149,-0.0060,-0.0060,0.000,0.000,0.000,1,446
TRK,2231739,0.53240,-0.81358,0.17689,-0.15284,-0.0149,-0.0060,-0.0060,0.000,0.000,0.000,1,446
TRK,2231760,0.53276,-0.81331,0.17661,-0.15329,-0.0149,-0.0060,-0.0060,0.000,0.000,0.000,1,446
TRK,2231779,0.53326,-0.81297,0.17636,-0.15369,-0.0149,-0.0060,-0.0060,0.000,0.000,0.000,1,446
TRK,2231800,0.53296,-0.81316,0.17631,-0.15375,-0.0149,-0.0060,-0.0060,0.000,0.000,0.000,1,446
TRK,2231817,0.53281,-0.81327,0.17643,-0.15356,-0.0149,-0.0060,-0.0060,0.000,0.000,0.000,1,446
TRK,2231838,0.53287,-0.81324,0.17663,-0.15326,-0.0149,-0.0060,-0.0060,0.000,0.000,0.000,1,446
TRK,2231858,0.53308,-0.81312,0.17690,-0.15287,-0.0149,-0.0060,-0.0060,0.000,0.000,0.000,1,446
TRK,2231878,0.53303,-0.81317,0.17708,-0.15259,-0.0149,-0.0060,-0.0060,0.000,0.000,0.000,1,446
TRK,2231899,0.53279,-0.81332,0.17702,-0.15266,-0.0149,-0.0060,-0.0060,0.000,0.000,0.000,1,446
TRK,2231920,0.53262,-0.81342,0.17680,-0.15298,-0.0149,-0.0060,-0.0060,0.000,0.000,0.000,1,446
TRK,2231938,0.53282,-0.81327,0.17656,-0.15336,-0.0149,-0.0060,-0.0060,0.000,0.000,0.000,1,446
TRK,2231960,0.53306,-0.81310,0.17640,-0.15362,-0.0149,-0.0060,-0.0060,0.000,0.000,0.000,1,446
TRK,2231980,0.53286,-0.81324,0.17652,-0.15342,-0.0149,-0.0060,-0.0060,0.000,0.000,0.000,1,446
TRK,2232000,0.53251,-0.81350,0.17680,-0.15298,-0.0149,-0.0060,-0.0060,0.000,0.000,0.000,1,446
TRK,2232020,0.53299,-0.81318,0.17688,-0.15289,-0.0149,-0.0060,-0.0060,0.000,0.000,0.000,1,446
STAT,404.1,400.6,2,4,0,0.0875,2.395,0.0284,0.0977,-0.1296,9.8224,0.89,0.033
TRK,2232039,0.53308,-0.81312,0.17694,-0.15281,-0.0149,-0.0060,-0.0060,0.000,0.000,0.000,1,446
TRK,2232058,0.53272,-0.81336,0.17684,-0.15294,-0.0149,-0.0060,-0.0060,0.000,0.000,0.000,1,446
TRK,2232078,0.53253,-0.81347,0.17670,-0.15313,-0.0149,-0.0060,-0.0060,0.000,0.000,0.000,1,446
TRK,2232098,0.53310,-0.81308,0.17653,-0.15343,-0.0149,-0.0060,-0.0060,0.000,0.000,0.000,1,446
TRK,2232118,0.53340,-0.81288,0.17642,-0.15361,-0.0149,-0.0060,-0.0060,0.000,0.000,0.000,1,446
TRK,2232140,0.53273,-0.81333,0.17664,-0.15324,-0.0149,-0.0060,-0.0060,0.000,0.000,0.000,1,446
TRK,2232157,0.53265,-0.81340,0.17676,-0.15305,-0.0149,-0.0060,-0.0060,0.000,0.000,0.000,1,446
TRK,2232177,0.53316,-0.81306,0.17691,-0.15286,-0.0149,-0.0060,-0.0060,0.000,0.000,0.000,1,446
TRK,2232198,0.53328,-0.81299,0.17692,-0.15285,-0.0149,-0.0060,-0.0060,0.000,0.000,0.000,1,446
TRK,2232220,0.53282,-0.81329,0.17688,-0.15289,-0.0149,-0.0060,-0.0060,0.000,0.000,0.000,1,446
TRK,2232239,0.53283,-0.81328,0.17672,-0.15312,-0.0149,-0.0060,-0.0060,0.000,0.000,0.000,1,446
TRK,2232257,0.53333,-0.81293,0.17655,-0.15341,-0.0149,-0.0060,-0.0060,0.000,0.000,0.000,1,446
TRK,2232279,0.53336,-0.81290,0.17646,-0.15355,-0.0149,-0.0060,-0.0060,0.000,0.000,0.000,1,446
TRK,2232297,0.53288,-0.81323,0.17651,-0.15345,-0.0149,-0.0060,-0.0060,0.000,0.000,0.000,1,446
TRK,2232319,0.53295,-0.81318,0.17659,-0.15333,-0.0149,-0.0060,-0.0060,0.000,0.000,0.000,1,446
TRK,2232340,0.53337,-0.81291,0.17662,-0.15331,-0.0149,-0.0060,-0.0060,0.000,0.000,0.000,1,446
TRK,2232360,0.53333,-0.81294,0.17667,-0.15323,-0.0149,-0.0060,-0.0060,0.000,0.000,0.000,1,446
TRK,2232380,0.53292,-0.81321,0.17665,-0.15324,-0.0149,-0.0060,-0.0060,0.000,0.000,0.000,1,446
TRK,2232400,0.53305,-0.81312,0.17658,-0.15336,-0.0149,-0.0060,-0.0060,0.000,0.000,0.000,1,446
TRK,2232420,0.53360,-0.81274,0.17640,-0.15366,-0.0149,-0.0060,-0.0060,0.000,0.000,0.000,1,446
TRK,2232438,0.53382,-0.81259,0.17633,-0.15377,-0.0149,-0.0060,-0.0060,0.000,0.000,0.000,1,446
TRK,2232460,0.53350,-0.81281,0.17645,-0.15358,-0.0149,-0.0060,-0.0060,0.000,0.000,0.000,1,446
TRK,2232479,0.53332,-0.81293,0.17645,-0.15357,-0.0149,-0.0060,-0.0060,0.000,0.000,0.000,1,446
TRK,2232497,0.53338,-0.81289,0.17642,-0.15361,-0.0149,-0.0060,-0.0060,0.000,0.000,0.000,1,446
TRK,2232519,0.53339,-0.81288,0.17639,-0.15366,-0.0149,-0.0060,-0.0060,0.000,0.000,0.000,1,446
TRK,2232537,0.53333,-0.81292,0.17641,-0.15362,-0.0149,-0.0060,-0.0060,0.000,0.000,0.000,1,446
TRK,2232559,0.53338,-0.81289,0.17642,-0.15361,-0.0149,-0.0060,-0.0060,0.000,0.000,0.000,1,446
TRK,2232578,0.53338,-0.81289,0.17644,-0.15358,-0.0149,-0.0060,-0.0060,0.000,0.000,0.000,1,446
TRK,2232598,0.53311,-0.81307,0.17651,-0.15346,-0.0149,-0.0060,-0.0060,0.000,0.000,0.000,1,446
TRK,2232618,0.53306,-0.81311,0.17657,-0.15337,-0.0149,-0.0060,-0.0060,0.000,0.000,0.000,1,446
TRK,2232640,0.53339,-0.81289,0.17647,-0.15353,-0.0149,-0.0060,-0.0060,0.000,0.000,0.000,1,446
TRK,2232660,0.53340,-0.81288,0.17642,-0.15361,-0.0149,-0.0060,-0.0060,0.000,0.000,0.000,1,446
TRK,2232680,0.53311,-0.81307,0.17641,-0.15362,-0.0149,-0.0060,-0.0060,0.000,0.000,0.000,1,446
TRK,2232700,0.53311,-0.81306,0.17639,-0.15364,-0.0149,-0.0060,-0.0060,0.000,0.000,0.000,1,446
TRK,2232720,0.53360,-0.81274,0.17639,-0.15368,-0.0149,-0.0060,-0.0060,0.000,0.000,0.000,1,446
TRK,2232739,0.53344,-0.81285,0.17641,-0.15363,-0.0149,-0.0060,-0.0060,0.000,0.000,0.000,1,446
TRK,2232759,0.53311,-0.81307,0.17649,-0.15349,-0.0149,-0.0060,-0.0060,0.000,0.000,0.000,1,446
TRK,2232779,0.53321,-0.81300,0.17644,-0.15357,-0.0149,-0.0060,-0.0060,0.000,0.000,0.000,1,446
TRK,2232797,0.53350,-0.81281,0.17641,-0.15363,-0.0149,-0.0060,-0.0060,0.000,0.000,0.000,1,446
TRK,2232817,0.53349,-0.81280,0.17634,-0.15375,-0.0149,-0.0060,-0.0060,0.000,0.000,0.000,1,446
TRK,2232838,0.53288,-0.81321,0.17632,-0.15373,-0.0149,-0.0060,-0.0060,0.000,0.000,0.000,1,446
TRK,2232860,0.53306,-0.81309,0.17630,-0.15376,-0.0149,-0.0060,-0.0060,0.000,0.000,0.000,1,446
TRK,2232880,0.53367,-0.81268,0.17626,-0.15387,-0.0149,-0.0060,-0.0060,0.000,0.000,0.000,1,446
TRK,2232900,0.53338,-0.81288,0.17632,-0.15376,-0.0149,-0.0060,-0.0060,0.000,0.000,0.000,1,446
TRK,2232920,0.53258,-0.81343,0.17644,-0.15353,-0.0149,-0.0060,-0.0060,0.000,0.000,0.000,1,446
TRK,2232938,0.53263,-0.81339,0.17648,-0.15347,-0.0149,-0.0060,-0.0060,0.000,0.000,0.000,1,446
TRK,2232960,0.53365,-0.81270,0.17637,-0.15371,-0.0149,-0.0060,-0.0060,0.000,0.000,0.000,1,446
TRK,2232979,0.53353,-0.81278,0.17636,-0.15371,-0.0149,-0.0060,-0.0060,0.000,0.000,0.000,1,446
TRK,2233000,0.53265,-0.81338,0.17642,-0.15357,-0.0149,-0.0060,-0.0060,0.000,0.000,0.000,1,446
TRK,2233019,0.53255,-0.81344,0.17644,-0.15353,-0.0149,-0.0060,-0.0060,0.000,0.000,0.000,1,446
STAT,403.8,400.8,2,4,0,0.1062,4.482,0.0284,0.0977,-0.1296,9.8252,0.89,0.033
TRK,2233037,0.53326,-0.81297,0.17644,-0.15358,-0.0149,-0.0060,-0.0060,0.000,0.000,0.000,1,446
TRK,2233059,0.53362,-0.81273,0.17644,-0.15360,-0.0149,-0.0060,-0.0060,0.000,0.000,0.000,1,446
TRK,2233078,0.53309,-0.81309,0.17650,-0.15347,-0.0149,-0.0060,-0.0060,0.000,0.000,0.000,1,446
TRK,2233097,0.53285,-0.81324,0.17639,-0.15363,-0.0149,-0.0060,-0.0060,0.000,0.000,0.000,1,446
TRK,2233120,0.53326,-0.81296,0.17628,-0.15381,-0.0149,-0.0060,-0.0060,0.000,0.000,0.000,1,446
TRK,2233140,0.53344,-0.81283,0.17622,-0.15391,-0.0149,-0.0060,-0.0060,0.000,0.000,0.000,1,446
TRK,2233159,0.53305,-0.81310,0.17637,-0.15367,-0.0149,-0.0060,-0.0060,0.000,0.000,0.000,1,446
TRK,2233177,0.53290,-0.81321,0.17639,-0.15362,-0.0149,-0.0060,-0.0060,0.000,0.000,0.000,1,446
TRK,2233197,0.53295,-0.81318,0.17653,-0.15342,-0.0149,-0.0060,-0.0060,0.000,0.000,0.000,1,446
TRK,2233219,0.53305,-0.81312,0.17653,-0.15342,-0.0149,-0.0060,-0.0060,0.000,0.000,0.000,1,446
TRK,2233240,0.53272,-0.81333,0.17648,-0.15348,-0.0149,-0.0060,-0.0060,0.000,0.000,0.000,1,446
TRK,2233259,0.53265,-0.81337,0.17637,-0.15363,-0.0149,-0.0060,-0.0060,0.000,0.000,0.000,1,446
TRK,2233280,0.53278,-0.81327,0.17617,-0.15395,-0.0149,-0.0060,-0.0060,0.000,0.000,0.000,1,446
TRK,2233297,0.53310,-0.81306,0.17615,-0.15400,-0.0149,-0.0060,-0.0060,0.000,0.000,0.000,1,446
TRK,2233318,0.53289,-0.81319,0.17612,-0.15403,-0.0149,-0.0060,-0.0060,0.000,0.000,0.000,1,446
TRK,2233338,0.53271,-0.81333,0.17626,-0.15381,-0.0149,-0.0060,-0.0060,0.000,0.000,0.000,1,446
TRK,2233358,0.53305,-0.81310,0.17634,-0.15372,-0.0149,-0.0060,-0.0060,0.000,0.000,0.000,1,446
TRK,2233380,0.53305,-0.81310,0.17640,-0.15362,-0.0149,-0.0060,-0.0060,0.000,0.000,0.000,1,446
TRK,2233398,0.53291,-0.81320,0.17641,-0.15360,-0.0149,-0.0060,-0.0060,0.000,0.000,0.000,1,446
TRK,2233420,0.53303,-0.81312,0.17636,-0.15368,-0.0149,-0.0060,-0.0060,0.000,0.000,0.000,1,446
TRK,2233439,0.53341,-0.81285,0.17621,-0.15394,-0.0149,-0.0060,-0.0060,0.000,0.000,0.000,1,446
TRK,2233459,0.53350,-0.81279,0.17615,-0.15403,-0.0149,-0.0060,-0.0060,0.000,0.000,0.000,1,446
TRK,2233479,0.53299,-0.81312,0.17608,-0.15410,-0.0149,-0.0060,-0.0060,0.000,0.000,0.000,1,446
TRK,2233499,0.53298,-0.81314,0.17618,-0.15395,-0.0149,-0.0060,-0.0060,0.000,0.000,0.000,1,446
TRK,2233517,0.53372,-0.81264,0.17614,-0.15405,-0.0149,-0.0060,-0.0060,0.000,0.000,0.000,1,446
TRK,2233539,0.53374,-0.81263,0.17617,-0.15401,-0.0149,-0.0060,-0.0060,0.000,0.000,0.000,1,446
TRK,2233558,0.53270,-0.81333,0.17620,-0.15389,-0.0149,-0.0060,-0.0060,0.000,0.000,0.000,1,446
TRK,2233579,0.53246,-0.81348,0.17616,-0.15395,-0.0149,-0.0060,-0.0060,0.000,0.000,0.000,1,446
TRK,2233595,0.53346,-0.81281,0.17606,-0.15417,-0.0149,-0.0060,-0.0060,0.000,0.000,0.000,1,446
TRK,2233619,0.53389,-0.81251,0.17596,-0.15433,-0.0149,-0.0062,-0.0057,-0.001,-0.000,0.001,2,446
TRK,2233639,0.53257,-0.81347,0.17596,-0.15388,-0.0150,-0.0062,-0.0057,-0.001,-0.001,0.001,2,446
TRK,2233660,0.53255,-0.81350,0.17589,-0.15385,-0.0150,-0.0062,-0.0057,-0.003,-0.003,0.002,2,446
TRK,2233678,0.53382,-0.81258,0.17600,-0.15422,-0.0151,-0.0063,-0.0057,-0.002,-0.003,0.001,2,446
TRK,2233700,0.53368,-0.81267,0.17597,-0.15419,-0.0151,-0.0063,-0.0057,-0.001,-0.001,0.000,2,446
TRK,2233719,0.53250,-0.81355,0.17587,-0.15381,-0.0151,-0.0063,-0.0056,-0.001,-0.001,0.001,2,446
TRK,2233738,0.53252,-0.81354,0.17586,-0.15378,-0.0151,-0.0064,-0.0056,-0.002,-0.003,0.001,2,446
TRK,2233758,0.53378,-0.81261,0.17597,-0.15419,-0.0152,-0.0064,-0.0056,-0.002,-0.003,0.001,2,446
TRK,2233778,0.53363,-0.81271,0.17602,-0.15413,-0.0152,-0.0065,-0.0056,-0.002,-0.001,0.001,2,446
TRK,2233798,0.53249,-0.81355,0.17592,-0.15375,-0.0153,-0.0065,-0.0056,-0.003,-0.002,0.000,2,446
TRK,2233818,0.53293,-0.81324,0.17590,-0.15392,-0.0153,-0.0066,-0.0056,-0.003,-0.003,0.001,2,446
TRK,2233838,0.53376,-0.81264,0.17586,-0.15423,-0.0154,-0.0066,-0.0055,-0.003,-0.002,0.001,2,446
TRK,2233858,0.53325,-0.81301,0.17583,-0.15405,-0.0155,-0.0066,-0.0055,-0.003,-0.002,0.001,2,446
TRK,2233880,0.53276,-0.81340,0.17564,-0.15391,-0.0155,-0.0067,-0.0055,-0.003,-0.003,0.000,2,446
TRK,2233900,0.53327,-0.81305,0.17553,-0.15413,-0.0156,-0.0068,-0.0055,-0.004,-0.003,0.001,2,446
TRK,2233918,0.53358,-0.81283,0.17554,-0.15422,-0.0157,-0.0068,-0.0055,-0.003,-0.003,0.001,2,446
TRK,2233940,0.53308,-0.81316,0.17572,-0.15402,-0.0149,-0.0062,-0.0056,0.000,0.000,0.000,1,447
TRK,2233959,0.53291,-0.81328,0.17576,-0.15394,-0.0149,-0.0062,-0.0056,0.000,0.000,0.000,1,447
TRK,2233980,0.53329,-0.81302,0.17574,-0.15399,-0.0149,-0.0062,-0.0056,0.000,0.000,0.000,1,447
TRK,2233999,0.53314,-0.81311,0.17557,-0.15424,-0.0149,-0.0062,-0.0056,0.000,0.000,0.000,1,447
TRK,2234017,0.53340,-0.81294,0.17570,-0.15407,-0.0149,-0.0062,-0.0056,0.000,0.000,0.000,1,447
STAT,403.8,400.8,2,4,0,0.1481,3.128,0.0284,0.0977,-0.1296,9.8232,0.47,0.005
TRK,2234039,0.53379,-0.81268,0.17566,-0.15415,-0.0149,-0.0062,-0.0056,0.000,0.000,0.000,1,447
TRK,2234060,0.53341,-0.81293,0.17566,-0.15413,-0.0149,-0.0062,-0.0056,0.000,0.000,0.000,1,447
TRK,2234078,0.53301,-0.81320,0.17564,-0.15414,-0.0149,-0.0062,-0.0056,0.000,0.000,0.000,1,447
TRK,2234099,0.53316,-0.81310,0.17566,-0.15411,-0.0149,-0.0062,-0.0056,0.000,0.000,0.000,1,447
TRK,2234118,0.53381,-0.81266,0.17564,-0.15420,-0.0149,-0.0062,-0.0056,0.000,0.000,0.000,1,447
TRK,2234137,0.53371,-0.81274,0.17576,-0.15400,-0.0149,-0.0062,-0.0056,0.000,0.000,0.000,1,447
TRK,2234160,0.53311,-0.81314,0.17586,-0.15381,-0.0149,-0.0062,-0.0056,0.000,0.000,0.000,1,447
TRK,2234179,0.53351,-0.81289,0.17591,-0.15377,-0.0149,-0.0062,-0.0056,0.000,0.000,0.000,1,447
TRK,2234200,0.53346,-0.81270,0.17749,-0.15306,-0.0151,-0.0060,-0.0056,0.000,0.000,0.002,2,447
TRK,2234218,0.53393,-0.81239,0.17732,-0.15329,-0.0151,-0.0060,-0.0055,0.001,-0.001,0.001,2,447
TRK,2234240,0.53404,-0.81230,0.17745,-0.15326,-0.0151,-0.0060,-0.0055,0.001,0.000,0.000,2,447
TRK,2234259,0.53362,-0.81260,0.17742,-0.15317,-0.0151,-0.0060,-0.0055,0.001,-0.000,-0.000,2,447
TRK,2234278,0.53357,-0.81264,0.17744,-0.15310,-0.0150,-0.0060,-0.0055,0.000,-0.001,0.001,2,447
TRK,2234298,0.53380,-0.81248,0.17739,-0.15318,-0.0150,-0.0060,-0.0055,0.000,-0.001,0.001,2,447
TRK,2234319,0.53415,-0.81225,0.17731,-0.15327,-0.0150,-0.0061,-0.0055,0.000,-0.001,-0.001,2,447
TRK,2234338,0.53423,-0.81221,0.17721,-0.15334,-0.0150,-0.0061,-0.0055,0.001,-0.001,-0.001,2,447
TRK,2234360,0.53385,-0.81249,0.17722,-0.15317,-0.0150,-0.0061,-0.0055,0.001,-0.001,0.001,2,447
TRK,2234378,0.53381,-0.81252,0.17717,-0.15319,-0.0152,-0.0058,-0.0056,0.000,0.000,0.000,1,448
TRK,2234400,0.53424,-0.81222,0.17705,-0.15340,-0.0152,-0.0058,-0.0056,0.000,0.000,0.000,1,448
TRK,2234419,0.53407,-0.81234,0.17700,-0.15347,-0.0152,-0.0058,-0.0056,0.000,0.000,0.000,1,448
TRK,2234437,0.53363,-0.81263,0.17701,-0.15342,-0.0152,-0.0058,-0.0056,0.000,0.000,0.000,1,448
TRK,2234459,0.53369,-0.81259,0.17700,-0.15344,-0.0152,-0.0058,-0.0056,0.000,0.000,0.000,1,448
TRK,2234480,0.53409,-0.81231,0.17691,-0.15360,-0.0152,-0.0058,-0.0056,0.000,0.000,0.000,1,448
TRK,2234499,0.53382,-0.81249,0.17687,-0.15364,-0.0152,-0.0058,-0.0056,0.000,0.000,0.000,1,448
TRK,2234517,0.53333,-0.81282,0.17689,-0.15359,-0.0152,-0.0058,-0.0056,0.000,0.000,0.000,1,448
TRK,2234539,0.53362,-0.81263,0.17687,-0.15363,-0.0152,-0.0058,-0.0056,0.000,0.000,0.000,1,448
TRK,2234558,0.53406,-0.81234,0.17689,-0.15363,-0.0152,-0.0058,-0.0056,0.000,0.000,0.000,1,448
TRK,2234580,0.53372,-0.81257,0.17697,-0.15349,-0.0152,-0.0058,-0.0056,0.000,0.000,0.000,1,448
TRK,2234598,0.53351,-0.81271,0.17704,-0.15336,-0.0152,-0.0058,-0.0056,0.000,0.000,0.000,1,448
TRK,2234617,0.53392,-0.81243,0.17695,-0.15354,-0.0152,-0.0058,-0.0056,0.000,0.000,0.000,1,448
TRK,2234640,0.53407,-0.81233,0.17684,-0.15371,-0.0152,-0.0058,-0.0056,0.000,0.000,0.000,1,448
TRK,2234659,0.53354,-0.81268,0.17683,-0.15368,-0.0152,-0.0058,-0.0056,0.000,0.000,0.000,1,448
TRK,2234677,0.53356,-0.81267,0.17684,-0.15367,-0.0152,-0.0058,-0.0056,0.000,0.000,0.000,1,448
TRK,2234699,0.53417,-0.81226,0.17686,-0.15368,-0.0152,-0.0058,-0.0056,0.000,0.000,0.000,1,448
TRK,2234720,0.53397,-0.81240,0.17696,-0.15352,-0.0152,-0.0058,-0.0056,0.000,0.000,0.000,1,448
TRK,2234738,0.53330,-0.81285,0.17705,-0.15334,-0.0152,-0.0058,-0.0056,0.000,0.000,0.000,1,448
TRK,2234759,0.53349,-0.81273,0.17708,-0.15331,-0.0152,-0.0058,-0.0056,0.000,0.000,0.000,1,448
TRK,2234778,0.53420,-0.81225,0.17695,-0.15355,-0.0152,-0.0058,-0.0056,0.000,0.000,0.000,1,448
TRK,2234798,0.53408,-0.81232,0.17686,-0.15368,-0.0152,-0.0058,-0.0056,0.000,0.000,0.000,1,448
TRK,2234818,0.53343,-0.81276,0.17686,-0.15364,-0.0152,-0.0058,-0.0056,0.000,0.000,0.000,1,448
TRK,2234838,0.53341,-0.81277,0.17682,-0.15369,-0.0152,-0.0058,-0.0056,0.000,0.000,0.000,1,448
TRK,2234858,0.53383,-0.81248,0.17680,-0.15376,-0.0152,-0.0058,-0.0056,0.000,0.000,0.000,1,448
TRK,2234878,0.53395,-0.81240,0.17682,-0.15373,-0.0152,-0.0058,-0.0056,0.000,0.000,0.000,1,448
TRK,2234898,0.53356,-0.81267,0.17686,-0.15364,-0.0152,-0.0058,-0.0056,0.000,0.000,0.000,1,448
TRK,2234918,0.53318,-0.81292,0.17692,-0.15353,-0.0152,-0.0058,-0.0056,0.000,0.000,0.000,1,448
TRK,2234939,0.53348,-0.81272,0.17690,-0.15358,-0.0152,-0.0058,-0.0056,0.000,0.000,0.000,1,448
TRK,2234959,0.53382,-0.81250,0.17689,-0.15361,-0.0152,-0.0058,-0.0056,0.000,0.000,0.000,1,448
TRK,2234979,0.53364,-0.81262,0.17694,-0.15352,-0.0152,-0.0058,-0.0056,0.000,0.000,0.000,1,448
TRK,2234997,0.53328,-0.81286,0.17701,-0.15340,-0.0152,-0.0058,-0.0056,0.000,0.000,0.000,1,448
TRK,2235020,0.53363,-0.81261,0.17674,-0.15383,-0.0152,-0.0058,-0.0056,0.000,0.000,0.000,1,448
STAT,404.0,400.5,2,4,0,0.1314,3.060,0.0284,0.0977,-0.1296,9.8250,0.34,0.002
TRK,2235038,0.53372,-0.81238,0.17829,-0.15295,-0.0153,-0.0059,-0.0055,-0.010,-0.002,-0.002,2,448
TRK,2235059,0.53390,-0.81201,0.17947,-0.15292,-0.0154,-0.0059,-0.0055,0.001,-0.001,-0.000,2,448
TRK,2235080,0.53218,-0.81274,0.18208,-0.15196,-0.0154,-0.0059,-0.0055,0.002,0.001,-0.000,2,448
TRK,2235100,0.52862,-0.81536,0.18074,-0.15195,-0.0154,-0.0058,-0.0054,-0.005,0.009,0.002,2,448
TRK,2235120,0.52985,-0.81535,0.17816,-0.15074,-0.0157,-0.0054,-0.0054,-0.027,0.036,0.000,2,448
TRK,2235139,0.53340,-0.81457,0.17280,-0.14865,-0.0164,-0.0047,-0.0054,-0.039,0.032,-0.000,2,448
TRK,2235159,0.53423,-0.81528,0.16907,-0.14607,-0.0170,-0.0042,-0.0054,-0.026,0.011,0.001,2,448
TRK,2235179,0.53548,-0.81475,0.16754,-0.14617,-0.0175,-0.0042,-0.0054,-0.022,-0.007,-0.003,2,448
TRK,2235199,0.53965,-0.81160,0.16822,-0.14760,-0.0176,-0.0044,-0.0054,0.000,-0.005,0.002,2,448
TRK,2235219,0.54169,-0.81003,0.16896,-0.14788,-0.0176,-0.0044,-0.0054,0.001,0.003,-0.001,2,448
TRK,2235237,0.53676,-0.81371,0.16828,-0.14646,-0.0176,-0.0043,-0.0054,0.003,0.005,-0.002,2,448
TRK,2235259,0.53429,-0.81548,0.16830,-0.14563,-0.0175,-0.0042,-0.0055,0.001,-0.002,0.001,2,448
TRK,2235280,0.53840,-0.81248,0.16861,-0.14692,-0.0175,-0.0043,-0.0054,-0.000,-0.004,0.002,2,448
TRK,2235300,0.54006,-0.81123,0.16884,-0.14744,-0.0175,-0.0044,-0.0054,0.001,0.002,0.000,2,448
TRK,2235320,0.53689,-0.81358,0.16844,-0.14652,-0.0175,-0.0043,-0.0054,0.001,0.004,-0.001,2,448
TRK,2235340,0.53521,-0.81481,0.16830,-0.14597,-0.0175,-0.0042,-0.0054,0.000,-0.000,0.002,2,448
TRK,2235360,0.53782,-0.81289,0.16856,-0.14678,-0.0175,-0.0043,-0.0053,0.000,-0.002,0.003,2,448
TRK,2235378,0.53950,-0.81164,0.16877,-0.14731,-0.0175,-0.0043,-0.0053,0.002,0.002,0.001,2,448
TRK,2235398,0.53778,-0.81290,0.16859,-0.14683,-0.0174,-0.0042,-0.0053,0.003,0.004,0.000,2,448
TRK,2235418,0.53589,-0.81430,0.16838,-0.14621,-0.0174,-0.0041,-0.0053,0.002,0.001,0.002,2,448
TRK,2235438,0.53726,-0.81331,0.16853,-0.14659,-0.0173,-0.0042,-0.0052,0.001,-0.001,0.003,2,448
TRK,2235459,0.53894,-0.81205,0.16876,-0.14709,-0.0173,-0.0042,-0.0051,0.001,0.001,0.002,2,448
TRK,2235477,0.53830,-0.81252,0.16868,-0.14692,-0.0173,-0.0041,-0.0051,0.002,0.004,0.000,2,448
TRK,2235497,0.53655,-0.81380,0.16855,-0.14639,-0.0172,-0.0040,-0.0051,0.003,0.002,0.000,2,448
TRK,2235520,0.53744,-0.81316,0.16860,-0.14664,-0.0172,-0.0040,-0.0051,0.002,0.001,0.001,2,448
TRK,2235540,0.53866,-0.81225,0.16876,-0.14698,-0.0171,-0.0040,-0.0051,0.003,0.002,0.001,2,448
TRK,2235558,0.53809,-0.81266,0.16879,-0.14677,-0.0171,-0.0039,-0.0051,0.003,0.004,-0.000,2,448
TRK,2235579,0.53684,-0.81359,0.16863,-0.14642,-0.0170,-0.0038,-0.0051,0.003,0.003,0.000,2,448
TRK,2235599,0.53744,-0.81314,0.16881,-0.14651,-0.0170,-0.0038,-0.0051,0.002,0.002,0.000,2,448
TRK,2235619,0.53852,-0.81237,0.16881,-0.14684,-0.0169,-0.0037,-0.0051,0.002,0.003,-0.000,2,448
TRK,2235639,0.53795,-0.81277,0.16888,-0.14659,-0.0169,-0.0036,-0.0051,0.003,0.004,-0.001,2,448
TRK,2235659,0.53710,-0.81342,0.16867,-0.14638,-0.0168,-0.0036,-0.0051,0.003,0.003,-0.000,2,448
TRK,2235679,0.53756,-0.81306,0.16882,-0.14647,-0.0167,-0.0035,-0.0051,0.003,0.002,0.000,2,448
TRK,2235699,0.53846,-0.81240,0.16889,-0.14675,-0.0167,-0.0035,-0.0051,0.004,0.003,-0.000,2,448
TRK,2235719,0.53791,-0.81281,0.16884,-0.14656,-0.0166,-0.0034,-0.0051,0.005,0.004,-0.001,2,448
TRK,2235740,0.53725,-0.81330,0.16877,-0.14637,-0.0165,-0.0033,-0.0051,0.004,0.003,-0.001,2,448
TRK,2235758,0.53761,-0.81303,0.16881,-0.14648,-0.0164,-0.0033,-0.0051,0.004,0.002,-0.000,2,448
TRK,2235779,0.53841,-0.81245,0.16885,-0.14672,-0.0181,-0.0047,-0.0048,0.000,0.000,0.000,1,449
TRK,2235799,0.53790,-0.81280,0.16887,-0.14666,-0.0181,-0.0047,-0.0048,0.000,0.000,0.000,1,449
TRK,2235818,0.53738,-0.81315,0.16890,-0.14658,-0.0181,-0.0047,-0.0048,0.000,0.000,0.000,1,449
TRK,2235837,0.53778,-0.81287,0.16881,-0.14675,-0.0181,-0.0047,-0.0048,0.000,0.000,0.000,1,449
TRK,2235857,0.53825,-0.81255,0.16868,-0.14697,-0.0181,-0.0047,-0.0048,0.000,0.000,0.000,1,449
TRK,2235880,0.53781,-0.81284,0.16862,-0.14704,-0.0181,-0.0047,-0.0048,0.000,0.000,0.000,1,449
TRK,2235899,0.53749,-0.81306,0.16864,-0.14698,-0.0181,-0.0047,-0.0048,0.000,0.000,0.000,1,449
TRK,2235917,0.53789,-0.81279,0.16862,-0.14704,-0.0181,-0.0047,-0.0048,0.000,0.000,0.000,1,449
TRK,2235939,0.53816,-0.81261,0.16866,-0.14700,-0.0181,-0.0047,-0.0048,0.000,0.000,0.000,1,449
TRK,2235957,0.53784,-0.81282,0.16870,-0.14692,-0.0181,-0.0047,-0.0048,0.000,0.000,0.000,1,449
TRK,2235979,0.53761,-0.81298,0.16871,-0.14689,-0.0181,-0.0047,-0.0048,0.000,0.000,0.000,1,449
TRK,2235998,0.53793,-0.81276,0.16859,-0.14708,-0.0181,-0.0047,-0.0048,0.000,0.000,0.000,1,449
TRK,2236016,0.53810,-0.81264,0.16851,-0.14722,-0.0181,-0.0047,-0.0048,0.000,0.000,0.000,1,449
STAT,404.0,400.5,2,4,0,0.0477,2.063,0.0284,0.0977,-0.1296,9.8197,0.90,0.005
TRK,2236039,0.53781,-0.81283,0.16845,-0.14729,-0.0181,-0.0047,-0.0048,0.000,0.000,0.000,1,449
TRK,2236058,0.53770,-0.81291,0.16845,-0.14728,-0.0181,-0.0047,-0.0048,0.000,0.000,0.000,1,449
TRK,2236080,0.53795,-0.81274,0.16847,-0.14727,-0.0181,-0.0047,-0.0048,0.000,0.000,0.000,1,449
TRK,2236098,0.53801,-0.81270,0.16849,-0.14723,-0.0181,-0.0047,-0.0048,0.000,0.000,0.000,1,449
TRK,2236120,0.53777,-0.81286,0.16856,-0.14712,-0.0181,-0.0047,-0.0048,0.000,0.000,0.000,1,449
TRK,2236139,0.53773,-0.81289,0.16854,-0.14714,-0.0181,-0.0047,-0.0048,0.000,0.000,0.000,1,449
TRK,2236157,0.53789,-0.81278,0.16850,-0.14722,-0.0181,-0.0047,-0.0048,0.000,0.000,0.000,1,449
TRK,2236179,0.53795,-0.81273,0.16845,-0.14729,-0.0181,-0.0047,-0.0048,0.000,0.000,0.000,1,449
TRK,2236197,0.53781,-0.81283,0.16845,-0.14728,-0.0181,-0.0047,-0.0048,0.000,0.000,0.000,1,449
TRK,2236219,0.53775,-0.81288,0.16852,-0.14718,-0.0181,-0.0047,-0.0048,0.000,0.000,0.000,1,449
TRK,2236238,0.53788,-0.81279,0.16858,-0.14709,-0.0181,-0.0047,-0.0048,0.000,0.000,0.000,1,449
TRK,2236258,0.53789,-0.81279,0.16865,-0.14699,-0.0181,-0.0047,-0.0048,0.000,0.000,0.000,1,449
TRK,2236278,0.53778,-0.81286,0.16870,-0.14691,-0.0181,-0.0047,-0.0048,0.000,0.000,0.000,1,449
TRK,2236298,0.53777,-0.81287,0.16867,-0.14695,-0.0181,-0.0047,-0.0048,0.000,0.000,0.000,1,449
TRK,2236320,0.53790,-0.81278,0.16860,-0.14707,-0.0181,-0.0047,-0.0048,0.000,0.000,0.000,1,449
TRK,2236338,0.53795,-0.81274,0.16855,-0.14714,-0.0181,-0.0047,-0.0048,0.000,0.000,0.000,1,449
TRK,2236360,0.53780,-0.81284,0.16857,-0.14711,-0.0181,-0.0047,-0.0048,0.000,0.000,0.000,1,449
TRK,2236378,0.53774,-0.81288,0.16858,-0.14708,-0.0181,-0.0047,-0.0048,0.000,0.000,0.000,1,449
TRK,2236400,0.53790,-0.81278,0.16863,-0.14702,-0.0181,-0.0047,-0.0048,0.000,0.000,0.000,1,449
TRK,2236419,0.53790,-0.81278,0.16865,-0.14700,-0.0181,-0.0047,-0.0048,0.000,0.000,0.000,1,449
TRK,2236439,0.53772,-0.81290,0.16864,-0.14699,-0.0181,-0.0047,-0.0048,0.000,0.000,0.000,1,449
TRK,2236457,0.53772,-0.81290,0.16861,-0.14704,-0.0181,-0.0047,-0.0048,0.000,0.000,0.000,1,449
TRK,2236479,0.53787,-0.81280,0.16856,-0.14712,-0.0181,-0.0047,-0.0048,0.000,0.000,0.000,1,449
TRK,2236498,0.53784,-0.81282,0.16856,-0.14712,-0.0181,-0.0047,-0.0048,0.000,0.000,0.000,1,449
TRK,2236519,0.53768,-0.81292,0.16858,-0.14708,-0.0181,-0.0047,-0.0048,0.000,0.000,0.000,1,449
TRK,2236538,0.53774,-0.81289,0.16861,-0.14705,-0.0181,-0.0047,-0.0048,0.000,0.000,0.000,1,449
TRK,2236560,0.53784,-0.81282,0.16865,-0.14699,-0.0181,-0.0047,-0.0048,0.000,0.000,0.000,1,449
TRK,2236580,0.53771,-0.81291,0.16868,-0.14694,-0.0181,-0.0047,-0.0048,0.000,0.000,0.000,1,449
TRK,2236600,0.53760,-0.81298,0.16866,-0.14696,-0.0181,-0.0047,-0.0048,0.000,0.000,0.000,1,449
TRK,2236618,0.53759,-0.81299,0.16861,-0.14704,-0.0181,-0.0047,-0.0048,0.000,0.000,0.000,1,449
TRK,2236640,0.53761,-0.81297,0.16858,-0.14707,-0.0181,-0.0047,-0.0048,0.000,0.000,0.000,1,449
TRK,2236660,0.53747,-0.81307,0.16859,-0.14706,-0.0181,-0.0047,-0.0048,0.000,0.000,0.000,1,449
TRK,2236680,0.53741,-0.81311,0.16857,-0.14707,-0.0181,-0.0047,-0.0048,0.000,0.000,0.000,1,449
TRK,2236699,0.53749,-0.81305,0.16860,-0.14704,-0.0181,-0.0047,-0.0048,0.000,0.000,0.000,1,449
TRK,2236718,0.53749,-0.81306,0.16868,-0.14693,-0.0181,-0.0047,-0.0048,0.000,0.000,0.000,1,449
TRK,2236737,0.53745,-0.81309,0.16872,-0.14687,-0.0181,-0.0047,-0.0048,0.000,0.000,0.000,1,449
TRK,2236759,0.53746,-0.81308,0.16869,-0.14691,-0.0181,-0.0047,-0.0048,0.000,0.000,0.000,1,449
TRK,2236778,0.53752,-0.81304,0.16865,-0.14697,-0.0181,-0.0047,-0.0048,0.000,0.000,0.000,1,449
TRK,2236800,0.53752,-0.81304,0.16862,-0.14701,-0.0181,-0.0047,-0.0048,0.000,0.000,0.000,1,449
TRK,2236818,0.53748,-0.81306,0.16861,-0.14703,-0.0181,-0.0047,-0.0048,0.000,0.000,0.000,1,449
TRK,2236838,0.53746,-0.81308,0.16860,-0.14705,-0.0181,-0.0047,-0.0048,0.000,0.000,0.000,1,449
TRK,2236860,0.53744,-0.81309,0.16865,-0.14697,-0.0181,-0.0047,-0.0048,0.000,0.000,0.000,1,449
TRK,2236879,0.53738,-0.81313,0.16868,-0.14692,-0.0181,-0.0047,-0.0048,0.000,0.000,0.000,1,449
TRK,2236900,0.53732,-0.81317,0.16866,-0.14695,-0.0181,-0.0047,-0.0048,0.000,0.000,0.000,1,449
TRK,2236919,0.53729,-0.81319,0.16862,-0.14700,-0.0181,-0.0047,-0.0048,0.000,0.000,0.000,1,449
TRK,2236938,0.53731,-0.81317,0.16858,-0.14706,-0.0181,-0.0047,-0.0048,0.000,0.000,0.000,1,449
TRK,2236958,0.53737,-0.81313,0.16855,-0.14710,-0.0181,-0.0047,-0.0048,0.000,0.000,0.000,1,449
TRK,2236978,0.53740,-0.81311,0.16855,-0.14711,-0.0181,-0.0047,-0.0048,0.000,0.000,0.000,1,449
TRK,2236998,0.53746,-0.81307,0.16858,-0.14706,-0.0181,-0.0047,-0.0048,0.000,0.000,0.000,1,449
TRK,2237018,0.53757,-0.81301,0.16866,-0.14697,-0.0181,-0.0047,-0.0048,0.000,0.000,0.000,1,449
STAT,404.3,400.8,2,4,0,0.0220,0.248,0.0414,0.1049,-0.0979,9.8200,0.90,0.005
TRK,2237040,0.53770,-0.81292,0.16872,-0.14688,-0.0181,-0.0047,-0.0048,0.000,0.000,0.000,1,449
TRK,2237058,0.53771,-0.81291,0.16870,-0.14690,-0.0181,-0.0047,-0.0048,0.000,0.000,0.000,1,449
TRK,2237080,0.53775,-0.81288,0.16868,-0.14694,-0.0181,-0.0047,-0.0048,0.000,0.000,0.000,1,449
TRK,2237098,0.53779,-0.81285,0.16863,-0.14702,-0.0181,-0.0047,-0.0048,0.000,0.000,0.000,1,449
TRK,2237120,0.53784,-0.81282,0.16858,-0.14710,-0.0181,-0.0047,-0.0048,0.000,0.000,0.000,1,449
TRK,2237139,0.53781,-0.81284,0.16856,-0.14712,-0.0181,-0.0047,-0.0048,0.000,0.000,0.000,1,449
TRK,2237159,0.53782,-0.81283,0.16859,-0.14707,-0.0181,-0.0047,-0.0048,0.000,0.000,0.000,1,449
TRK,2237179,0.53788,-0.81279,0.16860,-0.14707,-0.0181,-0.0047,-0.0048,0.000,0.000,0.000,1,449
TRK,2237197,0.53793,-0.81276,0.16859,-0.14708,-0.0181,-0.0047,-0.0048,0.000,0.000,0.000,1,449
TRK,2237219,0.53789,-0.81278,0.16857,-0.14712,-0.0181,-0.0047,-0.0048,0.000,0.000,0.000,1,449
TRK,2237239,0.53789,-0.81278,0.16852,-0.14719,-0.0181,-0.0047,-0.0048,0.000,0.000,0.000,1,449
TRK,2237259,0.53791,-0.81276,0.16851,-0.14721,-0.0181,-0.0047,-0.0048,0.000,0.000,0.000,1,449
TRK,2237278,0.53787,-0.81279,0.16852,-0.14719,-0.0181,-0.0047,-0.0048,0.000,0.000,0.000,1,449
TRK,2237297,0.53776,-0.81287,0.16857,-0.14711,-0.0181,-0.0047,-0.0048,0.000,0.000,0.000,1,449
TRK,2237317,0.53770,-0.81291,0.16862,-0.14702,-0.0181,-0.0047,-0.0048,0.000,0.000,0.000,1,449
TRK,2237340,0.53767,-0.81294,0.16866,-0.14696,-0.0181,-0.0047,-0.0048,0.000,0.000,0.000,1,449
TRK,2237359,0.53763,-0.81296,0.16866,-0.14697,-0.0181,-0.0047,-0.0048,0.000,0.000,0.000,1,449
TRK,2237379,0.53763,-0.81296,0.16863,-0.14701,-0.0181,-0.0047,-0.0048,0.000,0.000,0.000,1,449
TRK,2237399,0.53769,-0.81292,0.16860,-0.14706,-0.0181,-0.0047,-0.0048,0.000,0.000,0.000,1,449
TRK,2237419,0.53774,-0.81289,0.16859,-0.14707,-0.0181,-0.0047,-0.0048,0.000,0.000,0.000,1,449
TRK,2237437,0.53777,-0.81287,0.16862,-0.14704,-0.0181,-0.0047,-0.0048,0.000,0.000,0.000,1,449
TRK,2237459,0.53781,-0.81284,0.16866,-0.14697,-0.0181,-0.0047,-0.0048,0.000,0.000,0.000,1,449
TRK,2237478,0.53782,-0.81284,0.16870,-0.14691,-0.0181,-0.0047,-0.0048,0.000,0.000,0.000,1,449
TRK,2237499,0.53780,-0.81286,0.16876,-0.14683,-0.0181,-0.0047,-0.0048,0.000,0.000,0.000,1,449
TRK,2237518,0.53774,-0.81290,0.16874,-0.14686,-0.0181,-0.0047,-0.0048,0.000,0.000,0.000,1,449
TRK,2237540,0.53770,-0.81292,0.16869,-0.14692,-0.0181,-0.0047,-0.0048,0.000,0.000,0.000,1,449
TRK,2237560,0.53768,-0.81293,0.16864,-0.14700,-0.0181,-0.0047,-0.0048,0.000,0.000,0.000,1,449
TRK,2237578,0.53765,-0.81295,0.16860,-0.14706,-0.0181,-0.0047,-0.0048,0.000,0.000,0.000,1,449
TRK,2237599,0.53764,-0.81295,0.16859,-0.14707,-0.0181,-0.0047,-0.0048,0.000,0.000,0.000,1,449
TRK,2237619,0.53770,-0.81292,0.16865,-0.14698,-0.0181,-0.0047,-0.0048,0.000,0.000,0.000,1,449
TRK,2237639,0.53770,-0.81292,0.16871,-0.14690,-0.0181,-0.0047,-0.0048,0.000,0.000,0.000,1,449
TRK,2237659,0.53771,-0.81291,0.16875,-0.14684,-0.0181,-0.0047,-0.0048,0.000,0.000,0.000,1,449
TRK,2237677,0.53772,-0.81291,0.16874,-0.14685,-0.0181,-0.0047,-0.0048,0.000,0.000,0.000,1,449
TRK,2237699,0.53770,-0.81292,0.16872,-0.14688,-0.0181,-0.0047,-0.0048,0.000,0.000,0.000,1,449
TRK,2237718,0.53767,-0.81294,0.16869,-0.14693,-0.0181,-0.0047,-0.0048,0.000,0.000,0.000,1,449
TRK,2237738,0.53767,-0.81293,0.16868,-0.14694,-0.0181,-0.0047,-0.0048,0.000,0.000,0.000,1,449
TRK,2237758,0.53768,-0.81293,0.16870,-0.14690,-0.0181,-0.0047,-0.0048,0.000,0.000,0.000,1,449
TRK,2237780,0.53761,-0.81298,0.16875,-0.14683,-0.0181,-0.0047,-0.0048,0.000,0.000,0.000,1,449
TRK,2237798,0.53760,-0.81299,0.16878,-0.14679,-0.0181,-0.0047,-0.0048,0.000,0.000,0.000,1,449
TRK,2237820,0.53758,-0.81300,0.16878,-0.14678,-0.0181,-0.0047,-0.0048,0.000,0.000,0.000,1,449
TRK,2237838,0.53755,-0.81302,0.16875,-0.14683,-0.0181,-0.0047,-0.0048,0.000,0.000,0.000,1,449
TRK,2237860,0.53753,-0.81303,0.16869,-0.14691,-0.0181,-0.0047,-0.0048,0.000,0.000,0.000,1,449
TRK,2237879,0.53754,-0.81302,0.16864,-0.14698,-0.0181,-0.0047,-0.0048,0.000,0.000,0.000,1,449
TRK,2237899,0.53758,-0.81300,0.16863,-0.14700,-0.0181,-0.0047,-0.0048,0.000,0.000,0.000,1,449
TRK,2237919,0.53759,-0.81299,0.16862,-0.14702,-0.0181,-0.0047,-0.0048,0.000,0.000,0.000,1,449
TRK,2237937,0.53761,-0.81297,0.16862,-0.14703,-0.0181,-0.0047,-0.0048,0.000,0.000,0.000,1,449
TRK,2237960,0.53769,-0.81292,0.16857,-0.14710,-0.0181,-0.0047,-0.0048,0.000,0.000,0.000,1,449
TRK,2237978,0.53775,-0.81287,0.16851,-0.14720,-0.0181,-0.0047,-0.0048,0.000,0.000,0.000,1,449
TRK,2237999,0.53784,-0.81281,0.16845,-0.14729,-0.0181,-0.0047,-0.0048,0.000,0.000,0.000,1,449
TRK,2238020,0.53793,-0.81275,0.16841,-0.14736,-0.0181,-0.0047,-0.0048,0.000,0.000,0.000,1,449
STAT,404.3,400.8,2,4,0,0.0312,0.232,0.0647,0.1034,-0.0787,9.8146,0.90,0.005
TRK,2238037,0.53800,-0.81270,0.16841,-0.14736,-0.0181,-0.0047,-0.0048,0.000,0.000,0.000,1,449
TRK,2238060,0.53806,-0.81265,0.16835,-0.14745,-0.0181,-0.0047,-0.0048,0.000,0.000,0.000,1,449
TRK,2238079,0.53799,-0.81271,0.16842,-0.14735,-0.0181,-0.0047,-0.0048,0.000,0.000,0.000,1,449
TRK,2238099,0.53788,-0.81279,0.16849,-0.14723,-0.0181,-0.0047,-0.0048,0.000,0.000,0.000,1,449
TRK,2238119,0.53784,-0.81281,0.16849,-0.14723,-0.0181,-0.0047,-0.0048,0.000,0.000,0.000,1,449
TRK,2238139,0.53783,-0.81282,0.16852,-0.14718,-0.0181,-0.0047,-0.0048,0.000,0.000,0.000,1,449
TRK,2238160,0.53775,-0.81287,0.16849,-0.14723,-0.0181,-0.0047,-0.0048,0.000,0.000,0.000,1,449
TRK,2238178,0.53769,-0.81291,0.16848,-0.14724,-0.0181,-0.0047,-0.0048,0.000,0.000,0.000,1,449
TRK,2238197,0.53768,-0.81292,0.16850,-0.14720,-0.0181,-0.0047,-0.0048,0.000,0.000,0.000,1,449
TRK,2238219,0.53774,-0.81288,0.16854,-0.14715,-0.0181,-0.0047,-0.0048,0.000,0.000,0.000,1,449
TRK,2238240,0.53773,-0.81289,0.16859,-0.14707,-0.0181,-0.0047,-0.0048,0.000,0.000,0.000,1,449
TRK,2238258,0.53775,-0.81288,0.16863,-0.14702,-0.0181,-0.0047,-0.0048,0.000,0.000,0.000,1,449
TRK,2238278,0.53776,-0.81287,0.16865,-0.14699,-0.0181,-0.0047,-0.0048,0.000,0.000,0.000,1,449
TRK,2238300,0.53777,-0.81287,0.16857,-0.14710,-0.0181,-0.0047,-0.0048,0.000,0.000,0.000,1,449
TRK,2238320,0.53773,-0.81289,0.16851,-0.14720,-0.0181,-0.0047,-0.0048,0.000,0.000,0.000,1,449
TRK,2238339,0.53766,-0.81293,0.16844,-0.14730,-0.0181,-0.0047,-0.0048,0.000,0.000,0.000,1,449
TRK,2238360,0.53761,-0.81296,0.16841,-0.14733,-0.0181,-0.0047,-0.0048,0.000,0.000,0.000,1,449
TRK,2238379,0.53759,-0.81297,0.16843,-0.14731,-0.0181,-0.0047,-0.0048,0.000,0.000,0.000,1,449
TRK,2238398,0.53759,-0.81298,0.16848,-0.14723,-0.0181,-0.0047,-0.0048,0.000,0.000,0.000,1,449
TRK,2238418,0.53753,-0.81302,0.16851,-0.14718,-0.0181,-0.0047,-0.0048,0.000,0.000,0.000,1,449
TRK,2238438,0.53758,-0.81299,0.16854,-0.14713,-0.0181,-0.0047,-0.0048,0.000,0.000,0.000,1,449
TRK,2238460,0.53765,-0.81294,0.16855,-0.14713,-0.0181,-0.0047,-0.0048,0.000,0.000,0.000,1,449
TRK,2238478,0.53766,-0.81293,0.16852,-0.14717,-0.0181,-0.0047,-0.0048,0.000,0.000,0.000,1,449
TRK,2238500,0.53770,-0.81290,0.16850,-0.14720,-0.0181,-0.0047,-0.0048,0.000,0.000,0.000,1,449
TRK,2238518,0.53775,-0.81287,0.16850,-0.14721,-0.0181,-0.0047,-0.0048,0.000,0.000,0.000,1,449
TRK,2238540,0.53781,-0.81284,0.16853,-0.14717,-0.0181,-0.0047,-0.0048,0.000,0.000,0.000,1,449
TRK,2238558,0.53784,-0.81282,0.16855,-0.14714,-0.0181,-0.0047,-0.0048,0.000,0.000,0.000,1,449
TRK,2238578,0.53785,-0.81281,0.16855,-0.14714,-0.0181,-0.0047,-0.0048,0.000,0.000,0.000,1,449
TRK,2238600,0.53786,-0.81280,0.16853,-0.14717,-0.0181,-0.0047,-0.0048,0.000,0.000,0.000,1,449
TRK,2238619,0.53785,-0.81280,0.16850,-0.14722,-0.0181,-0.0047,-0.0048,0.000,0.000,0.000,1,449
TRK,2238640,0.53787,-0.81279,0.16846,-0.14728,-0.0181,-0.0047,-0.0048,0.000,0.000,0.000,1,449
TRK,2238659,0.53785,-0.81280,0.16844,-0.14730,-0.0181,-0.0047,-0.0048,0.000,0.000,0.000,1,449
TRK,2238678,0.53785,-0.81280,0.16846,-0.14727,-0.0181,-0.0047,-0.0048,0.000,0.000,0.000,1,449
TRK,2238698,0.53784,-0.81281,0.16849,-0.14722,-0.0181,-0.0047,-0.0048,0.000,0.000,0.000,1,449
TRK,2238718,0.53774,-0.81288,0.16850,-0.14721,-0.0181,-0.0047,-0.0048,0.000,0.000,0.000,1,449
TRK,2238738,0.53768,-0.81292,0.16851,-0.14719,-0.0181,-0.0047,-0.0048,0.000,0.000,0.000,1,449
TRK,2238760,0.53767,-0.81293,0.16851,-0.14719,-0.0181,-0.0047,-0.0048,0.000,0.000,0.000,1,449
TRK,2238780,0.53766,-0.81294,0.16851,-0.14719,-0.0181,-0.0047,-0.0048,0.000,0.000,0.000,1,449
TRK,2238797,0.53764,-0.81295,0.16850,-0.14720,-0.0181,-0.0047,-0.0048,0.000,0.000,0.000,1,449
TRK,2238818,0.53768,-0.81292,0.16849,-0.14722,-0.0181,-0.0047,-0.0048,0.000,0.000,0.000,1,449
TRK,2238840,0.53771,-0.81290,0.16854,-0.14714,-0.0181,-0.0047,-0.0048,0.000,0.000,0.000,1,449
TRK,2238859,0.53766,-0.81294,0.16858,-0.14709,-0.0181,-0.0047,-0.0048,0.000,0.000,0.000,1,449
TRK,2238880,0.53763,-0.81296,0.16862,-0.14702,-0.0181,-0.0047,-0.0048,0.000,0.000,0.000,1,449
TRK,2238899,0.53759,-0.81299,0.16863,-0.14701,-0.0181,-0.0047,-0.0048,0.000,0.000,0.000,1,449
TRK,2238917,0.53756,-0.81301,0.16863,-0.14701,-0.0181,-0.0047,-0.0048,0.000,0.000,0.000,1,449
TRK,2238939,0.53758,-0.81300,0.16860,-0.14705,-0.0181,-0.0047,-0.0048,0.000,0.000,0.000,1,449
TRK,2238958,0.53762,-0.81296,0.16860,-0.14706,-0.0181,-0.0047,-0.0048,0.000,0.000,0.000,1,449
TRK,2238977,0.53766,-0.81294,0.16858,-0.14708,-0.0181,-0.0047,-0.0048,0.000,0.000,0.000,1,449
TRK,2238997,0.53771,-0.81290,0.16860,-0.14706,-0.0181,-0.0047,-0.0048,0.000,0.000,0.000,1,449
TRK,2239017,0.53773,-0.81289,0.16860,-0.14706,-0.0181,-0.0047,-0.0048,0.000,0.000,0.000,1,449
STAT,404.1,400.6,2,4,0,0.0221,0.260,0.0859,0.0984,-0.0873,9.8204,0.90,0.005
TRK,2239037,0.53775,-0.81288,0.16862,-0.14703,-0.0181,-0.0047,-0.0048,0.000,0.000,0.000,1,449
TRK,2239060,0.53776,-0.81287,0.16861,-0.14704,-0.0181,-0.0047,-0.0048,0.000,0.000,0.000,1,449
TRK,2239079,0.53776,-0.81287,0.16859,-0.14708,-0.0181,-0.0047,-0.0048,0.000,0.000,0.000,1,449
TRK,2239097,0.53774,-0.81288,0.16854,-0.14715,-0.0181,-0.0047,-0.0048,0.000,0.000,0.000,1,449
TRK,2239119,0.53773,-0.81289,0.16848,-0.14724,-0.0181,-0.0047,-0.0048,0.000,0.000,0.000,1,449
TRK,2239137,0.53770,-0.81290,0.16846,-0.14726,-0.0181,-0.0047,-0.0048,0.000,0.000,0.000,1,449
TRK,2239159,0.53771,-0.81290,0.16848,-0.14724,-0.0181,-0.0047,-0.0048,0.000,0.000,0.000,1,449
TRK,2239178,0.53764,-0.81295,0.16852,-0.14718,-0.0181,-0.0047,-0.0048,0.000,0.000,0.000,1,449
TRK,2239199,0.53758,-0.81299,0.16856,-0.14711,-0.0181,-0.0047,-0.0048,0.000,0.000,0.000,1,449
TRK,2239218,0.53756,-0.81301,0.16859,-0.14706,-0.0181,-0.0047,-0.0048,0.000,0.000,0.000,1,449
TRK,2239240,0.53754,-0.81302,0.16863,-0.14701,-0.0181,-0.0047,-0.0048,0.000,0.000,0.000,1,449
TRK,2239258,0.53753,-0.81303,0.16863,-0.14701,-0.0181,-0.0047,-0.0048,0.000,0.000,0.000,1,449
TRK,2239280,0.53752,-0.81303,0.16861,-0.14703,-0.0181,-0.0047,-0.0048,0.000,0.000,0.000,1,449
TRK,2239299,0.53752,-0.81304,0.16863,-0.14700,-0.0181,-0.0047,-0.0048,0.000,0.000,0.000,1,449
TRK,2239317,0.53748,-0.81306,0.16863,-0.14700,-0.0181,-0.0047,-0.0048,0.000,0.000,0.000,1,449
TRK,2239339,0.53747,-0.81307,0.16862,-0.14701,-0.0181,-0.0047,-0.0048,0.000,0.000,0.000,1,449
TRK,2239360,0.53746,-0.81307,0.16860,-0.14704,-0.0181,-0.0047,-0.0048,0.000,0.000,0.000,1,449
TRK,2239379,0.53748,-0.81306,0.16857,-0.14709,-0.0181,-0.0047,-0.0048,0.000,0.000,0.000,1,449
TRK,2239397,0.53747,-0.81306,0.16853,-0.14715,-0.0181,-0.0047,-0.0048,0.000,0.000,0.000,1,449
TRK,2239418,0.53750,-0.81304,0.16853,-0.14715,-0.0181,-0.0047,-0.0048,0.000,0.000,0.000,1,449
TRK,2239438,0.53753,-0.81302,0.16857,-0.14709,-0.0181,-0.0047,-0.0048,0.000,0.000,0.000,1,449
TRK,2239458,0.53751,-0.81304,0.16858,-0.14707,-0.0181,-0.0047,-0.0048,0.000,0.000,0.000,1,449
TRK,2239478,0.53746,-0.81307,0.16861,-0.14702,-0.0181,-0.0047,-0.0048,0.000,0.000,0.000,1,449
TRK,2239500,0.53743,-0.81310,0.16864,-0.14698,-0.0181,-0.0047,-0.0048,0.000,0.000,0.000,1,449
TRK,2239518,0.53736,-0.81314,0.16859,-0.14705,-0.0181,-0.0047,-0.0048,0.000,0.000,0.000,1,449
TRK,2239540,0.53734,-0.81315,0.16856,-0.14710,-0.0181,-0.0047,-0.0048,0.000,0.000,0.000,1,449
TRK,2239559,0.53733,-0.81316,0.16853,-0.14714,-0.0181,-0.0047,-0.0048,0.000,0.000,0.000,1,449
TRK,2239579,0.53731,-0.81317,0.16850,-0.14719,-0.0181,-0.0047,-0.0048,0.000,0.000,0.000,1,449
TRK,2239599,0.53723,-0.81322,0.16849,-0.14719,-0.0181,-0.0047,-0.0048,0.000,0.000,0.000,1,449
TRK,2239619,0.53722,-0.81323,0.16853,-0.14714,-0.0181,-0.0047,-0.0048,0.000,0.000,0.000,1,449
TRK,2239637,0.53720,-0.81324,0.16855,-0.14710,-0.0181,-0.0047,-0.0048,0.000,0.000,0.000,1,449
TRK,2239659,0.53720,-0.81325,0.16857,-0.14707,-0.0181,-0.0047,-0.0048,0.000,0.000,0.000,1,449
TRK,2239678,0.53727,-0.81320,0.16857,-0.14708,-0.0181,-0.0047,-0.0048,0.000,0.000,0.000,1,449
TRK,2239699,0.53732,-0.81316,0.16854,-0.14713,-0.0181,-0.0047,-0.0048,0.000,0.000,0.000,1,449
TRK,2239718,0.53735,-0.81314,0.16852,-0.14716,-0.0181,-0.0047,-0.0048,0.000,0.000,0.000,1,449
TRK,2239740,0.53737,-0.81313,0.16850,-0.14718,-0.0181,-0.0047,-0.0048,0.000,0.000,0.000,1,449
TRK,2239760,0.53735,-0.81314,0.16851,-0.14717,-0.0181,-0.0047,-0.0048,0.000,0.000,0.000,1,449
TRK,2239780,0.53740,-0.81311,0.16853,-0.14714,-0.0181,-0.0047,-0.0048,0.000,0.000,0.000,1,449
TRK,2239800,0.53739,-0.81312,0.16855,-0.14712,-0.0181,-0.0047,-0.0048,0.000,0.000,0.000,1,449
TRK,2239819,0.53741,-0.81311,0.16855,-0.14712,-0.0181,-0.0047,-0.0048,0.000,0.000,0.000,1,449
TRK,2239840,0.53741,-0.81310,0.16853,-0.14714,-0.0181,-0.0047,-0.0048,0.000,0.000,0.000,1,449
TRK,2239859,0.53745,-0.81307,0.16851,-0.14717,-0.0181,-0.0047,-0.0048,0.000,0.000,0.000,1,449
TRK,2239878,0.53750,-0.81304,0.16850,-0.14719,-0.0181,-0.0047,-0.0048,0.000,0.000,0.000,1,449
TRK,2239898,0.53753,-0.81302,0.16850,-0.14720,-0.0181,-0.0047,-0.0048,0.000,0.000,0.000,1,449
TRK,2239918,0.53758,-0.81299,0.16854,-0.14715,-0.0181,-0.0047,-0.0048,0.000,0.000,0.000,1,449
TRK,2239938,0.53761,-0.81297,0.16857,-0.14709,-0.0181,-0.0047,-0.0048,0.000,0.000,0.000,1,449
TRK,2239958,0.53763,-0.81296,0.16859,-0.14706,-0.0181,-0.0047,-0.0048,0.000,0.000,0.000,1,449
TRK,2239979,0.53758,-0.81299,0.16858,-0.14709,-0.0181,-0.0047,-0.0048,0.000,0.000,0.000,1,449
TRK,2240000,0.53758,-0.81299,0.16855,-0.14712,-0.0181,-0.0047,-0.0048,0.000,0.000,0.000,1,449
TRK,2240020,0.53757,-0.81299,0.16852,-0.14718,-0.0181,-0.0047,-0.0048,0.000,0.000,0.000,1,449
STAT,404.1,400.6,2,4,0,0.0247,0.266,0.0902,0.1023,-0.0621,9.8198,0.90,0.005
TRK,2240038,0.53754,-0.81301,0.16848,-0.14723,-0.0181,-0.0047,-0.0048,0.000,0.000,0.000,1,449
TRK,2240060,0.53756,-0.81300,0.16850,-0.14720,-0.0181,-0.0047,-0.0048,0.000,0.000,0.000,1,449
TRK,2240079,0.53759,-0.81298,0.16856,-0.14712,-0.0181,-0.0047,-0.0048,0.000,0.000,0.000,1,449
TRK,2240100,0.53759,-0.81298,0.16858,-0.14709,-0.0181,-0.0047,-0.0048,0.000,0.000,0.000,1,449
TRK,2240119,0.53764,-0.81295,0.16860,-0.14705,-0.0181,-0.0047,-0.0048,0.000,0.000,0.000,1,449
TRK,2240137,0.53765,-0.81295,0.16863,-0.14701,-0.0181,-0.0047,-0.0048,0.000,0.000,0.000,1,449
TRK,2240159,0.53763,-0.81297,0.16865,-0.14699,-0.0181,-0.0047,-0.0048,0.000,0.000,0.000,1,449
TRK,2240179,0.53763,-0.81296,0.16863,-0.14701,-0.0181,-0.0047,-0.0048,0.000,0.000,0.000,1,449
TRK,2240199,0.53766,-0.81294,0.16866,-0.14696,-0.0181,-0.0047,-0.0048,0.000,0.000,0.000,1,449
TRK,2240218,0.53766,-0.81294,0.16870,-0.14691,-0.0181,-0.0047,-0.0048,0.000,0.000,0.000,1,449
TRK,2240237,0.53768,-0.81294,0.16876,-0.14683,-0.0181,-0.0047,-0.0048,0.000,0.000,0.000,1,449
TRK,2240257,0.53770,-0.81292,0.16878,-0.14679,-0.0181,-0.0047,-0.0048,0.000,0.000,0.000,1,449
TRK,2240280,0.53773,-0.81291,0.16883,-0.14672,-0.0181,-0.0047,-0.0048,0.000,0.000,0.000,1,449
TRK,2240299,0.53779,-0.81287,0.16882,-0.14673,-0.0181,-0.0047,-0.0048,0.000,0.000,0.000,1,449
TRK,2240317,0.53784,-0.81283,0.16878,-0.14679,-0.0181,-0.0047,-0.0048,0.000,0.000,0.000,1,449
TRK,2240339,0.53787,-0.81280,0.16872,-0.14690,-0.0181,-0.0047,-0.0048,0.000,0.000,0.000,1,449
TRK,2240360,0.53789,-0.81279,0.16869,-0.14693,-0.0181,-0.0047,-0.0048,0.000,0.000,0.000,1,449
TRK,2240379,0.53790,-0.81278,0.16869,-0.14693,-0.0181,-0.0047,-0.0048,0.000,0.000,0.000,1,449
TRK,2240398,0.53785,-0.81282,0.16870,-0.14692,-0.0181,-0.0047,-0.0048,0.000,0.000,0.000,1,449
TRK,2240418,0.53781,-0.81284,0.16871,-0.14690,-0.0181,-0.0047,-0.0048,0.000,0.000,0.000,1,449
TRK,2240439,0.53773,-0.81289,0.16869,-0.14692,-0.0181,-0.0047,-0.0048,0.000,0.000,0.000,1,449
TRK,2240458,0.53768,-0.81293,0.16863,-0.14702,-0.0181,-0.0047,-0.0048,0.000,0.000,0.000,1,449
TRK,2240480,0.53767,-0.81293,0.16856,-0.14711,-0.0181,-0.0047,-0.0048,0.000,0.000,0.000,1,449
TRK,2240498,0.53765,-0.81294,0.16856,-0.14712,-0.0181,-0.0047,-0.0048,0.000,0.000,0.000,1,449
TRK,2240520,0.53768,-0.81292,0.16856,-0.14712,-0.0181,-0.0047,-0.0048,0.000,0.000,0.000,1,449
TRK,2240539,0.53771,-0.81290,0.16857,-0.14711,-0.0181,-0.0047,-0.0048,0.000,0.000,0.000,1,449
TRK,2240557,0.53773,-0.81289,0.16858,-0.14710,-0.0181,-0.0047,-0.0048,0.000,0.000,0.000,1,449
TRK,2240579,0.53771,-0.81290,0.16857,-0.14711,-0.0181,-0.0047,-0.0048,0.000,0.000,0.000,1,449
TRK,2240599,0.53765,-0.81294,0.16854,-0.14714,-0.0181,-0.0047,-0.0048,0.000,0.000,0.000,1,449
TRK,2240617,0.53760,-0.81297,0.16851,-0.14718,-0.0181,-0.0047,-0.0048,0.000,0.000,0.000,1,449
TRK,2240639,0.53750,-0.81304,0.16847,-0.14725,-0.0181,-0.0047,-0.0048,0.000,0.000,0.000,1,449
TRK,2240658,0.53743,-0.81309,0.16848,-0.14722,-0.0181,-0.0047,-0.0048,0.000,0.000,0.000,1,449
TRK,2240679,0.53735,-0.81314,0.16851,-0.14717,-0.0181,-0.0047,-0.0048,0.000,0.000,0.000,1,449
TRK,2240698,0.53732,-0.81316,0.16851,-0.14718,-0.0181,-0.0047,-0.0048,0.000,0.000,0.000,1,449
TRK,2240720,0.53732,-0.81316,0.16849,-0.14720,-0.0181,-0.0047,-0.0048,0.000,0.000,0.000,1,449
TRK,2240738,0.53733,-0.81316,0.16849,-0.14720,-0.0181,-0.0047,-0.0048,0.000,0.000,0.000,1,449
TRK,2240760,0.53736,-0.81313,0.16846,-0.14724,-0.0181,-0.0047,-0.0048,0.000,0.000,0.000,1,449
TRK,2240779,0.53742,-0.81309,0.16846,-0.14726,-0.0181,-0.0047,-0.0048,0.000,0.000,0.000,1,449
TRK,2240797,0.53743,-0.81309,0.16846,-0.14726,-0.0181,-0.0047,-0.0048,0.000,0.000,0.000,1,449
TRK,2240819,0.53740,-0.81310,0.16847,-0.14724,-0.0181,-0.0047,-0.0048,0.000,0.000,0.000,1,449
TRK,2240840,0.53739,-0.81312,0.16850,-0.14719,-0.0181,-0.0047,-0.0048,0.000,0.000,0.000,1,449
TRK,2240858,0.53739,-0.81312,0.16853,-0.14715,-0.0181,-0.0047,-0.0048,0.000,0.000,0.000,1,449
TRK,2240879,0.53741,-0.81311,0.16854,-0.14714,-0.0181,-0.0047,-0.0048,0.000,0.000,0.000,1,449
TRK,2240898,0.53744,-0.81309,0.16856,-0.14711,-0.0181,-0.0047,-0.0048,0.000,0.000,0.000,1,449
TRK,2240918,0.53744,-0.81309,0.16856,-0.14710,-0.0181,-0.0047,-0.0048,0.000,0.000,0.000,1,449
TRK,2240938,0.53747,-0.81307,0.16857,-0.14709,-0.0181,-0.0047,-0.0048,0.000,0.000,0.000,1,449
TRK,2240958,0.53748,-0.81306,0.16860,-0.14705,-0.0181,-0.0047,-0.0048,0.000,0.000,0.000,1,449
TRK,2240978,0.53749,-0.81305,0.16862,-0.14702,-0.0181,-0.0047,-0.0048,0.000,0.000,0.000,1,449
TRK,2240998,0.53746,-0.81308,0.16863,-0.14700,-0.0181,-0.0047,-0.0048,0.000,0.000,0.000,1,449
TRK,2241018,0.53744,-0.81309,0.16860,-0.14704,-0.0181,-0.0047,-0.0048,0.000,0.000,0.000,1,449
STAT,403.8,400.8,2,4,0,0.0292,0.290,0.1080,0.1226,-0.0501,9.8219,0.90,0.005
TRK,2241039,0.53743,-0.81310,0.16860,-0.14704,-0.0181,-0.0047,-0.0048,0.000,0.000,0.000,1,449
TRK,2241058,0.53742,-0.81310,0.16859,-0.14706,-0.0181,-0.0047,-0.0048,0.000,0.000,0.000,1,449
TRK,2241079,0.53748,-0.81306,0.16858,-0.14708,-0.0181,-0.0047,-0.0048,0.000,0.000,0.000,1,449
TRK,2241100,0.53755,-0.81301,0.16854,-0.14715,-0.0181,-0.0047,-0.0048,0.000,0.000,0.000,1,449
TRK,2241117,0.53763,-0.81296,0.16853,-0.14716,-0.0181,-0.0047,-0.0048,0.000,0.000,0.000,1,449
TRK,2241139,0.53766,-0.81293,0.16853,-0.14717,-0.0181,-0.0047,-0.0048,0.000,0.000,0.000,1,449
TRK,2241158,0.53771,-0.81290,0.16855,-0.14714,-0.0181,-0.0047,-0.0048,0.000,0.000,0.000,1,449
TRK,2241178,0.53767,-0.81293,0.16855,-0.14714,-0.0181,-0.0047,-0.0048,0.000,0.000,0.000,1,449
TRK,2241198,0.53766,-0.81294,0.16855,-0.14713,-0.0181,-0.0047,-0.0048,0.000,0.000,0.000,1,449
TRK,2241220,0.53761,-0.81297,0.16852,-0.14717,-0.0181,-0.0047,-0.0048,0.000,0.000,0.000,1,449
TRK,2241240,0.53759,-0.81298,0.16849,-0.14722,-0.0181,-0.0047,-0.0048,0.000,0.000,0.000,1,449
TRK,2241258,0.53760,-0.81297,0.16848,-0.14723,-0.0181,-0.0047,-0.0048,0.000,0.000,0.000,1,449
TRK,2241278,0.53759,-0.81298,0.16849,-0.14722,-0.0181,-0.0047,-0.0048,0.000,0.000,0.000,1,449
TRK,2241299,0.53761,-0.81297,0.16853,-0.14716,-0.0181,-0.0047,-0.0048,0.000,0.000,0.000,1,449
TRK,2241320,0.53763,-0.81296,0.16859,-0.14707,-0.0181,-0.0047,-0.0048,0.000,0.000,0.000,1,449
TRK,2241339,0.53764,-0.81295,0.16858,-0.14708,-0.0181,-0.0047,-0.0048,0.000,0.000,0.000,1,449
TRK,2241357,0.53763,-0.81296,0.16858,-0.14708,-0.0181,-0.0047,-0.0048,0.000,0.000,0.000,1,449
TRK,2241379,0.53760,-0.81298,0.16855,-0.14713,-0.0181,-0.0047,-0.0048,0.000,0.000,0.000,1,449
TRK,2241400,0.53758,-0.81299,0.16851,-0.14719,-0.0181,-0.0047,-0.0048,0.000,0.000,0.000,1,449
TRK,2241420,0.53754,-0.81301,0.16847,-0.14724,-0.0181,-0.0047,-0.0048,0.000,0.000,0.000,1,449
TRK,2241439,0.53754,-0.81301,0.16849,-0.14722,-0.0181,-0.0047,-0.0048,0.000,0.000,0.000,1,449
TRK,2241460,0.53753,-0.81302,0.16853,-0.14716,-0.0181,-0.0047,-0.0048,0.000,0.000,0.000,1,449
TRK,2241478,0.53750,-0.81304,0.16852,-0.14716,-0.0181,-0.0047,-0.0048,0.000,0.000,0.000,1,449
TRK,2241500,0.53746,-0.81307,0.16850,-0.14720,-0.0181,-0.0047,-0.0048,0.000,0.000,0.000,1,449
TRK,2241518,0.53748,-0.81306,0.16850,-0.14720,-0.0181,-0.0047,-0.0048,0.000,0.000,0.000,1,449
TRK,2241538,0.53741,-0.81310,0.16846,-0.14726,-0.0181,-0.0047,-0.0048,0.000,0.000,0.000,1,449
TRK,2241558,0.53738,-0.81311,0.16843,-0.14729,-0.0181,-0.0047,-0.0048,0.000,0.000,0.000,1,449
TRK,2241578,0.53737,-0.81313,0.16843,-0.14730,-0.0181,-0.0047,-0.0048,0.000,0.000,0.000,1,449
TRK,2241598,0.53735,-0.81314,0.16845,-0.14726,-0.0181,-0.0047,-0.0048,0.000,0.000,0.000,1,449
TRK,2241618,0.53735,-0.81314,0.16850,-0.14719,-0.0181,-0.0047,-0.0048,0.000,0.000,0.000,1,449
TRK,2241638,0.53739,-0.81311,0.16851,-0.14717,-0.0181,-0.0047,-0.0048,0.000,0.000,0.000,1,449
TRK,2241658,0.53743,-0.81309,0.16850,-0.14720,-0.0181,-0.0047,-0.0048,0.000,0.000,0.000,1,449
TRK,2241678,0.53745,-0.81307,0.16847,-0.14725,-0.0181,-0.0047,-0.0048,0.000,0.000,0.000,1,449
TRK,2241699,0.53751,-0.81303,0.16846,-0.14725,-0.0181,-0.0047,-0.0048,0.000,0.000,0.000,1,449
TRK,2241717,0.53755,-0.81300,0.16847,-0.14725,-0.0181,-0.0047,-0.0048,0.000,0.000,0.000,1,449
TRK,2241740,0.53754,-0.81301,0.16849,-0.14721,-0.0181,-0.0047,-0.0048,0.000,0.000,0.000,1,449
TRK,2241758,0.53749,-0.81305,0.16855,-0.14712,-0.0181,-0.0047,-0.0048,0.000,0.000,0.000,1,449
TRK,2241780,0.53746,-0.81307,0.16858,-0.14708,-0.0181,-0.0047,-0.0048,0.000,0.000,0.000,1,449
TRK,2241799,0.53743,-0.81310,0.16859,-0.14706,-0.0181,-0.0047,-0.0048,0.000,0.000,0.000,1,449
TRK,2241819,0.53743,-0.81310,0.16861,-0.14703,-0.0181,-0.0047,-0.0048,0.000,0.000,0.000,1,449
TRK,2241839,0.53739,-0.81312,0.16860,-0.14705,-0.0181,-0.0047,-0.0048,0.000,0.000,0.000,1,449
TRK,2241857,0.53742,-0.81310,0.16860,-0.14704,-0.0181,-0.0047,-0.0048,0.000,0.000,0.000,1,449
TRK,2241879,0.53743,-0.81309,0.16863,-0.14701,-0.0181,-0.0047,-0.0048,0.000,0.000,0.000,1,449
TRK,2241899,0.53741,-0.81311,0.16864,-0.14698,-0.0181,-0.0047,-0.0048,0.000,0.000,0.000,1,449
TRK,2241919,0.53735,-0.81315,0.16864,-0.14697,-0.0181,-0.0047,-0.0048,0.000,0.000,0.000,1,449
TRK,2241938,0.53729,-0.81319,0.16863,-0.14699,-0.0181,-0.0047,-0.0048,0.000,0.000,0.000,1,449
TRK,2241957,0.53725,-0.81321,0.16860,-0.14703,-0.0181,-0.0047,-0.0048,0.000,0.000,0.000,1,449
TRK,2241977,0.53723,-0.81323,0.16858,-0.14706,-0.0181,-0.0047,-0.0048,0.000,0.000,0.000,1,449
TRK,2242000,0.53723,-0.81323,0.16855,-0.14710,-0.0181,-0.0047,-0.0048,0.000,0.000,0.000,1,449
TRK,2242019,0.53726,-0.81320,0.16852,-0.14716,-0.0181,-0.0047,-0.0048,0.000,0.000,0.000,1,449
STAT,403.8,400.8,2,4,0,0.0247,0.189,0.1045,0.1195,-0.0484,9.8195,0.90,0.005
TRK,2242041,0.53728,-0.81318,0.16850,-0.14719,-0.0181,-0.0047,-0.0048,0.000,0.000,0.000,1,449
TRK,2242059,0.53732,-0.81316,0.16850,-0.14719,-0.0181,-0.0047,-0.0048,0.000,0.000,0.000,1,449
TRK,2242077,0.53734,-0.81315,0.16851,-0.14717,-0.0181,-0.0047,-0.0048,0.000,0.000,0.000,1,449
TRK,2242099,0.53737,-0.81313,0.16855,-0.14712,-0.0181,-0.0047,-0.0048,0.000,0.000,0.000,1,449
TRK,2242118,0.53738,-0.81313,0.16856,-0.14710,-0.0181,-0.0047,-0.0048,0.000,0.000,0.000,1,449
TRK,2242139,0.53736,-0.81313,0.16855,-0.14712,-0.0181,-0.0047,-0.0048,0.000,0.000,0.000,1,449
TRK,2242158,0.53739,-0.81312,0.16854,-0.14713,-0.0181,-0.0047,-0.0048,0.000,0.000,0.000,1,449
TRK,2242180,0.53740,-0.81311,0.16853,-0.14715,-0.0181,-0.0047,-0.0048,0.000,0.000,0.000,1,449
TRK,2242198,0.53740,-0.81311,0.16851,-0.14717,-0.0181,-0.0047,-0.0048,0.000,0.000,0.000,1,449
TRK,2242217,0.53741,-0.81310,0.16851,-0.14719,-0.0181,-0.0047,-0.0048,0.000,0.000,0.000,1,449
TRK,2242240,0.53738,-0.81312,0.16853,-0.14714,-0.0181,-0.0047,-0.0048,0.000,0.000,0.000,1,449
TRK,2242259,0.53737,-0.81313,0.16855,-0.14711,-0.0181,-0.0047,-0.0048,0.000,0.000,0.000,1,449
TRK,2242277,0.53736,-0.81313,0.16856,-0.14710,-0.0181,-0.0047,-0.0048,0.000,0.000,0.000,1,449
TRK,2242299,0.53737,-0.81313,0.16856,-0.14710,-0.0181,-0.0047,-0.0048,0.000,0.000,0.000,1,449
TRK,2242320,0.53734,-0.81315,0.16853,-0.14715,-0.0181,-0.0047,-0.0048,0.000,0.000,0.000,1,449
TRK,2242338,0.53732,-0.81316,0.16848,-0.14722,-0.0181,-0.0047,-0.0048,0.000,0.000,0.000,1,449
TRK,2242359,0.53732,-0.81316,0.16850,-0.14719,-0.0181,-0.0047,-0.0048,0.000,0.000,0.000,1,449
TRK,2242378,0.53734,-0.81315,0.16849,-0.14721,-0.0181,-0.0047,-0.0048,0.000,0.000,0.000,1,449
TRK,2242398,0.53733,-0.81315,0.16851,-0.14717,-0.0181,-0.0047,-0.0048,0.000,0.000,0.000,1,449
TRK,2242418,0.53734,-0.81315,0.16854,-0.14714,-0.0181,-0.0047,-0.0048,0.000,0.000,0.000,1,449
TRK,2242440,0.53734,-0.81315,0.16857,-0.14709,-0.0181,-0.0047,-0.0048,0.000,0.000,0.000,1,449
TRK,2242458,0.53735,-0.81315,0.16861,-0.14703,-0.0181,-0.0047,-0.0048,0.000,0.000,0.000,1,449
TRK,2242480,0.53734,-0.81316,0.16862,-0.14701,-0.0181,-0.0047,-0.0048,0.000,0.000,0.000,1,449
TRK,2242498,0.53730,-0.81318,0.16864,-0.14698,-0.0181,-0.0047,-0.0048,0.000,0.000,0.000,1,449
TRK,2242520,0.53726,-0.81321,0.16866,-0.14695,-0.0181,-0.0047,-0.0048,0.000,0.000,0.000,1,449
TRK,2242539,0.53723,-0.81323,0.16864,-0.14698,-0.0181,-0.0047,-0.0048,0.000,0.000,0.000,1,449
TRK,2242559,0.53721,-0.81324,0.16864,-0.14697,-0.0181,-0.0047,-0.0048,0.000,0.000,0.000,1,449
TRK,2242580,0.53721,-0.81324,0.16861,-0.14702,-0.0181,-0.0047,-0.0048,0.000,0.000,0.000,1,449
TRK,2242597,0.53724,-0.81322,0.16856,-0.14710,-0.0181,-0.0047,-0.0048,0.000,0.000,0.000,1,449
TRK,2242619,0.53720,-0.81324,0.16851,-0.14716,-0.0181,-0.0047,-0.0048,0.000,0.000,0.000,1,449
TRK,2242638,0.53717,-0.81327,0.16853,-0.14713,-0.0181,-0.0047,-0.0048,0.000,0.000,0.000,1,449
TRK,2242659,0.53710,-0.81331,0.16854,-0.14712,-0.0181,-0.0047,-0.0048,0.000,0.000,0.000,1,449
TRK,2242678,0.53705,-0.81335,0.16855,-0.14709,-0.0181,-0.0047,-0.0048,0.000,0.000,0.000,1,449
TRK,2242698,0.53702,-0.81337,0.16861,-0.14700,-0.0181,-0.0047,-0.0048,0.000,0.000,0.000,1,449
TRK,2242720,0.53708,-0.81333,0.16866,-0.14694,-0.0181,-0.0047,-0.0048,0.000,0.000,0.000,1,449
TRK,2242738,0.53707,-0.81334,0.16864,-0.14696,-0.0181,-0.0047,-0.0048,0.000,0.000,0.000,1,449
TRK,2242760,0.53709,-0.81332,0.16862,-0.14700,-0.0181,-0.0047,-0.0048,0.000,0.000,0.000,1,449
TRK,2242780,0.53707,-0.81333,0.16855,-0.14711,-0.0181,-0.0047,-0.0048,0.000,0.000,0.000,1,449
TRK,2242800,0.53712,-0.81330,0.16850,-0.14718,-0.0181,-0.0047,-0.0048,0.000,0.000,0.000,1,449
TRK,2242820,0.53716,-0.81327,0.16848,-0.14721,-0.0181,-0.0047,-0.0048,0.000,0.000,0.000,1,449
TRK,2242839,0.53718,-0.81325,0.16845,-0.14726,-0.0181,-0.0047,-0.0048,0.000,0.000,0.000,1,449
TRK,2242858,0.53716,-0.81326,0.16842,-0.14730,-0.0181,-0.0047,-0.0048,0.000,0.000,0.000,1,449
TRK,2242878,0.53718,-0.81325,0.16845,-0.14725,-0.0181,-0.0047,-0.0048,0.000,0.000,0.000,1,449
TRK,2242898,0.53721,-0.81323,0.16849,-0.14719,-0.0181,-0.0047,-0.0048,0.000,0.000,0.000,1,449
TRK,2242918,0.53718,-0.81325,0.16850,-0.14718,-0.0181,-0.0047,-0.0048,0.000,0.000,0.000,1,449
TRK,2242940,0.53718,-0.81326,0.16850,-0.14717,-0.0181,-0.0047,-0.0048,0.000,0.000,0.000,1,449
TRK,2242960,0.53721,-0.81324,0.16851,-0.14716,-0.0181,-0.0047,-0.0048,0.000,0.000,0.000,1,449
TRK,2242978,0.53725,-0.81321,0.16851,-0.14717,-0.0181,-0.0047,-0.0048,0.000,0.000,0.000,1,449
TRK,2243000,0.53729,-0.81319,0.16854,-0.14713,-0.0181,-0.0047,-0.0048,0.000,0.000,0.000,1,449
TRK,2243019,0.53724,-0.81322,0.16853,-0.14714,-0.0181,-0.0047,-0.0048,0.000,0.000,0.000,1,449
STAT,404.1,400.6,2,4,0,0.0278,0.253,0.1017,0.1205,-0.0561,9.8187,0.90,0.005
TRK,2243040,0.53720,-0.81324,0.16853,-0.14714,-0.0181,-0.0047,-0.0048,0.000,0.000,0.000,1,449
TRK,2243059,0.53716,-0.81327,0.16853,-0.14713,-0.0181,-0.0047,-0.0048,0.000,0.000,0.000,1,449
TRK,2243077,0.53707,-0.81333,0.16853,-0.14714,-0.0181,-0.0047,-0.0048,0.000,0.000,0.000,1,449
TRK,2243099,0.53699,-0.81338,0.16852,-0.14713,-0.0181,-0.0047,-0.0048,0.000,0.000,0.000,1,449
TRK,2243120,0.53696,-0.81340,0.16853,-0.14712,-0.0181,-0.0047,-0.0048,0.000,0.000,0.000,1,449
TRK,2243140,0.53697,-0.81340,0.16858,-0.14705,-0.0181,-0.0047,-0.0048,0.000,0.000,0.000,1,449
TRK,2243160,0.53701,-0.81337,0.16860,-0.14702,-0.0181,-0.0047,-0.0048,0.000,0.000,0.000,1,449
TRK,2243178,0.53706,-0.81334,0.16860,-0.14702,-0.0181,-0.0047,-0.0048,0.000,0.000,0.000,1,449
TRK,2243197,0.53709,-0.81332,0.16860,-0.14703,-0.0181,-0.0047,-0.0048,0.000,0.000,0.000,1,449
TRK,2243220,0.53710,-0.81331,0.16861,-0.14701,-0.0181,-0.0047,-0.0048,0.000,0.000,0.000,1,449
TRK,2243239,0.53713,-0.81329,0.16860,-0.14702,-0.0181,-0.0047,-0.0048,0.000,0.000,0.000,1,449
TRK,2243257,0.53717,-0.81327,0.16862,-0.14701,-0.0181,-0.0047,-0.0048,0.000,0.000,0.000,1,449
TRK,2243279,0.53719,-0.81326,0.16864,-0.14698,-0.0181,-0.0047,-0.0048,0.000,0.000,0.000,1,449
TRK,2243297,0.53721,-0.81325,0.16869,-0.14691,-0.0181,-0.0047,-0.0048,0.000,0.000,0.000,1,449
TRK,2243319,0.53719,-0.81326,0.16870,-0.14689,-0.0181,-0.0047,-0.0048,0.000,0.000,0.000,1,449
TRK,2243337,0.53721,-0.81325,0.16872,-0.14686,-0.0181,-0.0047,-0.0048,0.000,0.000,0.000,1,449
TRK,2243359,0.53722,-0.81324,0.16867,-0.14693,-0.0181,-0.0047,-0.0048,0.000,0.000,0.000,1,449
TRK,2243378,0.53726,-0.81321,0.16861,-0.14702,-0.0181,-0.0047,-0.0048,0.000,0.000,0.000,1,449
TRK,2243399,0.53727,-0.81320,0.16855,-0.14711,-0.0181,-0.0047,-0.0048,0.000,0.000,0.000,1,449
TRK,2243418,0.53726,-0.81320,0.16851,-0.14717,-0.0181,-0.0047,-0.0048,0.000,0.000,0.000,1,449
TRK,2243437,0.53729,-0.81318,0.16849,-0.14720,-0.0181,-0.0047,-0.0048,0.000,0.000,0.000,1,449
TRK,2243460,0.53727,-0.81319,0.16848,-0.14721,-0.0181,-0.0047,-0.0048,0.000,0.000,0.000,1,449
TRK,2243479,0.53723,-0.81322,0.16849,-0.14720,-0.0181,-0.0047,-0.0048,0.000,0.000,0.000,1,449
TRK,2243497,0.53726,-0.81320,0.16848,-0.14721,-0.0181,-0.0047,-0.0048,0.000,0.000,0.000,1,449
TRK,2243519,0.53730,-0.81317,0.16846,-0.14725,-0.0181,-0.0047,-0.0048,0.000,0.000,0.000,1,449
TRK,2243539,0.53725,-0.81320,0.16843,-0.14729,-0.0181,-0.0047,-0.0048,0.000,0.000,0.000,1,449
TRK,2243557,0.53723,-0.81322,0.16844,-0.14727,-0.0181,-0.0047,-0.0048,0.000,0.000,0.000,1,449
TRK,2243579,0.53720,-0.81324,0.16846,-0.14724,-0.0181,-0.0047,-0.0048,0.000,0.000,0.000,1,449
TRK,2243598,0.53715,-0.81328,0.16851,-0.14716,-0.0181,-0.0047,-0.0048,0.000,0.000,0.000,1,449
TRK,2243619,0.53704,-0.81335,0.16855,-0.14709,-0.0181,-0.0047,-0.0048,0.000,0.000,0.000,1,449
TRK,2243638,0.53702,-0.81337,0.16860,-0.14702,-0.0181,-0.0047,-0.0048,0.000,0.000,0.000,1,449
TRK,2243660,0.53701,-0.81337,0.16860,-0.14703,-0.0181,-0.0047,-0.0048,0.000,0.000,0.000,1,449
TRK,2243678,0.53707,-0.81334,0.16858,-0.14705,-0.0181,-0.0047,-0.0048,0.000,0.000,0.000,1,449
TRK,2243697,0.53714,-0.81329,0.16854,-0.14712,-0.0181,-0.0047,-0.0048,0.000,0.000,0.000,1,449
TRK,2243720,0.53720,-0.81324,0.16848,-0.14721,-0.0181,-0.0047,-0.0048,0.000,0.000,0.000,1,449
TRK,2243739,0.53725,-0.81321,0.16845,-0.14726,-0.0181,-0.0047,-0.0048,0.000,0.000,0.000,1,449
TRK,2243757,0.53727,-0.81319,0.16846,-0.14724,-0.0181,-0.0047,-0.0048,0.000,0.000,0.000,1,449
TRK,2243779,0.53728,-0.81318,0.16847,-0.14723,-0.0181,-0.0047,-0.0048,0.000,0.000,0.000,1,449
TRK,2243797,0.53728,-0.81319,0.16854,-0.14713,-0.0181,-0.0047,-0.0048,0.000,0.000,0.000,1,449
TRK,2243820,0.53730,-0.81318,0.16859,-0.14705,-0.0181,-0.0047,-0.0048,0.000,0.000,0.000,1,449
TRK,2243837,0.53728,-0.81319,0.16860,-0.14704,-0.0181,-0.0047,-0.0048,0.000,0.000,0.000,1,449
TRK,2243858,0.53729,-0.81319,0.16865,-0.14696,-0.0181,-0.0047,-0.0048,0.000,0.000,0.000,1,449
TRK,2243878,0.53725,-0.81322,0.16869,-0.14690,-0.0181,-0.0047,-0.0048,0.000,0.000,0.000,1,449
TRK,2243898,0.53721,-0.81324,0.16868,-0.14692,-0.0181,-0.0047,-0.0048,0.000,0.000,0.000,1,449
TRK,2243920,0.53724,-0.81322,0.16869,-0.14690,-0.0181,-0.0047,-0.0048,0.000,0.000,0.000,1,449
TRK,2243938,0.53727,-0.81321,0.16869,-0.14690,-0.0181,-0.0047,-0.0048,0.000,0.000,0.000,1,449
TRK,2243960,0.53727,-0.81321,0.16869,-0.14691,-0.0181,-0.0047,-0.0048,0.000,0.000,0.000,1,449
TRK,2243979,0.53735,-0.81315,0.16866,-0.14696,-0.0181,-0.0047,-0.0048,0.000,0.000,0.000,1,449
TRK,2243997,0.53730,-0.81318,0.16860,-0.14703,-0.0181,-0.0047,-0.0048,0.000,0.000,0.000,1,449
TRK,2244019,0.53742,-0.81310,0.16859,-0.14706,-0.0181,-0.0047,-0.0048,0.000,0.000,0.000,1,449
TRK,2244037,0.53727,-0.81320,0.16859,-0.14705,-0.0181,-0.0047,-0.0048,0.000,0.000,0.000,1,449
STAT,404.1,400.6,2,4,0,0.0831,1.145,0.0924,0.1154,-0.0648,9.8176,0.90,0.005
TRK,2244059,0.53726,-0.81320,0.16859,-0.14705,-0.0181,-0.0047,-0.0048,0.000,0.000,0.000,1,449
TRK,2244078,0.53737,-0.81313,0.16860,-0.14705,-0.0181,-0.0047,-0.0048,0.000,0.000,0.000,1,449
TRK,2244098,0.53724,-0.81322,0.16858,-0.14706,-0.0181,-0.0047,-0.0048,0.000,0.000,0.000,1,449
TRK,2244118,0.53718,-0.81326,0.16859,-0.14705,-0.0181,-0.0047,-0.0048,0.000,0.000,0.000,1,449
TRK,2244138,0.53711,-0.81331,0.16857,-0.14708,-0.0181,-0.0047,-0.0048,0.000,0.000,0.000,1,449
TRK,2244158,0.53745,-0.81307,0.16848,-0.14723,-0.0181,-0.0047,-0.0048,0.000,0.000,0.000,1,449
TRK,2244180,0.53738,-0.81312,0.16848,-0.14722,-0.0181,-0.0047,-0.0048,0.000,0.000,0.000,1,449
TRK,2244198,0.53708,-0.81332,0.16843,-0.14728,-0.0181,-0.0047,-0.0048,0.000,0.000,0.000,1,449
TRK,2244220,0.53727,-0.81320,0.16847,-0.14723,-0.0181,-0.0047,-0.0048,0.000,0.000,0.000,1,449
TRK,2244240,0.53779,-0.81284,0.16842,-0.14734,-0.0181,-0.0047,-0.0048,0.000,0.000,0.000,1,449
TRK,2244260,0.53746,-0.81307,0.16849,-0.14722,-0.0181,-0.0047,-0.0048,0.000,0.000,0.000,1,449
TRK,2244280,0.53704,-0.81335,0.16853,-0.14713,-0.0181,-0.0047,-0.0048,0.000,0.000,0.000,1,449
TRK,2244299,0.53732,-0.81316,0.16852,-0.14717,-0.0181,-0.0047,-0.0048,0.000,0.000,0.000,1,449
TRK,2244318,0.53786,-0.81280,0.16853,-0.14718,-0.0181,-0.0047,-0.0048,0.000,0.000,0.000,1,449
TRK,2244338,0.53748,-0.81306,0.16855,-0.14712,-0.0181,-0.0047,-0.0048,0.000,0.000,0.000,1,449
TRK,2244358,0.53694,-0.81343,0.16868,-0.14691,-0.0181,-0.0047,-0.0048,0.000,0.000,0.000,1,449
TRK,2244378,0.53744,-0.81309,0.16867,-0.14694,-0.0181,-0.0047,-0.0048,0.000,0.000,0.000,1,449
TRK,2244400,0.53778,-0.81286,0.16869,-0.14694,-0.0181,-0.0047,-0.0048,0.000,0.000,0.000,1,449
TRK,2244420,0.53717,-0.81327,0.16876,-0.14680,-0.0181,-0.0047,-0.0048,0.000,0.000,0.000,1,449
TRK,2244437,0.53696,-0.81342,0.16877,-0.14677,-0.0181,-0.0047,-0.0048,0.000,0.000,0.000,1,449
TRK,2244457,0.53758,-0.81300,0.16875,-0.14684,-0.0181,-0.0047,-0.0048,0.000,0.000,0.000,1,449
TRK,2244478,0.53767,-0.81294,0.16873,-0.14688,-0.0181,-0.0047,-0.0048,0.000,0.000,0.000,1,449
TRK,2244500,0.53704,-0.81337,0.16881,-0.14671,-0.0181,-0.0047,-0.0048,0.000,0.000,0.000,1,449
TRK,2244519,0.53707,-0.81335,0.16886,-0.14664,-0.0181,-0.0047,-0.0048,0.000,0.000,0.000,1,449
TRK,2244537,0.53757,-0.81301,0.16881,-0.14674,-0.0181,-0.0047,-0.0048,0.000,0.000,0.000,1,449
TRK,2244559,0.53748,-0.81307,0.16882,-0.14673,-0.0181,-0.0047,-0.0048,0.000,0.000,0.000,1,449
TRK,2244580,0.53702,-0.81338,0.16880,-0.14672,-0.0181,-0.0047,-0.0048,0.000,0.000,0.000,1,449
TRK,2244600,0.53722,-0.81324,0.16871,-0.14687,-0.0181,-0.0047,-0.0048,0.000,0.000,0.000,1,449
TRK,2244620,0.53744,-0.81309,0.16865,-0.14698,-0.0181,-0.0047,-0.0048,0.000,0.000,0.000,1,449
TRK,2244640,0.53715,-0.81328,0.16863,-0.14699,-0.0181,-0.0047,-0.0048,0.000,0.000,0.000,1,449
TRK,2244660,0.53698,-0.81340,0.16864,-0.14696,-0.0181,-0.0047,-0.0048,0.000,0.000,0.000,1,449
TRK,2244680,0.53729,-0.81319,0.16862,-0.14701,-0.0181,-0.0047,-0.0048,0.000,0.000,0.000,1,449
TRK,2244700,0.53742,-0.81310,0.16861,-0.14703,-0.0181,-0.0047,-0.0048,0.000,0.000,0.000,1,449
TRK,2244720,0.53726,-0.81321,0.16862,-0.14701,-0.0181,-0.0047,-0.0048,0.000,0.000,0.000,1,449
TRK,2244739,0.53730,-0.81318,0.16857,-0.14708,-0.0181,-0.0047,-0.0048,0.000,0.000,0.000,1,449
TRK,2244759,0.53741,-0.81310,0.16853,-0.14716,-0.0181,-0.0047,-0.0048,0.000,0.000,0.000,1,449
TRK,2244779,0.53734,-0.81315,0.16854,-0.14713,-0.0181,-0.0047,-0.0048,0.000,0.000,0.000,1,449
TRK,2244797,0.53722,-0.81323,0.16854,-0.14713,-0.0181,-0.0047,-0.0048,0.000,0.000,0.000,1,449
TRK,2244819,0.53722,-0.81323,0.16855,-0.14711,-0.0181,-0.0047,-0.0048,0.000,0.000,0.000,1,449
TRK,2244839,0.53720,-0.81325,0.16859,-0.14704,-0.0181,-0.0047,-0.0048,0.000,0.000,0.000,1,449
TRK,2244859,0.53714,-0.81329,0.16863,-0.14699,-0.0181,-0.0047,-0.0048,0.000,0.000,0.000,1,449
TRK,2244878,0.53714,-0.81329,0.16862,-0.14700,-0.0181,-0.0047,-0.0048,0.000,0.000,0.000,1,449
TRK,2244897,0.53712,-0.81330,0.16861,-0.14701,-0.0181,-0.0047,-0.0048,0.000,0.000,0.000,1,449
TRK,2244917,0.53704,-0.81335,0.16861,-0.14701,-0.0181,-0.0047,-0.0048,0.000,0.000,0.000,1,449
TRK,2244940,0.53706,-0.81334,0.16855,-0.14710,-0.0181,-0.0047,-0.0048,0.000,0.000,0.000,1,449
TRK,2244959,0.53709,-0.81332,0.16854,-0.14712,-0.0181,-0.0047,-0.0048,0.000,0.000,0.000,1,449
TRK,2244979,0.53697,-0.81340,0.16854,-0.14711,-0.0181,-0.0047,-0.0048,0.000,0.000,0.000,1,449
TRK,2244999,0.53698,-0.81339,0.16856,-0.14709,-0.0181,-0.0047,-0.0048,0.000,0.000,0.000,1,449
TRK,2245020,0.53709,-0.81332,0.16855,-0.14711,-0.0181,-0.0047,-0.0048,0.000,0.000,0.000,1,449
TRK,2245037,0.53710,-0.81331,0.16852,-0.14715,-0.0181,-0.0047,-0.0048,0.000,0.000,0.000,1,449
STAT,404.5,400.5,2,4,0,0.0316,0.703,0.0946,0.1136,-0.0566,9.8188,0.90,0.005
TRK,2245059,0.53698,-0.81339,0.16850,-0.14718,-0.0181,-0.0047,-0.0048,0.000,0.000,0.000,1,449
TRK,2245078,0.53704,-0.81334,0.16844,-0.14726,-0.0181,-0.0047,-0.0048,0.000,0.000,0.000,1,449
TRK,2245100,0.53711,-0.81329,0.16839,-0.14734,-0.0181,-0.0047,-0.0048,0.000,0.000,0.000,1,449
TRK,2245118,0.53702,-0.81335,0.16841,-0.14731,-0.0181,-0.0047,-0.0048,0.000,0.000,0.000,1,449
TRK,2245140,0.53689,-0.81344,0.16845,-0.14725,-0.0181,-0.0047,-0.0048,0.000,0.000,0.000,1,449
TRK,2245160,0.53702,-0.81336,0.16849,-0.14719,-0.0181,-0.0047,-0.0048,0.000,0.000,0.000,1,449
TRK,2245178,0.53711,-0.81330,0.16851,-0.14716,-0.0181,-0.0047,-0.0048,0.000,0.000,0.000,1,449
TRK,2245198,0.53704,-0.81335,0.16856,-0.14709,-0.0181,-0.0047,-0.0048,0.000,0.000,0.000,1,449
TRK,2245220,0.53710,-0.81331,0.16856,-0.14709,-0.0181,-0.0047,-0.0048,0.000,0.000,0.000,1,449
TRK,2245238,0.53725,-0.81321,0.16855,-0.14711,-0.0181,-0.0047,-0.0048,0.000,0.000,0.000,1,449
TRK,2245260,0.53721,-0.81324,0.16858,-0.14707,-0.0181,-0.0047,-0.0048,0.000,0.000,0.000,1,449
TRK,2245277,0.53712,-0.81330,0.16859,-0.14705,-0.0181,-0.0047,-0.0048,0.000,0.000,0.000,1,449
TRK,2245299,0.53716,-0.81327,0.16858,-0.14706,-0.0181,-0.0047,-0.0048,0.000,0.000,0.000,1,449
TRK,2245318,0.53719,-0.81326,0.16862,-0.14700,-0.0181,-0.0047,-0.0048,0.000,0.000,0.000,1,449
TRK,2245339,0.53706,-0.81334,0.16863,-0.14698,-0.0181,-0.0047,-0.0048,0.000,0.000,0.000,1,449
TRK,2245358,0.53698,-0.81339,0.16860,-0.14702,-0.0181,-0.0047,-0.0048,0.000,0.000,0.000,1,449
TRK,2245380,0.53704,-0.81335,0.16856,-0.14709,-0.0181,-0.0047,-0.0048,0.000,0.000,0.000,1,449
TRK,2245398,0.53707,-0.81333,0.16853,-0.14714,-0.0181,-0.0047,-0.0048,0.000,0.000,0.000,1,449
TRK,2245420,0.53701,-0.81337,0.16855,-0.14710,-0.0181,-0.0047,-0.0048,0.000,0.000,0.000,1,449
TRK,2245438,0.53702,-0.81336,0.16856,-0.14708,-0.0181,-0.0047,-0.0048,0.000,0.000,0.000,1,449
TRK,2245460,0.53709,-0.81332,0.16858,-0.14706,-0.0181,-0.0047,-0.0048,0.000,0.000,0.000,1,449
TRK,2245479,0.53705,-0.81335,0.16857,-0.14707,-0.0181,-0.0047,-0.0048,0.000,0.000,0.000,1,449
TRK,2245499,0.53696,-0.81341,0.16855,-0.14710,-0.0181,-0.0047,-0.0048,0.000,0.000,0.000,1,449
TRK,2245517,0.53696,-0.81340,0.16851,-0.14715,-0.0181,-0.0047,-0.0048,0.000,0.000,0.000,1,449
TRK,2245538,0.53701,-0.81337,0.16850,-0.14717,-0.0181,-0.0047,-0.0048,0.000,0.000,0.000,1,449
TRK,2245558,0.53702,-0.81336,0.16852,-0.14715,-0.0181,-0.0047,-0.0048,0.000,0.000,0.000,1,449
TRK,2245579,0.53712,-0.81330,0.16853,-0.14713,-0.0181,-0.0047,-0.0048,0.000,0.000,0.000,1,449
TRK,2245598,0.53719,-0.81325,0.16853,-0.14714,-0.0181,-0.0047,-0.0048,0.000,0.000,0.000,1,449
TRK,2245620,0.53713,-0.81329,0.16855,-0.14711,-0.0181,-0.0047,-0.0048,0.000,0.000,0.000,1,449
TRK,2245638,0.53714,-0.81328,0.16857,-0.14709,-0.0181,-0.0047,-0.0048,0.000,0.000,0.000,1,449
TRK,2245658,0.53724,-0.81322,0.16855,-0.14711,-0.0181,-0.0047,-0.0048,0.000,0.000,0.000,1,449
TRK,2245679,0.53729,-0.81319,0.16856,-0.14710,-0.0181,-0.0047,-0.0048,0.000,0.000,0.000,1,449
TRK,2245699,0.53726,-0.81321,0.16858,-0.14707,-0.0181,-0.0047,-0.0048,0.000,0.000,0.000,1,449
TRK,2245720,0.53725,-0.81321,0.16859,-0.14706,-0.0181,-0.0047,-0.0048,0.000,0.000,0.000,1,449
TRK,2245739,0.53728,-0.81319,0.16859,-0.14705,-0.0181,-0.0047,-0.0048,0.000,0.000,0.000,1,449
TRK,2245760,0.53722,-0.81323,0.16861,-0.14703,-0.0181,-0.0047,-0.0048,0.000,0.000,0.000,1,449
TRK,2245777,0.53720,-0.81325,0.16860,-0.14705,-0.0181,-0.0047,-0.0048,0.000,0.000,0.000,1,449
TRK,2245800,0.53721,-0.81323,0.16855,-0.14711,-0.0181,-0.0047,-0.0048,0.000,0.000,0.000,1,449
TRK,2245818,0.53719,-0.81325,0.16852,-0.14716,-0.0181,-0.0047,-0.0048,0.000,0.000,0.000,1,449
TRK,2245839,0.53721,-0.81323,0.16848,-0.14722,-0.0181,-0.0047,-0.0048,0.000,0.000,0.000,1,449
TRK,2245860,0.53726,-0.81320,0.16845,-0.14727,-0.0181,-0.0047,-0.0048,0.000,0.000,0.000,1,449
TRK,2245877,0.53726,-0.81320,0.16845,-0.14727,-0.0181,-0.0047,-0.0048,0.000,0.000,0.000,1,449
TRK,2245897,0.53717,-0.81326,0.16847,-0.14723,-0.0181,-0.0047,-0.0048,0.000,0.000,0.000,1,449
TRK,2245918,0.53719,-0.81325,0.16853,-0.14714,-0.0181,-0.0047,-0.0048,0.000,0.000,0.000,1,449
TRK,2245940,0.53718,-0.81326,0.16857,-0.14708,-0.0181,-0.0047,-0.0048,0.000,0.000,0.000,1,449
TRK,2245958,0.53710,-0.81331,0.16858,-0.14706,-0.0181,-0.0047,-0.0048,0.000,0.000,0.000,1,449
TRK,2245979,0.53706,-0.81334,0.16859,-0.14705,-0.0181,-0.0047,-0.0048,0.000,0.000,0.000,1,449
TRK,2245997,0.53711,-0.81330,0.16858,-0.14706,-0.0181,-0.0047,-0.0048,0.000,0.000,0.000,1,449
TRK,2246019,0.53709,-0.81332,0.16858,-0.14706,-0.0181,-0.0047,-0.0048,0.000,0.000,0.000,1,449
TRK,2246040,0.53699,-0.81339,0.16861,-0.14700,-0.0181,-0.0047,-0.0048,0.000,0.000,0.000,1,449
STAT,404.5,400.5,2,4,0,0.0168,0.482,0.0879,0.1155,-0.0565,9.8231,0.90,0.005
TRK,2246059,0.53702,-0.81337,0.16862,-0.14699,-0.0181,-0.0047,-0.0048,0.000,0.000,0.000,1,449
TRK,2246079,0.53708,-0.81333,0.16864,-0.14698,-0.0181,-0.0047,-0.0048,0.000,0.000,0.000,1,449
TRK,2246098,0.53705,-0.81335,0.16862,-0.14700,-0.0181,-0.0047,-0.0048,0.000,0.000,0.000,1,449
TRK,2246117,0.53700,-0.81338,0.16862,-0.14700,-0.0181,-0.0047,-0.0048,0.000,0.000,0.000,1,449
TRK,2246137,0.53706,-0.81334,0.16858,-0.14707,-0.0181,-0.0047,-0.0048,0.000,0.000,0.000,1,449
TRK,2246158,0.53716,-0.81327,0.16855,-0.14711,-0.0181,-0.0047,-0.0048,0.000,0.000,0.000,1,449
TRK,2246180,0.53716,-0.81327,0.16853,-0.14714,-0.0181,-0.0047,-0.0048,0.000,0.000,0.000,1,449
TRK,2246199,0.53717,-0.81326,0.16853,-0.14714,-0.0181,-0.0047,-0.0048,0.000,0.000,0.000,1,449
TRK,2246220,0.53721,-0.81324,0.16855,-0.14711,-0.0181,-0.0047,-0.0048,0.000,0.000,0.000,1,449
TRK,2246239,0.53725,-0.81321,0.16858,-0.14707,-0.0181,-0.0047,-0.0048,0.000,0.000,0.000,1,449
TRK,2246257,0.53718,-0.81326,0.16857,-0.14708,-0.0181,-0.0047,-0.0048,0.000,0.000,0.000,1,449
TRK,2246279,0.53717,-0.81327,0.16855,-0.14711,-0.0181,-0.0047,-0.0048,0.000,0.000,0.000,1,449
TRK,2246299,0.53717,-0.81326,0.16857,-0.14708,-0.0181,-0.0047,-0.0048,0.000,0.000,0.000,1,449
TRK,2246319,0.53715,-0.81328,0.16857,-0.14709,-0.0181,-0.0047,-0.0048,0.000,0.000,0.000,1,449
TRK,2246338,0.53714,-0.81328,0.16856,-0.14710,-0.0181,-0.0047,-0.0048,0.000,0.000,0.000,1,449
TRK,2246357,0.53712,-0.81330,0.16856,-0.14709,-0.0181,-0.0047,-0.0048,0.000,0.000,0.000,1,449
TRK,2246380,0.53711,-0.81330,0.16857,-0.14707,-0.0181,-0.0047,-0.0048,0.000,0.000,0.000,1,449
TRK,2246399,0.53712,-0.81330,0.16856,-0.14709,-0.0181,-0.0047,-0.0048,0.000,0.000,0.000,1,449
TRK,2246417,0.53717,-0.81326,0.16856,-0.14709,-0.0181,-0.0047,-0.0048,0.000,0.000,0.000,1,449
TRK,2246439,0.53721,-0.81324,0.16856,-0.14710,-0.0181,-0.0047,-0.0048,0.000,0.000,0.000,1,449
TRK,2246460,0.53726,-0.81320,0.16858,-0.14708,-0.0181,-0.0047,-0.0048,0.000,0.000,0.000,1,449
TRK,2246479,0.53724,-0.81322,0.16860,-0.14705,-0.0181,-0.0047,-0.0048,0.000,0.000,0.000,1,449
TRK,2246497,0.53723,-0.81322,0.16861,-0.14703,-0.0181,-0.0047,-0.0048,0.000,0.000,0.000,1,449
TRK,2246518,0.53717,-0.81327,0.16862,-0.14701,-0.0181,-0.0047,-0.0048,0.000,0.000,0.000,1,449
TRK,2246539,0.53713,-0.81330,0.16868,-0.14692,-0.0181,-0.0047,-0.0048,0.000,0.000,0.000,1,449
TRK,2246558,0.53709,-0.81333,0.16867,-0.14693,-0.0181,-0.0047,-0.0048,0.000,0.000,0.000,1,449
TRK,2246580,0.53698,-0.81340,0.16866,-0.14694,-0.0181,-0.0047,-0.0048,0.000,0.000,0.000,1,449
TRK,2246598,0.53696,-0.81341,0.16866,-0.14693,-0.0181,-0.0047,-0.0048,0.000,0.000,0.000,1,449
TRK,2246620,0.53696,-0.81341,0.16862,-0.14700,-0.0181,-0.0047,-0.0048,0.000,0.000,0.000,1,449
TRK,2246639,0.53699,-0.81339,0.16856,-0.14708,-0.0181,-0.0047,-0.0048,0.000,0.000,0.000,1,449
TRK,2246659,0.53696,-0.81341,0.16855,-0.14710,-0.0181,-0.0047,-0.0048,0.000,0.000,0.000,1,449
TRK,2246680,0.53693,-0.81342,0.16858,-0.14706,-0.0181,-0.0047,-0.0048,0.000,0.000,0.000,1,449
TRK,2246697,0.53698,-0.81339,0.16858,-0.14706,-0.0181,-0.0047,-0.0048,0.000,0.000,0.000,1,449
TRK,2246719,0.53698,-0.81339,0.16860,-0.14703,-0.0181,-0.0047,-0.0048,0.000,0.000,0.000,1,449
TRK,2246737,0.53694,-0.81342,0.16861,-0.14702,-0.0181,-0.0047,-0.0048,0.000,0.000,0.000,1,449
TRK,2246759,0.53697,-0.81340,0.16860,-0.14703,-0.0181,-0.0047,-0.0048,0.000,0.000,0.000,1,449
TRK,2246778,0.53700,-0.81338,0.16857,-0.14707,-0.0181,-0.0047,-0.0048,0.000,0.000,0.000,1,449
TRK,2246800,0.53696,-0.81341,0.16854,-0.14711,-0.0181,-0.0047,-0.0048,0.000,0.000,0.000,1,449
TRK,2246820,0.53690,-0.81344,0.16853,-0.14712,-0.0181,-0.0047,-0.0048,0.000,0.000,0.000,1,449
TRK,2246838,0.53686,-0.81347,0.16852,-0.14714,-0.0181,-0.0047,-0.0048,0.000,0.000,0.000,1,449
TRK,2246860,0.53687,-0.81346,0.16850,-0.14717,-0.0181,-0.0047,-0.0048,0.000,0.000,0.000,1,449
TRK,2246878,0.53683,-0.81349,0.16850,-0.14717,-0.0181,-0.0047,-0.0048,0.000,0.000,0.000,1,449
TRK,2246900,0.53676,-0.81354,0.16850,-0.14716,-0.0181,-0.0047,-0.0048,0.000,0.000,0.000,1,449
TRK,2246919,0.53676,-0.81354,0.16852,-0.14713,-0.0181,-0.0047,-0.0048,0.000,0.000,0.000,1,449
TRK,2246937,0.53674,-0.81355,0.16854,-0.14710,-0.0181,-0.0047,-0.0048,0.000,0.000,0.000,1,449
TRK,2246957,0.53676,-0.81354,0.16853,-0.14712,-0.0181,-0.0047,-0.0048,0.000,0.000,0.000,1,449
TRK,2246977,0.53678,-0.81352,0.16851,-0.14715,-0.0181,-0.0047,-0.0048,0.000,0.000,0.000,1,449
TRK,2246999,0.53682,-0.81349,0.16848,-0.14720,-0.0181,-0.0047,-0.0048,0.000,0.000,0.000,1,449
TRK,2247018,0.53686,-0.81347,0.16848,-0.14720,-0.0181,-0.0047,-0.0048,0.000,0.000,0.000,1,449
TRK,2247039,0.53691,-0.81343,0.16846,-0.14723,-0.0181,-0.0047,-0.0048,0.000,0.000,0.000,1,449
STAT,403.8,400.8,2,4,0,0.0269,0.228,0.0974,0.1272,-0.0341,9.8214,0.90,0.005
TRK,2247058,0.53694,-0.81341,0.16843,-0.14728,-0.0181,-0.0047,-0.0048,0.000,0.000,0.000,1,449
TRK,2247080,0.53700,-0.81337,0.16845,-0.14725,-0.0181,-0.0047,-0.0048,0.000,0.000,0.000,1,449
TRK,2247098,0.53702,-0.81336,0.16848,-0.14721,-0.0181,-0.0047,-0.0048,0.000,0.000,0.000,1,449
TRK,2247120,0.53700,-0.81337,0.16851,-0.14717,-0.0181,-0.0047,-0.0048,0.000,0.000,0.000,1,449
TRK,2247139,0.53701,-0.81337,0.16854,-0.14712,-0.0181,-0.0047,-0.0048,0.000,0.000,0.000,1,449
TRK,2247160,0.53698,-0.81339,0.16858,-0.14706,-0.0181,-0.0047,-0.0048,0.000,0.000,0.000,1,449
TRK,2247180,0.53699,-0.81338,0.16857,-0.14708,-0.0181,-0.0047,-0.0048,0.000,0.000,0.000,1,449
TRK,2247199,0.53698,-0.81339,0.16854,-0.14712,-0.0181,-0.0047,-0.0048,0.000,0.000,0.000,1,449
TRK,2247218,0.53699,-0.81338,0.16851,-0.14716,-0.0181,-0.0047,-0.0048,0.000,0.000,0.000,1,449
TRK,2247238,0.53697,-0.81339,0.16851,-0.14716,-0.0181,-0.0047,-0.0048,0.000,0.000,0.000,1,449
TRK,2247259,0.53692,-0.81343,0.16851,-0.14716,-0.0181,-0.0047,-0.0048,0.000,0.000,0.000,1,449
TRK,2247280,0.53690,-0.81345,0.16855,-0.14709,-0.0181,-0.0047,-0.0048,0.000,0.000,0.000,1,449
TRK,2247298,0.53690,-0.81345,0.16859,-0.14703,-0.0181,-0.0047,-0.0048,0.000,0.000,0.000,1,449
TRK,2247319,0.53691,-0.81344,0.16864,-0.14697,-0.0181,-0.0047,-0.0048,0.000,0.000,0.000,1,449
TRK,2247340,0.53692,-0.81344,0.16861,-0.14701,-0.0181,-0.0047,-0.0048,0.000,0.000,0.000,1,449
TRK,2247358,0.53692,-0.81343,0.16856,-0.14708,-0.0181,-0.0047,-0.0048,0.000,0.000,0.000,1,449
TRK,2247380,0.53688,-0.81345,0.16848,-0.14720,-0.0181,-0.0047,-0.0048,0.000,0.000,0.000,1,449
TRK,2247399,0.53685,-0.81347,0.16841,-0.14730,-0.0181,-0.0047,-0.0048,0.000,0.000,0.000,1,449
TRK,2247419,0.53685,-0.81347,0.16835,-0.14739,-0.0181,-0.0047,-0.0048,0.000,0.000,0.000,1,449
TRK,2247437,0.53687,-0.81345,0.16833,-0.14742,-0.0181,-0.0047,-0.0048,0.000,0.000,0.000,1,449
TRK,2247457,0.53687,-0.81345,0.16833,-0.14742,-0.0181,-0.0047,-0.0048,0.000,0.000,0.000,1,449
TRK,2247479,0.53690,-0.81343,0.16835,-0.14740,-0.0181,-0.0047,-0.0048,0.000,0.000,0.000,1,449
TRK,2247498,0.53694,-0.81340,0.16835,-0.14740,-0.0181,-0.0047,-0.0048,0.000,0.000,0.000,1,449
TRK,2247520,0.53698,-0.81338,0.16838,-0.14736,-0.0181,-0.0047,-0.0048,0.000,0.000,0.000,1,449
TRK,2247540,0.53703,-0.81335,0.16842,-0.14730,-0.0181,-0.0047,-0.0048,0.000,0.000,0.000,1,449
TRK,2247557,0.53705,-0.81333,0.16844,-0.14727,-0.0181,-0.0047,-0.0048,0.000,0.000,0.000,1,449
TRK,2247577,0.53708,-0.81331,0.16846,-0.14724,-0.0181,-0.0047,-0.0048,0.000,0.000,0.000,1,449
TRK,2247597,0.53711,-0.81330,0.16848,-0.14721,-0.0181,-0.0047,-0.0048,0.000,0.000,0.000,1,449
TRK,2247618,0.53718,-0.81325,0.16848,-0.14722,-0.0181,-0.0047,-0.0048,0.000,0.000,0.000,1,449
TRK,2247640,0.53718,-0.81325,0.16849,-0.14721,-0.0181,-0.0047,-0.0048,0.000,0.000,0.000,1,449
TRK,2247658,0.53719,-0.81324,0.16848,-0.14721,-0.0181,-0.0047,-0.0048,0.000,0.000,0.000,1,449
TRK,2247679,0.53718,-0.81325,0.16849,-0.14721,-0.0181,-0.0047,-0.0048,0.000,0.000,0.000,1,449
TRK,2247697,0.53720,-0.81324,0.16852,-0.14717,-0.0181,-0.0047,-0.0048,0.000,0.000,0.000,1,449
TRK,2247717,0.53713,-0.81328,0.16853,-0.14715,-0.0181,-0.0047,-0.0048,0.000,0.000,0.000,1,449
TRK,2247738,0.53709,-0.81331,0.16853,-0.14714,-0.0181,-0.0047,-0.0048,0.000,0.000,0.000,1,449
TRK,2247758,0.53711,-0.81331,0.16857,-0.14708,-0.0181,-0.0047,-0.0048,0.000,0.000,0.000,1,449
TRK,2247778,0.53713,-0.81329,0.16860,-0.14704,-0.0181,-0.0047,-0.0048,0.000,0.000,0.000,1,449
TRK,2247800,0.53716,-0.81327,0.16859,-0.14706,-0.0181,-0.0047,-0.0048,0.000,0.000,0.000,1,449
TRK,2247820,0.53719,-0.81326,0.16859,-0.14705,-0.0181,-0.0047,-0.0048,0.000,0.000,0.000,1,449
TRK,2247838,0.53720,-0.81324,0.16857,-0.14709,-0.0181,-0.0047,-0.0048,0.000,0.000,0.000,1,449
TRK,2247860,0.53715,-0.81328,0.16854,-0.14712,-0.0181,-0.0047,-0.0048,0.000,0.000,0.000,1,449
TRK,2247879,0.53708,-0.81333,0.16854,-0.14712,-0.0181,-0.0047,-0.0048,0.000,0.000,0.000,1,449
TRK,2247900,0.53705,-0.81334,0.16855,-0.14711,-0.0181,-0.0047,-0.0048,0.000,0.000,0.000,1,449
TRK,2247920,0.53701,-0.81337,0.16854,-0.14713,-0.0181,-0.0047,-0.0048,0.000,0.000,0.000,1,449
TRK,2247940,0.53691,-0.81344,0.16853,-0.14714,-0.0181,-0.0047,-0.0048,0.000,0.000,0.000,1,449
TRK,2247958,0.53690,-0.81345,0.16853,-0.14713,-0.0181,-0.0047,-0.0048,0.000,0.000,0.000,1,449
TRK,2247978,0.53693,-0.81342,0.16853,-0.14712,-0.0181,-0.0047,-0.0048,0.000,0.000,0.000,1,449
TRK,2247999,0.53696,-0.81340,0.16852,-0.14715,-0.0181,-0.0047,-0.0048,0.000,0.000,0.000,1,449
TRK,2248020,0.53699,-0.81338,0.16854,-0.14712,-0.0181,-0.0047,-0.0048,0.000,0.000,0.000,1,449
TRK,2248038,0.53700,-0.81337,0.16852,-0.14716,-0.0181,-0.0047,-0.0048,0.000,0.000,0.000,1,449
STAT,403.8,400.8,2,4,0,0.0248,0.298,0.0993,0.1172,-0.0500,9.8210,0.90,0.005
TRK,2248060,0.53707,-0.81333,0.16849,-0.14719,-0.0181,-0.0047,-0.0048,0.000,0.000,0.000,1,449
TRK,2248078,0.53712,-0.81330,0.16851,-0.14717,-0.0181,-0.0047,-0.0048,0.000,0.000,0.000,1,449
TRK,2248100,0.53716,-0.81326,0.16852,-0.14716,-0.0181,-0.0047,-0.0048,0.000,0.000,0.000,1,449
TRK,2248118,0.53721,-0.81324,0.16854,-0.14714,-0.0181,-0.0047,-0.0048,0.000,0.000,0.000,1,449
TRK,2248139,0.53723,-0.81322,0.16857,-0.14709,-0.0181,-0.0047,-0.0048,0.000,0.000,0.000,1,449
TRK,2248159,0.53723,-0.81323,0.16858,-0.14707,-0.0181,-0.0047,-0.0048,0.000,0.000,0.000,1,449
TRK,2248178,0.53721,-0.81324,0.16859,-0.14706,-0.0181,-0.0047,-0.0048,0.000,0.000,0.000,1,449
TRK,2248200,0.53719,-0.81325,0.16858,-0.14707,-0.0181,-0.0047,-0.0048,0.000,0.000,0.000,1,449
TRK,2248218,0.53715,-0.81328,0.16858,-0.14707,-0.0181,-0.0047,-0.0048,0.000,0.000,0.000,1,449
TRK,2248240,0.53713,-0.81329,0.16857,-0.14709,-0.0181,-0.0047,-0.0048,0.000,0.000,0.000,1,449
TRK,2248258,0.53713,-0.81329,0.16858,-0.14707,-0.0181,-0.0047,-0.0048,0.000,0.000,0.000,1,449
TRK,2248280,0.53711,-0.81331,0.16860,-0.14704,-0.0181,-0.0047,-0.0048,0.000,0.000,0.000,1,449
TRK,2248298,0.53713,-0.81329,0.16862,-0.14701,-0.0181,-0.0047,-0.0048,0.000,0.000,0.000,1,449
TRK,2248319,0.53716,-0.81327,0.16863,-0.14699,-0.0181,-0.0047,-0.0048,0.000,0.000,0.000,1,449
TRK,2248340,0.53715,-0.81328,0.16865,-0.14697,-0.0181,-0.0047,-0.0048,0.000,0.000,0.000,1,449
TRK,2248358,0.53711,-0.81331,0.16864,-0.14697,-0.0181,-0.0047,-0.0048,0.000,0.000,0.000,1,449
TRK,2248380,0.53706,-0.81334,0.16864,-0.14698,-0.0181,-0.0047,-0.0048,0.000,0.000,0.000,1,449
TRK,2248400,0.53701,-0.81337,0.16863,-0.14699,-0.0181,-0.0047,-0.0048,0.000,0.000,0.000,1,449
TRK,2248419,0.53699,-0.81339,0.16862,-0.14699,-0.0181,-0.0047,-0.0048,0.000,0.000,0.000,1,449
TRK,2248438,0.53697,-0.81340,0.16863,-0.14698,-0.0181,-0.0047,-0.0048,0.000,0.000,0.000,1,449
TRK,2248458,0.53695,-0.81342,0.16864,-0.14697,-0.0181,-0.0047,-0.0048,0.000,0.000,0.000,1,449
TRK,2248479,0.53693,-0.81343,0.16862,-0.14700,-0.0181,-0.0047,-0.0048,0.000,0.000,0.000,1,449
TRK,2248498,0.53692,-0.81343,0.16864,-0.14697,-0.0181,-0.0047,-0.0048,0.000,0.000,0.000,1,449
TRK,2248520,0.53689,-0.81346,0.16864,-0.14696,-0.0181,-0.0047,-0.0048,0.000,0.000,0.000,1,449
TRK,2248538,0.53688,-0.81347,0.16864,-0.14696,-0.0181,-0.0047,-0.0048,0.000,0.000,0.000,1,449
TRK,2248560,0.53692,-0.81344,0.16863,-0.14698,-0.0181,-0.0047,-0.0048,0.000,0.000,0.000,1,449
TRK,2248578,0.53691,-0.81344,0.16861,-0.14702,-0.0181,-0.0047,-0.0048,0.000,0.000,0.000,1,449
TRK,2248600,0.53697,-0.81340,0.16858,-0.14705,-0.0181,-0.0047,-0.0048,0.000,0.000,0.000,1,449
TRK,2248620,0.53701,-0.81337,0.16857,-0.14708,-0.0181,-0.0047,-0.0048,0.000,0.000,0.000,1,449
TRK,2248639,0.53700,-0.81338,0.16852,-0.14714,-0.0181,-0.0047,-0.0048,0.000,0.000,0.000,1,449
TRK,2248657,0.53703,-0.81336,0.16853,-0.14714,-0.0181,-0.0047,-0.0048,0.000,0.000,0.000,1,449
TRK,2248679,0.53706,-0.81334,0.16855,-0.14710,-0.0181,-0.0047,-0.0048,0.000,0.000,0.000,1,449
TRK,2248698,0.53710,-0.81331,0.16857,-0.14708,-0.0181,-0.0047,-0.0048,0.000,0.000,0.000,1,449
TRK,2248719,0.53709,-0.81332,0.16857,-0.14707,-0.0181,-0.0047,-0.0048,0.000,0.000,0.000,1,449
TRK,2248738,0.53709,-0.81331,0.16858,-0.14707,-0.0181,-0.0047,-0.0048,0.000,0.000,0.000,1,449
TRK,2248758,0.53707,-0.81333,0.16858,-0.14706,-0.0181,-0.0047,-0.0048,0.000,0.000,0.000,1,449
TRK,2248778,0.53703,-0.81336,0.16857,-0.14708,-0.0181,-0.0047,-0.0048,0.000,0.000,0.000,1,449
TRK,2248798,0.53702,-0.81337,0.16857,-0.14708,-0.0181,-0.0047,-0.0048,0.000,0.000,0.000,1,449
TRK,2248818,0.53700,-0.81338,0.16857,-0.14707,-0.0181,-0.0047,-0.0048,0.000,0.000,0.000,1,449
TRK,2248839,0.53690,-0.81344,0.16856,-0.14709,-0.0181,-0.0047,-0.0048,0.000,0.000,0.000,1,449
TRK,2248859,0.53686,-0.81347,0.16856,-0.14708,-0.0181,-0.0047,-0.0048,0.000,0.000,0.000,1,449
TRK,2248880,0.53682,-0.81350,0.16855,-0.14709,-0.0181,-0.0047,-0.0048,0.000,0.000,0.000,1,449
TRK,2248898,0.53682,-0.81350,0.16856,-0.14707,-0.0181,-0.0047,-0.0048,0.000,0.000,0.000,1,449
TRK,2248918,0.53682,-0.81350,0.16855,-0.14709,-0.0181,-0.0047,-0.0048,0.000,0.000,0.000,1,449
TRK,2248938,0.53682,-0.81349,0.16854,-0.14711,-0.0181,-0.0047,-0.0048,0.000,0.000,0.000,1,449
TRK,2248959,0.53686,-0.81347,0.16852,-0.14714,-0.0181,-0.0047,-0.0048,0.000,0.000,0.000,1,449
TRK,2248979,0.53688,-0.81345,0.16850,-0.14717,-0.0181,-0.0047,-0.0048,0.000,0.000,0.000,1,449
TRK,2248998,0.53691,-0.81343,0.16847,-0.14722,-0.0181,-0.0047,-0.0048,0.000,0.000,0.000,1,449
TRK,2249020,0.53697,-0.81339,0.16845,-0.14726,-0.0181,-0.0047,-0.0048,0.000,0.000,0.000,1,449
TRK,2249037,0.53700,-0.81337,0.16842,-0.14729,-0.0181,-0.0047,-0.0048,0.000,0.000,0.000,1,449
STAT,404.0,400.5,2,4,0,0.0240,0.250,0.1085,0.1141,-0.0471,9.8191,0.90,0.005
TRK,2249057,0.53699,-0.81338,0.16842,-0.14730,-0.0181,-0.0047,-0.0048,0.000,0.000,0.000,1,449
TRK,2249078,0.53698,-0.81338,0.16843,-0.14728,-0.0181,-0.0047,-0.0048,0.000,0.000,0.000,1,449
TRK,2249100,0.53697,-0.81339,0.16846,-0.14723,-0.0181,-0.0047,-0.0048,0.000,0.000,0.000,1,449
TRK,2249119,0.53696,-0.81340,0.16849,-0.14720,-0.0181,-0.0047,-0.0048,0.000,0.000,0.000,1,449
TRK,2249137,0.53690,-0.81344,0.16851,-0.14715,-0.0181,-0.0047,-0.0048,0.000,0.000,0.000,1,449
TRK,2249159,0.53688,-0.81345,0.16851,-0.14716,-0.0181,-0.0047,-0.0048,0.000,0.000,0.000,1,449
TRK,2249177,0.53688,-0.81345,0.16852,-0.14714,-0.0181,-0.0047,-0.0048,0.000,0.000,0.000,1,449
TRK,2249199,0.53685,-0.81348,0.16849,-0.14718,-0.0181,-0.0047,-0.0048,0.000,0.000,0.000,1,449
TRK,2249219,0.53681,-0.81350,0.16849,-0.14718,-0.0181,-0.0047,-0.0048,0.000,0.000,0.000,1,449
TRK,2249238,0.53682,-0.81350,0.16850,-0.14717,-0.0181,-0.0047,-0.0048,0.000,0.000,0.000,1,449
TRK,2249260,0.53684,-0.81348,0.16848,-0.14720,-0.0181,-0.0047,-0.0048,0.000,0.000,0.000,1,449
TRK,2249278,0.53687,-0.81346,0.16850,-0.14717,-0.0181,-0.0047,-0.0048,0.000,0.000,0.000,1,449
TRK,2249298,0.53694,-0.81342,0.16856,-0.14709,-0.0181,-0.0047,-0.0048,0.000,0.000,0.000,1,449
TRK,2249319,0.53697,-0.81340,0.16858,-0.14707,-0.0181,-0.0047,-0.0048,0.000,0.000,0.000,1,449
TRK,2249340,0.53697,-0.81340,0.16857,-0.14707,-0.0181,-0.0047,-0.0048,0.000,0.000,0.000,1,449
TRK,2249360,0.53697,-0.81340,0.16859,-0.14704,-0.0181,-0.0047,-0.0048,0.000,0.000,0.000,1,449
TRK,2249379,0.53696,-0.81340,0.16860,-0.14703,-0.0181,-0.0047,-0.0048,0.000,0.000,0.000,1,449
TRK,2249397,0.53694,-0.81342,0.16861,-0.14702,-0.0181,-0.0047,-0.0048,0.000,0.000,0.000,1,449
TRK,2249419,0.53693,-0.81343,0.16862,-0.14700,-0.0181,-0.0047,-0.0048,0.000,0.000,0.000,1,449
TRK,2249439,0.53695,-0.81342,0.16862,-0.14699,-0.0181,-0.0047,-0.0048,0.000,0.000,0.000,1,449
TRK,2249459,0.53694,-0.81342,0.16863,-0.14698,-0.0181,-0.0047,-0.0048,0.000,0.000,0.000,1,449
TRK,2249478,0.53694,-0.81342,0.16861,-0.14702,-0.0181,-0.0047,-0.0048,0.000,0.000,0.000,1,449
TRK,2249497,0.53697,-0.81340,0.16857,-0.14707,-0.0181,-0.0047,-0.0048,0.000,0.000,0.000,1,449
TRK,2249517,0.53697,-0.81340,0.16855,-0.14710,-0.0181,-0.0047,-0.0048,0.000,0.000,0.000,1,449
TRK,2249540,0.53697,-0.81340,0.16855,-0.14711,-0.0181,-0.0047,-0.0048,0.000,0.000,0.000,1,449
TRK,2249559,0.53700,-0.81338,0.16855,-0.14710,-0.0181,-0.0047,-0.0048,0.000,0.000,0.000,1,449
TRK,2249577,0.53698,-0.81339,0.16857,-0.14708,-0.0181,-0.0047,-0.0048,0.000,0.000,0.000,1,449
TRK,2249599,0.53698,-0.81339,0.16860,-0.14704,-0.0181,-0.0047,-0.0048,0.000,0.000,0.000,1,449
TRK,2249617,0.53696,-0.81341,0.16863,-0.14699,-0.0181,-0.0047,-0.0048,0.000,0.000,0.000,1,449
TRK,2249639,0.53695,-0.81342,0.16865,-0.14696,-0.0181,-0.0047,-0.0048,0.000,0.000,0.000,1,449
TRK,2249658,0.53694,-0.81342,0.16867,-0.14692,-0.0181,-0.0047,-0.0048,0.000,0.000,0.000,1,449
TRK,2249679,0.53692,-0.81344,0.16871,-0.14687,-0.0181,-0.0047,-0.0048,0.000,0.000,0.000,1,449
TRK,2249698,0.53694,-0.81343,0.16872,-0.14684,-0.0181,-0.0047,-0.0048,0.000,0.000,0.000,1,449
TRK,2249720,0.53690,-0.81346,0.16873,-0.14683,-0.0181,-0.0047,-0.0048,0.000,0.000,0.000,1,449
TRK,2249738,0.53692,-0.81344,0.16872,-0.14685,-0.0181,-0.0047,-0.0048,0.000,0.000,0.000,1,449
TRK,2249757,0.53696,-0.81342,0.16874,-0.14683,-0.0181,-0.0047,-0.0048,0.000,0.000,0.000,1,449
TRK,2249780,0.53696,-0.81341,0.16875,-0.14681,-0.0181,-0.0047,-0.0048,0.000,0.000,0.000,1,449
TRK,2249799,0.53702,-0.81338,0.16878,-0.14677,-0.0181,-0.0047,-0.0048,0.000,0.000,0.000,1,449
TRK,2249817,0.53703,-0.81337,0.16880,-0.14674,-0.0181,-0.0047,-0.0048,0.000,0.000,0.000,1,449
TRK,2249839,0.53703,-0.81337,0.16883,-0.14669,-0.0181,-0.0047,-0.0048,0.000,0.000,0.000,1,449
TRK,2249857,0.53705,-0.81336,0.16884,-0.14667,-0.0181,-0.0047,-0.0048,0.000,0.000,0.000,1,449
TRK,2249879,0.53703,-0.81337,0.16885,-0.14666,-0.0181,-0.0047,-0.0048,0.000,0.000,0.000,1,449
TRK,2249898,0.53702,-0.81339,0.16887,-0.14663,-0.0181,-0.0047,-0.0048,0.000,0.000,0.000,1,449
TRK,2249918,0.53701,-0.81339,0.16886,-0.14664,-0.0181,-0.0047,-0.0048,0.000,0.000,0.000,1,449
TRK,2249938,0.53704,-0.81337,0.16885,-0.14667,-0.0181,-0.0047,-0.0048,0.000,0.000,0.000,1,449
TRK,2249958,0.53704,-0.81337,0.16884,-0.14668,-0.0181,-0.0047,-0.0048,0.000,0.000,0.000,1,449
TRK,2249980,0.53703,-0.81337,0.16877,-0.14678,-0.0181,-0.0047,-0.0048,0.000,0.000,0.000,1,449
TRK,2249998,0.53703,-0.81337,0.16871,-0.14687,-0.0181,-0.0047,-0.0048,0.000,0.000,0.000,1,449
TRK,2250020,0.53703,-0.81336,0.16866,-0.14694,-0.0181,-0.0047,-0.0048,0.000,0.000,0.000,1,449
TRK,2250038,0.53702,-0.81337,0.16863,-0.14698,-0.0181,-0.0047,-0.0048,0.000,0.000,0.000,1,449
STAT,404.0,400.5,2,4,0,0.0211,0.182,0.1094,0.0958,-0.0602,9.8194,0.90,0.005
TRK,2250060,0.53701,-0.81338,0.16861,-0.14702,-0.0181,-0.0047,-0.0048,0.000,0.000,0.000,1,449
TRK,2250079,0.53700,-0.81338,0.16861,-0.14702,-0.0181,-0.0047,-0.0048,0.000,0.000,0.000,1,449
TRK,2250099,0.53695,-0.81342,0.16859,-0.14705,-0.0181,-0.0047,-0.0048,0.000,0.000,0.000,1,449
TRK,2250117,0.53692,-0.81344,0.16859,-0.14704,-0.0181,-0.0047,-0.0048,0.000,0.000,0.000,1,449
TRK,2250139,0.53691,-0.81344,0.16857,-0.14707,-0.0181,-0.0047,-0.0048,0.000,0.000,0.000,1,449
TRK,2250158,0.53692,-0.81343,0.16853,-0.14712,-0.0181,-0.0047,-0.0048,0.000,0.000,0.000,1,449
TRK,2250179,0.53694,-0.81341,0.16853,-0.14714,-0.0181,-0.0047,-0.0048,0.000,0.000,0.000,1,449
TRK,2250198,0.53694,-0.81342,0.16854,-0.14712,-0.0181,-0.0047,-0.0048,0.000,0.000,0.000,1,449
TRK,2250220,0.53695,-0.81342,0.16858,-0.14706,-0.0181,-0.0047,-0.0048,0.000,0.000,0.000,1,449
TRK,2250240,0.53698,-0.81340,0.16861,-0.14702,-0.0181,-0.0047,-0.0048,0.000,0.000,0.000,1,449
TRK,2250258,0.53696,-0.81341,0.16861,-0.14701,-0.0181,-0.0047,-0.0048,0.000,0.000,0.000,1,449
TRK,2250280,0.53691,-0.81344,0.16861,-0.14702,-0.0181,-0.0047,-0.0048,0.000,0.000,0.000,1,449
TRK,2250300,0.53690,-0.81345,0.16858,-0.14705,-0.0181,-0.0047,-0.0048,0.000,0.000,0.000,1,449
TRK,2250320,0.53689,-0.81345,0.16859,-0.14705,-0.0181,-0.0047,-0.0048,0.000,0.000,0.000,1,449
TRK,2250340,0.53690,-0.81345,0.16862,-0.14700,-0.0181,-0.0047,-0.0048,0.000,0.000,0.000,1,449
TRK,2250359,0.53693,-0.81343,0.16866,-0.14694,-0.0181,-0.0047,-0.0048,0.000,0.000,0.000,1,449
TRK,2250378,0.53692,-0.81344,0.16873,-0.14683,-0.0181,-0.0047,-0.0048,0.000,0.000,0.000,1,449
TRK,2250398,0.53690,-0.81346,0.16874,-0.14681,-0.0181,-0.0047,-0.0048,0.000,0.000,0.000,1,449
TRK,2250418,0.53689,-0.81346,0.16874,-0.14682,-0.0181,-0.0047,-0.0048,0.000,0.000,0.000,1,449
TRK,2250438,0.53689,-0.81346,0.16869,-0.14689,-0.0181,-0.0047,-0.0048,0.000,0.000,0.000,1,449
TRK,2250460,0.53688,-0.81346,0.16862,-0.14700,-0.0181,-0.0047,-0.0048,0.000,0.000,0.000,1,449
TRK,2250480,0.53690,-0.81345,0.16858,-0.14706,-0.0181,-0.0047,-0.0048,0.000,0.000,0.000,1,449
TRK,2250498,0.53697,-0.81340,0.16856,-0.14710,-0.0181,-0.0047,-0.0048,0.000,0.000,0.000,1,449
TRK,2250520,0.53701,-0.81337,0.16857,-0.14708,-0.0181,-0.0047,-0.0048,0.000,0.000,0.000,1,449
TRK,2250539,0.53700,-0.81338,0.16858,-0.14707,-0.0181,-0.0047,-0.0048,0.000,0.000,0.000,1,449
TRK,2250559,0.53696,-0.81340,0.16857,-0.14707,-0.0181,-0.0047,-0.0048,0.000,0.000,0.000,1,449
TRK,2250579,0.53700,-0.81338,0.16859,-0.14705,-0.0181,-0.0047,-0.0048,0.000,0.000,0.000,1,449
TRK,2250597,0.53695,-0.81341,0.16856,-0.14709,-0.0181,-0.0047,-0.0048,0.000,0.000,0.000,1,449
TRK,2250619,0.53689,-0.81345,0.16854,-0.14712,-0.0181,-0.0047,-0.0048,0.000,0.000,0.000,1,449
TRK,2250640,0.53685,-0.81348,0.16855,-0.14710,-0.0181,-0.0047,-0.0048,0.000,0.000,0.000,1,449
TRK,2250660,0.53680,-0.81351,0.16854,-0.14711,-0.0181,-0.0047,-0.0048,0.000,0.000,0.000,1,449
TRK,2250680,0.53682,-0.81350,0.16854,-0.14711,-0.0181,-0.0047,-0.0048,0.000,0.000,0.000,1,449
TRK,2250698,0.53689,-0.81345,0.16858,-0.14706,-0.0181,-0.0047,-0.0048,0.000,0.000,0.000,1,449
TRK,2250720,0.53694,-0.81342,0.16865,-0.14696,-0.0181,-0.0047,-0.0048,0.000,0.000,0.000,1,449
TRK,2250740,0.53705,-0.81335,0.16868,-0.14691,-0.0181,-0.0047,-0.0048,0.000,0.000,0.000,1,449
TRK,2250759,0.53710,-0.81332,0.16871,-0.14688,-0.0181,-0.0047,-0.0048,0.000,0.000,0.000,1,449
TRK,2250777,0.53711,-0.81331,0.16872,-0.14685,-0.0181,-0.0047,-0.0048,0.000,0.000,0.000,1,449
TRK,2250799,0.53710,-0.81332,0.16874,-0.14683,-0.0181,-0.0047,-0.0048,0.000,0.000,0.000,1,449
TRK,2250820,0.53706,-0.81334,0.16872,-0.14686,-0.0181,-0.0047,-0.0048,0.000,0.000,0.000,1,449
TRK,2250839,0.53704,-0.81336,0.16871,-0.14686,-0.0181,-0.0047,-0.0048,0.000,0.000,0.000,1,449
TRK,2250857,0.53702,-0.81337,0.16867,-0.14693,-0.0181,-0.0047,-0.0048,0.000,0.000,0.000,1,449
TRK,2250878,0.53702,-0.81337,0.16865,-0.14696,-0.0181,-0.0047,-0.0048,0.000,0.000,0.000,1,449
TRK,2250898,0.53696,-0.81340,0.16861,-0.14701,-0.0181,-0.0047,-0.0048,0.000,0.000,0.000,1,449
TRK,2250918,0.53693,-0.81343,0.16862,-0.14701,-0.0181,-0.0047,-0.0048,0.000,0.000,0.000,1,449
TRK,2250940,0.53690,-0.81345,0.16860,-0.14703,-0.0181,-0.0047,-0.0048,0.000,0.000,0.000,1,449
TRK,2250960,0.53687,-0.81347,0.16863,-0.14699,-0.0181,-0.0047,-0.0048,0.000,0.000,0.000,1,449
TRK,2250980,0.53685,-0.81348,0.16866,-0.14694,-0.0181,-0.0047,-0.0048,0.000,0.000,0.000,1,449
TRK,2251000,0.53687,-0.81347,0.16871,-0.14686,-0.0181,-0.0047,-0.0048,0.000,0.000,0.000,1,449
TRK,2251020,0.53688,-0.81347,0.16872,-0.14685,-0.0181,-0.0047,-0.0048,0.000,0.000,0.000,1,449
TRK,2251039,0.53690,-0.81345,0.16872,-0.14685,-0.0181,-0.0047,-0.0048,0.000,0.000,0.000,1,449
STAT,404.5,401.0,2,4,0,0.0271,0.260,0.1016,0.0954,-0.0578,9.8196,0.90,0.005
TRK,2251058,0.53694,-0.81343,0.16872,-0.14685,-0.0181,-0.0047,-0.0048,0.000,0.000,0.000,1,449
TRK,2251079,0.53699,-0.81339,0.16871,-0.14686,-0.0181,-0.0047,-0.0048,0.000,0.000,0.000,1,449
TRK,2251098,0.53703,-0.81336,0.16870,-0.14688,-0.0181,-0.0047,-0.0048,0.000,0.000,0.000,1,449
TRK,2251120,0.53708,-0.81333,0.16871,-0.14687,-0.0181,-0.0047,-0.0048,0.000,0.000,0.000,1,449
TRK,2251138,0.53707,-0.81334,0.16871,-0.14687,-0.0181,-0.0047,-0.0048,0.000,0.000,0.000,1,449
TRK,2251160,0.53700,-0.81339,0.16871,-0.14687,-0.0181,-0.0047,-0.0048,0.000,0.000,0.000,1,449
TRK,2251178,0.53700,-0.81339,0.16871,-0.14686,-0.0181,-0.0047,-0.0048,0.000,0.000,0.000,1,449
TRK,2251200,0.53699,-0.81339,0.16867,-0.14693,-0.0181,-0.0047,-0.0048,0.000,0.000,0.000,1,449
TRK,2251218,0.53699,-0.81339,0.16864,-0.14697,-0.0181,-0.0047,-0.0048,0.000,0.000,0.000,1,449
TRK,2251240,0.53701,-0.81337,0.16864,-0.14698,-0.0181,-0.0047,-0.0048,0.000,0.000,0.000,1,449
TRK,2251258,0.53706,-0.81334,0.16863,-0.14699,-0.0181,-0.0047,-0.0048,0.000,0.000,0.000,1,449
TRK,2251280,0.53710,-0.81332,0.16863,-0.14700,-0.0181,-0.0047,-0.0048,0.000,0.000,0.000,1,449
TRK,2251300,0.53708,-0.81333,0.16862,-0.14701,-0.0181,-0.0047,-0.0048,0.000,0.000,0.000,1,449
TRK,2251318,0.53706,-0.81334,0.16859,-0.14705,-0.0181,-0.0047,-0.0048,0.000,0.000,0.000,1,449
TRK,2251340,0.53703,-0.81336,0.16857,-0.14708,-0.0181,-0.0047,-0.0048,0.000,0.000,0.000,1,449
TRK,2251358,0.53702,-0.81336,0.16860,-0.14704,-0.0181,-0.0047,-0.0048,0.000,0.000,0.000,1,449
TRK,2251378,0.53704,-0.81335,0.16859,-0.14706,-0.0181,-0.0047,-0.0048,0.000,0.000,0.000,1,449
TRK,2251400,0.53707,-0.81333,0.16859,-0.14706,-0.0181,-0.0047,-0.0048,0.000,0.000,0.000,1,449
TRK,2251418,0.53708,-0.81332,0.16859,-0.14705,-0.0181,-0.0047,-0.0048,0.000,0.000,0.000,1,449
TRK,2251440,0.53711,-0.81331,0.16857,-0.14708,-0.0181,-0.0047,-0.0048,0.000,0.000,0.000,1,449
TRK,2251458,0.53713,-0.81329,0.16857,-0.14709,-0.0181,-0.0047,-0.0048,0.000,0.000,0.000,1,449
TRK,2251480,0.53711,-0.81330,0.16856,-0.14711,-0.0181,-0.0047,-0.0048,0.000,0.000,0.000,1,449
TRK,2251498,0.53706,-0.81334,0.16854,-0.14712,-0.0181,-0.0047,-0.0048,0.000,0.000,0.000,1,449
TRK,2251520,0.53701,-0.81337,0.16856,-0.14709,-0.0181,-0.0047,-0.0048,0.000,0.000,0.000,1,449
TRK,2251540,0.53699,-0.81338,0.16856,-0.14710,-0.0181,-0.0047,-0.0048,0.000,0.000,0.000,1,449
TRK,2251558,0.53700,-0.81338,0.16859,-0.14705,-0.0181,-0.0047,-0.0048,0.000,0.000,0.000,1,449
TRK,2251578,0.53700,-0.81338,0.16862,-0.14700,-0.0181,-0.0047,-0.0048,0.000,0.000,0.000,1,449
TRK,2251598,0.53705,-0.81335,0.16864,-0.14698,-0.0181,-0.0047,-0.0048,0.000,0.000,0.000,1,449
TRK,2251618,0.53708,-0.81333,0.16863,-0.14700,-0.0181,-0.0047,-0.0048,0.000,0.000,0.000,1,449
TRK,2251638,0.53708,-0.81333,0.16864,-0.14697,-0.0181,-0.0047,-0.0048,0.000,0.000,0.000,1,449
TRK,2251659,0.53704,-0.81335,0.16863,-0.14700,-0.0181,-0.0047,-0.0048,0.000,0.000,0.000,1,449
TRK,2251679,0.53700,-0.81338,0.16862,-0.14701,-0.0181,-0.0047,-0.0048,0.000,0.000,0.000,1,449
TRK,2251697,0.53696,-0.81341,0.16860,-0.14704,-0.0181,-0.0047,-0.0048,0.000,0.000,0.000,1,449
TRK,2251717,0.53694,-0.81342,0.16858,-0.14705,-0.0181,-0.0047,-0.0048,0.000,0.000,0.000,1,449
TRK,2251739,0.53692,-0.81343,0.16857,-0.14708,-0.0181,-0.0047,-0.0048,0.000,0.000,0.000,1,449
TRK,2251760,0.53693,-0.81343,0.16855,-0.14710,-0.0181,-0.0047,-0.0048,0.000,0.000,0.000,1,449
TRK,2251779,0.53700,-0.81338,0.16855,-0.14711,-0.0181,-0.0047,-0.0048,0.000,0.000,0.000,1,449
TRK,2251797,0.53706,-0.81334,0.16855,-0.14711,-0.0181,-0.0047,-0.0048,0.000,0.000,0.000,1,449
TRK,2251819,0.53709,-0.81332,0.16861,-0.14703,-0.0181,-0.0047,-0.0048,0.000,0.000,0.000,1,449
TRK,2251837,0.53710,-0.81331,0.16864,-0.14699,-0.0181,-0.0047,-0.0048,0.000,0.000,0.000,1,449
TRK,2251859,0.53706,-0.81334,0.16866,-0.14695,-0.0181,-0.0047,-0.0048,0.000,0.000,0.000,1,449
TRK,2251879,0.53703,-0.81336,0.16867,-0.14693,-0.0181,-0.0047,-0.0048,0.000,0.000,0.000,1,449
TRK,2251900,0.53704,-0.81336,0.16869,-0.14691,-0.0181,-0.0047,-0.0048,0.000,0.000,0.000,1,449
TRK,2251920,0.53702,-0.81337,0.16868,-0.14692,-0.0181,-0.0047,-0.0048,0.000,0.000,0.000,1,449
TRK,2251940,0.53701,-0.81338,0.16867,-0.14694,-0.0181,-0.0047,-0.0048,0.000,0.000,0.000,1,449
TRK,2251959,0.53697,-0.81340,0.16864,-0.14697,-0.0181,-0.0047,-0.0048,0.000,0.000,0.000,1,449
TRK,2251979,0.53690,-0.81345,0.16863,-0.14699,-0.0181,-0.0047,-0.0048,0.000,0.000,0.000,1,449
TRK,2251997,0.53686,-0.81347,0.16857,-0.14707,-0.0181,-0.0047,-0.0048,0.000,0.000,0.000,1,449
TRK,2252019,0.53686,-0.81347,0.16855,-0.14711,-0.0181,-0.0047,-0.0048,0.000,0.000,0.000,1,449
TRK,2252037,0.53684,-0.81348,0.16851,-0.14716,-0.0181,-0.0047,-0.0048,0.000,0.000,0.000,1,449
STAT,404.5,401.0,2,4,0,0.0241,0.284,0.1095,0.1073,-0.0578,9.8232,0.90,0.005
TRK,2252059,0.53682,-0.81349,0.16847,-0.14722,-0.0181,-0.0047,-0.0048,0.000,0.000,0.000,1,449
TRK,2252077,0.53681,-0.81350,0.16843,-0.14728,-0.0181,-0.0047,-0.0048,0.000,0.000,0.000,1,449
TRK,2252100,0.53682,-0.81349,0.16842,-0.14729,-0.0181,-0.0047,-0.0048,0.000,0.000,0.000,1,449
TRK,2252120,0.53679,-0.81351,0.16843,-0.14728,-0.0181,-0.0047,-0.0048,0.000,0.000,0.000,1,449
TRK,2252140,0.53674,-0.81354,0.16843,-0.14728,-0.0181,-0.0047,-0.0048,0.000,0.000,0.000,1,449
TRK,2252160,0.53671,-0.81356,0.16843,-0.14727,-0.0181,-0.0047,-0.0048,0.000,0.000,0.000,1,449
TRK,2252180,0.53673,-0.81355,0.16846,-0.14723,-0.0181,-0.0047,-0.0048,0.000,0.000,0.000,1,449
TRK,2252198,0.53675,-0.81354,0.16848,-0.14719,-0.0181,-0.0047,-0.0048,0.000,0.000,0.000,1,449
TRK,2252220,0.53675,-0.81354,0.16850,-0.14717,-0.0181,-0.0047,-0.0048,0.000,0.000,0.000,1,449
TRK,2252239,0.53673,-0.81355,0.16849,-0.14718,-0.0181,-0.0047,-0.0048,0.000,0.000,0.000,1,449
TRK,2252258,0.53680,-0.81351,0.16847,-0.14721,-0.0181,-0.0047,-0.0048,0.000,0.000,0.000,1,449
TRK,2252278,0.53680,-0.81350,0.16845,-0.14725,-0.0181,-0.0047,-0.0048,0.000,0.000,0.000,1,449
TRK,2252298,0.53677,-0.81352,0.16847,-0.14722,-0.0181,-0.0047,-0.0048,0.000,0.000,0.000,1,449
TRK,2252318,0.53678,-0.81352,0.16850,-0.14717,-0.0181,-0.0047,-0.0048,0.000,0.000,0.000,1,449
TRK,2252338,0.53684,-0.81348,0.16856,-0.14709,-0.0181,-0.0047,-0.0048,0.000,0.000,0.000,1,449
TRK,2252358,0.53685,-0.81348,0.16860,-0.14702,-0.0181,-0.0047,-0.0048,0.000,0.000,0.000,1,449
TRK,2252379,0.53684,-0.81349,0.16863,-0.14698,-0.0181,-0.0047,-0.0048,0.000,0.000,0.000,1,449
TRK,2252397,0.53683,-0.81350,0.16863,-0.14698,-0.0181,-0.0047,-0.0048,0.000,0.000,0.000,1,449
TRK,2252420,0.53684,-0.81349,0.16861,-0.14701,-0.0181,-0.0047,-0.0048,0.000,0.000,0.000,1,449
TRK,2252438,0.53685,-0.81348,0.16859,-0.14704,-0.0181,-0.0047,-0.0048,0.000,0.000,0.000,1,449
TRK,2252459,0.53684,-0.81349,0.16856,-0.14709,-0.0181,-0.0047,-0.0048,0.000,0.000,0.000,1,449
TRK,2252480,0.53682,-0.81350,0.16855,-0.14710,-0.0181,-0.0047,-0.0048,0.000,0.000,0.000,1,449
TRK,2252499,0.53679,-0.81352,0.16854,-0.14711,-0.0181,-0.0047,-0.0048,0.000,0.000,0.000,1,449
TRK,2252519,0.53672,-0.81356,0.16854,-0.14711,-0.0181,-0.0047,-0.0048,0.000,0.000,0.000,1,449
TRK,2252539,0.53670,-0.81357,0.16854,-0.14710,-0.0181,-0.0047,-0.0048,0.000,0.000,0.000,1,449
TRK,2252559,0.53668,-0.81359,0.16854,-0.14711,-0.0181,-0.0047,-0.0048,0.000,0.000,0.000,1,449
TRK,2252578,0.53668,-0.81359,0.16857,-0.14707,-0.0181,-0.0047,-0.0048,0.000,0.000,0.000,1,449
TRK,2252599,0.53670,-0.81358,0.16857,-0.14706,-0.0181,-0.0047,-0.0048,0.000,0.000,0.000,1,449
TRK,2252619,0.53677,-0.81354,0.16861,-0.14700,-0.0181,-0.0047,-0.0048,0.000,0.000,0.000,1,449
TRK,2252638,0.53679,-0.81352,0.16865,-0.14695,-0.0181,-0.0047,-0.0048,0.000,0.000,0.000,1,449
TRK,2252657,0.53684,-0.81349,0.16868,-0.14691,-0.0181,-0.0047,-0.0048,0.000,0.000,0.000,1,449
TRK,2252680,0.53684,-0.81349,0.16869,-0.14689,-0.0181,-0.0047,-0.0048,0.000,0.000,0.000,1,449
TRK,2252699,0.53683,-0.81350,0.16872,-0.14685,-0.0181,-0.0047,-0.0048,0.000,0.000,0.000,1,449
TRK,2252717,0.53681,-0.81351,0.16870,-0.14687,-0.0181,-0.0047,-0.0048,0.000,0.000,0.000,1,449
TRK,2252739,0.53677,-0.81354,0.16867,-0.14692,-0.0181,-0.0047,-0.0048,0.000,0.000,0.000,1,449
TRK,2252757,0.53669,-0.81359,0.16865,-0.14695,-0.0181,-0.0047,-0.0048,0.000,0.000,0.000,1,449
TRK,2252779,0.53664,-0.81362,0.16862,-0.14699,-0.0181,-0.0047,-0.0048,0.000,0.000,0.000,1,449
TRK,2252798,0.53666,-0.81361,0.16859,-0.14703,-0.0181,-0.0047,-0.0048,0.000,0.000,0.000,1,449
TRK,2252819,0.53667,-0.81360,0.16856,-0.14708,-0.0181,-0.0047,-0.0048,0.000,0.000,0.000,1,449
TRK,2252838,0.53667,-0.81360,0.16857,-0.14706,-0.0181,-0.0047,-0.0048,0.000,0.000,0.000,1,449
TRK,2252860,0.53671,-0.81357,0.16859,-0.14704,-0.0181,-0.0047,-0.0048,0.000,0.000,0.000,1,449
TRK,2252878,0.53669,-0.81359,0.16858,-0.14705,-0.0181,-0.0047,-0.0048,0.000,0.000,0.000,1,449
TRK,2252900,0.53672,-0.81356,0.16856,-0.14708,-0.0181,-0.0047,-0.0048,0.000,0.000,0.000,1,449
TRK,2252919,0.53671,-0.81357,0.16850,-0.14717,-0.0181,-0.0047,-0.0048,0.000,0.000,0.000,1,449
TRK,2252937,0.53606,-0.81401,0.16858,-0.14701,-0.0181,-0.0047,-0.0048,0.000,0.000,0.000,1,449
TRK,2252959,0.53657,-0.81366,0.16853,-0.14712,-0.0181,-0.0047,-0.0048,0.000,0.000,0.000,1,449
TRK,2252978,0.53736,-0.81313,0.16850,-0.14721,-0.0181,-0.0047,-0.0048,0.000,0.000,0.000,1,449
TRK,2252999,0.53668,-0.81359,0.16850,-0.14717,-0.0181,-0.0047,-0.0048,0.000,0.000,0.000,1,449
TRK,2253019,0.53578,-0.81420,0.16856,-0.14701,-0.0181,-0.0047,-0.0048,0.000,0.000,0.000,1,449
TRK,2253039,0.53666,-0.81360,0.16851,-0.14715,-0.0181,-0.0047,-0.0048,0.000,0.000,0.000,1,449
STAT,403.9,400.4,2,4,0,0.1459,6.533,0.1041,0.1149,-0.0593,9.8234,0.90,0.005
TRK,2253058,0.53786,-0.81273,0.16856,-0.14754,-0.0181,-0.0047,-0.0047,-0.000,0.001,-0.001,2,449
TRK,2253078,0.53676,-0.81355,0.16840,-0.14721,-0.0181,-0.0046,-0.0047,0.000,0.002,-0.001,2,449
TRK,2253098,0.53557,-0.81443,0.16824,-0.14682,-0.0181,-0.0046,-0.0047,-0.000,0.000,0.001,2,449
TRK,2253119,0.53696,-0.81342,0.16845,-0.14714,-0.0181,-0.0046,-0.0047,-0.001,-0.001,-0.001,2,449
TRK,2253139,0.53803,-0.81264,0.16844,-0.14754,-0.0181,-0.0046,-0.0048,0.000,0.001,-0.001,2,449
TRK,2253160,0.53632,-0.81387,0.16839,-0.14705,-0.0181,-0.0046,-0.0048,0.001,0.002,0.000,2,449
TRK,2253178,0.53568,-0.81434,0.16830,-0.14685,-0.0181,-0.0046,-0.0048,-0.000,-0.000,0.000,2,449
TRK,2253200,0.53756,-0.81297,0.16848,-0.14738,-0.0181,-0.0046,-0.0048,-0.001,0.000,-0.001,2,449
TRK,2253220,0.53764,-0.81292,0.16842,-0.14745,-0.0182,-0.0045,-0.0048,-0.000,0.003,-0.001,2,449
TRK,2253239,0.53591,-0.81419,0.16826,-0.14691,-0.0182,-0.0045,-0.0048,-0.001,0.002,0.000,2,449
TRK,2253257,0.53589,-0.81420,0.16831,-0.14688,-0.0182,-0.0045,-0.0048,-0.002,-0.001,-0.001,2,449
TRK,2253278,0.53763,-0.81294,0.16838,-0.14744,-0.0182,-0.0045,-0.0048,-0.001,-0.000,-0.001,2,449
TRK,2253300,0.53692,-0.81345,0.16833,-0.14724,-0.0183,-0.0045,-0.0048,-0.001,0.002,-0.000,2,449
TRK,2253320,0.53581,-0.81426,0.16828,-0.14687,-0.0183,-0.0044,-0.0048,-0.001,0.000,-0.001,2,449
TRK,2253340,0.53684,-0.81351,0.16835,-0.14722,-0.0183,-0.0045,-0.0048,-0.002,-0.001,-0.001,2,449
TRK,2253360,0.53753,-0.81299,0.16843,-0.14744,-0.0183,-0.0045,-0.0049,-0.001,0.001,-0.001,2,449
TRK,2253380,0.53645,-0.81378,0.16833,-0.14713,-0.0184,-0.0044,-0.0049,-0.002,0.002,-0.001,2,449
TRK,2253398,0.53604,-0.81407,0.16832,-0.14701,-0.0184,-0.0044,-0.0049,-0.002,-0.000,-0.002,2,449
TRK,2253420,0.53710,-0.81329,0.16842,-0.14738,-0.0185,-0.0044,-0.0049,-0.002,-0.000,-0.002,2,449
TRK,2253439,0.53714,-0.81326,0.16837,-0.14742,-0.0185,-0.0044,-0.0050,-0.001,0.001,-0.001,2,449
TRK,2253459,0.53624,-0.81392,0.16832,-0.14713,-0.0185,-0.0044,-0.0050,-0.002,0.000,-0.002,2,449
TRK,2253479,0.53637,-0.81383,0.16828,-0.14722,-0.0186,-0.0044,-0.0051,-0.002,-0.001,-0.002,2,449
TRK,2253497,0.53703,-0.81334,0.16832,-0.14746,-0.0186,-0.0044,-0.0051,-0.003,0.000,-0.002,2,449
TRK,2253519,0.53673,-0.81357,0.16831,-0.14733,-0.0177,-0.0048,-0.0046,0.000,0.000,0.000,1,450
TRK,2253540,0.53636,-0.81382,0.16846,-0.14708,-0.0177,-0.0048,-0.0046,0.000,0.000,0.000,1,450
TRK,2253560,0.53673,-0.81358,0.16850,-0.14704,-0.0177,-0.0048,-0.0046,0.000,0.000,0.000,1,450
TRK,2253580,0.53681,-0.81353,0.16855,-0.14697,-0.0177,-0.0048,-0.0046,0.000,0.000,0.000,1,450
TRK,2253600,0.53655,-0.81371,0.16862,-0.14686,-0.0177,-0.0048,-0.0046,0.000,0.000,0.000,1,450
TRK,2253618,0.53663,-0.81365,0.16857,-0.14694,-0.0177,-0.0048,-0.0046,0.000,0.000,0.000,1,450
TRK,2253637,0.53693,-0.81344,0.16848,-0.14709,-0.0177,-0.0048,-0.0046,0.000,0.000,0.000,1,450
TRK,2253658,0.53684,-0.81350,0.16843,-0.14716,-0.0177,-0.0048,-0.0046,0.000,0.000,0.000,1,450
TRK,2253680,0.53680,-0.81353,0.16842,-0.14717,-0.0177,-0.0048,-0.0046,0.000,0.000,0.000,1,450
TRK,2253699,0.53708,-0.81333,0.16841,-0.14720,-0.0177,-0.0048,-0.0046,0.000,0.000,0.000,1,450
TRK,2253717,0.53707,-0.81334,0.16844,-0.14715,-0.0177,-0.0048,-0.0046,0.000,0.000,0.000,1,450
TRK,2253739,0.53679,-0.81354,0.16851,-0.14703,-0.0177,-0.0048,-0.0046,0.000,0.000,0.000,1,450
TRK,2253757,0.53691,-0.81346,0.16850,-0.14705,-0.0177,-0.0048,-0.0046,0.000,0.000,0.000,1,450
TRK,2253779,0.53706,-0.81335,0.16846,-0.14713,-0.0177,-0.0048,-0.0046,0.000,0.000,0.000,1,450
TRK,2253799,0.53666,-0.81362,0.16847,-0.14708,-0.0177,-0.0048,-0.0046,0.000,0.000,0.000,1,450
TRK,2253819,0.53660,-0.81366,0.16847,-0.14707,-0.0177,-0.0048,-0.0046,0.000,0.000,0.000,1,450
TRK,2253838,0.53693,-0.81344,0.16848,-0.14709,-0.0177,-0.0048,-0.0046,0.000,0.000,0.000,1,450
TRK,2253860,0.53682,-0.81352,0.16854,-0.14699,-0.0177,-0.0048,-0.0046,0.000,0.000,0.000,1,450
TRK,2253877,0.53661,-0.81367,0.16861,-0.14687,-0.0177,-0.0048,-0.0046,0.000,0.000,0.000,1,450
TRK,2253898,0.53684,-0.81351,0.16864,-0.14685,-0.0177,-0.0048,-0.0046,0.000,0.000,0.000,1,450
TRK,2253920,0.53707,-0.81336,0.16862,-0.14689,-0.0177,-0.0048,-0.0046,0.000,0.000,0.000,1,450
TRK,2253939,0.53676,-0.81356,0.16862,-0.14687,-0.0177,-0.0048,-0.0046,0.000,0.000,0.000,1,450
TRK,2253960,0.53672,-0.81359,0.16859,-0.14691,-0.0177,-0.0048,-0.0046,0.000,0.000,0.000,1,450
TRK,2253979,0.53708,-0.81335,0.16854,-0.14701,-0.0177,-0.0048,-0.0046,0.000,0.000,0.000,1,450
TRK,2253997,0.53703,-0.81338,0.16853,-0.14702,-0.0177,-0.0048,-0.0046,0.000,0.000,0.000,1,450
TRK,2254019,0.53663,-0.81365,0.16856,-0.14694,-0.0177,-0.0048,-0.0046,0.000,0.000,0.000,1,450
TRK,2254039,0.53680,-0.81353,0.16854,-0.14699,-0.0177,-0.0048,-0.0046,0.000,0.000,0.000,1,450
STAT,403.9,400.4,2,4,0,0.0490,2.166,0.1041,0.1149,-0.0593,9.8220,0.63,0.004
TRK,2254058,0.53705,-0.81336,0.16851,-0.14704,-0.0177,-0.0048,-0.0046,0.000,0.000,0.000,1,450
TRK,2254077,0.53680,-0.81353,0.16851,-0.14703,-0.0177,-0.0048,-0.0046,0.000,0.000,0.000,1,450
TRK,2254100,0.53645,-0.81376,0.16846,-0.14709,-0.0177,-0.0048,-0.0046,0.000,0.000,0.000,1,450
TRK,2254117,0.53670,-0.81359,0.16841,-0.14717,-0.0177,-0.0048,-0.0046,0.000,0.000,0.000,1,450
TRK,2254139,0.53689,-0.81346,0.16840,-0.14721,-0.0177,-0.0048,-0.0046,0.000,0.000,0.000,1,450
TRK,2254160,0.53655,-0.81370,0.16843,-0.14713,-0.0177,-0.0048,-0.0046,0.000,0.000,0.000,1,450
TRK,2254179,0.53649,-0.81374,0.16849,-0.14704,-0.0177,-0.0048,-0.0046,0.000,0.000,0.000,1,450
TRK,2254198,0.53676,-0.81356,0.16853,-0.14700,-0.0177,-0.0048,-0.0046,0.000,0.000,0.000,1,450
TRK,2254219,0.53674,-0.81358,0.16858,-0.14693,-0.0177,-0.0048,-0.0046,0.000,0.000,0.000,1,450
TRK,2254239,0.53643,-0.81378,0.16863,-0.14683,-0.0177,-0.0048,-0.0046,0.000,0.000,0.000,1,450
TRK,2254259,0.53658,-0.81368,0.16862,-0.14686,-0.0177,-0.0048,-0.0046,0.000,0.000,0.000,1,450
TRK,2254278,0.53681,-0.81353,0.16862,-0.14686,-0.0177,-0.0048,-0.0046,0.000,0.000,0.000,1,450
TRK,2254300,0.53672,-0.81359,0.16863,-0.14685,-0.0177,-0.0048,-0.0046,0.000,0.000,0.000,1,450
TRK,2254320,0.53658,-0.81369,0.16866,-0.14680,-0.0177,-0.0048,-0.0046,0.000,0.000,0.000,1,450
TRK,2254338,0.53675,-0.81357,0.16865,-0.14683,-0.0177,-0.0048,-0.0046,0.000,0.000,0.000,1,450
TRK,2254360,0.53681,-0.81353,0.16865,-0.14682,-0.0177,-0.0048,-0.0046,0.000,0.000,0.000,1,450
TRK,2254379,0.53653,-0.81372,0.16865,-0.14681,-0.0177,-0.0048,-0.0046,0.000,0.000,0.000,1,450
TRK,2254397,0.53648,-0.81375,0.16863,-0.14683,-0.0177,-0.0048,-0.0046,0.000,0.000,0.000,1,450
TRK,2254419,0.53677,-0.81356,0.16854,-0.14698,-0.0177,-0.0048,-0.0046,0.000,0.000,0.000,1,450
TRK,2254440,0.53672,-0.81358,0.16851,-0.14703,-0.0177,-0.0048,-0.0046,0.000,0.000,0.000,1,450
TRK,2254458,0.53650,-0.81373,0.16849,-0.14705,-0.0177,-0.0048,-0.0046,0.000,0.000,0.000,1,450
TRK,2254479,0.53663,-0.81364,0.16847,-0.14708,-0.0177,-0.0048,-0.0046,0.000,0.000,0.000,1,450
TRK,2254498,0.53687,-0.81348,0.16841,-0.14719,-0.0177,-0.0048,-0.0046,0.000,0.000,0.000,1,450
TRK,2254518,0.53679,-0.81353,0.16838,-0.14723,-0.0177,-0.0048,-0.0046,0.000,0.000,0.000,1,450
TRK,2254538,0.53662,-0.81364,0.16839,-0.14720,-0.0177,-0.0048,-0.0046,0.000,0.000,0.000,1,450
TRK,2254560,0.53675,-0.81355,0.16840,-0.14720,-0.0177,-0.0048,-0.0046,0.000,0.000,0.000,1,450
TRK,2254578,0.53690,-0.81346,0.16841,-0.14719,-0.0177,-0.0048,-0.0046,0.000,0.000,0.000,1,450
TRK,2254600,0.53673,-0.81357,0.16846,-0.14711,-0.0177,-0.0048,-0.0046,0.000,0.000,0.000,1,450
TRK,2254618,0.53661,-0.81366,0.16850,-0.14704,-0.0177,-0.0048,-0.0046,0.000,0.000,0.000,1,450
TRK,2254640,0.53678,-0.81354,0.16851,-0.14703,-0.0177,-0.0048,-0.0046,0.000,0.000,0.000,1,450
TRK,2254659,0.53685,-0.81350,0.16849,-0.14707,-0.0177,-0.0048,-0.0046,0.000,0.000,0.000,1,450
TRK,2254679,0.53672,-0.81358,0.16850,-0.14705,-0.0177,-0.0048,-0.0046,0.000,0.000,0.000,1,450
TRK,2254700,0.53663,-0.81365,0.16850,-0.14704,-0.0177,-0.0048,-0.0046,0.000,0.000,0.000,1,450
TRK,2254717,0.53672,-0.81359,0.16852,-0.14702,-0.0177,-0.0048,-0.0046,0.000,0.000,0.000,1,450
TRK,2254739,0.53680,-0.81353,0.16854,-0.14698,-0.0177,-0.0048,-0.0046,0.000,0.000,0.000,1,450
TRK,2254758,0.53662,-0.81366,0.16859,-0.14691,-0.0177,-0.0048,-0.0046,0.000,0.000,0.000,1,450
TRK,2254779,0.53657,-0.81369,0.16862,-0.14685,-0.0177,-0.0048,-0.0046,0.000,0.000,0.000,1,450
TRK,2254798,0.53670,-0.81361,0.16860,-0.14689,-0.0177,-0.0048,-0.0046,0.000,0.000,0.000,1,450
TRK,2254820,0.53662,-0.81365,0.16858,-0.14692,-0.0177,-0.0048,-0.0046,0.000,0.000,0.000,1,450
TRK,2254840,0.53646,-0.81376,0.16853,-0.14698,-0.0177,-0.0048,-0.0046,0.000,0.000,0.000,1,450
TRK,2254858,0.53648,-0.81374,0.16849,-0.14705,-0.0177,-0.0048,-0.0046,0.000,0.000,0.000,1,450
TRK,2254880,0.53661,-0.81366,0.16846,-0.14710,-0.0177,-0.0048,-0.0046,0.000,0.000,0.000,1,450
TRK,2254900,0.53661,-0.81366,0.16846,-0.14710,-0.0177,-0.0048,-0.0046,0.000,0.000,0.000,1,450
TRK,2254920,0.53653,-0.81371,0.16851,-0.14702,-0.0177,-0.0048,-0.0046,0.000,0.000,0.000,1,450
TRK,2254939,0.53654,-0.81370,0.16853,-0.14699,-0.0177,-0.0048,-0.0046,0.000,0.000,0.000,1,450
TRK,2254958,0.53667,-0.81362,0.16856,-0.14695,-0.0177,-0.0048,-0.0046,0.000,0.000,0.000,1,450
TRK,2254978,0.53664,-0.81364,0.16856,-0.14694,-0.0177,-0.0048,-0.0046,0.000,0.000,0.000,1,450
TRK,2254998,0.53658,-0.81368,0.16858,-0.14692,-0.0177,-0.0048,-0.0046,0.000,0.000,0.000,1,450
TRK,2255018,0.53663,-0.81365,0.16859,-0.14690,-0.0177,-0.0048,-0.0046,0.000,0.000,0.000,1,450
TRK,2255040,0.53668,-0.81362,0.16859,-0.14690,-0.0177,-0.0048,-0.0046,0.000,0.000,0.000,1,450
STAT,404.1,400.6,2,4,0,0.0231,0.538,0.0986,0.1048,-0.0733,9.8201,0.63,0.004
TRK,2255058,0.53662,-0.81365,0.16858,-0.14692,-0.0177,-0.0048,-0.0046,0.000,0.000,0.000,1,450
TRK,2255080,0.53660,-0.81367,0.16857,-0.14694,-0.0177,-0.0048,-0.0046,0.000,0.000,0.000,1,450
TRK,2255098,0.53666,-0.81363,0.16858,-0.14692,-0.0177,-0.0048,-0.0046,0.000,0.000,0.000,1,450
TRK,2255120,0.53674,-0.81358,0.16859,-0.14691,-0.0177,-0.0048,-0.0046,0.000,0.000,0.000,1,450
TRK,2255139,0.53671,-0.81360,0.16860,-0.14689,-0.0177,-0.0048,-0.0046,0.000,0.000,0.000,1,450
TRK,2255157,0.53672,-0.81359,0.16864,-0.14684,-0.0177,-0.0048,-0.0046,0.000,0.000,0.000,1,450
TRK,2255179,0.53678,-0.81355,0.16865,-0.14682,-0.0177,-0.0048,-0.0046,0.000,0.000,0.000,1,450
TRK,2255197,0.53676,-0.81357,0.16868,-0.14678,-0.0177,-0.0048,-0.0046,0.000,0.000,0.000,1,450
TRK,2255219,0.53667,-0.81363,0.16871,-0.14672,-0.0177,-0.0048,-0.0046,0.000,0.000,0.000,1,450
TRK,2255238,0.53666,-0.81364,0.16874,-0.14668,-0.0177,-0.0048,-0.0046,0.000,0.000,0.000,1,450
TRK,2255258,0.53667,-0.81363,0.16872,-0.14671,-0.0177,-0.0048,-0.0046,0.000,0.000,0.000,1,450
TRK,2255279,0.53669,-0.81361,0.16868,-0.14678,-0.0177,-0.0048,-0.0046,0.000,0.000,0.000,1,450
TRK,2255300,0.53669,-0.81361,0.16864,-0.14684,-0.0177,-0.0048,-0.0046,0.000,0.000,0.000,1,450
TRK,2255317,0.53671,-0.81360,0.16861,-0.14688,-0.0177,-0.0048,-0.0046,0.000,0.000,0.000,1,450
TRK,2255337,0.53682,-0.81352,0.16860,-0.14690,-0.0177,-0.0048,-0.0046,0.000,0.000,0.000,1,450
TRK,2255358,0.53687,-0.81349,0.16862,-0.14688,-0.0177,-0.0048,-0.0046,0.000,0.000,0.000,1,450
TRK,2255380,0.53685,-0.81351,0.16866,-0.14682,-0.0177,-0.0048,-0.0046,0.000,0.000,0.000,1,450
TRK,2255399,0.53682,-0.81352,0.16866,-0.14682,-0.0177,-0.0048,-0.0046,0.000,0.000,0.000,1,450
TRK,2255417,0.53680,-0.81354,0.16863,-0.14685,-0.0177,-0.0048,-0.0046,0.000,0.000,0.000,1,450
TRK,2255437,0.53678,-0.81355,0.16862,-0.14687,-0.0177,-0.0048,-0.0046,0.000,0.000,0.000,1,450
TRK,2255458,0.53670,-0.81360,0.16861,-0.14687,-0.0177,-0.0048,-0.0046,0.000,0.000,0.000,1,450
TRK,2255478,0.53665,-0.81364,0.16859,-0.14691,-0.0177,-0.0048,-0.0046,0.000,0.000,0.000,1,450
TRK,2255498,0.53662,-0.81366,0.16856,-0.14695,-0.0177,-0.0048,-0.0046,0.000,0.000,0.000,1,450
TRK,2255518,0.53656,-0.81370,0.16858,-0.14691,-0.0177,-0.0048,-0.0046,0.000,0.000,0.000,1,450
TRK,2255538,0.53653,-0.81372,0.16860,-0.14688,-0.0177,-0.0048,-0.0046,0.000,0.000,0.000,1,450
TRK,2255560,0.53654,-0.81371,0.16858,-0.14691,-0.0177,-0.0048,-0.0046,0.000,0.000,0.000,1,450
TRK,2255580,0.53652,-0.81372,0.16857,-0.14693,-0.0177,-0.0048,-0.0046,0.000,0.000,0.000,1,450
TRK,2255599,0.53649,-0.81374,0.16855,-0.14695,-0.0177,-0.0048,-0.0046,0.000,0.000,0.000,1,450
TRK,2255619,0.53649,-0.81374,0.16852,-0.14700,-0.0177,-0.0048,-0.0046,0.000,0.000,0.000,1,450
TRK,2255639,0.53654,-0.81370,0.16846,-0.14709,-0.0177,-0.0048,-0.0046,0.000,0.000,0.000,1,450
TRK,2255659,0.53661,-0.81365,0.16846,-0.14709,-0.0177,-0.0048,-0.0046,0.000,0.000,0.000,1,450
TRK,2255680,0.53662,-0.81365,0.16847,-0.14709,-0.0177,-0.0048,-0.0046,0.000,0.000,0.000,1,450
TRK,2255698,0.53663,-0.81364,0.16847,-0.14709,-0.0177,-0.0048,-0.0046,0.000,0.000,0.000,1,450
TRK,2255717,0.53666,-0.81362,0.16849,-0.14705,-0.0177,-0.0048,-0.0046,0.000,0.000,0.000,1,450
TRK,2255737,0.53665,-0.81363,0.16851,-0.14703,-0.0177,-0.0048,-0.0046,0.000,0.000,0.000,1,450
TRK,2255757,0.53667,-0.81362,0.16853,-0.14699,-0.0177,-0.0048,-0.0046,0.000,0.000,0.000,1,450
TRK,2255777,0.53672,-0.81358,0.16856,-0.14696,-0.0177,-0.0048,-0.0046,0.000,0.000,0.000,1,450
TRK,2255797,0.53676,-0.81356,0.16859,-0.14692,-0.0177,-0.0048,-0.0046,0.000,0.000,0.000,1,450
TRK,2255820,0.53676,-0.81356,0.16858,-0.14692,-0.0177,-0.0048,-0.0046,0.000,0.000,0.000,1,450
TRK,2255839,0.53676,-0.81356,0.16860,-0.14690,-0.0177,-0.0048,-0.0046,0.000,0.000,0.000,1,450
TRK,2255857,0.53672,-0.81359,0.16861,-0.14687,-0.0177,-0.0048,-0.0046,0.000,0.000,0.000,1,450
TRK,2255879,0.53668,-0.81362,0.16862,-0.14686,-0.0177,-0.0048,-0.0046,0.000,0.000,0.000,1,450
TRK,2255897,0.53663,-0.81365,0.16860,-0.14689,-0.0177,-0.0048,-0.0046,0.000,0.000,0.000,1,450
TRK,2255919,0.53666,-0.81363,0.16858,-0.14692,-0.0177,-0.0048,-0.0046,0.000,0.000,0.000,1,450
TRK,2255938,0.53664,-0.81364,0.16855,-0.14697,-0.0177,-0.0048,-0.0046,0.000,0.000,0.000,1,450
TRK,2255958,0.53660,-0.81366,0.16851,-0.14702,-0.0177,-0.0048,-0.0046,0.000,0.000,0.000,1,450
TRK,2255978,0.53660,-0.81366,0.16849,-0.14705,-0.0177,-0.0048,-0.0046,0.000,0.000,0.000,1,450
TRK,2255998,0.53663,-0.81364,0.16849,-0.14705,-0.0177,-0.0048,-0.0046,0.000,0.000,0.000,1,450
TRK,2256020,0.53662,-0.81365,0.16849,-0.14706,-0.0177,-0.0048,-0.0046,0.000,0.000,0.000,1,450
TRK,2256038,0.53663,-0.81364,0.16848,-0.14707,-0.0177,-0.0048,-0.0046,0.000,0.000,0.000,1,450
STAT,404.1,400.6,2,4,0,0.0241,0.192,0.0960,0.1004,-0.0694,9.8183,0.63,0.004
TRK,2256060,0.53661,-0.81365,0.16843,-0.14714,-0.0177,-0.0048,-0.0046,0.000,0.000,0.000,1,450
TRK,2256078,0.53656,-0.81368,0.16840,-0.14718,-0.0177,-0.0048,-0.0046,0.000,0.000,0.000,1,450
TRK,2256100,0.53651,-0.81372,0.16837,-0.14722,-0.0177,-0.0048,-0.0046,0.000,0.000,0.000,1,450
TRK,2256119,0.53653,-0.81370,0.16836,-0.14724,-0.0177,-0.0048,-0.0046,0.000,0.000,0.000,1,450
TRK,2256140,0.53654,-0.81369,0.16835,-0.14726,-0.0177,-0.0048,-0.0046,0.000,0.000,0.000,1,450
TRK,2256157,0.53653,-0.81370,0.16837,-0.14723,-0.0177,-0.0048,-0.0046,0.000,0.000,0.000,1,450
TRK,2256179,0.53651,-0.81372,0.16840,-0.14719,-0.0177,-0.0048,-0.0046,0.000,0.000,0.000,1,450
TRK,2256200,0.53655,-0.81369,0.16841,-0.14717,-0.0177,-0.0048,-0.0046,0.000,0.000,0.000,1,450
TRK,2256218,0.53658,-0.81367,0.16840,-0.14718,-0.0177,-0.0048,-0.0046,0.000,0.000,0.000,1,450
TRK,2256240,0.53657,-0.81368,0.16838,-0.14722,-0.0177,-0.0048,-0.0046,0.000,0.000,0.000,1,450
TRK,2256258,0.53656,-0.81368,0.16838,-0.14722,-0.0177,-0.0048,-0.0046,0.000,0.000,0.000,1,450
TRK,2256278,0.53661,-0.81365,0.16840,-0.14719,-0.0177,-0.0048,-0.0046,0.000,0.000,0.000,1,450
TRK,2256298,0.53659,-0.81367,0.16841,-0.14717,-0.0177,-0.0048,-0.0046,0.000,0.000,0.000,1,450
TRK,2256319,0.53656,-0.81369,0.16844,-0.14713,-0.0177,-0.0048,-0.0046,0.000,0.000,0.000,1,450
TRK,2256339,0.53657,-0.81368,0.16846,-0.14710,-0.0177,-0.0048,-0.0046,0.000,0.000,0.000,1,450
TRK,2256360,0.53658,-0.81368,0.16846,-0.14709,-0.0177,-0.0048,-0.0046,0.000,0.000,0.000,1,450
TRK,2256379,0.53656,-0.81369,0.16846,-0.14709,-0.0177,-0.0048,-0.0046,0.000,0.000,0.000,1,450
TRK,2256397,0.53651,-0.81372,0.16843,-0.14714,-0.0177,-0.0048,-0.0046,0.000,0.000,0.000,1,450
TRK,2256419,0.53654,-0.81370,0.16844,-0.14712,-0.0177,-0.0048,-0.0046,0.000,0.000,0.000,1,450
TRK,2256438,0.53656,-0.81369,0.16846,-0.14710,-0.0177,-0.0048,-0.0046,0.000,0.000,0.000,1,450
TRK,2256458,0.53658,-0.81368,0.16849,-0.14705,-0.0177,-0.0048,-0.0046,0.000,0.000,0.000,1,450
TRK,2256479,0.53659,-0.81367,0.16852,-0.14700,-0.0177,-0.0048,-0.0046,0.000,0.000,0.000,1,450
TRK,2256500,0.53659,-0.81368,0.16855,-0.14696,-0.0177,-0.0048,-0.0046,0.000,0.000,0.000,1,450
TRK,2256520,0.53659,-0.81368,0.16855,-0.14697,-0.0177,-0.0048,-0.0046,0.000,0.000,0.000,1,450
TRK,2256538,0.53661,-0.81366,0.16854,-0.14697,-0.0177,-0.0048,-0.0046,0.000,0.000,0.000,1,450
TRK,2256560,0.53657,-0.81369,0.16858,-0.14692,-0.0177,-0.0048,-0.0046,0.000,0.000,0.000,1,450
TRK,2256579,0.53655,-0.81370,0.16858,-0.14691,-0.0177,-0.0048,-0.0046,0.000,0.000,0.000,1,450
TRK,2256600,0.53659,-0.81368,0.16864,-0.14683,-0.0177,-0.0048,-0.0046,0.000,0.000,0.000,1,450
TRK,2256619,0.53657,-0.81370,0.16868,-0.14677,-0.0177,-0.0048,-0.0046,0.000,0.000,0.000,1,450
TRK,2256637,0.53648,-0.81376,0.16871,-0.14672,-0.0177,-0.0048,-0.0046,0.000,0.000,0.000,1,450
TRK,2256659,0.53643,-0.81379,0.16874,-0.14667,-0.0177,-0.0048,-0.0046,0.000,0.000,0.000,1,450
TRK,2256678,0.53642,-0.81380,0.16874,-0.14667,-0.0177,-0.0048,-0.0046,0.000,0.000,0.000,1,450
TRK,2256698,0.53641,-0.81381,0.16868,-0.14675,-0.0177,-0.0048,-0.0046,0.000,0.000,0.000,1,450
TRK,2256719,0.53640,-0.81381,0.16865,-0.14680,-0.0177,-0.0048,-0.0046,0.000,0.000,0.000,1,450
TRK,2256740,0.53644,-0.81378,0.16863,-0.14683,-0.0177,-0.0048,-0.0046,0.000,0.000,0.000,1,450
TRK,2256760,0.53649,-0.81374,0.16857,-0.14692,-0.0177,-0.0048,-0.0046,0.000,0.000,0.000,1,450
TRK,2256778,0.53648,-0.81375,0.16854,-0.14697,-0.0177,-0.0048,-0.0046,0.000,0.000,0.000,1,450
TRK,2256800,0.53644,-0.81377,0.16850,-0.14703,-0.0177,-0.0048,-0.0046,0.000,0.000,0.000,1,450
TRK,2256819,0.53644,-0.81377,0.16845,-0.14710,-0.0177,-0.0048,-0.0046,0.000,0.000,0.000,1,450
TRK,2256840,0.53646,-0.81375,0.16842,-0.14715,-0.0177,-0.0048,-0.0046,0.000,0.000,0.000,1,450
TRK,2256859,0.53641,-0.81379,0.16840,-0.14718,-0.0177,-0.0048,-0.0046,0.000,0.000,0.000,1,450
TRK,2256877,0.53640,-0.81379,0.16840,-0.14717,-0.0177,-0.0048,-0.0046,0.000,0.000,0.000,1,450
TRK,2256899,0.53646,-0.81375,0.16841,-0.14716,-0.0177,-0.0048,-0.0046,0.000,0.000,0.000,1,450
TRK,2256919,0.53646,-0.81375,0.16841,-0.14717,-0.0177,-0.0048,-0.0046,0.000,0.000,0.000,1,450
TRK,2256939,0.53644,-0.81377,0.16843,-0.14713,-0.0177,-0.0048,-0.0046,0.000,0.000,0.000,1,450
TRK,2256958,0.53645,-0.81376,0.16846,-0.14709,-0.0177,-0.0048,-0.0046,0.000,0.000,0.000,1,450
TRK,2256977,0.53655,-0.81370,0.16849,-0.14705,-0.0177,-0.0048,-0.0046,0.000,0.000,0.000,1,450
TRK,2256997,0.53660,-0.81366,0.16849,-0.14706,-0.0177,-0.0048,-0.0046,0.000,0.000,0.000,1,450
TRK,2257020,0.53659,-0.81367,0.16849,-0.14706,-0.0177,-0.0048,-0.0046,0.000,0.000,0.000,1,450
TRK,2257039,0.53664,-0.81364,0.16849,-0.14705,-0.0177,-0.0048,-0.0046,0.000,0.000,0.000,1,450
STAT,404.1,400.6,2,4,0,0.0206,0.366,0.0919,0.1154,-0.0590,9.8215,0.63,0.004
TRK,2257057,0.53668,-0.81361,0.16852,-0.14702,-0.0177,-0.0048,-0.0046,0.000,0.000,0.000,1,450
TRK,2257079,0.53667,-0.81362,0.16855,-0.14697,-0.0177,-0.0048,-0.0046,0.000,0.000,0.000,1,450
TRK,2257097,0.53665,-0.81363,0.16860,-0.14690,-0.0177,-0.0048,-0.0046,0.000,0.000,0.000,1,450
TRK,2257119,0.53670,-0.81360,0.16861,-0.14688,-0.0177,-0.0048,-0.0046,0.000,0.000,0.000,1,450
TRK,2257138,0.53675,-0.81357,0.16861,-0.14688,-0.0177,-0.0048,-0.0046,0.000,0.000,0.000,1,450
TRK,2257159,0.53675,-0.81357,0.16856,-0.14696,-0.0177,-0.0048,-0.0046,0.000,0.000,0.000,1,450
TRK,2257178,0.53676,-0.81356,0.16853,-0.14701,-0.0177,-0.0048,-0.0046,0.000,0.000,0.000,1,450
TRK,2257200,0.53684,-0.81351,0.16851,-0.14704,-0.0177,-0.0048,-0.0046,0.000,0.000,0.000,1,450
TRK,2257218,0.53685,-0.81350,0.16852,-0.14702,-0.0177,-0.0048,-0.0046,0.000,0.000,0.000,1,450
TRK,2257237,0.53679,-0.81354,0.16854,-0.14699,-0.0177,-0.0048,-0.0046,0.000,0.000,0.000,1,450
TRK,2257260,0.53676,-0.81356,0.16855,-0.14698,-0.0177,-0.0048,-0.0046,0.000,0.000,0.000,1,450
TRK,2257279,0.53677,-0.81355,0.16855,-0.14698,-0.0177,-0.0048,-0.0046,0.000,0.000,0.000,1,450
TRK,2257299,0.53677,-0.81356,0.16858,-0.14693,-0.0177,-0.0048,-0.0046,0.000,0.000,0.000,1,450
TRK,2257320,0.53677,-0.81355,0.16856,-0.14696,-0.0177,-0.0048,-0.0046,0.000,0.000,0.000,1,450
TRK,2257337,0.53678,-0.81355,0.16854,-0.14699,-0.0177,-0.0048,-0.0046,0.000,0.000,0.000,1,450
TRK,2257359,0.53673,-0.81358,0.16856,-0.14696,-0.0177,-0.0048,-0.0046,0.000,0.000,0.000,1,450
TRK,2257377,0.53674,-0.81357,0.16856,-0.14696,-0.0177,-0.0048,-0.0046,0.000,0.000,0.000,1,450
TRK,2257399,0.53675,-0.81357,0.16856,-0.14696,-0.0177,-0.0048,-0.0046,0.000,0.000,0.000,1,450
TRK,2257418,0.53676,-0.81356,0.16858,-0.14694,-0.0177,-0.0048,-0.0046,0.000,0.000,0.000,1,450
TRK,2257440,0.53677,-0.81355,0.16855,-0.14698,-0.0177,-0.0048,-0.0046,0.000,0.000,0.000,1,450
TRK,2257458,0.53678,-0.81354,0.16852,-0.14702,-0.0177,-0.0048,-0.0046,0.000,0.000,0.000,1,450
TRK,2257480,0.53678,-0.81354,0.16847,-0.14710,-0.0177,-0.0048,-0.0046,0.000,0.000,0.000,1,450
TRK,2257498,0.53681,-0.81352,0.16844,-0.14715,-0.0177,-0.0048,-0.0046,0.000,0.000,0.000,1,450
TRK,2257520,0.53685,-0.81349,0.16846,-0.14712,-0.0177,-0.0048,-0.0046,0.000,0.000,0.000,1,450
TRK,2257539,0.53686,-0.81349,0.16850,-0.14706,-0.0177,-0.0048,-0.0046,0.000,0.000,0.000,1,450
TRK,2257557,0.53684,-0.81350,0.16850,-0.14705,-0.0177,-0.0048,-0.0046,0.000,0.000,0.000,1,450
TRK,2257579,0.53679,-0.81354,0.16850,-0.14705,-0.0177,-0.0048,-0.0046,0.000,0.000,0.000,1,450
TRK,2257597,0.53674,-0.81357,0.16851,-0.14703,-0.0177,-0.0048,-0.0046,0.000,0.000,0.000,1,450
TRK,2257619,0.53672,-0.81358,0.16848,-0.14708,-0.0177,-0.0048,-0.0046,0.000,0.000,0.000,1,450
TRK,2257638,0.53669,-0.81360,0.16845,-0.14712,-0.0177,-0.0048,-0.0046,0.000,0.000,0.000,1,450
TRK,2257658,0.53664,-0.81363,0.16844,-0.14714,-0.0177,-0.0048,-0.0046,0.000,0.000,0.000,1,450
TRK,2257678,0.53661,-0.81365,0.16844,-0.14714,-0.0177,-0.0048,-0.0046,0.000,0.000,0.000,1,450
TRK,2257700,0.53666,-0.81362,0.16845,-0.14712,-0.0177,-0.0048,-0.0046,0.000,0.000,0.000,1,450
TRK,2257718,0.53669,-0.81360,0.16846,-0.14710,-0.0177,-0.0048,-0.0046,0.000,0.000,0.000,1,450
TRK,2257740,0.53669,-0.81360,0.16851,-0.14703,-0.0177,-0.0048,-0.0046,0.000,0.000,0.000,1,450
TRK,2257758,0.53674,-0.81357,0.16853,-0.14700,-0.0177,-0.0048,-0.0046,0.000,0.000,0.000,1,450
TRK,2257780,0.53680,-0.81353,0.16851,-0.14704,-0.0177,-0.0048,-0.0046,0.000,0.000,0.000,1,450
TRK,2257800,0.53681,-0.81352,0.16850,-0.14706,-0.0177,-0.0048,-0.0046,0.000,0.000,0.000,1,450
TRK,2257816,0.53679,-0.81353,0.16849,-0.14707,-0.0177,-0.0048,-0.0046,0.000,0.000,0.000,1,450
TRK,2257838,0.53678,-0.81354,0.16847,-0.14710,-0.0177,-0.0048,-0.0046,0.000,0.000,0.000,1,450
TRK,2257858,0.53671,-0.81358,0.16846,-0.14711,-0.0177,-0.0048,-0.0046,0.000,0.000,0.000,1,450
TRK,2257878,0.53666,-0.81362,0.16847,-0.14709,-0.0177,-0.0048,-0.0046,0.000,0.000,0.000,1,450
TRK,2257898,0.53663,-0.81364,0.16848,-0.14707,-0.0177,-0.0048,-0.0046,0.000,0.000,0.000,1,450
TRK,2257918,0.53662,-0.81365,0.16847,-0.14708,-0.0177,-0.0048,-0.0046,0.000,0.000,0.000,1,450
TRK,2257940,0.53656,-0.81369,0.16848,-0.14706,-0.0177,-0.0048,-0.0046,0.000,0.000,0.000,1,450
TRK,2257960,0.53652,-0.81371,0.16846,-0.14710,-0.0177,-0.0048,-0.0046,0.000,0.000,0.000,1,450
TRK,2257978,0.53655,-0.81369,0.16847,-0.14708,-0.0177,-0.0048,-0.0046,0.000,0.000,0.000,1,450
TRK,2257998,0.53655,-0.81369,0.16847,-0.14708,-0.0177,-0.0048,-0.0046,0.000,0.000,0.000,1,450
TRK,2258019,0.53652,-0.81371,0.16848,-0.14706,-0.0177,-0.0048,-0.0046,0.000,0.000,0.000,1,450
TRK,2258040,0.53652,-0.81372,0.16847,-0.14708,-0.0177,-0.0048,-0.0046,0.000,0.000,0.000,1,450
STAT,404.1,400.6,2,4,0,0.0197,0.264,0.0919,0.0967,-0.0664,9.8200,0.63,0.004
TRK,2258060,0.53655,-0.81370,0.16847,-0.14709,-0.0177,-0.0048,-0.0046,0.000,0.000,0.000,1,450
TRK,2258078,0.53657,-0.81368,0.16848,-0.14708,-0.0177,-0.0048,-0.0046,0.000,0.000,0.000,1,450
TRK,2258099,0.53658,-0.81367,0.16849,-0.14706,-0.0177,-0.0048,-0.0046,0.000,0.000,0.000,1,450
TRK,2258120,0.53659,-0.81367,0.16850,-0.14705,-0.0177,-0.0048,-0.0046,0.000,0.000,0.000,1,450
TRK,2258138,0.53662,-0.81365,0.16851,-0.14702,-0.0177,-0.0048,-0.0046,0.000,0.000,0.000,1,450
TRK,2258158,0.53666,-0.81362,0.16853,-0.14699,-0.0177,-0.0048,-0.0046,0.000,0.000,0.000,1,450
TRK,2258178,0.53669,-0.81360,0.16854,-0.14698,-0.0177,-0.0048,-0.0046,0.000,0.000,0.000,1,450
TRK,2258198,0.53673,-0.81358,0.16852,-0.14703,-0.0177,-0.0048,-0.0046,0.000,0.000,0.000,1,450
TRK,2258220,0.53680,-0.81352,0.16848,-0.14709,-0.0177,-0.0048,-0.0046,0.000,0.000,0.000,1,450
TRK,2258238,0.53684,-0.81350,0.16846,-0.14712,-0.0177,-0.0048,-0.0046,0.000,0.000,0.000,1,450
TRK,2258260,0.53683,-0.81351,0.16848,-0.14709,-0.0177,-0.0048,-0.0046,0.000,0.000,0.000,1,450
TRK,2258279,0.53683,-0.81351,0.16851,-0.14704,-0.0177,-0.0048,-0.0046,0.000,0.000,0.000,1,450
TRK,2258298,0.53686,-0.81349,0.16854,-0.14699,-0.0177,-0.0048,-0.0046,0.000,0.000,0.000,1,450
TRK,2258320,0.53686,-0.81349,0.16859,-0.14692,-0.0177,-0.0048,-0.0046,0.000,0.000,0.000,1,450
TRK,2258337,0.53684,-0.81351,0.16859,-0.14692,-0.0177,-0.0048,-0.0046,0.000,0.000,0.000,1,450
TRK,2258358,0.53683,-0.81351,0.16860,-0.14691,-0.0177,-0.0048,-0.0046,0.000,0.000,0.000,1,450
TRK,2258380,0.53690,-0.81347,0.16858,-0.14694,-0.0177,-0.0048,-0.0046,0.000,0.000,0.000,1,450
TRK,2258398,0.53693,-0.81344,0.16855,-0.14698,-0.0177,-0.0048,-0.0046,0.000,0.000,0.000,1,450
TRK,2258420,0.53694,-0.81343,0.16851,-0.14705,-0.0177,-0.0048,-0.0046,0.000,0.000,0.000,1,450
TRK,2258440,0.53692,-0.81345,0.16852,-0.14704,-0.0177,-0.0048,-0.0046,0.000,0.000,0.000,1,450
TRK,2258458,0.53687,-0.81348,0.16852,-0.14703,-0.0177,-0.0048,-0.0046,0.000,0.000,0.000,1,450
TRK,2258480,0.53679,-0.81354,0.16854,-0.14699,-0.0177,-0.0048,-0.0046,0.000,0.000,0.000,1,450
TRK,2258499,0.53672,-0.81358,0.16856,-0.14696,-0.0177,-0.0048,-0.0046,0.000,0.000,0.000,1,450
TRK,2258519,0.53669,-0.81361,0.16854,-0.14699,-0.0177,-0.0048,-0.0046,0.000,0.000,0.000,1,450
TRK,2258539,0.53670,-0.81359,0.16850,-0.14705,-0.0177,-0.0048,-0.0046,0.000,0.000,0.000,1,450
TRK,2258558,0.53668,-0.81360,0.16845,-0.14713,-0.0177,-0.0048,-0.0046,0.000,0.000,0.000,1,450
TRK,2258577,0.53665,-0.81362,0.16843,-0.14716,-0.0177,-0.0048,-0.0046,0.000,0.000,0.000,1,450
TRK,2258599,0.53667,-0.81361,0.16841,-0.14719,-0.0177,-0.0048,-0.0046,0.000,0.000,0.000,1,450
TRK,2258619,0.53668,-0.81360,0.16839,-0.14721,-0.0177,-0.0048,-0.0046,0.000,0.000,0.000,1,450
TRK,2258639,0.53664,-0.81362,0.16838,-0.14722,-0.0177,-0.0048,-0.0046,0.000,0.000,0.000,1,450
TRK,2258658,0.53657,-0.81367,0.16842,-0.14717,-0.0177,-0.0048,-0.0046,0.000,0.000,0.000,1,450
TRK,2258677,0.53657,-0.81368,0.16844,-0.14712,-0.0177,-0.0048,-0.0046,0.000,0.000,0.000,1,450
TRK,2258700,0.53657,-0.81368,0.16847,-0.14708,-0.0177,-0.0048,-0.0046,0.000,0.000,0.000,1,450
TRK,2258719,0.53652,-0.81372,0.16853,-0.14699,-0.0177,-0.0048,-0.0046,0.000,0.000,0.000,1,450
TRK,2258737,0.53643,-0.81378,0.16853,-0.14698,-0.0177,-0.0048,-0.0046,0.000,0.000,0.000,1,450
TRK,2258759,0.53647,-0.81375,0.16856,-0.14694,-0.0177,-0.0048,-0.0046,0.000,0.000,0.000,1,450
TRK,2258780,0.53658,-0.81368,0.16858,-0.14692,-0.0177,-0.0048,-0.0046,0.000,0.000,0.000,1,450
TRK,2258800,0.53662,-0.81365,0.16858,-0.14692,-0.0177,-0.0048,-0.0046,0.000,0.000,0.000,1,450
TRK,2258817,0.53663,-0.81365,0.16858,-0.14693,-0.0177,-0.0048,-0.0046,0.000,0.000,0.000,1,450
TRK,2258839,0.53669,-0.81361,0.16857,-0.14694,-0.0177,-0.0048,-0.0046,0.000,0.000,0.000,1,450
TRK,2258858,0.53675,-0.81357,0.16856,-0.14696,-0.0177,-0.0048,-0.0046,0.000,0.000,0.000,1,450
TRK,2258880,0.53673,-0.81358,0.16855,-0.14698,-0.0177,-0.0048,-0.0046,0.000,0.000,0.000,1,450
TRK,2258900,0.53661,-0.81366,0.16855,-0.14696,-0.0177,-0.0048,-0.0046,0.000,0.000,0.000,1,450
TRK,2258920,0.53658,-0.81368,0.16857,-0.14693,-0.0177,-0.0048,-0.0046,0.000,0.000,0.000,1,450
TRK,2258940,0.53663,-0.81364,0.16856,-0.14695,-0.0177,-0.0048,-0.0046,0.000,0.000,0.000,1,450
TRK,2258958,0.53662,-0.81365,0.16855,-0.14696,-0.0177,-0.0048,-0.0046,0.000,0.000,0.000,1,450
TRK,2258980,0.53657,-0.81369,0.16856,-0.14695,-0.0177,-0.0048,-0.0046,0.000,0.000,0.000,1,450
TRK,2259000,0.53662,-0.81365,0.16856,-0.14695,-0.0177,-0.0048,-0.0046,0.000,0.000,0.000,1,450
TRK,2259018,0.53669,-0.81361,0.16854,-0.14698,-0.0177,-0.0048,-0.0046,0.000,0.000,0.000,1,450
TRK,2259040,0.53664,-0.81364,0.16854,-0.14698,-0.0177,-0.0048,-0.0046,0.000,0.000,0.000,1,450
STAT,404.5,401.0,2,4,0,0.0202,0.342,0.1048,0.1096,-0.0655,9.8222,0.63,0.004
TRK,2259060,0.53662,-0.81365,0.16857,-0.14693,-0.0177,-0.0048,-0.0046,0.000,0.000,0.000,1,450
TRK,2259078,0.53663,-0.81365,0.16858,-0.14693,-0.0177,-0.0048,-0.0046,0.000,0.000,0.000,1,450
TRK,2259099,0.53664,-0.81364,0.16861,-0.14688,-0.0177,-0.0048,-0.0046,0.000,0.000,0.000,1,450
TRK,2259118,0.53661,-0.81366,0.16863,-0.14684,-0.0177,-0.0048,-0.0046,0.000,0.000,0.000,1,450
TRK,2259140,0.53662,-0.81365,0.16862,-0.14686,-0.0177,-0.0048,-0.0046,0.000,0.000,0.000,1,450
TRK,2259158,0.53667,-0.81362,0.16862,-0.14687,-0.0177,-0.0048,-0.0046,0.000,0.000,0.000,1,450
TRK,2259178,0.53670,-0.81360,0.16860,-0.14690,-0.0177,-0.0048,-0.0046,0.000,0.000,0.000,1,450
TRK,2259200,0.53667,-0.81362,0.16860,-0.14690,-0.0177,-0.0048,-0.0046,0.000,0.000,0.000,1,450
TRK,2259218,0.53663,-0.81365,0.16858,-0.14692,-0.0177,-0.0048,-0.0046,0.000,0.000,0.000,1,450
TRK,2259240,0.53657,-0.81368,0.16855,-0.14696,-0.0177,-0.0048,-0.0046,0.000,0.000,0.000,1,450
TRK,2259260,0.53655,-0.81370,0.16853,-0.14699,-0.0177,-0.0048,-0.0046,0.000,0.000,0.000,1,450
TRK,2259279,0.53656,-0.81369,0.16852,-0.14701,-0.0177,-0.0048,-0.0046,0.000,0.000,0.000,1,450
TRK,2259298,0.53657,-0.81368,0.16851,-0.14702,-0.0177,-0.0048,-0.0046,0.000,0.000,0.000,1,450
TRK,2259318,0.53657,-0.81368,0.16850,-0.14703,-0.0177,-0.0048,-0.0046,0.000,0.000,0.000,1,450
TRK,2259338,0.53658,-0.81368,0.16850,-0.14705,-0.0177,-0.0048,-0.0046,0.000,0.000,0.000,1,450
TRK,2259358,0.53663,-0.81364,0.16849,-0.14707,-0.0177,-0.0048,-0.0046,0.000,0.000,0.000,1,450
TRK,2259380,0.53663,-0.81364,0.16849,-0.14706,-0.0177,-0.0048,-0.0046,0.000,0.000,0.000,1,450
TRK,2259400,0.53666,-0.81363,0.16853,-0.14701,-0.0177,-0.0048,-0.0046,0.000,0.000,0.000,1,450
TRK,2259417,0.53668,-0.81361,0.16855,-0.14698,-0.0177,-0.0048,-0.0046,0.000,0.000,0.000,1,450
TRK,2259438,0.53669,-0.81361,0.16854,-0.14698,-0.0177,-0.0048,-0.0046,0.000,0.000,0.000,1,450
TRK,2259459,0.53662,-0.81365,0.16855,-0.14698,-0.0177,-0.0048,-0.0046,0.000,0.000,0.000,1,450
TRK,2259480,0.53658,-0.81368,0.16854,-0.14698,-0.0177,-0.0048,-0.0046,0.000,0.000,0.000,1,450
TRK,2259499,0.53659,-0.81367,0.16854,-0.14699,-0.0177,-0.0048,-0.0046,0.000,0.000,0.000,1,450
TRK,2259517,0.53655,-0.81370,0.16855,-0.14696,-0.0177,-0.0048,-0.0046,0.000,0.000,0.000,1,450
TRK,2259537,0.53649,-0.81374,0.16856,-0.14695,-0.0177,-0.0048,-0.0046,0.000,0.000,0.000,1,450
TRK,2259559,0.53643,-0.81378,0.16857,-0.14693,-0.0177,-0.0048,-0.0046,0.000,0.000,0.000,1,450
TRK,2259578,0.53643,-0.81378,0.16858,-0.14691,-0.0177,-0.0048,-0.0046,0.000,0.000,0.000,1,450
TRK,2259598,0.53639,-0.81381,0.16858,-0.14691,-0.0177,-0.0048,-0.0046,0.000,0.000,0.000,1,450
TRK,2259620,0.53638,-0.81382,0.16856,-0.14693,-0.0177,-0.0048,-0.0046,0.000,0.000,0.000,1,450
TRK,2259640,0.53642,-0.81379,0.16856,-0.14694,-0.0177,-0.0048,-0.0046,0.000,0.000,0.000,1,450
TRK,2259660,0.53650,-0.81373,0.16856,-0.14695,-0.0177,-0.0048,-0.0046,0.000,0.000,0.000,1,450
TRK,2259678,0.53651,-0.81372,0.16858,-0.14692,-0.0177,-0.0048,-0.0046,0.000,0.000,0.000,1,450
TRK,2259698,0.53657,-0.81369,0.16858,-0.14693,-0.0177,-0.0048,-0.0046,0.000,0.000,0.000,1,450
TRK,2259718,0.53666,-0.81363,0.16857,-0.14694,-0.0177,-0.0048,-0.0046,0.000,0.000,0.000,1,450
TRK,2259738,0.53660,-0.81366,0.16857,-0.14693,-0.0177,-0.0048,-0.0046,0.000,0.000,0.000,1,450
TRK,2259758,0.53658,-0.81368,0.16858,-0.14692,-0.0177,-0.0048,-0.0046,0.000,0.000,0.000,1,450
TRK,2259778,0.53672,-0.81358,0.16858,-0.14693,-0.0177,-0.0048,-0.0046,0.000,0.000,0.000,1,450
TRK,2259798,0.53681,-0.81353,0.16858,-0.14694,-0.0177,-0.0048,-0.0046,0.000,0.000,0.000,1,450
TRK,2259818,0.53679,-0.81354,0.16862,-0.14688,-0.0177,-0.0048,-0.0046,0.000,0.000,0.000,1,450
TRK,2259838,0.53685,-0.81350,0.16862,-0.14688,-0.0177,-0.0048,-0.0046,0.000,0.000,0.000,1,450
TRK,2259860,0.53706,-0.81336,0.16861,-0.14691,-0.0177,-0.0048,-0.0046,0.000,0.000,0.000,1,450
TRK,2259880,0.53703,-0.81338,0.16864,-0.14687,-0.0177,-0.0048,-0.0046,0.000,0.000,0.000,1,450
TRK,2259897,0.53687,-0.81349,0.16864,-0.14685,-0.0177,-0.0048,-0.0046,0.000,0.000,0.000,1,450
TRK,2259918,0.53682,-0.81352,0.16862,-0.14688,-0.0177,-0.0048,-0.0046,0.000,0.000,0.000,1,450
TRK,2259940,0.53691,-0.81346,0.16858,-0.14695,-0.0177,-0.0048,-0.0046,0.000,0.000,0.000,1,450
TRK,2259959,0.53675,-0.81357,0.16856,-0.14696,-0.0177,-0.0048,-0.0046,0.000,0.000,0.000,1,450
TRK,2259980,0.53654,-0.81370,0.16855,-0.14697,-0.0177,-0.0048,-0.0046,0.000,0.000,0.000,1,450
TRK,2259999,0.53660,-0.81366,0.16856,-0.14695,-0.0177,-0.0048,-0.0046,0.000,0.000,0.000,1,450
TRK,2260017,0.53670,-0.81360,0.16855,-0.14698,-0.0177,-0.0048,-0.0046,0.000,0.000,0.000,1,450
TRK,2260039,0.53659,-0.81368,0.16857,-0.14694,-0.0177,-0.0048,-0.0046,0.000,0.000,0.000,1,450
STAT,404.5,401.0,2,4,0,0.0283,0.992,0.1013,0.1077,-0.0570,9.8187,0.63,0.004
TRK,2260059,0.53649,-0.81374,0.16857,-0.14693,-0.0177,-0.0048,-0.0046,0.000,0.000,0.000,1,450
TRK,2260079,0.53659,-0.81367,0.16854,-0.14698,-0.0177,-0.0048,-0.0046,0.000,0.000,0.000,1,450
TRK,2260098,0.53663,-0.81365,0.16853,-0.14700,-0.0177,-0.0048,-0.0046,0.000,0.000,0.000,1,450
TRK,2260117,0.53651,-0.81372,0.16852,-0.14701,-0.0177,-0.0048,-0.0046,0.000,0.000,0.000,1,450
TRK,2260140,0.53653,-0.81371,0.16851,-0.14703,-0.0177,-0.0048,-0.0046,0.000,0.000,0.000,1,450
TRK,2260159,0.53666,-0.81362,0.16849,-0.14706,-0.0177,-0.0048,-0.0046,0.000,0.000,0.000,1,450
TRK,2260177,0.53664,-0.81364,0.16849,-0.14706,-0.0177,-0.0048,-0.0046,0.000,0.000,0.000,1,450
TRK,2260199,0.53657,-0.81368,0.16853,-0.14700,-0.0177,-0.0048,-0.0046,0.000,0.000,0.000,1,450
TRK,2260220,0.53664,-0.81364,0.16854,-0.14699,-0.0177,-0.0048,-0.0046,0.000,0.000,0.000,1,450
TRK,2260239,0.53674,-0.81357,0.16852,-0.14702,-0.0177,-0.0048,-0.0046,0.000,0.000,0.000,1,450
TRK,2260257,0.53676,-0.81356,0.16854,-0.14700,-0.0177,-0.0048,-0.0046,0.000,0.000,0.000,1,450
TRK,2260278,0.53672,-0.81358,0.16852,-0.14703,-0.0177,-0.0048,-0.0046,0.000,0.000,0.000,1,450
TRK,2260299,0.53677,-0.81355,0.16852,-0.14702,-0.0177,-0.0048,-0.0046,0.000,0.000,0.000,1,450
TRK,2260318,0.53672,-0.81358,0.16855,-0.14698,-0.0177,-0.0048,-0.0046,0.000,0.000,0.000,1,450
TRK,2260340,0.53663,-0.81365,0.16862,-0.14687,-0.0177,-0.0048,-0.0046,0.000,0.000,0.000,1,450
TRK,2260358,0.53659,-0.81368,0.16866,-0.14681,-0.0177,-0.0048,-0.0046,0.000,0.000,0.000,1,450
TRK,2260380,0.53664,-0.81365,0.16867,-0.14680,-0.0177,-0.0048,-0.0046,0.000,0.000,0.000,1,450
TRK,2260399,0.53666,-0.81363,0.16866,-0.14682,-0.0177,-0.0048,-0.0046,0.000,0.000,0.000,1,450
TRK,2260420,0.53665,-0.81364,0.16862,-0.14686,-0.0177,-0.0048,-0.0046,0.000,0.000,0.000,1,450
TRK,2260437,0.53660,-0.81367,0.16860,-0.14690,-0.0177,-0.0048,-0.0046,0.000,0.000,0.000,1,450
TRK,2260459,0.53660,-0.81367,0.16861,-0.14688,-0.0177,-0.0048,-0.0046,0.000,0.000,0.000,1,450
TRK,2260478,0.53659,-0.81368,0.16863,-0.14685,-0.0177,-0.0048,-0.0046,0.000,0.000,0.000,1,450
TRK,2260499,0.53652,-0.81372,0.16861,-0.14687,-0.0177,-0.0048,-0.0046,0.000,0.000,0.000,1,450
TRK,2260518,0.53649,-0.81374,0.16862,-0.14686,-0.0177,-0.0048,-0.0046,0.000,0.000,0.000,1,450
TRK,2260538,0.53646,-0.81376,0.16861,-0.14688,-0.0177,-0.0048,-0.0046,0.000,0.000,0.000,1,450
TRK,2260558,0.53648,-0.81375,0.16859,-0.14690,-0.0177,-0.0048,-0.0046,0.000,0.000,0.000,1,450
TRK,2260580,0.53644,-0.81378,0.16857,-0.14694,-0.0177,-0.0048,-0.0046,0.000,0.000,0.000,1,450
TRK,2260598,0.53643,-0.81378,0.16858,-0.14692,-0.0177,-0.0048,-0.0046,0.000,0.000,0.000,1,450
TRK,2260620,0.53645,-0.81377,0.16857,-0.14693,-0.0177,-0.0048,-0.0046,0.000,0.000,0.000,1,450
TRK,2260638,0.53647,-0.81376,0.16858,-0.14692,-0.0177,-0.0048,-0.0046,0.000,0.000,0.000,1,450
TRK,2260660,0.53649,-0.81374,0.16857,-0.14693,-0.0177,-0.0048,-0.0046,0.000,0.000,0.000,1,450
TRK,2260679,0.53652,-0.81372,0.16858,-0.14692,-0.0177,-0.0048,-0.0046,0.000,0.000,0.000,1,450
TRK,2260699,0.53656,-0.81369,0.16857,-0.14694,-0.0177,-0.0048,-0.0046,0.000,0.000,0.000,1,450
TRK,2260720,0.53658,-0.81368,0.16858,-0.14693,-0.0177,-0.0048,-0.0046,0.000,0.000,0.000,1,450
TRK,2260737,0.53659,-0.81367,0.16859,-0.14691,-0.0177,-0.0048,-0.0046,0.000,0.000,0.000,1,450
TRK,2260759,0.53659,-0.81367,0.16859,-0.14691,-0.0177,-0.0048,-0.0046,0.000,0.000,0.000,1,450
TRK,2260778,0.53666,-0.81363,0.16857,-0.14694,-0.0177,-0.0048,-0.0046,0.000,0.000,0.000,1,450
TRK,2260799,0.53660,-0.81367,0.16858,-0.14693,-0.0177,-0.0048,-0.0046,0.000,0.000,0.000,1,450
TRK,2260818,0.53655,-0.81370,0.16855,-0.14697,-0.0177,-0.0048,-0.0046,0.000,0.000,0.000,1,450
TRK,2260840,0.53660,-0.81366,0.16852,-0.14702,-0.0177,-0.0048,-0.0046,0.000,0.000,0.000,1,450
TRK,2260860,0.53662,-0.81365,0.16852,-0.14702,-0.0177,-0.0048,-0.0046,0.000,0.000,0.000,1,450
TRK,2260878,0.53653,-0.81371,0.16849,-0.14706,-0.0177,-0.0048,-0.0046,0.000,0.000,0.000,1,450
TRK,2260900,0.53655,-0.81369,0.16851,-0.14703,-0.0177,-0.0048,-0.0046,0.000,0.000,0.000,1,450
TRK,2260920,0.53656,-0.81369,0.16852,-0.14701,-0.0177,-0.0048,-0.0046,0.000,0.000,0.000,1,450
TRK,2260940,0.53654,-0.81370,0.16852,-0.14701,-0.0177,-0.0048,-0.0046,0.000,0.000,0.000,1,450
TRK,2260959,0.53652,-0.81372,0.16853,-0.14700,-0.0177,-0.0048,-0.0046,0.000,0.000,0.000,1,450
TRK,2260978,0.53650,-0.81374,0.16855,-0.14697,-0.0177,-0.0048,-0.0046,0.000,0.000,0.000,1,450
TRK,2260998,0.53650,-0.81373,0.16851,-0.14703,-0.0177,-0.0048,-0.0046,0.000,0.000,0.000,1,450
TRK,2261018,0.53656,-0.81369,0.16852,-0.14702,-0.0177,-0.0048,-0.0046,0.000,0.000,0.000,1,450
TRK,2261038,0.53668,-0.81361,0.16853,-0.14701,-0.0177,-0.0048,-0.0046,0.000,0.000,0.000,1,450
STAT,403.9,400.4,2,4,0,0.0242,0.439,0.0955,0.1070,-0.0669,9.8222,0.63,0.004
TRK,2261057,0.53657,-0.81369,0.16856,-0.14695,-0.0177,-0.0048,-0.0046,0.000,0.000,0.000,1,450
TRK,2261080,0.53650,-0.81374,0.16859,-0.14690,-0.0177,-0.0048,-0.0046,0.000,0.000,0.000,1,450
TRK,2261098,0.53666,-0.81363,0.16860,-0.14691,-0.0177,-0.0048,-0.0046,0.000,0.000,0.000,1,450
TRK,2261120,0.53673,-0.81358,0.16859,-0.14693,-0.0177,-0.0048,-0.0046,0.000,0.000,0.000,1,450
TRK,2261139,0.53651,-0.81373,0.16859,-0.14690,-0.0177,-0.0048,-0.0046,0.000,0.000,0.000,1,450
TRK,2261160,0.53646,-0.81376,0.16861,-0.14687,-0.0177,-0.0048,-0.0046,0.000,0.000,0.000,1,450
TRK,2261179,0.53665,-0.81363,0.16856,-0.14696,-0.0177,-0.0048,-0.0046,0.000,0.000,0.000,1,450
TRK,2261197,0.53670,-0.81360,0.16853,-0.14701,-0.0177,-0.0048,-0.0046,0.000,0.000,0.000,1,450
TRK,2261219,0.53643,-0.81378,0.16855,-0.14696,-0.0177,-0.0048,-0.0046,0.000,0.000,0.000,1,450
TRK,2261238,0.53639,-0.81381,0.16856,-0.14695,-0.0177,-0.0048,-0.0046,0.000,0.000,0.000,1,450
TRK,2261258,0.53659,-0.81367,0.16853,-0.14700,-0.0177,-0.0048,-0.0046,0.000,0.000,0.000,1,450
TRK,2261278,0.53653,-0.81371,0.16856,-0.14695,-0.0177,-0.0048,-0.0046,0.000,0.000,0.000,1,450
TRK,2261300,0.53626,-0.81390,0.16858,-0.14690,-0.0177,-0.0048,-0.0046,0.000,0.000,0.000,1,450
TRK,2261320,0.53639,-0.81381,0.16856,-0.14694,-0.0177,-0.0048,-0.0046,0.000,0.000,0.000,1,450
TRK,2261340,0.53656,-0.81369,0.16857,-0.14694,-0.0177,-0.0048,-0.0046,0.000,0.000,0.000,1,450
TRK,2261358,0.53646,-0.81376,0.16859,-0.14691,-0.0177,-0.0048,-0.0046,0.000,0.000,0.000,1,450
TRK,2261380,0.53636,-0.81383,0.16855,-0.14695,-0.0177,-0.0048,-0.0046,0.000,0.000,0.000,1,450
TRK,2261399,0.53658,-0.81368,0.16852,-0.14702,-0.0177,-0.0048,-0.0046,0.000,0.000,0.000,1,450
TRK,2261417,0.53668,-0.81361,0.16848,-0.14708,-0.0177,-0.0048,-0.0046,0.000,0.000,0.000,1,450
TRK,2261437,0.53653,-0.81371,0.16846,-0.14710,-0.0177,-0.0048,-0.0046,0.000,0.000,0.000,1,450
TRK,2261457,0.53645,-0.81376,0.16843,-0.14715,-0.0177,-0.0048,-0.0046,0.000,0.000,0.000,1,450
TRK,2261478,0.53660,-0.81366,0.16840,-0.14719,-0.0177,-0.0048,-0.0046,0.000,0.000,0.000,1,450
TRK,2261499,0.53654,-0.81369,0.16838,-0.14722,-0.0177,-0.0048,-0.0046,0.000,0.000,0.000,1,450
TRK,2261519,0.53640,-0.81379,0.16839,-0.14720,-0.0177,-0.0048,-0.0046,0.000,0.000,0.000,1,450
TRK,2261538,0.53645,-0.81375,0.16840,-0.14718,-0.0177,-0.0048,-0.0046,0.000,0.000,0.000,1,450
TRK,2261557,0.53661,-0.81365,0.16840,-0.14720,-0.0177,-0.0048,-0.0046,0.000,0.000,0.000,1,450
TRK,2261580,0.53654,-0.81369,0.16839,-0.14720,-0.0177,-0.0048,-0.0046,0.000,0.000,0.000,1,450
TRK,2261599,0.53647,-0.81374,0.16839,-0.14720,-0.0177,-0.0048,-0.0046,0.000,0.000,0.000,1,450
TRK,2261617,0.53650,-0.81372,0.16836,-0.14725,-0.0177,-0.0048,-0.0046,0.000,0.000,0.000,1,450
TRK,2261639,0.53656,-0.81368,0.16832,-0.14731,-0.0177,-0.0048,-0.0046,0.000,0.000,0.000,1,450
TRK,2261659,0.53648,-0.81373,0.16831,-0.14732,-0.0177,-0.0048,-0.0046,0.000,0.000,0.000,1,450
TRK,2261677,0.53641,-0.81378,0.16829,-0.14735,-0.0177,-0.0048,-0.0046,0.000,0.000,0.000,1,450
TRK,2261699,0.53649,-0.81373,0.16831,-0.14733,-0.0177,-0.0048,-0.0046,0.000,0.000,0.000,1,450
TRK,2261718,0.53649,-0.81372,0.16834,-0.14729,-0.0177,-0.0048,-0.0046,0.000,0.000,0.000,1,450
TRK,2261739,0.53640,-0.81379,0.16838,-0.14721,-0.0177,-0.0048,-0.0046,0.000,0.000,0.000,1,450
TRK,2261758,0.53635,-0.81382,0.16839,-0.14719,-0.0177,-0.0048,-0.0046,0.000,0.000,0.000,1,450
TRK,2261780,0.53634,-0.81383,0.16842,-0.14715,-0.0177,-0.0048,-0.0046,0.000,0.000,0.000,1,450
TRK,2261798,0.53629,-0.81387,0.16843,-0.14713,-0.0177,-0.0048,-0.0046,0.000,0.000,0.000,1,450
TRK,2261820,0.53617,-0.81394,0.16842,-0.14714,-0.0177,-0.0048,-0.0046,0.000,0.000,0.000,1,450
TRK,2261839,0.53619,-0.81394,0.16843,-0.14712,-0.0177,-0.0048,-0.0046,0.000,0.000,0.000,1,450
TRK,2261857,0.53621,-0.81392,0.16845,-0.14710,-0.0177,-0.0048,-0.0046,0.000,0.000,0.000,1,450
TRK,2261879,0.53615,-0.81396,0.16846,-0.14709,-0.0177,-0.0048,-0.0046,0.000,0.000,0.000,1,450
TRK,2261900,0.53614,-0.81396,0.16844,-0.14710,-0.0177,-0.0048,-0.0046,0.000,0.000,0.000,1,450
TRK,2261919,0.53617,-0.81395,0.16844,-0.14712,-0.0177,-0.0048,-0.0046,0.000,0.000,0.000,1,450
TRK,2261940,0.53622,-0.81391,0.16841,-0.14716,-0.0177,-0.0048,-0.0046,0.000,0.000,0.000,1,450
TRK,2261957,0.53621,-0.81391,0.16840,-0.14717,-0.0177,-0.0048,-0.0046,0.000,0.000,0.000,1,450
TRK,2261979,0.53627,-0.81388,0.16841,-0.14716,-0.0177,-0.0048,-0.0046,0.000,0.000,0.000,1,450
TRK,2261999,0.53636,-0.81382,0.16843,-0.14714,-0.0177,-0.0048,-0.0046,0.000,0.000,0.000,1,450
TRK,2262018,0.53642,-0.81378,0.16845,-0.14711,-0.0177,-0.0048,-0.0046,0.000,0.000,0.000,1,450
TRK,2262040,0.53643,-0.81377,0.16848,-0.14707,-0.0177,-0.0048,-0.0046,0.000,0.000,0.000,1,450
STAT,403.9,400.4,2,4,0,0.0213,0.293,0.0932,0.1136,-0.0755,9.8179,0.63,0.004
TRK,2262059,0.53651,-0.81372,0.16852,-0.14701,-0.0177,-0.0048,-0.0046,0.000,0.000,0.000,1,450
TRK,2262080,0.53660,-0.81367,0.16855,-0.14698,-0.0177,-0.0048,-0.0046,0.000,0.000,0.000,1,450
TRK,2262099,0.53661,-0.81366,0.16858,-0.14693,-0.0177,-0.0048,-0.0046,0.000,0.000,0.000,1,450
TRK,2262117,0.53657,-0.81369,0.16857,-0.14694,-0.0177,-0.0048,-0.0046,0.000,0.000,0.000,1,450
TRK,2262138,0.53655,-0.81370,0.16857,-0.14695,-0.0177,-0.0048,-0.0046,0.000,0.000,0.000,1,450
TRK,2262159,0.53656,-0.81369,0.16855,-0.14698,-0.0177,-0.0048,-0.0046,0.000,0.000,0.000,1,450
TRK,2262177,0.53650,-0.81373,0.16851,-0.14703,-0.0177,-0.0048,-0.0046,0.000,0.000,0.000,1,450
TRK,2262199,0.53646,-0.81376,0.16848,-0.14707,-0.0177,-0.0048,-0.0046,0.000,0.000,0.000,1,450
TRK,2262218,0.53653,-0.81370,0.16849,-0.14706,-0.0177,-0.0048,-0.0046,0.000,0.000,0.000,1,450
TRK,2262238,0.53652,-0.81371,0.16849,-0.14706,-0.0177,-0.0048,-0.0046,0.000,0.000,0.000,1,450
TRK,2262258,0.53650,-0.81373,0.16848,-0.14708,-0.0177,-0.0048,-0.0046,0.000,0.000,0.000,1,450
TRK,2262278,0.53656,-0.81369,0.16847,-0.14709,-0.0177,-0.0048,-0.0046,0.000,0.000,0.000,1,450
TRK,2262298,0.53662,-0.81365,0.16850,-0.14706,-0.0177,-0.0048,-0.0046,0.000,0.000,0.000,1,450
TRK,2262318,0.53660,-0.81366,0.16851,-0.14703,-0.0177,-0.0048,-0.0046,0.000,0.000,0.000,1,450
TRK,2262339,0.53662,-0.81365,0.16851,-0.14703,-0.0177,-0.0048,-0.0046,0.000,0.000,0.000,1,450
TRK,2262359,0.53670,-0.81360,0.16850,-0.14705,-0.0177,-0.0048,-0.0046,0.000,0.000,0.000,1,450
TRK,2262379,0.53669,-0.81360,0.16850,-0.14705,-0.0177,-0.0048,-0.0046,0.000,0.000,0.000,1,450
TRK,2262399,0.53664,-0.81364,0.16853,-0.14700,-0.0177,-0.0048,-0.0046,0.000,0.000,0.000,1,450
TRK,2262417,0.53661,-0.81365,0.16854,-0.14699,-0.0177,-0.0048,-0.0046,0.000,0.000,0.000,1,450
TRK,2262440,0.53668,-0.81361,0.16855,-0.14698,-0.0177,-0.0048,-0.0046,0.000,0.000,0.000,1,450
TRK,2262460,0.53658,-0.81368,0.16854,-0.14698,-0.0177,-0.0048,-0.0046,0.000,0.000,0.000,1,450
TRK,2262480,0.53654,-0.81370,0.16856,-0.14696,-0.0177,-0.0048,-0.0046,0.000,0.000,0.000,1,450
TRK,2262500,0.53658,-0.81368,0.16862,-0.14687,-0.0177,-0.0048,-0.0046,0.000,0.000,0.000,1,450
TRK,2262520,0.53654,-0.81371,0.16869,-0.14677,-0.0177,-0.0048,-0.0046,0.000,0.000,0.000,1,450
TRK,2262540,0.53647,-0.81377,0.16876,-0.14665,-0.0177,-0.0048,-0.0046,0.000,0.000,0.000,1,450
TRK,2262558,0.53641,-0.81381,0.16882,-0.14656,-0.0177,-0.0048,-0.0046,0.000,0.000,0.000,1,450
TRK,2262580,0.53641,-0.81381,0.16880,-0.14658,-0.0177,-0.0048,-0.0046,0.000,0.000,0.000,1,450
TRK,2262600,0.53641,-0.81381,0.16880,-0.14658,-0.0177,-0.0048,-0.0046,0.000,0.000,0.000,1,450
TRK,2262619,0.53637,-0.81383,0.16877,-0.14663,-0.0177,-0.0048,-0.0046,0.000,0.000,0.000,1,450
TRK,2262639,0.53638,-0.81382,0.16873,-0.14668,-0.0177,-0.0048,-0.0046,0.000,0.000,0.000,1,450
TRK,2262658,0.53645,-0.81377,0.16870,-0.14674,-0.0177,-0.0048,-0.0046,0.000,0.000,0.000,1,450
TRK,2262677,0.53645,-0.81377,0.16871,-0.14673,-0.0177,-0.0048,-0.0046,0.000,0.000,0.000,1,450
TRK,2262698,0.53640,-0.81380,0.16868,-0.14676,-0.0177,-0.0048,-0.0046,0.000,0.000,0.000,1,450
TRK,2262720,0.53647,-0.81376,0.16867,-0.14678,-0.0177,-0.0048,-0.0046,0.000,0.000,0.000,1,450
TRK,2262738,0.53653,-0.81372,0.16867,-0.14679,-0.0177,-0.0048,-0.0046,0.000,0.000,0.000,1,450
TRK,2262760,0.53659,-0.81368,0.16866,-0.14680,-0.0177,-0.0048,-0.0046,0.000,0.000,0.000,1,450
TRK,2262778,0.53665,-0.81364,0.16866,-0.14682,-0.0177,-0.0048,-0.0046,0.000,0.000,0.000,1,450
TRK,2262799,0.53666,-0.81363,0.16862,-0.14687,-0.0177,-0.0048,-0.0046,0.000,0.000,0.000,1,450
TRK,2262820,0.53667,-0.81362,0.16858,-0.14693,-0.0177,-0.0048,-0.0046,0.000,0.000,0.000,1,450
TRK,2262840,0.53664,-0.81364,0.16857,-0.14694,-0.0177,-0.0048,-0.0046,0.000,0.000,0.000,1,450
TRK,2262859,0.53664,-0.81364,0.16857,-0.14695,-0.0177,-0.0048,-0.0046,0.000,0.000,0.000,1,450
TRK,2262877,0.53660,-0.81366,0.16854,-0.14698,-0.0177,-0.0048,-0.0046,0.000,0.000,0.000,1,450
TRK,2262899,0.53666,-0.81363,0.16853,-0.14701,-0.0177,-0.0048,-0.0046,0.000,0.000,0.000,1,450
TRK,2262918,0.53668,-0.81361,0.16851,-0.14704,-0.0177,-0.0048,-0.0046,0.000,0.000,0.000,1,450
TRK,2262938,0.53665,-0.81363,0.16850,-0.14706,-0.0177,-0.0048,-0.0046,0.000,0.000,0.000,1,450
TRK,2262958,0.53669,-0.81360,0.16849,-0.14707,-0.0177,-0.0048,-0.0046,0.000,0.000,0.000,1,450
TRK,2262980,0.53668,-0.81361,0.16848,-0.14709,-0.0177,-0.0048,-0.0046,0.000,0.000,0.000,1,450
TRK,2262998,0.53666,-0.81362,0.16849,-0.14707,-0.0177,-0.0048,-0.0046,0.000,0.000,0.000,1,450
TRK,2263020,0.53662,-0.81365,0.16855,-0.14698,-0.0177,-0.0048,-0.0046,0.000,0.000,0.000,1,450
TRK,2263039,0.53663,-0.81364,0.16858,-0.14694,-0.0177,-0.0048,-0.0046,0.000,0.000,0.000,1,450
STAT,404.5,401.0,2,4,0,0.0237,0.304,0.1017,0.1211,-0.0682,9.8182,0.63,0.004
TRK,2263058,0.53666,-0.81363,0.16858,-0.14693,-0.0177,-0.0048,-0.0046,0.000,0.000,0.000,1,450
TRK,2263080,0.53659,-0.81367,0.16858,-0.14693,-0.0177,-0.0048,-0.0046,0.000,0.000,0.000,1,450
TRK,2263099,0.53649,-0.81374,0.16859,-0.14691,-0.0177,-0.0048,-0.0046,0.000,0.000,0.000,1,450
TRK,2263119,0.53649,-0.81374,0.16855,-0.14697,-0.0177,-0.0048,-0.0046,0.000,0.000,0.000,1,450
TRK,2263138,0.53652,-0.81372,0.16853,-0.14700,-0.0177,-0.0048,-0.0046,0.000,0.000,0.000,1,450
TRK,2263158,0.53647,-0.81375,0.16853,-0.14700,-0.0177,-0.0048,-0.0046,0.000,0.000,0.000,1,450
TRK,2263178,0.53640,-0.81380,0.16852,-0.14701,-0.0177,-0.0048,-0.0046,0.000,0.000,0.000,1,450
TRK,2263198,0.53647,-0.81375,0.16850,-0.14704,-0.0177,-0.0048,-0.0046,0.000,0.000,0.000,1,450
TRK,2263219,0.53646,-0.81376,0.16853,-0.14700,-0.0177,-0.0048,-0.0046,0.000,0.000,0.000,1,450
TRK,2263237,0.53636,-0.81382,0.16854,-0.14697,-0.0177,-0.0048,-0.0046,0.000,0.000,0.000,1,450
TRK,2263260,0.53637,-0.81382,0.16856,-0.14695,-0.0177,-0.0048,-0.0046,0.000,0.000,0.000,1,450
TRK,2263278,0.53646,-0.81376,0.16855,-0.14697,-0.0177,-0.0048,-0.0046,0.000,0.000,0.000,1,450
TRK,2263299,0.53654,-0.81371,0.16856,-0.14696,-0.0177,-0.0048,-0.0046,0.000,0.000,0.000,1,450
TRK,2263320,0.53657,-0.81369,0.16855,-0.14698,-0.0177,-0.0048,-0.0046,0.000,0.000,0.000,1,450
TRK,2263339,0.53663,-0.81364,0.16853,-0.14701,-0.0177,-0.0048,-0.0046,0.000,0.000,0.000,1,450
TRK,2263358,0.53669,-0.81360,0.16849,-0.14707,-0.0177,-0.0048,-0.0046,0.000,0.000,0.000,1,450
TRK,2263379,0.53666,-0.81362,0.16847,-0.14710,-0.0177,-0.0048,-0.0046,0.000,0.000,0.000,1,450
TRK,2263400,0.53660,-0.81366,0.16844,-0.14713,-0.0177,-0.0048,-0.0046,0.000,0.000,0.000,1,450
TRK,2263418,0.53657,-0.81368,0.16843,-0.14715,-0.0177,-0.0048,-0.0046,0.000,0.000,0.000,1,450
TRK,2263437,0.53657,-0.81368,0.16844,-0.14713,-0.0177,-0.0048,-0.0046,0.000,0.000,0.000,1,450
TRK,2263457,0.53651,-0.81372,0.16846,-0.14710,-0.0177,-0.0048,-0.0046,0.000,0.000,0.000,1,450
TRK,2263477,0.53652,-0.81371,0.16846,-0.14710,-0.0177,-0.0048,-0.0046,0.000,0.000,0.000,1,450
TRK,2263500,0.53651,-0.81372,0.16844,-0.14714,-0.0177,-0.0048,-0.0046,0.000,0.000,0.000,1,450
TRK,2263520,0.53649,-0.81373,0.16847,-0.14709,-0.0177,-0.0048,-0.0046,0.000,0.000,0.000,1,450
TRK,2263539,0.53645,-0.81376,0.16845,-0.14711,-0.0177,-0.0048,-0.0046,0.000,0.000,0.000,1,450
TRK,2263557,0.53644,-0.81376,0.16846,-0.14711,-0.0177,-0.0048,-0.0046,0.000,0.000,0.000,1,450
TRK,2263579,0.53647,-0.81374,0.16846,-0.14710,-0.0177,-0.0048,-0.0046,0.000,0.000,0.000,1,450
TRK,2263600,0.53644,-0.81377,0.16847,-0.14708,-0.0177,-0.0048,-0.0046,0.000,0.000,0.000,1,450
TRK,2263618,0.53643,-0.81378,0.16847,-0.14709,-0.0177,-0.0048,-0.0046,0.000,0.000,0.000,1,450
TRK,2263639,0.53647,-0.81374,0.16847,-0.14709,-0.0177,-0.0048,-0.0046,0.000,0.000,0.000,1,450
TRK,2263658,0.53652,-0.81371,0.16846,-0.14710,-0.0177,-0.0048,-0.0046,0.000,0.000,0.000,1,450
TRK,2263678,0.53652,-0.81371,0.16846,-0.14711,-0.0177,-0.0048,-0.0046,0.000,0.000,0.000,1,450
TRK,2263698,0.53653,-0.81371,0.16847,-0.14709,-0.0177,-0.0048,-0.0046,0.000,0.000,0.000,1,450
TRK,2263718,0.53652,-0.81371,0.16849,-0.14706,-0.0177,-0.0048,-0.0046,0.000,0.000,0.000,1,450
TRK,2263738,0.53647,-0.81375,0.16851,-0.14702,-0.0177,-0.0048,-0.0046,0.000,0.000,0.000,1,450
TRK,2263760,0.53646,-0.81376,0.16856,-0.14695,-0.0177,-0.0048,-0.0046,0.000,0.000,0.000,1,450
TRK,2263778,0.53642,-0.81379,0.16859,-0.14691,-0.0177,-0.0048,-0.0046,0.000,0.000,0.000,1,450
TRK,2263800,0.53643,-0.81379,0.16862,-0.14687,-0.0177,-0.0048,-0.0046,0.000,0.000,0.000,1,450
TRK,2263818,0.53646,-0.81376,0.16862,-0.14686,-0.0177,-0.0048,-0.0046,0.000,0.000,0.000,1,450
TRK,2263840,0.53654,-0.81371,0.16859,-0.14691,-0.0177,-0.0048,-0.0046,0.000,0.000,0.000,1,450
TRK,2263858,0.53657,-0.81369,0.16859,-0.14692,-0.0177,-0.0048,-0.0046,0.000,0.000,0.000,1,450
TRK,2263878,0.53655,-0.81370,0.16860,-0.14690,-0.0177,-0.0048,-0.0046,0.000,0.000,0.000,1,450
TRK,2263898,0.53657,-0.81369,0.16863,-0.14685,-0.0177,-0.0048,-0.0046,0.000,0.000,0.000,1,450
TRK,2263918,0.53656,-0.81370,0.16864,-0.14684,-0.0177,-0.0048,-0.0046,0.000,0.000,0.000,1,450
TRK,2263938,0.53651,-0.81373,0.16867,-0.14680,-0.0177,-0.0048,-0.0046,0.000,0.000,0.000,1,450
TRK,2263959,0.53651,-0.81373,0.16866,-0.14681,-0.0177,-0.0048,-0.0046,0.000,0.000,0.000,1,450
TRK,2263980,0.53658,-0.81368,0.16860,-0.14690,-0.0177,-0.0048,-0.0046,0.000,0.000,0.000,1,450
TRK,2264000,0.53657,-0.81368,0.16856,-0.14696,-0.0177,-0.0048,-0.0046,0.000,0.000,0.000,1,450
TRK,2264018,0.53656,-0.81369,0.16854,-0.14699,-0.0177,-0.0048,-0.0046,0.000,0.000,0.000,1,450
TRK,2264039,0.53658,-0.81368,0.16857,-0.14695,-0.0177,-0.0048,-0.0046,0.000,0.000,0.000,1,450
STAT,404.5,401.0,2,4,0,0.0256,0.337,0.0986,0.1076,-0.0685,9.8166,0.63,0.004
TRK,2264057,0.53659,-0.81367,0.16860,-0.14691,-0.0177,-0.0048,-0.0046,0.000,0.000,0.000,1,450
TRK,2264079,0.53654,-0.81371,0.16862,-0.14687,-0.0177,-0.0048,-0.0046,0.000,0.000,0.000,1,450
TRK,2264097,0.53650,-0.81374,0.16864,-0.14683,-0.0177,-0.0048,-0.0046,0.000,0.000,0.000,1,450
TRK,2264119,0.53656,-0.81370,0.16864,-0.14684,-0.0177,-0.0048,-0.0046,0.000,0.000,0.000,1,450
TRK,2264137,0.53658,-0.81368,0.16862,-0.14687,-0.0177,-0.0048,-0.0046,0.000,0.000,0.000,1,450
TRK,2264158,0.53652,-0.81372,0.16858,-0.14692,-0.0177,-0.0048,-0.0046,0.000,0.000,0.000,1,450
TRK,2264179,0.53640,-0.81380,0.16856,-0.14695,-0.0177,-0.0048,-0.0046,0.000,0.000,0.000,1,450
TRK,2264198,0.53638,-0.81381,0.16854,-0.14698,-0.0177,-0.0048,-0.0046,0.000,0.000,0.000,1,450
TRK,2264217,0.53631,-0.81386,0.16853,-0.14699,-0.0177,-0.0048,-0.0046,0.000,0.000,0.000,1,450
TRK,2264240,0.53623,-0.81391,0.16858,-0.14691,-0.0177,-0.0048,-0.0046,0.000,0.000,0.000,1,450
TRK,2264259,0.53620,-0.81393,0.16862,-0.14685,-0.0177,-0.0048,-0.0046,0.000,0.000,0.000,1,450
TRK,2264277,0.53625,-0.81391,0.16863,-0.14683,-0.0177,-0.0048,-0.0046,0.000,0.000,0.000,1,450
TRK,2264299,0.53627,-0.81389,0.16864,-0.14682,-0.0177,-0.0048,-0.0046,0.000,0.000,0.000,1,450
TRK,2264320,0.53627,-0.81389,0.16864,-0.14682,-0.0177,-0.0048,-0.0046,0.000,0.000,0.000,1,450
TRK,2264339,0.53628,-0.81388,0.16864,-0.14682,-0.0177,-0.0048,-0.0046,0.000,0.000,0.000,1,450
TRK,2264357,0.53636,-0.81383,0.16864,-0.14683,-0.0177,-0.0048,-0.0046,0.000,0.000,0.000,1,450
TRK,2264379,0.53641,-0.81380,0.16868,-0.14676,-0.0177,-0.0048,-0.0046,0.000,0.000,0.000,1,450
TRK,2264400,0.53643,-0.81379,0.16869,-0.14676,-0.0177,-0.0048,-0.0046,0.000,0.000,0.000,1,450
TRK,2264420,0.53651,-0.81373,0.16871,-0.14673,-0.0177,-0.0048,-0.0046,0.000,0.000,0.000,1,450
TRK,2264440,0.53650,-0.81374,0.16871,-0.14673,-0.0177,-0.0048,-0.0046,0.000,0.000,0.000,1,450
TRK,2264460,0.53650,-0.81374,0.16870,-0.14675,-0.0177,-0.0048,-0.0046,0.000,0.000,0.000,1,450
TRK,2264480,0.53650,-0.81374,0.16867,-0.14679,-0.0177,-0.0048,-0.0046,0.000,0.000,0.000,1,450
TRK,2264500,0.53649,-0.81374,0.16863,-0.14684,-0.0177,-0.0048,-0.0046,0.000,0.000,0.000,1,450
TRK,2264520,0.53650,-0.81374,0.16863,-0.14685,-0.0177,-0.0048,-0.0046,0.000,0.000,0.000,1,450
TRK,2264540,0.53651,-0.81373,0.16861,-0.14688,-0.0177,-0.0048,-0.0046,0.000,0.000,0.000,1,450
TRK,2264559,0.53653,-0.81372,0.16863,-0.14686,-0.0177,-0.0048,-0.0046,0.000,0.000,0.000,1,450
TRK,2264579,0.53650,-0.81373,0.16863,-0.14686,-0.0177,-0.0048,-0.0046,0.000,0.000,0.000,1,450
TRK,2264597,0.53652,-0.81372,0.16865,-0.14683,-0.0177,-0.0048,-0.0046,0.000,0.000,0.000,1,450
TRK,2264619,0.53653,-0.81372,0.16870,-0.14676,-0.0177,-0.0048,-0.0046,0.000,0.000,0.000,1,450
TRK,2264639,0.53648,-0.81375,0.16870,-0.14674,-0.0177,-0.0048,-0.0046,0.000,0.000,0.000,1,450
TRK,2264659,0.53640,-0.81381,0.16871,-0.14672,-0.0177,-0.0048,-0.0046,0.000,0.000,0.000,1,450
TRK,2264679,0.53639,-0.81382,0.16869,-0.14676,-0.0177,-0.0048,-0.0046,0.000,0.000,0.000,1,450
TRK,2264698,0.53640,-0.81381,0.16866,-0.14680,-0.0177,-0.0048,-0.0046,0.000,0.000,0.000,1,450
TRK,2264717,0.53642,-0.81379,0.16862,-0.14685,-0.0177,-0.0048,-0.0046,0.000,0.000,0.000,1,450
TRK,2264740,0.53644,-0.81377,0.16861,-0.14688,-0.0177,-0.0048,-0.0046,0.000,0.000,0.000,1,450
TRK,2264759,0.53645,-0.81376,0.16859,-0.14690,-0.0177,-0.0048,-0.0046,0.000,0.000,0.000,1,450
TRK,2264777,0.53649,-0.81374,0.16861,-0.14688,-0.0177,-0.0048,-0.0046,0.000,0.000,0.000,1,450
TRK,2264799,0.53648,-0.81375,0.16863,-0.14684,-0.0177,-0.0048,-0.0046,0.000,0.000,0.000,1,450
TRK,2264817,0.53648,-0.81375,0.16864,-0.14684,-0.0177,-0.0048,-0.0046,0.000,0.000,0.000,1,450
TRK,2264839,0.53655,-0.81370,0.16865,-0.14683,-0.0177,-0.0048,-0.0046,0.000,0.000,0.000,1,450
TRK,2264858,0.53653,-0.81371,0.16863,-0.14685,-0.0177,-0.0048,-0.0046,0.000,0.000,0.000,1,450
TRK,2264879,0.53652,-0.81372,0.16862,-0.14686,-0.0177,-0.0048,-0.0046,0.000,0.000,0.000,1,450
TRK,2264898,0.53652,-0.81372,0.16862,-0.14687,-0.0177,-0.0048,-0.0046,0.000,0.000,0.000,1,450
TRK,2264920,0.53660,-0.81367,0.16863,-0.14686,-0.0177,-0.0048,-0.0046,0.000,0.000,0.000,1,450
TRK,2264938,0.53655,-0.81370,0.16861,-0.14688,-0.0177,-0.0048,-0.0046,0.000,0.000,0.000,1,450
TRK,2264957,0.53654,-0.81371,0.16860,-0.14690,-0.0177,-0.0048,-0.0046,0.000,0.000,0.000,1,450
TRK,2264980,0.53657,-0.81369,0.16859,-0.14692,-0.0177,-0.0048,-0.0046,0.000,0.000,0.000,1,450
TRK,2264999,0.53655,-0.81370,0.16856,-0.14696,-0.0177,-0.0048,-0.0046,0.000,0.000,0.000,1,450
TRK,2265017,0.53649,-0.81374,0.16855,-0.14696,-0.0177,-0.0048,-0.0046,0.000,0.000,0.000,1,450
TRK,2265039,0.53648,-0.81375,0.16858,-0.14693,-0.0177,-0.0048,-0.0046,0.000,0.000,0.000,1,450
STAT,404.1,400.6,2,4,0,0.0240,0.266,0.1035,0.1093,-0.0739,9.8174,0.63,0.004
TRK,2265058,0.53656,-0.81369,0.16860,-0.14690,-0.0177,-0.0048,-0.0046,0.000,0.000,0.000,1,450
TRK,2265077,0.53659,-0.81367,0.16860,-0.14690,-0.0177,-0.0048,-0.0046,0.000,0.000,0.000,1,450
TRK,2265100,0.53662,-0.81365,0.16863,-0.14686,-0.0177,-0.0048,-0.0046,0.000,0.000,0.000,1,450
TRK,2265118,0.53662,-0.81366,0.16864,-0.14684,-0.0177,-0.0048,-0.0046,0.000,0.000,0.000,1,450
TRK,2265138,0.53661,-0.81366,0.16862,-0.14687,-0.0177,-0.0048,-0.0046,0.000,0.000,0.000,1,450
TRK,2265158,0.53661,-0.81366,0.16863,-0.14685,-0.0177,-0.0048,-0.0046,0.000,0.000,0.000,1,450
TRK,2265180,0.53652,-0.81372,0.16860,-0.14689,-0.0177,-0.0048,-0.0046,0.000,0.000,0.000,1,450
TRK,2265198,0.53654,-0.81371,0.16860,-0.14690,-0.0177,-0.0048,-0.0046,0.000,0.000,0.000,1,450
TRK,2265220,0.53653,-0.81371,0.16856,-0.14696,-0.0177,-0.0048,-0.0046,0.000,0.000,0.000,1,450
TRK,2265239,0.53649,-0.81374,0.16855,-0.14697,-0.0177,-0.0048,-0.0046,0.000,0.000,0.000,1,450
TRK,2265257,0.53649,-0.81374,0.16855,-0.14697,-0.0177,-0.0048,-0.0046,0.000,0.000,0.000,1,450
TRK,2265279,0.53654,-0.81371,0.16854,-0.14700,-0.0177,-0.0048,-0.0046,0.000,0.000,0.000,1,450
TRK,2265300,0.53651,-0.81372,0.16854,-0.14699,-0.0177,-0.0048,-0.0046,0.000,0.000,0.000,1,450
TRK,2265318,0.53650,-0.81373,0.16854,-0.14698,-0.0177,-0.0048,-0.0046,0.000,0.000,0.000,1,450
TRK,2265340,0.53657,-0.81369,0.16856,-0.14697,-0.0177,-0.0048,-0.0046,0.000,0.000,0.000,1,450
TRK,2265358,0.53658,-0.81368,0.16859,-0.14692,-0.0177,-0.0048,-0.0046,0.000,0.000,0.000,1,450
TRK,2265378,0.53655,-0.81370,0.16858,-0.14693,-0.0177,-0.0048,-0.0046,0.000,0.000,0.000,1,450
TRK,2265398,0.53656,-0.81369,0.16858,-0.14693,-0.0177,-0.0048,-0.0046,0.000,0.000,0.000,1,450
TRK,2265420,0.53659,-0.81367,0.16858,-0.14693,-0.0177,-0.0048,-0.0046,0.000,0.000,0.000,1,450
TRK,2265440,0.53658,-0.81368,0.16859,-0.14691,-0.0177,-0.0048,-0.0046,0.000,0.000,0.000,1,450
TRK,2265460,0.53660,-0.81367,0.16860,-0.14690,-0.0177,-0.0048,-0.0046,0.000,0.000,0.000,1,450
TRK,2265478,0.53665,-0.81363,0.16858,-0.14694,-0.0177,-0.0048,-0.0046,0.000,0.000,0.000,1,450
TRK,2265500,0.53668,-0.81361,0.16857,-0.14695,-0.0177,-0.0048,-0.0046,0.000,0.000,0.000,1,450
TRK,2265520,0.53668,-0.81361,0.16855,-0.14698,-0.0177,-0.0048,-0.0046,0.000,0.000,0.000,1,450
TRK,2265540,0.53669,-0.81360,0.16853,-0.14701,-0.0177,-0.0048,-0.0046,0.000,0.000,0.000,1,450
TRK,2265559,0.53667,-0.81362,0.16852,-0.14703,-0.0177,-0.0048,-0.0046,0.000,0.000,0.000,1,450
TRK,2265578,0.53660,-0.81366,0.16850,-0.14705,-0.0177,-0.0048,-0.0046,0.000,0.000,0.000,1,450
TRK,2265598,0.53653,-0.81371,0.16852,-0.14703,-0.0177,-0.0048,-0.0046,0.000,0.000,0.000,1,450
TRK,2265618,0.53653,-0.81371,0.16850,-0.14704,-0.0177,-0.0048,-0.0046,0.000,0.000,0.000,1,450
TRK,2265638,0.53649,-0.81374,0.16850,-0.14704,-0.0177,-0.0048,-0.0046,0.000,0.000,0.000,1,450
TRK,2265660,0.53644,-0.81377,0.16853,-0.14700,-0.0177,-0.0048,-0.0046,0.000,0.000,0.000,1,450
TRK,2265680,0.53642,-0.81378,0.16854,-0.14698,-0.0177,-0.0048,-0.0046,0.000,0.000,0.000,1,450
TRK,2265697,0.53642,-0.81378,0.16855,-0.14697,-0.0177,-0.0048,-0.0046,0.000,0.000,0.000,1,450
TRK,2265718,0.53643,-0.81378,0.16862,-0.14687,-0.0177,-0.0048,-0.0046,0.000,0.000,0.000,1,450
TRK,2265740,0.53645,-0.81377,0.16865,-0.14682,-0.0177,-0.0048,-0.0046,0.000,0.000,0.000,1,450
TRK,2265759,0.53647,-0.81376,0.16863,-0.14686,-0.0177,-0.0048,-0.0046,0.000,0.000,0.000,1,450
TRK,2265777,0.53645,-0.81377,0.16862,-0.14686,-0.0177,-0.0048,-0.0046,0.000,0.000,0.000,1,450
TRK,2265799,0.53642,-0.81379,0.16862,-0.14686,-0.0177,-0.0048,-0.0046,0.000,0.000,0.000,1,450
TRK,2265817,0.53641,-0.81380,0.16863,-0.14685,-0.0177,-0.0048,-0.0046,0.000,0.000,0.000,1,450
TRK,2265839,0.53643,-0.81378,0.16862,-0.14686,-0.0177,-0.0048,-0.0046,0.000,0.000,0.000,1,450
TRK,2265860,0.53642,-0.81379,0.16860,-0.14690,-0.0177,-0.0048,-0.0046,0.000,0.000,0.000,1,450
TRK,2265880,0.53642,-0.81379,0.16859,-0.14691,-0.0177,-0.0048,-0.0046,0.000,0.000,0.000,1,450
TRK,2265900,0.53640,-0.81380,0.16861,-0.14688,-0.0177,-0.0048,-0.0046,0.000,0.000,0.000,1,450
TRK,2265920,0.53637,-0.81383,0.16865,-0.14682,-0.0177,-0.0048,-0.0046,0.000,0.000,0.000,1,450
TRK,2265940,0.53635,-0.81384,0.16869,-0.14676,-0.0177,-0.0048,-0.0046,0.000,0.000,0.000,1,450
TRK,2265958,0.53636,-0.81384,0.16873,-0.14669,-0.0177,-0.0048,-0.0046,0.000,0.000,0.000,1,450
TRK,2265978,0.53634,-0.81385,0.16875,-0.14666,-0.0177,-0.0048,-0.0046,0.000,0.000,0.000,1,450
TRK,2265999,0.53634,-0.81385,0.16877,-0.14663,-0.0177,-0.0048,-0.0046,0.000,0.000,0.000,1,450
TRK,2266019,0.53640,-0.81382,0.16880,-0.14659,-0.0177,-0.0048,-0.0046,0.000,0.000,0.000,1,450
TRK,2266040,0.53638,-0.81382,0.16880,-0.14659,-0.0177,-0.0048,-0.0046,0.000,0.000,0.000,1,450
STAT,404.1,400.6,2,4,0,0.0288,0.270,0.1080,0.1132,-0.0554,9.8212,0.63,0.004
TRK,2266060,0.53644,-0.81379,0.16883,-0.14655,-0.0177,-0.0048,-0.0046,0.000,0.000,0.000,1,450
TRK,2266078,0.53650,-0.81375,0.16886,-0.14651,-0.0177,-0.0048,-0.0046,0.000,0.000,0.000,1,450
TRK,2266098,0.53656,-0.81371,0.16887,-0.14649,-0.0177,-0.0048,-0.0046,0.000,0.000,0.000,1,450
TRK,2266119,0.53664,-0.81365,0.16888,-0.14649,-0.0177,-0.0048,-0.0046,0.000,0.000,0.000,1,450
TRK,2266140,0.53670,-0.81362,0.16886,-0.14652,-0.0177,-0.0048,-0.0046,0.000,0.000,0.000,1,450
TRK,2266158,0.53670,-0.81362,0.16886,-0.14652,-0.0177,-0.0048,-0.0046,0.000,0.000,0.000,1,450
TRK,2266179,0.53668,-0.81363,0.16882,-0.14657,-0.0177,-0.0048,-0.0046,0.000,0.000,0.000,1,450
TRK,2266199,0.53665,-0.81364,0.16878,-0.14664,-0.0177,-0.0048,-0.0046,0.000,0.000,0.000,1,450
TRK,2266220,0.53665,-0.81364,0.16873,-0.14671,-0.0177,-0.0048,-0.0046,0.000,0.000,0.000,1,450
TRK,2266239,0.53664,-0.81365,0.16871,-0.14674,-0.0177,-0.0048,-0.0046,0.000,0.000,0.000,1,450
TRK,2266259,0.53662,-0.81366,0.16867,-0.14680,-0.0177,-0.0048,-0.0046,0.000,0.000,0.000,1,450
TRK,2266279,0.53660,-0.81367,0.16867,-0.14680,-0.0177,-0.0048,-0.0046,0.000,0.000,0.000,1,450
TRK,2266299,0.53661,-0.81367,0.16869,-0.14677,-0.0177,-0.0048,-0.0046,0.000,0.000,0.000,1,450
TRK,2266318,0.53664,-0.81365,0.16870,-0.14675,-0.0177,-0.0048,-0.0046,0.000,0.000,0.000,1,450
TRK,2266339,0.53660,-0.81367,0.16868,-0.14678,-0.0177,-0.0048,-0.0046,0.000,0.000,0.000,1,450
TRK,2266358,0.53659,-0.81368,0.16867,-0.14680,-0.0177,-0.0048,-0.0046,0.000,0.000,0.000,1,450
TRK,2266377,0.53657,-0.81369,0.16865,-0.14683,-0.0177,-0.0048,-0.0046,0.000,0.000,0.000,1,450
TRK,2266397,0.53659,-0.81368,0.16862,-0.14688,-0.0177,-0.0048,-0.0046,0.000,0.000,0.000,1,450
TRK,2266420,0.53660,-0.81367,0.16861,-0.14689,-0.0177,-0.0048,-0.0046,0.000,0.000,0.000,1,450
TRK,2266439,0.53654,-0.81371,0.16860,-0.14690,-0.0177,-0.0048,-0.0046,0.000,0.000,0.000,1,450
TRK,2266457,0.53655,-0.81370,0.16862,-0.14688,-0.0177,-0.0048,-0.0046,0.000,0.000,0.000,1,450
TRK,2266478,0.53647,-0.81376,0.16861,-0.14688,-0.0177,-0.0048,-0.0046,0.000,0.000,0.000,1,450
TRK,2266500,0.53637,-0.81382,0.16863,-0.14685,-0.0177,-0.0048,-0.0046,0.000,0.000,0.000,1,450
TRK,2266519,0.53630,-0.81387,0.16863,-0.14683,-0.0177,-0.0048,-0.0046,0.000,0.000,0.000,1,450
TRK,2266537,0.53626,-0.81389,0.16863,-0.14684,-0.0177,-0.0048,-0.0046,0.000,0.000,0.000,1,450
TRK,2266559,0.53623,-0.81392,0.16862,-0.14684,-0.0177,-0.0048,-0.0046,0.000,0.000,0.000,1,450
TRK,2266578,0.53620,-0.81393,0.16860,-0.14688,-0.0177,-0.0048,-0.0046,0.000,0.000,0.000,1,450
TRK,2266599,0.53630,-0.81387,0.16859,-0.14689,-0.0177,-0.0048,-0.0046,0.000,0.000,0.000,1,450
TRK,2266618,0.53636,-0.81382,0.16855,-0.14696,-0.0177,-0.0048,-0.0046,0.000,0.000,0.000,1,450
TRK,2266640,0.53639,-0.81381,0.16853,-0.14700,-0.0177,-0.0048,-0.0046,0.000,0.000,0.000,1,450
TRK,2266659,0.53635,-0.81383,0.16855,-0.14697,-0.0177,-0.0048,-0.0046,0.000,0.000,0.000,1,450
TRK,2266677,0.53637,-0.81382,0.16857,-0.14694,-0.0177,-0.0048,-0.0046,0.000,0.000,0.000,1,450
TRK,2266698,0.53638,-0.81381,0.16858,-0.14692,-0.0177,-0.0048,-0.0046,0.000,0.000,0.000,1,450
TRK,2266719,0.53634,-0.81384,0.16857,-0.14693,-0.0177,-0.0048,-0.0046,0.000,0.000,0.000,1,450
TRK,2266740,0.53641,-0.81379,0.16857,-0.14694,-0.0177,-0.0048,-0.0046,0.000,0.000,0.000,1,450
TRK,2266758,0.53647,-0.81375,0.16855,-0.14698,-0.0177,-0.0048,-0.0046,0.000,0.000,0.000,1,450
TRK,2266779,0.53645,-0.81377,0.16855,-0.14697,-0.0177,-0.0048,-0.0046,0.000,0.000,0.000,1,450
TRK,2266798,0.53646,-0.81376,0.16856,-0.14695,-0.0177,-0.0048,-0.0046,0.000,0.000,0.000,1,450
TRK,2266818,0.53648,-0.81374,0.16855,-0.14697,-0.0177,-0.0048,-0.0046,0.000,0.000,0.000,1,450
TRK,2266838,0.53646,-0.81376,0.16857,-0.14694,-0.0177,-0.0048,-0.0046,0.000,0.000,0.000,1,450
TRK,2266860,0.53644,-0.81377,0.16859,-0.14691,-0.0177,-0.0048,-0.0046,0.000,0.000,0.000,1,450
TRK,2266880,0.53649,-0.81374,0.16860,-0.14690,-0.0177,-0.0048,-0.0046,0.000,0.000,0.000,1,450
TRK,2266898,0.53647,-0.81375,0.16858,-0.14692,-0.0177,-0.0048,-0.0046,0.000,0.000,0.000,1,450
TRK,2266920,0.53638,-0.81381,0.16860,-0.14689,-0.0177,-0.0048,-0.0046,0.000,0.000,0.000,1,450
TRK,2266939,0.53635,-0.81383,0.16861,-0.14687,-0.0177,-0.0048,-0.0046,0.000,0.000,0.000,1,450
TRK,2266960,0.53642,-0.81379,0.16866,-0.14681,-0.0177,-0.0048,-0.0046,0.000,0.000,0.000,1,450
TRK,2266980,0.53642,-0.81380,0.16870,-0.14675,-0.0177,-0.0048,-0.0046,0.000,0.000,0.000,1,450
TRK,2266999,0.53635,-0.81384,0.16870,-0.14674,-0.0177,-0.0048,-0.0046,0.000,0.000,0.000,1,450
TRK,2267018,0.53636,-0.81383,0.16867,-0.14679,-0.0177,-0.0048,-0.0046,0.000,0.000,0.000,1,450
TRK,2267038,0.53647,-0.81375,0.16863,-0.14685,-0.0177,-0.0048,-0.0046,0.000,0.000,0.000,1,450
STAT,403.9,400.4,2,4,0,0.0195,0.556,0.1108,0.1250,-0.0427,9.8170,0.63,0.004
TRK,2267058,0.53649,-0.81374,0.16858,-0.14692,-0.0177,-0.0048,-0.0046,0.000,0.000,0.000,1,450
TRK,2267080,0.53640,-0.81379,0.16854,-0.14699,-0.0177,-0.0048,-0.0046,0.000,0.000,0.000,1,450
TRK,2267098,0.53645,-0.81377,0.16852,-0.14701,-0.0177,-0.0048,-0.0046,0.000,0.000,0.000,1,450
TRK,2267120,0.53650,-0.81373,0.16849,-0.14706,-0.0177,-0.0048,-0.0046,0.000,0.000,0.000,1,450
TRK,2267138,0.53644,-0.81377,0.16849,-0.14705,-0.0177,-0.0048,-0.0046,0.000,0.000,0.000,1,450
TRK,2267160,0.53638,-0.81381,0.16850,-0.14704,-0.0177,-0.0048,-0.0046,0.000,0.000,0.000,1,450
TRK,2267179,0.53642,-0.81378,0.16849,-0.14706,-0.0177,-0.0048,-0.0046,0.000,0.000,0.000,1,450
TRK,2267199,0.53643,-0.81377,0.16844,-0.14714,-0.0177,-0.0048,-0.0046,0.000,0.000,0.000,1,450
TRK,2267217,0.53640,-0.81379,0.16844,-0.14714,-0.0177,-0.0048,-0.0046,0.000,0.000,0.000,1,450
TRK,2267239,0.53638,-0.81380,0.16842,-0.14716,-0.0177,-0.0048,-0.0046,0.000,0.000,0.000,1,450
TRK,2267257,0.53645,-0.81376,0.16844,-0.14714,-0.0177,-0.0048,-0.0046,0.000,0.000,0.000,1,450
TRK,2267279,0.53647,-0.81375,0.16844,-0.14714,-0.0177,-0.0048,-0.0046,0.000,0.000,0.000,1,450
TRK,2267298,0.53647,-0.81375,0.16846,-0.14711,-0.0177,-0.0048,-0.0046,0.000,0.000,0.000,1,450
TRK,2267318,0.53652,-0.81371,0.16847,-0.14710,-0.0177,-0.0048,-0.0046,0.000,0.000,0.000,1,450
TRK,2267340,0.53659,-0.81367,0.16849,-0.14707,-0.0177,-0.0048,-0.0046,0.000,0.000,0.000,1,450
TRK,2267360,0.53658,-0.81368,0.16851,-0.14704,-0.0177,-0.0048,-0.0046,0.000,0.000,0.000,1,450
TRK,2267377,0.53652,-0.81371,0.16850,-0.14705,-0.0177,-0.0048,-0.0046,0.000,0.000,0.000,1,450
TRK,2267398,0.53648,-0.81374,0.16852,-0.14702,-0.0177,-0.0048,-0.0046,0.000,0.000,0.000,1,450
TRK,2267420,0.53646,-0.81375,0.16856,-0.14696,-0.0177,-0.0048,-0.0046,0.000,0.000,0.000,1,450
TRK,2267438,0.53640,-0.81380,0.16855,-0.14696,-0.0177,-0.0048,-0.0046,0.000,0.000,0.000,1,450
TRK,2267459,0.53640,-0.81380,0.16855,-0.14697,-0.0177,-0.0048,-0.0046,0.000,0.000,0.000,1,450
TRK,2267477,0.53640,-0.81380,0.16854,-0.14699,-0.0177,-0.0048,-0.0046,0.000,0.000,0.000,1,450
TRK,2267497,0.53642,-0.81378,0.16851,-0.14703,-0.0177,-0.0048,-0.0046,0.000,0.000,0.000,1,450
TRK,2267517,0.53640,-0.81380,0.16846,-0.14711,-0.0177,-0.0048,-0.0046,0.000,0.000,0.000,1,450
TRK,2267539,0.53639,-0.81380,0.16845,-0.14712,-0.0177,-0.0048,-0.0046,0.000,0.000,0.000,1,450
TRK,2267558,0.53634,-0.81383,0.16844,-0.14713,-0.0177,-0.0048,-0.0046,0.000,0.000,0.000,1,450
TRK,2267580,0.53628,-0.81387,0.16847,-0.14708,-0.0177,-0.0048,-0.0046,0.000,0.000,0.000,1,450
TRK,2267598,0.53624,-0.81390,0.16848,-0.14706,-0.0177,-0.0048,-0.0046,0.000,0.000,0.000,1,450
TRK,2267620,0.53619,-0.81394,0.16853,-0.14698,-0.0177,-0.0048,-0.0046,0.000,0.000,0.000,1,450
TRK,2267639,0.53618,-0.81394,0.16854,-0.14696,-0.0177,-0.0048,-0.0046,0.000,0.000,0.000,1,450
TRK,2267657,0.53622,-0.81392,0.16854,-0.14697,-0.0177,-0.0048,-0.0046,0.000,0.000,0.000,1,450
TRK,2267679,0.53623,-0.81391,0.16850,-0.14703,-0.0177,-0.0048,-0.0046,0.000,0.000,0.000,1,450
TRK,2267700,0.53625,-0.81389,0.16846,-0.14709,-0.0177,-0.0048,-0.0046,0.000,0.000,0.000,1,450
TRK,2267719,0.53624,-0.81390,0.16844,-0.14712,-0.0177,-0.0048,-0.0046,0.000,0.000,0.000,1,450
TRK,2267737,0.53628,-0.81387,0.16843,-0.14715,-0.0177,-0.0048,-0.0046,0.000,0.000,0.000,1,450
TRK,2267758,0.53632,-0.81385,0.16848,-0.14707,-0.0177,-0.0048,-0.0046,0.000,0.000,0.000,1,450
TRK,2267778,0.53631,-0.81385,0.16851,-0.14703,-0.0177,-0.0048,-0.0046,0.000,0.000,0.000,1,450
TRK,2267800,0.53637,-0.81382,0.16853,-0.14700,-0.0177,-0.0048,-0.0046,0.000,0.000,0.000,1,450
TRK,2267820,0.53649,-0.81373,0.16852,-0.14703,-0.0177,-0.0048,-0.0046,0.000,0.000,0.000,1,450
TRK,2267840,0.53648,-0.81374,0.16850,-0.14704,-0.0177,-0.0048,-0.0046,0.000,0.000,0.000,1,450
TRK,2267858,0.53650,-0.81373,0.16849,-0.14706,-0.0177,-0.0048,-0.0046,0.000,0.000,0.000,1,450
TRK,2267879,0.53659,-0.81366,0.16849,-0.14708,-0.0177,-0.0048,-0.0046,0.000,0.000,0.000,1,450
TRK,2267899,0.53661,-0.81365,0.16848,-0.14709,-0.0177,-0.0048,-0.0046,0.000,0.000,0.000,1,450
TRK,2267919,0.53653,-0.81371,0.16850,-0.14705,-0.0177,-0.0048,-0.0046,0.000,0.000,0.000,1,450
TRK,2267939,0.53648,-0.81374,0.16852,-0.14702,-0.0177,-0.0048,-0.0046,0.000,0.000,0.000,1,450
TRK,2267959,0.53657,-0.81368,0.16854,-0.14699,-0.0177,-0.0048,-0.0046,0.000,0.000,0.000,1,450
TRK,2267977,0.53657,-0.81368,0.16856,-0.14697,-0.0177,-0.0048,-0.0046,0.000,0.000,0.000,1,450
TRK,2267997,0.53653,-0.81371,0.16857,-0.14694,-0.0177,-0.0048,-0.0046,0.000,0.000,0.000,1,450
TRK,2268017,0.53656,-0.81370,0.16858,-0.14693,-0.0177,-0.0048,-0.0046,0.000,0.000,0.000,1,450
TRK,2268037,0.53661,-0.81366,0.16858,-0.14694,-0.0177,-0.0048,-0.0046,0.000,0.000,0.000,1,450
STAT,403.9,400.4,2,4,0,0.0237,0.430,0.1078,0.1190,-0.0558,9.8189,0.63,0.004
TRK,2268057,0.53657,-0.81369,0.16859,-0.14692,-0.0177,-0.0048,-0.0046,0.000,0.000,0.000,1,450
TRK,2268080,0.53649,-0.81374,0.16861,-0.14689,-0.0177,-0.0048,-0.0046,0.000,0.000,0.000,1,450
TRK,2268099,0.53650,-0.81374,0.16860,-0.14690,-0.0177,-0.0048,-0.0046,0.000,0.000,0.000,1,450
TRK,2268117,0.53650,-0.81373,0.16860,-0.14690,-0.0177,-0.0048,-0.0046,0.000,0.000,0.000,1,450
TRK,2268138,0.53645,-0.81376,0.16858,-0.14693,-0.0177,-0.0048,-0.0046,0.000,0.000,0.000,1,450
TRK,2268159,0.53642,-0.81379,0.16857,-0.14694,-0.0177,-0.0048,-0.0046,0.000,0.000,0.000,1,450
TRK,2268180,0.53639,-0.81380,0.16856,-0.14695,-0.0177,-0.0048,-0.0046,0.000,0.000,0.000,1,450
TRK,2268198,0.53636,-0.81383,0.16858,-0.14692,-0.0177,-0.0048,-0.0046,0.000,0.000,0.000,1,450
TRK,2268219,0.53630,-0.81387,0.16861,-0.14688,-0.0177,-0.0048,-0.0046,0.000,0.000,0.000,1,450
TRK,2268238,0.53627,-0.81389,0.16860,-0.14688,-0.0177,-0.0048,-0.0046,0.000,0.000,0.000,1,450
TRK,2268259,0.53630,-0.81387,0.16861,-0.14688,-0.0177,-0.0048,-0.0046,0.000,0.000,0.000,1,450
TRK,2268278,0.53631,-0.81386,0.16860,-0.14689,-0.0177,-0.0048,-0.0046,0.000,0.000,0.000,1,450
TRK,2268298,0.53636,-0.81383,0.16861,-0.14688,-0.0177,-0.0048,-0.0046,0.000,0.000,0.000,1,450
TRK,2268319,0.53644,-0.81377,0.16862,-0.14687,-0.0177,-0.0048,-0.0046,0.000,0.000,0.000,1,450
TRK,2268340,0.53648,-0.81375,0.16862,-0.14687,-0.0177,-0.0048,-0.0046,0.000,0.000,0.000,1,450
TRK,2268358,0.53649,-0.81374,0.16863,-0.14686,-0.0177,-0.0048,-0.0046,0.000,0.000,0.000,1,450
TRK,2268380,0.53654,-0.81371,0.16863,-0.14687,-0.0177,-0.0048,-0.0046,0.000,0.000,0.000,1,450
TRK,2268400,0.53656,-0.81370,0.16863,-0.14687,-0.0177,-0.0048,-0.0046,0.000,0.000,0.000,1,450
TRK,2268418,0.53655,-0.81370,0.16862,-0.14687,-0.0177,-0.0048,-0.0046,0.000,0.000,0.000,1,450
TRK,2268440,0.53652,-0.81372,0.16862,-0.14687,-0.0177,-0.0048,-0.0046,0.000,0.000,0.000,1,450
TRK,2268458,0.53651,-0.81373,0.16862,-0.14687,-0.0177,-0.0048,-0.0046,0.000,0.000,0.000,1,450
TRK,2268477,0.53650,-0.81374,0.16860,-0.14689,-0.0177,-0.0048,-0.0046,0.000,0.000,0.000,1,450
TRK,2268499,0.53641,-0.81379,0.16856,-0.14695,-0.0177,-0.0048,-0.0046,0.000,0.000,0.000,1,450
TRK,2268518,0.53641,-0.81379,0.16854,-0.14698,-0.0177,-0.0048,-0.0046,0.000,0.000,0.000,1,450
TRK,2268538,0.53638,-0.81380,0.16850,-0.14705,-0.0177,-0.0048,-0.0046,0.000,0.000,0.000,1,450
TRK,2268558,0.53635,-0.81383,0.16849,-0.14705,-0.0177,-0.0048,-0.0046,0.000,0.000,0.000,1,450
TRK,2268578,0.53634,-0.81383,0.16853,-0.14700,-0.0177,-0.0048,-0.0046,0.000,0.000,0.000,1,450
TRK,2268598,0.53638,-0.81381,0.16855,-0.14697,-0.0177,-0.0048,-0.0046,0.000,0.000,0.000,1,450
TRK,2268619,0.53645,-0.81376,0.16859,-0.14692,-0.0177,-0.0048,-0.0046,0.000,0.000,0.000,1,450
TRK,2268639,0.53653,-0.81372,0.16862,-0.14687,-0.0177,-0.0048,-0.0046,0.000,0.000,0.000,1,450
TRK,2268659,0.53657,-0.81369,0.16865,-0.14683,-0.0177,-0.0048,-0.0046,0.000,0.000,0.000,1,450
TRK,2268679,0.53660,-0.81367,0.16866,-0.14682,-0.0177,-0.0048,-0.0046,0.000,0.000,0.000,1,450
TRK,2268697,0.53660,-0.81367,0.16865,-0.14683,-0.0177,-0.0048,-0.0046,0.000,0.000,0.000,1,450
TRK,2268717,0.53655,-0.81370,0.16866,-0.14681,-0.0177,-0.0048,-0.0046,0.000,0.000,0.000,1,450
TRK,2268739,0.53648,-0.81375,0.16862,-0.14687,-0.0177,-0.0048,-0.0046,0.000,0.000,0.000,1,450
TRK,2268758,0.53644,-0.81377,0.16859,-0.14691,-0.0177,-0.0048,-0.0046,0.000,0.000,0.000,1,450
TRK,2268779,0.53639,-0.81380,0.16858,-0.14693,-0.0177,-0.0048,-0.0046,0.000,0.000,0.000,1,450
TRK,2268800,0.53630,-0.81387,0.16857,-0.14694,-0.0177,-0.0048,-0.0046,0.000,0.000,0.000,1,450
TRK,2268817,0.53628,-0.81388,0.16856,-0.14695,-0.0177,-0.0048,-0.0046,0.000,0.000,0.000,1,450
TRK,2268837,0.53627,-0.81388,0.16858,-0.14692,-0.0177,-0.0048,-0.0046,0.000,0.000,0.000,1,450
TRK,2268858,0.53620,-0.81393,0.16857,-0.14693,-0.0177,-0.0048,-0.0046,0.000,0.000,0.000,1,450
TRK,2268880,0.53621,-0.81392,0.16855,-0.14696,-0.0177,-0.0048,-0.0046,0.000,0.000,0.000,1,450
TRK,2268899,0.53621,-0.81392,0.16854,-0.14697,-0.0177,-0.0048,-0.0046,0.000,0.000,0.000,1,450
TRK,2268917,0.53616,-0.81396,0.16855,-0.14695,-0.0177,-0.0048,-0.0046,0.000,0.000,0.000,1,450
TRK,2268937,0.53617,-0.81395,0.16854,-0.14696,-0.0177,-0.0048,-0.0046,0.000,0.000,0.000,1,450
TRK,2268957,0.53624,-0.81391,0.16856,-0.14695,-0.0177,-0.0048,-0.0046,0.000,0.000,0.000,1,450
TRK,2268978,0.53630,-0.81387,0.16858,-0.14693,-0.0177,-0.0048,-0.0046,0.000,0.000,0.000,1,450
TRK,2268998,0.53632,-0.81385,0.16859,-0.14690,-0.0177,-0.0048,-0.0046,0.000,0.000,0.000,1,450
TRK,2269018,0.53636,-0.81382,0.16860,-0.14690,-0.0177,-0.0048,-0.0046,0.000,0.000,0.000,1,450
TRK,2269040,0.53640,-0.81380,0.16861,-0.14689,-0.0177,-0.0048,-0.0046,0.000,0.000,0.000,1,450
STAT,404.3,400.8,2,4,0,0.0241,0.236,0.1016,0.1106,-0.0720,9.8211,0.63,0.004
TRK,2269057,0.53641,-0.81380,0.16861,-0.14687,-0.0177,-0.0048,-0.0046,0.000,0.000,0.000,1,450
TRK,2269079,0.53639,-0.81381,0.16864,-0.14684,-0.0177,-0.0048,-0.0046,0.000,0.000,0.000,1,450
TRK,2269099,0.53640,-0.81380,0.16861,-0.14689,-0.0177,-0.0048,-0.0046,0.000,0.000,0.000,1,450
TRK,2269119,0.53646,-0.81375,0.16856,-0.14696,-0.0177,-0.0048,-0.0046,0.000,0.000,0.000,1,450
TRK,2269139,0.53647,-0.81375,0.16852,-0.14702,-0.0177,-0.0048,-0.0046,0.000,0.000,0.000,1,450
TRK,2269159,0.53648,-0.81374,0.16850,-0.14705,-0.0177,-0.0048,-0.0046,0.000,0.000,0.000,1,450
TRK,2269177,0.53651,-0.81372,0.16851,-0.14704,-0.0177,-0.0048,-0.0046,0.000,0.000,0.000,1,450
TRK,2269199,0.53650,-0.81373,0.16849,-0.14707,-0.0177,-0.0048,-0.0046,0.000,0.000,0.000,1,450
TRK,2269219,0.53649,-0.81374,0.16851,-0.14703,-0.0177,-0.0048,-0.0046,0.000,0.000,0.000,1,450
TRK,2269239,0.53647,-0.81375,0.16854,-0.14699,-0.0177,-0.0048,-0.0046,0.000,0.000,0.000,1,450
TRK,2269258,0.53649,-0.81373,0.16852,-0.14702,-0.0177,-0.0048,-0.0046,0.000,0.000,0.000,1,450
TRK,2269277,0.53652,-0.81371,0.16851,-0.14703,-0.0177,-0.0048,-0.0046,0.000,0.000,0.000,1,450
TRK,2269300,0.53654,-0.81370,0.16851,-0.14704,-0.0177,-0.0048,-0.0046,0.000,0.000,0.000,1,450
TRK,2269319,0.53655,-0.81370,0.16853,-0.14700,-0.0177,-0.0048,-0.0046,0.000,0.000,0.000,1,450
TRK,2269337,0.53658,-0.81368,0.16855,-0.14698,-0.0177,-0.0048,-0.0046,0.000,0.000,0.000,1,450
TRK,2269359,0.53662,-0.81365,0.16857,-0.14696,-0.0177,-0.0048,-0.0046,0.000,0.000,0.000,1,450
TRK,2269380,0.53661,-0.81366,0.16861,-0.14690,-0.0177,-0.0048,-0.0046,0.000,0.000,0.000,1,450
TRK,2269399,0.53659,-0.81367,0.16861,-0.14689,-0.0177,-0.0048,-0.0046,0.000,0.000,0.000,1,450
TRK,2269417,0.53655,-0.81370,0.16861,-0.14690,-0.0177,-0.0048,-0.0046,0.000,0.000,0.000,1,450
TRK,2269439,0.53648,-0.81375,0.16860,-0.14690,-0.0177,-0.0048,-0.0046,0.000,0.000,0.000,1,450
TRK,2269458,0.53640,-0.81380,0.16861,-0.14688,-0.0177,-0.0048,-0.0046,0.000,0.000,0.000,1,450
TRK,2269480,0.53632,-0.81386,0.16864,-0.14683,-0.0177,-0.0048,-0.0046,0.000,0.000,0.000,1,450
TRK,2269498,0.53629,-0.81388,0.16868,-0.14677,-0.0177,-0.0048,-0.0046,0.000,0.000,0.000,1,450
TRK,2269517,0.53631,-0.81386,0.16871,-0.14673,-0.0177,-0.0048,-0.0046,0.000,0.000,0.000,1,450
TRK,2269537,0.53625,-0.81391,0.16873,-0.14670,-0.0177,-0.0048,-0.0046,0.000,0.000,0.000,1,450
TRK,2269560,0.53624,-0.81392,0.16874,-0.14668,-0.0177,-0.0048,-0.0046,0.000,0.000,0.000,1,450
TRK,2269579,0.53627,-0.81389,0.16873,-0.14670,-0.0177,-0.0048,-0.0046,0.000,0.000,0.000,1,450
TRK,2269597,0.53627,-0.81389,0.16868,-0.14677,-0.0177,-0.0048,-0.0046,0.000,0.000,0.000,1,450
TRK,2269619,0.53626,-0.81390,0.16867,-0.14679,-0.0177,-0.0048,-0.0046,0.000,0.000,0.000,1,450
TRK,2269637,0.53625,-0.81390,0.16863,-0.14684,-0.0177,-0.0048,-0.0046,0.000,0.000,0.000,1,450
TRK,2269659,0.53632,-0.81386,0.16865,-0.14682,-0.0177,-0.0048,-0.0046,0.000,0.000,0.000,1,450
TRK,2269678,0.53638,-0.81382,0.16868,-0.14678,-0.0177,-0.0048,-0.0046,0.000,0.000,0.000,1,450
TRK,2269698,0.53638,-0.81382,0.16867,-0.14680,-0.0177,-0.0048,-0.0046,0.000,0.000,0.000,1,450
TRK,2269718,0.53638,-0.81382,0.16868,-0.14678,-0.0177,-0.0048,-0.0046,0.000,0.000,0.000,1,450
TRK,2269738,0.53636,-0.81383,0.16865,-0.14682,-0.0177,-0.0048,-0.0046,0.000,0.000,0.000,1,450
TRK,2269760,0.53634,-0.81385,0.16864,-0.14684,-0.0177,-0.0048,-0.0046,0.000,0.000,0.000,1,450
TRK,2269778,0.53632,-0.81386,0.16866,-0.14680,-0.0177,-0.0048,-0.0046,0.000,0.000,0.000,1,450
TRK,2269800,0.53629,-0.81387,0.16863,-0.14685,-0.0177,-0.0048,-0.0046,0.000,0.000,0.000,1,450
TRK,2269818,0.53624,-0.81391,0.16862,-0.14685,-0.0177,-0.0048,-0.0046,0.000,0.000,0.000,1,450
TRK,2269840,0.53619,-0.81394,0.16863,-0.14684,-0.0177,-0.0048,-0.0046,0.000,0.000,0.000,1,450
TRK,2269859,0.53614,-0.81397,0.16860,-0.14688,-0.0177,-0.0048,-0.0046,0.000,0.000,0.000,1,450
TRK,2269880,0.53616,-0.81396,0.16859,-0.14689,-0.0177,-0.0048,-0.0046,0.000,0.000,0.000,1,450
TRK,2269897,0.53616,-0.81396,0.16856,-0.14694,-0.0177,-0.0048,-0.0046,0.000,0.000,0.000,1,450
TRK,2269919,0.53622,-0.81392,0.16853,-0.14700,-0.0177,-0.0048,-0.0046,0.000,0.000,0.000,1,450
TRK,2269935,0.53628,-0.81387,0.16850,-0.14704,-0.0177,-0.0048,-0.0046,0.000,0.000,0.000,1,450
TRK,2269959,0.53632,-0.81384,0.16848,-0.14707,-0.0177,-0.0048,-0.0046,0.000,0.000,0.000,1,450
TRK,2269978,0.53631,-0.81385,0.16850,-0.14705,-0.0177,-0.0048,-0.0046,0.000,0.000,0.000,1,450
TRK,2270000,0.53628,-0.81388,0.16853,-0.14700,-0.0177,-0.0048,-0.0046,0.000,0.000,0.000,1,450
TRK,2270020,0.53625,-0.81389,0.16853,-0.14699,-0.0177,-0.0048,-0.0046,0.000,0.000,0.000,1,450
TRK,2270038,0.53629,-0.81387,0.16853,-0.14700,-0.0177,-0.0048,-0.0046,0.000,0.000,0.000,1,450
STAT,404.3,400.8,2,4,0,0.0244,0.307,0.1034,0.1038,-0.0874,9.8193,0.63,0.004
TRK,2270061,0.53632,-0.81385,0.16850,-0.14705,-0.0177,-0.0048,-0.0046,0.000,0.000,0.000,1,450
TRK,2270080,0.53635,-0.81383,0.16850,-0.14705,-0.0177,-0.0048,-0.0046,0.000,0.000,0.000,1,450
TRK,2270100,0.53639,-0.81380,0.16849,-0.14707,-0.0177,-0.0048,-0.0046,0.000,0.000,0.000,1,450
TRK,2270120,0.53639,-0.81380,0.16850,-0.14705,-0.0177,-0.0048,-0.0046,0.000,0.000,0.000,1,450
TRK,2270139,0.53633,-0.81384,0.16851,-0.14703,-0.0177,-0.0048,-0.0046,0.000,0.000,0.000,1,450
TRK,2270158,0.53630,-0.81386,0.16855,-0.14697,-0.0177,-0.0048,-0.0046,0.000,0.000,0.000,1,450
TRK,2270178,0.53632,-0.81385,0.16855,-0.14696,-0.0177,-0.0048,-0.0046,0.000,0.000,0.000,1,450
TRK,2270198,0.53629,-0.81387,0.16853,-0.14699,-0.0177,-0.0048,-0.0046,0.000,0.000,0.000,1,450
TRK,2270219,0.53628,-0.81388,0.16852,-0.14701,-0.0177,-0.0048,-0.0046,0.000,0.000,0.000,1,450
TRK,2270240,0.53632,-0.81385,0.16852,-0.14702,-0.0177,-0.0048,-0.0046,0.000,0.000,0.000,1,450
TRK,2270260,0.53633,-0.81385,0.16855,-0.14696,-0.0177,-0.0048,-0.0046,0.000,0.000,0.000,1,450
TRK,2270278,0.53633,-0.81384,0.16859,-0.14691,-0.0177,-0.0048,-0.0046,0.000,0.000,0.000,1,450
TRK,2270300,0.53631,-0.81386,0.16862,-0.14686,-0.0177,-0.0048,-0.0046,0.000,0.000,0.000,1,450
TRK,2270319,0.53627,-0.81389,0.16864,-0.14683,-0.0177,-0.0048,-0.0046,0.000,0.000,0.000,1,450
TRK,2270340,0.53625,-0.81390,0.16868,-0.14677,-0.0177,-0.0048,-0.0046,0.000,0.000,0.000,1,450
TRK,2270359,0.53620,-0.81393,0.16864,-0.14682,-0.0177,-0.0048,-0.0046,0.000,0.000,0.000,1,450
TRK,2270377,0.53615,-0.81396,0.16857,-0.14692,-0.0177,-0.0048,-0.0046,0.000,0.000,0.000,1,450
TRK,2270399,0.53613,-0.81397,0.16853,-0.14698,-0.0177,-0.0048,-0.0046,0.000,0.000,0.000,1,450
TRK,2270420,0.53614,-0.81397,0.16850,-0.14703,-0.0177,-0.0048,-0.0046,0.000,0.000,0.000,1,450
TRK,2270439,0.53617,-0.81394,0.16848,-0.14707,-0.0177,-0.0048,-0.0046,0.000,0.000,0.000,1,450
TRK,2270457,0.53624,-0.81390,0.16848,-0.14707,-0.0177,-0.0048,-0.0046,0.000,0.000,0.000,1,450
TRK,2270477,0.53627,-0.81388,0.16848,-0.14707,-0.0177,-0.0048,-0.0046,0.000,0.000,0.000,1,450
TRK,2270497,0.53627,-0.81387,0.16842,-0.14716,-0.0177,-0.0048,-0.0046,0.000,0.000,0.000,1,450
TRK,2270520,0.53630,-0.81386,0.16844,-0.14713,-0.0177,-0.0048,-0.0046,0.000,0.000,0.000,1,450
TRK,2270539,0.53630,-0.81385,0.16841,-0.14717,-0.0177,-0.0048,-0.0046,0.000,0.000,0.000,1,450
TRK,2270559,0.53627,-0.81387,0.16843,-0.14715,-0.0177,-0.0048,-0.0046,0.000,0.000,0.000,1,450
TRK,2270579,0.53624,-0.81390,0.16845,-0.14711,-0.0177,-0.0048,-0.0046,0.000,0.000,0.000,1,450
TRK,2270599,0.53621,-0.81392,0.16846,-0.14710,-0.0177,-0.0048,-0.0046,0.000,0.000,0.000,1,450
TRK,2270617,0.53622,-0.81391,0.16848,-0.14707,-0.0177,-0.0048,-0.0046,0.000,0.000,0.000,1,450
TRK,2270638,0.53620,-0.81393,0.16850,-0.14704,-0.0177,-0.0048,-0.0046,0.000,0.000,0.000,1,450
TRK,2270658,0.53618,-0.81394,0.16850,-0.14703,-0.0177,-0.0048,-0.0046,0.000,0.000,0.000,1,450
TRK,2270679,0.53621,-0.81392,0.16849,-0.14705,-0.0177,-0.0048,-0.0046,0.000,0.000,0.000,1,450
TRK,2270698,0.53620,-0.81392,0.16848,-0.14707,-0.0177,-0.0048,-0.0046,0.000,0.000,0.000,1,450
TRK,2270720,0.53613,-0.81397,0.16848,-0.14706,-0.0177,-0.0048,-0.0046,0.000,0.000,0.000,1,450
TRK,2270738,0.53608,-0.81401,0.16847,-0.14707,-0.0177,-0.0048,-0.0046,0.000,0.000,0.000,1,450
TRK,2270759,0.53605,-0.81402,0.16845,-0.14710,-0.0177,-0.0048,-0.0046,0.000,0.000,0.000,1,450
TRK,2270779,0.53602,-0.81404,0.16846,-0.14709,-0.0177,-0.0048,-0.0046,0.000,0.000,0.000,1,450
TRK,2270799,0.53599,-0.81407,0.16847,-0.14707,-0.0177,-0.0048,-0.0046,0.000,0.000,0.000,1,450
TRK,2270819,0.53605,-0.81403,0.16849,-0.14704,-0.0177,-0.0048,-0.0046,0.000,0.000,0.000,1,450
TRK,2270839,0.53611,-0.81399,0.16849,-0.14705,-0.0177,-0.0048,-0.0046,0.000,0.000,0.000,1,450
TRK,2270859,0.53611,-0.81399,0.16851,-0.14702,-0.0177,-0.0048,-0.0046,0.000,0.000,0.000,1,450
TRK,2270879,0.53612,-0.81398,0.16851,-0.14701,-0.0177,-0.0048,-0.0046,0.000,0.000,0.000,1,450
TRK,2270898,0.53613,-0.81397,0.16853,-0.14699,-0.0177,-0.0048,-0.0046,0.000,0.000,0.000,1,450
TRK,2270919,0.53614,-0.81397,0.16854,-0.14697,-0.0177,-0.0048,-0.0046,0.000,0.000,0.000,1,450
TRK,2270938,0.53609,-0.81400,0.16857,-0.14693,-0.0177,-0.0048,-0.0046,0.000,0.000,0.000,1,450
TRK,2270957,0.53610,-0.81400,0.16857,-0.14692,-0.0177,-0.0048,-0.0046,0.000,0.000,0.000,1,450
TRK,2270977,0.53615,-0.81397,0.16859,-0.14690,-0.0177,-0.0048,-0.0046,0.000,0.000,0.000,1,450
TRK,2271000,0.53618,-0.81395,0.16857,-0.14692,-0.0177,-0.0048,-0.0046,0.000,0.000,0.000,1,450
TRK,2271019,0.53619,-0.81394,0.16855,-0.14696,-0.0177,-0.0048,-0.0046,0.000,0.000,0.000,1,450
TRK,2271039,0.53617,-0.81395,0.16855,-0.14696,-0.0177,-0.0048,-0.0046,0.000,0.000,0.000,1,450
STAT,403.9,400.4,2,4,0,0.0216,0.209,0.1110,0.1082,-0.0777,9.8177,0.63,0.004
TRK,2271059,0.53613,-0.81398,0.16858,-0.14691,-0.0177,-0.0048,-0.0046,0.000,0.000,0.000,1,450
TRK,2271077,0.53609,-0.81401,0.16861,-0.14686,-0.0177,-0.0048,-0.0046,0.000,0.000,0.000,1,450
TRK,2271099,0.53609,-0.81401,0.16866,-0.14679,-0.0177,-0.0048,-0.0046,0.000,0.000,0.000,1,450
TRK,2271117,0.53612,-0.81399,0.16868,-0.14676,-0.0177,-0.0048,-0.0046,0.000,0.000,0.000,1,450
TRK,2271139,0.53615,-0.81397,0.16867,-0.14679,-0.0177,-0.0048,-0.0046,0.000,0.000,0.000,1,450
TRK,2271158,0.53619,-0.81394,0.16862,-0.14685,-0.0177,-0.0048,-0.0046,0.000,0.000,0.000,1,450
TRK,2271178,0.53625,-0.81390,0.16856,-0.14694,-0.0177,-0.0048,-0.0046,0.000,0.000,0.000,1,450
TRK,2271199,0.53631,-0.81386,0.16856,-0.14695,-0.0177,-0.0048,-0.0046,0.000,0.000,0.000,1,450
TRK,2271220,0.53630,-0.81386,0.16860,-0.14690,-0.0177,-0.0048,-0.0046,0.000,0.000,0.000,1,450
TRK,2271238,0.53629,-0.81387,0.16862,-0.14687,-0.0177,-0.0048,-0.0046,0.000,0.000,0.000,1,450
TRK,2271260,0.53628,-0.81388,0.16863,-0.14684,-0.0177,-0.0048,-0.0046,0.000,0.000,0.000,1,450
TRK,2271278,0.53622,-0.81392,0.16864,-0.14684,-0.0177,-0.0048,-0.0046,0.000,0.000,0.000,1,450
TRK,2271300,0.53619,-0.81394,0.16859,-0.14691,-0.0177,-0.0048,-0.0046,0.000,0.000,0.000,1,450
TRK,2271319,0.53619,-0.81394,0.16853,-0.14699,-0.0177,-0.0048,-0.0046,0.000,0.000,0.000,1,450
TRK,2271340,0.53622,-0.81392,0.16851,-0.14702,-0.0177,-0.0048,-0.0046,0.000,0.000,0.000,1,450
TRK,2271357,0.53616,-0.81395,0.16851,-0.14702,-0.0177,-0.0048,-0.0046,0.000,0.000,0.000,1,450
TRK,2271379,0.53618,-0.81394,0.16854,-0.14698,-0.0177,-0.0048,-0.0046,0.000,0.000,0.000,1,450
TRK,2271398,0.53619,-0.81393,0.16854,-0.14698,-0.0177,-0.0048,-0.0046,0.000,0.000,0.000,1,450
TRK,2271419,0.53622,-0.81392,0.16853,-0.14699,-0.0177,-0.0048,-0.0046,0.000,0.000,0.000,1,450
TRK,2271438,0.53619,-0.81394,0.16853,-0.14699,-0.0177,-0.0048,-0.0046,0.000,0.000,0.000,1,450
TRK,2271460,0.53622,-0.81392,0.16853,-0.14700,-0.0177,-0.0048,-0.0046,0.000,0.000,0.000,1,450
TRK,2271480,0.53625,-0.81390,0.16855,-0.14697,-0.0177,-0.0048,-0.0046,0.000,0.000,0.000,1,450
TRK,2271498,0.53622,-0.81392,0.16855,-0.14697,-0.0177,-0.0048,-0.0046,0.000,0.000,0.000,1,450
TRK,2271520,0.53618,-0.81395,0.16858,-0.14692,-0.0177,-0.0048,-0.0046,0.000,0.000,0.000,1,450
TRK,2271540,0.53629,-0.81387,0.16859,-0.14690,-0.0177,-0.0048,-0.0046,0.000,0.000,0.000,1,450
TRK,2271560,0.53633,-0.81385,0.16856,-0.14695,-0.0177,-0.0048,-0.0046,0.000,0.000,0.000,1,450
TRK,2271579,0.53632,-0.81385,0.16855,-0.14698,-0.0177,-0.0048,-0.0046,0.000,0.000,0.000,1,450
TRK,2271598,0.53631,-0.81386,0.16854,-0.14698,-0.0177,-0.0048,-0.0046,0.000,0.000,0.000,1,450
TRK,2271618,0.53634,-0.81384,0.16853,-0.14701,-0.0177,-0.0048,-0.0046,0.000,0.000,0.000,1,450
TRK,2271638,0.53637,-0.81382,0.16852,-0.14702,-0.0177,-0.0048,-0.0046,0.000,0.000,0.000,1,450
TRK,2271658,0.53639,-0.81380,0.16853,-0.14700,-0.0177,-0.0048,-0.0046,0.000,0.000,0.000,1,450
TRK,2271679,0.53630,-0.81386,0.16855,-0.14696,-0.0177,-0.0048,-0.0046,0.000,0.000,0.000,1,450
TRK,2271700,0.53629,-0.81387,0.16856,-0.14696,-0.0177,-0.0048,-0.0046,0.000,0.000,0.000,1,450
TRK,2271717,0.53630,-0.81387,0.16860,-0.14689,-0.0177,-0.0048,-0.0046,0.000,0.000,0.000,1,450
TRK,2271737,0.53634,-0.81384,0.16861,-0.14688,-0.0177,-0.0048,-0.0046,0.000,0.000,0.000,1,450
TRK,2271758,0.53628,-0.81389,0.16864,-0.14684,-0.0177,-0.0048,-0.0046,0.000,0.000,0.000,1,450
TRK,2271780,0.53628,-0.81388,0.16863,-0.14685,-0.0177,-0.0048,-0.0046,0.000,0.000,0.000,1,450
TRK,2271799,0.53637,-0.81382,0.16865,-0.14682,-0.0177,-0.0048,-0.0046,0.000,0.000,0.000,1,450
TRK,2271817,0.53634,-0.81384,0.16866,-0.14681,-0.0177,-0.0048,-0.0046,0.000,0.000,0.000,1,450
TRK,2271839,0.53614,-0.81398,0.16866,-0.14680,-0.0177,-0.0048,-0.0046,0.000,0.000,0.000,1,450
TRK,2271857,0.53614,-0.81398,0.16867,-0.14678,-0.0177,-0.0048,-0.0046,0.000,0.000,0.000,1,450
TRK,2271879,0.53627,-0.81389,0.16867,-0.14679,-0.0177,-0.0048,-0.0046,0.000,0.000,0.000,1,450
TRK,2271899,0.53622,-0.81392,0.16868,-0.14677,-0.0177,-0.0048,-0.0046,0.000,0.000,0.000,1,450
TRK,2271917,0.53611,-0.81400,0.16868,-0.14677,-0.0177,-0.0048,-0.0046,0.000,0.000,0.000,1,450
TRK,2271937,0.53620,-0.81394,0.16869,-0.14676,-0.0177,-0.0048,-0.0046,0.000,0.000,0.000,1,450
TRK,2271960,0.53634,-0.81384,0.16869,-0.14676,-0.0177,-0.0048,-0.0046,0.000,0.000,0.000,1,450
TRK,2271979,0.53626,-0.81390,0.16871,-0.14673,-0.0177,-0.0048,-0.0046,0.000,0.000,0.000,1,450
TRK,2271997,0.53619,-0.81394,0.16869,-0.14675,-0.0177,-0.0048,-0.0046,0.000,0.000,0.000,1,450
TRK,2272019,0.53633,-0.81385,0.16868,-0.14678,-0.0177,-0.0048,-0.0046,0.000,0.000,0.000,1,450
TRK,2272040,0.53634,-0.81384,0.16865,-0.14682,-0.0177,-0.0048,-0.0046,0.000,0.000,0.000,1,450
STAT,403.9,400.4,2,4,0,0.0252,0.810,0.1156,0.1243,-0.0471,9.8196,0.63,0.004
TRK,2272059,0.53621,-0.81393,0.16864,-0.14682,-0.0177,-0.0048,-0.0046,0.000,0.000,0.000,1,450
TRK,2272077,0.53614,-0.81397,0.16863,-0.14683,-0.0177,-0.0048,-0.0046,0.000,0.000,0.000,1,450
TRK,2272098,0.53618,-0.81395,0.16860,-0.14689,-0.0177,-0.0048,-0.0046,0.000,0.000,0.000,1,450
TRK,2272118,0.53612,-0.81399,0.16861,-0.14686,-0.0177,-0.0048,-0.0046,0.000,0.000,0.000,1,450
TRK,2272138,0.53597,-0.81409,0.16862,-0.14684,-0.0177,-0.0048,-0.0046,0.000,0.000,0.000,1,450
TRK,2272158,0.53595,-0.81410,0.16862,-0.14685,-0.0177,-0.0048,-0.0046,0.000,0.000,0.000,1,450
TRK,2272180,0.53604,-0.81404,0.16861,-0.14686,-0.0177,-0.0048,-0.0046,0.000,0.000,0.000,1,450
TRK,2272200,0.53598,-0.81408,0.16861,-0.14686,-0.0177,-0.0048,-0.0046,0.000,0.000,0.000,1,450
TRK,2272218,0.53594,-0.81410,0.16861,-0.14686,-0.0177,-0.0048,-0.0046,0.000,0.000,0.000,1,450
TRK,2272238,0.53602,-0.81406,0.16863,-0.14683,-0.0177,-0.0048,-0.0046,0.000,0.000,0.000,1,450
TRK,2272259,0.53603,-0.81405,0.16862,-0.14685,-0.0177,-0.0048,-0.0046,0.000,0.000,0.000,1,450
TRK,2272279,0.53600,-0.81407,0.16865,-0.14680,-0.0177,-0.0048,-0.0046,0.000,0.000,0.000,1,450
TRK,2272299,0.53608,-0.81402,0.16867,-0.14678,-0.0177,-0.0048,-0.0046,0.000,0.000,0.000,1,450
TRK,2272318,0.53617,-0.81396,0.16866,-0.14680,-0.0177,-0.0048,-0.0046,0.000,0.000,0.000,1,450
TRK,2272340,0.53623,-0.81392,0.16864,-0.14683,-0.0177,-0.0048,-0.0046,0.000,0.000,0.000,1,450
TRK,2272359,0.53620,-0.81393,0.16860,-0.14689,-0.0177,-0.0048,-0.0046,0.000,0.000,0.000,1,450
TRK,2272380,0.53616,-0.81396,0.16856,-0.14695,-0.0177,-0.0048,-0.0046,0.000,0.000,0.000,1,450
TRK,2272398,0.53616,-0.81396,0.16854,-0.14697,-0.0177,-0.0048,-0.0046,0.000,0.000,0.000,1,450
TRK,2272420,0.53618,-0.81395,0.16857,-0.14694,-0.0177,-0.0048,-0.0046,0.000,0.000,0.000,1,450
TRK,2272438,0.53623,-0.81391,0.16861,-0.14688,-0.0177,-0.0048,-0.0046,0.000,0.000,0.000,1,450
TRK,2272458,0.53628,-0.81388,0.16866,-0.14680,-0.0177,-0.0048,-0.0046,0.000,0.000,0.000,1,450
TRK,2272480,0.53628,-0.81388,0.16868,-0.14677,-0.0177,-0.0048,-0.0046,0.000,0.000,0.000,1,450
TRK,2272498,0.53628,-0.81388,0.16867,-0.14679,-0.0177,-0.0048,-0.0046,0.000,0.000,0.000,1,450
TRK,2272519,0.53634,-0.81384,0.16867,-0.14680,-0.0177,-0.0048,-0.0046,0.000,0.000,0.000,1,450
TRK,2272539,0.53637,-0.81382,0.16863,-0.14686,-0.0177,-0.0048,-0.0046,0.000,0.000,0.000,1,450
TRK,2272557,0.53645,-0.81376,0.16859,-0.14691,-0.0177,-0.0048,-0.0046,0.000,0.000,0.000,1,450
TRK,2272577,0.53653,-0.81371,0.16859,-0.14693,-0.0177,-0.0048,-0.0046,0.000,0.000,0.000,1,450
TRK,2272597,0.53649,-0.81373,0.16858,-0.14694,-0.0177,-0.0048,-0.0046,0.000,0.000,0.000,1,450
TRK,2272617,0.53645,-0.81376,0.16860,-0.14690,-0.0177,-0.0048,-0.0046,0.000,0.000,0.000,1,450
TRK,2272640,0.53651,-0.81372,0.16861,-0.14690,-0.0177,-0.0048,-0.0046,0.000,0.000,0.000,1,450
TRK,2272657,0.53647,-0.81376,0.16861,-0.14688,-0.0177,-0.0048,-0.0046,0.000,0.000,0.000,1,450
TRK,2272680,0.53638,-0.81381,0.16861,-0.14688,-0.0177,-0.0048,-0.0046,0.000,0.000,0.000,1,450
TRK,2272699,0.53638,-0.81381,0.16861,-0.14688,-0.0177,-0.0048,-0.0046,0.000,0.000,0.000,1,450
TRK,2272717,0.53645,-0.81377,0.16858,-0.14693,-0.0177,-0.0048,-0.0046,0.000,0.000,0.000,1,450
TRK,2272739,0.53645,-0.81377,0.16856,-0.14696,-0.0177,-0.0048,-0.0046,0.000,0.000,0.000,1,450
TRK,2272760,0.53639,-0.81380,0.16854,-0.14699,-0.0177,-0.0048,-0.0046,0.000,0.000,0.000,1,450
TRK,2272779,0.53645,-0.81376,0.16850,-0.14706,-0.0177,-0.0048,-0.0046,0.000,0.000,0.000,1,450
TRK,2272797,0.53648,-0.81374,0.16846,-0.14712,-0.0177,-0.0048,-0.0046,0.000,0.000,0.000,1,450
TRK,2272819,0.53640,-0.81379,0.16844,-0.14714,-0.0177,-0.0048,-0.0046,0.000,0.000,0.000,1,450
TRK,2272839,0.53639,-0.81380,0.16845,-0.14712,-0.0177,-0.0048,-0.0046,0.000,0.000,0.000,1,450
TRK,2272858,0.53645,-0.81376,0.16847,-0.14710,-0.0177,-0.0048,-0.0046,0.000,0.000,0.000,1,450
TRK,2272878,0.53640,-0.81380,0.16855,-0.14698,-0.0177,-0.0048,-0.0046,0.000,0.000,0.000,1,450
TRK,2272900,0.53631,-0.81386,0.16857,-0.14694,-0.0177,-0.0048,-0.0046,0.000,0.000,0.000,1,450
TRK,2272918,0.53637,-0.81381,0.16853,-0.14701,-0.0177,-0.0048,-0.0046,0.000,0.000,0.000,1,450
TRK,2272940,0.53639,-0.81380,0.16851,-0.14704,-0.0177,-0.0048,-0.0046,0.000,0.000,0.000,1,450
TRK,2272959,0.53624,-0.81390,0.16850,-0.14705,-0.0177,-0.0048,-0.0046,0.000,0.000,0.000,1,450
TRK,2272977,0.53618,-0.81394,0.16846,-0.14710,-0.0177,-0.0048,-0.0046,0.000,0.000,0.000,1,450
TRK,2272999,0.53632,-0.81384,0.16844,-0.14714,-0.0177,-0.0048,-0.0046,0.000,0.000,0.000,1,450
TRK,2273020,0.53614,-0.81396,0.16847,-0.14709,-0.0177,-0.0048,-0.0046,0.000,0.000,0.000,1,450
TRK,2273038,0.53597,-0.81408,0.16851,-0.14700,-0.0177,-0.0048,-0.0046,0.000,0.000,0.000,1,450
STAT,404.1,401.1,2,4,0,0.0231,0.950,0.1039,0.1311,-0.0553,9.8201,0.63,0.004
TRK,2273060,0.53597,-0.81408,0.16853,-0.14698,-0.0177,-0.0048,-0.0046,0.000,0.000,0.000,1,450
TRK,2273078,0.53609,-0.81401,0.16857,-0.14693,-0.0177,-0.0048,-0.0046,0.000,0.000,0.000,1,450
TRK,2273099,0.53596,-0.81409,0.16857,-0.14692,-0.0177,-0.0048,-0.0046,0.000,0.000,0.000,1,450
TRK,2273118,0.53582,-0.81419,0.16854,-0.14695,-0.0177,-0.0048,-0.0046,0.000,0.000,0.000,1,450
TRK,2273140,0.53594,-0.81410,0.16853,-0.14698,-0.0177,-0.0048,-0.0046,0.000,0.000,0.000,1,450
TRK,2273160,0.53595,-0.81410,0.16853,-0.14697,-0.0177,-0.0048,-0.0046,0.000,0.000,0.000,1,450
TRK,2273180,0.53586,-0.81416,0.16854,-0.14695,-0.0177,-0.0048,-0.0046,0.000,0.000,0.000,1,450
TRK,2273198,0.53590,-0.81414,0.16860,-0.14687,-0.0177,-0.0048,-0.0046,0.000,0.000,0.000,1,450
TRK,2273220,0.53598,-0.81408,0.16863,-0.14684,-0.0177,-0.0048,-0.0046,0.000,0.000,0.000,1,450
TRK,2273239,0.53589,-0.81414,0.16864,-0.14681,-0.0177,-0.0048,-0.0046,0.000,0.000,0.000,1,450
TRK,2273258,0.53580,-0.81420,0.16866,-0.14678,-0.0177,-0.0048,-0.0046,0.000,0.000,0.000,1,450
TRK,2273278,0.53598,-0.81408,0.16864,-0.14682,-0.0177,-0.0048,-0.0046,0.000,0.000,0.000,1,450
TRK,2273298,0.53607,-0.81402,0.16863,-0.14684,-0.0177,-0.0048,-0.0046,0.000,0.000,0.000,1,450
TRK,2273318,0.53597,-0.81409,0.16865,-0.14680,-0.0177,-0.0048,-0.0046,0.000,0.000,0.000,1,450
TRK,2273338,0.53599,-0.81408,0.16866,-0.14679,-0.0177,-0.0048,-0.0046,0.000,0.000,0.000,1,450
TRK,2273358,0.53619,-0.81394,0.16864,-0.14683,-0.0177,-0.0048,-0.0046,0.000,0.000,0.000,1,450
TRK,2273380,0.53611,-0.81399,0.16865,-0.14681,-0.0177,-0.0048,-0.0046,0.000,0.000,0.000,1,450
TRK,2273400,0.53593,-0.81412,0.16866,-0.14679,-0.0177,-0.0048,-0.0046,0.000,0.000,0.000,1,450
TRK,2273417,0.53602,-0.81406,0.16862,-0.14685,-0.0177,-0.0048,-0.0046,0.000,0.000,0.000,1,450
TRK,2273438,0.53620,-0.81394,0.16860,-0.14689,-0.0177,-0.0048,-0.0046,0.000,0.000,0.000,1,450
TRK,2273460,0.53603,-0.81405,0.16863,-0.14684,-0.0177,-0.0048,-0.0046,0.000,0.000,0.000,1,450
TRK,2273479,0.53598,-0.81408,0.16866,-0.14679,-0.0177,-0.0048,-0.0046,0.000,0.000,0.000,1,450
TRK,2273497,0.53619,-0.81395,0.16866,-0.14681,-0.0177,-0.0048,-0.0046,0.000,0.000,0.000,1,450
TRK,2273517,0.53620,-0.81394,0.16868,-0.14677,-0.0177,-0.0048,-0.0046,0.000,0.000,0.000,1,450
TRK,2273537,0.53596,-0.81410,0.16870,-0.14672,-0.0177,-0.0048,-0.0046,0.000,0.000,0.000,1,450
TRK,2273557,0.53599,-0.81408,0.16871,-0.14672,-0.0177,-0.0048,-0.0046,0.000,0.000,0.000,1,450
TRK,2273578,0.53627,-0.81389,0.16867,-0.14679,-0.0177,-0.0048,-0.0046,0.000,0.000,0.000,1,450
TRK,2273598,0.53618,-0.81395,0.16865,-0.14681,-0.0177,-0.0048,-0.0046,0.000,0.000,0.000,1,450
TRK,2273620,0.53603,-0.81405,0.16866,-0.14678,-0.0177,-0.0048,-0.0046,0.000,0.000,0.000,1,450
TRK,2273640,0.53625,-0.81390,0.16864,-0.14683,-0.0177,-0.0048,-0.0046,0.000,0.000,0.000,1,450
TRK,2273660,0.53636,-0.81383,0.16863,-0.14686,-0.0177,-0.0048,-0.0046,0.000,0.000,0.000,1,450
TRK,2273680,0.53610,-0.81400,0.16866,-0.14680,-0.0177,-0.0048,-0.0046,0.000,0.000,0.000,1,450
TRK,2273700,0.53608,-0.81401,0.16863,-0.14683,-0.0177,-0.0048,-0.0046,0.000,0.000,0.000,1,450
TRK,2273720,0.53637,-0.81382,0.16858,-0.14693,-0.0177,-0.0048,-0.0046,0.000,0.000,0.000,1,450
TRK,2273739,0.53634,-0.81383,0.16856,-0.14696,-0.0177,-0.0048,-0.0046,0.000,0.000,0.000,1,450
TRK,2273759,0.53612,-0.81398,0.16855,-0.14696,-0.0177,-0.0048,-0.0046,0.000,0.000,0.000,1,450
TRK,2273777,0.53616,-0.81396,0.16852,-0.14701,-0.0177,-0.0048,-0.0046,0.000,0.000,0.000,1,450
TRK,2273799,0.53635,-0.81382,0.16849,-0.14706,-0.0177,-0.0048,-0.0046,0.000,0.000,0.000,1,450
TRK,2273819,0.53615,-0.81396,0.16850,-0.14703,-0.0177,-0.0048,-0.0046,0.000,0.000,0.000,1,450
TRK,2273839,0.53596,-0.81409,0.16852,-0.14700,-0.0177,-0.0048,-0.0046,0.000,0.000,0.000,1,450
TRK,2273858,0.53614,-0.81397,0.16852,-0.14700,-0.0177,-0.0048,-0.0046,0.000,0.000,0.000,1,450
TRK,2273877,0.53626,-0.81389,0.16852,-0.14701,-0.0177,-0.0048,-0.0046,0.000,0.000,0.000,1,450
TRK,2273897,0.53612,-0.81398,0.16853,-0.14699,-0.0177,-0.0048,-0.0046,0.000,0.000,0.000,1,450
TRK,2273920,0.53612,-0.81399,0.16857,-0.14694,-0.0177,-0.0048,-0.0046,0.000,0.000,0.000,1,450
TRK,2273939,0.53634,-0.81384,0.16858,-0.14692,-0.0177,-0.0048,-0.0046,0.000,0.000,0.000,1,450
TRK,2273957,0.53630,-0.81386,0.16860,-0.14690,-0.0177,-0.0048,-0.0046,0.000,0.000,0.000,1,450
TRK,2273979,0.53615,-0.81396,0.16861,-0.14687,-0.0177,-0.0048,-0.0046,0.000,0.000,0.000,1,450
TRK,2273997,0.53616,-0.81396,0.16861,-0.14687,-0.0177,-0.0048,-0.0046,0.000,0.000,0.000,1,450
TRK,2274019,0.53622,-0.81391,0.16857,-0.14694,-0.0177,-0.0048,-0.0046,0.000,0.000,0.000,1,450
TRK,2274038,0.53613,-0.81398,0.16855,-0.14695,-0.0177,-0.0048,-0.0046,0.000,0.000,0.000,1,450
STAT,404.1,401.1,2,4,0,0.0313,0.869,0.1076,0.1278,-0.0562,9.8198,0.63,0.004
TRK,2274060,0.53608,-0.81401,0.16857,-0.14692,-0.0177,-0.0048,-0.0046,0.000,0.000,0.000,1,450
TRK,2274080,0.53617,-0.81396,0.16860,-0.14689,-0.0177,-0.0048,-0.0046,0.000,0.000,0.000,1,450
TRK,2274098,0.53628,-0.81388,0.16864,-0.14684,-0.0177,-0.0048,-0.0046,0.000,0.000,0.000,1,450
TRK,2274117,0.53626,-0.81390,0.16868,-0.14678,-0.0177,-0.0048,-0.0046,0.000,0.000,0.000,1,450
TRK,2274137,0.53627,-0.81389,0.16870,-0.14675,-0.0177,-0.0048,-0.0046,0.000,0.000,0.000,1,450
TRK,2274160,0.53622,-0.81393,0.16866,-0.14680,-0.0177,-0.0048,-0.0046,0.000,0.000,0.000,1,450
TRK,2274179,0.53612,-0.81399,0.16864,-0.14683,-0.0177,-0.0048,-0.0046,0.000,0.000,0.000,1,450
TRK,2274197,0.53604,-0.81404,0.16859,-0.14690,-0.0177,-0.0048,-0.0046,0.000,0.000,0.000,1,450
TRK,2274219,0.53602,-0.81405,0.16860,-0.14687,-0.0177,-0.0048,-0.0046,0.000,0.000,0.000,1,450
TRK,2274237,0.53599,-0.81408,0.16861,-0.14686,-0.0177,-0.0048,-0.0046,0.000,0.000,0.000,1,450
TRK,2274259,0.53603,-0.81405,0.16867,-0.14678,-0.0177,-0.0048,-0.0046,0.000,0.000,0.000,1,450
TRK,2274278,0.53614,-0.81398,0.16868,-0.14677,-0.0177,-0.0048,-0.0046,0.000,0.000,0.000,1,450
TRK,2274298,0.53609,-0.81401,0.16870,-0.14674,-0.0177,-0.0048,-0.0046,0.000,0.000,0.000,1,450
TRK,2274318,0.53613,-0.81399,0.16873,-0.14670,-0.0177,-0.0048,-0.0046,0.000,0.000,0.000,1,450
TRK,2274338,0.53616,-0.81397,0.16872,-0.14671,-0.0177,-0.0048,-0.0046,0.000,0.000,0.000,1,450
TRK,2274358,0.53619,-0.81395,0.16869,-0.14675,-0.0177,-0.0048,-0.0046,0.000,0.000,0.000,1,450
TRK,2274380,0.53611,-0.81400,0.16868,-0.14676,-0.0177,-0.0048,-0.0046,0.000,0.000,0.000,1,450
TRK,2274398,0.53608,-0.81402,0.16865,-0.14680,-0.0177,-0.0048,-0.0046,0.000,0.000,0.000,1,450
TRK,2274420,0.53618,-0.81395,0.16862,-0.14686,-0.0177,-0.0048,-0.0046,0.000,0.000,0.000,1,450
TRK,2274438,0.53617,-0.81395,0.16863,-0.14685,-0.0177,-0.0048,-0.0046,0.000,0.000,0.000,1,450
TRK,2274460,0.53608,-0.81402,0.16862,-0.14685,-0.0177,-0.0048,-0.0046,0.000,0.000,0.000,1,450
TRK,2274480,0.53614,-0.81397,0.16862,-0.14686,-0.0177,-0.0048,-0.0046,0.000,0.000,0.000,1,450
TRK,2274499,0.53624,-0.81390,0.16857,-0.14694,-0.0177,-0.0048,-0.0046,0.000,0.000,0.000,1,450
TRK,2274518,0.53618,-0.81395,0.16859,-0.14691,-0.0177,-0.0048,-0.0046,0.000,0.000,0.000,1,450
TRK,2274538,0.53615,-0.81397,0.16859,-0.14691,-0.0177,-0.0048,-0.0046,0.000,0.000,0.000,1,450
TRK,2274558,0.53620,-0.81393,0.16859,-0.14691,-0.0177,-0.0048,-0.0046,0.000,0.000,0.000,1,450
TRK,2274579,0.53622,-0.81392,0.16860,-0.14689,-0.0177,-0.0048,-0.0046,0.000,0.000,0.000,1,450
TRK,2274600,0.53608,-0.81401,0.16860,-0.14689,-0.0177,-0.0048,-0.0046,0.000,0.000,0.000,1,450
TRK,2274620,0.53603,-0.81405,0.16861,-0.14687,-0.0177,-0.0048,-0.0046,0.000,0.000,0.000,1,450
TRK,2274638,0.53606,-0.81402,0.16861,-0.14687,-0.0177,-0.0048,-0.0046,0.000,0.000,0.000,1,450
TRK,2274659,0.53604,-0.81404,0.16860,-0.14688,-0.0177,-0.0048,-0.0046,0.000,0.000,0.000,1,450
TRK,2274680,0.53597,-0.81408,0.16861,-0.14687,-0.0177,-0.0048,-0.0046,0.000,0.000,0.000,1,450
TRK,2274699,0.53599,-0.81408,0.16863,-0.14683,-0.0177,-0.0048,-0.0046,0.000,0.000,0.000,1,450
TRK,2274720,0.53610,-0.81400,0.16865,-0.14681,-0.0177,-0.0048,-0.0046,0.000,0.000,0.000,1,450
TRK,2274737,0.53613,-0.81398,0.16866,-0.14680,-0.0177,-0.0048,-0.0046,0.000,0.000,0.000,1,450
TRK,2274759,0.53611,-0.81400,0.16867,-0.14678,-0.0177,-0.0048,-0.0046,0.000,0.000,0.000,1,450
TRK,2274781,0.53606,-0.81404,0.16869,-0.14675,-0.0177,-0.0048,-0.0046,0.000,0.000,0.000,1,450
TRK,2274800,0.53605,-0.81404,0.16870,-0.14674,-0.0177,-0.0048,-0.0046,0.000,0.000,0.000,1,450
TRK,2274820,0.53599,-0.81408,0.16869,-0.14674,-0.0177,-0.0048,-0.0046,0.000,0.000,0.000,1,450
TRK,2274840,0.53591,-0.81413,0.16871,-0.14671,-0.0177,-0.0048,-0.0046,0.000,0.000,0.000,1,450
TRK,2274860,0.53588,-0.81415,0.16871,-0.14670,-0.0177,-0.0048,-0.0046,0.000,0.000,0.000,1,450
TRK,2274878,0.53595,-0.81411,0.16872,-0.14670,-0.0177,-0.0048,-0.0046,0.000,0.000,0.000,1,450
TRK,2274900,0.53597,-0.81410,0.16870,-0.14673,-0.0177,-0.0048,-0.0046,0.000,0.000,0.000,1,450
TRK,2274919,0.53592,-0.81412,0.16871,-0.14672,-0.0177,-0.0048,-0.0046,0.000,0.000,0.000,1,450
TRK,2274937,0.53599,-0.81408,0.16868,-0.14675,-0.0177,-0.0048,-0.0046,0.000,0.000,0.000,1,450
TRK,2274959,0.53606,-0.81403,0.16867,-0.14679,-0.0177,-0.0048,-0.0046,0.000,0.000,0.000,1,450
TRK,2274977,0.53613,-0.81398,0.16865,-0.14681,-0.0177,-0.0048,-0.0046,0.000,0.000,0.000,1,450
TRK,2274999,0.53603,-0.81405,0.16865,-0.14681,-0.0177,-0.0048,-0.0046,0.000,0.000,0.000,1,450
TRK,2275020,0.53605,-0.81403,0.16864,-0.14683,-0.0177,-0.0048,-0.0046,0.000,0.000,0.000,1,450
TRK,2275038,0.53615,-0.81397,0.16863,-0.14685,-0.0177,-0.0048,-0.0046,0.000,0.000,0.000,1,450
STAT,404.6,400.6,2,4,0,0.0273,0.698,0.1047,0.1030,-0.0630,9.8220,0.63,0.004
TRK,2275058,0.53625,-0.81390,0.16863,-0.14686,-0.0177,-0.0048,-0.0046,0.000,0.000,0.000,1,450
TRK,2275080,0.53614,-0.81397,0.16862,-0.14685,-0.0177,-0.0048,-0.0046,0.000,0.000,0.000,1,450
TRK,2275100,0.53613,-0.81398,0.16861,-0.14688,-0.0177,-0.0048,-0.0046,0.000,0.000,0.000,1,450
TRK,2275118,0.53622,-0.81392,0.16859,-0.14691,-0.0177,-0.0048,-0.0046,0.000,0.000,0.000,1,450
TRK,2275138,0.53626,-0.81389,0.16858,-0.14693,-0.0177,-0.0048,-0.0046,0.000,0.000,0.000,1,450
TRK,2275159,0.53617,-0.81395,0.16858,-0.14693,-0.0177,-0.0048,-0.0046,0.000,0.000,0.000,1,450
TRK,2275179,0.53619,-0.81394,0.16856,-0.14695,-0.0177,-0.0048,-0.0046,0.000,0.000,0.000,1,450
TRK,2275199,0.53635,-0.81383,0.16856,-0.14696,-0.0177,-0.0048,-0.0046,0.000,0.000,0.000,1,450
TRK,2275218,0.53632,-0.81385,0.16860,-0.14691,-0.0177,-0.0048,-0.0046,0.000,0.000,0.000,1,450
TRK,2275238,0.53619,-0.81394,0.16859,-0.14690,-0.0177,-0.0048,-0.0046,0.000,0.000,0.000,1,450
TRK,2275258,0.53619,-0.81394,0.16857,-0.14694,-0.0177,-0.0048,-0.0046,0.000,0.000,0.000,1,450
TRK,2275278,0.53625,-0.81390,0.16855,-0.14697,-0.0177,-0.0048,-0.0046,0.000,0.000,0.000,1,450
TRK,2275300,0.53613,-0.81398,0.16856,-0.14696,-0.0177,-0.0048,-0.0046,0.000,0.000,0.000,1,450
TRK,2275318,0.53599,-0.81407,0.16855,-0.14696,-0.0177,-0.0048,-0.0046,0.000,0.000,0.000,1,450
TRK,2275340,0.53609,-0.81401,0.16854,-0.14697,-0.0177,-0.0048,-0.0046,0.000,0.000,0.000,1,450
TRK,2275358,0.53610,-0.81399,0.16854,-0.14698,-0.0177,-0.0048,-0.0046,0.000,0.000,0.000,1,450
TRK,2275380,0.53598,-0.81408,0.16857,-0.14692,-0.0177,-0.0048,-0.0046,0.000,0.000,0.000,1,450
TRK,2275399,0.53591,-0.81413,0.16858,-0.14690,-0.0177,-0.0048,-0.0046,0.000,0.000,0.000,1,450
TRK,2275419,0.53601,-0.81406,0.16857,-0.14693,-0.0177,-0.0048,-0.0046,0.000,0.000,0.000,1,450
TRK,2275439,0.53604,-0.81404,0.16858,-0.14691,-0.0177,-0.0048,-0.0046,0.000,0.000,0.000,1,450
TRK,2275457,0.53596,-0.81409,0.16859,-0.14690,-0.0177,-0.0048,-0.0046,0.000,0.000,0.000,1,450
TRK,2275479,0.53593,-0.81411,0.16860,-0.14688,-0.0177,-0.0048,-0.0046,0.000,0.000,0.000,1,450
TRK,2275498,0.53608,-0.81401,0.16862,-0.14685,-0.0177,-0.0048,-0.0046,0.000,0.000,0.000,1,450
TRK,2275517,0.53621,-0.81393,0.16864,-0.14683,-0.0177,-0.0048,-0.0046,0.000,0.000,0.000,1,450
TRK,2275537,0.53618,-0.81395,0.16867,-0.14679,-0.0177,-0.0048,-0.0046,0.000,0.000,0.000,1,450
TRK,2275557,0.53609,-0.81401,0.16868,-0.14677,-0.0177,-0.0048,-0.0046,0.000,0.000,0.000,1,450
TRK,2275577,0.53613,-0.81399,0.16869,-0.14675,-0.0177,-0.0048,-0.0046,0.000,0.000,0.000,1,450
TRK,2275600,0.53616,-0.81396,0.16867,-0.14678,-0.0177,-0.0048,-0.0046,0.000,0.000,0.000,1,450
TRK,2275619,0.53616,-0.81396,0.16867,-0.14678,-0.0177,-0.0048,-0.0046,0.000,0.000,0.000,1,450
TRK,2275637,0.53613,-0.81399,0.16869,-0.14676,-0.0177,-0.0048,-0.0046,0.000,0.000,0.000,1,450
TRK,2275659,0.53614,-0.81398,0.16867,-0.14679,-0.0177,-0.0048,-0.0046,0.000,0.000,0.000,1,450
TRK,2275680,0.53622,-0.81392,0.16864,-0.14683,-0.0177,-0.0048,-0.0046,0.000,0.000,0.000,1,450
TRK,2275698,0.53619,-0.81394,0.16864,-0.14684,-0.0177,-0.0048,-0.0046,0.000,0.000,0.000,1,450
TRK,2275719,0.53610,-0.81400,0.16862,-0.14685,-0.0177,-0.0048,-0.0046,0.000,0.000,0.000,1,450
TRK,2275738,0.53618,-0.81394,0.16859,-0.14691,-0.0177,-0.0048,-0.0046,0.000,0.000,0.000,1,450
TRK,2275758,0.53624,-0.81390,0.16854,-0.14699,-0.0177,-0.0048,-0.0046,0.000,0.000,0.000,1,450
TRK,2275778,0.53615,-0.81396,0.16850,-0.14703,-0.0177,-0.0048,-0.0046,0.000,0.000,0.000,1,450
TRK,2275800,0.53602,-0.81405,0.16848,-0.14706,-0.0177,-0.0048,-0.0046,0.000,0.000,0.000,1,450
TRK,2275818,0.53610,-0.81399,0.16847,-0.14709,-0.0177,-0.0048,-0.0046,0.000,0.000,0.000,1,450
TRK,2275840,0.53621,-0.81392,0.16848,-0.14707,-0.0177,-0.0048,-0.0046,0.000,0.000,0.000,1,450
TRK,2275858,0.53613,-0.81397,0.16851,-0.14702,-0.0177,-0.0048,-0.0046,0.000,0.000,0.000,1,450
TRK,2275880,0.53607,-0.81402,0.16854,-0.14697,-0.0177,-0.0048,-0.0046,0.000,0.000,0.000,1,450
TRK,2275899,0.53610,-0.81399,0.16852,-0.14701,-0.0177,-0.0048,-0.0046,0.000,0.000,0.000,1,450
TRK,2275919,0.53603,-0.81404,0.16851,-0.14702,-0.0177,-0.0048,-0.0046,0.000,0.000,0.000,1,450
TRK,2275940,0.53591,-0.81412,0.16848,-0.14705,-0.0177,-0.0048,-0.0046,0.000,0.000,0.000,1,450
TRK,2275957,0.53597,-0.81408,0.16848,-0.14706,-0.0177,-0.0048,-0.0046,0.000,0.000,0.000,1,450
TRK,2275979,0.53604,-0.81403,0.16845,-0.14710,-0.0177,-0.0048,-0.0046,0.000,0.000,0.000,1,450
TRK,2275998,0.53601,-0.81405,0.16849,-0.14705,-0.0177,-0.0048,-0.0046,0.000,0.000,0.000,1,450
TRK,2276019,0.53604,-0.81404,0.16854,-0.14697,-0.0177,-0.0048,-0.0046,0.000,0.000,0.000,1,450
TRK,2276038,0.53614,-0.81397,0.16856,-0.14695,-0.0177,-0.0048,-0.0046,0.000,0.000,0.000,1,450
STAT,404.6,400.6,2,4,0,0.0253,0.528,0.1150,0.1059,-0.0654,9.8204,0.63,0.004
TRK,2276060,0.53607,-0.81402,0.16862,-0.14686,-0.0177,-0.0048,-0.0046,0.000,0.000,0.000,1,450
TRK,2276078,0.53609,-0.81401,0.16867,-0.14679,-0.0177,-0.0048,-0.0046,0.000,0.000,0.000,1,450
TRK,2276100,0.53626,-0.81389,0.16868,-0.14678,-0.0177,-0.0048,-0.0046,0.000,0.000,0.000,1,450
TRK,2276119,0.53633,-0.81385,0.16864,-0.14684,-0.0177,-0.0048,-0.0046,0.000,0.000,0.000,1,450
TRK,2276140,0.53615,-0.81397,0.16864,-0.14684,-0.0177,-0.0048,-0.0046,0.000,0.000,0.000,1,450
TRK,2276160,0.53614,-0.81397,0.16864,-0.14684,-0.0177,-0.0048,-0.0046,0.000,0.000,0.000,1,450
TRK,2276179,0.53629,-0.81387,0.16858,-0.14693,-0.0177,-0.0048,-0.0046,0.000,0.000,0.000,1,450
TRK,2276198,0.53626,-0.81389,0.16852,-0.14702,-0.0177,-0.0048,-0.0046,0.000,0.000,0.000,1,450
TRK,2276218,0.53601,-0.81405,0.16853,-0.14699,-0.0177,-0.0048,-0.0046,0.000,0.000,0.000,1,450
TRK,2276238,0.53611,-0.81398,0.16851,-0.14702,-0.0177,-0.0048,-0.0046,0.000,0.000,0.000,1,450
TRK,2276258,0.53635,-0.81382,0.16849,-0.14707,-0.0177,-0.0048,-0.0046,0.000,0.000,0.000,1,450
TRK,2276280,0.53618,-0.81394,0.16854,-0.14698,-0.0177,-0.0048,-0.0046,0.000,0.000,0.000,1,450
TRK,2276300,0.53600,-0.81407,0.16860,-0.14689,-0.0177,-0.0048,-0.0046,0.000,0.000,0.000,1,450
TRK,2276317,0.53614,-0.81397,0.16862,-0.14686,-0.0177,-0.0048,-0.0046,0.000,0.000,0.000,1,450
TRK,2276337,0.53625,-0.81390,0.16865,-0.14682,-0.0177,-0.0048,-0.0046,0.000,0.000,0.000,1,450
TRK,2276358,0.53605,-0.81404,0.16865,-0.14681,-0.0177,-0.0048,-0.0046,0.000,0.000,0.000,1,450
TRK,2276380,0.53583,-0.81418,0.16858,-0.14689,-0.0177,-0.0048,-0.0046,0.000,0.000,0.000,1,450
TRK,2276399,0.53603,-0.81404,0.16855,-0.14696,-0.0177,-0.0048,-0.0046,0.000,0.000,0.000,1,450
TRK,2276417,0.53612,-0.81398,0.16853,-0.14699,-0.0177,-0.0048,-0.0046,0.000,0.000,0.000,1,450
TRK,2276439,0.53593,-0.81411,0.16855,-0.14695,-0.0177,-0.0048,-0.0046,0.000,0.000,0.000,1,450
TRK,2276457,0.53592,-0.81412,0.16859,-0.14690,-0.0177,-0.0048,-0.0046,0.000,0.000,0.000,1,450
TRK,2276479,0.53617,-0.81395,0.16861,-0.14688,-0.0177,-0.0048,-0.0046,0.000,0.000,0.000,1,450
TRK,2276499,0.53626,-0.81389,0.16861,-0.14688,-0.0177,-0.0048,-0.0046,0.000,0.000,0.000,1,450
TRK,2276517,0.53615,-0.81397,0.16862,-0.14686,-0.0177,-0.0048,-0.0046,0.000,0.000,0.000,1,450
TRK,2276537,0.53618,-0.81395,0.16861,-0.14687,-0.0177,-0.0048,-0.0046,0.000,0.000,0.000,1,450
TRK,2276560,0.53631,-0.81386,0.16861,-0.14689,-0.0177,-0.0048,-0.0046,0.000,0.000,0.000,1,450
TRK,2276579,0.53628,-0.81388,0.16861,-0.14688,-0.0177,-0.0048,-0.0046,0.000,0.000,0.000,1,450
TRK,2276597,0.53623,-0.81391,0.16865,-0.14682,-0.0177,-0.0048,-0.0046,0.000,0.000,0.000,1,450
TRK,2276619,0.53625,-0.81390,0.16865,-0.14683,-0.0177,-0.0048,-0.0046,0.000,0.000,0.000,1,450
TRK,2276640,0.53631,-0.81386,0.16863,-0.14686,-0.0177,-0.0048,-0.0046,0.000,0.000,0.000,1,450
TRK,2276659,0.53626,-0.81389,0.16858,-0.14693,-0.0177,-0.0048,-0.0046,0.000,0.000,0.000,1,450
TRK,2276677,0.53621,-0.81392,0.16852,-0.14702,-0.0177,-0.0048,-0.0046,0.000,0.000,0.000,1,450
TRK,2276698,0.53620,-0.81392,0.16846,-0.14710,-0.0177,-0.0048,-0.0046,0.000,0.000,0.000,1,450
TRK,2276718,0.53617,-0.81395,0.16847,-0.14709,-0.0177,-0.0048,-0.0046,0.000,0.000,0.000,1,450
TRK,2276738,0.53608,-0.81400,0.16849,-0.14706,-0.0177,-0.0048,-0.0046,0.000,0.000,0.000,1,450
TRK,2276758,0.53599,-0.81407,0.16853,-0.14699,-0.0177,-0.0048,-0.0046,0.000,0.000,0.000,1,450
TRK,2276780,0.53603,-0.81404,0.16857,-0.14692,-0.0177,-0.0048,-0.0046,0.000,0.000,0.000,1,450
TRK,2276800,0.53605,-0.81403,0.16858,-0.14692,-0.0177,-0.0048,-0.0046,0.000,0.000,0.000,1,450
TRK,2276820,0.53606,-0.81402,0.16856,-0.14694,-0.0177,-0.0048,-0.0046,0.000,0.000,0.000,1,450
TRK,2276839,0.53604,-0.81403,0.16852,-0.14700,-0.0177,-0.0048,-0.0046,0.000,0.000,0.000,1,450
TRK,2276859,0.53599,-0.81407,0.16848,-0.14707,-0.0177,-0.0048,-0.0046,0.000,0.000,0.000,1,450
TRK,2276879,0.53600,-0.81406,0.16849,-0.14704,-0.0177,-0.0048,-0.0046,0.000,0.000,0.000,1,450
TRK,2276899,0.53591,-0.81412,0.16849,-0.14704,-0.0177,-0.0048,-0.0046,0.000,0.000,0.000,1,450
TRK,2276917,0.53584,-0.81416,0.16848,-0.14706,-0.0177,-0.0048,-0.0046,0.000,0.000,0.000,1,450
TRK,2276937,0.53584,-0.81417,0.16846,-0.14708,-0.0177,-0.0048,-0.0046,0.000,0.000,0.000,1,450
TRK,2276957,0.53593,-0.81411,0.16848,-0.14706,-0.0177,-0.0048,-0.0046,0.000,0.000,0.000,1,450
TRK,2276977,0.53591,-0.81412,0.16852,-0.14699,-0.0177,-0.0048,-0.0046,0.000,0.000,0.000,1,450
TRK,2276997,0.53587,-0.81415,0.16853,-0.14698,-0.0177,-0.0048,-0.0046,0.000,0.000,0.000,1,450
TRK,2277017,0.53597,-0.81408,0.16855,-0.14696,-0.0177,-0.0048,-0.0046,0.000,0.000,0.000,1,450
TRK,2277037,0.53599,-0.81407,0.16855,-0.14695,-0.0177,-0.0048,-0.0046,0.000,0.000,0.000,1,450
STAT,404.1,400.6,2,4,0,0.0200,0.538,0.1055,0.1096,-0.0640,9.8236,0.63,0.004
TRK,2277057,0.53590,-0.81413,0.16857,-0.14692,-0.0177,-0.0048,-0.0046,0.000,0.000,0.000,1,450
TRK,2277079,0.53585,-0.81416,0.16859,-0.14689,-0.0177,-0.0048,-0.0046,0.000,0.000,0.000,1,450
TRK,2277097,0.53591,-0.81413,0.16858,-0.14691,-0.0177,-0.0048,-0.0046,0.000,0.000,0.000,1,450
TRK,2277119,0.53590,-0.81413,0.16857,-0.14693,-0.0177,-0.0048,-0.0046,0.000,0.000,0.000,1,450
TRK,2277137,0.53582,-0.81418,0.16856,-0.14693,-0.0177,-0.0048,-0.0046,0.000,0.000,0.000,1,450
TRK,2277158,0.53583,-0.81418,0.16855,-0.14695,-0.0177,-0.0048,-0.0046,0.000,0.000,0.000,1,450
TRK,2277179,0.53592,-0.81411,0.16854,-0.14697,-0.0177,-0.0048,-0.0046,0.000,0.000,0.000,1,450
TRK,2277198,0.53590,-0.81413,0.16855,-0.14696,-0.0177,-0.0048,-0.0046,0.000,0.000,0.000,1,450
TRK,2277220,0.53590,-0.81414,0.16861,-0.14687,-0.0177,-0.0048,-0.0046,0.000,0.000,0.000,1,450
TRK,2277238,0.53595,-0.81410,0.16860,-0.14688,-0.0177,-0.0048,-0.0046,0.000,0.000,0.000,1,450
TRK,2277260,0.53601,-0.81406,0.16859,-0.14690,-0.0177,-0.0048,-0.0046,0.000,0.000,0.000,1,450
TRK,2277279,0.53600,-0.81406,0.16854,-0.14697,-0.0177,-0.0048,-0.0046,0.000,0.000,0.000,1,450
TRK,2277297,0.53594,-0.81410,0.16851,-0.14701,-0.0177,-0.0048,-0.0046,0.000,0.000,0.000,1,450
TRK,2277318,0.53598,-0.81407,0.16850,-0.14703,-0.0177,-0.0048,-0.0046,0.000,0.000,0.000,1,450
TRK,2277340,0.53601,-0.81406,0.16851,-0.14702,-0.0177,-0.0048,-0.0046,0.000,0.000,0.000,1,450
TRK,2277359,0.53599,-0.81407,0.16857,-0.14693,-0.0177,-0.0048,-0.0046,0.000,0.000,0.000,1,450
TRK,2277377,0.53601,-0.81406,0.16864,-0.14683,-0.0177,-0.0048,-0.0046,0.000,0.000,0.000,1,450
TRK,2277399,0.53603,-0.81405,0.16866,-0.14680,-0.0177,-0.0048,-0.0046,0.000,0.000,0.000,1,450
TRK,2277418,0.53599,-0.81407,0.16865,-0.14680,-0.0177,-0.0048,-0.0046,0.000,0.000,0.000,1,450
TRK,2277438,0.53596,-0.81410,0.16866,-0.14679,-0.0177,-0.0048,-0.0046,0.000,0.000,0.000,1,450
TRK,2277458,0.53601,-0.81406,0.16866,-0.14680,-0.0177,-0.0048,-0.0046,0.000,0.000,0.000,1,450
TRK,2277478,0.53604,-0.81404,0.16865,-0.14681,-0.0177,-0.0048,-0.0046,0.000,0.000,0.000,1,450
TRK,2277499,0.53603,-0.81405,0.16867,-0.14678,-0.0177,-0.0048,-0.0046,0.000,0.000,0.000,1,450
TRK,2277520,0.53605,-0.81404,0.16868,-0.14677,-0.0177,-0.0048,-0.0046,0.000,0.000,0.000,1,450
TRK,2277538,0.53606,-0.81403,0.16868,-0.14677,-0.0177,-0.0048,-0.0046,0.000,0.000,0.000,1,450
TRK,2277560,0.53602,-0.81406,0.16862,-0.14685,-0.0177,-0.0048,-0.0046,0.000,0.000,0.000,1,450
TRK,2277580,0.53595,-0.81410,0.16859,-0.14690,-0.0177,-0.0048,-0.0046,0.000,0.000,0.000,1,450
TRK,2277599,0.53591,-0.81412,0.16856,-0.14694,-0.0177,-0.0048,-0.0046,0.000,0.000,0.000,1,450
TRK,2277619,0.53592,-0.81412,0.16858,-0.14691,-0.0177,-0.0048,-0.0046,0.000,0.000,0.000,1,450
TRK,2277637,0.53591,-0.81413,0.16861,-0.14687,-0.0177,-0.0048,-0.0046,0.000,0.000,0.000,1,450
TRK,2277658,0.53590,-0.81413,0.16864,-0.14682,-0.0177,-0.0048,-0.0046,0.000,0.000,0.000,1,450
TRK,2277680,0.53592,-0.81413,0.16867,-0.14677,-0.0177,-0.0048,-0.0046,0.000,0.000,0.000,1,450
TRK,2277698,0.53592,-0.81413,0.16869,-0.14675,-0.0177,-0.0048,-0.0046,0.000,0.000,0.000,1,450
TRK,2277720,0.53588,-0.81415,0.16863,-0.14683,-0.0177,-0.0048,-0.0046,0.000,0.000,0.000,1,450
TRK,2277738,0.53589,-0.81414,0.16859,-0.14689,-0.0177,-0.0048,-0.0046,0.000,0.000,0.000,1,450
TRK,2277758,0.53591,-0.81413,0.16854,-0.14697,-0.0177,-0.0048,-0.0046,0.000,0.000,0.000,1,450
TRK,2277778,0.53595,-0.81409,0.16852,-0.14700,-0.0177,-0.0048,-0.0046,0.000,0.000,0.000,1,450
TRK,2277800,0.53594,-0.81410,0.16853,-0.14699,-0.0177,-0.0048,-0.0046,0.000,0.000,0.000,1,450
TRK,2277819,0.53595,-0.81409,0.16856,-0.14694,-0.0177,-0.0048,-0.0046,0.000,0.000,0.000,1,450
TRK,2277837,0.53594,-0.81410,0.16860,-0.14689,-0.0177,-0.0048,-0.0046,0.000,0.000,0.000,1,450
TRK,2277859,0.53598,-0.81408,0.16862,-0.14685,-0.0177,-0.0048,-0.0046,0.000,0.000,0.000,1,450
TRK,2277878,0.53598,-0.81408,0.16860,-0.14688,-0.0177,-0.0048,-0.0046,0.000,0.000,0.000,1,450
TRK,2277898,0.53598,-0.81408,0.16858,-0.14692,-0.0177,-0.0048,-0.0046,0.000,0.000,0.000,1,450
TRK,2277918,0.53602,-0.81405,0.16856,-0.14695,-0.0177,-0.0048,-0.0046,0.000,0.000,0.000,1,450
TRK,2277938,0.53607,-0.81402,0.16853,-0.14699,-0.0177,-0.0048,-0.0046,0.000,0.000,0.000,1,450
